Frame,Time (Seconds),LFoot:Rotation:X,LFoot:Rotation:Y,LFoot:Rotation:Z,LFoot:Rotation:W,LFoot:Position:X,LFoot:Position:Y,LFoot:Position:Z,RFoot:Rotation:X,RFoot:Rotation:Y,RFoot:Rotation:Z,RFoot:Rotation:W,RFoot:Position:X,RFoot:Position:Y,RFoot:Position:Z,Waist:Rotation:X,Waist:Rotation:Y,Waist:Rotation:Z,Waist:Rotation:W,Waist:Position:X,Waist:Position:Y,Waist:Position:Z
0,0.000000,-0.017835,0.023275,-0.627335,0.778197,0.117266,1.240724,0.047011,0.012333,-0.026970,0.727497,-0.685470,-0.169159,1.184927,0.048688,-0.008760,-0.033540,0.591806,-0.805335,-0.001501,1.199715,0.966927
1,0.004167,-0.017859,0.023250,-0.627337,0.778196,0.117273,1.240728,0.047008,0.012387,-0.026972,0.727472,-0.685495,-0.169166,1.184932,0.048685,-0.008797,-0.033637,0.591866,-0.805286,-0.001413,1.199648,0.966920
2,0.008333,-0.017966,0.023284,-0.627306,0.778217,0.117272,1.240735,0.047013,0.012304,-0.026940,0.727545,-0.685420,-0.169151,1.184925,0.048684,-0.008944,-0.033693,0.591895,-0.805261,-0.001332,1.199586,0.966921
3,0.012500,-0.017929,0.023286,-0.627325,0.778203,0.117276,1.240719,0.047018,0.012376,-0.026996,0.727480,-0.685485,-0.169165,1.184928,0.048682,-0.008938,-0.033809,0.591910,-0.805245,-0.001236,1.199520,0.966914
4,0.016667,-0.017921,0.023269,-0.627305,0.778220,0.117279,1.240724,0.047017,0.012427,-0.026993,0.727468,-0.685498,-0.169166,1.184929,0.048684,-0.009644,-0.034061,0.591913,-0.805224,-0.001174,1.199458,0.967013
5,0.020833,-0.018067,0.023327,-0.627285,0.778230,0.117280,1.240732,0.047018,0.012371,-0.026960,0.727469,-0.685499,-0.169165,1.184929,0.048681,-0.009864,-0.034212,0.591962,-0.805179,-0.001098,1.199391,0.967031
6,0.025000,-0.017944,0.023316,-0.627309,0.778215,0.117292,1.240722,0.047025,0.012398,-0.027032,0.727456,-0.685509,-0.169173,1.184933,0.048667,-0.009987,-0.034356,0.591888,-0.805226,-0.001057,1.199334,0.967035
7,0.029167,-0.018102,0.023337,-0.627314,0.778206,0.117289,1.240729,0.047025,0.012408,-0.027018,0.727442,-0.685525,-0.169175,1.184928,0.048680,-0.010089,-0.034571,0.591908,-0.805201,-0.000985,1.199283,0.967026
8,0.033333,-0.018124,0.023390,-0.627324,0.778196,0.117296,1.240727,0.047031,0.012363,-0.027008,0.727479,-0.685486,-0.169173,1.184931,0.048677,-0.010217,-0.034732,0.591933,-0.805174,-0.000901,1.199230,0.967049
9,0.037500,-0.018240,0.023449,-0.627307,0.778205,0.117294,1.240733,0.047036,0.012349,-0.026977,0.727482,-0.685485,-0.169167,1.184929,0.048677,-0.010411,-0.034919,0.591932,-0.805164,-0.000817,1.199173,0.967063
10,0.041667,-0.018314,0.023492,-0.627335,0.778180,0.117294,1.240725,0.047032,0.012390,-0.027010,0.727451,-0.685516,-0.169173,1.184933,0.048661,-0.010650,-0.035330,0.592037,-0.805065,-0.000688,1.199108,0.967098
11,0.045833,-0.018386,0.023446,-0.627336,0.778178,0.117298,1.240725,0.047030,0.012349,-0.027005,0.727448,-0.685520,-0.169179,1.184932,0.048662,-0.010800,-0.035535,0.592079,-0.805024,-0.000595,1.199058,0.967108
12,0.050000,-0.018383,0.023467,-0.627317,0.778193,0.117301,1.240730,0.047033,0.012364,-0.027018,0.727441,-0.685527,-0.169178,1.184932,0.048658,-0.010940,-0.035697,0.592119,-0.804986,-0.000513,1.199001,0.967111
13,0.054167,-0.018542,0.023539,-0.627310,0.778193,0.117303,1.240733,0.047034,0.012404,-0.027067,0.727407,-0.685560,-0.169185,1.184933,0.048658,-0.011033,-0.035848,0.592120,-0.804976,-0.000414,1.198945,0.967110
14,0.058333,-0.018461,0.023502,-0.627344,0.778169,0.117312,1.240733,0.047034,0.012379,-0.027023,0.727407,-0.685562,-0.169187,1.184934,0.048655,-0.011239,-0.035993,0.592138,-0.804954,-0.000321,1.198897,0.967104
15,0.062500,-0.018516,0.023564,-0.627330,0.778177,0.117319,1.240732,0.047039,0.012271,-0.026920,0.727456,-0.685516,-0.169181,1.184930,0.048659,-0.011312,-0.036117,0.592139,-0.804946,-0.000217,1.198829,0.967095
16,0.066667,-0.018706,0.023593,-0.627309,0.778189,0.117312,1.240739,0.047041,0.012284,-0.026909,0.727431,-0.685543,-0.169186,1.184928,0.048656,-0.011564,-0.036224,0.592130,-0.804945,-0.000113,1.198766,0.967108
17,0.070833,-0.018686,0.023604,-0.627324,0.778177,0.117310,1.240737,0.047042,0.012227,-0.026876,0.727424,-0.685553,-0.169190,1.184929,0.048655,-0.011677,-0.036363,0.592131,-0.804936,-0.000012,1.198701,0.967103
18,0.075000,-0.018784,0.023631,-0.627348,0.778154,0.117323,1.240725,0.047041,0.012277,-0.026917,0.727405,-0.685570,-0.169202,1.184934,0.048649,-0.011874,-0.036501,0.592111,-0.804942,0.000095,1.198634,0.967109
19,0.079167,-0.018824,0.023645,-0.627317,0.778178,0.117324,1.240734,0.047042,0.012224,-0.026877,0.727413,-0.685565,-0.169202,1.184936,0.048647,-0.012049,-0.036621,0.592035,-0.804990,0.000188,1.198549,0.967120
20,0.083333,-0.019083,0.023737,-0.627325,0.778162,0.117324,1.240739,0.047041,0.012158,-0.026780,0.727394,-0.685590,-0.169207,1.184932,0.048647,-0.011512,-0.036811,0.592013,-0.805005,0.000475,1.198272,0.967162
21,0.087500,-0.019094,0.023782,-0.627362,0.778131,0.117327,1.240737,0.047047,0.012142,-0.026776,0.727397,-0.685587,-0.169216,1.184935,0.048648,-0.011623,-0.036959,0.592038,-0.804978,0.000608,1.198173,0.967159
22,0.091667,-0.019208,0.023798,-0.627322,0.778160,0.117330,1.240743,0.047045,0.012121,-0.026682,0.727403,-0.685585,-0.169215,1.184935,0.048650,-0.011732,-0.037127,0.592075,-0.804942,0.000734,1.198098,0.967144
23,0.095833,-0.019122,0.023778,-0.627386,0.778111,0.117340,1.240734,0.047054,0.012132,-0.026687,0.727366,-0.685624,-0.169227,1.184940,0.048646,-0.013421,-0.038856,0.591745,-0.805076,0.000559,1.198269,0.967604
24,0.100000,-0.019229,0.023808,-0.627408,0.778089,0.117343,1.240738,0.047056,0.012019,-0.026542,0.727383,-0.685613,-0.169227,1.184940,0.048655,-0.014041,-0.040005,0.591698,-0.805044,0.000694,1.198088,0.967757
25,0.104167,-0.019206,0.023804,-0.627414,0.778085,0.117349,1.240733,0.047055,0.011986,-0.026576,0.727352,-0.685645,-0.169242,1.184947,0.048645,-0.013713,-0.039105,0.591814,-0.805009,0.000798,1.198114,0.967582
26,0.108333,-0.019319,0.023867,-0.627404,0.778088,0.117356,1.240736,0.047061,0.012028,-0.026585,0.727323,-0.685674,-0.169254,1.184955,0.048641,-0.012960,-0.038770,0.592183,-0.804766,0.001155,1.197841,0.967323
27,0.112500,-0.019522,0.023924,-0.627396,0.778088,0.117353,1.240751,0.047060,0.011991,-0.026507,0.727311,-0.685691,-0.169260,1.184957,0.048643,-0.013996,-0.039458,0.591904,-0.804920,0.001059,1.197949,0.967560
28,0.116667,-0.019552,0.023966,-0.627430,0.778059,0.117355,1.240747,0.047063,0.011973,-0.026349,0.727331,-0.685676,-0.169266,1.184957,0.048647,-0.014112,-0.039461,0.591901,-0.804920,0.001188,1.197866,0.967537
29,0.120833,-0.019554,0.023964,-0.627421,0.778066,0.117360,1.240750,0.047070,0.011935,-0.026332,0.727277,-0.685735,-0.169277,1.184967,0.048647,-0.014282,-0.039602,0.591943,-0.804880,0.001313,1.197794,0.967523
30,0.125000,-0.019663,0.023966,-0.627431,0.778055,0.117358,1.240757,0.047065,0.011885,-0.026272,0.727274,-0.685741,-0.169287,1.184973,0.048645,-0.014713,-0.039962,0.592112,-0.804730,0.001517,1.197686,0.967581
31,0.129167,-0.019736,0.024029,-0.627462,0.778027,0.117363,1.240749,0.047075,0.011811,-0.026189,0.727302,-0.685717,-0.169288,1.184972,0.048659,-0.014473,-0.039883,0.592391,-0.804532,0.001757,1.197545,0.967436
32,0.133333,-0.019778,0.024028,-0.627496,0.777998,0.117372,1.240750,0.047075,0.011764,-0.026070,0.727276,-0.685749,-0.169301,1.184975,0.048658,-0.014403,-0.039773,0.592547,-0.804424,0.001970,1.197392,0.967320
33,0.137500,-0.019848,0.024024,-0.627511,0.777984,0.117373,1.240758,0.047072,0.011768,-0.026025,0.727235,-0.685794,-0.169311,1.184985,0.048653,-0.020068,-0.038188,0.593014,-0.804036,0.001996,1.197297,0.968104
34,0.141667,-0.020046,0.024081,-0.627512,0.777976,0.117367,1.240767,0.047077,0.011702,-0.025460,0.727389,-0.685653,-0.169369,1.184979,0.048711,-0.021010,-0.037880,0.593140,-0.803933,0.002208,1.197111,0.968093
35,0.145833,-0.020225,0.024161,-0.627539,0.777947,0.117372,1.240775,0.047082,0.011590,-0.025295,0.727403,-0.685646,-0.169371,1.184983,0.048712,-0.021319,-0.038012,0.593203,-0.803872,0.002402,1.196954,0.968023
36,0.150000,-0.020281,0.024153,-0.627544,0.777942,0.117371,1.240782,0.047079,0.011623,-0.025775,0.727210,-0.685832,-0.169339,1.185001,0.048660,-0.021637,-0.038267,0.593353,-0.803741,0.002736,1.196709,0.968018
37,0.154167,-0.020392,0.024150,-0.627580,0.777910,0.117380,1.240790,0.047087,0.011517,-0.025160,0.727370,-0.685688,-0.169401,1.184996,0.048714,-0.021895,-0.038532,0.593468,-0.803636,0.002916,1.196595,0.968022
38,0.158333,-0.020451,0.024171,-0.627601,0.777891,0.117378,1.240797,0.047090,0.011405,-0.025002,0.727378,-0.685686,-0.169413,1.185001,0.048721,-0.022258,-0.038819,0.593584,-0.803527,0.003091,1.196494,0.968057
39,0.162500,-0.020531,0.024194,-0.627635,0.777861,0.117386,1.240807,0.047093,0.011319,-0.024973,0.727372,-0.685695,-0.169421,1.185010,0.048720,-0.022468,-0.039128,0.593589,-0.803503,0.003225,1.196414,0.968111
40,0.166667,-0.020813,0.024252,-0.627603,0.777878,0.117382,1.240821,0.047087,0.011345,-0.024858,0.727294,-0.685782,-0.169448,1.185025,0.048719,-0.022759,-0.039537,0.593700,-0.803392,0.003382,1.196332,0.968170
41,0.170833,-0.020777,0.024259,-0.627677,0.777818,0.117395,1.240819,0.047097,0.011252,-0.024674,0.727323,-0.685760,-0.169457,1.185023,0.048724,-0.022906,-0.040151,0.593801,-0.803283,0.003564,1.196266,0.968262
42,0.175000,-0.020823,0.024273,-0.627721,0.777781,0.117404,1.240831,0.047100,0.011190,-0.024664,0.727300,-0.685785,-0.169467,1.185030,0.048722,-0.022944,-0.040566,0.593808,-0.803256,0.003708,1.196199,0.968309
43,0.179167,-0.021099,0.024325,-0.627711,0.777780,0.117400,1.240851,0.047094,0.011059,-0.024474,0.727342,-0.685749,-0.169473,1.185033,0.048730,-0.023127,-0.040978,0.593809,-0.803229,0.003861,1.196122,0.968338
44,0.183333,-0.021151,0.024406,-0.627749,0.777745,0.117406,1.240860,0.047103,0.011070,-0.024401,0.727297,-0.685800,-0.169495,1.185040,0.048726,-0.023306,-0.041306,0.593857,-0.803172,0.004023,1.196036,0.968363
45,0.187500,-0.021291,0.024366,-0.627798,0.777703,0.117410,1.240868,0.047102,0.010915,-0.024252,0.727330,-0.685773,-0.169501,1.185049,0.048728,-0.023759,-0.041491,0.593901,-0.803116,0.004172,1.195973,0.968421
46,0.191667,-0.021445,0.024419,-0.627831,0.777671,0.117418,1.240874,0.047107,0.010962,-0.024158,0.727246,-0.685864,-0.169527,1.185054,0.048723,-0.024260,-0.041782,0.594007,-0.803008,0.004350,1.195883,0.968472
47,0.195833,-0.021508,0.024419,-0.627860,0.777646,0.117424,1.240886,0.047114,0.010944,-0.024092,0.727211,-0.685904,-0.169545,1.185065,0.048725,-0.024603,-0.041957,0.594176,-0.802863,0.004568,1.195802,0.968523
48,0.200000,-0.020894,0.024297,-0.627887,0.777645,0.117462,1.240905,0.047123,0.010833,-0.023950,0.727216,-0.685905,-0.169556,1.185070,0.048730,-0.025248,-0.042156,0.594384,-0.802679,0.004803,1.195711,0.968657
49,0.204167,-0.020714,0.024277,-0.627914,0.777628,0.117478,1.240919,0.047132,0.010734,-0.023841,0.727216,-0.685910,-0.169575,1.185074,0.048731,-0.025106,-0.042949,0.594667,-0.802432,0.005234,1.195417,0.968524
50,0.208333,-0.020833,0.024338,-0.627968,0.777579,0.117479,1.240929,0.047132,0.010605,-0.023612,0.727256,-0.685878,-0.169570,1.185065,0.048743,-0.025412,-0.043100,0.594860,-0.802271,0.005482,1.195311,0.968556
51,0.212500,-0.021674,0.024503,-0.628005,0.777521,0.117449,1.240916,0.047134,0.010549,-0.023509,0.727224,-0.685916,-0.169604,1.185078,0.048736,-0.025900,-0.043142,0.595075,-0.802093,0.005732,1.195203,0.968600
52,0.216667,-0.021997,0.024566,-0.628032,0.777489,0.117439,1.240915,0.047135,0.010523,-0.023472,0.727185,-0.685960,-0.169619,1.185084,0.048736,-0.026313,-0.043187,0.595293,-0.801916,0.005986,1.195107,0.968655
53,0.220833,-0.021927,0.024522,-0.628041,0.777484,0.117442,1.240919,0.047139,0.010495,-0.023378,0.727123,-0.686028,-0.169651,1.185096,0.048727,-0.026778,-0.043220,0.595479,-0.801760,0.006203,1.195031,0.968702
54,0.225000,-0.021867,0.024513,-0.628066,0.777467,0.117449,1.240926,0.047137,0.010337,-0.023195,0.727176,-0.685982,-0.169659,1.185089,0.048740,-0.027096,-0.043379,0.595651,-0.801614,0.006450,1.194939,0.968753
55,0.229167,-0.021943,0.024564,-0.628072,0.777458,0.117450,1.240935,0.047139,0.010215,-0.023058,0.727178,-0.685986,-0.169670,1.185093,0.048741,-0.027701,-0.043616,0.595816,-0.801457,0.006708,1.194834,0.968860
56,0.233333,-0.021869,0.024541,-0.628142,0.777404,0.117455,1.240933,0.047147,0.010130,-0.022929,0.727143,-0.686028,-0.169688,1.185098,0.048750,-0.027936,-0.043914,0.595952,-0.801332,0.006941,1.194729,0.968866
57,0.237500,-0.021813,0.024563,-0.628181,0.777374,0.117461,1.240937,0.047151,0.010052,-0.022880,0.727177,-0.685995,-0.169700,1.185101,0.048749,-0.028321,-0.044213,0.596095,-0.801195,0.007173,1.194625,0.968909
58,0.241667,-0.021847,0.024512,-0.628189,0.777367,0.117460,1.240941,0.047155,0.010115,-0.022781,0.727090,-0.686089,-0.169727,1.185107,0.048743,-0.028304,-0.044416,0.596306,-0.801028,0.007475,1.194523,0.968948
59,0.245833,-0.021958,0.024583,-0.628216,0.777341,0.117452,1.240945,0.047161,0.009899,-0.022607,0.727125,-0.686062,-0.169739,1.185107,0.048753,-0.027804,-0.044890,0.596143,-0.801140,0.007743,1.194366,0.968921
60,0.250000,-0.021835,0.024517,-0.628269,0.777303,0.117460,1.240945,0.047165,0.009819,-0.022520,0.727133,-0.686057,-0.169757,1.185116,0.048757,-0.027027,-0.045551,0.596460,-0.800893,0.008151,1.194122,0.968872
61,0.254167,-0.022038,0.024559,-0.628236,0.777323,0.117450,1.240959,0.047161,0.009784,-0.022414,0.727065,-0.686133,-0.169783,1.185123,0.048759,-0.027657,-0.045363,0.596973,-0.800500,0.008348,1.194126,0.969094
62,0.258333,-0.022127,0.024584,-0.628258,0.777302,0.117458,1.240965,0.047164,0.009687,-0.022288,0.727066,-0.686138,-0.169799,1.185130,0.048762,-0.029644,-0.044781,0.597554,-0.800028,0.008533,1.194140,0.969328
63,0.262500,-0.021982,0.024545,-0.628324,0.777253,0.117461,1.240968,0.047176,0.009598,-0.022236,0.727039,-0.686169,-0.169818,1.185134,0.048754,-0.028740,-0.045616,0.597415,-0.800118,0.008862,1.193920,0.969224
64,0.266667,-0.021979,0.024535,-0.628345,0.777237,0.117461,1.240975,0.047176,0.009489,-0.022131,0.727066,-0.686145,-0.169828,1.185132,0.048762,-0.028465,-0.046632,0.597340,-0.800125,0.009220,1.193703,0.969027
65,0.270833,-0.021982,0.024541,-0.628360,0.777225,0.117460,1.240983,0.047171,0.009380,-0.021963,0.727072,-0.686146,-0.169835,1.185131,0.048774,-0.029000,-0.046915,0.597361,-0.800073,0.009520,1.193593,0.968999
66,0.275000,-0.021972,0.024582,-0.628397,0.777194,0.117463,1.240987,0.047174,0.010032,-0.023523,0.726267,-0.686937,-0.169571,1.185201,0.048684,-0.029041,-0.047303,0.597297,-0.800097,0.009846,1.193432,0.968979
67,0.279167,-0.021911,0.024523,-0.628426,0.777174,0.117458,1.240991,0.047178,0.009967,-0.023470,0.726223,-0.686986,-0.169590,1.185208,0.048674,-0.029839,-0.047806,0.597409,-0.799955,0.010214,1.193267,0.968994
68,0.283333,-0.021846,0.024505,-0.628483,0.777130,0.117467,1.240998,0.047185,0.009787,-0.023276,0.726300,-0.686914,-0.169590,1.185209,0.048686,-0.030091,-0.048220,0.597666,-0.799728,0.010787,1.192939,0.968920
69,0.287500,-0.021965,0.024526,-0.628540,0.777080,0.117464,1.241013,0.047190,0.009801,-0.023235,0.726213,-0.687007,-0.169612,1.185223,0.048688,-0.030481,-0.048426,0.597799,-0.799602,0.011159,1.192774,0.968849
70,0.291667,-0.021941,0.024493,-0.628537,0.777085,0.117456,1.241019,0.047210,0.009786,-0.023264,0.726190,-0.687031,-0.169630,1.185226,0.048683,-0.030952,-0.048673,0.597906,-0.799488,0.011539,1.192577,0.968781
71,0.295833,-0.021991,0.024543,-0.628557,0.777065,0.117453,1.241028,0.047218,0.009671,-0.023151,0.726210,-0.687015,-0.169632,1.185227,0.048691,-0.031595,-0.048877,0.598107,-0.799300,0.011919,1.192427,0.968748
72,0.300000,-0.021905,0.024511,-0.628582,0.777048,0.117451,1.241029,0.047224,0.009726,-0.023139,0.726132,-0.687097,-0.169646,1.185242,0.048689,-0.032222,-0.049187,0.598380,-0.799052,0.012322,1.192300,0.968758
73,0.304167,-0.021723,0.024460,-0.628541,0.777089,0.117432,1.241037,0.047230,0.009638,-0.023085,0.726142,-0.687090,-0.169653,1.185247,0.048690,-0.033144,-0.049316,0.598704,-0.798763,0.012661,1.192217,0.968721
74,0.308333,-0.021422,0.024320,-0.628529,0.777111,0.117416,1.241024,0.047230,0.009631,-0.023008,0.726128,-0.687107,-0.169667,1.185243,0.048690,-0.033592,-0.049492,0.598879,-0.798603,0.013027,1.192074,0.968721
75,0.312500,-0.021131,0.024154,-0.628526,0.777126,0.117416,1.241008,0.047239,0.009539,-0.022888,0.726171,-0.687067,-0.169671,1.185249,0.048704,-0.034060,-0.049875,0.599200,-0.798318,0.013667,1.191677,0.968746
76,0.316667,-0.021218,0.024180,-0.628523,0.777125,0.117393,1.241007,0.047267,0.009420,-0.022798,0.726161,-0.687082,-0.169671,1.185253,0.048706,-0.034400,-0.050058,0.599427,-0.798122,0.014072,1.191491,0.968757
77,0.320833,-0.020976,0.024123,-0.628522,0.777135,0.117398,1.240994,0.047295,0.009366,-0.022737,0.726113,-0.687136,-0.169694,1.185264,0.048707,-0.034884,-0.050493,0.599673,-0.797888,0.014522,1.191324,0.968763
78,0.325000,-0.020904,0.024098,-0.628526,0.777134,0.117393,1.240974,0.047315,0.009405,-0.022705,0.726090,-0.687161,-0.169708,1.185272,0.048712,-0.035679,-0.051315,0.601014,-0.796791,0.015354,1.190681,0.968811
79,0.329167,-0.020791,0.024080,-0.628549,0.777119,0.117383,1.240950,0.047341,0.009294,-0.022595,0.726094,-0.687161,-0.169715,1.185277,0.048724,-0.037062,-0.051448,0.601216,-0.796567,0.015707,1.190529,0.968822
80,0.333333,-0.020900,0.024137,-0.628629,0.777049,0.117362,1.240920,0.047361,0.009209,-0.022536,0.726049,-0.687212,-0.169735,1.185268,0.048718,-0.038380,-0.051614,0.601534,-0.796254,0.016124,1.190375,0.968869
81,0.337500,-0.021030,0.024212,-0.628681,0.777001,0.117353,1.240888,0.047387,0.009138,-0.022346,0.726067,-0.687200,-0.169732,1.185287,0.048730,-0.038808,-0.051945,0.601779,-0.796026,0.016577,1.190220,0.968870
82,0.341667,-0.021235,0.024208,-0.628774,0.776921,0.117339,1.240862,0.047412,0.009135,-0.022384,0.725980,-0.687291,-0.169763,1.185290,0.048724,-0.038903,-0.052022,0.602132,-0.795750,0.017272,1.189915,0.968908
83,0.345833,-0.021626,0.024325,-0.628882,0.776819,0.117329,1.240841,0.047439,0.008956,-0.022205,0.726036,-0.687240,-0.169773,1.185294,0.048725,-0.039190,-0.052175,0.602240,-0.795644,0.017658,1.189759,0.968886
84,0.350000,-0.021894,0.024365,-0.628933,0.776769,0.117318,1.240820,0.047461,0.008983,-0.022132,0.726001,-0.687278,-0.169779,1.185321,0.048744,-0.039535,-0.052514,0.602347,-0.795523,0.018050,1.189620,0.968843
85,0.354167,-0.022153,0.024395,-0.629020,0.776691,0.117314,1.240807,0.047483,0.008991,-0.022145,0.725982,-0.687298,-0.169799,1.185335,0.048749,-0.039798,-0.053145,0.602532,-0.795328,0.018519,1.189472,0.968847
86,0.358333,-0.022442,0.024463,-0.629109,0.776608,0.117303,1.240791,0.047503,0.008870,-0.021962,0.726015,-0.687271,-0.169804,1.185346,0.048763,-0.040004,-0.053564,0.602559,-0.795269,0.018920,1.189312,0.968817
87,0.362500,-0.022691,0.024485,-0.629214,0.776515,0.117298,1.240777,0.047529,0.008721,-0.021830,0.725996,-0.687297,-0.169818,1.185341,0.048768,-0.040046,-0.053967,0.602632,-0.795184,0.019349,1.189169,0.968826
88,0.366667,-0.023052,0.024544,-0.629307,0.776427,0.117273,1.240769,0.047555,0.008724,-0.021687,0.725914,-0.687388,-0.169837,1.185363,0.048768,-0.040261,-0.054547,0.602997,-0.794857,0.020100,1.188794,0.968921
89,0.370833,-0.023347,0.024495,-0.629422,0.776327,0.117241,1.240780,0.047574,0.008623,-0.021504,0.725912,-0.687397,-0.169850,1.185374,0.048786,-0.040477,-0.054943,0.603145,-0.794707,0.020541,1.188647,0.968885
90,0.375000,-0.023438,0.024482,-0.629546,0.776224,0.117264,1.240747,0.047600,0.008610,-0.021431,0.725871,-0.687443,-0.169864,1.185390,0.048794,-0.040662,-0.055449,0.603163,-0.794648,0.020960,1.188478,0.968829
91,0.379167,-0.023811,0.024493,-0.629723,0.776068,0.117271,1.240728,0.047632,0.008558,-0.021261,0.725829,-0.687493,-0.169874,1.185407,0.048806,-0.041028,-0.056320,0.603333,-0.794439,0.021510,1.188245,0.968805
92,0.383333,-0.024344,0.024606,-0.629769,0.776011,0.117272,1.240734,0.047654,0.007894,-0.019732,0.726508,-0.686829,-0.170156,1.185385,0.048878,-0.041152,-0.056705,0.603486,-0.794289,0.022013,1.188052,0.968768
93,0.387500,-0.024697,0.024728,-0.629862,0.775920,0.117284,1.240736,0.047691,0.007813,-0.019557,0.726534,-0.686808,-0.170176,1.185400,0.048895,-0.036558,-0.055281,0.603711,-0.794443,0.022795,1.188011,0.968219
94,0.391667,-0.025298,0.024797,-0.629918,0.775854,0.117290,1.240755,0.047725,0.007788,-0.019474,0.726498,-0.686848,-0.170192,1.185417,0.048911,-0.037051,-0.055820,0.604079,-0.794104,0.023365,1.187763,0.968183
95,0.395833,-0.025798,0.024923,-0.630056,0.775721,0.117301,1.240769,0.047762,0.007831,-0.019341,0.726444,-0.686909,-0.170209,1.185427,0.048918,-0.037362,-0.056472,0.604392,-0.793804,0.023915,1.187545,0.968093
96,0.400000,-0.025630,0.024246,-0.630347,0.775512,0.117393,1.240674,0.047871,0.007754,-0.019207,0.726387,-0.686973,-0.170215,1.185443,0.048939,-0.037491,-0.056975,0.604574,-0.793624,0.024475,1.187271,0.967970
97,0.404167,-0.025946,0.024209,-0.630482,0.775392,0.117432,1.240686,0.047920,0.007768,-0.019086,0.726352,-0.687014,-0.170218,1.185458,0.048954,-0.038175,-0.057548,0.604756,-0.793411,0.025050,1.186937,0.967902
98,0.408333,-0.026659,0.024349,-0.630566,0.775296,0.117450,1.240721,0.047959,0.007902,-0.019060,0.726227,-0.687146,-0.170235,1.185480,0.048959,-0.038262,-0.057861,0.605010,-0.793190,0.025877,1.186436,0.967902
99,0.412500,-0.027019,0.024498,-0.630602,0.775249,0.117489,1.240756,0.047986,0.007829,-0.018933,0.726229,-0.687147,-0.170239,1.185495,0.048969,-0.038565,-0.058259,0.605285,-0.792937,0.026446,1.186157,0.967823
100,0.416667,-0.027335,0.024594,-0.630606,0.775232,0.117541,1.240805,0.048008,0.007706,-0.018817,0.726293,-0.687084,-0.170233,1.185501,0.048990,-0.039014,-0.058874,0.605456,-0.792739,0.027019,1.185856,0.967728
101,0.420833,-0.027841,0.024677,-0.630710,0.775126,0.117585,1.240837,0.048034,0.007762,-0.018818,0.726299,-0.687077,-0.170219,1.185539,0.048997,-0.038749,-0.059474,0.605748,-0.792484,0.027667,1.185615,0.967620
102,0.425000,-0.028396,0.024829,-0.630827,0.775006,0.117618,1.240849,0.048063,0.007972,-0.018879,0.726087,-0.687298,-0.170247,1.185543,0.048989,-0.038825,-0.059899,0.606027,-0.792235,0.028497,1.185021,0.967640
103,0.429167,-0.029208,0.025017,-0.630855,0.774947,0.117642,1.240867,0.048098,0.007924,-0.018740,0.726048,-0.687343,-0.170240,1.185554,0.049000,-0.039005,-0.060498,0.606170,-0.792071,0.029076,1.184648,0.967537
104,0.433333,-0.029661,0.025059,-0.630942,0.774858,0.117671,1.240888,0.048124,0.008090,-0.018739,0.725862,-0.687538,-0.170252,1.185571,0.048999,-0.038986,-0.061248,0.606417,-0.791825,0.029686,1.184350,0.967392
105,0.437500,-0.030319,0.025152,-0.630950,0.774822,0.117692,1.240909,0.048152,0.008247,-0.018720,0.725719,-0.687687,-0.170259,1.185597,0.048993,-0.039182,-0.061893,0.606574,-0.791645,0.030323,1.183928,0.967292
106,0.441667,-0.030940,0.025264,-0.631005,0.774749,0.117704,1.240936,0.048182,0.008209,-0.018609,0.725711,-0.687699,-0.170270,1.185623,0.049001,-0.039328,-0.061982,0.606821,-0.791441,0.031236,1.183326,0.967337
107,0.445833,-0.031419,0.025334,-0.631096,0.774654,0.117726,1.240956,0.048215,0.008164,-0.018561,0.725830,-0.687575,-0.170244,1.185626,0.049011,-0.039407,-0.062392,0.607218,-0.791101,0.031905,1.182972,0.967167
108,0.450000,-0.031949,0.025474,-0.631167,0.774570,0.117738,1.240974,0.048243,0.008235,-0.018603,0.725836,-0.687566,-0.170227,1.185629,0.049001,-0.039890,-0.063031,0.607462,-0.790839,0.032516,1.182562,0.967019
109,0.454167,-0.032398,0.025464,-0.631198,0.774526,0.117757,1.240987,0.048279,0.008387,-0.018691,0.725836,-0.687563,-0.170206,1.185629,0.049002,-0.040020,-0.063640,0.607706,-0.790596,0.033247,1.182124,0.966891
110,0.458333,-0.033006,0.025575,-0.631214,0.774484,0.117764,1.241009,0.048304,0.008586,-0.018717,0.725820,-0.687576,-0.170188,1.185623,0.049003,-0.040406,-0.063887,0.608040,-0.790299,0.034152,1.181395,0.966805
111,0.462500,-0.033402,0.025598,-0.631275,0.774417,0.117772,1.241017,0.048344,0.008714,-0.018860,0.725769,-0.687624,-0.170179,1.185641,0.049001,-0.040814,-0.064572,0.608455,-0.789904,0.034770,1.180980,0.966694
112,0.466667,-0.033973,0.025637,-0.631287,0.774380,0.117782,1.241042,0.048394,0.008746,-0.018971,0.725770,-0.687620,-0.170155,1.185649,0.049013,-0.040706,-0.065163,0.608912,-0.789508,0.035460,1.180606,0.966565
113,0.470833,-0.034363,0.025635,-0.631304,0.774350,0.117794,1.241071,0.048435,0.008929,-0.019150,0.725695,-0.687692,-0.170158,1.185667,0.049001,-0.043750,-0.063582,0.611852,-0.787198,0.035682,1.181225,0.966037
114,0.475000,-0.034810,0.025614,-0.631381,0.774268,0.117799,1.241097,0.048478,0.009005,-0.019325,0.725747,-0.687632,-0.170114,1.185670,0.049014,-0.044125,-0.064490,0.612272,-0.786776,0.036349,1.180792,0.966047
115,0.479167,-0.035181,0.025592,-0.631382,0.774251,0.117795,1.241142,0.048496,0.009026,-0.019443,0.725766,-0.687608,-0.170084,1.185671,0.049017,-0.045010,-0.065449,0.612597,-0.786394,0.036992,1.180242,0.966074
116,0.483333,-0.035389,0.025546,-0.631463,0.774177,0.117803,1.241178,0.048531,0.009263,-0.019634,0.725729,-0.687638,-0.170070,1.185677,0.049011,-0.046301,-0.066580,0.612445,-0.786342,0.037850,1.179332,0.966193
117,0.487500,-0.035646,0.025466,-0.631500,0.774137,0.117800,1.241213,0.048555,0.009455,-0.019720,0.725715,-0.687648,-0.170065,1.185655,0.049026,-0.046869,-0.067452,0.612899,-0.785881,0.038519,1.178838,0.966169
118,0.491667,-0.035959,0.025515,-0.631578,0.774058,0.117788,1.241255,0.048587,0.009650,-0.020132,0.725687,-0.687663,-0.170015,1.185682,0.049018,-0.046812,-0.068952,0.612978,-0.785693,0.039224,1.178179,0.966067
119,0.495833,-0.036214,0.025407,-0.631606,0.774027,0.117765,1.241294,0.048617,0.009732,-0.020304,0.725727,-0.687614,-0.169989,1.185680,0.049022,-0.047176,-0.069713,0.613217,-0.785417,0.040094,1.177468,0.966062
120,0.500000,-0.036352,0.025248,-0.631738,0.773917,0.117756,1.241316,0.048651,0.009878,-0.020508,0.725713,-0.687621,-0.169993,1.185662,0.049032,-0.047130,-0.070538,0.613590,-0.785055,0.040836,1.176857,0.965891
121,0.504167,-0.036682,0.025284,-0.631812,0.773840,0.117731,1.241339,0.048676,0.009924,-0.020674,0.725776,-0.687549,-0.169957,1.185662,0.049037,-0.046877,-0.071525,0.614099,-0.784582,0.041634,1.176268,0.965738
122,0.508333,-0.036917,0.025227,-0.631920,0.773743,0.117725,1.241374,0.048703,0.010051,-0.020990,0.725824,-0.687487,-0.169921,1.185663,0.049038,-0.047361,-0.071847,0.614578,-0.784149,0.042489,1.175570,0.965645
123,0.512500,-0.037502,0.025329,-0.631977,0.773665,0.117703,1.241404,0.048732,0.010201,-0.021207,0.725853,-0.687447,-0.169886,1.185658,0.049043,-0.047373,-0.072749,0.615111,-0.783647,0.043314,1.174900,0.965467
124,0.516667,-0.037867,0.025311,-0.632094,0.773552,0.117694,1.241435,0.048774,0.010508,-0.021611,0.725859,-0.687424,-0.169840,1.185650,0.049045,-0.047067,-0.073446,0.615530,-0.783271,0.044127,1.174251,0.965228
125,0.520833,-0.038597,0.025429,-0.632157,0.773461,0.117665,1.241469,0.048817,0.010798,-0.021992,0.725827,-0.687441,-0.169804,1.185645,0.049045,-0.047375,-0.074001,0.615933,-0.782883,0.045026,1.173396,0.965129
126,0.525000,-0.039051,0.025412,-0.632253,0.773360,0.117648,1.241509,0.048861,0.010878,-0.022018,0.725931,-0.687329,-0.169777,1.185607,0.049099,-0.043395,-0.075466,0.616884,-0.782225,0.045998,1.172904,0.964588
127,0.529167,-0.039568,0.025371,-0.632294,0.773301,0.117631,1.241547,0.048902,0.011062,-0.022377,0.725953,-0.687292,-0.169735,1.185602,0.049107,-0.042934,-0.075792,0.617293,-0.781896,0.046852,1.172252,0.964406
128,0.533333,-0.039822,0.025308,-0.632240,0.773334,0.117625,1.241589,0.048917,0.011312,-0.022833,0.725941,-0.687285,-0.169679,1.185592,0.049110,-0.042970,-0.077000,0.617605,-0.781530,0.047656,1.171499,0.964174
129,0.537500,-0.040086,0.025314,-0.632146,0.773398,0.117651,1.241643,0.048925,0.011421,-0.023144,0.726039,-0.687169,-0.169614,1.185580,0.049128,-0.043157,-0.077695,0.617976,-0.781157,0.048413,1.170841,0.963934
130,0.541667,-0.040175,0.025354,-0.632047,0.773473,0.117684,1.241692,0.048922,0.011723,-0.023642,0.726076,-0.687108,-0.169570,1.185573,0.049121,-0.042970,-0.078125,0.618275,-0.780888,0.049220,1.170238,0.963866
131,0.545833,-0.040354,0.025391,-0.631931,0.773557,0.117721,1.241760,0.048917,0.011772,-0.023873,0.726223,-0.686943,-0.169520,1.185562,0.049136,-0.043124,-0.079084,0.618553,-0.780563,0.049976,1.169450,0.963661
132,0.550000,-0.040692,0.025493,-0.631893,0.773567,0.117743,1.241820,0.048929,0.011569,-0.024611,0.726226,-0.686918,-0.169470,1.185564,0.049195,-0.043292,-0.079942,0.618859,-0.780224,0.050776,1.168762,0.963509
133,0.554167,-0.041109,0.025540,-0.631977,0.773475,0.117754,1.241872,0.048964,0.011309,-0.025087,0.726400,-0.686721,-0.169409,1.185558,0.049244,-0.043852,-0.080654,0.619125,-0.779907,0.051665,1.167931,0.963459
134,0.558333,-0.041384,0.025525,-0.632107,0.773354,0.117759,1.241918,0.048985,0.011538,-0.025471,0.726487,-0.686611,-0.169353,1.185555,0.049280,-0.044209,-0.081274,0.619585,-0.779457,0.052561,1.167219,0.963413
135,0.562500,-0.041455,0.025697,-0.632362,0.773136,0.117729,1.241943,0.049004,0.011613,-0.025724,0.726577,-0.686505,-0.169299,1.185539,0.049292,-0.044626,-0.081971,0.620237,-0.778843,0.053439,1.166473,0.963280
136,0.566667,-0.041590,0.025779,-0.632660,0.772883,0.117690,1.241979,0.049018,0.011669,-0.025957,0.726714,-0.686351,-0.169259,1.185514,0.049322,-0.045048,-0.082635,0.620713,-0.778369,0.054345,1.165704,0.963107
137,0.570833,-0.041899,0.025760,-0.632900,0.772670,0.117641,1.242023,0.049036,0.011455,-0.026061,0.726909,-0.686144,-0.169197,1.185478,0.049372,-0.045448,-0.083370,0.621346,-0.777762,0.055262,1.165001,0.962984
138,0.575000,-0.042185,0.025830,-0.633146,0.772450,0.117610,1.242079,0.049054,0.011325,-0.026276,0.727121,-0.685913,-0.169149,1.185440,0.049425,-0.046218,-0.083468,0.621949,-0.777223,0.056192,1.164254,0.962866
139,0.579167,-0.042344,0.025756,-0.633300,0.772318,0.117566,1.242133,0.049054,0.011115,-0.026484,0.727298,-0.685721,-0.169120,1.185387,0.049482,-0.046716,-0.084283,0.622611,-0.776576,0.057082,1.163524,0.962707
140,0.583333,-0.042286,0.025794,-0.633531,0.772130,0.117546,1.242198,0.049058,0.011161,-0.027041,0.727593,-0.685385,-0.169094,1.185343,0.049572,-0.047681,-0.084401,0.622971,-0.776215,0.058047,1.162789,0.962590
141,0.587500,-0.042113,0.025721,-0.633716,0.771990,0.117510,1.242264,0.049050,0.010773,-0.027275,0.727981,-0.684970,-0.169069,1.185281,0.049680,-0.048662,-0.084784,0.623228,-0.775907,0.058949,1.162046,0.962399
142,0.591667,-0.041871,0.025583,-0.633945,0.771820,0.117494,1.242326,0.049044,0.010159,-0.027557,0.728351,-0.684575,-0.169055,1.185192,0.049789,-0.048002,-0.085882,0.623535,-0.775580,0.059709,1.161382,0.962044
143,0.595833,-0.041675,0.025397,-0.634182,0.771642,0.117464,1.242369,0.049037,0.009355,-0.028293,0.728828,-0.684048,-0.168945,1.185090,0.049872,-0.048866,-0.086052,0.623590,-0.775463,0.060624,1.160599,0.961858
144,0.600000,-0.041575,0.025248,-0.634424,0.771453,0.117412,1.242403,0.049013,0.008488,-0.028899,0.729202,-0.683635,-0.168919,1.184946,0.050025,-0.049390,-0.086420,0.623874,-0.775160,0.061426,1.159893,0.961540
145,0.604167,-0.041285,0.024971,-0.634756,0.771205,0.117368,1.242437,0.048992,0.007643,-0.029727,0.729581,-0.683206,-0.168882,1.184775,0.050169,-0.050945,-0.086815,0.624248,-0.774714,0.062265,1.159307,0.961324
146,0.608333,-0.040966,0.024838,-0.635084,0.770956,0.117304,1.242476,0.048957,0.006754,-0.030703,0.730233,-0.682475,-0.168767,1.184571,0.050356,-0.055069,-0.084876,0.625713,-0.773464,0.063402,1.158673,0.961795
147,0.612500,-0.040621,0.024627,-0.635400,0.770721,0.117244,1.242532,0.048924,0.005811,-0.032028,0.730732,-0.681888,-0.168716,1.184352,0.050552,-0.053889,-0.085059,0.627451,-0.772118,0.064564,1.157775,0.961125
148,0.616667,-0.040403,0.024580,-0.635718,0.770471,0.117161,1.242595,0.048877,0.004643,-0.033437,0.731345,-0.681172,-0.168627,1.184118,0.050790,-0.054753,-0.084985,0.627947,-0.771662,0.065651,1.157024,0.960407
149,0.620833,-0.039763,0.024519,-0.636068,0.770218,0.117105,1.242663,0.048834,0.003568,-0.035657,0.732174,-0.680174,-0.168496,1.183848,0.051052,-0.056096,-0.084505,0.628554,-0.771124,0.066493,1.156415,0.959916
150,0.625000,-0.039086,0.024462,-0.636344,0.770026,0.117043,1.242729,0.048757,0.002234,-0.036981,0.733273,-0.678924,-0.168416,1.183521,0.051463,-0.056381,-0.084447,0.629022,-0.770728,0.067423,1.155930,0.959308
151,0.629167,-0.038269,0.024355,-0.636663,0.769807,0.116985,1.242805,0.048695,0.000631,-0.038737,0.734360,-0.677654,-0.168247,1.183182,0.051834,-0.060204,-0.083515,0.629527,-0.770128,0.068254,1.154983,0.958900
152,0.633333,-0.038080,0.024484,-0.636887,0.769627,0.116941,1.242858,0.048641,-0.000695,-0.039773,0.735512,-0.676342,-0.168023,1.182673,0.052416,-0.059379,-0.084470,0.630386,-0.769384,0.069268,1.154347,0.957775
153,0.637500,-0.037996,0.024677,-0.637159,0.769399,0.116898,1.242899,0.048610,-0.002600,-0.040886,0.737126,-0.674513,-0.167692,1.182308,0.052899,-0.060986,-0.084831,0.630857,-0.768833,0.070051,1.153690,0.957008
154,0.641667,-0.037617,0.024774,-0.637314,0.769287,0.116858,1.242922,0.048527,-0.005091,-0.041429,0.739102,-0.672299,-0.167186,1.181914,0.053490,-0.062453,-0.084629,0.631266,-0.768401,0.070900,1.152927,0.956435
155,0.645833,-0.037193,0.024885,-0.637477,0.769168,0.116849,1.242931,0.048446,-0.008156,-0.042725,0.741277,-0.669789,-0.166577,1.181474,0.054196,-0.064152,-0.084840,0.631650,-0.767922,0.071530,1.152242,0.955679
156,0.650000,-0.036469,0.024810,-0.637520,0.769170,0.116846,1.242921,0.048323,-0.011003,-0.045027,0.743585,-0.667033,-0.165925,1.181154,0.054839,-0.065585,-0.085287,0.631926,-0.767525,0.072202,1.151527,0.955012
157,0.654167,-0.035620,0.024661,-0.637537,0.769201,0.116880,1.242907,0.048197,-0.012663,-0.050391,0.745456,-0.664527,-0.164846,1.180794,0.055356,-0.067569,-0.084890,0.632220,-0.767155,0.072878,1.150767,0.954426
158,0.658333,-0.034664,0.024550,-0.637532,0.769252,0.116935,1.242886,0.048072,-0.013717,-0.054426,0.747818,-0.661527,-0.164097,1.180099,0.056270,-0.069323,-0.085288,0.632525,-0.766702,0.073423,1.150085,0.953646
159,0.662500,-0.033522,0.024428,-0.637523,0.769314,0.116982,1.242868,0.047952,-0.014977,-0.059367,0.749986,-0.658613,-0.163173,1.179674,0.057022,-0.070560,-0.085705,0.632661,-0.766431,0.073981,1.149336,0.952910
160,0.666667,-0.033388,0.025075,-0.637285,0.769496,0.116932,1.242893,0.047776,-0.015846,-0.064970,0.752125,-0.655618,-0.161939,1.178941,0.057843,-0.071475,-0.085156,0.632878,-0.766228,0.074591,1.148610,0.952412
161,0.670833,-0.032558,0.025159,-0.637245,0.769562,0.116936,1.242869,0.047643,-0.018047,-0.068758,0.754907,-0.651968,-0.160691,1.178259,0.058845,-0.072190,-0.085107,0.632992,-0.766072,0.075162,1.147882,0.951747
162,0.675000,-0.031676,0.025137,-0.637267,0.769582,0.116939,1.242809,0.047521,-0.021108,-0.072528,0.757800,-0.648100,-0.159245,1.177602,0.059861,-0.071478,-0.085135,0.632836,-0.766265,0.075749,1.147080,0.951138
163,0.679167,-0.030252,0.024615,-0.637329,0.769604,0.117000,1.242698,0.047424,-0.023769,-0.077302,0.760523,-0.644255,-0.157778,1.176943,0.060822,-0.070373,-0.083896,0.632828,-0.766510,0.076445,1.146169,0.950821
164,0.683333,-0.029402,0.024550,-0.637482,0.769513,0.116993,1.242546,0.047281,-0.025850,-0.082730,0.762996,-0.640565,-0.156194,1.176221,0.061868,-0.069514,-0.083388,0.632642,-0.766798,0.077120,1.145157,0.950248
165,0.687500,-0.028412,0.024386,-0.637465,0.769569,0.116979,1.242485,0.047179,-0.027564,-0.088426,0.765465,-0.636777,-0.154525,1.175424,0.062876,-0.070659,-0.083290,0.632823,-0.766554,0.077747,1.144314,0.949319
166,0.691667,-0.027501,0.024145,-0.637272,0.769770,0.117002,1.242499,0.047118,-0.029086,-0.094393,0.768050,-0.632727,-0.152674,1.174469,0.063942,-0.072114,-0.083162,0.633024,-0.766267,0.078420,1.143436,0.948321
167,0.695833,-0.026806,0.024058,-0.637182,0.769872,0.116980,1.242467,0.047044,-0.030520,-0.100152,0.770527,-0.628750,-0.150688,1.173430,0.065108,-0.073009,-0.082786,0.633200,-0.766077,0.079071,1.142503,0.947403
168,0.700000,-0.025624,0.023751,-0.637344,0.769787,0.116943,1.242489,0.046957,-0.032156,-0.104586,0.772728,-0.625235,-0.148537,1.172244,0.066324,-0.074472,-0.082585,0.633431,-0.765767,0.079729,1.141457,0.946328
169,0.704167,-0.025022,0.023635,-0.637338,0.769815,0.116924,1.242471,0.046907,-0.035271,-0.108681,0.774849,-0.621735,-0.146070,1.171167,0.067504,-0.066829,-0.080557,0.632736,-0.767262,0.080704,1.140139,0.946585
170,0.708333,-0.024742,0.023672,-0.637364,0.769801,0.116913,1.242475,0.046851,-0.037271,-0.111110,0.776600,-0.618998,-0.143754,1.169641,0.068928,-0.070816,-0.079811,0.634119,-0.765838,0.081007,1.139372,0.945307
171,0.712500,-0.024178,0.023570,-0.637544,0.769674,0.116921,1.242511,0.046780,-0.039301,-0.113242,0.777981,-0.616748,-0.141083,1.167848,0.070271,-0.076005,-0.082710,0.634189,-0.764975,0.081753,1.138856,0.943119
172,0.716667,-0.023855,0.023344,-0.637578,0.769662,0.116923,1.242458,0.046667,-0.043053,-0.114894,0.778901,-0.615028,-0.137962,1.166164,0.071569,-0.074514,-0.083166,0.634560,-0.764765,0.082355,1.137755,0.942328
173,0.720833,-0.023778,0.023721,-0.637395,0.769805,0.116893,1.242358,0.046659,-0.045188,-0.115460,0.779722,-0.613726,-0.134992,1.163826,0.073030,-0.078376,-0.082055,0.635342,-0.763848,0.082649,1.136557,0.941375
174,0.725000,-0.023477,0.023974,-0.637346,0.769847,0.116856,1.242359,0.046606,-0.045886,-0.118277,0.779505,-0.613414,-0.131823,1.161305,0.074252,-0.077475,-0.078829,0.636436,-0.763370,0.082886,1.134878,0.941483
175,0.729167,-0.022419,0.023168,-0.637133,0.770080,0.116972,1.242310,0.046627,-0.047808,-0.120014,0.779294,-0.613198,-0.128430,1.158627,0.075499,-0.078616,-0.081069,0.636409,-0.763040,0.083276,1.133982,0.940189
176,0.733333,-0.021978,0.023252,-0.637077,0.770136,0.116980,1.242300,0.046580,-0.050308,-0.120930,0.778753,-0.613505,-0.124946,1.155774,0.076688,-0.082081,-0.080518,0.635887,-0.763169,0.084250,1.132668,0.938997
177,0.737500,-0.021562,0.023374,-0.637024,0.770188,0.116987,1.242287,0.046539,-0.052395,-0.121686,0.777890,-0.614275,-0.121366,1.152708,0.077771,-0.080880,-0.082387,0.634599,-0.764169,0.085337,1.131430,0.937520
178,0.741667,-0.021198,0.023499,-0.636874,0.770318,0.116996,1.242280,0.046497,-0.055221,-0.121466,0.777196,-0.614950,-0.117680,1.149458,0.078798,-0.075741,-0.083943,0.631784,-0.766854,0.086570,1.129893,0.936415
179,0.745833,-0.020788,0.023525,-0.636728,0.770449,0.117007,1.242267,0.046449,-0.058138,-0.120816,0.776644,-0.615506,-0.113888,1.145974,0.079799,-0.074451,-0.085034,0.631649,-0.766972,0.087103,1.128425,0.935444
180,0.750000,-0.020221,0.023682,-0.636563,0.770595,0.117019,1.242251,0.046430,-0.061678,-0.119330,0.776210,-0.615998,-0.110004,1.142294,0.080701,-0.075106,-0.081592,0.633145,-0.766048,0.088061,1.126291,0.934630
181,0.754167,-0.019721,0.023788,-0.636377,0.770759,0.117029,1.242242,0.046404,-0.064888,-0.117712,0.775467,-0.616915,-0.106084,1.138391,0.081525,-0.073775,-0.080748,0.633307,-0.766132,0.088539,1.124624,0.934245
182,0.758333,-0.018918,0.023645,-0.636168,0.770956,0.117075,1.242216,0.046358,-0.067930,-0.116029,0.774768,-0.617785,-0.102166,1.134330,0.082251,-0.079765,-0.083627,0.632927,-0.765537,0.089261,1.123883,0.932140
183,0.762500,-0.018388,0.023679,-0.636041,0.771072,0.117103,1.242191,0.046331,-0.071500,-0.113567,0.774439,-0.618252,-0.098161,1.129996,0.082954,-0.080075,-0.084214,0.632468,-0.765820,0.089723,1.122355,0.931246
184,0.766667,-0.018059,0.023867,-0.635893,0.771197,0.117112,1.242190,0.046304,-0.074402,-0.111577,0.773768,-0.619110,-0.094206,1.125529,0.083602,-0.080074,-0.085002,0.631765,-0.766313,0.090310,1.120777,0.930341
185,0.770833,-0.017602,0.023996,-0.635831,0.771254,0.117128,1.242188,0.046311,-0.077129,-0.109285,0.772959,-0.620196,-0.090368,1.120881,0.084090,-0.081094,-0.085429,0.631477,-0.766396,0.090763,1.119094,0.929449
186,0.775000,-0.017642,0.024539,-0.635765,0.771291,0.117075,1.242182,0.046334,-0.079974,-0.106433,0.773032,-0.620240,-0.086389,1.115938,0.084661,-0.081601,-0.086546,0.630961,-0.766641,0.091203,1.117441,0.928440
187,0.779167,-0.019473,0.025568,-0.634972,0.771866,0.117190,1.242012,0.046486,-0.082117,-0.104750,0.772550,-0.620847,-0.082539,1.110886,0.085080,-0.081636,-0.088940,0.630168,-0.767016,0.091729,1.115940,0.927074
188,0.783333,-0.020579,0.026818,-0.634670,0.772043,0.117268,1.241978,0.046566,-0.084098,-0.102521,0.772405,-0.621135,-0.078774,1.105615,0.085513,-0.078814,-0.091863,0.629140,-0.767811,0.092320,1.114471,0.925844
189,0.787500,-0.019539,0.026746,-0.634708,0.772042,0.117267,1.242050,0.046532,-0.085941,-0.100370,0.772687,-0.620882,-0.074918,1.100093,0.085877,-0.077770,-0.095516,0.628579,-0.767931,0.092785,1.112978,0.924398
190,0.791667,-0.017816,0.026453,-0.634563,0.772213,0.117289,1.242156,0.046466,-0.087593,-0.097216,0.772787,-0.621028,-0.071448,1.094528,0.086217,-0.080035,-0.095785,0.628375,-0.767831,0.093205,1.111459,0.923410
191,0.795833,-0.017851,0.027374,-0.634596,0.772153,0.117282,1.242245,0.046514,-0.089034,-0.093300,0.773514,-0.620519,-0.067823,1.088702,0.086543,-0.083521,-0.094060,0.628474,-0.767592,0.093438,1.109577,0.923043
192,0.800000,-0.017646,0.027813,-0.634605,0.772135,0.117269,1.242333,0.046543,-0.091085,-0.090683,0.774678,-0.619156,-0.064262,1.082730,0.086853,-0.083428,-0.094414,0.628177,-0.767802,0.093935,1.107733,0.922240
193,0.804167,-0.018394,0.028747,-0.634492,0.772176,0.117213,1.242475,0.046582,-0.092317,-0.088460,0.775433,-0.618349,-0.060812,1.076592,0.087091,-0.085012,-0.094425,0.628188,-0.767617,0.094451,1.105826,0.921340
194,0.808333,-0.019642,0.030162,-0.634590,0.772010,0.117278,1.242473,0.046720,-0.092796,-0.085609,0.775798,-0.618221,-0.057531,1.070257,0.087343,-0.087508,-0.094702,0.627870,-0.767563,0.094928,1.104163,0.920317
195,0.812500,-0.019114,0.030474,-0.634626,0.771982,0.117263,1.242489,0.046709,-0.092905,-0.084389,0.776152,-0.617928,-0.054429,1.063827,0.087511,-0.087698,-0.094176,0.628175,-0.767356,0.095693,1.102091,0.919927
196,0.816667,-0.017460,0.029755,-0.634402,0.772233,0.117224,1.242532,0.046646,-0.093081,-0.082344,0.776761,-0.617412,-0.051349,1.057138,0.087684,-0.089048,-0.095526,0.627492,-0.767593,0.096403,1.100102,0.918948
197,0.820833,-0.017023,0.029956,-0.633878,0.772665,0.117246,1.242546,0.046665,-0.092944,-0.080060,0.777463,-0.616849,-0.048343,1.050299,0.087743,-0.079447,-0.078748,0.630218,-0.768318,0.097438,1.095614,0.923462
198,0.825000,-0.015581,0.030504,-0.633645,0.772866,0.117155,1.242679,0.046625,-0.092673,-0.078149,0.778147,-0.616272,-0.045435,1.043386,0.087823,-0.079353,-0.078995,0.629780,-0.768662,0.098237,1.093471,0.922774
199,0.829167,-0.013537,0.029680,-0.633741,0.772857,0.117036,1.242707,0.046524,-0.092993,-0.074453,0.779002,-0.615601,-0.042704,1.036364,0.087937,-0.079225,-0.079375,0.629748,-0.768661,0.098827,1.091145,0.922255
200,0.833333,-0.012574,0.029900,-0.633611,0.772972,0.116954,1.242780,0.046546,-0.091513,-0.072126,0.779477,-0.615499,-0.040091,1.029157,0.087828,-0.078862,-0.079576,0.629629,-0.768775,0.099305,1.088621,0.921826
201,0.837500,-0.012074,0.030278,-0.633356,0.773174,0.116898,1.242795,0.046622,-0.090046,-0.069260,0.779713,-0.615745,-0.037752,1.021849,0.087703,-0.082332,-0.087080,0.627719,-0.769160,0.099472,1.086993,0.919528
202,0.841667,-0.011320,0.030447,-0.632895,0.773556,0.116852,1.242785,0.046659,-0.089100,-0.066569,0.780073,-0.615724,-0.035301,1.014303,0.087677,-0.095821,-0.093399,0.627447,-0.767076,0.099693,1.085155,0.916590
203,0.845833,-0.010002,0.030486,-0.632458,0.773930,0.116814,1.242776,0.046705,-0.087924,-0.064029,0.780595,-0.615501,-0.033011,1.006648,0.087571,-0.097265,-0.094817,0.626761,-0.767280,0.100421,1.082603,0.915959
204,0.850000,-0.009417,0.031188,-0.631925,0.774345,0.116698,1.242836,0.046773,-0.087049,-0.061498,0.781512,-0.614718,-0.030598,0.998870,0.087576,-0.094253,-0.095992,0.626456,-0.767759,0.101293,1.080498,0.915409
205,0.854167,-0.009264,0.031395,-0.631489,0.774694,0.116582,1.242892,0.046809,-0.086675,-0.058168,0.782009,-0.614464,-0.028335,0.991059,0.087579,-0.091527,-0.098432,0.625792,-0.768322,0.101953,1.078306,0.914760
206,0.858333,-0.008489,0.031374,-0.631054,0.775057,0.116549,1.242798,0.046861,-0.085807,-0.054212,0.782117,-0.614810,-0.026153,0.983148,0.087504,-0.089636,-0.106784,0.624870,-0.768180,0.102623,1.075687,0.912513
207,0.862500,-0.008513,0.031844,-0.630807,0.775240,0.116475,1.242754,0.046982,-0.084689,-0.052186,0.782965,-0.614060,-0.023989,0.974942,0.087425,-0.089064,-0.107070,0.624183,-0.768764,0.102906,1.072985,0.912409
208,0.866667,-0.007715,0.032330,-0.630251,0.775679,0.116448,1.242727,0.047033,-0.084229,-0.048274,0.783166,-0.614187,-0.021910,0.966758,0.087428,-0.082003,-0.112927,0.621828,-0.770619,0.103327,1.070593,0.911524
209,0.870833,-0.007309,0.032829,-0.629731,0.776085,0.116388,1.242669,0.047127,-0.083370,-0.045209,0.783227,-0.614460,-0.019925,0.958466,0.087344,-0.080175,-0.116536,0.620087,-0.771676,0.103662,1.068302,0.910596
210,0.875000,-0.006799,0.033546,-0.629259,0.776442,0.116314,1.242630,0.047227,-0.082235,-0.042085,0.783219,-0.614845,-0.018037,0.950069,0.087209,-0.086623,-0.110521,0.620952,-0.771168,0.104343,1.065090,0.911436
211,0.879167,-0.006315,0.034186,-0.628675,0.776890,0.116241,1.242583,0.047327,-0.081612,-0.037889,0.783409,-0.614959,-0.016104,0.941639,0.087117,-0.090766,-0.107780,0.621234,-0.770853,0.105080,1.061751,0.911602
212,0.883333,-0.005459,0.035075,-0.628023,0.777385,0.116183,1.242530,0.047442,-0.081050,-0.033756,0.783296,-0.615418,-0.014253,0.933098,0.086966,-0.091084,-0.108730,0.620695,-0.771116,0.105823,1.058746,0.911223
213,0.887500,-0.005231,0.036594,-0.627255,0.777936,0.116108,1.242473,0.047522,-0.080235,-0.030220,0.782843,-0.616284,-0.012473,0.924526,0.086787,-0.092347,-0.110433,0.619819,-0.771428,0.106506,1.055596,0.910648
214,0.891667,-0.004814,0.037454,-0.626612,0.778416,0.115989,1.242373,0.047624,-0.080189,-0.024770,0.782623,-0.616813,-0.010707,0.915767,0.086719,-0.091640,-0.112995,0.618769,-0.771984,0.107228,1.052401,0.910152
215,0.895833,-0.004494,0.038616,-0.625915,0.778922,0.115911,1.242303,0.047736,-0.080123,-0.021016,0.781805,-0.617996,-0.008995,0.907065,0.086523,-0.090274,-0.112268,0.618227,-0.772685,0.107996,1.048898,0.910901
216,0.900000,-0.004696,0.040222,-0.625319,0.779318,0.115797,1.242235,0.047958,-0.079852,-0.017820,0.780615,-0.619635,-0.007408,0.898330,0.086221,-0.091164,-0.112076,0.617644,-0.773074,0.108678,1.045321,0.911366
217,0.904167,-0.004390,0.041516,-0.624530,0.779884,0.115694,1.242155,0.048162,-0.080092,-0.014848,0.779329,-0.621298,-0.005814,0.889609,0.085954,-0.090748,-0.112387,0.616845,-0.773716,0.109480,1.041885,0.911894
218,0.908333,-0.003595,0.042666,-0.623762,0.780441,0.115645,1.242024,0.048388,-0.080253,-0.011729,0.777752,-0.623317,-0.004254,0.880764,0.085573,-0.090618,-0.112961,0.615926,-0.774379,0.110341,1.038415,0.912532
219,0.912500,-0.003183,0.044710,-0.622455,0.781371,0.115525,1.241910,0.048525,-0.080933,-0.008109,0.776455,-0.624902,-0.002770,0.871899,0.085193,-0.092100,-0.112612,0.615278,-0.774771,0.111103,1.034814,0.913407
220,0.916667,-0.002453,0.046537,-0.621594,0.781952,0.115566,1.241804,0.048814,-0.082003,-0.003937,0.774753,-0.626911,-0.001260,0.862989,0.084840,-0.089201,-0.106143,0.615505,-0.775842,0.112448,1.030461,0.915840
221,0.920833,-0.001781,0.048125,-0.620857,0.782443,0.115472,1.241665,0.049259,-0.082608,-0.000740,0.773020,-0.628980,0.000055,0.854080,0.084360,-0.087975,-0.105607,0.613905,-0.777321,0.113517,1.027101,0.916596
222,0.925000,-0.000989,0.051846,-0.619932,0.782940,0.115335,1.241614,0.049688,-0.084231,0.002795,0.771125,-0.631081,0.001462,0.845203,0.083880,-0.088922,-0.105539,0.612840,-0.778063,0.114416,1.023423,0.917538
223,0.929167,0.000550,0.054855,-0.618877,0.783570,0.115177,1.241510,0.050176,-0.085671,0.006071,0.768921,-0.633549,0.002823,0.836263,0.083330,-0.083625,-0.110930,0.612284,-0.778338,0.114455,1.019332,0.917061
224,0.933333,0.001778,0.057992,-0.617922,0.784096,0.115075,1.241385,0.050719,-0.087508,0.009433,0.766635,-0.636023,0.004099,0.827360,0.082711,-0.081730,-0.113588,0.610918,-0.779228,0.115099,1.015584,0.917563
225,0.937500,0.003564,0.060712,-0.617075,0.784551,0.114999,1.241171,0.051267,-0.089560,0.012416,0.764235,-0.638569,0.005410,0.818491,0.082120,-0.080228,-0.116719,0.609640,-0.779923,0.115724,1.011730,0.917986
226,0.941667,0.005606,0.063818,-0.616636,0.784638,0.114960,1.240965,0.051995,-0.091983,0.015860,0.761262,-0.641692,0.006686,0.809482,0.081550,-0.079825,-0.111551,0.609452,-0.780866,0.115835,1.007911,0.919866
227,0.945833,0.006006,0.068321,-0.615571,0.785092,0.114961,1.240821,0.052711,-0.093658,0.019077,0.758656,-0.644442,0.007884,0.800662,0.080844,-0.078342,-0.111844,0.608404,-0.781792,0.116368,1.003923,0.920776
228,0.950000,0.006890,0.073435,-0.614574,0.785404,0.115014,1.240660,0.053449,-0.095734,0.022310,0.755964,-0.647191,0.009066,0.791842,0.080232,-0.076740,-0.112903,0.607501,-0.782500,0.116851,0.999678,0.921806
229,0.954167,0.008592,0.078660,-0.614046,0.785294,0.115110,1.240457,0.054287,-0.097509,0.025985,0.753017,-0.650217,0.010305,0.783102,0.079637,-0.077116,-0.111246,0.606860,-0.783197,0.117463,0.995317,0.923474
230,0.958333,0.009515,0.084715,-0.612713,0.785695,0.115203,1.240281,0.055043,-0.098710,0.029471,0.750237,-0.653094,0.011477,0.774468,0.079083,-0.076088,-0.112017,0.605492,-0.784246,0.118101,0.991157,0.924585
231,0.962500,0.011908,0.090332,-0.612095,0.785518,0.115409,1.240028,0.055897,-0.099683,0.033517,0.747287,-0.656127,0.012612,0.765816,0.078615,-0.077305,-0.117921,0.603308,-0.784944,0.119022,0.986925,0.924429
232,0.966667,0.012461,0.096831,-0.611584,0.785133,0.115601,1.239815,0.056855,-0.100706,0.037984,0.743977,-0.659479,0.013860,0.757164,0.078203,-0.076688,-0.118969,0.601437,-0.786282,0.119907,0.982621,0.925783
233,0.970833,0.014413,0.102720,-0.610703,0.785037,0.115783,1.239478,0.057786,-0.101154,0.042825,0.740644,-0.662858,0.015044,0.748578,0.077888,-0.075812,-0.120021,0.600029,-0.787282,0.120760,0.978126,0.927243
234,0.975000,0.016398,0.118028,-0.612667,0.781306,0.116520,1.238695,0.059205,-0.101386,0.047615,0.737055,-0.666486,0.016249,0.740105,0.077695,-0.075047,-0.120285,0.598307,-0.788624,0.121728,0.973773,0.929111
235,0.979167,0.019054,0.125147,-0.612240,0.780472,0.116826,1.238234,0.060241,-0.101484,0.052423,0.733071,-0.670492,0.017446,0.731632,0.077572,-0.073222,-0.122203,0.596494,-0.789874,0.122468,0.969270,0.930581
236,0.983333,0.020953,0.132885,-0.611260,0.779912,0.117162,1.237860,0.061273,-0.100687,0.056810,0.729001,-0.674680,0.018708,0.723335,0.077501,-0.072307,-0.122618,0.595563,-0.790595,0.122969,0.964466,0.932187
237,0.987500,0.024114,0.141640,-0.610639,0.778766,0.117547,1.237384,0.062406,-0.099361,0.060768,0.724635,-0.679220,0.019985,0.715180,0.077496,-0.071893,-0.122492,0.594611,-0.791369,0.123533,0.959651,0.933665
238,0.991667,0.024467,0.151365,-0.608831,0.778341,0.117916,1.237060,0.063308,-0.097914,0.064407,0.719898,-0.684114,0.021378,0.707134,0.077458,-0.068673,-0.122050,0.593897,-0.792259,0.124459,0.954846,0.935178
239,0.995833,0.026936,0.160679,-0.607941,0.777087,0.118300,1.236666,0.064383,-0.096387,0.067688,0.715031,-0.689100,0.022811,0.699236,0.077532,-0.069089,-0.122187,0.592695,-0.793101,0.124980,0.950018,0.936705
240,1.000000,0.029380,0.169489,-0.606833,0.775992,0.118777,1.236158,0.065526,-0.094987,0.070222,0.710149,-0.694071,0.024351,0.691622,0.077656,-0.069180,-0.122694,0.591547,-0.793872,0.125553,0.945077,0.938301
241,1.004167,0.031231,0.178402,-0.605114,0.775264,0.119179,1.235637,0.066740,-0.092481,0.072080,0.705564,-0.698879,0.025818,0.684174,0.077703,-0.069245,-0.123128,0.590741,-0.794399,0.126134,0.940096,0.939890
242,1.008333,0.034824,0.187576,-0.603753,0.774006,0.119697,1.235013,0.067895,-0.091009,0.074201,0.700891,-0.703537,0.027386,0.677011,0.077807,-0.069622,-0.123248,0.590103,-0.794821,0.126675,0.935122,0.941422
243,1.012500,0.038181,0.196909,-0.602543,0.772471,0.120206,1.234356,0.069019,-0.089695,0.075842,0.696298,-0.708076,0.029017,0.670166,0.077875,-0.076180,-0.123759,0.590311,-0.793986,0.127018,0.930505,0.941568
244,1.016667,0.041478,0.205164,-0.601390,0.771050,0.120728,1.233511,0.070348,-0.088990,0.077794,0.691799,-0.712351,0.030668,0.663623,0.077822,-0.076142,-0.124240,0.589919,-0.794205,0.127652,0.925344,0.943205
245,1.020833,0.045654,0.211519,-0.601124,0.769302,0.121191,1.232525,0.071863,-0.088537,0.079222,0.687378,-0.716517,0.032398,0.657375,0.077752,-0.076400,-0.124297,0.589502,-0.794481,0.128250,0.920125,0.944723
246,1.025000,0.050154,0.218999,-0.600363,0.767521,0.121689,1.231669,0.073255,-0.089143,0.080753,0.683170,-0.720286,0.034230,0.651491,0.077646,-0.076675,-0.124101,0.589242,-0.794678,0.128785,0.914843,0.946218
247,1.029167,0.055372,0.226611,-0.599372,0.765725,0.122211,1.230841,0.074669,-0.091696,0.086124,0.678962,-0.723316,0.036276,0.645835,0.077061,-0.077086,-0.123801,0.589126,-0.794771,0.129288,0.909491,0.947682
248,1.033333,0.061077,0.233345,-0.597999,0.764341,0.122871,1.230036,0.076258,-0.093663,0.087409,0.675286,-0.726344,0.038180,0.640705,0.076720,-0.076941,-0.123849,0.588897,-0.794947,0.129838,0.904040,0.949205
249,1.037500,0.066001,0.242719,-0.595891,0.762657,0.123545,1.229309,0.077545,-0.095586,0.087711,0.671805,-0.729280,0.040163,0.635925,0.076285,-0.077167,-0.123540,0.588925,-0.794953,0.130318,0.898604,0.950563
250,1.041667,0.069300,0.253316,-0.593322,0.760919,0.124056,1.228626,0.078766,-0.098124,0.087423,0.668462,-0.732043,0.042205,0.631559,0.075651,-0.079865,-0.123514,0.591099,-0.793075,0.130257,0.893830,0.951840
251,1.045833,0.073584,0.261848,-0.591013,0.759424,0.124689,1.227760,0.080069,-0.101312,0.086862,0.665419,-0.734444,0.044283,0.627604,0.074914,-0.078503,-0.122450,0.590923,-0.793507,0.130653,0.887862,0.953302
252,1.050000,0.078303,0.270253,-0.588621,0.757863,0.125297,1.226742,0.081412,-0.105326,0.086321,0.662612,-0.736479,0.046438,0.624047,0.074048,-0.071802,-0.122266,0.588986,-0.795608,0.131703,0.881253,0.955682
253,1.054167,0.083007,0.279097,-0.586345,0.755920,0.125846,1.225687,0.082669,-0.109912,0.085014,0.660146,-0.738173,0.048617,0.620940,0.073009,-0.073296,-0.121271,0.589491,-0.795249,0.132166,0.875669,0.956559
254,1.058333,0.086372,0.289157,-0.583003,0.754345,0.126398,1.224575,0.083836,-0.115071,0.083802,0.657891,-0.739537,0.050881,0.618229,0.071866,-0.077649,-0.120807,0.590352,-0.794267,0.132437,0.870324,0.956688
255,1.062500,0.091065,0.297762,-0.580329,0.752505,0.126971,1.223336,0.085094,-0.121499,0.083097,0.655878,-0.740376,0.053246,0.615880,0.070593,-0.078328,-0.121692,0.590342,-0.794073,0.133305,0.864808,0.957699
256,1.066667,0.095450,0.306417,-0.577387,0.750748,0.127494,1.222036,0.086381,-0.128104,0.082060,0.654385,-0.740700,0.055628,0.613997,0.069173,-0.076025,-0.120034,0.590418,-0.794493,0.133328,0.858728,0.958034
257,1.070833,0.099888,0.314403,-0.574270,0.749258,0.128100,1.220582,0.087687,-0.134915,0.080793,0.652968,-0.740880,0.058092,0.612521,0.067642,-0.075346,-0.120587,0.590908,-0.794109,0.133786,0.852906,0.959108
258,1.075000,0.104644,0.322803,-0.571186,0.747392,0.128656,1.219103,0.088910,-0.142459,0.080186,0.652134,-0.740268,0.060523,0.611502,0.065974,-0.075237,-0.120686,0.591306,-0.793808,0.134333,0.847049,0.960032
259,1.079167,0.109526,0.331552,-0.567767,0.745465,0.129153,1.217574,0.090089,-0.149026,0.078855,0.652062,-0.739181,0.062881,0.610899,0.064342,-0.075756,-0.120707,0.591883,-0.793326,0.134852,0.841174,0.960741
260,1.083333,0.113839,0.339341,-0.564029,0.744151,0.129829,1.215911,0.091273,-0.153347,0.076997,0.652698,-0.737931,0.065153,0.610674,0.062860,-0.076240,-0.120990,0.592564,-0.792728,0.135408,0.835306,0.961448
261,1.087500,0.118427,0.347824,-0.560553,0.742142,0.130381,1.214292,0.092306,-0.154324,0.072289,0.653273,-0.737694,0.067494,0.610791,0.061617,-0.076410,-0.121849,0.593121,-0.792162,0.136009,0.829263,0.962167
262,1.091667,0.123936,0.355532,-0.557342,0.740005,0.130914,1.212587,0.093445,-0.150998,0.064919,0.654082,-0.738350,0.069747,0.611311,0.060585,-0.076983,-0.121288,0.593883,-0.791622,0.136504,0.823355,0.962536
263,1.095833,0.128733,0.362921,-0.553758,0.738288,0.131530,1.210774,0.094638,-0.141880,0.055765,0.655392,-0.739745,0.071908,0.612027,0.059948,-0.076775,-0.121780,0.594507,-0.791098,0.137058,0.817263,0.963009
264,1.100000,0.134473,0.370750,-0.550406,0.735877,0.132002,1.208954,0.095829,-0.130711,0.047980,0.656440,-0.741417,0.074087,0.612981,0.059622,-0.076996,-0.121811,0.595203,-0.790548,0.137613,0.811244,0.963262
265,1.104167,0.140076,0.377230,-0.547403,0.733775,0.132536,1.207048,0.097171,-0.118743,0.040705,0.657627,-0.742812,0.076265,0.614260,0.059091,-0.077402,-0.121185,0.596145,-0.789895,0.138057,0.805238,0.963347
266,1.108333,0.146097,0.382176,-0.544807,0.731971,0.133215,1.204979,0.098721,-0.111072,0.034260,0.659320,-0.742823,0.077950,0.615764,0.058182,-0.077075,-0.120703,0.596784,-0.789518,0.138563,0.799055,0.963382
267,1.112500,0.151342,0.389898,-0.541695,0.729138,0.133633,1.203110,0.100162,-0.107798,0.030726,0.662905,-0.740265,0.078880,0.617198,0.057005,-0.077672,-0.119809,0.597655,-0.788937,0.139009,0.793002,0.963216
268,1.116667,0.156373,0.396639,-0.538822,0.726564,0.134210,1.201095,0.101809,-0.104992,0.026949,0.667160,-0.736986,0.079488,0.618561,0.055547,-0.077973,-0.119256,0.598473,-0.788370,0.139433,0.786913,0.963009
269,1.120833,0.160783,0.403164,-0.535861,0.724197,0.134772,1.198963,0.103619,-0.103185,0.027457,0.671400,-0.733362,0.079943,0.619615,0.054292,-0.077922,-0.117971,0.599101,-0.788092,0.139836,0.780896,0.962564
270,1.125000,0.165835,0.410045,-0.532975,0.721318,0.135354,1.196849,0.105481,-0.099940,0.028519,0.674871,-0.730580,0.080477,0.620501,0.053430,-0.077740,-0.117138,0.599996,-0.787553,0.140263,0.774940,0.962096
271,1.129167,0.172007,0.417308,-0.530601,0.717447,0.135858,1.194869,0.107306,-0.094744,0.029668,0.677328,-0.728951,0.081098,0.621175,0.052830,-0.077720,-0.116510,0.600745,-0.787077,0.140811,0.768890,0.961502
272,1.133333,0.179384,0.423869,-0.528814,0.713101,0.136412,1.192664,0.109286,-0.088033,0.028506,0.678538,-0.728713,0.081803,0.621631,0.052213,-0.077897,-0.115576,0.601857,-0.786347,0.141236,0.763025,0.960765
273,1.137500,0.186380,0.430459,-0.526642,0.708954,0.137074,1.190398,0.111368,-0.079971,0.024927,0.678934,-0.729405,0.082557,0.621815,0.051364,-0.077425,-0.114596,0.602698,-0.785893,0.141767,0.757040,0.959980
274,1.141667,0.192056,0.438305,-0.523384,0.705034,0.137705,1.187981,0.113527,-0.070140,0.020210,0.679463,-0.730070,0.083371,0.621760,0.050270,-0.077391,-0.113970,0.603755,-0.785176,0.142227,0.751120,0.958986
275,1.145833,0.197712,0.446086,-0.520076,0.701027,0.138434,1.185384,0.115706,-0.060079,0.014658,0.679981,-0.730617,0.083948,0.621518,0.048851,-0.076645,-0.113396,0.605148,-0.784260,0.142977,0.744987,0.957819
276,1.150000,0.203773,0.453779,-0.517130,0.696518,0.139112,1.182664,0.117958,-0.053729,0.013766,0.680806,-0.730361,0.084321,0.621071,0.047815,-0.073304,-0.111662,0.605669,-0.784425,0.143456,0.739188,0.957242
277,1.154167,0.213731,0.463456,-0.513927,0.689498,0.139978,1.179757,0.120007,-0.049934,0.014584,0.681485,-0.729981,0.084499,0.620616,0.046908,-0.072403,-0.110315,0.606631,-0.783956,0.143548,0.733180,0.956172
278,1.158333,0.218306,0.472176,-0.510632,0.684578,0.140643,1.176657,0.122461,-0.045755,0.015246,0.681758,-0.729987,0.084663,0.620334,0.046052,-0.072562,-0.108932,0.607827,-0.783208,0.144341,0.727527,0.954458
279,1.162500,0.221848,0.474767,-0.509804,0.682260,0.141630,1.173055,0.125433,-0.040754,0.012075,0.681523,-0.730561,0.084637,0.620346,0.045091,-0.071617,-0.107667,0.608742,-0.782759,0.144825,0.722015,0.953068
280,1.166667,0.229059,0.480194,-0.508728,0.676861,0.142763,1.169302,0.128080,-0.036760,0.010883,0.681064,-0.731220,0.084716,0.620522,0.044377,-0.070887,-0.106141,0.609351,-0.782560,0.145038,0.716550,0.951468
281,1.170833,0.235619,0.487014,-0.507167,0.670882,0.143749,1.165338,0.130732,-0.033126,0.010215,0.680468,-0.731958,0.084787,0.620831,0.043753,-0.070239,-0.105027,0.610286,-0.782040,0.145353,0.711151,0.949800
282,1.175000,0.239689,0.493862,-0.504461,0.666460,0.144861,1.161116,0.133429,-0.030001,0.009914,0.679794,-0.732722,0.084876,0.621176,0.043133,-0.068963,-0.103332,0.611206,-0.781661,0.145739,0.705674,0.947993
283,1.179167,0.243684,0.504499,-0.499891,0.660461,0.146051,1.156444,0.135840,-0.026992,0.008495,0.679058,-0.733539,0.084983,0.621477,0.042694,-0.067911,-0.102044,0.612318,-0.781052,0.146061,0.700340,0.946105
284,1.183333,0.248260,0.507524,-0.498426,0.657539,0.147455,1.151640,0.138980,-0.024054,0.006942,0.678541,-0.734136,0.085209,0.621681,0.042310,-0.066955,-0.100484,0.613598,-0.780332,0.146417,0.695134,0.944149
285,1.187500,0.253060,0.512186,-0.496193,0.653772,0.148739,1.146653,0.141962,-0.021239,0.005082,0.678479,-0.734295,0.085494,0.621847,0.042006,-0.065933,-0.098852,0.614823,-0.779663,0.146741,0.690014,0.942089
286,1.191667,0.254918,0.517627,-0.491869,0.652031,0.150364,1.141107,0.144708,-0.018519,0.002537,0.678743,-0.734138,0.085812,0.621952,0.041911,-0.065002,-0.097316,0.615970,-0.779028,0.147016,0.684944,0.939862
287,1.195833,0.260192,0.522165,-0.488628,0.648757,0.151912,1.135489,0.147413,-0.016159,-0.000346,0.679379,-0.733610,0.086196,0.621956,0.041883,-0.063572,-0.096097,0.617387,-0.778176,0.147475,0.679893,0.937641
288,1.200000,0.264303,0.525603,-0.486096,0.646217,0.153724,1.129146,0.150168,-0.013920,-0.003604,0.680270,-0.732820,0.086607,0.621847,0.041848,-0.062208,-0.093951,0.618655,-0.777541,0.147903,0.674912,0.935304
289,1.204167,0.267177,0.527181,-0.485016,0.644559,0.155393,1.122493,0.152866,-0.012052,-0.006907,0.681245,-0.731924,0.087034,0.621671,0.041839,-0.060459,-0.092556,0.620086,-0.776706,0.148221,0.670086,0.932876
290,1.208333,0.269142,0.527483,-0.483602,0.644557,0.157437,1.115402,0.155712,-0.010255,-0.010290,0.682188,-0.731032,0.087452,0.621486,0.041778,-0.058367,-0.091625,0.621321,-0.775989,0.148534,0.665368,0.930474
291,1.212500,0.270939,0.526636,-0.482723,0.645155,0.159648,1.107832,0.158574,-0.008650,-0.013331,0.683074,-0.730177,0.087808,0.621368,0.041857,-0.056186,-0.090097,0.622504,-0.775380,0.148832,0.660660,0.928089
292,1.216667,0.273210,0.525105,-0.482646,0.645504,0.161930,1.099778,0.161457,-0.007547,-0.015994,0.684064,-0.729208,0.088095,0.621252,0.041961,-0.054601,-0.089182,0.623502,-0.774797,0.149174,0.656055,0.925526
293,1.220833,0.275761,0.523367,-0.482687,0.645798,0.164332,1.091333,0.164021,-0.006771,-0.017904,0.685127,-0.728172,0.088334,0.621170,0.042096,-0.052928,-0.088698,0.624642,-0.774050,0.149526,0.651556,0.922975
294,1.225000,0.276974,0.520473,-0.483598,0.646936,0.166627,1.082466,0.166311,-0.006311,-0.019454,0.685906,-0.727403,0.088507,0.621053,0.042212,-0.051269,-0.089104,0.625731,-0.773235,0.149873,0.647111,0.920555
295,1.229167,0.278543,0.516793,-0.484203,0.648757,0.169205,1.073250,0.168958,-0.005939,-0.020762,0.686414,-0.726890,0.088647,0.620931,0.042264,-0.049109,-0.089212,0.626726,-0.772557,0.150372,0.642554,0.918465
296,1.233333,0.279629,0.516266,-0.483864,0.648963,0.171597,1.063713,0.171251,-0.005569,-0.021811,0.686611,-0.726676,0.088708,0.620838,0.042253,-0.046591,-0.089530,0.627849,-0.771764,0.150877,0.638056,0.916382
297,1.237500,0.280689,0.514207,-0.484594,0.649596,0.174000,1.054015,0.173233,-0.005404,-0.022438,0.686641,-0.726631,0.088693,0.620809,0.042231,-0.043953,-0.089970,0.628913,-0.771001,0.151363,0.633564,0.914397
298,1.241667,0.282422,0.509298,-0.485552,0.651991,0.176856,1.043827,0.175163,-0.005689,-0.022669,0.686577,-0.726681,0.088622,0.620838,0.042227,-0.041635,-0.090582,0.629982,-0.770184,0.151963,0.629048,0.912475
299,1.245833,0.281970,0.508207,-0.485762,0.652882,0.179209,1.033450,0.176758,-0.006171,-0.022481,0.686450,-0.726803,0.088534,0.620880,0.042227,-0.039583,-0.091178,0.631022,-0.769370,0.152570,0.624577,0.910659
300,1.250000,0.282431,0.503783,-0.486591,0.655488,0.182183,1.022584,0.178511,-0.006273,-0.022572,0.686314,-0.726928,0.088457,0.620920,0.042221,-0.038115,-0.092278,0.631934,-0.768564,0.153155,0.620076,0.908783
301,1.254167,0.281759,0.501257,-0.487292,0.657191,0.184709,1.011499,0.179918,-0.005925,-0.022976,0.686310,-0.726922,0.088438,0.620958,0.042184,-0.036236,-0.093436,0.632604,-0.767964,0.153843,0.615659,0.906946
302,1.258333,0.280887,0.498180,-0.488390,0.659086,0.187367,1.000202,0.181088,-0.005511,-0.023722,0.686549,-0.726676,0.088465,0.620980,0.042162,-0.035177,-0.094287,0.633357,-0.767289,0.154513,0.611268,0.905165
303,1.262500,0.279455,0.495120,-0.489496,0.661177,0.190060,0.988496,0.182108,-0.005211,-0.024714,0.687077,-0.726146,0.088540,0.620995,0.042141,-0.033238,-0.093650,0.634083,-0.766853,0.155256,0.606611,0.903862
304,1.266667,0.278132,0.491536,-0.491210,0.663135,0.192899,0.976551,0.182893,-0.004961,-0.025857,0.687816,-0.725407,0.088681,0.620999,0.042133,-0.033310,-0.093780,0.635040,-0.766042,0.155933,0.602013,0.902330
305,1.270833,0.276578,0.488052,-0.493203,0.664877,0.195663,0.964415,0.183438,-0.004587,-0.027299,0.688623,-0.724591,0.088857,0.620993,0.042120,-0.034696,-0.095005,0.635952,-0.765072,0.156456,0.597492,0.900392
306,1.275000,0.273520,0.486120,-0.495174,0.666091,0.198248,0.952041,0.183615,-0.004205,-0.028865,0.689438,-0.723757,0.089068,0.621009,0.042147,-0.035615,-0.094935,0.636548,-0.764543,0.157107,0.592850,0.899105
307,1.279167,0.272131,0.479645,-0.498802,0.668642,0.201220,0.939117,0.183999,-0.003673,-0.030429,0.690269,-0.722903,0.089267,0.621018,0.042138,-0.037466,-0.095564,0.637109,-0.763908,0.157560,0.588266,0.897352
308,1.283333,0.269181,0.475834,-0.502204,0.670011,0.203876,0.926172,0.183982,-0.002976,-0.031962,0.691208,-0.721942,0.089461,0.621031,0.042109,-0.038671,-0.094996,0.637717,-0.763411,0.158185,0.583598,0.895633
309,1.287500,0.265450,0.473565,-0.504886,0.671091,0.206490,0.913147,0.183480,-0.002280,-0.033162,0.692125,-0.721012,0.089637,0.621052,0.042043,-0.038331,-0.095006,0.638085,-0.763120,0.158662,0.578890,0.894519
310,1.291667,0.263104,0.465773,-0.510040,0.673566,0.209567,0.899510,0.183090,-0.002031,-0.034703,0.692823,-0.720269,0.089770,0.621064,0.042060,-0.035651,-0.093735,0.638604,-0.762973,0.159115,0.574039,0.894187
311,1.295833,0.258988,0.461894,-0.513932,0.674873,0.212106,0.885997,0.182162,-0.001822,-0.036078,0.693413,-0.719634,0.089882,0.621093,0.042094,-0.034351,-0.094390,0.639157,-0.762488,0.159441,0.569281,0.893161
312,1.300000,0.254421,0.457637,-0.517530,0.676758,0.214793,0.872318,0.181073,-0.001660,-0.036875,0.693984,-0.719044,0.090011,0.621153,0.042112,-0.030421,-0.094961,0.639677,-0.762149,0.159667,0.564416,0.892636
313,1.304167,0.249754,0.451935,-0.522274,0.678681,0.217484,0.858259,0.179778,-0.001392,-0.037567,0.694555,-0.718457,0.090125,0.621214,0.042095,-0.030709,-0.094626,0.640920,-0.761134,0.160048,0.559678,0.892073
314,1.308333,0.244803,0.445932,-0.526458,0.681218,0.220370,0.843982,0.178318,-0.001168,-0.038196,0.695032,-0.717962,0.090225,0.621271,0.042080,-0.030554,-0.092681,0.642365,-0.760160,0.160534,0.554828,0.891729
315,1.312500,0.239511,0.439596,-0.530891,0.683772,0.223150,0.829641,0.176637,-0.000402,-0.038397,0.695973,-0.717041,0.090388,0.621338,0.042002,-0.032569,-0.092551,0.643045,-0.759517,0.161072,0.550078,0.890727
316,1.316667,0.234033,0.432904,-0.535208,0.686568,0.225909,0.815132,0.174729,-0.000179,-0.038954,0.696321,-0.716673,0.090489,0.621397,0.042018,-0.033422,-0.092547,0.643383,-0.759194,0.161705,0.545233,0.890098
317,1.320833,0.227341,0.427595,-0.539363,0.688887,0.228584,0.800512,0.172733,0.000047,-0.039267,0.696810,-0.716180,0.090592,0.621482,0.042113,-0.034672,-0.091986,0.644021,-0.758665,0.162387,0.540328,0.889731
318,1.325000,0.220776,0.421573,-0.541584,0.692980,0.231566,0.785617,0.170112,-0.000043,-0.040544,0.697037,-0.715888,0.090671,0.621564,0.042234,-0.037680,-0.090744,0.646156,-0.756854,0.162664,0.535267,0.889353
319,1.329167,0.212979,0.416082,-0.544349,0.696563,0.234340,0.770762,0.167581,-0.001659,-0.037696,0.697870,-0.715229,0.090914,0.621541,0.042413,-0.037631,-0.092079,0.646271,-0.756597,0.163137,0.530195,0.889291
320,1.333333,0.210346,0.403176,-0.552571,0.698477,0.237111,0.755012,0.165015,-0.004194,-0.035050,0.699072,-0.714180,0.090797,0.621442,0.042767,-0.037412,-0.088481,0.647148,-0.756288,0.163675,0.524749,0.888999
321,1.337500,0.204598,0.393745,-0.557649,0.701522,0.240090,0.739533,0.162331,-0.005225,-0.035343,0.699537,-0.713703,0.090843,0.621512,0.043004,-0.037508,-0.087125,0.648325,-0.755432,0.164243,0.519565,0.889200
322,1.341667,0.195074,0.386138,-0.561675,0.705241,0.242729,0.723981,0.159419,-0.005836,-0.035474,0.700271,-0.712972,0.091004,0.621623,0.043164,-0.037300,-0.085937,0.649480,-0.754585,0.164751,0.514281,0.889725
323,1.345833,0.186663,0.376780,-0.564488,0.710315,0.245754,0.708428,0.156516,-0.008532,-0.033761,0.700212,-0.713085,0.091092,0.621897,0.043620,-0.036894,-0.083156,0.650964,-0.753638,0.165039,0.508697,0.890502
324,1.350000,0.180192,0.367465,-0.568601,0.713578,0.248340,0.692656,0.153320,-0.009305,-0.034176,0.700782,-0.712495,0.091236,0.621922,0.043770,-0.037581,-0.082632,0.651772,-0.752963,0.165694,0.503373,0.891077
325,1.354167,0.180078,0.356782,-0.574672,0.714164,0.250920,0.677724,0.150139,-0.006171,-0.042635,0.700491,-0.712360,0.091059,0.622127,0.043517,-0.037841,-0.082116,0.652635,-0.752258,0.166330,0.497980,0.891888
326,1.358333,0.175503,0.345697,-0.578081,0.717993,0.253516,0.661020,0.146262,-0.009203,-0.040336,0.701260,-0.711705,0.091173,0.622202,0.043895,-0.038742,-0.081025,0.653582,-0.751509,0.166957,0.492474,0.892753
327,1.362500,0.167478,0.337384,-0.579410,0.722777,0.256525,0.644699,0.142843,-0.013121,-0.038541,0.701798,-0.711212,0.091554,0.622069,0.044501,-0.039040,-0.079923,0.654698,-0.750639,0.167511,0.486938,0.893898
328,1.366667,0.154731,0.328216,-0.581849,0.727863,0.259540,0.628438,0.139685,-0.018053,-0.031936,0.702689,-0.710550,0.091865,0.622246,0.045005,-0.039556,-0.078984,0.655391,-0.750107,0.168082,0.481424,0.895088
329,1.370833,0.149488,0.317909,-0.585287,0.730771,0.262242,0.612136,0.136006,-0.022314,-0.029717,0.703265,-0.709956,0.092029,0.622320,0.045537,-0.041182,-0.078250,0.655679,-0.749844,0.168998,0.475811,0.896370
330,1.375000,0.143875,0.308024,-0.587896,0.734029,0.265106,0.595957,0.132464,-0.025457,-0.030343,0.703380,-0.709710,0.092176,0.622331,0.046015,-0.038984,-0.074839,0.654721,-0.751146,0.170552,0.469405,0.898396
331,1.379167,0.132202,0.300531,-0.589013,0.738423,0.267534,0.578730,0.129054,-0.021429,-0.040871,0.703454,-0.709241,0.092029,0.622084,0.045838,-0.032451,-0.058120,0.655463,-0.752288,0.171354,0.461913,0.903184
332,1.383333,0.125883,0.289563,-0.591506,0.741908,0.270273,0.562545,0.125167,-0.028045,-0.039942,0.703598,-0.708921,0.091963,0.621788,0.046686,-0.028159,-0.047034,0.656511,-0.752322,0.172161,0.455430,0.906665
333,1.387500,0.121283,0.277669,-0.596104,0.743539,0.273186,0.545658,0.121066,-0.032433,-0.039654,0.703665,-0.708682,0.092059,0.621710,0.047349,-0.028041,-0.044865,0.656549,-0.752426,0.173467,0.449459,0.908058
334,1.391667,0.114712,0.266392,-0.599162,0.746245,0.275959,0.528622,0.117275,-0.037576,-0.041908,0.703083,-0.708877,0.092178,0.621536,0.047916,-0.029050,-0.044930,0.656338,-0.752567,0.174698,0.443373,0.909345
335,1.395833,0.106019,0.256151,-0.602286,0.748598,0.278604,0.511552,0.113661,-0.042886,-0.044621,0.702919,-0.708572,0.092093,0.621325,0.048686,-0.030152,-0.044371,0.656265,-0.752621,0.175841,0.437239,0.910865
336,1.400000,0.094503,0.248075,-0.604562,0.751021,0.281225,0.494221,0.110330,-0.043841,-0.057452,0.701609,-0.708888,0.091940,0.621365,0.049217,-0.031244,-0.043553,0.656488,-0.752430,0.176838,0.431211,0.912530
337,1.404167,0.085590,0.239128,-0.607825,0.752357,0.284033,0.476799,0.106861,-0.051546,-0.058399,0.701170,-0.708726,0.091806,0.621050,0.050353,-0.032478,-0.042715,0.656753,-0.752194,0.177875,0.425135,0.914254
338,1.408333,0.075582,0.228980,-0.610512,0.754407,0.286609,0.459225,0.103327,-0.058650,-0.062100,0.700379,-0.708642,0.091577,0.620677,0.051503,-0.036837,-0.052522,0.655379,-0.752571,0.179677,0.418876,0.914240
339,1.412500,0.064048,0.218129,-0.613453,0.756302,0.289546,0.441801,0.100085,-0.063418,-0.068183,0.699561,-0.708480,0.091535,0.620351,0.052377,-0.038834,-0.056017,0.655309,-0.752279,0.180802,0.413123,0.915639
340,1.416667,0.054176,0.207852,-0.616805,0.757241,0.292334,0.424166,0.096652,-0.073258,-0.069129,0.699037,-0.707956,0.091538,0.619940,0.053487,-0.040608,-0.059955,0.655024,-0.752131,0.181925,0.407703,0.916709
341,1.420833,0.049320,0.197050,-0.620319,0.757590,0.294856,0.406177,0.092872,-0.082520,-0.070566,0.698451,-0.707373,0.091535,0.619421,0.054848,-0.044690,-0.060085,0.656823,-0.750318,0.182380,0.402173,0.918027
342,1.425000,0.040883,0.185605,-0.623008,0.758776,0.297939,0.388571,0.089730,-0.091354,-0.073230,0.697746,-0.706712,0.091490,0.618788,0.056218,-0.046584,-0.061594,0.657430,-0.749548,0.183159,0.396115,0.920029
343,1.429167,0.029366,0.175033,-0.625257,0.759970,0.300824,0.370707,0.086533,-0.099093,-0.077064,0.697065,-0.705934,0.091275,0.618164,0.057711,-0.046377,-0.060982,0.657744,-0.749335,0.184232,0.389686,0.922386
344,1.433333,0.022180,0.166382,-0.627885,0.759991,0.303276,0.352296,0.083135,-0.108269,-0.081618,0.695917,-0.705207,0.091091,0.617482,0.059112,-0.045809,-0.059339,0.658036,-0.749246,0.185553,0.383180,0.924632
345,1.437500,0.011740,0.158280,-0.629246,0.760828,0.306023,0.334184,0.080131,-0.117514,-0.086178,0.694997,-0.704090,0.091013,0.616805,0.060464,-0.046232,-0.058728,0.658146,-0.749171,0.186857,0.376593,0.926771
346,1.441667,-0.001837,0.150459,-0.629781,0.762059,0.309190,0.316280,0.077645,-0.127289,-0.090299,0.693994,-0.702863,0.090949,0.616039,0.061885,-0.047051,-0.059656,0.658398,-0.748825,0.188103,0.370084,0.928835
347,1.445833,-0.012498,0.143038,-0.631787,0.761728,0.311937,0.298099,0.074845,-0.137278,-0.094853,0.693205,-0.701160,0.090894,0.615316,0.063210,-0.047615,-0.059498,0.658699,-0.748537,0.189247,0.363530,0.930938
348,1.450000,-0.023855,0.135695,-0.631880,0.762722,0.314765,0.279981,0.072130,-0.147331,-0.099253,0.692244,-0.699458,0.090722,0.614332,0.064808,-0.047420,-0.058945,0.658606,-0.748676,0.190700,0.356909,0.933208
349,1.454167,-0.034862,0.129731,-0.632367,0.762933,0.317658,0.261900,0.069697,-0.156534,-0.105726,0.691025,-0.697714,0.090586,0.613281,0.066336,-0.046914,-0.050355,0.660369,-0.747781,0.191733,0.349776,0.936075
350,1.458333,-0.044029,0.124297,-0.632017,0.763654,0.320697,0.243963,0.067318,-0.167277,-0.111949,0.689278,-0.695975,0.090525,0.612233,0.067796,-0.047323,-0.052742,0.659909,-0.747996,0.193306,0.343198,0.938243
351,1.462500,-0.053129,0.121655,-0.631292,0.764100,0.323365,0.225730,0.065140,-0.176658,-0.120167,0.686972,-0.694566,0.090511,0.611117,0.069368,-0.046728,-0.050369,0.660458,-0.747713,0.194329,0.336189,0.940517
352,1.466667,-0.063866,0.118490,-0.630486,0.764441,0.326226,0.207932,0.063083,-0.185617,-0.126114,0.685918,-0.692213,0.090509,0.609958,0.071168,-0.046682,-0.050823,0.660118,-0.747985,0.195878,0.329457,0.942625
353,1.470833,-0.080036,0.120435,-0.628615,0.764155,0.328789,0.190182,0.061605,-0.194097,-0.132564,0.684935,-0.689651,0.090417,0.608685,0.073021,-0.047777,-0.056234,0.659927,-0.747697,0.197141,0.322390,0.943852
354,1.475000,-0.092593,0.121082,-0.626962,0.763992,0.331281,0.172626,0.060146,-0.202259,-0.138628,0.684221,-0.686815,0.090299,0.607359,0.074887,-0.047864,-0.058108,0.659477,-0.747946,0.198491,0.315900,0.945728
355,1.479167,-0.102429,0.120951,-0.626770,0.762914,0.334075,0.155798,0.058367,-0.210931,-0.144698,0.683487,-0.683678,0.090226,0.605905,0.076748,-0.048265,-0.057903,0.659463,-0.747948,0.199667,0.309152,0.947764
356,1.483333,-0.110580,0.121137,-0.626326,0.762111,0.336670,0.139015,0.056911,-0.219952,-0.150628,0.682606,-0.680427,0.090071,0.604323,0.078608,-0.048235,-0.057003,0.659532,-0.747959,0.201012,0.302350,0.949791
357,1.487500,-0.119201,0.123222,-0.625479,0.761172,0.338995,0.122657,0.055571,-0.229715,-0.156938,0.681123,-0.677254,0.089851,0.602685,0.080450,-0.047968,-0.056262,0.658989,-0.748510,0.202435,0.295367,0.951789
358,1.491667,-0.126974,0.125784,-0.624709,0.760128,0.341197,0.106740,0.054450,-0.240211,-0.162697,0.680117,-0.673253,0.089797,0.601162,0.082138,-0.047639,-0.056803,0.658714,-0.748732,0.203871,0.288520,0.953583
359,1.495833,-0.133452,0.128488,-0.623901,0.759229,0.343212,0.091296,0.053580,-0.250095,-0.170185,0.678727,-0.669194,0.089575,0.599531,0.083903,-0.047308,-0.056679,0.658182,-0.749230,0.205471,0.281623,0.955214
360,1.500000,-0.138920,0.131139,-0.623433,0.758179,0.345010,0.076347,0.052976,-0.260404,-0.177581,0.677154,-0.664919,0.089562,0.597964,0.085612,-0.047352,-0.057000,0.657533,-0.749773,0.206975,0.274556,0.956863
361,1.504167,-0.143888,0.131116,-0.622965,0.757641,0.346673,0.062118,0.052689,-0.270671,-0.187625,0.674669,-0.660573,0.089629,0.596523,0.087292,-0.046901,-0.056105,0.657129,-0.750223,0.208528,0.267453,0.958438
362,1.508333,-0.146914,0.130622,-0.623928,0.756351,0.348268,0.048526,0.052690,-0.284816,-0.197006,0.671673,-0.654922,0.089711,0.594882,0.088511,-0.046630,-0.055969,0.656326,-0.750952,0.210088,0.260345,0.960127
363,1.512500,-0.149170,0.128595,-0.625186,0.755218,0.349668,0.035615,0.052970,-0.293180,-0.205868,0.669953,-0.650251,0.089584,0.593048,0.090412,-0.045973,-0.055562,0.655781,-0.751499,0.211697,0.253429,0.961480
364,1.516667,-0.151039,0.125707,-0.626962,0.753859,0.350863,0.023486,0.053381,-0.301365,-0.217499,0.667247,-0.645488,0.089545,0.591399,0.092207,-0.045295,-0.055190,0.655231,-0.752047,0.213218,0.246523,0.962680
365,1.520833,-0.151413,0.123592,-0.628759,0.752636,0.351776,0.012016,0.053920,-0.309210,-0.227030,0.665184,-0.640607,0.089514,0.589473,0.094177,-0.044288,-0.055272,0.654398,-0.752826,0.215045,0.239541,0.963631
366,1.525000,-0.153852,0.123489,-0.630228,0.750928,0.352412,0.001257,0.054563,-0.317132,-0.234351,0.663947,-0.635359,0.089483,0.587306,0.096214,-0.043669,-0.056017,0.653457,-0.753624,0.216720,0.232559,0.964552
367,1.529167,-0.152535,0.120930,-0.632249,0.749913,0.353064,-0.008569,0.054834,-0.325062,-0.240913,0.662834,-0.630038,0.089477,0.585100,0.098244,-0.042850,-0.057170,0.653053,-0.753935,0.218274,0.225406,0.965196
368,1.533333,-0.153987,0.120410,-0.632227,0.749719,0.353880,-0.017608,0.054910,-0.330998,-0.242047,0.664521,-0.624712,0.089197,0.582309,0.100643,-0.042280,-0.058368,0.652123,-0.754680,0.219942,0.218484,0.965832
369,1.537500,-0.153329,0.120413,-0.631983,0.750059,0.354588,-0.025841,0.054572,-0.338310,-0.249803,0.661676,-0.620749,0.089478,0.579955,0.103023,-0.040022,-0.062992,0.650363,-0.755949,0.222212,0.211689,0.965511
370,1.541667,-0.150811,0.121051,-0.631310,0.751033,0.355133,-0.033463,0.053913,-0.344618,-0.255363,0.660033,-0.616754,0.089662,0.577256,0.105565,-0.038937,-0.063566,0.649773,-0.756465,0.223755,0.204848,0.965786
371,1.545833,-0.149826,0.124097,-0.630131,0.751723,0.355512,-0.040301,0.052859,-0.350539,-0.262250,0.658068,-0.612613,0.089911,0.574429,0.108137,-0.038616,-0.064593,0.648944,-0.757105,0.225360,0.198038,0.966050
372,1.550000,-0.150038,0.128611,-0.628707,0.752114,0.355654,-0.046532,0.051696,-0.357093,-0.273742,0.653069,-0.609140,0.090429,0.571803,0.110519,-0.038286,-0.065700,0.648295,-0.757583,0.226870,0.191219,0.966108
373,1.554167,-0.143572,0.130001,-0.628547,0.753270,0.355641,-0.051976,0.050229,-0.363370,-0.281486,0.650263,-0.604885,0.090844,0.568824,0.113116,-0.037797,-0.066757,0.647639,-0.758076,0.228474,0.184472,0.965929
374,1.558333,-0.138060,0.132950,-0.628995,0.753412,0.355334,-0.056867,0.048649,-0.369841,-0.288964,0.647771,-0.600092,0.091262,0.565646,0.115734,-0.037013,-0.068351,0.646792,-0.758695,0.230050,0.177821,0.965626
375,1.562500,-0.128863,0.133627,-0.631026,0.753223,0.354955,-0.061007,0.046739,-0.375830,-0.295672,0.646038,-0.594950,0.091674,0.562372,0.118587,-0.035914,-0.068687,0.646195,-0.759226,0.231655,0.171098,0.964837
376,1.566667,-0.116274,0.131621,-0.635169,0.752141,0.354394,-0.064795,0.044943,-0.382727,-0.301841,0.644355,-0.589253,0.092039,0.558908,0.121460,-0.034796,-0.069645,0.645363,-0.759898,0.233176,0.164496,0.964028
377,1.570833,-0.100739,0.127809,-0.641069,0.750031,0.353749,-0.067906,0.042945,-0.390154,-0.310014,0.641359,-0.583378,0.092523,0.555464,0.124244,-0.033687,-0.069943,0.644667,-0.760512,0.234856,0.158025,0.963099
378,1.575000,-0.082711,0.120030,-0.648216,0.747374,0.353047,-0.070291,0.041137,-0.395266,-0.317761,0.639402,-0.577892,0.092838,0.551483,0.127398,-0.031815,-0.071732,0.643837,-0.761129,0.236354,0.151506,0.961793
379,1.579167,-0.071656,0.111637,-0.653724,0.745016,0.352247,-0.072272,0.039924,-0.397213,-0.330468,0.637662,-0.571314,0.092949,0.547671,0.131255,-0.031030,-0.070802,0.643313,-0.761690,0.237673,0.144883,0.960599
380,1.583333,-0.065043,0.104431,-0.657618,0.743238,0.351530,-0.073599,0.039089,-0.402903,-0.337111,0.636425,-0.564791,0.093374,0.543388,0.134239,-0.030986,-0.071436,0.644172,-0.760907,0.238638,0.137661,0.959504
381,1.587500,-0.061540,0.097845,-0.658096,0.744008,0.350988,-0.074534,0.038219,-0.407650,-0.344980,0.635121,-0.558061,0.093684,0.538636,0.137405,-0.031091,-0.070725,0.643618,-0.761438,0.240029,0.131243,0.958471
382,1.591667,-0.064395,0.096858,-0.653896,0.747591,0.351345,-0.074384,0.037354,-0.411395,-0.353154,0.633999,-0.551436,0.094045,0.533810,0.140337,-0.029366,-0.071555,0.643225,-0.761760,0.241414,0.124851,0.956935
383,1.595833,-0.066915,0.095062,-0.649067,0.751796,0.351542,-0.073922,0.036321,-0.414817,-0.360813,0.633700,-0.544211,0.094342,0.528488,0.143308,-0.027349,-0.071317,0.642713,-0.762290,0.242851,0.118619,0.955119
384,1.600000,-0.069784,0.092729,-0.645870,0.754575,0.351092,-0.073304,0.035203,-0.417628,-0.365970,0.635425,-0.536552,0.094613,0.522665,0.146417,-0.028747,-0.057882,0.643424,-0.762777,0.243775,0.112538,0.954107
385,1.604167,-0.069875,0.088653,-0.645801,0.755116,0.350778,-0.072497,0.034235,-0.417912,-0.371522,0.637305,-0.530248,0.094830,0.516619,0.149386,-0.028818,-0.053912,0.642710,-0.763667,0.245980,0.105704,0.952280
386,1.608333,-0.066193,0.084037,-0.648104,0.754001,0.350520,-0.071953,0.033463,-0.417054,-0.377120,0.638498,-0.525515,0.095020,0.510153,0.152483,-0.027578,-0.050904,0.642117,-0.764417,0.247715,0.099596,0.950350
387,1.612500,-0.062484,0.079591,-0.651527,0.751847,0.349986,-0.071982,0.032890,-0.415120,-0.382258,0.639515,-0.522087,0.095219,0.503350,0.155550,-0.025610,-0.050507,0.642370,-0.764300,0.248955,0.093338,0.947990
388,1.616667,-0.060169,0.076187,-0.654137,0.750120,0.349421,-0.072222,0.032194,-0.412311,-0.386890,0.641090,-0.518960,0.095471,0.495676,0.158647,-0.023883,-0.046153,0.643179,-0.763951,0.250537,0.086827,0.945465
389,1.620833,-0.057082,0.072147,-0.654855,0.750135,0.349393,-0.072468,0.031633,-0.409281,-0.392356,0.641519,-0.516720,0.095829,0.487892,0.161558,-0.022298,-0.042768,0.643059,-0.764297,0.252039,0.080967,0.942886
390,1.625000,-0.053852,0.067855,-0.653305,0.752122,0.349754,-0.072561,0.031130,-0.406034,-0.398911,0.641117,-0.514757,0.096214,0.479657,0.164543,-0.022233,-0.038783,0.642904,-0.764641,0.253471,0.075260,0.940475
391,1.629167,-0.050006,0.063769,-0.651116,0.754639,0.350032,-0.072472,0.030424,-0.403421,-0.403937,0.641158,-0.512838,0.096699,0.471020,0.167126,-0.021987,-0.035708,0.642682,-0.764985,0.254948,0.069609,0.938015
392,1.633333,-0.047289,0.060071,-0.650136,0.755962,0.349877,-0.072329,0.029761,-0.400137,-0.407454,0.642561,-0.510869,0.097107,0.462004,0.169517,-0.019985,-0.031255,0.644797,-0.763453,0.255965,0.063539,0.934312
393,1.637500,-0.046321,0.057483,-0.651080,0.755411,0.349269,-0.072323,0.029351,-0.397227,-0.412270,0.642372,-0.509512,0.097558,0.452859,0.171842,-0.017832,-0.028227,0.645200,-0.763284,0.257466,0.057893,0.931412
394,1.641667,-0.044473,0.055069,-0.652370,0.754588,0.348659,-0.072388,0.029135,-0.394181,-0.418747,0.640587,-0.508842,0.098183,0.443304,0.173984,-0.016568,-0.026962,0.645445,-0.763151,0.258920,0.052331,0.928259
395,1.645833,-0.042674,0.053379,-0.653318,0.753993,0.348134,-0.072432,0.028910,-0.392652,-0.420397,0.642043,-0.506825,0.098710,0.433541,0.176216,-0.014509,-0.024842,0.645824,-0.762944,0.260349,0.046712,0.925388
396,1.650000,-0.039658,0.050585,-0.653342,0.754329,0.347799,-0.072462,0.028562,-0.389974,-0.424319,0.641442,-0.506384,0.099350,0.423409,0.178126,-0.013885,-0.020676,0.646233,-0.762734,0.261681,0.041224,0.922809
397,1.654167,-0.035817,0.046358,-0.652104,0.755863,0.347820,-0.072316,0.028410,-0.387163,-0.426734,0.641763,-0.506105,0.100015,0.412997,0.179813,-0.014087,-0.015884,0.646315,-0.762776,0.262903,0.035982,0.920045
398,1.658333,-0.031789,0.043448,-0.650806,0.757333,0.347804,-0.072085,0.028192,-0.384548,-0.429021,0.641911,-0.505978,0.100794,0.402252,0.181379,-0.014279,-0.011921,0.645979,-0.763129,0.264080,0.030866,0.917295
399,1.662500,-0.028592,0.041027,-0.650032,0.758260,0.347573,-0.072062,0.027908,-0.380040,-0.430048,0.642356,-0.507944,0.101569,0.391174,0.182489,-0.014809,-0.009377,0.645376,-0.763664,0.265279,0.025755,0.914481
400,1.666667,-0.026792,0.040848,-0.650372,0.758044,0.347107,-0.072119,0.027840,-0.377060,-0.431357,0.642170,-0.509289,0.102575,0.379772,0.183606,-0.016438,-0.007783,0.644932,-0.764023,0.266416,0.020744,0.911321
401,1.670833,-0.024344,0.040202,-0.650930,0.757681,0.346621,-0.072299,0.027798,-0.374230,-0.432637,0.641306,-0.511374,0.103638,0.368209,0.184544,-0.016690,-0.006309,0.643973,-0.764840,0.268206,0.015423,0.908644
402,1.675000,-0.022552,0.039801,-0.651450,0.757311,0.346258,-0.072472,0.027774,-0.371046,-0.433124,0.640264,-0.514578,0.104701,0.356371,0.185183,-0.019531,-0.003920,0.642991,-0.765615,0.269228,0.010374,0.905893
403,1.679167,-0.020410,0.038332,-0.650831,0.757980,0.346169,-0.072510,0.027774,-0.368396,-0.432200,0.639764,-0.517870,0.105880,0.344179,0.185704,-0.023668,-0.002805,0.642008,-0.766327,0.269937,0.005406,0.902973
404,1.683333,-0.018329,0.036449,-0.649062,0.759641,0.346449,-0.072392,0.027759,-0.365188,-0.432597,0.638252,-0.521664,0.107188,0.331828,0.185893,-0.026604,-0.004794,0.641208,-0.766891,0.270457,-0.000150,0.899822
405,1.687500,-0.016733,0.035278,-0.648065,0.760584,0.346694,-0.072299,0.027625,-0.362355,-0.432292,0.637002,-0.525406,0.108553,0.319191,0.185949,-0.037031,-0.002052,0.639870,-0.767588,0.270841,-0.004849,0.898202
406,1.691667,-0.016472,0.035732,-0.648805,0.759937,0.346645,-0.072228,0.027531,-0.359873,-0.430408,0.636529,-0.529218,0.109967,0.306262,0.185783,-0.041572,-0.002312,0.638585,-0.768425,0.271571,-0.009600,0.896251
407,1.695833,-0.016341,0.036187,-0.649549,0.759282,0.346540,-0.072276,0.027537,-0.356915,-0.428433,0.635785,-0.533699,0.111362,0.293179,0.185319,-0.039231,-0.006700,0.636953,-0.769875,0.272734,-0.014261,0.893678
408,1.700000,-0.016397,0.036881,-0.650636,0.758316,0.346364,-0.072437,0.027536,-0.353768,-0.425717,0.635158,-0.538691,0.112806,0.279928,0.184613,-0.041037,-0.007951,0.635805,-0.770717,0.273580,-0.019165,0.892052
409,1.704167,-0.017339,0.037285,-0.650484,0.758406,0.346218,-0.072410,0.027499,-0.350455,-0.422663,0.634485,-0.544028,0.114245,0.266498,0.183667,-0.048975,-0.003261,0.635127,-0.770847,0.273943,-0.024532,0.892060
410,1.708333,-0.017002,0.037260,-0.649547,0.759217,0.346344,-0.072281,0.027489,-0.348932,-0.416909,0.635654,-0.548067,0.115870,0.252748,0.182543,-0.049774,-0.003956,0.634234,-0.771528,0.274818,-0.029527,0.890890
411,1.712500,-0.015835,0.036276,-0.648192,0.760448,0.346638,-0.072100,0.027480,-0.345585,-0.411988,0.636010,-0.553469,0.117458,0.238775,0.181040,-0.054399,-0.001178,0.634639,-0.770891,0.275415,-0.034982,0.890376
412,1.716667,-0.014913,0.035598,-0.647394,0.761178,0.346750,-0.072120,0.027463,-0.343560,-0.405721,0.636926,-0.558285,0.119115,0.224394,0.179411,-0.053195,-0.001366,0.633544,-0.771875,0.276537,-0.040290,0.889825
413,1.720833,-0.016044,0.037243,-0.647623,0.760881,0.346513,-0.072131,0.027535,-0.338957,-0.401407,0.637718,-0.563290,0.120545,0.210201,0.177601,-0.054762,-0.006336,0.632995,-0.772190,0.277381,-0.045408,0.887799
414,1.725000,-0.016480,0.037904,-0.647596,0.760863,0.346372,-0.072194,0.027588,-0.333932,-0.394994,0.640177,-0.568016,0.122223,0.195727,0.175691,-0.054568,-0.005462,0.631765,-0.773218,0.278450,-0.050242,0.887253
415,1.729167,-0.015150,0.037424,-0.647051,0.761377,0.346351,-0.072203,0.027570,-0.328927,-0.386823,0.643808,-0.572439,0.123692,0.180994,0.173507,-0.054431,-0.010644,0.628868,-0.775532,0.280367,-0.054357,0.885417
416,1.733333,-0.013528,0.037199,-0.646235,0.762111,0.346392,-0.072090,0.027527,-0.324423,-0.385506,0.641570,-0.578380,0.125803,0.166501,0.170753,-0.058684,-0.008037,0.628437,-0.775602,0.281007,-0.058926,0.885283
417,1.737500,-0.011839,0.037179,-0.645593,0.762684,0.346425,-0.071976,0.027483,-0.321786,-0.376121,0.646397,-0.580652,0.127807,0.151306,0.168332,-0.057201,-0.006524,0.626095,-0.777619,0.282178,-0.063820,0.885840
418,1.741667,-0.008911,0.036657,-0.644745,0.763466,0.346611,-0.071867,0.027340,-0.313543,-0.371108,0.647025,-0.587646,0.129323,0.136572,0.165156,-0.054185,-0.009070,0.624324,-0.779231,0.283320,-0.068551,0.885062
419,1.745833,-0.008399,0.036471,-0.644207,0.763935,0.346583,-0.071917,0.027339,-0.308369,-0.363167,0.651609,-0.590275,0.131033,0.121204,0.161771,-0.054985,-0.010336,0.623417,-0.779885,0.284023,-0.072996,0.884268
420,1.750000,-0.007692,0.036235,-0.643529,0.764525,0.346537,-0.071950,0.027328,-0.302344,-0.355844,0.655272,-0.593786,0.132805,0.105898,0.158516,-0.054522,-0.010577,0.621993,-0.781051,0.284853,-0.077848,0.884225
421,1.754167,-0.007200,0.036662,-0.642963,0.764985,0.346450,-0.071924,0.027369,-0.295483,-0.347668,0.659374,-0.597531,0.134541,0.090490,0.154980,-0.051755,-0.010846,0.620488,-0.782431,0.285737,-0.082912,0.884263
422,1.758333,-0.005233,0.037253,-0.642459,0.765396,0.346429,-0.071912,0.027530,-0.290833,-0.333953,0.668353,-0.597659,0.136169,0.074488,0.152016,-0.048178,-0.012347,0.619342,-0.783545,0.286525,-0.087856,0.884161
423,1.762500,-0.002207,0.036883,-0.642161,0.765679,0.346335,-0.072017,0.027609,-0.283415,-0.324531,0.672726,-0.601494,0.138082,0.059028,0.148017,-0.047004,-0.011895,0.618401,-0.784366,0.287254,-0.092912,0.884548
424,1.766667,-0.001780,0.037472,-0.641992,0.765793,0.346236,-0.072093,0.027686,-0.275612,-0.318396,0.675898,-0.604834,0.140061,0.043387,0.144026,-0.044493,-0.013989,0.616887,-0.785669,0.288346,-0.097955,0.884633
425,1.770833,-0.001391,0.037920,-0.641474,0.766205,0.346126,-0.072071,0.027762,-0.262974,-0.312094,0.679903,-0.609240,0.141034,0.027152,0.139674,-0.042272,-0.007748,0.616690,-0.786032,0.289099,-0.103723,0.886879
426,1.775000,-0.000354,0.037955,-0.640756,0.766806,0.346052,-0.072063,0.027766,-0.249070,-0.307313,0.681873,-0.615282,0.142936,0.010696,0.135675,-0.043057,-0.007730,0.617859,-0.785071,0.289361,-0.109262,0.887005
427,1.779167,-0.001286,0.038686,-0.640037,0.767369,0.345920,-0.071988,0.027696,-0.241002,-0.299597,0.686447,-0.617212,0.144884,-0.005474,0.131569,-0.030856,-0.003012,0.616084,-0.787070,0.290431,-0.115074,0.890077
428,1.783333,-0.000615,0.039014,-0.639146,0.768095,0.345909,-0.071983,0.027802,-0.235567,-0.286895,0.692594,-0.618476,0.146719,-0.021807,0.127127,-0.029985,0.002038,0.614932,-0.788008,0.291509,-0.120040,0.892586
429,1.787500,-0.003102,0.042920,-0.639264,0.767783,0.345572,-0.071896,0.028211,-0.229893,-0.275749,0.698890,-0.618599,0.148805,-0.038275,0.123045,-0.030776,0.000690,0.613501,-0.789093,0.292394,-0.125036,0.893476
430,1.791667,-0.009423,0.047194,-0.638689,0.767959,0.345041,-0.072327,0.028863,-0.222158,-0.264788,0.703820,-0.620621,0.150753,-0.054743,0.118883,-0.027111,0.000758,0.613401,-0.789306,0.292959,-0.130850,0.895188
431,1.795833,-0.010666,0.049117,-0.637887,0.768488,0.344815,-0.072553,0.029327,-0.216408,-0.255532,0.710526,-0.618889,0.152884,-0.071762,0.114627,-0.021133,0.002812,0.614105,-0.788936,0.293396,-0.136592,0.897847
432,1.800000,-0.008178,0.050019,-0.637335,0.768918,0.344673,-0.072671,0.029622,-0.200858,-0.244367,0.715673,-0.622698,0.154513,-0.089233,0.110931,-0.021109,0.002868,0.613326,-0.789543,0.293857,-0.141966,0.899565
433,1.804167,-0.008999,0.052054,-0.636454,0.769504,0.344365,-0.072682,0.029812,-0.188753,-0.235874,0.719185,-0.625707,0.156195,-0.106342,0.106961,-0.021972,0.002125,0.612827,-0.789908,0.294396,-0.147448,0.901150
434,1.808333,-0.019011,0.059682,-0.636876,0.768418,0.343968,-0.072681,0.030682,-0.178645,-0.230709,0.726113,-0.622591,0.158191,-0.123908,0.102720,-0.021878,0.000825,0.612558,-0.790122,0.294962,-0.152784,0.902934
435,1.812500,-0.015233,0.061007,-0.635757,0.769324,0.343859,-0.072539,0.030770,-0.168813,-0.219309,0.730833,-0.623930,0.160143,-0.141337,0.098518,-0.021316,-0.000688,0.612100,-0.790493,0.295493,-0.158249,0.904759
436,1.816667,-0.015690,0.063233,-0.632485,0.771828,0.344569,-0.072655,0.031798,-0.161439,-0.204020,0.737884,-0.622769,0.162105,-0.158891,0.094671,-0.027063,-0.006129,0.612973,-0.789617,0.295242,-0.163532,0.905196
437,1.820833,-0.014233,0.066147,-0.632074,0.771948,0.344422,-0.072560,0.032524,-0.153265,-0.187054,0.740300,-0.627277,0.163313,-0.176189,0.090806,-0.028060,-0.011041,0.611548,-0.790632,0.296096,-0.169246,0.906238
438,1.825000,-0.013699,0.070749,-0.632039,0.771579,0.344047,-0.072578,0.033227,-0.142094,-0.178918,0.742959,-0.629133,0.165101,-0.193593,0.086853,-0.028770,-0.014595,0.610965,-0.791000,0.296651,-0.174465,0.907708
439,1.829167,-0.009793,0.073284,-0.631356,0.771960,0.343606,-0.072840,0.033815,-0.135176,-0.166438,0.749580,-0.626224,0.167338,-0.212102,0.083088,-0.040041,-0.024960,0.609459,-0.791412,0.297427,-0.179881,0.906740
440,1.833333,-0.009815,0.076796,-0.629869,0.772833,0.343471,-0.073040,0.034826,-0.125397,-0.153747,0.750952,-0.629848,0.168941,-0.229938,0.079273,-0.039836,-0.023032,0.609775,-0.791238,0.297602,-0.185450,0.909474
441,1.837500,-0.010843,0.082545,-0.628770,0.773122,0.343406,-0.073193,0.035671,-0.117187,-0.140997,0.753102,-0.631842,0.170886,-0.248017,0.075816,-0.039756,-0.023423,0.609747,-0.791252,0.297996,-0.191269,0.911899
442,1.841667,0.000117,0.083135,-0.627774,0.773944,0.342826,-0.073667,0.035636,-0.111091,-0.131876,0.754774,-0.632917,0.173093,-0.266166,0.072439,-0.038893,-0.025029,0.609422,-0.791496,0.298397,-0.197050,0.914233
443,1.845833,0.002199,0.088494,-0.626703,0.774214,0.342746,-0.073879,0.036490,-0.103244,-0.118652,0.754955,-0.636637,0.175155,-0.284382,0.069056,-0.037743,-0.027956,0.608877,-0.791873,0.298797,-0.202881,0.916431
444,1.850000,0.012553,0.091837,-0.626867,0.773593,0.342297,-0.073920,0.036756,-0.095904,-0.109657,0.754566,-0.639850,0.177008,-0.302425,0.065658,-0.040155,-0.033366,0.607499,-0.792603,0.299514,-0.208679,0.917831
445,1.854167,0.021886,0.091457,-0.627870,0.772617,0.341829,-0.073896,0.037084,-0.089911,-0.095378,0.754555,-0.643013,0.179299,-0.321074,0.062690,-0.042805,-0.035671,0.607909,-0.792049,0.299716,-0.214350,0.919648
446,1.858333,0.024778,0.099038,-0.626553,0.772664,0.342035,-0.073988,0.038001,-0.085054,-0.081738,0.753627,-0.646630,0.181513,-0.339422,0.059778,-0.045219,-0.037914,0.608381,-0.791448,0.299802,-0.220142,0.921527
447,1.862500,0.030620,0.105401,-0.626173,0.771920,0.342002,-0.074230,0.038762,-0.078752,-0.074689,0.752032,-0.650129,0.183622,-0.357634,0.057010,-0.044878,-0.038858,0.609110,-0.790861,0.299718,-0.226040,0.924076
448,1.866667,0.031963,0.113827,-0.625020,0.771604,0.341893,-0.074770,0.040085,-0.074263,-0.062942,0.750873,-0.653233,0.185764,-0.375864,0.054627,-0.045736,-0.037704,0.610070,-0.790127,0.299564,-0.231842,0.926739
449,1.870833,0.033393,0.123454,-0.623895,0.770973,0.341841,-0.075302,0.041309,-0.071256,-0.051640,0.749013,-0.656685,0.188102,-0.393967,0.052324,-0.050880,-0.038112,0.612000,-0.788299,0.299137,-0.237412,0.928594
450,1.875000,0.036131,0.132617,-0.622380,0.770552,0.342137,-0.075569,0.042377,-0.069513,-0.040046,0.746701,-0.660305,0.190411,-0.412080,0.050407,-0.052398,-0.037341,0.613623,-0.786973,0.298706,-0.243184,0.931249
451,1.879167,0.037966,0.142931,-0.620689,0.769983,0.342290,-0.076071,0.043528,-0.069209,-0.028053,0.743685,-0.664346,0.192758,-0.429819,0.048700,-0.053410,-0.036643,0.614781,-0.786034,0.298398,-0.249260,0.933931
452,1.883333,0.041629,0.152130,-0.619180,0.769247,0.342446,-0.076737,0.044775,-0.067456,-0.017702,0.740352,-0.668592,0.195030,-0.447480,0.047143,-0.054048,-0.037845,0.615620,-0.785276,0.298201,-0.255268,0.936335
453,1.887500,0.044282,0.161474,-0.617622,0.768445,0.342641,-0.077462,0.046068,-0.067529,-0.006089,0.736938,-0.672551,0.197415,-0.465100,0.045918,-0.057268,-0.036749,0.616717,-0.784238,0.298246,-0.261537,0.939058
454,1.891667,0.047448,0.169113,-0.616313,0.767664,0.342773,-0.078303,0.047529,-0.068908,0.005914,0.733422,-0.676247,0.199795,-0.482275,0.045011,-0.055824,-0.035639,0.615628,-0.785249,0.298943,-0.268510,0.942424
455,1.895833,0.051662,0.176746,-0.614928,0.766783,0.342931,-0.079198,0.049039,-0.071532,0.016747,0.729646,-0.679867,0.202237,-0.499027,0.044314,-0.047848,-0.036672,0.612538,-0.788139,0.300186,-0.275560,0.945455
456,1.900000,0.056314,0.185020,-0.613307,0.765801,0.343132,-0.080096,0.050501,-0.074682,0.026496,0.725236,-0.683926,0.204749,-0.515419,0.043860,-0.041682,-0.040318,0.611792,-0.788890,0.301044,-0.281286,0.947271
457,1.904167,0.060924,0.192930,-0.611060,0.765292,0.343320,-0.081073,0.051863,-0.078967,0.035137,0.720715,-0.687822,0.207316,-0.531330,0.043493,-0.037760,-0.039913,0.609828,-0.790627,0.301911,-0.288097,0.950635
458,1.908333,0.065989,0.200557,-0.609160,0.764426,0.343514,-0.082139,0.053361,-0.083925,0.044658,0.715970,-0.691628,0.209737,-0.546780,0.043371,-0.037735,-0.040328,0.609573,-0.790803,0.302245,-0.294519,0.953068
459,1.912500,0.071070,0.209860,-0.607131,0.763086,0.343585,-0.083326,0.054743,-0.089301,0.051874,0.710775,-0.695797,0.212235,-0.561729,0.043513,-0.037504,-0.040121,0.609451,-0.790919,0.302557,-0.301031,0.955640
460,1.916667,0.076386,0.218212,-0.604837,0.762050,0.343778,-0.084553,0.056164,-0.095476,0.059535,0.705341,-0.699881,0.214743,-0.576156,0.043845,-0.037695,-0.039941,0.609268,-0.791060,0.302797,-0.307644,0.957736
461,1.920833,0.082890,0.225785,-0.602743,0.760823,0.344057,-0.085982,0.057808,-0.101522,0.067345,0.700494,-0.703183,0.217063,-0.589985,0.044314,-0.036411,-0.041429,0.610004,-0.790477,0.302419,-0.315145,0.959237
462,1.925000,0.088381,0.234605,-0.600057,0.759658,0.344133,-0.087369,0.059284,-0.108091,0.076092,0.694367,-0.707376,0.219587,-0.603303,0.045048,-0.036422,-0.041368,0.609780,-0.790652,0.302645,-0.321810,0.961135
463,1.929167,0.093288,0.243025,-0.596696,0.759071,0.344301,-0.088766,0.060881,-0.113742,0.081438,0.688936,-0.711195,0.221827,-0.616014,0.045830,-0.036696,-0.040936,0.609653,-0.790760,0.302889,-0.328440,0.963026
464,1.933333,0.097304,0.249347,-0.591906,0.760267,0.345011,-0.090004,0.063041,-0.120284,0.088621,0.683134,-0.714847,0.224011,-0.628077,0.046728,-0.036340,-0.040687,0.609478,-0.790924,0.303118,-0.335062,0.964783
465,1.937500,0.101831,0.257275,-0.587865,0.760168,0.345245,-0.091624,0.064799,-0.126965,0.095799,0.677479,-0.718140,0.226107,-0.639487,0.047590,-0.032034,-0.042081,0.608189,-0.792028,0.303787,-0.341922,0.967165
466,1.941667,0.106613,0.266245,-0.583376,0.759881,0.345407,-0.093182,0.066343,-0.132977,0.102418,0.672014,-0.721266,0.228160,-0.650247,0.048516,-0.027416,-0.041610,0.608955,-0.791638,0.303632,-0.348289,0.969936
467,1.945833,0.111509,0.274211,-0.579171,0.759562,0.345543,-0.094938,0.067912,-0.136965,0.105553,0.667486,-0.724267,0.229884,-0.660412,0.049506,-0.027949,-0.041369,0.608767,-0.791777,0.303883,-0.354914,0.971099
468,1.950000,0.119374,0.284232,-0.575494,0.757475,0.345343,-0.096466,0.068886,-0.140228,0.107397,0.663304,-0.727207,0.231583,-0.669911,0.050393,-0.028715,-0.041032,0.608736,-0.791791,0.303985,-0.361551,0.972202
469,1.954167,0.130881,0.290798,-0.573533,0.754563,0.345038,-0.098462,0.070230,-0.142695,0.108852,0.659122,-0.730307,0.233440,-0.678748,0.051263,-0.028859,-0.039852,0.608878,-0.791736,0.304061,-0.368246,0.973265
470,1.958333,0.132940,0.299308,-0.567040,0.755783,0.345575,-0.100357,0.071983,-0.144276,0.107922,0.655707,-0.733202,0.234988,-0.687055,0.051955,-0.029688,-0.038908,0.608904,-0.791733,0.304247,-0.374924,0.974011
471,1.962500,0.139141,0.306489,-0.563138,0.754705,0.345596,-0.102364,0.073582,-0.144452,0.105348,0.653487,-0.735521,0.236479,-0.694701,0.052347,-0.031238,-0.037316,0.607127,-0.793113,0.305065,-0.381942,0.974188
472,1.966667,0.144035,0.314573,-0.558350,0.754018,0.345698,-0.104504,0.075138,-0.144179,0.100240,0.651375,-0.738157,0.237765,-0.701684,0.052670,-0.031988,-0.036267,0.607312,-0.792990,0.305235,-0.388529,0.974706
473,1.970833,0.149814,0.321771,-0.553993,0.753068,0.345807,-0.106871,0.077210,-0.146753,0.098272,0.650176,-0.738971,0.239129,-0.708147,0.052515,-0.031829,-0.035456,0.607199,-0.793120,0.305379,-0.395140,0.975154
474,1.975000,0.159146,0.324877,-0.551708,0.751496,0.346190,-0.109411,0.079283,-0.148865,0.095517,0.649213,-0.739756,0.240309,-0.714057,0.051996,-0.031561,-0.034582,0.607218,-0.793155,0.305494,-0.401801,0.975440
475,1.979167,0.163803,0.334141,-0.546491,0.750244,0.346102,-0.111589,0.081245,-0.152843,0.092116,0.648966,-0.739592,0.241334,-0.719409,0.050957,-0.031871,-0.033340,0.607359,-0.793087,0.305653,-0.408369,0.975641
476,1.983333,0.169386,0.342343,-0.542354,0.748306,0.345976,-0.113944,0.083379,-0.159109,0.089502,0.649252,-0.738340,0.242190,-0.724383,0.049578,-0.029487,-0.033270,0.607659,-0.792953,0.305712,-0.414961,0.976046
477,1.987500,0.173566,0.347736,-0.537983,0.748016,0.346012,-0.116369,0.085719,-0.165369,0.086292,0.649771,-0.736889,0.243014,-0.728776,0.047927,-0.028253,-0.033160,0.608385,-0.792445,0.305715,-0.421436,0.976048
478,1.991667,0.180033,0.354772,-0.534362,0.745777,0.345940,-0.118955,0.088130,-0.171497,0.081473,0.650575,-0.735325,0.243880,-0.732618,0.045896,-0.027812,-0.035584,0.609128,-0.791785,0.305689,-0.427675,0.975556
479,1.995833,0.185757,0.362625,-0.530677,0.743222,0.345813,-0.121542,0.090399,-0.174410,0.074394,0.651712,-0.734383,0.244494,-0.735858,0.044183,-0.026330,-0.035020,0.610415,-0.790869,0.305490,-0.433962,0.975592
480,2.000000,0.191776,0.370357,-0.526897,0.740565,0.345713,-0.124197,0.092762,-0.174243,0.065951,0.651742,-0.735203,0.245146,-0.738692,0.042592,-0.027654,-0.033126,0.611192,-0.790305,0.305287,-0.440456,0.974721
481,2.004167,0.197376,0.377414,-0.523175,0.738166,0.345643,-0.127054,0.095149,-0.168437,0.059524,0.650890,-0.737854,0.245891,-0.741292,0.041049,-0.028461,-0.033837,0.611392,-0.790091,0.305270,-0.446862,0.973407
482,2.008333,0.203596,0.388260,-0.517834,0.734610,0.345497,-0.129979,0.097117,-0.156449,0.052137,0.649727,-0.742065,0.246495,-0.743465,0.039995,-0.028728,-0.032922,0.611685,-0.789894,0.305158,-0.453267,0.972317
483,2.012500,0.209786,0.394616,-0.514167,0.732052,0.345534,-0.133157,0.099521,-0.142778,0.048110,0.648121,-0.746485,0.246988,-0.745372,0.038804,-0.026587,-0.034528,0.612668,-0.789138,0.305032,-0.459467,0.971399
484,2.016667,0.215012,0.401546,-0.510207,0.729534,0.345636,-0.136404,0.101966,-0.129906,0.043861,0.645778,-0.751114,0.247490,-0.746536,0.037478,-0.024938,-0.034424,0.613284,-0.788718,0.304870,-0.465597,0.970569
485,2.020833,0.220541,0.409983,-0.505804,0.726249,0.345994,-0.140088,0.104630,-0.122140,0.043193,0.644081,-0.753907,0.247897,-0.746992,0.035976,-0.024126,-0.033367,0.613585,-0.788555,0.304821,-0.471924,0.969303
486,2.025000,0.226270,0.417141,-0.501859,0.723141,0.346214,-0.143805,0.107108,-0.115510,0.043582,0.644062,-0.754945,0.247950,-0.747192,0.034130,-0.022439,-0.032668,0.614167,-0.788180,0.304787,-0.478167,0.968035
487,2.029167,0.231173,0.422366,-0.497955,0.721254,0.346331,-0.147452,0.109148,-0.109299,0.043175,0.645399,-0.754751,0.247901,-0.747305,0.032031,-0.023490,-0.028395,0.613391,-0.788919,0.305512,-0.485302,0.965714
488,2.033333,0.237779,0.426984,-0.492390,0.720206,0.346927,-0.151412,0.112018,-0.100909,0.043287,0.647926,-0.753747,0.247989,-0.747204,0.030616,-0.021404,-0.027847,0.613766,-0.788707,0.305556,-0.491514,0.964082
489,2.037500,0.243818,0.433266,-0.487904,0.717484,0.347402,-0.155463,0.114396,-0.090642,0.037134,0.648770,-0.754654,0.248174,-0.746850,0.028984,-0.020827,-0.026998,0.612470,-0.789758,0.306218,-0.498078,0.961728
490,2.041667,0.250519,0.438538,-0.483765,0.714770,0.348079,-0.159589,0.116714,-0.083003,0.037846,0.648578,-0.755662,0.248765,-0.746479,0.028169,-0.019497,-0.025800,0.612615,-0.789720,0.306428,-0.504290,0.959642
491,2.045833,0.256383,0.443432,-0.479446,0.712578,0.348803,-0.164022,0.119085,-0.076177,0.037126,0.647771,-0.757107,0.249391,-0.746168,0.027144,-0.017841,-0.024180,0.612996,-0.789514,0.306476,-0.510459,0.957466
492,2.050000,0.262263,0.448261,-0.475191,0.710263,0.349574,-0.168695,0.121535,-0.070441,0.036559,0.646710,-0.758596,0.250021,-0.745814,0.026046,-0.016234,-0.023281,0.613396,-0.789265,0.306522,-0.516499,0.955181
493,2.054167,0.268241,0.451857,-0.472181,0.707756,0.350491,-0.173763,0.123939,-0.060708,0.029803,0.646208,-0.760159,0.250718,-0.745346,0.024772,-0.013106,-0.022774,0.613823,-0.789006,0.306575,-0.522375,0.952910
494,2.058333,0.273126,0.454706,-0.469355,0.705939,0.351393,-0.179105,0.126404,-0.050207,0.024538,0.647466,-0.760042,0.251482,-0.745069,0.023676,-0.011146,-0.022010,0.614366,-0.788635,0.306561,-0.528242,0.950170
495,2.062500,0.277327,0.455515,-0.468122,0.704598,0.352439,-0.184940,0.128862,-0.040101,0.020872,0.649817,-0.758746,0.252315,-0.745006,0.022534,-0.009694,-0.020727,0.615107,-0.788112,0.306473,-0.534040,0.947251
496,2.066667,0.281679,0.455754,-0.468000,0.702795,0.353617,-0.191021,0.131454,-0.032446,0.018642,0.652379,-0.756968,0.253297,-0.745192,0.021249,-0.014174,-0.015327,0.614169,-0.788898,0.306696,-0.540213,0.943118
497,2.070833,0.285044,0.454972,-0.468248,0.701780,0.354892,-0.197561,0.134082,-0.027788,0.018202,0.654163,-0.755624,0.254022,-0.745271,0.020297,-0.012596,-0.014057,0.614857,-0.788413,0.306674,-0.545852,0.940013
498,2.075000,0.287475,0.454470,-0.468361,0.701037,0.356165,-0.204450,0.136758,-0.024080,0.015892,0.655116,-0.754978,0.254560,-0.745398,0.019427,-0.011075,-0.012373,0.615533,-0.787936,0.306688,-0.551443,0.936839
499,2.079167,0.289294,0.452442,-0.469675,0.700722,0.357577,-0.211723,0.139146,-0.018527,0.010094,0.656525,-0.754009,0.255220,-0.745564,0.018893,-0.008889,-0.010987,0.616287,-0.787395,0.306680,-0.556937,0.933572
500,2.083333,0.291325,0.449783,-0.471752,0.700197,0.359044,-0.219249,0.141346,-0.011267,0.000426,0.657128,-0.753695,0.256042,-0.745652,0.018401,-0.006902,-0.009258,0.617198,-0.786723,0.306666,-0.562398,0.930067
501,2.087500,0.293188,0.446507,-0.474298,0.699796,0.360553,-0.227060,0.143365,-0.005841,-0.006611,0.657730,-0.753202,0.256768,-0.745742,0.018091,-0.004488,-0.007519,0.617929,-0.786185,0.306464,-0.567754,0.926677
502,2.091667,0.293241,0.443795,-0.476206,0.700203,0.362076,-0.235258,0.145329,-0.002322,-0.010979,0.658670,-0.752348,0.257402,-0.745784,0.017828,-0.002692,-0.005308,0.619037,-0.785339,0.306310,-0.573055,0.923227
503,2.095833,0.293002,0.441505,-0.478442,0.700226,0.363610,-0.243725,0.147221,-0.000561,-0.013851,0.659713,-0.751390,0.257891,-0.745917,0.017825,-0.000473,-0.003938,0.619966,-0.784619,0.305991,-0.578176,0.919652
504,2.100000,0.292503,0.439179,-0.480959,0.700173,0.365173,-0.252426,0.149019,0.000343,-0.016319,0.660392,-0.750743,0.258168,-0.746081,0.017943,0.002345,-0.003155,0.620970,-0.783824,0.305778,-0.583200,0.916223
505,2.104167,0.291722,0.436727,-0.483850,0.700041,0.366726,-0.261367,0.150684,0.000608,-0.017625,0.660335,-0.750764,0.258278,-0.746176,0.017994,0.005203,-0.003124,0.621964,-0.783023,0.305370,-0.588199,0.913023
506,2.108333,0.290335,0.434242,-0.487139,0.699882,0.368293,-0.270615,0.152135,0.000545,-0.018179,0.660018,-0.751030,0.258290,-0.746201,0.017985,0.010191,-0.002228,0.622666,-0.782418,0.305112,-0.593176,0.910792
507,2.112500,0.289076,0.431779,-0.490817,0.699357,0.369850,-0.280054,0.153494,0.000325,-0.018153,0.659817,-0.751207,0.258243,-0.746168,0.017959,0.012052,-0.004963,0.623980,-0.781332,0.304906,-0.597907,0.907883
508,2.116667,0.288256,0.429076,-0.495148,0.698305,0.371332,-0.289772,0.154673,0.000213,-0.018198,0.659786,-0.751233,0.258132,-0.746150,0.017959,0.014526,-0.007766,0.625521,-0.780034,0.304886,-0.602573,0.905637
509,2.120833,0.287047,0.426028,-0.499690,0.697434,0.372925,-0.299758,0.155597,-0.000137,-0.018505,0.659803,-0.751211,0.257998,-0.746242,0.017958,0.016634,-0.009470,0.627389,-0.778471,0.304805,-0.607233,0.904041
510,2.125000,0.286042,0.422643,-0.504995,0.696084,0.374368,-0.309963,0.156451,-0.000836,-0.018878,0.659583,-0.751394,0.257977,-0.746329,0.017947,0.017282,-0.011828,0.629318,-0.776866,0.304846,-0.611822,0.902336
511,2.129167,0.284855,0.419094,-0.510785,0.694490,0.375816,-0.320349,0.157019,-0.001847,-0.018902,0.659571,-0.751402,0.257991,-0.746418,0.018013,0.015913,-0.013188,0.631240,-0.775312,0.304940,-0.616356,0.900636
512,2.133333,0.281643,0.416153,-0.516031,0.693690,0.377179,-0.330995,0.157370,-0.002749,-0.019188,0.659439,-0.751508,0.257945,-0.746469,0.018111,0.014335,-0.014171,0.632762,-0.774084,0.305064,-0.620909,0.899208
513,2.137500,0.278174,0.413185,-0.521244,0.692966,0.378596,-0.341879,0.157493,-0.003420,-0.019148,0.659300,-0.751628,0.257865,-0.746475,0.018170,0.012998,-0.014988,0.633927,-0.773138,0.305205,-0.625547,0.898010
514,2.141667,0.274489,0.408326,-0.526584,0.693279,0.380207,-0.353007,0.157664,-0.003552,-0.019222,0.659522,-0.751431,0.257814,-0.746480,0.018143,0.017330,-0.010548,0.633577,-0.773413,0.305665,-0.630772,0.898601
515,2.145833,0.269860,0.405100,-0.531267,0.693415,0.381713,-0.364186,0.157572,-0.003396,-0.019622,0.659877,-0.751109,0.257811,-0.746492,0.018140,0.013325,-0.014475,0.634015,-0.773070,0.305712,-0.635525,0.896724
516,2.150000,0.265563,0.401396,-0.536157,0.693465,0.383169,-0.375532,0.157127,-0.003359,-0.020245,0.660226,-0.750787,0.257880,-0.746494,0.018166,0.013169,-0.012785,0.634325,-0.772849,0.306137,-0.640349,0.896198
517,2.154167,0.260334,0.397704,-0.540673,0.694068,0.384656,-0.387013,0.156572,-0.003542,-0.020869,0.660654,-0.750392,0.257961,-0.746476,0.018222,0.015237,-0.009318,0.634429,-0.772775,0.306332,-0.645054,0.896167
518,2.158333,0.255094,0.394158,-0.545275,0.694436,0.386083,-0.398586,0.155829,-0.003654,-0.021618,0.661102,-0.749976,0.258034,-0.746449,0.018286,0.017089,-0.008189,0.634333,-0.772828,0.306469,-0.649884,0.896023
519,2.162500,0.249822,0.391291,-0.549145,0.694924,0.387986,-0.410437,0.155286,-0.003623,-0.022311,0.661752,-0.749382,0.258158,-0.746442,0.018311,0.019402,-0.005363,0.634854,-0.772370,0.306409,-0.654462,0.896112
520,2.166667,0.244589,0.386560,-0.553358,0.696091,0.389599,-0.422220,0.154463,-0.003473,-0.023096,0.662645,-0.748570,0.258307,-0.746476,0.018312,0.021696,-0.003737,0.634827,-0.772341,0.306315,-0.659167,0.896167
521,2.170833,0.239516,0.381729,-0.557976,0.696835,0.390990,-0.434208,0.153099,-0.003288,-0.023712,0.663196,-0.748063,0.258405,-0.746484,0.018340,0.023932,-0.001591,0.634760,-0.772337,0.306280,-0.663780,0.896258
522,2.175000,0.234788,0.376090,-0.562697,0.697712,0.392302,-0.446338,0.151553,-0.003705,-0.023946,0.663397,-0.747875,0.258427,-0.746460,0.018402,0.023048,-0.000654,0.635177,-0.772022,0.306198,-0.668257,0.895626
523,2.179167,0.229005,0.369636,-0.567463,0.699222,0.393389,-0.458454,0.149539,-0.003993,-0.024111,0.663743,-0.747561,0.258481,-0.746441,0.018436,0.021798,-0.000176,0.635674,-0.771649,0.306015,-0.672735,0.894951
524,2.183333,0.223067,0.363841,-0.571663,0.700758,0.394949,-0.470783,0.147798,-0.003726,-0.024936,0.663849,-0.747441,0.258545,-0.746386,0.018366,0.019607,-0.002047,0.636439,-0.771075,0.305551,-0.677156,0.893883
525,2.187500,0.218225,0.357804,-0.575659,0.702119,0.396802,-0.483456,0.146195,-0.006028,-0.022149,0.664386,-0.747037,0.258795,-0.746442,0.018590,0.019176,-0.002957,0.636461,-0.771065,0.305305,-0.681662,0.893514
526,2.191667,0.213215,0.350465,-0.579626,0.704093,0.398228,-0.496136,0.144167,-0.005745,-0.022810,0.664908,-0.746555,0.258648,-0.746402,0.018650,0.019524,-0.003433,0.636619,-0.770923,0.305098,-0.686187,0.893374
527,2.195833,0.207886,0.341798,-0.583764,0.706525,0.399823,-0.508974,0.141970,-0.006437,-0.022252,0.665395,-0.746132,0.258625,-0.746390,0.018723,0.017501,-0.005928,0.636547,-0.771017,0.304999,-0.690622,0.892564
528,2.200000,0.200705,0.335136,-0.587239,0.708909,0.400934,-0.521701,0.139204,-0.007717,-0.021398,0.665443,-0.746102,0.258851,-0.746362,0.018900,0.020680,-0.006623,0.636534,-0.770943,0.304633,-0.695235,0.893037
529,2.204167,0.194370,0.328238,-0.590457,0.711225,0.402285,-0.534386,0.136718,-0.007947,-0.022006,0.665709,-0.745844,0.258858,-0.746323,0.018986,0.021352,-0.006181,0.636940,-0.770593,0.304395,-0.699815,0.893670
530,2.208333,0.188255,0.321055,-0.593915,0.713267,0.403718,-0.547419,0.134209,-0.008761,-0.021920,0.666089,-0.745498,0.258930,-0.746282,0.019082,0.020937,-0.005332,0.637703,-0.769979,0.304292,-0.704251,0.893986
531,2.212500,0.182657,0.314216,-0.596397,0.715693,0.405306,-0.560661,0.131396,-0.009646,-0.021667,0.666512,-0.745117,0.259103,-0.746255,0.019172,0.021185,-0.006245,0.638013,-0.769709,0.304228,-0.708742,0.894340
532,2.216667,0.178681,0.304856,-0.601009,0.716885,0.407017,-0.574243,0.129017,-0.009886,-0.022626,0.667096,-0.744563,0.259274,-0.746209,0.019252,0.021861,-0.010185,0.638273,-0.769432,0.304132,-0.713077,0.894403
533,2.220833,0.173063,0.296791,-0.604051,0.719087,0.408237,-0.587526,0.126349,-0.009864,-0.023726,0.667635,-0.744045,0.259458,-0.746107,0.019339,0.022206,-0.009998,0.638768,-0.769014,0.304235,-0.717611,0.895190
534,2.225000,0.166141,0.289328,-0.609028,0.719563,0.409496,-0.601022,0.123400,-0.010439,-0.024952,0.668284,-0.743414,0.259575,-0.746001,0.019458,0.025505,0.002122,0.640787,-0.767292,0.303968,-0.722413,0.898229
535,2.229167,0.158063,0.282330,-0.611843,0.721772,0.410653,-0.614735,0.119937,-0.010980,-0.026516,0.669311,-0.742427,0.259725,-0.745921,0.019623,0.024190,0.002263,0.642165,-0.766181,0.303714,-0.726768,0.898863
536,2.233333,0.149194,0.276559,-0.615556,0.722736,0.411690,-0.628368,0.116981,-0.013282,-0.026878,0.670253,-0.741527,0.259924,-0.745730,0.019945,0.024381,0.003545,0.643289,-0.765227,0.303486,-0.731253,0.900174
537,2.237500,0.143930,0.268780,-0.618247,0.724440,0.413065,-0.642393,0.113753,-0.015367,-0.025006,0.671492,-0.740431,0.260376,-0.745795,0.020230,0.027683,0.005345,0.643284,-0.765109,0.303725,-0.735927,0.902390
538,2.241667,0.135501,0.261724,-0.623816,0.723874,0.413765,-0.656598,0.111085,-0.017192,-0.023618,0.672915,-0.739143,0.260755,-0.745693,0.020602,0.029333,0.006858,0.643562,-0.764801,0.303844,-0.740423,0.904400
539,2.245833,0.131804,0.252031,-0.628513,0.723933,0.414737,-0.670770,0.107914,-0.014172,-0.031370,0.673199,-0.738660,0.260648,-0.745428,0.020366,0.026739,0.004420,0.644380,-0.764225,0.303798,-0.744824,0.905178
540,2.250000,0.121681,0.246237,-0.632949,0.723835,0.415433,-0.685042,0.104670,-0.016373,-0.032811,0.674714,-0.737167,0.260872,-0.745660,0.020580,0.024857,0.003169,0.645246,-0.763564,0.303782,-0.749054,0.906263
541,2.254167,0.111767,0.238631,-0.638751,0.722883,0.416128,-0.699407,0.101516,-0.019026,-0.033152,0.676169,-0.735755,0.261134,-0.745737,0.020964,0.020291,-0.007251,0.646233,-0.762836,0.303977,-0.753685,0.905995
542,2.258333,0.099389,0.232612,-0.641689,0.724050,0.416742,-0.714705,0.098414,-0.022605,-0.032177,0.677345,-0.734614,0.261381,-0.745746,0.021448,0.018010,-0.011185,0.647091,-0.762118,0.303993,-0.757738,0.906514
543,2.262500,0.092361,0.225776,-0.644394,0.724742,0.417713,-0.729258,0.095271,-0.028358,-0.027681,0.677691,-0.734278,0.261912,-0.745955,0.022224,0.017258,-0.014143,0.647683,-0.761583,0.303978,-0.761881,0.907512
544,2.266667,0.078979,0.218261,-0.647795,0.725594,0.418646,-0.744222,0.092560,-0.036969,-0.018712,0.677411,-0.734437,0.262652,-0.745826,0.023108,0.015392,-0.013199,0.648621,-0.760841,0.304217,-0.766261,0.909279
545,2.270833,0.067753,0.212400,-0.651211,0.725411,0.419813,-0.759041,0.089229,-0.049432,-0.009173,0.678797,-0.732603,0.262747,-0.746071,0.023781,0.019848,-0.012122,0.648781,-0.760620,0.304684,-0.770665,0.911740
546,2.275000,0.058944,0.204153,-0.655016,0.725122,0.420532,-0.773928,0.086054,-0.051377,-0.013253,0.680360,-0.730955,0.262735,-0.745892,0.024515,0.017914,-0.011977,0.649222,-0.760294,0.305208,-0.775009,0.913492
547,2.279167,0.043996,0.197536,-0.659982,0.723511,0.420469,-0.789056,0.083592,-0.056894,-0.007995,0.683937,-0.727275,0.262378,-0.746409,0.025654,0.017958,-0.011770,0.649256,-0.760267,0.305630,-0.779612,0.915320
548,2.283333,0.040786,0.186751,-0.662756,0.724027,0.421862,-0.803856,0.080330,-0.061077,-0.007093,0.685628,-0.725351,0.262405,-0.746454,0.026277,0.016463,-0.013485,0.649453,-0.760104,0.305959,-0.783920,0.916881
549,2.287500,0.032271,0.180713,-0.664713,0.724195,0.422693,-0.818333,0.077641,-0.062958,-0.008266,0.686574,-0.724282,0.262528,-0.746106,0.027010,0.015855,-0.013234,0.649665,-0.759940,0.306391,-0.788405,0.918628
550,2.291667,0.025151,0.170392,-0.664574,0.727101,0.424301,-0.834777,0.074471,-0.066927,-0.016412,0.687882,-0.722544,0.262387,-0.746900,0.026851,0.014295,-0.010030,0.650396,-0.759394,0.306613,-0.793016,0.921379
551,2.295833,0.016648,0.160119,-0.667902,0.726630,0.424711,-0.849903,0.071804,-0.059778,-0.030888,0.686570,-0.723944,0.263436,-0.747331,0.026458,0.011996,-0.010515,0.650886,-0.759008,0.306877,-0.797305,0.923223
552,2.300000,0.000361,0.156796,-0.670479,0.725171,0.424206,-0.864967,0.070051,-0.069663,-0.034043,0.688312,-0.721259,0.262735,-0.747570,0.026697,0.011103,-0.010476,0.651344,-0.758629,0.307142,-0.801677,0.924995
553,2.304167,-0.012267,0.151498,-0.671506,0.725243,0.424661,-0.880396,0.068109,-0.076213,-0.036274,0.687871,-0.720909,0.262887,-0.747878,0.027098,0.010174,-0.010817,0.651751,-0.758288,0.307451,-0.806079,0.926735
554,2.308333,-0.020996,0.144139,-0.670901,0.727100,0.425596,-0.895767,0.065861,-0.080313,-0.038161,0.688521,-0.719745,0.262834,-0.748148,0.027732,0.009150,-0.010933,0.652197,-0.757916,0.307704,-0.810490,0.928451
555,2.312500,-0.026602,0.135247,-0.670897,0.728627,0.426581,-0.911099,0.063793,-0.085000,-0.039732,0.688505,-0.719136,0.262804,-0.748429,0.028335,0.008538,-0.010837,0.652786,-0.757417,0.307938,-0.814894,0.930219
556,2.316667,-0.034556,0.128403,-0.667628,0.732524,0.428217,-0.926302,0.061451,-0.089624,-0.040729,0.688511,-0.718513,0.262720,-0.748599,0.029133,0.007705,-0.011041,0.653336,-0.756948,0.308197,-0.819333,0.931879
557,2.320833,-0.043755,0.122829,-0.666696,0.733836,0.429234,-0.941484,0.059433,-0.095655,-0.040945,0.688311,-0.717914,0.262616,-0.748866,0.029869,0.006946,-0.011746,0.654599,-0.755853,0.308346,-0.824036,0.933578
558,2.325000,-0.051479,0.118578,-0.665097,0.735483,0.430140,-0.956758,0.057295,-0.102535,-0.040767,0.688226,-0.717056,0.262420,-0.749152,0.030593,0.005723,-0.012247,0.654796,-0.755685,0.308594,-0.828420,0.935192
559,2.329167,-0.058493,0.115676,-0.664099,0.736322,0.431273,-0.971955,0.055391,-0.109704,-0.040308,0.687866,-0.716367,0.262225,-0.749453,0.031312,0.004626,-0.012927,0.654906,-0.755586,0.308818,-0.832696,0.936782
560,2.333333,-0.067050,0.118922,-0.661865,0.737087,0.431970,-0.987126,0.054228,-0.115690,-0.040100,0.687692,-0.715603,0.261987,-0.749732,0.032136,0.003038,-0.013518,0.654914,-0.755577,0.309078,-0.836864,0.938543
561,2.337500,-0.073026,0.120574,-0.661502,0.736576,0.432983,-1.002162,0.052704,-0.120968,-0.038620,0.686595,-0.715865,0.262025,-0.749677,0.033115,0.006294,-0.016097,0.655494,-0.755003,0.309633,-0.841643,0.939283
562,2.341667,-0.078872,0.123082,-0.658521,0.738228,0.433426,-1.017480,0.051172,-0.126902,-0.039415,0.686004,-0.715361,0.261867,-0.750041,0.033776,0.005598,-0.016361,0.655940,-0.754615,0.309925,-0.846250,0.940821
563,2.345833,-0.090142,0.119061,-0.652481,0.742945,0.433873,-1.032698,0.049566,-0.130711,-0.037632,0.688291,-0.712568,0.260819,-0.750979,0.034969,0.005309,-0.016696,0.656428,-0.754185,0.310226,-0.850956,0.942285
564,2.350000,-0.096503,0.121338,-0.648710,0.745077,0.434519,-1.047890,0.048346,-0.137033,-0.038740,0.687729,-0.711864,0.260509,-0.751347,0.035658,0.005004,-0.017011,0.656726,-0.753921,0.310502,-0.855487,0.943641
565,2.354167,-0.103323,0.123758,-0.644392,0.747508,0.434879,-1.062706,0.047161,-0.142545,-0.039841,0.687024,-0.711401,0.260291,-0.751754,0.036389,0.000004,-0.016117,0.657385,-0.753382,0.310228,-0.860121,0.945020
566,2.358333,-0.116562,0.133243,-0.642110,0.745892,0.434833,-1.077741,0.045931,-0.147780,-0.041512,0.686272,-0.710963,0.259994,-0.752162,0.037146,-0.000310,-0.016923,0.657631,-0.753150,0.310482,-0.864711,0.946337
567,2.362500,-0.112729,0.133871,-0.639378,0.748709,0.434734,-1.092069,0.044774,-0.154159,-0.041974,0.685648,-0.710184,0.259746,-0.752573,0.037833,0.000955,-0.019539,0.657970,-0.752790,0.311038,-0.869323,0.947257
568,2.366667,-0.121734,0.139595,-0.634219,0.750639,0.435622,-1.105163,0.045074,-0.160664,-0.042862,0.685005,-0.709308,0.259415,-0.753016,0.038607,0.000225,-0.020170,0.658375,-0.752420,0.311287,-0.874035,0.948480
569,2.370833,-0.135750,0.143669,-0.629421,0.751506,0.435864,-1.118618,0.044109,-0.166522,-0.044170,0.684241,-0.708614,0.259154,-0.753421,0.039341,-0.002940,-0.016945,0.659158,-0.751808,0.311453,-0.878900,0.950083
570,2.375000,-0.142001,0.148279,-0.626222,0.752127,0.435926,-1.131485,0.044033,-0.172462,-0.045436,0.683644,-0.707689,0.258880,-0.753865,0.040099,-0.002940,-0.018098,0.659379,-0.751587,0.311632,-0.883575,0.951128
571,2.379167,-0.147630,0.150301,-0.622308,0.753889,0.436071,-1.143921,0.044053,-0.178512,-0.046966,0.682662,-0.707036,0.258613,-0.754299,0.040832,-0.002843,-0.019169,0.659558,-0.751404,0.311888,-0.888369,0.952099
572,2.383333,-0.154327,0.153549,-0.618624,0.754924,0.435988,-1.155912,0.044318,-0.184278,-0.048602,0.681947,-0.706136,0.258372,-0.754719,0.041550,-0.002409,-0.020352,0.659754,-0.751202,0.312124,-0.893186,0.952945
573,2.387500,-0.164346,0.159076,-0.614614,0.754940,0.435713,-1.167565,0.044771,-0.189727,-0.050541,0.681089,-0.705385,0.258004,-0.755210,0.042334,-0.002131,-0.021345,0.660013,-0.750948,0.312427,-0.898045,0.953742
574,2.391667,-0.171480,0.161515,-0.611266,0.755553,0.435239,-1.178548,0.045304,-0.194892,-0.052516,0.680534,-0.704367,0.257715,-0.755708,0.043105,-0.001771,-0.022419,0.660150,-0.750797,0.312698,-0.902901,0.954449
575,2.395833,-0.175972,0.162047,-0.609367,0.755941,0.434388,-1.189231,0.046054,-0.200625,-0.054535,0.679846,-0.703268,0.257445,-0.756255,0.043876,-0.001354,-0.023572,0.660280,-0.750648,0.313035,-0.907774,0.955059
576,2.400000,-0.183625,0.164285,-0.605890,0.756432,0.434148,-1.199087,0.046580,-0.206436,-0.056447,0.679074,-0.702180,0.257256,-0.756840,0.044595,-0.000822,-0.024624,0.660389,-0.750520,0.313362,-0.912678,0.955559
577,2.404167,-0.191519,0.166728,-0.602862,0.756359,0.433586,-1.208630,0.047253,-0.211893,-0.058537,0.678317,-0.701114,0.257076,-0.757380,0.045360,-0.000257,-0.025550,0.660396,-0.750483,0.313789,-0.917581,0.955947
578,2.408333,-0.198745,0.168893,-0.600107,0.756206,0.432891,-1.217728,0.047724,-0.218708,-0.062096,0.676484,-0.700485,0.257066,-0.757762,0.045993,0.000268,-0.026575,0.660285,-0.750545,0.314213,-0.922499,0.956237
579,2.412500,-0.205250,0.172061,-0.597325,0.755956,0.432135,-1.226339,0.048115,-0.224583,-0.064663,0.675334,-0.699503,0.256974,-0.758285,0.046676,0.000898,-0.027739,0.660086,-0.750677,0.314664,-0.927415,0.956385
580,2.416667,-0.210340,0.174923,-0.594203,0.756361,0.431238,-1.234288,0.048343,-0.230524,-0.067108,0.674379,-0.698261,0.256883,-0.758873,0.047389,0.001428,-0.028665,0.659872,-0.750830,0.315151,-0.932375,0.956416
581,2.420833,-0.214410,0.177980,-0.591340,0.756749,0.430164,-1.241610,0.048204,-0.237317,-0.068648,0.673564,-0.696620,0.256810,-0.759549,0.048137,0.002211,-0.029744,0.659618,-0.751009,0.315585,-0.937304,0.956371
582,2.425000,-0.218770,0.182130,-0.588212,0.756951,0.428977,-1.248464,0.047774,-0.243420,-0.070679,0.672765,-0.695082,0.256647,-0.760252,0.048910,0.003076,-0.030962,0.659224,-0.751303,0.316068,-0.942271,0.956169
583,2.429167,-0.224149,0.188092,-0.584816,0.756551,0.427715,-1.254755,0.047076,-0.248634,-0.073740,0.671830,-0.693822,0.256568,-0.760938,0.049591,0.003868,-0.032189,0.658751,-0.751663,0.316552,-0.947227,0.955894
584,2.433333,-0.228742,0.194711,-0.581360,0.756165,0.426388,-1.260512,0.046075,-0.253819,-0.076689,0.670888,-0.692535,0.256403,-0.761689,0.050359,0.004593,-0.033274,0.658153,-0.752134,0.317052,-0.952201,0.955472
585,2.437500,-0.230142,0.200903,-0.578388,0.756399,0.424697,-1.265696,0.044659,-0.259447,-0.079427,0.669978,-0.691020,0.256301,-0.762422,0.051105,0.005438,-0.034223,0.657479,-0.752676,0.317562,-0.957215,0.954912
586,2.441667,-0.231144,0.208109,-0.575416,0.756412,0.422906,-1.270347,0.042961,-0.264833,-0.082100,0.669072,-0.689540,0.256162,-0.763244,0.051847,0.006469,-0.035454,0.656723,-0.753271,0.317984,-0.962220,0.954258
587,2.445833,-0.231367,0.215745,-0.572886,0.756125,0.420890,-1.274462,0.040993,-0.270292,-0.084840,0.668236,-0.687899,0.256042,-0.764079,0.052561,0.007436,-0.034223,0.656121,-0.753842,0.318156,-0.967170,0.953853
588,2.450000,-0.229640,0.223878,-0.570790,0.755873,0.418660,-1.278077,0.038708,-0.275808,-0.088045,0.667188,-0.686322,0.255897,-0.764883,0.053345,0.008970,-0.035523,0.655353,-0.754434,0.318591,-0.972240,0.952915
589,2.454167,-0.222273,0.228963,-0.570259,0.756951,0.416382,-1.281008,0.036287,-0.281304,-0.090566,0.666270,-0.684654,0.255732,-0.765774,0.054100,0.010236,-0.036763,0.654466,-0.755128,0.318983,-0.977267,0.951913
590,2.458333,-0.207306,0.226891,-0.572242,0.760318,0.413770,-1.283257,0.034286,-0.287005,-0.093200,0.665547,-0.682634,0.255498,-0.766676,0.054840,0.010618,-0.036917,0.653626,-0.755842,0.319410,-0.982370,0.950885
591,2.462500,-0.194415,0.224495,-0.577468,0.760483,0.411059,-1.285342,0.032094,-0.292945,-0.096145,0.664588,-0.680633,0.255343,-0.767585,0.055510,0.011684,-0.037508,0.652829,-0.756486,0.319863,-0.987489,0.949681
592,2.466667,-0.173402,0.212886,-0.588173,0.760699,0.408638,-1.287025,0.030246,-0.298939,-0.098805,0.663690,-0.678520,0.255176,-0.768513,0.056249,0.012741,-0.037906,0.651911,-0.757240,0.320329,-0.992575,0.948341
593,2.470833,-0.151056,0.192215,-0.600748,0.761142,0.406634,-1.288351,0.028607,-0.304564,-0.101857,0.662649,-0.676582,0.254891,-0.769500,0.057006,0.014164,-0.038884,0.650768,-0.758148,0.320729,-0.997610,0.946883
594,2.475000,-0.136495,0.175364,-0.609194,0.761248,0.404552,-1.289361,0.026479,-0.310986,-0.104129,0.661756,-0.674183,0.254657,-0.770525,0.057744,0.014993,-0.038947,0.649764,-0.758989,0.321266,-1.002687,0.945405
595,2.479167,-0.114834,0.158438,-0.620088,0.759738,0.402656,-1.289793,0.025039,-0.317799,-0.106187,0.660945,-0.671476,0.254370,-0.771568,0.058433,0.016416,-0.039397,0.648725,-0.759825,0.321745,-1.007668,0.943797
596,2.483333,-0.096052,0.142827,-0.626708,0.760008,0.401110,-1.289479,0.022896,-0.325295,-0.108362,0.659920,-0.668541,0.254050,-0.772665,0.059203,0.017725,-0.039619,0.647574,-0.760765,0.322232,-1.012639,0.942116
597,2.487500,-0.086018,0.132379,-0.629033,0.761179,0.400170,-1.288544,0.020769,-0.333109,-0.110331,0.659066,-0.665205,0.253673,-0.773867,0.059976,0.019267,-0.040012,0.646503,-0.761618,0.322649,-1.017565,0.940294
598,2.491667,-0.089461,0.125542,-0.625615,0.764750,0.399490,-1.288236,0.019423,-0.341481,-0.112064,0.658067,-0.661649,0.253243,-0.775083,0.060740,0.020322,-0.039101,0.645540,-0.762454,0.323225,-1.022524,0.938430
599,2.495833,-0.096805,0.120881,-0.622754,0.766938,0.398807,-1.288074,0.018214,-0.349891,-0.113758,0.656946,-0.658071,0.252815,-0.776441,0.061561,0.020856,-0.038196,0.644494,-0.763370,0.323637,-1.027318,0.936386
600,2.500000,-0.104825,0.116224,-0.620764,0.768216,0.398369,-1.287895,0.017346,-0.358696,-0.115713,0.655505,-0.654416,0.252355,-0.777832,0.062468,0.022547,-0.037627,0.643305,-0.764353,0.324041,-1.032071,0.934296
601,2.504167,-0.105030,0.106996,-0.622246,0.768330,0.397519,-1.287978,0.016271,-0.367952,-0.117607,0.654300,-0.650132,0.251967,-0.779337,0.063328,0.024163,-0.036713,0.642151,-0.765317,0.324496,-1.036813,0.932113
602,2.508333,-0.099613,0.098081,-0.624278,0.768592,0.396707,-1.288367,0.014648,-0.376848,-0.120220,0.652664,-0.646191,0.251455,-0.780866,0.064160,0.025051,-0.034852,0.641197,-0.766175,0.325030,-1.041512,0.930009
603,2.512500,-0.094972,0.091305,-0.625740,0.768826,0.396029,-1.289021,0.013229,-0.386352,-0.122762,0.650930,-0.641835,0.250916,-0.782655,0.065025,0.027092,-0.033684,0.640181,-0.767007,0.325401,-1.046075,0.927702
604,2.516667,-0.093292,0.086642,-0.625602,0.769683,0.395785,-1.289747,0.012112,-0.396251,-0.124909,0.648839,-0.637487,0.250350,-0.784387,0.065911,0.027959,-0.031521,0.639174,-0.767907,0.325880,-1.050608,0.925388
605,2.520833,-0.092114,0.081114,-0.625701,0.770347,0.395684,-1.290260,0.011230,-0.406868,-0.124267,0.647008,-0.632769,0.249529,-0.786668,0.066923,0.029226,-0.029688,0.638236,-0.768713,0.326289,-1.055025,0.923018
606,2.525000,-0.089923,0.074890,-0.627006,0.770175,0.395658,-1.290276,0.010545,-0.416997,-0.127552,0.643996,-0.628581,0.248737,-0.788624,0.067900,0.031233,-0.029109,0.637068,-0.769624,0.326586,-1.059270,0.920674
607,2.529167,-0.085880,0.068308,-0.627689,0.770691,0.395672,-1.290029,0.009858,-0.426841,-0.129395,0.641352,-0.624284,0.247772,-0.790958,0.068922,0.031031,-0.026505,0.636272,-0.770385,0.327041,-1.063586,0.918327
608,2.533333,-0.083421,0.062376,-0.628859,0.770510,0.395154,-1.289907,0.008711,-0.435222,-0.131785,0.639401,-0.619986,0.246539,-0.793541,0.070068,0.032584,-0.024934,0.635276,-0.771195,0.327376,-1.067750,0.915971
609,2.537500,-0.077537,0.059669,-0.630261,0.770194,0.394279,-1.290076,0.007710,-0.443065,-0.134993,0.636512,-0.616703,0.245328,-0.796146,0.071339,0.032380,-0.022474,0.634555,-0.771872,0.327871,-1.071967,0.913669
610,2.541667,-0.071376,0.057520,-0.630077,0.771103,0.393654,-1.290450,0.007488,-0.456582,-0.138979,0.634025,-0.608466,0.244009,-0.798719,0.071554,0.032151,-0.020033,0.633787,-0.772580,0.328302,-1.075986,0.911430
611,2.545833,-0.064211,0.052168,-0.628496,0.773401,0.393423,-1.291065,0.007436,-0.462839,-0.143357,0.630105,-0.606793,0.242829,-0.801759,0.072898,0.031386,-0.018256,0.632815,-0.773451,0.328777,-1.079943,0.909513
612,2.550000,-0.056906,0.047349,-0.626965,0.775522,0.392969,-1.291817,0.007416,-0.466367,-0.150416,0.626027,-0.606603,0.241025,-0.805082,0.074662,0.030673,-0.015991,0.631980,-0.774212,0.329320,-1.083791,0.907777
613,2.554167,-0.048110,0.044603,-0.625652,0.777339,0.392365,-1.292512,0.007171,-0.471580,-0.156233,0.620409,-0.606874,0.239505,-0.808268,0.076330,0.029383,-0.014712,0.631172,-0.774947,0.329742,-1.087501,0.906053
614,2.558333,-0.040283,0.041877,-0.624076,0.779200,0.391946,-1.293085,0.007027,-0.478234,-0.159386,0.615294,-0.606054,0.238607,-0.811456,0.077874,0.027483,-0.014282,0.630428,-0.775629,0.330243,-1.091080,0.904484
615,2.562500,-0.035851,0.039925,-0.622676,0.780637,0.391731,-1.293702,0.006962,-0.472564,-0.162889,0.615230,-0.609625,0.236438,-0.816454,0.080130,0.025704,-0.013485,0.629426,-0.776518,0.330575,-1.094595,0.903062
616,2.566667,-0.033286,0.038905,-0.622361,0.781054,0.391432,-1.294282,0.006847,-0.482257,-0.171397,0.605985,-0.608961,0.235413,-0.819321,0.082458,0.023041,-0.013205,0.628571,-0.777299,0.330863,-1.097998,0.901870
617,2.570833,-0.030186,0.037381,-0.622357,0.781257,0.391218,-1.294646,0.006724,-0.490831,-0.181539,0.598445,-0.606623,0.233894,-0.821890,0.083820,0.020337,-0.012893,0.627728,-0.778060,0.331042,-1.101284,0.900821
618,2.575000,-0.027685,0.036164,-0.622242,0.781499,0.391226,-1.294797,0.006614,-0.495348,-0.186994,0.592906,-0.606734,0.232282,-0.825901,0.086043,0.017999,-0.012434,0.627054,-0.778669,0.331209,-1.104511,0.899911
619,2.579167,-0.026176,0.035529,-0.622030,0.781748,0.391362,-1.294847,0.006534,-0.500577,-0.185963,0.589165,-0.606404,0.231365,-0.830440,0.087983,0.015687,-0.011662,0.626520,-0.779161,0.331337,-1.107655,0.899233
620,2.583333,-0.025171,0.035243,-0.621992,0.781825,0.391527,-1.294872,0.006472,-0.500896,-0.187792,0.588260,-0.606455,0.229161,-0.835687,0.090456,0.013503,-0.011137,0.626004,-0.779624,0.331398,-1.110778,0.898703
621,2.587500,-0.023918,0.034705,-0.622180,0.781739,0.391624,-1.294957,0.006390,-0.503843,-0.188556,0.586863,-0.605129,0.227599,-0.840577,0.092381,0.011361,-0.011021,0.625629,-0.779961,0.331437,-1.113769,0.898288
622,2.591667,-0.028339,0.036950,-0.623085,0.780767,0.391410,-1.295057,0.006669,-0.505612,-0.189977,0.588024,-0.602074,0.225777,-0.845643,0.093516,0.012299,-0.009797,0.626538,-0.779233,0.330759,-1.116971,0.898447
623,2.595833,-0.030382,0.038030,-0.623733,0.780120,0.391271,-1.295137,0.006724,-0.502799,-0.195250,0.586729,-0.604003,0.224500,-0.851721,0.095012,0.009896,-0.009793,0.626536,-0.779268,0.330692,-1.119815,0.897961
624,2.600000,-0.030074,0.038195,-0.623871,0.780014,0.391312,-1.295138,0.006748,-0.501332,-0.195973,0.590581,-0.601228,0.222571,-0.857363,0.095967,0.008323,-0.010324,0.626714,-0.779136,0.330704,-1.122537,0.897525
625,2.604167,-0.026768,0.036812,-0.623130,0.780793,0.391621,-1.295044,0.006693,-0.498780,-0.198329,0.597646,-0.595571,0.219984,-0.862940,0.097434,0.009302,-0.008144,0.627170,-0.778785,0.330570,-1.125283,0.897917
626,2.608333,-0.025024,0.036210,-0.623025,0.780962,0.391773,-1.295018,0.006724,-0.487941,-0.191830,0.608216,-0.595977,0.216779,-0.871423,0.099559,0.010068,-0.007934,0.627415,-0.778579,0.330670,-1.128061,0.898073
627,2.612500,-0.025431,0.036379,-0.622868,0.781067,0.391780,-1.295063,0.006767,-0.471333,-0.203934,0.614606,-0.598762,0.212307,-0.879558,0.101400,0.007244,-0.006693,0.626905,-0.779033,0.331306,-1.130323,0.897583
628,2.616667,-0.025938,0.035935,-0.622824,0.781105,0.391764,-1.295047,0.006735,-0.458571,-0.210205,0.622874,-0.597959,0.208097,-0.887459,0.103013,0.007394,-0.005898,0.627333,-0.778694,0.331355,-1.132942,0.897903
629,2.620833,-0.029334,0.036883,-0.622673,0.781062,0.391613,-1.295034,0.006608,-0.452163,-0.208904,0.631136,-0.594623,0.205524,-0.894825,0.103136,0.007583,-0.006617,0.627609,-0.778463,0.331479,-1.135604,0.898173
630,2.625000,-0.028960,0.036569,-0.622777,0.781007,0.391549,-1.295015,0.006514,-0.444641,-0.208657,0.640151,-0.590732,0.203215,-0.901952,0.103598,0.009371,-0.007174,0.627569,-0.778472,0.331719,-1.138326,0.898931
631,2.629167,-0.028458,0.036119,-0.622554,0.781225,0.391594,-1.294981,0.006490,-0.433589,-0.210972,0.648653,-0.588847,0.199750,-0.909990,0.103380,0.011051,-0.006843,0.627678,-0.778365,0.332051,-1.140915,0.899747
632,2.633333,-0.027615,0.035570,-0.622203,0.781560,0.391669,-1.294915,0.006444,-0.421517,-0.212502,0.657202,-0.587582,0.196492,-0.918345,0.103362,0.012065,-0.006437,0.627857,-0.778209,0.332283,-1.143461,0.900482
633,2.637500,-0.026509,0.035012,-0.621943,0.781830,0.391764,-1.294866,0.006393,-0.408883,-0.213665,0.665257,-0.587022,0.193162,-0.927101,0.103186,0.015612,-0.002448,0.629509,-0.776832,0.331646,-1.146166,0.902404
634,2.641667,-0.025596,0.034551,-0.621745,0.782039,0.391829,-1.294834,0.006328,-0.394875,-0.219911,0.670750,-0.588054,0.190300,-0.936917,0.102555,0.016257,-0.002777,0.629550,-0.776785,0.331842,-1.148642,0.903165
635,2.645833,-0.024689,0.034095,-0.621642,0.782169,0.391873,-1.294826,0.006289,-0.381913,-0.221663,0.678443,-0.587131,0.187068,-0.945909,0.102192,0.016920,-0.002967,0.629706,-0.776644,0.331969,-1.151089,0.904073
636,2.650000,-0.022809,0.033516,-0.621745,0.782170,0.391953,-1.294819,0.006351,-0.369803,-0.223541,0.685209,-0.586314,0.184095,-0.954964,0.101928,0.017507,-0.003258,0.629863,-0.776502,0.332064,-1.153461,0.904990
637,2.654167,-0.021434,0.033039,-0.621853,0.782143,0.392007,-1.294821,0.006410,-0.357318,-0.223971,0.690913,-0.587196,0.181402,-0.964024,0.101744,0.017985,-0.002730,0.630135,-0.776273,0.332003,-1.155800,0.906146
638,2.658333,-0.021086,0.032906,-0.621774,0.782221,0.392032,-1.294800,0.006437,-0.344290,-0.223922,0.696134,-0.588830,0.177985,-0.973247,0.101148,0.017830,-0.003498,0.630241,-0.776187,0.332091,-1.158102,0.906988
639,2.662500,-0.021192,0.032913,-0.621727,0.782255,0.392035,-1.294772,0.006451,-0.331483,-0.228836,0.700351,-0.589289,0.174352,-0.982056,0.100400,0.017668,-0.004458,0.630150,-0.776259,0.332147,-1.160412,0.907888
640,2.666667,-0.021627,0.033086,-0.621727,0.782236,0.392031,-1.294754,0.006471,-0.318472,-0.229938,0.704243,-0.591393,0.171278,-0.991674,0.099418,0.017461,-0.004901,0.630031,-0.776358,0.332149,-1.162655,0.908990
641,2.670833,-0.021885,0.033177,-0.621750,0.782207,0.391979,-1.294747,0.006494,-0.305522,-0.225503,0.708306,-0.595069,0.167976,-1.004384,0.096281,0.019794,-0.006411,0.628875,-0.777228,0.332688,-1.165038,0.910232
642,2.675000,-0.022223,0.033258,-0.621739,0.782203,0.391915,-1.294750,0.006531,-0.290556,-0.224827,0.711343,-0.599183,0.165003,-1.014645,0.094806,0.019890,-0.006630,0.628534,-0.777499,0.332726,-1.167275,0.911507
643,2.679167,-0.022410,0.033398,-0.621803,0.782140,0.391855,-1.294748,0.006580,-0.272960,-0.225308,0.712484,-0.605884,0.162299,-1.024600,0.093659,0.021738,-0.004157,0.628879,-0.777188,0.332340,-1.169423,0.913573
644,2.683333,-0.022575,0.033507,-0.621833,0.782107,0.391806,-1.294741,0.006630,-0.262801,-0.223428,0.716279,-0.606596,0.160221,-1.035448,0.092138,0.021660,-0.003690,0.628211,-0.777733,0.332359,-1.171746,0.915075
645,2.687500,-0.022720,0.033617,-0.621804,0.782121,0.391764,-1.294730,0.006674,-0.251433,-0.221396,0.717724,-0.610440,0.157545,-1.045864,0.090404,0.022216,-0.004499,0.627223,-0.778510,0.332453,-1.174103,0.916373
646,2.691667,-0.022612,0.033703,-0.621855,0.782080,0.391750,-1.294699,0.006725,-0.240521,-0.219114,0.719022,-0.614122,0.155195,-1.056421,0.088438,0.022476,-0.005573,0.626108,-0.779392,0.332436,-1.176402,0.917639
647,2.695833,-0.022471,0.033911,-0.621784,0.782131,0.391737,-1.294682,0.006785,-0.227688,-0.214694,0.721028,-0.618210,0.152719,-1.067204,0.086634,0.019184,-0.008328,0.623038,-0.781912,0.333257,-1.178541,0.918155
648,2.700000,-0.022256,0.033901,-0.621678,0.782222,0.391705,-1.294674,0.006826,-0.217271,-0.208927,0.723488,-0.621054,0.150234,-1.077953,0.084684,0.019151,-0.009720,0.621814,-0.782870,0.333117,-1.180643,0.919312
649,2.704167,-0.021889,0.033725,-0.621350,0.782501,0.391672,-1.294698,0.006853,-0.207674,-0.202963,0.725140,-0.624380,0.147991,-1.088760,0.082787,0.019571,-0.010815,0.620587,-0.783819,0.332903,-1.182786,0.920603
650,2.708333,-0.021748,0.033930,-0.621768,0.782164,0.391692,-1.294635,0.006940,-0.197685,-0.196756,0.725453,-0.629227,0.146225,-1.099477,0.080978,0.020127,-0.012091,0.619193,-0.784888,0.332588,-1.184975,0.921849
651,2.712500,-0.021388,0.034007,-0.621744,0.782190,0.391711,-1.294601,0.006999,-0.188942,-0.192267,0.726275,-0.632344,0.143943,-1.110602,0.078580,0.020765,-0.013185,0.617566,-0.786134,0.332377,-1.187021,0.923096
652,2.716667,-0.021108,0.033378,-0.621476,0.782437,0.391768,-1.294538,0.007127,-0.181506,-0.187613,0.727562,-0.634437,0.142125,-1.121541,0.076784,0.021398,-0.014419,0.616109,-0.787238,0.332111,-1.189059,0.924302
653,2.720833,-0.020680,0.033318,-0.621479,0.782449,0.391794,-1.294538,0.007193,-0.175212,-0.179815,0.726975,-0.639120,0.140635,-1.132465,0.074694,0.022055,-0.015531,0.614892,-0.788150,0.331776,-1.191051,0.925569
654,2.725000,-0.019922,0.033360,-0.621503,0.782447,0.391804,-1.294554,0.007231,-0.167418,-0.173448,0.726906,-0.643035,0.139239,-1.143449,0.072253,0.022567,-0.016443,0.613731,-0.789022,0.331426,-1.193094,0.926863
655,2.729167,-0.019716,0.033120,-0.621264,0.782653,0.391785,-1.294553,0.007264,-0.154417,-0.166967,0.727278,-0.647568,0.137098,-1.155061,0.069529,0.023067,-0.017518,0.612521,-0.789923,0.331035,-1.195154,0.928064
656,2.733333,-0.019419,0.032817,-0.621141,0.782771,0.391764,-1.294542,0.007282,-0.145678,-0.161340,0.726502,-0.651876,0.135436,-1.166155,0.067336,0.023254,-0.018400,0.611334,-0.790817,0.330602,-1.197260,0.929254
657,2.737500,-0.022458,0.034042,-0.621576,0.782291,0.391527,-1.294564,0.007537,-0.137774,-0.153923,0.726536,-0.655341,0.133779,-1.177273,0.065180,0.023780,-0.019309,0.610208,-0.791649,0.330186,-1.199360,0.930440
658,2.741667,-0.022310,0.034070,-0.621474,0.782376,0.391506,-1.294536,0.007568,-0.129981,-0.146605,0.725624,-0.659607,0.132351,-1.188246,0.062950,0.024192,-0.020359,0.609051,-0.792501,0.329776,-1.201422,0.931605
659,2.745833,-0.023837,0.034706,-0.621934,0.781937,0.391275,-1.294584,0.007678,-0.122719,-0.139690,0.724701,-0.663502,0.131092,-1.199357,0.060764,0.026026,-0.023728,0.606876,-0.794016,0.329353,-1.203171,0.932267
660,2.750000,-0.025468,0.037794,-0.623421,0.780557,0.391166,-1.294293,0.008005,-0.117365,-0.132442,0.723907,-0.666816,0.129968,-1.210370,0.058770,0.025577,-0.026411,0.605788,-0.794776,0.328859,-1.205063,0.932790
661,2.754167,-0.025463,0.037267,-0.622413,0.781386,0.391079,-1.294426,0.007990,-0.112469,-0.123287,0.722714,-0.670698,0.129281,-1.221269,0.056993,0.025766,-0.027082,0.604948,-0.795387,0.328225,-1.207140,0.933915
662,2.758333,-0.023485,0.035143,-0.621482,0.782287,0.391098,-1.294517,0.007827,-0.105959,-0.115388,0.721046,-0.674945,0.128089,-1.232455,0.054798,0.025522,-0.026823,0.604187,-0.795982,0.327558,-1.209152,0.935109
663,2.762500,-0.021097,0.032755,-0.620464,0.783266,0.391200,-1.294573,0.007667,-0.099501,-0.107804,0.719830,-0.678471,0.126767,-1.243365,0.052668,0.026374,-0.027258,0.603851,-0.796194,0.326737,-1.211203,0.936230
664,2.766667,-0.019617,0.031811,-0.619946,0.783754,0.391227,-1.294556,0.007592,-0.093170,-0.100065,0.718098,-0.682380,0.125620,-1.254204,0.050660,0.027163,-0.027883,0.603314,-0.796553,0.326082,-1.213251,0.937155
665,2.770833,-0.017306,0.030729,-0.619202,0.784439,0.391346,-1.294461,0.007508,-0.086864,-0.092771,0.716017,-0.686417,0.124679,-1.265056,0.048775,0.027679,-0.028167,0.602846,-0.796879,0.325335,-1.215321,0.938173
666,2.775000,-0.014830,0.030011,-0.618819,0.784820,0.391448,-1.294405,0.007339,-0.081178,-0.084988,0.714096,-0.690112,0.123728,-1.275718,0.047021,0.027168,-0.029363,0.601820,-0.797629,0.324796,-1.217365,0.938703
667,2.779167,-0.014175,0.029352,-0.618301,0.785265,0.391442,-1.294285,0.007257,-0.075667,-0.080752,0.708198,-0.697287,0.124036,-1.286386,0.045043,0.021314,-0.031701,0.598309,-0.800354,0.325074,-1.219903,0.938008
668,2.783333,-0.013980,0.029181,-0.618319,0.785261,0.391348,-1.294319,0.007228,-0.068358,-0.075093,0.705182,-0.701717,0.123422,-1.296842,0.043420,0.021187,-0.032610,0.596870,-0.801395,0.324598,-1.222013,0.938526
669,2.787500,-0.015081,0.029183,-0.618306,0.785251,0.391268,-1.294347,0.007302,-0.063293,-0.067328,0.701787,-0.706368,0.122817,-1.307176,0.041607,0.021077,-0.033015,0.595772,-0.802198,0.324109,-1.224035,0.939050
670,2.791667,-0.015974,0.029107,-0.618504,0.785080,0.391035,-1.294396,0.007283,-0.059141,-0.058922,0.697848,-0.711364,0.122550,-1.317307,0.040001,0.021310,-0.033833,0.594334,-0.803223,0.323663,-1.226156,0.939445
671,2.795833,-0.017138,0.029171,-0.618642,0.784944,0.390868,-1.294399,0.007301,-0.054678,-0.052165,0.693277,-0.716698,0.122180,-1.327166,0.038804,0.021656,-0.034430,0.592912,-0.804239,0.323256,-1.228300,0.939853
672,2.800000,-0.017745,0.029088,-0.618668,0.784913,0.390759,-1.294379,0.007299,-0.050111,-0.041371,0.691324,-0.719617,0.120723,-1.336740,0.037826,0.021855,-0.035393,0.591510,-0.805224,0.322871,-1.230416,0.940048
673,2.804167,-0.018167,0.029164,-0.618762,0.784827,0.390661,-1.294330,0.007294,-0.046155,-0.033764,0.686293,-0.725074,0.120480,-1.346077,0.036845,0.022185,-0.036187,0.590239,-0.806112,0.322441,-1.232558,0.940190
674,2.808333,-0.017900,0.028166,-0.618336,0.785205,0.390635,-1.294309,0.007215,-0.042559,-0.027709,0.680916,-0.730599,0.120506,-1.355101,0.035759,0.022641,-0.036230,0.588755,-0.807182,0.322089,-1.234568,0.940388
675,2.812500,-0.017344,0.027279,-0.618071,0.785457,0.390633,-1.294285,0.007136,-0.040550,-0.021208,0.673493,-0.737776,0.120940,-1.364002,0.034593,0.022369,-0.034842,0.587729,-0.807997,0.321609,-1.236390,0.940554
676,2.816667,-0.016779,0.027179,-0.617943,0.785574,0.390730,-1.294320,0.007095,-0.037067,-0.014559,0.668604,-0.742552,0.120785,-1.372452,0.033962,0.022463,-0.034622,0.585873,-0.809352,0.321180,-1.238450,0.940677
677,2.820833,-0.015681,0.026827,-0.617958,0.785597,0.390775,-1.294295,0.007076,-0.033861,-0.009892,0.662344,-0.748369,0.120958,-1.380708,0.033044,0.023114,-0.037180,0.583284,-0.811088,0.321149,-1.240125,0.939999
678,2.825000,-0.014679,0.026224,-0.617842,0.785728,0.390825,-1.294258,0.007024,-0.031751,-0.005975,0.655613,-0.754405,0.121376,-1.388551,0.032111,0.029325,-0.035207,0.582389,-0.811618,0.320477,-1.242393,0.941386
679,2.829167,-0.013976,0.025621,-0.617718,0.785858,0.390869,-1.294254,0.006942,-0.029957,-0.001328,0.648634,-0.760510,0.121843,-1.396142,0.031324,0.028608,-0.036265,0.579784,-0.813460,0.320524,-1.244625,0.940873
680,2.833333,-0.013342,0.024951,-0.617506,0.786057,0.390874,-1.294319,0.006826,-0.026593,0.003259,0.642303,-0.765982,0.122319,-1.403309,0.030772,0.028066,-0.035691,0.577553,-0.815090,0.320358,-1.246845,0.940618
681,2.837500,-0.012604,0.024295,-0.617290,0.786260,0.390858,-1.294319,0.006771,-0.024408,0.007448,0.636147,-0.771146,0.122686,-1.410113,0.030298,0.027092,-0.032572,0.575463,-0.816730,0.319538,-1.248918,0.941049
682,2.841667,-0.010906,0.023511,-0.616963,0.786565,0.391073,-1.293916,0.006937,-0.023220,0.011388,0.630390,-0.775848,0.123138,-1.416702,0.029627,0.026557,-0.031609,0.573623,-0.818078,0.319165,-1.251185,0.940883
683,2.845833,-0.010318,0.023041,-0.616957,0.786592,0.391076,-1.293902,0.006931,-0.023111,0.013723,0.624679,-0.780419,0.123535,-1.422908,0.028750,0.026043,-0.030340,0.571898,-0.819350,0.318776,-1.253430,0.940669
684,2.850000,-0.009900,0.022690,-0.616937,0.786623,0.391068,-1.293871,0.006918,-0.023617,0.016113,0.618685,-0.785119,0.124098,-1.428780,0.027867,0.025670,-0.028775,0.570306,-0.820527,0.318297,-1.255682,0.940475
685,2.854167,-0.009399,0.022384,-0.616951,0.786627,0.391050,-1.293844,0.006910,-0.024145,0.017941,0.612805,-0.789661,0.124730,-1.434221,0.026957,0.024882,-0.027781,0.568589,-0.821776,0.317829,-1.257857,0.940085
686,2.858333,-0.008977,0.022094,-0.616920,0.786664,0.391087,-1.293801,0.006908,-0.026162,0.019999,0.606975,-0.794038,0.125332,-1.439396,0.026058,0.024203,-0.027123,0.566986,-0.822925,0.317314,-1.260031,0.939595
687,2.862500,-0.009779,0.021482,-0.616597,0.786925,0.391020,-1.293719,0.006865,-0.028903,0.022814,0.600823,-0.798534,0.125939,-1.444157,0.024956,0.023405,-0.026160,0.565473,-0.824019,0.316732,-1.262179,0.939158
688,2.866667,-0.010042,0.021406,-0.616600,0.786921,0.391063,-1.293654,0.006915,-0.032150,0.024031,0.594755,-0.802904,0.126578,-1.448531,0.023729,0.022815,-0.024660,0.564224,-0.824938,0.316101,-1.264262,0.938796
689,2.870833,-0.010069,0.021277,-0.616559,0.786957,0.391084,-1.293608,0.006956,-0.036198,0.023951,0.588988,-0.806976,0.127281,-1.452586,0.022352,0.021683,-0.023393,0.562979,-0.825855,0.315441,-1.266377,0.938362
690,2.875000,-0.009580,0.020899,-0.616567,0.786967,0.391037,-1.293571,0.006912,-0.040317,0.022632,0.582941,-0.811198,0.128199,-1.456255,0.020884,0.020827,-0.022121,0.562053,-0.826543,0.314672,-1.268647,0.937934
691,2.879167,-0.009615,0.020868,-0.616647,0.786904,0.390995,-1.293546,0.006893,-0.043738,0.019683,0.577349,-0.815087,0.129058,-1.459574,0.019420,0.019265,-0.021925,0.560582,-0.827584,0.314179,-1.270863,0.937212
692,2.883333,-0.009028,0.020347,-0.616522,0.787023,0.390996,-1.293523,0.006872,-0.044994,0.015768,0.570835,-0.819679,0.129929,-1.462534,0.018078,0.018383,-0.020981,0.559468,-0.828383,0.313485,-1.273064,0.936808
693,2.887500,-0.008714,0.020053,-0.616426,0.787109,0.390999,-1.293489,0.006874,-0.045049,0.010220,0.564580,-0.824085,0.130708,-1.465087,0.016817,0.017017,-0.019736,0.558158,-0.829326,0.312919,-1.275155,0.936397
694,2.891667,-0.008651,0.019918,-0.616388,0.787143,0.390987,-1.293450,0.006872,-0.042376,0.005523,0.559515,-0.827718,0.131264,-1.467242,0.015861,0.015600,-0.017943,0.556942,-0.830211,0.312292,-1.277211,0.936069
695,2.895833,-0.008616,0.019792,-0.616355,0.787173,0.390983,-1.293402,0.006868,-0.037502,0.002290,0.555415,-0.830724,0.131577,-1.469012,0.015220,0.014095,-0.016028,0.555507,-0.831238,0.311722,-1.279257,0.935767
696,2.900000,-0.008579,0.019741,-0.616323,0.787199,0.390989,-1.293366,0.006860,-0.032711,-0.000465,0.552481,-0.832883,0.131656,-1.470378,0.014599,0.012934,-0.014283,0.554041,-0.832266,0.311206,-1.281222,0.935458
697,2.904167,-0.008323,0.019018,-0.615867,0.787576,0.391101,-1.293298,0.006915,-0.028739,-0.005991,0.550199,-0.834518,0.131624,-1.471198,0.013430,0.011570,-0.012300,0.552419,-0.833395,0.310655,-1.283263,0.935221
698,2.908333,-0.008241,0.018431,-0.615636,0.787772,0.391165,-1.293249,0.006970,-0.030110,-0.005822,0.550718,-0.834128,0.130900,-1.471943,0.012479,0.010117,-0.010914,0.550879,-0.834453,0.310263,-1.285399,0.934865
699,2.912500,-0.008376,0.018171,-0.615534,0.787856,0.391189,-1.293206,0.007014,-0.032259,-0.003610,0.552722,-0.832733,0.129896,-1.472529,0.011620,0.008894,-0.009144,0.549616,-0.835320,0.309768,-1.287592,0.934652
700,2.916667,-0.008259,0.017992,-0.615500,0.787888,0.391199,-1.293160,0.007005,-0.033895,-0.001103,0.554551,-0.831458,0.128972,-1.472940,0.010886,0.008300,-0.008671,0.548574,-0.836016,0.309242,-1.289801,0.934186
701,2.920833,-0.008299,0.018086,-0.615488,0.787895,0.391193,-1.293111,0.006993,-0.032657,0.000913,0.554894,-0.831280,0.128379,-1.473072,0.010324,0.007139,-0.007386,0.547320,-0.836860,0.308900,-1.291816,0.933907
702,2.925000,-0.008644,0.018094,-0.615447,0.787923,0.391229,-1.293055,0.006951,-0.029474,0.002250,0.553841,-0.832098,0.128113,-1.472860,0.009945,0.005611,-0.006443,0.546487,-0.837424,0.308347,-1.294277,0.933524
703,2.929167,-0.008919,0.018184,-0.615405,0.787950,0.391237,-1.293005,0.006917,-0.026185,0.003850,0.552019,-0.833411,0.128016,-1.472348,0.009529,0.004563,-0.004394,0.545717,-0.837946,0.307642,-1.296459,0.933465
704,2.933333,-0.009229,0.018375,-0.615283,0.788038,0.391297,-1.292954,0.006923,-0.023538,0.004900,0.550298,-0.834622,0.128100,-1.471675,0.009093,0.003097,-0.002730,0.545039,-0.838400,0.306935,-1.298749,0.933288
705,2.937500,-0.009791,0.018746,-0.615121,0.788149,0.391368,-1.292920,0.006962,-0.020224,0.004722,0.549211,-0.835426,0.128271,-1.471013,0.008652,0.001656,-0.000993,0.544016,-0.839072,0.306168,-1.300862,0.933181
706,2.941667,-0.011038,0.019675,-0.615323,0.787952,0.391350,-1.292840,0.006968,-0.016518,0.003651,0.549624,-0.835241,0.128448,-1.470580,0.008351,0.000777,0.002237,0.543323,-0.839520,0.305340,-1.302448,0.933459
707,2.945833,-0.011278,0.020118,-0.615279,0.787972,0.391345,-1.292814,0.006926,-0.012923,0.002681,0.551110,-0.834328,0.128513,-1.470695,0.008116,-0.000341,0.003376,0.542953,-0.839756,0.304399,-1.304870,0.933176
708,2.950000,-0.011409,0.020290,-0.615189,0.788036,0.391358,-1.292804,0.006928,-0.009996,0.001256,0.552266,-0.833607,0.128735,-1.471020,0.007889,-0.001514,0.004320,0.542226,-0.840220,0.303730,-1.306651,0.933085
709,2.954167,-0.011296,0.020334,-0.615090,0.788114,0.391375,-1.292801,0.006929,-0.008302,-0.000814,0.552807,-0.833268,0.129158,-1.471311,0.007624,-0.002462,0.005116,0.541607,-0.840612,0.302814,-1.308894,0.932899
710,2.958333,-0.011334,0.020449,-0.614900,0.788258,0.391390,-1.292842,0.006957,-0.006851,-0.003777,0.553523,-0.832797,0.129567,-1.471527,0.007312,-0.003320,0.005647,0.541132,-0.840912,0.302014,-1.310856,0.932739
711,2.962500,-0.011452,0.020635,-0.614761,0.788361,0.391421,-1.292860,0.007006,-0.004703,-0.007127,0.554120,-0.832393,0.129997,-1.471637,0.007060,-0.004338,0.007279,0.541339,-0.840762,0.301296,-1.312973,0.932816
712,2.966667,-0.011499,0.020863,-0.614538,0.788527,0.391431,-1.292893,0.007071,-0.003055,-0.009354,0.554690,-0.831999,0.130328,-1.471487,0.007012,-0.008853,0.003878,0.539610,-0.841860,0.300975,-1.314962,0.931625
713,2.970833,-0.011397,0.021028,-0.614362,0.788662,0.391458,-1.292919,0.007133,-0.002011,-0.010437,0.555083,-0.831727,0.130510,-1.471260,0.007003,-0.008842,0.003619,0.538535,-0.842549,0.300225,-1.316593,0.931512
714,2.975000,-0.010603,0.021342,-0.614267,0.788738,0.391511,-1.292989,0.007221,-0.001606,-0.010531,0.555209,-0.831643,0.130572,-1.471058,0.007015,-0.008820,0.003299,0.537495,-0.843215,0.299395,-1.318144,0.931558
715,2.979167,-0.009877,0.021704,-0.614259,0.788744,0.391524,-1.293045,0.007311,-0.001453,-0.010011,0.555165,-0.831679,0.130573,-1.470974,0.007111,-0.008811,0.002857,0.536595,-0.843789,0.298669,-1.319847,0.931520
716,2.983333,-0.008984,0.021699,-0.614221,0.788784,0.391530,-1.293105,0.007384,-0.001561,-0.009434,0.555285,-0.831605,0.130576,-1.471030,0.007213,-0.005148,0.005943,0.536774,-0.843690,0.297410,-1.321354,0.932696
717,2.987500,-0.008315,0.021622,-0.614105,0.788884,0.391485,-1.293204,0.007448,-0.001433,-0.009356,0.555299,-0.831597,0.130545,-1.471116,0.007214,-0.005107,0.005740,0.535862,-0.844270,0.296758,-1.322855,0.932940
718,2.991667,-0.007572,0.021446,-0.613949,0.789018,0.391419,-1.293300,0.007491,-0.001772,-0.009686,0.555542,-0.831430,0.130562,-1.471175,0.007160,-0.008360,0.001481,0.534302,-0.845251,0.296568,-1.324700,0.932092
719,2.995833,-0.006676,0.021273,-0.613739,0.789194,0.391356,-1.293384,0.007533,-0.001788,-0.010280,0.555725,-0.831301,0.130562,-1.471194,0.007101,-0.003475,0.004844,0.535490,-0.844521,0.295288,-1.326153,0.933461
720,3.000000,-0.005625,0.021132,-0.613537,0.789363,0.391283,-1.293476,0.007567,-0.002463,-0.010390,0.556037,-0.831089,0.130558,-1.471205,0.007104,-0.002625,0.003836,0.534856,-0.844931,0.294579,-1.327842,0.933682
721,3.004167,-0.000759,0.019211,-0.613658,0.789338,0.390955,-1.293577,0.007315,-0.002986,-0.010101,0.555900,-0.831183,0.130498,-1.471212,0.007111,-0.001765,0.002924,0.534348,-0.845258,0.293946,-1.329436,0.933880
722,3.008333,0.000688,0.018999,-0.613319,0.789606,0.390864,-1.293671,0.007353,-0.003619,-0.009315,0.555439,-0.831498,0.130393,-1.471240,0.007137,-0.000977,0.001924,0.534012,-0.845474,0.293293,-1.330918,0.934111
723,3.012500,0.002100,0.018853,-0.612972,0.789877,0.390774,-1.293778,0.007400,-0.004018,-0.008382,0.554796,-0.831935,0.130235,-1.471298,0.007159,-0.000050,0.001397,0.533609,-0.845730,0.292663,-1.332409,0.934313
724,3.016667,0.003319,0.018796,-0.612682,0.790099,0.390687,-1.293874,0.007450,-0.005123,-0.007213,0.554268,-0.832291,0.130072,-1.471343,0.007220,0.000613,0.000413,0.532967,-0.846136,0.291904,-1.333978,0.934530
725,3.020833,0.003597,0.018956,-0.612296,0.790393,0.390632,-1.293952,0.007542,-0.006272,-0.006098,0.554143,-0.832376,0.129835,-1.471343,0.007243,-0.001591,-0.004572,0.531703,-0.846917,0.291637,-1.335613,0.933742
726,3.025000,0.003356,0.019287,-0.611894,0.790698,0.390586,-1.294032,0.007649,-0.007216,-0.005202,0.553917,-0.832525,0.129661,-1.471342,0.007262,0.001568,-0.002072,0.532292,-0.846557,0.290439,-1.336839,0.934761
727,3.029167,0.002470,0.019263,-0.611318,0.791147,0.390462,-1.294082,0.007664,-0.007814,-0.004554,0.553670,-0.832687,0.129527,-1.471352,0.007271,0.002125,-0.002940,0.531773,-0.846879,0.289695,-1.338301,0.934879
728,3.033333,0.001516,0.019699,-0.610907,0.791456,0.390379,-1.294125,0.007749,-0.008278,-0.004079,0.553451,-0.832831,0.129441,-1.471378,0.007276,0.000078,-0.007350,0.530521,-0.847640,0.289239,-1.339895,0.934257
729,3.037500,0.001102,0.020168,-0.610471,0.791781,0.390312,-1.294188,0.007830,-0.008761,-0.003614,0.553216,-0.832984,0.129385,-1.471415,0.007288,0.002601,-0.004767,0.531010,-0.847348,0.288073,-1.341067,0.935136
730,3.041667,0.000968,0.020461,-0.610057,0.792092,0.390232,-1.294244,0.007907,-0.009205,-0.003264,0.553092,-0.833063,0.129343,-1.471440,0.007303,0.003089,-0.005289,0.530484,-0.847673,0.287293,-1.342507,0.935197
731,3.045833,0.001453,0.020777,-0.609672,0.792380,0.390155,-1.294320,0.007991,-0.009658,-0.002962,0.552977,-0.833136,0.129305,-1.471445,0.007324,0.001198,-0.009566,0.529257,-0.848407,0.286804,-1.344034,0.934553
732,3.050000,0.002650,0.021108,-0.609312,0.792645,0.390088,-1.294394,0.008078,-0.010010,-0.002723,0.552931,-0.833163,0.129278,-1.471434,0.007350,0.003520,-0.007029,0.529593,-0.848215,0.285610,-1.345245,0.935310
733,3.054167,0.003740,0.021248,-0.609101,0.792799,0.389996,-1.294466,0.008171,-0.010162,-0.002556,0.552899,-0.833182,0.129263,-1.471421,0.007362,0.003680,-0.007403,0.529144,-0.848492,0.284739,-1.346606,0.935428
734,3.058333,0.004659,0.021088,-0.608803,0.793027,0.389887,-1.294511,0.008225,-0.010177,-0.002512,0.552894,-0.833186,0.129269,-1.471414,0.007360,0.003827,-0.008023,0.528570,-0.848843,0.283895,-1.347842,0.935520
735,3.062500,0.005472,0.020818,-0.608410,0.793331,0.389780,-1.294565,0.008258,-0.010083,-0.002550,0.552954,-0.833147,0.129285,-1.471417,0.007352,0.003898,-0.008415,0.528044,-0.849166,0.283029,-1.349167,0.935589
736,3.066667,0.006170,0.020532,-0.608038,0.793618,0.389660,-1.294607,0.008278,-0.009889,-0.002631,0.553034,-0.833096,0.129304,-1.471427,0.007334,0.003920,-0.008651,0.527488,-0.849510,0.282177,-1.350423,0.935672
737,3.070833,0.006117,0.019525,-0.607351,0.794170,0.389490,-1.294618,0.008206,-0.009763,-0.002696,0.553107,-0.833048,0.129339,-1.471425,0.007321,0.004097,-0.008826,0.526969,-0.849829,0.281296,-1.351627,0.935731
738,3.075000,0.005958,0.019113,-0.606979,0.794466,0.389310,-1.294652,0.008223,-0.009639,-0.002834,0.553210,-0.832981,0.129363,-1.471407,0.007310,0.004376,-0.009027,0.526446,-0.850150,0.280483,-1.352955,0.935726
739,3.079167,0.006647,0.018930,-0.606439,0.794877,0.389181,-1.294694,0.008225,-0.009506,-0.002922,0.553273,-0.832941,0.129395,-1.471393,0.007298,0.003108,-0.011932,0.525549,-0.850674,0.279863,-1.354341,0.935122
740,3.083333,0.007450,0.018976,-0.606004,0.795200,0.389077,-1.294731,0.008243,-0.009271,-0.003078,0.553316,-0.832914,0.129416,-1.471370,0.007282,0.004541,-0.009963,0.525440,-0.850760,0.278772,-1.355464,0.935660
741,3.087500,0.008147,0.018818,-0.605569,0.795528,0.388962,-1.294772,0.008250,-0.009069,-0.003160,0.553374,-0.832877,0.129450,-1.471356,0.007267,0.005095,-0.010454,0.524966,-0.851044,0.277838,-1.356833,0.935523
742,3.091667,0.008702,0.018698,-0.605091,0.795889,0.388833,-1.294808,0.008267,-0.008812,-0.003295,0.553418,-0.832851,0.129466,-1.471347,0.007242,0.005216,-0.010674,0.524596,-0.851269,0.276948,-1.358038,0.935442
743,3.095833,0.009063,0.018506,-0.604612,0.796253,0.388721,-1.294837,0.008279,-0.008648,-0.003279,0.553449,-0.832832,0.129478,-1.471340,0.007217,0.004937,-0.010681,0.524036,-0.851615,0.276087,-1.359277,0.935420
744,3.100000,0.003674,0.019515,-0.604269,0.796533,0.388568,-1.294966,0.008636,-0.008575,-0.003226,0.553474,-0.832816,0.129485,-1.471333,0.007199,0.003710,-0.013031,0.523141,-0.852139,0.275390,-1.360768,0.934681
745,3.104167,0.003983,0.020205,-0.603867,0.796819,0.388471,-1.295019,0.008727,-0.008587,-0.003204,0.553410,-0.832859,0.129478,-1.471322,0.007188,0.004880,-0.010963,0.523203,-0.852123,0.274328,-1.361709,0.935146
746,3.108333,0.004441,0.020553,-0.603459,0.797117,0.388393,-1.295048,0.008795,-0.008720,-0.003075,0.553366,-0.832887,0.129467,-1.471306,0.007184,0.004842,-0.011459,0.522660,-0.852451,0.273406,-1.362947,0.935036
747,3.112500,0.004518,0.020646,-0.603076,0.797404,0.388309,-1.295058,0.008841,-0.008892,-0.002876,0.553291,-0.832936,0.129449,-1.471294,0.007182,0.004707,-0.011753,0.522276,-0.852682,0.272548,-1.364051,0.934893
748,3.116667,0.009929,0.017555,-0.602941,0.797531,0.387915,-1.295087,0.008500,-0.009038,-0.002652,0.553255,-0.832959,0.129428,-1.471289,0.007175,0.004579,-0.014398,0.521992,-0.852816,0.271764,-1.365775,0.934367
749,3.120833,0.010504,0.016846,-0.602538,0.797843,0.387806,-1.295122,0.008471,-0.009087,-0.002490,0.553167,-0.833017,0.129397,-1.471290,0.007165,0.004408,-0.014854,0.521757,-0.852953,0.270946,-1.366814,0.934071
750,3.125000,0.010783,0.016419,-0.602202,0.798102,0.387721,-1.295128,0.008443,-0.009230,-0.002259,0.553083,-0.833072,0.129374,-1.471289,0.007156,0.004692,-0.015682,0.521230,-0.853259,0.270112,-1.368063,0.933704
751,3.129167,0.011040,0.016140,-0.601898,0.798334,0.387665,-1.295132,0.008419,-0.009417,-0.002010,0.552794,-0.833263,0.129381,-1.471308,0.007150,0.004938,-0.016763,0.520841,-0.853475,0.269345,-1.369144,0.933394
752,3.133333,0.011660,0.015795,-0.601701,0.798480,0.387608,-1.295133,0.008370,-0.009599,-0.001730,0.552605,-0.833386,0.129373,-1.471302,0.007153,0.004908,-0.017106,0.520522,-0.853663,0.268544,-1.370213,0.933279
753,3.137500,0.011935,0.015613,-0.601653,0.798516,0.387573,-1.295138,0.008349,-0.009782,-0.001622,0.552498,-0.833456,0.129344,-1.471279,0.007150,0.005121,-0.017757,0.519966,-0.853987,0.267738,-1.371242,0.933008
754,3.141667,0.012134,0.015509,-0.601589,0.798563,0.387560,-1.295135,0.008333,-0.009972,-0.001398,0.552451,-0.833484,0.129318,-1.471270,0.007151,0.005289,-0.019137,0.519416,-0.854291,0.267011,-1.372342,0.932648
755,3.145833,0.012255,0.015393,-0.601567,0.798580,0.387563,-1.295128,0.008320,-0.010129,-0.001196,0.552394,-0.833521,0.129306,-1.471263,0.007147,0.005398,-0.019646,0.519114,-0.854462,0.266310,-1.373435,0.932449
756,3.150000,0.012272,0.015401,-0.601635,0.798528,0.387570,-1.295103,0.008307,-0.010138,-0.001124,0.552313,-0.833574,0.129291,-1.471258,0.007141,0.005744,-0.019315,0.519080,-0.854488,0.265503,-1.374504,0.932399
757,3.154167,0.012368,0.015266,-0.601718,0.798467,0.387565,-1.295075,0.008282,-0.010116,-0.001079,0.552248,-0.833618,0.129287,-1.471250,0.007130,0.006588,-0.018978,0.519039,-0.854514,0.264696,-1.375599,0.932343
758,3.158333,0.012115,0.015303,-0.601773,0.798429,0.387587,-1.295033,0.008278,-0.010165,-0.000962,0.552234,-0.833627,0.129276,-1.471230,0.007132,0.006923,-0.019263,0.519101,-0.854468,0.263927,-1.376695,0.932294
759,3.162500,0.012008,0.015306,-0.601835,0.798383,0.387621,-1.294987,0.008258,-0.010337,-0.000764,0.552200,-0.833647,0.129264,-1.471205,0.007139,0.007641,-0.020176,0.519092,-0.854446,0.263155,-1.377831,0.932104
760,3.166667,0.011850,0.015287,-0.602004,0.798259,0.387647,-1.294938,0.008239,-0.010487,-0.000662,0.552157,-0.833674,0.129257,-1.471196,0.007142,0.007978,-0.020180,0.519371,-0.854273,0.262317,-1.378874,0.932084
761,3.170833,0.011541,0.015373,-0.602111,0.798181,0.387703,-1.294891,0.008232,-0.010577,-0.000490,0.552123,-0.833695,0.129247,-1.471187,0.007141,0.008507,-0.021414,0.519412,-0.854213,0.261633,-1.379950,0.931788
762,3.175000,0.011177,0.015514,-0.602256,0.798074,0.387756,-1.294842,0.008217,-0.010646,-0.000383,0.552088,-0.833718,0.129239,-1.471177,0.007149,0.008860,-0.022251,0.519512,-0.854127,0.260942,-1.380927,0.931593
763,3.179167,0.010861,0.015602,-0.602401,0.797967,0.387813,-1.294794,0.008201,-0.010654,-0.000283,0.552057,-0.833738,0.129232,-1.471159,0.007154,0.009262,-0.022996,0.519674,-0.854005,0.260247,-1.381780,0.931437
764,3.183333,0.010391,0.015802,-0.602494,0.797899,0.387885,-1.294742,0.008187,-0.010683,-0.000161,0.552036,-0.833752,0.129226,-1.471141,0.007142,0.008947,-0.023322,0.519624,-0.854030,0.259570,-1.382750,0.931387
765,3.187500,0.009908,0.016019,-0.602652,0.797781,0.387944,-1.294702,0.008174,-0.010722,-0.000057,0.551985,-0.833785,0.129216,-1.471124,0.007142,0.008811,-0.023936,0.519640,-0.854004,0.258851,-1.383575,0.931345
766,3.191667,0.009517,0.016180,-0.602799,0.797672,0.388015,-1.294660,0.008167,-0.010885,0.000150,0.551914,-0.833830,0.129202,-1.471110,0.007143,0.006803,-0.026822,0.518890,-0.854393,0.258535,-1.384558,0.930551
767,3.195833,0.009127,0.016747,-0.602892,0.797595,0.388065,-1.294618,0.008186,-0.010941,-0.000064,0.551682,-0.833983,0.129249,-1.471108,0.007085,0.008351,-0.024451,0.519465,-0.854101,0.257552,-1.385164,0.931245
768,3.200000,0.008835,0.017083,-0.602989,0.797517,0.388145,-1.294585,0.008183,-0.011083,0.000087,0.551611,-0.834028,0.129224,-1.471102,0.007080,0.008492,-0.025215,0.519335,-0.854157,0.256929,-1.386102,0.931125
769,3.204167,0.008475,0.017408,-0.603095,0.797435,0.388220,-1.294565,0.008184,-0.011266,0.000273,0.551506,-0.834095,0.129197,-1.471092,0.007081,0.008649,-0.025598,0.519414,-0.854096,0.256450,-1.386769,0.931022
770,3.208333,0.008162,0.017686,-0.603236,0.797325,0.388280,-1.294550,0.008192,-0.011511,0.000535,0.551581,-0.834042,0.129141,-1.471062,0.007077,0.008790,-0.026060,0.519360,-0.854113,0.255826,-1.387616,0.930965
771,3.212500,0.007972,0.017959,-0.603287,0.797282,0.388332,-1.294549,0.008204,-0.011584,0.000721,0.551493,-0.834099,0.129113,-1.471042,0.007082,0.007333,-0.028880,0.518791,-0.854382,0.255482,-1.388788,0.930361
772,3.216667,0.007895,0.018128,-0.603384,0.797206,0.388367,-1.294548,0.008209,-0.011747,0.001011,0.551422,-0.834143,0.129076,-1.471031,0.007083,0.008174,-0.027123,0.519159,-0.854208,0.254646,-1.389385,0.930924
773,3.220833,0.007768,0.018368,-0.603391,0.797196,0.388406,-1.294554,0.008235,-0.011990,0.001139,0.551395,-0.834157,0.129023,-1.471021,0.007079,0.007913,-0.027549,0.518988,-0.854301,0.254104,-1.390251,0.930924
774,3.225000,0.007997,0.018694,-0.603389,0.797188,0.388437,-1.294565,0.008213,-0.012129,0.001279,0.551326,-0.834201,0.128987,-1.471015,0.007081,0.007395,-0.027647,0.518901,-0.854355,0.253508,-1.391011,0.931000
775,3.229167,0.009943,0.018771,-0.602913,0.797524,0.388527,-1.294635,0.008102,-0.012404,0.001582,0.551226,-0.834262,0.128963,-1.471010,0.007086,0.007376,-0.028280,0.518986,-0.854283,0.252943,-1.391781,0.930968
776,3.233333,0.007189,0.019277,-0.603174,0.797344,0.388561,-1.294613,0.008335,-0.012576,0.001752,0.551134,-0.834320,0.128926,-1.471006,0.007086,0.007260,-0.028623,0.518940,-0.854301,0.252430,-1.392566,0.930916
777,3.237500,0.006541,0.019954,-0.602965,0.797491,0.388617,-1.294656,0.008423,-0.012752,0.001955,0.551038,-0.834381,0.128907,-1.470997,0.007084,0.007083,-0.029007,0.518946,-0.854285,0.251924,-1.393275,0.930896
778,3.241667,0.005814,0.020939,-0.602810,0.797589,0.388667,-1.294712,0.008512,-0.012935,0.002139,0.550951,-0.834435,0.128886,-1.470990,0.007084,0.006915,-0.029362,0.519020,-0.854230,0.251406,-1.393911,0.930854
779,3.245833,0.009010,0.019526,-0.603063,0.797404,0.388430,-1.294742,0.008370,-0.013131,0.002334,0.550887,-0.834473,0.128872,-1.470986,0.007094,0.006846,-0.029823,0.519036,-0.854204,0.250841,-1.394711,0.930775
780,3.250000,0.012045,0.018386,-0.603243,0.797255,0.388264,-1.294769,0.008235,-0.013299,0.002453,0.550829,-0.834509,0.128852,-1.470983,0.007101,0.006699,-0.030230,0.519061,-0.854176,0.250284,-1.395377,0.930757
781,3.254167,0.009608,0.019543,-0.603096,0.797372,0.388322,-1.294838,0.008473,-0.013403,0.002563,0.550794,-0.834530,0.128839,-1.470981,0.007105,0.006455,-0.030576,0.519101,-0.854142,0.249702,-1.395949,0.930723
782,3.258333,0.009983,0.019657,-0.603014,0.797426,0.388290,-1.294894,0.008576,-0.013590,0.002701,0.550789,-0.834529,0.128834,-1.470978,0.007110,0.006342,-0.031274,0.519013,-0.854170,0.249097,-1.396669,0.930676
783,3.262500,0.010306,0.019762,-0.602924,0.797487,0.388277,-1.294924,0.008657,-0.013626,0.002752,0.550768,-0.834543,0.128830,-1.470974,0.007115,0.006402,-0.032164,0.519192,-0.854028,0.248519,-1.397371,0.930536
784,3.266667,0.010564,0.019878,-0.602736,0.797623,0.388250,-1.294957,0.008684,-0.013737,0.002864,0.550753,-0.834550,0.128835,-1.470974,0.007116,0.006092,-0.032626,0.519264,-0.853969,0.247977,-1.397893,0.930499
785,3.270833,0.010935,0.019911,-0.602485,0.797807,0.388273,-1.294996,0.008697,-0.013803,0.002948,0.550763,-0.834543,0.128835,-1.470968,0.007115,0.006087,-0.033092,0.519368,-0.853888,0.247437,-1.398393,0.930480
786,3.275000,0.011104,0.020111,-0.602337,0.797911,0.388270,-1.295039,0.008741,-0.013859,0.002980,0.550772,-0.834536,0.128839,-1.470966,0.007119,0.006031,-0.032718,0.519461,-0.853846,0.246936,-1.399068,0.930456
787,3.279167,0.011510,0.020272,-0.602176,0.798023,0.388262,-1.295082,0.008774,-0.013917,0.002987,0.550791,-0.834522,0.128842,-1.470960,0.007124,0.005663,-0.032118,0.519490,-0.853854,0.246317,-1.399614,0.930634
788,3.283333,0.011977,0.020426,-0.601965,0.798171,0.388266,-1.295119,0.008812,-0.013966,0.003043,0.550782,-0.834527,0.128847,-1.470956,0.007123,0.005337,-0.031994,0.519327,-0.853960,0.245753,-1.400121,0.930820
789,3.287500,0.012358,0.020591,-0.601812,0.798277,0.388256,-1.295156,0.008850,-0.013923,0.003035,0.550767,-0.834537,0.128848,-1.470949,0.007124,0.005546,-0.033418,0.519174,-0.853997,0.245327,-1.400791,0.930560
790,3.291667,0.012529,0.020865,-0.601694,0.798356,0.388252,-1.295187,0.008902,-0.013923,0.003059,0.550762,-0.834540,0.128855,-1.470946,0.007126,0.006008,-0.033547,0.520348,-0.853274,0.244909,-1.401767,0.930497
791,3.295833,0.012915,0.021121,-0.601514,0.798479,0.388254,-1.295213,0.008930,-0.013925,0.003055,0.550792,-0.834521,0.128858,-1.470938,0.007121,0.005933,-0.033114,0.520643,-0.853112,0.244411,-1.402423,0.930627
792,3.300000,0.013020,0.021456,-0.601408,0.798548,0.388262,-1.295236,0.008968,-0.013922,0.003042,0.550784,-0.834526,0.128863,-1.470936,0.007116,0.005871,-0.033588,0.520718,-0.853048,0.243846,-1.403033,0.930485
793,3.304167,0.013018,0.021832,-0.601294,0.798624,0.388289,-1.295253,0.009011,-0.013869,0.003023,0.550777,-0.834532,0.128866,-1.470933,0.007120,0.005773,-0.033709,0.521048,-0.852842,0.243273,-1.403456,0.930413
794,3.308333,0.013068,0.022134,-0.601244,0.798652,0.388302,-1.295268,0.009051,-0.013849,0.003024,0.550781,-0.834529,0.128867,-1.470926,0.007123,0.005304,-0.034720,0.521796,-0.852347,0.242662,-1.403804,0.930165
795,3.312500,0.011601,0.022992,-0.601200,0.798684,0.388418,-1.295221,0.009133,-0.013811,0.003022,0.550774,-0.834535,0.128878,-1.470926,0.007116,0.005070,-0.035237,0.522328,-0.852001,0.242054,-1.404262,0.930046
796,3.316667,0.009754,0.024022,-0.601154,0.798713,0.388500,-1.295218,0.009270,-0.013853,0.003033,0.550752,-0.834548,0.128879,-1.470921,0.007121,0.002553,-0.038016,0.522162,-0.851995,0.241618,-1.404905,0.929229
797,3.320833,0.008059,0.025148,-0.601105,0.798734,0.388606,-1.295207,0.009376,-0.013858,0.003068,0.550757,-0.834545,0.128888,-1.470919,0.007123,0.004351,-0.036377,0.523295,-0.851364,0.240817,-1.405301,0.929804
798,3.325000,0.006812,0.026161,-0.600939,0.798837,0.388735,-1.295203,0.009461,-0.013845,0.003016,0.550739,-0.834557,0.128892,-1.470920,0.007121,0.003847,-0.036884,0.523612,-0.851149,0.240223,-1.405801,0.929753
799,3.329167,0.005898,0.027098,-0.600763,0.798946,0.388845,-1.295203,0.009539,-0.013825,0.003015,0.550755,-0.834547,0.128898,-1.470918,0.007118,0.003207,-0.037679,0.524168,-0.850775,0.239620,-1.406141,0.929685
800,3.333333,0.004925,0.028100,-0.600684,0.798978,0.388914,-1.295198,0.009643,-0.013778,0.002970,0.550712,-0.834577,0.128898,-1.470914,0.007125,0.003038,-0.037948,0.524604,-0.850495,0.239039,-1.406792,0.929598
801,3.337500,0.004642,0.028898,-0.600594,0.799018,0.388965,-1.295206,0.009700,-0.013750,0.002944,0.550688,-0.834593,0.128908,-1.470911,0.007113,0.002797,-0.038041,0.525185,-0.850133,0.238503,-1.407267,0.929523
802,3.341667,0.004118,0.029351,-0.600565,0.799026,0.389016,-1.295197,0.009759,-0.013785,0.002930,0.550654,-0.834615,0.128916,-1.470909,0.007114,0.002584,-0.038717,0.525292,-0.850037,0.237931,-1.407727,0.929405
803,3.345833,0.003872,0.029953,-0.600438,0.799101,0.389045,-1.295208,0.009810,-0.013762,0.002910,0.550614,-0.834641,0.128917,-1.470911,0.007109,0.001958,-0.039052,0.525393,-0.849961,0.237464,-1.408129,0.929425
804,3.350000,0.003847,0.030319,-0.600328,0.799170,0.389087,-1.295207,0.009830,-0.013719,0.002875,0.550604,-0.834649,0.128923,-1.470910,0.007109,0.001454,-0.039139,0.525213,-0.850069,0.237016,-1.408607,0.929385
805,3.354167,0.003863,0.030566,-0.600242,0.799225,0.389120,-1.295213,0.009861,-0.013745,0.002881,0.550597,-0.834653,0.128930,-1.470913,0.007119,0.000871,-0.038814,0.525248,-0.850063,0.236612,-1.409041,0.929459
806,3.358333,0.003964,0.030771,-0.600201,0.799247,0.389149,-1.295219,0.009877,-0.013680,0.002870,0.550611,-0.834645,0.128936,-1.470914,0.007118,0.000860,-0.038913,0.525194,-0.850092,0.236128,-1.409496,0.929543
807,3.362500,0.004095,0.030966,-0.600132,0.799291,0.389188,-1.295221,0.009910,-0.013705,0.002867,0.550566,-0.834674,0.128944,-1.470910,0.007113,0.000607,-0.038910,0.525154,-0.850117,0.235707,-1.409925,0.929622
808,3.366667,0.004046,0.031208,-0.600079,0.799322,0.389230,-1.295228,0.009929,-0.013741,0.002805,0.550546,-0.834687,0.128952,-1.470910,0.007110,0.000457,-0.039139,0.525035,-0.850180,0.235340,-1.410273,0.929575
809,3.370833,0.008171,0.029278,-0.601319,0.798431,0.388593,-1.295289,0.009955,-0.013767,0.002829,0.550535,-0.834694,0.128954,-1.470910,0.007108,0.000235,-0.038604,0.524866,-0.850309,0.234979,-1.410795,0.929622
810,3.375000,0.008186,0.029432,-0.601156,0.798547,0.388640,-1.295276,0.010018,-0.013786,0.002842,0.550527,-0.834699,0.128963,-1.470909,0.007109,0.000437,-0.038521,0.524721,-0.850402,0.234594,-1.411170,0.929626
811,3.379167,0.010051,0.028339,-0.601222,0.798516,0.388599,-1.295290,0.009695,-0.013828,0.002844,0.550518,-0.834704,0.128965,-1.470910,0.007117,0.000136,-0.038430,0.524594,-0.850485,0.234181,-1.411568,0.929661
812,3.383333,0.008169,0.029093,-0.600613,0.798969,0.388880,-1.295212,0.009618,-0.013832,0.002932,0.550529,-0.834696,0.128964,-1.470912,0.007119,-0.000454,-0.038817,0.524423,-0.850572,0.233788,-1.411867,0.929633
813,3.387500,0.005542,0.030673,-0.599996,0.799396,0.389126,-1.295222,0.009649,-0.013889,0.002953,0.550493,-0.834719,0.128967,-1.470910,0.007128,-0.000865,-0.038962,0.524250,-0.850672,0.233387,-1.412183,0.929667
814,3.391667,0.002213,0.032656,-0.599486,0.799716,0.389340,-1.295273,0.009822,-0.013859,0.002907,0.550482,-0.834727,0.128968,-1.470908,0.007121,-0.001178,-0.038948,0.523920,-0.850876,0.232941,-1.412619,0.929737
815,3.395833,-0.000305,0.034327,-0.599093,0.799943,0.389492,-1.295295,0.009986,-0.013923,0.002984,0.550481,-0.834726,0.128968,-1.470912,0.007121,-0.001454,-0.038672,0.523755,-0.850989,0.232517,-1.412973,0.929693
816,3.400000,-0.001802,0.036047,-0.598749,0.800123,0.389531,-1.295332,0.010155,-0.013968,0.003055,0.550444,-0.834749,0.128961,-1.470909,0.007128,-0.001411,-0.038840,0.523546,-0.851110,0.232090,-1.413261,0.929624
817,3.404167,-0.002603,0.036926,-0.598628,0.800171,0.389531,-1.295339,0.010254,-0.013814,0.003194,0.550331,-0.834826,0.128975,-1.470913,0.007149,-0.001224,-0.039756,0.523093,-0.851347,0.231637,-1.413487,0.929418
818,3.408333,-0.002928,0.037390,-0.598573,0.800190,0.389523,-1.295337,0.010305,-0.013725,0.003228,0.550338,-0.834823,0.128963,-1.470913,0.007155,-0.000975,-0.040394,0.522711,-0.851552,0.231179,-1.413712,0.929279
819,3.412500,-0.002713,0.037166,-0.598533,0.800231,0.389537,-1.295307,0.010306,-0.013747,0.003255,0.550348,-0.834816,0.128966,-1.470909,0.007155,0.000197,-0.040746,0.522339,-0.851764,0.230576,-1.414232,0.929172
820,3.416667,-0.002264,0.036564,-0.598573,0.800230,0.389540,-1.295289,0.010275,-0.013772,0.003302,0.550314,-0.834838,0.128960,-1.470904,0.007160,0.001303,-0.041885,0.521953,-0.851944,0.230086,-1.414652,0.928782
821,3.420833,-0.001364,0.036408,-0.598460,0.800323,0.389487,-1.295305,0.010257,-0.013778,0.003281,0.550272,-0.834865,0.128954,-1.470901,0.007152,0.001585,-0.042145,0.521944,-0.851936,0.229775,-1.414848,0.928630
822,3.425000,-0.000638,0.036268,-0.598352,0.800412,0.389454,-1.295323,0.010243,-0.013813,0.003367,0.550229,-0.834893,0.128950,-1.470900,0.007150,0.001482,-0.042427,0.521666,-0.852093,0.229364,-1.414998,0.928591
823,3.429167,0.000033,0.036157,-0.598257,0.800488,0.389406,-1.295348,0.010241,-0.013851,0.003426,0.550199,-0.834912,0.128948,-1.470894,0.007154,-0.000187,-0.040125,0.522434,-0.851735,0.229225,-1.415560,0.929294
824,3.433333,0.000489,0.036184,-0.598098,0.800606,0.389384,-1.295381,0.010255,-0.013872,0.003475,0.550150,-0.834943,0.128941,-1.470889,0.007155,-0.000274,-0.040203,0.522211,-0.851868,0.228903,-1.415781,0.929326
825,3.437500,0.000626,0.036391,-0.597882,0.800758,0.389385,-1.295407,0.010289,-0.013882,0.003522,0.550124,-0.834960,0.128934,-1.470885,0.007157,-0.000232,-0.040044,0.521963,-0.852028,0.228574,-1.415991,0.929350
826,3.441667,0.000484,0.036742,-0.597649,0.800915,0.389387,-1.295445,0.010333,-0.013923,0.003605,0.550104,-0.834973,0.128928,-1.470881,0.007155,-0.000727,-0.040395,0.521179,-0.852490,0.228113,-1.416289,0.929396
827,3.445833,0.000244,0.037168,-0.597396,0.801084,0.389403,-1.295478,0.010380,-0.013938,0.003628,0.550072,-0.834993,0.128924,-1.470874,0.007157,-0.000957,-0.039352,0.520995,-0.852652,0.227802,-1.416472,0.929395
828,3.450000,-0.000260,0.037696,-0.597087,0.801290,0.389443,-1.295508,0.010441,-0.013931,0.003639,0.550041,-0.835014,0.128919,-1.470868,0.007157,-0.001041,-0.038798,0.520670,-0.852876,0.227507,-1.416685,0.929384
829,3.454167,-0.000687,0.038246,-0.596798,0.801479,0.389470,-1.295539,0.010499,-0.013992,0.003761,0.550031,-0.835018,0.128924,-1.470863,0.007161,-0.001117,-0.038587,0.520250,-0.853141,0.227220,-1.416902,0.929376
830,3.458333,-0.001121,0.038679,-0.596509,0.801673,0.389498,-1.295559,0.010559,-0.013990,0.003760,0.549995,-0.835043,0.128915,-1.470855,0.007163,-0.001042,-0.038693,0.519762,-0.853434,0.226912,-1.417105,0.929375
831,3.462500,-0.001657,0.039213,-0.596263,0.801829,0.389523,-1.295579,0.010620,-0.014050,0.003833,0.549992,-0.835043,0.128918,-1.470851,0.007167,-0.001209,-0.038744,0.519207,-0.853769,0.226598,-1.417290,0.929396
832,3.466667,-0.002200,0.039689,-0.596051,0.801962,0.389522,-1.295600,0.010686,-0.013993,0.003840,0.549968,-0.835060,0.128909,-1.470842,0.007162,-0.001313,-0.038873,0.518665,-0.854092,0.226279,-1.417430,0.929383
833,3.470833,-0.002555,0.040104,-0.595875,0.802071,0.389520,-1.295621,0.010741,-0.014043,0.003920,0.549942,-0.835076,0.128904,-1.470839,0.007165,-0.001456,-0.039242,0.518026,-0.854463,0.225954,-1.417607,0.929442
