Frame,Time (Seconds),LFoot:Rotation:X,LFoot:Rotation:Y,LFoot:Rotation:Z,LFoot:Rotation:W,LFoot:Position:X,LFoot:Position:Y,LFoot:Position:Z,RFoot:Rotation:X,RFoot:Rotation:Y,RFoot:Rotation:Z,RFoot:Rotation:W,RFoot:Position:X,RFoot:Position:Y,RFoot:Position:Z,Waist:Rotation:X,Waist:Rotation:Y,Waist:Rotation:Z,Waist:Rotation:W,Waist:Position:X,Waist:Position:Y,Waist:Position:Z
0,0.000000,0.035040,0.000050,-0.040138,-0.998580,-1.315640,0.161950,0.028672,0.022128,-0.011862,0.120062,-0.992449,-1.328430,-0.148505,0.028121,-0.026623,0.015848,-0.017860,0.999360,-1.323135,0.047179,0.944260
1,0.004167,0.034994,0.000027,-0.040195,-0.998579,-1.315627,0.161940,0.028675,0.022194,-0.011921,0.120219,-0.992428,-1.328428,-0.148485,0.028117,-0.026501,0.015810,-0.017937,0.999363,-1.322608,0.046932,0.944294
2,0.008333,0.035054,0.000001,-0.040389,-0.998569,-1.315632,0.161920,0.028650,0.022371,-0.011965,0.120390,-0.992402,-1.328427,-0.148457,0.028108,-0.026254,0.015913,-0.017920,0.999368,-1.322118,0.046669,0.944370
3,0.012500,0.034677,-0.000119,-0.040388,-0.998582,-1.315621,0.161924,0.028652,0.022598,-0.012101,0.120503,-0.992382,-1.328420,-0.148436,0.028106,-0.026233,0.016299,-0.018150,0.999358,-1.321613,0.046425,0.944337
4,0.016667,0.034387,-0.000300,-0.040513,-0.998587,-1.315588,0.161901,0.028649,0.022728,-0.012270,0.121001,-0.992316,-1.328416,-0.148366,0.028104,-0.026076,0.016214,-0.018260,0.999362,-1.321151,0.046212,0.944401
5,0.020833,0.034213,-0.000372,-0.040606,-0.998589,-1.315584,0.161889,0.028639,0.022896,-0.012462,0.121364,-0.992266,-1.328407,-0.148321,0.028118,-0.025883,0.016436,-0.018509,0.999358,-1.320642,0.045982,0.944427
6,0.025000,0.033837,-0.000542,-0.040648,-0.998600,-1.315570,0.161884,0.028637,0.023093,-0.012674,0.121605,-0.992229,-1.328388,-0.148304,0.028115,-0.025618,0.016187,-0.018560,0.999368,-1.320194,0.045763,0.944497
7,0.029167,0.033700,-0.000621,-0.040757,-0.998600,-1.315562,0.161864,0.028631,0.023283,-0.012858,0.121878,-0.992189,-1.328366,-0.148301,0.028112,-0.025436,0.016061,-0.018729,0.999372,-1.319728,0.045533,0.944561
8,0.033333,0.033305,-0.000815,-0.040885,-0.998608,-1.315547,0.161855,0.028620,0.022989,-0.012868,0.122206,-0.992155,-1.328338,-0.148308,0.028106,-0.025293,0.016257,-0.019011,0.999367,-1.319237,0.045314,0.944543
9,0.037500,0.033151,-0.000860,-0.040945,-0.998611,-1.315527,0.161848,0.028626,0.023109,-0.012837,0.122480,-0.992119,-1.328323,-0.148315,0.028106,-0.025153,0.016246,-0.019217,0.999367,-1.318797,0.045104,0.944517
10,0.041667,0.032853,-0.001014,-0.041069,-0.998616,-1.315511,0.161833,0.028633,0.023228,-0.012900,0.122720,-0.992086,-1.328314,-0.148307,0.028100,-0.025201,0.016235,-0.019507,0.999360,-1.318346,0.044903,0.944474
11,0.045833,0.032847,-0.001052,-0.041113,-0.998614,-1.315499,0.161820,0.028629,0.023184,-0.012919,0.122963,-0.992056,-1.328306,-0.148304,0.028098,-0.025250,0.016264,-0.019817,0.999352,-1.317833,0.044660,0.944436
12,0.050000,0.032763,0.000070,-0.042288,-0.998568,-1.315567,0.161727,0.028546,0.023170,-0.012995,0.123130,-0.992035,-1.328300,-0.148313,0.028098,-0.025122,0.016076,-0.020018,0.999355,-1.317367,0.044419,0.944423
13,0.054167,0.032568,-0.000073,-0.042432,-0.998568,-1.315570,0.161717,0.028541,0.023147,-0.013075,0.123223,-0.992023,-1.328293,-0.148310,0.028076,-0.025039,0.016091,-0.020232,0.999352,-1.316905,0.044191,0.944391
14,0.058333,0.032197,-0.000266,-0.042356,-0.998584,-1.315562,0.161715,0.028559,0.023211,-0.013137,0.123201,-0.992023,-1.328280,-0.148309,0.028080,-0.025060,0.016336,-0.020582,0.999341,-1.316424,0.043953,0.944311
15,0.062500,0.032269,-0.000323,-0.042479,-0.998576,-1.315559,0.161702,0.028557,0.023219,-0.013149,0.123236,-0.992019,-1.328269,-0.148308,0.028070,-0.025083,0.016410,-0.020839,0.999333,-1.316011,0.043717,0.944263
16,0.066667,0.031868,-0.000598,-0.042591,-0.998584,-1.315533,0.161673,0.028557,0.023211,-0.013114,0.123307,-0.992010,-1.328270,-0.148314,0.028062,-0.025173,0.016266,-0.020964,0.999331,-1.315631,0.043483,0.944171
17,0.070833,0.031523,-0.000687,-0.042701,-0.998590,-1.315521,0.161671,0.028560,0.023204,-0.013181,0.123298,-0.992011,-1.328280,-0.148316,0.028055,-0.025265,0.016281,-0.021317,0.999321,-1.315119,0.043246,0.944090
18,0.075000,0.031479,-0.000730,-0.042922,-0.998582,-1.315507,0.161647,0.028556,0.023219,-0.013265,0.123344,-0.992004,-1.328275,-0.148329,0.028049,-0.025180,0.016105,-0.021601,0.999320,-1.314651,0.043007,0.944061
19,0.079167,0.031016,-0.000856,-0.043000,-0.998593,-1.315467,0.161636,0.028562,0.023264,-0.013292,0.123372,-0.991999,-1.328268,-0.148327,0.028043,-0.025337,0.015963,-0.021786,0.999314,-1.314243,0.042751,0.944021
20,0.083333,0.030585,-0.001118,-0.043034,-0.998605,-1.315456,0.161626,0.028560,0.023279,-0.013279,0.123401,-0.991995,-1.328252,-0.148328,0.028037,-0.025441,0.016006,-0.022174,0.999302,-1.313767,0.042536,0.943927
21,0.087500,0.030636,-0.001163,-0.043186,-0.998597,-1.315452,0.161611,0.028561,0.023262,-0.013263,0.123441,-0.991991,-1.328239,-0.148334,0.028033,-0.025538,0.015987,-0.022486,0.999293,-1.313346,0.042304,0.943836
22,0.091667,0.030123,-0.001389,-0.043256,-0.998609,-1.315427,0.161599,0.028568,0.023227,-0.013395,0.123441,-0.991990,-1.328236,-0.148338,0.028026,-0.025739,0.015831,-0.022698,0.999286,-1.312950,0.042116,0.943763
23,0.095833,0.029739,-0.001603,-0.043252,-0.998620,-1.315408,0.161596,0.028574,0.023232,-0.013401,0.123486,-0.991984,-1.328242,-0.148343,0.028014,-0.025736,0.015919,-0.023106,0.999275,-1.312492,0.041864,0.943699
24,0.100000,0.029866,-0.001619,-0.043474,-0.998607,-1.315400,0.161564,0.028574,0.023292,-0.013463,0.123552,-0.991973,-1.328237,-0.148340,0.028015,-0.025765,0.015781,-0.023317,0.999271,-1.312089,0.041611,0.943685
25,0.104167,0.029618,-0.001697,-0.043508,-0.998613,-1.315389,0.161558,0.028576,0.023289,-0.013470,0.123618,-0.991965,-1.328221,-0.148338,0.028013,-0.025872,0.015541,-0.023552,0.999267,-1.311701,0.041395,0.943648
26,0.108333,0.029469,-0.001826,-0.043550,-0.998615,-1.315370,0.161547,0.028578,0.023164,-0.013420,0.123637,-0.991966,-1.328204,-0.148333,0.028011,-0.025995,0.015344,-0.023592,0.999266,-1.311355,0.041140,0.943618
27,0.112500,0.028997,-0.002016,-0.043647,-0.998624,-1.315363,0.161536,0.028576,0.023260,-0.013564,0.123693,-0.991955,-1.328208,-0.148337,0.028001,-0.026238,0.015551,-0.023955,0.999248,-1.310919,0.040906,0.943534
28,0.116667,0.028945,-0.002115,-0.043762,-0.998620,-1.315351,0.161521,0.028576,0.023345,-0.013598,0.123729,-0.991948,-1.328207,-0.148329,0.027994,-0.026329,0.015441,-0.024085,0.999244,-1.310587,0.040697,0.943511
29,0.120833,0.028535,-0.002286,-0.043702,-0.998634,-1.315326,0.161522,0.028588,0.023381,-0.013669,0.123738,-0.991945,-1.328198,-0.148319,0.027993,-0.026474,0.015445,-0.024275,0.999235,-1.310246,0.040470,0.943478
30,0.125000,0.028430,-0.002379,-0.043805,-0.998633,-1.315319,0.161512,0.028589,0.023387,-0.013661,0.123792,-0.991939,-1.328193,-0.148313,0.027989,-0.026479,0.015611,-0.024542,0.999226,-1.309829,0.040229,0.943443
31,0.129167,0.028298,-0.002438,-0.043939,-0.998630,-1.315317,0.161495,0.028582,0.023495,-0.013704,0.123814,-0.991933,-1.328188,-0.148307,0.027988,-0.026453,0.015590,-0.024749,0.999222,-1.309481,0.040000,0.943429
32,0.133333,0.028085,-0.002584,-0.044007,-0.998633,-1.315302,0.161477,0.028596,0.023603,-0.013784,0.123811,-0.991929,-1.328186,-0.148310,0.027986,-0.026330,0.015555,-0.024784,0.999225,-1.309165,0.039756,0.943465
33,0.137500,0.027708,-0.002667,-0.043937,-0.998646,-1.315285,0.161477,0.028592,0.023730,-0.013872,0.123795,-0.991927,-1.328183,-0.148299,0.027983,-0.026277,0.015533,-0.024732,0.999228,-1.308910,0.039478,0.943447
34,0.141667,0.027538,-0.002789,-0.044033,-0.998647,-1.315280,0.161467,0.028593,0.023702,-0.013807,0.123859,-0.991921,-1.328175,-0.148286,0.027969,-0.026209,0.015727,-0.024848,0.999224,-1.308567,0.039225,0.943444
35,0.145833,0.027408,-0.002816,-0.044200,-0.998643,-1.315275,0.161443,0.028588,0.023891,-0.013910,0.123867,-0.991914,-1.328179,-0.148280,0.027964,-0.026171,0.015875,-0.024938,0.999220,-1.308300,0.039001,0.943409
36,0.150000,0.027197,-0.002971,-0.044186,-0.998649,-1.315254,0.161433,0.028595,0.023887,-0.013883,0.123838,-0.991918,-1.328161,-0.148269,0.027967,-0.025996,0.015884,-0.024899,0.999226,-1.308034,0.038782,0.943422
37,0.154167,0.027071,-0.003006,-0.044274,-0.998648,-1.315246,0.161420,0.028600,0.024051,-0.013946,0.123860,-0.991910,-1.328166,-0.148260,0.027961,-0.025847,0.015828,-0.024868,0.999231,-1.307785,0.038557,0.943448
38,0.158333,0.027100,-0.003145,-0.044352,-0.998643,-1.315252,0.161403,0.028604,0.024096,-0.013948,0.123873,-0.991907,-1.328158,-0.148251,0.027958,-0.025707,0.015793,-0.024785,0.999237,-1.307519,0.038326,0.943500
39,0.162500,0.026710,-0.003312,-0.044294,-0.998656,-1.315248,0.161405,0.028601,0.024077,-0.013921,0.123900,-0.991905,-1.328146,-0.148249,0.027953,-0.025574,0.015879,-0.024714,0.999241,-1.307222,0.038066,0.943517
40,0.166667,0.026626,-0.003382,-0.044406,-0.998653,-1.315239,0.161388,0.028612,0.024188,-0.013954,0.123920,-0.991899,-1.328145,-0.148241,0.027956,-0.025458,0.015896,-0.024633,0.999246,-1.306954,0.037820,0.943526
41,0.170833,0.026447,-0.003456,-0.044576,-0.998650,-1.315241,0.161369,0.028607,0.024225,-0.014054,0.123864,-0.991904,-1.328143,-0.148242,0.027952,-0.025256,0.015849,-0.024509,0.999255,-1.306694,0.037593,0.943544
42,0.175000,0.026328,-0.003524,-0.044631,-0.998650,-1.315228,0.161359,0.028616,0.024334,-0.014081,0.123876,-0.991899,-1.328144,-0.148235,0.027950,-0.025247,0.015785,-0.024326,0.999261,-1.306466,0.037385,0.943547
43,0.179167,0.025981,-0.003694,-0.044727,-0.998655,-1.315210,0.161343,0.028623,0.024438,-0.014044,0.123949,-0.991888,-1.328138,-0.148223,0.027940,-0.025288,0.016120,-0.024410,0.999252,-1.306173,0.037129,0.943484
44,0.183333,0.025723,-0.003722,-0.044898,-0.998653,-1.315191,0.161329,0.028626,0.024444,-0.014096,0.123949,-0.991887,-1.328137,-0.148223,0.027942,-0.025076,0.016046,-0.024007,0.999268,-1.305995,0.036871,0.943535
45,0.187500,0.025582,-0.003852,-0.045040,-0.998650,-1.315190,0.161298,0.028620,0.024563,-0.014152,0.123917,-0.991888,-1.328140,-0.148214,0.027930,-0.024999,0.016056,-0.023861,0.999274,-1.305804,0.036670,0.943520
46,0.191667,0.025456,-0.003892,-0.045169,-0.998647,-1.315190,0.161285,0.028617,0.024555,-0.014198,0.123906,-0.991889,-1.328142,-0.148222,0.027939,-0.024837,0.016095,-0.023707,0.999281,-1.305595,0.036456,0.943506
47,0.195833,0.025266,-0.003981,-0.045221,-0.998650,-1.315169,0.161283,0.028633,0.024582,-0.014225,0.123883,-0.991890,-1.328138,-0.148217,0.027939,-0.024712,0.016083,-0.023577,0.999287,-1.305379,0.036248,0.943529
48,0.200000,0.025316,-0.003905,-0.045348,-0.998643,-1.315185,0.161257,0.028628,0.024607,-0.014162,0.123968,-0.991880,-1.328137,-0.148211,0.027923,-0.024568,0.015989,-0.023292,0.999299,-1.305200,0.036011,0.943546
49,0.204167,0.024968,-0.004100,-0.045355,-0.998650,-1.315174,0.161244,0.028634,0.024489,-0.014147,0.123970,-0.991883,-1.328142,-0.148218,0.027934,-0.024508,0.016186,-0.023190,0.999300,-1.304942,0.035772,0.943548
50,0.208333,0.024695,-0.004226,-0.045563,-0.998647,-1.315177,0.161233,0.028625,0.024588,-0.014264,0.123906,-0.991887,-1.328150,-0.148215,0.027928,-0.024308,0.016264,-0.023065,0.999306,-1.304729,0.035538,0.943557
51,0.212500,0.024507,-0.004347,-0.045625,-0.998649,-1.315165,0.161215,0.028626,0.024668,-0.014246,0.123912,-0.991884,-1.328147,-0.148220,0.027926,-0.024270,0.016372,-0.022927,0.999308,-1.304510,0.035309,0.943532
52,0.216667,0.024451,-0.004415,-0.045750,-0.998644,-1.315170,0.161195,0.028632,0.024576,-0.014201,0.123930,-0.991885,-1.328149,-0.148223,0.027934,-0.024216,0.016517,-0.022770,0.999311,-1.304322,0.035091,0.943526
53,0.220833,0.023897,-0.004635,-0.045853,-0.998652,-1.315160,0.161180,0.028632,0.024615,-0.014217,0.123929,-0.991884,-1.328153,-0.148225,0.027921,-0.024178,0.016606,-0.022518,0.999316,-1.304175,0.034818,0.943525
54,0.225000,0.023605,-0.004752,-0.045962,-0.998653,-1.315158,0.161157,0.028635,0.024550,-0.014143,0.123987,-0.991879,-1.328159,-0.148231,0.027920,-0.024226,0.016939,-0.022437,0.999311,-1.303978,0.034586,0.943496
55,0.229167,0.023603,-0.004768,-0.046050,-0.998649,-1.315146,0.161142,0.028633,0.024492,-0.014168,0.123967,-0.991883,-1.328166,-0.148239,0.027917,-0.024195,0.017006,-0.022281,0.999314,-1.303824,0.034358,0.943498
56,0.233333,0.023371,-0.004884,-0.046079,-0.998653,-1.315137,0.161127,0.028637,0.024541,-0.014168,0.123950,-0.991884,-1.328170,-0.148233,0.027910,-0.024177,0.017193,-0.022229,0.999313,-1.303654,0.034125,0.943471
57,0.237500,0.023083,-0.005023,-0.046318,-0.998647,-1.315126,0.161111,0.028633,0.024473,-0.014177,0.123956,-0.991885,-1.328171,-0.148247,0.027910,-0.024112,0.017312,-0.022219,0.999312,-1.303488,0.033914,0.943488
58,0.241667,0.022982,-0.005123,-0.046430,-0.998644,-1.315136,0.161080,0.028635,0.024393,-0.014167,0.123924,-0.991891,-1.328177,-0.148257,0.027923,-0.024091,0.017330,-0.022060,0.999316,-1.303352,0.033660,0.943498
59,0.245833,0.022716,-0.005203,-0.046527,-0.998645,-1.315128,0.161069,0.028624,0.024429,-0.014110,0.123990,-0.991882,-1.328174,-0.148254,0.027911,-0.023905,0.017374,-0.022062,0.999320,-1.303195,0.033432,0.943523
60,0.250000,0.022525,-0.005247,-0.046606,-0.998646,-1.315121,0.161057,0.028633,0.024487,-0.014137,0.123957,-0.991885,-1.328182,-0.148255,0.027908,-0.023827,0.017425,-0.021959,0.999323,-1.303056,0.033187,0.943563
61,0.254167,0.022380,-0.005371,-0.046757,-0.998641,-1.315116,0.161043,0.028641,0.024362,-0.014094,0.123958,-0.991888,-1.328185,-0.148266,0.027908,-0.023867,0.017754,-0.022138,0.999312,-1.302834,0.032953,0.943519
62,0.258333,0.022280,-0.004939,-0.047327,-0.998619,-1.315194,0.161008,0.028614,0.024189,-0.014053,0.123950,-0.991894,-1.328189,-0.148270,0.027908,-0.023854,0.017894,-0.022133,0.999310,-1.302691,0.032718,0.943487
63,0.262500,0.021594,-0.005204,-0.047394,-0.998629,-1.315180,0.160998,0.028613,0.024207,-0.014073,0.123966,-0.991891,-1.328194,-0.148275,0.027903,-0.023866,0.017906,-0.022008,0.999313,-1.302588,0.032461,0.943460
64,0.266667,0.021030,-0.005457,-0.047599,-0.998630,-1.315193,0.160979,0.028624,0.024200,-0.014096,0.123949,-0.991893,-1.328201,-0.148285,0.027902,-0.023851,0.018029,-0.022086,0.999309,-1.302444,0.032237,0.943437
65,0.270833,0.020251,-0.006116,-0.047848,-0.998631,-1.315209,0.160963,0.028668,0.024128,-0.014091,0.123909,-0.991900,-1.328205,-0.148292,0.027899,-0.023839,0.018160,-0.022086,0.999307,-1.302323,0.032003,0.943419
66,0.275000,0.018841,-0.007481,-0.047350,-0.998673,-1.315248,0.161036,0.028805,0.024031,-0.014010,0.123933,-0.991901,-1.328208,-0.148299,0.027900,-0.023781,0.018236,-0.022188,0.999305,-1.302198,0.031766,0.943386
67,0.279167,0.017303,-0.008538,-0.047244,-0.998697,-1.315299,0.161080,0.028917,0.023987,-0.014025,0.123911,-0.991904,-1.328215,-0.148308,0.027898,-0.023783,0.018361,-0.022310,0.999300,-1.302085,0.031532,0.943349
68,0.283333,0.016879,-0.008696,-0.047311,-0.998700,-1.315328,0.161084,0.028911,0.023951,-0.014070,0.123863,-0.991911,-1.328228,-0.148319,0.027900,-0.023672,0.018377,-0.022450,0.999299,-1.301947,0.031313,0.943349
69,0.287500,0.016810,-0.008769,-0.047334,-0.998699,-1.315312,0.161071,0.028910,0.023790,-0.014003,0.123849,-0.991917,-1.328221,-0.148327,0.027902,-0.023681,0.018611,-0.022546,0.999292,-1.301817,0.031038,0.943298
70,0.291667,0.016722,-0.008822,-0.047460,-0.998694,-1.315317,0.161054,0.028893,0.023776,-0.014002,0.123838,-0.991919,-1.328234,-0.148339,0.027899,-0.023597,0.018611,-0.022683,0.999291,-1.301696,0.030807,0.943278
71,0.295833,0.016505,-0.008908,-0.047530,-0.998694,-1.315315,0.161035,0.028893,0.023835,-0.014071,0.123778,-0.991924,-1.328235,-0.148339,0.027899,-0.023572,0.018693,-0.022796,0.999287,-1.301584,0.030563,0.943247
72,0.300000,0.016381,-0.008902,-0.047551,-0.998695,-1.315313,0.161027,0.028901,0.023791,-0.014080,0.123756,-0.991928,-1.328248,-0.148353,0.027906,-0.023699,0.018708,-0.022819,0.999284,-1.301486,0.030334,0.943221
73,0.304167,0.016245,-0.008928,-0.047620,-0.998694,-1.315325,0.161025,0.028893,0.023665,-0.013947,0.123756,-0.991932,-1.328245,-0.148358,0.027907,-0.023750,0.018817,-0.022941,0.999278,-1.301383,0.030093,0.943187
74,0.308333,0.016261,-0.008894,-0.047619,-0.998694,-1.315299,0.161023,0.028904,0.023523,-0.013912,0.123721,-0.991941,-1.328249,-0.148376,0.027911,-0.023839,0.018923,-0.023044,0.999271,-1.301281,0.029882,0.943156
75,0.312500,0.016283,-0.008874,-0.047681,-0.998690,-1.315300,0.161011,0.028902,0.023533,-0.013949,0.123667,-0.991947,-1.328252,-0.148379,0.027914,-0.023880,0.018955,-0.022948,0.999272,-1.301221,0.029630,0.943127
76,0.316667,0.016061,-0.008869,-0.047669,-0.998695,-1.315303,0.161015,0.028889,0.023496,-0.013885,0.123665,-0.991949,-1.328251,-0.148387,0.027913,-0.024017,0.018978,-0.022973,0.999267,-1.301136,0.029430,0.943102
77,0.320833,0.016083,-0.008895,-0.047686,-0.998693,-1.315307,0.161008,0.028878,0.023381,-0.013877,0.123591,-0.991961,-1.328254,-0.148397,0.027927,-0.023937,0.018971,-0.022973,0.999269,-1.301035,0.029225,0.943101
78,0.325000,0.016045,-0.008898,-0.047748,-0.998691,-1.315316,0.161009,0.028881,0.023447,-0.013875,0.123582,-0.991960,-1.328260,-0.148398,0.027926,-0.023969,0.019006,-0.022955,0.999268,-1.300956,0.029011,0.943083
79,0.329167,0.015866,-0.008947,-0.047687,-0.998696,-1.315306,0.161010,0.028872,0.023327,-0.013799,0.123569,-0.991966,-1.328255,-0.148404,0.027928,-0.023941,0.019076,-0.022874,0.999270,-1.300910,0.028806,0.943068
80,0.333333,0.016035,-0.008890,-0.047737,-0.998692,-1.315313,0.161011,0.028866,0.023298,-0.013793,0.123525,-0.991972,-1.328258,-0.148412,0.027924,-0.023968,0.019129,-0.022713,0.999272,-1.300862,0.028558,0.943052
81,0.337500,0.015953,-0.008844,-0.047710,-0.998695,-1.315302,0.161009,0.028860,0.023330,-0.013815,0.123443,-0.991981,-1.328264,-0.148413,0.027929,-0.023949,0.019336,-0.022721,0.999268,-1.300787,0.028348,0.943048
82,0.341667,0.016041,-0.008810,-0.047721,-0.998693,-1.315335,0.161016,0.028840,0.023286,-0.013805,0.123423,-0.991985,-1.328267,-0.148418,0.027928,-0.023980,0.019490,-0.022691,0.999265,-1.300742,0.028136,0.943042
83,0.345833,0.016074,-0.008756,-0.047539,-0.998702,-1.315314,0.161022,0.028846,0.023331,-0.013861,0.123385,-0.991988,-1.328269,-0.148424,0.027934,-0.023974,0.019523,-0.022616,0.999266,-1.300717,0.027925,0.943054
84,0.350000,0.016179,-0.008745,-0.047597,-0.998697,-1.315336,0.161028,0.028835,0.023350,-0.013888,0.123331,-0.991994,-1.328271,-0.148419,0.027939,-0.023878,0.019655,-0.022553,0.999267,-1.300692,0.027706,0.943064
85,0.354167,0.016370,-0.008654,-0.047602,-0.998695,-1.315341,0.161033,0.028826,0.023273,-0.013862,0.123320,-0.991997,-1.328272,-0.148413,0.027935,-0.023876,0.019672,-0.022309,0.999272,-1.300705,0.027482,0.943084
86,0.358333,0.016343,-0.008645,-0.047554,-0.998698,-1.315340,0.161034,0.028810,0.023278,-0.013869,0.123259,-0.992005,-1.328270,-0.148411,0.027936,-0.023884,0.019840,-0.022203,0.999271,-1.300692,0.027273,0.943087
87,0.362500,0.016489,-0.008551,-0.047491,-0.998699,-1.315336,0.161053,0.028804,0.023338,-0.013877,0.123175,-0.992014,-1.328271,-0.148414,0.027933,-0.023900,0.019973,-0.022083,0.999271,-1.300684,0.027063,0.943101
88,0.366667,0.016674,-0.008501,-0.047479,-0.998697,-1.315379,0.161058,0.028786,0.023250,-0.013817,0.123141,-0.992021,-1.328265,-0.148406,0.027937,-0.023908,0.020200,-0.021897,0.999270,-1.300684,0.026845,0.943084
89,0.370833,0.016891,-0.008386,-0.047312,-0.998702,-1.315360,0.161081,0.028787,0.023254,-0.013835,0.123087,-0.992027,-1.328264,-0.148404,0.027947,-0.023896,0.020426,-0.021706,0.999270,-1.300678,0.026629,0.943081
90,0.375000,0.017122,-0.008336,-0.047230,-0.998703,-1.315382,0.161090,0.028768,0.023120,-0.013769,0.123051,-0.992036,-1.328259,-0.148403,0.027942,-0.024034,0.020663,-0.021295,0.999271,-1.300740,0.026362,0.943068
91,0.379167,0.018349,-0.007721,-0.046920,-0.998700,-1.315436,0.161152,0.028740,0.023119,-0.013785,0.122994,-0.992042,-1.328259,-0.148399,0.027943,-0.024025,0.020934,-0.021023,0.999271,-1.300768,0.026145,0.943076
92,0.383333,0.018425,-0.007663,-0.046759,-0.998707,-1.315460,0.161174,0.028737,0.023080,-0.013775,0.122932,-0.992051,-1.328260,-0.148406,0.027946,-0.024089,0.021141,-0.020679,0.999272,-1.300805,0.025937,0.943080
93,0.387500,0.018708,-0.007534,-0.046681,-0.998706,-1.315466,0.161192,0.028726,0.023113,-0.013768,0.122880,-0.992057,-1.328274,-0.148406,0.027956,-0.024213,0.021421,-0.020205,0.999273,-1.300892,0.025691,0.943083
94,0.391667,0.019267,-0.007373,-0.046602,-0.998700,-1.315477,0.161207,0.028702,0.022996,-0.013721,0.122820,-0.992068,-1.328278,-0.148407,0.027953,-0.024191,0.021665,-0.019790,0.999277,-1.300965,0.025464,0.943110
95,0.395833,0.019835,-0.007146,-0.046496,-0.998696,-1.315493,0.161226,0.028695,0.022921,-0.013700,0.122712,-0.992083,-1.328285,-0.148414,0.027951,-0.024143,0.021950,-0.019419,0.999279,-1.301017,0.025258,0.943139
96,0.400000,0.019791,-0.007045,-0.046366,-0.998704,-1.315497,0.161258,0.028692,0.022633,-0.013567,0.122635,-0.992101,-1.328278,-0.148418,0.027959,-0.024197,0.022272,-0.018979,0.999279,-1.301111,0.025029,0.943146
97,0.404167,0.020244,-0.006920,-0.046290,-0.998699,-1.315528,0.161281,0.028679,0.022711,-0.013619,0.122502,-0.992115,-1.328283,-0.148415,0.027954,-0.024254,0.022593,-0.018427,0.999281,-1.301191,0.024793,0.943157
98,0.408333,0.020660,-0.006738,-0.046180,-0.998697,-1.315537,0.161308,0.028668,0.022696,-0.013617,0.122344,-0.992135,-1.328292,-0.148423,0.027961,-0.024147,0.022831,-0.017959,0.999286,-1.301274,0.024589,0.943188
99,0.412500,0.021159,-0.006493,-0.046018,-0.998695,-1.315549,0.161337,0.028665,0.022540,-0.013539,0.122268,-0.992149,-1.328308,-0.148434,0.027965,-0.024214,0.023235,-0.017447,0.999284,-1.301354,0.024357,0.943199
100,0.416667,0.021350,-0.006347,-0.045852,-0.998700,-1.315555,0.161367,0.028644,0.022578,-0.013559,0.122135,-0.992164,-1.328317,-0.148435,0.027970,-0.024355,0.023631,-0.016808,0.999283,-1.301463,0.024117,0.943207
101,0.420833,0.021644,-0.006202,-0.045704,-0.998701,-1.315574,0.161394,0.028629,0.022467,-0.013457,0.122023,-0.992182,-1.328324,-0.148444,0.027974,-0.024332,0.024007,-0.016329,0.999282,-1.301543,0.023897,0.943238
102,0.425000,0.022044,-0.006041,-0.045556,-0.998700,-1.315598,0.161423,0.028624,0.022531,-0.013515,0.121916,-0.992193,-1.328345,-0.148449,0.027977,-0.024431,0.024376,-0.015754,0.999280,-1.301667,0.023676,0.943245
103,0.429167,0.022542,-0.005802,-0.045439,-0.998696,-1.315624,0.161448,0.028621,0.022498,-0.013514,0.121780,-0.992210,-1.328353,-0.148463,0.027985,-0.024461,0.024683,-0.015146,0.999281,-1.301784,0.023437,0.943260
104,0.433333,0.022964,-0.005637,-0.045349,-0.998691,-1.315647,0.161467,0.028613,0.022323,-0.013368,0.121694,-0.992227,-1.328353,-0.148473,0.027990,-0.024518,0.025021,-0.014605,0.999280,-1.301905,0.023209,0.943285
105,0.437500,0.023420,-0.005400,-0.045233,-0.998687,-1.315666,0.161492,0.028613,0.022296,-0.013402,0.121603,-0.992238,-1.328354,-0.148480,0.028000,-0.024615,0.025368,-0.013905,0.999278,-1.302052,0.022949,0.943280
106,0.441667,0.023895,-0.005175,-0.045057,-0.998685,-1.315687,0.161514,0.028613,0.022100,-0.013120,0.121114,-0.992306,-1.328350,-0.148541,0.027974,-0.024674,0.025852,-0.013343,0.999272,-1.302178,0.022700,0.943284
107,0.445833,0.024496,-0.004917,-0.044931,-0.998678,-1.315725,0.161529,0.028609,0.021985,-0.012960,0.120938,-0.992332,-1.328357,-0.148571,0.027969,-0.024786,0.026172,-0.012705,0.999269,-1.302308,0.022441,0.943297
108,0.450000,0.025131,-0.004673,-0.044879,-0.998665,-1.315775,0.161540,0.028600,0.022011,-0.013004,0.120780,-0.992350,-1.328357,-0.148581,0.027975,-0.024892,0.026712,-0.012038,0.999261,-1.302426,0.022166,0.943307
109,0.454167,0.025199,-0.004518,-0.044722,-0.998671,-1.315780,0.161570,0.028622,0.022055,-0.012971,0.120654,-0.992365,-1.328365,-0.148587,0.027980,-0.025067,0.027251,-0.011459,0.999249,-1.302543,0.021910,0.943315
110,0.458333,0.025933,-0.004158,-0.044649,-0.998657,-1.315803,0.161574,0.028620,0.022078,-0.012939,0.120546,-0.992378,-1.328366,-0.148597,0.027975,-0.025196,0.027558,-0.010725,0.999245,-1.302692,0.021615,0.943337
111,0.462500,0.026083,-0.004032,-0.044505,-0.998661,-1.315812,0.161589,0.028623,0.022050,-0.013008,0.120372,-0.992399,-1.328373,-0.148599,0.027972,-0.025271,0.027992,-0.010146,0.999237,-1.302821,0.021355,0.943362
112,0.466667,0.026254,-0.003878,-0.044378,-0.998662,-1.315817,0.161609,0.028636,0.022068,-0.012954,0.120314,-0.992406,-1.328370,-0.148600,0.027977,-0.025407,0.028382,-0.009511,0.999229,-1.302969,0.021088,0.943384
113,0.470833,0.026600,-0.003700,-0.044375,-0.998654,-1.315852,0.161629,0.028619,0.022083,-0.012905,0.120289,-0.992409,-1.328354,-0.148600,0.027979,-0.025686,0.028745,-0.008783,0.999218,-1.303128,0.020797,0.943400
114,0.475000,0.026840,-0.003516,-0.044248,-0.998654,-1.315869,0.161649,0.028623,0.022047,-0.012921,0.120196,-0.992421,-1.328351,-0.148600,0.027989,-0.025806,0.029252,-0.008161,0.999206,-1.303269,0.020529,0.943409
115,0.479167,0.027259,-0.003258,-0.044217,-0.998645,-1.315893,0.161669,0.028638,0.022051,-0.012958,0.120199,-0.992420,-1.328341,-0.148594,0.027995,-0.025941,0.029515,-0.007354,0.999201,-1.303429,0.020223,0.943428
116,0.483333,0.027433,-0.003156,-0.044189,-0.998642,-1.315938,0.161685,0.028629,0.021901,-0.012896,0.120189,-0.992426,-1.328334,-0.148597,0.027995,-0.026035,0.029918,-0.006784,0.999190,-1.303568,0.019941,0.943431
117,0.487500,0.027716,-0.003019,-0.044055,-0.998640,-1.315973,0.161690,0.028620,0.022015,-0.012899,0.120174,-0.992425,-1.328328,-0.148593,0.027995,-0.026301,0.030280,-0.005987,0.999178,-1.303731,0.019602,0.943436
118,0.491667,0.028120,-0.002786,-0.043980,-0.998633,-1.315996,0.161709,0.028637,0.022125,-0.013002,0.120146,-0.992424,-1.328333,-0.148587,0.027999,-0.026366,0.030685,-0.005438,0.999166,-1.303838,0.019304,0.943455
119,0.495833,0.028586,-0.002565,-0.043881,-0.998624,-1.316023,0.161722,0.028644,0.022048,-0.012973,0.120129,-0.992429,-1.328333,-0.148574,0.028000,-0.026593,0.031008,-0.004678,0.999154,-1.304006,0.018956,0.943450
120,0.500000,0.028884,-0.002382,-0.043857,-0.998617,-1.316057,0.161730,0.028639,0.021988,-0.012979,0.120073,-0.992437,-1.328332,-0.148560,0.027998,-0.026737,0.031433,-0.004127,0.999140,-1.304132,0.018628,0.943449
121,0.504167,0.028943,-0.002249,-0.043674,-0.998624,-1.316070,0.161753,0.028644,0.022063,-0.012949,0.120098,-0.992432,-1.328329,-0.148542,0.027997,-0.026973,0.031800,-0.003385,0.999125,-1.304292,0.018265,0.943438
122,0.508333,0.029370,-0.002124,-0.043566,-0.998617,-1.316104,0.161752,0.028660,0.021991,-0.012960,0.119996,-0.992446,-1.328337,-0.148537,0.028000,-0.027038,0.032211,-0.002829,0.999111,-1.304417,0.017959,0.943437
123,0.512500,0.029620,-0.001942,-0.043541,-0.998611,-1.316125,0.161772,0.028664,0.022030,-0.012946,0.119960,-0.992450,-1.328337,-0.148514,0.027997,-0.027201,0.032591,-0.002258,0.999096,-1.304557,0.017631,0.943436
124,0.516667,0.029829,-0.001805,-0.043467,-0.998608,-1.316150,0.161789,0.028674,0.022083,-0.012984,0.119924,-0.992453,-1.328344,-0.148519,0.028009,-0.027268,0.032848,-0.001587,0.999087,-1.304704,0.017266,0.943436
125,0.520833,0.030110,-0.001636,-0.043414,-0.998602,-1.316173,0.161794,0.028683,0.022139,-0.013002,0.119843,-0.992461,-1.328351,-0.148512,0.028009,-0.027341,0.033177,-0.001089,0.999075,-1.304826,0.016914,0.943436
126,0.525000,0.030320,-0.001523,-0.043349,-0.998599,-1.316179,0.161816,0.028707,0.022234,-0.013024,0.119804,-0.992463,-1.328351,-0.148503,0.028017,-0.027433,0.033505,-0.000420,0.999062,-1.304955,0.016521,0.943451
127,0.529167,0.030715,-0.001343,-0.043215,-0.998593,-1.316186,0.161821,0.028724,0.022109,-0.012942,0.119738,-0.992475,-1.328362,-0.148501,0.028028,-0.027486,0.033861,-0.000009,0.999049,-1.305041,0.016161,0.943467
128,0.533333,0.031048,-0.001126,-0.043137,-0.998586,-1.316204,0.161827,0.028736,0.022245,-0.012988,0.119661,-0.992481,-1.328373,-0.148490,0.028024,-0.027667,0.034110,0.000650,0.999035,-1.305165,0.015740,0.943482
129,0.537500,0.031360,-0.001025,-0.043036,-0.998581,-1.316235,0.161843,0.028734,0.022240,-0.012927,0.119621,-0.992486,-1.328378,-0.148489,0.028040,-0.027738,0.034452,0.001016,0.999021,-1.305249,0.015363,0.943506
130,0.541667,0.031518,-0.000933,-0.042948,-0.998580,-1.316243,0.161858,0.028734,0.022198,-0.012933,0.119491,-0.992503,-1.328377,-0.148480,0.028031,-0.027806,0.034733,0.001664,0.999008,-1.305372,0.014922,0.943498
131,0.545833,0.031896,-0.000798,-0.042889,-0.998570,-1.316271,0.161864,0.028740,0.022195,-0.012864,0.119479,-0.992505,-1.328379,-0.148485,0.028042,-0.027954,0.035127,0.001997,0.998990,-1.305440,0.014513,0.943487
132,0.550000,0.032199,-0.000610,-0.042726,-0.998568,-1.316280,0.161881,0.028758,0.022012,-0.012745,0.119422,-0.992518,-1.328385,-0.148484,0.028045,-0.028071,0.035433,0.002603,0.998974,-1.305511,0.014057,0.943465
133,0.554167,0.032708,-0.000433,-0.042621,-0.998556,-1.316287,0.161876,0.028773,0.022052,-0.012713,0.119343,-0.992527,-1.328398,-0.148495,0.028051,-0.028197,0.035837,0.002936,0.998955,-1.305563,0.013637,0.943449
134,0.558333,0.032982,-0.000233,-0.042519,-0.998551,-1.316295,0.161892,0.028775,0.021966,-0.012620,0.119243,-0.992542,-1.328400,-0.148482,0.028059,-0.028340,0.036132,0.003530,0.998939,-1.305645,0.013163,0.943439
135,0.562500,0.033228,-0.000061,-0.042377,-0.998549,-1.316300,0.161903,0.028796,0.021833,-0.012586,0.119169,-0.992554,-1.328411,-0.148492,0.028064,-0.028487,0.036502,0.003863,0.998920,-1.305687,0.012737,0.943426
136,0.566667,0.033568,0.000045,-0.042371,-0.998538,-1.316322,0.161915,0.028806,0.021700,-0.012466,0.119084,-0.992569,-1.328420,-0.148491,0.028065,-0.028594,0.036719,0.004433,0.998907,-1.305772,0.012258,0.943413
137,0.570833,0.033877,0.000193,-0.042306,-0.998530,-1.316329,0.161932,0.028813,0.021719,-0.012444,0.118958,-0.992584,-1.328437,-0.148496,0.028072,-0.028741,0.037007,0.004966,0.998889,-1.305834,0.011768,0.943392
138,0.575000,0.034034,0.000275,-0.042217,-0.998529,-1.316342,0.161947,0.028818,0.021546,-0.012334,0.118819,-0.992606,-1.328447,-0.148500,0.028077,-0.028841,0.037300,0.005364,0.998873,-1.305862,0.011313,0.943391
139,0.579167,0.034328,0.000422,-0.042092,-0.998524,-1.316359,0.161960,0.028838,0.021468,-0.012286,0.118739,-0.992617,-1.328456,-0.148503,0.028074,-0.028967,0.037813,0.006014,0.998847,-1.305899,0.010818,0.943397
140,0.583333,0.034570,0.000534,-0.042080,-0.998516,-1.316387,0.161969,0.028832,0.021307,-0.012207,0.118581,-0.992641,-1.328468,-0.148511,0.028085,-0.028959,0.038143,0.006497,0.998831,-1.305975,0.010354,0.943413
141,0.587500,0.034771,0.000700,-0.042060,-0.998510,-1.316414,0.161991,0.028837,0.021237,-0.012105,0.118451,-0.992659,-1.328483,-0.148517,0.028090,-0.028912,0.038443,0.007298,0.998816,-1.306098,0.009862,0.943453
142,0.591667,0.035276,0.000772,-0.042082,-0.998491,-1.316454,0.161993,0.028841,0.020974,-0.011975,0.118291,-0.992685,-1.328499,-0.148533,0.028103,-0.029056,0.039039,0.007863,0.998784,-1.306164,0.009417,0.943432
143,0.595833,0.035507,0.000873,-0.042023,-0.998485,-1.316472,0.162014,0.028848,0.020904,-0.011913,0.118179,-0.992701,-1.328515,-0.148541,0.028103,-0.029121,0.039631,0.008681,0.998752,-1.306263,0.008873,0.943464
144,0.600000,0.035658,0.000927,-0.041982,-0.998481,-1.316487,0.162029,0.028853,0.020737,-0.011784,0.118088,-0.992717,-1.328537,-0.148557,0.028102,-0.029161,0.040400,0.009107,0.998716,-1.306309,0.008370,0.943493
145,0.604167,0.036060,0.001035,-0.041895,-0.998471,-1.316502,0.162043,0.028868,0.020563,-0.011749,0.117921,-0.992740,-1.328551,-0.148569,0.028100,-0.029220,0.041021,0.009740,0.998684,-1.306406,0.007810,0.943536
146,0.608333,0.036181,0.001117,-0.041779,-0.998471,-1.316505,0.162060,0.028881,0.020297,-0.011677,0.117816,-0.992759,-1.328569,-0.148589,0.028113,-0.029167,0.041828,0.009984,0.998649,-1.306466,0.007267,0.943575
147,0.612500,0.036434,0.001172,-0.041782,-0.998462,-1.316524,0.162074,0.028886,0.020154,-0.011575,0.117651,-0.992783,-1.328592,-0.148598,0.028112,-0.029197,0.042403,0.010428,0.998619,-1.306522,0.006695,0.943616
148,0.616667,0.036643,0.001368,-0.041731,-0.998456,-1.316541,0.162091,0.028896,0.019978,-0.011491,0.117479,-0.992808,-1.328605,-0.148603,0.028122,-0.029042,0.043143,0.010763,0.998589,-1.306485,0.006108,0.943686
149,0.620833,0.036822,0.001446,-0.041642,-0.998453,-1.316566,0.162100,0.028900,0.019878,-0.011421,0.117351,-0.992826,-1.328629,-0.148619,0.028128,-0.028827,0.043856,0.010948,0.998562,-1.306451,0.005526,0.943734
150,0.625000,0.037049,0.001494,-0.041546,-0.998448,-1.316589,0.162122,0.028904,0.019740,-0.011351,0.117224,-0.992844,-1.328656,-0.148629,0.028130,-0.028765,0.044400,0.011273,0.998536,-1.306421,0.004919,0.943795
151,0.629167,0.037332,0.001589,-0.041468,-0.998441,-1.316596,0.162132,0.028921,0.019547,-0.011184,0.117052,-0.992870,-1.328672,-0.148634,0.028131,-0.028943,0.045050,0.011422,0.998500,-1.306382,0.004321,0.943791
152,0.633333,0.037628,0.001728,-0.041461,-0.998430,-1.316625,0.162154,0.028930,0.019424,-0.011172,0.116914,-0.992889,-1.328700,-0.148662,0.028143,-0.029002,0.045632,0.011766,0.998468,-1.306373,0.003707,0.943809
153,0.637500,0.037786,0.001784,-0.041422,-0.998425,-1.316635,0.162178,0.028940,0.019205,-0.011049,0.116771,-0.992912,-1.328731,-0.148681,0.028155,-0.029112,0.046321,0.011986,0.998430,-1.306345,0.003113,0.943782
154,0.641667,0.037897,0.001838,-0.041377,-0.998423,-1.316666,0.162191,0.028934,0.019120,-0.011016,0.116595,-0.992934,-1.328760,-0.148700,0.028160,-0.029134,0.046825,0.012415,0.998401,-1.306301,0.002516,0.943814
155,0.645833,0.038143,0.001932,-0.041310,-0.998416,-1.316692,0.162195,0.028938,0.018954,-0.010925,0.116451,-0.992955,-1.328787,-0.148718,0.028168,-0.029020,0.047296,0.012813,0.998377,-1.306243,0.001872,0.943854
156,0.650000,0.038131,0.001972,-0.041276,-0.998418,-1.316687,0.162204,0.028963,0.018778,-0.010801,0.116255,-0.992983,-1.328811,-0.148738,0.028182,-0.028967,0.047837,0.013130,0.998349,-1.306149,0.001235,0.943853
157,0.654167,0.038627,0.002172,-0.041241,-0.998400,-1.316707,0.162224,0.028965,0.018646,-0.010716,0.116064,-0.993009,-1.328840,-0.148760,0.028190,-0.029051,0.048420,0.013456,0.998314,-1.306054,0.000568,0.943830
158,0.658333,0.038819,0.002241,-0.041132,-0.998397,-1.316728,0.162234,0.028977,0.018518,-0.010522,0.115894,-0.993033,-1.328882,-0.148777,0.028195,-0.029270,0.049004,0.013616,0.998277,-1.305947,-0.000054,0.943801
159,0.662500,0.039019,0.002381,-0.041049,-0.998392,-1.316738,0.162255,0.028990,0.018180,-0.010357,0.115758,-0.993057,-1.328920,-0.148799,0.028201,-0.029313,0.049531,0.013957,0.998245,-1.305864,-0.000713,0.943794
160,0.666667,0.039241,0.002452,-0.040990,-0.998386,-1.316744,0.162262,0.028998,0.017963,-0.010148,0.115599,-0.993082,-1.328950,-0.148820,0.028207,-0.029286,0.049975,0.014349,0.998218,-1.305781,-0.001407,0.943819
161,0.670833,0.039447,0.002517,-0.040941,-0.998379,-1.316758,0.162269,0.029005,0.017793,-0.010035,0.115448,-0.993104,-1.328987,-0.148848,0.028221,-0.029255,0.050450,0.014556,0.998192,-1.305655,-0.002077,0.943832
162,0.675000,0.039429,0.002503,-0.040878,-0.998383,-1.316798,0.162287,0.029007,0.017549,-0.009817,0.115264,-0.993131,-1.329018,-0.148861,0.028235,-0.029132,0.051039,0.014784,0.998162,-1.305508,-0.002790,0.943838
163,0.679167,0.039555,0.002516,-0.040795,-0.998381,-1.316812,0.162299,0.029025,0.017426,-0.009733,0.115084,-0.993155,-1.329056,-0.148868,0.028254,-0.029198,0.051723,0.015008,0.998122,-1.305343,-0.003525,0.943814
164,0.683333,0.039753,0.002640,-0.040728,-0.998376,-1.316821,0.162306,0.029036,0.017319,-0.009546,0.114920,-0.993178,-1.329110,-0.148872,0.028271,-0.029299,0.052185,0.015179,0.998092,-1.305212,-0.004205,0.943806
165,0.687500,0.040087,0.002767,-0.040692,-0.998363,-1.316835,0.162303,0.029046,0.017263,-0.009352,0.114748,-0.993201,-1.329157,-0.148859,0.028283,-0.029233,0.052581,0.015533,0.998068,-1.305068,-0.004908,0.943835
166,0.691667,0.040256,0.002868,-0.040649,-0.998358,-1.316849,0.162317,0.029058,0.017132,-0.009176,0.114487,-0.993235,-1.329204,-0.148848,0.028306,-0.029123,0.053160,0.015644,0.998039,-1.304923,-0.005632,0.943823
167,0.695833,0.040324,0.002945,-0.040540,-0.998360,-1.316852,0.162324,0.029085,0.017046,-0.008981,0.114259,-0.993264,-1.329256,-0.148840,0.028326,-0.029109,0.053780,0.015867,0.998002,-1.304717,-0.006380,0.943831
168,0.700000,0.040623,0.002891,-0.040567,-0.998347,-1.316887,0.162344,0.029083,0.016900,-0.008681,0.114066,-0.993292,-1.329308,-0.148814,0.028353,-0.029234,0.054393,0.016097,0.997962,-1.304543,-0.007161,0.943811
169,0.704167,0.040882,0.002925,-0.040676,-0.998331,-1.316885,0.162339,0.029100,0.016798,-0.008474,0.113730,-0.993334,-1.329361,-0.148785,0.028390,-0.029134,0.054967,0.016207,0.997931,-1.304338,-0.007897,0.943806
170,0.708333,0.041120,0.002986,-0.040708,-0.998320,-1.316892,0.162332,0.029117,0.016733,-0.008194,0.113483,-0.993365,-1.329408,-0.148758,0.028415,-0.029073,0.055628,0.016483,0.997892,-1.304135,-0.008620,0.943814
171,0.712500,0.041166,0.003086,-0.040700,-0.998318,-1.316904,0.162329,0.029141,0.016821,-0.007947,0.113242,-0.993393,-1.329444,-0.148719,0.028451,-0.029068,0.056128,0.016712,0.997860,-1.303945,-0.009416,0.943817
172,0.716667,0.041387,0.003250,-0.040592,-0.998313,-1.316920,0.162321,0.029157,0.016755,-0.007700,0.113055,-0.993418,-1.329485,-0.148712,0.028485,-0.028985,0.056667,0.016805,0.997831,-1.303697,-0.010220,0.943821
173,0.720833,0.041508,0.003326,-0.040570,-0.998309,-1.316925,0.162313,0.029186,0.016769,-0.007568,0.112852,-0.993441,-1.329525,-0.148693,0.028501,-0.029103,0.057290,0.017017,0.997788,-1.303470,-0.011023,0.943785
174,0.725000,0.041570,0.003406,-0.040517,-0.998308,-1.316940,0.162306,0.029205,0.016789,-0.007380,0.112665,-0.993464,-1.329561,-0.148672,0.028524,-0.028988,0.057864,0.017253,0.997754,-1.303249,-0.011836,0.943790
175,0.729167,0.041831,0.003536,-0.040452,-0.998299,-1.316959,0.162285,0.029212,0.016743,-0.007238,0.112542,-0.993480,-1.329593,-0.148663,0.028545,-0.028871,0.058332,0.017456,0.997727,-1.302981,-0.012655,0.943813
176,0.733333,0.041816,0.003621,-0.040387,-0.998302,-1.316963,0.162280,0.029241,0.016723,-0.007104,0.112417,-0.993495,-1.329616,-0.148661,0.028555,-0.028837,0.058877,0.017481,0.997696,-1.302671,-0.013445,0.943813
177,0.737500,0.041980,0.003748,-0.040261,-0.998300,-1.316979,0.162275,0.029248,0.016509,-0.006951,0.112314,-0.993511,-1.329637,-0.148675,0.028564,-0.028957,0.059507,0.017706,0.997651,-1.302416,-0.014275,0.943701
178,0.741667,0.041965,0.003904,-0.040204,-0.998302,-1.316988,0.162252,0.029273,0.016448,-0.006868,0.112199,-0.993526,-1.329662,-0.148684,0.028573,-0.028895,0.060133,0.017807,0.997613,-1.302102,-0.015097,0.943697
179,0.745833,0.042684,0.004377,-0.039858,-0.998284,-1.316973,0.162259,0.029251,0.016359,-0.006740,0.112094,-0.993540,-1.329680,-0.148695,0.028586,-0.028784,0.060556,0.017789,0.997591,-1.301730,-0.015925,0.943670
180,0.750000,0.042497,0.004366,-0.039698,-0.998298,-1.316973,0.162230,0.029266,0.016344,-0.006639,0.112011,-0.993550,-1.329699,-0.148700,0.028604,-0.028901,0.060948,0.017979,0.997561,-1.301437,-0.016796,0.943632
181,0.754167,0.042271,0.004396,-0.039549,-0.998313,-1.316960,0.162217,0.029291,0.016174,-0.006463,0.111956,-0.993561,-1.329717,-0.148709,0.028608,-0.028519,0.061568,0.017960,0.997534,-1.301086,-0.017668,0.943582
182,0.758333,0.041920,0.004387,-0.039350,-0.998336,-1.316976,0.162188,0.029305,0.015974,-0.006229,0.111697,-0.993594,-1.329736,-0.148752,0.028611,-0.028499,0.062064,0.017908,0.997505,-1.300699,-0.018494,0.943507
183,0.762500,0.041720,0.004463,-0.039117,-0.998353,-1.316978,0.162174,0.029326,0.015769,-0.006333,0.111607,-0.993607,-1.329744,-0.148740,0.028589,-0.028701,0.061977,0.016723,0.997525,-1.299978,-0.019448,0.943368
184,0.766667,0.041527,0.004508,-0.038953,-0.998368,-1.316982,0.162153,0.029345,0.015549,-0.006237,0.111623,-0.993609,-1.329766,-0.148747,0.028593,-0.028578,0.062200,0.016862,0.997512,-1.299643,-0.020312,0.943283
185,0.770833,0.041373,0.004461,-0.038761,-0.998382,-1.317005,0.162117,0.029367,0.015386,-0.006112,0.111592,-0.993616,-1.329784,-0.148774,0.028597,-0.028416,0.062517,0.016900,0.997496,-1.299226,-0.021183,0.943163
186,0.775000,0.041040,0.004597,-0.038669,-0.998398,-1.317015,0.162084,0.029394,0.015088,-0.006012,0.111506,-0.993631,-1.329782,-0.148800,0.028603,-0.028364,0.062657,0.016715,0.997492,-1.298757,-0.022062,0.943021
187,0.779167,0.040705,0.004610,-0.038456,-0.998420,-1.317041,0.162021,0.029406,0.014994,-0.005899,0.111450,-0.993639,-1.329784,-0.148832,0.028598,-0.028184,0.062761,0.016900,0.997487,-1.298354,-0.022929,0.942939
188,0.783333,0.040484,0.004691,-0.038226,-0.998438,-1.317053,0.161959,0.029421,0.014869,-0.005869,0.111348,-0.993653,-1.329793,-0.148863,0.028596,-0.029703,0.062351,0.018703,0.997437,-1.297225,-0.024268,0.943014
189,0.787500,0.040238,0.004731,-0.038134,-0.998451,-1.317081,0.161899,0.029455,0.014737,-0.005789,0.111242,-0.993667,-1.329785,-0.148897,0.028602,-0.030173,0.062463,0.018846,0.997413,-1.296633,-0.025167,0.942845
190,0.791667,0.039831,0.004851,-0.038034,-0.998471,-1.317082,0.161825,0.029489,0.014636,-0.005782,0.111157,-0.993678,-1.329780,-0.148918,0.028606,-0.030238,0.062711,0.018779,0.997397,-1.296230,-0.026027,0.942683
191,0.795833,0.039506,0.004939,-0.037823,-0.998491,-1.317099,0.161748,0.029519,0.014871,-0.005620,0.111132,-0.993679,-1.329784,-0.148936,0.028654,-0.029844,0.062574,0.018959,0.997414,-1.295671,-0.027000,0.942566
192,0.800000,0.039031,0.004973,-0.037634,-0.998517,-1.317113,0.161663,0.029550,0.015058,-0.005718,0.110946,-0.993696,-1.329770,-0.148968,0.028658,-0.028709,0.064995,0.018860,0.997294,-1.295229,-0.027943,0.942754
193,0.804167,0.038488,0.004968,-0.037399,-0.998547,-1.317140,0.161571,0.029582,0.014194,-0.005571,0.110873,-0.993718,-1.329781,-0.148969,0.028608,-0.027864,0.065515,0.018650,0.997288,-1.294808,-0.028832,0.942624
194,0.808333,0.037767,0.004982,-0.037219,-0.998581,-1.317163,0.161479,0.029626,0.013977,-0.005566,0.110663,-0.993744,-1.329777,-0.148964,0.028585,-0.026999,0.066087,0.018715,0.997273,-1.294258,-0.029789,0.942541
195,0.812500,0.036904,0.004953,-0.037047,-0.998620,-1.317176,0.161385,0.029676,0.014204,-0.005439,0.110565,-0.993752,-1.329796,-0.148950,0.028608,-0.026692,0.066431,0.018769,0.997257,-1.293656,-0.030734,0.942449
196,0.816667,0.037014,0.005228,-0.037829,-0.998585,-1.317298,0.161177,0.029699,0.014095,-0.005530,0.110397,-0.993772,-1.329788,-0.148930,0.028588,-0.025716,0.067032,0.018798,0.997242,-1.293108,-0.031700,0.942320
197,0.820833,0.036223,0.005178,-0.037823,-0.998614,-1.317334,0.161059,0.029735,0.014401,-0.005479,0.110382,-0.993770,-1.329783,-0.148924,0.028599,-0.024970,0.067371,0.018708,0.997240,-1.292541,-0.032659,0.942145
198,0.825000,0.035507,0.005238,-0.037617,-0.998648,-1.317346,0.160924,0.029767,0.014188,-0.005504,0.110187,-0.993794,-1.329746,-0.148876,0.028606,-0.024745,0.067711,0.018740,0.997222,-1.291922,-0.033663,0.941950
199,0.829167,0.034611,0.005107,-0.037486,-0.998685,-1.317365,0.160786,0.029816,0.014081,-0.005474,0.109995,-0.993817,-1.329702,-0.148820,0.028647,-0.023665,0.067966,0.018652,0.997233,-1.291352,-0.034609,0.941780
200,0.833333,0.033737,0.005251,-0.036980,-0.998733,-1.317367,0.160691,0.029822,0.014237,-0.005536,0.109935,-0.993821,-1.329657,-0.148783,0.028656,-0.022833,0.068157,0.018394,0.997244,-1.290748,-0.035572,0.941573
201,0.837500,0.031962,0.004845,-0.036506,-0.998810,-1.317387,0.160576,0.029892,0.014292,-0.005499,0.109832,-0.993832,-1.329657,-0.148757,0.028654,-0.022562,0.068232,0.018567,0.997241,-1.290141,-0.036551,0.941393
202,0.841667,0.029979,0.004456,-0.035962,-0.998893,-1.317356,0.160443,0.029975,0.014409,-0.005474,0.109700,-0.993845,-1.329643,-0.148719,0.028661,-0.022106,0.068294,0.018641,0.997246,-1.289501,-0.037556,0.941194
203,0.845833,0.027933,0.004047,-0.035415,-0.998974,-1.317350,0.160313,0.030060,0.014525,-0.005499,0.109602,-0.993854,-1.329643,-0.148685,0.028670,-0.021401,0.068372,0.018301,0.997262,-1.288892,-0.038534,0.940874
204,0.850000,0.025647,0.003680,-0.035000,-0.999052,-1.317380,0.160173,0.030178,0.014463,-0.005408,0.109474,-0.993870,-1.329656,-0.148649,0.028679,-0.021349,0.068273,0.018685,0.997263,-1.288257,-0.039547,0.940724
205,0.854167,0.023567,0.003451,-0.034712,-0.999114,-1.317400,0.160037,0.030299,0.014521,-0.005340,0.109299,-0.993888,-1.329665,-0.148599,0.028690,-0.020797,0.068408,0.018881,0.997262,-1.287587,-0.040583,0.940465
206,0.858333,0.021390,0.003254,-0.034521,-0.999170,-1.317436,0.159866,0.030417,0.014600,-0.005315,0.109071,-0.993912,-1.329683,-0.148548,0.028690,-0.020430,0.068454,0.018964,0.997265,-1.286923,-0.041581,0.940136
207,0.862500,0.019509,0.003064,-0.034472,-0.999211,-1.317473,0.159680,0.030543,0.014824,-0.005235,0.108841,-0.993935,-1.329716,-0.148499,0.028695,-0.020244,0.068617,0.019177,0.997253,-1.286271,-0.042614,0.939883
208,0.866667,0.017870,0.002925,-0.034500,-0.999241,-1.317500,0.159477,0.030675,0.014901,-0.005105,0.108549,-0.993966,-1.329766,-0.148449,0.028715,-0.020299,0.068667,0.019297,0.997247,-1.285673,-0.043658,0.939567
209,0.870833,0.016364,0.002742,-0.034654,-0.999262,-1.317506,0.159251,0.030793,0.015116,-0.004966,0.108205,-0.994001,-1.329833,-0.148395,0.028703,-0.020003,0.068684,0.019561,0.997246,-1.284967,-0.044665,0.939293
210,0.875000,0.017581,0.002970,-0.036994,-0.999156,-1.317656,0.158841,0.030756,0.015359,-0.004853,0.107701,-0.994053,-1.329934,-0.148333,0.028714,-0.020158,0.068793,0.019998,0.997227,-1.284348,-0.045707,0.939002
211,0.879167,0.016005,0.002126,-0.037591,-0.999163,-1.317637,0.158625,0.030920,0.015187,-0.004626,0.107441,-0.994085,-1.329978,-0.148283,0.028712,-0.019992,0.069374,0.020193,0.997186,-1.283768,-0.046738,0.938606
212,0.883333,0.014150,0.001057,-0.038112,-0.999173,-1.317525,0.158421,0.031106,0.014800,-0.004322,0.107263,-0.994111,-1.329963,-0.148217,0.028731,-0.019763,0.069915,0.020377,0.997149,-1.283179,-0.047717,0.938213
213,0.887500,0.012074,0.000096,-0.038542,-0.999184,-1.317299,0.158204,0.031313,0.014669,-0.004178,0.107014,-0.994140,-1.330046,-0.148217,0.028745,-0.019487,0.070235,0.020450,0.997130,-1.282636,-0.048585,0.937791
214,0.891667,0.010119,-0.000691,-0.039358,-0.999174,-1.317093,0.157969,0.031513,0.014567,-0.003983,0.106606,-0.994187,-1.330102,-0.148171,0.028762,-0.019130,0.070585,0.019959,0.997123,-1.282263,-0.049423,0.937457
215,0.895833,0.007961,-0.001826,-0.040648,-0.999140,-1.316865,0.157680,0.031767,0.014456,-0.003785,0.106166,-0.994236,-1.330180,-0.148109,0.028755,-0.018718,0.070721,0.019251,0.997135,-1.281862,-0.050230,0.937091
216,0.900000,0.006092,-0.002287,-0.042054,-0.999094,-1.316615,0.157407,0.031988,0.014397,-0.003656,0.105803,-0.994276,-1.330258,-0.148058,0.028757,-0.018637,0.071522,0.019654,0.997071,-1.281341,-0.051340,0.936521
217,0.904167,0.004442,-0.003790,-0.042936,-0.999061,-1.316261,0.157179,0.032248,0.014490,-0.003824,0.105484,-0.994308,-1.330270,-0.148007,0.028708,-0.019693,0.071758,0.020637,0.997014,-1.280643,-0.052428,0.935914
218,0.908333,0.002949,-0.004999,-0.043510,-0.999036,-1.315842,0.157003,0.032526,0.014576,-0.003821,0.105177,-0.994339,-1.330313,-0.147978,0.028700,-0.023138,0.073138,0.020847,0.996835,-1.279910,-0.053015,0.934924
219,0.912500,0.001003,-0.006747,-0.043971,-0.999010,-1.315401,0.156839,0.032808,0.014423,-0.003782,0.104909,-0.994370,-1.330371,-0.147941,0.028697,-0.024863,0.073145,0.021891,0.996771,-1.279155,-0.053922,0.934212
220,0.916667,-0.000783,-0.008944,-0.044637,-0.998963,-1.314949,0.156581,0.033155,0.014418,-0.003719,0.104675,-0.994395,-1.330427,-0.147917,0.028693,-0.026909,0.073084,0.023171,0.996693,-1.278413,-0.054905,0.933432
221,0.920833,-0.002904,-0.010659,-0.045067,-0.998923,-1.314535,0.156331,0.033520,0.014306,-0.003706,0.104502,-0.994415,-1.330477,-0.147893,0.028675,-0.029514,0.072929,0.025059,0.996585,-1.277739,-0.056043,0.932590
222,0.925000,-0.004382,-0.013152,-0.045952,-0.998847,-1.313998,0.156014,0.033998,0.014255,-0.003720,0.104367,-0.994430,-1.330513,-0.147880,0.028652,-0.031499,0.072505,0.026734,0.996512,-1.276946,-0.057057,0.931732
223,0.929167,-0.004827,-0.015433,-0.047550,-0.998738,-1.313374,0.155554,0.034553,0.014142,-0.003763,0.104249,-0.994444,-1.330544,-0.147877,0.028634,-0.033819,0.072700,0.028224,0.996381,-1.276206,-0.058041,0.930850
224,0.933333,-0.005286,-0.017111,-0.048849,-0.998646,-1.312688,0.155133,0.035141,0.014296,-0.003962,0.104246,-0.994441,-1.330573,-0.147896,0.028596,-0.036196,0.072388,0.029322,0.996288,-1.275389,-0.058840,0.929882
225,0.937500,-0.005741,-0.019719,-0.050321,-0.998522,-1.312017,0.154547,0.035794,0.014075,-0.003992,0.104300,-0.994438,-1.330585,-0.147919,0.028562,-0.038183,0.072178,0.030482,0.996194,-1.274661,-0.059701,0.928970
226,0.941667,-0.007181,-0.022698,-0.051757,-0.998376,-1.311294,0.153916,0.036472,0.013940,-0.004105,0.104439,-0.994425,-1.330605,-0.147960,0.028535,-0.040300,0.071924,0.031420,0.996100,-1.273937,-0.060517,0.928014
227,0.945833,-0.009444,-0.026122,-0.053076,-0.998204,-1.310507,0.153222,0.037209,0.013741,-0.004280,0.104597,-0.994411,-1.330619,-0.147998,0.028498,-0.042022,0.071654,0.032163,0.996025,-1.273240,-0.061248,0.926997
228,0.950000,-0.011438,-0.029947,-0.054436,-0.998003,-1.309688,0.152400,0.038040,0.014185,-0.004509,0.104907,-0.994371,-1.330647,-0.148063,0.028517,-0.039955,0.070024,0.033056,0.996197,-1.272649,-0.061958,0.926763
229,0.954167,-0.013494,-0.033411,-0.056174,-0.997771,-1.308828,0.151498,0.038874,0.013315,-0.004721,0.105138,-0.994357,-1.330635,-0.148123,0.028440,-0.044644,0.070445,0.033179,0.995964,-1.271739,-0.062570,0.924966
230,0.958333,-0.014948,-0.036213,-0.057587,-0.997572,-1.307894,0.150558,0.039726,0.012843,-0.005050,0.105462,-0.994328,-1.330618,-0.148200,0.028392,-0.046114,0.069787,0.033641,0.995928,-1.270982,-0.063153,0.923788
231,0.962500,-0.015798,-0.039417,-0.058724,-0.997371,-1.306837,0.149580,0.040614,0.012622,-0.005243,0.105857,-0.994288,-1.330590,-0.148320,0.028378,-0.046777,0.068689,0.033922,0.995963,-1.270142,-0.063762,0.922852
232,0.966667,-0.013293,-0.041682,-0.061700,-0.997135,-1.306065,0.148313,0.041421,0.012246,-0.005578,0.106262,-0.994247,-1.330570,-0.148431,0.028355,-0.047946,0.067915,0.034187,0.995952,-1.269317,-0.064407,0.921767
233,0.970833,-0.012696,-0.044664,-0.063131,-0.996925,-1.304869,0.147067,0.042359,0.011839,-0.005813,0.106717,-0.994202,-1.330546,-0.148527,0.028315,-0.044136,0.065768,0.034188,0.996272,-1.268399,-0.065030,0.921537
234,0.975000,-0.011864,-0.047259,-0.064056,-0.996756,-1.303634,0.145769,0.043336,0.011601,-0.006062,0.107129,-0.994159,-1.330530,-0.148606,0.028287,-0.048912,0.066137,0.034668,0.996008,-1.267532,-0.065553,0.919732
235,0.979167,-0.011940,-0.049924,-0.064958,-0.996567,-1.302207,0.144263,0.044367,0.011529,-0.006205,0.107582,-0.994110,-1.330505,-0.148681,0.028279,-0.044757,0.063438,0.034503,0.996384,-1.266522,-0.066198,0.919535
236,0.983333,-0.011404,-0.052610,-0.065822,-0.996378,-1.300876,0.142704,0.045396,0.011253,-0.006416,0.107935,-0.994074,-1.330472,-0.148748,0.028242,-0.049778,0.064591,0.035174,0.996049,-1.265705,-0.066714,0.917518
237,0.987500,-0.011298,-0.055465,-0.067174,-0.996134,-1.299252,0.140934,0.046401,0.010170,-0.007081,0.109894,-0.993866,-1.330183,-0.148644,0.028251,-0.050570,0.063599,0.035206,0.996072,-1.264660,-0.067314,0.916501
238,0.991667,-0.011628,-0.058382,-0.067576,-0.995937,-1.297621,0.139233,0.047431,0.010148,-0.007285,0.110303,-0.993820,-1.330149,-0.148703,0.028202,-0.050609,0.063041,0.035412,0.996098,-1.263671,-0.067867,0.915386
239,0.995833,-0.011376,-0.060928,-0.067816,-0.995771,-1.295922,0.137498,0.048439,0.010255,-0.007601,0.110651,-0.993777,-1.330123,-0.148756,0.028145,-0.051042,0.061810,0.035146,0.996162,-1.262593,-0.068447,0.914275
240,1.000000,-0.010912,-0.063749,-0.068927,-0.995523,-1.294012,0.135563,0.049457,0.010250,-0.008001,0.111017,-0.993733,-1.330085,-0.148802,0.028083,-0.051158,0.061180,0.035042,0.996199,-1.261548,-0.068996,0.913009
241,1.004167,-0.010165,-0.066607,-0.070417,-0.995240,-1.292064,0.133466,0.050501,0.010398,-0.008335,0.111242,-0.993704,-1.330073,-0.148839,0.028022,-0.051082,0.060000,0.034728,0.996285,-1.260431,-0.069531,0.911906
242,1.008333,-0.009020,-0.069360,-0.071265,-0.995002,-1.290097,0.131382,0.051477,0.009847,-0.008200,0.111468,-0.993686,-1.329957,-0.148842,0.028046,-0.051558,0.059045,0.034468,0.996327,-1.259392,-0.070161,0.910756
243,1.012500,-0.006272,-0.072599,-0.073351,-0.994641,-1.288144,0.128810,0.052370,0.009613,-0.008154,0.111552,-0.993679,-1.329923,-0.148837,0.028055,-0.051700,0.058348,0.034128,0.996372,-1.258279,-0.070709,0.909508
244,1.016667,-0.003538,-0.075448,-0.075065,-0.994314,-1.286031,0.126529,0.053294,0.009647,-0.008359,0.111714,-0.993658,-1.329905,-0.148863,0.028020,-0.051220,0.057923,0.033407,0.996446,-1.257090,-0.071227,0.908166
245,1.020833,-0.001836,-0.077929,-0.076197,-0.994041,-1.283564,0.124282,0.054269,0.009676,-0.008594,0.111986,-0.993626,-1.329885,-0.148900,0.027990,-0.051449,0.057059,0.032748,0.996506,-1.255925,-0.071736,0.906898
246,1.025000,-0.001045,-0.080086,-0.077339,-0.993783,-1.280972,0.121942,0.055256,0.009756,-0.008834,0.112120,-0.993608,-1.329871,-0.148935,0.027958,-0.051185,0.056475,0.032024,0.996577,-1.254731,-0.072285,0.905566
247,1.029167,0.000280,-0.082176,-0.078328,-0.993535,-1.278268,0.119480,0.056327,0.010164,-0.009010,0.112269,-0.993585,-1.329866,-0.148961,0.027923,-0.051279,0.055683,0.031280,0.996640,-1.253490,-0.072753,0.904290
248,1.033333,0.002073,-0.084411,-0.079309,-0.993268,-1.275391,0.116969,0.057316,0.010562,-0.009286,0.112447,-0.993558,-1.329834,-0.148977,0.027896,-0.051018,0.055287,0.030510,0.996699,-1.252259,-0.073266,0.903007
249,1.037500,0.003096,-0.086597,-0.079996,-0.993022,-1.272395,0.114499,0.058275,0.010875,-0.009517,0.112555,-0.993540,-1.329801,-0.148979,0.027864,-0.050669,0.054419,0.029906,0.996783,-1.251062,-0.073775,0.901866
250,1.041667,0.004689,-0.088099,-0.080838,-0.992815,-1.269217,0.111876,0.059310,0.011566,-0.009706,0.112721,-0.993512,-1.329777,-0.148976,0.027805,-0.051017,0.054215,0.029202,0.996798,-1.249840,-0.074290,0.900541
251,1.045833,0.006696,-0.089831,-0.081656,-0.992581,-1.265916,0.109227,0.060253,0.012248,-0.008893,0.111885,-0.993606,-1.329692,-0.149098,0.027621,-0.049598,0.054436,0.027956,0.996893,-1.248625,-0.074801,0.899226
252,1.050000,0.008050,-0.091706,-0.082387,-0.992339,-1.262462,0.106528,0.061108,0.012675,-0.008719,0.112058,-0.993583,-1.329647,-0.149069,0.027546,-0.050096,0.054523,0.027899,0.996865,-1.247328,-0.075369,0.897950
253,1.054167,0.011062,-0.092713,-0.083181,-0.992151,-1.258732,0.103889,0.061996,0.013175,-0.008447,0.112314,-0.993550,-1.329616,-0.149018,0.027450,-0.050141,0.055130,0.027852,0.996830,-1.245937,-0.075868,0.896615
254,1.058333,0.013133,-0.094068,-0.083550,-0.991967,-1.254955,0.101207,0.062962,0.013860,-0.008266,0.112740,-0.993493,-1.329582,-0.148945,0.027373,-0.050869,0.055624,0.027658,0.996772,-1.244464,-0.076473,0.895451
255,1.062500,0.014475,-0.095295,-0.083768,-0.991813,-1.251073,0.098454,0.063764,0.014435,-0.008064,0.113234,-0.993431,-1.329532,-0.148852,0.027298,-0.051197,0.055878,0.027170,0.996754,-1.242896,-0.076985,0.894142
256,1.066667,0.017205,-0.096334,-0.084379,-0.991617,-1.246922,0.095736,0.064494,0.015388,-0.007888,0.113779,-0.993356,-1.329506,-0.148767,0.027202,-0.051359,0.056017,0.026204,0.996764,-1.241428,-0.077557,0.893012
257,1.070833,0.019492,-0.097550,-0.084832,-0.991417,-1.242765,0.092999,0.065223,0.016265,-0.007605,0.114285,-0.993286,-1.329457,-0.148694,0.027083,-0.051737,0.056691,0.025529,0.996723,-1.239971,-0.078137,0.891800
258,1.075000,0.021009,-0.098961,-0.085374,-0.991200,-1.238494,0.090186,0.065885,0.016990,-0.007457,0.114824,-0.993213,-1.329412,-0.148592,0.026964,-0.051955,0.057380,0.024925,0.996688,-1.238508,-0.078609,0.890531
259,1.079167,0.024816,-0.099454,-0.085771,-0.991028,-1.233895,0.087517,0.066505,0.017902,-0.007469,0.115261,-0.993146,-1.329388,-0.148482,0.026919,-0.052659,0.058723,0.024507,0.996583,-1.237086,-0.079113,0.889218
260,1.083333,0.026164,-0.100137,-0.086273,-0.990881,-1.229292,0.084689,0.067080,0.018859,-0.007431,0.115654,-0.993083,-1.329393,-0.148361,0.026864,-0.052481,0.059703,0.023796,0.996552,-1.235523,-0.079521,0.888046
261,1.087500,0.029154,-0.100413,-0.086222,-0.990774,-1.224447,0.082150,0.067607,0.020019,-0.007450,0.116038,-0.993015,-1.329426,-0.148221,0.026796,-0.052728,0.060441,0.022886,0.996515,-1.233977,-0.080022,0.886957
262,1.091667,0.030611,-0.100772,-0.086542,-0.990666,-1.219571,0.079413,0.068055,0.021784,-0.007104,0.116159,-0.992966,-1.329599,-0.148040,0.026686,-0.052453,0.060950,0.021767,0.996524,-1.232351,-0.080413,0.885903
263,1.095833,0.031479,-0.099798,-0.083644,-0.990986,-1.214869,0.077105,0.068386,0.023979,-0.007198,0.115341,-0.993010,-1.329804,-0.148041,0.026501,-0.052350,0.062366,0.021096,0.996456,-1.230775,-0.080777,0.884717
264,1.100000,0.031829,-0.098945,-0.081106,-0.991271,-1.209783,0.074773,0.068609,0.025841,-0.007610,0.114849,-0.993018,-1.329923,-0.148054,0.026363,-0.051992,0.063046,0.019813,0.996459,-1.228994,-0.081106,0.883750
265,1.104167,0.032568,-0.097500,-0.080576,-0.991434,-1.204531,0.072180,0.068845,0.026380,-0.007854,0.114865,-0.993000,-1.329962,-0.148048,0.026337,-0.040013,0.069455,0.021118,0.996559,-1.228278,-0.082511,0.884635
266,1.108333,0.034955,-0.096002,-0.081534,-0.991420,-1.198898,0.069478,0.069056,0.026577,-0.008114,0.114949,-0.992983,-1.329974,-0.148013,0.026324,-0.029179,0.075173,0.021368,0.996514,-1.226947,-0.083633,0.884344
267,1.112500,0.037671,-0.095849,-0.082707,-0.991238,-1.193073,0.066801,0.069297,0.027657,-0.014638,0.110770,-0.993353,-1.330129,-0.148509,0.026957,-0.027473,0.071213,0.019964,0.996883,-1.225219,-0.083913,0.884421
268,1.116667,0.039774,-0.094718,-0.081652,-0.991352,-1.187227,0.064562,0.069512,0.027636,-0.014738,0.111234,-0.993301,-1.330112,-0.148479,0.026993,-0.025981,0.072883,0.018562,0.996829,-1.223461,-0.084128,0.883201
269,1.120833,0.043232,-0.094686,-0.082020,-0.991180,-1.181034,0.062182,0.069792,0.027701,-0.015009,0.111792,-0.993232,-1.330100,-0.148445,0.027004,-0.030948,0.058835,0.020581,0.997576,-1.220417,-0.083752,0.886054
270,1.125000,0.046326,-0.091906,-0.084614,-0.991084,-1.174502,0.059526,0.069842,0.027044,-0.015339,0.111970,-0.993225,-1.330061,-0.148486,0.027125,-0.030816,0.056913,0.019954,0.997704,-1.218207,-0.084004,0.886068
271,1.129167,0.048606,-0.090409,-0.085056,-0.991075,-1.168153,0.057098,0.069854,0.026812,-0.015668,0.112177,-0.993203,-1.330055,-0.148523,0.027191,-0.030718,0.058222,0.019171,0.997647,-1.216120,-0.084347,0.885557
272,1.133333,0.052049,-0.088933,-0.086034,-0.990949,-1.161399,0.054662,0.069918,0.025942,-0.015628,0.112843,-0.993151,-1.329947,-0.148533,0.027252,-0.028424,0.068355,0.017366,0.997105,-1.214186,-0.085135,0.883146
273,1.137500,0.054932,-0.086752,-0.086225,-0.990970,-1.154703,0.052352,0.069891,0.023608,-0.016338,0.112756,-0.993208,-1.329862,-0.148710,0.027429,-0.029474,0.062324,0.017636,0.997465,-1.211909,-0.085137,0.884303
274,1.141667,0.056745,-0.083570,-0.086130,-0.991150,-1.147824,0.050155,0.069795,0.023138,-0.016629,0.112879,-0.993200,-1.329870,-0.148739,0.027461,-0.028978,0.064267,0.017553,0.997357,-1.209715,-0.085441,0.883933
275,1.145833,0.058722,-0.079820,-0.085594,-0.991390,-1.140993,0.048177,0.069693,0.022107,-0.016931,0.112809,-0.993226,-1.329877,-0.148822,0.027599,-0.026035,0.073635,0.016254,0.996813,-1.207633,-0.086329,0.881922
276,1.150000,0.060629,-0.076476,-0.086253,-0.991482,-1.133911,0.045970,0.069601,0.020716,-0.016986,0.112928,-0.993242,-1.329896,-0.148880,0.027746,-0.028741,0.067806,0.016391,0.997150,-1.204993,-0.086326,0.883185
277,1.154167,0.061678,-0.072922,-0.086420,-0.991670,-1.126753,0.043809,0.069412,0.019815,-0.017239,0.113017,-0.993246,-1.329909,-0.148933,0.027869,-0.028321,0.068946,0.016289,0.997085,-1.202671,-0.086743,0.883165
278,1.158333,0.063184,-0.069011,-0.086175,-0.991877,-1.119545,0.041791,0.069219,0.020711,-0.017608,0.113173,-0.993203,-1.329925,-0.148965,0.027935,-0.024976,0.077666,0.015360,0.996548,-1.200369,-0.087656,0.881429
279,1.162500,0.064977,-0.065170,-0.086006,-0.992035,-1.112203,0.039804,0.069053,0.022170,-0.018386,0.113097,-0.993167,-1.329994,-0.148959,0.027967,-0.024200,0.079492,0.015347,0.996424,-1.197858,-0.088099,0.881336
280,1.166667,0.069960,-0.062336,-0.089562,-0.991564,-1.104398,0.037625,0.069028,0.021798,-0.018435,0.113585,-0.993118,-1.330045,-0.148973,0.028027,-0.023076,0.083679,0.014976,0.996113,-1.195634,-0.088573,0.880933
281,1.170833,0.070944,-0.057928,-0.089489,-0.991768,-1.096912,0.035711,0.068780,0.022348,-0.019143,0.114043,-0.993040,-1.330100,-0.148946,0.027988,-0.022696,0.083502,0.014807,0.996139,-1.192712,-0.088938,0.881185
282,1.175000,0.072444,-0.053164,-0.089388,-0.991935,-1.089349,0.033837,0.068598,0.022091,-0.019542,0.114429,-0.992994,-1.330116,-0.148950,0.028009,-0.021925,0.084290,0.014897,0.996089,-1.189893,-0.089514,0.881653
283,1.179167,0.072707,-0.048365,-0.088972,-0.992199,-1.081722,0.031989,0.068362,0.021342,-0.019813,0.114552,-0.992990,-1.330093,-0.148966,0.028029,-0.021130,0.086444,0.014725,0.995924,-1.187232,-0.090096,0.882009
284,1.183333,0.073912,-0.044492,-0.087481,-0.992424,-1.073978,0.030419,0.068154,0.014311,-0.018877,0.114897,-0.993095,-1.330021,-0.148784,0.027935,-0.021241,0.086535,0.014047,0.995923,-1.184128,-0.090500,0.882640
285,1.187500,0.076743,-0.040916,-0.087203,-0.992387,-1.066362,0.028730,0.068138,0.013203,-0.019290,0.115191,-0.993068,-1.329983,-0.148811,0.027984,-0.021349,0.086857,0.013855,0.995896,-1.180987,-0.090997,0.883640
286,1.191667,0.078500,-0.036756,-0.087147,-0.992417,-1.058575,0.027000,0.067915,0.012444,-0.019620,0.115478,-0.993038,-1.329961,-0.148818,0.028026,-0.021065,0.087988,0.013772,0.995804,-1.177863,-0.091570,0.884766
287,1.195833,0.079054,-0.029291,-0.088470,-0.992505,-1.050524,0.024983,0.067404,0.011610,-0.020088,0.115690,-0.993014,-1.329926,-0.148849,0.028087,-0.020990,0.088445,0.013318,0.995771,-1.174556,-0.092013,0.885951
288,1.200000,0.081011,-0.024224,-0.088879,-0.992447,-1.042555,0.023329,0.067176,0.012724,-0.020456,0.116282,-0.992924,-1.329976,-0.148784,0.027985,-0.022191,0.086883,0.014152,0.995871,-1.170906,-0.092535,0.887561
289,1.204167,0.083009,-0.019048,-0.088815,-0.992400,-1.034599,0.021663,0.066923,0.012481,-0.020790,0.116752,-0.992865,-1.329933,-0.148756,0.028106,-0.020777,0.087083,0.013325,0.995895,-1.167573,-0.092996,0.888561
290,1.208333,0.085108,-0.013998,-0.089066,-0.992284,-1.026661,0.020037,0.066802,0.013770,-0.023262,0.115529,-0.992936,-1.330012,-0.148962,0.028290,-0.019218,0.088432,0.013348,0.995807,-1.164451,-0.093664,0.889923
291,1.212500,0.086644,-0.008935,-0.088884,-0.992226,-1.018682,0.018546,0.066584,0.012723,-0.024145,0.115327,-0.992953,-1.330027,-0.149043,0.028391,-0.018301,0.088681,0.012689,0.995811,-1.160908,-0.094068,0.891071
292,1.216667,0.089369,-0.004701,-0.088584,-0.992040,-1.010670,0.017068,0.066470,0.012256,-0.025872,0.114680,-0.992990,-1.330034,-0.149180,0.028564,-0.017117,0.088311,0.012097,0.995872,-1.157297,-0.094419,0.892344
293,1.220833,0.091179,-0.000126,-0.087974,-0.991941,-1.002640,0.015708,0.066299,0.012599,-0.029349,0.113188,-0.993060,-1.330005,-0.149413,0.028785,-0.016050,0.087851,0.011418,0.995939,-1.153564,-0.094771,0.893817
294,1.225000,0.092728,0.004583,-0.087118,-0.991862,-0.994639,0.014439,0.066092,0.013909,-0.029520,0.110936,-0.993292,-1.330435,-0.149628,0.028816,-0.014734,0.088007,0.010689,0.995954,-1.149931,-0.095089,0.895147
295,1.229167,0.093827,0.008841,-0.086069,-0.991822,-0.986611,0.013268,0.066015,0.012748,-0.029288,0.109480,-0.993476,-1.330692,-0.149841,0.028872,-0.013565,0.088792,0.009880,0.995909,-1.146142,-0.095417,0.896515
296,1.233333,0.095942,0.014099,-0.085235,-0.991631,-0.978623,0.012060,0.065814,0.012706,-0.030811,0.108405,-0.993548,-1.330873,-0.149998,0.029090,-0.011860,0.089426,0.009044,0.995882,-1.142322,-0.095646,0.897945
297,1.237500,0.097282,0.019728,-0.084422,-0.991474,-0.970681,0.010901,0.065615,0.012436,-0.034666,0.108002,-0.993468,-1.330738,-0.150165,0.029525,-0.010019,0.089691,0.008052,0.995887,-1.138536,-0.095815,0.899328
298,1.241667,0.099422,0.025143,-0.084085,-0.991167,-0.962766,0.009673,0.065501,0.010051,-0.038842,0.108466,-0.993290,-1.330432,-0.150115,0.030088,-0.008353,0.090173,0.006980,0.995867,-1.134552,-0.095962,0.900652
299,1.245833,0.108458,0.033660,-0.085796,-0.989820,-0.954954,0.007939,0.065117,0.006114,-0.039913,0.109471,-0.993170,-1.330507,-0.149787,0.030088,-0.007056,0.092069,0.006006,0.995710,-1.130611,-0.096127,0.902079
300,1.250000,0.110824,0.039528,-0.085118,-0.989399,-0.947084,0.006820,0.065003,0.004082,-0.044806,0.109529,-0.992965,-1.330340,-0.149791,0.030725,-0.006287,0.093868,0.005181,0.995551,-1.126630,-0.096175,0.903334
301,1.254167,0.112592,0.045015,-0.084027,-0.989058,-0.939288,0.005801,0.064969,-0.000463,-0.047076,0.109708,-0.992848,-1.330054,-0.149882,0.031568,-0.004649,0.095259,0.004862,0.995430,-1.122679,-0.096248,0.904950
302,1.258333,0.114278,0.050502,-0.082992,-0.988687,-0.931505,0.004845,0.064889,-0.004718,-0.051020,0.109968,-0.992614,-1.329770,-0.149953,0.032387,-0.002190,0.093770,0.003007,0.995587,-1.118131,-0.096104,0.906445
303,1.262500,0.115569,0.056211,-0.081520,-0.988352,-0.923863,0.003904,0.064859,-0.006649,-0.060260,0.108309,-0.992267,-1.329392,-0.150237,0.033383,0.000102,0.095455,0.002798,0.995430,-1.114310,-0.096347,0.908290
304,1.266667,0.118409,0.062117,-0.079871,-0.987796,-0.916258,0.003013,0.064828,-0.013623,-0.063498,0.108808,-0.991939,-1.329014,-0.150307,0.034387,0.002332,0.095355,0.001396,0.995440,-1.110004,-0.096270,0.909904
305,1.270833,0.120203,0.067595,-0.078248,-0.987350,-0.908714,0.002339,0.064906,-0.015556,-0.070389,0.108273,-0.991504,-1.328693,-0.150663,0.035355,0.003701,0.096882,0.001196,0.995288,-1.105946,-0.096303,0.911654
306,1.275000,0.121267,0.072622,-0.075857,-0.987049,-0.901332,0.001544,0.064950,-0.018350,-0.077091,0.107868,-0.991002,-1.328292,-0.150972,0.036393,0.005103,0.097598,-0.000103,0.995213,-1.101614,-0.096269,0.913230
307,1.279167,0.121845,0.077745,-0.073077,-0.986797,-0.894048,0.000925,0.065000,-0.021651,-0.082769,0.107530,-0.990514,-1.327928,-0.151264,0.037379,0.005931,0.099493,-0.000385,0.995021,-1.097286,-0.096105,0.914837
308,1.283333,0.123509,0.083110,-0.070092,-0.986370,-0.886909,0.000273,0.065110,-0.024096,-0.089739,0.106817,-0.989928,-1.327528,-0.151579,0.038472,0.011348,0.097012,-0.001183,0.995218,-1.092607,-0.095441,0.915891
309,1.287500,0.124138,0.087470,-0.066419,-0.986168,-0.879905,-0.000289,0.065267,-0.025738,-0.096643,0.106378,-0.989283,-1.327120,-0.151805,0.039497,0.007976,0.102415,-0.001100,0.994709,-1.088349,-0.095191,0.917086
310,1.291667,0.124661,0.092668,-0.062412,-0.985889,-0.873094,-0.000858,0.065410,-0.028996,-0.103686,0.105904,-0.988531,-1.326740,-0.152066,0.040571,0.011767,0.100100,-0.002240,0.994905,-1.083812,-0.095150,0.919338
311,1.295833,0.125692,0.096758,-0.058497,-0.985605,-0.866485,-0.001422,0.065611,-0.031747,-0.111151,0.105148,-0.987715,-1.326267,-0.152316,0.041753,0.008021,0.104342,-0.001557,0.994508,-1.079178,-0.094703,0.920709
312,1.300000,0.126326,0.100442,-0.053775,-0.985424,-0.860022,-0.001877,0.065781,-0.035404,-0.118105,0.104855,-0.986815,-1.325772,-0.152506,0.042879,0.011720,0.101270,-0.002311,0.994787,-1.074566,-0.094514,0.922992
313,1.304167,0.126616,0.104159,-0.048335,-0.985283,-0.853842,-0.002448,0.066020,-0.039278,-0.125349,0.104488,-0.985813,-1.325221,-0.152850,0.044076,0.008898,0.104525,-0.002012,0.994480,-1.069715,-0.093938,0.924279
314,1.308333,0.126683,0.107716,-0.043030,-0.985138,-0.847867,-0.002959,0.066191,-0.042287,-0.133169,0.104069,-0.984707,-1.324681,-0.153155,0.045231,0.009114,0.104807,-0.002413,0.994448,-1.065093,-0.093581,0.925833
315,1.312500,0.127728,0.110265,-0.037448,-0.984949,-0.842187,-0.003554,0.066416,-0.045996,-0.140610,0.104124,-0.983500,-1.324064,-0.153499,0.046524,0.009079,0.105845,-0.003519,0.994335,-1.060738,-0.093415,0.927314
316,1.316667,0.126587,0.112836,-0.032031,-0.984996,-0.836775,-0.004111,0.066604,-0.049649,-0.148747,0.103942,-0.982143,-1.323459,-0.153880,0.047857,0.013169,0.106484,-0.009778,0.994179,-1.056080,-0.092578,0.928459
317,1.320833,0.126461,0.115035,-0.026121,-0.984933,-0.831714,-0.004672,0.066806,-0.053830,-0.155744,0.104307,-0.980799,-1.322874,-0.154283,0.049191,0.015312,0.110223,-0.009385,0.993745,-1.050680,-0.092921,0.931106
318,1.325000,0.126310,0.116354,-0.020778,-0.984924,-0.826945,-0.005243,0.066968,-0.058698,-0.162382,0.105138,-0.979353,-1.322354,-0.154581,0.050435,0.012368,0.111226,-0.008207,0.993684,-1.045733,-0.092647,0.932709
319,1.329167,0.125276,0.117639,-0.015016,-0.985008,-0.822519,-0.005879,0.067066,-0.061071,-0.171399,0.104220,-0.977768,-1.321718,-0.155117,0.051888,0.017223,0.106337,-0.013358,0.994091,-1.040271,-0.091332,0.934208
320,1.333333,0.124672,0.118839,-0.008940,-0.985015,-0.818177,-0.006607,0.067185,-0.064575,-0.180804,0.102783,-0.976000,-1.321021,-0.155743,0.053340,0.020545,0.108639,-0.014391,0.993765,-1.035779,-0.091138,0.935584
321,1.337500,0.123228,0.119917,-0.002673,-0.985103,-0.814348,-0.007443,0.067267,-0.067348,-0.190051,0.101026,-0.974238,-1.320465,-0.156325,0.054605,0.021046,0.107177,-0.014870,0.993906,-1.031103,-0.090702,0.936733
322,1.341667,0.123232,0.119828,0.002512,-0.985114,-0.810918,-0.008176,0.067193,-0.068717,-0.199046,0.100244,-0.972425,-1.319886,-0.157144,0.055875,0.021060,0.107801,-0.015093,0.993835,-1.026330,-0.090326,0.938020
323,1.345833,0.122791,0.119722,0.007082,-0.985159,-0.807829,-0.008880,0.066992,-0.069869,-0.208180,0.099886,-0.970465,-1.319011,-0.157762,0.057285,0.018974,0.109078,-0.014402,0.993748,-1.021566,-0.089957,0.939433
324,1.350000,0.123041,0.119284,0.012058,-0.985133,-0.804963,-0.009662,0.066654,-0.070325,-0.217447,0.099311,-0.968457,-1.318056,-0.158240,0.058711,0.018319,0.108590,-0.014326,0.993815,-1.016595,-0.089578,0.940535
325,1.354167,0.122994,0.118657,0.016197,-0.985155,-0.802435,-0.010628,0.066225,-0.070115,-0.227612,0.098357,-0.966231,-1.316990,-0.158790,0.060222,0.016576,0.110464,-0.013369,0.993652,-1.011609,-0.089085,0.941970
326,1.358333,0.123382,0.117881,0.020892,-0.985111,-0.800207,-0.011290,0.065798,-0.071495,-0.237868,0.097401,-0.963753,-1.315958,-0.159436,0.061797,0.015942,0.107036,-0.013424,0.994037,-1.006961,-0.088275,0.943145
327,1.362500,0.123033,0.116399,0.024957,-0.985237,-0.798192,-0.012117,0.065104,-0.070746,-0.248967,0.096526,-0.961090,-1.314916,-0.160033,0.063499,0.015799,0.105815,-0.013600,0.994167,-1.001903,-0.087642,0.944219
328,1.366667,0.123877,0.115500,0.028393,-0.985144,-0.796626,-0.012970,0.064450,-0.076670,-0.258281,0.099820,-0.957835,-1.313653,-0.159986,0.064887,0.016668,0.106030,-0.014531,0.994117,-0.997119,-0.086930,0.945144
329,1.370833,0.123540,0.114010,0.031222,-0.985274,-0.795363,-0.013956,0.063510,-0.084580,-0.266827,0.103724,-0.954406,-1.312900,-0.159859,0.065995,0.017214,0.106794,-0.015201,0.994016,-0.992364,-0.086540,0.945807
330,1.375000,0.124567,0.112705,0.033378,-0.985224,-0.794527,-0.014673,0.062609,-0.086880,-0.279070,0.103161,-0.950752,-1.311630,-0.160500,0.067718,0.017023,0.108890,-0.015853,0.993782,-0.987721,-0.086317,0.946409
331,1.379167,0.126060,0.111794,0.035285,-0.985072,-0.793780,-0.015325,0.061643,-0.089205,-0.290133,0.104052,-0.947121,-1.310414,-0.161034,0.069354,0.016251,0.109704,-0.016634,0.993692,-0.982565,-0.086000,0.946970
332,1.383333,0.126523,0.109785,0.036897,-0.985179,-0.793147,-0.016090,0.060392,-0.091720,-0.301686,0.104472,-0.943217,-1.309087,-0.161613,0.071025,0.015423,0.111913,-0.016953,0.993454,-0.977619,-0.085786,0.947319
333,1.387500,0.127214,0.107868,0.038463,-0.985242,-0.792755,-0.016693,0.059052,-0.093304,-0.312914,0.105150,-0.939320,-1.307771,-0.162075,0.072859,0.014800,0.112791,-0.017723,0.993351,-0.972802,-0.085428,0.947418
334,1.391667,0.126588,0.105058,0.039291,-0.985594,-0.792590,-0.017296,0.057563,-0.098736,-0.328321,0.105333,-0.933468,-1.306583,-0.162518,0.073914,0.013858,0.114162,-0.018381,0.993195,-0.968112,-0.085115,0.947200
335,1.395833,0.126696,0.103291,0.039933,-0.985741,-0.792558,-0.017852,0.055828,-0.099874,-0.339276,0.106091,-0.929334,-1.304994,-0.163067,0.075905,0.012549,0.113719,-0.018688,0.993258,-0.962830,-0.084833,0.947255
336,1.400000,0.127067,0.101024,0.039952,-0.985927,-0.792586,-0.018436,0.053983,-0.100743,-0.349395,0.106427,-0.925444,-1.303216,-0.163546,0.078023,0.011314,0.114994,-0.018892,0.993122,-0.957764,-0.084690,0.947207
337,1.404167,0.126774,0.098841,0.039960,-0.986186,-0.792835,-0.019048,0.051992,-0.101437,-0.359853,0.106099,-0.921390,-1.301356,-0.164015,0.080290,0.010621,0.114419,-0.019076,0.993193,-0.952698,-0.084383,0.947121
338,1.408333,0.127637,0.096520,0.040115,-0.986298,-0.793158,-0.019495,0.049805,-0.102601,-0.369759,0.105756,-0.917370,-1.299421,-0.164352,0.082762,0.009299,0.114301,-0.019662,0.993208,-0.947793,-0.083949,0.946852
339,1.412500,0.127303,0.094432,0.040174,-0.986541,-0.793609,-0.019969,0.047467,-0.103957,-0.379878,0.105280,-0.913128,-1.297413,-0.164681,0.085368,0.008370,0.110112,-0.020835,0.993666,-0.942975,-0.083480,0.945895
340,1.416667,0.127083,0.092525,0.040379,-0.986741,-0.794139,-0.020380,0.044879,-0.107175,-0.389269,0.104971,-0.908826,-1.295191,-0.164877,0.088229,0.009498,0.109525,-0.023052,0.993671,-0.938187,-0.082742,0.945677
341,1.420833,0.125534,0.089501,0.041530,-0.987171,-0.794779,-0.020439,0.042242,-0.105789,-0.399522,0.103251,-0.904727,-1.292980,-0.165284,0.091062,0.010678,0.108783,-0.025132,0.993690,-0.933441,-0.082492,0.944507
342,1.425000,0.125035,0.084835,0.041860,-0.987632,-0.795712,-0.020513,0.039649,-0.105548,-0.412036,0.102373,-0.899225,-1.290698,-0.165560,0.094150,0.012189,0.109084,-0.026303,0.993610,-0.928442,-0.082154,0.943814
343,1.429167,0.120792,0.076649,0.041556,-0.988841,-0.796529,-0.020913,0.036477,-0.098576,-0.426324,0.100792,-0.893517,-1.288444,-0.166610,0.097198,0.010942,0.109721,-0.027243,0.993529,-0.923619,-0.081895,0.942704
344,1.433333,0.116372,0.063543,0.040096,-0.990360,-0.796523,-0.021504,0.033693,-0.096859,-0.436374,0.101260,-0.888787,-1.285681,-0.167111,0.100506,0.011045,0.109599,-0.028398,0.993509,-0.918759,-0.081479,0.941458
345,1.437500,0.109272,0.047709,0.036688,-0.992188,-0.795867,-0.022295,0.031291,-0.097522,-0.446170,0.102549,-0.883689,-1.282458,-0.167239,0.103990,0.010232,0.107501,-0.029440,0.993716,-0.914024,-0.081001,0.940462
346,1.441667,0.100394,0.036335,0.030715,-0.993810,-0.795742,-0.022636,0.030468,-0.092477,-0.458090,0.100659,-0.878333,-1.278928,-0.167480,0.107566,0.009020,0.107327,-0.029837,0.993735,-0.909323,-0.080451,0.939262
347,1.445833,0.091970,0.034436,0.025118,-0.994849,-0.795961,-0.022885,0.030680,-0.094795,-0.465768,0.102871,-0.873780,-1.275214,-0.168000,0.111078,0.004825,0.106138,-0.026722,0.993981,-0.903955,-0.080102,0.938165
348,1.450000,0.085226,0.036050,0.024037,-0.995419,-0.795938,-0.023006,0.030737,-0.088288,-0.472890,0.109207,-0.869859,-1.271534,-0.169490,0.115419,0.004218,0.107669,-0.027336,0.993802,-0.899345,-0.079575,0.936909
349,1.454167,0.080806,0.033035,0.025849,-0.995847,-0.795675,-0.023339,0.029931,-0.087122,-0.482257,0.112399,-0.864410,-1.267292,-0.170321,0.119249,0.004749,0.105969,-0.028191,0.993958,-0.895197,-0.078918,0.935163
350,1.458333,0.080276,0.025750,0.027224,-0.996068,-0.794799,-0.023507,0.028612,-0.087441,-0.490909,0.116493,-0.858948,-1.263045,-0.171316,0.122984,0.005256,0.104874,-0.029013,0.994048,-0.891098,-0.078376,0.933508
351,1.462500,0.073065,0.019155,0.030801,-0.996667,-0.793564,-0.024107,0.027318,-0.083294,-0.500201,0.118715,-0.853679,-1.258193,-0.172596,0.126560,0.005113,0.104067,-0.029529,0.994119,-0.886977,-0.077902,0.931835
352,1.466667,0.065200,0.013086,0.034118,-0.997203,-0.792553,-0.024815,0.026375,-0.077230,-0.509397,0.119094,-0.848744,-1.252903,-0.173844,0.130136,0.006598,0.102306,-0.030534,0.994262,-0.883162,-0.077422,0.929861
353,1.470833,0.060540,0.010482,0.034094,-0.997528,-0.791946,-0.025236,0.026008,-0.073347,-0.513474,0.119474,-0.846576,-1.247222,-0.175011,0.133610,0.010275,0.096832,-0.032019,0.994732,-0.879190,-0.077156,0.928624
354,1.475000,0.058261,0.010225,0.033699,-0.997680,-0.791602,-0.025674,0.025904,-0.069166,-0.516527,0.120451,-0.844931,-1.240791,-0.176235,0.137095,0.011819,0.096497,-0.032258,0.994740,-0.875378,-0.076994,0.926526
355,1.479167,0.054967,0.009366,0.035466,-0.997814,-0.791316,-0.026042,0.025805,-0.065129,-0.518277,0.120757,-0.844135,-1.233809,-0.177458,0.140646,0.013558,0.095895,-0.031965,0.994786,-0.871502,-0.076802,0.924587
356,1.483333,0.052573,0.007805,0.036400,-0.997923,-0.791180,-0.026295,0.025554,-0.061816,-0.518058,0.119336,-0.844721,-1.226463,-0.178618,0.143917,0.016085,0.095408,-0.032217,0.994787,-0.867665,-0.076543,0.922604
357,1.487500,0.046002,0.004737,0.037300,-0.998233,-0.791826,-0.026253,0.024876,-0.057155,-0.519580,0.118215,-0.844272,-1.218703,-0.179773,0.147291,0.018434,0.095667,-0.032157,0.994723,-0.863789,-0.076522,0.920361
358,1.491667,0.045446,0.003063,0.035799,-0.998321,-0.791852,-0.026145,0.024440,-0.050724,-0.521325,0.115583,-0.843972,-1.210805,-0.181149,0.150423,0.018598,0.094200,-0.031028,0.994896,-0.859728,-0.076708,0.917901
359,1.495833,0.043730,0.002749,0.033918,-0.998464,-0.791519,-0.025967,0.024320,-0.048824,-0.521627,0.114871,-0.843994,-1.202533,-0.182208,0.153386,0.019457,0.093680,-0.030075,0.994958,-0.855701,-0.076669,0.915733
360,1.500000,0.041497,0.002197,0.033170,-0.998585,-0.791212,-0.026049,0.024258,-0.046162,-0.521818,0.112543,-0.844339,-1.194299,-0.183496,0.156226,0.015715,0.092789,-0.026264,0.995215,-0.852773,-0.076910,0.912849
361,1.504167,0.041894,0.002017,0.032145,-0.998603,-0.790758,-0.026313,0.024311,-0.042512,-0.522837,0.109927,-0.844245,-1.185539,-0.184829,0.158752,0.017984,0.092277,-0.024947,0.995258,-0.849094,-0.076804,0.910465
362,1.508333,0.041548,0.001536,0.031495,-0.998639,-0.790525,-0.026379,0.024199,-0.040702,-0.522700,0.108331,-0.844626,-1.177278,-0.187017,0.161072,0.019823,0.092091,-0.023617,0.995273,-0.845426,-0.076649,0.908199
363,1.512500,0.037234,-0.000378,0.032903,-0.998765,-0.791125,-0.026262,0.023734,-0.041653,-0.521856,0.106958,-0.845276,-1.167957,-0.188144,0.163496,0.021353,0.090947,-0.021731,0.995390,-0.841790,-0.076577,0.906030
364,1.516667,0.036813,-0.000714,0.032833,-0.998782,-0.791349,-0.026294,0.023574,-0.041091,-0.521256,0.104875,-0.845934,-1.158407,-0.189262,0.165641,0.026696,0.088976,-0.020603,0.995463,-0.837731,-0.076684,0.904444
365,1.520833,0.035788,-0.000737,0.032957,-0.998816,-0.791533,-0.026372,0.023586,-0.038452,-0.521511,0.102316,-0.846215,-1.148566,-0.190181,0.167522,0.027840,0.091240,-0.018717,0.995264,-0.834885,-0.076527,0.901448
366,1.525000,0.034826,-0.000726,0.032882,-0.998852,-0.791425,-0.026425,0.023600,-0.040267,-0.520225,0.100440,-0.847146,-1.138394,-0.191078,0.169386,0.030078,0.091514,-0.017007,0.995204,-0.831182,-0.076438,0.899093
367,1.529167,0.034293,-0.001108,0.032635,-0.998878,-0.791343,-0.026469,0.023572,-0.040259,-0.520166,0.097535,-0.847522,-1.127933,-0.192082,0.171247,0.032101,0.093089,-0.014862,0.995029,-0.827470,-0.076407,0.896769
368,1.533333,0.034017,-0.002003,0.031746,-0.998915,-0.791307,-0.026419,0.023440,-0.041471,-0.518589,0.094597,-0.848762,-1.117335,-0.193038,0.172771,0.036098,0.092155,-0.013102,0.995004,-0.823605,-0.076129,0.895220
369,1.537500,0.033818,-0.002768,0.030875,-0.998947,-0.791249,-0.026413,0.023260,-0.038752,-0.518112,0.089751,-0.849708,-1.106557,-0.193663,0.174055,0.035701,0.090940,-0.010507,0.995161,-0.819599,-0.075854,0.893589
370,1.541667,0.033822,-0.002941,0.029932,-0.998975,-0.791283,-0.026515,0.023061,-0.039432,-0.515933,0.085655,-0.851423,-1.095535,-0.194521,0.175225,0.035295,0.093471,-0.008205,0.994962,-0.815939,-0.075663,0.891256
371,1.545833,0.032518,-0.002936,0.029741,-0.999024,-0.791339,-0.026640,0.023018,-0.039856,-0.513969,0.081057,-0.853040,-1.084211,-0.195361,0.176285,0.035704,0.093060,-0.006133,0.995001,-0.812076,-0.075602,0.889824
372,1.550000,0.031176,-0.003230,0.029419,-0.999076,-0.791424,-0.026792,0.022990,-0.041968,-0.510830,0.077290,-0.855171,-1.072765,-0.196281,0.177149,0.030174,0.094631,-0.002352,0.995052,-0.808232,-0.075251,0.887466
373,1.554167,0.029998,-0.003665,0.028736,-0.999130,-0.791544,-0.026891,0.022963,-0.042305,-0.508881,0.072267,-0.856754,-1.061232,-0.197019,0.177818,0.029155,0.095293,-0.000397,0.995022,-0.804681,-0.075123,0.885760
374,1.558333,0.026583,-0.004481,0.028354,-0.999234,-0.791709,-0.026898,0.022926,-0.042115,-0.505920,0.066232,-0.859002,-1.049711,-0.197321,0.177986,0.026524,0.097024,0.001024,0.994928,-0.801543,-0.074865,0.883378
375,1.562500,0.025157,-0.005129,0.027182,-0.999301,-0.791726,-0.026920,0.022897,-0.044245,-0.502072,0.061662,-0.861490,-1.037842,-0.197955,0.178135,0.025179,0.098038,0.002939,0.994860,-0.797670,-0.075085,0.881842
376,1.566667,0.024450,-0.006008,0.025931,-0.999347,-0.791747,-0.026959,0.022813,-0.044513,-0.499013,0.056206,-0.863624,-1.025802,-0.198303,0.178451,0.024802,0.099485,0.004494,0.994720,-0.793930,-0.075382,0.880267
377,1.570833,0.021642,-0.006833,0.025758,-0.999411,-0.792050,-0.026983,0.022651,-0.045818,-0.494550,0.051497,-0.866412,-1.013733,-0.198601,0.178402,0.023630,0.100839,0.007062,0.994597,-0.790100,-0.075457,0.878803
378,1.575000,0.023581,-0.005716,0.024956,-0.999394,-0.791810,-0.027024,0.022807,-0.044781,-0.491260,0.046813,-0.868601,-1.001597,-0.199021,0.178076,0.020490,0.100315,0.009716,0.994697,-0.786375,-0.075354,0.877682
379,1.579167,0.024168,-0.005532,0.024690,-0.999388,-0.791902,-0.027095,0.022884,-0.045399,-0.486739,0.042758,-0.871318,-0.989293,-0.199486,0.177566,0.018985,0.100768,0.013414,0.994638,-0.782217,-0.075319,0.876621
380,1.583333,0.023992,-0.005742,0.024133,-0.999404,-0.791959,-0.027165,0.022906,-0.053858,-0.482019,0.039552,-0.873609,-0.976861,-0.198692,0.177465,0.019770,0.098462,0.016423,0.994809,-0.777215,-0.074717,0.876088
381,1.587500,0.024422,-0.005567,0.023275,-0.999415,-0.791967,-0.027238,0.022892,-0.053922,-0.476589,0.035865,-0.876738,-0.964332,-0.199213,0.176420,0.018990,0.098699,0.019737,0.994740,-0.773039,-0.074655,0.875264
382,1.591667,0.025281,-0.005902,0.022502,-0.999410,-0.791984,-0.027254,0.022950,-0.053613,-0.471056,0.032847,-0.879860,-0.951758,-0.199772,0.175371,0.017230,0.098255,0.023596,0.994732,-0.768771,-0.074633,0.874544
383,1.595833,0.024892,-0.005782,0.021877,-0.999434,-0.791918,-0.027187,0.022910,-0.052774,-0.465359,0.030239,-0.883030,-0.939118,-0.200392,0.174230,0.015854,0.097543,0.027374,0.994729,-0.764265,-0.074530,0.874063
384,1.600000,0.020547,-0.008711,0.020951,-0.999531,-0.792148,-0.027241,0.022434,-0.051511,-0.458514,0.028625,-0.886731,-0.926284,-0.200921,0.172867,0.018595,0.094792,0.031161,0.994835,-0.759686,-0.074605,0.874903
385,1.604167,0.019902,-0.009375,0.019984,-0.999558,-0.792221,-0.027214,0.022459,-0.048319,-0.452846,0.026087,-0.889896,-0.913365,-0.201312,0.171097,0.017277,0.093939,0.036013,0.994776,-0.755364,-0.074198,0.874879
386,1.608333,0.019853,-0.009697,0.019061,-0.999574,-0.792270,-0.027253,0.022495,-0.044555,-0.446984,0.026305,-0.893045,-0.900328,-0.202390,0.168788,0.016262,0.093529,0.039532,0.994699,-0.750847,-0.074511,0.874692
387,1.612500,0.019767,-0.009773,0.018291,-0.999590,-0.792323,-0.027374,0.022553,-0.044515,-0.437964,0.027154,-0.897479,-0.886914,-0.203125,0.166662,0.014370,0.095236,0.043634,0.994394,-0.746067,-0.074508,0.874361
388,1.616667,0.020403,-0.009584,0.017624,-0.999591,-0.792433,-0.027418,0.022658,-0.042657,-0.428896,0.027068,-0.901940,-0.873768,-0.203681,0.164788,0.014949,0.097957,0.047000,0.993968,-0.741255,-0.074452,0.874130
389,1.620833,0.020567,-0.010083,0.016814,-0.999596,-0.792498,-0.027474,0.022697,-0.034884,-0.419637,0.026485,-0.906635,-0.860296,-0.204654,0.162398,0.014422,0.099389,0.051515,0.993610,-0.736476,-0.074344,0.874232
390,1.625000,0.020877,-0.010340,0.015892,-0.999602,-0.792531,-0.027465,0.022739,-0.029816,-0.409326,0.026455,-0.911517,-0.846940,-0.205587,0.159340,0.012624,0.098333,0.056171,0.993487,-0.731741,-0.074251,0.875156
391,1.629167,0.021196,-0.010826,0.014807,-0.999607,-0.792595,-0.027470,0.022784,-0.028632,-0.399534,0.028442,-0.915830,-0.833395,-0.205938,0.157041,0.008447,0.096839,0.060698,0.993412,-0.726908,-0.074285,0.875977
392,1.633333,0.021645,-0.011234,0.013715,-0.999609,-0.792652,-0.027471,0.022858,-0.019026,-0.389959,0.026938,-0.920241,-0.820235,-0.206429,0.154021,0.007052,0.096069,0.065174,0.993214,-0.722064,-0.074494,0.877669
393,1.637500,0.020224,-0.012581,0.012599,-0.999637,-0.792655,-0.027659,0.022797,-0.020946,-0.379189,0.030762,-0.924571,-0.805757,-0.206132,0.151788,0.007425,0.092437,0.067541,0.993397,-0.717068,-0.074693,0.880344
394,1.641667,0.023943,-0.011318,0.012055,-0.999577,-0.792538,-0.027697,0.023102,-0.020478,-0.368582,0.032345,-0.928807,-0.792046,-0.207211,0.148724,0.014276,0.093181,0.066623,0.993315,-0.710837,-0.075362,0.883343
395,1.645833,0.028342,-0.013031,0.009730,-0.999466,-0.792655,-0.027988,0.023574,-0.019812,-0.358849,0.034823,-0.932535,-0.778183,-0.207725,0.145999,0.018232,0.091193,0.071118,0.993123,-0.704716,-0.075154,0.885737
396,1.650000,0.030610,-0.013296,0.008656,-0.999406,-0.792614,-0.028096,0.023829,-0.018041,-0.349672,0.037911,-0.935931,-0.763908,-0.207639,0.143465,0.018617,0.101744,0.072968,0.991956,-0.700440,-0.075301,0.885613
397,1.654167,0.032122,-0.013884,0.007704,-0.999358,-0.792691,-0.028222,0.023932,-0.015146,-0.338080,0.038677,-0.940200,-0.750390,-0.208127,0.140501,0.016164,0.103875,0.075235,0.991609,-0.695068,-0.075387,0.887479
398,1.658333,0.033036,-0.014928,0.006655,-0.999321,-0.792690,-0.028332,0.024041,-0.013168,-0.325738,0.043523,-0.944366,-0.735917,-0.208893,0.137105,0.014873,0.105270,0.076925,0.991352,-0.689544,-0.075581,0.889686
399,1.662500,0.033135,-0.015441,0.005724,-0.999315,-0.792548,-0.028419,0.024139,-0.011031,-0.313767,0.046505,-0.948296,-0.721712,-0.209407,0.134183,0.015887,0.102413,0.075927,0.991713,-0.683113,-0.077000,0.891843
400,1.666667,0.035618,-0.017426,0.003928,-0.999206,-0.792509,-0.028711,0.024460,-0.008260,-0.302195,0.049559,-0.951921,-0.707418,-0.209849,0.131118,0.017353,0.107485,0.076951,0.991072,-0.678246,-0.076888,0.893278
401,1.670833,0.039166,-0.019169,0.002448,-0.999046,-0.792434,-0.029048,0.024910,-0.008275,-0.289815,0.053966,-0.955524,-0.692908,-0.210060,0.128072,0.019691,0.110172,0.078258,0.990631,-0.671748,-0.077271,0.895378
402,1.675000,0.042978,-0.020802,0.000569,-0.998859,-0.792213,-0.029393,0.025521,-0.008028,-0.278816,0.059180,-0.958486,-0.678328,-0.210253,0.125090,0.013916,0.113790,0.082277,0.989994,-0.667062,-0.076795,0.896817
403,1.679167,0.046732,-0.023223,-0.000457,-0.998637,-0.792492,-0.029462,0.026134,-0.003460,-0.265859,0.061461,-0.962044,-0.664045,-0.210729,0.121947,0.013793,0.114575,0.082645,0.989875,-0.661293,-0.076998,0.899467
404,1.683333,0.049871,-0.025258,-0.002628,-0.998433,-0.792338,-0.029831,0.026615,0.004587,-0.259834,0.064833,-0.963464,-0.649413,-0.211042,0.119359,0.011430,0.114384,0.082954,0.989901,-0.655395,-0.077099,0.901943
405,1.687500,0.054394,-0.028711,-0.004436,-0.998097,-0.792311,-0.030187,0.027368,0.005156,-0.244542,0.067622,-0.967264,-0.635098,-0.211540,0.116079,0.008294,0.113285,0.083147,0.990043,-0.649420,-0.077408,0.904898
406,1.691667,0.057993,-0.032571,-0.006218,-0.997766,-0.792204,-0.030552,0.028362,0.007838,-0.232395,0.069075,-0.970134,-0.620600,-0.211684,0.113012,0.002620,0.111656,0.082914,0.990278,-0.643022,-0.077249,0.907418
407,1.695833,0.060245,-0.038421,-0.008604,-0.997407,-0.792051,-0.030823,0.029398,0.009139,-0.217952,0.069470,-0.973441,-0.606124,-0.211886,0.109876,0.001217,0.112371,0.083216,0.990175,-0.636970,-0.077607,0.910431
408,1.700000,0.062581,-0.045067,-0.011344,-0.996957,-0.791811,-0.031121,0.030613,0.013563,-0.205942,0.068620,-0.976061,-0.591599,-0.211998,0.106885,-0.000298,0.112817,0.083224,0.990124,-0.630894,-0.077899,0.913385
409,1.704167,0.061511,-0.056356,-0.012853,-0.996431,-0.792133,-0.031563,0.031414,0.015195,-0.193361,0.068213,-0.978636,-0.576884,-0.211949,0.103937,-0.002367,0.111648,0.083516,0.990229,-0.624603,-0.078111,0.916778
410,1.708333,0.064321,-0.068993,-0.015515,-0.995421,-0.792157,-0.031834,0.032452,0.017223,-0.181564,0.067224,-0.980928,-0.562239,-0.211841,0.100939,-0.002225,0.110721,0.083222,0.990359,-0.618213,-0.078416,0.919946
411,1.712500,0.067503,-0.075638,-0.019067,-0.994665,-0.791710,-0.032229,0.033643,0.016692,-0.168940,0.066024,-0.983271,-0.547467,-0.211435,0.098443,-0.002986,0.110857,0.083029,0.990358,-0.612105,-0.078945,0.922845
412,1.716667,0.067221,-0.081843,-0.023544,-0.994097,-0.790957,-0.032648,0.034591,0.012719,-0.155023,0.063402,-0.985792,-0.532382,-0.210659,0.095598,-0.003567,0.111905,0.082753,0.990261,-0.605835,-0.079360,0.925847
413,1.720833,0.066812,-0.083744,-0.024499,-0.993943,-0.790359,-0.033202,0.036623,0.010979,-0.142419,0.060766,-0.987878,-0.517650,-0.210082,0.093234,-0.005066,0.112129,0.082507,0.990250,-0.599540,-0.079703,0.928751
414,1.725000,0.070477,-0.093541,-0.027126,-0.992747,-0.789951,-0.033605,0.038092,0.007933,-0.128378,0.057515,-0.990024,-0.502842,-0.209414,0.090492,-0.006669,0.112016,0.082260,0.990273,-0.593416,-0.080261,0.931634
415,1.729167,0.074005,-0.104921,-0.030349,-0.991259,-0.789396,-0.033743,0.039595,0.007923,-0.116860,0.054336,-0.991629,-0.488146,-0.208785,0.088107,-0.007624,0.112608,0.082144,0.990209,-0.587249,-0.080770,0.934702
416,1.733333,0.075723,-0.116936,-0.033441,-0.989684,-0.788783,-0.033845,0.041033,0.004748,-0.103968,0.050873,-0.993267,-0.473513,-0.207943,0.085825,-0.009409,0.112979,0.082133,0.990152,-0.580949,-0.081178,0.937915
417,1.737500,0.082138,-0.129436,-0.037213,-0.987479,-0.787893,-0.033961,0.042727,0.001056,-0.090944,0.046272,-0.994780,-0.458850,-0.206934,0.083767,-0.010652,0.112197,0.082035,0.990237,-0.574640,-0.081602,0.940942
418,1.741667,0.091278,-0.141977,-0.040825,-0.984807,-0.786792,-0.034325,0.044532,-0.003204,-0.079062,0.042164,-0.995973,-0.444301,-0.205858,0.081769,-0.011866,0.112236,0.082278,0.990198,-0.568114,-0.082021,0.944089
419,1.745833,0.097721,-0.155902,-0.044918,-0.981900,-0.785467,-0.034405,0.046261,-0.009790,-0.065964,0.035848,-0.997130,-0.429540,-0.204496,0.079944,-0.011559,0.112471,0.081918,0.990205,-0.561610,-0.082421,0.947059
420,1.750000,0.104996,-0.168971,-0.048573,-0.978808,-0.784269,-0.034326,0.048184,-0.013521,-0.052950,0.030892,-0.998028,-0.415345,-0.203294,0.078582,-0.009095,0.112130,0.081239,0.990325,-0.555231,-0.082844,0.949604
421,1.754167,0.109397,-0.180617,-0.051515,-0.976092,-0.783207,-0.034450,0.050075,-0.017287,-0.042172,0.026175,-0.998618,-0.401348,-0.202117,0.077269,-0.008279,0.111393,0.081935,0.990358,-0.548238,-0.083172,0.952267
422,1.758333,0.112592,-0.192236,-0.054209,-0.973360,-0.782018,-0.034489,0.051985,-0.019873,-0.030653,0.021046,-0.999111,-0.387623,-0.200758,0.076331,-0.007256,0.111280,0.081499,0.990415,-0.541483,-0.083520,0.954990
423,1.762500,0.115114,-0.204153,-0.056540,-0.970502,-0.780887,-0.034513,0.053822,-0.021555,-0.019469,0.016091,-0.999449,-0.374179,-0.199429,0.075546,-0.007645,0.107744,0.083080,0.990672,-0.534034,-0.083702,0.957890
424,1.766667,0.117410,-0.215093,-0.059885,-0.967659,-0.779552,-0.034457,0.055669,-0.022962,-0.007587,0.010559,-0.999652,-0.361076,-0.198038,0.075049,-0.007518,0.107122,0.082992,0.990748,-0.527263,-0.084115,0.960562
425,1.770833,0.121827,-0.225872,-0.064549,-0.964351,-0.777939,-0.034326,0.057680,-0.024662,0.003873,0.004686,-0.999677,-0.348226,-0.196640,0.074689,-0.007136,0.107973,0.082547,0.990695,-0.520423,-0.084492,0.962947
426,1.775000,0.125361,-0.237973,-0.067655,-0.960769,-0.776595,-0.034237,0.059507,-0.026230,0.014496,-0.001246,-0.999550,-0.335770,-0.195282,0.074395,-0.006534,0.108535,0.081586,0.990718,-0.513798,-0.084956,0.965339
427,1.779167,0.129859,-0.248146,-0.071954,-0.957279,-0.774836,-0.033869,0.061560,-0.028345,0.025116,-0.007054,-0.999258,-0.323679,-0.194045,0.074251,-0.005811,0.108926,0.080444,0.990772,-0.507275,-0.085463,0.967544
428,1.783333,0.133505,-0.259767,-0.075691,-0.953398,-0.773316,-0.033637,0.063471,-0.029923,0.034727,-0.012403,-0.998872,-0.312084,-0.192843,0.074136,-0.005009,0.109284,0.079120,0.990844,-0.500624,-0.085899,0.969690
429,1.787500,0.135529,-0.271146,-0.078169,-0.949738,-0.771843,-0.033423,0.065433,-0.027723,0.045453,-0.017617,-0.998426,-0.300810,-0.191612,0.074530,-0.004011,0.108835,0.078685,0.990933,-0.493579,-0.086365,0.971608
430,1.791667,0.137649,-0.284461,-0.079238,-0.945440,-0.770685,-0.033597,0.067282,-0.029975,0.054718,-0.023129,-0.997784,-0.290084,-0.190315,0.074536,-0.002809,0.108419,0.078061,0.991032,-0.486488,-0.086733,0.973338
431,1.795833,0.138792,-0.295546,-0.080809,-0.941732,-0.769248,-0.033531,0.069282,-0.032417,0.062940,-0.028750,-0.997076,-0.279756,-0.188989,0.074584,-0.002554,0.108194,0.077257,0.991120,-0.479567,-0.087070,0.975053
432,1.800000,0.140195,-0.305929,-0.083197,-0.937993,-0.767704,-0.033318,0.071377,-0.035081,0.071007,-0.033292,-0.996303,-0.269992,-0.187995,0.074759,-0.001978,0.107338,0.076354,0.991284,-0.472652,-0.087361,0.976652
433,1.804167,0.141346,-0.315874,-0.085200,-0.934337,-0.766156,-0.033085,0.073586,-0.035183,0.078591,-0.037369,-0.995585,-0.260665,-0.186955,0.074995,-0.004483,0.102982,0.078357,0.991582,-0.464498,-0.087326,0.979042
434,1.808333,0.141273,-0.325799,-0.086256,-0.930837,-0.764659,-0.032931,0.075854,-0.035057,0.085356,-0.040946,-0.994891,-0.251823,-0.185866,0.075147,-0.004882,0.102805,0.077886,0.991636,-0.457542,-0.087675,0.980414
435,1.812500,0.141418,-0.334837,-0.087251,-0.927509,-0.762998,-0.032717,0.078261,-0.034427,0.091283,-0.043768,-0.994267,-0.243423,-0.184780,0.075333,-0.002455,0.102377,0.075908,0.991842,-0.451038,-0.088002,0.981230
436,1.816667,0.140642,-0.343842,-0.087647,-0.924289,-0.761410,-0.032577,0.080758,-0.034892,0.097509,-0.046596,-0.993531,-0.235504,-0.183719,0.075392,-0.001487,0.102029,0.074624,0.991977,-0.444259,-0.088363,0.982140
437,1.820833,0.139073,-0.353287,-0.087588,-0.920965,-0.759809,-0.032390,0.083215,-0.034480,0.102510,-0.048506,-0.992950,-0.228141,-0.182866,0.075378,0.000022,0.102332,0.072832,0.992081,-0.437690,-0.088698,0.982740
438,1.825000,0.138373,-0.363068,-0.087538,-0.917263,-0.758089,-0.032166,0.085739,-0.034536,0.107485,-0.049832,-0.992356,-0.221129,-0.181738,0.075296,-0.000181,0.102381,0.071663,0.992161,-0.430916,-0.089064,0.983535
439,1.829167,0.137568,-0.372520,-0.087203,-0.913619,-0.756300,-0.031962,0.088289,-0.034917,0.111807,-0.050510,-0.991831,-0.214539,-0.180649,0.075058,-0.000127,0.101760,0.069861,0.992353,-0.424260,-0.089462,0.984090
440,1.833333,0.137257,-0.382246,-0.086992,-0.909660,-0.754432,-0.031739,0.090908,-0.036139,0.115634,-0.049935,-0.991377,-0.208471,-0.179676,0.074661,-0.003638,0.101005,0.068887,0.992492,-0.417378,-0.089891,0.984585
441,1.837500,0.136149,-0.391741,-0.086470,-0.905829,-0.752370,-0.031456,0.093703,-0.037041,0.118851,-0.048830,-0.991019,-0.202849,-0.178687,0.074051,-0.002581,0.100187,0.066867,0.992716,-0.410765,-0.090398,0.984683
442,1.841667,0.133558,-0.401036,-0.084992,-0.902280,-0.750331,-0.031246,0.096485,-0.040333,0.120928,-0.047905,-0.990684,-0.197893,-0.177821,0.073099,0.001384,0.099692,0.065149,0.992882,-0.404131,-0.090610,0.984514
443,1.845833,0.133168,-0.409378,-0.084587,-0.898622,-0.748087,-0.031022,0.099459,-0.042028,0.123599,-0.046111,-0.990369,-0.193077,-0.176615,0.072183,0.002335,0.099272,0.063474,0.993031,-0.397565,-0.090916,0.984350
444,1.850000,0.132124,-0.417361,-0.084141,-0.895139,-0.745742,-0.030739,0.102287,-0.044283,0.125777,-0.044022,-0.990092,-0.188567,-0.175250,0.071115,0.003517,0.098097,0.062187,0.993226,-0.390926,-0.091166,0.983865
445,1.854167,0.130578,-0.426233,-0.083053,-0.891278,-0.743443,-0.030533,0.105086,-0.049441,0.127368,-0.041663,-0.989746,-0.184614,-0.174299,0.069724,0.004792,0.096951,0.061149,0.993397,-0.384210,-0.091378,0.983276
446,1.858333,0.128469,-0.434071,-0.081709,-0.887920,-0.741013,-0.030201,0.107752,-0.053749,0.127147,-0.039225,-0.989650,-0.181051,-0.173379,0.067726,0.005618,0.095915,0.059995,0.993564,-0.377580,-0.091623,0.982536
447,1.862500,0.127471,-0.442681,-0.081366,-0.883835,-0.738519,-0.029946,0.110466,-0.055605,0.128599,-0.035770,-0.989490,-0.177662,-0.172338,0.066322,0.004608,0.095151,0.058827,0.993712,-0.370994,-0.091938,0.981602
448,1.866667,0.127708,-0.450745,-0.082308,-0.879628,-0.735728,-0.029525,0.113170,-0.059673,0.128626,-0.033516,-0.989329,-0.174559,-0.170849,0.064438,0.004045,0.093379,0.058113,0.993925,-0.364356,-0.092352,0.980521
449,1.870833,0.128388,-0.459756,-0.084036,-0.874688,-0.732883,-0.029136,0.115931,-0.066323,0.127998,-0.031727,-0.989046,-0.171747,-0.169359,0.062540,0.003279,0.093045,0.056063,0.994077,-0.358053,-0.092604,0.979657
450,1.875000,0.128720,-0.469280,-0.085130,-0.869460,-0.729850,-0.028690,0.118496,-0.068468,0.127384,-0.028906,-0.989065,-0.169142,-0.168083,0.060277,0.003412,0.091086,0.055671,0.994280,-0.351309,-0.092946,0.977774
451,1.879167,0.128802,-0.478479,-0.086031,-0.864330,-0.726670,-0.028253,0.121135,-0.070140,0.126347,-0.025838,-0.989166,-0.166753,-0.166875,0.057917,0.004048,0.090511,0.054443,0.994398,-0.344800,-0.093181,0.976066
452,1.883333,0.129589,-0.486203,-0.088050,-0.859686,-0.723215,-0.027717,0.123838,-0.072337,0.125023,-0.021608,-0.989277,-0.164823,-0.165963,0.055533,0.004843,0.089390,0.053051,0.994571,-0.338407,-0.093393,0.974265
453,1.887500,0.128587,-0.492418,-0.090266,-0.856062,-0.719572,-0.027123,0.126601,-0.071169,0.120327,-0.018745,-0.990003,-0.162951,-0.164902,0.053011,0.005982,0.087915,0.051942,0.994755,-0.332089,-0.093641,0.972347
454,1.891667,0.126731,-0.497142,-0.092366,-0.853380,-0.715696,-0.026469,0.129500,-0.069009,0.114270,-0.014785,-0.990940,-0.161457,-0.164021,0.050287,0.006217,0.087197,0.050694,0.994881,-0.325761,-0.093916,0.970207
455,1.895833,0.124857,-0.500714,-0.093350,-0.851459,-0.711411,-0.025793,0.132428,-0.062332,0.106030,-0.010404,-0.992353,-0.160531,-0.163034,0.047622,0.004056,0.085490,0.048723,0.995139,-0.319697,-0.094429,0.968381
456,1.900000,0.122938,-0.503512,-0.094295,-0.849983,-0.706708,-0.025062,0.135510,-0.054617,0.092660,-0.009981,-0.994149,-0.159588,-0.162149,0.044365,0.004320,0.082982,0.048730,0.995350,-0.313146,-0.094510,0.965841
457,1.904167,0.120526,-0.506555,-0.094529,-0.848493,-0.701694,-0.024310,0.138559,-0.046181,0.075361,-0.010013,-0.996036,-0.158607,-0.161252,0.040696,0.003851,0.082306,0.047433,0.995470,-0.307128,-0.094928,0.963140
458,1.908333,0.118201,-0.508989,-0.094572,-0.847358,-0.696265,-0.023591,0.141580,-0.035704,0.058210,-0.007347,-0.997639,-0.158252,-0.160882,0.037927,0.003184,0.081050,0.046537,0.995618,-0.301065,-0.095445,0.960206
459,1.912500,0.115774,-0.511345,-0.094457,-0.846286,-0.690520,-0.022826,0.144650,-0.028503,0.046031,-0.004879,-0.998521,-0.158149,-0.160932,0.036049,-0.004965,0.078078,0.044780,0.995929,-0.294733,-0.095538,0.956437
460,1.916667,0.114258,-0.513447,-0.094466,-0.845218,-0.684521,-0.022019,0.147688,-0.028787,0.043018,-0.002495,-0.998656,-0.158468,-0.161146,0.035593,0.002237,0.077974,0.044815,0.995945,-0.288878,-0.095450,0.953402
461,1.920833,0.112631,-0.515296,-0.094478,-0.844310,-0.678099,-0.021152,0.150738,-0.027904,0.040416,-0.001945,-0.998791,-0.157922,-0.160997,0.035200,0.005093,0.076474,0.043511,0.996109,-0.283338,-0.096288,0.950595
462,1.925000,0.111246,-0.516881,-0.093890,-0.843590,-0.671313,-0.020215,0.153745,-0.028999,0.039114,-0.003196,-0.998809,-0.157109,-0.160735,0.034729,0.004239,0.074288,0.042228,0.996333,-0.278088,-0.097198,0.947402
463,1.929167,0.111005,-0.518092,-0.093235,-0.842951,-0.664217,-0.019313,0.156569,-0.024297,0.033468,-0.005399,-0.999130,-0.156001,-0.160351,0.033549,0.004030,0.073536,0.040551,0.996460,-0.272899,-0.097893,0.943598
464,1.933333,0.110260,-0.519232,-0.092485,-0.842430,-0.656632,-0.018315,0.159390,-0.021703,0.022754,-0.007266,-0.999479,-0.154719,-0.159992,0.031740,0.003172,0.071816,0.039167,0.996644,-0.267683,-0.098425,0.939931
465,1.937500,0.107145,-0.520159,-0.090188,-0.842509,-0.648950,-0.017433,0.162111,-0.014948,0.011254,-0.006513,-0.999804,-0.153606,-0.160113,0.029982,0.002055,0.070337,0.037730,0.996807,-0.262549,-0.098951,0.936058
466,1.941667,0.104866,-0.520839,-0.087625,-0.842646,-0.640784,-0.016493,0.164791,-0.013440,0.004455,-0.005227,-0.999886,-0.152726,-0.160101,0.028957,0.000056,0.068427,0.036253,0.996997,-0.257446,-0.099404,0.932398
467,1.945833,0.101478,-0.521256,-0.084000,-0.843172,-0.632268,-0.015522,0.167154,-0.009932,0.002223,-0.004457,-0.999938,-0.152155,-0.159940,0.028730,-0.001402,0.065068,0.034746,0.997275,-0.252220,-0.099673,0.928753
468,1.950000,0.098848,-0.521238,-0.079921,-0.843891,-0.623390,-0.014702,0.169494,-0.005950,0.001633,-0.003707,-0.999974,-0.151598,-0.159530,0.028723,-0.003326,0.061481,0.033606,0.997537,-0.246935,-0.099948,0.925145
469,1.954167,0.097965,-0.521027,-0.075122,-0.844565,-0.613921,-0.013901,0.171515,-0.002303,0.000746,-0.002816,-0.999993,-0.151237,-0.159162,0.028602,-0.005760,0.058850,0.032308,0.997727,-0.241984,-0.100403,0.921241
470,1.958333,0.099184,-0.521612,-0.071487,-0.844378,-0.604370,-0.013295,0.173412,0.001179,-0.002873,-0.001653,-0.999994,-0.150833,-0.158884,0.027966,-0.008329,0.056214,0.030609,0.997915,-0.236926,-0.100689,0.917367
471,1.962500,0.099305,-0.521309,-0.066853,-0.844930,-0.594486,-0.012681,0.175239,0.004685,-0.006284,-0.001695,-0.999968,-0.150700,-0.158647,0.027501,-0.011001,0.054434,0.028867,0.998039,-0.232003,-0.101052,0.913502
472,1.966667,0.098288,-0.521265,-0.062842,-0.845384,-0.583962,-0.012337,0.176644,0.007229,-0.007722,-0.001222,-0.999943,-0.150691,-0.158626,0.027335,-0.013354,0.052900,0.027226,0.998139,-0.227011,-0.101472,0.909542
473,1.970833,0.101351,-0.520177,-0.060517,-0.845861,-0.573389,-0.011531,0.178409,0.008370,-0.007126,-0.001248,-0.999939,-0.150605,-0.158592,0.027409,-0.016514,0.052333,0.025557,0.998166,-0.221905,-0.101853,0.905830
474,1.975000,0.101268,-0.518973,-0.056315,-0.846900,-0.562841,-0.010658,0.179753,0.009280,-0.005498,-0.002338,-0.999939,-0.150570,-0.158361,0.027601,-0.019500,0.051684,0.023954,0.998186,-0.216872,-0.102281,0.902171
475,1.979167,0.102275,-0.517318,-0.052859,-0.848014,-0.551809,-0.009926,0.180932,0.009353,-0.005124,-0.002866,-0.999939,-0.150595,-0.158139,0.027553,-0.023009,0.051819,0.022077,0.998147,-0.211839,-0.102680,0.898660
476,1.983333,0.102463,-0.516573,-0.048343,-0.848715,-0.540486,-0.009487,0.181803,0.011405,-0.006130,-0.002089,-0.999914,-0.150856,-0.157986,0.027469,-0.026693,0.053441,0.020047,0.998013,-0.206911,-0.103085,0.895000
477,1.987500,0.103935,-0.514439,-0.044115,-0.850061,-0.528974,-0.008902,0.182799,0.012738,-0.007693,-0.001188,-0.999889,-0.151014,-0.157903,0.027308,-0.030407,0.055300,0.018099,0.997843,-0.202003,-0.103606,0.891688
478,1.991667,0.104881,-0.512568,-0.040172,-0.851270,-0.517068,-0.008314,0.183479,0.014092,-0.009042,-0.000363,-0.999860,-0.151042,-0.157856,0.027244,-0.033560,0.057114,0.015917,0.997677,-0.196903,-0.103889,0.888799
479,1.995833,0.104876,-0.510373,-0.036726,-0.852744,-0.504814,-0.007678,0.183869,0.015514,-0.009148,0.000313,-0.999838,-0.150997,-0.157860,0.027334,-0.036947,0.059337,0.013960,0.997456,-0.192170,-0.104394,0.885798
480,2.000000,0.105738,-0.507295,-0.032086,-0.854659,-0.492481,-0.007130,0.184345,0.016909,-0.008459,0.000726,-0.999821,-0.150797,-0.157860,0.027425,-0.037437,0.059526,0.014361,0.997421,-0.186372,-0.104798,0.883127
481,2.004167,0.106823,-0.504330,-0.027870,-0.856425,-0.479913,-0.006737,0.184436,0.017534,-0.008131,0.001161,-0.999813,-0.150603,-0.157881,0.027389,-0.037849,0.061830,0.012951,0.997285,-0.181323,-0.105346,0.880473
482,2.008333,0.107428,-0.501479,-0.022596,-0.858177,-0.467267,-0.006465,0.184390,0.017920,-0.008495,0.002125,-0.999801,-0.150710,-0.157906,0.027315,-0.037827,0.064247,0.011820,0.997147,-0.176155,-0.105834,0.878061
483,2.012500,0.108359,-0.497703,-0.019551,-0.860330,-0.454173,-0.005955,0.184127,0.018273,-0.009314,0.002811,-0.999786,-0.150959,-0.157854,0.027322,-0.037227,0.065705,0.011066,0.997083,-0.170747,-0.106471,0.876074
484,2.016667,0.108522,-0.493224,-0.016265,-0.862953,-0.440816,-0.005490,0.183725,0.019355,-0.009952,0.002990,-0.999759,-0.151170,-0.157684,0.027420,-0.037704,0.065517,0.011143,0.997077,-0.165131,-0.106856,0.874422
485,2.020833,0.108816,-0.489287,-0.012932,-0.865211,-0.427251,-0.005151,0.183128,0.019892,-0.010339,0.003373,-0.999743,-0.151200,-0.157565,0.027445,-0.036103,0.067455,0.009720,0.997022,-0.159864,-0.107451,0.872458
486,2.025000,0.109836,-0.484340,-0.010888,-0.867889,-0.413409,-0.004611,0.182454,0.020344,-0.010961,0.004048,-0.999725,-0.151158,-0.157485,0.027411,-0.036139,0.066230,0.009273,0.997107,-0.154347,-0.108059,0.871263
487,2.029167,0.113556,-0.477660,-0.010377,-0.871113,-0.399206,-0.004235,0.182143,0.020677,-0.011424,0.004671,-0.999710,-0.151088,-0.157367,0.027344,-0.038933,0.065480,0.009208,0.997052,-0.148859,-0.108665,0.870544
488,2.033333,0.108651,-0.472642,-0.003340,-0.874525,-0.385657,-0.004503,0.181161,0.020733,-0.011443,0.005499,-0.999704,-0.151058,-0.157229,0.027301,-0.039249,0.061674,0.008761,0.997286,-0.143068,-0.108963,0.869892
489,2.037500,0.108925,-0.463119,-0.001653,-0.879576,-0.371333,-0.003863,0.180475,0.021234,-0.011763,0.006468,-0.999684,-0.151092,-0.157132,0.027380,-0.038996,0.059867,0.008859,0.997405,-0.137241,-0.109383,0.869179
490,2.041667,0.110169,-0.454692,0.001635,-0.883807,-0.357120,-0.003427,0.179746,0.021393,-0.011487,0.007596,-0.999676,-0.151103,-0.157000,0.027440,-0.037533,0.055875,0.008370,0.997697,-0.131377,-0.109769,0.868894
491,2.045833,0.106421,-0.446305,-0.000152,-0.888531,-0.341817,-0.002353,0.177449,0.022803,-0.011884,0.008582,-0.999633,-0.151123,-0.156846,0.027471,-0.035258,0.057781,0.008513,0.997670,-0.125973,-0.110025,0.867682
492,2.050000,0.097598,-0.441156,0.004635,-0.892096,-0.326956,-0.001959,0.175252,0.023701,-0.012223,0.009526,-0.999599,-0.151130,-0.156741,0.027485,-0.035317,0.056435,0.008532,0.997745,-0.120439,-0.110210,0.867016
493,2.054167,0.100461,-0.430611,0.003558,-0.896922,-0.311478,-0.001411,0.173671,0.024370,-0.012445,0.010675,-0.999569,-0.151108,-0.156581,0.027412,-0.033278,0.057436,0.008465,0.997759,-0.114813,-0.110287,0.866612
494,2.058333,0.097975,-0.421714,0.005482,-0.901403,-0.296047,-0.001042,0.171693,0.024255,-0.013073,0.011410,-0.999555,-0.151110,-0.156468,0.027384,-0.031959,0.055276,0.007884,0.997928,-0.108934,-0.110434,0.866584
495,2.062500,0.092783,-0.421906,0.004753,-0.901867,-0.279344,-0.001505,0.167434,0.023964,-0.013569,0.012106,-0.999547,-0.151113,-0.156357,0.027440,-0.031798,0.058710,0.006616,0.997747,-0.103335,-0.110910,0.866043
496,2.066667,0.091767,-0.412267,0.004477,-0.906419,-0.263027,-0.000715,0.165673,0.021370,-0.013419,0.013256,-0.999594,-0.151032,-0.156130,0.027670,-0.033407,0.062817,0.005143,0.997453,-0.097639,-0.111601,0.865590
497,2.070833,0.092113,-0.402534,0.005024,-0.910745,-0.247180,-0.000418,0.163398,0.020793,-0.013824,0.013881,-0.999592,-0.151087,-0.156013,0.027704,-0.030730,0.058131,0.003517,0.997830,-0.091085,-0.112036,0.866916
498,2.075000,0.086777,-0.393609,0.007155,-0.915145,-0.231817,-0.000065,0.160756,0.019211,-0.015270,0.014453,-0.999594,-0.151209,-0.155886,0.028036,-0.032470,0.069143,0.002601,0.997075,-0.085779,-0.112682,0.866604
499,2.079167,0.090849,-0.381571,0.005756,-0.919846,-0.214967,0.000144,0.158327,0.019066,-0.016655,0.015059,-0.999566,-0.151165,-0.155771,0.028265,-0.029201,0.067327,0.000538,0.997303,-0.079826,-0.112949,0.867227
500,2.083333,0.088289,-0.371016,0.007098,-0.924393,-0.198682,0.000100,0.155568,0.018682,-0.017609,0.015707,-0.999547,-0.151133,-0.155695,0.028435,-0.026329,0.067338,-0.001161,0.997382,-0.073861,-0.113211,0.868066
501,2.087500,0.092121,-0.357377,0.007244,-0.929378,-0.182299,0.000689,0.153238,0.018579,-0.018354,0.016235,-0.999527,-0.151101,-0.155631,0.028518,-0.024972,0.067367,-0.002716,0.997412,-0.067730,-0.113530,0.869039
502,2.091667,0.089664,-0.345514,0.008785,-0.934079,-0.165968,0.000599,0.150473,0.020689,-0.020337,0.016909,-0.999436,-0.151112,-0.155595,0.028396,-0.019535,0.069711,-0.004729,0.997365,-0.061788,-0.113723,0.869751
503,2.095833,0.086942,-0.333541,0.011052,-0.938653,-0.149675,0.000595,0.147587,0.020623,-0.021395,0.017326,-0.999408,-0.151120,-0.155464,0.028534,-0.020800,0.059757,-0.005537,0.997981,-0.054980,-0.113526,0.873119
504,2.100000,0.089880,-0.320795,0.009637,-0.942825,-0.132965,0.000205,0.144882,0.020036,-0.022742,0.018200,-0.999375,-0.151052,-0.155345,0.028692,-0.028458,0.060743,-0.004132,0.997739,-0.047783,-0.113575,0.875573
505,2.104167,0.087675,-0.311719,0.011976,-0.946045,-0.116130,0.000106,0.141908,0.018805,-0.024136,0.019212,-0.999347,-0.150945,-0.155211,0.028906,-0.024574,0.065240,-0.002728,0.997563,-0.040331,-0.113407,0.876564
506,2.108333,0.091283,-0.298382,0.009894,-0.950020,-0.098899,-0.000520,0.139011,0.016938,-0.026005,0.020088,-0.999317,-0.150843,-0.155088,0.029182,-0.022122,0.062934,-0.002590,0.997769,-0.033197,-0.113592,0.879181
507,2.112500,0.094282,-0.286961,0.007193,-0.953264,-0.081268,-0.001065,0.136187,0.015456,-0.028706,0.020904,-0.999250,-0.150771,-0.154963,0.029505,-0.014317,0.070249,-0.008431,0.997391,-0.027425,-0.115119,0.879306
508,2.116667,0.092466,-0.275811,0.008466,-0.956717,-0.064407,-0.001380,0.133021,0.014093,-0.032610,0.021030,-0.999148,-0.150869,-0.154669,0.029786,-0.012438,0.074269,-0.009223,0.997118,-0.020882,-0.115345,0.881232
509,2.120833,0.086659,-0.262229,0.011181,-0.961042,-0.047918,-0.001503,0.129891,0.011337,-0.035579,0.022110,-0.999058,-0.150889,-0.154399,0.030424,-0.014122,0.076914,-0.009277,0.996895,-0.014661,-0.115503,0.882559
510,2.125000,0.082252,-0.249839,0.013347,-0.964695,-0.031121,-0.001686,0.126947,0.006577,-0.038206,0.023694,-0.998967,-0.150716,-0.154300,0.030887,-0.005801,0.075965,-0.011626,0.997026,-0.008002,-0.115204,0.885125
511,2.129167,0.089800,-0.235422,0.012071,-0.967660,-0.012940,-0.002708,0.123822,0.006099,-0.042991,0.025274,-0.998737,-0.150563,-0.154169,0.031233,-0.002528,0.072873,-0.012214,0.997263,-0.000778,-0.115229,0.888115
512,2.133333,0.088718,-0.222449,0.012952,-0.970813,0.004398,-0.003229,0.120667,0.004219,-0.047742,0.026333,-0.998504,-0.150514,-0.154106,0.031977,0.001622,0.070780,-0.013672,0.997397,0.006131,-0.115314,0.890659
513,2.137500,0.092840,-0.211925,0.010656,-0.972808,0.022188,-0.004105,0.117948,-0.010002,-0.052117,0.027049,-0.998225,-0.150467,-0.153643,0.033532,0.003076,0.081750,-0.014287,0.996546,0.012547,-0.115127,0.891656
514,2.141667,0.084413,-0.198527,0.013205,-0.976364,0.039048,-0.004235,0.114674,-0.010687,-0.057286,0.028157,-0.997904,-0.150128,-0.153467,0.034599,0.003516,0.083555,-0.014034,0.996398,0.019568,-0.115277,0.894512
515,2.145833,0.086690,-0.184165,0.014330,-0.978960,0.056881,-0.004770,0.111350,-0.013541,-0.066079,0.028593,-0.997313,-0.149810,-0.153563,0.035354,0.007956,0.083013,-0.014719,0.996408,0.026690,-0.115009,0.897107
516,2.150000,0.088991,-0.170286,0.014340,-0.981263,0.074750,-0.005498,0.108315,-0.007901,-0.077830,0.028215,-0.996536,-0.149189,-0.154068,0.036770,0.005939,0.078344,-0.012664,0.996828,0.035695,-0.116232,0.902005
517,2.154167,0.091242,-0.157721,0.014009,-0.983160,0.092695,-0.006225,0.105443,-0.006321,-0.087500,0.028655,-0.995732,-0.148610,-0.154131,0.038142,0.010411,0.078479,-0.016381,0.996727,0.042339,-0.116629,0.903264
518,2.158333,0.092626,-0.145182,0.014343,-0.984955,0.110666,-0.006967,0.102447,-0.009172,-0.096827,0.028973,-0.994837,-0.147985,-0.154204,0.039730,0.015001,0.077419,-0.017781,0.996727,0.049402,-0.116334,0.906308
519,2.162500,0.093859,-0.132042,0.015136,-0.986674,0.128608,-0.007673,0.099576,-0.014825,-0.106002,0.029074,-0.993830,-0.147277,-0.154329,0.041329,0.018763,0.074591,-0.018339,0.996869,0.056815,-0.116146,0.909829
520,2.166667,0.097393,-0.120281,0.015242,-0.987833,0.146688,-0.008471,0.096750,-0.019824,-0.115790,0.029527,-0.992637,-0.146538,-0.154533,0.042971,0.017773,0.075458,-0.018801,0.996813,0.064131,-0.115970,0.913005
521,2.170833,0.100426,-0.108160,0.015615,-0.988925,0.164845,-0.009256,0.093935,-0.027901,-0.125667,0.030169,-0.991221,-0.145679,-0.154787,0.044650,0.018410,0.074709,-0.019870,0.996837,0.071280,-0.115833,0.916003
522,2.175000,0.103722,-0.095815,0.015688,-0.989856,0.183017,-0.009996,0.091246,-0.033495,-0.136488,0.030354,-0.989610,-0.144677,-0.155148,0.046372,0.017565,0.076306,-0.020264,0.996724,0.078514,-0.115747,0.919474
523,2.179167,0.108245,-0.084223,0.015851,-0.990423,0.201207,-0.010769,0.088605,-0.039753,-0.147510,0.030791,-0.987782,-0.143685,-0.155385,0.047792,0.022180,0.079188,-0.020396,0.996404,0.085766,-0.116269,0.923240
524,2.183333,0.113169,-0.073725,0.016404,-0.990701,0.219400,-0.011380,0.086154,-0.048832,-0.159185,0.031647,-0.985532,-0.142498,-0.155543,0.049624,0.022974,0.075112,-0.022529,0.996656,0.093066,-0.116045,0.925608
525,2.187500,0.118888,-0.062118,0.015486,-0.990842,0.237600,-0.012202,0.083783,-0.056592,-0.170850,0.032713,-0.983126,-0.141424,-0.155858,0.051695,0.020166,0.078175,-0.021756,0.996498,0.100801,-0.115829,0.929305
526,2.191667,0.124336,-0.052579,0.016160,-0.990714,0.255563,-0.012824,0.081488,-0.063514,-0.183359,0.033522,-0.980419,-0.140248,-0.156106,0.053679,0.019435,0.073008,-0.024298,0.996846,0.108072,-0.115387,0.931409
527,2.195833,0.131352,-0.042964,0.015662,-0.990281,0.273791,-0.013487,0.079573,-0.070830,-0.196123,0.034071,-0.977424,-0.139096,-0.156299,0.055671,0.016972,0.077017,-0.023027,0.996619,0.115874,-0.115189,0.934952
528,2.200000,0.138479,-0.033401,0.016110,-0.989671,0.291589,-0.014243,0.077457,-0.074958,-0.209096,0.033996,-0.974425,-0.137862,-0.156793,0.057700,0.016779,0.073535,-0.025764,0.996819,0.123063,-0.114901,0.937189
529,2.204167,0.146126,-0.025015,0.016241,-0.988816,0.309325,-0.015053,0.075667,-0.079981,-0.222270,0.033978,-0.971105,-0.136384,-0.157403,0.059735,0.014321,0.077933,-0.023912,0.996569,0.130891,-0.114599,0.940677
530,2.208333,0.154663,-0.017315,0.016017,-0.987686,0.327009,-0.015969,0.074138,-0.084159,-0.235436,0.034229,-0.967634,-0.134764,-0.158125,0.061596,0.013787,0.078484,-0.024166,0.996527,0.138403,-0.114319,0.943585
531,2.212500,0.161806,-0.013687,0.017361,-0.986575,0.344540,-0.016941,0.072530,-0.087503,-0.248390,0.033844,-0.964106,-0.132890,-0.159022,0.063696,0.012539,0.080164,-0.023836,0.996418,0.146019,-0.113961,0.946621
532,2.216667,0.169921,-0.009934,0.018932,-0.985226,0.361672,-0.017845,0.071085,-0.091981,-0.261123,0.034149,-0.960306,-0.130977,-0.159798,0.065701,0.011635,0.081451,-0.023510,0.996332,0.153675,-0.113707,0.949478
533,2.220833,0.180296,-0.007522,0.019851,-0.983383,0.378618,-0.018776,0.069902,-0.097728,-0.273204,0.035118,-0.956335,-0.129009,-0.160535,0.067791,0.014467,0.074076,-0.026393,0.996798,0.161422,-0.113346,0.951337
534,2.225000,0.189077,-0.006343,0.021600,-0.981704,0.394886,-0.019690,0.068652,-0.101417,-0.285779,0.036146,-0.952228,-0.127073,-0.161321,0.069788,0.012670,0.077580,-0.025066,0.996591,0.169145,-0.113080,0.954332
535,2.229167,0.196067,-0.006682,0.023511,-0.980286,0.410761,-0.020636,0.067611,-0.104158,-0.298731,0.036636,-0.947929,-0.124971,-0.162229,0.071878,0.010765,0.081196,-0.023143,0.996371,0.177048,-0.112600,0.957331
536,2.233333,0.204919,-0.006077,0.024779,-0.978447,0.426316,-0.021622,0.066921,-0.108543,-0.310826,0.037491,-0.943504,-0.122538,-0.163140,0.073986,0.009968,0.081679,-0.023182,0.996339,0.184805,-0.112508,0.959645
537,2.237500,0.212035,-0.005884,0.026833,-0.976876,0.441103,-0.022681,0.066507,-0.108534,-0.321252,0.036834,-0.940032,-0.119836,-0.164172,0.076284,0.009423,0.081291,-0.022187,0.996399,0.192712,-0.112095,0.961960
538,2.241667,0.216793,-0.004315,0.029054,-0.975776,0.455240,-0.023708,0.066424,-0.112357,-0.334745,0.037412,-0.934838,-0.117133,-0.165134,0.078167,0.009472,0.081692,-0.022414,0.996361,0.200303,-0.112040,0.963914
539,2.245833,0.220240,-0.001627,0.031221,-0.974945,0.468765,-0.024603,0.066718,-0.113821,-0.343552,0.037904,-0.931440,-0.113919,-0.166270,0.080927,0.010222,0.078322,-0.022851,0.996614,0.208226,-0.111728,0.965770
540,2.250000,0.224571,0.001004,0.033998,-0.973864,0.481576,-0.025583,0.067225,-0.125229,-0.365391,0.039391,-0.921550,-0.111510,-0.167002,0.083729,0.009184,0.079651,-0.021743,0.996543,0.215980,-0.111561,0.967662
541,2.254167,0.226461,0.004849,0.036685,-0.973317,0.493738,-0.026379,0.067825,-0.127254,-0.374731,0.039265,-0.917519,-0.108456,-0.168015,0.086785,0.008161,0.079768,-0.020621,0.996567,0.223647,-0.111105,0.969097
542,2.258333,0.229679,0.008338,0.039725,-0.972420,0.505156,-0.027288,0.068429,-0.129624,-0.382828,0.037752,-0.913901,-0.105646,-0.169064,0.089882,0.007750,0.079155,-0.019862,0.996634,0.231467,-0.110814,0.970642
543,2.262500,0.228719,0.011150,0.042199,-0.972514,0.515843,-0.028086,0.069096,-0.128746,-0.392906,0.035657,-0.909823,-0.102715,-0.170031,0.092973,0.006634,0.079939,-0.018933,0.996598,0.239176,-0.110600,0.971958
544,2.266667,0.228929,0.013246,0.044065,-0.972355,0.525841,-0.028883,0.069594,-0.128584,-0.402777,0.033884,-0.905587,-0.099535,-0.170946,0.096301,0.005199,0.080361,-0.018006,0.996590,0.246752,-0.110542,0.972875
545,2.270833,0.227622,0.014593,0.045155,-0.972593,0.535134,-0.029612,0.069841,-0.127597,-0.411644,0.031995,-0.901801,-0.096115,-0.171938,0.099971,0.003628,0.080661,-0.016555,0.996598,0.254380,-0.110345,0.973854
546,2.275000,0.226107,0.015405,0.044943,-0.972943,0.543731,-0.030241,0.069755,-0.126961,-0.419851,0.030996,-0.898134,-0.092657,-0.173039,0.103561,0.002415,0.079717,-0.015557,0.996693,0.262137,-0.110110,0.974507
547,2.279167,0.224525,0.015462,0.043759,-0.973363,0.551652,-0.030804,0.069261,-0.125806,-0.428142,0.030162,-0.894403,-0.088986,-0.174244,0.107159,0.001915,0.078233,-0.014500,0.996828,0.269900,-0.109759,0.975162
548,2.283333,0.223175,0.014055,0.041949,-0.973774,0.558896,-0.031321,0.068445,-0.124161,-0.436012,0.029424,-0.890849,-0.085156,-0.175449,0.110888,0.001360,0.076835,-0.013246,0.996955,0.277608,-0.109391,0.975659
549,2.287500,0.222582,0.011228,0.039659,-0.974042,0.565540,-0.031971,0.067327,-0.121078,-0.441736,0.029241,-0.888456,-0.081184,-0.176685,0.115121,0.000557,0.075010,-0.012293,0.997107,0.285268,-0.108975,0.975963
550,2.291667,0.222843,0.007726,0.037189,-0.974114,0.571572,-0.032725,0.065893,-0.120639,-0.449665,0.029796,-0.884511,-0.077131,-0.177914,0.118912,0.000133,0.074152,-0.011512,0.997181,0.292812,-0.108828,0.975842
551,2.295833,0.221832,0.003304,0.035353,-0.974438,0.576924,-0.033581,0.064211,-0.120118,-0.457020,0.031729,-0.880737,-0.072746,-0.179184,0.122726,-0.001088,0.074048,-0.010373,0.997200,0.300370,-0.108711,0.975450
552,2.300000,0.221398,-0.002208,0.034236,-0.974580,0.581672,-0.034635,0.062230,-0.117626,-0.464804,0.035151,-0.876861,-0.068376,-0.180848,0.126432,-0.002155,0.074107,-0.009196,0.997206,0.307789,-0.108658,0.974984
553,2.304167,0.221093,-0.008701,0.033839,-0.974627,0.585902,-0.035726,0.060008,-0.113283,-0.472269,0.041127,-0.873177,-0.063928,-0.182884,0.130210,-0.003000,0.075107,-0.007867,0.997140,0.315236,-0.108604,0.974514
554,2.308333,0.221643,-0.015697,0.034013,-0.974408,0.589575,-0.037041,0.057437,-0.106930,-0.479282,0.047180,-0.869844,-0.059196,-0.185037,0.134007,-0.003317,0.074021,-0.006792,0.997228,0.322668,-0.108484,0.973741
555,2.312500,0.222787,-0.023522,0.035132,-0.973950,0.592682,-0.038460,0.054667,-0.101057,-0.485126,0.053230,-0.866953,-0.054107,-0.187172,0.137957,-0.003960,0.072994,-0.005655,0.997309,0.330063,-0.108346,0.972666
556,2.316667,0.218754,-0.032013,0.035761,-0.974599,0.595157,-0.039869,0.051904,-0.093621,-0.491183,0.057973,-0.864068,-0.048555,-0.189264,0.142004,-0.004633,0.071961,-0.004379,0.997387,0.337522,-0.108245,0.971587
557,2.320833,0.207224,-0.039230,0.037557,-0.976785,0.597189,-0.041093,0.049263,-0.085062,-0.496247,0.061465,-0.861815,-0.042481,-0.191334,0.146150,-0.005019,0.070778,-0.003109,0.997475,0.344844,-0.108128,0.970176
558,2.325000,0.193333,-0.045161,0.042666,-0.979164,0.598845,-0.042376,0.046626,-0.078033,-0.499192,0.064425,-0.860562,-0.036026,-0.193355,0.149978,-0.005207,0.068590,-0.002007,0.997629,0.352282,-0.107963,0.968523
559,2.329167,0.172274,-0.047052,0.049942,-0.982656,0.599962,-0.043640,0.044515,-0.069613,-0.503621,0.066487,-0.858545,-0.029221,-0.195228,0.153671,-0.005726,0.066667,-0.000742,0.997759,0.359513,-0.107839,0.966622
560,2.333333,0.149649,-0.044841,0.055804,-0.986144,0.600692,-0.044793,0.042833,-0.064485,-0.505785,0.070626,-0.857342,-0.022135,-0.197383,0.157194,-0.005572,0.064435,0.000448,0.997906,0.366808,-0.107657,0.964676
561,2.337500,0.129566,-0.042935,0.057976,-0.988943,0.600955,-0.045450,0.041359,-0.058750,-0.508367,0.074679,-0.855882,-0.014721,-0.199473,0.160542,-0.006245,0.062739,0.001845,0.998009,0.374069,-0.107492,0.962484
562,2.341667,0.120364,-0.040359,0.057396,-0.990247,0.600767,-0.045717,0.040335,-0.052893,-0.511159,0.079112,-0.854201,-0.007176,-0.201595,0.163716,-0.006385,0.059811,0.002899,0.998185,0.381183,-0.107247,0.959987
563,2.345833,0.121588,-0.035822,0.052259,-0.990556,0.600245,-0.045481,0.039172,-0.046618,-0.514787,0.083202,-0.851997,0.000620,-0.203771,0.166792,-0.006414,0.057169,0.004212,0.998335,0.388357,-0.106988,0.957443
564,2.350000,0.127553,-0.029993,0.047437,-0.990243,0.599657,-0.045583,0.038281,-0.040515,-0.518315,0.087537,-0.849733,0.008924,-0.206013,0.169884,-0.006713,0.055305,0.005498,0.998432,0.395275,-0.106770,0.954741
565,2.354167,0.130324,-0.025873,0.044096,-0.990152,0.598899,-0.046062,0.037338,-0.037081,-0.520713,0.092902,-0.847852,0.017273,-0.208224,0.172741,-0.006968,0.053539,0.006740,0.998519,0.402227,-0.106479,0.951936
566,2.358333,0.125260,-0.021475,0.043503,-0.990937,0.598405,-0.047105,0.036314,-0.030687,-0.524218,0.096366,-0.845557,0.026242,-0.210311,0.175618,-0.006948,0.052105,0.007844,0.998587,0.409079,-0.106254,0.949118
567,2.362500,0.114228,-0.018699,0.046004,-0.992213,0.598387,-0.048338,0.035442,-0.026685,-0.526510,0.100009,-0.843845,0.035302,-0.212346,0.178134,-0.006986,0.050060,0.009062,0.998681,0.415850,-0.105940,0.946059
568,2.366667,0.104743,-0.018525,0.048013,-0.993167,0.598632,-0.049523,0.034487,-0.021484,-0.529217,0.102224,-0.842032,0.044828,-0.214300,0.180372,-0.006479,0.047124,0.010122,0.998817,0.422519,-0.105591,0.942869
569,2.370833,0.098349,-0.017748,0.047051,-0.993881,0.599142,-0.050362,0.033767,-0.016972,-0.531250,0.103343,-0.840717,0.054750,-0.216157,0.182409,-0.004179,0.043454,0.009836,0.998998,0.429240,-0.105326,0.939687
570,2.375000,0.091896,-0.016710,0.043880,-0.994661,0.599454,-0.050555,0.033239,-0.012994,-0.532946,0.103340,-0.839715,0.065045,-0.217998,0.184246,-0.003161,0.040716,0.010567,0.999110,0.435678,-0.105048,0.936308
571,2.379167,0.084713,-0.015965,0.039657,-0.995488,0.599597,-0.050706,0.032629,-0.006002,-0.531778,0.100629,-0.840862,0.076083,-0.219585,0.186331,-0.004121,0.038437,0.011897,0.999182,0.442037,-0.105010,0.932796
572,2.383333,0.077561,-0.014300,0.036660,-0.996211,0.599624,-0.051182,0.032067,0.005075,-0.533521,0.095755,-0.840334,0.087206,-0.221524,0.188124,-0.002420,0.034665,0.012660,0.999316,0.448458,-0.104657,0.929359
573,2.387500,0.070698,-0.013072,0.035466,-0.996781,0.599559,-0.051965,0.031459,0.003113,-0.533032,0.095098,-0.840728,0.098440,-0.222944,0.188950,-0.001905,0.033427,0.014204,0.999339,0.454711,-0.104333,0.925839
574,2.391667,0.065694,-0.012369,0.035718,-0.997124,0.599472,-0.052880,0.030990,0.003281,-0.533779,0.093117,-0.840475,0.109903,-0.224360,0.189730,-0.000985,0.031191,0.015796,0.999388,0.460708,-0.104124,0.922276
575,2.395833,0.060030,-0.011786,0.036091,-0.997474,0.599312,-0.053609,0.030599,0.002191,-0.531057,0.092758,-0.842241,0.121976,-0.226126,0.190526,0.000981,0.028739,0.017211,0.999438,0.466603,-0.104004,0.918713
576,2.400000,0.055512,-0.011367,0.036060,-0.997742,0.599041,-0.054059,0.030214,0.008604,-0.527146,0.089195,-0.845037,0.134683,-0.227999,0.191452,0.002359,0.027662,0.018927,0.999435,0.472587,-0.103872,0.915219
577,2.404167,0.050135,-0.010756,0.034768,-0.998079,0.598779,-0.054150,0.029748,0.010378,-0.525940,0.085669,-0.846132,0.147182,-0.229457,0.191698,0.007690,0.026736,0.018259,0.999446,0.479003,-0.103385,0.912091
578,2.408333,0.046521,-0.009464,0.034282,-0.998284,0.598543,-0.054224,0.029331,0.009887,-0.523979,0.082936,-0.847626,0.159888,-0.230816,0.191613,0.014849,0.018987,0.019251,0.999524,0.484580,-0.103119,0.910104
579,2.412500,0.043428,-0.008302,0.033951,-0.998445,0.598366,-0.054345,0.028989,0.012531,-0.523687,0.077479,-0.848288,0.172739,-0.231915,0.191344,0.018552,0.017899,0.020508,0.999457,0.490247,-0.102983,0.907008
580,2.416667,0.040641,-0.008486,0.034183,-0.998553,0.598202,-0.054682,0.028716,0.013364,-0.523508,0.072669,-0.848811,0.185676,-0.232946,0.190607,0.021107,0.016536,0.023393,0.999367,0.496170,-0.102865,0.904510
581,2.420833,0.037921,-0.008976,0.034375,-0.998649,0.598183,-0.055114,0.028611,0.014818,-0.522819,0.067892,-0.849607,0.199001,-0.233913,0.189640,0.024599,0.018227,0.025272,0.999212,0.502097,-0.102873,0.901765
582,2.425000,0.035643,-0.009669,0.034234,-0.998731,0.598178,-0.055497,0.028572,0.011943,-0.518805,0.066764,-0.852198,0.212652,-0.235211,0.188791,0.026374,0.021457,0.027828,0.999034,0.507916,-0.102837,0.899195
583,2.429167,0.032718,-0.010513,0.033288,-0.998855,0.598103,-0.055540,0.028615,0.009633,-0.515627,0.064804,-0.854305,0.226500,-0.236327,0.187535,0.028549,0.024296,0.030217,0.998840,0.513904,-0.103468,0.896834
584,2.433333,0.031397,-0.011003,0.032335,-0.998923,0.598065,-0.055485,0.028639,0.007528,-0.512168,0.062793,-0.856554,0.240578,-0.237439,0.186046,0.027948,0.032692,0.031722,0.998571,0.519792,-0.103267,0.893277
585,2.437500,0.030477,-0.011106,0.031237,-0.998986,0.598115,-0.055376,0.028539,0.006410,-0.508333,0.060398,-0.859016,0.254856,-0.238446,0.184378,0.027485,0.035836,0.034198,0.998394,0.525196,-0.103234,0.890997
586,2.441667,0.030245,-0.011057,0.031215,-0.998994,0.598160,-0.055267,0.028438,0.005044,-0.503340,0.058437,-0.862095,0.269453,-0.239455,0.182510,0.025107,0.038837,0.036208,0.998274,0.530667,-0.103219,0.888605
587,2.445833,0.030750,-0.011271,0.031663,-0.998962,0.598196,-0.055346,0.028357,0.003211,-0.498276,0.056764,-0.865152,0.284156,-0.240459,0.180389,0.025165,0.042403,0.037521,0.998079,0.536166,-0.103406,0.886433
588,2.450000,0.030865,-0.011384,0.032084,-0.998944,0.598201,-0.055452,0.028344,0.003332,-0.490840,0.056164,-0.869431,0.299527,-0.241725,0.178522,0.022011,0.046165,0.039042,0.997928,0.541450,-0.103488,0.883968
589,2.454167,0.031141,-0.011833,0.032133,-0.998928,0.598075,-0.055497,0.028400,0.002641,-0.482769,0.055825,-0.873963,0.315039,-0.242913,0.176313,0.008231,0.046326,0.041881,0.998014,0.546576,-0.103143,0.880679
590,2.458333,0.030976,-0.012260,0.031390,-0.998952,0.597964,-0.055442,0.028422,0.002734,-0.476256,0.054828,-0.877591,0.330383,-0.243833,0.173782,0.006108,0.048824,0.042844,0.997869,0.551932,-0.103477,0.878946
591,2.462500,0.031092,-0.012750,0.030655,-0.998965,0.597865,-0.055336,0.028433,0.003289,-0.468926,0.053729,-0.881596,0.345874,-0.244717,0.171061,0.004961,0.050542,0.043326,0.997769,0.557342,-0.103869,0.877645
592,2.466667,0.030008,-0.013457,0.029458,-0.999025,0.597937,-0.055275,0.028435,0.005246,-0.461244,0.052664,-0.885694,0.361642,-0.245597,0.168148,0.003221,0.050906,0.044126,0.997723,0.562931,-0.104018,0.876753
593,2.470833,0.028351,-0.013584,0.028572,-0.999097,0.598094,-0.055284,0.028369,0.005961,-0.453845,0.052595,-0.889507,0.377440,-0.246419,0.165067,0.001230,0.051014,0.044569,0.997702,0.568565,-0.104346,0.875785
594,2.475000,0.032330,-0.013583,0.028346,-0.998983,0.598076,-0.055475,0.028508,0.007840,-0.446530,0.052328,-0.893203,0.393425,-0.247035,0.161829,0.001977,0.052189,0.044630,0.997638,0.574082,-0.104295,0.875060
595,2.479167,0.030156,-0.014045,0.027564,-0.999066,0.598019,-0.055481,0.028426,0.008974,-0.435936,0.053998,-0.898311,0.409773,-0.248011,0.158733,0.001385,0.051177,0.045296,0.997661,0.579844,-0.104265,0.874731
596,2.483333,0.031038,-0.015157,0.026866,-0.999042,0.597839,-0.055541,0.028568,0.009552,-0.425126,0.056153,-0.903340,0.426221,-0.248954,0.155360,0.000969,0.050950,0.044798,0.997696,0.585877,-0.104628,0.874522
597,2.487500,0.031035,-0.015778,0.026025,-0.999055,0.597745,-0.055612,0.028600,0.009234,-0.415248,0.058120,-0.907803,0.442743,-0.249868,0.151769,-0.002008,0.048951,0.046583,0.997712,0.592007,-0.104727,0.874933
598,2.491667,0.031328,-0.016302,0.025485,-0.999051,0.597683,-0.055723,0.028647,0.012503,-0.404466,0.059310,-0.912542,0.459087,-0.250390,0.148358,-0.002614,0.047496,0.047647,0.997731,0.598116,-0.104788,0.875454
599,2.495833,0.031745,-0.016750,0.025081,-0.999041,0.597678,-0.055824,0.028720,0.013988,-0.394406,0.060759,-0.916819,0.475977,-0.250497,0.144723,-0.002833,0.046444,0.048512,0.997738,0.604178,-0.104912,0.875970
600,2.500000,0.031907,-0.017255,0.024554,-0.999040,0.597671,-0.055921,0.028772,0.014025,-0.382885,0.063545,-0.921501,0.492986,-0.251252,0.140991,-0.002445,0.045146,0.048921,0.997779,0.610249,-0.104984,0.876794
601,2.504167,0.031442,-0.017726,0.023560,-0.999071,0.597652,-0.055980,0.028828,0.013844,-0.371515,0.066340,-0.925950,0.510153,-0.251836,0.137384,0.013964,0.037555,0.050404,0.997925,0.616990,-0.104071,0.880959
602,2.508333,0.031877,-0.018357,0.022281,-0.999075,0.597616,-0.056034,0.029002,0.014900,-0.359314,0.068566,-0.930575,0.527408,-0.252452,0.133734,0.031270,0.041347,0.048704,0.997467,0.623574,-0.104051,0.884252
603,2.512500,0.031447,-0.020041,0.021657,-0.999070,0.597459,-0.056235,0.029073,0.031649,-0.347704,0.064095,-0.934875,0.544952,-0.253231,0.130271,0.032186,0.039471,0.049419,0.997479,0.629024,-0.103655,0.885595
604,2.516667,0.031639,-0.020992,0.020775,-0.999063,0.597335,-0.056504,0.029197,0.042898,-0.331019,0.060712,-0.940692,0.563440,-0.253927,0.127419,0.027114,0.020803,0.053320,0.997993,0.635678,-0.102817,0.891004
605,2.520833,0.032689,-0.022338,0.020387,-0.999008,0.597242,-0.056766,0.029412,0.030878,-0.318672,0.067589,-0.944948,0.580739,-0.254130,0.123716,0.026147,0.016629,0.054358,0.998041,0.641841,-0.102838,0.893175
606,2.525000,0.033440,-0.024230,0.019843,-0.998950,0.597198,-0.057016,0.029626,0.034196,-0.302194,0.069054,-0.950127,0.598920,-0.254934,0.119882,0.018952,0.024966,0.051852,0.998163,0.649603,-0.104508,0.892224
607,2.529167,0.034898,-0.025586,0.018695,-0.998888,0.597072,-0.057276,0.029926,0.029316,-0.290984,0.073379,-0.953459,0.616567,-0.255826,0.116444,0.018954,0.023693,0.051635,0.998205,0.655968,-0.104696,0.893984
608,2.533333,0.035618,-0.027462,0.017347,-0.998838,0.596971,-0.057517,0.030198,0.028989,-0.277938,0.075503,-0.957188,0.634302,-0.256445,0.112983,0.017957,0.022605,0.051949,0.998232,0.662428,-0.104706,0.896056
609,2.537500,0.036559,-0.030021,0.016003,-0.998752,0.596905,-0.057679,0.030676,0.029677,-0.261003,0.076241,-0.961865,0.652508,-0.256714,0.109707,0.015733,0.024647,0.051996,0.998219,0.668998,-0.104819,0.897536
610,2.541667,0.037946,-0.033266,0.014906,-0.998615,0.596819,-0.057938,0.031140,0.025159,-0.246997,0.080171,-0.965366,0.670729,-0.257125,0.106540,0.013002,0.024702,0.052648,0.998223,0.675854,-0.105053,0.899577
611,2.545833,0.039254,-0.036621,0.013809,-0.998463,0.596792,-0.058257,0.031664,0.022270,-0.233553,0.083906,-0.968461,0.689012,-0.257378,0.103484,0.014775,0.025285,0.052850,0.998173,0.682664,-0.105144,0.901695
612,2.550000,0.042349,-0.040454,0.012670,-0.998203,0.596758,-0.058538,0.032474,0.022424,-0.220566,0.086858,-0.971238,0.707130,-0.257801,0.100513,0.013024,0.031370,0.052138,0.998062,0.689063,-0.105314,0.902347
613,2.554167,0.045675,-0.044582,0.011669,-0.997893,0.596774,-0.058833,0.033446,0.018735,-0.207046,0.090358,-0.973969,0.725387,-0.258029,0.097658,0.004772,0.035998,0.052747,0.997948,0.695629,-0.105807,0.903545
614,2.558333,0.048228,-0.049270,0.010135,-0.997569,0.596796,-0.059137,0.034377,0.016578,-0.195957,0.094191,-0.975938,0.743581,-0.258298,0.094763,0.006306,0.037644,0.051568,0.997940,0.701775,-0.106313,0.905984
615,2.562500,0.047392,-0.053153,0.007070,-0.997436,0.597104,-0.059440,0.035015,0.016331,-0.182163,0.095639,-0.978470,0.761771,-0.258663,0.091885,0.014674,0.039937,0.048481,0.997918,0.707068,-0.106735,0.907977
616,2.566667,0.049268,-0.057861,0.004792,-0.997097,0.597262,-0.059741,0.035896,0.014076,-0.169200,0.097911,-0.980605,0.780234,-0.258739,0.089408,0.012740,0.042874,0.048010,0.997845,0.713864,-0.106825,0.910009
617,2.570833,0.049884,-0.062895,0.002626,-0.996769,0.597456,-0.060080,0.036796,0.015519,-0.157651,0.099081,-0.982389,0.798261,-0.259184,0.086569,0.020278,0.050002,0.046401,0.997465,0.720220,-0.107513,0.911428
618,2.575000,0.051837,-0.070147,0.002698,-0.996185,0.597735,-0.060391,0.037993,0.013923,-0.147360,0.101500,-0.983763,0.816675,-0.259312,0.084212,0.019296,0.051850,0.045723,0.997421,0.726699,-0.107924,0.913865
619,2.579167,0.047118,-0.075158,0.004651,-0.996047,0.597650,-0.061000,0.038928,0.011964,-0.136194,0.102890,-0.985252,0.835060,-0.259403,0.081898,0.019971,0.053944,0.044850,0.997336,0.733060,-0.108278,0.916211
620,2.583333,0.049263,-0.084596,0.002016,-0.995195,0.598042,-0.061100,0.039931,0.010031,-0.125635,0.104171,-0.986541,0.853326,-0.259463,0.079567,0.018263,0.054941,0.044463,0.997332,0.739627,-0.108707,0.918836
621,2.587500,0.053882,-0.094108,0.000435,-0.994103,0.598377,-0.061261,0.041260,0.006940,-0.114960,0.104637,-0.987819,0.871627,-0.259458,0.077505,0.015091,0.054371,0.044916,0.997396,0.746639,-0.109074,0.921904
622,2.591667,0.057265,-0.104436,-0.001058,-0.992881,0.598876,-0.061351,0.042460,0.004076,-0.105173,0.104857,-0.988902,0.889849,-0.259360,0.075496,0.013371,0.056053,0.044608,0.997341,0.753312,-0.109504,0.924450
623,2.595833,0.061545,-0.116010,-0.002014,-0.991337,0.599409,-0.061406,0.043736,0.000225,-0.095738,0.104648,-0.989891,0.908006,-0.259182,0.073662,0.011463,0.055776,0.044180,0.997400,0.760087,-0.110281,0.927465
624,2.600000,0.065759,-0.126238,-0.003268,-0.989813,0.600010,-0.061489,0.045087,-0.003979,-0.086981,0.103733,-0.990787,0.926095,-0.258952,0.071999,0.010260,0.056040,0.043670,0.997420,0.767135,-0.110955,0.930397
625,2.604167,0.073698,-0.138112,-0.005124,-0.987658,0.600914,-0.061497,0.046596,-0.008617,-0.078705,0.102269,-0.991601,0.944055,-0.258582,0.070524,0.013633,0.059536,0.039242,0.997361,0.773621,-0.111933,0.932888
626,2.608333,0.079618,-0.148840,-0.006796,-0.985627,0.601887,-0.061509,0.048229,-0.013966,-0.070935,0.099878,-0.992370,0.961862,-0.258135,0.069180,0.013787,0.058451,0.039001,0.997433,0.780677,-0.112407,0.936378
627,2.612500,0.086133,-0.159301,-0.008249,-0.983431,0.603027,-0.061579,0.050012,-0.019617,-0.063950,0.097011,-0.993033,0.979483,-0.257556,0.068019,0.013647,0.058287,0.038296,0.997472,0.787656,-0.112968,0.939729
628,2.616667,0.088983,-0.170642,-0.009273,-0.981263,0.604094,-0.061540,0.051633,-0.025394,-0.058837,0.093811,-0.993525,0.996871,-0.256944,0.067046,0.009621,0.057733,0.038416,0.997546,0.795562,-0.114014,0.942803
629,2.620833,0.089763,-0.182708,-0.010126,-0.979009,0.604949,-0.061259,0.053057,-0.031803,-0.053474,0.090001,-0.993997,1.014014,-0.256181,0.066234,0.009226,0.057265,0.037853,0.997598,0.802879,-0.114767,0.945917
630,2.625000,0.092248,-0.193422,-0.011154,-0.976706,0.606197,-0.061150,0.054834,-0.038003,-0.049786,0.085954,-0.994328,1.030864,-0.255354,0.065583,0.008642,0.057325,0.037304,0.997621,0.810168,-0.115489,0.949009
631,2.629167,0.095288,-0.205018,-0.012146,-0.974033,0.607538,-0.061040,0.056546,-0.043835,-0.047794,0.081461,-0.994564,1.047362,-0.254496,0.064966,0.007883,0.057174,0.036795,0.997655,0.817599,-0.116195,0.952043
632,2.633333,0.098245,-0.217356,-0.013521,-0.971041,0.608956,-0.060926,0.058232,-0.051057,-0.044931,0.076844,-0.994721,1.063548,-0.253525,0.064585,0.007803,0.056925,0.036247,0.997690,0.824985,-0.116837,0.954996
633,2.637500,0.100033,-0.228161,-0.014614,-0.968361,0.610556,-0.060809,0.060123,-0.058683,-0.043351,0.072397,-0.994704,1.079351,-0.252464,0.064349,0.007761,0.056201,0.035668,0.997752,0.832492,-0.117571,0.957859
634,2.641667,0.102556,-0.239418,-0.016218,-0.965349,0.612167,-0.060628,0.061879,-0.066815,-0.041798,0.067475,-0.994603,1.094779,-0.251386,0.064190,0.007661,0.056379,0.034993,0.997767,0.839925,-0.118271,0.960630
635,2.645833,0.104617,-0.250948,-0.017697,-0.962168,0.613938,-0.060399,0.063690,-0.075692,-0.040489,0.062514,-0.994346,1.109804,-0.250138,0.064202,0.006596,0.056786,0.034759,0.997759,0.847457,-0.118833,0.963416
636,2.650000,0.107470,-0.262585,-0.019637,-0.958704,0.615723,-0.060191,0.065437,-0.085756,-0.039011,0.057631,-0.993883,1.124449,-0.248822,0.064316,0.006487,0.056225,0.034377,0.997805,0.855006,-0.119475,0.966157
637,2.654167,0.110364,-0.273770,-0.021512,-0.955200,0.617564,-0.059943,0.067179,-0.095193,-0.039129,0.052996,-0.993277,1.138582,-0.247553,0.064548,0.006406,0.056047,0.033614,0.997842,0.862468,-0.120109,0.968728
638,2.658333,0.111699,-0.285367,-0.023200,-0.951604,0.619403,-0.059669,0.068845,-0.105779,-0.037921,0.048333,-0.992490,1.152326,-0.246066,0.064878,0.006350,0.055638,0.033305,0.997875,0.870050,-0.120686,0.971209
639,2.662500,0.111872,-0.296677,-0.024836,-0.948077,0.621279,-0.059375,0.070511,-0.116057,-0.038236,0.043885,-0.991536,1.165584,-0.244605,0.065271,0.006469,0.055006,0.033031,0.997919,0.877755,-0.121294,0.973474
640,2.666667,0.111857,-0.308341,-0.025891,-0.944322,0.623154,-0.059112,0.072101,-0.126638,-0.037774,0.039594,-0.990438,1.178414,-0.243103,0.065752,0.006185,0.053823,0.033406,0.997972,0.885672,-0.121827,0.975701
641,2.670833,0.112432,-0.319433,-0.027487,-0.940514,0.625120,-0.058829,0.073713,-0.135928,-0.037745,0.035361,-0.989368,1.190760,-0.241643,0.066348,0.006336,0.052205,0.034036,0.998036,0.893590,-0.122219,0.977816
642,2.675000,0.115273,-0.329422,-0.029851,-0.936644,0.627369,-0.058555,0.075634,-0.145576,-0.037123,0.031738,-0.988141,1.202686,-0.240123,0.067023,0.002029,0.046178,0.037881,0.998213,0.902723,-0.122297,0.980560
643,2.679167,0.119864,-0.337511,-0.033307,-0.933065,0.630026,-0.058310,0.078074,-0.158365,-0.034372,0.029549,-0.986340,1.214072,-0.238689,0.067299,0.002719,0.046174,0.037326,0.998232,0.910354,-0.122894,0.982198
644,2.683333,0.121056,-0.346710,-0.034576,-0.929485,0.632323,-0.058135,0.080269,-0.168004,-0.034161,0.027397,-0.984813,1.224854,-0.237233,0.067828,0.003440,0.046072,0.036583,0.998262,0.917960,-0.123514,0.983678
645,2.687500,0.121918,-0.356066,-0.035460,-0.925795,0.634525,-0.057949,0.082518,-0.175683,-0.033969,0.025599,-0.983528,1.235114,-0.235930,0.068354,0.001641,0.044936,0.036454,0.998323,0.925747,-0.124175,0.985168
646,2.691667,0.122720,-0.365348,-0.036338,-0.922030,0.636783,-0.057879,0.084848,-0.183917,-0.033705,0.024295,-0.982063,1.244851,-0.234661,0.068724,0.004071,0.044185,0.035008,0.998402,0.933224,-0.124422,0.985992
647,2.695833,0.123626,-0.375330,-0.036861,-0.917870,0.638907,-0.057867,0.087282,-0.189828,-0.033249,0.023445,-0.980974,1.254109,-0.233507,0.069120,0.006196,0.045908,0.034051,0.998346,0.940624,-0.125198,0.986706
648,2.700000,0.123884,-0.384104,-0.037875,-0.914157,0.641237,-0.057781,0.089696,-0.194377,-0.032767,0.023615,-0.980095,1.262775,-0.232504,0.069358,0.004870,0.043519,0.033433,0.998481,0.948444,-0.125668,0.988157
649,2.704167,0.125272,-0.393939,-0.039614,-0.909697,0.643494,-0.057802,0.092080,-0.197075,-0.032818,0.023889,-0.979548,1.270909,-0.231468,0.069436,0.000864,0.043823,0.032949,0.998496,0.955826,-0.126839,0.989132
650,2.708333,0.126637,-0.402825,-0.041630,-0.905517,0.645995,-0.057815,0.094546,-0.197917,-0.033143,0.024825,-0.979344,1.278579,-0.230559,0.069402,-0.001132,0.045533,0.031486,0.998466,0.963087,-0.127835,0.989810
651,2.712500,0.126246,-0.412101,-0.042808,-0.901333,0.648501,-0.057815,0.096977,-0.197096,-0.033139,0.026138,-0.979475,1.285813,-0.229722,0.069279,-0.000351,0.044496,0.029997,0.998559,0.970550,-0.128666,0.990414
652,2.716667,0.126867,-0.420959,-0.044379,-0.897067,0.651162,-0.057808,0.099496,-0.194984,-0.034629,0.028528,-0.979780,1.292500,-0.229033,0.068842,0.005105,0.042563,0.028337,0.998679,0.978387,-0.128938,0.990330
653,2.720833,0.126161,-0.429432,-0.045204,-0.893100,0.653991,-0.057809,0.101986,-0.193600,-0.035776,0.031857,-0.979910,1.298756,-0.228395,0.068028,0.005520,0.042599,0.027319,0.998703,0.985871,-0.129673,0.990420
654,2.725000,0.124924,-0.437526,-0.045384,-0.889329,0.657028,-0.057786,0.104527,-0.193112,-0.037283,0.036458,-0.979790,1.304641,-0.227829,0.066889,0.003739,0.042339,0.026441,0.998746,0.993376,-0.130672,0.990305
655,2.729167,0.124732,-0.445232,-0.046084,-0.885487,0.660333,-0.057749,0.107182,-0.192420,-0.039491,0.041645,-0.979633,1.310001,-0.227354,0.065458,0.003562,0.042005,0.026030,0.998772,1.000711,-0.131568,0.990082
656,2.733333,0.123260,-0.454360,-0.045532,-0.881074,0.663580,-0.057841,0.109758,-0.193096,-0.042178,0.047305,-0.979131,1.314931,-0.226838,0.063779,0.007719,0.040182,0.024834,0.998854,1.008660,-0.131678,0.989508
657,2.737500,0.122946,-0.463002,-0.045842,-0.876591,0.667112,-0.057822,0.112287,-0.194679,-0.045076,0.052790,-0.978408,1.319500,-0.226261,0.061828,0.006285,0.040351,0.023933,0.998879,1.015964,-0.132638,0.988703
658,2.741667,0.122853,-0.471648,-0.046131,-0.871968,0.670613,-0.057836,0.114735,-0.197573,-0.048164,0.058608,-0.977349,1.323703,-0.225631,0.059755,0.008481,0.039986,0.022869,0.998903,1.023479,-0.133049,0.987856
659,2.745833,0.123561,-0.479734,-0.047045,-0.867395,0.674275,-0.057775,0.117161,-0.198839,-0.052731,0.064119,-0.976510,1.327446,-0.224979,0.057450,0.007093,0.039892,0.022081,0.998935,1.030742,-0.133892,0.986775
660,2.750000,0.123090,-0.487129,-0.047939,-0.863282,0.677984,-0.057672,0.119480,-0.201340,-0.058551,0.068980,-0.975334,1.330812,-0.223862,0.054902,0.010198,0.037646,0.021218,0.999014,1.038468,-0.134253,0.985645
661,2.754167,0.123800,-0.494022,-0.050024,-0.859135,0.682116,-0.057489,0.121830,-0.196534,-0.063737,0.072828,-0.975709,1.334034,-0.223010,0.052578,0.010478,0.036706,0.020332,0.999064,1.045804,-0.134866,0.984433
662,2.758333,0.122209,-0.501630,-0.050060,-0.854942,0.686120,-0.057318,0.124219,-0.183614,-0.063774,0.073807,-0.978147,1.337236,-0.222101,0.050830,0.007860,0.037412,0.019250,0.999084,1.052917,-0.135803,0.982848
663,2.762500,0.119754,-0.508287,-0.050129,-0.851346,0.690450,-0.057037,0.126542,-0.164792,-0.061261,0.072123,-0.981779,1.340154,-0.221132,0.049309,0.006218,0.036495,0.018541,0.999143,1.060038,-0.136694,0.980882
664,2.766667,0.118747,-0.513922,-0.051971,-0.847987,0.695220,-0.056666,0.128830,-0.150193,-0.053891,0.070428,-0.984671,1.342779,-0.220004,0.047951,0.004718,0.036165,0.017620,0.999179,1.067030,-0.137494,0.979034
665,2.770833,0.115318,-0.518252,-0.054300,-0.845676,0.700022,-0.056078,0.131233,-0.135676,-0.048319,0.068938,-0.987170,1.344649,-0.218500,0.046465,0.001602,0.036781,0.015315,0.999205,1.073579,-0.138294,0.977593
666,2.775000,0.111869,-0.521799,-0.058765,-0.843657,0.705081,-0.055317,0.133618,-0.125148,-0.041034,0.069280,-0.988865,1.346103,-0.217320,0.045005,0.001154,0.036354,0.013463,0.999248,1.080539,-0.139027,0.975484
667,2.779167,0.108964,-0.523548,-0.064382,-0.842544,0.710556,-0.054380,0.136079,-0.115668,-0.037495,0.071249,-0.990020,1.347146,-0.216586,0.042880,0.000166,0.034210,0.012838,0.999332,1.087799,-0.139753,0.973324
668,2.783333,0.105643,-0.524013,-0.069747,-0.842250,0.716366,-0.053391,0.138534,-0.109875,-0.036903,0.074213,-0.990484,1.347937,-0.216080,0.040340,0.000363,0.032784,0.011478,0.999397,1.094787,-0.140380,0.970806
669,2.787500,0.101260,-0.524185,-0.074272,-0.842295,0.722463,-0.052370,0.140963,-0.103517,-0.034563,0.077512,-0.991000,1.348629,-0.215686,0.038383,0.000545,0.031394,0.010645,0.999450,1.101758,-0.141025,0.968090
670,2.791667,0.096895,-0.523945,-0.078808,-0.842545,0.728903,-0.051216,0.143409,-0.097171,-0.026464,0.079663,-0.991722,1.349227,-0.214928,0.037478,0.001125,0.029724,0.010178,0.999506,1.108672,-0.141613,0.965113
671,2.795833,0.089524,-0.524247,-0.080901,-0.842974,0.735129,-0.050140,0.145742,-0.087528,-0.019993,0.079136,-0.992813,1.349637,-0.213986,0.036588,0.005873,0.023514,0.012991,0.999622,1.116661,-0.141518,0.961839
672,2.800000,0.087347,-0.523080,-0.087670,-0.843250,0.742328,-0.048755,0.148009,-0.078958,-0.016646,0.077334,-0.993734,1.349780,-0.213172,0.035812,0.007289,0.022966,0.011343,0.999645,1.123475,-0.141709,0.958944
673,2.804167,0.083375,-0.522230,-0.092024,-0.843716,0.749467,-0.047428,0.150251,-0.065143,-0.016861,0.076428,-0.994802,1.349751,-0.212313,0.034706,0.006590,0.020720,0.010692,0.999706,1.130132,-0.142431,0.955574
674,2.808333,0.075809,-0.521903,-0.093219,-0.844500,0.756415,-0.046248,0.152294,-0.058636,-0.015591,0.077164,-0.995171,1.349733,-0.211685,0.033536,0.006455,0.019265,0.009478,0.999749,1.136671,-0.142984,0.952052
675,2.812500,0.070025,-0.522298,-0.094240,-0.844642,0.763652,-0.045030,0.154323,-0.049771,-0.014595,0.078795,-0.995541,1.349823,-0.210889,0.032112,0.004955,0.017431,0.008516,0.999800,1.143092,-0.143850,0.948398
676,2.816667,0.066053,-0.521818,-0.095301,-0.845139,0.771238,-0.043856,0.156534,-0.042158,-0.011797,0.080707,-0.995776,1.350077,-0.210182,0.031014,0.004112,0.015222,0.007684,0.999846,1.149508,-0.144652,0.944756
677,2.820833,0.060087,-0.521333,-0.095089,-0.845907,0.779047,-0.042689,0.158450,-0.036261,-0.009626,0.082639,-0.995873,1.350541,-0.209507,0.029927,0.003431,0.013646,0.006190,0.999882,1.155690,-0.145410,0.940863
678,2.825000,0.054396,-0.520446,-0.095071,-0.846840,0.787170,-0.041494,0.160375,-0.030845,-0.008567,0.084308,-0.995925,1.350943,-0.208845,0.029076,0.002648,0.011962,0.004753,0.999914,1.161760,-0.146259,0.936942
679,2.829167,0.049991,-0.519117,-0.094685,-0.847970,0.795689,-0.040288,0.162103,-0.023836,-0.008041,0.085262,-0.996041,1.351338,-0.208275,0.028279,0.003433,0.008757,0.002752,0.999952,1.167982,-0.146882,0.932852
680,2.833333,0.045463,-0.517854,-0.093762,-0.849099,0.804585,-0.039183,0.163640,-0.017845,-0.008825,0.086061,-0.996091,1.351724,-0.207764,0.027521,0.002436,0.004677,0.001953,0.999984,1.174097,-0.147745,0.928732
681,2.837500,0.042284,-0.515940,-0.091836,-0.850638,0.813780,-0.038140,0.165193,-0.009198,-0.009384,0.088449,-0.995994,1.351981,-0.207185,0.027046,0.001740,0.004488,-0.000865,0.999988,1.179525,-0.148458,0.924524
682,2.841667,0.039907,-0.513638,-0.089744,-0.852367,0.823309,-0.037126,0.166574,0.000009,-0.011170,0.090407,-0.995842,1.352238,-0.206320,0.026826,0.001012,0.001176,-0.002837,0.999995,1.185249,-0.149196,0.920449
683,2.845833,0.036906,-0.511327,-0.087779,-0.854095,0.833186,-0.036078,0.167627,0.008226,-0.012985,0.092082,-0.995633,1.352456,-0.205555,0.026803,-0.000790,-0.001267,-0.004932,0.999987,1.190520,-0.149935,0.916459
684,2.850000,0.035164,-0.508782,-0.085438,-0.855923,0.843320,-0.035114,0.168551,0.012780,-0.014811,0.093277,-0.995448,1.352635,-0.204907,0.026794,-0.002546,-0.003805,-0.006794,0.999967,1.195792,-0.150754,0.912484
685,2.854167,0.033994,-0.505666,-0.082086,-0.858142,0.853661,-0.034259,0.169568,0.015587,-0.016733,0.094409,-0.995271,1.352770,-0.204667,0.026826,-0.005706,-0.004385,-0.010215,0.999922,1.200729,-0.151444,0.908577
686,2.858333,0.033361,-0.502247,-0.078966,-0.860465,0.864230,-0.033340,0.170222,0.017031,-0.018582,0.095293,-0.995130,1.352907,-0.204575,0.026980,-0.006070,-0.005052,-0.010639,0.999912,1.206287,-0.152088,0.904982
687,2.862500,0.032729,-0.499429,-0.075169,-0.862467,0.875081,-0.032567,0.170641,0.017524,-0.019916,0.095714,-0.995055,1.353096,-0.204523,0.027103,-0.007348,-0.004725,-0.013427,0.999872,1.211636,-0.152451,0.902248
688,2.866667,0.032739,-0.495455,-0.071287,-0.865084,0.886073,-0.031828,0.170999,0.017278,-0.020368,0.095921,-0.995031,1.353322,-0.204408,0.027128,-0.010817,-0.003788,-0.015135,0.999820,1.217047,-0.152799,0.899291
689,2.870833,0.032931,-0.492908,-0.067180,-0.866859,0.897354,-0.031097,0.170770,0.018788,-0.020721,0.096343,-0.994955,1.353456,-0.204341,0.027070,-0.013609,-0.000851,-0.017046,0.999762,1.222559,-0.152985,0.897057
690,2.875000,0.034237,-0.489475,-0.063284,-0.869044,0.908768,-0.030451,0.170508,0.019141,-0.021427,0.096642,-0.994904,1.353441,-0.204399,0.027159,-0.016443,0.001547,-0.019642,0.999671,1.227748,-0.153315,0.894742
691,2.879167,0.034441,-0.485683,-0.060181,-0.871380,0.920558,-0.029707,0.169923,0.018072,-0.022316,0.096713,-0.994898,1.353373,-0.204473,0.027332,-0.017794,0.003562,-0.021895,0.999596,1.232943,-0.153452,0.893138
692,2.883333,0.034816,-0.481469,-0.056436,-0.873951,0.932515,-0.029104,0.169293,0.016777,-0.023319,0.096631,-0.994906,1.353349,-0.204568,0.027507,-0.016198,0.006383,-0.023960,0.999561,1.238214,-0.153477,0.891350
693,2.887500,0.035496,-0.476384,-0.052926,-0.876925,0.944619,-0.028560,0.168592,0.016574,-0.024362,0.096801,-0.994868,1.353402,-0.204621,0.027640,-0.014721,0.009656,-0.027450,0.999468,1.243095,-0.153736,0.889632
694,2.891667,0.036365,-0.471603,-0.049622,-0.879663,0.956960,-0.028053,0.167640,0.017075,-0.025364,0.097178,-0.994797,1.353497,-0.204647,0.027722,-0.010488,0.011202,-0.028985,0.999462,1.248304,-0.153844,0.888188
695,2.895833,0.037001,-0.465657,-0.046906,-0.882946,0.969519,-0.027495,0.166488,0.017241,-0.026123,0.097707,-0.994723,1.353575,-0.204668,0.027756,-0.011328,0.013338,-0.030079,0.999394,1.253471,-0.154227,0.886920
696,2.900000,0.037984,-0.459972,-0.044488,-0.886004,0.982286,-0.027017,0.165111,0.016803,-0.026823,0.098312,-0.994652,1.353582,-0.204664,0.027872,-0.010472,0.014063,-0.030802,0.999372,1.258614,-0.154409,0.885740
697,2.904167,0.039180,-0.453136,-0.041706,-0.889603,0.995085,-0.026740,0.163584,0.016201,-0.027593,0.099065,-0.994566,1.353575,-0.204589,0.028025,-0.008309,0.017049,-0.030821,0.999345,1.263810,-0.154432,0.884540
698,2.908333,0.040096,-0.446311,-0.039355,-0.893112,1.008150,-0.026340,0.161928,0.016476,-0.028542,0.100104,-0.994431,1.353603,-0.204412,0.028085,-0.013007,0.012675,-0.029765,0.999392,1.269255,-0.154760,0.885382
699,2.912500,0.040870,-0.439034,-0.037293,-0.896765,1.021342,-0.026048,0.160091,0.016917,-0.029391,0.101435,-0.994264,1.353700,-0.204204,0.028167,-0.005923,0.015262,-0.032100,0.999351,1.273920,-0.154991,0.883287
700,2.916667,0.041352,-0.431774,-0.035358,-0.900339,1.034626,-0.025772,0.158035,0.017735,-0.030544,0.102850,-0.994070,1.353804,-0.204049,0.028233,-0.015058,0.009797,-0.031114,0.999354,1.279183,-0.156278,0.883976
701,2.920833,0.041427,-0.424608,-0.032874,-0.903831,1.048052,-0.025510,0.155844,0.017569,-0.031385,0.104221,-0.993904,1.353848,-0.203892,0.028306,-0.010869,0.011286,-0.032787,0.999340,1.283922,-0.156636,0.882198
702,2.925000,0.040564,-0.416678,-0.031503,-0.907602,1.061586,-0.025265,0.153509,0.017113,-0.032159,0.105421,-0.993760,1.353871,-0.203667,0.028445,-0.012842,0.011032,-0.032839,0.999317,1.289044,-0.157179,0.881464
703,2.929167,0.041573,-0.407040,-0.031579,-0.911917,1.075508,-0.024589,0.151362,0.016854,-0.032759,0.106933,-0.993584,1.353875,-0.203422,0.028534,-0.013842,0.009268,-0.033042,0.999315,1.294227,-0.157435,0.881316
704,2.933333,0.041765,-0.398590,-0.030457,-0.915671,1.088894,-0.024574,0.148984,0.016812,-0.033123,0.108504,-0.993402,1.353933,-0.203178,0.028648,-0.015406,0.003571,-0.033153,0.999325,1.299264,-0.157921,0.882399
705,2.937500,0.037609,-0.389301,-0.026629,-0.919957,1.103053,-0.024518,0.146335,0.017091,-0.034112,0.109885,-0.993212,1.353985,-0.202954,0.028746,-0.014635,0.001725,-0.034252,0.999305,1.304344,-0.158375,0.882856
706,2.941667,0.038457,-0.382450,-0.028846,-0.922725,1.118257,-0.023716,0.142606,0.017706,-0.034290,0.111449,-0.993021,1.354009,-0.202671,0.028670,-0.014911,0.000940,-0.035531,0.999257,1.309216,-0.159012,0.882748
707,2.945833,0.038749,-0.373125,-0.027559,-0.926562,1.132468,-0.023545,0.139907,0.017647,-0.035476,0.112795,-0.992828,1.354022,-0.202450,0.028762,-0.015380,0.000705,-0.036651,0.999210,1.314307,-0.159617,0.883229
708,2.950000,0.039189,-0.363016,-0.026842,-0.930572,1.146962,-0.023243,0.137137,0.017313,-0.036627,0.114068,-0.992647,1.354029,-0.202208,0.028861,-0.015259,-0.000415,-0.038293,0.999150,1.319270,-0.160106,0.883794
709,2.954167,0.039497,-0.352537,-0.024703,-0.934638,1.161290,-0.023052,0.134464,0.016405,-0.037932,0.115224,-0.992480,1.354051,-0.202099,0.029173,-0.018620,-0.003348,-0.041354,0.998966,1.323855,-0.161022,0.884981
710,2.958333,0.041154,-0.337232,-0.022138,-0.940261,1.175589,-0.022999,0.132473,0.015218,-0.038401,0.116440,-0.992338,1.354078,-0.201919,0.029385,-0.018560,-0.004224,-0.043851,0.998857,1.328658,-0.161671,0.885595
711,2.962500,0.039618,-0.327081,-0.016529,-0.944021,1.189681,-0.023454,0.129695,0.012919,-0.038556,0.117517,-0.992238,1.354104,-0.201716,0.029666,-0.017849,-0.003270,-0.045399,0.998804,1.333597,-0.162152,0.886152
712,2.966667,0.035527,-0.317068,-0.013351,-0.947643,1.204512,-0.023489,0.126170,0.012114,-0.039081,0.118830,-0.992071,1.354164,-0.201495,0.029793,-0.017877,-0.002355,-0.047393,0.998714,1.338444,-0.162732,0.886869
713,2.970833,0.031752,-0.306860,-0.012776,-0.951139,1.220341,-0.023340,0.122403,0.010015,-0.039864,0.119628,-0.991968,1.354135,-0.201313,0.030093,-0.017637,-0.001210,-0.049264,0.998629,1.343284,-0.163298,0.887723
714,2.975000,0.030800,-0.294467,-0.012564,-0.955082,1.235963,-0.023300,0.118817,0.008804,-0.041886,0.120149,-0.991833,1.354057,-0.201261,0.030370,-0.015827,-0.006664,-0.053170,0.998438,1.348194,-0.164513,0.889791
715,2.979167,0.033281,-0.281652,-0.010967,-0.958877,1.251409,-0.023243,0.115921,0.010048,-0.041658,0.119738,-0.991880,1.353882,-0.200969,0.030335,-0.016499,-0.003659,-0.054168,0.998389,1.353024,-0.164797,0.890803
716,2.983333,0.035510,-0.268865,-0.009531,-0.962476,1.267000,-0.023184,0.112800,0.008841,-0.043149,0.120229,-0.991769,1.353898,-0.200895,0.030632,-0.019244,-0.003153,-0.056279,0.998225,1.357628,-0.165531,0.892671
717,2.987500,0.035536,-0.254474,-0.007477,-0.966398,1.282571,-0.023242,0.109935,0.006816,-0.045529,0.120195,-0.991682,1.353885,-0.200907,0.031083,-0.019011,-0.001748,-0.058216,0.998122,1.362416,-0.165986,0.893987
718,2.991667,0.037161,-0.242138,-0.004096,-0.969521,1.298185,-0.023585,0.106704,0.004708,-0.047271,0.120414,-0.991587,1.353863,-0.200912,0.031432,-0.018621,-0.000168,-0.059634,0.998047,1.367337,-0.166288,0.895311
719,2.995833,0.039674,-0.230484,-0.000747,-0.972267,1.314106,-0.023928,0.103313,0.003230,-0.049177,0.120569,-0.991481,1.353937,-0.200896,0.031780,-0.017875,-0.000996,-0.061140,0.997969,1.372383,-0.166695,0.897267
720,3.000000,0.041473,-0.220670,-0.000761,-0.974466,1.331311,-0.023636,0.099589,-0.004170,-0.051239,0.121215,-0.991294,1.354119,-0.201065,0.032655,-0.022516,-0.005355,-0.058454,0.998022,1.378638,-0.166704,0.900593
721,3.004167,0.047326,-0.207464,0.001954,-0.977095,1.347506,-0.024279,0.096756,-0.006858,-0.054829,0.120762,-0.991142,1.354226,-0.201200,0.033103,-0.019124,-0.004843,-0.056731,0.998195,1.384377,-0.166183,0.902260
722,3.008333,0.048603,-0.195013,0.006182,-0.979576,1.363556,-0.024854,0.093653,-0.008681,-0.057264,0.120638,-0.991006,1.354282,-0.201239,0.033808,-0.018037,-0.004657,-0.057667,0.998162,1.389604,-0.166385,0.904260
723,3.012500,0.051494,-0.182271,0.009111,-0.981857,1.380016,-0.025549,0.090779,-0.012968,-0.062381,0.120025,-0.990724,1.354408,-0.201428,0.034656,-0.017019,-0.004780,-0.058372,0.998138,1.394879,-0.166533,0.906458
724,3.016667,0.052409,-0.169939,0.012606,-0.983979,1.396310,-0.026071,0.087862,-0.016611,-0.066227,0.119636,-0.990467,1.354526,-0.201589,0.035340,-0.016107,-0.004825,-0.059586,0.998082,1.399978,-0.166611,0.908586
725,3.020833,0.054992,-0.157399,0.015135,-0.985887,1.412900,-0.026797,0.085149,-0.019310,-0.070052,0.119256,-0.990201,1.354712,-0.201761,0.035899,-0.015465,-0.004847,-0.060641,0.998028,1.405090,-0.166729,0.910929
726,3.025000,0.057378,-0.144747,0.017461,-0.987649,1.429476,-0.027541,0.082543,-0.019312,-0.074680,0.119038,-0.989889,1.354872,-0.201975,0.036440,-0.014566,-0.004829,-0.061625,0.997981,1.410172,-0.166811,0.913296
727,3.029167,0.060094,-0.132267,0.019546,-0.989198,1.446147,-0.028312,0.080055,-0.018055,-0.079045,0.118654,-0.989620,1.355199,-0.202195,0.036759,-0.013471,-0.004832,-0.062583,0.997937,1.415069,-0.166747,0.915627
728,3.033333,0.061512,-0.119671,0.021583,-0.990671,1.462808,-0.028973,0.077552,-0.019775,-0.084146,0.117993,-0.989245,1.355479,-0.202554,0.037479,-0.013530,-0.003045,-0.062951,0.997920,1.420255,-0.166978,0.917961
729,3.037500,0.063009,-0.106300,0.023177,-0.992065,1.479480,-0.029633,0.075228,-0.023296,-0.087507,0.117615,-0.988922,1.355815,-0.202951,0.038632,-0.014230,0.000083,-0.063537,0.997878,1.425317,-0.167022,0.919922
730,3.041667,0.065420,-0.094324,0.024306,-0.993092,1.496280,-0.030284,0.073031,-0.025767,-0.092912,0.116775,-0.988467,1.356020,-0.203227,0.039272,-0.013261,-0.000508,-0.063751,0.997878,1.430276,-0.166859,0.922350
731,3.045833,0.067428,-0.082407,0.025484,-0.993988,1.513085,-0.030963,0.070973,-0.030189,-0.099204,0.115959,-0.987826,1.356306,-0.203603,0.040124,-0.011525,-0.003566,-0.063748,0.997893,1.435541,-0.166575,0.925144
732,3.050000,0.069529,-0.071007,0.025845,-0.994714,1.529883,-0.031643,0.069008,-0.033632,-0.105286,0.114907,-0.987208,1.356669,-0.204062,0.041025,-0.010032,-0.004590,-0.064060,0.997885,1.440622,-0.166389,0.927765
733,3.054167,0.072184,-0.060536,0.026413,-0.995202,1.546697,-0.032331,0.067174,-0.036477,-0.111094,0.114141,-0.986559,1.357017,-0.204517,0.041853,-0.006077,-0.009795,-0.065112,0.997811,1.445945,-0.166869,0.931548
734,3.058333,0.075155,-0.050880,0.027030,-0.995506,1.563489,-0.033030,0.065349,-0.041153,-0.116982,0.113561,-0.985761,1.357383,-0.204936,0.042638,-0.006222,-0.007617,-0.066549,0.997735,1.451522,-0.167327,0.933765
735,3.062500,0.079678,-0.042275,0.026502,-0.995571,1.580373,-0.033827,0.063754,-0.044116,-0.123285,0.112682,-0.984966,1.357748,-0.205363,0.043455,-0.006382,-0.006398,-0.066477,0.997747,1.456770,-0.167334,0.936282
736,3.066667,0.084941,-0.034744,0.026257,-0.995434,1.597149,-0.034531,0.062157,-0.049784,-0.128879,0.111979,-0.984059,1.358173,-0.205772,0.044330,-0.006983,-0.005360,-0.067126,0.997706,1.461868,-0.167395,0.938381
737,3.070833,0.090738,-0.028138,0.026437,-0.995126,1.613895,-0.035327,0.060561,-0.054273,-0.134403,0.111393,-0.983149,1.358597,-0.206241,0.045275,-0.007510,-0.002905,-0.067827,0.997665,1.466669,-0.167491,0.940675
738,3.075000,0.097475,-0.022632,0.026538,-0.994627,1.630649,-0.036152,0.059185,-0.058462,-0.139915,0.110806,-0.982206,1.359028,-0.206687,0.046218,-0.004673,0.005069,-0.068291,0.997642,1.471681,-0.167935,0.941782
739,3.079167,0.104688,-0.018059,0.026637,-0.993984,1.647310,-0.037007,0.057897,-0.062558,-0.145581,0.110205,-0.981197,1.359514,-0.207118,0.047121,-0.005255,0.005716,-0.068033,0.997653,1.476664,-0.167739,0.943923
740,3.083333,0.110443,-0.014699,0.027232,-0.993401,1.663826,-0.037987,0.056670,-0.066169,-0.151333,0.109529,-0.980165,1.360013,-0.207535,0.048056,-0.006334,0.005174,-0.067879,0.997660,1.481779,-0.167498,0.946271
741,3.087500,0.116533,-0.013063,0.028571,-0.992690,1.680104,-0.039088,0.055560,-0.069512,-0.157279,0.108582,-0.979102,1.360559,-0.207968,0.049014,-0.007577,0.004879,-0.067664,0.997668,1.487116,-0.167322,0.948667
742,3.091667,0.123520,-0.012177,0.030381,-0.991802,1.696192,-0.040236,0.054654,-0.072947,-0.163359,0.107804,-0.977942,1.361118,-0.208413,0.049998,-0.009132,0.006221,-0.067030,0.997690,1.492584,-0.167281,0.951175
743,3.095833,0.131503,-0.010980,0.031713,-0.990748,1.712040,-0.041515,0.053777,-0.075955,-0.169359,0.107044,-0.976775,1.361705,-0.208914,0.050990,-0.009783,0.006170,-0.067449,0.997656,1.497732,-0.167233,0.953220
744,3.100000,0.138672,-0.011022,0.032953,-0.989729,1.727631,-0.042740,0.053135,-0.079666,-0.175399,0.106487,-0.975474,1.362303,-0.209377,0.051977,-0.012114,0.006631,-0.067970,0.997592,1.503444,-0.167021,0.954862
745,3.104167,0.145400,-0.011609,0.034464,-0.988704,1.742936,-0.044117,0.052466,-0.082990,-0.181854,0.105800,-0.974088,1.362904,-0.209815,0.053007,-0.011742,0.007601,-0.065193,0.997775,1.509690,-0.166604,0.957069
746,3.108333,0.156288,-0.012380,0.035524,-0.986995,1.757941,-0.045111,0.052173,-0.086165,-0.187948,0.105104,-0.972730,1.363555,-0.210274,0.054034,-0.011417,0.007251,-0.064973,0.997795,1.515071,-0.166285,0.959087
747,3.112500,0.168289,-0.014435,0.036173,-0.984968,1.772694,-0.046295,0.052261,-0.088596,-0.193574,0.104848,-0.971435,1.364245,-0.210878,0.055179,-0.010981,0.007693,-0.064852,0.997805,1.520456,-0.166107,0.960985
748,3.116667,0.177365,-0.016163,0.036906,-0.983320,1.786947,-0.047421,0.052264,-0.091179,-0.199926,0.104134,-0.969986,1.364949,-0.211357,0.056211,-0.011008,0.008445,-0.065560,0.997752,1.525818,-0.166412,0.962743
749,3.120833,0.186353,-0.017983,0.037975,-0.981584,1.800848,-0.048534,0.052464,-0.094195,-0.206507,0.103189,-0.968419,1.365721,-0.211731,0.057177,-0.011363,0.009358,-0.066108,0.997704,1.531185,-0.166567,0.964617
750,3.125000,0.195898,-0.019911,0.038656,-0.979660,1.814344,-0.049709,0.052904,-0.096683,-0.212305,0.103052,-0.966933,1.366539,-0.212283,0.058243,-0.011618,0.009073,-0.066214,0.997697,1.536664,-0.166585,0.966349
751,3.129167,0.205051,-0.021599,0.039523,-0.977715,1.827448,-0.050904,0.053477,-0.098894,-0.218277,0.102400,-0.965448,1.367326,-0.212723,0.059288,-0.012335,0.008721,-0.066438,0.997676,1.542141,-0.166495,0.967899
752,3.133333,0.213669,-0.024023,0.039995,-0.975791,1.840123,-0.052019,0.054239,-0.102319,-0.224078,0.102011,-0.963802,1.368260,-0.213188,0.060498,-0.013226,0.008228,-0.066481,0.997666,1.547586,-0.166460,0.969338
753,3.137500,0.222547,-0.027037,0.040245,-0.973716,1.852400,-0.053159,0.055166,-0.104273,-0.230851,0.101285,-0.962069,1.369020,-0.213577,0.061467,-0.014295,0.008080,-0.066478,0.997653,1.553034,-0.166278,0.970634
754,3.141667,0.229585,-0.029718,0.040673,-0.971984,1.864186,-0.054236,0.056061,-0.107138,-0.237356,0.100895,-0.960210,1.369925,-0.213949,0.062597,-0.015528,0.008423,-0.066702,0.997617,1.558615,-0.166104,0.971778
755,3.145833,0.236370,-0.032313,0.041101,-0.970256,1.875512,-0.055400,0.056964,-0.109897,-0.243954,0.100526,-0.958282,1.370770,-0.214360,0.063666,-0.016517,0.008755,-0.066761,0.997594,1.564346,-0.165859,0.972722
756,3.150000,0.243265,-0.035051,0.041419,-0.968441,1.886355,-0.056500,0.057867,-0.112126,-0.250904,0.100186,-0.956262,1.371588,-0.214731,0.064751,-0.017642,0.008717,-0.066945,0.997563,1.569965,-0.165587,0.973545
757,3.154167,0.248701,-0.037882,0.041682,-0.966941,1.896683,-0.057413,0.058766,-0.113141,-0.257026,0.099078,-0.954631,1.372533,-0.215237,0.065750,-0.018663,0.008765,-0.067456,0.997509,1.575495,-0.165443,0.974330
758,3.158333,0.254210,-0.041095,0.041715,-0.965375,1.906490,-0.058357,0.059677,-0.113194,-0.262936,0.098235,-0.953101,1.373577,-0.215752,0.066631,-0.018525,0.011831,-0.066051,0.997574,1.581097,-0.165238,0.974802
759,3.162500,0.256732,-0.043789,0.041733,-0.964588,1.915739,-0.059269,0.060403,-0.114104,-0.269869,0.097642,-0.951114,1.374537,-0.216155,0.067629,-0.018708,0.012719,-0.066563,0.997526,1.586701,-0.164955,0.975060
760,3.166667,0.259515,-0.047029,0.042116,-0.963673,1.924489,-0.060222,0.060916,-0.114657,-0.276789,0.096879,-0.949134,1.375637,-0.216540,0.068703,-0.019307,0.013073,-0.067177,0.997469,1.592271,-0.164586,0.975244
761,3.170833,0.261732,-0.050452,0.042841,-0.962868,1.932682,-0.061351,0.061183,-0.115392,-0.283836,0.096255,-0.947025,1.376677,-0.216937,0.069703,-0.020062,0.014119,-0.067454,0.997421,1.597707,-0.164338,0.975430
762,3.175000,0.263504,-0.054048,0.042879,-0.962188,1.940408,-0.062465,0.061297,-0.115159,-0.290667,0.095429,-0.945063,1.377824,-0.217374,0.070749,-0.020805,0.014623,-0.067871,0.997370,1.603207,-0.164060,0.975505
763,3.179167,0.263405,-0.057741,0.043575,-0.961969,1.947547,-0.063655,0.061027,-0.116432,-0.297417,0.095227,-0.942825,1.379000,-0.217818,0.071702,-0.021448,0.015315,-0.068519,0.997302,1.608763,-0.163765,0.975356
764,3.183333,0.263753,-0.062011,0.044069,-0.961586,1.954186,-0.064995,0.060576,-0.116816,-0.305534,0.093811,-0.940320,1.380002,-0.218144,0.072741,-0.022253,0.015759,-0.069206,0.997230,1.614367,-0.163510,0.975128
765,3.187500,0.262735,-0.066525,0.045572,-0.961493,1.960215,-0.066447,0.059717,-0.117213,-0.312597,0.092722,-0.938055,1.381102,-0.218587,0.073829,-0.022630,0.013967,-0.070517,0.997156,1.620296,-0.163558,0.974931
766,3.191667,0.262789,-0.071739,0.046966,-0.961036,1.965735,-0.068001,0.058610,-0.117879,-0.320414,0.091894,-0.935412,1.382269,-0.218936,0.074748,-0.023752,0.014398,-0.071159,0.997078,1.625806,-0.163426,0.974460
767,3.195833,0.263221,-0.077175,0.048823,-0.960404,1.970621,-0.069614,0.057196,-0.120499,-0.326881,0.092358,-0.932791,1.383563,-0.219304,0.075577,-0.025378,0.016189,-0.072719,0.996898,1.632009,-0.163094,0.973027
768,3.200000,0.262624,-0.083539,0.050593,-0.959943,1.974919,-0.071293,0.055387,-0.127988,-0.336204,0.093695,-0.928336,1.384916,-0.219490,0.075606,-0.026214,0.016660,-0.072749,0.996867,1.637498,-0.162892,0.972269
769,3.204167,0.260071,-0.090587,0.049723,-0.960044,1.978126,-0.072940,0.053583,-0.134809,-0.341755,0.096571,-0.925043,1.386176,-0.219655,0.076070,-0.027144,0.016677,-0.073093,0.996816,1.642945,-0.162702,0.971492
770,3.208333,0.256641,-0.093407,0.050666,-0.960648,1.981272,-0.074730,0.051875,-0.137502,-0.348946,0.097742,-0.921833,1.387532,-0.219970,0.076776,-0.028243,0.016627,-0.073652,0.996745,1.648529,-0.162493,0.970451
771,3.212500,0.242143,-0.091215,0.054717,-0.964392,1.984218,-0.076157,0.050125,-0.134844,-0.354336,0.098134,-0.920126,1.388853,-0.220440,0.078482,-0.028793,0.016251,-0.073986,0.996711,1.654078,-0.162240,0.969259
772,3.216667,0.220877,-0.085740,0.063386,-0.969456,1.986836,-0.077818,0.048657,-0.138242,-0.360390,0.099313,-0.917139,1.390268,-0.220695,0.079181,-0.029767,0.016221,-0.074414,0.996651,1.659599,-0.161946,0.967920
773,3.220833,0.200477,-0.079703,0.073267,-0.973698,1.988507,-0.079288,0.047170,-0.148069,-0.366908,0.102168,-0.912697,1.391935,-0.220876,0.078967,-0.030376,0.016067,-0.074684,0.996615,1.665126,-0.161669,0.966371
774,3.225000,0.180819,-0.072789,0.080892,-0.977478,1.989936,-0.080376,0.045783,-0.153507,-0.371918,0.104567,-0.909493,1.393568,-0.221200,0.079808,-0.030897,0.015745,-0.074979,0.996582,1.670567,-0.161392,0.964668
775,3.229167,0.157015,-0.070170,0.088156,-0.981148,1.990604,-0.080735,0.043677,-0.157176,-0.377032,0.106505,-0.906531,1.395077,-0.221619,0.080563,-0.031550,0.015436,-0.075395,0.996535,1.675982,-0.161058,0.962867
776,3.233333,0.147486,-0.064232,0.091653,-0.982711,1.991580,-0.081422,0.042285,-0.157442,-0.386770,0.105027,-0.902546,1.396257,-0.221625,0.081005,-0.031676,0.014863,-0.075520,0.996530,1.681388,-0.160702,0.960934
777,3.237500,0.145678,-0.058204,0.089339,-0.983569,1.991913,-0.081474,0.041039,-0.161367,-0.391163,0.107262,-0.899693,1.397776,-0.222033,0.081750,-0.031860,0.014254,-0.075637,0.996524,1.686622,-0.160364,0.958855
778,3.241667,0.141520,-0.052067,0.085643,-0.984848,1.991810,-0.081751,0.039514,-0.164396,-0.398698,0.107816,-0.895762,1.399215,-0.222265,0.083025,-0.031981,0.013631,-0.075906,0.996509,1.691810,-0.160116,0.956771
779,3.245833,0.135491,-0.046689,0.082464,-0.986236,1.991026,-0.082336,0.037913,-0.167225,-0.405542,0.108250,-0.892106,1.400715,-0.222413,0.084358,-0.031909,0.012501,-0.076058,0.996514,1.696876,-0.159819,0.954589
780,3.250000,0.129098,-0.044212,0.080051,-0.987406,1.989732,-0.083122,0.036066,-0.168194,-0.413346,0.108889,-0.888256,1.402394,-0.223059,0.085893,-0.031561,0.011580,-0.076281,0.996519,1.701891,-0.159528,0.952070
781,3.254167,0.120396,-0.039745,0.080055,-0.988694,1.988432,-0.084465,0.034568,-0.171037,-0.419825,0.109919,-0.884540,1.404094,-0.223508,0.087387,-0.031648,0.010405,-0.076611,0.996504,1.706753,-0.159271,0.949613
782,3.258333,0.112977,-0.035265,0.079227,-0.989806,1.987637,-0.085684,0.033443,-0.173902,-0.426327,0.110689,-0.880767,1.405923,-0.223936,0.088904,-0.030830,0.008453,-0.077270,0.996498,1.711570,-0.159323,0.947371
783,3.262500,0.108608,-0.031862,0.077444,-0.990551,1.987672,-0.086560,0.032502,-0.176524,-0.433671,0.111396,-0.876561,1.407865,-0.224520,0.090683,-0.030118,0.006633,-0.077471,0.996517,1.716352,-0.159051,0.944937
784,3.266667,0.106242,-0.028833,0.075480,-0.991052,1.988293,-0.086929,0.031719,-0.178683,-0.441076,0.111718,-0.872378,1.409957,-0.225005,0.092463,-0.029047,0.003686,-0.077866,0.996534,1.720912,-0.158864,0.942368
785,3.270833,0.102462,-0.025630,0.073646,-0.991676,1.988969,-0.087054,0.031037,-0.180207,-0.447777,0.111817,-0.868630,1.412359,-0.225564,0.094344,-0.026180,-0.001245,-0.077463,0.996651,1.725393,-0.158450,0.940085
786,3.275000,0.095935,-0.022839,0.074384,-0.992342,1.989220,-0.087244,0.030264,-0.182562,-0.453907,0.112036,-0.864921,1.414792,-0.226093,0.096021,-0.024220,-0.004273,-0.077825,0.996664,1.729865,-0.158316,0.937513
787,3.279167,0.087515,-0.020266,0.074973,-0.993131,1.989119,-0.087669,0.029427,-0.182861,-0.461560,0.111141,-0.860914,1.417307,-0.226693,0.097890,-0.022210,-0.006910,-0.077752,0.996701,1.734326,-0.158214,0.934949
788,3.283333,0.080800,-0.018420,0.076322,-0.993633,1.988718,-0.088251,0.028628,-0.184240,-0.466996,0.110469,-0.857769,1.420269,-0.227095,0.099634,-0.020451,-0.009580,-0.077329,0.996750,1.738794,-0.158007,0.932426
789,3.287500,0.075478,-0.017163,0.077041,-0.994019,1.988361,-0.088761,0.027961,-0.184085,-0.474340,0.108539,-0.854011,1.423265,-0.227637,0.101574,-0.020566,-0.009731,-0.076019,0.996847,1.743819,-0.157886,0.930095
790,3.291667,0.070020,-0.015614,0.076872,-0.994457,1.988069,-0.088869,0.027231,-0.183981,-0.479321,0.107325,-0.851401,1.426683,-0.228221,0.103322,-0.019346,-0.008972,-0.074054,0.997026,1.748429,-0.157395,0.927518
791,3.295833,0.067017,-0.012078,0.077469,-0.994667,1.988070,-0.088914,0.026784,-0.182304,-0.484892,0.105163,-0.848873,1.430212,-0.229098,0.105189,-0.016214,-0.009129,-0.073772,0.997102,1.752912,-0.157342,0.925051
792,3.300000,0.067088,-0.008586,0.078530,-0.994615,1.988096,-0.088841,0.026259,-0.180660,-0.491395,0.103010,-0.845743,1.433694,-0.229949,0.107140,-0.014431,-0.009787,-0.072762,0.997197,1.757106,-0.157240,0.922947
793,3.304167,0.064131,-0.005711,0.078957,-0.994797,1.988014,-0.088655,0.025278,-0.179420,-0.495395,0.100379,-0.843988,1.437821,-0.230636,0.109129,-0.012850,-0.010575,-0.071754,0.997284,1.761223,-0.157095,0.920875
794,3.308333,0.062624,-0.004870,0.080558,-0.994769,1.987761,-0.088828,0.024537,-0.177443,-0.501335,0.097319,-0.841253,1.441738,-0.231495,0.110960,-0.011336,-0.010293,-0.070821,0.997371,1.765467,-0.156975,0.918789
795,3.312500,0.058743,-0.004127,0.081500,-0.994932,1.987511,-0.089266,0.024128,-0.175567,-0.505964,0.094404,-0.839205,1.445983,-0.232338,0.112845,-0.009667,-0.009661,-0.069999,0.997454,1.769593,-0.156846,0.916743
796,3.316667,0.052412,-0.003653,0.081475,-0.995290,1.987375,-0.089762,0.023858,-0.175655,-0.508636,0.093043,-0.837722,1.450669,-0.233224,0.114790,-0.008169,-0.008691,-0.068765,0.997562,1.773659,-0.156549,0.914893
797,3.320833,0.045124,-0.003469,0.080303,-0.995743,1.987275,-0.090193,0.023745,-0.173837,-0.512558,0.091350,-0.835895,1.455286,-0.234195,0.116504,-0.006016,-0.006989,-0.068074,0.997638,1.777681,-0.156232,0.913170
798,3.325000,0.039043,-0.003804,0.078406,-0.996150,1.987254,-0.090428,0.023697,-0.173976,-0.513640,0.091101,-0.835229,1.460576,-0.235208,0.118347,-0.003989,-0.005541,-0.067594,0.997690,1.781445,-0.155758,0.911612
799,3.329167,0.037867,-0.003817,0.077059,-0.996300,1.987475,-0.090847,0.023847,-0.163302,-0.512312,0.093549,-0.837924,1.466187,-0.237171,0.120346,-0.002228,-0.004541,-0.067145,0.997730,1.785278,-0.155229,0.910271
800,3.333333,0.036196,-0.004749,0.075850,-0.996451,1.987879,-0.091130,0.023839,-0.160674,-0.510421,0.094461,-0.839483,1.472316,-0.238529,0.121708,-0.000005,-0.003525,-0.066791,0.997761,1.788957,-0.154769,0.909318
801,3.337500,0.035463,-0.004827,0.075508,-0.996503,1.988599,-0.091730,0.024015,-0.157075,-0.508824,0.095822,-0.840978,1.478770,-0.240075,0.122701,0.001308,-0.002934,-0.066789,0.997762,1.792485,-0.154245,0.908407
802,3.341667,0.036112,-0.005602,0.074994,-0.996514,1.988980,-0.091924,0.024120,-0.153899,-0.505432,0.096278,-0.843554,1.485619,-0.241536,0.123532,0.004181,-0.001767,-0.066762,0.997759,1.796187,-0.154020,0.907654
803,3.345833,0.035580,-0.006213,0.074864,-0.996539,1.989003,-0.091898,0.024147,-0.151093,-0.501764,0.096508,-0.846221,1.492800,-0.243054,0.124238,0.005104,-0.001729,-0.066938,0.997743,1.799711,-0.153582,0.907180
804,3.350000,0.036556,-0.006329,0.075413,-0.996462,1.988812,-0.091800,0.024219,-0.148011,-0.497273,0.095694,-0.849503,1.500394,-0.244456,0.124808,0.006227,-0.002974,-0.067261,0.997712,1.802862,-0.153169,0.906898
805,3.354167,0.037560,-0.006373,0.075910,-0.996387,1.988666,-0.091596,0.024177,-0.145952,-0.492079,0.095537,-0.852895,1.508210,-0.245879,0.125157,0.008793,-0.012371,-0.065513,0.997736,1.806210,-0.152340,0.908477
806,3.358333,0.038540,-0.006250,0.076546,-0.996301,1.988694,-0.091329,0.024106,-0.141624,-0.487473,0.094567,-0.856370,1.516235,-0.247472,0.125342,0.010447,-0.012106,-0.065434,0.997729,1.809458,-0.152311,0.908538
807,3.362500,0.039859,-0.007362,0.076264,-0.996264,1.988616,-0.090697,0.023967,-0.137112,-0.482925,0.093093,-0.859836,1.524470,-0.248877,0.125103,0.013883,-0.009670,-0.064253,0.997790,1.813692,-0.152793,0.909118
808,3.366667,0.042503,-0.008038,0.076848,-0.996104,1.988686,-0.090531,0.024036,-0.136169,-0.475441,0.094324,-0.864012,1.532758,-0.250325,0.124479,0.015461,-0.008593,-0.063507,0.997825,1.817536,-0.152840,0.909260
809,3.370833,0.042529,-0.008679,0.076580,-0.996118,1.988646,-0.090254,0.023999,-0.131194,-0.469757,0.093323,-0.867990,1.541566,-0.251808,0.124126,0.013845,-0.012535,-0.063299,0.997820,1.820656,-0.152670,0.910274
810,3.375000,0.042976,-0.009275,0.076492,-0.996100,1.988631,-0.090126,0.024048,-0.126775,-0.463144,0.092787,-0.872248,1.550616,-0.253418,0.123524,0.013578,-0.014378,-0.063168,0.997807,1.823911,-0.152600,0.910969
811,3.379167,0.043406,-0.010283,0.076590,-0.996064,1.988622,-0.090013,0.024123,-0.122734,-0.455430,0.094092,-0.876736,1.559762,-0.255131,0.122732,0.013282,-0.019344,-0.063841,0.997684,1.826396,-0.152359,0.912122
812,3.383333,0.043844,-0.011008,0.076715,-0.996028,1.988688,-0.089945,0.024181,-0.116505,-0.448386,0.093884,-0.881228,1.569243,-0.257013,0.121967,0.014078,-0.020364,-0.063479,0.997676,1.829468,-0.152529,0.912937
813,3.387500,0.044244,-0.011839,0.076625,-0.996008,1.988732,-0.089825,0.024202,-0.105772,-0.442782,0.092527,-0.885548,1.579191,-0.259139,0.121547,0.015107,-0.022213,-0.063138,0.997643,1.832319,-0.152603,0.913945
814,3.391667,0.044700,-0.012594,0.076489,-0.995988,1.988783,-0.089760,0.024159,-0.100976,-0.433876,0.094522,-0.890293,1.588877,-0.261161,0.120265,0.015927,-0.023061,-0.062682,0.997640,1.835168,-0.152788,0.914907
815,3.395833,0.046306,-0.012318,0.076324,-0.995931,1.988821,-0.089657,0.024364,-0.096175,-0.424197,0.095605,-0.895359,1.598884,-0.262818,0.119135,0.016859,-0.024037,-0.061956,0.997647,1.837966,-0.152993,0.916001
816,3.400000,0.047105,-0.012460,0.076677,-0.995865,1.988866,-0.089690,0.024534,-0.090760,-0.414572,0.097115,-0.900256,1.608981,-0.264647,0.117762,0.016551,-0.024252,-0.063051,0.997578,1.840968,-0.152867,0.916817
817,3.404167,0.047643,-0.012582,0.077216,-0.995796,1.988940,-0.089805,0.024723,-0.085674,-0.403952,0.099334,-0.905326,1.619152,-0.266627,0.116184,0.015682,-0.021512,-0.068770,0.997277,1.842831,-0.151652,0.916643
818,3.408333,0.048275,-0.012568,0.077556,-0.995739,1.989004,-0.089926,0.024897,-0.081373,-0.392970,0.101101,-0.910347,1.629495,-0.268362,0.114529,0.015502,-0.021344,-0.069388,0.997241,1.845505,-0.151374,0.917475
819,3.412500,0.047799,-0.012697,0.077613,-0.995756,1.989114,-0.090012,0.025069,-0.075410,-0.382293,0.102901,-0.915192,1.639883,-0.270283,0.112719,0.015837,-0.020422,-0.068898,0.997289,1.848098,-0.151181,0.918501
820,3.416667,0.046759,-0.014328,0.076634,-0.995859,1.989022,-0.089796,0.024805,-0.071818,-0.371523,0.104735,-0.919697,1.650372,-0.271996,0.110803,0.014852,-0.021298,-0.070714,0.997159,1.850229,-0.151100,0.919883
821,3.420833,0.047004,-0.014218,0.076373,-0.995869,1.989025,-0.089812,0.024913,-0.061622,-0.361879,0.104756,-0.924269,1.660833,-0.273752,0.109180,0.015142,-0.020229,-0.070912,0.997163,1.852469,-0.150994,0.920862
822,3.425000,0.045841,-0.014907,0.076361,-0.995914,1.989026,-0.089918,0.024977,-0.060012,-0.352572,0.107402,-0.927662,1.671620,-0.275708,0.106851,0.015309,-0.019490,-0.071093,0.997162,1.854946,-0.150828,0.921947
823,3.429167,0.044178,-0.015633,0.076108,-0.995998,1.989040,-0.089943,0.025079,-0.057042,-0.340981,0.109922,-0.931877,1.682229,-0.277582,0.104653,0.015066,-0.019088,-0.070864,0.997190,1.857624,-0.150631,0.923090
824,3.433333,0.043627,-0.016173,0.075852,-0.996033,1.989117,-0.090057,0.025246,-0.054804,-0.328931,0.111600,-0.936134,1.693047,-0.278866,0.102023,0.014619,-0.018408,-0.070854,0.997210,1.860250,-0.150500,0.924323
825,3.437500,0.043393,-0.016689,0.075706,-0.996046,1.989182,-0.090164,0.025400,-0.055008,-0.319764,0.112363,-0.939202,1.704083,-0.280409,0.098984,0.013767,-0.017767,-0.071138,0.997213,1.862832,-0.150479,0.925605
826,3.441667,0.042372,-0.017427,0.075509,-0.996092,1.989237,-0.090306,0.025500,-0.051007,-0.308727,0.113739,-0.942947,1.714797,-0.282695,0.096957,0.010081,-0.018192,-0.071913,0.997194,1.865497,-0.149897,0.926600
827,3.445833,0.041407,-0.017987,0.075225,-0.996144,1.989331,-0.090571,0.025594,-0.043274,-0.300158,0.114313,-0.946026,1.725493,-0.284753,0.094916,0.010785,-0.015038,-0.072419,0.997203,1.868871,-0.150464,0.927509
828,3.450000,0.040420,-0.018903,0.075126,-0.996175,1.989425,-0.090880,0.025701,-0.036669,-0.291369,0.114944,-0.948972,1.736299,-0.286624,0.092679,0.010231,-0.016569,-0.075191,0.996979,1.871199,-0.151054,0.929240
829,3.454167,0.039393,-0.019903,0.074843,-0.996218,1.989492,-0.091049,0.025841,-0.034885,-0.279995,0.116101,-0.952316,1.747195,-0.288529,0.090270,0.009320,-0.016013,-0.075016,0.997010,1.873698,-0.151077,0.930472
830,3.458333,0.038728,-0.021645,0.074829,-0.996209,1.989532,-0.091189,0.026016,-0.033862,-0.268263,0.117409,-0.955565,1.758091,-0.290483,0.087895,0.008526,-0.015168,-0.075197,0.997017,1.876088,-0.151100,0.931703
831,3.462500,0.036801,-0.023342,0.073715,-0.996327,1.989584,-0.091387,0.026113,-0.035522,-0.258305,0.118132,-0.958155,1.768784,-0.292179,0.085159,0.007779,-0.013441,-0.074346,0.997112,1.878620,-0.151298,0.932998
832,3.466667,0.035578,-0.025178,0.072785,-0.996395,1.989571,-0.091457,0.026241,-0.040252,-0.247522,0.120308,-0.960541,1.779363,-0.293842,0.082432,0.006435,-0.011963,-0.073538,0.997200,1.881324,-0.151377,0.934235
833,3.470833,0.035048,-0.026593,0.071530,-0.996468,1.989537,-0.091459,0.026422,-0.038674,-0.238677,0.120676,-0.962795,1.790039,-0.295816,0.079971,0.004130,-0.010074,-0.073937,0.997204,1.883697,-0.151635,0.935644
834,3.475000,0.034801,-0.028137,0.070450,-0.996511,1.989523,-0.091485,0.026612,-0.039580,-0.229028,0.121823,-0.964955,1.800764,-0.297740,0.077291,0.003077,-0.009160,-0.074090,0.997205,1.886200,-0.151836,0.937049
835,3.479167,0.035208,-0.029871,0.069667,-0.996501,1.989536,-0.091540,0.026874,-0.033556,-0.213605,0.122761,-0.968595,1.812094,-0.300139,0.075648,0.001933,-0.008475,-0.073911,0.997227,1.888561,-0.152156,0.938474
836,3.483333,0.036040,-0.031462,0.069390,-0.996442,1.989526,-0.091517,0.027180,-0.036094,-0.200125,0.123337,-0.971306,1.823189,-0.302179,0.073289,0.000741,-0.007837,-0.073300,0.997279,1.891046,-0.152524,0.939936
837,3.487500,0.036897,-0.032511,0.068909,-0.996410,1.989567,-0.091704,0.027557,-0.038953,-0.189517,0.123002,-0.973364,1.833942,-0.304159,0.070774,0.000119,-0.007281,-0.072602,0.997334,1.893348,-0.152743,0.941523
838,3.491667,0.037799,-0.033958,0.068433,-0.996361,1.989617,-0.091916,0.027943,-0.039971,-0.179340,0.123724,-0.975157,1.844554,-0.306275,0.068433,-0.000604,-0.007174,-0.071777,0.997395,1.895691,-0.153045,0.943108
839,3.495833,0.038025,-0.036391,0.067955,-0.996299,1.989687,-0.091984,0.028191,-0.037717,-0.170327,0.123698,-0.976865,1.855079,-0.308589,0.066167,-0.001509,-0.004722,-0.067785,0.997688,1.898894,-0.152753,0.944115
840,3.500000,0.039067,-0.038051,0.067575,-0.996223,1.989780,-0.092155,0.028581,-0.033718,-0.161527,0.123616,-0.978515,1.865382,-0.311034,0.063978,-0.002069,-0.007057,-0.069539,0.997552,1.900168,-0.153498,0.946310
841,3.504167,0.040086,-0.039997,0.067120,-0.996137,1.989856,-0.092302,0.028968,-0.031033,-0.154991,0.123852,-0.979630,1.875423,-0.313151,0.061938,-0.002930,-0.004978,-0.065874,0.997811,1.903424,-0.153244,0.947276
842,3.508333,0.041233,-0.041883,0.066622,-0.996046,1.989923,-0.092416,0.029326,-0.030042,-0.147288,0.123901,-0.980843,1.885525,-0.315561,0.059954,-0.004234,-0.004391,-0.065026,0.997865,1.905639,-0.153556,0.948793
843,3.512500,0.043835,-0.042017,0.066443,-0.995941,1.990072,-0.092535,0.029889,-0.032481,-0.135529,0.124228,-0.982418,1.895837,-0.317505,0.058122,-0.004903,-0.004505,-0.064323,0.997907,1.907689,-0.153955,0.950346
844,3.516667,0.044724,-0.043729,0.065737,-0.995875,1.990161,-0.092601,0.030238,-0.033467,-0.125890,0.124824,-0.983591,1.905646,-0.319885,0.056504,-0.005974,-0.004320,-0.063630,0.997946,1.909771,-0.154365,0.951846
845,3.520833,0.045043,-0.045763,0.064884,-0.995825,1.990252,-0.092698,0.030588,-0.033837,-0.116702,0.127126,-0.984416,1.915088,-0.322595,0.055111,-0.006647,-0.003989,-0.062419,0.998020,1.912083,-0.154761,0.953139
846,3.525000,0.046427,-0.047817,0.064098,-0.995716,1.990362,-0.092815,0.031010,-0.032599,-0.110079,0.128822,-0.985000,1.924074,-0.325284,0.053620,-0.007393,-0.004113,-0.061675,0.998061,1.914204,-0.155196,0.954503
847,3.529167,0.047139,-0.049534,0.063252,-0.995652,1.990464,-0.092884,0.031363,-0.027360,-0.106741,0.129991,-0.985373,1.932652,-0.327730,0.052201,-0.007930,-0.004569,-0.060982,0.998097,1.916470,-0.155675,0.955773
848,3.533333,0.047350,-0.050743,0.061782,-0.995674,1.990592,-0.092932,0.031591,-0.027350,-0.099210,0.131590,-0.985948,1.941355,-0.330466,0.051077,-0.008452,-0.004568,-0.060057,0.998149,1.918690,-0.156100,0.956973
849,3.537500,0.048581,-0.053029,0.062017,-0.995481,1.990578,-0.093053,0.031978,-0.025300,-0.094468,0.132500,-0.986346,1.949610,-0.333213,0.050163,-0.009059,-0.005017,-0.058968,0.998206,1.920879,-0.156568,0.958194
850,3.541667,0.049726,-0.055027,0.061624,-0.995340,1.990595,-0.093189,0.032337,-0.023762,-0.085712,0.130995,-0.987385,1.957751,-0.335534,0.049472,-0.009525,-0.005398,-0.058099,0.998251,1.923089,-0.157059,0.959302
851,3.545833,0.049856,-0.056872,0.060648,-0.995290,1.990676,-0.093355,0.032602,-0.023792,-0.079969,0.131895,-0.987746,1.965804,-0.337984,0.048556,-0.009774,-0.006112,-0.056927,0.998312,1.925398,-0.157528,0.960332
852,3.550000,0.049668,-0.058551,0.059666,-0.995261,1.990758,-0.093492,0.032843,-0.022327,-0.078356,0.134617,-0.987543,1.973687,-0.341008,0.047452,-0.011187,-0.006772,-0.056212,0.998333,1.927543,-0.158023,0.961299
853,3.554167,0.050234,-0.059880,0.058510,-0.995222,1.990828,-0.093525,0.033166,-0.021621,-0.073430,0.132528,-0.988219,1.980737,-0.343314,0.046913,-0.012083,-0.007584,-0.055135,0.998377,1.929880,-0.158529,0.962138
854,3.558333,0.052222,-0.061513,0.057016,-0.995107,1.991045,-0.093824,0.033651,-0.018091,-0.071064,0.132689,-0.988441,1.987851,-0.345755,0.045979,-0.012934,-0.008223,-0.054361,0.998404,1.931895,-0.159043,0.963081
855,3.562500,0.052509,-0.062963,0.056086,-0.995054,1.991107,-0.093989,0.033891,-0.017691,-0.068728,0.132427,-0.988649,1.994690,-0.348190,0.045171,-0.013280,-0.008805,-0.053129,0.998461,1.934175,-0.159544,0.963847
856,3.566667,0.051360,-0.064077,0.055463,-0.995078,1.991026,-0.093904,0.033883,-0.021900,-0.066988,0.131541,-0.988802,2.001225,-0.350470,0.044588,-0.014066,-0.009404,-0.052641,0.998470,1.936202,-0.160063,0.964657
857,3.570833,0.051509,-0.065071,0.054797,-0.995043,1.991043,-0.094057,0.034065,-0.023480,-0.063961,0.130961,-0.989043,2.007482,-0.352689,0.043851,-0.014416,-0.009979,-0.051203,0.998534,1.938368,-0.160533,0.965251
858,3.575000,0.051572,-0.066162,0.053785,-0.995023,1.991087,-0.094230,0.034228,-0.024834,-0.063271,0.129682,-0.989223,2.013480,-0.354759,0.043127,-0.014970,-0.010580,-0.050352,0.998563,1.940570,-0.161044,0.965797
859,3.579167,0.051529,-0.067189,0.052719,-0.995013,1.991126,-0.094408,0.034384,-0.027522,-0.061477,0.128528,-0.989416,2.019147,-0.356626,0.042347,-0.014904,-0.011314,-0.048844,0.998631,1.942700,-0.161524,0.966254
860,3.583333,0.051657,-0.067602,0.051504,-0.995042,1.991158,-0.094616,0.034475,-0.030698,-0.061281,0.126584,-0.989585,2.024460,-0.358410,0.041715,-0.015411,-0.011900,-0.047240,0.998694,1.945302,-0.161962,0.966564
861,3.587500,0.051522,-0.068152,0.049979,-0.995089,1.991154,-0.094739,0.034550,-0.033673,-0.060980,0.124982,-0.989711,2.029620,-0.359950,0.040977,-0.016533,-0.014337,-0.043719,0.998804,1.948120,-0.162099,0.967267
862,3.591667,0.051581,-0.068441,0.049147,-0.995108,1.991146,-0.094947,0.034605,-0.033153,-0.062098,0.123529,-0.989841,2.034614,-0.361337,0.040241,-0.016461,-0.015405,-0.042425,0.998845,1.950240,-0.162531,0.967619
863,3.595833,0.052881,-0.068688,0.048031,-0.995077,1.991290,-0.095443,0.034879,-0.034620,-0.061974,0.122001,-0.989988,2.039178,-0.362550,0.039584,-0.016172,-0.016528,-0.041325,0.998878,1.952365,-0.163024,0.967872
864,3.600000,0.052333,-0.068912,0.047560,-0.995113,1.991271,-0.095676,0.034978,-0.036950,-0.060452,0.120565,-0.990174,2.043303,-0.363768,0.039108,-0.015978,-0.018015,-0.039654,0.998923,1.954594,-0.163461,0.968142
865,3.604167,0.051816,-0.068339,0.047238,-0.995195,1.991273,-0.095948,0.035021,-0.037517,-0.059129,0.120006,-0.990300,2.047027,-0.364860,0.038766,-0.016129,-0.019741,-0.038338,0.998940,1.956784,-0.163853,0.968398
866,3.608333,0.051032,-0.067705,0.046921,-0.995294,1.991267,-0.096184,0.035041,-0.037230,-0.058876,0.117421,-0.990636,2.050519,-0.365716,0.038225,-0.016042,-0.021375,-0.037035,0.998957,1.958882,-0.164330,0.968614
867,3.612500,0.051497,-0.068145,0.045379,-0.995312,1.991175,-0.096211,0.034801,-0.038235,-0.058223,0.115789,-0.990829,2.053632,-0.366501,0.037802,-0.015813,-0.023409,-0.035709,0.998963,1.960998,-0.164639,0.968764
868,3.616667,0.051064,-0.067514,0.044535,-0.995415,1.991129,-0.096360,0.034686,-0.037572,-0.058268,0.114214,-0.991034,2.056348,-0.367239,0.037287,-0.015801,-0.025211,-0.034425,0.998964,1.963176,-0.165051,0.968867
869,3.620833,0.050451,-0.066874,0.043739,-0.995525,1.991071,-0.096485,0.034564,-0.038633,-0.058302,0.112656,-0.991170,2.058560,-0.368052,0.037013,-0.015381,-0.027002,-0.033014,0.998972,1.965354,-0.165434,0.968862
870,3.625000,0.049856,-0.065770,0.042917,-0.995664,1.991009,-0.096619,0.034399,-0.037329,-0.058666,0.112968,-0.991163,2.060567,-0.368691,0.036460,-0.015051,-0.028818,-0.031578,0.998972,1.967389,-0.165822,0.968850
871,3.629167,0.049032,-0.064525,0.041848,-0.995832,1.990951,-0.096724,0.034185,-0.037060,-0.057685,0.113068,-0.991219,2.062045,-0.369433,0.036070,-0.014577,-0.030096,-0.030263,0.998982,1.969527,-0.166295,0.968609
872,3.633333,0.048309,-0.063406,0.041341,-0.995960,1.990869,-0.096826,0.033991,-0.036854,-0.056074,0.114161,-0.991194,2.063096,-0.370264,0.035687,-0.014156,-0.030907,-0.029330,0.998992,1.971539,-0.166762,0.968287
873,3.637500,0.046869,-0.061322,0.041454,-0.996155,1.990572,-0.096640,0.033539,-0.036136,-0.055013,0.115833,-0.991085,2.063866,-0.371085,0.035167,-0.014014,-0.032346,-0.028503,0.998972,1.973379,-0.167089,0.968054
874,3.641667,0.046007,-0.059531,0.041138,-0.996317,1.990464,-0.096778,0.033243,-0.037810,-0.053648,0.117358,-0.990919,2.064154,-0.371811,0.034670,-0.013214,-0.032968,-0.027725,0.998984,1.975228,-0.167524,0.967645
875,3.645833,0.045547,-0.057917,0.040891,-0.996443,1.990367,-0.096906,0.033039,-0.039812,-0.051888,0.118518,-0.990796,2.064046,-0.372516,0.034163,-0.012228,-0.033566,-0.026743,0.999004,1.977203,-0.168087,0.967086
876,3.650000,0.044959,-0.056204,0.040695,-0.996576,1.990191,-0.096916,0.032765,-0.041166,-0.049879,0.119389,-0.990739,2.063628,-0.373125,0.033654,-0.011744,-0.034135,-0.025951,0.999011,1.979074,-0.168631,0.966470
877,3.654167,0.044493,-0.054432,0.040544,-0.996701,1.990060,-0.096986,0.032497,-0.041335,-0.047948,0.118467,-0.990938,2.062995,-0.373771,0.033185,-0.011341,-0.034691,-0.025091,0.999019,1.981060,-0.169224,0.965739
878,3.658333,0.043871,-0.052616,0.040265,-0.996838,1.989955,-0.097053,0.032224,-0.040216,-0.046813,0.117067,-0.991205,2.062253,-0.373983,0.032724,-0.010961,-0.035328,-0.024370,0.999019,1.982910,-0.169788,0.965006
879,3.662500,0.043136,-0.050749,0.040107,-0.996973,1.989862,-0.097141,0.031928,-0.038854,-0.046504,0.115015,-0.991514,2.061459,-0.373936,0.032428,-0.010502,-0.036073,-0.023610,0.999015,1.984855,-0.170446,0.964227
880,3.666667,0.041543,-0.049109,0.040315,-0.997114,1.989745,-0.097228,0.031584,-0.037070,-0.045198,0.113494,-0.991818,2.060724,-0.373729,0.032104,-0.010154,-0.036772,-0.023010,0.999007,1.986587,-0.171063,0.963497
881,3.670833,0.040099,-0.047496,0.040443,-0.997247,1.989622,-0.097344,0.031214,-0.033990,-0.044515,0.112524,-0.992069,2.060164,-0.373611,0.031803,-0.009820,-0.037481,-0.022384,0.998998,1.988494,-0.171766,0.962712
882,3.675000,0.039663,-0.045488,0.040290,-0.997364,1.989513,-0.097439,0.030894,-0.030489,-0.043870,0.111999,-0.992271,2.059762,-0.373664,0.031461,-0.009615,-0.038072,-0.021886,0.998989,1.990204,-0.172413,0.961949
883,3.679167,0.039096,-0.043103,0.040646,-0.997478,1.989479,-0.097616,0.030637,-0.028298,-0.042672,0.111815,-0.992409,2.059625,-0.373811,0.031046,-0.009437,-0.038890,-0.021341,0.998971,1.991952,-0.173110,0.961164
884,3.683333,0.038570,-0.040824,0.041072,-0.997576,1.989416,-0.097758,0.030408,-0.026849,-0.041180,0.111587,-0.992538,2.059777,-0.373995,0.030563,-0.009241,-0.039533,-0.020653,0.998962,1.993653,-0.173822,0.960360
885,3.687500,0.037869,-0.038627,0.041221,-0.997685,1.989358,-0.097880,0.030177,-0.025585,-0.039810,0.111107,-0.992681,2.060053,-0.374113,0.030038,-0.009218,-0.039973,-0.020061,0.998957,1.995355,-0.174510,0.959516
886,3.691667,0.037330,-0.036654,0.041010,-0.997788,1.989274,-0.097996,0.029917,-0.024352,-0.038966,0.110385,-0.992826,2.060348,-0.374051,0.029454,-0.009106,-0.040627,-0.019583,0.998941,1.997152,-0.175242,0.958618
887,3.695833,0.035386,-0.034904,0.040511,-0.997942,1.989123,-0.097910,0.029524,-0.022344,-0.037646,0.110283,-0.992936,2.060509,-0.373917,0.028952,-0.009220,-0.041066,-0.019169,0.998930,1.998700,-0.175913,0.957803
888,3.700000,0.032336,-0.033695,0.039476,-0.998129,1.989186,-0.098194,0.029107,-0.019829,-0.036219,0.110664,-0.993000,2.060502,-0.373690,0.028495,-0.009294,-0.041442,-0.018661,0.998923,2.000431,-0.176657,0.956864
889,3.704167,0.031036,-0.031805,0.039346,-0.998237,1.989095,-0.098261,0.028737,-0.017145,-0.034835,0.110997,-0.993062,2.060391,-0.373466,0.028129,-0.009699,-0.042122,-0.018499,0.998894,2.001878,-0.177359,0.956100
890,3.708333,0.030218,-0.029926,0.039078,-0.998331,1.988987,-0.098316,0.028439,-0.013690,-0.032963,0.111811,-0.993088,2.060217,-0.373187,0.027777,-0.009878,-0.042148,-0.018065,0.998899,2.003456,-0.178085,0.955221
891,3.712500,0.029891,-0.027836,0.038440,-0.998426,1.988918,-0.098425,0.028110,-0.011129,-0.031280,0.112513,-0.993095,2.060105,-0.372937,0.027437,-0.010263,-0.042279,-0.017820,0.998894,2.005024,-0.178835,0.954360
892,3.716667,0.027811,-0.026164,0.038043,-0.998546,1.988795,-0.098383,0.027753,-0.009290,-0.029639,0.113240,-0.993082,2.060080,-0.372673,0.027055,-0.010713,-0.042064,-0.017653,0.998901,2.006461,-0.179557,0.953545
893,3.720833,0.027778,-0.024013,0.038236,-0.998594,1.988667,-0.098421,0.027499,-0.007267,-0.028619,0.113947,-0.993048,2.060148,-0.372443,0.026708,-0.011052,-0.041780,-0.017440,0.998914,2.007909,-0.180308,0.952727
894,3.725000,0.026990,-0.022095,0.037693,-0.998680,1.988622,-0.098512,0.027196,-0.004886,-0.027709,0.114990,-0.992968,2.060228,-0.372165,0.026354,-0.011528,-0.041527,-0.017356,0.998920,2.009378,-0.181074,0.951899
895,3.729167,0.027168,-0.020245,0.036683,-0.998752,1.988635,-0.098748,0.027004,-0.002434,-0.026339,0.116446,-0.992845,2.060323,-0.371831,0.025965,-0.011782,-0.040953,-0.017187,0.998944,2.010720,-0.181836,0.951102
896,3.733333,0.026800,-0.018391,0.036621,-0.998801,1.988507,-0.098822,0.026752,-0.000557,-0.024744,0.117937,-0.992713,2.060383,-0.371514,0.025598,-0.012163,-0.040496,-0.017162,0.998958,2.012064,-0.182599,0.950320
897,3.737500,0.026731,-0.016104,0.036625,-0.998842,1.988307,-0.098857,0.026477,0.000905,-0.023469,0.119426,-0.992565,2.060471,-0.371151,0.025309,-0.012566,-0.039879,-0.017173,0.998978,2.013383,-0.183386,0.949563
898,3.741667,0.026043,-0.013997,0.036652,-0.998891,1.988093,-0.098897,0.026210,0.002025,-0.022402,0.120924,-0.992407,2.060572,-0.370840,0.025085,-0.012823,-0.039196,-0.017111,0.999003,2.014625,-0.184148,0.948838
899,3.745833,0.024703,-0.012376,0.036295,-0.998959,1.987924,-0.098931,0.025956,0.006820,-0.021480,0.122440,-0.992220,2.060539,-0.370300,0.024664,-0.013230,-0.038493,-0.017265,0.999022,2.015865,-0.184920,0.948132
900,3.750000,0.023957,-0.010889,0.036340,-0.998993,1.987727,-0.098971,0.025692,0.008822,-0.020465,0.123216,-0.992130,2.060614,-0.370252,0.024370,-0.013698,-0.037743,-0.017297,0.999044,2.017074,-0.185677,0.947428
901,3.754167,0.022716,-0.009639,0.036367,-0.999034,1.987496,-0.099019,0.025456,0.012498,-0.019736,0.125360,-0.991836,2.060902,-0.369862,0.023986,-0.014068,-0.036887,-0.017304,0.999071,2.018207,-0.186394,0.946779
902,3.758333,0.020872,-0.008656,0.036145,-0.999091,1.987267,-0.099079,0.025244,0.012505,-0.019728,0.124484,-0.991947,2.060539,-0.369620,0.023935,-0.014277,-0.035971,-0.017256,0.999102,2.019360,-0.187115,0.946150
903,3.762500,0.019363,-0.007832,0.035803,-0.999141,1.987081,-0.099110,0.025043,0.013688,-0.019262,0.125035,-0.991871,2.060567,-0.369496,0.023754,-0.014720,-0.035258,-0.017291,0.999120,2.020501,-0.187815,0.945545
904,3.766667,0.017807,-0.007377,0.035362,-0.999189,1.986962,-0.099154,0.024878,0.014063,-0.018707,0.125355,-0.991836,2.060598,-0.369407,0.023612,-0.015126,-0.034428,-0.017272,0.999143,2.021541,-0.188477,0.944987
905,3.770833,0.016188,-0.007068,0.034906,-0.999235,1.986895,-0.099186,0.024746,0.014477,-0.018041,0.125861,-0.991778,2.060598,-0.369335,0.023504,-0.015750,-0.034147,-0.017295,0.999143,2.022579,-0.189132,0.944549
906,3.775000,0.014745,-0.006990,0.034534,-0.999270,1.986832,-0.099227,0.024645,0.014718,-0.017551,0.125927,-0.991775,2.060573,-0.369306,0.023437,-0.016058,-0.033539,-0.017198,0.999160,2.023612,-0.189750,0.944090
907,3.779167,0.013441,-0.007031,0.034267,-0.999298,1.986791,-0.099264,0.024593,0.014759,-0.017061,0.125818,-0.991797,2.060558,-0.369277,0.023369,-0.016283,-0.032897,-0.017071,0.999180,2.024582,-0.190349,0.943687
908,3.783333,0.012408,-0.007199,0.033991,-0.999319,1.986773,-0.099303,0.024565,0.014975,-0.016645,0.125628,-0.991825,2.060544,-0.369275,0.023306,-0.016605,-0.032333,-0.016961,0.999195,2.025533,-0.190947,0.943353
909,3.787500,0.011513,-0.007422,0.033763,-0.999336,1.986778,-0.099343,0.024566,0.015197,-0.016341,0.125310,-0.991867,2.060511,-0.369284,0.023247,-0.016892,-0.032062,-0.016814,0.999202,2.026503,-0.191522,0.943069
910,3.791667,0.010886,-0.007642,0.033600,-0.999347,1.986815,-0.099381,0.024594,0.015452,-0.016170,0.125055,-0.991898,2.060481,-0.369295,0.023202,-0.017102,-0.031622,-0.016655,0.999215,2.027386,-0.192074,0.942879
911,3.795833,0.010446,-0.007934,0.033504,-0.999353,1.986867,-0.099412,0.024635,0.015800,-0.016153,0.124779,-0.991927,2.060447,-0.369309,0.023151,-0.017234,-0.031153,-0.016403,0.999231,2.028281,-0.192616,0.942742
912,3.800000,0.010379,-0.008173,0.033438,-0.999353,1.986913,-0.099448,0.024706,0.016126,-0.016129,0.124598,-0.991945,2.060422,-0.369330,0.023119,-0.017313,-0.030677,-0.016303,0.999246,2.029129,-0.193108,0.942662
913,3.804167,0.010736,-0.008258,0.033393,-0.999351,1.986945,-0.099448,0.024764,0.016454,-0.016213,0.124419,-0.991961,2.060410,-0.369349,0.023103,-0.017234,-0.030236,-0.016037,0.999266,2.030013,-0.193607,0.942650
914,3.808333,0.011387,-0.008402,0.033445,-0.999340,1.987016,-0.099451,0.024851,0.016499,-0.016325,0.124273,-0.991977,2.060398,-0.369372,0.023102,-0.017106,-0.029835,-0.015889,0.999282,2.030821,-0.194076,0.942736
915,3.812500,0.012599,-0.008592,0.033417,-0.999325,1.987089,-0.099396,0.024948,0.016331,-0.016413,0.124172,-0.991991,2.060401,-0.369405,0.023125,-0.016964,-0.029248,-0.015576,0.999307,2.031592,-0.194541,0.942888
916,3.816667,0.014280,-0.008672,0.033379,-0.999303,1.987187,-0.099310,0.025048,0.015774,-0.016632,0.123631,-0.992063,2.060343,-0.369529,0.023204,-0.016895,-0.028675,-0.015444,0.999327,2.032456,-0.195017,0.943001
917,3.820833,0.013066,-0.009242,0.033587,-0.999308,1.987179,-0.099430,0.025105,0.015385,-0.016792,0.123646,-0.992065,2.060351,-0.369562,0.023238,-0.016814,-0.028006,-0.015341,0.999349,2.033306,-0.195478,0.943150
918,3.825000,0.013583,-0.009632,0.033732,-0.999292,1.987237,-0.099409,0.025199,0.015040,-0.016810,0.123803,-0.992051,2.060394,-0.369574,0.023281,-0.016989,-0.027456,-0.015332,0.999361,2.034059,-0.195897,0.943390
919,3.829167,0.014077,-0.009893,0.033772,-0.999281,1.987293,-0.099375,0.025300,0.018319,-0.017347,0.123803,-0.991986,2.060287,-0.369426,0.023104,-0.017139,-0.027030,-0.015489,0.999368,2.034775,-0.196324,0.943700
920,3.833333,0.014665,-0.010164,0.033909,-0.999266,1.987350,-0.099345,0.025384,0.017995,-0.017273,0.123440,-0.992038,2.060197,-0.369473,0.023123,-0.017196,-0.026450,-0.015454,0.999383,2.035493,-0.196761,0.944017
921,3.837500,0.015279,-0.010435,0.034002,-0.999251,1.987384,-0.099312,0.025458,0.017508,-0.017358,0.123287,-0.992065,2.060181,-0.369518,0.023172,-0.017311,-0.025813,-0.015450,0.999398,2.036243,-0.197195,0.944308
922,3.841667,0.015649,-0.010726,0.034078,-0.999239,1.987431,-0.099282,0.025534,0.017461,-0.017618,0.123398,-0.992047,2.060192,-0.369561,0.023210,-0.017348,-0.025455,-0.015704,0.999402,2.036965,-0.197619,0.944630
923,3.845833,0.015922,-0.011003,0.033983,-0.999235,1.987476,-0.099240,0.025605,0.017277,-0.018009,0.123428,-0.992040,2.060230,-0.369612,0.023279,-0.017443,-0.025150,-0.016027,0.999403,2.037631,-0.198024,0.944985
924,3.850000,0.016292,-0.011220,0.034046,-0.999225,1.987504,-0.099206,0.025665,0.015948,-0.018143,0.123499,-0.992051,2.060288,-0.369684,0.023396,-0.017663,-0.024559,-0.016348,0.999409,2.038327,-0.198433,0.945335
925,3.854167,0.016463,-0.011383,0.033978,-0.999222,1.987540,-0.099175,0.025723,0.013517,-0.018083,0.123554,-0.992081,2.060360,-0.369796,0.023574,-0.018036,-0.024096,-0.016632,0.999409,2.038988,-0.198836,0.945691
926,3.858333,0.016834,-0.011365,0.033997,-0.999216,1.987543,-0.099153,0.025761,0.011164,-0.017971,0.123595,-0.992107,2.060408,-0.369885,0.023751,-0.018380,-0.023587,-0.017044,0.999408,2.039723,-0.199299,0.946003
927,3.862500,0.016964,-0.011448,0.033893,-0.999216,1.987552,-0.099141,0.025793,0.009520,-0.017888,0.123743,-0.992108,2.060434,-0.369923,0.023893,-0.018779,-0.022946,-0.017491,0.999407,2.040470,-0.199757,0.946294
928,3.866667,0.017042,-0.011599,0.033809,-0.999216,1.987546,-0.099119,0.025833,0.008654,-0.017886,0.123882,-0.992098,2.060450,-0.369939,0.023983,-0.019137,-0.022445,-0.017936,0.999404,2.041116,-0.200194,0.946598
929,3.870833,0.016999,-0.011668,0.033747,-0.999218,1.987551,-0.099124,0.025857,0.008464,-0.018063,0.123983,-0.992084,2.060453,-0.369914,0.024023,-0.019843,-0.022038,-0.018941,0.999381,2.041643,-0.200778,0.946971
930,3.875000,0.016801,-0.011724,0.033606,-0.999225,1.987560,-0.099139,0.025883,0.008475,-0.018189,0.124061,-0.992072,2.060466,-0.369881,0.024049,-0.020443,-0.021767,-0.020358,0.999347,2.042045,-0.201215,0.947285
931,3.879167,0.016539,-0.011829,0.033490,-0.999232,1.987559,-0.099163,0.025897,0.008565,-0.018546,0.123685,-0.992111,2.060431,-0.369919,0.024085,-0.020945,-0.021384,-0.021254,0.999326,2.042501,-0.201594,0.947555
932,3.883333,0.016132,-0.011925,0.033372,-0.999242,1.987561,-0.099199,0.025910,0.009199,-0.018714,0.123828,-0.992085,2.060444,-0.369867,0.024065,-0.021331,-0.020644,-0.021816,0.999321,2.043136,-0.202013,0.947707
933,3.887500,0.015686,-0.012004,0.033247,-0.999252,1.987552,-0.099246,0.025918,0.009782,-0.018783,0.123983,-0.992058,2.060447,-0.369806,0.024037,-0.021685,-0.019955,-0.022227,0.999319,2.043845,-0.202400,0.947800
934,3.891667,0.015143,-0.012151,0.033144,-0.999262,1.987541,-0.099293,0.025919,0.010418,-0.018846,0.124153,-0.992029,2.060452,-0.369734,0.024007,-0.021911,-0.019335,-0.022678,0.999316,2.044532,-0.202768,0.947871
935,3.895833,0.014672,-0.012209,0.033019,-0.999273,1.987528,-0.099344,0.025918,0.010957,-0.018892,0.124292,-0.992005,2.060447,-0.369672,0.023972,-0.022152,-0.018625,-0.022811,0.999321,2.045294,-0.203122,0.947880
936,3.900000,0.014004,-0.012269,0.032784,-0.999289,1.987518,-0.099402,0.025909,0.011221,-0.018834,0.124435,-0.991986,2.060449,-0.369621,0.023953,-0.021879,-0.018191,-0.022247,0.999348,2.045775,-0.203189,0.947975
937,3.904167,0.013442,-0.012303,0.032672,-0.999300,1.987489,-0.099436,0.025904,0.011295,-0.018728,0.124634,-0.991962,2.060444,-0.369573,0.023933,-0.021849,-0.017173,-0.022170,0.999368,2.046611,-0.203546,0.947909
938,3.908333,0.012759,-0.012390,0.032464,-0.999315,1.987471,-0.099480,0.025883,0.011410,-0.018611,0.124720,-0.991952,2.060459,-0.369525,0.023915,-0.021982,-0.017244,-0.021598,0.999376,2.047237,-0.203709,0.948014
939,3.912500,0.012153,-0.012365,0.032237,-0.999330,1.987456,-0.099531,0.025867,0.011322,-0.018435,0.124839,-0.991941,2.060456,-0.369504,0.023918,-0.022037,-0.016780,-0.021281,0.999390,2.048050,-0.203994,0.947988
940,3.916667,0.011669,-0.012418,0.032062,-0.999341,1.987437,-0.099602,0.025838,0.011102,-0.018066,0.125439,-0.991875,2.060385,-0.369539,0.023926,-0.022158,-0.016352,-0.021214,0.999396,2.048804,-0.204301,0.947958
941,3.920833,0.011230,-0.012296,0.031768,-0.999357,1.987410,-0.099649,0.025808,0.011330,-0.017844,0.125440,-0.991876,2.060461,-0.369396,0.023856,-0.022100,-0.015934,-0.021039,0.999407,2.049463,-0.204552,0.947926
942,3.925000,0.010950,-0.012111,0.031635,-0.999366,1.987365,-0.099697,0.025772,0.011254,-0.017632,0.125577,-0.991863,2.060447,-0.369365,0.023831,-0.022716,-0.015633,-0.021199,0.999395,2.050227,-0.204842,0.947769
943,3.929167,0.010490,-0.011955,0.031412,-0.999380,1.987324,-0.099754,0.025734,0.011330,-0.017327,0.125687,-0.991854,2.060434,-0.369350,0.023801,-0.022536,-0.015347,-0.020853,0.999411,2.050717,-0.205054,0.947784
944,3.933333,0.010134,-0.011780,0.031113,-0.999395,1.987288,-0.099794,0.025700,0.011603,-0.017160,0.126005,-0.991813,2.060352,-0.369399,0.023779,-0.023076,-0.015069,-0.021191,0.999395,2.051453,-0.205402,0.947616
945,3.937500,0.009861,-0.011527,0.030957,-0.999406,1.987242,-0.099831,0.025661,0.012178,-0.017086,0.126122,-0.991793,2.060309,-0.369413,0.023732,-0.023605,-0.014928,-0.021243,0.999384,2.052072,-0.205726,0.947449
946,3.941667,0.009636,-0.011200,0.030812,-0.999416,1.987190,-0.099857,0.025609,0.012465,-0.016900,0.126126,-0.991792,2.060288,-0.369403,0.023679,-0.023983,-0.014689,-0.021014,0.999384,2.052560,-0.205971,0.947246
947,3.945833,0.009533,-0.010906,0.030710,-0.999423,1.987147,-0.099869,0.025563,0.012684,-0.016715,0.126004,-0.991808,2.060259,-0.369380,0.023632,-0.024329,-0.014273,-0.021020,0.999381,2.053102,-0.206252,0.947034
948,3.950000,0.009470,-0.010591,0.030558,-0.999432,1.987085,-0.099862,0.025510,0.012436,-0.016592,0.125416,-0.991888,2.060189,-0.369464,0.023634,-0.024432,-0.013662,-0.021056,0.999386,2.053638,-0.206510,0.946843
949,3.954167,0.009480,-0.010249,0.030467,-0.999438,1.987032,-0.099858,0.025466,0.017235,-0.016892,0.125187,-0.991840,2.060058,-0.369220,0.023289,-0.024553,-0.013052,-0.021129,0.999390,2.054171,-0.206777,0.946649
950,3.958333,0.009465,-0.009913,0.030384,-0.999444,1.986979,-0.099839,0.025414,0.017750,-0.016758,0.125064,-0.991848,2.060010,-0.369229,0.023232,-0.024505,-0.013214,-0.021154,0.999389,2.054393,-0.207000,0.946686
951,3.962500,0.009210,-0.009814,0.030218,-0.999453,1.986906,-0.099814,0.025342,0.018504,-0.016770,0.124774,-0.991871,2.059951,-0.369269,0.023170,-0.024666,-0.012738,-0.021208,0.999390,2.054882,-0.207246,0.946536
952,3.966667,0.009094,-0.009796,0.030009,-0.999460,1.986787,-0.099744,0.025275,0.018963,-0.016726,0.124559,-0.991890,2.059891,-0.369308,0.023123,-0.024943,-0.012331,-0.021184,0.999388,2.055333,-0.207485,0.946391
953,3.970833,0.007567,-0.010313,0.029296,-0.999489,1.986717,-0.099617,0.025159,0.019048,-0.016543,0.124441,-0.991906,2.059864,-0.369321,0.023102,-0.025348,-0.011896,-0.021295,0.999381,2.055831,-0.207718,0.946236
954,3.975000,0.006439,-0.010805,0.028787,-0.999506,1.986618,-0.099492,0.025030,0.019048,-0.016421,0.124344,-0.991920,2.059853,-0.369316,0.023077,-0.025648,-0.011475,-0.021338,0.999377,2.056313,-0.207941,0.946088
955,3.979167,0.005593,-0.011195,0.028384,-0.999519,1.986533,-0.099367,0.024897,0.018981,-0.016285,0.124224,-0.991939,2.059843,-0.369325,0.023064,-0.026010,-0.011075,-0.021585,0.999367,2.056843,-0.208183,0.945927
956,3.983333,0.004929,-0.011501,0.028060,-0.999528,1.986456,-0.099241,0.024777,0.019042,-0.016192,0.124135,-0.991951,2.059830,-0.369326,0.023045,-0.026343,-0.010700,-0.021726,0.999360,2.057345,-0.208400,0.945776
957,3.987500,0.004602,-0.011681,0.027900,-0.999532,1.986377,-0.099131,0.024675,0.019020,-0.016100,0.124056,-0.991962,2.059822,-0.369332,0.023037,-0.026679,-0.010280,-0.021789,0.999354,2.057807,-0.208589,0.945665
958,3.991667,0.004400,-0.011768,0.027736,-0.999536,1.986306,-0.099026,0.024590,0.019044,-0.016057,0.123899,-0.991982,2.059815,-0.369337,0.023034,-0.027242,-0.009906,-0.021752,0.999343,2.058265,-0.208774,0.945521
959,3.995833,0.004514,-0.011701,0.027727,-0.999537,1.986258,-0.098936,0.024528,0.019144,-0.016050,0.123829,-0.991989,2.059805,-0.369346,0.023032,-0.027466,-0.009479,-0.021668,0.999343,2.058686,-0.208985,0.945460
960,4.000000,0.004756,-0.011585,0.027716,-0.999537,1.986209,-0.098859,0.024492,0.019167,-0.016044,0.123754,-0.991998,2.059810,-0.369346,0.023035,-0.027670,-0.009002,-0.021785,0.999339,2.059161,-0.209173,0.945378
961,4.004167,0.005280,-0.011386,0.027776,-0.999535,1.986188,-0.098809,0.024472,0.019601,-0.016299,0.123193,-0.992055,2.059894,-0.369257,0.023005,-0.027895,-0.008547,-0.021895,0.999335,2.059624,-0.209361,0.945307
962,4.008333,0.005877,-0.011128,0.027815,-0.999534,1.986159,-0.098768,0.024471,0.019351,-0.016082,0.123598,-0.992013,2.059819,-0.369330,0.023046,-0.028046,-0.008176,-0.022009,0.999331,2.060089,-0.209557,0.945268
963,4.012500,0.006446,-0.011003,0.027814,-0.999532,1.986146,-0.098729,0.024494,0.019806,-0.016398,0.123126,-0.992058,2.059892,-0.369256,0.023010,-0.028142,-0.007749,-0.022150,0.999328,2.060530,-0.209722,0.945244
964,4.016667,0.006865,-0.010972,0.027828,-0.999529,1.986172,-0.098716,0.024535,0.019912,-0.016462,0.123109,-0.992057,2.059900,-0.369252,0.023025,-0.028172,-0.007438,-0.022289,0.999327,2.060935,-0.209884,0.945242
965,4.020833,0.007522,-0.010818,0.027900,-0.999524,1.986166,-0.098694,0.024567,0.019495,-0.016256,0.123434,-0.992028,2.059843,-0.369328,0.023081,-0.028189,-0.007197,-0.022422,0.999325,2.061315,-0.210043,0.945276
966,4.025000,0.008289,-0.010645,0.027926,-0.999519,1.986166,-0.098675,0.024587,0.020032,-0.016677,0.123562,-0.991995,2.059845,-0.369349,0.023068,-0.028116,-0.007015,-0.022583,0.999325,2.061692,-0.210193,0.945318
967,4.029167,0.008881,-0.010493,0.027955,-0.999515,1.986176,-0.098646,0.024615,0.020194,-0.016733,0.123535,-0.991994,2.059834,-0.369326,0.023083,-0.028053,-0.006904,-0.022770,0.999323,2.062111,-0.210369,0.945351
968,4.033333,0.009413,-0.010486,0.027938,-0.999510,1.986180,-0.098631,0.024646,0.020205,-0.016822,0.123047,-0.992053,2.059914,-0.369226,0.023079,-0.027879,-0.006764,-0.022987,0.999324,2.062512,-0.210535,0.945442
969,4.037500,0.009804,-0.010516,0.027984,-0.999505,1.986188,-0.098610,0.024677,0.019933,-0.016704,0.123365,-0.992021,2.059869,-0.369286,0.023139,-0.027676,-0.006703,-0.023225,0.999325,2.062887,-0.210669,0.945520
970,4.041667,0.010122,-0.010554,0.027894,-0.999504,1.986196,-0.098591,0.024697,0.020455,-0.017071,0.123049,-0.992043,2.059947,-0.369218,0.023108,-0.027522,-0.006738,-0.023422,0.999324,2.063251,-0.210802,0.945593
971,4.045833,0.010341,-0.010673,0.027840,-0.999502,1.986207,-0.098569,0.024708,0.020053,-0.017229,0.123167,-0.992034,2.060006,-0.369215,0.023160,-0.027493,-0.006777,-0.023572,0.999321,2.063581,-0.210925,0.945633
972,4.050000,0.010468,-0.010824,0.027734,-0.999502,1.986203,-0.098543,0.024727,0.018774,-0.017098,0.123396,-0.992033,2.060049,-0.369252,0.023269,-0.027209,-0.006726,-0.023837,0.999323,2.063953,-0.211054,0.945726
973,4.054167,0.010570,-0.011052,0.027594,-0.999502,1.986213,-0.098527,0.024738,0.017264,-0.016981,0.123538,-0.992044,2.060069,-0.369307,0.023400,-0.026434,-0.006782,-0.023739,0.999346,2.064175,-0.211125,0.945941
974,4.058333,0.011140,-0.011030,0.027621,-0.999496,1.986199,-0.098508,0.024713,0.016047,-0.016834,0.123636,-0.992055,2.060096,-0.369320,0.023495,-0.025845,-0.007344,-0.024014,0.999350,2.064437,-0.211377,0.946152
975,4.062500,0.011052,-0.011208,0.027445,-0.999499,1.986190,-0.098479,0.024740,0.015363,-0.016777,0.123753,-0.992052,2.060107,-0.369331,0.023567,-0.025908,-0.007571,-0.024205,0.999343,2.064818,-0.211510,0.946201
976,4.066667,0.011182,-0.011415,0.027400,-0.999497,1.986207,-0.098482,0.024748,0.015093,-0.016712,0.124318,-0.991987,2.060030,-0.369396,0.023636,-0.025892,-0.007700,-0.024460,0.999336,2.065200,-0.211614,0.946264
977,4.070833,0.011164,-0.011559,0.027244,-0.999500,1.986214,-0.098472,0.024764,0.015987,-0.017164,0.124530,-0.991939,2.060024,-0.369408,0.023611,-0.025693,-0.007741,-0.024640,0.999336,2.065553,-0.211715,0.946352
978,4.075000,0.011174,-0.011697,0.027144,-0.999501,1.986221,-0.098474,0.024786,0.015511,-0.017000,0.123952,-0.992021,2.060114,-0.369266,0.023621,-0.025575,-0.007740,-0.024824,0.999335,2.065902,-0.211801,0.946430
979,4.079167,0.011167,-0.011889,0.026970,-0.999503,1.986231,-0.098465,0.024814,0.016075,-0.017157,0.124060,-0.991996,2.060129,-0.369219,0.023608,-0.025459,-0.007716,-0.024962,0.999334,2.066231,-0.211889,0.946494
980,4.083333,0.011168,-0.011995,0.026824,-0.999506,1.986239,-0.098468,0.024839,0.016856,-0.017243,0.124644,-0.991909,2.060076,-0.369241,0.023612,-0.025293,-0.007656,-0.025068,0.999336,2.066540,-0.211975,0.946543
981,4.087500,0.011179,-0.012130,0.026684,-0.999508,1.986236,-0.098467,0.024857,0.017410,-0.017482,0.124224,-0.991947,2.060147,-0.369129,0.023564,-0.025161,-0.007501,-0.025183,0.999338,2.066860,-0.212052,0.946582
982,4.091667,0.011192,-0.012234,0.026491,-0.999512,1.986236,-0.098468,0.024883,0.018105,-0.017678,0.124282,-0.991924,2.060152,-0.369080,0.023542,-0.025041,-0.007318,-0.025191,0.999342,2.067137,-0.212115,0.946627
983,4.095833,0.011213,-0.012326,0.026373,-0.999513,1.986233,-0.098469,0.024912,0.018664,-0.017759,0.124415,-0.991896,2.060152,-0.369044,0.023529,-0.024859,-0.007123,-0.025207,0.999348,2.067410,-0.212173,0.946652
984,4.100000,0.011190,-0.012359,0.026211,-0.999517,1.986246,-0.098490,0.024920,0.019038,-0.017890,0.124486,-0.991877,2.060151,-0.369003,0.023514,-0.024736,-0.006952,-0.025203,0.999352,2.067683,-0.212248,0.946663
985,4.104167,0.011234,-0.012392,0.026102,-0.999519,1.986257,-0.098501,0.024937,0.019278,-0.017910,0.124620,-0.991856,2.060151,-0.368975,0.023512,-0.024599,-0.006731,-0.025177,0.999358,2.067912,-0.212293,0.946679
986,4.108333,0.011311,-0.012455,0.025984,-0.999521,1.986269,-0.098515,0.024947,0.019439,-0.017955,0.124706,-0.991841,2.060156,-0.368951,0.023515,-0.025169,-0.006335,-0.025751,0.999331,2.068344,-0.212511,0.946535
987,4.112500,0.011403,-0.012459,0.025853,-0.999523,1.986262,-0.098524,0.024963,0.019478,-0.017996,0.124731,-0.991836,2.060160,-0.368932,0.023519,-0.024588,-0.006207,-0.025262,0.999359,2.068407,-0.212408,0.946636
988,4.116667,0.011420,-0.012479,0.025606,-0.999529,1.986250,-0.098522,0.024971,0.019462,-0.017978,0.124834,-0.991824,2.060169,-0.368921,0.023528,-0.024668,-0.005874,-0.025404,0.999356,2.068693,-0.212435,0.946595
989,4.120833,0.011473,-0.012482,0.025475,-0.999532,1.986237,-0.098521,0.024969,0.019417,-0.017960,0.124835,-0.991825,2.060173,-0.368906,0.023532,-0.024662,-0.005621,-0.025465,0.999356,2.068935,-0.212469,0.946564
990,4.125000,0.011566,-0.012436,0.025363,-0.999534,1.986214,-0.098517,0.024968,0.019264,-0.017843,0.124915,-0.991820,2.060172,-0.368898,0.023533,-0.024721,-0.005368,-0.025481,0.999355,2.069164,-0.212521,0.946538
991,4.129167,0.011533,-0.012442,0.025247,-0.999537,1.986218,-0.098517,0.024972,0.019253,-0.017824,0.124966,-0.991814,2.060170,-0.368885,0.023533,-0.024430,-0.005217,-0.025077,0.999373,2.069225,-0.212565,0.946565
992,4.133333,0.011473,-0.012436,0.025157,-0.999540,1.986228,-0.098516,0.024960,0.019249,-0.017692,0.124963,-0.991817,2.060172,-0.368882,0.023532,-0.025422,-0.004827,-0.025919,0.999329,2.069764,-0.212769,0.946348
993,4.137500,0.011480,-0.012397,0.025031,-0.999544,1.986223,-0.098508,0.024955,0.019272,-0.017626,0.124970,-0.991817,2.060161,-0.368882,0.023525,-0.025544,-0.004563,-0.025962,0.999326,2.069965,-0.212803,0.946279
994,4.141667,0.011520,-0.012379,0.025071,-0.999543,1.986190,-0.098502,0.024953,0.019321,-0.017522,0.124997,-0.991814,2.060155,-0.368876,0.023501,-0.025662,-0.004306,-0.026007,0.999323,2.070175,-0.212847,0.946204
995,4.145833,0.011560,-0.012330,0.024996,-0.999545,1.986171,-0.098493,0.024939,0.019441,-0.017432,0.124946,-0.991820,2.060142,-0.368872,0.023490,-0.025770,-0.004031,-0.026078,0.999320,2.070374,-0.212873,0.946130
996,4.150000,0.011524,-0.012292,0.024860,-0.999549,1.986163,-0.098488,0.024926,0.019510,-0.017392,0.124942,-0.991820,2.060139,-0.368866,0.023471,-0.025888,-0.003731,-0.026131,0.999316,2.070564,-0.212893,0.946042
997,4.154167,0.011581,-0.012255,0.024745,-0.999552,1.986143,-0.098479,0.024917,0.019656,-0.017270,0.124911,-0.991823,2.060130,-0.368859,0.023448,-0.026094,-0.003449,-0.026172,0.999311,2.070772,-0.212914,0.945940
998,4.158333,0.011534,-0.012211,0.024679,-0.999554,1.986146,-0.098473,0.024899,0.019766,-0.017170,0.124842,-0.991831,2.060114,-0.368857,0.023427,-0.026246,-0.003230,-0.026150,0.999308,2.070960,-0.212922,0.945841
999,4.162500,0.011542,-0.012236,0.024748,-0.999552,1.986123,-0.098463,0.024883,0.019950,-0.017106,0.124799,-0.991834,2.060108,-0.368847,0.023393,-0.026454,-0.003019,-0.026185,0.999303,2.071162,-0.212929,0.945745
1000,4.166667,0.011554,-0.012176,0.024604,-0.999556,1.986114,-0.098461,0.024866,0.020003,-0.016913,0.124751,-0.991842,2.060089,-0.368847,0.023382,-0.026638,-0.002812,-0.026162,0.999299,2.071351,-0.212912,0.945647
1001,4.170833,0.011577,-0.012132,0.024651,-0.999556,1.986097,-0.098449,0.024851,0.020074,-0.016853,0.124693,-0.991849,2.060078,-0.368843,0.023354,-0.026776,-0.002706,-0.026112,0.999297,2.071551,-0.212898,0.945540
1002,4.175000,0.011555,-0.012104,0.024597,-0.999557,1.986084,-0.098437,0.024841,0.020173,-0.016709,0.124633,-0.991857,2.060069,-0.368848,0.023337,-0.026956,-0.002612,-0.026039,0.999294,2.071748,-0.212880,0.945437
1003,4.179167,0.011575,-0.012023,0.024595,-0.999558,1.986071,-0.098425,0.024829,0.020214,-0.016596,0.124571,-0.991866,2.060060,-0.368851,0.023309,-0.027094,-0.002552,-0.025933,0.999293,2.071938,-0.212841,0.945345
1004,4.183333,0.011589,-0.011951,0.024554,-0.999560,1.986058,-0.098416,0.024817,0.020164,-0.016404,0.124527,-0.991876,2.060045,-0.368860,0.023303,-0.027240,-0.002543,-0.025779,0.999293,2.072117,-0.212807,0.945261
1005,4.187500,0.011609,-0.011865,0.024537,-0.999561,1.986045,-0.098408,0.024805,0.020179,-0.016344,0.124451,-0.991886,2.060029,-0.368864,0.023281,-0.027372,-0.002538,-0.025640,0.999293,2.072309,-0.212751,0.945179
1006,4.191667,0.011559,-0.011837,0.024465,-0.999564,1.986030,-0.098408,0.024786,0.020222,-0.016183,0.124370,-0.991898,2.060026,-0.368864,0.023269,-0.027489,-0.002554,-0.025457,0.999295,2.072483,-0.212697,0.945105
1007,4.195833,0.011590,-0.011853,0.024481,-0.999563,1.986023,-0.098402,0.024778,0.020212,-0.016083,0.124287,-0.991910,2.060015,-0.368868,0.023253,-0.027605,-0.002574,-0.025247,0.999297,2.072659,-0.212636,0.945037
1008,4.200000,0.011577,-0.011800,0.024391,-0.999566,1.986013,-0.098395,0.024767,0.020176,-0.015982,0.124297,-0.991911,2.060000,-0.368872,0.023243,-0.027171,-0.002718,-0.024338,0.999331,2.072574,-0.212393,0.945090
1009,4.204167,0.011575,-0.011772,0.024381,-0.999566,1.986004,-0.098398,0.024767,0.020258,-0.015897,0.124228,-0.991920,2.060001,-0.368884,0.023233,-0.027183,-0.002845,-0.024027,0.999338,2.072737,-0.212312,0.945047
1010,4.208333,0.011467,-0.011780,0.024303,-0.999569,1.985996,-0.098402,0.024763,0.020234,-0.015805,0.124185,-0.991927,2.059993,-0.368883,0.023219,-0.027274,-0.002954,-0.023708,0.999343,2.072911,-0.212223,0.945016
1011,4.212500,0.011429,-0.011789,0.024285,-0.999570,1.985986,-0.098397,0.024760,0.020305,-0.015713,0.124133,-0.991933,2.059983,-0.368876,0.023207,-0.027229,-0.003075,-0.023371,0.999351,2.073046,-0.212123,0.945000
1012,4.216667,0.011426,-0.011762,0.024197,-0.999573,1.985973,-0.098400,0.024751,0.020382,-0.015601,0.124110,-0.991936,2.059978,-0.368881,0.023200,-0.027232,-0.003207,-0.023006,0.999359,2.073186,-0.212025,0.944985
1013,4.220833,0.011422,-0.011763,0.024142,-0.999574,1.985960,-0.098403,0.024746,0.020420,-0.015556,0.124069,-0.991941,2.059974,-0.368880,0.023189,-0.027234,-0.003350,-0.022637,0.999367,2.073318,-0.211911,0.944972
1014,4.225000,0.011421,-0.011734,0.024071,-0.999576,1.985961,-0.098407,0.024749,0.020445,-0.015484,0.124038,-0.991946,2.059961,-0.368878,0.023186,-0.027271,-0.003456,-0.022276,0.999374,2.073454,-0.211802,0.944967
1015,4.229167,0.011356,-0.011760,0.024042,-0.999577,1.985968,-0.098413,0.024746,0.020507,-0.015444,0.124012,-0.991949,2.059959,-0.368871,0.023176,-0.027260,-0.003541,-0.021915,0.999382,2.073560,-0.211693,0.944970
1016,4.233333,0.011402,-0.011745,0.023985,-0.999578,1.985963,-0.098410,0.024747,0.020568,-0.015384,0.124001,-0.991950,2.059956,-0.368865,0.023175,-0.027237,-0.003633,-0.021536,0.999390,2.073653,-0.211579,0.944964
1017,4.237500,0.011483,-0.011744,0.023978,-0.999578,1.985957,-0.098415,0.024753,0.020575,-0.015373,0.123973,-0.991953,2.059955,-0.368854,0.023169,-0.027211,-0.003633,-0.021182,0.999399,2.073732,-0.211460,0.944961
1018,4.241667,0.011513,-0.011697,0.023901,-0.999580,1.985963,-0.098417,0.024749,0.020688,-0.015333,0.123973,-0.991951,2.059954,-0.368846,0.023164,-0.027203,-0.003635,-0.020843,0.999406,2.073798,-0.211338,0.944966
1019,4.245833,0.011669,-0.011707,0.023846,-0.999579,1.985955,-0.098413,0.024749,0.020800,-0.015259,0.123976,-0.991950,2.059954,-0.368839,0.023161,-0.027193,-0.003650,-0.020485,0.999414,2.073862,-0.211214,0.944960
1020,4.250000,0.011733,-0.011718,0.023846,-0.999578,1.985962,-0.098415,0.024749,0.020879,-0.015225,0.123969,-0.991950,2.059947,-0.368834,0.023158,-0.027182,-0.003628,-0.020144,0.999421,2.073900,-0.211082,0.944963
1021,4.254167,0.011900,-0.011670,0.023809,-0.999578,1.985951,-0.098399,0.024753,0.021036,-0.015252,0.123950,-0.991948,2.059944,-0.368820,0.023149,-0.027161,-0.003560,-0.019732,0.999430,2.073916,-0.210934,0.944982
