Frame,Time (Seconds),LFoot:Rotation:X,LFoot:Rotation:Y,LFoot:Rotation:Z,LFoot:Rotation:W,LFoot:Position:X,LFoot:Position:Y,LFoot:Position:Z,RFoot:Rotation:X,RFoot:Rotation:Y,RFoot:Rotation:Z,RFoot:Rotation:W,RFoot:Position:X,RFoot:Position:Y,RFoot:Position:Z,Waist:Rotation:X,Waist:Rotation:Y,Waist:Rotation:Z,Waist:Rotation:W,Waist:Position:X,Waist:Position:Y,Waist:Position:Z
0,0.000000,0.028852,-0.034441,0.813901,-0.579264,1.732368,0.716449,0.031421,-0.011364,0.023944,-0.892157,0.450947,1.454254,0.823308,0.037711,-0.001169,0.041373,-0.799425,0.599339,1.621118,0.760416,0.950961
1,0.004167,0.028822,-0.034467,0.813919,-0.579238,1.732360,0.716450,0.031423,-0.011373,0.023938,-0.892143,0.450975,1.454256,0.823306,0.037707,-0.001076,0.041441,-0.799485,0.599254,1.621124,0.760454,0.950977
2,0.008333,0.028785,-0.034466,0.813900,-0.579267,1.732350,0.716450,0.031423,-0.011421,0.024038,-0.892126,0.451001,1.454257,0.823305,0.037706,-0.000953,0.041624,-0.799523,0.599191,1.621106,0.760487,0.950980
3,0.012500,0.028688,-0.034424,0.813916,-0.579252,1.732351,0.716452,0.031425,-0.011383,0.023937,-0.892102,0.451056,1.454248,0.823311,0.037686,-0.000679,0.041678,-0.799571,0.599123,1.621084,0.760540,0.951002
4,0.016667,0.028628,-0.034391,0.813915,-0.579258,1.732349,0.716454,0.031423,-0.011383,0.023937,-0.892099,0.451062,1.454250,0.823297,0.037683,-0.001400,0.042521,-0.799465,0.599205,1.621082,0.760542,0.951078
5,0.020833,0.028508,-0.034345,0.813892,-0.579300,1.732332,0.716452,0.031421,-0.011419,0.023972,-0.892085,0.451086,1.454249,0.823291,0.037681,-0.001112,0.042770,-0.799369,0.599315,1.620940,0.760515,0.951115
6,0.025000,0.028404,-0.034274,0.813912,-0.579280,1.732324,0.716453,0.031422,-0.011461,0.024030,-0.892059,0.451135,1.454255,0.823283,0.037677,-0.000853,0.043056,-0.799254,0.599448,1.620792,0.760520,0.951153
7,0.029167,0.028335,-0.034217,0.813924,-0.579270,1.732321,0.716456,0.031419,-0.011461,0.024132,-0.892018,0.451209,1.454254,0.823281,0.037667,-0.000698,0.043398,-0.799158,0.599552,1.620676,0.760518,0.951194
8,0.033333,0.028299,-0.034252,0.813958,-0.579223,1.732309,0.716456,0.031423,-0.011515,0.024146,-0.891984,0.451274,1.454260,0.823268,0.037658,-0.000523,0.043590,-0.799105,0.599609,1.620589,0.760503,0.951230
9,0.037500,0.028270,-0.034268,0.813945,-0.579240,1.732296,0.716452,0.031427,-0.011519,0.024215,-0.891946,0.451345,1.454253,0.823269,0.037652,-0.001451,0.042692,-0.800447,0.597879,1.621271,0.760328,0.951038
10,0.041667,0.028201,-0.034202,0.813936,-0.579260,1.732290,0.716452,0.031430,-0.011533,0.024194,-0.891919,0.451400,1.454252,0.823266,0.037644,-0.001488,0.042736,-0.800554,0.597733,1.621291,0.760273,0.950972
11,0.045833,0.028125,-0.034192,0.813947,-0.579250,1.732283,0.716450,0.031430,-0.011557,0.024264,-0.891857,0.451518,1.454253,0.823255,0.037634,-0.001625,0.042546,-0.800757,0.597474,1.621315,0.760241,0.950915
12,0.050000,0.028058,-0.034170,0.813961,-0.579235,1.732274,0.716449,0.031437,-0.011590,0.024305,-0.891785,0.451657,1.454256,0.823248,0.037630,-0.001816,0.042383,-0.800928,0.597256,1.621384,0.760200,0.950842
13,0.054167,0.027942,-0.034123,0.813945,-0.579266,1.732257,0.716445,0.031442,-0.011569,0.024328,-0.891735,0.451755,1.454253,0.823236,0.037619,-0.001959,0.042178,-0.801128,0.597002,1.621447,0.760153,0.950733
14,0.058333,0.027839,-0.034025,0.813971,-0.579239,1.732252,0.716449,0.031442,-0.011645,0.024384,-0.891679,0.451861,1.454252,0.823223,0.037613,-0.001954,0.041462,-0.801354,0.596749,1.621497,0.760122,0.950610
15,0.062500,0.027712,-0.033906,0.813989,-0.579228,1.732244,0.716448,0.031444,-0.011644,0.024413,-0.891585,0.452044,1.454253,0.823212,0.037601,-0.001923,0.040465,-0.801552,0.596552,1.621475,0.760138,0.950484
16,0.066667,0.027647,-0.033935,0.813989,-0.579229,1.732225,0.716446,0.031451,-0.011670,0.024420,-0.891522,0.452169,1.454241,0.823206,0.037594,-0.000948,0.041075,-0.800513,0.597906,1.620904,0.760161,0.950607
17,0.070833,0.027509,-0.033915,0.813959,-0.579279,1.732219,0.716440,0.031463,-0.011701,0.024510,-0.891434,0.452336,1.454239,0.823207,0.037577,-0.000711,0.041158,-0.800458,0.597974,1.620856,0.760137,0.950611
18,0.075000,0.027457,-0.033892,0.813980,-0.579253,1.732209,0.716438,0.031469,-0.011721,0.024523,-0.891344,0.452512,1.454230,0.823210,0.037565,-0.000343,0.041246,-0.800456,0.597971,1.620845,0.760118,0.950681
19,0.079167,0.027439,-0.033934,0.813979,-0.579253,1.732197,0.716443,0.031476,-0.011710,0.024497,-0.891240,0.452718,1.454219,0.823210,0.037551,0.000030,0.041366,-0.800454,0.597965,1.620869,0.760106,0.950734
20,0.083333,0.027367,-0.033923,0.813974,-0.579264,1.732189,0.716437,0.031480,-0.011710,0.024489,-0.891165,0.452866,1.454207,0.823212,0.037543,0.000295,0.041475,-0.800461,0.597948,1.620930,0.760076,0.950770
21,0.087500,0.027257,-0.033902,0.813981,-0.579261,1.732186,0.716439,0.031484,-0.011732,0.024589,-0.891030,0.453126,1.454205,0.823224,0.037524,0.000538,0.041635,-0.800477,0.597915,1.621025,0.760026,0.950794
22,0.091667,0.027237,-0.033927,0.813996,-0.579238,1.732180,0.716440,0.031488,-0.011802,0.024845,-0.890870,0.453425,1.454215,0.823253,0.037480,0.000828,0.041761,-0.800568,0.597784,1.621102,0.760022,0.950794
23,0.095833,0.027190,-0.033982,0.814008,-0.579221,1.732168,0.716435,0.031494,-0.011800,0.024949,-0.890773,0.453610,1.454208,0.823278,0.037454,0.001139,0.041905,-0.800669,0.597639,1.621240,0.760009,0.950770
24,0.100000,0.027143,-0.033999,0.814016,-0.579211,1.732160,0.716430,0.031504,-0.011746,0.024668,-0.890709,0.453751,1.454161,0.823282,0.037466,0.001445,0.042021,-0.800821,0.597426,1.621360,0.760007,0.950759
25,0.104167,0.027201,-0.034075,0.814048,-0.579158,1.732162,0.716427,0.031511,-0.011528,0.023880,-0.890781,0.453658,1.454094,0.823265,0.037506,0.001857,0.042268,-0.801000,0.597167,1.621533,0.760001,0.950728
26,0.108333,0.027269,-0.034149,0.814080,-0.579106,1.732163,0.716428,0.031511,-0.011494,0.023673,-0.890693,0.453843,1.454064,0.823283,0.037501,0.002133,0.042444,-0.801238,0.596835,1.621692,0.759988,0.950702
27,0.112500,0.027186,-0.034098,0.814098,-0.579088,1.732159,0.716421,0.031518,-0.011420,0.023400,-0.890643,0.453958,1.454037,0.823295,0.037496,0.002442,0.042654,-0.801453,0.596530,1.621866,0.759963,0.950666
28,0.116667,0.027300,-0.034212,0.814110,-0.579059,1.732158,0.716423,0.031516,-0.011355,0.023138,-0.890592,0.454072,1.454017,0.823300,0.037489,0.002811,0.042822,-0.801680,0.596211,1.622033,0.759950,0.950637
29,0.120833,0.027292,-0.034239,0.814121,-0.579042,1.732166,0.716419,0.031520,-0.011311,0.023016,-0.890539,0.454184,1.453986,0.823318,0.037489,0.003239,0.042951,-0.801984,0.595791,1.622170,0.759927,0.950617
30,0.125000,0.027390,-0.034387,0.814164,-0.578968,1.732161,0.716413,0.031521,-0.011289,0.022926,-0.890474,0.454317,1.453964,0.823326,0.037493,0.003675,0.043084,-0.802280,0.595379,1.622338,0.759917,0.950604
31,0.129167,0.027466,-0.034490,0.814153,-0.578974,1.732163,0.716421,0.031522,-0.011265,0.022853,-0.890414,0.454437,1.453956,0.823336,0.037494,0.003956,0.043326,-0.802576,0.594962,1.622486,0.759889,0.950606
32,0.133333,0.029326,-0.036010,0.814272,-0.578623,1.732077,0.716388,0.031404,-0.011225,0.022848,-0.890368,0.454529,1.453948,0.823342,0.037495,0.004218,0.043542,-0.802865,0.594553,1.622633,0.759877,0.950623
33,0.137500,0.029450,-0.036181,0.814288,-0.578583,1.732068,0.716386,0.031404,-0.011286,0.023348,-0.890227,0.454778,1.453917,0.823399,0.037472,0.004681,0.043719,-0.803174,0.594120,1.622750,0.759857,0.950645
34,0.141667,0.029544,-0.036244,0.814313,-0.578539,1.732080,0.716393,0.031406,-0.011345,0.023380,-0.890221,0.454787,1.453918,0.823371,0.037514,0.005113,0.044029,-0.803478,0.593683,1.622899,0.759844,0.950647
35,0.145833,0.029508,-0.036237,0.814343,-0.578499,1.732082,0.716398,0.031408,-0.011066,0.023033,-0.890234,0.454785,1.453926,0.823363,0.037513,0.005510,0.044248,-0.803793,0.593235,1.623052,0.759835,0.950653
36,0.150000,0.029502,-0.036201,0.814353,-0.578488,1.732087,0.716404,0.031420,-0.011010,0.023020,-0.890234,0.454788,1.453920,0.823350,0.037527,0.005923,0.044573,-0.804128,0.592753,1.623188,0.759830,0.950671
37,0.154167,0.029543,-0.036248,0.814392,-0.578428,1.732090,0.716412,0.031419,-0.010887,0.022922,-0.890261,0.454743,1.453921,0.823337,0.037540,0.006438,0.044930,-0.804467,0.592260,1.623353,0.759839,0.950655
38,0.158333,0.029571,-0.036216,0.814417,-0.578394,1.732106,0.716417,0.031421,-0.010859,0.023142,-0.890226,0.454801,1.453900,0.823357,0.037533,0.006920,0.045328,-0.804776,0.591804,1.623491,0.759826,0.950643
39,0.162500,0.029694,-0.036254,0.814449,-0.578339,1.732111,0.716429,0.031420,-0.010914,0.023270,-0.890207,0.454830,1.453914,0.823345,0.037556,0.007327,0.045702,-0.805051,0.591397,1.623696,0.759878,0.950645
40,0.166667,0.029726,-0.036395,0.814497,-0.578261,1.732108,0.716430,0.031417,-0.010876,0.023242,-0.890216,0.454815,1.453917,0.823339,0.037563,0.007692,0.045950,-0.805364,0.590947,1.623894,0.759912,0.950666
41,0.170833,0.029759,-0.036410,0.814597,-0.578118,1.732089,0.716434,0.031408,-0.010814,0.023207,-0.890221,0.454809,1.453929,0.823327,0.037575,0.008253,0.046227,-0.805686,0.590479,1.624068,0.759950,0.950676
42,0.175000,0.029894,-0.036418,0.814570,-0.578148,1.732086,0.716448,0.031410,-0.010965,0.023566,-0.890202,0.454824,1.453935,0.823315,0.037619,0.008736,0.046667,-0.805957,0.590067,1.624293,0.760030,0.950682
43,0.179167,0.029932,-0.036493,0.814617,-0.578076,1.732092,0.716457,0.031408,-0.010815,0.023315,-0.890212,0.454820,1.453953,0.823314,0.037603,0.005486,0.048882,-0.803546,0.593207,1.623361,0.759435,0.951201
44,0.183333,0.029921,-0.036399,0.814659,-0.578023,1.732099,0.716473,0.031405,-0.010862,0.023336,-0.890221,0.454801,1.453973,0.823305,0.037614,0.005418,0.048936,-0.804243,0.592257,1.623701,0.759535,0.951197
45,0.187500,0.029940,-0.036397,0.814712,-0.577948,1.732103,0.716486,0.031403,-0.011065,0.023664,-0.890244,0.454735,1.453981,0.823293,0.037656,0.005763,0.048957,-0.804998,0.591226,1.624048,0.759707,0.951180
46,0.191667,0.029991,-0.036443,0.814749,-0.577889,1.732106,0.716497,0.031401,-0.010959,0.023405,-0.890246,0.454746,1.454009,0.823277,0.037653,0.006372,0.049008,-0.805951,0.589916,1.624442,0.759955,0.951185
47,0.195833,0.029962,-0.036434,0.814767,-0.577866,1.732093,0.716511,0.031398,-0.010953,0.023534,-0.890248,0.454735,1.454031,0.823265,0.037677,0.006820,0.049336,-0.806635,0.588948,1.624734,0.760176,0.951259
48,0.200000,0.029971,-0.036452,0.814829,-0.577777,1.732101,0.716525,0.031393,-0.011203,0.024090,-0.890222,0.454751,1.454034,0.823256,0.037709,0.007148,0.049799,-0.807250,0.588061,1.624966,0.760305,0.951290
49,0.204167,0.029916,-0.036336,0.814876,-0.577721,1.732102,0.716550,0.031392,-0.011345,0.024222,-0.890271,0.454644,1.454055,0.823216,0.037736,0.008676,0.050517,-0.808040,0.586894,1.625356,0.760728,0.951227
50,0.208333,0.029970,-0.036371,0.814912,-0.577666,1.732099,0.716559,0.031388,-0.011100,0.023720,-0.890355,0.454513,1.454086,0.823198,0.037739,0.009480,0.050688,-0.808443,0.586312,1.625726,0.760896,0.951200
51,0.212500,0.029959,-0.036299,0.814945,-0.577625,1.732102,0.716573,0.031393,-0.011331,0.024224,-0.890338,0.454515,1.454096,0.823206,0.037754,0.010375,0.051092,-0.808728,0.585868,1.626080,0.761062,0.951187
52,0.216667,0.029959,-0.036319,0.815015,-0.577524,1.732101,0.716574,0.031389,-0.011505,0.024400,-0.890324,0.454528,1.454122,0.823192,0.037786,0.011088,0.051586,-0.808946,0.585510,1.626399,0.761222,0.951232
53,0.220833,0.029948,-0.036272,0.815032,-0.577504,1.732095,0.716586,0.031390,-0.011516,0.024466,-0.890329,0.454515,1.454135,0.823190,0.037783,0.011749,0.052215,-0.809114,0.585210,1.626736,0.761414,0.951212
54,0.225000,0.029883,-0.036251,0.815074,-0.577449,1.732094,0.716602,0.031401,-0.011397,0.024191,-0.890354,0.454483,1.454169,0.823190,0.037766,0.012131,0.052890,-0.809280,0.584911,1.627070,0.761588,0.951221
55,0.229167,0.029798,-0.036153,0.815113,-0.577404,1.732105,0.716615,0.031403,-0.011672,0.024710,-0.890307,0.454539,1.454192,0.823202,0.037785,0.012612,0.053309,-0.809534,0.584512,1.627377,0.761772,0.951243
56,0.233333,0.029765,-0.036169,0.815166,-0.577331,1.732089,0.716613,0.031403,-0.011583,0.024631,-0.890330,0.454502,1.454228,0.823213,0.037760,0.012954,0.054022,-0.809657,0.584268,1.627709,0.761931,0.951232
57,0.237500,0.029704,-0.036211,0.815225,-0.577248,1.732078,0.716618,0.031410,-0.011702,0.024860,-0.890307,0.454531,1.454254,0.823218,0.037765,0.013320,0.054614,-0.809891,0.583880,1.628041,0.762105,0.951210
58,0.241667,0.029579,-0.036079,0.815265,-0.577206,1.732104,0.716637,0.031416,-0.011778,0.025016,-0.890294,0.454545,1.454279,0.823228,0.037767,0.014551,0.054718,-0.810088,0.583568,1.628371,0.762315,0.951300
59,0.245833,0.029483,-0.036070,0.815283,-0.577186,1.732112,0.716630,0.031429,-0.011936,0.025297,-0.890260,0.454594,1.454316,0.823231,0.037773,0.014915,0.055198,-0.810440,0.583025,1.628731,0.762460,0.951301
60,0.250000,0.029414,-0.036058,0.815313,-0.577148,1.732115,0.716644,0.031440,-0.011912,0.025123,-0.890328,0.454471,1.454378,0.823191,0.037799,0.016336,0.056127,-0.810928,0.582219,1.629179,0.762452,0.951420
61,0.254167,0.029261,-0.036005,0.815339,-0.577121,1.732112,0.716647,0.031448,-0.012112,0.025588,-0.890272,0.454549,1.454408,0.823205,0.037791,0.016318,0.056707,-0.811155,0.581847,1.629486,0.762517,0.951493
62,0.258333,0.029107,-0.035906,0.815372,-0.577090,1.732107,0.716640,0.031467,-0.012264,0.026028,-0.890231,0.454599,1.454454,0.823215,0.037785,0.016426,0.057218,-0.811402,0.581449,1.629780,0.762616,0.951570
63,0.262500,0.029121,-0.035904,0.815385,-0.577071,1.732098,0.716647,0.031480,-0.012418,0.026583,-0.890185,0.454653,1.454490,0.823217,0.037767,0.016679,0.057881,-0.811686,0.580981,1.630038,0.762733,0.951618
64,0.266667,0.029081,-0.035935,0.815409,-0.577037,1.732105,0.716650,0.031494,-0.012484,0.026827,-0.890146,0.454713,1.454515,0.823216,0.037722,0.016559,0.058777,-0.812007,0.580445,1.630365,0.762822,0.951706
65,0.270833,0.029063,-0.035910,0.815465,-0.576960,1.732121,0.716648,0.031495,-0.012684,0.027639,-0.890105,0.454740,1.454560,0.823198,0.037729,0.016678,0.059770,-0.812279,0.579958,1.630713,0.762942,0.951769
66,0.275000,0.029120,-0.035915,0.815413,-0.577030,1.732073,0.716665,0.031505,-0.012661,0.027871,-0.890126,0.454686,1.454576,0.823179,0.037684,0.016981,0.060094,-0.812624,0.579433,1.631065,0.763111,0.951801
67,0.279167,0.029050,-0.035851,0.815407,-0.577047,1.732068,0.716665,0.031513,-0.012734,0.028386,-0.890118,0.454667,1.454595,0.823160,0.037670,0.017618,0.060341,-0.812984,0.578884,1.631412,0.763331,0.951765
68,0.283333,0.029140,-0.035882,0.815426,-0.577013,1.732060,0.716662,0.031521,-0.012819,0.028715,-0.890105,0.454669,1.454628,0.823110,0.037670,0.018162,0.060540,-0.813399,0.578263,1.631813,0.763557,0.951741
69,0.287500,0.029025,-0.035849,0.815450,-0.576987,1.732075,0.716673,0.031530,-0.012925,0.029156,-0.890122,0.454605,1.454638,0.823059,0.037675,0.018613,0.060763,-0.813725,0.577766,1.632230,0.763817,0.951710
70,0.291667,0.029053,-0.035891,0.815476,-0.576946,1.732072,0.716674,0.031535,-0.012969,0.029561,-0.890166,0.454491,1.454647,0.823000,0.037672,0.018920,0.060908,-0.814120,0.577184,1.632627,0.764094,0.951669
71,0.295833,0.029150,-0.035972,0.815523,-0.576869,1.732083,0.716680,0.031543,-0.013052,0.030042,-0.890216,0.454360,1.454655,0.822937,0.037670,0.019183,0.061037,-0.814478,0.576656,1.633051,0.764370,0.951656
72,0.300000,0.029243,-0.036246,0.815313,-0.577144,1.731970,0.716611,0.031533,-0.013123,0.030586,-0.890222,0.454309,1.454670,0.822869,0.037673,0.019618,0.061228,-0.814825,0.576131,1.633500,0.764677,0.951611
73,0.304167,0.028212,-0.034220,0.815617,-0.576890,1.732334,0.716805,0.031518,-0.013251,0.031102,-0.890269,0.454178,1.454692,0.822789,0.037678,0.020166,0.061264,-0.815252,0.575503,1.633924,0.765002,0.951536
74,0.308333,0.028016,-0.033907,0.815660,-0.576858,1.732396,0.716835,0.031521,-0.013289,0.031612,-0.890314,0.454053,1.454721,0.822696,0.037686,0.020698,0.061345,-0.815639,0.574928,1.634344,0.765335,0.951417
75,0.312500,0.028207,-0.034333,0.815943,-0.576422,1.732448,0.716913,0.031553,-0.013541,0.032276,-0.890287,0.454054,1.454751,0.822603,0.037705,0.021376,0.061408,-0.816065,0.574290,1.634810,0.765646,0.951297
76,0.316667,0.027430,-0.034904,0.816169,-0.576106,1.732522,0.716863,0.031613,-0.013635,0.032858,-0.890299,0.453984,1.454788,0.822486,0.037726,0.021852,0.061477,-0.816388,0.573807,1.635237,0.765967,0.951186
77,0.320833,0.027122,-0.034057,0.816190,-0.576141,1.732701,0.716997,0.031586,-0.013792,0.033376,-0.890296,0.453948,1.454809,0.822366,0.037756,0.022156,0.061396,-0.816668,0.573405,1.635698,0.766242,0.951087
78,0.325000,0.027209,-0.034160,0.816218,-0.576091,1.732691,0.717018,0.031607,-0.014108,0.034277,-0.890188,0.454082,1.454858,0.822239,0.037757,0.022982,0.061303,-0.817056,0.572830,1.636136,0.766528,0.950941
79,0.329167,0.027183,-0.034115,0.816269,-0.576022,1.732698,0.717031,0.031637,-0.014314,0.034823,-0.890161,0.454087,1.454885,0.822116,0.037788,0.024054,0.061092,-0.817491,0.572186,1.636603,0.766834,0.950741
80,0.333333,0.027194,-0.034101,0.816339,-0.575924,1.732715,0.717055,0.031652,-0.014536,0.035337,-0.890119,0.454125,1.454909,0.822011,0.037819,0.024828,0.061006,-0.817831,0.571677,1.637040,0.767100,0.950541
81,0.337500,0.027335,-0.034119,0.816415,-0.575808,1.732738,0.717068,0.031662,-0.014768,0.035698,-0.890073,0.454178,1.454934,0.821932,0.037846,0.025392,0.060694,-0.818161,0.571212,1.637471,0.767350,0.950395
82,0.341667,0.027494,-0.034318,0.816492,-0.575679,1.732724,0.717067,0.031692,-0.014871,0.035934,-0.890076,0.454151,1.454949,0.821877,0.037872,0.026042,0.060545,-0.818385,0.570879,1.637902,0.767579,0.950200
83,0.345833,0.028008,-0.034963,0.816693,-0.575332,1.732683,0.717071,0.031675,-0.015059,0.036076,-0.890054,0.454176,1.454968,0.821828,0.037910,0.026857,0.060258,-0.818657,0.570481,1.638332,0.767799,0.949979
84,0.350000,0.028330,-0.035135,0.816684,-0.575317,1.732670,0.717130,0.031706,-0.015226,0.036187,-0.890070,0.454131,1.454985,0.821815,0.037942,0.027618,0.060198,-0.818856,0.570165,1.638666,0.768024,0.949718
85,0.354167,0.028399,-0.035193,0.816767,-0.575192,1.732682,0.717168,0.031717,-0.015593,0.036156,-0.890031,0.454197,1.455018,0.821787,0.038002,0.028577,0.060064,-0.818999,0.569927,1.639026,0.768223,0.949454
86,0.358333,0.028408,-0.035276,0.816825,-0.575105,1.732675,0.717171,0.031727,-0.015960,0.036225,-0.890032,0.454175,1.455040,0.821784,0.038053,0.029674,0.059660,-0.819184,0.569647,1.639457,0.768451,0.949208
87,0.362500,0.028490,-0.035293,0.816930,-0.574950,1.732670,0.717178,0.031745,-0.016383,0.036391,-0.890089,0.454037,1.455045,0.821799,0.038122,0.030624,0.059339,-0.819282,0.569489,1.639831,0.768693,0.948997
88,0.366667,0.028432,-0.035258,0.817002,-0.574853,1.732666,0.717189,0.031761,-0.017050,0.036393,-0.890250,0.453696,1.455047,0.821846,0.038219,0.031709,0.058569,-0.819326,0.569447,1.640259,0.768904,0.948878
89,0.370833,0.028534,-0.035260,0.817063,-0.574761,1.732681,0.717207,0.031763,-0.017771,0.036358,-0.890273,0.453627,1.455069,0.821913,0.038312,0.030351,0.050266,-0.818749,0.571141,1.641256,0.768707,0.951023
90,0.375000,0.028430,-0.035212,0.817054,-0.574782,1.732667,0.717207,0.031781,-0.018308,0.036219,-0.890335,0.453493,1.455089,0.822015,0.038385,0.031091,0.049434,-0.818759,0.571160,1.641536,0.768910,0.951045
91,0.379167,0.028403,-0.035279,0.817096,-0.574719,1.732650,0.717210,0.031785,-0.018820,0.035936,-0.890295,0.453574,1.455125,0.822089,0.038473,0.028906,0.049868,-0.818540,0.571551,1.642114,0.769042,0.950864
92,0.383333,0.028382,-0.035248,0.817106,-0.574708,1.732652,0.717209,0.031782,-0.019453,0.035363,-0.890153,0.453871,1.455186,0.822112,0.038592,0.029276,0.050454,-0.818538,0.571483,1.642377,0.769197,0.950563
93,0.387500,0.028206,-0.035091,0.817122,-0.574704,1.732659,0.717221,0.031790,-0.020158,0.034936,-0.889940,0.454291,1.455270,0.822124,0.038731,0.030669,0.049708,-0.818237,0.571906,1.642619,0.769528,0.950669
94,0.391667,0.028086,-0.035070,0.817128,-0.574702,1.732649,0.717217,0.031797,-0.020919,0.034273,-0.889741,0.454696,1.455400,0.822094,0.038900,0.031497,0.050605,-0.817976,0.572156,1.642908,0.769767,0.950326
95,0.395833,0.028080,-0.035080,0.817115,-0.574721,1.732630,0.717213,0.031796,-0.021644,0.033955,-0.889538,0.455084,1.455534,0.822081,0.039058,0.032099,0.051605,-0.817761,0.572341,1.643227,0.769929,0.949987
96,0.400000,0.028051,-0.035015,0.817147,-0.574681,1.732626,0.717213,0.031795,-0.022570,0.033767,-0.889180,0.455751,1.455670,0.822084,0.039200,0.032358,0.052242,-0.817669,0.572399,1.643530,0.770059,0.949798
97,0.404167,0.028005,-0.034987,0.817145,-0.574688,1.732603,0.717205,0.031800,-0.023382,0.033182,-0.888808,0.456478,1.455827,0.822039,0.039364,0.032205,0.053248,-0.817458,0.572616,1.643859,0.770130,0.949570
98,0.408333,0.027935,-0.034897,0.817155,-0.574682,1.732600,0.717219,0.031808,-0.024010,0.032397,-0.888411,0.457275,1.456026,0.821946,0.039562,0.032091,0.054665,-0.817355,0.572638,1.644139,0.770211,0.949231
99,0.412500,0.027966,-0.034846,0.817130,-0.574719,1.732598,0.717224,0.031822,-0.024714,0.031640,-0.888013,0.458062,1.456239,0.821861,0.039744,0.032131,0.056771,-0.817244,0.572587,1.644495,0.770189,0.948690
100,0.416667,0.028002,-0.034902,0.817088,-0.574774,1.732583,0.717221,0.031824,-0.025621,0.031202,-0.887464,0.459105,1.456471,0.821786,0.039920,0.031058,0.058180,-0.817058,0.572771,1.644928,0.769959,0.948470
101,0.420833,0.028047,-0.034940,0.817088,-0.574770,1.732577,0.717226,0.031823,-0.026776,0.031439,-0.886749,0.460402,1.456718,0.821742,0.040075,0.034476,0.066940,-0.814535,0.575208,1.646113,0.771091,0.946347
102,0.425000,0.027989,-0.034837,0.817074,-0.574799,1.732569,0.717226,0.031837,-0.027889,0.032070,-0.885826,0.462067,1.457014,0.821690,0.040259,0.035218,0.068740,-0.813877,0.575881,1.646333,0.771462,0.946112
103,0.429167,0.028012,-0.034784,0.817083,-0.574787,1.732591,0.717207,0.031827,-0.029353,0.033298,-0.884829,0.463796,1.457314,0.821626,0.040450,0.035939,0.069252,-0.813595,0.576174,1.646689,0.771714,0.946070
104,0.433333,0.028135,-0.034835,0.817010,-0.574882,1.732570,0.717220,0.031858,-0.031001,0.034559,-0.883875,0.465414,1.457628,0.821532,0.040652,0.036766,0.070713,-0.813364,0.576270,1.646935,0.771994,0.945766
105,0.437500,0.028082,-0.034761,0.817051,-0.574831,1.732596,0.717215,0.031846,-0.032394,0.035250,-0.882974,0.466974,1.457975,0.821399,0.040853,0.037407,0.072112,-0.813112,0.576412,1.647177,0.772268,0.945513
106,0.441667,0.028228,-0.034852,0.816956,-0.574953,1.732563,0.717229,0.031884,-0.033628,0.035507,-0.882137,0.468447,1.458326,0.821226,0.041081,0.038039,0.073450,-0.812740,0.576725,1.647406,0.772550,0.945429
107,0.445833,0.028301,-0.034812,0.816949,-0.574962,1.732567,0.717239,0.031888,-0.034538,0.034824,-0.881313,0.469980,1.458706,0.821091,0.041269,0.038919,0.074746,-0.812527,0.576800,1.647663,0.772835,0.945315
108,0.450000,0.028436,-0.035027,0.816951,-0.574940,1.732551,0.717227,0.031885,-0.035456,0.033973,-0.880549,0.471405,1.459079,0.820911,0.041481,0.039638,0.076224,-0.812350,0.576807,1.647880,0.773102,0.945195
109,0.454167,0.028522,-0.035045,0.816924,-0.574972,1.732553,0.717231,0.031902,-0.036440,0.033206,-0.879777,0.472824,1.459468,0.820714,0.041703,0.040188,0.077676,-0.811983,0.577092,1.648157,0.773394,0.945135
110,0.458333,0.028486,-0.035008,0.816907,-0.575001,1.732559,0.717225,0.031906,-0.037264,0.032324,-0.879040,0.474189,1.459858,0.820529,0.041910,0.040861,0.079162,-0.811715,0.577220,1.648452,0.773737,0.945000
111,0.462500,0.028622,-0.035115,0.816903,-0.574993,1.732544,0.717238,0.031914,-0.037930,0.031290,-0.878412,0.475368,1.460190,0.820372,0.042102,0.041968,0.081002,-0.811583,0.577070,1.648642,0.774081,0.944723
112,0.466667,0.028559,-0.034991,0.816924,-0.574974,1.732558,0.717234,0.031934,-0.038732,0.030513,-0.877671,0.476720,1.460540,0.820181,0.042320,0.044695,0.067558,-0.813429,0.575996,1.648787,0.773854,0.947879
113,0.470833,0.028594,-0.035070,0.816929,-0.574961,1.732551,0.717224,0.031951,-0.039576,0.029685,-0.876896,0.478128,1.460913,0.820015,0.042531,0.046238,0.070144,-0.813189,0.575903,1.649056,0.774351,0.947335
114,0.475000,0.028458,-0.034821,0.817129,-0.574698,1.732518,0.717135,0.031997,-0.040327,0.029097,-0.876199,0.479378,1.461273,0.819913,0.042707,0.047308,0.070772,-0.813460,0.575357,1.649543,0.774706,0.947394
115,0.479167,0.028410,-0.034751,0.817145,-0.574681,1.732527,0.717132,0.032010,-0.041188,0.028667,-0.875485,0.480632,1.461624,0.819820,0.042902,0.048153,0.071679,-0.813258,0.575461,1.649834,0.775162,0.947284
116,0.483333,0.028398,-0.034767,0.817149,-0.574675,1.732534,0.717137,0.032031,-0.042198,0.028503,-0.874722,0.481942,1.461982,0.819705,0.043096,0.048815,0.072277,-0.813113,0.575534,1.650109,0.775566,0.947262
117,0.487500,0.028572,-0.034931,0.817149,-0.574657,1.732514,0.717148,0.032032,-0.043040,0.028119,-0.874000,0.483199,1.462289,0.819643,0.043275,0.049514,0.072017,-0.813338,0.575190,1.650394,0.775885,0.947458
118,0.491667,0.028505,-0.034838,0.817165,-0.574644,1.732527,0.717153,0.032043,-0.042758,0.023542,-0.873779,0.483867,1.462776,0.819230,0.043571,0.049028,0.071034,-0.813280,0.575436,1.650912,0.776121,0.948145
119,0.495833,0.028466,-0.034827,0.817185,-0.574618,1.732527,0.717158,0.032067,-0.043369,0.023045,-0.873017,0.485210,1.463109,0.819125,0.043731,0.050895,0.072819,-0.813426,0.574843,1.651115,0.776632,0.947694
120,0.500000,0.028501,-0.034891,0.817213,-0.574573,1.732505,0.717167,0.032070,-0.044303,0.023641,-0.872170,0.486619,1.463441,0.819032,0.043821,0.055018,0.072573,-0.813617,0.574225,1.650904,0.776160,0.948544
121,0.504167,0.028507,-0.034856,0.817268,-0.574496,1.732508,0.717177,0.032096,-0.045076,0.024126,-0.871398,0.487906,1.463713,0.819020,0.043893,0.055458,0.073900,-0.813969,0.573514,1.651004,0.776431,0.948452
122,0.508333,0.028474,-0.034720,0.817283,-0.574485,1.732509,0.717192,0.032117,-0.045613,0.024223,-0.870632,0.489217,1.463984,0.819015,0.043990,0.053417,0.071899,-0.813615,0.574463,1.651239,0.776696,0.949619
123,0.512500,0.028382,-0.034637,0.817290,-0.574484,1.732514,0.717216,0.032135,-0.046399,0.025348,-0.869756,0.490642,1.464215,0.819040,0.044048,0.054304,0.071025,-0.813959,0.574001,1.651572,0.776945,0.950041
124,0.516667,0.028522,-0.034708,0.817349,-0.574389,1.732509,0.717216,0.032152,-0.047106,0.025872,-0.868989,0.491905,1.464451,0.819035,0.044117,0.055909,0.072690,-0.814006,0.573571,1.651897,0.777403,0.949745
125,0.520833,0.028682,-0.034763,0.817402,-0.574302,1.732506,0.717245,0.032155,-0.047613,0.026151,-0.868234,0.493172,1.464706,0.818999,0.044179,0.056022,0.072738,-0.814273,0.573176,1.652135,0.777802,0.949788
126,0.525000,0.028497,-0.034594,0.817417,-0.574300,1.732486,0.717284,0.032194,-0.048031,0.025929,-0.867515,0.494406,1.464970,0.818927,0.044250,0.058849,0.073440,-0.815169,0.571526,1.651919,0.778116,0.949555
127,0.529167,0.028872,-0.034879,0.817342,-0.574371,1.732501,0.717426,0.032172,-0.048327,0.025398,-0.866804,0.495651,1.465252,0.818843,0.044329,0.061104,0.073045,-0.816451,0.569507,1.651479,0.778210,0.949620
128,0.533333,0.029439,-0.035242,0.817108,-0.574653,1.732332,0.717490,0.032188,-0.048491,0.024774,-0.866140,0.496826,1.465515,0.818744,0.044401,0.057762,0.069902,-0.817321,0.569003,1.651459,0.778096,0.951021
129,0.537500,0.031083,-0.036014,0.818660,-0.572304,1.732839,0.717554,0.032126,-0.048585,0.024175,-0.865540,0.497892,1.465771,0.818634,0.044455,0.059740,0.071412,-0.817908,0.567766,1.651337,0.778445,0.950607
130,0.541667,0.031381,-0.036173,0.818789,-0.572095,1.732834,0.717596,0.032126,-0.048578,0.023477,-0.864924,0.498994,1.466015,0.818509,0.044491,0.056116,0.067629,-0.818431,0.567846,1.651672,0.778708,0.951926
131,0.545833,0.031793,-0.036361,0.818924,-0.571865,1.732817,0.717642,0.032123,-0.048534,0.022924,-0.864284,0.500131,1.466259,0.818367,0.044517,0.055341,0.066795,-0.818749,0.567562,1.651984,0.779069,0.952413
132,0.550000,0.032209,-0.036566,0.819048,-0.571651,1.732823,0.717702,0.032112,-0.048463,0.022276,-0.863601,0.501347,1.466509,0.818225,0.044541,0.055643,0.066272,-0.819224,0.566907,1.652181,0.779512,0.952620
133,0.554167,0.032941,-0.037198,0.819100,-0.571494,1.732809,0.717776,0.032089,-0.048412,0.022127,-0.862768,0.502790,1.466795,0.818039,0.044508,0.063522,0.063874,-0.821487,0.563067,1.650830,0.780094,0.951659
134,0.558333,0.033708,-0.037754,0.819151,-0.571340,1.732792,0.717874,0.032071,-0.048378,0.022284,-0.861988,0.504123,1.467055,0.817897,0.044485,0.075906,0.060894,-0.824174,0.557913,1.650481,0.782472,0.949190
135,0.562500,0.034139,-0.037892,0.819284,-0.571115,1.732788,0.717967,0.032090,-0.048262,0.022235,-0.861196,0.505488,1.467306,0.817778,0.044458,0.066358,0.064607,-0.822702,0.560878,1.651545,0.782044,0.950764
136,0.566667,0.034387,-0.037807,0.819442,-0.570879,1.732779,0.718062,0.032128,-0.048063,0.021935,-0.860462,0.506768,1.467535,0.817685,0.044433,0.058323,0.064093,-0.821176,0.564057,1.652284,0.781103,0.952574
137,0.570833,0.034452,-0.037653,0.819602,-0.570656,1.732773,0.718144,0.032166,-0.047811,0.021829,-0.859670,0.508139,1.467783,0.817600,0.044412,0.059369,0.064859,-0.821270,0.563723,1.652593,0.781442,0.952186
138,0.575000,0.034408,-0.037444,0.819736,-0.570480,1.732761,0.718217,0.032201,-0.047504,0.021602,-0.858807,0.509635,1.468043,0.817525,0.044385,0.057857,0.066323,-0.820643,0.564623,1.653548,0.782017,0.952027
139,0.579167,0.034434,-0.037454,0.819820,-0.570357,1.732726,0.718284,0.032233,-0.047114,0.021344,-0.857921,0.511172,1.468314,0.817461,0.044334,0.058248,0.066983,-0.820958,0.564046,1.653642,0.782377,0.951722
140,0.583333,0.034408,-0.037293,0.819902,-0.570250,1.732714,0.718335,0.032272,-0.046648,0.020924,-0.857076,0.512647,1.468589,0.817435,0.044281,0.053846,0.066476,-0.820203,0.565640,1.654519,0.782759,0.952537
141,0.587500,0.034376,-0.037286,0.819921,-0.570226,1.732675,0.718361,0.032307,-0.046168,0.020487,-0.856212,0.514149,1.468876,0.817422,0.044214,0.055624,0.067422,-0.819386,0.566539,1.654993,0.783368,0.952042
142,0.591667,0.034257,-0.037219,0.819964,-0.570176,1.732642,0.718387,0.032332,-0.045745,0.020185,-0.855367,0.515603,1.469157,0.817424,0.044147,0.057634,0.066985,-0.817941,0.568475,1.655967,0.784306,0.951825
143,0.595833,0.034110,-0.037143,0.820008,-0.570126,1.732616,0.718388,0.032348,-0.045161,0.019836,-0.854413,0.517248,1.469465,0.817440,0.044055,0.059349,0.066655,-0.817001,0.569687,1.656428,0.784600,0.951571
144,0.600000,0.034012,-0.037028,0.820123,-0.569973,1.732571,0.718387,0.032353,-0.044422,0.018894,-0.853549,0.518771,1.469738,0.817481,0.044012,0.062337,0.066885,-0.816151,0.570560,1.657136,0.785050,0.950910
145,0.604167,0.033908,-0.036879,0.820255,-0.569799,1.732547,0.718394,0.032375,-0.043649,0.018608,-0.852599,0.520407,1.470049,0.817448,0.043893,0.064203,0.067205,-0.815609,0.571090,1.657608,0.785434,0.950359
146,0.608333,0.033968,-0.036923,0.820374,-0.569622,1.732510,0.718393,0.032382,-0.043037,0.018678,-0.851653,0.522003,1.470363,0.817422,0.043760,0.064869,0.067485,-0.815442,0.571219,1.657934,0.785721,0.949964
147,0.612500,0.034066,-0.036833,0.820521,-0.569410,1.732489,0.718407,0.032400,-0.042408,0.018816,-0.850788,0.523457,1.470671,0.817375,0.043619,0.067120,0.068447,-0.815218,0.571165,1.658248,0.786079,0.949067
148,0.616667,0.034225,-0.036827,0.820713,-0.569124,1.732472,0.718435,0.032412,-0.041872,0.019237,-0.849931,0.524875,1.470969,0.817315,0.043457,0.067907,0.068284,-0.815547,0.570622,1.658224,0.786440,0.948617
149,0.620833,0.034455,-0.036908,0.820902,-0.568833,1.732432,0.718473,0.032435,-0.041218,0.019633,-0.848998,0.526420,1.471265,0.817237,0.043291,0.067991,0.067465,-0.816129,0.569877,1.658096,0.786718,0.948326
150,0.625000,0.034658,-0.036803,0.821145,-0.568476,1.732414,0.718531,0.032467,-0.040665,0.020025,-0.848069,0.527943,1.471560,0.817139,0.043137,0.067869,0.065897,-0.816742,0.569196,1.658047,0.786925,0.948170
151,0.629167,0.034969,-0.036793,0.821388,-0.568107,1.732387,0.718587,0.032485,-0.040118,0.020415,-0.847127,0.529481,1.471871,0.817014,0.043003,0.067419,0.063045,-0.817690,0.568211,1.657853,0.787115,0.948268
152,0.633333,0.035206,-0.036825,0.821649,-0.567712,1.732368,0.718654,0.032497,-0.039647,0.020978,-0.846228,0.530930,1.472176,0.816894,0.042860,0.067938,0.061116,-0.817586,0.568509,1.658185,0.787036,0.948105
153,0.637500,0.036382,-0.038377,0.821797,-0.567322,1.732312,0.718715,0.032401,-0.039113,0.021366,-0.845273,0.532472,1.472503,0.816753,0.042724,0.076878,0.075655,-0.812228,0.573282,1.660450,0.787502,0.943548
154,0.641667,0.036844,-0.038782,0.821971,-0.567012,1.732281,0.718807,0.032445,-0.038637,0.021847,-0.844283,0.534056,1.472847,0.816612,0.042591,0.078204,0.076624,-0.812007,0.573287,1.660622,0.787686,0.942626
155,0.645833,0.037068,-0.038630,0.822173,-0.566715,1.732242,0.718895,0.032480,-0.037767,0.022567,-0.843217,0.535770,1.473159,0.816471,0.042476,0.079637,0.077425,-0.811870,0.573176,1.660674,0.787870,0.941656
156,0.650000,0.037181,-0.038496,0.822378,-0.566418,1.732197,0.718987,0.032499,-0.037159,0.023040,-0.842132,0.537497,1.473477,0.816351,0.042339,0.081318,0.078354,-0.811690,0.573068,1.660760,0.788030,0.940603
157,0.654167,0.037118,-0.038157,0.822615,-0.566102,1.732156,0.719079,0.032528,-0.036463,0.023596,-0.841070,0.539180,1.473814,0.816240,0.042163,0.083021,0.079278,-0.811349,0.573180,1.660846,0.788114,0.939597
158,0.658333,0.036670,-0.037599,0.822610,-0.566176,1.732028,0.719159,0.032548,-0.035848,0.024416,-0.840015,0.540828,1.474133,0.816108,0.041979,0.076693,0.079849,-0.812386,0.572513,1.661709,0.788212,0.940454
159,0.662500,0.036306,-0.037065,0.822862,-0.565867,1.732017,0.719289,0.032581,-0.035318,0.025302,-0.839020,0.542363,1.474446,0.816020,0.041790,0.077738,0.081159,-0.811837,0.572967,1.661817,0.788294,0.939305
160,0.666667,0.035640,-0.036318,0.823037,-0.565705,1.731953,0.719395,0.032594,-0.034816,0.026152,-0.837988,0.543948,1.474784,0.815950,0.041619,0.077893,0.083643,-0.813040,0.570879,1.659899,0.788548,0.938124
161,0.670833,0.034779,-0.035439,0.823313,-0.565412,1.731909,0.719477,0.032595,-0.034227,0.026791,-0.837025,0.545436,1.475120,0.815925,0.041443,0.073105,0.085152,-0.814144,0.569715,1.659763,0.787959,0.938159
162,0.675000,0.033859,-0.034602,0.823615,-0.565080,1.731861,0.719545,0.032610,-0.033630,0.027862,-0.836075,0.546874,1.475451,0.815935,0.041213,0.069710,0.085193,-0.814614,0.569462,1.659450,0.787729,0.938448
163,0.679167,0.032731,-0.033603,0.823806,-0.564927,1.731759,0.719598,0.032610,-0.033109,0.028711,-0.835242,0.548134,1.475760,0.815993,0.041054,0.069710,0.085193,-0.814614,0.569462,1.659450,0.787729,0.938448
164,0.683333,0.031365,-0.032346,0.823980,-0.564825,1.731612,0.719613,0.032599,-0.032791,0.030175,-0.834410,0.549340,1.476051,0.816048,0.040844,0.069710,0.085193,-0.814614,0.569462,1.659450,0.787729,0.938448
165,0.687500,0.029899,-0.031088,0.824171,-0.564696,1.731473,0.719625,0.032580,-0.032272,0.031642,-0.833750,0.550290,1.476313,0.816117,0.040607,0.069710,0.085193,-0.814614,0.569462,1.659450,0.787729,0.938448
166,0.691667,0.028421,-0.029914,0.824370,-0.564546,1.731327,0.719622,0.032553,-0.031733,0.033496,-0.833205,0.551037,1.476537,0.816209,0.040348,0.069710,0.085193,-0.814614,0.569462,1.659450,0.787729,0.938448
167,0.695833,0.026709,-0.028270,0.824450,-0.564597,1.731118,0.719543,0.032476,-0.031058,0.035137,-0.832491,0.552050,1.476706,0.816346,0.040092,0.069710,0.085193,-0.814614,0.569462,1.659450,0.787729,0.938448
168,0.700000,0.025181,-0.026976,0.824690,-0.564380,1.730958,0.719523,0.032426,-0.030454,0.036747,-0.832055,0.552636,1.476839,0.816430,0.039854,0.069710,0.085193,-0.814614,0.569462,1.659450,0.787729,0.938448
169,0.704167,0.023891,-0.025959,0.824936,-0.564124,1.730809,0.719517,0.032362,-0.030253,0.038699,-0.831827,0.552857,1.476939,0.816435,0.039630,0.069710,0.085193,-0.814614,0.569462,1.659450,0.787729,0.938448
170,0.708333,0.022561,-0.024967,0.825601,-0.563250,1.730848,0.719693,0.032367,-0.030251,0.040990,-0.831889,0.552599,1.477008,0.816395,0.039431,0.069710,0.085193,-0.814614,0.569462,1.659450,0.787729,0.938448
171,0.712500,0.020948,-0.023591,0.826007,-0.562777,1.730811,0.719753,0.032292,-0.032230,0.047189,-0.831826,0.552087,1.476928,0.816412,0.039012,0.069710,0.085193,-0.814614,0.569462,1.659450,0.787729,0.938448
172,0.716667,0.020063,-0.022884,0.826199,-0.562555,1.730675,0.719765,0.032253,-0.032130,0.048867,-0.831983,0.551709,1.476909,0.816298,0.038841,0.069710,0.085193,-0.814614,0.569462,1.659450,0.787729,0.938448
173,0.720833,0.019175,-0.022208,0.826320,-0.562437,1.730549,0.719764,0.032185,-0.031679,0.050062,-0.832262,0.551208,1.476859,0.816130,0.038692,0.069710,0.085193,-0.814614,0.569462,1.659450,0.787729,0.938448
174,0.725000,0.018516,-0.021658,0.826420,-0.562333,1.730460,0.719788,0.032131,-0.030985,0.051004,-0.832524,0.550766,1.476787,0.815958,0.038558,0.069710,0.085193,-0.814614,0.569462,1.659450,0.787729,0.938448
175,0.729167,0.017833,-0.021206,0.826468,-0.562301,1.730425,0.719812,0.032066,-0.030174,0.051419,-0.832711,0.550489,1.476688,0.815810,0.038402,0.069710,0.085193,-0.814614,0.569462,1.659450,0.787729,0.938448
176,0.733333,0.017294,-0.020852,0.826379,-0.562462,1.730383,0.719845,0.032008,-0.029357,0.052139,-0.832961,0.550086,1.476628,0.815696,0.038269,0.069710,0.085193,-0.814614,0.569462,1.659450,0.787729,0.938448
177,0.737500,0.013692,-0.018223,0.824660,-0.565169,1.729859,0.719990,0.032126,-0.028723,0.052930,-0.833227,0.549642,1.476585,0.815627,0.038181,0.069710,0.085193,-0.814614,0.569462,1.659450,0.787729,0.938448
178,0.741667,0.013542,-0.018118,0.824583,-0.565289,1.729877,0.720024,0.032043,-0.028148,0.053408,-0.833503,0.549207,1.476582,0.815599,0.038135,0.069710,0.085193,-0.814614,0.569462,1.659450,0.787729,0.938448
179,0.745833,0.013553,-0.018209,0.824473,-0.565445,1.729898,0.720040,0.031958,-0.027640,0.053917,-0.833679,0.548915,1.476524,0.815642,0.038130,0.069710,0.085193,-0.814614,0.569462,1.659450,0.787729,0.938448
180,0.750000,0.013545,-0.018323,0.824426,-0.565512,1.729939,0.720037,0.031869,-0.026854,0.053890,-0.834093,0.548328,1.476443,0.815724,0.038086,0.069710,0.085193,-0.814614,0.569462,1.659450,0.787729,0.938448
181,0.754167,0.013494,-0.018412,0.824351,-0.565619,1.729984,0.720035,0.031768,-0.025745,0.053641,-0.834731,0.547435,1.476303,0.815844,0.038009,0.069710,0.085193,-0.814614,0.569462,1.659450,0.787729,0.938448
182,0.758333,0.014260,-0.019359,0.823961,-0.566136,1.729919,0.719917,0.031702,-0.024221,0.053292,-0.835493,0.546375,1.476149,0.815986,0.037926,0.069710,0.085193,-0.814614,0.569462,1.659450,0.787729,0.938448
183,0.762500,0.014784,-0.019399,0.824064,-0.565971,1.730145,0.720075,0.031505,-0.022507,0.052775,-0.836263,0.545318,1.476058,0.816043,0.037879,0.069710,0.085193,-0.814614,0.569462,1.659450,0.787729,0.938448
184,0.766667,0.014663,-0.019515,0.823894,-0.566218,1.730177,0.719997,0.031385,-0.020627,0.051203,-0.837000,0.544411,1.475991,0.816105,0.037842,0.069710,0.085193,-0.814614,0.569462,1.659450,0.787729,0.938448
185,0.770833,0.014596,-0.019698,0.823683,-0.566520,1.730208,0.719916,0.031270,-0.018446,0.049534,-0.837700,0.543566,1.475916,0.816161,0.037856,0.069710,0.085193,-0.814614,0.569462,1.659450,0.787729,0.938448
186,0.775000,0.014493,-0.019802,0.823478,-0.566818,1.730248,0.719838,0.031160,-0.016803,0.046508,-0.838376,0.542845,1.475970,0.816095,0.037951,0.069710,0.085193,-0.814614,0.569462,1.659450,0.787729,0.938448
187,0.779167,0.014577,-0.020080,0.823168,-0.567255,1.730265,0.719735,0.031072,-0.015521,0.043695,-0.839042,0.542087,1.476008,0.816006,0.037989,0.069710,0.085193,-0.814614,0.569462,1.659450,0.787729,0.938448
188,0.783333,0.014591,-0.020289,0.822969,-0.567537,1.730315,0.719673,0.030986,-0.013589,0.044107,-0.839687,0.541106,1.475860,0.815951,0.037978,0.069710,0.085193,-0.814614,0.569462,1.659450,0.787729,0.938448
189,0.787500,0.014723,-0.020634,0.822718,-0.567884,1.730369,0.719623,0.030910,-0.012078,0.044534,-0.840323,0.540118,1.475760,0.815957,0.037945,0.069710,0.085193,-0.814614,0.569462,1.659450,0.787729,0.938448
190,0.791667,0.014922,-0.021131,0.822432,-0.568274,1.730407,0.719558,0.030856,-0.010828,0.045441,-0.840936,0.539115,1.475685,0.816000,0.037913,0.069710,0.085193,-0.814614,0.569462,1.659450,0.787729,0.938448
191,0.795833,0.015801,-0.022166,0.821687,-0.569289,1.730237,0.719466,0.030814,-0.009427,0.046015,-0.840988,0.539012,1.475592,0.816091,0.038009,0.069710,0.085193,-0.814614,0.569462,1.659450,0.787729,0.938448
192,0.800000,0.016636,-0.023013,0.821357,-0.569708,1.730330,0.719431,0.030705,-0.008513,0.046324,-0.841365,0.538411,1.475575,0.816081,0.038095,0.069710,0.085193,-0.814614,0.569462,1.659450,0.787729,0.938448
193,0.804167,0.017595,-0.024013,0.821117,-0.569983,1.730506,0.719470,0.030586,-0.007130,0.047328,-0.841838,0.537604,1.475434,0.816096,0.038187,0.069710,0.085193,-0.814614,0.569462,1.659450,0.787729,0.938448
194,0.808333,0.018305,-0.025012,0.820659,-0.570576,1.730623,0.719454,0.030468,-0.005903,0.048846,-0.842337,0.536701,1.475371,0.816100,0.038222,0.069710,0.085193,-0.814614,0.569462,1.659450,0.787729,0.938448
195,0.812500,0.018816,-0.025791,0.820283,-0.571067,1.730712,0.719363,0.030403,-0.004477,0.050001,-0.842830,0.535834,1.475342,0.816040,0.038324,0.069710,0.085193,-0.814614,0.569462,1.659450,0.787729,0.938448
196,0.816667,0.019091,-0.026555,0.820125,-0.571249,1.730802,0.719207,0.030385,-0.002604,0.050687,-0.843459,0.534790,1.475319,0.815982,0.038450,0.069710,0.085193,-0.814614,0.569462,1.659450,0.787729,0.938448
197,0.820833,0.019275,-0.027682,0.819966,-0.571418,1.730865,0.719064,0.030386,-0.000794,0.050633,-0.844023,0.533911,1.475343,0.815890,0.038642,0.069710,0.085193,-0.814614,0.569462,1.659450,0.787729,0.938448
198,0.825000,0.015043,-0.028513,0.820649,-0.570522,1.731101,0.718730,0.030818,0.001164,0.050540,-0.844641,0.532941,1.475420,0.815777,0.038895,0.069710,0.085193,-0.814614,0.569462,1.659450,0.787729,0.938448
199,0.829167,0.015545,-0.029567,0.820220,-0.571072,1.731131,0.718695,0.030770,0.003528,0.050422,-0.845292,0.531908,1.475497,0.815694,0.039213,0.069710,0.085193,-0.814614,0.569462,1.659450,0.787729,0.938448
200,0.833333,0.015757,-0.030602,0.819726,-0.571721,1.731168,0.718681,0.030724,0.006050,0.050155,-0.845983,0.530812,1.475559,0.815636,0.039571,0.069710,0.085193,-0.814614,0.569462,1.659450,0.787729,0.938448
201,0.837500,0.015755,-0.031491,0.819198,-0.572429,1.731130,0.718593,0.030775,0.008891,0.049848,-0.846708,0.529644,1.475639,0.815588,0.039984,0.069710,0.085193,-0.814614,0.569462,1.659450,0.787729,0.938448
202,0.841667,0.015548,-0.032509,0.818908,-0.572792,1.731141,0.718515,0.030817,0.010566,0.055829,-0.846747,0.528952,1.475421,0.815813,0.040311,0.069710,0.085193,-0.814614,0.569462,1.659450,0.787729,0.938448
203,0.845833,0.015402,-0.033629,0.818534,-0.573266,1.731158,0.718437,0.030875,0.014147,0.054753,-0.847211,0.528238,1.475499,0.815600,0.040945,0.069710,0.085193,-0.814614,0.569462,1.659450,0.787729,0.938448
204,0.850000,0.017688,-0.033141,0.817694,-0.574427,1.730904,0.718501,0.030775,0.018403,0.052158,-0.848130,0.526894,1.475564,0.815281,0.041686,0.069710,0.085193,-0.814614,0.569462,1.659450,0.787729,0.938448
205,0.854167,0.014875,-0.036830,0.817626,-0.574378,1.730998,0.718277,0.031026,0.023080,0.051231,-0.848396,0.526371,1.475515,0.814944,0.042502,0.069710,0.085193,-0.814614,0.569462,1.659450,0.787729,0.938448
206,0.858333,0.014299,-0.037814,0.817338,-0.574739,1.730949,0.718236,0.031130,0.027081,0.050419,-0.849012,0.525265,1.475485,0.814590,0.043171,0.069710,0.085193,-0.814614,0.569462,1.659450,0.787729,0.938448
207,0.862500,0.013497,-0.038841,0.817089,-0.575044,1.730960,0.718270,0.031233,0.031197,0.052792,-0.849029,0.524776,1.475303,0.814354,0.043770,0.069710,0.085193,-0.814614,0.569462,1.659450,0.787729,0.938448
208,0.866667,0.009553,-0.039212,0.816626,-0.575754,1.731383,0.718509,0.031515,0.034884,0.054340,-0.849095,0.524278,1.475113,0.814090,0.044394,0.069710,0.085193,-0.814614,0.569462,1.659450,0.787729,0.938448
209,0.870833,0.007322,-0.040419,0.816239,-0.576252,1.731449,0.718570,0.031712,0.038974,0.056103,-0.848827,0.524239,1.474873,0.813860,0.045135,0.069710,0.085193,-0.814614,0.569462,1.659450,0.787729,0.938448
210,0.875000,0.005740,-0.041550,0.815201,-0.577658,1.730863,0.718485,0.032000,0.043697,0.057344,-0.848518,0.524232,1.474643,0.813626,0.046008,0.069710,0.085193,-0.814614,0.569462,1.659450,0.787729,0.938448
211,0.879167,0.004128,-0.042836,0.814693,-0.578294,1.730810,0.718452,0.032278,0.048489,0.059046,-0.847920,0.524590,1.474339,0.813401,0.046853,0.069710,0.085193,-0.814614,0.569462,1.659450,0.787729,0.938448
212,0.883333,0.002785,-0.044194,0.814240,-0.578837,1.730805,0.718408,0.032625,0.053857,0.059571,-0.847430,0.524798,1.474042,0.813176,0.047756,0.069710,0.085193,-0.814614,0.569462,1.659450,0.787729,0.938448
213,0.887500,0.000847,-0.046161,0.813757,-0.579369,1.730782,0.718257,0.032971,0.058337,0.061142,-0.846730,0.525268,1.473611,0.812959,0.048632,0.069710,0.085193,-0.814614,0.569462,1.659450,0.787729,0.938448
214,0.891667,0.000212,-0.049173,0.813100,-0.580043,1.730556,0.718116,0.033357,0.063173,0.062633,-0.846024,0.525671,1.473181,0.812734,0.049448,0.069710,0.085193,-0.814614,0.569462,1.659450,0.787729,0.938448
215,0.895833,-0.001438,-0.052020,0.812676,-0.580387,1.730474,0.717986,0.033818,0.068128,0.063243,-0.845150,0.526384,1.472701,0.812525,0.050195,0.069710,0.085193,-0.814614,0.569462,1.659450,0.787729,0.938448
216,0.900000,-0.009021,-0.053502,0.811256,-0.582168,1.730282,0.718031,0.034683,0.073856,0.063950,-0.844096,0.527216,1.472250,0.812346,0.050829,0.069710,0.085193,-0.814614,0.569462,1.659450,0.787729,0.938448
217,0.904167,-0.016954,-0.055282,0.810117,-0.583410,1.730211,0.718049,0.035497,0.079108,0.065479,-0.842861,0.528242,1.471668,0.812185,0.051548,0.069710,0.085193,-0.814614,0.569462,1.659450,0.787729,0.938448
218,0.908333,-0.015421,-0.059896,0.809591,-0.583728,1.729740,0.717569,0.035905,0.083771,0.064241,-0.842111,0.528872,1.471196,0.812048,0.052228,0.069710,0.085193,-0.814614,0.569462,1.659450,0.787729,0.938448
219,0.912500,-0.015563,-0.066465,0.808308,-0.584789,1.729513,0.717253,0.036783,0.087773,0.064086,-0.841243,0.529622,1.470654,0.811948,0.052901,0.069710,0.085193,-0.814614,0.569462,1.659450,0.787729,0.938448
220,0.916667,-0.019120,-0.070712,0.807379,-0.585469,1.729353,0.716901,0.037548,0.092284,0.064359,-0.840141,0.530570,1.470095,0.811862,0.053573,0.069710,0.085193,-0.814614,0.569462,1.659450,0.787729,0.938448
221,0.920833,-0.023065,-0.075020,0.806716,-0.585704,1.729332,0.716624,0.038243,0.096470,0.065064,-0.838888,0.531721,1.469434,0.811794,0.054269,0.069710,0.085193,-0.814614,0.569462,1.659450,0.787729,0.938448
222,0.925000,-0.025865,-0.079348,0.806049,-0.585935,1.729366,0.716350,0.038965,0.101954,0.065786,-0.837343,0.533044,1.468877,0.811761,0.054713,0.069710,0.085193,-0.814614,0.569462,1.659450,0.787729,0.938448
223,0.929167,-0.028812,-0.083393,0.805559,-0.585910,1.729481,0.716037,0.039579,0.105813,0.065760,-0.836346,0.533858,1.468275,0.811655,0.055318,0.069710,0.085193,-0.814614,0.569462,1.659450,0.787729,0.938448
224,0.933333,-0.031275,-0.087992,0.805198,-0.585608,1.729614,0.715676,0.040268,0.110929,0.066627,-0.834879,0.535007,1.467689,0.811625,0.055681,0.069710,0.085193,-0.814614,0.569462,1.659450,0.787729,0.938448
225,0.937500,-0.032924,-0.091806,0.804864,-0.585390,1.729770,0.715424,0.040798,0.115860,0.068170,-0.833391,0.536086,1.467108,0.811585,0.056011,0.069710,0.085193,-0.814614,0.569462,1.659450,0.787729,0.938448
226,0.941667,-0.035547,-0.095245,0.805026,-0.584464,1.729993,0.715142,0.041308,0.119517,0.069066,-0.832161,0.537078,1.466547,0.811554,0.056471,0.069710,0.085193,-0.814614,0.569462,1.659450,0.787729,0.938448
227,0.945833,-0.038649,-0.097951,0.804806,-0.584123,1.730292,0.714719,0.041756,0.123454,0.069673,-0.830985,0.537930,1.466040,0.811498,0.056955,0.069710,0.085193,-0.814614,0.569462,1.659450,0.787729,0.938448
228,0.950000,-0.039998,-0.103292,0.804750,-0.583188,1.730607,0.714470,0.042146,0.127089,0.071072,-0.829779,0.538762,1.465542,0.811461,0.057304,0.069710,0.085193,-0.814614,0.569462,1.659450,0.787729,0.938448
229,0.954167,-0.041165,-0.104647,0.804783,-0.582819,1.730729,0.714274,0.042524,0.130638,0.071444,-0.828811,0.539353,1.465116,0.811381,0.057642,0.069710,0.085193,-0.814614,0.569462,1.659450,0.787729,0.938448
230,0.958333,-0.040963,-0.105548,0.804740,-0.582730,1.730830,0.714124,0.042954,0.133328,0.072853,-0.827792,0.540071,1.464676,0.811271,0.057944,0.069710,0.085193,-0.814614,0.569462,1.659450,0.787729,0.938448
231,0.962500,-0.041557,-0.106807,0.804715,-0.582494,1.730916,0.714005,0.043360,0.135182,0.073303,-0.827153,0.540529,1.464308,0.811104,0.058319,0.069710,0.085193,-0.814614,0.569462,1.659450,0.787729,0.938448
232,0.966667,-0.041997,-0.109338,0.804514,-0.582270,1.730975,0.713932,0.043660,0.137641,0.073555,-0.826571,0.540763,1.463997,0.810958,0.058679,0.069710,0.085193,-0.814614,0.569462,1.659450,0.787729,0.938448
233,0.970833,-0.042654,-0.110423,0.804311,-0.582298,1.730978,0.713837,0.044001,0.140226,0.074145,-0.826096,0.540745,1.463791,0.810848,0.058904,0.069710,0.085193,-0.814614,0.569462,1.659450,0.787729,0.938448
234,0.975000,-0.042914,-0.111184,0.803972,-0.582602,1.730964,0.713772,0.044441,0.142752,0.075183,-0.825573,0.540739,1.463621,0.810726,0.059136,0.069710,0.085193,-0.814614,0.569462,1.659450,0.787729,0.938448
235,0.979167,-0.043226,-0.112793,0.803402,-0.583057,1.730899,0.713796,0.044794,0.145886,0.076749,-0.824934,0.540658,1.463512,0.810618,0.059369,0.069710,0.085193,-0.814614,0.569462,1.659450,0.787729,0.938448
236,0.983333,-0.043747,-0.114864,0.802491,-0.583867,1.730799,0.713780,0.045069,0.147831,0.077666,-0.824720,0.540324,1.463471,0.810495,0.059532,0.069710,0.085193,-0.814614,0.569462,1.659450,0.787729,0.938448
237,0.987500,-0.045488,-0.117330,0.801365,-0.584790,1.730573,0.713879,0.045055,0.149239,0.079481,-0.824484,0.540035,1.463533,0.810370,0.059626,0.069710,0.085193,-0.814614,0.569462,1.659450,0.787729,0.938448
238,0.991667,-0.045240,-0.119808,0.800098,-0.586040,1.730409,0.713761,0.045507,0.150092,0.080712,-0.824578,0.539471,1.463610,0.810217,0.059832,0.069710,0.085193,-0.814614,0.569462,1.659450,0.787729,0.938448
239,0.995833,-0.045745,-0.122536,0.798687,-0.587359,1.730195,0.713699,0.045864,0.151804,0.081356,-0.824960,0.538310,1.463707,0.810115,0.059911,0.069710,0.085193,-0.814614,0.569462,1.659450,0.787729,0.938448
240,1.000000,-0.048100,-0.126892,0.796240,-0.589565,1.730343,0.713855,0.045702,0.153241,0.081936,-0.825471,0.537029,1.463846,0.810009,0.060005,0.069710,0.085193,-0.814614,0.569462,1.659450,0.787729,0.938448
241,1.004167,-0.055486,-0.124932,0.795189,-0.590752,1.730753,0.714239,0.045635,0.154267,0.082913,-0.826056,0.535685,1.464027,0.809868,0.060301,0.069710,0.085193,-0.814614,0.569462,1.659450,0.787729,0.938448
242,1.008333,-0.058322,-0.127855,0.793497,-0.592127,1.730648,0.714244,0.046020,0.154598,0.084728,-0.826839,0.534095,1.464232,0.809755,0.060662,0.069710,0.085193,-0.814614,0.569462,1.659450,0.787729,0.938448
243,1.012500,-0.061120,-0.130645,0.791661,-0.593691,1.730506,0.714229,0.046365,0.156366,0.087482,-0.827405,0.532257,1.464454,0.809703,0.060872,0.069710,0.085193,-0.814614,0.569462,1.659450,0.787729,0.938448
244,1.016667,-0.064116,-0.134085,0.789619,-0.595326,1.730360,0.714172,0.046741,0.158846,0.089958,-0.827972,0.530225,1.464720,0.809641,0.061063,0.069710,0.085193,-0.814614,0.569462,1.659450,0.787729,0.938448
245,1.020833,-0.066629,-0.138261,0.787613,-0.596750,1.730213,0.714102,0.047257,0.160879,0.091575,-0.828903,0.527875,1.465022,0.809504,0.061400,0.069710,0.085193,-0.814614,0.569462,1.659450,0.787729,0.938448
246,1.025000,-0.069175,-0.137803,0.786743,-0.597713,1.729831,0.714242,0.048313,0.164216,0.093168,-0.829713,0.525290,1.465355,0.809263,0.061771,0.069710,0.085193,-0.814614,0.569462,1.659450,0.787729,0.938448
247,1.029167,-0.071972,-0.142444,0.785004,-0.598580,1.729667,0.714063,0.049110,0.167443,0.095119,-0.830544,0.522601,1.465732,0.808949,0.062210,0.069710,0.085193,-0.814614,0.569462,1.659450,0.787729,0.938448
248,1.033333,-0.074461,-0.148677,0.782846,-0.599586,1.729590,0.713839,0.049905,0.171001,0.096501,-0.831525,0.519627,1.466150,0.808588,0.062718,0.069710,0.085193,-0.814614,0.569462,1.659450,0.787729,0.938448
249,1.037500,-0.077557,-0.155458,0.780617,-0.600379,1.729559,0.713546,0.050777,0.174971,0.098872,-0.832165,0.516829,1.466540,0.808025,0.063293,0.069710,0.085193,-0.814614,0.569462,1.659450,0.787729,0.938448
250,1.041667,-0.081692,-0.162123,0.778363,-0.600994,1.729568,0.713218,0.051673,0.177869,0.101365,-0.833313,0.513496,1.466919,0.807414,0.063985,0.069710,0.085193,-0.814614,0.569462,1.659450,0.787729,0.938448
251,1.045833,-0.086816,-0.169488,0.775738,-0.601638,1.729683,0.712841,0.052538,0.182993,0.103296,-0.834311,0.509675,1.467314,0.806726,0.064798,0.069710,0.085193,-0.814614,0.569462,1.659450,0.787729,0.938448
252,1.050000,-0.093081,-0.177895,0.773221,-0.601513,1.729921,0.712342,0.053469,0.189007,0.105892,-0.834973,0.505848,1.467737,0.805928,0.065790,0.069710,0.085193,-0.814614,0.569462,1.659450,0.787729,0.938448
253,1.054167,-0.098244,-0.185629,0.770832,-0.601422,1.729853,0.711663,0.054677,0.196296,0.107128,-0.835943,0.501190,1.468240,0.805153,0.066693,0.069710,0.085193,-0.814614,0.569462,1.659450,0.787729,0.938448
254,1.058333,-0.104514,-0.193679,0.768329,-0.601029,1.730030,0.710928,0.055857,0.203552,0.111163,-0.836067,0.497194,1.468606,0.804117,0.067795,0.069710,0.085193,-0.814614,0.569462,1.659450,0.787729,0.938448
255,1.062500,-0.109914,-0.202952,0.765586,-0.600506,1.730203,0.710013,0.057240,0.211970,0.114502,-0.836358,0.492406,1.468998,0.803035,0.069005,0.069710,0.085193,-0.814614,0.569462,1.659450,0.787729,0.938448
256,1.066667,-0.116579,-0.212416,0.762754,-0.599579,1.730411,0.708990,0.058784,0.220746,0.118378,-0.836353,0.487619,1.469258,0.801666,0.070431,0.069710,0.085193,-0.814614,0.569462,1.659450,0.787729,0.938448
257,1.070833,-0.124110,-0.222053,0.759800,-0.598325,1.730639,0.707808,0.060334,0.230175,0.123082,-0.835937,0.482783,1.469379,0.800078,0.071966,0.069710,0.085193,-0.814614,0.569462,1.659450,0.787729,0.938448
258,1.075000,-0.133235,-0.229233,0.757090,-0.597089,1.730834,0.706253,0.061962,0.240127,0.129599,-0.834956,0.477903,1.469351,0.798335,0.073618,0.069710,0.085193,-0.814614,0.569462,1.659450,0.787729,0.938448
259,1.079167,-0.142207,-0.239751,0.753960,-0.594845,1.730967,0.704600,0.063719,0.252238,0.135963,-0.833366,0.472643,1.469268,0.796332,0.075389,0.056467,0.063953,-0.811697,0.577815,1.554300,0.528086,0.881001
260,1.083333,-0.148583,-0.254521,0.749487,-0.592800,1.731275,0.702973,0.065453,0.264668,0.142907,-0.830947,0.468033,1.468922,0.793980,0.077424,0.059754,0.065543,-0.813822,0.574307,1.551652,0.519955,0.887061
261,1.087500,-0.150533,-0.273306,0.747054,-0.586988,1.731560,0.700591,0.066685,0.277159,0.150763,-0.828029,0.463489,1.468407,0.791430,0.079589,0.056021,0.064117,-0.814247,0.574240,1.548426,0.510893,0.894774
262,1.091667,-0.158316,-0.287967,0.742077,-0.584237,1.731704,0.698347,0.068677,0.290115,0.158507,-0.824440,0.459356,1.467799,0.788534,0.081922,0.051808,0.060995,-0.814368,0.574805,1.545495,0.502305,0.902768
263,1.095833,-0.169029,-0.299651,0.736444,-0.582486,1.732154,0.695742,0.070773,0.303088,0.166221,-0.820808,0.454734,1.466857,0.785521,0.084533,0.047167,0.057766,-0.814221,0.575745,1.542749,0.493809,0.911044
264,1.100000,-0.177720,-0.314540,0.730016,-0.580135,1.732509,0.693358,0.072814,0.318660,0.171216,-0.817437,0.448260,1.465758,0.782621,0.086981,0.042993,0.055625,-0.814087,0.576471,1.539774,0.485276,0.919243
265,1.104167,-0.191233,-0.328610,0.722418,-0.577544,1.732502,0.690483,0.074910,0.335656,0.177123,-0.813679,0.440328,1.464343,0.779776,0.089442,0.039431,0.051914,-0.814463,0.576541,1.536945,0.477014,0.927610
266,1.108333,-0.205605,-0.348102,0.711858,-0.574290,1.732065,0.688000,0.077572,0.352973,0.184770,-0.809525,0.431207,1.462711,0.776559,0.092042,0.034933,0.048577,-0.814361,0.577266,1.534212,0.468653,0.936238
267,1.112500,-0.223217,-0.360037,0.702658,-0.571681,1.732483,0.685424,0.080292,0.381069,0.191514,-0.801625,0.418934,1.461694,0.773354,0.093912,0.030321,0.045377,-0.814171,0.578054,1.531520,0.460363,0.944941
268,1.116667,-0.248376,-0.373501,0.695584,-0.561221,1.733414,0.682025,0.083662,0.403227,0.196983,-0.796288,0.405624,1.459948,0.770076,0.096338,0.026421,0.041958,-0.814030,0.578703,1.528905,0.452312,0.953659
269,1.120833,-0.272059,-0.392087,0.681820,-0.554413,1.733823,0.677706,0.087001,0.421551,0.203152,-0.790888,0.394360,1.457540,0.766500,0.098357,0.022343,0.038987,-0.813660,0.579602,1.526442,0.444268,0.962383
270,1.125000,-0.289732,-0.402382,0.666547,-0.556650,1.733203,0.672282,0.091249,0.436935,0.202103,-0.788659,0.382439,1.454595,0.762080,0.100754,0.018534,0.036081,-0.813170,0.580612,1.524078,0.436353,0.971080
271,1.129167,-0.296429,-0.414656,0.654972,-0.557854,1.732784,0.667456,0.095294,0.447160,0.203357,-0.786539,0.374232,1.451447,0.756870,0.104117,0.015826,0.033167,-0.812798,0.581385,1.521730,0.428671,0.979658
272,1.133333,-0.300752,-0.427747,0.644300,-0.558084,1.732392,0.661866,0.100325,0.460991,0.199962,-0.783963,0.364562,1.448696,0.751645,0.108143,0.013095,0.030633,-0.812290,0.582301,1.519452,0.421064,0.988206
273,1.137500,-0.308569,-0.434628,0.639434,-0.554083,1.731985,0.656308,0.105612,0.469181,0.201409,-0.780339,0.361073,1.445669,0.746038,0.112569,0.010403,0.028173,-0.811759,0.583220,1.517221,0.413595,0.996632
274,1.141667,-0.319773,-0.433629,0.644150,-0.542938,1.730781,0.649544,0.110088,0.482747,0.209529,-0.771776,0.356952,1.443572,0.741184,0.117153,0.008172,0.025767,-0.811170,0.584186,1.515107,0.406312,1.004940
275,1.145833,-0.335876,-0.441888,0.642858,-0.527879,1.729710,0.642739,0.114698,0.492587,0.227286,-0.761414,0.354890,1.441119,0.735844,0.123130,0.005925,0.023748,-0.810503,0.585223,1.512950,0.399176,1.013125
276,1.150000,-0.347813,-0.447584,0.638593,-0.520475,1.728783,0.636057,0.119718,0.505346,0.226018,-0.757385,0.346279,1.438057,0.729296,0.128164,0.004339,0.021749,-0.809622,0.586533,1.510955,0.392233,1.021232
277,1.154167,-0.354643,-0.453108,0.633622,-0.517150,1.727728,0.629369,0.124531,0.515845,0.239014,-0.747125,0.344355,1.435098,0.723479,0.132687,0.003107,0.019920,-0.808824,0.587705,1.508875,0.385317,1.029190
278,1.158333,-0.356898,-0.459642,0.626719,-0.518244,1.726526,0.622495,0.129457,0.524180,0.255088,-0.735530,0.345197,1.432532,0.718546,0.136779,0.002105,0.018459,-0.807911,0.589012,1.506795,0.378680,1.037010
279,1.162500,-0.361816,-0.467750,0.618714,-0.517196,1.725305,0.615771,0.134300,0.533499,0.259293,-0.729026,0.341566,1.429398,0.712279,0.140845,0.000794,0.016984,-0.806969,0.590349,1.504856,0.372237,1.044565
280,1.166667,-0.369571,-0.476924,0.607199,-0.516982,1.724199,0.608986,0.139109,0.539539,0.257882,-0.728113,0.335032,1.425630,0.705169,0.144687,0.000138,0.015521,-0.806162,0.591491,1.502979,0.365818,1.051899
281,1.170833,-0.384185,-0.481242,0.598425,-0.512538,1.723203,0.600780,0.144103,0.540921,0.263760,-0.725668,0.333530,1.422132,0.697981,0.148897,-0.000558,0.014428,-0.805239,0.592775,1.501155,0.359668,1.059033
282,1.175000,-0.390276,-0.482615,0.591376,-0.514822,1.721994,0.593473,0.148665,0.542868,0.268848,-0.722943,0.332216,1.418854,0.690825,0.153364,-0.001268,0.013375,-0.804467,0.593845,1.499348,0.353627,1.065944
283,1.179167,-0.394580,-0.481731,0.586582,-0.517845,1.720286,0.586052,0.153814,0.541706,0.275560,-0.720208,0.334548,1.415414,0.683365,0.157907,-0.001761,0.012401,-0.803813,0.594750,1.497545,0.347666,1.072670
284,1.183333,-0.403100,-0.481568,0.580802,-0.517950,1.718319,0.578917,0.159050,0.532598,0.275822,-0.724766,0.339081,1.411567,0.675225,0.162082,-0.002420,0.011887,-0.803004,0.595851,1.495782,0.341910,1.079232
285,1.187500,-0.397247,-0.471258,0.584963,-0.527189,1.715517,0.571352,0.164450,0.521979,0.274585,-0.730220,0.344847,1.407614,0.666544,0.166396,-0.002291,0.011058,-0.802493,0.596555,1.493942,0.336239,1.085637
286,1.191667,-0.383347,-0.457696,0.595050,-0.538029,1.712651,0.564017,0.169160,0.508109,0.278644,-0.733651,0.354880,1.403904,0.658187,0.170842,-0.002599,0.010785,-0.801831,0.597448,1.492159,0.330680,1.091732
287,1.195833,-0.376324,-0.448724,0.602147,-0.542629,1.709415,0.556165,0.174170,0.495953,0.280259,-0.737226,0.363296,1.400099,0.648969,0.174727,-0.002875,0.010229,-0.801341,0.598114,1.490373,0.325247,1.097781
288,1.200000,-0.374930,-0.440247,0.608796,-0.543118,1.705953,0.548273,0.178779,0.483568,0.283649,-0.738951,0.373707,1.396554,0.639356,0.178348,-0.003167,0.010554,-0.800879,0.598724,1.488481,0.319914,1.103495
289,1.204167,-0.373335,-0.433843,0.614381,-0.543082,1.702387,0.540485,0.183109,0.469324,0.284177,-0.742509,0.384264,1.393209,0.628924,0.181931,0.001229,0.010086,-0.801161,0.598363,1.486029,0.314110,1.109289
290,1.208333,-0.375945,-0.428370,0.619966,-0.539264,1.698500,0.532182,0.187481,0.456239,0.285750,-0.745147,0.393635,1.389689,0.618523,0.185495,0.001203,0.010461,-0.800745,0.598913,1.484073,0.308927,1.114544
291,1.212500,-0.373284,-0.423624,0.624951,-0.539108,1.694169,0.523903,0.191719,0.445362,0.287002,-0.747559,0.400548,1.386214,0.608321,0.188719,0.000538,0.011144,-0.800231,0.599588,1.482441,0.303980,1.119528
292,1.216667,-0.370108,-0.419140,0.629864,-0.539086,1.689735,0.515621,0.195469,0.438060,0.284916,-0.751224,0.403223,1.382586,0.598044,0.191677,-0.000062,0.011435,-0.800022,0.599862,1.480715,0.299092,1.124422
293,1.220833,-0.366028,-0.415138,0.633965,-0.540160,1.685160,0.507339,0.198927,0.432409,0.284170,-0.754069,0.404536,1.379004,0.587890,0.194302,0.000220,0.012075,-0.799928,0.599975,1.478841,0.294197,1.128963
294,1.225000,-0.360827,-0.410106,0.638228,-0.542477,1.680419,0.498906,0.202076,0.424715,0.279607,-0.758586,0.407411,1.375616,0.577336,0.196440,0.000260,0.010000,-0.798909,0.601369,1.477631,0.289762,1.134107
295,1.229167,-0.354589,-0.405603,0.641784,-0.545771,1.675475,0.490354,0.205042,0.418577,0.276344,-0.762496,0.408689,1.372400,0.566467,0.198280,0.000630,0.008049,-0.799166,0.601056,1.475579,0.285321,1.138999
296,1.233333,-0.350074,-0.403225,0.644039,-0.547788,1.670406,0.481800,0.207633,0.412018,0.272772,-0.766239,0.410749,1.369445,0.555304,0.199875,0.001021,0.010631,-0.798482,0.601924,1.474315,0.280362,1.142525
297,1.237500,-0.345512,-0.402565,0.645128,-0.549884,1.665156,0.473114,0.209940,0.405327,0.268158,-0.770293,0.412855,1.366558,0.543893,0.201226,0.001560,0.009345,-0.798943,0.601332,1.472271,0.275982,1.146881
298,1.241667,-0.339232,-0.403635,0.645359,-0.552732,1.659729,0.464238,0.212012,0.399088,0.263303,-0.773960,0.415194,1.363743,0.532266,0.202396,-0.000046,0.011906,-0.798156,0.602333,1.471061,0.271704,1.150075
299,1.245833,-0.333153,-0.406295,0.643950,-0.556113,1.654029,0.455321,0.213924,0.393948,0.256757,-0.778244,0.416193,1.360913,0.520544,0.203459,0.000490,0.011961,-0.797864,0.602719,1.469508,0.267242,1.153641
300,1.250000,-0.328524,-0.409961,0.642157,-0.558246,1.648394,0.446487,0.215334,0.389881,0.248997,-0.782292,0.417148,1.358197,0.508574,0.204352,0.001047,0.012195,-0.797655,0.602990,1.467955,0.262844,1.156933
301,1.254167,-0.321223,-0.413197,0.640985,-0.561447,1.642580,0.437199,0.216629,0.386291,0.242284,-0.785636,0.418155,1.355542,0.496416,0.205170,0.003210,0.011314,-0.798951,0.601281,1.465909,0.257939,1.160172
302,1.258333,-0.307984,-0.415462,0.640422,-0.567801,1.636717,0.427474,0.217566,0.382442,0.233106,-0.789605,0.419433,1.352894,0.484010,0.205540,0.001038,0.013944,-0.798322,0.602068,1.464802,0.253809,1.162560
303,1.262500,-0.303358,-0.418303,0.640277,-0.568368,1.630889,0.418332,0.217932,0.378363,0.224071,-0.793811,0.420117,1.350308,0.471518,0.205940,0.001429,0.013507,-0.798226,0.602205,1.463374,0.249451,1.165326
304,1.266667,-0.291709,-0.421563,0.638392,-0.574147,1.624934,0.408417,0.218401,0.373477,0.214474,-0.798147,0.421280,1.347697,0.458970,0.206197,0.001790,0.013774,-0.797789,0.602777,1.461964,0.245183,1.167721
305,1.270833,-0.281327,-0.426547,0.635298,-0.579059,1.618910,0.398413,0.218675,0.369111,0.204425,-0.802302,0.422232,1.345124,0.446294,0.206310,0.001978,0.013535,-0.797591,0.603044,1.460509,0.241043,1.170071
306,1.275000,-0.269977,-0.430097,0.633403,-0.583892,1.612969,0.388177,0.218560,0.364742,0.193745,-0.806574,0.422925,1.342530,0.433499,0.206486,0.002234,0.012698,-0.797186,0.603596,1.459240,0.236825,1.172243
307,1.279167,-0.258303,-0.433605,0.631681,-0.588426,1.607019,0.377741,0.218399,0.360724,0.182380,-0.810603,0.423721,1.339921,0.420680,0.206650,0.001460,0.011708,-0.797372,0.603373,1.457657,0.232623,1.174319
308,1.283333,-0.247395,-0.435655,0.631124,-0.592185,1.601050,0.367185,0.218059,0.357400,0.169695,-0.814816,0.423727,1.337394,0.407865,0.206545,0.001103,0.011057,-0.797038,0.603827,1.456393,0.228457,1.176070
309,1.287500,-0.234913,-0.437944,0.630052,-0.596704,1.595174,0.356655,0.217635,0.353623,0.156963,-0.818687,0.424340,1.334743,0.394958,0.206455,-0.000907,0.011190,-0.797738,0.602899,1.454954,0.224145,1.177483
310,1.291667,-0.225388,-0.441740,0.629834,-0.597809,1.589281,0.345619,0.217170,0.350057,0.143948,-0.822495,0.424549,1.332094,0.381956,0.206299,-0.001528,0.012060,-0.797611,0.603049,1.453709,0.219864,1.178531
311,1.295833,-0.212443,-0.445999,0.628290,-0.601003,1.583417,0.334489,0.216401,0.347256,0.131098,-0.825835,0.424527,1.329377,0.368810,0.206185,-0.002520,0.011156,-0.797605,0.603071,1.452253,0.215768,1.179842
312,1.300000,-0.198683,-0.449213,0.627028,-0.604623,1.577610,0.323149,0.215731,0.343125,0.119242,-0.828545,0.426099,1.326563,0.355677,0.205941,-0.003162,0.011080,-0.797086,0.603755,1.451073,0.211808,1.180818
313,1.304167,-0.185262,-0.450616,0.626567,-0.608306,1.571686,0.311830,0.214862,0.339394,0.107310,-0.831123,0.427236,1.323662,0.342540,0.205628,-0.003745,0.010211,-0.796956,0.603940,1.449675,0.207878,1.181772
314,1.308333,-0.173762,-0.453244,0.626996,-0.609306,1.566018,0.300206,0.213858,0.335543,0.095956,-0.833149,0.429029,1.320712,0.329380,0.205254,-0.004917,0.009522,-0.796595,0.604419,1.448339,0.204020,1.182444
315,1.312500,-0.163377,-0.455099,0.627919,-0.609845,1.560371,0.288442,0.212916,0.331699,0.084010,-0.834948,0.431022,1.317685,0.316268,0.204771,-0.005371,0.008619,-0.796133,0.605037,1.446892,0.200350,1.183168
316,1.316667,-0.150011,-0.457353,0.628650,-0.610838,1.554865,0.276533,0.211878,0.328272,0.075412,-0.835805,0.433567,1.314593,0.303321,0.204271,-0.006565,0.008238,-0.796004,0.605199,1.445567,0.196525,1.183492
317,1.320833,-0.138151,-0.456922,0.630574,-0.611974,1.549409,0.264577,0.210624,0.325351,0.071481,-0.835659,0.436706,1.311428,0.290510,0.203851,-0.007670,0.008724,-0.796153,0.604984,1.444215,0.192688,1.183357
318,1.325000,-0.126372,-0.457214,0.632359,-0.612460,1.544084,0.252469,0.209490,0.322301,0.061036,-0.836540,0.438859,1.308183,0.277551,0.203258,-0.007291,0.008652,-0.796087,0.605076,1.442825,0.189058,1.183230
319,1.329167,-0.114436,-0.455860,0.635225,-0.612850,1.538904,0.240278,0.208189,0.318441,0.054232,-0.836521,0.442592,1.304657,0.264764,0.202519,-0.007949,0.008332,-0.796182,0.604948,1.441473,0.185355,1.182915
320,1.333333,-0.102482,-0.456096,0.637754,-0.612163,1.533772,0.227977,0.206911,0.314503,0.047869,-0.836370,0.446410,1.301104,0.251944,0.201672,-0.008603,0.008040,-0.796156,0.604977,1.440159,0.181749,1.182310
321,1.337500,-0.089953,-0.456361,0.640122,-0.611463,1.528887,0.215476,0.205626,0.311961,0.040101,-0.836365,0.448960,1.297473,0.239108,0.200979,-0.006507,0.007428,-0.796390,0.604703,1.438458,0.178134,1.180779
322,1.341667,-0.082727,-0.452783,0.645066,-0.609945,1.524055,0.202766,0.204545,0.309773,0.018945,-0.838457,0.447964,1.293382,0.225522,0.199715,-0.005421,0.006737,-0.796609,0.604434,1.436987,0.174755,1.179744
323,1.345833,-0.071141,-0.452005,0.647923,-0.608955,1.519285,0.190215,0.203091,0.307070,0.011818,-0.838060,0.450803,1.289523,0.212766,0.198664,-0.009988,0.006185,-0.796642,0.604338,1.435949,0.171325,1.179372
324,1.350000,-0.060655,-0.450209,0.651437,-0.607670,1.514658,0.177685,0.201639,0.304326,0.005987,-0.837258,0.454257,1.285653,0.200295,0.197509,-0.007408,0.005302,-0.796714,0.604288,1.434459,0.167571,1.177491
325,1.354167,-0.049497,-0.448158,0.654858,-0.606519,1.510249,0.165035,0.200078,0.300909,0.003554,-0.836253,0.458391,1.281699,0.188202,0.196159,-0.007331,0.006179,-0.796717,0.604277,1.433139,0.164225,1.176095
326,1.358333,-0.039753,-0.446076,0.658816,-0.604481,1.505876,0.152480,0.198478,0.300036,-0.002723,-0.836799,0.457972,1.277443,0.175291,0.194929,-0.008050,0.008570,-0.796978,0.603893,1.432045,0.160546,1.173592
327,1.362500,-0.030792,-0.442389,0.662472,-0.603717,1.501685,0.139928,0.196811,0.298447,-0.007438,-0.836513,0.459479,1.273238,0.163028,0.193562,-0.011605,0.013060,-0.796344,0.604591,1.431456,0.156497,1.171666
328,1.366667,-0.022477,-0.438872,0.666000,-0.602769,1.497529,0.127369,0.195092,0.296303,-0.012248,-0.836184,0.461357,1.268987,0.150797,0.192054,-0.011239,0.013695,-0.796298,0.604645,1.430136,0.153005,1.169698
329,1.370833,-0.013299,-0.436623,0.668588,-0.601809,1.493584,0.114753,0.193294,0.294292,-0.017514,-0.836080,0.462661,1.264655,0.138637,0.190474,-0.011017,0.013857,-0.796104,0.604900,1.428851,0.149530,1.167781
330,1.375000,-0.005871,-0.432552,0.671975,-0.601094,1.489704,0.102314,0.191287,0.291860,-0.021355,-0.836068,0.464060,1.260229,0.126612,0.188778,-0.010531,0.013286,-0.795923,0.605161,1.427617,0.146023,1.165774
331,1.379167,0.000236,-0.428169,0.674939,-0.600939,1.485989,0.089857,0.189265,0.289357,-0.024936,-0.836151,0.465298,1.255742,0.114736,0.187041,-0.009635,0.013675,-0.795957,0.605122,1.426395,0.142447,1.163233
332,1.383333,0.006269,-0.424193,0.676962,-0.601451,1.482313,0.077510,0.187108,0.287206,-0.028380,-0.836169,0.466399,1.251155,0.102940,0.185362,-0.006203,0.017125,-0.796144,0.604833,1.424744,0.138381,1.160072
333,1.387500,0.010599,-0.419804,0.679212,-0.601933,1.478826,0.065138,0.184848,0.283955,-0.031185,-0.836542,0.467541,1.246495,0.091238,0.183324,-0.004855,0.016389,-0.795539,0.605662,1.423496,0.135104,1.157618
334,1.391667,0.013779,-0.414297,0.680969,-0.603696,1.475343,0.052837,0.182511,0.281445,-0.033311,-0.836779,0.468488,1.241802,0.079654,0.181300,-0.004563,0.016937,-0.795708,0.605427,1.422198,0.131550,1.154598
335,1.395833,0.018150,-0.410387,0.682016,-0.605069,1.471967,0.040497,0.179981,0.278342,-0.034022,-0.837184,0.469565,1.237012,0.068230,0.179121,-0.005723,0.017818,-0.795756,0.605328,1.421142,0.128331,1.151221
336,1.400000,0.022221,-0.406039,0.682547,-0.607263,1.468728,0.028231,0.177362,0.275937,-0.033655,-0.837211,0.470961,1.232270,0.056851,0.176704,-0.000951,0.017461,-0.795771,0.605345,1.419423,0.125827,1.147643
337,1.404167,0.026119,-0.402432,0.682717,-0.609314,1.465632,0.016027,0.174604,0.273505,-0.031845,-0.837564,0.471877,1.227401,0.045725,0.174337,-0.007139,0.022469,-0.795399,0.605628,1.419069,0.122864,1.143353
338,1.408333,0.029468,-0.398809,0.682460,-0.611826,1.462628,0.003862,0.171806,0.270446,-0.029544,-0.838044,0.472936,1.222521,0.034624,0.171816,-0.008746,0.025217,-0.795439,0.605446,1.418100,0.119000,1.139667
339,1.412500,0.032773,-0.395022,0.681836,-0.614804,1.459737,-0.008167,0.168910,0.266234,-0.026560,-0.838673,0.474385,1.217589,0.023604,0.169052,-0.010558,0.025687,-0.794283,0.606913,1.417492,0.115108,1.136752
340,1.416667,0.034980,-0.390653,0.681631,-0.617694,1.456858,-0.020085,0.165871,0.262969,-0.023201,-0.839086,0.475652,1.212678,0.012795,0.166319,-0.007595,0.026688,-0.795245,0.605654,1.415849,0.111969,1.132285
341,1.420833,0.036942,-0.385807,0.681077,-0.621227,1.454069,-0.031845,0.162723,0.260014,-0.020051,-0.839359,0.476935,1.207806,0.002083,0.163390,-0.005458,0.027381,-0.794903,0.606094,1.414817,0.107965,1.128176
342,1.425000,0.039227,-0.380630,0.680451,-0.624955,1.451389,-0.043495,0.159530,0.257766,-0.016086,-0.839241,0.478511,1.203019,-0.008413,0.160337,-0.004853,0.027613,-0.794754,0.606284,1.413687,0.104401,1.123946
343,1.429167,0.044160,-0.378431,0.678126,-0.628478,1.448742,-0.054991,0.156142,0.256185,-0.012900,-0.839025,0.479834,1.198314,-0.018752,0.157163,-0.002343,0.026057,-0.794522,0.606672,1.412361,0.100961,1.119707
344,1.433333,0.044621,-0.371911,0.678152,-0.632298,1.446096,-0.066436,0.152859,0.254579,-0.010833,-0.838724,0.481263,1.193639,-0.028999,0.153874,-0.002077,0.026050,-0.794951,0.606111,1.410873,0.097777,1.115271
345,1.437500,0.045999,-0.365407,0.677802,-0.636353,1.443477,-0.077676,0.149424,0.253742,-0.006056,-0.837649,0.483656,1.189232,-0.038967,0.150419,0.002478,0.014053,-0.796652,0.604270,1.408734,0.094462,1.111425
346,1.441667,0.047300,-0.358618,0.677981,-0.639920,1.440930,-0.088758,0.145891,0.253198,-0.003897,-0.836878,0.485295,1.185053,-0.048871,0.146764,0.004884,0.012211,-0.796705,0.604225,1.407314,0.090973,1.106627
347,1.445833,0.049588,-0.352441,0.677780,-0.643382,1.438501,-0.099623,0.142337,0.253928,-0.002628,-0.835699,0.486951,1.180735,-0.058532,0.142889,0.003893,0.016507,-0.794579,0.606923,1.407103,0.085909,1.102010
348,1.450000,0.052472,-0.346864,0.677620,-0.646346,1.436059,-0.110304,0.138516,0.255735,-0.001513,-0.834155,0.488653,1.176684,-0.068054,0.138863,0.010141,0.010802,-0.793634,0.608215,1.405226,0.081913,1.098671
349,1.454167,0.054759,-0.342726,0.677983,-0.647981,1.433737,-0.120878,0.134650,0.258624,-0.000699,-0.832028,0.490757,1.172838,-0.077327,0.134522,0.010254,0.011889,-0.794201,0.607452,1.404227,0.078013,1.093424
350,1.458333,0.055940,-0.338320,0.679540,-0.648564,1.431247,-0.131219,0.130445,0.262254,0.000907,-0.829502,0.493102,1.169163,-0.086341,0.129875,0.010284,0.011534,-0.793613,0.608227,1.403368,0.073759,1.087766
351,1.462500,0.055437,-0.334589,0.682274,-0.647672,1.428794,-0.141356,0.125975,0.266859,0.002315,-0.826805,0.495150,1.165567,-0.095084,0.124936,0.007513,0.012207,-0.794862,0.606621,1.401839,0.069284,1.082481
352,1.466667,0.052892,-0.330728,0.685919,-0.646017,1.426257,-0.151182,0.121419,0.272084,0.002929,-0.824031,0.496925,1.162193,-0.103581,0.119662,0.008297,0.011648,-0.794474,0.607130,1.400656,0.064939,1.076711
353,1.470833,0.047915,-0.326271,0.691200,-0.643035,1.423672,-0.160619,0.116702,0.277155,0.003903,-0.821112,0.498945,1.158934,-0.111626,0.114099,0.007206,0.011348,-0.793922,0.607871,1.399531,0.060449,1.070887
354,1.475000,0.042145,-0.322010,0.697307,-0.638981,1.421168,-0.169776,0.111808,0.282493,0.004802,-0.818173,0.500767,1.155864,-0.119293,0.108550,0.007921,0.010832,-0.794277,0.607408,1.397923,0.056269,1.064919
355,1.479167,0.037234,-0.318573,0.703463,-0.634244,1.418779,-0.178747,0.106795,0.286540,0.006437,-0.814958,0.503684,1.152936,-0.126609,0.102695,0.008582,0.010797,-0.794384,0.607259,1.396526,0.051878,1.058634
356,1.483333,0.032622,-0.315426,0.708927,-0.629972,1.416408,-0.187260,0.101507,0.290317,0.008214,-0.811854,0.506500,1.150146,-0.133648,0.096849,0.009485,0.011106,-0.794024,0.607711,1.395153,0.047426,1.052167
357,1.487500,0.027847,-0.312593,0.714537,-0.625258,1.414175,-0.195389,0.095984,0.293428,0.010829,-0.808619,0.509822,1.147378,-0.140225,0.090832,0.009439,0.011767,-0.793516,0.608363,1.393380,0.043017,1.045954
358,1.491667,0.024727,-0.310584,0.718796,-0.621497,1.412207,-0.203188,0.090387,0.289522,0.018863,-0.809653,0.510180,1.143592,-0.145976,0.084811,0.007295,0.010961,-0.793127,0.608914,1.392423,0.038459,1.039246
359,1.495833,0.020482,-0.307763,0.724498,-0.616413,1.410197,-0.210877,0.084365,0.289031,0.014685,-0.806680,0.515279,1.141344,-0.151960,0.079072,0.012107,0.011815,-0.792968,0.609029,1.390424,0.034204,1.031951
360,1.500000,0.015583,-0.306010,0.731041,-0.609667,1.408413,-0.218256,0.077963,0.279744,0.008620,-0.805198,0.522805,1.138906,-0.157877,0.074360,0.009523,0.013066,-0.794358,0.607234,1.389182,0.029407,1.024029
361,1.504167,0.010211,-0.302795,0.735403,-0.606130,1.406700,-0.225012,0.071349,0.272338,0.007864,-0.802232,0.531219,1.137205,-0.162401,0.068957,0.008299,0.013463,-0.794647,0.606865,1.387563,0.024913,1.016769
362,1.508333,0.001809,-0.296660,0.740018,-0.603625,1.404772,-0.231291,0.063747,0.253608,0.001124,-0.803085,0.539200,1.134039,-0.166870,0.064401,0.007126,0.014531,-0.794875,0.606558,1.385924,0.020479,1.009395
363,1.512500,-0.000454,-0.293241,0.741920,-0.602963,1.403681,-0.237037,0.057165,0.227510,-0.007485,-0.805585,0.547006,1.131023,-0.170758,0.060699,0.011645,0.011585,-0.796767,0.604064,1.383134,0.016693,1.000868
364,1.516667,-0.003492,-0.280567,0.746670,-0.603120,1.403073,-0.242016,0.051462,0.192887,-0.007175,-0.807613,0.557229,1.127704,-0.174124,0.057961,0.010983,0.009630,-0.797837,0.602696,1.381223,0.012608,0.992903
365,1.520833,0.003826,-0.259073,0.755372,-0.601897,1.402943,-0.246833,0.047225,0.165312,-0.007388,-0.807546,0.566115,1.125007,-0.176717,0.054824,0.001271,0.009809,-0.797141,0.603712,1.379629,0.007828,0.986544
366,1.525000,0.003778,-0.214461,0.776966,-0.591875,1.402358,-0.250508,0.044015,0.142858,0.001087,-0.807108,0.572860,1.122694,-0.177559,0.050383,-0.001307,0.008457,-0.797018,0.603895,1.378062,0.003399,0.978663
367,1.529167,0.003712,-0.167421,0.795699,-0.582083,1.401369,-0.253251,0.041703,0.129251,-0.002651,-0.807749,0.575177,1.121271,-0.178508,0.046576,-0.002517,0.007582,-0.797177,0.603693,1.376234,-0.000806,0.970019
368,1.533333,-0.001442,-0.140723,0.806295,-0.574529,1.400707,-0.255139,0.038661,0.114069,-0.005028,-0.808571,0.577214,1.120441,-0.178813,0.044279,-0.004375,0.005750,-0.797016,0.603915,1.374567,-0.005054,0.961679
369,1.537500,-0.009661,-0.124769,0.810498,-0.572218,1.401023,-0.255511,0.036293,0.099343,-0.002788,-0.807082,0.582016,1.120633,-0.178465,0.042241,-0.005416,0.002346,-0.796694,0.604354,1.372910,-0.009258,0.953201
370,1.541667,-0.012216,-0.121608,0.810075,-0.573446,1.401857,-0.254903,0.033940,0.089721,-0.002599,-0.805718,0.585458,1.121010,-0.177315,0.040264,-0.007867,-0.000347,-0.796837,0.604143,1.371361,-0.013423,0.944377
371,1.545833,-0.010402,-0.117331,0.810961,-0.573121,1.402430,-0.252952,0.032337,0.085314,-0.003763,-0.803793,0.588748,1.121354,-0.175670,0.038519,-0.011107,-0.002512,-0.794553,0.607088,1.369680,-0.018121,0.937302
372,1.550000,-0.005626,-0.106120,0.813683,-0.571513,1.402166,-0.250758,0.031382,0.077931,-0.002445,-0.804307,0.589077,1.121970,-0.174072,0.037332,-0.005370,-0.010142,-0.795405,0.605969,1.367936,-0.021668,0.926941
373,1.554167,0.002573,-0.095882,0.816635,-0.569128,1.401526,-0.249083,0.030398,0.071433,-0.003564,-0.802703,0.592075,1.121866,-0.173653,0.036776,-0.008202,-0.015212,-0.796151,0.604851,1.366487,-0.025807,0.917566
374,1.558333,0.008995,-0.085685,0.818167,-0.568489,1.401194,-0.248692,0.029209,0.063787,-0.001516,-0.801444,0.594656,1.121713,-0.174038,0.036064,-0.013484,-0.018775,-0.796299,0.604462,1.365119,-0.029906,0.908721
375,1.562500,0.011692,-0.077907,0.818183,-0.569535,1.401018,-0.249132,0.028076,0.056578,0.002431,-0.801620,0.595146,1.121451,-0.174654,0.034871,-0.019520,-0.021855,-0.796355,0.604119,1.363671,-0.033953,0.899944
376,1.566667,0.010486,-0.072398,0.817824,-0.570800,1.401045,-0.250169,0.026596,0.050349,0.006130,-0.803700,0.592869,1.121222,-0.175388,0.033453,-0.023607,-0.028973,-0.796712,0.603202,1.362090,-0.037871,0.890251
377,1.570833,0.010408,-0.064803,0.817535,-0.572127,1.401073,-0.251160,0.024985,0.045986,0.004595,-0.805754,0.590445,1.121269,-0.176367,0.032324,-0.035946,-0.037219,-0.796560,0.602341,1.360850,-0.041599,0.882743
378,1.575000,0.011292,-0.054627,0.817602,-0.573075,1.400526,-0.251544,0.023514,0.040885,0.000971,-0.807868,0.587943,1.121092,-0.177053,0.031456,-0.043159,-0.041070,-0.795887,0.602507,1.359132,-0.045643,0.875221
379,1.579167,0.010912,-0.045498,0.817984,-0.573335,1.400620,-0.251406,0.022179,0.033618,-0.001122,-0.809614,0.585999,1.120769,-0.177785,0.030600,-0.050530,-0.049033,-0.795815,0.601432,1.356959,-0.048910,0.868442
380,1.583333,0.012986,-0.040055,0.817095,-0.574964,1.400456,-0.250771,0.021066,0.026144,-0.000831,-0.811257,0.584104,1.120231,-0.178761,0.029419,-0.046232,-0.045245,-0.795451,0.602556,1.355531,-0.052813,0.859744
381,1.587500,0.009549,-0.034221,0.816179,-0.576706,1.400099,-0.250084,0.020632,0.021114,-0.002774,-0.811879,0.583438,1.120296,-0.179741,0.028613,-0.044738,-0.042656,-0.794943,0.603527,1.353890,-0.056646,0.853481
382,1.591667,0.001423,-0.028927,0.814587,-0.579318,1.399440,-0.250041,0.020802,0.013901,0.010010,-0.815742,0.578162,1.119542,-0.180460,0.026972,-0.028454,-0.041149,-0.795243,0.604223,1.351536,-0.060434,0.845386
383,1.595833,-0.003637,-0.027521,0.812686,-0.582041,1.398759,-0.250122,0.021195,0.010090,0.018657,-0.818306,0.574391,1.119759,-0.180954,0.026559,-0.032934,-0.038413,-0.795590,0.603718,1.351112,-0.064227,0.839487
384,1.600000,-0.008048,-0.028264,0.810384,-0.585162,1.397857,-0.250691,0.021705,0.007933,0.030204,-0.819220,0.572628,1.120900,-0.181418,0.026743,-0.053330,-0.066638,-0.797029,0.597880,1.348341,-0.065321,0.839300
385,1.604167,-0.011697,-0.029697,0.807337,-0.589227,1.396988,-0.251613,0.021986,0.005081,0.038589,-0.820080,0.570924,1.121735,-0.182092,0.026928,-0.048157,-0.071374,-0.797828,0.596706,1.346217,-0.068764,0.833533
386,1.608333,-0.014641,-0.031435,0.804221,-0.593318,1.396279,-0.252516,0.021997,0.007987,0.031569,-0.820371,0.570904,1.122346,-0.182569,0.028282,-0.056092,-0.073913,-0.796751,0.597142,1.344980,-0.071676,0.830794
387,1.612500,-0.015420,-0.032367,0.801281,-0.597213,1.395634,-0.253409,0.022086,0.009166,0.034215,-0.822412,0.567788,1.122340,-0.183514,0.028351,-0.051066,-0.071588,-0.795926,0.598973,1.344216,-0.075354,0.825983
388,1.616667,-0.014362,-0.033490,0.798307,-0.601147,1.394994,-0.254280,0.022172,0.008998,0.039712,-0.825114,0.563498,1.122257,-0.184739,0.027973,-0.061863,-0.070510,-0.794950,0.599380,1.343649,-0.078476,0.824395
389,1.620833,-0.015194,-0.033625,0.795214,-0.605205,1.394325,-0.255010,0.022243,0.008215,0.047001,-0.827060,0.560085,1.122024,-0.185895,0.027499,-0.083760,-0.067883,-0.790676,0.602667,1.343492,-0.082115,0.826330
390,1.625000,-0.017954,-0.033013,0.792364,-0.608891,1.393524,-0.255751,0.022359,0.006469,0.049581,-0.828580,0.557634,1.122092,-0.186754,0.027503,-0.099622,-0.074707,-0.788756,0.601962,1.342587,-0.084978,0.825678
391,1.629167,-0.019021,-0.033160,0.790220,-0.611630,1.392801,-0.256487,0.022624,0.005482,0.051105,-0.829362,0.556342,1.122266,-0.187512,0.027740,-0.103764,-0.070887,-0.786340,0.604878,1.340971,-0.088866,0.824303
392,1.633333,-0.019951,-0.032948,0.788109,-0.614329,1.392185,-0.257233,0.022753,0.004277,0.053157,-0.830228,0.554867,1.122337,-0.188436,0.027827,-0.104464,-0.073741,-0.789488,0.600299,1.340631,-0.091789,0.821605
393,1.637500,-0.020769,-0.032334,0.785839,-0.617236,1.391640,-0.258037,0.022678,0.003646,0.053738,-0.831630,0.552711,1.122185,-0.189392,0.027962,-0.121092,-0.079103,-0.785929,0.601161,1.341282,-0.094660,0.822275
394,1.641667,-0.022036,-0.030203,0.783305,-0.620513,1.391129,-0.258925,0.022393,0.002807,0.057017,-0.833217,0.549992,1.121995,-0.190263,0.027774,-0.122030,-0.080621,-0.783135,0.604407,1.339981,-0.098781,0.819854
395,1.645833,-0.021273,-0.028942,0.780979,-0.623523,1.390847,-0.259764,0.022194,0.000260,0.058610,-0.834263,0.548243,1.122093,-0.190968,0.027697,-0.124113,-0.082032,-0.782207,0.604995,1.339473,-0.101890,0.817929
396,1.650000,-0.021886,-0.026131,0.778432,-0.626803,1.390439,-0.260518,0.021848,-0.000889,0.061170,-0.834522,0.547567,1.122055,-0.191403,0.027579,-0.127522,-0.082518,-0.782816,0.603430,1.339630,-0.104047,0.816417
397,1.654167,-0.021592,-0.024055,0.776142,-0.629730,1.390119,-0.261301,0.021502,-0.001923,0.061675,-0.835019,0.546750,1.122081,-0.191789,0.027554,-0.128894,-0.083617,-0.782025,0.604013,1.338687,-0.106756,0.814719
398,1.658333,-0.021645,-0.022393,0.774616,-0.631665,1.389803,-0.261690,0.021293,-0.001486,0.061444,-0.835552,0.545963,1.121927,-0.192040,0.027580,-0.129452,-0.084826,-0.779736,0.606679,1.337646,-0.109938,0.813169
399,1.662500,-0.022191,-0.021319,0.773149,-0.633477,1.389565,-0.261909,0.021199,-0.001535,0.061221,-0.835809,0.545593,1.121881,-0.192325,0.027571,-0.131039,-0.085915,-0.778576,0.607674,1.336238,-0.112409,0.812117
400,1.666667,-0.022627,-0.020770,0.772348,-0.634457,1.389456,-0.261939,0.021179,-0.001527,0.061384,-0.836052,0.545203,1.121712,-0.192417,0.027482,-0.132026,-0.086470,-0.777192,0.609150,1.335068,-0.114804,0.811181
401,1.670833,-0.022117,-0.020835,0.772114,-0.634757,1.389529,-0.261869,0.021152,-0.002911,0.059466,-0.835318,0.546534,1.121769,-0.192539,0.027635,-0.133447,-0.086926,-0.775417,0.611036,1.334475,-0.116985,0.810291
402,1.675000,-0.020582,-0.021286,0.772313,-0.634552,1.389720,-0.261767,0.021117,-0.003699,0.058722,-0.834798,0.547404,1.121691,-0.192461,0.027637,-0.134338,-0.087580,-0.774150,0.612351,1.333312,-0.119180,0.809703
403,1.679167,-0.018603,-0.021913,0.772649,-0.634183,1.389955,-0.261710,0.021034,-0.004274,0.057642,-0.834567,0.547866,1.121646,-0.192347,0.027623,-0.134712,-0.087622,-0.772555,0.614274,1.332394,-0.121469,0.809317
404,1.683333,-0.016375,-0.022869,0.772929,-0.633869,1.390210,-0.261699,0.020963,-0.005322,0.056764,-0.834527,0.548009,1.121704,-0.192280,0.027540,-0.134943,-0.087855,-0.771235,0.615848,1.331582,-0.123677,0.809070
405,1.687500,-0.014871,-0.023491,0.773252,-0.633489,1.390381,-0.261664,0.020912,-0.004826,0.055480,-0.834446,0.548268,1.121631,-0.192200,0.027563,-0.134913,-0.087983,-0.770357,0.616934,1.330786,-0.125738,0.808919
406,1.691667,-0.013790,-0.023884,0.773527,-0.633163,1.390505,-0.261618,0.020851,-0.004231,0.054446,-0.834134,0.548852,1.121574,-0.192112,0.027618,-0.133847,-0.089162,-0.770762,0.616491,1.330957,-0.128312,0.809181
407,1.695833,-0.013084,-0.024089,0.773598,-0.633083,1.390595,-0.261566,0.020823,-0.005276,0.054707,-0.833783,0.549349,1.121660,-0.192050,0.027594,-0.133543,-0.089326,-0.770459,0.616911,1.330517,-0.130920,0.809595
408,1.700000,-0.011820,-0.024456,0.773368,-0.633375,1.390684,-0.261523,0.020895,-0.004916,0.055182,-0.833673,0.549473,1.121569,-0.192043,0.027608,-0.134408,-0.088721,-0.770477,0.616789,1.329703,-0.133433,0.809767
409,1.704167,-0.011698,-0.024254,0.773059,-0.633762,1.390696,-0.261460,0.020876,-0.005283,0.055731,-0.833805,0.549213,1.121594,-0.192094,0.027586,-0.132305,-0.092340,-0.769456,0.617986,1.330018,-0.135456,0.810805
410,1.708333,-0.011700,-0.024075,0.772800,-0.634085,1.390689,-0.261433,0.020864,-0.006523,0.056055,-0.834109,0.548705,1.121747,-0.192174,0.027537,-0.131878,-0.092369,-0.768608,0.619126,1.329718,-0.137823,0.811581
411,1.712500,-0.011568,-0.024119,0.772641,-0.634280,1.390692,-0.261436,0.020851,-0.007000,0.056366,-0.834122,0.548648,1.121833,-0.192164,0.027531,-0.131457,-0.092119,-0.768093,0.619892,1.329000,-0.139904,0.812521
412,1.716667,-0.011142,-0.024236,0.772556,-0.634386,1.390720,-0.261419,0.020839,-0.007196,0.056454,-0.833954,0.548892,1.121919,-0.192115,0.027568,-0.131089,-0.092466,-0.767561,0.620577,1.328643,-0.142009,0.813450
413,1.720833,-0.010662,-0.024321,0.772421,-0.634556,1.390769,-0.261364,0.020805,-0.007311,0.056276,-0.833865,0.549044,1.121992,-0.192064,0.027605,-0.130714,-0.092561,-0.766675,0.621736,1.328488,-0.144087,0.814551
414,1.725000,-0.010010,-0.024231,0.772198,-0.634841,1.390805,-0.261281,0.020775,-0.007316,0.056273,-0.833808,0.549130,1.122004,-0.192084,0.027659,-0.129581,-0.091698,-0.765883,0.623075,1.328588,-0.146059,0.815668
415,1.729167,-0.009618,-0.024132,0.771937,-0.635168,1.390859,-0.261197,0.020745,-0.007868,0.056539,-0.834103,0.548647,1.122005,-0.192100,0.027589,-0.129750,-0.091891,-0.765166,0.623892,1.327920,-0.147977,0.816953
416,1.733333,-0.009318,-0.024108,0.771715,-0.635443,1.390903,-0.261140,0.020727,-0.008092,0.056729,-0.834294,0.548334,1.121980,-0.192064,0.027513,-0.129537,-0.091212,-0.764515,0.624834,1.327339,-0.149890,0.818254
417,1.737500,-0.008992,-0.024317,0.771601,-0.635578,1.390941,-0.261112,0.020726,-0.008127,0.056685,-0.834204,0.548475,1.121959,-0.191989,0.027511,-0.129245,-0.090950,-0.763688,0.625942,1.326942,-0.151716,0.819588
418,1.741667,-0.008596,-0.024537,0.771475,-0.635729,1.390984,-0.261100,0.020720,-0.007803,0.056448,-0.833991,0.548828,1.121973,-0.191901,0.027564,-0.128181,-0.091978,-0.762301,0.627700,1.328024,-0.153385,0.820931
419,1.745833,-0.008119,-0.024715,0.771302,-0.635937,1.391018,-0.261075,0.020711,-0.007556,0.055804,-0.834039,0.548824,1.121996,-0.191862,0.027623,-0.127947,-0.090064,-0.761602,0.628873,1.327181,-0.155127,0.822526
420,1.750000,-0.007644,-0.024796,0.771116,-0.636166,1.391065,-0.261029,0.020705,-0.007744,0.055580,-0.834306,0.548437,1.122015,-0.191833,0.027579,-0.128519,-0.088198,-0.762100,0.628416,1.326554,-0.156233,0.824155
421,1.754167,-0.007480,-0.024816,0.771005,-0.636302,1.391104,-0.260991,0.020657,-0.007898,0.055440,-0.834495,0.548163,1.121982,-0.191792,0.027521,-0.129249,-0.086170,-0.760756,0.630174,1.325338,-0.158246,0.826217
422,1.758333,-0.007411,-0.024867,0.770933,-0.636387,1.391150,-0.260962,0.020608,-0.007952,0.055714,-0.834532,0.548077,1.121927,-0.191723,0.027458,-0.129417,-0.083793,-0.760537,0.630725,1.324629,-0.159917,0.828339
423,1.762500,-0.006917,-0.025107,0.770892,-0.636433,1.391216,-0.260929,0.020619,-0.007910,0.055635,-0.834487,0.548154,1.121922,-0.191654,0.027442,-0.129194,-0.081094,-0.760548,0.631110,1.323823,-0.161461,0.830526
424,1.766667,-0.006242,-0.025459,0.770813,-0.636522,1.391279,-0.260907,0.020637,-0.007899,0.055230,-0.834475,0.548214,1.121953,-0.191604,0.027473,-0.128464,-0.078055,-0.760594,0.631587,1.322986,-0.163193,0.832794
425,1.770833,-0.005528,-0.025793,0.770686,-0.636669,1.391351,-0.260865,0.020663,-0.007750,0.054488,-0.834610,0.548086,1.121970,-0.191548,0.027508,-0.127576,-0.076058,-0.759828,0.632931,1.322877,-0.164660,0.835154
426,1.775000,-0.004617,-0.026139,0.770615,-0.636747,1.391411,-0.260823,0.020700,-0.007560,0.053829,-0.834712,0.547998,1.121950,-0.191470,0.027528,-0.126798,-0.074862,-0.759495,0.633629,1.322693,-0.165960,0.837759
427,1.779167,-0.003959,-0.026373,0.770582,-0.636783,1.391476,-0.260778,0.020722,-0.007520,0.053431,-0.834766,0.547955,1.121908,-0.191377,0.027522,-0.126168,-0.074254,-0.759228,0.634146,1.322541,-0.167210,0.840614
428,1.783333,-0.003267,-0.026734,0.770556,-0.636803,1.391538,-0.260749,0.020752,-0.007658,0.053208,-0.834810,0.547907,1.121889,-0.191309,0.027499,-0.124597,-0.075924,-0.758945,0.634597,1.321908,-0.168167,0.844040
429,1.787500,-0.002611,-0.027043,0.770496,-0.636866,1.391602,-0.260712,0.020785,-0.007481,0.052532,-0.834985,0.547709,1.121858,-0.191241,0.027501,-0.123905,-0.075613,-0.759390,0.634238,1.321493,-0.169471,0.847168
430,1.791667,-0.002123,-0.027307,0.770420,-0.636948,1.391663,-0.260685,0.020816,-0.007173,0.051764,-0.835024,0.547726,1.121856,-0.191182,0.027555,-0.123135,-0.075279,-0.759877,0.633844,1.321046,-0.170741,0.850389
431,1.795833,-0.001674,-0.027583,0.770328,-0.637049,1.391709,-0.260655,0.020839,-0.006775,0.050858,-0.835027,0.547811,1.121853,-0.191103,0.027614,-0.116306,-0.084633,-0.760195,0.633572,1.323450,-0.171076,0.854852
432,1.800000,-0.001227,-0.027848,0.770276,-0.637101,1.391760,-0.260629,0.020860,-0.006395,0.049992,-0.835094,0.547793,1.121814,-0.190991,0.027643,-0.115661,-0.084545,-0.759848,0.634117,1.323354,-0.172334,0.858055
433,1.804167,-0.000734,-0.028071,0.770292,-0.637073,1.391818,-0.260585,0.020890,-0.006292,0.049217,-0.835231,0.547657,1.121776,-0.190878,0.027629,-0.115645,-0.083000,-0.758229,0.636260,1.323244,-0.174156,0.861422
434,1.808333,0.000012,-0.028659,0.770314,-0.637021,1.391859,-0.260574,0.020869,-0.006394,0.048299,-0.835339,0.547572,1.121792,-0.190805,0.027660,-0.115137,-0.083023,-0.757972,0.636654,1.322972,-0.175404,0.864782
435,1.812500,0.000423,-0.028878,0.770327,-0.636995,1.391903,-0.260519,0.020886,-0.006316,0.047282,-0.835446,0.547499,1.121770,-0.190732,0.027720,-0.114240,-0.082885,-0.758514,0.636188,1.322280,-0.176250,0.868091
436,1.816667,0.000888,-0.029150,0.770287,-0.637031,1.391947,-0.260467,0.020915,-0.005969,0.046064,-0.835571,0.547416,1.121725,-0.190637,0.027803,-0.113463,-0.083190,-0.758449,0.636365,1.321893,-0.177329,0.871368
437,1.820833,0.001247,-0.029342,0.770236,-0.637082,1.391987,-0.260411,0.020948,-0.005753,0.044747,-0.835767,0.547227,1.121661,-0.190541,0.027905,-0.112691,-0.081933,-0.758485,0.636623,1.321815,-0.178482,0.874524
438,1.825000,0.001535,-0.029519,0.770234,-0.637076,1.392030,-0.260350,0.020993,-0.005300,0.043381,-0.835940,0.547078,1.121588,-0.190438,0.027981,-0.111507,-0.079811,-0.758564,0.637007,1.321671,-0.179645,0.877454
439,1.829167,0.001803,-0.029757,0.770242,-0.637054,1.392079,-0.260278,0.021037,-0.005004,0.042339,-0.836059,0.546981,1.121540,-0.190347,0.028010,-0.110478,-0.077820,-0.758775,0.637181,1.321465,-0.180776,0.880440
440,1.833333,0.002225,-0.030012,0.770259,-0.637020,1.392120,-0.260211,0.021088,-0.004771,0.041394,-0.836074,0.547032,1.121521,-0.190273,0.028023,-0.100000,-0.067901,-0.760118,0.638444,1.321040,-0.182663,0.881209
441,1.837500,0.002603,-0.030267,0.770261,-0.637005,1.392161,-0.260141,0.021138,-0.004467,0.040284,-0.836155,0.546994,1.121500,-0.190187,0.028059,-0.087406,-0.062730,-0.763099,0.637263,1.319842,-0.183595,0.880575
442,1.841667,0.002962,-0.030493,0.770268,-0.636984,1.392188,-0.260084,0.021189,-0.004218,0.039180,-0.836214,0.546986,1.121457,-0.190091,0.028115,-0.088910,-0.057511,-0.762813,0.637890,1.319179,-0.184450,0.884478
443,1.845833,0.003223,-0.030793,0.770279,-0.636955,1.392225,-0.260025,0.021247,-0.004215,0.038899,-0.836489,0.546585,1.121301,-0.190035,0.028066,-0.086968,-0.057201,-0.763058,0.637892,1.319208,-0.185185,0.887249
444,1.850000,0.002977,-0.030950,0.770327,-0.636891,1.392274,-0.259908,0.021315,-0.003479,0.038713,-0.836690,0.546295,1.121120,-0.189944,0.028025,-0.088817,-0.056413,-0.762465,0.638417,1.319554,-0.186508,0.890395
445,1.854167,0.003211,-0.031310,0.770396,-0.636788,1.392292,-0.259853,0.021377,-0.002986,0.037596,-0.836746,0.546292,1.121035,-0.189837,0.028039,-0.087934,-0.056133,-0.762642,0.638352,1.319416,-0.187405,0.893368
446,1.858333,0.003753,-0.032070,0.770358,-0.636793,1.392296,-0.259887,0.021458,-0.001940,0.036043,-0.836784,0.546343,1.120974,-0.189694,0.028100,-0.086871,-0.055498,-0.762834,0.638324,1.319241,-0.188262,0.896194
447,1.862500,0.003920,-0.032606,0.770357,-0.636767,1.392305,-0.259874,0.021531,-0.002331,0.034929,-0.836735,0.546488,1.120986,-0.189633,0.028144,-0.085803,-0.054712,-0.763120,0.638195,1.319045,-0.189169,0.898734
448,1.866667,0.003946,-0.032953,0.770458,-0.636627,1.392303,-0.259838,0.021584,-0.002514,0.034202,-0.836631,0.546692,1.120975,-0.189561,0.028179,-0.083887,-0.054879,-0.763901,0.637501,1.318377,-0.190034,0.901070
449,1.870833,0.003999,-0.033333,0.770556,-0.636488,1.392296,-0.259809,0.021640,-0.002090,0.033486,-0.836538,0.546881,1.120936,-0.189488,0.028216,-0.084990,-0.054826,-0.764420,0.636737,1.318010,-0.190809,0.904074
450,1.875000,0.004072,-0.033586,0.770677,-0.636328,1.392280,-0.259786,0.021680,-0.002007,0.033214,-0.836479,0.546988,1.120900,-0.189426,0.028221,-0.083217,-0.053578,-0.764301,0.637219,1.318035,-0.191930,0.906355
451,1.879167,0.003992,-0.033701,0.770785,-0.636191,1.392260,-0.259776,0.021712,-0.001882,0.033110,-0.836425,0.547077,1.120872,-0.189364,0.028226,-0.083546,-0.053405,-0.763894,0.637679,1.317877,-0.192425,0.909377
452,1.883333,0.003954,-0.033762,0.770873,-0.636081,1.392246,-0.259770,0.021746,-0.001947,0.033086,-0.836366,0.547168,1.120854,-0.189306,0.028223,-0.083239,-0.051524,-0.763899,0.637868,1.317952,-0.193676,0.911605
453,1.887500,0.003903,-0.033765,0.770939,-0.636001,1.392231,-0.259760,0.021773,-0.001982,0.032399,-0.836290,0.547326,1.120862,-0.189239,0.028274,-0.081945,-0.049416,-0.765035,0.636839,1.317431,-0.193966,0.913762
454,1.891667,0.003929,-0.033814,0.771031,-0.635888,1.392199,-0.259753,0.021794,-0.001981,0.031670,-0.836203,0.547502,1.120875,-0.189179,0.028306,-0.076389,-0.049852,-0.765064,0.637461,1.317027,-0.194781,0.915453
455,1.895833,0.003993,-0.033826,0.771136,-0.635759,1.392179,-0.259763,0.021811,-0.001930,0.031149,-0.836060,0.547750,1.120895,-0.189134,0.028312,-0.076256,-0.048426,-0.765475,0.637093,1.316586,-0.195542,0.917722
456,1.900000,0.003971,-0.033841,0.771255,-0.635614,1.392155,-0.259742,0.021832,-0.001813,0.030506,-0.835950,0.547954,1.120904,-0.189071,0.028339,-0.074018,-0.045489,-0.765845,0.637129,1.316170,-0.196398,0.919631
457,1.904167,0.003911,-0.033792,0.771356,-0.635494,1.392133,-0.259714,0.021856,-0.001768,0.030037,-0.835839,0.548150,1.120926,-0.189015,0.028355,-0.073297,-0.043643,-0.766091,0.637045,1.315908,-0.197098,0.921677
458,1.908333,0.003696,-0.033706,0.771457,-0.635378,1.392107,-0.259697,0.021872,-0.001904,0.029778,-0.835732,0.548326,1.120955,-0.188971,0.028363,-0.077164,-0.044398,-0.765906,0.636760,1.315856,-0.197708,0.924509
459,1.912500,0.003495,-0.033618,0.771527,-0.635298,1.392081,-0.259675,0.021903,-0.002104,0.029648,-0.835612,0.548516,1.120990,-0.188924,0.028371,-0.072176,-0.042499,-0.765671,0.637756,1.315672,-0.199019,0.925429
460,1.916667,0.003248,-0.033493,0.771601,-0.635216,1.392056,-0.259658,0.021933,-0.002302,0.029562,-0.835511,0.548673,1.121030,-0.188888,0.028378,-0.075148,-0.041658,-0.765889,0.637206,1.315548,-0.199455,0.927841
461,1.920833,0.003045,-0.033396,0.771676,-0.635132,1.392030,-0.259636,0.021956,-0.002508,0.029529,-0.835428,0.548801,1.121075,-0.188859,0.028389,-0.076577,-0.042998,-0.765381,0.637558,1.315312,-0.200372,0.930305
462,1.925000,0.002922,-0.033316,0.771775,-0.635016,1.392006,-0.259620,0.021971,-0.002722,0.029602,-0.835323,0.548956,1.121126,-0.188831,0.028386,-0.081783,-0.045527,-0.764551,0.637730,1.315639,-0.200899,0.933320
463,1.929167,0.002749,-0.033234,0.771881,-0.634892,1.391969,-0.259619,0.021986,-0.002928,0.029731,-0.835223,0.549099,1.121184,-0.188804,0.028388,-0.080908,-0.044502,-0.764679,0.637761,1.315473,-0.201512,0.934737
464,1.933333,0.002581,-0.033068,0.771970,-0.634793,1.391940,-0.259608,0.021995,-0.003155,0.029826,-0.835109,0.549267,1.121257,-0.188770,0.028400,-0.080680,-0.045267,-0.765026,0.637320,1.315260,-0.202146,0.936392
465,1.937500,0.002348,-0.032813,0.772026,-0.634739,1.391915,-0.259594,0.022009,-0.003395,0.029767,-0.835013,0.549414,1.121322,-0.188731,0.028416,-0.081302,-0.046134,-0.765188,0.636985,1.315069,-0.202706,0.938129
466,1.941667,0.002207,-0.032556,0.772065,-0.634706,1.391894,-0.259564,0.022031,-0.003650,0.029794,-0.834911,0.549567,1.121381,-0.188689,0.028426,-0.068448,-0.036896,-0.766129,0.637965,1.314105,-0.203971,0.936939
467,1.945833,0.002092,-0.032248,0.772069,-0.634716,1.391894,-0.259519,0.022062,-0.003924,0.029850,-0.834809,0.549716,1.121441,-0.188654,0.028423,-0.067344,-0.036144,-0.766368,0.637839,1.313912,-0.204604,0.938068
468,1.950000,0.001994,-0.031905,0.772025,-0.634788,1.391903,-0.259482,0.022089,-0.004190,0.029934,-0.834704,0.549868,1.121495,-0.188626,0.028420,-0.066672,-0.035438,-0.766272,0.638064,1.313843,-0.205099,0.939042
469,1.954167,0.001904,-0.031541,0.772003,-0.634833,1.391915,-0.259437,0.022116,-0.004445,0.029988,-0.834601,0.550020,1.121549,-0.188594,0.028413,-0.065317,-0.033679,-0.766408,0.638136,1.313677,-0.205604,0.939992
470,1.958333,0.001898,-0.031171,0.771990,-0.634867,1.391931,-0.259388,0.022160,-0.004588,0.029843,-0.834519,0.550151,1.121590,-0.188544,0.028420,-0.063935,-0.032779,-0.766939,0.637686,1.313248,-0.206201,0.940964
471,1.962500,0.001987,-0.030905,0.771970,-0.634904,1.391944,-0.259339,0.022187,-0.004740,0.029639,-0.834384,0.550366,1.121638,-0.188487,0.028438,-0.062260,-0.031416,-0.767213,0.637590,1.313051,-0.206739,0.941755
472,1.966667,0.002027,-0.030703,0.772039,-0.634829,1.391947,-0.259284,0.022184,-0.004876,0.029419,-0.834277,0.550538,1.121680,-0.188426,0.028442,-0.060644,-0.029887,-0.767097,0.637959,1.312960,-0.207264,0.942533
473,1.970833,0.002134,-0.030632,0.772120,-0.634735,1.391952,-0.259229,0.022162,-0.005001,0.029202,-0.834206,0.550657,1.121710,-0.188358,0.028442,-0.061712,-0.029389,-0.766879,0.638142,1.313003,-0.207648,0.943940
474,1.975000,0.002308,-0.030662,0.772226,-0.634603,1.391957,-0.259175,0.022130,-0.005161,0.028941,-0.834132,0.550780,1.121727,-0.188279,0.028431,-0.061103,-0.027694,-0.766569,0.638649,1.312929,-0.208230,0.944866
475,1.979167,0.002567,-0.030708,0.772327,-0.634478,1.391974,-0.259118,0.022103,-0.005437,0.028639,-0.834021,0.550962,1.121757,-0.188167,0.028435,-0.057463,-0.024406,-0.766885,0.638741,1.312306,-0.208960,0.944975
476,1.983333,0.002843,-0.030717,0.772394,-0.634394,1.392011,-0.259061,0.022074,-0.005768,0.028650,-0.833910,0.551126,1.121735,-0.188054,0.028405,-0.056521,-0.022705,-0.766788,0.639004,1.311933,-0.209555,0.945653
477,1.987500,0.003301,-0.031043,0.772565,-0.634168,1.392033,-0.259014,0.022020,-0.006271,0.028661,-0.833703,0.551434,1.121682,-0.187931,0.028394,-0.056404,-0.022065,-0.766973,0.638815,1.311706,-0.209986,0.946645
478,1.991667,0.003808,-0.031332,0.772677,-0.634015,1.392071,-0.258947,0.021965,-0.007027,0.029521,-0.833487,0.551705,1.121592,-0.187774,0.028338,-0.056216,-0.021461,-0.766843,0.639008,1.311617,-0.210475,0.947458
479,1.995833,0.004350,-0.031472,0.772756,-0.633908,1.392140,-0.258872,0.021936,-0.007828,0.030370,-0.833305,0.551922,1.121519,-0.187633,0.028274,-0.054840,-0.021091,-0.766491,0.639561,1.311496,-0.211132,0.948190
480,2.000000,0.005022,-0.031623,0.772853,-0.633777,1.392218,-0.258800,0.021918,-0.008379,0.031450,-0.833193,0.552024,1.121439,-0.187488,0.028157,-0.052851,-0.020846,-0.766054,0.640261,1.311465,-0.211756,0.948785
481,2.004167,0.005661,-0.031752,0.772935,-0.633665,1.392315,-0.258724,0.021901,-0.008631,0.032018,-0.833099,0.552130,1.121365,-0.187352,0.028064,-0.043921,-0.022556,-0.765428,0.641625,1.311065,-0.212403,0.949860
482,2.008333,0.006372,-0.031884,0.773040,-0.633523,1.392414,-0.258653,0.021877,-0.008668,0.031771,-0.832987,0.552312,1.121295,-0.187239,0.028025,-0.040210,-0.018984,-0.765001,0.642492,1.311044,-0.213488,0.950195
483,2.012500,0.007087,-0.032041,0.773143,-0.633382,1.392508,-0.258584,0.021855,-0.008900,0.032013,-0.832855,0.552493,1.121242,-0.187122,0.027979,-0.040849,-0.017884,-0.764917,0.642583,1.311421,-0.213802,0.950561
484,2.016667,0.007769,-0.032189,0.773259,-0.633226,1.392592,-0.258518,0.021830,-0.009033,0.031782,-0.832796,0.552594,1.121190,-0.187013,0.027959,-0.039650,-0.015345,-0.764716,0.642963,1.311695,-0.214293,0.950873
485,2.020833,0.008342,-0.032336,0.773344,-0.633107,1.392674,-0.258456,0.021809,-0.009038,0.031240,-0.832803,0.552613,1.121155,-0.186903,0.027970,-0.037349,-0.012573,-0.764539,0.643371,1.311794,-0.215043,0.950925
486,2.025000,0.008788,-0.032392,0.773432,-0.632991,1.392744,-0.258399,0.021783,-0.008732,0.030200,-0.832821,0.552648,1.121114,-0.186796,0.028003,-0.035463,-0.010636,-0.764296,0.643801,1.311722,-0.215725,0.950934
487,2.029167,0.009208,-0.032426,0.773488,-0.632914,1.392800,-0.258344,0.021761,-0.008355,0.029116,-0.832805,0.552737,1.121103,-0.186743,0.028065,-0.033259,-0.008714,-0.764251,0.644002,1.311688,-0.216401,0.950902
488,2.033333,0.009513,-0.032444,0.773549,-0.632833,1.392847,-0.258297,0.021740,-0.007897,0.027700,-0.832881,0.552702,1.121110,-0.186688,0.028148,-0.031908,-0.007399,-0.764142,0.644216,1.311515,-0.216797,0.951022
489,2.037500,0.009786,-0.032461,0.773568,-0.632806,1.392895,-0.258248,0.021723,-0.007326,0.026155,-0.832990,0.552620,1.121104,-0.186647,0.028223,-0.030879,-0.006340,-0.764045,0.644392,1.311297,-0.217084,0.951101
490,2.041667,0.010114,-0.032525,0.773567,-0.632798,1.392935,-0.258206,0.021721,-0.006754,0.024835,-0.833095,0.552531,1.121112,-0.186610,0.028282,-0.030025,-0.005197,-0.763874,0.644646,1.311010,-0.217267,0.951206
491,2.045833,0.010237,-0.032506,0.773564,-0.632801,1.392953,-0.258182,0.021697,-0.006306,0.023667,-0.833211,0.552412,1.121112,-0.186588,0.028328,-0.028885,-0.004426,-0.763790,0.644803,1.310740,-0.217408,0.951287
492,2.050000,0.010377,-0.032464,0.773541,-0.632829,1.392976,-0.258152,0.021685,-0.006185,0.023117,-0.833301,0.552302,1.121120,-0.186567,0.028341,-0.027798,-0.003828,-0.763696,0.644966,1.310460,-0.217530,0.951330
493,2.054167,0.010543,-0.032438,0.773496,-0.632883,1.393001,-0.258127,0.021680,-0.006053,0.022718,-0.833355,0.552238,1.121116,-0.186547,0.028365,-0.026409,-0.003585,-0.763600,0.645140,1.310126,-0.217616,0.951393
494,2.058333,0.010660,-0.032398,0.773455,-0.632933,1.393017,-0.258104,0.021673,-0.006176,0.022798,-0.833387,0.552185,1.121107,-0.186524,0.028360,-0.025073,-0.003364,-0.763469,0.645349,1.309803,-0.217766,0.951393
495,2.062500,0.010735,-0.032343,0.773420,-0.632978,1.393033,-0.258085,0.021667,-0.006427,0.023181,-0.833351,0.552221,1.121116,-0.186507,0.028340,-0.023501,-0.003610,-0.763383,0.645508,1.309491,-0.217832,0.951578
496,2.066667,0.010770,-0.032258,0.773388,-0.633020,1.393045,-0.258064,0.021666,-0.006780,0.023758,-0.833366,0.552169,1.121134,-0.186490,0.028315,-0.022598,-0.003626,-0.763236,0.645714,1.309205,-0.217981,0.951633
497,2.070833,0.010814,-0.032175,0.773350,-0.633070,1.393060,-0.258035,0.021655,-0.007084,0.024267,-0.833389,0.552109,1.121150,-0.186473,0.028300,-0.021983,-0.003558,-0.763030,0.645980,1.308957,-0.218180,0.951629
498,2.075000,0.010840,-0.032080,0.773329,-0.633100,1.393072,-0.258006,0.021642,-0.007421,0.024845,-0.833417,0.552036,1.121165,-0.186461,0.028275,-0.021924,-0.003799,-0.762831,0.646215,1.308700,-0.218445,0.951550
499,2.079167,0.010875,-0.032035,0.773327,-0.633105,1.393083,-0.257974,0.021630,-0.007686,0.025402,-0.833461,0.551941,1.121197,-0.186451,0.028252,-0.021392,-0.003788,-0.762597,0.646509,1.308483,-0.218713,0.951547
500,2.083333,0.010903,-0.031923,0.773306,-0.633134,1.393087,-0.257945,0.021619,-0.007923,0.025976,-0.833506,0.551843,1.121238,-0.186441,0.028235,-0.021211,-0.003586,-0.762309,0.646855,1.308306,-0.218996,0.951516
501,2.087500,0.010848,-0.031777,0.773278,-0.633178,1.393088,-0.257921,0.021608,-0.008169,0.026358,-0.833574,0.551719,1.121279,-0.186442,0.028227,-0.021085,-0.003548,-0.762047,0.647168,1.308153,-0.219268,0.951473
502,2.091667,0.010836,-0.031685,0.773237,-0.633232,1.393075,-0.257909,0.021597,-0.008393,0.026735,-0.833633,0.551607,1.121329,-0.186442,0.028221,-0.021425,-0.003113,-0.761844,0.647399,1.308042,-0.219591,0.951287
503,2.095833,0.010599,-0.031505,0.773191,-0.633302,1.393043,-0.257913,0.021596,-0.008526,0.026891,-0.833712,0.551478,1.121377,-0.186445,0.028221,-0.021588,-0.002763,-0.761546,0.647745,1.307919,-0.219924,0.951182
504,2.100000,0.010467,-0.031386,0.773126,-0.633389,1.393017,-0.257920,0.021595,-0.008637,0.026979,-0.833792,0.551351,1.121425,-0.186447,0.028222,-0.021950,-0.002713,-0.761229,0.648106,1.307815,-0.220203,0.951107
505,2.104167,0.010428,-0.031294,0.773008,-0.633538,1.393006,-0.257942,0.021609,-0.008779,0.026997,-0.833860,0.551245,1.121464,-0.186447,0.028237,-0.022235,-0.003169,-0.760909,0.648470,1.307698,-0.220449,0.951057
506,2.108333,0.010237,-0.031199,0.772944,-0.633625,1.392990,-0.257962,0.021609,-0.008830,0.026998,-0.833917,0.551159,1.121497,-0.186449,0.028238,-0.021894,-0.003452,-0.760617,0.648823,1.307585,-0.220700,0.951078
507,2.112500,0.010109,-0.031167,0.772883,-0.633702,1.392972,-0.257977,0.021611,-0.008715,0.026986,-0.833865,0.551240,1.121555,-0.186473,0.028212,-0.021780,-0.003982,-0.760305,0.649188,1.307422,-0.220961,0.951066
508,2.116667,0.010056,-0.031169,0.772808,-0.633794,1.392964,-0.257987,0.021615,-0.008674,0.026874,-0.833848,0.551272,1.121589,-0.186489,0.028211,-0.021806,-0.004677,-0.760034,0.649501,1.307295,-0.221229,0.951007
509,2.120833,0.010003,-0.031170,0.772754,-0.633861,1.392961,-0.257992,0.021619,-0.008694,0.026949,-0.833847,0.551270,1.121595,-0.186487,0.028208,-0.021734,-0.004862,-0.759734,0.649852,1.307152,-0.221556,0.950966
510,2.125000,0.010012,-0.031180,0.772708,-0.633917,1.392955,-0.257993,0.021624,-0.008720,0.026956,-0.833858,0.551251,1.121598,-0.186490,0.028205,-0.020039,-0.005429,-0.759353,0.650348,1.306773,-0.221790,0.950797
511,2.129167,0.010005,-0.031159,0.772675,-0.633958,1.392942,-0.257994,0.021626,-0.008734,0.026908,-0.833865,0.551243,1.121595,-0.186488,0.028207,-0.019792,-0.005964,-0.759138,0.650602,1.306563,-0.222019,0.950800
512,2.133333,0.009955,-0.031098,0.772625,-0.634022,1.392937,-0.257991,0.021623,-0.008701,0.026921,-0.833860,0.551250,1.121578,-0.186488,0.028203,-0.019215,-0.006646,-0.758941,0.650842,1.306325,-0.222262,0.950827
513,2.137500,0.009896,-0.030993,0.772569,-0.634097,1.392927,-0.257988,0.021627,-0.008683,0.026900,-0.833863,0.551247,1.121571,-0.186498,0.028200,-0.019913,-0.005731,-0.758996,0.650765,1.306061,-0.222165,0.950631
514,2.141667,0.009827,-0.030899,0.772530,-0.634150,1.392912,-0.257985,0.021627,-0.008686,0.027007,-0.833830,0.551292,1.121562,-0.186501,0.028198,-0.018371,-0.005454,-0.758749,0.651101,1.305703,-0.222507,0.950611
515,2.145833,0.009704,-0.030832,0.772486,-0.634208,1.392900,-0.257989,0.021629,-0.008617,0.027071,-0.833820,0.551305,1.121537,-0.186508,0.028188,-0.016831,-0.005660,-0.758594,0.651322,1.305390,-0.222794,0.950616
516,2.150000,0.009592,-0.030736,0.772432,-0.634281,1.392882,-0.257993,0.021630,-0.008590,0.027012,-0.833786,0.551360,1.121514,-0.186514,0.028184,-0.015664,-0.006148,-0.758440,0.651525,1.305123,-0.223146,0.950589
517,2.154167,0.009496,-0.030644,0.772389,-0.634339,1.392866,-0.257990,0.021633,-0.008544,0.026985,-0.833743,0.551427,1.121484,-0.186521,0.028186,-0.015853,-0.006846,-0.758852,0.651034,1.305075,-0.223119,0.950520
518,2.158333,0.009358,-0.030544,0.772334,-0.634413,1.392851,-0.257987,0.021635,-0.008442,0.026897,-0.833706,0.551489,1.121461,-0.186524,0.028188,-0.015479,-0.007498,-0.759016,0.650845,1.304995,-0.223290,0.950377
519,2.162500,0.009294,-0.030454,0.772282,-0.634481,1.392842,-0.257975,0.021636,-0.008354,0.026774,-0.833682,0.551533,1.121429,-0.186525,0.028184,-0.012938,-0.007705,-0.758614,0.651366,1.304708,-0.223953,0.950171
520,2.166667,0.009219,-0.030387,0.772227,-0.634552,1.392833,-0.257972,0.021638,-0.008217,0.026730,-0.833642,0.551596,1.121400,-0.186533,0.028180,-0.012393,-0.008058,-0.758812,0.651142,1.304684,-0.224256,0.950084
521,2.170833,0.009081,-0.030275,0.772191,-0.634604,1.392825,-0.257966,0.021635,-0.008177,0.026696,-0.833610,0.551648,1.121380,-0.186532,0.028177,-0.012219,-0.008049,-0.758737,0.651232,1.304612,-0.224661,0.950049
522,2.175000,0.009125,-0.030265,0.772176,-0.634622,1.392819,-0.257961,0.021638,-0.008110,0.026597,-0.833577,0.551702,1.121359,-0.186536,0.028174,-0.012969,-0.008659,-0.758674,0.651283,1.304609,-0.225002,0.949871
523,2.179167,0.009114,-0.030230,0.772150,-0.634655,1.392820,-0.257958,0.021632,-0.008089,0.026513,-0.833534,0.551772,1.121344,-0.186540,0.028173,-0.013293,-0.009568,-0.758387,0.651599,1.304474,-0.225355,0.949670
524,2.183333,0.009037,-0.030157,0.772142,-0.634669,1.392826,-0.257951,0.021626,-0.008056,0.026578,-0.833490,0.551837,1.121332,-0.186545,0.028168,-0.013577,-0.009124,-0.758291,0.651711,1.304413,-0.225665,0.949648
525,2.187500,0.009099,-0.030187,0.772145,-0.634664,1.392830,-0.257944,0.021624,-0.008030,0.026605,-0.833469,0.551866,1.121322,-0.186552,0.028163,-0.013689,-0.008718,-0.758289,0.651716,1.304342,-0.225975,0.949540
526,2.191667,0.009166,-0.030189,0.772159,-0.634645,1.392844,-0.257933,0.021613,-0.008018,0.026626,-0.833435,0.551918,1.121318,-0.186555,0.028160,-0.013371,-0.008804,-0.758497,0.651479,1.304303,-0.226130,0.949453
527,2.195833,0.009171,-0.030184,0.772183,-0.634617,1.392854,-0.257929,0.021608,-0.008058,0.026691,-0.833403,0.551962,1.121317,-0.186559,0.028154,-0.012508,-0.008901,-0.758705,0.651254,1.304160,-0.226395,0.949345
528,2.200000,0.009254,-0.030247,0.772211,-0.634578,1.392874,-0.257931,0.021608,-0.008116,0.026751,-0.833363,0.552019,1.121312,-0.186559,0.028154,-0.010934,-0.009206,-0.758776,0.651194,1.303887,-0.226662,0.949214
529,2.204167,0.009190,-0.030231,0.772248,-0.634535,1.392881,-0.257934,0.021597,-0.008126,0.026801,-0.833335,0.552059,1.121303,-0.186570,0.028147,-0.009511,-0.009690,-0.758769,0.651218,1.303703,-0.226973,0.949064
530,2.208333,0.009272,-0.030298,0.772269,-0.634505,1.392896,-0.257938,0.021594,-0.008165,0.026911,-0.833311,0.552089,1.121304,-0.186576,0.028143,-0.009531,-0.009251,-0.759071,0.650872,1.303708,-0.227052,0.948806
531,2.212500,0.009322,-0.030391,0.772329,-0.634427,1.392909,-0.257947,0.021585,-0.008208,0.027053,-0.833299,0.552099,1.121310,-0.186585,0.028133,-0.017014,-0.010270,-0.759694,0.649978,1.304531,-0.225876,0.949562
532,2.216667,0.009349,-0.030450,0.772358,-0.634388,1.392920,-0.257957,0.021578,-0.008239,0.027216,-0.833292,0.552102,1.121312,-0.186592,0.028124,-0.017329,-0.010302,-0.759666,0.650001,1.304462,-0.226161,0.949465
533,2.220833,0.009372,-0.030538,0.772392,-0.634342,1.392930,-0.257967,0.021571,-0.008314,0.027391,-0.833262,0.552138,1.121307,-0.186598,0.028121,-0.016850,-0.010355,-0.759551,0.650147,1.304378,-0.226518,0.949342
534,2.225000,0.009328,-0.030572,0.772393,-0.634340,1.392941,-0.257978,0.021564,-0.008372,0.027546,-0.833249,0.552147,1.121309,-0.186612,0.028112,-0.015869,-0.010419,-0.759487,0.650245,1.304266,-0.226900,0.949200
535,2.229167,0.009265,-0.030562,0.772421,-0.634308,1.392944,-0.257994,0.021568,-0.008473,0.027718,-0.833246,0.552142,1.121306,-0.186628,0.028106,-0.014764,-0.010236,-0.759257,0.650543,1.304192,-0.227361,0.948999
536,2.233333,0.009189,-0.030593,0.772412,-0.634318,1.392942,-0.258010,0.021566,-0.008508,0.027914,-0.833225,0.552164,1.121315,-0.186640,0.028100,-0.014309,-0.010294,-0.759093,0.650744,1.304111,-0.227696,0.948920
537,2.237500,0.009024,-0.030594,0.772389,-0.634348,1.392932,-0.258025,0.021565,-0.008567,0.028057,-0.833220,0.552163,1.121324,-0.186667,0.028090,-0.016266,-0.010565,-0.758693,0.651160,1.304108,-0.228050,0.948807
538,2.241667,0.008851,-0.030554,0.772379,-0.634365,1.392916,-0.258044,0.021570,-0.008631,0.028358,-0.833219,0.552148,1.121343,-0.186684,0.028083,-0.012698,-0.009410,-0.757305,0.652870,1.304380,-0.229193,0.948261
539,2.245833,0.008648,-0.030477,0.772352,-0.634405,1.392894,-0.258060,0.021568,-0.008712,0.028563,-0.833243,0.552099,1.121358,-0.186695,0.028075,-0.011852,-0.008926,-0.756986,0.653262,1.304423,-0.229589,0.947998
540,2.250000,0.008470,-0.030387,0.772306,-0.634467,1.392867,-0.258080,0.021571,-0.008813,0.028815,-0.833257,0.552064,1.121374,-0.186715,0.028064,-0.011139,-0.007493,-0.756549,0.653800,1.304538,-0.230020,0.947456
541,2.254167,0.008278,-0.030289,0.772250,-0.634543,1.392846,-0.258090,0.021574,-0.008911,0.029025,-0.833280,0.552016,1.121396,-0.186737,0.028065,-0.008250,-0.010215,-0.756412,0.653963,1.303553,-0.230813,0.948061
542,2.258333,0.007958,-0.030138,0.772215,-0.634596,1.392821,-0.258092,0.021571,-0.009046,0.029270,-0.833308,0.551960,1.121417,-0.186764,0.028061,-0.010262,-0.010132,-0.756454,0.653888,1.303491,-0.230928,0.948172
543,2.262500,0.007721,-0.030016,0.772155,-0.634678,1.392784,-0.258105,0.021570,-0.009456,0.029695,-0.833463,0.551695,1.121412,-0.186757,0.028096,-0.011554,-0.009317,-0.756253,0.654111,1.303493,-0.231238,0.948062
544,2.266667,0.007444,-0.029818,0.772069,-0.634795,1.392763,-0.258111,0.021579,-0.009686,0.030089,-0.833525,0.551577,1.121427,-0.186777,0.028109,-0.008906,-0.010533,-0.756029,0.654393,1.302987,-0.231774,0.948218
545,2.270833,0.007136,-0.029609,0.772014,-0.634875,1.392736,-0.258114,0.021580,-0.009825,0.030452,-0.833558,0.551504,1.121452,-0.186802,0.028106,-0.007522,-0.009163,-0.755416,0.655139,1.302799,-0.232554,0.947872
546,2.275000,0.006873,-0.029440,0.771961,-0.634951,1.392713,-0.258118,0.021579,-0.009855,0.030786,-0.833589,0.551438,1.121479,-0.186823,0.028094,-0.010854,-0.005695,-0.755543,0.654985,1.303148,-0.232618,0.947329
547,2.279167,0.006668,-0.029263,0.771897,-0.635039,1.392686,-0.258110,0.021582,-0.010003,0.031124,-0.833631,0.551353,1.121506,-0.186847,0.028087,-0.012279,-0.008539,-0.755564,0.654904,1.303161,-0.232250,0.947663
548,2.283333,0.006456,-0.029106,0.771844,-0.635113,1.392656,-0.258110,0.021578,-0.010109,0.031425,-0.833683,0.551256,1.121534,-0.186865,0.028083,-0.014740,-0.008542,-0.757043,0.653143,1.302487,-0.231583,0.948416
549,2.287500,0.006290,-0.028956,0.771793,-0.635183,1.392633,-0.258106,0.021578,-0.010172,0.031693,-0.833727,0.551173,1.121555,-0.186884,0.028085,-0.016482,-0.007561,-0.756881,0.653301,1.302742,-0.231359,0.948498
550,2.291667,0.006086,-0.028816,0.771752,-0.635241,1.392612,-0.258095,0.021568,-0.010230,0.032003,-0.833739,0.551136,1.121579,-0.186905,0.028080,-0.017452,-0.003550,-0.754706,0.655821,1.303185,-0.232274,0.947917
551,2.295833,0.005941,-0.028702,0.771716,-0.635291,1.392587,-0.258091,0.021566,-0.010242,0.032209,-0.833793,0.551042,1.121596,-0.186924,0.028072,-0.015600,-0.002073,-0.754102,0.656569,1.303468,-0.233137,0.946676
552,2.300000,0.005822,-0.028573,0.771681,-0.635341,1.392573,-0.258084,0.021556,-0.010297,0.032393,-0.833819,0.550991,1.121610,-0.186938,0.028071,-0.017024,-0.001646,-0.754046,0.656599,1.303659,-0.233477,0.946384
553,2.304167,0.005649,-0.028445,0.771636,-0.635402,1.392562,-0.258078,0.021556,-0.010322,0.032544,-0.833822,0.550977,1.121621,-0.186948,0.028075,-0.016760,-0.003218,-0.753613,0.657097,1.303942,-0.233514,0.946404
554,2.308333,0.005483,-0.028331,0.771630,-0.635417,1.392546,-0.258075,0.021547,-0.010337,0.032576,-0.833861,0.550915,1.121634,-0.186955,0.028078,-0.011866,-0.010547,-0.754913,0.655633,1.302958,-0.233825,0.947654
555,2.312500,0.005428,-0.028246,0.771600,-0.635457,1.392540,-0.258074,0.021545,-0.010359,0.032687,-0.833867,0.550900,1.121635,-0.186958,0.028076,-0.012135,-0.010398,-0.754468,0.656142,1.303014,-0.234077,0.947570
