Frame,Time (Seconds),LFoot:Rotation:X,LFoot:Rotation:Y,LFoot:Rotation:Z,LFoot:Rotation:W,LFoot:Position:X,LFoot:Position:Y,LFoot:Position:Z,RFoot:Rotation:X,RFoot:Rotation:Y,RFoot:Rotation:Z,RFoot:Rotation:W,RFoot:Position:X,RFoot:Position:Y,RFoot:Position:Z,Waist:Rotation:X,Waist:Rotation:Y,Waist:Rotation:Z,Waist:Rotation:W,Waist:Position:X,Waist:Position:Y,Waist:Position:Z
0,0.000000,-0.035909,0.032625,-0.693164,0.719145,0.761643,0.384872,0.035400,0.012807,-0.029209,0.811889,-0.582940,0.470391,0.405767,0.038940,0.012290,0.013914,0.678663,-0.734216,0.661892,0.396716,0.968136
1,0.004167,-0.035903,0.032611,-0.693185,0.719126,0.761633,0.384879,0.035399,0.012780,-0.029761,0.811785,-0.583057,0.470424,0.405789,0.038881,0.011979,0.013425,0.678654,-0.734237,0.661981,0.397058,0.968117
2,0.008333,-0.035897,0.032592,-0.693211,0.719102,0.761624,0.384886,0.035400,0.012823,-0.029949,0.811727,-0.583127,0.470446,0.405781,0.038884,0.011669,0.013039,0.678632,-0.734270,0.662074,0.397378,0.968106
3,0.012500,-0.035877,0.032567,-0.693211,0.719104,0.761615,0.384887,0.035394,0.012843,-0.029946,0.811713,-0.583147,0.470456,0.405770,0.038896,0.011324,0.012700,0.678670,-0.734246,0.662153,0.397689,0.968102
4,0.016667,-0.035785,0.032499,-0.693244,0.719080,0.761603,0.384890,0.035397,0.013174,-0.029954,0.811629,-0.583256,0.470508,0.405773,0.038922,0.011004,0.012289,0.678690,-0.734240,0.662205,0.398036,0.968085
5,0.020833,-0.035639,0.032555,-0.693313,0.719018,0.761601,0.384885,0.035409,0.013098,-0.029796,0.811738,-0.583113,0.470493,0.405735,0.038964,0.010720,0.012061,0.678697,-0.734241,0.662276,0.398393,0.968093
6,0.025000,-0.035650,0.032539,-0.693328,0.719004,0.761596,0.384889,0.035414,0.013079,-0.029804,0.811737,-0.583116,0.470511,0.405703,0.038987,0.010412,0.011766,0.678745,-0.734206,0.662318,0.398751,0.968089
7,0.029167,-0.035686,0.032393,-0.693334,0.719003,0.761579,0.384898,0.035404,0.013122,-0.030023,0.811713,-0.583136,0.470518,0.405688,0.038992,0.010042,0.011453,0.678807,-0.734158,0.662376,0.399105,0.968098
8,0.033333,-0.035664,0.032393,-0.693355,0.718984,0.761564,0.384897,0.035401,0.013262,-0.030448,0.811539,-0.583353,0.470569,0.405698,0.038967,0.009598,0.010890,0.678882,-0.734104,0.662447,0.399477,0.968125
9,0.037500,-0.035608,0.032319,-0.693373,0.718973,0.761554,0.384904,0.035398,0.013302,-0.030513,0.811514,-0.583384,0.470581,0.405681,0.038979,0.009190,0.010397,0.678886,-0.734113,0.662522,0.399842,0.968140
10,0.041667,-0.035599,0.032286,-0.693403,0.718945,0.761542,0.384901,0.035399,0.013340,-0.030604,0.811466,-0.583445,0.470601,0.405667,0.038982,0.008814,0.010079,0.678955,-0.734058,0.662566,0.400208,0.968149
11,0.045833,-0.035567,0.032240,-0.693439,0.718914,0.761522,0.384903,0.035402,0.013419,-0.030585,0.811479,-0.583426,0.470626,0.405653,0.039002,0.008346,0.009644,0.678826,-0.734188,0.662567,0.400586,0.968238
12,0.050000,-0.035530,0.032215,-0.693473,0.718885,0.761519,0.384902,0.035407,0.013270,-0.030427,0.811617,-0.583246,0.470590,0.405617,0.039036,0.008054,0.009616,0.678861,-0.734159,0.662578,0.401006,0.968257
13,0.054167,-0.035503,0.032200,-0.693552,0.718810,0.761500,0.384904,0.035404,0.013228,-0.030394,0.811641,-0.583216,0.470597,0.405597,0.039050,0.007725,0.009238,0.679095,-0.733952,0.662578,0.401419,0.968217
14,0.058333,-0.035519,0.032205,-0.693576,0.718786,0.761487,0.384914,0.035405,0.013285,-0.030468,0.811636,-0.583218,0.470608,0.405577,0.039058,0.006831,0.007886,0.679094,-0.733977,0.662673,0.401863,0.968137
15,0.062500,-0.035521,0.032138,-0.693588,0.718778,0.761485,0.384914,0.035408,0.013520,-0.030791,0.811406,-0.583515,0.470674,0.405589,0.039036,0.006507,0.007472,0.679222,-0.733866,0.662703,0.402287,0.968173
16,0.066667,-0.035467,0.032133,-0.693631,0.718739,0.761470,0.384914,0.035406,0.013544,-0.030838,0.811359,-0.583577,0.470680,0.405576,0.039040,0.006131,0.007141,0.679353,-0.733751,0.662739,0.402705,0.968185
17,0.070833,-0.035473,0.032154,-0.693691,0.718680,0.761462,0.384919,0.035406,0.013566,-0.030828,0.811347,-0.583594,0.470693,0.405557,0.039053,0.005692,0.006651,0.679463,-0.733658,0.662769,0.403137,0.968187
18,0.075000,-0.035419,0.032137,-0.693741,0.718635,0.761454,0.384927,0.035401,0.013344,-0.030464,0.811521,-0.583377,0.470663,0.405512,0.039100,0.005069,0.006123,0.679574,-0.733564,0.662767,0.403553,0.968168
19,0.079167,-0.035451,0.032098,-0.693770,0.718607,0.761444,0.384929,0.035400,0.013531,-0.030837,0.811270,-0.583701,0.470718,0.405529,0.039076,0.004922,0.006019,0.679709,-0.733440,0.662812,0.403974,0.968206
20,0.083333,-0.035340,0.032014,-0.693780,0.718606,0.761435,0.384930,0.035404,0.013574,-0.030796,0.811239,-0.583746,0.470725,0.405524,0.039082,0.004702,0.005757,0.679867,-0.733297,0.662834,0.404374,0.968242
21,0.087500,-0.035320,0.031968,-0.693820,0.718571,0.761420,0.384934,0.035410,0.013481,-0.030500,0.811365,-0.583588,0.470711,0.405492,0.039137,0.004297,0.005333,0.680055,-0.733129,0.662827,0.404799,0.968259
22,0.091667,-0.035298,0.031936,-0.693880,0.718515,0.761412,0.384926,0.035411,0.013630,-0.030902,0.811136,-0.583881,0.470770,0.405500,0.039099,0.003521,0.004515,0.680177,-0.733025,0.662933,0.405371,0.968112
23,0.095833,-0.035322,0.031912,-0.693934,0.718463,0.761401,0.384937,0.035408,0.013722,-0.030515,0.811203,-0.583807,0.470780,0.405477,0.039175,0.003083,0.003917,0.680408,-0.732817,0.662916,0.405869,0.968027
24,0.100000,-0.035268,0.031884,-0.693967,0.718436,0.761388,0.384946,0.035413,0.013989,-0.030362,0.811040,-0.584036,0.470842,0.405447,0.039246,0.002341,0.003187,0.680436,-0.732797,0.662919,0.406412,0.968027
25,0.104167,-0.035234,0.031829,-0.694012,0.718396,0.761380,0.384946,0.035412,0.014066,-0.030408,0.810943,-0.584165,0.470865,0.405447,0.039258,0.002020,0.002643,0.680577,-0.732669,0.662945,0.406889,0.968033
26,0.108333,-0.035250,0.031845,-0.694036,0.718371,0.761363,0.384950,0.035415,0.014142,-0.030499,0.810877,-0.584250,0.470895,0.405458,0.039268,0.001411,0.002027,0.680578,-0.732672,0.662895,0.407384,0.968082
27,0.112500,-0.035306,0.031800,-0.694090,0.718318,0.761354,0.384960,0.035419,0.014181,-0.030500,0.810793,-0.584366,0.470927,0.405459,0.039286,0.000729,0.001508,0.680782,-0.732484,0.662906,0.407885,0.968056
28,0.116667,-0.035263,0.031762,-0.694124,0.718289,0.761346,0.384959,0.035427,0.014340,-0.030539,0.810639,-0.584574,0.470977,0.405457,0.039311,-0.000200,0.000921,0.681068,-0.732220,0.662875,0.408399,0.967918
29,0.120833,-0.035257,0.031738,-0.694149,0.718266,0.761330,0.384963,0.035428,0.014580,-0.030440,0.810483,-0.584789,0.471027,0.405441,0.039344,-0.000332,0.000457,0.681313,-0.731992,0.662894,0.408811,0.967912
30,0.125000,-0.035231,0.031735,-0.694210,0.718209,0.761316,0.384966,0.035430,0.014891,-0.030295,0.810206,-0.585173,0.471092,0.405408,0.039387,-0.000924,0.000092,0.681593,-0.731731,0.662866,0.409273,0.967872
31,0.129167,-0.035238,0.031672,-0.694261,0.718162,0.761302,0.384977,0.035432,0.015090,-0.030206,0.810018,-0.585432,0.471149,0.405392,0.039425,-0.001344,-0.000307,0.681823,-0.731516,0.662829,0.409793,0.967851
32,0.133333,-0.035222,0.031613,-0.694284,0.718143,0.761296,0.384979,0.035446,0.015275,-0.030119,0.809840,-0.585679,0.471209,0.405378,0.039467,-0.001640,-0.000962,0.682030,-0.731322,0.662824,0.410312,0.967852
33,0.137500,-0.035162,0.031530,-0.694319,0.718116,0.761276,0.384979,0.035448,0.015608,-0.030111,0.809625,-0.585966,0.471284,0.405355,0.039527,-0.001962,-0.001524,0.682284,-0.731083,0.662835,0.410864,0.967847
34,0.141667,-0.035092,0.031506,-0.694364,0.718077,0.761257,0.384988,0.035458,0.015912,-0.029960,0.809391,-0.586289,0.471357,0.405336,0.039583,-0.002592,-0.002433,0.682343,-0.731023,0.662800,0.411368,0.967827
35,0.145833,-0.035204,0.031674,-0.694560,0.717874,0.761214,0.384977,0.035449,0.016068,-0.029951,0.809202,-0.586547,0.471444,0.405314,0.039623,-0.003596,-0.003043,0.682347,-0.731013,0.662735,0.411945,0.967751
36,0.150000,-0.035106,0.031402,-0.694439,0.718008,0.761233,0.384999,0.035476,0.016237,-0.029830,0.808981,-0.586852,0.471518,0.405306,0.039672,-0.004075,-0.003317,0.682563,-0.730808,0.662692,0.412539,0.967606
37,0.154167,-0.035204,0.031512,-0.694642,0.717802,0.761193,0.384993,0.035465,0.016541,-0.029834,0.808699,-0.587233,0.471597,0.405310,0.039702,-0.004552,-0.003897,0.682962,-0.730430,0.662598,0.412959,0.967597
38,0.158333,-0.035270,0.031559,-0.694679,0.717761,0.761177,0.384994,0.035469,0.016818,-0.029835,0.808444,-0.587576,0.471687,0.405314,0.039740,-0.005039,-0.004579,0.683210,-0.730190,0.662563,0.413445,0.967612
39,0.162500,-0.035264,0.031509,-0.694722,0.717722,0.761164,0.385010,0.035475,0.017709,-0.029335,0.808236,-0.587860,0.471733,0.405413,0.039904,-0.005376,-0.005091,0.683345,-0.730058,0.662594,0.414035,0.967605
40,0.166667,-0.035250,0.031468,-0.694772,0.717676,0.761152,0.385014,0.035488,0.017989,-0.029332,0.807982,-0.588201,0.471833,0.405429,0.039942,-0.005900,-0.005744,0.683356,-0.730039,0.662556,0.414668,0.967467
41,0.170833,-0.035090,0.031369,-0.694825,0.717637,0.761134,0.385028,0.035490,0.018289,-0.029398,0.807719,-0.588550,0.471936,0.405445,0.040000,-0.006558,-0.006312,0.683521,-0.729874,0.662444,0.415172,0.967372
42,0.175000,-0.035055,0.031326,-0.694892,0.717576,0.761113,0.385028,0.035495,0.018680,-0.029326,0.807422,-0.588949,0.472057,0.405441,0.040067,-0.006807,-0.006837,0.683852,-0.729557,0.662422,0.415693,0.967292
43,0.179167,-0.035009,0.031276,-0.694923,0.717550,0.761094,0.385027,0.035499,0.019090,-0.029274,0.807061,-0.589433,0.472183,0.405429,0.040135,-0.007350,-0.007521,0.684050,-0.729359,0.662364,0.416189,0.967276
44,0.183333,-0.034916,0.031224,-0.694980,0.717501,0.761076,0.385030,0.035500,0.019279,-0.031303,0.805942,-0.590851,0.472526,0.405378,0.039865,-0.007601,-0.008062,0.684255,-0.729158,0.662275,0.416709,0.967242
45,0.187500,-0.034913,0.031203,-0.695040,0.717444,0.761057,0.385035,0.035499,0.019722,-0.031123,0.805488,-0.591466,0.472683,0.405352,0.039924,-0.008405,-0.008757,0.684250,-0.729146,0.662200,0.417389,0.967117
46,0.191667,-0.034809,0.031110,-0.695079,0.717416,0.761044,0.385039,0.035504,0.019918,-0.030809,0.805106,-0.591996,0.472810,0.405332,0.039977,-0.008838,-0.009510,0.684391,-0.728999,0.662106,0.417980,0.967049
47,0.195833,-0.034706,0.031083,-0.695144,0.717359,0.761028,0.385030,0.035506,0.020260,-0.030496,0.804696,-0.592556,0.472955,0.405304,0.040051,-0.009610,-0.010358,0.684456,-0.728917,0.662057,0.418571,0.966898
48,0.200000,-0.034592,0.031014,-0.695193,0.717320,0.761004,0.385029,0.035508,0.020741,-0.030157,0.804279,-0.593124,0.473119,0.405253,0.040153,-0.009902,-0.011160,0.684620,-0.728747,0.661968,0.419119,0.966894
49,0.204167,-0.034533,0.030982,-0.695235,0.717284,0.760982,0.385031,0.035506,0.021354,-0.029832,0.803766,-0.593814,0.473287,0.405212,0.040268,-0.010613,-0.011743,0.684782,-0.728576,0.661872,0.419696,0.966803
50,0.208333,-0.034439,0.030905,-0.695298,0.717230,0.760966,0.385035,0.035504,0.021889,-0.029432,0.803281,-0.594470,0.473462,0.405162,0.040373,-0.011593,-0.012250,0.684940,-0.728404,0.661751,0.420284,0.966668
51,0.212500,-0.034422,0.030840,-0.695335,0.717198,0.760944,0.385034,0.035507,0.022445,-0.029068,0.802679,-0.595279,0.473668,0.405107,0.040482,-0.011881,-0.012639,0.685073,-0.728268,0.661630,0.420863,0.966663
52,0.216667,-0.034239,0.030745,-0.695388,0.717159,0.760936,0.385039,0.035509,0.022769,-0.028393,0.802131,-0.596039,0.473872,0.405042,0.040589,-0.012257,-0.013596,0.685094,-0.728225,0.661500,0.421464,0.966615
53,0.220833,-0.034203,0.030698,-0.695418,0.717135,0.760917,0.385035,0.035513,0.023098,-0.027650,0.801539,-0.596856,0.474092,0.404969,0.040700,-0.012757,-0.014336,0.685182,-0.728119,0.661399,0.422045,0.966540
54,0.225000,-0.034071,0.030626,-0.695467,0.717096,0.760903,0.385032,0.035522,0.023407,-0.026877,0.800867,-0.597781,0.474337,0.404891,0.040833,-0.013072,-0.014971,0.685316,-0.727975,0.661346,0.422598,0.966468
55,0.229167,-0.033940,0.030572,-0.695525,0.717049,0.760886,0.385033,0.035517,0.023890,-0.026026,0.800109,-0.598814,0.474624,0.404784,0.040983,-0.013974,-0.015644,0.685346,-0.727916,0.661259,0.423234,0.966308
56,0.233333,-0.033898,0.030511,-0.695612,0.716969,0.760871,0.385039,0.035524,0.025906,-0.028302,0.797356,-0.602288,0.475474,0.404725,0.040930,-0.014935,-0.016181,0.685495,-0.727744,0.661097,0.423827,0.966222
57,0.237500,-0.033875,0.030481,-0.695646,0.716938,0.760855,0.385052,0.035538,0.026437,-0.027663,0.796296,-0.603696,0.475810,0.404634,0.041044,-0.015311,-0.016874,0.685487,-0.727729,0.660968,0.424429,0.966214
58,0.241667,-0.033768,0.030385,-0.695661,0.716933,0.760849,0.385048,0.035544,0.026832,-0.026999,0.795276,-0.605051,0.476154,0.404540,0.041155,-0.015777,-0.017681,0.685389,-0.727792,0.660855,0.424995,0.966185
59,0.245833,-0.033640,0.030315,-0.695694,0.716909,0.760832,0.385060,0.035553,0.025457,-0.023415,0.796065,-0.604222,0.475995,0.404410,0.041431,-0.015955,-0.018427,0.685449,-0.727713,0.660767,0.425573,0.966195
60,0.250000,-0.033527,0.030378,-0.695796,0.716813,0.760818,0.385049,0.035573,0.025904,-0.021522,0.795359,-0.605203,0.476274,0.404341,0.041729,-0.016234,-0.019349,0.685503,-0.727632,0.660657,0.426158,0.966129
61,0.254167,-0.033445,0.030309,-0.695845,0.716772,0.760802,0.385049,0.035589,0.026471,-0.021972,0.794211,-0.606668,0.476677,0.404250,0.041729,-0.017024,-0.020046,0.685604,-0.727500,0.660505,0.426761,0.966018
62,0.258333,-0.033384,0.030284,-0.695894,0.716729,0.760781,0.385057,0.035591,0.028897,-0.024867,0.791197,-0.610372,0.477572,0.404243,0.041647,-0.017490,-0.020973,0.685621,-0.727446,0.660340,0.427401,0.965903
63,0.262500,-0.033442,0.030275,-0.695954,0.716668,0.760765,0.385056,0.035605,0.029436,-0.024403,0.790140,-0.611732,0.477955,0.404186,0.041769,-0.018659,-0.021861,0.685397,-0.727603,0.660243,0.428191,0.965657
64,0.266667,-0.033412,0.030266,-0.696010,0.716615,0.760752,0.385058,0.035618,0.030023,-0.023882,0.789147,-0.613005,0.478307,0.404129,0.041906,-0.018840,-0.022791,0.685362,-0.727602,0.660123,0.428781,0.965672
65,0.270833,-0.033317,0.030241,-0.696054,0.716578,0.760733,0.385069,0.035638,0.030589,-0.023374,0.788262,-0.614135,0.478635,0.404067,0.042040,-0.019519,-0.023811,0.685341,-0.727571,0.659982,0.429370,0.965624
66,0.275000,-0.033356,0.030275,-0.696086,0.716544,0.760720,0.385066,0.035645,0.031096,-0.022843,0.787377,-0.615263,0.478978,0.403994,0.042178,-0.020544,-0.024601,0.685398,-0.727463,0.659841,0.430005,0.965487
67,0.279167,-0.033335,0.030232,-0.696089,0.716544,0.760707,0.385081,0.035667,0.031576,-0.022321,0.786480,-0.616403,0.479313,0.403912,0.042319,-0.021296,-0.025528,0.685330,-0.727473,0.659647,0.430705,0.965379
68,0.283333,-0.033328,0.030152,-0.696100,0.716537,0.760692,0.385085,0.035692,0.032233,-0.022031,0.785536,-0.617583,0.479611,0.403841,0.042466,-0.021684,-0.026296,0.685453,-0.727318,0.659470,0.431448,0.965253
69,0.287500,-0.033168,0.030005,-0.696058,0.716591,0.760696,0.385100,0.035728,0.032909,-0.021808,0.784773,-0.618525,0.479897,0.403789,0.042593,-0.022222,-0.026671,0.685925,-0.726844,0.659101,0.431978,0.965280
70,0.291667,-0.033326,0.030199,-0.696119,0.716516,0.760668,0.385086,0.035747,0.032022,-0.017624,0.785756,-0.617455,0.479726,0.403616,0.043073,-0.022980,-0.027122,0.686235,-0.726511,0.658812,0.432688,0.965236
71,0.295833,-0.033264,0.030041,-0.696087,0.716557,0.760674,0.385106,0.035770,0.032608,-0.016478,0.785043,-0.618364,0.479979,0.403592,0.043315,-0.023927,-0.028569,0.686203,-0.726455,0.658624,0.433333,0.965168
72,0.300000,-0.033425,0.030091,-0.696063,0.716571,0.760667,0.385114,0.035800,0.033244,-0.016242,0.784249,-0.619342,0.480260,0.403530,0.043446,-0.024734,-0.029954,0.685969,-0.726593,0.658499,0.434108,0.965062
73,0.304167,-0.033451,0.030127,-0.696081,0.716550,0.760660,0.385121,0.035824,0.033791,-0.015965,0.783444,-0.620337,0.480539,0.403466,0.043560,-0.025358,-0.030843,0.685870,-0.726628,0.658302,0.434818,0.965011
74,0.308333,-0.033552,0.030152,-0.696109,0.716517,0.760652,0.385134,0.035847,0.034128,-0.015651,0.782688,-0.621281,0.480799,0.403422,0.043655,-0.025510,-0.031590,0.685885,-0.726576,0.658121,0.435557,0.964993
75,0.312500,-0.033699,0.030194,-0.696130,0.716489,0.760652,0.385142,0.035878,0.034406,-0.015315,0.781985,-0.622158,0.481054,0.403382,0.043738,-0.026102,-0.032874,0.685771,-0.726606,0.657929,0.436211,0.965031
76,0.316667,-0.033889,0.030284,-0.696130,0.716476,0.760643,0.385151,0.035901,0.034747,-0.014838,0.781346,-0.622953,0.481288,0.403361,0.043849,-0.027566,-0.034033,0.685812,-0.726460,0.657742,0.436912,0.964819
77,0.320833,-0.033974,0.030299,-0.696180,0.716422,0.760635,0.385155,0.035925,0.035285,-0.014768,0.780608,-0.623850,0.481522,0.403329,0.043926,-0.029098,-0.034960,0.685575,-0.726580,0.657579,0.437802,0.964707
78,0.325000,-0.034080,0.030373,-0.696161,0.716433,0.760637,0.385163,0.035953,0.035809,-0.014574,0.779960,-0.624634,0.481737,0.403308,0.044028,-0.030035,-0.036141,0.685384,-0.726664,0.657361,0.438472,0.964785
79,0.329167,-0.034223,0.030446,-0.696175,0.716410,0.760631,0.385169,0.035978,0.036321,-0.014446,0.779303,-0.625428,0.481956,0.403292,0.044108,-0.030662,-0.037249,0.685307,-0.726654,0.657198,0.439228,0.964704
80,0.333333,-0.034535,0.030566,-0.696212,0.716353,0.760635,0.385188,0.036009,0.036786,-0.014299,0.778708,-0.626144,0.482158,0.403278,0.044181,-0.030533,-0.037915,0.685167,-0.726758,0.657066,0.440055,0.964694
81,0.337500,-0.034746,0.030587,-0.696229,0.716325,0.760635,0.385213,0.036031,0.037039,-0.014027,0.778143,-0.626837,0.482353,0.403263,0.044249,-0.030941,-0.038981,0.685617,-0.726259,0.656791,0.440726,0.964229
82,0.341667,-0.034957,0.030669,-0.696226,0.716314,0.760638,0.385231,0.036066,0.037234,-0.013808,0.777658,-0.627432,0.482516,0.403266,0.044312,-0.032668,-0.040325,0.685307,-0.726403,0.656584,0.441549,0.964162
83,0.345833,-0.035244,0.030734,-0.696260,0.716265,0.760635,0.385258,0.036090,0.037444,-0.013497,0.777181,-0.628017,0.482670,0.403268,0.044374,-0.033774,-0.041331,0.685157,-0.726437,0.656418,0.442310,0.964157
84,0.350000,-0.035397,0.030811,-0.696286,0.716229,0.760636,0.385285,0.036124,0.037713,-0.013380,0.776700,-0.628598,0.482830,0.403272,0.044428,-0.034575,-0.041304,0.685263,-0.726301,0.656278,0.443319,0.963810
85,0.354167,-0.035728,0.030762,-0.696361,0.716141,0.760531,0.385291,0.036158,0.037996,-0.013306,0.776220,-0.629176,0.482991,0.403277,0.044454,-0.034893,-0.042385,0.685057,-0.726418,0.656134,0.444217,0.963587
86,0.358333,-0.035857,0.030737,-0.696379,0.716119,0.760527,0.385321,0.036186,0.039769,-0.017280,0.774344,-0.631277,0.483565,0.403328,0.044107,-0.036781,-0.042889,0.684993,-0.726356,0.655785,0.445025,0.963468
87,0.362500,-0.036023,0.030731,-0.696452,0.716040,0.760514,0.385362,0.036217,0.039956,-0.017123,0.773984,-0.631712,0.483706,0.403329,0.044152,-0.039160,-0.045536,0.684801,-0.726251,0.655406,0.445837,0.962982
88,0.366667,-0.036187,0.030717,-0.696468,0.716016,0.760512,0.385401,0.036241,0.040082,-0.016991,0.773651,-0.632115,0.483830,0.403311,0.044183,-0.041221,-0.048055,0.684311,-0.726437,0.655164,0.446606,0.962719
89,0.370833,-0.036408,0.030753,-0.696481,0.715991,0.760508,0.385435,0.036268,0.040085,-0.016809,0.773371,-0.632462,0.483926,0.403270,0.044194,-0.041625,-0.049515,0.684387,-0.726244,0.655127,0.447503,0.962596
90,0.375000,-0.036500,0.030725,-0.696521,0.715948,0.760508,0.385476,0.036301,0.038393,-0.012542,0.774383,-0.631426,0.483680,0.403092,0.044583,-0.041754,-0.048675,0.684751,-0.725950,0.654975,0.448328,0.962462
91,0.379167,-0.036718,0.030765,-0.696511,0.715945,0.760500,0.385517,0.036328,0.038626,-0.012419,0.774143,-0.631710,0.483689,0.403110,0.044631,-0.043894,-0.048878,0.684961,-0.725612,0.654737,0.449335,0.961839
92,0.383333,-0.036726,0.030715,-0.696376,0.716078,0.760519,0.385550,0.036347,0.038561,-0.012493,0.773885,-0.632028,0.483744,0.403063,0.044594,-0.045462,-0.052068,0.684532,-0.725698,0.654464,0.450180,0.961790
93,0.387500,-0.036813,0.030761,-0.696092,0.716348,0.760564,0.385580,0.036381,0.038475,-0.012654,0.773683,-0.632277,0.483795,0.403018,0.044554,-0.047604,-0.053798,0.684351,-0.725605,0.654218,0.451177,0.961256
94,0.391667,-0.037134,0.030912,-0.695807,0.716602,0.760630,0.385644,0.036408,0.038370,-0.012832,0.773557,-0.632434,0.483830,0.402982,0.044502,-0.048457,-0.056148,0.684069,-0.725637,0.654061,0.452069,0.960965
95,0.395833,-0.037488,0.031009,-0.695563,0.716816,0.760701,0.385726,0.036431,0.038130,-0.013026,0.773403,-0.632633,0.483872,0.402939,0.044443,-0.049890,-0.056897,0.684060,-0.725490,0.653904,0.453025,0.960662
96,0.400000,-0.037584,0.030605,-0.695331,0.717054,0.760788,0.385781,0.036472,0.037882,-0.013284,0.773288,-0.632783,0.483888,0.402909,0.044363,-0.051281,-0.056686,0.684101,-0.725370,0.653718,0.454006,0.960200
97,0.404167,-0.037655,0.030400,-0.695219,0.717167,0.760827,0.385812,0.036515,0.037606,-0.013587,0.773230,-0.632864,0.483894,0.402898,0.044278,-0.053566,-0.058781,0.684105,-0.725035,0.653470,0.454900,0.959694
98,0.408333,-0.037837,0.030349,-0.695174,0.717203,0.760840,0.385852,0.036553,0.037392,-0.013925,0.773208,-0.632896,0.483877,0.402906,0.044174,-0.054745,-0.060504,0.684224,-0.724693,0.653184,0.455705,0.959150
99,0.412500,-0.038039,0.030292,-0.695209,0.717161,0.760834,0.385900,0.036584,0.037012,-0.014297,0.773259,-0.632847,0.483835,0.402925,0.044065,-0.055091,-0.061882,0.684036,-0.724728,0.652937,0.456395,0.958782
100,0.416667,-0.038211,0.030311,-0.695235,0.717126,0.760824,0.385939,0.036618,0.036519,-0.014678,0.773370,-0.632731,0.483788,0.402954,0.043943,-0.056071,-0.062084,0.684677,-0.724030,0.652762,0.457326,0.958094
101,0.420833,-0.038485,0.030556,-0.695236,0.717100,0.760889,0.385963,0.036650,0.035946,-0.015129,0.773582,-0.632496,0.483718,0.402979,0.043793,-0.057687,-0.063454,0.684715,-0.723748,0.652412,0.458140,0.957466
102,0.425000,-0.038629,0.030680,-0.695228,0.717095,0.760894,0.385998,0.036667,0.035285,-0.015849,0.773831,-0.632210,0.483621,0.403011,0.043610,-0.059446,-0.065891,0.684883,-0.723229,0.652040,0.458889,0.956676
103,0.429167,-0.038819,0.030752,-0.695172,0.717136,0.760915,0.386028,0.036691,0.034472,-0.016674,0.774193,-0.631791,0.483509,0.403041,0.043388,-0.060176,-0.067568,0.684809,-0.723084,0.651798,0.459592,0.956155
104,0.433333,-0.038994,0.030799,-0.695100,0.717194,0.760936,0.386056,0.036707,0.033558,-0.017631,0.774580,-0.631339,0.483379,0.403077,0.043137,-0.060130,-0.069157,0.684606,-0.723129,0.651592,0.460264,0.955844
105,0.437500,-0.039094,0.030774,-0.694969,0.717317,0.760975,0.386084,0.036721,0.032442,-0.018769,0.774969,-0.630886,0.483240,0.403107,0.042838,-0.061216,-0.071556,0.684680,-0.722734,0.651234,0.460923,0.955145
106,0.441667,-0.039311,0.030866,-0.694876,0.717391,0.761021,0.386097,0.036741,0.031060,-0.019747,0.775446,-0.630340,0.483089,0.403121,0.042511,-0.061915,-0.071302,0.685496,-0.721926,0.651129,0.461668,0.954390
107,0.445833,-0.039495,0.030872,-0.694804,0.717450,0.761056,0.386117,0.036744,0.029527,-0.021149,0.776002,-0.629684,0.482870,0.403143,0.042121,-0.059352,-0.072076,0.685246,-0.722302,0.650827,0.461954,0.954535
108,0.450000,-0.039644,0.031390,-0.694791,0.717432,0.761073,0.386138,0.036712,0.028210,-0.022656,0.776538,-0.629030,0.482686,0.403084,0.041730,-0.058877,-0.073796,0.685339,-0.722079,0.650317,0.462453,0.954060
109,0.454167,-0.040063,0.031752,-0.694759,0.717423,0.761085,0.386136,0.036716,0.026746,-0.024260,0.777115,-0.628322,0.482501,0.402946,0.041331,-0.066221,-0.076923,0.685975,-0.720511,0.650216,0.464032,0.951736
110,0.458333,-0.040263,0.031658,-0.694684,0.717489,0.761043,0.386140,0.036738,0.024908,-0.025527,0.777688,-0.627638,0.482324,0.402753,0.040918,-0.063517,-0.075463,0.686256,-0.720641,0.650226,0.464659,0.951599
111,0.462500,-0.040450,0.031671,-0.694567,0.717591,0.761075,0.386160,0.036770,0.024473,-0.030587,0.776707,-0.628643,0.482538,0.402627,0.040180,-0.063796,-0.075487,0.686723,-0.720169,0.650027,0.465413,0.950810
112,0.466667,-0.040706,0.031722,-0.694458,0.717680,0.761108,0.386188,0.036804,0.022139,-0.027476,0.778404,-0.626772,0.482030,0.402407,0.040326,-0.068259,-0.078271,0.687084,-0.719117,0.649805,0.466294,0.949414
113,0.470833,-0.041249,0.032013,-0.694307,0.717782,0.761162,0.386214,0.036861,0.020944,-0.027462,0.778757,-0.626374,0.481898,0.402310,0.040189,-0.071067,-0.080392,0.687579,-0.718137,0.649554,0.466933,0.948131
114,0.475000,-0.041713,0.032243,-0.694189,0.717859,0.761207,0.386262,0.036899,0.020097,-0.027639,0.778987,-0.626109,0.481834,0.402194,0.040076,-0.067889,-0.079803,0.687800,-0.718299,0.649194,0.467148,0.947830
115,0.479167,-0.042232,0.032488,-0.694060,0.717943,0.761270,0.386322,0.036941,0.019343,-0.027781,0.779211,-0.625847,0.481778,0.402156,0.039980,-0.080351,-0.077608,0.689369,-0.715746,0.649194,0.468580,0.944900
116,0.483333,-0.042996,0.032807,-0.693951,0.717988,0.761312,0.386358,0.036990,0.018757,-0.028041,0.779407,-0.625609,0.481726,0.402162,0.039878,-0.080713,-0.078386,0.689832,-0.715173,0.648939,0.469269,0.943915
117,0.487500,-0.043552,0.033219,-0.693799,0.718083,0.761367,0.386408,0.037049,0.018146,-0.027919,0.779595,-0.625398,0.481690,0.402185,0.039806,-0.081686,-0.076822,0.690633,-0.714459,0.648565,0.470165,0.942671
118,0.491667,-0.043852,0.033492,-0.693688,0.718159,0.761415,0.386480,0.037106,0.017604,-0.027811,0.779870,-0.625075,0.481643,0.402242,0.039768,-0.082533,-0.077036,0.691332,-0.713663,0.648285,0.470796,0.941529
119,0.495833,-0.044501,0.033813,-0.693587,0.718202,0.761457,0.386532,0.037165,0.017169,-0.027585,0.780109,-0.624799,0.481603,0.402320,0.039748,-0.074991,-0.080422,0.690482,-0.714943,0.648244,0.470524,0.941639
120,0.500000,-0.044953,0.034011,-0.693532,0.718217,0.761469,0.386561,0.037202,0.016684,-0.027231,0.780434,-0.624423,0.481535,0.402408,0.039735,-0.068877,-0.094930,0.689080,-0.715132,0.648389,0.471719,0.938599
121,0.504167,-0.044510,0.033106,-0.693435,0.718380,0.761536,0.386616,0.037239,0.016092,-0.026689,0.780733,-0.624087,0.481457,0.402502,0.039721,-0.068679,-0.095618,0.691123,-0.713085,0.647769,0.472763,0.937329
122,0.508333,-0.044708,0.033412,-0.693540,0.718253,0.761495,0.386604,0.037236,0.015314,-0.025833,0.781061,-0.623732,0.481365,0.402596,0.039713,-0.068883,-0.099151,0.690534,-0.713153,0.647288,0.472311,0.936017
123,0.512500,-0.044895,0.033757,-0.693657,0.718112,0.761437,0.386598,0.037210,0.014312,-0.025106,0.781450,-0.623299,0.481261,0.402675,0.039657,-0.069833,-0.099127,0.690652,-0.712950,0.647281,0.473956,0.934789
124,0.516667,-0.044858,0.033931,-0.693792,0.717975,0.761364,0.386586,0.037178,0.013276,-0.025686,0.781773,-0.622892,0.481154,0.402763,0.039469,-0.069053,-0.099798,0.691314,-0.712290,0.647173,0.474478,0.933309
125,0.520833,-0.044419,0.033740,-0.693962,0.717848,0.761302,0.386573,0.037146,0.013067,-0.025714,0.781781,-0.622885,0.481121,0.402859,0.039415,-0.088597,-0.102443,0.695007,-0.706131,0.645814,0.476046,0.930727
126,0.525000,-0.043807,0.033323,-0.694153,0.717720,0.761229,0.386552,0.037107,0.012899,-0.025352,0.781869,-0.622793,0.481065,0.402916,0.039402,-0.100767,-0.099874,0.698490,-0.701415,0.644844,0.477929,0.926799
127,0.529167,-0.043262,0.033064,-0.694292,0.717630,0.761150,0.386531,0.037071,0.012699,-0.025230,0.782011,-0.622624,0.480982,0.402934,0.039369,-0.103781,-0.098910,0.700662,-0.698941,0.644268,0.478545,0.924813
128,0.533333,-0.042868,0.032881,-0.694393,0.717565,0.761075,0.386518,0.037051,0.012075,-0.024645,0.782412,-0.622156,0.480837,0.402921,0.039340,-0.101922,-0.097097,0.701493,-0.698635,0.643705,0.478222,0.924844
129,0.537500,-0.042349,0.032635,-0.694529,0.717476,0.761001,0.386533,0.037014,0.011729,-0.024330,0.782640,-0.621888,0.480736,0.402911,0.039331,-0.094932,-0.108647,0.697209,-0.702200,0.644708,0.478161,0.922689
130,0.541667,-0.041947,0.032503,-0.694618,0.717418,0.760939,0.386539,0.036990,0.011659,-0.023348,0.782848,-0.621666,0.480647,0.402940,0.039425,-0.096676,-0.111569,0.697233,-0.701479,0.644504,0.478370,0.921263
131,0.545833,-0.041469,0.032265,-0.694688,0.717389,0.760888,0.386563,0.036949,0.011881,-0.022118,0.782881,-0.621664,0.480620,0.402979,0.039578,-0.098869,-0.113608,0.697530,-0.700550,0.644305,0.478570,0.919793
132,0.550000,-0.041032,0.032092,-0.694774,0.717339,0.760831,0.386589,0.036920,0.011825,-0.022069,0.782932,-0.621603,0.480609,0.402956,0.039571,-0.099053,-0.116413,0.697497,-0.700096,0.644076,0.478727,0.918116
133,0.554167,-0.040311,0.032017,-0.694893,0.717268,0.760783,0.386653,0.036886,0.011588,-0.022082,0.783040,-0.621471,0.480577,0.402949,0.039546,-0.100248,-0.118280,0.697847,-0.699263,0.643860,0.478768,0.916611
134,0.558333,-0.039275,0.031061,-0.694807,0.717451,0.760793,0.386691,0.036879,0.011316,-0.022019,0.783132,-0.621363,0.480552,0.402944,0.039519,-0.098439,-0.121108,0.697517,-0.699366,0.643721,0.478709,0.914974
135,0.562500,-0.038476,0.030443,-0.694912,0.717419,0.760763,0.386697,0.036846,0.011209,-0.022060,0.783186,-0.621295,0.480513,0.402953,0.039493,-0.095493,-0.123861,0.696645,-0.700161,0.643716,0.478337,0.913446
136,0.566667,-0.037800,0.030070,-0.695051,0.717336,0.760723,0.386714,0.036786,0.010933,-0.021790,0.783277,-0.621195,0.480477,0.402964,0.039476,-0.095959,-0.126072,0.696126,-0.700219,0.643770,0.478142,0.912045
137,0.570833,-0.037125,0.029635,-0.695142,0.717301,0.760680,0.386731,0.036713,0.010559,-0.021372,0.783372,-0.621095,0.480440,0.402978,0.039469,-0.096988,-0.128250,0.696006,-0.699801,0.643607,0.478120,0.910089
138,0.575000,-0.036154,0.029165,-0.695265,0.717251,0.760664,0.386757,0.036627,0.010216,-0.021088,0.783496,-0.620955,0.480393,0.402996,0.039445,-0.097386,-0.130343,0.696046,-0.699319,0.643351,0.478084,0.908039
139,0.579167,-0.035380,0.028596,-0.695433,0.717150,0.760690,0.386824,0.036551,0.009831,-0.020782,0.783619,-0.620817,0.480335,0.403016,0.039415,-0.098587,-0.131839,0.696020,-0.698896,0.643218,0.477909,0.906117
140,0.583333,-0.034669,0.028260,-0.695412,0.717218,0.760634,0.386795,0.036462,0.009464,-0.020627,0.783751,-0.620660,0.480270,0.403033,0.039368,-0.107358,-0.118387,0.701116,-0.694907,0.642848,0.477464,0.905030
141,0.587500,-0.034235,0.028446,-0.695506,0.717141,0.760572,0.386773,0.036346,0.009053,-0.020287,0.783887,-0.620506,0.480209,0.403052,0.039341,-0.100692,-0.134262,0.696537,-0.697619,0.642800,0.478014,0.901734
142,0.591667,-0.033032,0.027808,-0.695456,0.717270,0.760636,0.386779,0.036256,0.008607,-0.019917,0.784022,-0.620354,0.480153,0.403058,0.039316,-0.110571,-0.121411,0.701192,-0.693803,0.642464,0.477125,0.900748
143,0.595833,-0.031723,0.027205,-0.695456,0.717352,0.760590,0.386698,0.036120,0.008299,-0.019732,0.784133,-0.620224,0.480092,0.403069,0.039287,-0.111757,-0.122220,0.701530,-0.693129,0.642216,0.476886,0.898558
144,0.600000,-0.030195,0.026631,-0.695442,0.717453,0.760570,0.386647,0.036007,0.007926,-0.019434,0.784260,-0.620077,0.480039,0.403065,0.039257,-0.113009,-0.123385,0.701612,-0.692637,0.642051,0.476590,0.896334
145,0.604167,-0.028351,0.025832,-0.695433,0.717567,0.760556,0.386599,0.035904,0.007367,-0.018731,0.784246,-0.620123,0.479999,0.403085,0.039289,-0.113622,-0.124563,0.701530,-0.692409,0.641887,0.476363,0.893924
146,0.608333,-0.026013,0.024556,-0.695359,0.717771,0.760606,0.386552,0.035842,0.006893,-0.018119,0.784344,-0.620023,0.479958,0.403066,0.039297,-0.113937,-0.125614,0.701607,-0.692089,0.641693,0.476159,0.891383
147,0.612500,-0.024323,0.023845,-0.695404,0.717812,0.760573,0.386495,0.035743,0.006719,-0.018610,0.784507,-0.619804,0.479887,0.403024,0.039204,-0.115056,-0.125604,0.702202,-0.691302,0.641508,0.475969,0.888822
148,0.616667,-0.022424,0.022831,-0.695548,0.717767,0.760580,0.386474,0.035659,0.006290,-0.018748,0.784741,-0.619509,0.479844,0.402961,0.039163,-0.115368,-0.125640,0.702504,-0.690937,0.641330,0.475773,0.886167
149,0.620833,-0.021309,0.022514,-0.695611,0.717750,0.760524,0.386432,0.035580,0.005920,-0.018949,0.784984,-0.619198,0.479791,0.402897,0.039101,-0.116020,-0.128875,0.701664,-0.691085,0.641281,0.475331,0.883481
150,0.625000,-0.020737,0.022347,-0.695517,0.717862,0.760504,0.386439,0.035509,0.005557,-0.019120,0.785177,-0.618951,0.479754,0.402842,0.039056,-0.109021,-0.128305,0.700441,-0.693567,0.641381,0.472638,0.883092
151,0.629167,-0.019868,0.022155,-0.695387,0.718019,0.760480,0.386424,0.035417,0.005219,-0.019237,0.785352,-0.618728,0.479729,0.402801,0.039021,-0.107882,-0.127012,0.700887,-0.693532,0.641182,0.471962,0.880733
152,0.633333,-0.019123,0.022144,-0.695248,0.718175,0.760475,0.386366,0.035328,0.004865,-0.019314,0.785510,-0.618528,0.479686,0.402764,0.038997,-0.099219,-0.128890,0.696343,-0.699035,0.642394,0.470494,0.880353
153,0.637500,-0.018479,0.022122,-0.695178,0.718260,0.760468,0.386299,0.035248,0.004524,-0.019536,0.785605,-0.618403,0.479654,0.402743,0.038972,-0.096113,-0.128241,0.695935,-0.699994,0.642413,0.469375,0.878710
154,0.641667,-0.017734,0.022093,-0.695075,0.718379,0.760465,0.386249,0.035164,0.004154,-0.019753,0.785689,-0.618292,0.479617,0.402731,0.038953,-0.090213,-0.127521,0.694833,-0.702003,0.642585,0.468044,0.877280
155,0.645833,-0.016902,0.021997,-0.694932,0.718540,0.760483,0.386212,0.035088,0.003769,-0.019984,0.785870,-0.618057,0.479552,0.402731,0.038936,-0.093055,-0.130191,0.694118,-0.701849,0.642556,0.467804,0.874144
156,0.650000,-0.017236,0.022202,-0.694715,0.718736,0.760526,0.386235,0.035079,0.003187,-0.020023,0.786006,-0.617886,0.479505,0.402696,0.038914,-0.095537,-0.118768,0.700450,-0.697235,0.641620,0.466392,0.871914
157,0.654167,-0.016831,0.022265,-0.694467,0.718983,0.760574,0.386247,0.035031,0.002569,-0.020217,0.786125,-0.617731,0.479453,0.402666,0.038900,-0.088065,-0.107898,0.703551,-0.696863,0.641093,0.464848,0.871573
158,0.658333,-0.016410,0.022359,-0.694219,0.719229,0.760613,0.386238,0.034971,0.001912,-0.020410,0.786240,-0.617582,0.479409,0.402625,0.038880,-0.102128,-0.113926,0.707320,-0.690137,0.639197,0.466137,0.866181
159,0.662500,-0.015994,0.022467,-0.694052,0.719396,0.760645,0.386226,0.034918,0.001179,-0.020511,0.786365,-0.617421,0.479355,0.402577,0.038906,-0.085786,-0.104530,0.707346,-0.693813,0.639473,0.463025,0.867420
160,0.666667,-0.015508,0.022668,-0.693914,0.719534,0.760664,0.386192,0.034854,0.000416,-0.020769,0.786470,-0.617279,0.479307,0.402535,0.038949,-0.057741,-0.086518,0.703149,-0.703393,0.641870,0.457922,0.871276
161,0.670833,-0.015108,0.022893,-0.693807,0.719638,0.760680,0.386139,0.034792,-0.000467,-0.021152,0.786555,-0.617158,0.479261,0.402488,0.039007,-0.057087,-0.087106,0.702783,-0.703740,0.641793,0.456766,0.869013
162,0.675000,-0.014573,0.023235,-0.693812,0.719634,0.760675,0.386054,0.034717,-0.001303,-0.021509,0.786627,-0.617053,0.479216,0.402427,0.039056,-0.063118,-0.092496,0.701287,-0.704029,0.641196,0.455371,0.866044
163,0.679167,-0.014136,0.023795,-0.693923,0.719517,0.760642,0.385925,0.034630,-0.002095,-0.021990,0.786718,-0.616918,0.479157,0.402350,0.039121,-0.058320,-0.087594,0.702608,-0.703753,0.641884,0.454376,0.863795
164,0.683333,-0.013546,0.024218,-0.694019,0.719422,0.760610,0.385788,0.034566,-0.002880,-0.022287,0.786799,-0.616800,0.479071,0.402263,0.039160,-0.058096,-0.087766,0.702724,-0.703634,0.641840,0.453159,0.861392
165,0.687500,-0.012668,0.024042,-0.693564,0.719882,0.760681,0.385794,0.034602,-0.003527,-0.022047,0.786883,-0.616698,0.478994,0.402161,0.039243,-0.063278,-0.092612,0.701206,-0.704080,0.641221,0.451667,0.858541
166,0.691667,-0.011506,0.024024,-0.692934,0.720509,0.760798,0.385890,0.034596,-0.004304,-0.022386,0.787043,-0.616477,0.478920,0.402043,0.039303,-0.058579,-0.087703,0.702850,-0.703476,0.641928,0.450469,0.856313
167,0.695833,-0.010796,0.024398,-0.692707,0.720726,0.760845,0.385922,0.034595,-0.005254,-0.022906,0.787243,-0.616195,0.478856,0.401921,0.039403,-0.063104,-0.092111,0.701856,-0.703514,0.641220,0.448870,0.853654
168,0.700000,-0.010097,0.024868,-0.692740,0.720688,0.760886,0.385936,0.034612,-0.006566,-0.024336,0.787371,-0.615964,0.478849,0.401876,0.039562,-0.063947,-0.092667,0.701824,-0.703397,0.641265,0.447438,0.851125
169,0.704167,-0.009424,0.025498,-0.693002,0.720423,0.760926,0.386004,0.034646,-0.007672,-0.025052,0.787523,-0.615728,0.478841,0.401819,0.039721,-0.063925,-0.092507,0.702088,-0.703156,0.641293,0.445967,0.848651
170,0.708333,-0.008761,0.026207,-0.692947,0.720459,0.760971,0.385983,0.034695,-0.008788,-0.025830,0.787659,-0.615507,0.478850,0.401757,0.039897,-0.063477,-0.092127,0.702166,-0.703168,0.641312,0.444453,0.846269
171,0.712500,-0.007995,0.026913,-0.692986,0.720404,0.761009,0.385949,0.034745,-0.010195,-0.026472,0.787887,-0.615166,0.478882,0.401699,0.040111,-0.063684,-0.092457,0.702383,-0.702890,0.641345,0.442905,0.843776
172,0.716667,-0.006988,0.027584,-0.693035,0.720342,0.761037,0.385913,0.034829,-0.011583,-0.027752,0.788125,-0.614781,0.478923,0.401664,0.040292,-0.063680,-0.091899,0.702789,-0.702558,0.641471,0.441293,0.841463
173,0.720833,-0.005942,0.028398,-0.693033,0.720322,0.761083,0.385884,0.034938,-0.013739,-0.026708,0.788535,-0.614256,0.478975,0.401574,0.040644,-0.063805,-0.092252,0.702765,-0.702524,0.641500,0.439661,0.838985
174,0.725000,-0.004892,0.029439,-0.692994,0.720326,0.761116,0.385846,0.035100,-0.015756,-0.026656,0.788760,-0.613921,0.479011,0.401487,0.040988,-0.062867,-0.090937,0.703413,-0.702132,0.641493,0.437969,0.836745
175,0.729167,-0.004014,0.030641,-0.693038,0.720238,0.761159,0.385815,0.035281,-0.017700,-0.027099,0.789046,-0.613481,0.479040,0.401384,0.041343,-0.062887,-0.090981,0.703522,-0.702015,0.641606,0.436288,0.834352
176,0.733333,-0.003403,0.032059,-0.693120,0.720101,0.761218,0.385776,0.035472,-0.019777,-0.028347,0.789259,-0.613086,0.479069,0.401256,0.041725,-0.062672,-0.090915,0.703846,-0.701718,0.641660,0.434473,0.832067
177,0.737500,-0.002489,0.033453,-0.693198,0.719966,0.761268,0.385767,0.035702,-0.021788,-0.030278,0.789343,-0.612818,0.479078,0.401101,0.042128,-0.062470,-0.090674,0.704017,-0.701595,0.641692,0.432711,0.829762
178,0.741667,-0.001747,0.034874,-0.693612,0.719502,0.761359,0.385715,0.035938,-0.024049,-0.031980,0.789474,-0.612478,0.479093,0.400952,0.042589,-0.062062,-0.089814,0.704423,-0.701335,0.641765,0.430847,0.827610
179,0.745833,-0.001188,0.036639,-0.693937,0.719102,0.761474,0.385704,0.036201,-0.026699,-0.033850,0.789468,-0.612276,0.479063,0.400802,0.043129,-0.061396,-0.089370,0.704729,-0.701143,0.641789,0.428999,0.825407
180,0.750000,-0.000901,0.038595,-0.694134,0.718810,0.761578,0.385684,0.036472,-0.029597,-0.035511,0.789386,-0.612154,0.478998,0.400639,0.043708,-0.061494,-0.089154,0.704980,-0.700909,0.641829,0.427015,0.823322
181,0.754167,-0.000504,0.040799,-0.694402,0.718430,0.761719,0.385659,0.036761,-0.032792,-0.037321,0.789225,-0.612091,0.478916,0.400480,0.044340,-0.060435,-0.087961,0.705421,-0.700708,0.641877,0.425108,0.821338
182,0.758333,-0.006894,0.047674,-0.692790,0.719529,0.762687,0.385430,0.037470,-0.035991,-0.039390,0.788909,-0.612189,0.478767,0.400304,0.044996,-0.060121,-0.087670,0.705558,-0.700634,0.642010,0.423102,0.819221
183,0.762500,-0.006729,0.050338,-0.693480,0.718684,0.762949,0.385319,0.037778,-0.038731,-0.042213,0.788727,-0.612068,0.478574,0.400076,0.045569,-0.058908,-0.086663,0.706015,-0.700402,0.641887,0.421027,0.817409
184,0.766667,-0.005730,0.052986,-0.693941,0.718057,0.763213,0.385237,0.038081,-0.042606,-0.042671,0.788517,-0.612050,0.478307,0.399771,0.046279,-0.058193,-0.085720,0.706437,-0.700152,0.641880,0.418879,0.815575
185,0.770833,-0.002445,0.054642,-0.695317,0.716619,0.763733,0.385521,0.038236,-0.047737,-0.041536,0.788244,-0.612100,0.478067,0.399498,0.047121,-0.058345,-0.085769,0.706393,-0.700178,0.642069,0.416758,0.813731
186,0.775000,-0.002813,0.058166,-0.696464,0.715225,0.764075,0.385486,0.038697,-0.052255,-0.041471,0.787755,-0.612366,0.477823,0.399231,0.047881,-0.057095,-0.084766,0.706959,-0.699831,0.641852,0.414453,0.812116
187,0.779167,-0.001447,0.060890,-0.696669,0.714802,0.764272,0.385287,0.039110,-0.056183,-0.043034,0.787161,-0.612674,0.477590,0.398970,0.048455,-0.056617,-0.084040,0.707334,-0.699578,0.641978,0.412122,0.810473
188,0.783333,-0.000954,0.064003,-0.697481,0.713738,0.764353,0.385127,0.039709,-0.058420,-0.045798,0.786711,-0.612842,0.477360,0.398802,0.049065,-0.055210,-0.082620,0.707804,-0.699385,0.641818,0.409801,0.809027
189,0.787500,0.000486,0.067463,-0.697061,0.713831,0.764570,0.385045,0.040117,-0.061949,-0.047245,0.786078,-0.613198,0.477101,0.398553,0.049689,-0.054397,-0.081742,0.707956,-0.699398,0.641831,0.407420,0.807572
190,0.791667,0.001959,0.070777,-0.696751,0.713810,0.764807,0.384920,0.040508,-0.065319,-0.048791,0.785512,-0.613452,0.476832,0.398348,0.050253,-0.053786,-0.081024,0.708079,-0.699404,0.641976,0.404996,0.806083
191,0.795833,0.003126,0.073853,-0.696951,0.713299,0.764985,0.384736,0.040943,-0.068961,-0.050184,0.784880,-0.613751,0.476610,0.398132,0.050779,-0.052077,-0.079578,0.708533,-0.699240,0.641807,0.402524,0.804907
192,0.800000,0.004574,0.077124,-0.696723,0.713168,0.765117,0.384573,0.041384,-0.071857,-0.051558,0.784426,-0.613885,0.476408,0.397931,0.051264,-0.051801,-0.079363,0.708601,-0.699216,0.641859,0.399846,0.803640
193,0.804167,0.007069,0.080274,-0.696539,0.712980,0.765329,0.384467,0.041882,-0.074454,-0.052659,0.784100,-0.613899,0.476215,0.397734,0.051660,-0.051572,-0.078661,0.708696,-0.699216,0.641933,0.397141,0.802490
194,0.808333,0.005335,0.084266,-0.697087,0.711998,0.765335,0.384229,0.042569,-0.077032,-0.053534,0.783747,-0.613954,0.475993,0.397557,0.052063,-0.050325,-0.077565,0.708995,-0.699126,0.641817,0.394380,0.801537
195,0.812500,0.009075,0.086927,-0.696286,0.712423,0.765611,0.384075,0.042775,-0.079029,-0.055021,0.783485,-0.613904,0.475802,0.397359,0.052388,-0.049523,-0.076729,0.708902,-0.699370,0.641849,0.391617,0.800696
196,0.816667,0.010532,0.089918,-0.696048,0.712265,0.765752,0.383879,0.043150,-0.081609,-0.057639,0.782901,-0.614072,0.475659,0.397160,0.052613,-0.048575,-0.075609,0.709149,-0.699308,0.641764,0.388699,0.799916
197,0.820833,0.011790,0.092787,-0.695736,0.712182,0.765876,0.383711,0.043522,-0.083376,-0.058823,0.782863,-0.613770,0.475565,0.396997,0.052810,-0.048582,-0.075454,0.709087,-0.699387,0.641714,0.385730,0.799086
198,0.825000,0.012980,0.095400,-0.695493,0.712054,0.766001,0.383568,0.043889,-0.085260,-0.059755,0.782986,-0.613264,0.475442,0.396863,0.052978,-0.048361,-0.074796,0.709214,-0.699345,0.641725,0.382635,0.798440
199,0.829167,0.014235,0.098092,-0.695140,0.712008,0.766114,0.383374,0.044279,-0.089883,-0.057675,0.782806,-0.613032,0.475436,0.396706,0.053465,-0.047496,-0.073716,0.709346,-0.699384,0.641557,0.379514,0.798047
200,0.833333,0.015218,0.100870,-0.694859,0.711874,0.766253,0.383189,0.044642,-0.091369,-0.056638,0.783349,-0.612215,0.475516,0.396586,0.053645,-0.047089,-0.073006,0.709279,-0.699555,0.641526,0.376373,0.797703
201,0.837500,0.016149,0.103630,-0.694615,0.711695,0.766393,0.383024,0.044990,-0.093210,-0.057591,0.783294,-0.611919,0.475490,0.396461,0.053871,-0.046767,-0.072007,0.709288,-0.699670,0.641433,0.373142,0.797589
202,0.841667,0.017125,0.106285,-0.694209,0.711677,0.766536,0.382885,0.045319,-0.094427,-0.059904,0.783274,-0.611537,0.475495,0.396308,0.053891,-0.046591,-0.071370,0.709119,-0.699918,0.641427,0.369838,0.797451
203,0.845833,0.017605,0.109635,-0.693807,0.711549,0.766668,0.382780,0.045684,-0.095738,-0.060739,0.783419,-0.611064,0.475500,0.396199,0.054017,-0.046046,-0.070439,0.709302,-0.699864,0.641229,0.366400,0.797573
204,0.850000,0.018429,0.112428,-0.693644,0.711251,0.766822,0.382623,0.045997,-0.096746,-0.061521,0.783654,-0.610526,0.475484,0.396087,0.054148,-0.045689,-0.069575,0.709504,-0.699769,0.641040,0.362905,0.797829
205,0.854167,0.019047,0.114866,-0.693437,0.711047,0.766957,0.382483,0.046296,-0.098121,-0.062105,0.783844,-0.610003,0.475463,0.395964,0.054259,-0.042424,-0.065675,0.710427,-0.699414,0.642676,0.359713,0.798394
206,0.858333,0.019774,0.117498,-0.693054,0.710971,0.767093,0.382359,0.046577,-0.098048,-0.064095,0.784197,-0.609355,0.475533,0.395850,0.054290,-0.045245,-0.068519,0.709333,-0.700075,0.641013,0.355767,0.798668
207,0.862500,0.020461,0.120036,-0.692732,0.710842,0.767253,0.382252,0.046837,-0.098756,-0.065783,0.784617,-0.608520,0.475636,0.395761,0.054312,-0.045076,-0.067399,0.709581,-0.699943,0.640823,0.352004,0.799411
208,0.866667,0.021105,0.122249,-0.692450,0.710720,0.767419,0.382151,0.047077,-0.100768,-0.066237,0.784868,-0.607816,0.475710,0.395697,0.054462,-0.044999,-0.066894,0.709837,-0.699737,0.640651,0.348196,0.800352
209,0.870833,0.021567,0.124800,-0.692055,0.710648,0.767577,0.382065,0.047311,-0.102736,-0.064769,0.785375,-0.606989,0.475774,0.395642,0.054587,-0.006405,-0.053926,0.715732,-0.696260,0.641433,0.344991,0.810847
210,0.875000,0.022304,0.127243,-0.691594,0.710640,0.767740,0.381971,0.047537,-0.103546,-0.063734,0.785868,-0.606323,0.475829,0.395597,0.054720,-0.033757,-0.056176,0.726848,-0.683664,0.639676,0.345801,0.805090
211,0.879167,0.023158,0.129374,-0.691203,0.710609,0.767878,0.381845,0.047749,-0.103708,-0.062814,0.786307,-0.605823,0.475884,0.395594,0.054824,-0.036972,-0.055782,0.726919,-0.683454,0.639903,0.341973,0.805747
212,0.883333,0.023980,0.131184,-0.690864,0.710579,0.767996,0.381723,0.047973,-0.103480,-0.062247,0.786668,-0.605451,0.475912,0.395627,0.054856,-0.028152,-0.059716,0.721503,-0.689257,0.641041,0.336354,0.809972
213,0.887500,0.024309,0.133526,-0.690589,0.710400,0.768123,0.381638,0.048194,-0.102984,-0.062502,0.786936,-0.605161,0.475948,0.395695,0.054735,-0.029180,-0.053970,0.724261,-0.686791,0.641217,0.333205,0.811526
214,0.891667,0.025395,0.135311,-0.689944,0.710650,0.768339,0.381585,0.048394,-0.102354,-0.062830,0.787241,-0.604837,0.475959,0.395799,0.054553,-0.030812,-0.051862,0.721876,-0.689388,0.641871,0.328070,0.813165
215,0.895833,0.026314,0.136917,-0.689389,0.710848,0.768499,0.381498,0.048570,-0.101528,-0.062963,0.787711,-0.604350,0.475990,0.395932,0.054276,-0.030245,-0.051024,0.721427,-0.689946,0.642321,0.323384,0.815889
216,0.900000,0.027074,0.138799,-0.688818,0.711008,0.768566,0.381413,0.048786,-0.100733,-0.063646,0.787859,-0.604219,0.475990,0.396063,0.054055,-0.029345,-0.049818,0.721067,-0.690449,0.642497,0.318610,0.818858
217,0.904167,0.027588,0.141301,-0.687970,0.711316,0.768557,0.381326,0.049065,-0.099108,-0.064067,0.788230,-0.603959,0.476109,0.396225,0.053882,-0.028890,-0.049511,0.720803,-0.690765,0.642730,0.313628,0.821779
218,0.908333,0.028103,0.143795,-0.687102,0.711635,0.768316,0.381200,0.049388,-0.097706,-0.063380,0.788978,-0.603283,0.476204,0.396389,0.053771,-0.028463,-0.049170,0.720582,-0.691038,0.642691,0.308310,0.824841
219,0.912500,0.028113,0.146576,-0.686210,0.711928,0.768215,0.381059,0.049654,-0.097518,-0.062678,0.789641,-0.602518,0.476074,0.396444,0.053997,-0.028088,-0.047650,0.720504,-0.691241,0.642610,0.302922,0.828195
220,0.916667,0.029047,0.149149,-0.684770,0.712741,0.768088,0.380902,0.050017,-0.096988,-0.062187,0.790443,-0.601602,0.476196,0.396517,0.054064,-0.027493,-0.046034,0.720056,-0.691842,0.642559,0.297360,0.831590
221,0.920833,0.035613,0.141427,-0.688101,0.710807,0.767284,0.381068,0.050531,-0.096722,-0.062123,0.791340,-0.600471,0.476379,0.396548,0.054239,-0.027413,-0.044354,0.719907,-0.692109,0.642549,0.291438,0.835215
222,0.925000,0.039966,0.144200,-0.685814,0.712227,0.767273,0.380897,0.050916,-0.097687,-0.061765,0.792377,-0.598984,0.476570,0.396522,0.054534,-0.027158,-0.042933,0.719372,-0.692765,0.642578,0.285480,0.838819
223,0.929167,0.041691,0.148181,-0.684075,0.712984,0.767141,0.380690,0.051438,-0.098609,-0.062656,0.793441,-0.597329,0.476794,0.396426,0.054875,-0.027173,-0.046963,0.717325,-0.694623,0.642151,0.278902,0.843009
224,0.933333,0.045074,0.152816,-0.681893,0.713889,0.767105,0.380492,0.051945,-0.100649,-0.063935,0.794548,-0.595378,0.477050,0.396271,0.055282,-0.025911,-0.044410,0.716968,-0.695207,0.641839,0.272355,0.847310
225,0.937500,0.047958,0.158243,-0.679736,0.714575,0.767076,0.380217,0.052540,-0.103276,-0.065407,0.795834,-0.593046,0.477337,0.396064,0.055740,-0.024632,-0.040995,0.716670,-0.695771,0.641105,0.265768,0.851722
226,0.941667,0.051721,0.163641,-0.677607,0.715120,0.767053,0.379902,0.053206,-0.107182,-0.067138,0.797073,-0.590490,0.477584,0.395796,0.056319,-0.023233,-0.038030,0.716981,-0.695667,0.640847,0.259161,0.856492
227,0.945833,0.055655,0.169452,-0.675435,0.715526,0.767046,0.379506,0.053981,-0.112911,-0.069249,0.798093,-0.587795,0.477803,0.395488,0.056954,-0.020338,-0.032792,0.717286,-0.695710,0.640117,0.252617,0.862524
228,0.950000,0.059791,0.176761,-0.673262,0.715472,0.767157,0.379001,0.054776,-0.125073,-0.065042,0.800652,-0.582308,0.478652,0.395031,0.058654,-0.020247,-0.031165,0.718211,-0.694832,0.640676,0.246537,0.867538
229,0.954167,0.060836,0.185964,-0.671834,0.714392,0.767174,0.378404,0.055939,-0.129793,-0.070523,0.801227,-0.579841,0.479060,0.394612,0.059248,-0.015705,-0.027952,0.716869,-0.696471,0.640058,0.238745,0.873677
230,0.958333,0.063187,0.195103,-0.670087,0.713391,0.767319,0.377748,0.057134,-0.134113,-0.072014,0.802542,-0.576849,0.479432,0.394021,0.060431,-0.013602,-0.025507,0.717040,-0.696433,0.639980,0.231707,0.879394
231,0.962500,0.066707,0.204763,-0.668214,0.712118,0.767598,0.376923,0.058438,-0.140968,-0.074605,0.803159,-0.574019,0.479673,0.393336,0.061682,-0.018194,-0.025885,0.712081,-0.701384,0.641619,0.223588,0.883605
232,0.966667,0.070437,0.215469,-0.666290,0.710401,0.767831,0.375881,0.059747,-0.148276,-0.078406,0.803287,-0.571486,0.479837,0.392524,0.063098,-0.020217,-0.027974,0.715600,-0.697657,0.639303,0.216046,0.888406
233,0.970833,0.076355,0.225616,-0.664118,0.708671,0.768347,0.374913,0.061111,-0.151496,-0.083705,0.803666,-0.569354,0.480156,0.391624,0.064805,-0.019106,-0.026262,0.715434,-0.697925,0.639256,0.208504,0.894446
234,0.975000,0.081460,0.235990,-0.662115,0.706596,0.768925,0.373692,0.062692,-0.158414,-0.089726,0.802871,-0.567673,0.480302,0.390516,0.066734,-0.019354,-0.024336,0.714432,-0.699014,0.639619,0.201328,0.900533
235,0.979167,0.092175,0.247751,-0.660351,0.702894,0.769295,0.372380,0.063922,-0.169447,-0.097884,0.801271,-0.565394,0.480255,0.389186,0.068390,-0.020321,-0.023301,0.713476,-0.699998,0.640332,0.194222,0.906705
236,0.983333,0.098779,0.258101,-0.658646,0.699866,0.770001,0.370790,0.065855,-0.179287,-0.107624,0.799406,-0.563226,0.480163,0.387855,0.070095,-0.026727,-0.030092,0.715215,-0.697745,0.639072,0.186481,0.911241
237,0.987500,0.106042,0.271239,-0.655251,0.697016,0.770926,0.369101,0.067742,-0.190944,-0.116897,0.797930,-0.559627,0.480178,0.386628,0.071651,-0.037373,-0.031478,0.716235,-0.696147,0.638610,0.178882,0.915133
238,0.991667,0.111531,0.282728,-0.653452,0.693272,0.771861,0.367219,0.070262,-0.202147,-0.127810,0.795584,-0.556639,0.479990,0.384981,0.073542,-0.029708,-0.034414,0.713219,-0.699465,0.639404,0.170745,0.924355
239,0.995833,0.120477,0.296650,-0.649719,0.689456,0.772926,0.365130,0.072364,-0.216349,-0.138042,0.792011,-0.553946,0.479672,0.383012,0.075503,-0.038202,-0.037027,0.714723,-0.697382,0.638832,0.164130,0.929424
240,1.000000,0.129660,0.311887,-0.645446,0.685065,0.773848,0.362676,0.074664,-0.237622,-0.148365,0.784956,-0.552601,0.478827,0.380227,0.077994,-0.036142,-0.033958,0.715100,-0.697261,0.638781,0.156783,0.936846
241,1.004167,0.139212,0.327132,-0.640083,0.681100,0.774928,0.359950,0.076997,-0.247749,-0.159064,0.781197,-0.550499,0.478234,0.377444,0.080630,-0.032768,-0.031625,0.715372,-0.697258,0.638734,0.149574,0.944571
242,1.008333,0.149172,0.343938,-0.633756,0.676615,0.775917,0.357017,0.079281,-0.262916,-0.165053,0.779107,-0.544633,0.477809,0.375004,0.083782,-0.031757,-0.030398,0.715424,-0.697306,0.638309,0.141974,0.951898
243,1.012500,0.155874,0.358440,-0.626224,0.674587,0.777392,0.353372,0.081801,-0.275523,-0.175055,0.775075,-0.541019,0.476429,0.372342,0.086113,-0.028194,-0.026894,0.715362,-0.697667,0.638286,0.134551,0.959883
244,1.016667,0.168856,0.374932,-0.619127,0.669026,0.778615,0.350337,0.084007,-0.292396,-0.183349,0.771624,-0.534308,0.475719,0.369456,0.088732,-0.025412,-0.023615,0.715480,-0.697772,0.638216,0.127247,0.967823
245,1.020833,0.183031,0.390705,-0.612161,0.662653,0.779874,0.347197,0.086327,-0.307397,-0.194063,0.767425,-0.528115,0.474834,0.365937,0.091511,-0.022482,-0.020612,0.715363,-0.698087,0.638163,0.120062,0.975713
246,1.025000,0.196238,0.405014,-0.606048,0.655866,0.781186,0.343726,0.089106,-0.320744,-0.206422,0.762758,-0.522220,0.473861,0.362462,0.094417,-0.019602,-0.017244,0.715342,-0.698287,0.638093,0.112949,0.983693
247,1.029167,0.207986,0.416683,-0.601765,0.648842,0.782414,0.339431,0.092492,-0.348125,-0.218108,0.755360,-0.510557,0.473407,0.359930,0.096291,-0.016525,-0.013919,0.715254,-0.698530,0.638062,0.105941,0.991710
248,1.033333,0.216051,0.428971,-0.597012,0.642559,0.783545,0.334680,0.096475,-0.361586,-0.225378,0.751431,-0.503798,0.472152,0.355640,0.099197,-0.014026,-0.011267,0.715216,-0.698672,0.638038,0.099003,0.999383
249,1.037500,0.224470,0.438793,-0.595069,0.634796,0.784514,0.330017,0.100371,-0.373277,-0.228428,0.749107,-0.497317,0.470817,0.351104,0.102153,-0.012859,-0.012075,0.714653,-0.699257,0.637941,0.091889,1.007337
250,1.041667,0.233239,0.448313,-0.593861,0.626054,0.785254,0.325027,0.104430,-0.382122,-0.233332,0.746167,-0.492722,0.469514,0.346098,0.105776,-0.008564,-0.009652,0.714131,-0.699894,0.638136,0.085363,1.015291
251,1.045833,0.243870,0.456557,-0.591980,0.617773,0.786298,0.319883,0.108565,-0.391757,-0.235715,0.743160,-0.488547,0.468640,0.341227,0.109386,-0.005316,-0.008186,0.713826,-0.700255,0.638303,0.078842,1.023075
252,1.050000,0.249117,0.458346,-0.586198,0.619865,0.787907,0.313903,0.113586,-0.392847,-0.254758,0.737784,-0.486255,0.467319,0.335869,0.115183,-0.002949,-0.005411,0.713021,-0.701116,0.638410,0.072577,1.031017
253,1.054167,0.256815,0.462930,-0.581697,0.617552,0.789133,0.308156,0.118168,-0.405278,-0.254765,0.735388,-0.479634,0.466991,0.330310,0.119174,-0.001069,-0.002601,0.712103,-0.702070,0.638594,0.066544,1.038809
254,1.058333,0.267891,0.469622,-0.577953,0.611277,0.790093,0.302455,0.122920,-0.417142,-0.263801,0.728756,-0.474675,0.466449,0.325409,0.122883,0.001499,-0.001734,0.711702,-0.702478,0.638726,0.060101,1.045951
255,1.062500,0.273406,0.476759,-0.573336,0.607648,0.790816,0.297341,0.126976,-0.426327,-0.276448,0.721221,-0.470810,0.465680,0.320484,0.126143,0.003214,-0.002251,0.711514,-0.702661,0.638773,0.053572,1.053000
256,1.066667,0.279318,0.479515,-0.572093,0.603951,0.790907,0.292365,0.129949,-0.434730,-0.288312,0.714082,-0.466876,0.464901,0.315612,0.129389,0.004521,-0.002317,0.711259,-0.702911,0.638875,0.047119,1.059775
257,1.070833,0.287254,0.486185,-0.566408,0.600242,0.791133,0.287429,0.133523,-0.443031,-0.292035,0.711403,-0.460809,0.464030,0.309443,0.132726,0.006282,-0.001280,0.711253,-0.702907,0.638907,0.040850,1.066337
258,1.075000,0.294735,0.493079,-0.556622,0.600146,0.791828,0.282011,0.137271,-0.451370,-0.298420,0.707762,-0.454185,0.463139,0.302875,0.136492,0.007652,-0.001401,0.711029,-0.703120,0.638916,0.034661,1.072772
259,1.079167,0.302405,0.497998,-0.547348,0.600799,0.792698,0.276453,0.141322,-0.457877,-0.298618,0.707220,-0.448348,0.462731,0.296995,0.139283,0.008592,-0.001271,0.710738,-0.703403,0.638898,0.028622,1.079118
260,1.083333,0.305689,0.501199,-0.535777,0.606875,0.793844,0.269669,0.145661,-0.466027,-0.298596,0.706353,-0.441278,0.462118,0.290201,0.142900,0.009856,-0.001375,0.710404,-0.703724,0.638922,0.022639,1.085323
261,1.087500,0.314313,0.503975,-0.528026,0.606964,0.794179,0.264310,0.149554,-0.467772,-0.300320,0.705706,-0.439290,0.461592,0.283532,0.146046,0.010824,-0.001041,0.710078,-0.704039,0.638948,0.016755,1.091300
262,1.091667,0.320261,0.504159,-0.520238,0.610417,0.794771,0.258084,0.154068,-0.467416,-0.305792,0.702786,-0.440575,0.461468,0.276568,0.149374,0.011488,-0.001226,0.709783,-0.704325,0.638827,0.010927,1.097059
263,1.095833,0.310745,0.507433,-0.507488,0.623221,0.794699,0.251045,0.158678,-0.462676,-0.298831,0.707874,-0.442205,0.461049,0.268449,0.152870,0.012434,-0.001319,0.709595,-0.704499,0.638838,0.005156,1.102605
264,1.100000,0.300514,0.508511,-0.499555,0.633682,0.794502,0.243110,0.163826,-0.455215,-0.293579,0.712304,-0.446333,0.460682,0.260028,0.156398,0.012709,-0.001768,0.709432,-0.704657,0.638790,-0.000609,1.107850
265,1.104167,0.296715,0.500350,-0.500420,0.641241,0.794124,0.235919,0.168017,-0.446695,-0.291256,0.715318,-0.451613,0.460378,0.251516,0.159827,0.013518,-0.001898,0.709283,-0.704792,0.638796,-0.006184,1.112946
266,1.108333,0.296780,0.501626,-0.494764,0.644594,0.794303,0.227579,0.173440,-0.437537,-0.285895,0.719802,-0.456850,0.460218,0.242606,0.163072,0.013973,-0.001987,0.709108,-0.704959,0.638789,-0.011744,1.117731
267,1.112500,0.295435,0.496224,-0.497723,0.647111,0.794001,0.220232,0.176939,-0.428482,-0.286728,0.721201,-0.462666,0.460094,0.233870,0.166217,0.014592,-0.002140,0.708828,-0.705227,0.638830,-0.017086,1.122479
268,1.116667,0.292292,0.483732,-0.507890,0.650089,0.793164,0.211904,0.179964,-0.419413,-0.283717,0.723890,-0.468595,0.460207,0.224558,0.169143,0.014932,-0.002107,0.708766,-0.705282,0.638749,-0.022508,1.126768
269,1.120833,0.286435,0.473486,-0.514820,0.654772,0.792435,0.203518,0.182920,-0.409258,-0.283097,0.725790,-0.474967,0.460306,0.215238,0.171814,0.015419,-0.002064,0.708683,-0.705355,0.638756,-0.027852,1.131001
270,1.125000,0.282401,0.455480,-0.527620,0.659094,0.792099,0.194563,0.184825,-0.399848,-0.279799,0.729513,-0.479214,0.460421,0.205678,0.174218,0.016215,-0.001917,0.708698,-0.705323,0.638699,-0.033074,1.134882
271,1.129167,0.279397,0.447696,-0.531445,0.662625,0.791135,0.186137,0.187455,-0.393033,-0.273698,0.734560,-0.480662,0.460596,0.196009,0.176455,0.016688,-0.001677,0.708628,-0.705383,0.638667,-0.038227,1.138614
272,1.133333,0.275357,0.440975,-0.533434,0.667209,0.790202,0.177466,0.190008,-0.387578,-0.271243,0.738166,-0.480958,0.460736,0.186486,0.178685,0.017324,-0.001379,0.708695,-0.705301,0.638575,-0.043357,1.142152
273,1.137500,0.272511,0.433532,-0.535550,0.671547,0.789256,0.168562,0.192414,-0.383839,-0.269891,0.741781,-0.479154,0.460843,0.176864,0.180794,0.017756,-0.001214,0.708725,-0.705260,0.638565,-0.048454,1.145408
274,1.141667,0.270235,0.426646,-0.537536,0.675279,0.788072,0.159843,0.194276,-0.381179,-0.261446,0.748201,-0.475966,0.461072,0.167004,0.182521,0.018025,-0.001190,0.708835,-0.705143,0.638453,-0.053402,1.148501
275,1.145833,0.266092,0.423057,-0.536972,0.679617,0.786857,0.150936,0.196044,-0.377234,-0.255174,0.753874,-0.473556,0.461460,0.157183,0.184139,0.018279,-0.000865,0.708853,-0.705118,0.638409,-0.058241,1.151300
276,1.150000,0.262938,0.422062,-0.535571,0.682562,0.785440,0.141921,0.197621,-0.372614,-0.245493,0.761102,-0.470761,0.461854,0.147033,0.185480,0.018658,-0.000760,0.708932,-0.705029,0.638390,-0.063015,1.153940
277,1.154167,0.256809,0.420721,-0.533912,0.687009,0.784079,0.132741,0.199053,-0.367248,-0.237697,0.767751,-0.468175,0.462230,0.136761,0.186849,0.018936,-0.000403,0.709001,-0.704954,0.638366,-0.067731,1.156360
278,1.158333,0.247964,0.420252,-0.530245,0.693355,0.782612,0.123284,0.200356,-0.362465,-0.229907,0.774297,-0.465001,0.462675,0.126619,0.187954,0.019087,-0.000150,0.708866,-0.705085,0.638368,-0.072312,1.158754
279,1.162500,0.239466,0.416349,-0.530787,0.698266,0.781313,0.113719,0.201121,-0.358214,-0.220075,0.781272,-0.461371,0.463173,0.116292,0.188795,0.019395,0.000077,0.709094,-0.704847,0.638304,-0.076887,1.160757
280,1.166667,0.231182,0.411814,-0.531036,0.703537,0.779761,0.104182,0.201530,-0.353434,-0.208619,0.788454,-0.458152,0.463645,0.105735,0.189705,0.019968,0.000930,0.709069,-0.704856,0.638345,-0.081363,1.162626
281,1.170833,0.221495,0.408855,-0.530009,0.709132,0.778125,0.094635,0.201906,-0.349601,-0.200662,0.794911,-0.453465,0.464492,0.095334,0.190712,0.020564,0.001477,0.709159,-0.704747,0.638370,-0.085780,1.164336
282,1.175000,0.206148,0.406016,-0.527442,0.717257,0.776874,0.084424,0.202412,-0.345683,-0.191436,0.800777,-0.450124,0.464846,0.084834,0.191440,0.016465,0.000283,0.709628,-0.704384,0.637827,-0.090841,1.165060
283,1.179167,0.194943,0.405054,-0.525037,0.722679,0.775344,0.074429,0.202790,-0.341276,-0.181123,0.806646,-0.447266,0.465345,0.074173,0.192049,0.016458,0.000665,0.709763,-0.704248,0.637821,-0.095188,1.166379
284,1.183333,0.188902,0.403933,-0.524456,0.725327,0.773745,0.064641,0.202670,-0.336993,-0.171869,0.812129,-0.444233,0.465794,0.063515,0.192546,0.016831,0.001103,0.709804,-0.704197,0.637883,-0.099463,1.167581
285,1.187500,0.179205,0.402767,-0.522842,0.729590,0.772270,0.054558,0.202584,-0.332192,-0.163200,0.816796,-0.442560,0.466199,0.052739,0.192851,0.017107,0.001850,0.709838,-0.704155,0.637862,-0.103665,1.168655
286,1.191667,0.169060,0.401418,-0.521505,0.733699,0.770809,0.044377,0.202303,-0.327108,-0.154895,0.820955,-0.441635,0.466519,0.041968,0.192947,0.018046,0.002241,0.709928,-0.704040,0.637918,-0.107763,1.169568
287,1.195833,0.157768,0.404894,-0.518503,0.736427,0.769159,0.034151,0.201823,-0.322532,-0.145827,0.824808,-0.440908,0.466920,0.031151,0.192982,0.019112,0.002913,0.709978,-0.703958,0.637966,-0.111827,1.170320
288,1.200000,0.147610,0.403856,-0.516998,0.740152,0.767758,0.023879,0.201248,-0.317934,-0.136707,0.828399,-0.440437,0.467202,0.020237,0.192864,0.020256,0.003782,0.710062,-0.703838,0.638014,-0.115861,1.170959
289,1.204167,0.136824,0.403380,-0.515885,0.743254,0.766449,0.013277,0.200707,-0.313272,-0.127500,0.831451,-0.440787,0.467540,0.009230,0.192662,0.021030,0.004448,0.710193,-0.703679,0.638099,-0.119816,1.171372
290,1.208333,0.126038,0.402308,-0.515274,0.746160,0.765171,0.002599,0.200054,-0.308859,-0.119148,0.834351,-0.440758,0.467779,-0.001656,0.192362,0.021696,0.005334,0.710277,-0.703567,0.638115,-0.123757,1.171655
291,1.212500,0.116707,0.400555,-0.515604,0.748390,0.763940,-0.008039,0.199264,-0.305214,-0.110132,0.836697,-0.441195,0.467901,-0.012691,0.191972,0.022823,0.006303,0.710407,-0.703393,0.638143,-0.127624,1.171811
292,1.216667,0.106262,0.397893,-0.515952,0.751121,0.762708,-0.018830,0.198269,-0.301973,-0.100747,0.839146,-0.441018,0.467973,-0.023800,0.191464,0.021866,0.007154,0.710799,-0.703019,0.637989,-0.131377,1.171623
293,1.220833,0.097444,0.396640,-0.516445,0.752640,0.761619,-0.029596,0.197286,-0.298118,-0.092134,0.840940,-0.442106,0.468063,-0.034932,0.190860,0.024122,0.005174,0.710929,-0.702831,0.638421,-0.135385,1.170829
294,1.225000,0.087116,0.394464,-0.516746,0.754839,0.760466,-0.040398,0.196109,-0.294387,-0.084630,0.842920,-0.442335,0.468249,-0.045960,0.190019,0.025275,0.006509,0.711158,-0.702547,0.638453,-0.139080,1.170600
295,1.229167,0.078114,0.391747,-0.517850,0.756482,0.759437,-0.051349,0.194917,-0.291188,-0.075953,0.844146,-0.443688,0.468361,-0.057166,0.189239,0.027213,0.007791,0.711172,-0.702448,0.638551,-0.142709,1.170049
296,1.233333,0.073071,0.388679,-0.520173,0.756974,0.758588,-0.062354,0.193824,-0.287854,-0.068581,0.845520,-0.444446,0.468533,-0.068306,0.188246,0.029122,0.008276,0.711088,-0.702451,0.638695,-0.146227,1.169294
297,1.237500,0.061675,0.386537,-0.520768,0.758674,0.757508,-0.073271,0.192164,-0.282637,-0.064782,0.846533,-0.446432,0.468793,-0.079392,0.186881,0.030837,0.008642,0.710999,-0.702463,0.638801,-0.149668,1.168509
298,1.241667,0.055655,0.382653,-0.523218,0.759422,0.756612,-0.084309,0.190473,-0.278304,-0.059255,0.847601,-0.447894,0.468988,-0.090555,0.185464,0.035089,0.009894,0.710701,-0.702549,0.639270,-0.152779,1.168061
299,1.245833,0.043398,0.384187,-0.522883,0.759678,0.755461,-0.095213,0.188520,-0.275121,-0.053017,0.848448,-0.449036,0.469164,-0.101817,0.184075,0.036317,0.011291,0.710764,-0.702402,0.639358,-0.156169,1.167003
300,1.250000,0.035867,0.382128,-0.524629,0.759906,0.754662,-0.106227,0.186665,-0.272100,-0.046305,0.848898,-0.450765,0.469277,-0.113215,0.182656,0.037604,0.012348,0.710548,-0.702534,0.639494,-0.159527,1.165752
301,1.254167,0.029072,0.379050,-0.527119,0.760015,0.753824,-0.117313,0.184627,-0.269728,-0.040850,0.849234,-0.452083,0.469394,-0.124507,0.180981,0.037677,0.013068,0.710510,-0.702556,0.639473,-0.162897,1.164382
302,1.258333,0.021458,0.376791,-0.529437,0.759780,0.753065,-0.128537,0.182575,-0.267117,-0.035647,0.849412,-0.453736,0.469513,-0.135856,0.179183,0.036178,0.014367,0.711299,-0.701811,0.639010,-0.166425,1.162918
303,1.262500,0.015324,0.374847,-0.532253,0.758922,0.752435,-0.139759,0.180462,-0.264274,-0.030434,0.849364,-0.455866,0.469645,-0.147232,0.177191,0.036679,0.015011,0.710909,-0.702166,0.639163,-0.169664,1.161196
304,1.266667,0.009200,0.372978,-0.535177,0.757884,0.751831,-0.150968,0.178214,-0.261934,-0.025727,0.849030,-0.458123,0.469816,-0.158637,0.175171,0.037180,0.016036,0.710704,-0.702325,0.639172,-0.172870,1.159302
305,1.270833,0.003753,0.371072,-0.538215,0.756715,0.751288,-0.162186,0.175869,-0.259791,-0.020905,0.848629,-0.460326,0.469990,-0.170076,0.173034,0.037785,0.016600,0.710340,-0.702647,0.639301,-0.176042,1.157184
306,1.275000,-0.002453,0.368897,-0.540971,0.755817,0.750728,-0.173487,0.173439,-0.257174,-0.016861,0.847873,-0.463345,0.470167,-0.181539,0.170724,0.039116,0.017435,0.710006,-0.702892,0.639464,-0.179216,1.154971
307,1.279167,-0.007663,0.366248,-0.544062,0.754851,0.750224,-0.184685,0.170910,-0.254959,-0.012694,0.846804,-0.466644,0.470349,-0.193069,0.168313,0.039875,0.018399,0.709677,-0.703157,0.639554,-0.182358,1.152543
308,1.283333,-0.013456,0.364302,-0.546883,0.753672,0.749642,-0.195965,0.168192,-0.253343,-0.008333,0.845924,-0.469212,0.470631,-0.204502,0.165798,0.040342,0.019101,0.709285,-0.703507,0.639638,-0.185464,1.149896
309,1.287500,-0.018802,0.362268,-0.549246,0.752820,0.749223,-0.207145,0.165438,-0.251985,-0.004683,0.844459,-0.472620,0.470904,-0.215974,0.163122,0.040627,0.020020,0.709019,-0.703733,0.639709,-0.188578,1.147087
310,1.291667,-0.023547,0.360167,-0.551840,0.751796,0.748878,-0.218367,0.162622,-0.251057,-0.000702,0.842711,-0.476244,0.471220,-0.227475,0.160394,0.040995,0.020716,0.708719,-0.703994,0.639747,-0.191699,1.144138
311,1.295833,-0.028120,0.358070,-0.554616,0.750597,0.748435,-0.229505,0.159637,-0.250065,0.002744,0.840472,-0.480695,0.471593,-0.238929,0.157515,0.041308,0.021270,0.708287,-0.704394,0.639839,-0.194762,1.140976
312,1.300000,-0.032065,0.355144,-0.556933,0.750114,0.748088,-0.240580,0.156545,-0.249672,0.006651,0.837893,-0.485340,0.472019,-0.250419,0.154416,0.041404,0.022230,0.708036,-0.704611,0.639797,-0.197836,1.137666
313,1.304167,-0.036361,0.353205,-0.559775,0.748716,0.747650,-0.251693,0.153351,-0.249668,0.007103,0.834587,-0.490999,0.472504,-0.261746,0.151059,0.041433,0.022295,0.707810,-0.704835,0.639824,-0.200931,1.134059
314,1.308333,-0.038815,0.349734,-0.563051,0.747766,0.747021,-0.263264,0.149842,-0.250455,0.007274,0.831043,-0.496576,0.473134,-0.273053,0.147637,0.041494,0.022915,0.707545,-0.705077,0.639839,-0.203968,1.130461
315,1.312500,-0.041467,0.347737,-0.566016,0.746315,0.746694,-0.274308,0.146470,-0.251558,0.013980,0.828908,-0.499434,0.474208,-0.284364,0.143763,0.041455,0.022887,0.707377,-0.705248,0.639915,-0.207052,1.126512
316,1.316667,-0.044507,0.343295,-0.568834,0.746053,0.745736,-0.285254,0.142573,-0.253049,0.014961,0.825117,-0.504901,0.475142,-0.295598,0.139990,0.041569,0.023395,0.706984,-0.705619,0.640003,-0.210020,1.122516
317,1.320833,-0.048611,0.342526,-0.571591,0.744041,0.745828,-0.296334,0.139319,-0.254837,0.014949,0.820778,-0.511037,0.476128,-0.306746,0.136029,0.041352,0.023628,0.706802,-0.705806,0.640077,-0.213048,1.118307
318,1.325000,-0.050602,0.338388,-0.574723,0.743389,0.745074,-0.307157,0.135289,-0.257415,0.016445,0.816109,-0.517140,0.477199,-0.317839,0.131877,0.040960,0.023641,0.706754,-0.705877,0.640037,-0.216077,1.113872
319,1.329167,-0.053368,0.336693,-0.578134,0.741317,0.745109,-0.318005,0.131725,-0.261044,0.016457,0.810595,-0.523948,0.478301,-0.328864,0.127614,0.036501,0.023033,0.706777,-0.706119,0.639730,-0.219453,1.108532
320,1.333333,-0.054858,0.333775,-0.582168,0.739368,0.744755,-0.328713,0.127748,-0.264851,0.016180,0.805046,-0.530559,0.479546,-0.339698,0.123226,0.035894,0.022786,0.706749,-0.706186,0.639698,-0.222558,1.103668
321,1.337500,-0.056593,0.329518,-0.585746,0.738320,0.743885,-0.339205,0.123312,-0.269176,0.016773,0.798950,-0.537533,0.480719,-0.350352,0.118672,0.035064,0.023031,0.706693,-0.706276,0.639618,-0.225605,1.098744
322,1.341667,-0.056539,0.328351,-0.590129,0.735348,0.744041,-0.349818,0.119374,-0.273469,0.014975,0.791748,-0.546009,0.482020,-0.360909,0.113819,0.034405,0.022841,0.706602,-0.706405,0.639562,-0.228611,1.093607
323,1.345833,-0.055179,0.325509,-0.595022,0.732768,0.743700,-0.360133,0.115008,-0.277626,0.013004,0.785191,-0.553380,0.483491,-0.371261,0.109009,0.034083,0.022328,0.706712,-0.706328,0.639559,-0.231586,1.088259
324,1.350000,-0.053280,0.322484,-0.600228,0.729994,0.743415,-0.370315,0.110450,-0.282591,0.010629,0.777594,-0.561585,0.484834,-0.381373,0.104061,0.033909,0.021996,0.706635,-0.706423,0.639493,-0.234539,1.082781
325,1.354167,-0.050917,0.320282,-0.605621,0.726670,0.743150,-0.380302,0.105686,-0.287280,0.006247,0.770263,-0.569321,0.486302,-0.391270,0.098937,0.034338,0.021388,0.706653,-0.706403,0.639533,-0.237448,1.077078
326,1.358333,-0.047574,0.317643,-0.611474,0.723145,0.742934,-0.390022,0.100847,-0.292373,0.002094,0.762275,-0.577452,0.487560,-0.400824,0.093600,0.034993,0.020452,0.706657,-0.706394,0.639512,-0.240390,1.071116
327,1.362500,-0.044662,0.313643,-0.617458,0.719985,0.742606,-0.399609,0.095654,-0.296532,-0.002692,0.754304,-0.585736,0.488844,-0.409930,0.088055,0.035332,0.019622,0.706613,-0.706445,0.639497,-0.243383,1.064948
328,1.366667,-0.038298,0.312349,-0.624480,0.714840,0.742615,-0.408879,0.090636,-0.300493,-0.007188,0.746648,-0.593438,0.489954,-0.418770,0.082341,0.035475,0.019132,0.706555,-0.706509,0.639497,-0.246500,1.058573
329,1.370833,-0.034211,0.308991,-0.630612,0.711114,0.742558,-0.417908,0.085122,-0.296729,-0.009900,0.745729,-0.596442,0.489670,-0.427525,0.077127,0.035432,0.018747,0.706481,-0.706596,0.639413,-0.249684,1.052082
330,1.375000,-0.027776,0.305970,-0.637057,0.706944,0.742563,-0.426603,0.079614,-0.293164,-0.009864,0.739390,-0.606020,0.489735,-0.435807,0.071151,0.035229,0.018687,0.706291,-0.706797,0.639297,-0.252896,1.045618
331,1.379167,-0.021242,0.304668,-0.642676,0.702633,0.742734,-0.434960,0.074202,-0.293722,-0.005820,0.732855,-0.613691,0.491091,-0.443591,0.065963,0.034135,0.018783,0.706096,-0.707043,0.639056,-0.256193,1.038804
332,1.383333,-0.014126,0.300874,-0.648733,0.698871,0.743064,-0.442981,0.068400,-0.287616,-0.005569,0.729102,-0.621013,0.491887,-0.450509,0.061067,0.033554,0.019689,0.705964,-0.707178,0.638831,-0.259566,1.031941
333,1.387500,-0.007340,0.296069,-0.653366,0.696708,0.743675,-0.450674,0.062556,-0.271370,0.004784,0.729939,-0.627315,0.491695,-0.457144,0.057222,0.033119,0.020710,0.705845,-0.707289,0.638525,-0.262936,1.025003
334,1.391667,0.004566,0.291038,-0.659677,0.692894,0.743771,-0.457302,0.056624,-0.239089,0.012978,0.733751,-0.635828,0.490299,-0.463161,0.054521,0.032633,0.020777,0.705775,-0.707379,0.638272,-0.266357,1.017787
335,1.395833,-0.005209,0.275023,-0.662240,0.696975,0.744515,-0.464289,0.050986,-0.202810,0.007964,0.734095,-0.648004,0.488833,-0.468036,0.052051,0.032142,0.018807,0.705761,-0.707471,0.637942,-0.269740,1.010153
336,1.400000,-0.009082,0.250428,-0.670753,0.698065,0.746044,-0.471219,0.046726,-0.174895,0.020195,0.739351,-0.649895,0.487811,-0.472356,0.050376,0.031780,0.018540,0.705577,-0.707677,0.637621,-0.273150,1.002583
337,1.404167,-0.021401,0.211925,-0.685336,0.696379,0.746827,-0.477607,0.045301,-0.157210,0.017578,0.740416,-0.653269,0.486202,-0.476053,0.045823,0.031655,0.018066,0.705499,-0.707773,0.637298,-0.276590,0.994819
338,1.408333,-0.026976,0.176904,-0.693476,0.697903,0.748194,-0.482712,0.042988,-0.139614,0.012265,0.740741,-0.657008,0.484790,-0.479023,0.041425,0.031697,0.018255,0.705427,-0.707838,0.636947,-0.280015,0.986981
339,1.412500,-0.028093,0.158527,-0.696824,0.698940,0.749408,-0.486851,0.039742,-0.122218,0.007074,0.741169,-0.660062,0.484520,-0.480753,0.038286,0.031615,0.018418,0.705087,-0.708176,0.636569,-0.283440,0.978931
340,1.416667,-0.024524,0.148223,-0.695976,0.702172,0.750559,-0.489569,0.036646,-0.110035,0.009789,0.743540,-0.659503,0.484797,-0.481427,0.035902,0.031392,0.018442,0.704785,-0.708486,0.636211,-0.286754,0.970672
341,1.420833,-0.019370,0.136544,-0.697178,0.703508,0.751129,-0.491347,0.033836,-0.096618,0.016523,0.743760,-0.661221,0.484928,-0.481130,0.033372,0.030844,0.019357,0.704345,-0.708923,0.635804,-0.290061,0.962349
342,1.425000,-0.016018,0.120355,-0.700362,0.703386,0.751273,-0.492264,0.031841,-0.084295,0.022001,0.745483,-0.660806,0.485902,-0.480135,0.031246,0.030988,0.019986,0.703835,-0.709406,0.635410,-0.293319,0.953805
343,1.429167,-0.012825,0.103070,-0.704643,0.701919,0.750851,-0.491187,0.029486,-0.070225,0.024779,0.744560,-0.663389,0.486774,-0.478855,0.029352,0.031796,0.021701,0.703162,-0.709987,0.635124,-0.296565,0.945048
344,1.433333,-0.024708,0.092539,-0.711946,0.695672,0.749108,-0.489825,0.028525,-0.053682,0.022619,0.744646,-0.664913,0.487771,-0.477658,0.027454,0.031640,0.023283,0.702362,-0.710735,0.634764,-0.299771,0.936313
345,1.437500,-0.034978,0.086903,-0.712062,0.695839,0.748123,-0.488715,0.027210,-0.039743,0.023869,0.744533,-0.665974,0.488507,-0.476821,0.025647,0.030473,0.026068,0.701240,-0.711796,0.634348,-0.302957,0.927583
346,1.441667,-0.035976,0.080971,-0.709565,0.699047,0.747774,-0.487874,0.026292,-0.028088,0.024128,0.744956,-0.666085,0.488471,-0.476135,0.023806,0.029017,0.029555,0.699889,-0.713050,0.634042,-0.306054,0.918768
347,1.445833,-0.032842,0.073065,-0.707618,0.702040,0.747712,-0.487235,0.025343,-0.017705,0.016324,0.746488,-0.664963,0.488796,-0.475768,0.022309,0.029016,0.032102,0.699124,-0.713690,0.633786,-0.309291,0.909787
348,1.450000,-0.030084,0.064553,-0.707210,0.703408,0.747638,-0.487019,0.023992,-0.015508,0.013575,0.747341,-0.664121,0.489570,-0.475674,0.021568,0.032381,0.031805,0.697649,-0.715001,0.633633,-0.312970,0.900938
349,1.454167,-0.028890,0.056384,-0.708161,0.703203,0.747262,-0.487092,0.022805,-0.009483,0.002076,0.747931,-0.663705,0.491058,-0.476090,0.022095,0.033949,0.032889,0.696328,-0.716166,0.633306,-0.316326,0.892173
350,1.458333,-0.026067,0.049173,-0.709232,0.702775,0.747093,-0.487049,0.021924,-0.005529,-0.009311,0.750123,-0.661210,0.492512,-0.476818,0.022977,0.036122,0.035680,0.694828,-0.717382,0.633061,-0.319547,0.883178
351,1.462500,-0.020849,0.047393,-0.709040,0.703265,0.746795,-0.486603,0.021466,-0.007042,-0.011836,0.752924,-0.657964,0.492652,-0.477652,0.023463,0.039371,0.035365,0.693145,-0.718853,0.632663,-0.322642,0.874762
352,1.466667,-0.015296,0.044927,-0.707707,0.704910,0.746375,-0.486761,0.021521,-0.010934,-0.012038,0.755480,-0.654970,0.492280,-0.478887,0.023407,0.041663,0.042971,0.693517,-0.717950,0.632918,-0.324350,0.867260
353,1.470833,-0.006955,0.042568,-0.705950,0.706948,0.746179,-0.487135,0.021835,-0.012003,-0.019509,0.758734,-0.650998,0.491899,-0.480362,0.022777,0.039793,0.051981,0.693919,-0.717071,0.632507,-0.326027,0.858292
354,1.475000,0.001264,0.041754,-0.704157,0.708814,0.745965,-0.487830,0.022071,-0.010911,-0.025469,0.761123,-0.648015,0.492169,-0.481513,0.022762,0.050937,0.036797,0.688589,-0.722424,0.632326,-0.329847,0.853393
355,1.479167,0.006700,0.043219,-0.701906,0.710926,0.745644,-0.488586,0.022328,-0.011400,-0.026343,0.761060,-0.648046,0.492461,-0.482253,0.023254,0.046405,0.028201,0.687468,-0.724182,0.632287,-0.332449,0.849776
356,1.483333,0.007360,0.045143,-0.700540,0.712146,0.745087,-0.489562,0.022620,-0.012100,-0.025636,0.761576,-0.647456,0.492731,-0.482659,0.023821,0.070893,0.048693,0.682628,-0.725687,0.633535,-0.336064,0.851397
357,1.487500,0.005173,0.046679,-0.699116,0.713465,0.744398,-0.490816,0.022857,-0.015895,-0.026248,0.763250,-0.645375,0.492678,-0.483171,0.023969,0.069553,0.062071,0.681388,-0.725961,0.632985,-0.338254,0.847460
358,1.491667,0.005022,0.046561,-0.696523,0.716004,0.743774,-0.492080,0.022944,-0.019276,-0.027637,0.766105,-0.641832,0.492684,-0.484029,0.024233,0.071224,0.067623,0.680624,-0.726020,0.632969,-0.341207,0.844586
359,1.495833,0.005599,0.047152,-0.693647,0.718748,0.743178,-0.493308,0.023040,-0.015943,-0.035759,0.767902,-0.639369,0.492760,-0.484829,0.023764,0.071004,0.071223,0.680947,-0.725395,0.632394,-0.344083,0.842147
360,1.500000,0.008719,0.047802,-0.690356,0.721836,0.742737,-0.494422,0.023196,-0.011681,-0.041513,0.769191,-0.637563,0.492949,-0.485870,0.023612,0.074858,0.067546,0.678999,-0.727182,0.632778,-0.347272,0.839677
361,1.504167,0.012137,0.048464,-0.687359,0.724597,0.742334,-0.495453,0.023528,-0.009079,-0.043545,0.771192,-0.635046,0.493195,-0.487040,0.023525,0.078337,0.067114,0.677556,-0.728201,0.632631,-0.349859,0.836617
362,1.508333,0.016415,0.048740,-0.684571,0.727130,0.741889,-0.496468,0.023862,-0.005771,-0.048271,0.773319,-0.632150,0.493595,-0.488123,0.023161,0.078630,0.062131,0.678127,-0.728080,0.632267,-0.352616,0.830817
363,1.512500,0.018086,0.049129,-0.682545,0.728966,0.741503,-0.497481,0.024094,-0.003275,-0.053029,0.774998,-0.629726,0.494006,-0.489043,0.022880,0.080477,0.047481,0.679488,-0.727712,0.631958,-0.355457,0.824933
364,1.516667,0.018675,0.049862,-0.680614,0.730705,0.741106,-0.498510,0.024348,-0.001301,-0.055506,0.776710,-0.627407,0.494597,-0.489769,0.022929,0.083570,0.056844,0.676418,-0.729550,0.632487,-0.357775,0.827568
365,1.520833,0.017039,0.050451,-0.678829,0.732363,0.740796,-0.499456,0.024490,-0.000211,-0.059044,0.778373,-0.625019,0.495119,-0.490301,0.022827,0.094357,0.083484,0.675858,-0.726184,0.632315,-0.359392,0.829995
366,1.525000,0.018344,0.050049,-0.677181,0.733883,0.740599,-0.500543,0.024620,0.000357,-0.059668,0.780309,-0.622541,0.495690,-0.490601,0.022931,0.100204,0.092479,0.675185,-0.724936,0.632447,-0.361645,0.829427
367,1.529167,0.019570,0.048666,-0.674773,0.736159,0.740424,-0.501813,0.024435,0.002169,-0.061386,0.781484,-0.620894,0.496184,-0.491028,0.022954,0.084974,0.061958,0.677454,-0.728008,0.631632,-0.364798,0.820288
368,1.533333,0.020939,0.046815,-0.672546,0.738276,0.740311,-0.503135,0.024195,0.002277,-0.062926,0.782569,-0.619371,0.496474,-0.491504,0.022915,0.076762,0.065294,0.678250,-0.727888,0.631270,-0.367190,0.818845
369,1.537500,0.020871,0.044066,-0.670066,0.740698,0.740261,-0.504544,0.023698,0.001901,-0.062895,0.783628,-0.618036,0.496595,-0.491820,0.022987,0.081539,0.070181,0.678840,-0.726362,0.630986,-0.369442,0.817716
370,1.541667,0.019324,0.040714,-0.667882,0.742901,0.740344,-0.506101,0.023042,0.001362,-0.059964,0.784470,-0.617260,0.496740,-0.491953,0.023254,0.085087,0.070035,0.678309,-0.726466,0.631071,-0.371765,0.816850
371,1.545833,0.017345,0.036387,-0.666078,0.744792,0.740527,-0.507742,0.022228,0.003284,-0.062837,0.784320,-0.617157,0.496775,-0.492023,0.023023,0.088367,0.072887,0.678297,-0.725804,0.631058,-0.373901,0.816261
372,1.550000,0.016292,0.031384,-0.663801,0.747073,0.740711,-0.509126,0.021388,0.004332,-0.062954,0.784244,-0.617235,0.496811,-0.491953,0.022966,0.090810,0.075606,0.678396,-0.725132,0.631008,-0.375914,0.815846
373,1.554167,0.015422,0.026591,-0.661933,0.748932,0.740960,-0.509956,0.020462,0.004394,-0.060684,0.784132,-0.617604,0.496712,-0.491831,0.023051,0.091967,0.077242,0.678738,-0.724493,0.630958,-0.377948,0.815361
374,1.558333,0.014631,0.023279,-0.661020,0.749864,0.741166,-0.510490,0.019737,0.003753,-0.060308,0.783553,-0.618379,0.496502,-0.491762,0.022902,0.092704,0.077502,0.679045,-0.724083,0.630754,-0.379947,0.814733
375,1.562500,0.016967,0.020387,-0.660285,0.750546,0.741008,-0.510345,0.019347,0.002795,-0.057043,0.783310,-0.619003,0.496247,-0.491621,0.022894,0.092524,0.077474,0.679417,-0.723761,0.630545,-0.381875,0.814327
376,1.566667,0.019390,0.019655,-0.660584,0.750245,0.740844,-0.509660,0.019530,0.002641,-0.054881,0.782728,-0.619934,0.496137,-0.491480,0.022826,0.091432,0.078434,0.680040,-0.723211,0.630420,-0.383637,0.814210
377,1.570833,0.021286,0.018903,-0.661130,0.749731,0.740751,-0.509013,0.019767,0.003877,-0.055109,0.782459,-0.620247,0.495890,-0.491378,0.022508,0.090440,0.078134,0.680614,-0.722828,0.630280,-0.385441,0.814087
378,1.575000,0.021073,0.018354,-0.661393,0.749519,0.740872,-0.508666,0.019887,0.004325,-0.054430,0.782194,-0.620638,0.495789,-0.491267,0.022366,0.090402,0.078666,0.681264,-0.722162,0.630022,-0.387164,0.814414
379,1.579167,0.019016,0.018509,-0.661633,0.749359,0.741128,-0.508650,0.019843,0.004989,-0.054048,0.781907,-0.621027,0.495738,-0.491176,0.022270,0.086324,0.076476,0.682104,-0.722104,0.629975,-0.388843,0.814002
380,1.583333,0.017060,0.019360,-0.662116,0.748957,0.741406,-0.508819,0.019716,0.005468,-0.053937,0.781774,-0.621200,0.495730,-0.491131,0.022237,0.083965,0.074376,0.682888,-0.721860,0.629816,-0.390519,0.813845
381,1.587500,0.015556,0.020547,-0.662552,0.748573,0.741602,-0.508860,0.019564,0.005437,-0.053681,0.781728,-0.621281,0.495748,-0.491108,0.022261,0.082762,0.073239,0.683527,-0.721511,0.629694,-0.392120,0.814158
382,1.591667,0.013872,0.021399,-0.662908,0.748266,0.741741,-0.508928,0.019502,0.005203,-0.053439,0.781728,-0.621304,0.495771,-0.491095,0.022261,0.081471,0.072023,0.684182,-0.721159,0.629626,-0.393655,0.814645
383,1.595833,0.013827,0.021469,-0.663197,0.748009,0.741709,-0.508807,0.019582,0.005166,-0.053519,0.781786,-0.621225,0.495790,-0.491064,0.022238,0.083559,0.071980,0.684687,-0.720445,0.629346,-0.395208,0.815685
384,1.600000,0.013695,0.021355,-0.663158,0.748050,0.741598,-0.508646,0.019714,0.005510,-0.053437,0.781874,-0.621118,0.495816,-0.491024,0.022238,0.083408,0.071427,0.685069,-0.720154,0.629276,-0.396696,0.816627
385,1.604167,0.012964,0.021200,-0.662819,0.748367,0.741531,-0.508542,0.019787,0.005895,-0.053208,0.781978,-0.621003,0.495820,-0.490982,0.022219,0.081131,0.070238,0.686147,-0.719505,0.629082,-0.398015,0.817197
386,1.608333,0.012177,0.021191,-0.662514,0.748651,0.741545,-0.508498,0.019780,0.006107,-0.052865,0.782052,-0.620937,0.495811,-0.490924,0.022208,0.080799,0.069169,0.685785,-0.719990,0.629347,-0.399430,0.818432
387,1.612500,0.011385,0.021471,-0.662576,0.748601,0.741609,-0.508534,0.019760,0.005863,-0.052139,0.782069,-0.620979,0.495780,-0.490858,0.022233,0.081878,0.068674,0.686754,-0.718992,0.628925,-0.400795,0.819719
388,1.616667,0.010780,0.021889,-0.662768,0.748427,0.741659,-0.508597,0.019740,0.005415,-0.051226,0.782101,-0.621019,0.495710,-0.490781,0.022269,0.081992,0.070163,0.687171,-0.718436,0.628883,-0.401927,0.821949
389,1.620833,0.010397,0.022119,-0.662827,0.748373,0.741663,-0.508679,0.019712,0.005024,-0.050290,0.782105,-0.621094,0.495649,-0.490708,0.022296,0.081271,0.068336,0.687275,-0.718595,0.628882,-0.403337,0.823064
390,1.625000,0.010455,0.021891,-0.662557,0.748619,0.741606,-0.508651,0.019740,0.004685,-0.050072,0.782093,-0.621130,0.495601,-0.490681,0.022230,0.077484,0.067372,0.687861,-0.718544,0.628780,-0.404539,0.824135
391,1.629167,0.010614,0.021555,-0.662102,0.749029,0.741554,-0.508552,0.019782,0.004669,-0.049670,0.782195,-0.621033,0.495551,-0.490646,0.022220,0.079695,0.066533,0.687240,-0.718974,0.628885,-0.405912,0.826079
392,1.633333,0.010385,0.021525,-0.661813,0.749288,0.741578,-0.508424,0.019813,0.004380,-0.048824,0.782327,-0.620936,0.495499,-0.490584,0.022256,0.076017,0.066306,0.687692,-0.718961,0.628800,-0.407081,0.827594
393,1.637500,0.009868,0.021657,-0.661756,0.749341,0.741685,-0.508333,0.019825,0.004311,-0.048400,0.782416,-0.620857,0.495468,-0.490537,0.022264,0.078944,0.067116,0.686941,-0.719288,0.628962,-0.408273,0.830179
394,1.641667,0.009265,0.021846,-0.661823,0.749284,0.741780,-0.508272,0.019830,0.004157,-0.047927,0.782540,-0.620739,0.495437,-0.490482,0.022278,0.081317,0.068234,0.686151,-0.719673,0.629008,-0.409554,0.832924
395,1.645833,0.007133,0.022326,-0.661924,0.749205,0.741823,-0.508265,0.019744,0.003932,-0.047421,0.782685,-0.620597,0.495398,-0.490428,0.022275,0.079546,0.068641,0.686372,-0.719621,0.628904,-0.410554,0.834899
396,1.650000,0.005387,0.022662,-0.661821,0.749300,0.741833,-0.508263,0.019698,0.003803,-0.046855,0.782833,-0.620454,0.495339,-0.490371,0.022301,0.078553,0.066702,0.686022,-0.720246,0.628963,-0.411835,0.836410
397,1.654167,0.005391,0.022703,-0.661531,0.749555,0.741866,-0.508252,0.019789,0.003551,-0.046090,0.783027,-0.620268,0.495285,-0.490323,0.022341,0.082099,0.069363,0.685321,-0.720266,0.628940,-0.412906,0.839854
398,1.658333,0.006287,0.022715,-0.661242,0.749802,0.741918,-0.508186,0.019916,0.003452,-0.045623,0.783181,-0.620108,0.495256,-0.490266,0.022355,0.081702,0.070296,0.685061,-0.720469,0.628860,-0.413929,0.842537
399,1.662500,0.006149,0.022980,-0.661120,0.749903,0.741996,-0.508102,0.019983,0.003437,-0.045168,0.783304,-0.619986,0.495223,-0.490208,0.022376,0.078593,0.068607,0.684843,-0.721184,0.628919,-0.414966,0.844417
400,1.666667,0.003937,0.023550,-0.661095,0.749922,0.742081,-0.508048,0.019941,0.003245,-0.044574,0.783468,-0.619823,0.495189,-0.490156,0.022399,0.079783,0.068812,0.684374,-0.721479,0.628859,-0.416009,0.847025
401,1.670833,0.001583,0.024024,-0.661112,0.749901,0.742144,-0.508027,0.019888,0.002870,-0.043692,0.783679,-0.619620,0.495130,-0.490096,0.022444,0.081670,0.069531,0.684008,-0.721546,0.628733,-0.417061,0.849907
402,1.675000,0.000282,0.024324,-0.661151,0.749859,0.742178,-0.508007,0.019891,0.002494,-0.042744,0.783923,-0.619380,0.495064,-0.490038,0.022498,0.079377,0.067873,0.683907,-0.722056,0.628670,-0.418114,0.851962
403,1.679167,-0.000288,0.024520,-0.661027,0.749962,0.742223,-0.507968,0.019935,0.002320,-0.041930,0.784113,-0.619196,0.495005,-0.489977,0.022537,0.078566,0.067541,0.683536,-0.722526,0.628641,-0.419117,0.854472
404,1.683333,-0.000483,0.024800,-0.660832,0.750124,0.742278,-0.507878,0.020025,0.002151,-0.041071,0.784290,-0.619029,0.494952,-0.489922,0.022582,0.078866,0.067249,0.683219,-0.722821,0.628549,-0.420117,0.857195
405,1.687500,-0.000969,0.025055,-0.660704,0.750228,0.742354,-0.507806,0.020089,0.001963,-0.040590,0.784441,-0.618870,0.494910,-0.489873,0.022599,0.078297,0.066225,0.683084,-0.723104,0.628448,-0.421164,0.859660
406,1.691667,-0.001888,0.025280,-0.660631,0.750283,0.742417,-0.507739,0.020111,0.001908,-0.039641,0.784556,-0.618787,0.494881,-0.489786,0.022675,0.079222,0.065768,0.682677,-0.723430,0.628393,-0.422169,0.862409
407,1.695833,-0.003433,0.025576,-0.660597,0.750297,0.742500,-0.507721,0.020131,0.001436,-0.038833,0.784826,-0.618497,0.494788,-0.489689,0.022697,0.079293,0.065551,0.682436,-0.723669,0.628331,-0.423151,0.865031
408,1.700000,-0.004509,0.025728,-0.660624,0.750263,0.742543,-0.507683,0.020162,0.001269,-0.038009,0.784990,-0.618339,0.494723,-0.489623,0.022748,0.078685,0.066282,0.682132,-0.723956,0.628219,-0.424028,0.867956
409,1.704167,-0.005105,0.025999,-0.660649,0.750227,0.742586,-0.507622,0.020207,0.000989,-0.037082,0.785225,-0.618098,0.494649,-0.489565,0.022785,0.077348,0.066501,0.681977,-0.724225,0.628097,-0.424934,0.870731
410,1.708333,-0.005637,0.026243,-0.660557,0.750296,0.742645,-0.507542,0.020280,0.000678,-0.036488,0.785528,-0.617749,0.494539,-0.489480,0.022767,0.077689,0.066365,0.681637,-0.724521,0.628029,-0.425855,0.873563
411,1.712500,-0.006029,0.026396,-0.660374,0.750449,0.742701,-0.507446,0.020350,0.000329,-0.035486,0.785835,-0.617418,0.494406,-0.489417,0.022806,0.077189,0.065636,0.681365,-0.724897,0.627928,-0.426748,0.876242
412,1.716667,-0.006659,0.026547,-0.660205,0.750587,0.742753,-0.507358,0.020402,0.000084,-0.034436,0.786046,-0.617208,0.494299,-0.489324,0.022854,0.077138,0.065092,0.681054,-0.725243,0.627814,-0.427626,0.879052
413,1.720833,-0.007570,0.026697,-0.660135,0.750634,0.742808,-0.507303,0.020418,-0.000225,-0.033483,0.786256,-0.616993,0.494195,-0.489225,0.022880,0.076987,0.064017,0.680782,-0.725610,0.627679,-0.428524,0.881629
414,1.725000,-0.008441,0.026800,-0.660173,0.750588,0.742851,-0.507255,0.020438,-0.000190,-0.033216,0.786426,-0.616791,0.494063,-0.489148,0.022872,0.077312,0.063057,0.680507,-0.725918,0.627614,-0.429465,0.884268
415,1.729167,-0.009168,0.026966,-0.660257,0.750500,0.742888,-0.507188,0.020474,-0.000511,-0.032305,0.786633,-0.616575,0.493958,-0.489044,0.022891,0.077562,0.061396,0.680226,-0.726297,0.627486,-0.430337,0.886952
416,1.733333,-0.009531,0.027127,-0.660292,0.750458,0.742922,-0.507161,0.020513,-0.000909,-0.031250,0.786851,-0.616350,0.493836,-0.488920,0.022922,0.078380,0.060011,0.679887,-0.726642,0.627391,-0.431207,0.889629
417,1.737500,-0.009608,0.027180,-0.660248,0.750494,0.742937,-0.507105,0.020573,-0.001297,-0.030275,0.787017,-0.616186,0.493747,-0.488802,0.022947,0.077819,0.058632,0.679545,-0.727135,0.627287,-0.431998,0.892249
418,1.741667,-0.009149,0.027060,-0.660347,0.750417,0.742969,-0.507118,0.020659,-0.001574,-0.029323,0.787101,-0.616125,0.493677,-0.488683,0.022989,0.077308,0.057199,0.679240,-0.727588,0.627190,-0.432871,0.894680
419,1.745833,-0.009035,0.027140,-0.660545,0.750242,0.742978,-0.507159,0.020711,-0.001523,-0.028637,0.787132,-0.616118,0.493622,-0.488571,0.023028,0.077948,0.056442,0.678913,-0.727884,0.627101,-0.433720,0.897111
420,1.750000,-0.010227,0.027227,-0.660559,0.750211,0.742966,-0.507093,0.020672,-0.001450,-0.027561,0.787115,-0.616188,0.493605,-0.488464,0.023101,0.078668,0.055294,0.678579,-0.728206,0.627030,-0.434586,0.899353
421,1.754167,-0.011235,0.027237,-0.660499,0.750249,0.742962,-0.506983,0.020650,-0.001465,-0.026390,0.787100,-0.616259,0.493597,-0.488370,0.023179,0.078768,0.053961,0.678372,-0.728488,0.626881,-0.435512,0.901449
422,1.758333,-0.011899,0.027377,-0.660497,0.750235,0.742972,-0.506903,0.020674,-0.001665,-0.025268,0.787111,-0.616292,0.493589,-0.488300,0.023220,0.079219,0.052456,0.678066,-0.728834,0.626835,-0.436377,0.903596
423,1.762500,-0.011795,0.027115,-0.660466,0.750273,0.742939,-0.506812,0.020701,-0.001752,-0.024945,0.787097,-0.616322,0.493552,-0.488214,0.023211,0.079203,0.051402,0.677742,-0.729213,0.626741,-0.437230,0.905675
424,1.766667,-0.011832,0.026946,-0.660433,0.750308,0.742915,-0.506749,0.020731,-0.002114,-0.024686,0.787031,-0.616416,0.493510,-0.488149,0.023138,0.079813,0.050270,0.677586,-0.729370,0.626635,-0.438155,0.907495
425,1.770833,-0.011905,0.026788,-0.660448,0.750299,0.742888,-0.506697,0.020749,-0.001974,-0.024639,0.787000,-0.616458,0.493474,-0.488078,0.023101,0.079488,0.049075,0.677301,-0.729751,0.626550,-0.439050,0.909350
426,1.775000,-0.012087,0.026639,-0.660513,0.750245,0.742868,-0.506649,0.020760,-0.001964,-0.024408,0.786958,-0.616521,0.493449,-0.488001,0.023093,0.079298,0.048265,0.676988,-0.730116,0.626391,-0.439868,0.911325
427,1.779167,-0.012239,0.026579,-0.660605,0.750163,0.742857,-0.506615,0.020765,-0.001915,-0.024219,0.786884,-0.616622,0.493451,-0.487948,0.023084,0.078223,0.047814,0.676774,-0.730460,0.626214,-0.440711,0.913122
428,1.783333,-0.012230,0.026410,-0.660662,0.750120,0.742821,-0.506581,0.020769,-0.001489,-0.024524,0.786775,-0.616751,0.493461,-0.487901,0.023059,0.077527,0.046920,0.676537,-0.730812,0.626067,-0.441592,0.914870
429,1.787500,-0.012148,0.026178,-0.660677,0.750115,0.742783,-0.506555,0.020779,-0.001266,-0.024504,0.786716,-0.616828,0.493490,-0.487860,0.023070,0.077025,0.045744,0.676189,-0.731261,0.625939,-0.442422,0.916672
430,1.791667,-0.012006,0.025950,-0.660637,0.750161,0.742744,-0.506517,0.020781,-0.001263,-0.024309,0.786670,-0.616894,0.493518,-0.487812,0.023079,0.076519,0.045259,0.675910,-0.731602,0.625826,-0.443236,0.918376
431,1.795833,-0.011887,0.025724,-0.660642,0.750166,0.742701,-0.506482,0.020784,-0.001482,-0.023820,0.786628,-0.616966,0.493540,-0.487756,0.023116,0.076133,0.044754,0.675594,-0.731965,0.625686,-0.444071,0.920002
432,1.800000,-0.011787,0.025477,-0.660665,0.750156,0.742662,-0.506456,0.020784,-0.001413,-0.023762,0.786537,-0.617084,0.493592,-0.487716,0.023132,0.075702,0.043960,0.675281,-0.732347,0.625585,-0.444929,0.921621
433,1.804167,-0.011673,0.025281,-0.660727,0.750110,0.742618,-0.506417,0.020794,-0.001228,-0.023841,0.786426,-0.617223,0.493635,-0.487668,0.023153,0.075052,0.043786,0.675053,-0.732634,0.625396,-0.445789,0.923140
434,1.808333,-0.011573,0.025042,-0.660749,0.750100,0.742574,-0.506385,0.020801,-0.000999,-0.023865,0.786357,-0.617310,0.493675,-0.487630,0.023166,0.075077,0.043105,0.674686,-0.733011,0.625365,-0.446611,0.924666
435,1.812500,-0.011444,0.024820,-0.660780,0.750082,0.742522,-0.506359,0.020807,-0.000851,-0.023983,0.786290,-0.617391,0.493714,-0.487577,0.023161,0.074596,0.042948,0.674422,-0.733311,0.625228,-0.447473,0.926057
436,1.816667,-0.009580,0.024057,-0.661160,0.749798,0.742326,-0.506252,0.020637,-0.000704,-0.023928,0.786211,-0.617495,0.493743,-0.487525,0.023176,0.073580,0.042569,0.674130,-0.733704,0.625098,-0.448365,0.927384
437,1.820833,-0.006630,0.023209,-0.661816,0.749278,0.742058,-0.506129,0.020348,-0.000617,-0.023871,0.786151,-0.617573,0.493777,-0.487461,0.023178,0.073578,0.042120,0.673861,-0.733978,0.625028,-0.449223,0.928730
438,1.825000,-0.006295,0.022874,-0.661736,0.749362,0.742066,-0.506019,0.020351,-0.000483,-0.023822,0.786049,-0.617705,0.493811,-0.487401,0.023195,0.073001,0.041848,0.673627,-0.734265,0.624912,-0.450094,0.929986
439,1.829167,-0.006656,0.022783,-0.661566,0.749512,0.742117,-0.505968,0.020422,-0.000388,-0.023795,0.785958,-0.617822,0.493840,-0.487342,0.023204,0.072195,0.041438,0.673314,-0.734656,0.624804,-0.450958,0.931103
440,1.833333,-0.008733,0.023003,-0.661060,0.749930,0.742320,-0.505931,0.020680,-0.000259,-0.023697,0.785860,-0.617950,0.493879,-0.487282,0.023225,0.072161,0.041347,0.672998,-0.734953,0.624719,-0.451818,0.932346
441,1.837500,-0.019061,0.027315,-0.661835,0.748909,0.741709,-0.506390,0.021150,-0.000033,-0.023834,0.785761,-0.618071,0.493926,-0.487229,0.023218,0.072385,0.041222,0.672766,-0.735151,0.624697,-0.452663,0.933429
442,1.841667,-0.019687,0.027351,-0.661964,0.748777,0.741603,-0.506386,0.021202,0.000132,-0.023868,0.785647,-0.618215,0.493977,-0.487175,0.023232,0.071913,0.041367,0.672491,-0.735441,0.624588,-0.453499,0.934468
443,1.845833,-0.019992,0.027261,-0.662038,0.748708,0.741531,-0.506349,0.021227,0.000236,-0.023822,0.785518,-0.618380,0.494026,-0.487110,0.023241,0.071831,0.041297,0.672179,-0.735738,0.624558,-0.454343,0.935551
444,1.850000,-0.019259,0.026878,-0.661957,0.748812,0.741580,-0.506253,0.021201,0.000380,-0.023935,0.785410,-0.618512,0.494069,-0.487046,0.023246,0.071953,0.041269,0.671957,-0.735930,0.624523,-0.455175,0.936566
445,1.854167,-0.018181,0.026284,-0.661894,0.748916,0.741626,-0.506148,0.021152,0.000448,-0.023902,0.785346,-0.618595,0.494096,-0.486992,0.023245,0.071384,0.041299,0.671719,-0.736201,0.624449,-0.456025,0.937490
446,1.858333,-0.017834,0.025964,-0.661886,0.748943,0.741644,-0.506060,0.021137,0.000557,-0.023926,0.785238,-0.618732,0.494119,-0.486927,0.023235,0.071207,0.040906,0.671408,-0.736524,0.624391,-0.456842,0.938429
447,1.862500,-0.017261,0.025611,-0.661830,0.749018,0.741669,-0.505976,0.021112,0.000589,-0.023856,0.785123,-0.618880,0.494147,-0.486856,0.023235,0.070966,0.040384,0.671196,-0.736769,0.624325,-0.457699,0.939355
448,1.866667,-0.016618,0.025167,-0.661805,0.749069,0.741695,-0.505903,0.021093,0.000204,-0.023501,0.785053,-0.618983,0.494152,-0.486787,0.023214,0.070377,0.040205,0.670900,-0.737105,0.624288,-0.458539,0.940220
449,1.870833,-0.016015,0.024726,-0.661760,0.749137,0.741709,-0.505827,0.021074,0.000235,-0.023417,0.784965,-0.619098,0.494161,-0.486727,0.023207,0.069915,0.039633,0.670661,-0.737397,0.624221,-0.459379,0.940976
450,1.875000,-0.015802,0.024545,-0.661756,0.749150,0.741705,-0.505768,0.021069,0.000327,-0.023412,0.784859,-0.619231,0.494172,-0.486674,0.023204,0.069821,0.038842,0.670391,-0.737693,0.624190,-0.460236,0.941766
451,1.879167,-0.015601,0.023818,-0.661671,0.749254,0.741741,-0.505778,0.021031,0.000586,-0.023202,0.784723,-0.619412,0.494182,-0.486627,0.023231,0.069264,0.038663,0.670148,-0.737976,0.624159,-0.461061,0.942463
452,1.883333,-0.015402,0.023452,-0.661665,0.749274,0.741751,-0.505744,0.021027,0.000664,-0.023071,0.784620,-0.619547,0.494186,-0.486581,0.023237,0.068626,0.038554,0.669918,-0.738250,0.624072,-0.461895,0.943108
453,1.887500,-0.015660,0.023604,-0.661888,0.749067,0.741684,-0.505746,0.021013,0.000666,-0.022946,0.784540,-0.619653,0.494193,-0.486541,0.023226,0.068571,0.037974,0.669632,-0.738546,0.624053,-0.462756,0.943710
454,1.891667,-0.015812,0.023608,-0.661992,0.748972,0.741638,-0.505719,0.021008,0.000717,-0.022788,0.784421,-0.619810,0.494188,-0.486499,0.023222,0.068245,0.037678,0.669376,-0.738823,0.624026,-0.463588,0.944251
455,1.895833,-0.015780,0.023520,-0.661958,0.749006,0.741629,-0.505687,0.021011,0.000695,-0.022578,0.784322,-0.619943,0.494176,-0.486456,0.023218,0.067752,0.037599,0.669077,-0.739143,0.623989,-0.464410,0.944772
456,1.900000,-0.015823,0.023472,-0.661887,0.749069,0.741637,-0.505651,0.021009,0.000796,-0.022296,0.784104,-0.620228,0.494183,-0.486439,0.023227,0.067577,0.037617,0.668768,-0.739438,0.623980,-0.465212,0.945204
457,1.904167,-0.016424,0.023724,-0.661827,0.749101,0.741642,-0.505655,0.021032,0.000783,-0.022075,0.784009,-0.620357,0.494159,-0.486424,0.023230,0.067152,0.037502,0.668408,-0.739807,0.623937,-0.466019,0.945630
458,1.908333,-0.016491,0.023648,-0.661751,0.749169,0.741660,-0.505637,0.021031,0.000650,-0.021784,0.783971,-0.620414,0.494136,-0.486419,0.023223,0.066391,0.037351,0.668081,-0.740179,0.623858,-0.466842,0.945996
459,1.912500,-0.016241,0.023296,-0.661416,0.749482,0.741732,-0.505595,0.021048,0.000655,-0.021691,0.783935,-0.620464,0.494118,-0.486420,0.023214,0.066479,0.037157,0.667705,-0.740520,0.623896,-0.467639,0.946391
460,1.916667,-0.016494,0.023236,-0.661228,0.749644,0.741771,-0.505592,0.021091,0.000636,-0.021528,0.783894,-0.620522,0.494109,-0.486419,0.023208,0.066415,0.037096,0.667279,-0.740913,0.623897,-0.468426,0.946692
461,1.920833,-0.016594,0.023242,-0.661198,0.749668,0.741777,-0.505610,0.021093,0.000614,-0.021342,0.783852,-0.620581,0.494087,-0.486405,0.023205,0.065639,0.037341,0.666947,-0.741268,0.623815,-0.469219,0.946876
462,1.925000,-0.016388,0.023237,-0.661073,0.749782,0.741795,-0.505560,0.021045,0.000666,-0.021319,0.783801,-0.620645,0.494072,-0.486390,0.023190,0.065426,0.037352,0.666510,-0.741679,0.623788,-0.469994,0.947101
463,1.929167,-0.016090,0.023158,-0.660887,0.749955,0.741847,-0.505520,0.021028,0.000678,-0.021240,0.783776,-0.620680,0.494052,-0.486379,0.023187,0.065478,0.037293,0.665997,-0.742139,0.623830,-0.470767,0.947338
464,1.933333,-0.015908,0.023217,-0.660819,0.750018,0.741859,-0.505527,0.021002,0.000594,-0.021141,0.783758,-0.620707,0.494023,-0.486363,0.023162,0.065141,0.037602,0.665507,-0.742592,0.623810,-0.471517,0.947496
465,1.937500,-0.016182,0.023299,-0.660776,0.750047,0.741857,-0.505555,0.021014,0.000660,-0.021163,0.783713,-0.620762,0.494005,-0.486346,0.023145,0.064724,0.038061,0.665072,-0.742995,0.623765,-0.472216,0.947610
466,1.941667,-0.016226,0.023226,-0.660755,0.750067,0.741859,-0.505589,0.021026,0.000587,-0.020948,0.783671,-0.620823,0.493980,-0.486320,0.023137,0.064633,0.037842,0.664511,-0.743516,0.623778,-0.472946,0.947739
467,1.945833,-0.016220,0.023164,-0.660720,0.750100,0.741866,-0.505608,0.021022,0.000608,-0.020934,0.783655,-0.620844,0.493964,-0.486300,0.023125,0.064365,0.038044,0.663932,-0.744046,0.623766,-0.473663,0.947896
468,1.950000,-0.016331,0.023248,-0.660649,0.750157,0.741882,-0.505624,0.021018,0.000637,-0.020822,0.783624,-0.620886,0.493956,-0.486290,0.023122,0.063601,0.038242,0.663333,-0.744635,0.623718,-0.474336,0.948018
469,1.954167,-0.016307,0.023303,-0.660588,0.750209,0.741902,-0.505633,0.021015,0.000639,-0.020746,0.783592,-0.620929,0.493949,-0.486266,0.023114,0.063769,0.038704,0.662703,-0.745157,0.623736,-0.474968,0.948103
470,1.958333,-0.016234,0.023235,-0.660474,0.750314,0.741923,-0.505640,0.021002,0.000653,-0.020784,0.783561,-0.620967,0.493961,-0.486265,0.023113,0.063581,0.038856,0.662046,-0.745750,0.623783,-0.475639,0.948169
471,1.962500,-0.016192,0.023213,-0.660410,0.750372,0.741931,-0.505638,0.020998,0.000680,-0.020732,0.783537,-0.620999,0.493974,-0.486255,0.023114,0.062987,0.039020,0.661411,-0.746355,0.623730,-0.476271,0.948210
472,1.966667,-0.016121,0.023178,-0.660328,0.750446,0.741934,-0.505645,0.020994,0.000697,-0.020718,0.783517,-0.621024,0.493992,-0.486252,0.023127,0.062653,0.039273,0.660698,-0.747001,0.623707,-0.476849,0.948276
473,1.970833,-0.016069,0.023098,-0.660320,0.750457,0.741936,-0.505651,0.020996,0.000694,-0.020658,0.783508,-0.621038,0.494021,-0.486249,0.023135,0.062587,0.039523,0.659893,-0.747705,0.623727,-0.477443,0.948328
474,1.975000,-0.015959,0.023057,-0.660273,0.750502,0.741931,-0.505658,0.020982,0.000726,-0.020720,0.783488,-0.621061,0.494038,-0.486245,0.023128,0.062333,0.039709,0.659165,-0.748357,0.623736,-0.478047,0.948407
475,1.979167,-0.015874,0.023055,-0.660244,0.750530,0.741924,-0.505664,0.020969,0.000795,-0.020769,0.783459,-0.621095,0.494058,-0.486246,0.023135,0.062097,0.039633,0.658451,-0.749010,0.623722,-0.478627,0.948480
476,1.983333,-0.015733,0.022951,-0.660210,0.750566,0.741918,-0.505671,0.020969,0.000912,-0.020854,0.783405,-0.621160,0.494082,-0.486254,0.023143,0.061783,0.039761,0.657686,-0.749701,0.623709,-0.479168,0.948512
477,1.987500,-0.015408,0.022758,-0.660163,0.750619,0.741911,-0.505670,0.020960,0.001034,-0.020830,0.783365,-0.621213,0.494115,-0.486263,0.023149,0.061599,0.040035,0.656776,-0.750499,0.623763,-0.479706,0.948597
478,1.991667,-0.015262,0.022708,-0.660138,0.750646,0.741892,-0.505669,0.020962,0.001197,-0.020863,0.783278,-0.621320,0.494156,-0.486267,0.023163,0.061571,0.040243,0.655986,-0.751180,0.623792,-0.480204,0.948635
479,1.995833,-0.015043,0.022536,-0.660106,0.750683,0.741870,-0.505665,0.020962,0.001340,-0.020992,0.783232,-0.621374,0.494178,-0.486272,0.023156,0.061279,0.040160,0.655184,-0.751909,0.623792,-0.480707,0.948697
480,2.000000,-0.014784,0.022420,-0.660055,0.750737,0.741845,-0.505663,0.020957,0.001595,-0.021093,0.783110,-0.621524,0.494209,-0.486275,0.023162,0.060931,0.039987,0.654328,-0.752691,0.623819,-0.481213,0.948735
481,2.004167,-0.014586,0.022295,-0.659997,0.750796,0.741824,-0.505654,0.020952,0.001675,-0.021081,0.783085,-0.621555,0.494223,-0.486280,0.023157,0.060522,0.039910,0.653521,-0.753429,0.623809,-0.481704,0.948784
482,2.008333,-0.014454,0.022230,-0.659969,0.750825,0.741807,-0.505653,0.020949,0.001722,-0.021099,0.783066,-0.621578,0.494237,-0.486286,0.023153,0.060275,0.040144,0.652669,-0.754174,0.623794,-0.482182,0.948867
483,2.012500,-0.014688,0.022300,-0.659966,0.750821,0.741781,-0.505675,0.020944,0.001829,-0.021130,0.783007,-0.621651,0.494247,-0.486297,0.023160,0.060012,0.039876,0.651785,-0.754974,0.623824,-0.482642,0.948940
484,2.016667,-0.014660,0.022261,-0.659915,0.750867,0.741761,-0.505687,0.020944,0.001876,-0.021042,0.782961,-0.621711,0.494253,-0.486304,0.023157,0.059867,0.039603,0.650918,-0.755747,0.623892,-0.483100,0.948984
485,2.020833,-0.014510,0.022241,-0.659855,0.750924,0.741744,-0.505698,0.020937,0.001912,-0.020986,0.782941,-0.621739,0.494266,-0.486317,0.023158,0.059680,0.039499,0.650050,-0.756514,0.623925,-0.483547,0.949099
486,2.025000,-0.014176,0.022124,-0.659763,0.751014,0.741742,-0.505710,0.020931,0.001983,-0.020911,0.782896,-0.621798,0.494267,-0.486321,0.023162,0.059326,0.039633,0.649173,-0.757287,0.623945,-0.483974,0.949204
487,2.029167,-0.013935,0.022077,-0.659681,0.751092,0.741726,-0.505719,0.020927,0.002073,-0.020896,0.782860,-0.621844,0.494271,-0.486324,0.023160,0.058513,0.039706,0.648202,-0.758178,0.623941,-0.484400,0.949267
488,2.033333,-0.013596,0.021996,-0.659573,0.751195,0.741727,-0.505725,0.020920,0.002014,-0.020720,0.782852,-0.621859,0.494267,-0.486331,0.023161,0.058411,0.039591,0.647216,-0.759034,0.623993,-0.484833,0.949325
489,2.037500,-0.013424,0.021980,-0.659476,0.751284,0.741728,-0.505735,0.020918,0.002005,-0.020558,0.782836,-0.621885,0.494272,-0.486338,0.023164,0.058435,0.039640,0.646311,-0.759800,0.624053,-0.485239,0.949377
490,2.041667,-0.013311,0.021900,-0.659387,0.751367,0.741728,-0.505748,0.020905,0.002020,-0.020561,0.782805,-0.621924,0.494251,-0.486344,0.023151,0.057756,0.039662,0.645470,-0.760566,0.624057,-0.485640,0.949424
491,2.045833,-0.013265,0.021875,-0.659283,0.751459,0.741743,-0.505764,0.020902,0.002070,-0.020509,0.782770,-0.621970,0.494248,-0.486353,0.023146,0.057125,0.039488,0.644543,-0.761408,0.624113,-0.486082,0.949440
492,2.050000,-0.012871,0.021734,-0.659202,0.751542,0.741750,-0.505772,0.020886,0.002065,-0.020638,0.782727,-0.622019,0.494229,-0.486355,0.023127,0.057109,0.039305,0.643576,-0.762236,0.624179,-0.486515,0.949511
493,2.054167,-0.012867,0.021797,-0.659095,0.751634,0.741761,-0.505781,0.020885,0.002180,-0.020060,0.782744,-0.622017,0.494175,-0.486328,0.023183,0.057093,0.039437,0.642649,-0.763012,0.624240,-0.486927,0.949545
494,2.058333,-0.013167,0.022065,-0.658981,0.751720,0.741780,-0.505790,0.020901,0.002183,-0.019969,0.782705,-0.622068,0.494163,-0.486334,0.023171,0.056373,0.039588,0.641684,-0.763869,0.624269,-0.487336,0.949575
495,2.062500,-0.013295,0.022148,-0.658872,0.751811,0.741810,-0.505797,0.020901,0.002205,-0.020061,0.782651,-0.622134,0.494151,-0.486341,0.023150,0.055904,0.039870,0.640744,-0.764678,0.624316,-0.487738,0.949593
496,2.066667,-0.013424,0.022289,-0.658789,0.751878,0.741836,-0.505811,0.020894,0.002279,-0.020027,0.782600,-0.622199,0.494134,-0.486347,0.023149,0.055713,0.040035,0.639853,-0.765429,0.624390,-0.488159,0.949597
497,2.070833,-0.013523,0.022355,-0.658730,0.751926,0.741861,-0.505822,0.020887,0.002249,-0.020121,0.782541,-0.622270,0.494121,-0.486344,0.023119,0.055821,0.040417,0.638879,-0.766214,0.624512,-0.488559,0.949695
498,2.075000,-0.013701,0.022467,-0.658640,0.751998,0.741896,-0.505824,0.020887,0.002213,-0.020091,0.782457,-0.622377,0.494114,-0.486348,0.023104,0.055126,0.040471,0.637844,-0.767124,0.624633,-0.489004,0.949676
499,2.079167,-0.013893,0.022658,-0.658577,0.752044,0.741926,-0.505820,0.020884,0.002360,-0.020156,0.782410,-0.622433,0.494094,-0.486345,0.023107,0.054805,0.040694,0.636950,-0.767877,0.624683,-0.489420,0.949680
500,2.083333,-0.014137,0.022817,-0.658481,0.752118,0.741965,-0.505816,0.020883,0.002340,-0.020177,0.782336,-0.622525,0.494083,-0.486346,0.023091,0.054589,0.041008,0.636040,-0.768630,0.624732,-0.489833,0.949705
501,2.087500,-0.014359,0.022950,-0.658423,0.752161,0.742000,-0.505816,0.020878,0.002390,-0.020225,0.782285,-0.622588,0.494081,-0.486346,0.023079,0.054370,0.041527,0.635142,-0.769360,0.624819,-0.490269,0.949704
502,2.091667,-0.014593,0.023107,-0.658379,0.752191,0.742043,-0.505815,0.020878,0.002443,-0.020257,0.782206,-0.622686,0.494076,-0.486340,0.023068,0.054040,0.041883,0.634254,-0.770096,0.624893,-0.490684,0.949641
503,2.095833,-0.014860,0.023243,-0.658342,0.752213,0.742070,-0.505816,0.020873,0.002493,-0.020330,0.782153,-0.622750,0.494079,-0.486333,0.023057,0.053995,0.041928,0.633381,-0.770815,0.625007,-0.491115,0.949605
504,2.100000,-0.014909,0.023319,-0.658309,0.752239,0.742100,-0.505812,0.020873,0.002519,-0.020430,0.782101,-0.622812,0.494081,-0.486327,0.023043,0.053441,0.041618,0.632401,-0.771674,0.625173,-0.491564,0.949460
505,2.104167,-0.014975,0.023396,-0.658294,0.752249,0.742128,-0.505801,0.020867,0.002621,-0.020598,0.782030,-0.622895,0.494090,-0.486327,0.023037,0.053148,0.041395,0.631352,-0.772565,0.625388,-0.491970,0.949334
506,2.108333,-0.015181,0.023521,-0.658271,0.752260,0.742144,-0.505788,0.020867,0.002689,-0.020744,0.781981,-0.622951,0.494101,-0.486332,0.023023,0.053453,0.041544,0.630238,-0.773445,0.625674,-0.492308,0.949359
507,2.112500,-0.015236,0.023550,-0.658251,0.752276,0.742157,-0.505777,0.020871,0.002614,-0.021447,0.781904,-0.623025,0.494127,-0.486370,0.022947,0.053771,0.042198,0.629272,-0.774174,0.625875,-0.492647,0.949420
508,2.116667,-0.015275,0.023578,-0.658239,0.752285,0.742170,-0.505765,0.020868,0.002660,-0.021634,0.781856,-0.623078,0.494131,-0.486377,0.022937,0.053499,0.042582,0.628395,-0.774884,0.626007,-0.493011,0.949305
509,2.120833,-0.015305,0.023537,-0.658244,0.752281,0.742175,-0.505757,0.020865,0.002742,-0.021838,0.781825,-0.623109,0.494145,-0.486386,0.022925,0.053209,0.042940,0.627542,-0.775574,0.626126,-0.493384,0.949252
510,2.125000,-0.015312,0.023575,-0.658236,0.752287,0.742167,-0.505751,0.020869,0.002801,-0.022054,0.781798,-0.623135,0.494161,-0.486390,0.022917,0.053397,0.043541,0.626882,-0.776061,0.626189,-0.493727,0.949270
511,2.129167,-0.015220,0.023584,-0.658226,0.752297,0.742169,-0.505745,0.020864,0.002923,-0.022248,0.781779,-0.623152,0.494179,-0.486391,0.022919,0.053314,0.043928,0.626181,-0.776611,0.626283,-0.494089,0.949292
512,2.133333,-0.015088,0.023515,-0.658200,0.752325,0.742170,-0.505746,0.020867,0.002898,-0.022386,0.781784,-0.623141,0.494169,-0.486386,0.022897,0.052986,0.044225,0.625500,-0.777166,0.626343,-0.494469,0.949217
513,2.137500,-0.014959,0.023444,-0.658186,0.752341,0.742165,-0.505747,0.020866,0.003123,-0.022698,0.781729,-0.623197,0.494177,-0.486384,0.022872,0.052220,0.043941,0.624843,-0.777762,0.626388,-0.494872,0.949039
514,2.141667,-0.014750,0.023359,-0.658143,0.752385,0.742159,-0.505751,0.020861,0.003279,-0.022920,0.781707,-0.623216,0.494194,-0.486386,0.022861,0.052034,0.043930,0.624172,-0.778313,0.626496,-0.495214,0.948948
515,2.145833,-0.014628,0.023346,-0.658101,0.752426,0.742149,-0.505758,0.020860,0.003301,-0.023015,0.781714,-0.623204,0.494207,-0.486398,0.022862,0.051584,0.044136,0.623469,-0.778895,0.626591,-0.495536,0.948921
516,2.150000,-0.014359,0.023226,-0.658076,0.752457,0.742135,-0.505757,0.020866,0.003342,-0.023205,0.781717,-0.623193,0.494213,-0.486409,0.022861,0.051173,0.044328,0.622768,-0.779472,0.626703,-0.495857,0.948906
517,2.154167,-0.014209,0.023138,-0.658015,0.752515,0.742122,-0.505759,0.020861,0.003373,-0.023316,0.781741,-0.623157,0.494212,-0.486412,0.022855,0.051075,0.044225,0.621923,-0.780158,0.626929,-0.496179,0.948926
518,2.158333,-0.014073,0.023056,-0.657978,0.752552,0.742113,-0.505759,0.020863,0.003420,-0.023436,0.781724,-0.623175,0.494225,-0.486422,0.022853,0.050950,0.044298,0.621202,-0.780737,0.627079,-0.496451,0.948921
519,2.162500,-0.013864,0.023053,-0.657927,0.752601,0.742116,-0.505757,0.020870,0.003467,-0.023624,0.781710,-0.623185,0.494235,-0.486428,0.022848,0.050355,0.044720,0.620524,-0.781291,0.627137,-0.496731,0.948888
520,2.166667,-0.013791,0.023051,-0.657850,0.752670,0.742114,-0.505766,0.020864,0.003493,-0.023692,0.781713,-0.623179,0.494240,-0.486434,0.022846,0.049607,0.045047,0.619689,-0.781982,0.627237,-0.496993,0.949022
521,2.170833,-0.013733,0.023049,-0.657775,0.752737,0.742117,-0.505769,0.020865,0.003499,-0.023778,0.781692,-0.623202,0.494239,-0.486444,0.022842,0.049073,0.045025,0.618912,-0.782632,0.627376,-0.497264,0.949071
522,2.175000,-0.013799,0.023105,-0.657755,0.752751,0.742119,-0.505776,0.020871,0.003514,-0.023924,0.781689,-0.623199,0.494239,-0.486449,0.022833,0.048781,0.044850,0.618125,-0.783282,0.627535,-0.497513,0.949153
523,2.179167,-0.013761,0.023092,-0.657734,0.752770,0.742116,-0.505772,0.020875,0.003567,-0.023973,0.781665,-0.623228,0.494240,-0.486451,0.022837,0.048354,0.044613,0.617466,-0.783842,0.627659,-0.497753,0.949195
524,2.183333,-0.013752,0.023037,-0.657700,0.752802,0.742124,-0.505776,0.020874,0.003544,-0.024001,0.781639,-0.623259,0.494241,-0.486454,0.022836,0.047877,0.044498,0.616837,-0.784372,0.627775,-0.497984,0.949239
525,2.187500,-0.013885,0.023092,-0.657698,0.752800,0.742136,-0.505776,0.020873,0.003593,-0.024161,0.781593,-0.623311,0.494240,-0.486454,0.022825,0.047431,0.044369,0.616241,-0.784875,0.627904,-0.498220,0.949322
526,2.191667,-0.013930,0.023079,-0.657667,0.752826,0.742143,-0.505759,0.020872,0.003651,-0.024241,0.781554,-0.623356,0.494233,-0.486456,0.022827,0.046819,0.044107,0.615565,-0.785456,0.628019,-0.498454,0.949357
527,2.195833,-0.014017,0.023151,-0.657625,0.752859,0.742155,-0.505756,0.020878,0.003608,-0.024279,0.781533,-0.623381,0.494236,-0.486464,0.022820,0.046329,0.044046,0.614849,-0.786050,0.628143,-0.498694,0.949390
528,2.200000,-0.014165,0.023239,-0.657594,0.752880,0.742171,-0.505759,0.020881,0.003640,-0.024409,0.781497,-0.623421,0.494234,-0.486465,0.022812,0.045841,0.043858,0.614147,-0.786637,0.628268,-0.498935,0.949434
529,2.204167,-0.014286,0.023363,-0.657562,0.752902,0.742177,-0.505759,0.020879,0.003637,-0.024409,0.781487,-0.623434,0.494233,-0.486471,0.022817,0.045368,0.043644,0.613515,-0.787170,0.628411,-0.499155,0.949489
530,2.208333,-0.014399,0.023483,-0.657522,0.752932,0.742197,-0.505766,0.020886,0.003671,-0.024481,0.781453,-0.623473,0.494240,-0.486481,0.022812,0.045014,0.043289,0.612927,-0.787667,0.628552,-0.499371,0.949552
531,2.212500,-0.014399,0.023483,-0.657470,0.752977,0.742217,-0.505769,0.020884,0.003641,-0.024501,0.781425,-0.623508,0.494255,-0.486487,0.022828,0.044777,0.043039,0.612305,-0.788179,0.628723,-0.499579,0.949581
532,2.216667,-0.014552,0.023575,-0.657436,0.753001,0.742228,-0.505776,0.020877,0.003595,-0.024464,0.781424,-0.623510,0.494268,-0.486501,0.022838,0.044255,0.042894,0.611683,-0.788698,0.628843,-0.499778,0.949618
533,2.220833,-0.014625,0.023628,-0.657382,0.753045,0.742251,-0.505777,0.020883,0.003619,-0.024598,0.781425,-0.623503,0.494259,-0.486503,0.022821,0.043892,0.043092,0.611228,-0.789061,0.628895,-0.499961,0.949652
534,2.225000,-0.014765,0.023726,-0.657356,0.753062,0.742268,-0.505780,0.020879,0.003819,-0.024729,0.781340,-0.623604,0.494284,-0.486509,0.022833,0.043728,0.043158,0.608917,-0.790851,0.629617,-0.500319,0.950813
535,2.229167,-0.014915,0.023781,-0.657309,0.753098,0.742288,-0.505776,0.020877,0.003803,-0.024686,0.781320,-0.623630,0.494298,-0.486517,0.022840,0.043188,0.043044,0.608437,-0.791256,0.629702,-0.500513,0.950886
536,2.233333,-0.015121,0.023924,-0.657259,0.753133,0.742307,-0.505777,0.020879,0.003814,-0.024725,0.781301,-0.623652,0.494311,-0.486517,0.022836,0.043045,0.043493,0.608056,-0.791532,0.629774,-0.500699,0.950850
537,2.237500,-0.015209,0.023999,-0.657222,0.753161,0.742322,-0.505776,0.020885,0.003841,-0.024781,0.781292,-0.623661,0.494315,-0.486521,0.022835,0.042748,0.043940,0.607777,-0.791738,0.629786,-0.500868,0.950766
538,2.241667,-0.015271,0.023966,-0.657179,0.753198,0.742339,-0.505777,0.020887,0.003843,-0.024857,0.781269,-0.623687,0.494322,-0.486520,0.022826,0.042260,0.043904,0.607349,-0.792095,0.629855,-0.501063,0.950722
539,2.245833,-0.015388,0.024094,-0.657131,0.753234,0.742344,-0.505781,0.020882,0.003913,-0.024868,0.781284,-0.623668,0.494329,-0.486521,0.022835,0.042023,0.043872,0.606788,-0.792539,0.629996,-0.501236,0.950753
540,2.250000,-0.015467,0.024146,-0.657084,0.753272,0.742354,-0.505785,0.020887,0.003857,-0.024854,0.781277,-0.623678,0.494332,-0.486528,0.022831,0.042003,0.044239,0.606099,-0.793047,0.630231,-0.501408,0.950855
541,2.254167,-0.015587,0.024206,-0.657053,0.753294,0.742362,-0.505786,0.020892,0.003907,-0.024954,0.781279,-0.623671,0.494343,-0.486530,0.022830,0.041783,0.044372,0.605642,-0.793399,0.630353,-0.501598,0.950852
542,2.258333,-0.015548,0.024184,-0.657022,0.753323,0.742369,-0.505789,0.020898,0.003969,-0.024968,0.781276,-0.623674,0.494349,-0.486538,0.022828,0.041455,0.044324,0.605211,-0.793748,0.630452,-0.501793,0.950865
543,2.262500,-0.015562,0.024197,-0.656981,0.753358,0.742371,-0.505784,0.020903,0.004025,-0.025109,0.781253,-0.623697,0.494354,-0.486534,0.022831,0.040831,0.043303,0.604496,-0.794382,0.630596,-0.501928,0.950908
544,2.266667,-0.015708,0.024344,-0.656927,0.753397,0.742369,-0.505791,0.020901,0.004031,-0.025073,0.781253,-0.623698,0.494363,-0.486541,0.022839,0.040383,0.043190,0.604121,-0.794696,0.630695,-0.502121,0.950919
545,2.270833,-0.015736,0.024347,-0.656884,0.753434,0.742377,-0.505796,0.020906,0.004055,-0.025185,0.781257,-0.623688,0.494365,-0.486540,0.022831,0.040184,0.043365,0.603732,-0.794992,0.630813,-0.502297,0.950926
546,2.275000,-0.015744,0.024383,-0.656835,0.753475,0.742384,-0.505800,0.020906,0.004125,-0.025264,0.781234,-0.623713,0.494372,-0.486542,0.022831,0.040372,0.044075,0.603440,-0.795165,0.630928,-0.502447,0.950852
547,2.279167,-0.015745,0.024319,-0.656812,0.753498,0.742386,-0.505804,0.020906,0.004162,-0.025346,0.781239,-0.623703,0.494376,-0.486543,0.022823,0.039798,0.044082,0.603260,-0.795330,0.630903,-0.502661,0.950775
548,2.283333,-0.015794,0.024365,-0.656779,0.753524,0.742389,-0.505804,0.020912,0.004197,-0.025295,0.781236,-0.623709,0.494384,-0.486554,0.022835,0.039376,0.044087,0.602982,-0.795562,0.630935,-0.502850,0.950723
549,2.287500,-0.015767,0.024384,-0.656717,0.753578,0.742394,-0.505807,0.020911,0.004184,-0.025328,0.781234,-0.623711,0.494391,-0.486551,0.022832,0.039019,0.043994,0.602624,-0.795856,0.631013,-0.503034,0.950732
550,2.291667,-0.015925,0.024443,-0.656699,0.753588,0.742386,-0.505805,0.020910,0.004237,-0.025486,0.781202,-0.623744,0.494391,-0.486534,0.022821,0.038799,0.044057,0.602259,-0.796139,0.631113,-0.503188,0.950795
551,2.295833,-0.015997,0.024490,-0.656673,0.753608,0.742389,-0.505808,0.020907,0.004298,-0.025565,0.781175,-0.623774,0.494399,-0.486534,0.022826,0.038576,0.044223,0.601885,-0.796424,0.631236,-0.503334,0.950876
552,2.300000,-0.016049,0.024515,-0.656635,0.753639,0.742402,-0.505803,0.020913,0.004356,-0.025638,0.781164,-0.623785,0.494407,-0.486529,0.022825,0.038484,0.043356,0.601207,-0.796988,0.631447,-0.503403,0.950922
553,2.304167,-0.016234,0.024607,-0.656622,0.753643,0.742407,-0.505798,0.020920,0.004421,-0.025672,0.781162,-0.623785,0.494416,-0.486533,0.022822,0.038302,0.043384,0.600867,-0.797251,0.631572,-0.503560,0.950951
554,2.308333,-0.016356,0.024595,-0.656623,0.753640,0.742414,-0.505788,0.020916,0.004454,-0.025687,0.781166,-0.623779,0.494418,-0.486527,0.022823,0.037927,0.043283,0.600533,-0.797526,0.631691,-0.503712,0.950986
555,2.312500,-0.016538,0.024677,-0.656601,0.753653,0.742434,-0.505775,0.020923,0.004468,-0.025666,0.781170,-0.623774,0.494429,-0.486522,0.022823,0.037546,0.043313,0.600255,-0.797752,0.631794,-0.503868,0.951002
556,2.316667,-0.016720,0.024828,-0.656571,0.753670,0.742454,-0.505770,0.020920,0.004480,-0.025605,0.781155,-0.623796,0.494428,-0.486517,0.022829,0.037638,0.043693,0.599748,-0.798108,0.632022,-0.504001,0.951120
557,2.320833,-0.017054,0.024950,-0.656543,0.753683,0.742479,-0.505754,0.020921,0.004529,-0.025636,0.781130,-0.623826,0.494429,-0.486509,0.022825,0.037251,0.043823,0.599511,-0.798297,0.632117,-0.504149,0.951141
558,2.325000,-0.017293,0.025090,-0.656544,0.753672,0.742495,-0.505742,0.020922,0.004515,-0.025544,0.781147,-0.623808,0.494427,-0.486500,0.022831,0.036646,0.043470,0.599566,-0.798303,0.632076,-0.504308,0.951123
559,2.329167,-0.017479,0.025174,-0.656543,0.753666,0.742510,-0.505732,0.020934,0.004544,-0.025548,0.781156,-0.623797,0.494423,-0.486491,0.022831,0.036119,0.043211,0.599561,-0.798345,0.632148,-0.504480,0.951084
560,2.333333,-0.017673,0.025189,-0.656548,0.753656,0.742522,-0.505721,0.020933,0.004557,-0.025531,0.781167,-0.623783,0.494426,-0.486488,0.022840,0.035946,0.043061,0.599434,-0.798456,0.632253,-0.504609,0.951100
561,2.337500,-0.017953,0.025267,-0.656571,0.753627,0.742535,-0.505715,0.020933,0.004611,-0.025540,0.781186,-0.623759,0.494429,-0.486488,0.022837,0.035714,0.043085,0.599250,-0.798603,0.632370,-0.504736,0.951140
562,2.341667,-0.018199,0.025385,-0.656576,0.753613,0.742547,-0.505714,0.020940,0.004603,-0.025541,0.781189,-0.623755,0.494428,-0.486482,0.022836,0.035603,0.043088,0.599180,-0.798661,0.632495,-0.504880,0.951127
563,2.345833,-0.018571,0.025615,-0.656581,0.753592,0.742560,-0.505704,0.020945,0.004633,-0.025533,0.781195,-0.623748,0.494432,-0.486484,0.022837,0.035379,0.043042,0.599078,-0.798750,0.632590,-0.505012,0.951135
564,2.350000,-0.018770,0.025740,-0.656578,0.753585,0.742579,-0.505699,0.020956,0.004647,-0.025572,0.781193,-0.623749,0.494437,-0.486478,0.022841,0.035057,0.042980,0.598992,-0.798832,0.632690,-0.505140,0.951152
565,2.354167,-0.019126,0.025910,-0.656547,0.753597,0.742610,-0.505691,0.020965,0.004696,-0.025609,0.781207,-0.623729,0.494438,-0.486481,0.022843,0.034720,0.042969,0.598905,-0.798912,0.632787,-0.505268,0.951182
566,2.358333,-0.019617,0.026039,-0.656520,0.753604,0.742652,-0.505679,0.020962,0.004712,-0.025626,0.781238,-0.623689,0.494443,-0.486472,0.022839,0.034456,0.043034,0.598808,-0.798993,0.632905,-0.505387,0.951208
567,2.362500,-0.019958,0.026177,-0.656516,0.753594,0.742683,-0.505661,0.020972,0.004781,-0.025744,0.781256,-0.623662,0.494447,-0.486471,0.022839,0.034052,0.043149,0.598630,-0.799137,0.632957,-0.505474,0.951291
568,2.366667,-0.020285,0.026301,-0.656506,0.753589,0.742717,-0.505642,0.020975,0.004818,-0.025778,0.781287,-0.623621,0.494452,-0.486469,0.022845,0.034171,0.043596,0.598308,-0.799349,0.633169,-0.505568,0.951400
569,2.370833,-0.020605,0.026419,-0.656529,0.753556,0.742734,-0.505627,0.020983,0.004820,-0.025742,0.781273,-0.623640,0.494460,-0.486465,0.022845,0.033928,0.043662,0.598268,-0.799386,0.633251,-0.505674,0.951420
570,2.375000,-0.020979,0.026633,-0.656478,0.753583,0.742757,-0.505624,0.020987,0.004863,-0.025809,0.781282,-0.623625,0.494467,-0.486466,0.022847,0.033681,0.043742,0.598247,-0.799408,0.633342,-0.505777,0.951455
571,2.379167,-0.021383,0.026830,-0.656474,0.753568,0.742774,-0.505613,0.021000,0.004929,-0.025850,0.781303,-0.623597,0.494475,-0.486462,0.022851,0.033461,0.043767,0.598249,-0.799414,0.633428,-0.505878,0.951483
572,2.383333,-0.021709,0.026958,-0.656455,0.753571,0.742809,-0.505600,0.021010,0.004991,-0.025881,0.781322,-0.623572,0.494486,-0.486460,0.022856,0.033246,0.043793,0.598258,-0.799415,0.633506,-0.505975,0.951510
573,2.387500,-0.022021,0.027098,-0.656423,0.753584,0.742837,-0.505600,0.021017,0.005003,-0.025974,0.781334,-0.623552,0.494488,-0.486456,0.022856,0.033086,0.043863,0.598248,-0.799425,0.633586,-0.506066,0.951522
574,2.391667,-0.022276,0.027172,-0.656414,0.753583,0.742874,-0.505593,0.021031,0.004982,-0.026013,0.781341,-0.623542,0.494504,-0.486455,0.022845,0.032989,0.043542,0.598649,-0.799146,0.633863,-0.506266,0.951424
575,2.395833,-0.022664,0.027368,-0.656351,0.753618,0.742893,-0.505581,0.021044,0.005119,-0.026158,0.781370,-0.623499,0.494507,-0.486460,0.022849,0.032111,0.043266,0.598974,-0.798954,0.633826,-0.506424,0.951351
576,2.400000,-0.022953,0.027551,-0.656288,0.753658,0.742912,-0.505572,0.021057,0.005127,-0.026199,0.781370,-0.623497,0.494519,-0.486466,0.022843,0.031832,0.043258,0.599062,-0.798900,0.633826,-0.506489,0.951336
577,2.404167,-0.023270,0.027652,-0.656301,0.753633,0.742929,-0.505567,0.021056,0.005202,-0.026331,0.781379,-0.623480,0.494526,-0.486465,0.022841,0.031712,0.043306,0.599051,-0.798910,0.633890,-0.506554,0.951344
578,2.408333,-0.023319,0.027683,-0.656184,0.753732,0.742977,-0.505595,0.021076,0.005218,-0.026356,0.781382,-0.623474,0.494535,-0.486457,0.022842,0.031607,0.043431,0.599025,-0.798927,0.633972,-0.506628,0.951375
579,2.412500,-0.023601,0.027863,-0.656191,0.753711,0.742994,-0.505599,0.021103,0.005270,-0.026420,0.781417,-0.623428,0.494534,-0.486449,0.022843,0.031450,0.043506,0.599021,-0.798932,0.634040,-0.506708,0.951403
580,2.416667,-0.023848,0.027952,-0.656137,0.753747,0.743016,-0.505596,0.021116,0.005318,-0.026427,0.781415,-0.623429,0.494541,-0.486448,0.022846,0.031032,0.043513,0.598771,-0.799135,0.633968,-0.506692,0.951581
581,2.420833,-0.024117,0.028114,-0.656102,0.753763,0.743032,-0.505591,0.021131,0.005379,-0.026547,0.781419,-0.623419,0.494536,-0.486438,0.022842,0.030849,0.043563,0.598650,-0.799230,0.633974,-0.506777,0.951554
582,2.425000,-0.024285,0.028231,-0.656094,0.753760,0.743051,-0.505583,0.021131,0.005439,-0.026572,0.781399,-0.623442,0.494548,-0.486433,0.022842,0.030764,0.043633,0.598594,-0.799271,0.634013,-0.506846,0.951531
583,2.429167,-0.024478,0.028351,-0.656038,0.753798,0.743071,-0.505575,0.021135,0.005482,-0.026646,0.781407,-0.623428,0.494549,-0.486431,0.022836,0.030660,0.043691,0.598528,-0.799322,0.634073,-0.506895,0.951554
584,2.433333,-0.024690,0.028539,-0.655998,0.753818,0.743093,-0.505571,0.021148,0.005532,-0.026680,0.781396,-0.623440,0.494565,-0.486433,0.022838,0.030518,0.043766,0.598492,-0.799350,0.634123,-0.506955,0.951568
585,2.437500,-0.024874,0.028607,-0.655971,0.753834,0.743119,-0.505566,0.021156,0.005561,-0.026729,0.781421,-0.623407,0.494562,-0.486422,0.022835,0.030360,0.043837,0.598432,-0.799397,0.634170,-0.507003,0.951588
586,2.441667,-0.025200,0.028753,-0.655993,0.753798,0.743123,-0.505563,0.021167,0.005587,-0.026822,0.781428,-0.623393,0.494570,-0.486420,0.022827,0.030226,0.043855,0.598358,-0.799456,0.634220,-0.507045,0.951608
587,2.445833,-0.025338,0.028787,-0.655963,0.753819,0.743146,-0.505567,0.021172,0.005677,-0.026947,0.781457,-0.623351,0.494572,-0.486413,0.022821,0.030135,0.043933,0.598271,-0.799521,0.634263,-0.507093,0.951607
588,2.450000,-0.025540,0.028930,-0.655947,0.753820,0.743154,-0.505564,0.021182,0.005750,-0.027048,0.781492,-0.623303,0.494570,-0.486405,0.022820,0.030011,0.044018,0.598150,-0.799612,0.634311,-0.507140,0.951616
589,2.454167,-0.025693,0.029076,-0.655904,0.753847,0.743171,-0.505562,0.021194,0.005806,-0.027044,0.781497,-0.623295,0.494574,-0.486400,0.022820,0.029925,0.044090,0.598042,-0.799691,0.634350,-0.507180,0.951616
590,2.458333,-0.024523,0.029221,-0.656756,0.753138,0.742883,-0.505490,0.020956,0.005815,-0.027076,0.781508,-0.623280,0.494573,-0.486392,0.022822,0.030278,0.044566,0.597647,-0.799947,0.634536,-0.507191,0.951741
591,2.462500,-0.021854,0.028835,-0.656923,0.753089,0.742851,-0.505399,0.020776,0.005897,-0.027126,0.781504,-0.623282,0.494578,-0.486392,0.022822,0.030161,0.044624,0.597541,-0.800027,0.634559,-0.507242,0.951744
592,2.466667,-0.021216,0.029057,-0.656831,0.753179,0.742898,-0.505426,0.020681,0.005918,-0.027220,0.781479,-0.623309,0.494581,-0.486394,0.022813,0.030092,0.044652,0.597429,-0.800112,0.634588,-0.507288,0.951733
593,2.470833,-0.020478,0.029247,-0.656853,0.753173,0.742897,-0.505500,0.020596,0.005956,-0.027271,0.781478,-0.623309,0.494585,-0.486392,0.022814,0.030006,0.044743,0.597300,-0.800207,0.634607,-0.507318,0.951738
594,2.475000,-0.020486,0.029400,-0.656836,0.753182,0.742905,-0.505534,0.020591,0.005968,-0.027253,0.781465,-0.623325,0.494593,-0.486393,0.022814,0.029928,0.044850,0.597127,-0.800332,0.634639,-0.507348,0.951729
595,2.479167,-0.020618,0.029476,-0.656829,0.753182,0.742919,-0.505526,0.020602,0.006029,-0.027311,0.781461,-0.623326,0.494595,-0.486392,0.022812,0.029839,0.044928,0.596989,-0.800435,0.634648,-0.507378,0.951729
596,2.483333,-0.020639,0.029539,-0.656779,0.753222,0.742944,-0.505508,0.020614,0.006078,-0.027357,0.781437,-0.623354,0.494599,-0.486388,0.022813,0.029791,0.045033,0.596838,-0.800543,0.634670,-0.507406,0.951724
597,2.487500,-0.020965,0.029629,-0.656794,0.753196,0.742947,-0.505502,0.020626,0.006113,-0.027387,0.781430,-0.623361,0.494604,-0.486389,0.022807,0.029812,0.045102,0.596657,-0.800673,0.634689,-0.507437,0.951714
598,2.491667,-0.021002,0.029731,-0.656803,0.753183,0.742967,-0.505499,0.020627,0.006158,-0.027427,0.781372,-0.623432,0.494608,-0.486390,0.022802,0.029812,0.045243,0.596489,-0.800790,0.634714,-0.507452,0.951686
599,2.495833,-0.021115,0.029823,-0.656779,0.753197,0.742971,-0.505509,0.020630,0.006173,-0.027494,0.781372,-0.623430,0.494611,-0.486386,0.022798,0.029788,0.045371,0.596303,-0.800923,0.634731,-0.507462,0.951688
600,2.500000,-0.021064,0.029774,-0.656691,0.753278,0.742991,-0.505516,0.020627,0.006155,-0.027462,0.781345,-0.623464,0.494620,-0.486387,0.022796,0.029726,0.045439,0.596107,-0.801067,0.634739,-0.507487,0.951676
601,2.504167,-0.021052,0.029835,-0.656713,0.753256,0.742990,-0.505528,0.020628,0.006134,-0.027643,0.781275,-0.623544,0.494646,-0.486362,0.022776,0.029677,0.045528,0.595921,-0.801202,0.634747,-0.507501,0.951669
602,2.508333,-0.021022,0.029879,-0.656696,0.753270,0.742996,-0.505536,0.020633,0.006245,-0.027593,0.781307,-0.623505,0.494625,-0.486384,0.022791,0.029693,0.045627,0.595744,-0.801328,0.634744,-0.507510,0.951664
603,2.512500,-0.020967,0.029854,-0.656635,0.753326,0.743011,-0.505540,0.020633,0.006213,-0.027707,0.781248,-0.623574,0.494655,-0.486366,0.022768,0.029623,0.045708,0.595579,-0.801448,0.634738,-0.507526,0.951650
604,2.516667,-0.020973,0.029883,-0.656617,0.753340,0.743010,-0.505543,0.020629,0.006278,-0.027789,0.781190,-0.623643,0.494662,-0.486357,0.022768,0.029651,0.045875,0.595394,-0.801575,0.634738,-0.507537,0.951633
605,2.520833,-0.021000,0.029959,-0.656624,0.753330,0.743007,-0.505552,0.020631,0.006305,-0.027620,0.781259,-0.623563,0.494637,-0.486386,0.022791,0.029636,0.045912,0.595237,-0.801690,0.634723,-0.507538,0.951615
606,2.525000,-0.021024,0.029934,-0.656603,0.753349,0.743012,-0.505559,0.020640,0.006378,-0.027698,0.781242,-0.623581,0.494642,-0.486390,0.022793,0.029628,0.046009,0.595064,-0.801813,0.634710,-0.507536,0.951609
607,2.529167,-0.020884,0.029889,-0.656593,0.753363,0.743012,-0.505568,0.020635,0.006422,-0.027706,0.781231,-0.623594,0.494652,-0.486389,0.022793,0.029615,0.046155,0.594886,-0.801937,0.634695,-0.507537,0.951586
608,2.533333,-0.020840,0.029909,-0.656600,0.753358,0.743009,-0.505571,0.020628,0.006417,-0.027732,0.781233,-0.623590,0.494650,-0.486388,0.022786,0.029578,0.046162,0.594739,-0.802047,0.634673,-0.507535,0.951570
609,2.537500,-0.020731,0.029922,-0.656566,0.753390,0.743011,-0.505577,0.020629,0.006386,-0.027841,0.781166,-0.623669,0.494681,-0.486364,0.022766,0.029598,0.046255,0.594587,-0.802154,0.634658,-0.507531,0.951556
610,2.541667,-0.020675,0.029922,-0.656572,0.753386,0.742999,-0.505588,0.020631,0.006473,-0.028015,0.781125,-0.623712,0.494693,-0.486356,0.022751,0.029595,0.046402,0.594438,-0.802256,0.634628,-0.507518,0.951540
611,2.545833,-0.020593,0.029865,-0.656561,0.753400,0.742991,-0.505603,0.020629,0.006469,-0.027924,0.781132,-0.623707,0.494698,-0.486356,0.022753,0.029568,0.046381,0.594278,-0.802376,0.634605,-0.507509,0.951523
612,2.550000,-0.020608,0.029880,-0.656564,0.753396,0.742986,-0.505615,0.020630,0.006558,-0.027922,0.781111,-0.623733,0.494707,-0.486357,0.022757,0.029568,0.046499,0.594124,-0.802483,0.634575,-0.507494,0.951509
613,2.554167,-0.020478,0.029864,-0.656517,0.753442,0.742984,-0.505617,0.020627,0.006556,-0.027834,0.781156,-0.623681,0.494677,-0.486377,0.022774,0.029580,0.046604,0.594009,-0.802562,0.634547,-0.507479,0.951491
614,2.558333,-0.020285,0.029825,-0.656489,0.753473,0.742977,-0.505631,0.020625,0.006570,-0.027833,0.781150,-0.623688,0.494671,-0.486369,0.022771,0.029512,0.046644,0.593849,-0.802681,0.634520,-0.507463,0.951481
615,2.562500,-0.020256,0.029842,-0.656496,0.753467,0.742970,-0.505642,0.020632,0.006555,-0.027951,0.781075,-0.623777,0.494696,-0.486340,0.022749,0.029512,0.046696,0.593736,-0.802762,0.634487,-0.507436,0.951465
616,2.566667,-0.020084,0.029797,-0.656465,0.753500,0.742968,-0.505650,0.020624,0.006570,-0.028004,0.781041,-0.623817,0.494701,-0.486336,0.022745,0.029484,0.046699,0.593626,-0.802844,0.634448,-0.507420,0.951442
617,2.570833,-0.020106,0.029793,-0.656463,0.753501,0.742958,-0.505666,0.020623,0.006627,-0.028018,0.781031,-0.623829,0.494707,-0.486333,0.022747,0.029517,0.046716,0.593535,-0.802909,0.634420,-0.507395,0.951430
618,2.575000,-0.019969,0.029734,-0.656433,0.753533,0.742958,-0.505669,0.020614,0.006583,-0.027977,0.781034,-0.623827,0.494706,-0.486333,0.022743,0.029502,0.046785,0.593421,-0.802990,0.634390,-0.507372,0.951412
619,2.579167,-0.019949,0.029715,-0.656400,0.753563,0.742956,-0.505675,0.020623,0.006637,-0.028103,0.780991,-0.623875,0.494708,-0.486327,0.022735,0.029549,0.046869,0.593355,-0.803032,0.634345,-0.507338,0.951393
620,2.583333,-0.019917,0.029772,-0.656382,0.753578,0.742955,-0.505676,0.020623,0.006671,-0.028049,0.780976,-0.623895,0.494711,-0.486329,0.022738,0.029695,0.047007,0.593599,-0.802838,0.634471,-0.507381,0.951265
621,2.587500,-0.019859,0.029697,-0.656378,0.753586,0.742954,-0.505680,0.020618,0.006712,-0.028131,0.780986,-0.623879,0.494712,-0.486324,0.022732,0.029377,0.047001,0.593613,-0.802839,0.634436,-0.507385,0.951256
622,2.591667,-0.019729,0.029697,-0.656358,0.753607,0.742951,-0.505680,0.020614,0.006693,-0.028130,0.780994,-0.623869,0.494718,-0.486323,0.022725,0.029517,0.047059,0.593541,-0.802885,0.634399,-0.507328,0.951247
623,2.595833,-0.019712,0.029679,-0.656354,0.753611,0.742948,-0.505682,0.020613,0.006719,-0.028125,0.780973,-0.623895,0.494720,-0.486332,0.022723,0.029606,0.047114,0.593510,-0.802900,0.634350,-0.507279,0.951231
624,2.600000,-0.019751,0.029678,-0.656337,0.753625,0.742944,-0.505686,0.020612,0.006717,-0.028118,0.780968,-0.623902,0.494724,-0.486326,0.022726,0.029601,0.047150,0.593483,-0.802919,0.634301,-0.507241,0.951221
625,2.604167,-0.019684,0.029656,-0.656330,0.753633,0.742945,-0.505686,0.020609,0.006782,-0.028240,0.780956,-0.623911,0.494723,-0.486330,0.022721,0.029628,0.047193,0.593474,-0.802922,0.634259,-0.507197,0.951209
626,2.608333,-0.019596,0.029638,-0.656335,0.753632,0.742934,-0.505690,0.020608,0.006764,-0.028237,0.780935,-0.623937,0.494721,-0.486328,0.022717,0.029662,0.047232,0.593470,-0.802922,0.634216,-0.507146,0.951202
627,2.612500,-0.019581,0.029651,-0.656349,0.753621,0.742932,-0.505697,0.020615,0.006742,-0.028224,0.780931,-0.623943,0.494722,-0.486325,0.022717,0.029677,0.047299,0.593489,-0.802903,0.634163,-0.507099,0.951191
628,2.616667,-0.019458,0.029572,-0.656313,0.753658,0.742928,-0.505696,0.020608,0.006780,-0.028268,0.780930,-0.623942,0.494725,-0.486326,0.022718,0.029738,0.047370,0.593516,-0.802876,0.634122,-0.507043,0.951176
629,2.620833,-0.019496,0.029559,-0.656306,0.753664,0.742928,-0.505702,0.020610,0.006803,-0.028270,0.780928,-0.623944,0.494727,-0.486326,0.022715,0.029725,0.047370,0.593542,-0.802858,0.634063,-0.506992,0.951187
630,2.625000,-0.019355,0.029528,-0.656292,0.753681,0.742925,-0.505695,0.020607,0.006819,-0.028310,0.780920,-0.623952,0.494730,-0.486327,0.022711,0.029759,0.047436,0.593586,-0.802820,0.634017,-0.506927,0.951189
631,2.629167,-0.019343,0.029534,-0.656280,0.753691,0.742921,-0.505694,0.020608,0.006858,-0.028302,0.780913,-0.623961,0.494739,-0.486325,0.022709,0.029826,0.047524,0.593640,-0.802772,0.633971,-0.506870,0.951179
632,2.633333,-0.019225,0.029482,-0.656274,0.753701,0.742910,-0.505697,0.020606,0.006822,-0.028303,0.780934,-0.623935,0.494738,-0.486324,0.022701,0.029526,0.047343,0.593957,-0.802559,0.633774,-0.506832,0.951081
633,2.637500,-0.019081,0.029454,-0.656237,0.753738,0.742908,-0.505697,0.020604,0.006825,-0.028346,0.780913,-0.623959,0.494742,-0.486323,0.022707,0.029357,0.047299,0.594136,-0.802436,0.633639,-0.506767,0.951032
634,2.641667,-0.019129,0.029408,-0.656267,0.753713,0.742899,-0.505702,0.020611,0.006871,-0.028294,0.780918,-0.623955,0.494744,-0.486327,0.022709,0.029362,0.047372,0.594225,-0.802365,0.633574,-0.506703,0.951020
635,2.645833,-0.019055,0.029355,-0.656231,0.753748,0.742896,-0.505707,0.020611,0.006911,-0.028429,0.780919,-0.623946,0.494746,-0.486326,0.022698,0.029509,0.047518,0.594272,-0.802317,0.633546,-0.506637,0.951026
636,2.650000,-0.018954,0.029309,-0.656222,0.753760,0.742892,-0.505707,0.020607,0.006913,-0.028437,0.780915,-0.623952,0.494749,-0.486324,0.022699,0.029638,0.047616,0.594329,-0.802264,0.633510,-0.506562,0.951020
637,2.654167,-0.018782,0.029238,-0.656196,0.753790,0.742889,-0.505707,0.020604,0.006920,-0.028365,0.780899,-0.623975,0.494754,-0.486324,0.022702,0.029737,0.047728,0.594418,-0.802187,0.633460,-0.506486,0.951004
638,2.658333,-0.018800,0.029253,-0.656195,0.753790,0.742880,-0.505712,0.020604,0.006946,-0.028454,0.780899,-0.623970,0.494750,-0.486317,0.022699,0.029770,0.047764,0.594507,-0.802118,0.633404,-0.506404,0.950988
639,2.662500,-0.018808,0.029280,-0.656195,0.753789,0.742867,-0.505723,0.020610,0.006970,-0.028459,0.780891,-0.623979,0.494752,-0.486319,0.022698,0.029817,0.047831,0.594597,-0.802046,0.633337,-0.506315,0.950974
640,2.666667,-0.018550,0.029131,-0.656196,0.753800,0.742871,-0.505726,0.020602,0.006988,-0.028556,0.780885,-0.623983,0.494760,-0.486315,0.022694,0.029862,0.047946,0.594689,-0.801969,0.633267,-0.506215,0.950968
641,2.670833,-0.018572,0.029143,-0.656201,0.753794,0.742863,-0.505732,0.020608,0.007010,-0.028542,0.780880,-0.623990,0.494758,-0.486317,0.022692,0.029944,0.048046,0.594786,-0.801888,0.633196,-0.506116,0.950945
642,2.675000,-0.018658,0.029177,-0.656179,0.753810,0.742856,-0.505740,0.020610,0.007025,-0.028528,0.780875,-0.623996,0.494772,-0.486319,0.022692,0.030343,0.048391,0.594551,-0.802026,0.633278,-0.505991,0.951062
643,2.679167,-0.018528,0.029123,-0.656169,0.753825,0.742860,-0.505732,0.020605,0.007068,-0.028551,0.780876,-0.623993,0.494769,-0.486316,0.022688,0.030357,0.048449,0.594622,-0.801970,0.633197,-0.505882,0.951064
644,2.683333,-0.018471,0.029145,-0.656174,0.753820,0.742847,-0.505737,0.020605,0.007133,-0.028617,0.780867,-0.624000,0.494773,-0.486309,0.022686,0.030406,0.048490,0.594740,-0.801879,0.633118,-0.505773,0.951047
645,2.687500,-0.018408,0.029105,-0.656174,0.753824,0.742853,-0.505738,0.020608,0.007132,-0.028616,0.780848,-0.624025,0.494773,-0.486305,0.022683,0.030390,0.048558,0.594804,-0.801827,0.633032,-0.505664,0.951051
646,2.691667,-0.018430,0.029089,-0.656168,0.753829,0.742846,-0.505747,0.020610,0.007075,-0.028488,0.780854,-0.624023,0.494775,-0.486302,0.022686,0.030403,0.048617,0.594870,-0.801774,0.632948,-0.505549,0.951053
647,2.695833,-0.018382,0.029006,-0.656152,0.753847,0.742850,-0.505753,0.020604,0.007088,-0.028430,0.780869,-0.624007,0.494771,-0.486302,0.022683,0.030414,0.048700,0.594943,-0.801715,0.632881,-0.505433,0.951048
648,2.700000,-0.018352,0.029020,-0.656159,0.753842,0.742848,-0.505752,0.020611,0.007108,-0.028472,0.780835,-0.624048,0.494765,-0.486295,0.022686,0.030410,0.048738,0.595015,-0.801659,0.632784,-0.505298,0.951063
649,2.704167,-0.018349,0.028995,-0.656168,0.753835,0.742846,-0.505759,0.020618,0.007113,-0.028475,0.780824,-0.624061,0.494770,-0.486289,0.022679,0.030257,0.048588,0.595342,-0.801431,0.632590,-0.505190,0.950946
650,2.708333,-0.018279,0.029010,-0.656165,0.753838,0.742841,-0.505761,0.020621,0.007132,-0.028465,0.780815,-0.624073,0.494773,-0.486280,0.022681,0.030246,0.048595,0.595525,-0.801295,0.632455,-0.505058,0.950874
651,2.712500,-0.018272,0.029027,-0.656149,0.753851,0.742833,-0.505767,0.020626,0.007151,-0.028470,0.780809,-0.624080,0.494768,-0.486276,0.022679,0.030398,0.048585,0.595606,-0.801230,0.632388,-0.504922,0.950824
652,2.716667,-0.018243,0.029017,-0.656103,0.753893,0.742840,-0.505772,0.020629,0.007140,-0.028433,0.780818,-0.624070,0.494767,-0.486278,0.022677,0.030505,0.048551,0.595621,-0.801216,0.632329,-0.504795,0.950837
653,2.720833,-0.018212,0.028990,-0.656120,0.753880,0.742835,-0.505783,0.020625,0.007128,-0.028402,0.780814,-0.624077,0.494773,-0.486271,0.022677,0.030594,0.048491,0.595642,-0.801201,0.632273,-0.504649,0.950849
654,2.725000,-0.018122,0.028970,-0.656095,0.753904,0.742834,-0.505793,0.020625,0.007197,-0.028423,0.780780,-0.624117,0.494779,-0.486270,0.022674,0.030639,0.048475,0.595679,-0.801173,0.632195,-0.504505,0.950842
655,2.729167,-0.018107,0.028943,-0.656082,0.753917,0.742830,-0.505799,0.020626,0.007157,-0.028373,0.780802,-0.624093,0.494778,-0.486267,0.022675,0.030649,0.048449,0.595767,-0.801109,0.632092,-0.504360,0.950821
656,2.733333,-0.018177,0.028995,-0.656088,0.753908,0.742822,-0.505807,0.020635,0.007196,-0.028343,0.780797,-0.624100,0.494785,-0.486267,0.022672,0.030658,0.048445,0.595852,-0.801045,0.631993,-0.504198,0.950788
657,2.737500,-0.018161,0.029000,-0.656085,0.753911,0.742818,-0.505812,0.020640,0.007182,-0.028287,0.780780,-0.624125,0.494783,-0.486260,0.022673,0.030435,0.048331,0.595807,-0.801094,0.631926,-0.504014,0.950760
658,2.741667,-0.018185,0.028986,-0.656076,0.753919,0.742819,-0.505814,0.020649,0.007172,-0.028280,0.780786,-0.624116,0.494776,-0.486256,0.022677,0.030852,0.048492,0.595511,-0.801288,0.631999,-0.503824,0.950887
659,2.745833,-0.018108,0.028977,-0.656055,0.753939,0.742821,-0.505821,0.020655,0.007169,-0.028292,0.780778,-0.624126,0.494777,-0.486252,0.022674,0.030837,0.048493,0.595535,-0.801271,0.631909,-0.503653,0.950899
660,2.750000,-0.017930,0.028921,-0.656004,0.753990,0.742819,-0.505829,0.020654,0.007194,-0.028272,0.780766,-0.624142,0.494784,-0.486247,0.022670,0.030818,0.048536,0.595608,-0.801215,0.631796,-0.503491,0.950902
661,2.754167,-0.017912,0.028916,-0.656023,0.753974,0.742806,-0.505839,0.020648,0.007202,-0.028224,0.780764,-0.624147,0.494783,-0.486248,0.022668,0.030586,0.048307,0.595908,-0.801015,0.631586,-0.503327,0.950784
662,2.758333,-0.018021,0.028931,-0.656012,0.753980,0.742800,-0.505840,0.020659,0.007207,-0.028257,0.780757,-0.624153,0.494786,-0.486241,0.022666,0.030533,0.048210,0.596050,-0.800917,0.631433,-0.503159,0.950751
663,2.762500,-0.017911,0.028886,-0.656020,0.753978,0.742807,-0.505839,0.020665,0.007232,-0.028260,0.780768,-0.624140,0.494781,-0.486241,0.022669,0.030657,0.048201,0.596100,-0.800875,0.631343,-0.502977,0.950752
664,2.766667,-0.017894,0.028904,-0.655968,0.754023,0.742800,-0.505843,0.020680,0.007308,-0.028246,0.780727,-0.624191,0.494789,-0.486240,0.022667,0.030875,0.048218,0.596114,-0.800855,0.631286,-0.502798,0.950750
665,2.770833,-0.017811,0.028830,-0.655959,0.754036,0.742797,-0.505844,0.020677,0.007299,-0.028228,0.780740,-0.624176,0.494791,-0.486235,0.022668,0.030884,0.048122,0.596106,-0.800867,0.631210,-0.502634,0.950779
666,2.775000,-0.017737,0.028800,-0.655979,0.754021,0.742790,-0.505849,0.020675,0.007297,-0.028211,0.780713,-0.624210,0.494791,-0.486229,0.022666,0.030904,0.048104,0.596161,-0.800826,0.631125,-0.502456,0.950747
667,2.779167,-0.017698,0.028727,-0.656002,0.754004,0.742777,-0.505861,0.020677,0.007273,-0.028208,0.780699,-0.624228,0.494792,-0.486226,0.022665,0.030892,0.047964,0.596226,-0.800787,0.631039,-0.502267,0.950741
668,2.783333,-0.017729,0.028778,-0.655967,0.754032,0.742768,-0.505866,0.020695,0.007295,-0.028187,0.780688,-0.624242,0.494786,-0.486214,0.022666,0.030784,0.047772,0.596297,-0.800750,0.630935,-0.502068,0.950740
669,2.787500,-0.017633,0.028711,-0.655992,0.754016,0.742767,-0.505861,0.020691,0.007362,-0.028178,0.780666,-0.624270,0.494793,-0.486207,0.022669,0.030301,0.047415,0.596103,-0.800934,0.630698,-0.501773,0.950967
670,2.791667,-0.017578,0.028709,-0.655948,0.754055,0.742761,-0.505870,0.020695,0.007361,-0.028149,0.780674,-0.624261,0.494794,-0.486199,0.022666,0.030684,0.047541,0.596413,-0.800681,0.630733,-0.501643,0.950758
671,2.795833,-0.017655,0.028653,-0.655946,0.754057,0.742752,-0.505876,0.020700,0.007348,-0.028085,0.780657,-0.624285,0.494797,-0.486196,0.022663,0.030447,0.047362,0.596478,-0.800652,0.630650,-0.501453,0.950794
672,2.800000,-0.017600,0.028726,-0.655923,0.754076,0.742746,-0.505883,0.020716,0.007364,-0.028037,0.780634,-0.624316,0.494797,-0.486193,0.022663,0.030569,0.047485,0.596472,-0.800644,0.630570,-0.501217,0.950818
673,2.804167,-0.017468,0.028653,-0.655911,0.754092,0.742747,-0.505887,0.020719,0.007368,-0.027978,0.780623,-0.624333,0.494801,-0.486187,0.022664,0.030679,0.047405,0.596503,-0.800622,0.630488,-0.500980,0.950843
674,2.808333,-0.017400,0.028614,-0.655913,0.754093,0.742737,-0.505899,0.020724,0.007382,-0.027962,0.780603,-0.624357,0.494801,-0.486182,0.022659,0.030648,0.047239,0.596512,-0.800626,0.630401,-0.500754,0.950878
675,2.812500,-0.017428,0.028639,-0.655891,0.754111,0.742731,-0.505904,0.020745,0.007395,-0.027910,0.780590,-0.624376,0.494796,-0.486175,0.022660,0.030676,0.047077,0.596569,-0.800593,0.630324,-0.500527,0.950875
676,2.816667,-0.017354,0.028604,-0.655869,0.754133,0.742727,-0.505908,0.020748,0.007406,-0.027915,0.780548,-0.624428,0.494802,-0.486162,0.022660,0.030768,0.046958,0.596651,-0.800535,0.630253,-0.500288,0.950829
677,2.820833,-0.017311,0.028559,-0.655886,0.754121,0.742721,-0.505913,0.020752,0.007444,-0.027865,0.780527,-0.624457,0.494802,-0.486157,0.022661,0.030504,0.046603,0.596454,-0.800712,0.630048,-0.499956,0.951000
678,2.825000,-0.017299,0.028549,-0.655856,0.754148,0.742715,-0.505916,0.020763,0.007471,-0.027847,0.780496,-0.624496,0.494804,-0.486148,0.022660,0.030678,0.046581,0.596743,-0.800492,0.630078,-0.499794,0.950819
679,2.829167,-0.017331,0.028600,-0.655842,0.754157,0.742707,-0.505930,0.020772,0.007500,-0.027815,0.780490,-0.624504,0.494812,-0.486146,0.022653,0.030648,0.046051,0.596849,-0.800444,0.630031,-0.499559,0.950839
680,2.833333,-0.017306,0.028584,-0.655814,0.754183,0.742705,-0.505937,0.020778,0.007472,-0.027725,0.780481,-0.624520,0.494808,-0.486139,0.022658,0.030682,0.045924,0.596870,-0.800435,0.629968,-0.499280,0.950857
681,2.837500,-0.017245,0.028593,-0.655784,0.754210,0.742691,-0.505953,0.020793,0.007503,-0.027691,0.780447,-0.624564,0.494813,-0.486135,0.022663,0.030645,0.045777,0.596843,-0.800464,0.629899,-0.498999,0.950893
682,2.841667,-0.017166,0.028562,-0.655779,0.754217,0.742684,-0.505967,0.020800,0.007519,-0.027703,0.780425,-0.624590,0.494815,-0.486126,0.022658,0.030787,0.045744,0.596535,-0.800691,0.629965,-0.498708,0.951044
683,2.845833,-0.017089,0.028558,-0.655806,0.754196,0.742673,-0.505976,0.020793,0.007506,-0.027643,0.780420,-0.624599,0.494811,-0.486121,0.022657,0.030544,0.045175,0.596752,-0.800571,0.629793,-0.498441,0.950946
684,2.850000,-0.017067,0.028554,-0.655781,0.754218,0.742664,-0.505994,0.020804,0.007485,-0.027602,0.780386,-0.624643,0.494813,-0.486116,0.022653,0.030083,0.044979,0.596551,-0.800749,0.629564,-0.498092,0.951056
685,2.854167,-0.017125,0.028652,-0.655751,0.754239,0.742653,-0.506011,0.020822,0.007452,-0.027507,0.780367,-0.624672,0.494819,-0.486110,0.022657,0.030235,0.044658,0.596444,-0.800841,0.629477,-0.497822,0.951017
686,2.858333,-0.017169,0.028593,-0.655766,0.754227,0.742645,-0.506020,0.020832,0.007469,-0.027486,0.780344,-0.624701,0.494815,-0.486101,0.022657,0.030126,0.044378,0.596662,-0.800698,0.629547,-0.497622,0.951012
687,2.862500,-0.017158,0.028589,-0.655762,0.754231,0.742638,-0.506032,0.020844,0.007459,-0.027459,0.780352,-0.624693,0.494821,-0.486096,0.022654,0.030202,0.044024,0.596738,-0.800658,0.629550,-0.497340,0.951014
688,2.866667,-0.017172,0.028551,-0.655769,0.754226,0.742629,-0.506036,0.020852,0.007491,-0.027398,0.780324,-0.624730,0.494817,-0.486090,0.022657,0.030101,0.043758,0.596675,-0.800723,0.629463,-0.497035,0.951070
689,2.870833,-0.017259,0.028556,-0.655816,0.754183,0.742613,-0.506041,0.020858,0.007505,-0.027336,0.780309,-0.624752,0.494817,-0.486090,0.022659,0.029898,0.043581,0.596358,-0.800977,0.629283,-0.496623,0.951243
690,2.875000,-0.017231,0.028603,-0.655826,0.754173,0.742598,-0.506052,0.020873,0.007441,-0.027290,0.780357,-0.624694,0.494803,-0.486071,0.022651,0.030425,0.043828,0.595971,-0.801232,0.629358,-0.496285,0.951222
691,2.879167,-0.017276,0.028626,-0.655842,0.754158,0.742583,-0.506059,0.020894,0.007428,-0.027226,0.780331,-0.624730,0.494802,-0.486066,0.022648,0.030470,0.043557,0.595864,-0.801324,0.629328,-0.495968,0.951214
692,2.883333,-0.017320,0.028678,-0.655864,0.754136,0.742567,-0.506067,0.020912,0.007466,-0.027228,0.780324,-0.624738,0.494800,-0.486059,0.022651,0.030014,0.042977,0.596128,-0.801176,0.629387,-0.495726,0.951237
693,2.887500,-0.017592,0.028762,-0.655883,0.754110,0.742549,-0.506075,0.020939,0.007415,-0.027146,0.780293,-0.624780,0.494801,-0.486054,0.022656,0.030246,0.042629,0.596132,-0.801184,0.629442,-0.495407,0.951227
694,2.891667,-0.017588,0.028858,-0.655892,0.754098,0.742529,-0.506085,0.020951,0.007366,-0.027037,0.780287,-0.624794,0.494795,-0.486050,0.022657,0.029910,0.042381,0.595988,-0.801316,0.629362,-0.495086,0.951313
695,2.895833,-0.017553,0.028722,-0.655890,0.754105,0.742538,-0.506084,0.020943,0.007377,-0.026976,0.780261,-0.624829,0.494798,-0.486051,0.022666,0.029993,0.042670,0.595642,-0.801555,0.629232,-0.494638,0.951411
696,2.900000,-0.017647,0.028773,-0.655880,0.754110,0.742536,-0.506086,0.020958,0.007367,-0.026924,0.780255,-0.624839,0.494797,-0.486039,0.022662,0.029386,0.042706,0.595472,-0.801702,0.629084,-0.494334,0.951462
697,2.904167,-0.017595,0.028721,-0.655900,0.754096,0.742549,-0.506083,0.020961,0.007357,-0.026845,0.780201,-0.624910,0.494804,-0.486034,0.022668,0.029048,0.042297,0.595318,-0.801850,0.629075,-0.493952,0.951417
698,2.908333,-0.017648,0.028729,-0.655930,0.754069,0.742549,-0.506090,0.020958,0.007353,-0.026805,0.780192,-0.624923,0.494797,-0.486028,0.022664,0.029169,0.041201,0.595521,-0.801752,0.629293,-0.493638,0.951159
699,2.912500,-0.017681,0.028761,-0.655931,0.754066,0.742555,-0.506089,0.020966,0.007298,-0.026711,0.780174,-0.624949,0.494799,-0.486026,0.022665,0.029390,0.041010,0.595444,-0.801811,0.629303,-0.493266,0.951304
700,2.916667,-0.017654,0.028730,-0.655944,0.754056,0.742561,-0.506081,0.020969,0.007348,-0.026749,0.780139,-0.624991,0.494793,-0.486015,0.022666,0.029081,0.041206,0.595286,-0.801929,0.629025,-0.492790,0.951397
701,2.920833,-0.017910,0.028827,-0.655962,0.754030,0.742565,-0.506078,0.020989,0.007295,-0.026610,0.780136,-0.625001,0.494792,-0.486012,0.022671,0.029399,0.041243,0.595229,-0.801958,0.628921,-0.492425,0.951266
702,2.925000,-0.017958,0.028853,-0.655968,0.754023,0.742565,-0.506077,0.020993,0.007339,-0.026562,0.780101,-0.625047,0.494797,-0.486006,0.022668,0.029282,0.041101,0.595136,-0.802039,0.628844,-0.492065,0.951229
703,2.929167,-0.018014,0.028904,-0.655982,0.754008,0.742576,-0.506071,0.021008,0.007347,-0.026547,0.780092,-0.625058,0.494791,-0.485998,0.022668,0.029257,0.040302,0.595423,-0.801867,0.628950,-0.491771,0.951130
704,2.933333,-0.018080,0.028902,-0.655970,0.754017,0.742583,-0.506074,0.021015,0.007309,-0.026449,0.780049,-0.625117,0.494790,-0.485991,0.022670,0.028855,0.039600,0.595343,-0.801977,0.628982,-0.491431,0.951175
705,2.937500,-0.018199,0.028896,-0.655969,0.754015,0.742591,-0.506065,0.021019,0.007303,-0.026407,0.780045,-0.625123,0.494797,-0.485989,0.022677,0.028952,0.040193,0.594543,-0.802537,0.628999,-0.490898,0.951534
706,2.941667,-0.018351,0.028996,-0.655967,0.754009,0.742596,-0.506058,0.021033,0.007295,-0.026303,0.780026,-0.625151,0.494796,-0.485984,0.022681,0.029256,0.040166,0.594282,-0.802721,0.628992,-0.490469,0.951429
707,2.945833,-0.018414,0.028977,-0.655951,0.754022,0.742619,-0.506048,0.021036,0.007298,-0.026270,0.780013,-0.625170,0.494806,-0.485982,0.022686,0.029223,0.040020,0.594067,-0.802888,0.628998,-0.490053,0.951383
708,2.950000,-0.018735,0.029145,-0.655976,0.753986,0.742619,-0.506052,0.021053,0.007311,-0.026256,0.779993,-0.625194,0.494805,-0.485976,0.022680,0.028893,0.039199,0.594477,-0.802637,0.629018,-0.489700,0.951243
709,2.954167,-0.018829,0.029162,-0.655971,0.753988,0.742637,-0.506046,0.021053,0.007284,-0.026159,0.779970,-0.625227,0.494811,-0.485972,0.022683,0.028495,0.038524,0.594480,-0.802682,0.629019,-0.489310,0.951240
710,2.958333,-0.018982,0.029297,-0.655965,0.753983,0.742656,-0.506036,0.021071,0.007316,-0.026157,0.779958,-0.625243,0.494814,-0.485966,0.022690,0.028242,0.039215,0.593920,-0.803071,0.628908,-0.488755,0.951473
711,2.962500,-0.019146,0.029289,-0.655978,0.753968,0.742670,-0.506031,0.021065,0.007328,-0.026130,0.779944,-0.625261,0.494816,-0.485957,0.022687,0.028475,0.039194,0.593608,-0.803295,0.628902,-0.488324,0.951367
712,2.966667,-0.019427,0.029423,-0.655930,0.753998,0.742695,-0.506023,0.021083,0.007354,-0.026051,0.779898,-0.625320,0.494822,-0.485954,0.022695,0.028820,0.038962,0.593059,-0.803699,0.629063,-0.487874,0.951459
713,2.970833,-0.019586,0.029520,-0.655934,0.753987,0.742719,-0.506016,0.021096,0.007386,-0.026015,0.779878,-0.625347,0.494827,-0.485951,0.022699,0.028515,0.038218,0.593140,-0.803686,0.629218,-0.487515,0.951412
714,2.975000,-0.019718,0.029615,-0.655971,0.753947,0.742732,-0.506007,0.021100,0.007347,-0.025955,0.779871,-0.625359,0.494836,-0.485945,0.022704,0.027687,0.038179,0.592794,-0.803972,0.629099,-0.487004,0.951711
715,2.979167,-0.019923,0.029746,-0.656012,0.753901,0.742745,-0.506000,0.021105,0.007355,-0.025942,0.779853,-0.625382,0.494840,-0.485940,0.022707,0.028060,0.038422,0.592454,-0.804198,0.629106,-0.486538,0.951659
716,2.983333,-0.020105,0.029748,-0.656013,0.753895,0.742766,-0.505984,0.021109,0.007337,-0.025881,0.779825,-0.625420,0.494846,-0.485936,0.022707,0.028029,0.038256,0.592263,-0.804348,0.629108,-0.486120,0.951595
717,2.987500,-0.020313,0.029844,-0.655990,0.753905,0.742789,-0.505971,0.021123,0.007370,-0.025905,0.779802,-0.625446,0.494853,-0.485928,0.022709,0.027347,0.037349,0.592649,-0.804130,0.629132,-0.485757,0.951359
718,2.991667,-0.020698,0.029998,-0.656001,0.753879,0.742808,-0.505960,0.021145,0.007407,-0.025831,0.779765,-0.625496,0.494858,-0.485923,0.022713,0.026844,0.036879,0.592591,-0.804211,0.629137,-0.485282,0.951276
719,2.995833,-0.020868,0.030067,-0.656028,0.753849,0.742817,-0.505942,0.021145,0.007397,-0.025777,0.779762,-0.625502,0.494862,-0.485916,0.022719,0.026659,0.037106,0.591531,-0.804987,0.629251,-0.484726,0.951773
720,3.000000,-0.020978,0.030189,-0.656041,0.753830,0.742840,-0.505920,0.021152,0.007377,-0.025717,0.779737,-0.625535,0.494865,-0.485909,0.022724,0.026854,0.037143,0.591177,-0.805239,0.629275,-0.484271,0.951733
721,3.004167,-0.021264,0.030268,-0.656049,0.753811,0.742850,-0.505904,0.021158,0.007382,-0.025653,0.779713,-0.625567,0.494868,-0.485905,0.022729,0.026692,0.036708,0.590981,-0.805407,0.629275,-0.483830,0.951718
722,3.008333,-0.021713,0.030457,-0.656048,0.753792,0.742869,-0.505886,0.021174,0.007392,-0.025614,0.779696,-0.625590,0.494873,-0.485902,0.022732,0.026450,0.036156,0.591016,-0.805415,0.629402,-0.483440,0.951656
723,3.012500,-0.021841,0.030561,-0.656070,0.753765,0.742885,-0.505862,0.021186,0.007400,-0.025514,0.779671,-0.625626,0.494877,-0.485893,0.022740,0.025788,0.035938,0.590539,-0.805796,0.629355,-0.482886,0.951954
724,3.016667,-0.022261,0.030760,-0.656064,0.753750,0.742914,-0.505846,0.021202,0.007364,-0.025436,0.779654,-0.625650,0.494883,-0.485889,0.022746,0.025846,0.035818,0.590131,-0.806098,0.629385,-0.482398,0.951888
725,3.020833,-0.022476,0.030810,-0.656078,0.753729,0.742944,-0.505817,0.021202,0.007313,-0.025367,0.779652,-0.625656,0.494881,-0.485884,0.022751,0.025423,0.035583,0.589799,-0.806365,0.629415,-0.481963,0.951851
726,3.025000,-0.022843,0.030922,-0.656055,0.753733,0.742967,-0.505793,0.021225,0.007340,-0.025341,0.779630,-0.625685,0.494885,-0.485880,0.022757,0.024736,0.034922,0.590068,-0.806219,0.629434,-0.481597,0.951610
727,3.029167,-0.023177,0.031087,-0.656080,0.753694,0.742991,-0.505765,0.021240,0.007305,-0.025357,0.779589,-0.625735,0.494882,-0.485872,0.022755,0.024854,0.034459,0.589669,-0.806527,0.629647,-0.481148,0.951704
728,3.033333,-0.023481,0.031162,-0.656094,0.753670,0.743016,-0.505736,0.021236,0.007228,-0.025325,0.779581,-0.625748,0.494872,-0.485864,0.022757,0.024357,0.034055,0.589325,-0.806810,0.629671,-0.480664,0.951736
729,3.037500,-0.023893,0.031384,-0.656080,0.753660,0.743041,-0.505709,0.021259,0.007200,-0.025276,0.779568,-0.625766,0.494874,-0.485861,0.022761,0.024004,0.033687,0.588974,-0.807092,0.629731,-0.480193,0.951807
730,3.041667,-0.024142,0.031460,-0.656101,0.753630,0.743066,-0.505672,0.021261,0.007190,-0.025313,0.779547,-0.625791,0.494863,-0.485850,0.022762,0.023624,0.033268,0.588632,-0.807371,0.629789,-0.479749,0.951879
731,3.045833,-0.024545,0.031618,-0.656107,0.753606,0.743099,-0.505635,0.021275,0.007153,-0.025217,0.779520,-0.625829,0.494870,-0.485849,0.022770,0.023208,0.032776,0.588411,-0.807564,0.629821,-0.479313,0.951917
732,3.050000,-0.024987,0.031759,-0.656142,0.753554,0.743109,-0.505604,0.021297,0.007129,-0.025031,0.779558,-0.625789,0.494843,-0.485874,0.022797,0.022880,0.032242,0.588143,-0.807790,0.629854,-0.478861,0.951965
733,3.054167,-0.025304,0.031825,-0.656159,0.753526,0.743140,-0.505564,0.021311,0.007095,-0.025122,0.779538,-0.625811,0.494844,-0.485838,0.022784,0.022535,0.031760,0.587811,-0.808060,0.629902,-0.478416,0.952029
734,3.058333,-0.025460,0.031911,-0.656162,0.753515,0.743172,-0.505523,0.021315,0.007082,-0.025127,0.779497,-0.625862,0.494853,-0.485828,0.022790,0.021784,0.031442,0.587167,-0.808561,0.629778,-0.477865,0.952387
735,3.062500,-0.025700,0.031893,-0.656169,0.753502,0.743200,-0.505478,0.021328,0.007005,-0.025100,0.779509,-0.625849,0.494846,-0.485825,0.022789,0.021454,0.030798,0.587146,-0.808610,0.629935,-0.477512,0.952236
736,3.066667,-0.026032,0.031962,-0.656182,0.753476,0.743230,-0.505441,0.021344,0.007040,-0.025110,0.779481,-0.625883,0.494850,-0.485823,0.022797,0.021074,0.030475,0.586909,-0.808805,0.630010,-0.477101,0.952282
737,3.070833,-0.026464,0.032059,-0.656202,0.753439,0.743258,-0.505388,0.021355,0.007029,-0.025126,0.779479,-0.625884,0.494842,-0.485822,0.022809,0.020529,0.029841,0.586562,-0.809094,0.630051,-0.476659,0.952333
738,3.075000,-0.026939,0.032131,-0.656215,0.753408,0.743298,-0.505315,0.021382,0.006949,-0.025022,0.779483,-0.625885,0.494842,-0.485825,0.022817,0.020019,0.029461,0.586013,-0.809518,0.629964,-0.476143,0.952567
739,3.079167,-0.028329,0.032360,-0.656112,0.753437,0.743378,-0.505223,0.021488,0.006892,-0.024926,0.779479,-0.625895,0.494837,-0.485831,0.022823,0.019679,0.028764,0.585952,-0.809596,0.630146,-0.475807,0.952404
740,3.083333,-0.029266,0.032489,-0.656067,0.753435,0.743424,-0.505175,0.021570,0.006865,-0.024892,0.779449,-0.625933,0.494825,-0.485833,0.022831,0.019013,0.028450,0.585690,-0.809813,0.630187,-0.475395,0.952512
741,3.087500,-0.030088,0.032672,-0.656070,0.753392,0.743447,-0.505147,0.021633,0.006842,-0.024816,0.779417,-0.625977,0.494820,-0.485828,0.022840,0.018859,0.027975,0.585397,-0.810044,0.630216,-0.474942,0.952642
742,3.091667,-0.030813,0.032851,-0.656080,0.753346,0.743480,-0.505113,0.021684,0.006804,-0.024756,0.779411,-0.625987,0.494802,-0.485825,0.022843,0.018667,0.027511,0.585135,-0.810254,0.630263,-0.474482,0.952695
743,3.095833,-0.031191,0.033043,-0.656084,0.753319,0.743522,-0.505083,0.021716,0.006668,-0.024679,0.779390,-0.626017,0.494792,-0.485827,0.022852,0.018108,0.027081,0.584872,-0.810471,0.630296,-0.474041,0.952727
744,3.100000,-0.031486,0.033176,-0.656082,0.753302,0.743562,-0.505042,0.021727,0.006607,-0.024562,0.779379,-0.626036,0.494780,-0.485830,0.022854,0.017653,0.027084,0.584313,-0.810884,0.630209,-0.473560,0.953010
745,3.104167,-0.031751,0.033263,-0.656121,0.753254,0.743597,-0.505003,0.021724,0.006554,-0.024399,0.779385,-0.626036,0.494768,-0.485832,0.022867,0.017597,0.026307,0.584317,-0.810908,0.630408,-0.473209,0.952846
746,3.108333,-0.031983,0.033429,-0.656147,0.753214,0.743616,-0.504974,0.021722,0.006556,-0.024376,0.779348,-0.626082,0.494755,-0.485829,0.022870,0.016743,0.025897,0.584060,-0.811125,0.630454,-0.472818,0.952916
747,3.112500,-0.032133,0.033461,-0.656214,0.753147,0.743641,-0.504936,0.021715,0.006491,-0.024327,0.779344,-0.626090,0.494739,-0.485830,0.022866,0.016556,0.025567,0.583763,-0.811352,0.630511,-0.472372,0.952992
748,3.116667,-0.032293,0.033613,-0.656309,0.753051,0.743660,-0.504897,0.021713,0.006465,-0.024247,0.779307,-0.626139,0.494734,-0.485828,0.022873,0.016630,0.025538,0.583275,-0.811703,0.630468,-0.471847,0.953186
749,3.120833,-0.032685,0.033769,-0.656365,0.752979,0.743687,-0.504866,0.021716,0.006401,-0.024137,0.779294,-0.626160,0.494729,-0.485822,0.022882,0.016125,0.025182,0.583037,-0.811895,0.630508,-0.471445,0.953065
750,3.125000,-0.032940,0.033914,-0.656437,0.752898,0.743720,-0.504828,0.021725,0.006370,-0.024100,0.779285,-0.626174,0.494709,-0.485821,0.022882,0.015422,0.024308,0.583047,-0.811928,0.630660,-0.471107,0.953013
751,3.129167,-0.033249,0.034149,-0.656484,0.752833,0.743757,-0.504802,0.021732,0.006341,-0.024023,0.779274,-0.626190,0.494709,-0.485818,0.022889,0.014990,0.023625,0.582859,-0.812092,0.630727,-0.470711,0.953135
752,3.133333,-0.033058,0.034143,-0.656614,0.752728,0.743762,-0.504784,0.021703,0.006259,-0.023979,0.779275,-0.626192,0.494697,-0.485818,0.022884,0.015529,0.023962,0.582393,-0.812405,0.630714,-0.470144,0.953382
753,3.137500,-0.033491,0.034419,-0.656605,0.752704,0.743803,-0.504764,0.021711,0.006209,-0.023883,0.779258,-0.626217,0.494687,-0.485817,0.022888,0.015438,0.023793,0.582180,-0.812565,0.630746,-0.469713,0.953277
754,3.141667,-0.033493,0.034522,-0.656645,0.752665,0.743845,-0.504736,0.021687,0.006199,-0.023771,0.779243,-0.626240,0.494686,-0.485810,0.022898,0.015744,0.023774,0.582009,-0.812682,0.630799,-0.469229,0.953305
755,3.145833,-0.033673,0.034679,-0.656642,0.752651,0.743878,-0.504713,0.021683,0.006188,-0.023747,0.779222,-0.626267,0.494685,-0.485801,0.022904,0.018465,0.025036,0.582085,-0.812533,0.630979,-0.468374,0.953964
756,3.150000,-0.033928,0.034867,-0.656669,0.752608,0.743915,-0.504678,0.021708,0.006132,-0.023629,0.779201,-0.626298,0.494663,-0.485795,0.022904,0.018108,0.024614,0.581936,-0.812661,0.631076,-0.467977,0.954003
757,3.154167,-0.034448,0.035109,-0.656708,0.752540,0.743937,-0.504645,0.021738,0.006095,-0.023565,0.779191,-0.626313,0.494655,-0.485795,0.022912,0.018519,0.025239,0.581462,-0.812971,0.631087,-0.467419,0.954208
758,3.158333,-0.034952,0.035330,-0.656718,0.752497,0.743979,-0.504605,0.021776,0.006049,-0.023457,0.779188,-0.626323,0.494645,-0.485790,0.022917,0.018204,0.025128,0.581209,-0.813163,0.631111,-0.467026,0.954146
759,3.162500,-0.035477,0.035549,-0.656738,0.752444,0.744004,-0.504574,0.021800,0.005949,-0.023232,0.779175,-0.626348,0.494635,-0.485782,0.022927,0.017863,0.024774,0.581118,-0.813246,0.631138,-0.466612,0.954066
760,3.166667,-0.035840,0.035650,-0.656746,0.752415,0.744048,-0.504544,0.021829,0.005919,-0.023114,0.779159,-0.626372,0.494617,-0.485770,0.022938,0.016999,0.023253,0.581242,-0.813221,0.631273,-0.466276,0.954043
761,3.170833,-0.036183,0.035817,-0.656774,0.752367,0.744086,-0.504506,0.021856,0.005838,-0.023036,0.779168,-0.626364,0.494596,-0.485764,0.022938,0.016297,0.022652,0.581139,-0.813326,0.631334,-0.465893,0.954118
762,3.175000,-0.036599,0.035915,-0.656768,0.752347,0.744120,-0.504468,0.021876,0.005795,-0.022833,0.779158,-0.626384,0.494581,-0.485758,0.022948,0.011704,0.019756,0.580668,-0.813816,0.631390,-0.466091,0.953471
763,3.179167,-0.036998,0.036129,-0.656739,0.752343,0.744160,-0.504431,0.021910,0.005714,-0.022681,0.779153,-0.626397,0.494564,-0.485750,0.022957,0.011469,0.019387,0.580509,-0.813942,0.631485,-0.465699,0.953458
764,3.183333,-0.037502,0.036436,-0.656727,0.752314,0.744207,-0.504392,0.021964,0.005691,-0.022523,0.779139,-0.626421,0.494551,-0.485744,0.022957,0.011167,0.018921,0.580364,-0.814061,0.631579,-0.465255,0.953441
765,3.187500,-0.037882,0.036601,-0.656716,0.752297,0.744236,-0.504358,0.021993,0.005593,-0.022371,0.779152,-0.626411,0.494526,-0.485737,0.022958,0.011352,0.018441,0.580221,-0.814171,0.631658,-0.464768,0.953528
766,3.191667,-0.038181,0.036744,-0.656696,0.752291,0.744270,-0.504328,0.022032,0.005518,-0.022196,0.779140,-0.626433,0.494512,-0.485730,0.022958,0.014991,0.020357,0.580275,-0.814028,0.631783,-0.463795,0.954168
767,3.195833,-0.037984,0.036852,-0.656637,0.752348,0.744341,-0.504265,0.022082,0.005454,-0.022050,0.779132,-0.626448,0.494489,-0.485722,0.022961,0.014841,0.019997,0.580102,-0.814163,0.631895,-0.463368,0.954209
768,3.200000,-0.038404,0.037168,-0.656567,0.752372,0.744388,-0.504215,0.022144,0.005377,-0.021793,0.779124,-0.626468,0.494468,-0.485713,0.022969,0.010235,0.017241,0.579715,-0.814572,0.631934,-0.463523,0.953527
769,3.204167,-0.039400,0.037855,-0.656463,0.752377,0.744444,-0.504162,0.022251,0.005286,-0.021587,0.779114,-0.626489,0.494445,-0.485703,0.022976,0.009767,0.016698,0.579533,-0.814719,0.632014,-0.463096,0.953577
770,3.208333,-0.040539,0.038418,-0.656344,0.752392,0.744502,-0.504107,0.022356,0.005229,-0.021391,0.779110,-0.626500,0.494413,-0.485684,0.022975,0.009194,0.016155,0.579394,-0.814835,0.632095,-0.462658,0.953552
771,3.212500,-0.041766,0.038910,-0.656155,0.752464,0.744577,-0.504044,0.022499,0.005208,-0.021154,0.779077,-0.626550,0.494380,-0.485666,0.022980,0.008899,0.015680,0.579202,-0.814985,0.632200,-0.462205,0.953542
772,3.216667,-0.042998,0.039341,-0.655984,0.752522,0.744664,-0.503967,0.022642,0.005007,-0.020814,0.779085,-0.626553,0.494342,-0.485652,0.022984,0.008624,0.015305,0.578985,-0.815149,0.632297,-0.461736,0.953549
773,3.220833,-0.044262,0.039880,-0.655812,0.752570,0.744787,-0.503871,0.022794,0.004843,-0.020358,0.779096,-0.626556,0.494316,-0.485645,0.022998,0.008153,0.014891,0.578742,-0.815334,0.632409,-0.461291,0.953528
774,3.225000,-0.046392,0.041457,-0.655593,0.752547,0.744938,-0.503769,0.023038,0.004673,-0.019957,0.779099,-0.626565,0.494275,-0.485631,0.023005,0.007721,0.014484,0.578445,-0.815556,0.632533,-0.460817,0.953538
775,3.229167,-0.048426,0.042830,-0.655336,0.752566,0.745082,-0.503661,0.023256,0.004500,-0.019509,0.779111,-0.626567,0.494220,-0.485616,0.023010,0.007237,0.014146,0.578200,-0.815741,0.632647,-0.460342,0.953523
776,3.233333,-0.050504,0.043622,-0.655091,0.752597,0.745195,-0.503549,0.023452,0.004312,-0.019047,0.779118,-0.626573,0.494165,-0.485599,0.023015,0.006859,0.013857,0.577968,-0.815913,0.632738,-0.459867,0.953508
777,3.237500,-0.052842,0.045215,-0.654833,0.752567,0.745324,-0.503420,0.023696,0.004073,-0.018519,0.779109,-0.626602,0.494105,-0.485582,0.023024,0.006738,0.013448,0.577677,-0.816127,0.632858,-0.459369,0.953494
778,3.241667,-0.055883,0.047048,-0.654483,0.752540,0.745473,-0.503283,0.024014,0.003883,-0.018092,0.779144,-0.626572,0.494042,-0.485567,0.023026,0.006475,0.013087,0.577308,-0.816396,0.633012,-0.458854,0.953464
779,3.245833,-0.059405,0.047002,-0.653594,0.753045,0.745548,-0.503076,0.024179,0.003589,-0.017514,0.779162,-0.626567,0.493968,-0.485545,0.023039,0.006126,0.012704,0.576863,-0.816719,0.633190,-0.458367,0.953495
780,3.250000,-0.063391,0.048117,-0.652818,0.753323,0.745694,-0.502899,0.024374,0.003342,-0.017038,0.779193,-0.626544,0.493899,-0.485531,0.023035,0.005358,0.012279,0.576529,-0.816967,0.633302,-0.457904,0.953431
781,3.254167,-0.066386,0.049727,-0.652019,0.753652,0.745947,-0.502733,0.024715,0.003171,-0.016377,0.779361,-0.626353,0.493818,-0.485540,0.023061,0.009645,0.012646,0.576352,-0.817047,0.633508,-0.456844,0.954217
782,3.258333,-0.069600,0.051901,-0.651181,0.753940,0.746202,-0.502588,0.025096,0.002956,-0.015912,0.779369,-0.626356,0.493755,-0.485525,0.023061,0.009080,0.012176,0.575884,-0.817391,0.633625,-0.456344,0.954308
783,3.262500,-0.073194,0.054412,-0.650302,0.754182,0.746487,-0.502462,0.025554,0.002762,-0.015449,0.779388,-0.626345,0.493683,-0.485507,0.023066,0.008869,0.011926,0.575307,-0.817803,0.633848,-0.455839,0.954276
784,3.266667,-0.076251,0.056779,-0.649663,0.754255,0.746735,-0.502284,0.025985,0.002511,-0.014920,0.779400,-0.626344,0.493627,-0.485486,0.023077,0.008494,0.011696,0.574805,-0.818163,0.634028,-0.455367,0.954260
785,3.270833,-0.079261,0.058377,-0.648991,0.754400,0.747037,-0.502125,0.026394,0.002315,-0.014459,0.779441,-0.626305,0.493557,-0.485465,0.023084,0.007860,0.011137,0.574394,-0.818466,0.634172,-0.454874,0.954180
786,3.275000,-0.081024,0.060896,-0.647310,0.755458,0.747686,-0.502068,0.026504,0.002088,-0.013993,0.779458,-0.626294,0.493491,-0.485449,0.023079,0.007861,0.010808,0.573954,-0.818778,0.634377,-0.454382,0.954151
787,3.279167,-0.083099,0.062841,-0.646864,0.755455,0.747940,-0.501912,0.026772,0.001902,-0.013606,0.779471,-0.626288,0.493418,-0.485432,0.023088,0.007414,0.010605,0.573454,-0.819136,0.634565,-0.453897,0.954165
788,3.283333,-0.088604,0.066585,-0.645781,0.755436,0.748463,-0.501731,0.027504,0.001714,-0.013132,0.779501,-0.626260,0.493361,-0.485417,0.023101,0.007073,0.010638,0.572899,-0.819527,0.634824,-0.453420,0.954139
789,3.287500,-0.096024,0.069629,-0.644471,0.755373,0.748718,-0.501561,0.028185,0.001526,-0.012725,0.779523,-0.626242,0.493311,-0.485403,0.023105,0.006595,0.010242,0.572446,-0.819852,0.635025,-0.452959,0.954072
790,3.291667,-0.102892,0.071562,-0.642685,0.755809,0.749297,-0.501346,0.028944,0.001414,-0.012419,0.779543,-0.626224,0.493257,-0.485385,0.023107,0.006290,0.009947,0.571989,-0.820177,0.635242,-0.452510,0.953975
791,3.295833,-0.107627,0.073167,-0.641173,0.756281,0.749699,-0.501194,0.029413,0.001545,-0.011738,0.779579,-0.626192,0.493164,-0.485300,0.023195,0.006120,0.010475,0.571360,-0.820610,0.635524,-0.452025,0.953957
792,3.300000,-0.113218,0.076324,-0.639987,0.756157,0.750135,-0.501021,0.029954,0.001420,-0.011454,0.779579,-0.626198,0.493136,-0.485290,0.023206,0.001028,0.010355,0.570725,-0.821075,0.635715,-0.452104,0.953034
793,3.304167,-0.116855,0.077904,-0.638815,0.756434,0.750693,-0.500798,0.030404,0.001391,-0.011168,0.779584,-0.626197,0.493098,-0.485292,0.023210,0.000525,0.010384,0.570312,-0.821362,0.635989,-0.451700,0.952983
794,3.308333,-0.120212,0.079368,-0.637597,0.756783,0.751396,-0.500529,0.030911,0.001156,-0.010739,0.779577,-0.626213,0.493083,-0.485292,0.023213,0.000427,0.010490,0.569940,-0.821619,0.636275,-0.451287,0.952969
795,3.312500,-0.121878,0.079064,-0.636219,0.757707,0.752282,-0.500255,0.031210,0.001241,-0.010754,0.779632,-0.626144,0.493052,-0.485273,0.023232,0.000097,0.010537,0.569402,-0.821992,0.636581,-0.450852,0.952979
796,3.316667,-0.125611,0.080423,-0.634523,0.758376,0.753088,-0.499969,0.031527,0.001056,-0.010425,0.779629,-0.626154,0.493053,-0.485268,0.023229,-0.000293,0.010552,0.569043,-0.822240,0.636873,-0.450450,0.952931
797,3.320833,-0.127985,0.081765,-0.632951,0.759149,0.753941,-0.499739,0.031992,0.001111,-0.010469,0.779656,-0.626120,0.493026,-0.485252,0.023246,-0.001110,0.010607,0.568656,-0.822507,0.637222,-0.450052,0.952786
798,3.325000,-0.129561,0.082636,-0.631304,0.760159,0.754922,-0.499518,0.032542,0.001072,-0.010386,0.779676,-0.626096,0.493015,-0.485243,0.023252,-0.001677,0.010687,0.568342,-0.822721,0.637551,-0.449681,0.952699
799,3.329167,-0.130249,0.082810,-0.629615,0.761421,0.755970,-0.499317,0.032989,0.001113,-0.010353,0.779750,-0.626004,0.493000,-0.485231,0.023257,-0.002035,0.010840,0.568028,-0.822935,0.637888,-0.449329,0.952691
800,3.333333,-0.130592,0.082264,-0.627962,0.762786,0.757120,-0.499170,0.033427,0.001114,-0.010292,0.779818,-0.625921,0.492986,-0.485216,0.023264,-0.002660,0.011030,0.567748,-0.823124,0.638185,-0.448980,0.952678
801,3.337500,-0.130027,0.081676,-0.626372,0.764251,0.758455,-0.498978,0.033956,0.000957,-0.009999,0.779835,-0.625904,0.492991,-0.485212,0.023263,-0.002942,0.011195,0.567492,-0.823298,0.638536,-0.448631,0.952623
802,3.341667,-0.129913,0.081007,-0.624578,0.765809,0.759961,-0.498741,0.034515,0.000958,-0.009931,0.779925,-0.625793,0.492978,-0.485194,0.023276,-0.003463,0.011505,0.567199,-0.823493,0.638959,-0.448289,0.952554
803,3.345833,-0.129307,0.079766,-0.622370,0.767837,0.761567,-0.498557,0.035014,0.000943,-0.009883,0.779942,-0.625773,0.492973,-0.485187,0.023276,-0.003604,0.011862,0.567022,-0.823609,0.639357,-0.447960,0.952567
804,3.350000,-0.128335,0.078250,-0.620348,0.769789,0.763278,-0.498409,0.035459,0.001027,-0.009869,0.779984,-0.625721,0.492970,-0.485173,0.023285,-0.004030,0.011968,0.566877,-0.823706,0.639732,-0.447641,0.952558
805,3.354167,-0.126095,0.076282,-0.618280,0.772018,0.765169,-0.498260,0.035958,0.001165,-0.010089,0.780053,-0.625631,0.492958,-0.485153,0.023295,-0.004603,0.011965,0.566827,-0.823737,0.640107,-0.447369,0.952444
806,3.358333,-0.123780,0.074529,-0.616633,0.773878,0.766862,-0.498228,0.036692,0.001238,-0.010164,0.780116,-0.625552,0.492960,-0.485137,0.023295,-0.004707,0.012014,0.566749,-0.823789,0.640541,-0.447111,0.952399
807,3.362500,-0.121047,0.072341,-0.614589,0.776141,0.768990,-0.498275,0.037202,0.001141,-0.010021,0.780147,-0.625515,0.492977,-0.485127,0.023294,-0.005081,0.012136,0.566694,-0.823823,0.640963,-0.446845,0.952373
808,3.366667,-0.120108,0.070976,-0.611321,0.778988,0.771423,-0.498112,0.037498,0.001204,-0.010095,0.780181,-0.625471,0.492981,-0.485109,0.023292,-0.005888,0.012486,0.566613,-0.823868,0.641397,-0.446577,0.952383
809,3.370833,-0.119241,0.069627,-0.607987,0.781848,0.774098,-0.497943,0.037885,0.001251,-0.010128,0.780222,-0.625420,0.492974,-0.485102,0.023298,-0.006247,0.012632,0.566627,-0.823854,0.641837,-0.446342,0.952399
810,3.375000,-0.117893,0.067748,-0.604836,0.784656,0.776762,-0.497846,0.038281,0.001227,-0.010149,0.780278,-0.625349,0.492970,-0.485091,0.023290,-0.006614,0.012723,0.566682,-0.823812,0.642259,-0.446137,0.952431
811,3.379167,-0.115896,0.065501,-0.601792,0.787479,0.779519,-0.497856,0.038603,0.001257,-0.010189,0.780322,-0.625294,0.492985,-0.485086,0.023296,-0.006441,0.012706,0.566777,-0.823748,0.642726,-0.445942,0.952409
812,3.383333,-0.113077,0.063302,-0.598970,0.790216,0.782321,-0.497954,0.038851,0.001314,-0.010266,0.780370,-0.625233,0.492980,-0.485079,0.023300,-0.006893,0.012613,0.566924,-0.823645,0.643162,-0.445776,0.952336
813,3.387500,-0.109939,0.060950,-0.596039,0.793055,0.785243,-0.498080,0.039147,0.001331,-0.010385,0.780416,-0.625173,0.492977,-0.485069,0.023290,-0.007361,0.012535,0.567082,-0.823533,0.643602,-0.445655,0.952298
814,3.391667,-0.108204,0.058670,-0.593168,0.795614,0.788207,-0.498237,0.039462,0.001456,-0.010464,0.780465,-0.625110,0.492978,-0.485061,0.023299,-0.008309,0.012627,0.567144,-0.823480,0.644066,-0.445508,0.952354
815,3.395833,-0.106923,0.056942,-0.590191,0.798123,0.791283,-0.498463,0.039802,0.001496,-0.010514,0.780504,-0.625060,0.492980,-0.485059,0.023297,-0.008677,0.012556,0.567328,-0.823351,0.644540,-0.445392,0.952371
816,3.400000,-0.105607,0.055484,-0.587190,0.800610,0.794470,-0.498719,0.040111,0.001518,-0.010572,0.780552,-0.624999,0.492989,-0.485058,0.023293,-0.009183,0.012344,0.567420,-0.823285,0.644998,-0.445306,0.952431
817,3.404167,-0.103542,0.053459,-0.584265,0.803153,0.797754,-0.498971,0.040314,0.001613,-0.010721,0.780598,-0.624939,0.492992,-0.485050,0.023289,-0.009229,0.012536,0.567606,-0.823153,0.645474,-0.445216,0.952435
818,3.408333,-0.101747,0.051329,-0.581435,0.805572,0.801147,-0.499277,0.040513,0.001675,-0.010847,0.780640,-0.624884,0.492994,-0.485048,0.023281,-0.009328,0.012747,0.567796,-0.823018,0.645988,-0.445136,0.952392
819,3.412500,-0.099266,0.047938,-0.578710,0.808049,0.804614,-0.499627,0.040563,0.001879,-0.011116,0.780712,-0.624790,0.492976,-0.485034,0.023290,-0.009592,0.012664,0.567869,-0.822966,0.646528,-0.445086,0.952374
820,3.416667,-0.097178,0.045775,-0.575979,0.810376,0.808170,-0.500033,0.040698,0.001855,-0.011083,0.780718,-0.624783,0.493001,-0.485038,0.023275,-0.014381,0.013936,0.567907,-0.822849,0.646885,-0.444981,0.952908
821,3.420833,-0.095334,0.044019,-0.573329,0.812569,0.811828,-0.500483,0.040823,0.001917,-0.011154,0.780738,-0.624757,0.493005,-0.485041,0.023277,-0.014603,0.014897,0.568111,-0.822688,0.647429,-0.444905,0.953008
822,3.425000,-0.093318,0.043198,-0.570532,0.814812,0.815519,-0.501040,0.040975,0.001947,-0.011214,0.780753,-0.624737,0.493007,-0.485040,0.023273,-0.014687,0.015126,0.568183,-0.822632,0.647977,-0.444872,0.953030
823,3.429167,-0.091048,0.041435,-0.567756,0.817097,0.819234,-0.501596,0.041022,0.002045,-0.011371,0.780786,-0.624692,0.493013,-0.485041,0.023263,-0.011892,0.013835,0.568318,-0.822607,0.648586,-0.444902,0.952493
824,3.433333,-0.087963,0.039815,-0.565381,0.819159,0.823013,-0.502136,0.041053,0.002095,-0.011461,0.780804,-0.624667,0.493015,-0.485042,0.023259,-0.015004,0.015342,0.567969,-0.822770,0.649136,-0.444840,0.953020
825,3.437500,-0.085120,0.038192,-0.562986,0.821184,0.826890,-0.502721,0.040996,0.002024,-0.011496,0.780791,-0.624683,0.492999,-0.485065,0.023262,-0.015123,0.015982,0.567989,-0.822742,0.649699,-0.444858,0.953103
826,3.441667,-0.082138,0.036574,-0.560575,0.823208,0.830849,-0.503306,0.040922,0.001778,-0.012043,0.780749,-0.624726,0.493011,-0.485100,0.023182,-0.015374,0.016128,0.567867,-0.822819,0.650309,-0.444907,0.953089
827,3.445833,-0.079255,0.035333,-0.558126,0.825207,0.834793,-0.503895,0.040842,0.002042,-0.011635,0.780807,-0.624660,0.492991,-0.485071,0.023260,-0.016142,0.015978,0.567829,-0.822833,0.650874,-0.444965,0.952822
828,3.450000,-0.076783,0.034426,-0.555639,0.827154,0.838796,-0.504519,0.040800,0.002135,-0.011788,0.780828,-0.624632,0.493009,-0.485072,0.023252,-0.015919,0.016403,0.567332,-0.823172,0.651602,-0.445019,0.952893
829,3.454167,-0.075144,0.033702,-0.553475,0.828784,0.842921,-0.505074,0.040694,0.002289,-0.011996,0.780826,-0.624629,0.493023,-0.485071,0.023238,-0.016358,0.016433,0.566883,-0.823472,0.652268,-0.445025,0.952870
830,3.458333,-0.071970,0.032750,-0.550963,0.830775,0.846859,-0.505798,0.040641,0.002413,-0.012234,0.780814,-0.624639,0.493035,-0.485072,0.023233,-0.016710,0.015651,0.566376,-0.823829,0.652881,-0.445144,0.952867
831,3.462500,-0.068852,0.031719,-0.548494,0.832711,0.850848,-0.506493,0.040611,0.002320,-0.012873,0.780798,-0.624647,0.493080,-0.485102,0.023154,-0.017270,0.015452,0.565844,-0.824187,0.653582,-0.445277,0.952730
832,3.466667,-0.067113,0.031254,-0.546711,0.834042,0.855099,-0.507024,0.040452,0.002399,-0.013507,0.780656,-0.624811,0.493103,-0.485083,0.023096,-0.017290,0.015496,0.565093,-0.824701,0.654322,-0.445396,0.952827
833,3.470833,-0.065356,0.030167,-0.544388,0.835740,0.859184,-0.507597,0.040302,0.002749,-0.012734,0.780801,-0.624644,0.493082,-0.485079,0.023213,-0.017241,0.015315,0.564339,-0.825221,0.655057,-0.445532,0.952772
834,3.475000,-0.062942,0.028734,-0.542076,0.837476,0.863337,-0.508224,0.040228,0.002914,-0.012840,0.780767,-0.624684,0.493090,-0.485063,0.023207,-0.017484,0.015156,0.563500,-0.825792,0.655791,-0.445648,0.952719
835,3.479167,-0.060992,0.028424,-0.539074,0.839566,0.867395,-0.508909,0.040285,0.002850,-0.013561,0.780707,-0.624743,0.493131,-0.485086,0.023123,-0.017204,0.015411,0.562623,-0.826391,0.656640,-0.445754,0.952502
836,3.483333,-0.058108,0.027254,-0.536443,0.841492,0.871422,-0.509586,0.040167,0.003082,-0.013197,0.780669,-0.624798,0.493119,-0.485047,0.023195,-0.017528,0.015412,0.561578,-0.827094,0.657439,-0.445860,0.952442
837,3.487500,-0.055815,0.026181,-0.533838,0.843336,0.875449,-0.510202,0.040064,0.003049,-0.013873,0.780633,-0.624829,0.493161,-0.485070,0.023115,-0.017960,0.014791,0.560459,-0.827855,0.658211,-0.446080,0.952413
838,3.491667,-0.053925,0.025299,-0.531608,0.844894,0.879503,-0.510682,0.039973,0.003392,-0.013738,0.780660,-0.624795,0.493139,-0.485043,0.023197,-0.018374,0.014280,0.558983,-0.828852,0.659276,-0.446175,0.952038
839,3.495833,-0.050648,0.023681,-0.529346,0.846562,0.883489,-0.511184,0.039865,0.003419,-0.014472,0.780653,-0.624788,0.493167,-0.485071,0.023121,-0.018368,0.013839,0.557737,-0.829699,0.660087,-0.446416,0.951947
840,3.500000,-0.047899,0.022115,-0.526571,0.848493,0.887493,-0.511725,0.039758,0.003515,-0.015274,0.780441,-0.625032,0.493202,-0.485053,0.023021,-0.017679,0.013852,0.556436,-0.830587,0.660978,-0.446603,0.951939
841,3.504167,-0.045732,0.021145,-0.523710,0.850406,0.891483,-0.512201,0.039680,0.003678,-0.015524,0.780409,-0.625066,0.493211,-0.485044,0.023021,-0.018397,0.014250,0.554981,-0.831538,0.661959,-0.446734,0.951662
842,3.508333,-0.043439,0.019920,-0.520560,0.852487,0.895452,-0.512715,0.039569,0.003615,-0.015461,0.780402,-0.625076,0.493201,-0.485054,0.023037,-0.015993,0.013213,0.553261,-0.832750,0.662869,-0.446867,0.951673
843,3.512500,-0.040964,0.019076,-0.517461,0.854513,0.899356,-0.513152,0.039493,0.003699,-0.015578,0.780435,-0.625032,0.493211,-0.485066,0.023034,-0.016883,0.014735,0.551793,-0.833680,0.663737,-0.447085,0.951989
844,3.516667,-0.039471,0.017869,-0.514149,0.856606,0.903235,-0.513535,0.039359,0.003791,-0.015791,0.780416,-0.625050,0.493227,-0.485073,0.023018,-0.017389,0.014045,0.550237,-0.834710,0.664778,-0.447325,0.951568
845,3.520833,-0.036938,0.016572,-0.510832,0.858727,0.907152,-0.513867,0.039254,0.003993,-0.016149,0.780365,-0.625103,0.493239,-0.485075,0.023000,-0.017438,0.013513,0.548474,-0.835877,0.665792,-0.447597,0.951411
846,3.525000,-0.036473,0.016259,-0.506891,0.861085,0.911019,-0.514178,0.039220,0.004144,-0.016378,0.780343,-0.625123,0.493256,-0.485076,0.022986,-0.015713,0.011494,0.546470,-0.837253,0.666890,-0.447795,0.951032
847,3.529167,-0.036377,0.015961,-0.503093,0.863319,0.914916,-0.514435,0.039295,0.004318,-0.016571,0.780313,-0.625155,0.493276,-0.485085,0.022970,-0.015425,0.011094,0.544691,-0.838422,0.667925,-0.448012,0.950754
848,3.533333,-0.035203,0.015407,-0.499131,0.865674,0.918780,-0.514612,0.039247,0.004381,-0.016688,0.780276,-0.625197,0.493281,-0.485089,0.022965,-0.014748,0.011475,0.542838,-0.839630,0.668985,-0.448148,0.950900
849,3.537500,-0.030209,0.013106,-0.495163,0.868176,0.922692,-0.514693,0.038966,0.004504,-0.016803,0.780279,-0.625189,0.493289,-0.485100,0.022963,-0.014643,0.010338,0.541049,-0.840800,0.670133,-0.448451,0.950430
850,3.541667,-0.028662,0.012552,-0.490970,0.870614,0.926562,-0.514745,0.038888,0.004602,-0.017008,0.780255,-0.625213,0.493297,-0.485110,0.022953,-0.014178,0.009936,0.539135,-0.842041,0.671296,-0.448749,0.950156
851,3.545833,-0.028845,0.011520,-0.486538,0.873107,0.930302,-0.514742,0.038868,0.004747,-0.017271,0.780232,-0.625234,0.493307,-0.485121,0.022937,-0.013522,0.009434,0.537280,-0.843243,0.672476,-0.449008,0.949882
852,3.550000,-0.027105,0.010758,-0.482376,0.875479,0.934057,-0.514684,0.038855,0.004910,-0.017514,0.780223,-0.625237,0.493316,-0.485124,0.022922,-0.013316,0.008930,0.535320,-0.844497,0.673672,-0.449298,0.949631
853,3.554167,-0.026642,0.010077,-0.477972,0.877913,0.937787,-0.514583,0.038861,0.005060,-0.017764,0.780169,-0.625296,0.493332,-0.485128,0.022910,-0.013397,0.009225,0.533084,-0.845906,0.674927,-0.449471,0.949651
854,3.558333,-0.024316,0.009218,-0.472649,0.880867,0.941676,-0.514355,0.038778,0.005222,-0.017982,0.780152,-0.625310,0.493349,-0.485132,0.022894,-0.012633,0.008940,0.531283,-0.847053,0.676211,-0.449742,0.949304
855,3.562500,-0.022746,0.008314,-0.467285,0.883775,0.945440,-0.513975,0.038728,0.005350,-0.018547,0.780076,-0.625387,0.493358,-0.485147,0.022856,-0.011896,0.007998,0.529349,-0.848283,0.677486,-0.450166,0.948868
856,3.566667,-0.022010,0.007112,-0.461984,0.886587,0.949095,-0.513624,0.038750,0.005431,-0.018343,0.780094,-0.625369,0.493358,-0.485140,0.022882,-0.012053,0.006938,0.527296,-0.849568,0.678807,-0.450621,0.948331
857,3.570833,-0.020984,0.006649,-0.456678,0.889360,0.952697,-0.513193,0.038718,0.005558,-0.018534,0.780079,-0.625382,0.493360,-0.485136,0.022873,-0.011913,0.006619,0.525028,-0.850976,0.680211,-0.450950,0.948118
858,3.575000,-0.019011,0.006013,-0.451083,0.892259,0.956311,-0.512650,0.038699,0.005641,-0.019046,0.780013,-0.625448,0.493370,-0.485152,0.022828,-0.011397,0.006068,0.523043,-0.852209,0.681571,-0.451259,0.947801
859,3.579167,-0.017119,0.004263,-0.445687,0.895015,0.959832,-0.512079,0.038609,0.005743,-0.019260,0.779982,-0.625479,0.493374,-0.485158,0.022817,-0.010663,0.005856,0.521144,-0.853382,0.683019,-0.451596,0.947451
860,3.583333,-0.016584,0.003542,-0.439115,0.898271,0.963411,-0.511402,0.038682,0.005898,-0.019080,0.779998,-0.625463,0.493361,-0.485150,0.022832,-0.010415,0.006152,0.518967,-0.854709,0.684441,-0.451921,0.947295
861,3.587500,-0.016385,0.003346,-0.433003,0.901237,0.966817,-0.510635,0.038625,0.006006,-0.019540,0.779952,-0.625505,0.493362,-0.485167,0.022784,-0.009265,0.005764,0.517267,-0.855755,0.685998,-0.452438,0.946624
862,3.591667,-0.018607,0.002445,-0.427562,0.903791,0.970008,-0.510028,0.038868,0.006091,-0.019773,0.779901,-0.625560,0.493354,-0.485179,0.022776,-0.009006,0.005819,0.515200,-0.857003,0.687528,-0.452799,0.946340
863,3.595833,-0.020962,0.001897,-0.421596,0.906540,0.973163,-0.509346,0.039184,0.006206,-0.020008,0.779854,-0.625610,0.493347,-0.485180,0.022764,-0.008695,0.005751,0.513212,-0.858199,0.689133,-0.453190,0.946077
864,3.600000,-0.012859,-0.001203,-0.414651,0.909889,0.976622,-0.508161,0.038717,0.006301,-0.020205,0.779819,-0.625647,0.493339,-0.485186,0.022754,-0.009188,0.006037,0.511325,-0.859317,0.690688,-0.453351,0.946074
865,3.604167,-0.012869,-0.002825,-0.407819,0.912968,0.979734,-0.507177,0.038751,0.006481,-0.020414,0.779806,-0.625654,0.493337,-0.485197,0.022746,-0.007982,0.005997,0.509754,-0.860262,0.692365,-0.453589,0.945890
866,3.608333,-0.012167,-0.004414,-0.400510,0.916201,0.982855,-0.506133,0.038804,0.006561,-0.020560,0.779778,-0.625684,0.493335,-0.485215,0.022741,-0.006613,0.004592,0.507974,-0.861335,0.694069,-0.454124,0.945586
867,3.612500,-0.012867,-0.006361,-0.393499,0.919213,0.985853,-0.505066,0.038887,0.006839,-0.020803,0.779624,-0.625865,0.493347,-0.485247,0.022742,-0.006746,0.004468,0.506234,-0.862358,0.695788,-0.454391,0.945413
868,3.616667,-0.013694,-0.007444,-0.386455,0.922177,0.988766,-0.503953,0.038870,0.006974,-0.021079,0.779578,-0.625911,0.493337,-0.485255,0.022731,-0.007781,0.004530,0.504759,-0.863213,0.697624,-0.454670,0.945155
869,3.620833,-0.014995,-0.008726,-0.378932,0.925262,0.991548,-0.502870,0.038937,0.007101,-0.021257,0.779523,-0.625972,0.493331,-0.485268,0.022723,-0.008373,0.004079,0.503389,-0.864009,0.699421,-0.455135,0.944786
870,3.625000,-0.017346,-0.008644,-0.372081,0.927998,0.994312,-0.501643,0.039099,0.007193,-0.021459,0.779504,-0.625988,0.493325,-0.485277,0.022713,-0.009047,0.003767,0.501580,-0.865056,0.701207,-0.455509,0.944721
871,3.629167,-0.018600,-0.009594,-0.364369,0.931019,0.996879,-0.500566,0.039147,0.007207,-0.021435,0.779451,-0.626055,0.493309,-0.485280,0.022704,-0.008968,0.003622,0.500163,-0.865878,0.703110,-0.455992,0.944493
872,3.633333,-0.018504,-0.010975,-0.357086,0.933824,0.999310,-0.499472,0.039089,0.007636,-0.021605,0.779518,-0.625960,0.493309,-0.485319,0.022732,-0.009432,0.003322,0.498645,-0.866749,0.705022,-0.456433,0.944230
873,3.637500,-0.019213,-0.011166,-0.350115,0.936443,1.001590,-0.498323,0.038804,0.007846,-0.021948,0.779465,-0.626013,0.493304,-0.485333,0.022717,-0.010088,0.003068,0.497312,-0.867508,0.706971,-0.456937,0.943982
874,3.641667,-0.020975,-0.012223,-0.343351,0.938893,1.003787,-0.497075,0.038736,0.008012,-0.022353,0.779384,-0.626097,0.493307,-0.485344,0.022700,-0.010298,0.002386,0.495956,-0.868283,0.708953,-0.457413,0.943715
875,3.645833,-0.021636,-0.014532,-0.332296,0.942815,1.006113,-0.496263,0.038240,0.008017,-0.022766,0.779254,-0.626243,0.493315,-0.485339,0.022660,-0.010475,0.002116,0.494511,-0.869106,0.711030,-0.457868,0.943552
876,3.650000,-0.024516,-0.017272,-0.324448,0.945428,1.008305,-0.495137,0.038207,0.008152,-0.023259,0.779165,-0.626334,0.493319,-0.485335,0.022618,-0.010150,0.002109,0.493328,-0.869782,0.713194,-0.458386,0.943225
877,3.654167,-0.024705,-0.019863,-0.316996,0.947897,1.010407,-0.493891,0.037960,0.008482,-0.023406,0.779173,-0.626314,0.493320,-0.485376,0.022652,-0.010815,0.001549,0.492210,-0.870408,0.715314,-0.458929,0.942892
878,3.658333,-0.024347,-0.021667,-0.309746,0.950261,1.012315,-0.492591,0.037625,0.008691,-0.023683,0.779136,-0.626347,0.493310,-0.485386,0.022640,-0.010943,0.001277,0.491219,-0.870966,0.717489,-0.459590,0.942546
879,3.662500,-0.025474,-0.022689,-0.302621,0.952500,1.014008,-0.491296,0.037296,0.008674,-0.024033,0.779017,-0.626482,0.493325,-0.485392,0.022599,-0.011694,0.001372,0.489850,-0.871727,0.719690,-0.459964,0.942422
880,3.666667,-0.027282,-0.023153,-0.295080,0.954802,1.015535,-0.489976,0.036939,0.008771,-0.024499,0.778959,-0.626535,0.493319,-0.485383,0.022557,-0.015489,0.001890,0.487834,-0.872797,0.721655,-0.460372,0.942658
881,3.670833,-0.029001,-0.023796,-0.288059,0.956878,1.016984,-0.488631,0.036509,0.009326,-0.024549,0.779123,-0.626320,0.493279,-0.485420,0.022630,-0.015915,-0.000110,0.486876,-0.873326,0.724127,-0.461237,0.941801
882,3.675000,-0.030985,-0.024377,-0.281241,0.958827,1.018300,-0.487304,0.036079,0.009495,-0.025002,0.779081,-0.626353,0.493278,-0.485439,0.022615,-0.016391,0.001391,0.485566,-0.874045,0.726315,-0.461506,0.942218
883,3.679167,-0.032222,-0.024491,-0.274443,0.960751,1.019468,-0.485967,0.035632,0.009605,-0.025449,0.778978,-0.626461,0.493269,-0.485460,0.022582,-0.016481,0.000114,0.484615,-0.874572,0.728848,-0.462251,0.941531
884,3.683333,-0.033761,-0.023941,-0.268040,0.962519,1.020505,-0.484634,0.035058,0.009781,-0.025884,0.778942,-0.626485,0.493259,-0.485477,0.022572,-0.017775,-0.000388,0.483361,-0.875241,0.731183,-0.463019,0.941076
885,3.687500,-0.037712,-0.025276,-0.261245,0.964204,1.021491,-0.483296,0.034719,0.010048,-0.026480,0.778860,-0.626558,0.493259,-0.485493,0.022553,-0.017716,-0.000186,0.482185,-0.875890,0.733727,-0.463527,0.940869
886,3.691667,-0.040252,-0.025938,-0.254424,0.965907,1.022293,-0.481986,0.034104,0.010292,-0.027144,0.778816,-0.626580,0.493265,-0.485505,0.022520,-0.018178,-0.000232,0.480758,-0.876665,0.736217,-0.464079,0.940761
887,3.695833,-0.041409,-0.026211,-0.247946,0.967533,1.022952,-0.480599,0.033423,0.010550,-0.027792,0.778748,-0.626632,0.493273,-0.485524,0.022500,-0.017385,0.000509,0.479791,-0.877210,0.738798,-0.464245,0.940886
888,3.700000,-0.043544,-0.026529,-0.242089,0.968913,1.023579,-0.479265,0.032682,0.010836,-0.028402,0.778684,-0.626680,0.493284,-0.485549,0.022473,-0.018776,0.000279,0.478233,-0.878032,0.741206,-0.465082,0.940276
889,3.704167,-0.044227,-0.025629,-0.236458,0.970296,1.024083,-0.477992,0.031723,0.011150,-0.029348,0.778562,-0.626783,0.493298,-0.485558,0.022444,-0.018649,0.001383,0.477121,-0.878639,0.744004,-0.465278,0.940393
890,3.708333,-0.046041,-0.025357,-0.230799,0.971581,1.024482,-0.476633,0.030874,0.011286,-0.030042,0.778473,-0.626857,0.493289,-0.485574,0.022406,-0.019057,0.001121,0.476081,-0.879194,0.746762,-0.465926,0.940109
891,3.712500,-0.043334,-0.025583,-0.226812,0.972638,1.024450,-0.475043,0.029621,0.011279,-0.029932,0.778609,-0.626693,0.493259,-0.485617,0.022414,-0.019235,0.001166,0.474932,-0.879811,0.749593,-0.466307,0.939970
892,3.716667,-0.043587,-0.024474,-0.221642,0.973846,1.024720,-0.473746,0.028626,0.011418,-0.030620,0.778528,-0.626758,0.493267,-0.485634,0.022389,-0.019140,0.000540,0.473966,-0.880335,0.752517,-0.466992,0.939407
893,3.720833,-0.044618,-0.021838,-0.216860,0.974938,1.025017,-0.472583,0.027674,0.011536,-0.031233,0.778469,-0.626799,0.493260,-0.485663,0.022368,-0.019249,0.000312,0.472786,-0.880967,0.755416,-0.467618,0.938915
894,3.725000,-0.048156,-0.019547,-0.211734,0.975945,1.025347,-0.471458,0.027051,0.011577,-0.031752,0.778441,-0.626807,0.493252,-0.485699,0.022361,-0.019659,0.000872,0.471271,-0.881769,0.758287,-0.468042,0.938759
895,3.729167,-0.050660,-0.016241,-0.207262,0.976838,1.025997,-0.470641,0.026345,0.011525,-0.032009,0.778410,-0.626833,0.493230,-0.485745,0.022374,-0.020546,0.000692,0.469769,-0.882550,0.761342,-0.468379,0.938606
896,3.733333,-0.058299,-0.013845,-0.201773,0.977598,1.027103,-0.470238,0.026224,0.011359,-0.032449,0.778338,-0.626903,0.493210,-0.485787,0.022377,-0.020375,-0.000007,0.468779,-0.883080,0.764455,-0.469062,0.938015
897,3.737500,-0.061156,-0.011087,-0.198361,0.978157,1.028202,-0.469950,0.026018,0.011204,-0.032969,0.778216,-0.627031,0.493177,-0.485826,0.022383,-0.021233,0.000198,0.467233,-0.883879,0.767562,-0.469441,0.937788
898,3.741667,-0.059683,-0.009787,-0.195803,0.978777,1.029261,-0.469951,0.025491,0.011004,-0.033606,0.778075,-0.627175,0.493157,-0.485868,0.022394,-0.020538,-0.000669,0.465845,-0.884628,0.770734,-0.470075,0.937067
899,3.745833,-0.059205,-0.008483,-0.193774,0.979221,1.030458,-0.470253,0.025161,0.010743,-0.034081,0.778017,-0.627226,0.493130,-0.485930,0.022427,-0.022087,-0.000724,0.464255,-0.885426,0.773917,-0.470411,0.936871
900,3.750000,-0.057970,-0.007566,-0.193042,0.979447,1.031551,-0.470849,0.024896,0.010498,-0.034841,0.777955,-0.627265,0.493131,-0.485989,0.022454,-0.022220,-0.001367,0.463118,-0.886017,0.777274,-0.471024,0.936330
901,3.754167,-0.055233,-0.005731,-0.193598,0.979508,1.032345,-0.471600,0.024573,0.010370,-0.035459,0.777976,-0.627207,0.493144,-0.486076,0.022499,-0.020746,-0.002126,0.462505,-0.886372,0.780837,-0.471601,0.935713
902,3.758333,-0.052617,-0.001388,-0.197050,0.978979,1.032595,-0.472827,0.023765,0.010313,-0.036384,0.778083,-0.627022,0.493214,-0.486176,0.022550,-0.021087,-0.001939,0.460986,-0.887155,0.784120,-0.472006,0.935290
903,3.762500,-0.052089,0.003076,-0.200504,0.978302,1.032732,-0.473762,0.023290,0.010239,-0.037406,0.778237,-0.626772,0.493266,-0.486288,0.022617,-0.022218,-0.001275,0.459396,-0.887953,0.787421,-0.472331,0.934970
904,3.766667,-0.049498,0.004731,-0.203201,0.977874,1.032722,-0.474622,0.022877,0.010242,-0.039034,0.778406,-0.626463,0.493364,-0.486416,0.022695,-0.023221,-0.001168,0.457713,-0.888796,0.790786,-0.472719,0.934626
905,3.770833,-0.036998,0.004182,-0.206439,0.977751,1.032031,-0.474930,0.022371,0.010238,-0.041435,0.778562,-0.626115,0.493455,-0.486546,0.022743,-0.024299,-0.000843,0.456086,-0.889604,0.794193,-0.473063,0.934244
906,3.775000,-0.034272,0.002380,-0.207414,0.977650,1.031806,-0.475330,0.022684,0.009347,-0.043238,0.778942,-0.625534,0.493530,-0.486686,0.022875,-0.025804,-0.001413,0.454595,-0.890323,0.797629,-0.473511,0.933682
907,3.779167,-0.029662,0.001508,-0.209008,0.977463,1.031587,-0.475800,0.022667,0.008937,-0.046612,0.779380,-0.624752,0.493656,-0.486794,0.022910,-0.028265,-0.000118,0.452744,-0.891193,0.800917,-0.473729,0.933597
908,3.783333,-0.028004,0.001257,-0.209759,0.977351,1.031538,-0.476091,0.022716,0.008223,-0.049988,0.779905,-0.623844,0.493777,-0.486896,0.022992,-0.030208,-0.000499,0.451356,-0.891832,0.804441,-0.474201,0.932938
909,3.787500,-0.027215,0.001312,-0.209623,0.977403,1.031633,-0.476134,0.022690,0.007341,-0.053560,0.780540,-0.622764,0.493921,-0.487023,0.023136,-0.031944,0.000091,0.449590,-0.892664,0.807833,-0.474471,0.932665
910,3.791667,-0.027648,0.002117,-0.209115,0.977498,1.031726,-0.475980,0.022550,0.005623,-0.055181,0.781337,-0.621639,0.493985,-0.487148,0.023454,-0.033269,0.000800,0.447799,-0.893515,0.811240,-0.474644,0.932535
911,3.795833,-0.029152,0.003083,-0.208070,0.977675,1.031863,-0.475662,0.022366,0.004790,-0.059745,0.782000,-0.620390,0.494173,-0.487265,0.023591,-0.035081,0.002206,0.446054,-0.894316,0.814644,-0.474865,0.932379
912,3.800000,-0.030745,0.003795,-0.207001,0.977850,1.031966,-0.475306,0.022216,0.003885,-0.063539,0.782758,-0.619061,0.494381,-0.487437,0.023883,-0.037198,0.002626,0.444224,-0.895139,0.818019,-0.475169,0.932272
913,3.804167,-0.031667,0.003550,-0.206592,0.977908,1.032075,-0.475049,0.022242,0.002833,-0.066103,0.783951,-0.617287,0.494610,-0.487634,0.024234,-0.039385,0.002872,0.442449,-0.895924,0.821382,-0.475488,0.932282
914,3.808333,-0.034013,0.003384,-0.207119,0.977719,1.032151,-0.474901,0.022364,0.001438,-0.068845,0.784956,-0.615713,0.494846,-0.487888,0.024677,-0.042039,0.002809,0.440666,-0.896682,0.824756,-0.475869,0.932281
915,3.812500,-0.040243,0.003571,-0.207643,0.977370,1.032326,-0.474977,0.022586,-0.000866,-0.070472,0.786104,-0.614063,0.495050,-0.488179,0.025243,-0.044434,0.003702,0.438991,-0.897385,0.828062,-0.476181,0.932434
916,3.816667,-0.037274,0.003588,-0.208613,0.977281,1.032174,-0.474697,0.022355,-0.002994,-0.071352,0.787657,-0.611961,0.495312,-0.488414,0.025769,-0.046780,0.004751,0.437464,-0.898006,0.831343,-0.476529,0.932577
917,3.820833,-0.038596,0.004007,-0.208870,0.977173,1.032228,-0.474540,0.022291,-0.005755,-0.074163,0.789401,-0.609355,0.495680,-0.488631,0.026323,-0.049349,0.005018,0.435836,-0.898658,0.834641,-0.476805,0.932738
918,3.825000,-0.040344,0.004852,-0.208726,0.977130,1.032269,-0.474325,0.022155,-0.008016,-0.076835,0.790705,-0.607304,0.495916,-0.488880,0.026915,-0.048363,0.005598,0.434373,-0.899416,0.838074,-0.476759,0.932914
919,3.829167,-0.041806,0.004867,-0.208487,0.977119,1.032377,-0.474119,0.022187,-0.013755,-0.077104,0.792199,-0.605216,0.496470,-0.489343,0.027890,-0.052593,0.004768,0.433190,-0.899754,0.841419,-0.477462,0.932627
920,3.833333,-0.042812,0.004734,-0.208432,0.977088,1.032428,-0.473972,0.022215,-0.017520,-0.080631,0.793930,-0.602384,0.497030,-0.489713,0.028658,-0.054493,0.004801,0.431875,-0.900273,0.844742,-0.477779,0.932752
921,3.837500,-0.044233,0.004685,-0.208469,0.977017,1.032431,-0.473880,0.022273,-0.020472,-0.085382,0.795278,-0.599853,0.497405,-0.490081,0.029456,-0.056031,0.004879,0.430662,-0.900759,0.848158,-0.478121,0.932866
922,3.841667,-0.045268,0.004629,-0.208588,0.976944,1.032406,-0.473824,0.022323,-0.023556,-0.090568,0.796667,-0.597130,0.497894,-0.490560,0.030387,-0.056993,0.005115,0.429633,-0.901189,0.851457,-0.478416,0.933110
923,3.845833,-0.047070,0.005198,-0.209275,0.976710,1.032424,-0.473857,0.022336,-0.026662,-0.095167,0.798282,-0.594120,0.498335,-0.491051,0.031393,-0.057527,0.005052,0.428538,-0.901677,0.854875,-0.478727,0.933317
924,3.850000,-0.049263,0.005819,-0.209526,0.976544,1.032508,-0.473944,0.022366,-0.029060,-0.100768,0.799751,-0.591101,0.498962,-0.491591,0.032386,-0.057499,0.004951,0.427463,-0.902189,0.858307,-0.478941,0.933565
925,3.854167,-0.051779,0.006485,-0.208805,0.976564,1.032787,-0.474061,0.022365,-0.031005,-0.107202,0.800727,-0.588543,0.499810,-0.492249,0.033462,-0.057345,0.004905,0.426512,-0.902649,0.861714,-0.479182,0.933859
926,3.858333,-0.052015,0.006494,-0.208650,0.976585,1.032807,-0.474041,0.022340,-0.034054,-0.114390,0.801708,-0.585678,0.500627,-0.492947,0.034770,-0.057419,0.004625,0.425681,-0.903038,0.865031,-0.479477,0.934095
927,3.862500,-0.051610,0.006298,-0.208575,0.976623,1.032764,-0.473925,0.022299,-0.036240,-0.121877,0.801844,-0.583848,0.501783,-0.493796,0.036120,-0.057200,0.004804,0.424893,-0.903422,0.868391,-0.479716,0.934385
928,3.866667,-0.051405,0.006049,-0.208439,0.976665,1.032697,-0.473933,0.022315,-0.037739,-0.130150,0.801801,-0.582024,0.502928,-0.494776,0.037647,-0.056386,0.004471,0.424006,-0.903891,0.871808,-0.479940,0.934791
929,3.870833,-0.051368,0.006038,-0.208121,0.976735,1.032714,-0.473988,0.022284,-0.038672,-0.139645,0.801353,-0.580377,0.504200,-0.495826,0.039271,-0.055892,0.003559,0.423184,-0.904311,0.875198,-0.480189,0.934989
930,3.875000,-0.051221,0.006159,-0.208068,0.976753,1.032693,-0.474051,0.022268,-0.039210,-0.149906,0.800676,-0.578713,0.505621,-0.496943,0.040922,-0.055225,0.003018,0.422437,-0.904703,0.878474,-0.480449,0.935206
931,3.879167,-0.051062,0.006332,-0.208121,0.976749,1.032667,-0.474091,0.022235,-0.038909,-0.160493,0.799141,-0.578016,0.507277,-0.498285,0.042630,-0.054299,0.002174,0.421609,-0.905148,0.881777,-0.480678,0.935478
932,3.883333,-0.050905,0.006481,-0.208115,0.976757,1.032645,-0.474106,0.022211,-0.037700,-0.172402,0.797138,-0.577432,0.509020,-0.499690,0.044302,-0.053634,0.002582,0.420738,-0.905592,0.884965,-0.480783,0.935774
933,3.887500,-0.051007,0.006484,-0.208077,0.976760,1.032631,-0.474098,0.022189,-0.036945,-0.182858,0.795468,-0.576567,0.510782,-0.501065,0.046009,-0.053040,0.000473,0.419855,-0.906040,0.888223,-0.481134,0.935828
934,3.891667,-0.051252,0.006559,-0.207970,0.976770,1.032639,-0.474002,0.022164,-0.036299,-0.193890,0.793249,-0.576060,0.512693,-0.502612,0.047548,-0.051613,-0.000301,0.419175,-0.906437,0.891388,-0.481419,0.936002
935,3.895833,-0.051516,0.006617,-0.207707,0.976811,1.032647,-0.473964,0.022162,-0.035444,-0.205674,0.790517,-0.575782,0.514923,-0.504389,0.048953,-0.051843,-0.001074,0.417481,-0.907205,0.894457,-0.481469,0.936257
936,3.900000,-0.051857,0.006652,-0.207517,0.976833,1.032618,-0.473917,0.022170,-0.033043,-0.218383,0.786360,-0.576936,0.517386,-0.506322,0.050289,-0.050928,-0.001999,0.416579,-0.907669,0.897521,-0.481703,0.936439
937,3.904167,-0.051780,0.006460,-0.207451,0.976853,1.032527,-0.473848,0.022182,-0.030619,-0.228487,0.781501,-0.579751,0.520393,-0.508398,0.051619,-0.050194,-0.002900,0.415543,-0.908183,0.900500,-0.482001,0.936511
938,3.908333,-0.051758,0.006530,-0.207370,0.976871,1.032471,-0.473801,0.022159,-0.029834,-0.233241,0.777193,-0.583678,0.523722,-0.510412,0.052960,-0.048919,-0.003710,0.414226,-0.908851,0.903421,-0.482248,0.936748
939,3.912500,-0.051951,0.006589,-0.207371,0.976860,1.032410,-0.473776,0.022129,-0.031749,-0.233968,0.773287,-0.588454,0.527395,-0.512458,0.054357,-0.047793,-0.004268,0.413173,-0.909388,0.906345,-0.482478,0.936896
940,3.916667,-0.052178,0.006603,-0.207458,0.976829,1.032335,-0.473747,0.022103,-0.034200,-0.234844,0.769026,-0.593530,0.531336,-0.514546,0.055688,-0.046939,-0.004938,0.411927,-0.909994,0.909132,-0.482726,0.937010
941,3.920833,-0.052934,0.006312,-0.207442,0.976794,1.032207,-0.473693,0.022037,-0.036471,-0.235851,0.762957,-0.600783,0.535743,-0.516928,0.056846,-0.045524,-0.005410,0.410848,-0.910550,0.911948,-0.483233,0.937128
942,3.925000,-0.053170,0.006141,-0.207341,0.976804,1.032112,-0.473631,0.022025,-0.036285,-0.239102,0.754882,-0.609645,0.540441,-0.519467,0.057890,-0.044259,-0.007332,0.409869,-0.911040,0.914908,-0.483649,0.936773
943,3.929167,-0.052618,0.006375,-0.207277,0.976846,1.032120,-0.473580,0.022046,-0.037410,-0.240468,0.747218,-0.618418,0.545441,-0.522105,0.059017,-0.043952,-0.007075,0.408089,-0.911856,0.917497,-0.483834,0.937146
944,3.933333,-0.052261,0.006370,-0.207146,0.976892,1.032084,-0.473543,0.022084,-0.038497,-0.241335,0.738950,-0.627875,0.550625,-0.524770,0.060154,-0.043997,-0.007447,0.406143,-0.912719,0.920115,-0.484120,0.937413
945,3.937500,-0.051916,0.006343,-0.207065,0.976928,1.032011,-0.473479,0.022094,-0.038536,-0.241937,0.731332,-0.636502,0.556122,-0.527339,0.060827,-0.042758,-0.007435,0.404394,-0.913555,0.922745,-0.484429,0.937678
946,3.941667,-0.052118,0.006288,-0.207082,0.976914,1.031966,-0.473468,0.022071,-0.040131,-0.240029,0.722221,-0.647435,0.561677,-0.530150,0.061887,-0.042091,-0.008085,0.402392,-0.914464,0.925270,-0.484786,0.937697
947,3.945833,-0.051950,0.006229,-0.207012,0.976938,1.031905,-0.473436,0.022060,-0.040067,-0.240891,0.712826,-0.657454,0.567505,-0.532841,0.062568,-0.041048,-0.007873,0.400016,-0.915555,0.927734,-0.485122,0.937991
948,3.950000,-0.051958,0.006232,-0.206982,0.976944,1.031877,-0.473433,0.022038,-0.040135,-0.241443,0.703691,-0.667018,0.573630,-0.535470,0.063029,-0.040391,-0.008035,0.397554,-0.916654,0.930144,-0.485434,0.938114
949,3.954167,-0.051730,0.006245,-0.206876,0.976979,1.031844,-0.473431,0.022028,-0.039647,-0.239950,0.694097,-0.677556,0.579762,-0.538259,0.063541,-0.039040,-0.007881,0.395105,-0.917772,0.932558,-0.485795,0.938385
950,3.958333,-0.051517,0.006280,-0.206695,0.977028,1.031816,-0.473417,0.022020,-0.038798,-0.238701,0.684498,-0.687735,0.586068,-0.541014,0.064023,-0.037790,-0.008437,0.392548,-0.918916,0.935016,-0.486116,0.938462
951,3.962500,-0.051178,0.006306,-0.206482,0.977091,1.031796,-0.473405,0.022010,-0.038645,-0.237475,0.675537,-0.696967,0.592363,-0.543711,0.064399,-0.036749,-0.008977,0.389954,-0.920057,0.937420,-0.486514,0.938547
952,3.966667,-0.050930,0.006341,-0.206302,0.977141,1.031781,-0.473392,0.021992,-0.037913,-0.237881,0.666550,-0.705469,0.598834,-0.546272,0.064693,-0.036944,-0.010110,0.387550,-0.921053,0.939677,-0.486848,0.938435
953,3.970833,-0.050617,0.006293,-0.206073,0.977206,1.031772,-0.473375,0.021978,-0.041502,-0.231204,0.660569,-0.713071,0.606250,-0.549496,0.065154,-0.037554,-0.012087,0.385215,-0.921983,0.941847,-0.487184,0.938026
954,3.975000,-0.050137,0.005990,-0.205832,0.977284,1.031763,-0.473353,0.021950,-0.049173,-0.218536,0.656700,-0.720117,0.613536,-0.552650,0.066030,-0.036161,-0.012099,0.382840,-0.923027,0.944035,-0.487542,0.938320
955,3.979167,-0.049867,0.005942,-0.205607,0.977345,1.031754,-0.473341,0.021927,-0.049318,-0.216626,0.649102,-0.727535,0.620391,-0.555477,0.066140,-0.035071,-0.012616,0.380353,-0.924090,0.946263,-0.487982,0.938444
956,3.983333,-0.049629,0.006007,-0.205381,0.977404,1.031741,-0.473335,0.021906,-0.050797,-0.213287,0.642093,-0.734605,0.627477,-0.558425,0.066289,-0.033936,-0.013414,0.377760,-0.925184,0.948563,-0.488416,0.938527
957,3.987500,-0.049499,0.006231,-0.205200,0.977448,1.031726,-0.473283,0.021926,-0.052175,-0.210168,0.635623,-0.741006,0.634529,-0.561300,0.066249,-0.032761,-0.014323,0.375114,-0.926289,0.950867,-0.488888,0.938595
958,3.991667,-0.049101,0.006413,-0.205145,0.977478,1.031685,-0.473282,0.021901,-0.053301,-0.208353,0.630185,-0.746066,0.641262,-0.564118,0.065989,-0.031543,-0.015243,0.372615,-0.927324,0.953231,-0.489398,0.938608
959,3.995833,-0.048165,0.006490,-0.205158,0.977522,1.031620,-0.473238,0.021856,-0.053987,-0.205887,0.624026,-0.751856,0.648299,-0.567035,0.065944,-0.030525,-0.015932,0.370033,-0.928380,0.955551,-0.489967,0.938715
960,4.000000,-0.047025,0.006357,-0.204972,0.977617,1.031554,-0.473173,0.021814,-0.055491,-0.200343,0.619345,-0.757097,0.655525,-0.569978,0.065660,-0.029419,-0.016819,0.367619,-0.929359,0.957919,-0.490583,0.938765
961,4.004167,-0.046069,0.006217,-0.204729,0.977714,1.031524,-0.473116,0.021774,-0.055946,-0.196598,0.614011,-0.762371,0.662746,-0.573018,0.065443,-0.028289,-0.017616,0.365035,-0.930397,0.960241,-0.491168,0.939026
962,4.008333,-0.045931,0.006854,-0.204559,0.977752,1.031419,-0.473018,0.021693,-0.056443,-0.193150,0.608951,-0.767259,0.670097,-0.576115,0.065176,-0.027254,-0.018713,0.362802,-0.931280,0.962570,-0.491787,0.939056
963,4.012500,-0.045711,0.007113,-0.204251,0.977825,1.031376,-0.472960,0.021632,-0.056861,-0.190312,0.604750,-0.771249,0.677485,-0.579184,0.064929,-0.026489,-0.019628,0.360491,-0.932180,0.964851,-0.492383,0.939123
964,4.016667,-0.048980,0.006925,-0.203365,0.977853,1.031570,-0.473075,0.021774,-0.056969,-0.186895,0.600663,-0.775260,0.684963,-0.582300,0.064600,-0.025905,-0.020376,0.358352,-0.933004,0.967033,-0.493007,0.939162
965,4.020833,-0.050870,0.007089,-0.202585,0.977917,1.031731,-0.473141,0.021841,-0.057229,-0.183878,0.596846,-0.778902,0.692444,-0.585462,0.064236,-0.024933,-0.021041,0.356254,-0.933820,0.969220,-0.493555,0.939223
966,4.025000,-0.049804,0.006899,-0.202890,0.977910,1.031574,-0.473019,0.021803,-0.057460,-0.180276,0.593280,-0.782443,0.700035,-0.588675,0.063871,-0.023925,-0.021511,0.354367,-0.934553,0.971335,-0.494130,0.939239
967,4.029167,-0.048345,0.007427,-0.203274,0.977899,1.031479,-0.473006,0.021709,-0.058351,-0.175958,0.590703,-0.785305,0.707696,-0.591931,0.063518,-0.023153,-0.022138,0.352377,-0.935310,0.973442,-0.494666,0.939333
968,4.033333,-0.045050,0.007365,-0.203206,0.978071,1.031313,-0.472829,0.021553,-0.061432,-0.170769,0.588636,-0.787763,0.715296,-0.595157,0.062932,-0.022957,-0.023016,0.350569,-0.935973,0.975534,-0.495295,0.939264
969,4.037500,-0.042551,0.007265,-0.202652,0.978299,1.031252,-0.472657,0.021444,-0.062368,-0.165955,0.586895,-0.790015,0.723045,-0.598540,0.062416,-0.022172,-0.023292,0.348790,-0.936649,0.977642,-0.495879,0.939342
970,4.041667,-0.042454,0.008671,-0.203766,0.978060,1.031103,-0.472896,0.021134,-0.062520,-0.160657,0.584489,-0.792876,0.730819,-0.602023,0.061882,-0.021325,-0.023629,0.347127,-0.937278,0.979730,-0.496499,0.939423
971,4.045833,-0.043746,0.008566,-0.203620,0.978035,1.031108,-0.472715,0.021299,-0.060356,-0.157679,0.582385,-0.795187,0.738727,-0.605416,0.061307,-0.020422,-0.023832,0.345279,-0.937975,0.981836,-0.497092,0.939584
972,4.050000,-0.043484,0.008138,-0.203031,0.978172,1.031053,-0.472738,0.021296,-0.060129,-0.153109,0.580365,-0.797571,0.746621,-0.608934,0.060695,-0.019663,-0.023950,0.343591,-0.938608,0.983910,-0.497768,0.939681
973,4.054167,-0.044126,0.008389,-0.203001,0.978148,1.031055,-0.472765,0.021371,-0.058984,-0.149307,0.577755,-0.800267,0.754945,-0.612486,0.060055,-0.018760,-0.023999,0.341911,-0.939239,0.986032,-0.498415,0.939722
974,4.058333,-0.049531,0.008334,-0.202093,0.978078,1.031387,-0.473148,0.021581,-0.058272,-0.144895,0.577177,-0.801547,0.763035,-0.616087,0.059442,-0.018050,-0.024561,0.340283,-0.939829,0.988186,-0.499102,0.939723
975,4.062500,-0.049438,0.008177,-0.201780,0.978148,1.031363,-0.473141,0.021572,-0.056724,-0.142043,0.576371,-0.802747,0.770996,-0.619618,0.058832,-0.017658,-0.024974,0.338624,-0.940424,0.990314,-0.499822,0.939737
976,4.066667,-0.049073,0.008168,-0.201393,0.978246,1.031362,-0.473121,0.021547,-0.055812,-0.134483,0.573695,-0.806023,0.779515,-0.623355,0.058230,-0.016988,-0.024993,0.336962,-0.941033,0.992437,-0.500499,0.939801
977,4.070833,-0.046370,0.006499,-0.200506,0.978573,1.031443,-0.472865,0.021695,-0.054026,-0.130364,0.573440,-0.807003,0.787656,-0.627032,0.057578,-0.016493,-0.025154,0.335493,-0.941562,0.994524,-0.501253,0.939748
978,4.075000,-0.046197,0.006113,-0.199438,0.978802,1.031554,-0.472697,0.021802,-0.052867,-0.125979,0.573285,-0.807885,0.795941,-0.630717,0.056807,-0.015573,-0.025353,0.333996,-0.942105,0.996650,-0.501952,0.939748
979,4.079167,-0.046251,0.006084,-0.198970,0.978895,1.031535,-0.472607,0.021799,-0.050513,-0.122538,0.572151,-0.809367,0.804213,-0.634415,0.055907,-0.014887,-0.025567,0.332550,-0.942622,0.998786,-0.502725,0.939642
980,4.083333,-0.045700,0.006172,-0.198781,0.978958,1.031493,-0.472560,0.021764,-0.048525,-0.120811,0.572134,-0.809761,0.812594,-0.637989,0.055221,-0.014185,-0.025819,0.331028,-0.943161,1.000863,-0.503480,0.939556
981,4.087500,-0.044998,0.006447,-0.198661,0.979014,1.031458,-0.472536,0.021728,-0.048887,-0.111758,0.571040,-0.811809,0.821768,-0.642206,0.054469,-0.013416,-0.025543,0.329428,-0.943740,1.002985,-0.504169,0.939549
982,4.091667,-0.044180,0.006609,-0.198656,0.979051,1.031377,-0.472497,0.021680,-0.047306,-0.107270,0.570615,-0.812806,0.830459,-0.646030,0.053671,-0.012879,-0.025464,0.327883,-0.944287,1.005098,-0.504903,0.939498
983,4.095833,-0.042729,0.006423,-0.198255,0.979198,1.031296,-0.472367,0.021631,-0.045711,-0.102682,0.570347,-0.813678,0.839196,-0.649871,0.052826,-0.012322,-0.025572,0.326250,-0.944857,1.007214,-0.505602,0.939439
984,4.100000,-0.041613,0.006352,-0.197627,0.979373,1.031279,-0.472250,0.021607,-0.043932,-0.098670,0.569585,-0.814805,0.848078,-0.653688,0.051903,-0.012008,-0.024735,0.324257,-0.945570,1.009351,-0.506216,0.939516
985,4.104167,-0.040642,0.006090,-0.197113,0.979519,1.031224,-0.472121,0.021587,-0.043316,-0.094376,0.570298,-0.814848,0.857178,-0.657486,0.051166,-0.011893,-0.024388,0.322541,-0.946167,1.011458,-0.506937,0.939503
986,4.108333,-0.040119,0.006119,-0.196765,0.979610,1.031204,-0.472077,0.021554,-0.041886,-0.089983,0.569766,-0.815791,0.866273,-0.661353,0.050282,-0.011419,-0.024920,0.320897,-0.946717,1.013682,-0.507772,0.939371
987,4.112500,-0.040018,0.006052,-0.196260,0.979716,1.031231,-0.472110,0.021479,-0.039554,-0.086383,0.570063,-0.816090,0.875197,-0.665229,0.049364,-0.010874,-0.025117,0.319402,-0.947224,1.015823,-0.508658,0.939197
988,4.116667,-0.040201,0.006189,-0.196083,0.979743,1.031216,-0.472125,0.021457,-0.037760,-0.081454,0.569235,-0.817258,0.884476,-0.669248,0.048364,-0.010915,-0.025669,0.317787,-0.947752,1.017987,-0.509358,0.938883
989,4.120833,-0.039992,0.006012,-0.195604,0.979849,1.031234,-0.472102,0.021507,-0.036278,-0.076538,0.568449,-0.818347,0.893934,-0.673165,0.047515,-0.009684,-0.025610,0.316002,-0.948364,1.020178,-0.510184,0.938821
990,4.125000,-0.040015,0.006052,-0.195288,0.979911,1.031257,-0.472123,0.021506,-0.034359,-0.073219,0.567704,-0.819250,0.903323,-0.676948,0.046548,-0.009545,-0.025579,0.314119,-0.948991,1.022340,-0.510993,0.938685
991,4.129167,-0.039530,0.006068,-0.195024,0.979983,1.031258,-0.472169,0.021458,-0.031507,-0.069537,0.565786,-0.821011,0.912934,-0.680779,0.045625,-0.009792,-0.026247,0.312412,-0.949534,1.024565,-0.511703,0.938328
992,4.133333,-0.039102,0.006115,-0.194719,0.980060,1.031252,-0.472191,0.021431,-0.031582,-0.064491,0.565659,-0.821507,0.922381,-0.684709,0.044730,-0.010173,-0.026787,0.310828,-0.950034,1.026661,-0.512512,0.938067
993,4.137500,-0.038865,0.006200,-0.194416,0.980129,1.031253,-0.472192,0.021418,-0.031319,-0.058217,0.564710,-0.822638,0.932022,-0.688657,0.043727,-0.014557,-0.029462,0.308468,-0.950667,1.029183,-0.513500,0.937042
994,4.141667,-0.038708,0.006504,-0.193852,0.980245,1.031257,-0.472139,0.021403,-0.029710,-0.053319,0.563680,-0.823735,0.941754,-0.692578,0.042603,-0.015095,-0.029474,0.306661,-0.951243,1.031260,-0.514119,0.936750
995,4.145833,-0.038880,0.006598,-0.193598,0.980288,1.031230,-0.472121,0.021362,-0.029424,-0.047299,0.561848,-0.825363,0.951684,-0.696416,0.041726,-0.015005,-0.030046,0.304804,-0.951823,1.033548,-0.514777,0.936413
996,4.150000,-0.038495,0.006576,-0.193197,0.980383,1.031214,-0.472089,0.021343,-0.027492,-0.043463,0.559010,-0.827564,0.961932,-0.700225,0.040958,-0.015031,-0.030514,0.302753,-0.952462,1.035761,-0.515487,0.936091
997,4.154167,-0.037948,0.006573,-0.192804,0.980481,1.031204,-0.472068,0.021323,-0.026618,-0.037737,0.556585,-0.829506,0.971895,-0.703957,0.039978,-0.014061,-0.031017,0.300556,-0.953156,1.038039,-0.516270,0.935789
998,4.158333,-0.039607,0.006379,-0.192172,0.980541,1.031355,-0.472171,0.021433,-0.026210,-0.033169,0.555085,-0.830719,0.982118,-0.707669,0.039265,-0.013731,-0.031143,0.298242,-0.953883,1.040324,-0.516996,0.935535
999,4.162500,-0.038956,0.006563,-0.191889,0.980621,1.031340,-0.472170,0.021413,-0.026046,-0.026122,0.551839,-0.833134,0.992250,-0.711590,0.038325,-0.013795,-0.031575,0.296202,-0.954504,1.042691,-0.517844,0.935245
1000,4.166667,-0.038520,0.006797,-0.191762,0.980662,1.031329,-0.472222,0.021362,-0.024798,-0.021182,0.548745,-0.835354,1.002633,-0.715374,0.037499,-0.016021,-0.031821,0.293439,-0.955314,1.044751,-0.518431,0.935165
1001,4.170833,-0.037829,0.007183,-0.191596,0.980718,1.031326,-0.472225,0.021351,-0.025298,-0.015686,0.546136,-0.837168,1.013225,-0.719063,0.036931,-0.015657,-0.032345,0.291437,-0.955915,1.047163,-0.519256,0.934938
1002,4.175000,-0.037652,0.007387,-0.191250,0.980791,1.031326,-0.472222,0.021362,-0.024854,-0.009154,0.542104,-0.839894,1.023495,-0.722808,0.036121,-0.016014,-0.032417,0.289135,-0.956605,1.049526,-0.520072,0.934633
1003,4.179167,-0.037224,0.007474,-0.190823,0.980890,1.031323,-0.472220,0.021357,-0.023477,-0.003671,0.537606,-0.842861,1.033765,-0.726624,0.035497,-0.016472,-0.032967,0.286740,-0.957299,1.051963,-0.520883,0.934237
1004,4.183333,-0.036907,0.007572,-0.190411,0.980981,1.031323,-0.472243,0.021341,-0.023874,0.001662,0.534283,-0.844967,1.044383,-0.730125,0.034910,-0.016210,-0.032817,0.284338,-0.958025,1.054595,-0.521909,0.934023
1005,4.187500,-0.036163,0.007532,-0.189757,0.981136,1.031308,-0.472283,0.021312,-0.023555,0.007564,0.530677,-0.847213,1.054943,-0.733626,0.034225,-0.016329,-0.032767,0.281943,-0.958732,1.057198,-0.522921,0.933807
1006,4.191667,-0.035524,0.007719,-0.189274,0.981251,1.031306,-0.472305,0.021312,-0.023131,0.013240,0.526650,-0.849664,1.065560,-0.737244,0.033685,-0.016625,-0.032784,0.279445,-0.959458,1.059791,-0.523812,0.933497
1007,4.195833,-0.035086,0.007925,-0.189023,0.981314,1.031320,-0.472369,0.021305,-0.023915,0.018885,0.522612,-0.852026,1.076199,-0.740822,0.033160,-0.016302,-0.032817,0.276961,-0.960182,1.062333,-0.524799,0.933259
1008,4.200000,-0.034925,0.007936,-0.188713,0.981379,1.031332,-0.472427,0.021303,-0.024567,0.024609,0.518762,-0.854211,1.086752,-0.744383,0.032725,-0.016013,-0.032906,0.274578,-0.960868,1.064876,-0.525730,0.932968
1009,4.204167,-0.034827,0.008175,-0.188609,0.981400,1.031353,-0.472454,0.021329,-0.025727,0.030463,0.514403,-0.856621,1.097440,-0.747911,0.032251,-0.016114,-0.033176,0.272166,-0.961543,1.067437,-0.526659,0.932564
1010,4.208333,-0.034594,0.008354,-0.188388,0.981450,1.031363,-0.472497,0.021328,-0.026599,0.035561,0.510025,-0.859013,1.108062,-0.751454,0.031862,-0.016024,-0.033149,0.269791,-0.962215,1.070030,-0.527554,0.932232
1011,4.212500,-0.033811,0.008204,-0.188094,0.981535,1.031451,-0.472533,0.021300,-0.027806,0.040349,0.504848,-0.861816,1.118722,-0.755048,0.031416,-0.016061,-0.032960,0.267362,-0.962898,1.072502,-0.528520,0.931962
1012,4.216667,-0.034638,0.007907,-0.187503,0.981621,1.031598,-0.472657,0.021343,-0.028761,0.044726,0.501132,-0.863736,1.129299,-0.758459,0.031103,-0.016109,-0.032768,0.264976,-0.963563,1.075071,-0.529439,0.931641
1013,4.220833,-0.034569,0.008068,-0.186961,0.981726,1.031582,-0.472718,0.021357,-0.030303,0.049414,0.496938,-0.865848,1.139796,-0.761860,0.030727,-0.016550,-0.032816,0.262612,-0.964201,1.077609,-0.530370,0.931230
1014,4.225000,-0.034212,0.008371,-0.186619,0.981801,1.031580,-0.472786,0.021364,-0.030994,0.052258,0.492274,-0.868317,1.150351,-0.765217,0.030440,-0.016623,-0.032746,0.260402,-0.964802,1.080171,-0.531324,0.930837
1015,4.229167,-0.032478,0.008624,-0.185815,0.982010,1.031514,-0.472660,0.021350,-0.031927,0.054843,0.487582,-0.870768,1.160987,-0.768624,0.030195,-0.016885,-0.032368,0.258122,-0.965422,1.082704,-0.532258,0.930473
1016,4.233333,-0.032073,0.009009,-0.185404,0.982098,1.031530,-0.472791,0.021383,-0.032017,0.056223,0.482863,-0.873302,1.171402,-0.771966,0.029969,-0.016759,-0.032234,0.255815,-0.966043,1.085340,-0.533227,0.930077
1017,4.237500,-0.032234,0.009308,-0.185343,0.982101,1.031572,-0.472976,0.021402,-0.033791,0.057680,0.478113,-0.875751,1.181832,-0.775243,0.029629,-0.016867,-0.031757,0.253524,-0.966661,1.087870,-0.534237,0.929731
1018,4.241667,-0.032231,0.009636,-0.185232,0.982119,1.031585,-0.473111,0.021410,-0.035140,0.058103,0.473774,-0.878025,1.192135,-0.778440,0.029359,-0.017038,-0.031575,0.251242,-0.967259,1.090518,-0.535193,0.929315
1019,4.245833,-0.032222,0.009930,-0.184894,0.982180,1.031619,-0.473171,0.021436,-0.037069,0.058441,0.468720,-0.880632,1.202451,-0.781694,0.029123,-0.017231,-0.031375,0.249026,-0.967835,1.093138,-0.536243,0.928908
1020,4.250000,-0.032380,0.010241,-0.184456,0.982254,1.031638,-0.473231,0.021475,-0.037983,0.058536,0.462887,-0.883666,1.212607,-0.785106,0.028837,-0.016549,-0.031661,0.246825,-0.968401,1.095940,-0.537290,0.928445
1021,4.254167,-0.030728,0.010324,-0.183477,0.982489,1.031604,-0.473305,0.021435,-0.041460,0.059173,0.458459,-0.885773,1.222713,-0.788319,0.028458,-0.015548,-0.031434,0.244788,-0.968942,1.098727,-0.538384,0.927955
1022,4.258333,-0.028308,0.010655,-0.182980,0.982651,1.031522,-0.473453,0.021406,-0.045815,0.059179,0.454562,-0.887565,1.232619,-0.791450,0.028045,-0.015376,-0.031293,0.242595,-0.969501,1.101368,-0.539627,0.927614
1023,4.262500,-0.026457,0.010952,-0.182474,0.982794,1.031528,-0.473607,0.021409,-0.049039,0.059311,0.450318,-0.889545,1.242497,-0.794685,0.027827,-0.015087,-0.030948,0.240533,-0.970030,1.104137,-0.540719,0.927233
1024,4.266667,-0.027177,0.011247,-0.181538,0.982944,1.031655,-0.473660,0.021539,-0.054113,0.059133,0.446757,-0.891057,1.252330,-0.797819,0.027587,-0.014721,-0.030525,0.238348,-0.970588,1.106940,-0.541827,0.926848
1025,4.270833,-0.028831,0.011608,-0.181620,0.982878,1.031574,-0.473711,0.021694,-0.057961,0.059737,0.442095,-0.893098,1.262123,-0.800914,0.027537,-0.013886,-0.030431,0.236291,-0.971107,1.109713,-0.543003,0.926459
1026,4.275000,-0.028199,0.012230,-0.181024,0.982998,1.031583,-0.473817,0.021738,-0.063382,0.060985,0.438077,-0.894624,1.271668,-0.803910,0.027511,-0.013279,-0.029976,0.234223,-0.971630,1.112528,-0.544188,0.926012
1027,4.279167,-0.026770,0.012834,-0.180278,0.983168,1.031579,-0.473941,0.021737,-0.070254,0.065504,0.435058,-0.895264,1.281267,-0.807020,0.027074,-0.013094,-0.029879,0.232094,-0.972146,1.115361,-0.545371,0.925577
1028,4.283333,-0.025471,0.013550,-0.179474,0.983340,1.031575,-0.474086,0.021752,-0.074638,0.066674,0.431747,-0.896425,1.290703,-0.810024,0.026994,-0.013063,-0.029838,0.230053,-0.972633,1.118172,-0.546556,0.925149
1029,4.287500,-0.030677,0.014582,-0.178510,0.983352,1.031736,-0.474181,0.022086,-0.079674,0.069958,0.427559,-0.897748,1.300181,-0.813026,0.027350,-0.013279,-0.029517,0.227860,-0.973156,1.121055,-0.547738,0.924668
1030,4.291667,-0.029754,0.015144,-0.177414,0.983570,1.031759,-0.474330,0.022116,-0.084554,0.073120,0.424025,-0.898725,1.309474,-0.815872,0.027741,-0.013296,-0.029339,0.225931,-0.973611,1.123868,-0.548901,0.924212
1031,4.295833,-0.028316,0.016097,-0.176203,0.983815,1.031772,-0.474426,0.022199,-0.087737,0.077028,0.421133,-0.899453,1.318456,-0.818582,0.028363,-0.014369,-0.029024,0.223711,-0.974117,1.126775,-0.550109,0.923671
1032,4.300000,-0.022707,0.017528,-0.173144,0.984479,1.032044,-0.474187,0.022101,-0.091660,0.082609,0.417705,-0.900165,1.327421,-0.821286,0.029082,-0.014531,-0.028860,0.221816,-0.974553,1.129684,-0.551320,0.923137
1033,4.304167,-0.022438,0.018489,-0.171975,0.984672,1.032075,-0.474311,0.022213,-0.094258,0.089586,0.413963,-0.900957,1.336228,-0.823903,0.030029,-0.014497,-0.028463,0.219666,-0.975052,1.132607,-0.552549,0.922665
1034,4.308333,-0.021528,0.019604,-0.170639,0.984903,1.032102,-0.474433,0.022294,-0.096968,0.096965,0.410959,-0.901281,1.344889,-0.826442,0.031056,-0.014792,-0.028411,0.217741,-0.975481,1.135596,-0.553798,0.922125
1035,4.312500,-0.020165,0.021041,-0.169506,0.985098,1.032095,-0.474600,0.022341,-0.098477,0.101544,0.409842,-0.901122,1.353333,-0.829027,0.031816,-0.015503,-0.028220,0.215616,-0.975947,1.138531,-0.555078,0.921636
1036,4.316667,-0.019928,0.022222,-0.168304,0.985283,1.032112,-0.474809,0.022477,-0.099212,0.108097,0.407643,-0.901277,1.361709,-0.831527,0.032836,-0.016804,-0.028263,0.213532,-0.976383,1.141547,-0.556401,0.920994
1037,4.320833,-0.016437,0.023628,-0.167349,0.985477,1.031958,-0.475191,0.022424,-0.100155,0.114993,0.405006,-0.901507,1.369934,-0.833920,0.034047,-0.010510,-0.027758,0.211891,-0.976843,1.144576,-0.557590,0.920866
1038,4.325000,-0.017591,0.024169,-0.168468,0.985254,1.031424,-0.475911,0.022690,-0.101440,0.122255,0.402264,-0.901636,1.377998,-0.836227,0.035188,-0.017558,-0.028017,0.209194,-0.977315,1.147590,-0.559060,0.920049
1039,4.329167,-0.016776,0.025259,-0.167183,0.985460,1.031313,-0.476197,0.022812,-0.102929,0.129521,0.399739,-0.901576,1.385931,-0.838572,0.036376,-0.018296,-0.028358,0.207190,-0.977718,1.150710,-0.560490,0.919421
1040,4.333333,-0.014599,0.026438,-0.164953,0.985839,1.031227,-0.476489,0.022861,-0.103133,0.135586,0.396487,-0.902096,1.393889,-0.840715,0.037642,-0.019023,-0.028665,0.205206,-0.978114,1.153888,-0.561872,0.918741
1041,4.337500,-0.014037,0.027655,-0.163294,0.986090,1.031180,-0.476762,0.022983,-0.103199,0.142207,0.393025,-0.902584,1.401636,-0.842769,0.038919,-0.016577,-0.029631,0.203037,-0.978582,1.157136,-0.563407,0.918458
1042,4.341667,-0.016336,0.028695,-0.161751,0.986279,1.031188,-0.476888,0.023234,-0.104596,0.148192,0.390485,-0.902563,1.409091,-0.844847,0.039993,-0.017695,-0.030465,0.202059,-0.978740,1.160330,-0.565141,0.917415
1043,4.345833,-0.017185,0.029739,-0.160243,0.986480,1.031228,-0.477111,0.023361,-0.107493,0.154354,0.387941,-0.902287,1.416355,-0.846942,0.041032,-0.018313,-0.030444,0.199748,-0.979203,1.163507,-0.566753,0.916656
1044,4.350000,-0.017149,0.031490,-0.158853,0.986651,1.031176,-0.477207,0.023605,-0.108594,0.160404,0.384458,-0.902591,1.423664,-0.848858,0.042149,-0.017412,-0.030225,0.198241,-0.979532,1.166730,-0.568133,0.916340
1045,4.354167,-0.027001,0.034339,-0.157614,0.986534,1.031484,-0.476967,0.024460,-0.109143,0.165568,0.381088,-0.903021,1.430808,-0.850657,0.043239,-0.017762,-0.030044,0.195885,-0.980006,1.169854,-0.569770,0.915799
1046,4.358333,-0.028050,0.035803,-0.156015,0.986707,1.031469,-0.477090,0.024710,-0.110430,0.171167,0.377249,-0.903433,1.437764,-0.852368,0.044289,-0.017375,-0.030416,0.193738,-0.980428,1.173145,-0.571402,0.915208
1047,4.362500,-0.029228,0.037257,-0.154811,0.986809,1.031437,-0.477246,0.025030,-0.111171,0.176471,0.373499,-0.903879,1.444539,-0.853986,0.045359,-0.019132,-0.030094,0.192201,-0.980707,1.176440,-0.572758,0.914772
1048,4.366667,-0.025644,0.038131,-0.153265,0.987116,1.031201,-0.477556,0.025098,-0.109728,0.180888,0.370058,-0.904598,1.451236,-0.855429,0.046374,-0.020572,-0.030584,0.189905,-0.981110,1.179685,-0.574353,0.914363
1049,4.370833,-0.025159,0.039512,-0.152588,0.987179,1.031033,-0.477854,0.025346,-0.116358,0.188821,0.365283,-0.904088,1.458025,-0.856714,0.046839,-0.017076,-0.030452,0.187728,-0.981600,1.183008,-0.576121,0.914016
1050,4.375000,-0.025204,0.041578,-0.151525,0.987257,1.031009,-0.478009,0.025637,-0.119921,0.195830,0.361834,-0.903519,1.464453,-0.857927,0.047426,-0.016573,-0.031844,0.185122,-0.982060,1.186403,-0.577940,0.913716
1051,4.379167,-0.025709,0.044258,-0.150851,0.987231,1.030971,-0.478223,0.025928,-0.119367,0.200125,0.358586,-0.903945,1.470507,-0.859080,0.048096,-0.022714,-0.030374,0.183965,-0.982201,1.189666,-0.579227,0.912947
1052,4.383333,-0.032387,0.048374,-0.149945,0.986979,1.031281,-0.478148,0.026593,-0.118484,0.203364,0.355579,-0.904527,1.476384,-0.860156,0.048732,-0.020186,-0.030040,0.181790,-0.982671,1.192948,-0.580975,0.912771
1053,4.387500,-0.033068,0.050973,-0.149124,0.986950,1.031293,-0.478284,0.026957,-0.117588,0.205710,0.353209,-0.905041,1.482051,-0.861080,0.049289,-0.027737,-0.028577,0.178579,-0.983119,1.196311,-0.582267,0.911825
1054,4.391667,-0.033928,0.053572,-0.148398,0.986893,1.031287,-0.478377,0.027348,-0.116210,0.208115,0.350637,-0.905670,1.487516,-0.861906,0.049742,-0.031092,-0.028623,0.176816,-0.983336,1.199617,-0.583587,0.911628
1055,4.395833,-0.034918,0.056346,-0.147702,0.986808,1.031327,-0.478467,0.027775,-0.112870,0.207236,0.348307,-0.907191,1.492861,-0.862571,0.050253,-0.031552,-0.028840,0.175036,-0.983634,1.203035,-0.585349,0.911236
1056,4.400000,-0.036796,0.059287,-0.147189,0.986644,1.031325,-0.478568,0.028255,-0.112874,0.209472,0.345318,-0.907820,1.497971,-0.863098,0.050384,-0.031947,-0.028981,0.172994,-0.983978,1.206408,-0.587031,0.910911
1057,4.404167,-0.038077,0.062036,-0.146513,0.986527,1.031387,-0.478635,0.028733,-0.118112,0.215022,0.341821,-0.907179,1.502847,-0.863577,0.050247,-0.032723,-0.029052,0.171213,-0.984262,1.209949,-0.588826,0.910445
1058,4.408333,-0.039036,0.065219,-0.145676,0.986408,1.031451,-0.478687,0.029232,-0.117637,0.217395,0.339444,-0.907568,1.507723,-0.864004,0.050025,-0.033271,-0.029335,0.169493,-0.984533,1.213508,-0.590628,0.910010
1059,4.412500,-0.040533,0.068414,-0.145325,0.986183,1.031521,-0.478779,0.029764,-0.115174,0.217996,0.336939,-0.908672,1.512140,-0.864094,0.050024,-0.032446,-0.029479,0.167333,-0.984925,1.217068,-0.592910,0.909621
1060,4.416667,-0.041763,0.071699,-0.144917,0.985959,1.031593,-0.478872,0.030287,-0.116827,0.219587,0.334448,-0.908998,1.516396,-0.863987,0.049585,-0.034756,-0.029382,0.165903,-0.985091,1.220661,-0.594407,0.909256
1061,4.420833,-0.042950,0.074804,-0.144101,0.985796,1.031712,-0.478954,0.030705,-0.120945,0.223219,0.331064,-0.908814,1.520571,-0.863988,0.048758,-0.035538,-0.029041,0.164292,-0.985344,1.224215,-0.596270,0.908995
1062,4.425000,-0.038904,0.077195,-0.143714,0.985837,1.031710,-0.479179,0.030999,-0.123492,0.224625,0.328232,-0.909152,1.524411,-0.864063,0.047821,-0.036099,-0.028836,0.162640,-0.985603,1.227810,-0.598180,0.908725
1063,4.429167,-0.043616,0.081921,-0.143001,0.985362,1.031984,-0.479043,0.031686,-0.119624,0.221902,0.326250,-0.911049,1.527760,-0.863746,0.047402,-0.036889,-0.028976,0.161041,-0.985832,1.231470,-0.600217,0.908412
1064,4.433333,-0.044249,0.086446,-0.141562,0.985155,1.032203,-0.478949,0.032050,-0.121179,0.220618,0.324185,-0.911892,1.531125,-0.863420,0.046103,-0.037644,-0.029089,0.159483,-0.986054,1.235137,-0.602211,0.908092
1065,4.437500,-0.033683,0.089051,-0.141500,0.985349,1.032196,-0.479348,0.032019,-0.126017,0.221092,0.320566,-0.912401,1.534425,-0.863079,0.044668,-0.037710,-0.029405,0.158087,-0.986267,1.238871,-0.604340,0.907749
1066,4.441667,-0.030207,0.092599,-0.142136,0.985043,1.032106,-0.479536,0.032366,-0.125877,0.216976,0.316290,-0.914898,1.537282,-0.862736,0.043504,-0.036950,-0.028607,0.156905,-0.986508,1.242539,-0.606473,0.907660
1067,4.445833,-0.029314,0.096783,-0.142183,0.984661,1.032217,-0.479648,0.032874,-0.123606,0.210729,0.312757,-0.917877,1.539839,-0.862142,0.042410,-0.037037,-0.027898,0.155527,-0.986743,1.246245,-0.608579,0.907517
1068,4.450000,-0.034012,0.101479,-0.140514,0.984277,1.032565,-0.479589,0.033867,-0.119911,0.203375,0.308097,-0.921595,1.542303,-0.861339,0.041447,-0.037107,-0.027109,0.154142,-0.986979,1.250022,-0.610696,0.907395
1069,4.454167,-0.031413,0.106065,-0.139559,0.984016,1.032803,-0.479786,0.034289,-0.118010,0.195222,0.304452,-0.924809,1.544363,-0.860517,0.040091,-0.037181,-0.026865,0.152938,-0.987171,1.253960,-0.612829,0.907124
1070,4.458333,-0.035121,0.111422,-0.139403,0.983320,1.032971,-0.479710,0.035069,-0.111929,0.186181,0.302105,-0.928193,1.546879,-0.859359,0.038429,-0.036753,-0.026745,0.151565,-0.987402,1.257935,-0.615046,0.907046
1071,4.462500,-0.035701,0.117109,-0.138055,0.982829,1.033268,-0.479793,0.035750,-0.109725,0.175705,0.300503,-0.931014,1.549344,-0.858888,0.036885,-0.035871,-0.025921,0.150422,-0.987631,1.261941,-0.617282,0.906952
1072,4.466667,-0.038469,0.122605,-0.136732,0.982239,1.033610,-0.479814,0.036539,-0.107370,0.162723,0.299143,-0.934081,1.551944,-0.858729,0.035376,-0.035816,-0.025588,0.149115,-0.987840,1.266042,-0.619482,0.906777
1073,4.470833,-0.038554,0.128818,-0.135704,0.981582,1.033872,-0.479835,0.037203,-0.106533,0.148953,0.298619,-0.936638,1.554515,-0.858894,0.033819,-0.037282,-0.025218,0.148502,-0.987887,1.269816,-0.621832,0.906298
1074,4.475000,-0.038780,0.134980,-0.134900,0.980856,1.034229,-0.480043,0.037955,-0.104590,0.134791,0.299416,-0.938745,1.556748,-0.859339,0.032110,-0.040329,-0.026079,0.147460,-0.987901,1.273797,-0.624090,0.905462
1075,4.479167,-0.041413,0.142195,-0.134113,0.979836,1.034610,-0.480123,0.038888,-0.105582,0.124765,0.299972,-0.939842,1.558494,-0.859842,0.030487,-0.041577,-0.026338,0.146787,-0.987943,1.277696,-0.626345,0.904976
1076,4.483333,-0.041946,0.149212,-0.133631,0.978836,1.034941,-0.480317,0.039738,-0.108180,0.119903,0.297882,-0.940844,1.560115,-0.859563,0.029079,-0.042380,-0.026650,0.145931,-0.988027,1.281635,-0.628533,0.904573
1077,4.487500,-0.042267,0.156547,-0.131819,0.977921,1.035208,-0.480647,0.040500,-0.107885,0.113145,0.296583,-0.942124,1.561407,-0.859376,0.027840,-0.042325,-0.026354,0.145573,-0.988090,1.285588,-0.630827,0.904318
1078,4.491667,-0.046126,0.164696,-0.130007,0.976650,1.035659,-0.480727,0.041556,-0.107232,0.105695,0.295667,-0.943351,1.562657,-0.859602,0.026821,-0.041868,-0.025759,0.144989,-0.988211,1.289580,-0.633131,0.904167
1079,4.495833,-0.046712,0.172585,-0.128267,0.975490,1.036096,-0.480976,0.042658,-0.103444,0.096304,0.295274,-0.944901,1.563823,-0.859869,0.025581,-0.041328,-0.025337,0.144807,-0.988272,1.293505,-0.635370,0.903991
1080,4.500000,-0.050027,0.181157,-0.126097,0.974053,1.036708,-0.481155,0.043981,-0.100563,0.086875,0.295077,-0.946187,1.564841,-0.860203,0.024283,-0.040989,-0.024898,0.144341,-0.988365,1.297526,-0.637485,0.903787
1081,4.504167,-0.048053,0.190921,-0.124409,0.972503,1.036915,-0.481595,0.044726,-0.097910,0.078444,0.296123,-0.946874,1.565770,-0.860752,0.023145,-0.039500,-0.023925,0.143899,-0.988514,1.301483,-0.639802,0.903919
1082,4.508333,-0.049955,0.197241,-0.121021,0.971573,1.037022,-0.482314,0.045689,-0.096005,0.072740,0.296939,-0.947269,1.566506,-0.860981,0.022474,-0.037943,-0.023361,0.143513,-0.988645,1.305500,-0.642014,0.904007
1083,4.512500,-0.050941,0.204169,-0.117305,0.970546,1.037320,-0.483060,0.046956,-0.092437,0.068679,0.297496,-0.947753,1.567127,-0.861103,0.022022,-0.036016,-0.023036,0.143007,-0.988798,1.309519,-0.644278,0.904148
1084,4.516667,-0.052305,0.213013,-0.114010,0.968964,1.037884,-0.483616,0.048568,-0.087693,0.064051,0.298525,-0.948204,1.567685,-0.861310,0.021477,-0.033882,-0.022752,0.142498,-0.988953,1.313538,-0.646569,0.904443
1085,4.520833,-0.051445,0.223759,-0.111947,0.966827,1.038462,-0.484484,0.049825,-0.084032,0.059994,0.299946,-0.948352,1.568165,-0.861481,0.020909,-0.031983,-0.022472,0.142261,-0.989057,1.317493,-0.648744,0.904670
1086,4.525000,-0.051885,0.234130,-0.108904,0.964692,1.039248,-0.485306,0.051298,-0.081297,0.055904,0.301230,-0.948434,1.568617,-0.861753,0.020337,-0.029958,-0.021781,0.142387,-0.989118,1.321402,-0.651007,0.904989
1087,4.529167,-0.051197,0.246064,-0.106385,0.962036,1.040331,-0.485968,0.052925,-0.078826,0.052477,0.301862,-0.948637,1.569117,-0.861991,0.019887,-0.026153,-0.021364,0.142493,-0.989220,1.325187,-0.653524,0.905358
1088,4.533333,-0.051910,0.258913,-0.101553,0.959144,1.041240,-0.486790,0.054355,-0.076296,0.049261,0.301945,-0.948990,1.569701,-0.862138,0.019579,-0.022978,-0.020744,0.142577,-0.989300,1.328921,-0.655824,0.905768
1089,4.537500,-0.052261,0.271572,-0.096897,0.956101,1.042159,-0.487685,0.055870,-0.073408,0.046238,0.301284,-0.949580,1.570206,-0.862243,0.019346,-0.021555,-0.019889,0.143192,-0.989260,1.332639,-0.657896,0.906195
1090,4.541667,-0.051178,0.285167,-0.093132,0.952569,1.043662,-0.488653,0.057920,-0.069579,0.043682,0.299862,-0.950439,1.570698,-0.862169,0.019246,-0.019510,-0.018847,0.144090,-0.989193,1.336337,-0.660009,0.906630
1091,4.545833,-0.049446,0.298062,-0.089467,0.949057,1.044490,-0.489588,0.059715,-0.066473,0.040799,0.299298,-0.950966,1.571022,-0.862155,0.018948,-0.017429,-0.018559,0.144765,-0.989139,1.339934,-0.662149,0.907066
1092,4.550000,-0.050674,0.313838,-0.085713,0.944241,1.045240,-0.490824,0.061418,-0.064288,0.037957,0.299583,-0.951145,1.571232,-0.862176,0.018551,-0.015755,-0.018064,0.145635,-0.989048,1.343424,-0.664237,0.907546
1093,4.554167,-0.046436,0.327342,-0.080969,0.940285,1.046452,-0.492129,0.063346,-0.061554,0.035487,0.300091,-0.951261,1.571477,-0.862204,0.018167,-0.014576,-0.014909,0.146871,-0.988936,1.346894,-0.666241,0.907948
1094,4.558333,-0.046007,0.340452,-0.074223,0.936198,1.047918,-0.493205,0.065541,-0.058885,0.033048,0.300461,-0.951401,1.571795,-0.862219,0.017821,-0.002088,-0.012655,0.145957,-0.989208,1.350849,-0.668877,0.910396
1095,4.562500,-0.048314,0.353492,-0.066186,0.931842,1.049969,-0.494268,0.068197,-0.056463,0.030877,0.300271,-0.951681,1.572036,-0.862125,0.017649,0.000646,-0.009935,0.147115,-0.989069,1.354337,-0.670991,0.910605
1096,4.566667,-0.047581,0.368392,-0.060825,0.926458,1.051793,-0.495473,0.070589,-0.054337,0.029469,0.299575,-0.952068,1.572167,-0.861942,0.017564,0.001591,-0.012034,0.147471,-0.988992,1.357521,-0.673164,0.911170
1097,4.570833,-0.045090,0.385385,-0.058001,0.919827,1.053577,-0.496790,0.072742,-0.053093,0.028373,0.298915,-0.952379,1.572188,-0.861779,0.017449,0.002383,-0.012298,0.147960,-0.988914,1.360535,-0.675114,0.911686
1098,4.575000,-0.046688,0.399091,-0.051456,0.914275,1.055851,-0.497904,0.075202,-0.053296,0.027500,0.298391,-0.952558,1.572152,-0.861569,0.017313,0.002353,-0.011884,0.148565,-0.988828,1.363569,-0.677119,0.911974
1099,4.579167,-0.048101,0.410690,-0.045653,0.909360,1.058308,-0.499395,0.077750,-0.052851,0.026294,0.298219,-0.952670,1.572219,-0.861466,0.017140,0.003124,-0.012688,0.148735,-0.988791,1.366674,-0.679241,0.912647
1100,4.583333,-0.050300,0.419320,-0.037876,0.905653,1.061296,-0.500653,0.080660,-0.052024,0.025682,0.298479,-0.952651,1.572338,-0.861402,0.017052,0.003490,-0.013511,0.148861,-0.988760,1.369740,-0.681402,0.913137
1101,4.587500,-0.053785,0.428994,-0.031506,0.901154,1.064258,-0.501894,0.084073,-0.051815,0.025014,0.298505,-0.952672,1.572467,-0.861467,0.016928,0.003505,-0.014421,0.149029,-0.988721,1.372739,-0.683624,0.913548
1102,4.591667,-0.055190,0.439279,-0.027620,0.896228,1.067235,-0.503323,0.087434,-0.050890,0.023688,0.298271,-0.952829,1.572579,-0.861463,0.016788,0.003036,-0.015295,0.148917,-0.988727,1.375627,-0.685813,0.914045
1103,4.595833,-0.054085,0.448102,-0.024056,0.892020,1.070378,-0.504735,0.090774,-0.049410,0.022263,0.297866,-0.953068,1.572643,-0.861384,0.016563,0.006362,-0.011290,0.149036,-0.988747,1.379107,-0.688752,0.915759
1104,4.600000,-0.051725,0.456517,-0.021487,0.887950,1.074054,-0.506390,0.094040,-0.047742,0.020911,0.297318,-0.953355,1.572601,-0.861256,0.016469,0.007606,-0.011918,0.148419,-0.988823,1.382059,-0.691019,0.916392
1105,4.604167,-0.051006,0.464476,-0.017989,0.883932,1.077866,-0.507899,0.097565,-0.046389,0.019779,0.296906,-0.953574,1.572568,-0.861122,0.016420,0.007936,-0.012123,0.147806,-0.988910,1.385030,-0.693154,0.916817
1106,4.608333,-0.050875,0.470596,-0.014208,0.880766,1.082057,-0.509514,0.101088,-0.045300,0.019214,0.296724,-0.953695,1.572606,-0.861000,0.016427,0.009013,-0.013519,0.146675,-0.989051,1.387930,-0.695350,0.917514
1107,4.612500,-0.051741,0.476031,-0.009728,0.877851,1.086496,-0.511187,0.104585,-0.044111,0.018561,0.296703,-0.953770,1.572726,-0.860941,0.016393,0.009803,-0.013404,0.146020,-0.989142,1.390704,-0.697442,0.917904
1108,4.616667,-0.053409,0.481628,-0.006117,0.874725,1.091179,-0.512957,0.108164,-0.043381,0.017896,0.296700,-0.953817,1.572834,-0.860913,0.016314,0.010434,-0.013724,0.144713,-0.989323,1.393647,-0.699638,0.918547
1109,4.620833,-0.055032,0.485243,-0.001313,0.872645,1.096173,-0.514620,0.111640,-0.042866,0.017711,0.296556,-0.953888,1.572857,-0.860889,0.016264,0.010354,-0.013196,0.143502,-0.989508,1.396472,-0.701717,0.918798
1110,4.625000,-0.056568,0.488038,0.005707,0.870969,1.101660,-0.516275,0.114654,-0.042887,0.017102,0.296465,-0.953927,1.572807,-0.860916,0.016184,0.010260,-0.012892,0.142342,-0.989680,1.399111,-0.703797,0.919088
1111,4.629167,-0.057763,0.493729,0.009415,0.867644,1.107211,-0.518103,0.117560,-0.043196,0.016328,0.296400,-0.953947,1.572744,-0.860945,0.016110,0.010729,-0.012645,0.140859,-0.989891,1.401836,-0.705852,0.919502
1112,4.633333,-0.059326,0.497863,0.012468,0.865134,1.112994,-0.520128,0.120222,-0.043296,0.016485,0.296256,-0.953984,1.572698,-0.860927,0.016149,0.010690,-0.012442,0.139273,-0.990118,1.404579,-0.707818,0.919883
1113,4.637500,-0.060534,0.500747,0.015263,0.863340,1.118896,-0.522193,0.122968,-0.043075,0.016888,0.296101,-0.954036,1.572713,-0.860896,0.016192,0.010692,-0.012358,0.137532,-0.990363,1.407304,-0.709786,0.920220
1114,4.641667,-0.059299,0.501489,0.017498,0.862952,1.125166,-0.524157,0.125619,-0.042326,0.016554,0.295996,-0.954108,1.572718,-0.860840,0.016140,0.010154,-0.011993,0.135800,-0.990612,1.409930,-0.711715,0.920506
1115,4.645833,-0.057374,0.500469,0.018573,0.863652,1.131792,-0.526230,0.128149,-0.042279,0.016749,0.295938,-0.954124,1.572718,-0.860807,0.016139,0.008927,-0.010154,0.134308,-0.990847,1.412588,-0.713585,0.920653
1116,4.650000,-0.054882,0.498086,0.018463,0.865192,1.138686,-0.528348,0.130624,-0.042211,0.016907,0.295839,-0.954155,1.572673,-0.860795,0.016153,0.009041,-0.010201,0.132625,-0.991073,1.415106,-0.715464,0.920966
1117,4.654167,-0.052830,0.496111,0.017853,0.866467,1.145742,-0.530640,0.132797,-0.042521,0.016636,0.295631,-0.954210,1.572618,-0.860818,0.016116,0.008448,-0.009076,0.130739,-0.991339,1.417851,-0.717341,0.921128
1118,4.658333,-0.051038,0.494145,0.017202,0.867710,1.152916,-0.532999,0.134839,-0.042782,0.016664,0.295370,-0.954279,1.572565,-0.860820,0.016146,0.008341,-0.009033,0.128792,-0.991595,1.420530,-0.719194,0.921518
1119,4.662500,-0.049570,0.492243,0.016431,0.868890,1.160185,-0.535441,0.136671,-0.042888,0.016872,0.295190,-0.954326,1.572531,-0.860801,0.016193,0.008355,-0.008486,0.127099,-0.991819,1.423028,-0.721005,0.921815
1120,4.666667,-0.047706,0.489983,0.015392,0.870290,1.167683,-0.537974,0.138295,-0.043035,0.016858,0.295071,-0.954357,1.572485,-0.860774,0.016171,0.008519,-0.007958,0.125336,-0.992046,1.425703,-0.722858,0.922185
1121,4.670833,-0.046335,0.486739,0.014272,0.872201,1.175303,-0.540427,0.139680,-0.042893,0.016919,0.295034,-0.954374,1.572447,-0.860725,0.016152,0.008351,-0.007561,0.123619,-0.992266,1.428325,-0.724647,0.922555
1122,4.675000,-0.045032,0.483522,0.013465,0.874069,1.183073,-0.542880,0.140785,-0.042733,0.016883,0.295004,-0.954391,1.572419,-0.860694,0.016107,0.009030,-0.007160,0.122121,-0.992448,1.430906,-0.726405,0.922973
1123,4.679167,-0.044435,0.480078,0.012719,0.876008,1.191061,-0.545374,0.141673,-0.042763,0.017020,0.294916,-0.954414,1.572400,-0.860659,0.016099,0.009380,-0.007311,0.120616,-0.992628,1.433481,-0.728158,0.923417
1124,4.683333,-0.044426,0.476546,0.012289,0.877940,1.199077,-0.547907,0.142341,-0.043031,0.017311,0.294838,-0.954421,1.572375,-0.860634,0.016131,0.008503,-0.005947,0.119489,-0.992781,1.436034,-0.729841,0.923664
1125,4.687500,-0.045093,0.472195,0.012383,0.880253,1.206964,-0.550687,0.142479,-0.043932,0.016038,0.294716,-0.954440,1.572318,-0.860709,0.015986,0.009377,-0.006150,0.118342,-0.992910,1.438541,-0.731569,0.924209
1126,4.691667,-0.046081,0.468301,0.012490,0.882278,1.215136,-0.553378,0.142797,-0.043702,0.015734,0.293804,-0.954736,1.572194,-0.860716,0.015956,0.008905,-0.005056,0.117408,-0.993031,1.441111,-0.733232,0.924562
1127,4.695833,-0.047518,0.464174,0.012446,0.884381,1.223428,-0.556054,0.142793,-0.043322,0.015941,0.293184,-0.954941,1.572076,-0.860681,0.015944,0.008712,-0.005056,0.116393,-0.993152,1.443672,-0.734880,0.925012
1128,4.700000,-0.049625,0.459915,0.012629,0.886485,1.231921,-0.558728,0.142565,-0.043083,0.015965,0.293066,-0.954988,1.572069,-0.860643,0.015895,0.008495,-0.004229,0.115764,-0.993231,1.446155,-0.736498,0.925350
1129,4.704167,-0.051441,0.455462,0.011872,0.888688,1.240496,-0.561455,0.142064,-0.043744,0.017377,0.293345,-0.954847,1.572150,-0.860599,0.015895,0.007925,-0.003872,0.115296,-0.993292,1.448610,-0.738056,0.925683
1130,4.708333,-0.053439,0.451317,0.010561,0.890700,1.249337,-0.564126,0.141509,-0.044077,0.017543,0.293961,-0.954639,1.572220,-0.860547,0.015884,0.007692,-0.004492,0.114968,-0.993329,1.450976,-0.739664,0.925971
1131,4.712500,-0.055844,0.447065,0.009040,0.892711,1.258339,-0.566860,0.140615,-0.044052,0.017570,0.293496,-0.954783,1.572181,-0.860558,0.015879,0.009652,-0.004469,0.114963,-0.993313,1.453561,-0.741545,0.926506
1132,4.716667,-0.058600,0.441398,0.007958,0.895360,1.267290,-0.569683,0.139511,-0.043405,0.016562,0.293180,-0.954928,1.572125,-0.860543,0.015853,0.007172,-0.003563,0.114598,-0.993380,1.456062,-0.742868,0.926860
1133,4.720833,-0.060903,0.435360,0.007318,0.898164,1.276374,-0.572482,0.138264,-0.042642,0.015655,0.293103,-0.955001,1.572093,-0.860532,0.015842,0.006459,-0.002773,0.114693,-0.993376,1.458534,-0.744403,0.927162
1134,4.725000,-0.065784,0.431357,0.009249,0.899732,1.286256,-0.575270,0.136524,-0.042399,0.015397,0.293174,-0.954995,1.572116,-0.860509,0.015856,0.006489,-0.002881,0.114544,-0.993393,1.461160,-0.745811,0.927579
1135,4.729167,-0.067545,0.424662,0.007275,0.902800,1.295534,-0.578146,0.134897,-0.042237,0.015234,0.293073,-0.955035,1.572126,-0.860484,0.015876,0.006549,-0.002788,0.114707,-0.993374,1.463602,-0.747275,0.928045
1136,4.733333,-0.070304,0.416820,0.004764,0.906254,1.304708,-0.581166,0.133011,-0.042244,0.015023,0.293097,-0.955031,1.572163,-0.860453,0.015903,0.006414,-0.002513,0.115141,-0.993325,1.466067,-0.748769,0.928445
1137,4.737500,-0.072006,0.407878,0.001939,0.910191,1.314119,-0.584020,0.131216,-0.041929,0.014620,0.293076,-0.955057,1.572190,-0.860420,0.015920,0.005799,-0.002323,0.115605,-0.993276,1.468489,-0.750247,0.928681
1138,4.741667,-0.076979,0.402114,0.004460,0.912337,1.324464,-0.586988,0.128933,-0.041828,0.014816,0.293144,-0.955038,1.572236,-0.860389,0.015927,0.004546,-0.002313,0.116103,-0.993224,1.470855,-0.751673,0.928856
1139,4.745833,-0.079852,0.394443,0.004359,0.915434,1.334629,-0.589881,0.126452,-0.041244,0.014321,0.293000,-0.955115,1.572229,-0.860369,0.015904,0.003644,-0.002498,0.116711,-0.993156,1.473223,-0.753114,0.929019
1140,4.750000,-0.081788,0.386541,0.001785,0.918637,1.344618,-0.592830,0.123978,-0.040877,0.013950,0.292893,-0.955169,1.572238,-0.860346,0.015901,0.002447,-0.001968,0.117491,-0.993069,1.475615,-0.754538,0.929092
1141,4.754167,-0.084634,0.376879,-0.001770,0.922386,1.354337,-0.595964,0.121283,-0.040445,0.013335,0.293192,-0.955105,1.572249,-0.860395,0.015824,0.001204,-0.001588,0.118448,-0.992958,1.477932,-0.755901,0.929135
1142,4.758333,-0.086121,0.368368,-0.005646,0.925665,1.364365,-0.599054,0.118685,-0.040594,0.013951,0.292693,-0.955243,1.572288,-0.860292,0.015910,0.000617,-0.002220,0.119139,-0.992875,1.480212,-0.757249,0.929280
1143,4.762500,-0.087601,0.359279,-0.008485,0.929071,1.374600,-0.602216,0.115846,-0.039509,0.013173,0.292562,-0.955339,1.572280,-0.860263,0.015903,0.000145,-0.001793,0.120071,-0.992764,1.482603,-0.758644,0.929574
1144,4.766667,-0.094123,0.347199,-0.008586,0.933017,1.385658,-0.604974,0.113226,-0.039107,0.012734,0.292414,-0.955407,1.572293,-0.860219,0.015869,-0.000444,-0.001341,0.120971,-0.992655,1.484966,-0.760042,0.929677
1145,4.770833,-0.091485,0.338482,-0.012055,0.936438,1.396595,-0.607897,0.109636,-0.038040,0.011687,0.292264,-0.955509,1.572301,-0.860168,0.015774,-0.001740,-0.001300,0.121919,-0.992538,1.487285,-0.761341,0.929724
1146,4.775000,-0.096546,0.328267,-0.013675,0.939539,1.407359,-0.610888,0.106681,-0.038549,0.012406,0.292342,-0.955456,1.572331,-0.860133,0.015718,-0.002546,-0.001682,0.122776,-0.992430,1.489544,-0.762609,0.929823
1147,4.779167,-0.100309,0.319749,-0.016948,0.942025,1.418148,-0.614163,0.103806,-0.038050,0.012447,0.292255,-0.955502,1.572232,-0.860200,0.015567,-0.003152,-0.002835,0.123540,-0.992331,1.491837,-0.763886,0.929947
1148,4.783333,-0.097994,0.312404,-0.021161,0.944645,1.429096,-0.617418,0.100246,-0.039214,0.012912,0.292981,-0.955226,1.572451,-0.860171,0.015462,-0.004673,-0.003230,0.124471,-0.992207,1.494075,-0.765109,0.929854
1149,4.787500,-0.099673,0.299948,-0.025163,0.948400,1.440394,-0.620569,0.097597,-0.038747,0.011824,0.293253,-0.955176,1.572487,-0.860148,0.015468,-0.006270,-0.002536,0.125491,-0.992072,1.496266,-0.766337,0.929712
1150,4.791667,-0.099313,0.291499,-0.029040,0.950958,1.451608,-0.623959,0.094591,-0.038020,0.011222,0.292935,-0.955310,1.572488,-0.860125,0.015506,-0.006599,-0.001687,0.126102,-0.991994,1.498849,-0.767483,0.930215
1151,4.795833,-0.100347,0.281266,-0.032076,0.953830,1.462823,-0.627214,0.091425,-0.036959,0.010449,0.292625,-0.955456,1.572462,-0.860079,0.015617,-0.007039,-0.001674,0.127085,-0.991865,1.501141,-0.768758,0.930406
1152,4.800000,-0.101734,0.270401,-0.035357,0.956705,1.474324,-0.630405,0.088326,-0.036722,0.010312,0.292241,-0.955584,1.572554,-0.860009,0.015652,-0.007405,-0.001371,0.127920,-0.991756,1.503502,-0.770111,0.930602
1153,4.804167,-0.102330,0.259616,-0.038558,0.959501,1.485681,-0.633664,0.085019,-0.036330,0.010575,0.292031,-0.955660,1.572644,-0.859945,0.015737,-0.007883,-0.001417,0.128872,-0.991629,1.505895,-0.771491,0.930768
1154,4.808333,-0.100542,0.249314,-0.041291,0.962304,1.496999,-0.637216,0.081670,-0.035781,0.010140,0.291933,-0.955715,1.572664,-0.859911,0.015722,-0.007760,-0.001752,0.129711,-0.991520,1.508253,-0.772882,0.930939
1155,4.812500,-0.102381,0.238145,-0.042777,0.964871,1.508463,-0.640604,0.078668,-0.035765,0.009684,0.291947,-0.955716,1.572677,-0.859904,0.015731,-0.008965,-0.001050,0.130686,-0.991383,1.510655,-0.774179,0.931081
1156,4.816667,-0.104041,0.226456,-0.043541,0.967470,1.520067,-0.643828,0.075833,-0.034809,0.009206,0.292243,-0.955666,1.572754,-0.859877,0.015653,-0.009430,-0.000696,0.131456,-0.991277,1.513028,-0.775561,0.931214
1157,4.820833,-0.104944,0.215554,-0.045595,0.969765,1.531620,-0.647113,0.072886,-0.034776,0.008949,0.292047,-0.955730,1.572751,-0.859853,0.015666,-0.009424,-0.000950,0.132116,-0.991189,1.515412,-0.776929,0.931464
1158,4.825000,-0.107183,0.206645,-0.044563,0.971506,1.543424,-0.650661,0.070107,-0.034583,0.008935,0.292141,-0.955708,1.572838,-0.859831,0.015680,-0.009628,-0.000738,0.132919,-0.991080,1.517774,-0.778258,0.931669
1159,4.829167,-0.106852,0.196155,-0.046487,0.973625,1.554854,-0.654061,0.067207,-0.034442,0.009266,0.293031,-0.955438,1.573041,-0.859801,0.015568,-0.010294,-0.000392,0.133545,-0.990989,1.520193,-0.779589,0.931786
1160,4.833333,-0.105591,0.185132,-0.048837,0.975803,1.566262,-0.657445,0.064382,-0.033623,0.009944,0.294189,-0.955104,1.573231,-0.859703,0.015531,-0.011006,-0.000392,0.134378,-0.990869,1.522547,-0.780915,0.931887
1161,4.837500,-0.102498,0.174584,-0.051036,0.977962,1.577740,-0.660874,0.061560,-0.033138,0.009660,0.294242,-0.955107,1.573260,-0.859704,0.015431,-0.011369,-0.000094,0.135118,-0.990764,1.524879,-0.782202,0.931980
1162,4.841667,-0.100153,0.164727,-0.051823,0.979872,1.589446,-0.664299,0.058723,-0.032401,0.009424,0.294466,-0.955066,1.573315,-0.859661,0.015414,-0.011128,0.000160,0.135566,-0.990706,1.527247,-0.783491,0.932142
1163,4.845833,-0.097953,0.154609,-0.053480,0.981652,1.600897,-0.667680,0.056156,-0.036025,0.010817,0.295965,-0.954458,1.573563,-0.859931,0.015710,-0.011552,-0.000012,0.136204,-0.990613,1.529620,-0.784769,0.932238
1164,4.850000,-0.095281,0.145267,-0.055480,0.983230,1.612328,-0.671230,0.053924,-0.036298,0.011162,0.296364,-0.954320,1.573523,-0.860025,0.015803,-0.011518,-0.000450,0.136674,-0.990549,1.531975,-0.786075,0.932348
1165,4.854167,-0.093248,0.135402,-0.057382,0.984722,1.623675,-0.674775,0.051794,-0.034567,0.010038,0.297519,-0.954037,1.573667,-0.860115,0.015495,-0.011987,-0.000351,0.137169,-0.990475,1.534344,-0.787344,0.932327
1166,4.858333,-0.089326,0.125493,-0.059400,0.986278,1.634930,-0.678309,0.049524,-0.032550,0.009073,0.298262,-0.953886,1.573887,-0.860132,0.015251,-0.011974,-0.000407,0.137600,-0.990416,1.536771,-0.788534,0.932363
1167,4.862500,-0.092352,0.116294,-0.059627,0.987113,1.646388,-0.682079,0.047928,-0.032040,0.008764,0.298418,-0.953857,1.573967,-0.860130,0.015195,-0.012091,-0.000683,0.137922,-0.990369,1.539171,-0.789776,0.932346
1168,4.866667,-0.096872,0.106239,-0.060624,0.987752,1.657634,-0.685656,0.046505,-0.032229,0.009014,0.298708,-0.953757,1.573990,-0.860099,0.015261,-0.011736,-0.001271,0.138150,-0.990341,1.541525,-0.791070,0.932300
1169,4.870833,-0.100777,0.096582,-0.062280,0.988250,1.668707,-0.689363,0.045138,-0.031927,0.008469,0.298699,-0.953776,1.573943,-0.860067,0.015306,-0.011618,-0.001879,0.138471,-0.990297,1.543906,-0.792287,0.932329
1170,4.875000,-0.118115,0.089067,-0.061666,0.987073,1.679969,-0.692806,0.044832,-0.032054,0.008795,0.297651,-0.954096,1.573704,-0.860031,0.015530,-0.011641,-0.001609,0.138792,-0.990252,1.546365,-0.793446,0.932211
1171,4.879167,-0.120273,0.080671,-0.063696,0.987406,1.690888,-0.696567,0.043546,-0.030306,0.008200,0.298038,-0.954038,1.573825,-0.860010,0.015496,-0.011597,-0.001652,0.138806,-0.990250,1.548826,-0.794662,0.932100
1172,4.883333,-0.121585,0.071883,-0.065580,0.987800,1.701687,-0.700431,0.042309,-0.029402,0.007443,0.298448,-0.953944,1.573844,-0.860031,0.015377,-0.010993,-0.002670,0.138801,-0.990256,1.551199,-0.795907,0.931998
1173,4.887500,-0.122114,0.063104,-0.067416,0.988211,1.712404,-0.704344,0.041158,-0.025058,0.005524,0.297264,-0.954450,1.573575,-0.859884,0.014997,-0.010476,-0.003379,0.138808,-0.990258,1.553626,-0.797107,0.931917
1174,4.891667,-0.122736,0.054583,-0.069327,0.988509,1.723010,-0.708317,0.040182,-0.024761,0.004451,0.296704,-0.954638,1.573586,-0.859700,0.014923,-0.010127,-0.003380,0.138807,-0.990262,1.556127,-0.798271,0.931724
1175,4.895833,-0.122681,0.046754,-0.071377,0.988771,1.733503,-0.712374,0.039195,-0.024958,0.003798,0.296925,-0.954567,1.573612,-0.859802,0.014805,-0.010201,-0.003329,0.138809,-0.990261,1.558594,-0.799430,0.931454
1176,4.900000,-0.122316,0.039838,-0.073559,0.988959,1.743841,-0.716329,0.038403,-0.023984,0.002933,0.296861,-0.954615,1.573691,-0.859760,0.014712,-0.009798,-0.003597,0.138736,-0.990275,1.561025,-0.800618,0.931199
1177,4.904167,-0.124518,0.031307,-0.075122,0.988874,1.754101,-0.720351,0.037689,-0.022968,0.002441,0.296761,-0.954673,1.573772,-0.859749,0.014687,-0.008436,-0.004661,0.138430,-0.990325,1.563536,-0.801794,0.931098
1178,4.908333,-0.122670,0.022141,-0.078015,0.989129,1.764080,-0.724384,0.037111,-0.022374,0.002012,0.296784,-0.954681,1.573833,-0.859721,0.014658,-0.007915,-0.005359,0.138349,-0.990337,1.566020,-0.802949,0.930836
1179,4.912500,-0.122860,0.013479,-0.079523,0.989141,1.773970,-0.728416,0.036544,-0.021524,0.001226,0.296762,-0.954708,1.573928,-0.859682,0.014588,-0.008041,-0.005129,0.138392,-0.990332,1.568498,-0.804095,0.930405
1180,4.916667,-0.123795,0.004990,-0.080539,0.989021,1.783757,-0.732339,0.036155,-0.021478,-0.000606,0.296869,-0.954677,1.573877,-0.859583,0.014330,-0.007545,-0.005056,0.138298,-0.990349,1.570975,-0.805244,0.929998
1181,4.920833,-0.122371,-0.001249,-0.081854,0.989103,1.793388,-0.736236,0.035905,-0.021715,-0.000890,0.296879,-0.954668,1.573942,-0.859551,0.014294,-0.006336,-0.006003,0.137947,-0.990401,1.573495,-0.806405,0.929794
1182,4.925000,-0.122831,-0.008998,-0.084351,0.988795,1.802777,-0.740435,0.035565,-0.021122,-0.001474,0.296877,-0.954681,1.573995,-0.859543,0.014259,-0.003121,-0.007426,0.138020,-0.990397,1.576084,-0.807617,0.929724
1183,4.929167,-0.125635,-0.015892,-0.085245,0.988280,1.812151,-0.744387,0.035600,-0.020891,-0.001621,0.296645,-0.954758,1.574013,-0.859485,0.014209,-0.003739,-0.007310,0.138002,-0.990398,1.578531,-0.808757,0.929163
1184,4.933333,-0.128200,-0.021593,-0.087709,0.987626,1.821572,-0.748453,0.035695,-0.020491,-0.001563,0.296951,-0.954672,1.574419,-0.859415,0.013891,-0.002003,-0.007420,0.137931,-0.990412,1.581072,-0.809975,0.928739
1185,4.937500,-0.131010,-0.028345,-0.088169,0.987046,1.830668,-0.752297,0.035771,-0.020456,-0.002078,0.296707,-0.954747,1.574485,-0.859373,0.013792,-0.001601,-0.008104,0.137771,-0.990430,1.583543,-0.811164,0.928281
1186,4.941667,-0.132681,-0.034645,-0.087626,0.986670,1.839571,-0.756139,0.035909,-0.020637,-0.002408,0.295728,-0.955046,1.574620,-0.859187,0.013780,-0.000269,-0.008833,0.137494,-0.990463,1.586093,-0.812326,0.927919
1187,4.945833,-0.133803,-0.041520,-0.087651,0.986251,1.848420,-0.760040,0.036076,-0.020236,-0.002997,0.295578,-0.955100,1.574692,-0.859132,0.013778,0.001001,-0.009593,0.137220,-0.990494,1.588757,-0.813489,0.927482
1188,4.950000,-0.134523,-0.047786,-0.088040,0.985834,1.857180,-0.764061,0.036223,-0.019862,-0.003468,0.295752,-0.955052,1.574709,-0.859140,0.013769,0.002228,-0.010429,0.137027,-0.990510,1.591343,-0.814656,0.926995
1189,4.954167,-0.135900,-0.053163,-0.087580,0.985411,1.865708,-0.767914,0.036565,-0.019577,-0.003848,0.295842,-0.955029,1.574753,-0.859155,0.013758,0.002937,-0.010487,0.136918,-0.990523,1.593876,-0.815855,0.926517
1190,4.958333,-0.136587,-0.058915,-0.086365,0.985096,1.874068,-0.771657,0.036982,-0.019388,-0.004306,0.296059,-0.954963,1.574787,-0.859176,0.013722,0.004152,-0.011345,0.136595,-0.990553,1.596502,-0.817042,0.926438
1191,4.962500,-0.138230,-0.063969,-0.085490,0.984628,1.882309,-0.775267,0.037401,-0.018960,-0.004884,0.296248,-0.954911,1.574816,-0.859181,0.013680,0.005141,-0.011814,0.136442,-0.990564,1.599054,-0.818313,0.925982
1192,4.966667,-0.140786,-0.069539,-0.083933,0.984022,1.890442,-0.778968,0.037846,-0.018663,-0.005384,0.296576,-0.954812,1.574828,-0.859203,0.013642,0.006245,-0.012062,0.136524,-0.990544,1.601539,-0.819589,0.925530
1193,4.970833,-0.142956,-0.074641,-0.081706,0.983523,1.898427,-0.782574,0.038324,-0.018389,-0.005921,0.296881,-0.954719,1.574841,-0.859231,0.013605,0.006829,-0.011783,0.136637,-0.990528,1.604019,-0.820869,0.925031
1194,4.975000,-0.144342,-0.079570,-0.079891,0.983083,1.906260,-0.786044,0.038803,-0.017948,-0.006509,0.297162,-0.954636,1.574862,-0.859264,0.013570,0.007803,-0.011537,0.136669,-0.990519,1.606604,-0.822143,0.924558
1195,4.979167,-0.147605,-0.084529,-0.077675,0.982362,1.913999,-0.789529,0.039380,-0.017678,-0.006948,0.297349,-0.954580,1.574901,-0.859277,0.013554,0.007948,-0.011238,0.136786,-0.990505,1.609085,-0.823396,0.924124
1196,4.983333,-0.150400,-0.088560,-0.075148,0.981779,1.921622,-0.792826,0.039930,-0.017384,-0.007374,0.297584,-0.954509,1.574945,-0.859291,0.013542,0.009366,-0.010779,0.137085,-0.990456,1.611651,-0.824669,0.923609
1197,4.987500,-0.157344,-0.093016,-0.072227,0.980497,1.929140,-0.796136,0.040553,-0.016864,-0.007980,0.297863,-0.954426,1.574960,-0.859307,0.013537,0.011891,-0.011028,0.137602,-0.990355,1.614092,-0.825933,0.923327
1198,4.991667,-0.156497,-0.096014,-0.069815,0.980518,1.936531,-0.798872,0.041061,-0.016590,-0.008492,0.298048,-0.954369,1.574987,-0.859341,0.013544,0.015838,-0.011086,0.138359,-0.990193,1.616615,-0.827194,0.923100
1199,4.995833,-0.159916,-0.098891,-0.066576,0.979906,1.943620,-0.802009,0.041613,-0.016311,-0.008975,0.298217,-0.954317,1.575014,-0.859353,0.013563,0.020611,-0.013208,0.139234,-0.989957,1.619119,-0.828454,0.922845
1200,5.000000,-0.164934,-0.102248,-0.062810,0.978978,1.950573,-0.805322,0.042161,-0.016126,-0.009333,0.298660,-0.954178,1.575047,-0.859394,0.013582,0.024394,-0.015672,0.139314,-0.989824,1.621117,-0.829362,0.924288
1201,5.004167,-0.167983,-0.105549,-0.059103,0.978339,1.957326,-0.808406,0.042567,-0.015882,-0.009848,0.299296,-0.953977,1.575071,-0.859479,0.013549,0.024934,-0.017253,0.140036,-0.989682,1.623489,-0.830752,0.923889
1202,5.008333,-0.181912,-0.107098,-0.055405,0.975894,1.964226,-0.811004,0.043839,-0.015358,-0.010509,0.300039,-0.953745,1.575082,-0.859570,0.013517,0.027683,-0.016444,0.140582,-0.989545,1.625885,-0.832050,0.923707
1203,5.012500,-0.182201,-0.110473,-0.051533,0.975676,1.970567,-0.814036,0.043980,-0.015334,-0.010748,0.300379,-0.953636,1.575111,-0.859610,0.013559,0.028899,-0.013555,0.140582,-0.989554,1.629130,-0.833031,0.921675
1204,5.016667,-0.184274,-0.115551,-0.049125,0.974822,1.977189,-0.817142,0.043807,-0.015214,-0.011248,0.300534,-0.953583,1.575150,-0.859630,0.013569,0.031961,-0.014139,0.141190,-0.989365,1.631764,-0.834180,0.921262
1205,5.020833,-0.187154,-0.117414,-0.046231,0.974192,1.983363,-0.819853,0.044034,-0.015142,-0.011736,0.300614,-0.953553,1.575207,-0.859620,0.013602,0.037237,-0.014199,0.142009,-0.989063,1.634451,-0.835285,0.920104
1206,5.025000,-0.189551,-0.116777,-0.043176,0.973945,1.989545,-0.822525,0.044080,-0.014687,-0.012576,0.300794,-0.953493,1.575253,-0.859616,0.013620,0.038071,-0.014926,0.141889,-0.989038,1.637014,-0.836408,0.919588
1207,5.029167,-0.194876,-0.118691,-0.038602,0.972854,1.995564,-0.824897,0.044488,-0.014374,-0.013249,0.301008,-0.953421,1.575323,-0.859608,0.013658,0.038479,-0.015609,0.141586,-0.989055,1.639675,-0.837503,0.918834
1208,5.033333,-0.199765,-0.120127,-0.035030,0.971821,2.001216,-0.827250,0.044567,-0.014061,-0.013935,0.301291,-0.953327,1.575385,-0.859599,0.013691,0.040419,-0.015397,0.141480,-0.988996,1.642258,-0.838538,0.918086
1209,5.037500,-0.207657,-0.120778,-0.031522,0.970205,2.006639,-0.829442,0.044972,-0.013655,-0.014813,0.301603,-0.953221,1.575427,-0.859583,0.013721,0.040726,-0.015554,0.141248,-0.989014,1.644841,-0.839538,0.917479
1210,5.041667,-0.212693,-0.123136,-0.026651,0.968963,2.011836,-0.831560,0.045281,-0.013295,-0.015736,0.301876,-0.953125,1.575475,-0.859569,0.013751,0.040271,-0.015337,0.141124,-0.989054,1.647479,-0.840602,0.916892
1211,5.045833,-0.217944,-0.123444,-0.022706,0.967857,2.016989,-0.833956,0.045621,-0.013201,-0.016455,0.302118,-0.953037,1.575533,-0.859545,0.013800,0.040596,-0.016142,0.140996,-0.989046,1.650128,-0.841689,0.916322
1212,5.050000,-0.222573,-0.124399,-0.018379,0.966772,2.021780,-0.836175,0.045859,-0.013071,-0.017177,0.302298,-0.952969,1.575603,-0.859529,0.013847,0.041597,-0.016723,0.141184,-0.988968,1.652787,-0.842794,0.915509
1213,5.054167,-0.228251,-0.125577,-0.014501,0.965361,2.026452,-0.838324,0.046079,-0.013017,-0.017793,0.302632,-0.952853,1.575673,-0.859500,0.013893,0.040945,-0.017644,0.141314,-0.988960,1.655439,-0.843886,0.915085
1214,5.058333,-0.236139,-0.127575,-0.011045,0.963245,2.031022,-0.840498,0.046424,-0.013087,-0.018353,0.303002,-0.952723,1.575767,-0.859459,0.013951,0.042890,-0.017713,0.141508,-0.988849,1.658145,-0.844953,0.914262
1215,5.062500,-0.242049,-0.128443,-0.007983,0.961692,2.035397,-0.842647,0.046521,-0.013108,-0.018926,0.303459,-0.952566,1.575869,-0.859420,0.013995,0.049502,-0.018187,0.141581,-0.988521,1.660916,-0.845935,0.912338
1216,5.066667,-0.243912,-0.129385,-0.004818,0.961116,2.039503,-0.844748,0.046512,-0.013092,-0.019418,0.304175,-0.952328,1.575951,-0.859415,0.014032,0.042543,-0.019837,0.141620,-0.988808,1.663415,-0.847085,0.913207
1217,5.070833,-0.245768,-0.129964,-0.000891,0.960576,2.043321,-0.846676,0.046574,-0.013122,-0.020059,0.304771,-0.952124,1.576043,-0.859397,0.014072,0.051450,-0.018667,0.142660,-0.988257,1.666747,-0.848539,0.910682
1218,5.075000,-0.250593,-0.131373,0.002033,0.959135,2.047081,-0.848661,0.046530,-0.013349,-0.020390,0.305743,-0.951802,1.576084,-0.859328,0.014171,0.052258,-0.019201,0.142494,-0.988229,1.669369,-0.849565,0.910046
1219,5.079167,-0.252506,-0.132375,0.004338,0.958488,2.050549,-0.850451,0.046355,-0.013510,-0.020867,0.306230,-0.951633,1.576210,-0.859287,0.014273,0.052240,-0.020040,0.142639,-0.988192,1.672103,-0.850643,0.909588
1220,5.083333,-0.253433,-0.132848,0.007227,0.958160,2.053818,-0.852149,0.046310,-0.013863,-0.021472,0.306660,-0.951476,1.576352,-0.859243,0.014367,0.051123,-0.020689,0.142760,-0.988220,1.675043,-0.851692,0.909232
1221,5.087500,-0.253570,-0.133880,0.009937,0.957956,2.056895,-0.853869,0.045997,-0.014227,-0.022150,0.307172,-0.951290,1.576474,-0.859189,0.014471,0.051372,-0.021479,0.142852,-0.988177,1.677874,-0.852753,0.908750
1222,5.091667,-0.254060,-0.135300,0.012567,0.957596,2.059793,-0.855425,0.045668,-0.014725,-0.022745,0.307779,-0.951072,1.576593,-0.859137,0.014598,0.051561,-0.021768,0.142966,-0.988144,1.680728,-0.853773,0.908287
1223,5.095833,-0.255129,-0.135179,0.014177,0.957306,2.062562,-0.857147,0.045307,-0.015060,-0.023495,0.308605,-0.950781,1.576752,-0.859069,0.014698,0.052221,-0.021624,0.142931,-0.988118,1.683686,-0.854796,0.907577
1224,5.100000,-0.255288,-0.134996,0.016364,0.957255,2.065057,-0.858701,0.044883,-0.015591,-0.024028,0.309458,-0.950482,1.576881,-0.859008,0.014837,0.052010,-0.021948,0.143128,-0.988093,1.686605,-0.855835,0.907191
1225,5.104167,-0.258497,-0.131606,0.015679,0.956877,2.068022,-0.860398,0.044022,-0.015845,-0.024772,0.310368,-0.950162,1.577014,-0.858930,0.014966,0.051821,-0.022325,0.143166,-0.988089,1.689571,-0.856831,0.906736
1226,5.108333,-0.258999,-0.131024,0.017122,0.956796,2.070281,-0.861930,0.043382,-0.015792,-0.025920,0.311268,-0.949837,1.577134,-0.858863,0.015077,0.051648,-0.022707,0.143336,-0.988065,1.692546,-0.857884,0.906278
1227,5.112500,-0.254337,-0.129802,0.020471,0.958147,2.071999,-0.863307,0.042767,-0.017330,-0.025468,0.312635,-0.949374,1.577155,-0.858786,0.015293,0.045249,-0.022006,0.143746,-0.988335,1.695479,-0.859032,0.906994
1228,5.116667,-0.251398,-0.129170,0.023240,0.958944,2.073458,-0.864525,0.041903,-0.016896,-0.027501,0.313302,-0.949105,1.577415,-0.858744,0.015388,0.046000,-0.022062,0.143840,-0.988285,1.698451,-0.860031,0.906394
1229,5.120833,-0.250285,-0.127182,0.024509,0.959469,2.075111,-0.866162,0.040963,-0.017732,-0.028324,0.314336,-0.948723,1.577563,-0.858669,0.015577,0.045611,-0.022132,0.144054,-0.988270,1.701548,-0.861058,0.906063
1230,5.125000,-0.251321,-0.125579,0.026454,0.959358,2.076640,-0.867710,0.040124,-0.018383,-0.029495,0.315413,-0.948318,1.577700,-0.858573,0.015771,0.045296,-0.022656,0.144582,-0.988196,1.704601,-0.862054,0.905717
1231,5.129167,-0.255396,-0.123642,0.027401,0.958507,2.078298,-0.869433,0.039084,-0.018653,-0.031069,0.316657,-0.947848,1.577813,-0.858497,0.015941,0.044872,-0.022774,0.144834,-0.988176,1.707718,-0.863108,0.905354
1232,5.133333,-0.258108,-0.121602,0.028742,0.958002,2.079617,-0.870994,0.038031,-0.018907,-0.032748,0.317771,-0.947413,1.577941,-0.858410,0.016117,0.044874,-0.023062,0.145083,-0.988132,1.710802,-0.864081,0.905030
1233,5.137500,-0.252171,-0.121268,0.029782,0.959592,2.080266,-0.872129,0.036127,-0.019224,-0.034368,0.318883,-0.946976,1.578113,-0.858299,0.016295,0.045083,-0.022803,0.145538,-0.988062,1.713905,-0.865091,0.904682
1234,5.141667,-0.251595,-0.119386,0.033602,0.959853,2.081284,-0.873361,0.034784,-0.019757,-0.036082,0.319861,-0.946571,1.578286,-0.858202,0.016557,0.044773,-0.023079,0.145767,-0.988036,1.717085,-0.866077,0.904319
1235,5.145833,-0.251805,-0.117042,0.035455,0.960020,2.082005,-0.874789,0.033318,-0.020463,-0.037787,0.320921,-0.946130,1.578447,-0.858080,0.016805,0.051162,-0.024356,0.146256,-0.987623,1.720321,-0.866881,0.903090
1236,5.150000,-0.247391,-0.113091,0.036250,0.961610,2.082584,-0.876195,0.031666,-0.020608,-0.039612,0.321924,-0.945712,1.578566,-0.857933,0.017069,0.051442,-0.024846,0.146350,-0.987582,1.723396,-0.867769,0.902740
1237,5.154167,-0.251128,-0.111431,0.036587,0.960822,2.082757,-0.877345,0.030318,-0.021580,-0.041105,0.322773,-0.945337,1.578733,-0.857855,0.017457,0.041981,-0.021049,0.147470,-0.987951,1.727281,-0.868636,0.903751
1238,5.158333,-0.248952,-0.108052,0.036323,0.961784,2.082673,-0.878717,0.028800,-0.022593,-0.042503,0.323933,-0.944855,1.578926,-0.857739,0.017839,0.041757,-0.021677,0.147779,-0.987901,1.730396,-0.869503,0.903577
1239,5.162500,-0.245555,-0.105250,0.035466,0.962999,2.082547,-0.879901,0.027336,-0.024016,-0.044115,0.325190,-0.944314,1.579100,-0.857618,0.018138,0.044062,-0.021460,0.147788,-0.987804,1.733533,-0.870363,0.902917
1240,5.166667,-0.247219,-0.101239,0.031411,0.963144,2.083020,-0.880933,0.025845,-0.025154,-0.046441,0.326409,-0.943752,1.579278,-0.857500,0.018467,0.044547,-0.021374,0.148097,-0.987738,1.736790,-0.871262,0.902697
1241,5.170833,-0.237062,-0.101737,0.029591,0.965699,2.082989,-0.882033,0.023756,-0.026600,-0.048807,0.327390,-0.943253,1.579450,-0.857440,0.018844,0.044386,-0.021262,0.148327,-0.987713,1.740121,-0.872165,0.902378
1242,5.175000,-0.222238,-0.092822,0.028689,0.970140,2.083208,-0.882855,0.022338,-0.028142,-0.051305,0.328278,-0.942767,1.579619,-0.857407,0.019263,0.044852,-0.022095,0.148880,-0.987591,1.743477,-0.873079,0.902143
1243,5.179167,-0.202385,-0.088263,0.028844,0.974894,2.083216,-0.883916,0.021540,-0.028968,-0.055405,0.329422,-0.942111,1.579787,-0.857326,0.019557,0.044662,-0.022347,0.149531,-0.987495,1.746917,-0.873948,0.901881
1244,5.183333,-0.195259,-0.083144,0.026146,0.976871,2.084343,-0.884844,0.020815,-0.029414,-0.058910,0.330770,-0.941411,1.579940,-0.857301,0.019987,0.044949,-0.022131,0.149823,-0.987443,1.750329,-0.874781,0.901509
1245,5.187500,-0.183370,-0.079007,0.026448,0.979507,2.085599,-0.885609,0.020525,-0.030496,-0.063419,0.331658,-0.940771,1.580126,-0.857327,0.020471,0.043685,-0.021108,0.150058,-0.987486,1.753766,-0.875496,0.901592
1246,5.191667,-0.173472,-0.077581,0.027555,0.981392,2.087284,-0.886351,0.020303,-0.032886,-0.063231,0.333180,-0.940166,1.580360,-0.857469,0.021605,0.043496,-0.020396,0.150582,-0.987430,1.757208,-0.876290,0.901386
1247,5.195833,-0.168607,-0.075501,0.028722,0.982368,2.088918,-0.886634,0.020250,-0.035469,-0.064277,0.334267,-0.939615,1.580534,-0.857528,0.022428,0.043323,-0.020909,0.150956,-0.987369,1.760668,-0.877126,0.900969
1248,5.200000,-0.167516,-0.074301,0.030502,0.982592,2.091476,-0.887226,0.019155,-0.037912,-0.068498,0.334174,-0.939254,1.580878,-0.857670,0.023196,0.043301,-0.021102,0.151250,-0.987321,1.764093,-0.877843,0.900774
1249,5.204167,-0.169611,-0.072978,0.031286,0.982307,2.092821,-0.887301,0.018746,-0.039834,-0.073031,0.334757,-0.938625,1.581172,-0.857803,0.023946,0.043377,-0.021193,0.151302,-0.987308,1.767476,-0.878548,0.900626
1250,5.208333,-0.164982,-0.071113,0.034016,0.983141,2.093887,-0.887698,0.018530,-0.040647,-0.078377,0.335678,-0.937830,1.581449,-0.857804,0.024436,0.042811,-0.020789,0.151559,-0.987302,1.770917,-0.879240,0.900562
1251,5.212500,-0.159981,-0.068588,0.035727,0.984086,2.094934,-0.888263,0.018317,-0.043486,-0.082336,0.336314,-0.937136,1.581785,-0.857924,0.025146,0.042353,-0.020659,0.151459,-0.987340,1.774396,-0.879932,0.900394
1252,5.216667,-0.148781,-0.060710,0.038953,0.986236,2.096235,-0.888884,0.017287,-0.046403,-0.085856,0.337389,-0.936293,1.582177,-0.858013,0.025965,0.040734,-0.021041,0.151443,-0.987402,1.777870,-0.880556,0.900581
1253,5.220833,-0.139065,-0.059784,0.040602,0.987643,2.096398,-0.889366,0.017102,-0.048789,-0.090457,0.337841,-0.935575,1.582629,-0.858230,0.026852,0.040096,-0.020840,0.151275,-0.987458,1.781440,-0.881189,0.900450
1254,5.225000,-0.127732,-0.055719,0.042942,0.989311,2.096503,-0.889767,0.016490,-0.051687,-0.094485,0.338921,-0.934630,1.583077,-0.858401,0.027729,0.039044,-0.020755,0.150909,-0.987558,1.784926,-0.881811,0.900525
1255,5.229167,-0.120902,-0.054381,0.043737,0.990208,2.096251,-0.890151,0.016163,-0.053831,-0.099515,0.339600,-0.933740,1.583560,-0.858648,0.028758,0.037790,-0.021431,0.150952,-0.987586,1.788491,-0.882416,0.900863
1256,5.233333,-0.112711,-0.051482,0.044512,0.991294,2.095990,-0.890531,0.015633,-0.056314,-0.103598,0.340314,-0.932889,1.584044,-0.858918,0.029812,0.036030,-0.020880,0.150383,-0.987750,1.792068,-0.883074,0.900996
1257,5.237500,-0.105378,-0.048559,0.044658,0.992242,2.095958,-0.890926,0.015062,-0.058417,-0.107375,0.341291,-0.931976,1.584269,-0.859030,0.030807,0.034490,-0.020369,0.150021,-0.987871,1.795711,-0.883686,0.901232
1258,5.241667,-0.103905,-0.047376,0.042695,0.992540,2.096684,-0.892231,0.015806,-0.061526,-0.112600,0.341269,-0.931166,1.584641,-0.859331,0.031945,0.034954,-0.020316,0.149472,-0.987939,1.799160,-0.884228,0.901457
1259,5.245833,-0.094764,-0.043678,0.045067,0.993520,2.097684,-0.892572,0.015433,-0.065864,-0.117642,0.342116,-0.929935,1.585085,-0.859527,0.032977,0.033022,-0.019036,0.148793,-0.988133,1.802848,-0.884834,0.901635
1260,5.250000,-0.090556,-0.042483,0.042606,0.994072,2.098130,-0.893260,0.015363,-0.068505,-0.124753,0.342982,-0.928497,1.585490,-0.859724,0.033835,0.032562,-0.018854,0.147969,-0.988276,1.806300,-0.885403,0.901886
1261,5.254167,-0.086383,-0.042336,0.042156,0.994469,2.098128,-0.893520,0.015462,-0.071427,-0.132386,0.342766,-0.927299,1.585976,-0.860132,0.034895,0.029011,-0.013846,0.147222,-0.988581,1.809809,-0.885954,0.903178
1262,5.258333,-0.082610,-0.039261,0.041074,0.994961,2.098126,-0.893646,0.014919,-0.075695,-0.139205,0.342568,-0.926034,1.586454,-0.860673,0.036052,0.028625,-0.011718,0.146248,-0.988764,1.813361,-0.886458,0.903725
1263,5.262500,-0.080093,-0.035674,0.039419,0.995369,2.098226,-0.894146,0.014156,-0.081143,-0.147116,0.342351,-0.924429,1.587035,-0.861139,0.037150,0.027363,-0.008704,0.145284,-0.988973,1.816972,-0.887036,0.904548
1264,5.266667,-0.079559,-0.033936,0.038521,0.995507,2.098054,-0.893976,0.013574,-0.086954,-0.154432,0.342278,-0.922733,1.587629,-0.861602,0.038339,0.027161,-0.007102,0.144245,-0.989144,1.820335,-0.887596,0.905304
1265,5.270833,-0.076188,-0.031430,0.038650,0.995848,2.098015,-0.893871,0.012972,-0.097317,-0.158693,0.345894,-0.919621,1.588299,-0.861608,0.039218,0.026406,-0.005425,0.143150,-0.989334,1.823878,-0.888222,0.905721
1266,5.275000,-0.073129,-0.029771,0.039210,0.996107,2.098114,-0.893865,0.012703,-0.103676,-0.166388,0.346481,-0.917343,1.588977,-0.862073,0.040645,0.024646,-0.003005,0.141792,-0.989585,1.827344,-0.888776,0.906673
1267,5.279167,-0.071421,-0.028936,0.039509,0.996243,2.098215,-0.893883,0.012591,-0.109166,-0.175028,0.346916,-0.914930,1.589704,-0.862646,0.042063,0.023408,-0.002293,0.140748,-0.989766,1.830800,-0.889437,0.907387
1268,5.283333,-0.070648,-0.028538,0.039731,0.996301,2.098294,-0.893881,0.012544,-0.114665,-0.185667,0.346506,-0.912312,1.590495,-0.863379,0.043609,0.022260,-0.001494,0.139495,-0.989972,1.834184,-0.890127,0.907950
1269,5.287500,-0.070473,-0.028439,0.039837,0.996312,2.098326,-0.893879,0.012550,-0.119307,-0.198244,0.346083,-0.909226,1.591583,-0.864293,0.045177,0.020641,-0.001084,0.138146,-0.990196,1.837590,-0.890811,0.908569
1270,5.291667,-0.070895,-0.028601,0.040200,0.996263,2.098257,-0.893762,0.012571,-0.124105,-0.207893,0.346307,-0.906339,1.592642,-0.865039,0.046900,0.019126,-0.000654,0.136786,-0.990416,1.840874,-0.891400,0.909275
1271,5.295833,-0.072300,-0.029059,0.040539,0.996135,2.098122,-0.893582,0.012635,-0.127951,-0.215520,0.346797,-0.903832,1.593779,-0.865974,0.048547,0.017798,0.000728,0.135537,-0.990612,1.844125,-0.891936,0.909833
1272,5.300000,-0.073880,-0.029456,0.040557,0.996007,2.098076,-0.893555,0.012708,-0.134693,-0.224411,0.347573,-0.900383,1.594921,-0.866596,0.050541,0.014856,0.000817,0.134331,-0.990825,1.847402,-0.892400,0.910802
1273,5.304167,-0.073983,-0.029567,0.040880,0.995983,2.098090,-0.893591,0.012814,-0.140690,-0.235150,0.348986,-0.896169,1.596170,-0.867495,0.052444,0.013400,0.001390,0.132777,-0.991054,1.850486,-0.892860,0.911363
1274,5.308333,-0.073030,-0.029444,0.041232,0.996042,2.098147,-0.893681,0.012876,-0.145685,-0.246726,0.349597,-0.892011,1.597486,-0.868493,0.054231,0.011693,0.002941,0.131301,-0.991269,1.853431,-0.893201,0.912167
1275,5.312500,-0.068164,-0.027857,0.042992,0.996358,2.097859,-0.893204,0.012699,-0.150811,-0.258896,0.350683,-0.887271,1.599106,-0.869337,0.056010,0.012227,0.005219,0.129755,-0.991457,1.856259,-0.893340,0.912953
1276,5.316667,-0.067001,-0.027234,0.043212,0.996445,2.097826,-0.893230,0.012592,-0.156376,-0.270893,0.351828,-0.882259,1.600666,-0.870421,0.057744,0.013059,0.004398,0.125414,-0.992009,1.858629,-0.892756,0.913403
1277,5.320833,-0.065637,-0.026445,0.043689,0.996536,2.097768,-0.893180,0.012448,-0.161384,-0.283320,0.352448,-0.877192,1.602484,-0.871822,0.059608,0.012933,0.004709,0.124034,-0.992183,1.861526,-0.893005,0.913812
1278,5.325000,-0.063805,-0.025199,0.043970,0.996675,2.097802,-0.893192,0.012216,-0.165640,-0.295460,0.353350,-0.872015,1.604395,-0.873283,0.061665,0.012759,0.005760,0.122853,-0.992326,1.864523,-0.893282,0.914091
1279,5.329167,-0.061804,-0.024183,0.044177,0.996817,2.097845,-0.893212,0.012022,-0.171717,-0.306480,0.354290,-0.866639,1.606651,-0.874243,0.063827,0.012672,0.005829,0.121794,-0.992458,1.867374,-0.893525,0.914519
1280,5.333333,-0.059974,-0.023656,0.044186,0.996941,2.097886,-0.893258,0.011933,-0.180893,-0.320940,0.353555,-0.859811,1.608747,-0.875441,0.065606,0.011852,0.005642,0.120804,-0.992590,1.870417,-0.893903,0.914924
1281,5.337500,-0.059771,-0.023595,0.042525,0.997027,2.098256,-0.894015,0.011831,-0.181785,-0.333450,0.350958,-0.855917,1.611889,-0.877003,0.067482,0.010845,0.005811,0.119826,-0.992719,1.873237,-0.894155,0.915431
1282,5.341667,-0.058136,-0.022894,0.042097,0.997158,2.098380,-0.894254,0.011744,-0.186660,-0.342829,0.350725,-0.851245,1.614553,-0.878801,0.069648,0.009655,0.006320,0.118954,-0.992833,1.876219,-0.894441,0.916031
1283,5.345833,-0.057381,-0.022208,0.041647,0.997236,2.098505,-0.894449,0.011664,-0.190853,-0.350478,0.350604,-0.847241,1.617566,-0.880765,0.071942,0.009111,0.006728,0.118341,-0.992908,1.879097,-0.894772,0.916409
1284,5.350000,-0.057039,-0.021497,0.041195,0.997290,2.098586,-0.894579,0.011570,-0.191690,-0.360242,0.348516,-0.843811,1.620613,-0.882867,0.074505,0.008689,0.006873,0.117869,-0.992967,1.882049,-0.895132,0.916731
1285,5.354167,-0.057229,-0.020782,0.040789,0.997311,2.098663,-0.894659,0.011481,-0.194890,-0.368720,0.347974,-0.839629,1.623686,-0.884924,0.077108,0.008027,0.007613,0.117459,-0.993016,1.884899,-0.895432,0.917199
1286,5.358333,-0.057506,-0.020031,0.040118,0.997338,2.098820,-0.894769,0.011364,-0.195426,-0.377566,0.346047,-0.836364,1.626978,-0.886384,0.079742,0.007294,0.007305,0.117155,-0.993060,1.887777,-0.895841,0.917434
1287,5.362500,-0.053853,-0.017820,0.040142,0.997583,2.099213,-0.895106,0.011195,-0.197191,-0.385906,0.345230,-0.832471,1.630190,-0.888266,0.082557,0.006571,0.007376,0.116687,-0.993120,1.890611,-0.896192,0.917840
1288,5.366667,-0.053472,-0.017442,0.039734,0.997626,2.099370,-0.895244,0.011126,-0.198293,-0.393869,0.343927,-0.829012,1.633475,-0.890186,0.085638,0.005660,0.006880,0.116157,-0.993191,1.893351,-0.896522,0.918130
1289,5.370833,-0.052919,-0.017028,0.039486,0.997673,2.099482,-0.895352,0.011066,-0.196776,-0.403959,0.341590,-0.825477,1.636864,-0.892032,0.088687,0.005721,0.006442,0.115887,-0.993225,1.896250,-0.896923,0.918121
1290,5.375000,-0.052493,-0.016716,0.039357,0.997705,2.099569,-0.895446,0.010980,-0.197211,-0.407151,0.339887,-0.824508,1.640868,-0.894178,0.091399,0.004063,0.005156,0.114927,-0.993352,1.898975,-0.897379,0.918277
1291,5.379167,-0.051804,-0.016407,0.039326,0.997748,2.099591,-0.895474,0.010930,-0.189769,-0.419599,0.340537,-0.819731,1.643913,-0.896479,0.095133,0.002829,0.003921,0.114196,-0.993446,1.901863,-0.897885,0.918041
1292,5.383333,-0.051243,-0.015722,0.039204,0.997793,2.099578,-0.895446,0.010824,-0.188028,-0.426964,0.339263,-0.816852,1.647483,-0.898476,0.097570,0.001688,0.003931,0.113421,-0.993538,1.904470,-0.898121,0.918209
1293,5.387500,-0.051794,-0.016050,0.039402,0.997751,2.099686,-0.895460,0.010837,-0.185404,-0.434677,0.336234,-0.814634,1.651339,-0.900209,0.099894,0.001077,0.004017,0.112393,-0.993655,1.906934,-0.898316,0.918260
1294,5.391667,-0.052425,-0.015444,0.038837,0.997750,2.099918,-0.895553,0.010662,-0.181047,-0.446401,0.332445,-0.810820,1.654746,-0.902515,0.102533,0.001221,0.004402,0.111591,-0.993744,1.909443,-0.898535,0.918312
1295,5.395833,-0.051925,-0.009751,0.031314,0.998112,2.100517,-0.896393,0.009716,-0.179861,-0.450168,0.331877,-0.809232,1.659161,-0.904750,0.105019,0.001677,0.005113,0.110639,-0.993846,1.911764,-0.898687,0.918511
1296,5.400000,-0.053460,-0.008444,0.029176,0.998108,2.100777,-0.896697,0.009470,-0.179839,-0.450944,0.331166,-0.809096,1.664265,-0.907139,0.106664,0.000228,0.004552,0.109573,-0.993968,1.914254,-0.899027,0.918347
1297,5.404167,-0.054897,-0.007676,0.027274,0.998090,2.100980,-0.896952,0.009290,-0.178287,-0.453292,0.331120,-0.808146,1.669105,-0.909616,0.108608,0.001528,0.005721,0.108539,-0.994075,1.916469,-0.899146,0.918626
1298,5.408333,-0.055839,-0.007026,0.025902,0.998079,2.101092,-0.897181,0.009166,-0.176281,-0.454058,0.330959,-0.808222,1.674162,-0.912181,0.110321,-0.000313,0.005463,0.107392,-0.994202,1.918777,-0.899522,0.918770
1299,5.412500,-0.058010,-0.006583,0.023920,0.998008,2.101449,-0.897448,0.008946,-0.174273,-0.452262,0.330348,-0.809913,1.679662,-0.914979,0.111761,-0.001234,0.005680,0.106267,-0.994321,1.921033,-0.899833,0.918866
1300,5.416667,-0.056513,-0.007360,0.024837,0.998066,2.101204,-0.897395,0.009112,-0.172511,-0.450288,0.330104,-0.811488,1.685330,-0.917787,0.113052,-0.000472,0.006715,0.105079,-0.994441,1.923199,-0.900043,0.919241
1301,5.420833,-0.052495,-0.007545,0.027948,0.998202,2.100893,-0.897061,0.009286,-0.169124,-0.447517,0.328328,-0.814449,1.691390,-0.920860,0.114366,0.000186,0.007130,0.103991,-0.994553,1.925323,-0.900334,0.919588
1302,5.425000,-0.054752,-0.006729,0.026440,0.998127,2.101061,-0.897242,0.009108,-0.166427,-0.444001,0.325801,-0.817935,1.697762,-0.923974,0.115339,-0.002550,0.006678,0.102645,-0.994692,1.927609,-0.900825,0.919638
1303,5.429167,-0.054140,-0.006962,0.027280,0.998136,2.101004,-0.897116,0.009159,-0.166453,-0.440462,0.323979,-0.820564,1.704106,-0.927099,0.115936,-0.001499,0.007742,0.101390,-0.994816,1.929634,-0.901060,0.920129
1304,5.433333,-0.052888,-0.007095,0.028303,0.998174,2.100916,-0.896981,0.009211,-0.164680,-0.435721,0.321551,-0.824399,1.710713,-0.930329,0.116400,-0.002465,0.007946,0.099968,-0.994956,1.931867,-0.901466,0.920194
1305,5.437500,-0.051536,-0.007081,0.029272,0.998217,2.100829,-0.896866,0.009253,-0.162101,-0.432471,0.320553,-0.827006,1.717478,-0.933383,0.116681,-0.002178,0.007655,0.098725,-0.995083,1.934155,-0.901919,0.920240
1306,5.441667,-0.050159,-0.007147,0.030126,0.998261,2.100724,-0.896778,0.009309,-0.159219,-0.430104,0.318289,-0.829670,1.724103,-0.936699,0.116875,-0.002520,0.007481,0.097367,-0.995217,1.936342,-0.902346,0.920366
1307,5.445833,-0.049228,-0.007118,0.030703,0.998290,2.100659,-0.896728,0.009329,-0.152595,-0.428824,0.314581,-0.832985,1.730922,-0.940349,0.117338,-0.003267,0.007157,0.095710,-0.995378,1.938540,-0.902793,0.920601
1308,5.450000,-0.050058,-0.006688,0.029770,0.998280,2.100762,-0.896875,0.009223,-0.145132,-0.430237,0.308564,-0.835836,1.738105,-0.943678,0.117304,-0.007517,0.000913,0.094844,-0.995463,1.941454,-0.904038,0.919187
1309,5.454167,-0.047230,-0.007498,0.031758,0.998351,2.100528,-0.896651,0.009377,-0.140456,-0.427235,0.303708,-0.839943,1.745511,-0.946955,0.116856,-0.006236,0.000249,0.093487,-0.995601,1.943626,-0.904456,0.919296
1310,5.458333,-0.045957,-0.008042,0.033011,0.998366,2.100475,-0.896472,0.009474,-0.145861,-0.416572,0.305050,-0.843882,1.752218,-0.949896,0.115792,-0.003667,0.001054,0.091912,-0.995760,1.945766,-0.904711,0.919789
1311,5.462500,-0.043811,-0.009259,0.035783,0.998356,2.100372,-0.896158,0.009646,-0.147700,-0.407876,0.304810,-0.847887,1.759365,-0.953201,0.114775,-0.005074,-0.000109,0.090422,-0.995891,1.947982,-0.905261,0.919738
1312,5.466667,-0.047459,-0.006217,0.031417,0.998360,2.100537,-0.896694,0.009228,-0.143019,-0.405765,0.300246,-0.851324,1.766862,-0.956531,0.113892,-0.003021,0.009962,0.087089,-0.996146,1.950003,-0.905024,0.922222
1313,5.470833,-0.048110,-0.005724,0.031408,0.998332,2.100548,-0.896716,0.009251,-0.141003,-0.401146,0.297006,-0.854978,1.774411,-0.959799,0.112433,-0.001176,0.012165,0.085769,-0.996240,1.952004,-0.905408,0.923073
1314,5.475000,-0.048523,-0.005691,0.031394,0.998312,2.100575,-0.896772,0.009227,-0.134916,-0.396730,0.293082,-0.859364,1.782123,-0.963221,0.111391,0.001043,0.013684,0.084082,-0.996364,1.953963,-0.905706,0.923701
1315,5.479167,-0.049063,-0.005617,0.029602,0.998341,2.100689,-0.896884,0.009119,-0.124376,-0.393928,0.286536,-0.864435,1.790393,-0.966281,0.109549,0.001517,0.013747,0.082977,-0.996456,1.955799,-0.906213,0.924176
1316,5.483333,-0.047491,-0.006314,0.031205,0.998364,2.100510,-0.896756,0.009241,-0.122710,-0.386757,0.283462,-0.868914,1.798311,-0.969893,0.107857,-0.000134,0.012427,0.082168,-0.996541,1.957655,-0.906773,0.924444
1317,5.487500,-0.046967,-0.006954,0.032907,0.998330,2.100482,-0.896627,0.009366,-0.121773,-0.379537,0.280000,-0.873340,1.806797,-0.973199,0.105748,-0.000570,0.012213,0.080898,-0.996647,1.959543,-0.907286,0.924566
1318,5.491667,-0.045254,-0.008585,0.035733,0.998299,2.100332,-0.896294,0.009583,-0.117933,-0.374141,0.277158,-0.877094,1.814886,-0.976592,0.104127,0.000124,0.012964,0.079877,-0.996720,1.961595,-0.907732,0.924823
1319,5.495833,-0.042826,-0.009990,0.039081,0.998268,2.099923,-0.895912,0.009828,-0.117995,-0.364568,0.274816,-0.881841,1.823276,-0.980047,0.101957,0.001062,0.013217,0.078546,-0.996822,1.963588,-0.908180,0.925234
1320,5.500000,-0.038883,-0.013221,0.046027,0.998096,2.098832,-0.894811,0.010633,-0.112128,-0.359532,0.270350,-0.886045,1.831919,-0.983406,0.099963,0.001641,0.013233,0.077494,-0.996904,1.965616,-0.908724,0.925531
1321,5.504167,-0.037670,-0.014437,0.048384,0.998014,2.098587,-0.894518,0.010767,-0.107379,-0.352846,0.266350,-0.890521,1.840701,-0.986505,0.097866,0.000193,0.014776,0.075595,-0.997029,1.967595,-0.909144,0.926229
1322,5.508333,-0.037553,-0.014283,0.048245,0.998027,2.098675,-0.894602,0.010671,-0.103945,-0.343840,0.261171,-0.895968,1.849689,-0.989686,0.095351,0.000498,0.013588,0.074149,-0.997154,1.969656,-0.909800,0.926143
1323,5.512500,-0.037829,-0.013797,0.047365,0.998066,2.098807,-0.894736,0.010537,-0.102009,-0.334245,0.257165,-0.900967,1.858798,-0.993024,0.092847,0.000948,0.014382,0.072615,-0.997256,1.971756,-0.910261,0.926591
1324,5.516667,-0.037562,-0.012757,0.046469,0.998132,2.098950,-0.894828,0.010370,-0.098689,-0.324689,0.253662,-0.905811,1.867993,-0.996448,0.090374,0.000310,0.012237,0.070991,-0.997402,1.973845,-0.910869,0.926287
1325,5.520833,-0.037468,-0.012005,0.045535,0.998188,2.099149,-0.894949,0.010187,-0.098690,-0.312632,0.251441,-0.910658,1.878094,-0.999561,0.087323,0.002660,0.015994,0.069041,-0.997482,1.975799,-0.911153,0.927428
1326,5.525000,-0.037283,-0.009213,0.041444,0.998403,2.099455,-0.895589,0.009633,-0.095002,-0.303235,0.247840,-0.915204,1.887475,-1.002972,0.084571,0.002001,0.015047,0.067343,-0.997614,1.977833,-0.911647,0.927496
1327,5.529167,-0.039405,-0.010446,0.041890,0.998290,2.099496,-0.895436,0.009774,-0.085573,-0.294321,0.246335,-0.919441,1.897077,-1.007280,0.081199,0.002781,0.016229,0.065716,-0.997703,1.979814,-0.912134,0.928044
1328,5.533333,-0.040442,-0.009358,0.040196,0.998329,2.099788,-0.895647,0.009549,-0.076469,-0.287713,0.241330,-0.923652,1.906170,-1.010445,0.078197,0.001830,0.014708,0.063876,-0.997848,1.981817,-0.912721,0.927805
1329,5.537500,-0.041193,-0.008392,0.038696,0.998366,2.099933,-0.895834,0.009423,-0.067634,-0.282493,0.234904,-0.927601,1.915206,-1.013682,0.075359,0.002571,0.025261,0.061891,-0.997760,1.984217,-0.912627,0.930518
1330,5.541667,-0.041819,-0.007698,0.037821,0.998379,2.100014,-0.895965,0.009340,-0.068181,-0.272069,0.229531,-0.932011,1.925923,-1.016570,0.072927,0.003114,0.034541,0.060267,-0.997580,1.985707,-0.912840,0.932663
1331,5.545833,-0.042280,-0.007472,0.037318,0.998381,2.100052,-0.896021,0.009305,-0.063818,-0.265710,0.225835,-0.935053,1.935281,-1.019927,0.069998,0.003295,0.036936,0.058821,-0.997580,1.987267,-0.913231,0.933337
1332,5.550000,-0.042253,-0.007343,0.037399,0.998380,2.100033,-0.896055,0.009288,-0.067247,-0.254849,0.216785,-0.939965,1.945559,-1.022985,0.066883,0.004028,0.046792,0.057720,-0.997228,1.988334,-0.913267,0.935892
1333,5.554167,-0.042205,-0.007477,0.037730,0.998368,2.100024,-0.896029,0.009298,-0.072694,-0.239556,0.211251,-0.944829,1.955601,-1.025344,0.064686,0.004371,0.049742,0.056450,-0.997156,1.989738,-0.913663,0.936929
1334,5.558333,-0.041801,-0.007631,0.038302,0.998362,2.099962,-0.895978,0.009339,-0.075459,-0.226205,0.205284,-0.949208,1.965406,-1.027955,0.063010,0.005062,0.051762,0.054932,-0.997135,1.991209,-0.914075,0.937658
1335,5.562500,-0.039309,-0.009001,0.040853,0.998351,2.100222,-0.895971,0.009229,-0.069370,-0.216614,0.206159,-0.951717,1.975397,-1.031678,0.059601,0.004275,0.053083,0.053540,-0.997145,1.992871,-0.914658,0.938257
1336,5.566667,-0.038596,-0.009428,0.041768,0.998337,2.100116,-0.895881,0.009284,-0.081603,-0.191913,0.204808,-0.956329,1.986197,-1.034382,0.058201,0.003277,0.053198,0.052713,-0.997186,1.994621,-0.915327,0.938615
1337,5.570833,-0.037768,-0.009927,0.042754,0.998322,2.099979,-0.895777,0.009327,-0.079714,-0.181571,0.202071,-0.959086,1.996755,-1.036928,0.056116,0.003349,0.053018,0.051362,-0.997266,1.996382,-0.915887,0.938815
1338,5.575000,-0.037013,-0.010461,0.043789,0.998300,2.099840,-0.895681,0.009367,-0.075569,-0.170668,0.204921,-0.960817,2.007547,-1.040907,0.053023,0.001660,0.054129,0.051114,-0.997223,1.998428,-0.916053,0.939484
1339,5.579167,-0.036393,-0.010774,0.044695,0.998279,2.099699,-0.895583,0.009411,-0.071246,-0.159598,0.206109,-0.962794,2.017814,-1.044474,0.050573,0.001123,0.053419,0.050007,-0.997319,2.000352,-0.916619,0.939570
1340,5.583333,-0.035830,-0.011053,0.045486,0.998261,2.099579,-0.895502,0.009427,-0.068144,-0.148427,0.210009,-0.963962,2.027544,-1.049210,0.047293,0.001318,0.052480,0.048515,-0.997442,2.002194,-0.917029,0.939547
1341,5.587500,-0.035186,-0.011127,0.046130,0.998254,2.099488,-0.895439,0.009434,-0.061153,-0.139245,0.214129,-0.964894,2.037545,-1.052289,0.045098,0.000906,0.051527,0.047125,-0.997559,2.004204,-0.917457,0.939591
1342,5.591667,-0.034873,-0.011264,0.046576,0.998242,2.099422,-0.895386,0.009435,-0.057951,-0.127217,0.215628,-0.966417,2.048010,-1.055199,0.042968,0.002091,0.050650,0.045420,-0.997681,2.005798,-0.917938,0.939291
1343,5.595833,-0.036474,-0.011848,0.046889,0.998164,2.099488,-0.895457,0.009671,-0.047825,-0.118853,0.216306,-0.967883,2.058103,-1.057960,0.040709,0.001844,0.049863,0.043879,-0.997790,2.007666,-0.918431,0.939256
1344,5.600000,-0.037797,-0.011970,0.047395,0.998089,2.099727,-0.895471,0.009855,-0.039747,-0.111740,0.215395,-0.969298,2.067813,-1.060514,0.038601,0.001355,0.049125,0.042286,-0.997896,2.009586,-0.919010,0.939267
1345,5.604167,-0.037930,-0.011845,0.047543,0.998079,2.099735,-0.895488,0.009815,-0.042501,-0.098925,0.207533,-0.972285,2.079804,-1.063087,0.036399,0.002933,0.046215,0.040147,-0.998120,2.011341,-0.919889,0.938715
1346,5.608333,-0.040790,-0.012633,0.047233,0.997971,2.099841,-0.895873,0.009858,-0.046259,-0.089160,0.207113,-0.973147,2.089156,-1.064461,0.035141,0.002497,0.045251,0.038881,-0.998216,2.013255,-0.920426,0.938749
1347,5.612500,-0.040455,-0.012071,0.046663,0.998018,2.099829,-0.895911,0.009804,-0.063317,-0.065178,0.189340,-0.977698,2.102456,-1.064264,0.035105,0.005949,0.038836,0.036644,-0.998556,2.014821,-0.920976,0.937546
1348,5.616667,-0.040232,-0.011584,0.046002,0.998064,2.099839,-0.895922,0.009764,-0.072983,-0.049166,0.186458,-0.978514,2.111461,-1.066201,0.034790,0.004933,0.037318,0.035504,-0.998660,2.016774,-0.921680,0.937245
1349,5.620833,-0.039678,-0.011505,0.045384,0.998115,2.099734,-0.895945,0.009591,-0.065998,-0.045202,0.193820,-0.977770,2.121768,-1.069826,0.032013,0.004130,0.035894,0.034251,-0.998760,2.018662,-0.922300,0.937014
1350,5.625000,-0.038948,-0.011224,0.044802,0.998173,2.099661,-0.895960,0.009377,-0.070556,-0.029071,0.194431,-0.977943,2.131315,-1.071960,0.031431,0.003372,0.034664,0.032852,-0.998853,2.020594,-0.922962,0.936816
1351,5.629167,-0.037325,-0.010587,0.044483,0.998257,2.099686,-0.895945,0.009232,-0.074356,-0.013045,0.196089,-0.977676,2.141178,-1.074267,0.030778,0.002694,0.033342,0.031772,-0.998935,2.022508,-0.923680,0.936640
1352,5.633333,-0.036303,-0.010095,0.044287,0.998308,2.099706,-0.895942,0.009132,-0.070000,-0.012007,0.177894,-0.981483,2.157188,-1.073336,0.027787,0.002068,0.032425,0.030640,-0.999002,2.024506,-0.924292,0.936549
1353,5.637500,-0.034198,-0.008865,0.045064,0.998359,2.099770,-0.895830,0.008962,-0.065058,-0.020052,0.183890,-0.980586,2.166245,-1.076457,0.023800,0.001587,0.031486,0.028847,-0.999087,2.026412,-0.924725,0.936405
1354,5.641667,-0.033681,-0.008123,0.045701,0.998354,2.099979,-0.895721,0.008841,-0.072861,-0.006575,0.186454,-0.979736,2.176838,-1.078549,0.023455,0.000984,0.030826,0.027341,-0.999150,2.028293,-0.925224,0.936354
1355,5.645833,-0.032673,-0.007685,0.046055,0.998375,2.100431,-0.895834,0.008706,-0.072552,0.002211,0.187590,-0.979562,2.186398,-1.080414,0.022741,0.000246,0.030293,0.025960,-0.999204,2.030270,-0.925828,0.936354
1356,5.650000,-0.031718,-0.007372,0.045440,0.998436,2.100353,-0.896089,0.008837,-0.071229,0.009125,0.187389,-0.979657,2.195154,-1.082128,0.022086,-0.000324,0.029803,0.024605,-0.999253,2.032176,-0.926519,0.936298
1357,5.654167,-0.031343,-0.007172,0.045305,0.998456,2.100352,-0.896102,0.008813,-0.066794,0.015264,0.196526,-0.978102,2.203714,-1.084323,0.021536,-0.000619,0.029340,0.023431,-0.999295,2.034127,-0.927220,0.936235
1358,5.658333,-0.031252,-0.006954,0.045085,0.998470,2.100362,-0.896109,0.008798,-0.069922,0.025708,0.196163,-0.977737,2.212193,-1.085233,0.021779,-0.000769,0.028400,0.022078,-0.999353,2.036124,-0.927814,0.936062
1359,5.662500,-0.031291,-0.006711,0.044842,0.998481,2.100359,-0.896113,0.008822,-0.063272,0.033686,0.202942,-0.976564,2.221687,-1.086810,0.020991,-0.001141,0.027688,0.021060,-0.999394,2.038102,-0.928488,0.935967
1360,5.666667,-0.031413,-0.006479,0.044595,0.998490,2.100342,-0.896147,0.008809,-0.064472,0.041464,0.204120,-0.975940,2.230880,-1.087978,0.020671,-0.001624,0.027198,0.020236,-0.999424,2.040185,-0.929231,0.935896
1361,5.670833,-0.031044,-0.006132,0.044378,0.998514,2.100319,-0.896175,0.008779,-0.066488,0.048163,0.205711,-0.975163,2.239660,-1.089125,0.020498,-0.002120,0.026695,0.019329,-0.999455,2.042202,-0.929995,0.935829
1362,5.675000,-0.026347,-0.004552,0.044022,0.998673,2.100127,-0.896026,0.008420,-0.071781,0.054387,0.205275,-0.974552,2.248894,-1.089569,0.020941,-0.002355,0.026046,0.018260,-0.999491,2.044205,-0.930699,0.935697
1363,5.679167,-0.026216,-0.004222,0.043828,0.998686,2.100092,-0.896032,0.008390,-0.077268,0.060263,0.204480,-0.973954,2.257508,-1.090179,0.020920,-0.002328,0.024914,0.017176,-0.999539,2.046202,-0.931385,0.935399
1364,5.683333,-0.025957,-0.004124,0.043792,0.998695,2.100091,-0.896044,0.008370,-0.083153,0.065644,0.203317,-0.973365,2.265953,-1.090819,0.020728,-0.002876,0.024487,0.016413,-0.999561,2.048255,-0.932065,0.935280
1365,5.687500,-0.026097,-0.004144,0.043811,0.998690,2.100111,-0.896059,0.008367,-0.093595,0.069676,0.196772,-0.973481,2.275054,-1.091071,0.020192,-0.003457,0.024165,0.015510,-0.999582,2.050365,-0.932756,0.935160
1366,5.691667,-0.025718,-0.003837,0.043831,0.998700,2.100067,-0.896060,0.008338,-0.100857,0.072336,0.190739,-0.973763,2.284000,-1.091333,0.019757,-0.004158,0.023873,0.014704,-0.999598,2.052443,-0.933506,0.935066
1367,5.695833,-0.025633,-0.003797,0.043875,0.998701,2.100069,-0.896063,0.008316,-0.107324,0.076211,0.189507,-0.973016,2.291389,-1.091794,0.019596,-0.004541,0.022831,0.013591,-0.999637,2.054406,-0.934143,0.934798
1368,5.700000,-0.025593,-0.003696,0.043910,0.998701,2.100053,-0.896062,0.008298,-0.113221,0.076199,0.195246,-0.971213,2.297392,-1.092089,0.019442,-0.005103,0.022538,0.012478,-0.999655,2.056531,-0.934854,0.934640
1369,5.704167,-0.025505,-0.003569,0.043968,0.998701,2.100034,-0.896066,0.008293,-0.115819,0.077876,0.197296,-0.970358,2.303874,-1.092563,0.019753,-0.005856,0.022305,0.011455,-0.999668,2.058627,-0.935600,0.934413
1370,5.708333,-0.025346,-0.003456,0.043986,0.998705,2.100039,-0.896069,0.008272,-0.124337,0.078778,0.195004,-0.969695,2.310675,-1.092380,0.019572,-0.006531,0.022189,0.010520,-0.999677,2.060807,-0.936293,0.934258
1371,5.712500,-0.025067,-0.003143,0.043973,0.998713,2.100012,-0.896073,0.008260,-0.131441,0.080780,0.198231,-0.967937,2.316906,-1.092404,0.019463,-0.007056,0.021693,0.009409,-0.999696,2.062881,-0.936912,0.933994
1372,5.716667,-0.025116,-0.003238,0.043963,0.998712,2.100013,-0.896079,0.008248,-0.136816,0.081830,0.198261,-0.967098,2.322409,-1.092472,0.019473,-0.007746,0.021274,0.008305,-0.999709,2.064857,-0.937555,0.933793
1373,5.720833,-0.024648,-0.002872,0.043965,0.998725,2.100016,-0.896080,0.008194,-0.138236,0.083675,0.197709,-0.966851,2.327373,-1.092273,0.019881,-0.008604,0.021150,0.007397,-0.999712,2.067036,-0.938211,0.933666
1374,5.725000,-0.024567,-0.002814,0.043941,0.998728,2.100024,-0.896067,0.008176,-0.139345,0.085989,0.197005,-0.966632,2.332280,-1.092138,0.019826,-0.009480,0.021125,0.006406,-0.999711,2.069152,-0.938931,0.933477
1375,5.729167,-0.024622,-0.002743,0.043934,0.998727,2.100023,-0.896038,0.008175,-0.143322,0.087149,0.196215,-0.966107,2.336612,-1.091988,0.019912,-0.010020,0.021380,0.005158,-0.999708,2.071303,-0.939557,0.933305
1376,5.733333,-0.024577,-0.002430,0.043919,0.998730,2.099998,-0.896023,0.008136,-0.148841,0.089089,0.196251,-0.965088,2.340546,-1.091772,0.020127,-0.010879,0.021120,0.004194,-0.999709,2.073373,-0.940303,0.933021
1377,5.737500,-0.025297,-0.002257,0.043717,0.998721,2.099961,-0.896021,0.008153,-0.149708,0.088034,0.196000,-0.965102,2.344052,-1.091617,0.019942,-0.011593,0.021113,0.003213,-0.999705,2.075357,-0.941012,0.932817
1378,5.741667,-0.026223,-0.002030,0.043438,0.998710,2.099992,-0.896090,0.008084,-0.149700,0.085794,0.195364,-0.965434,2.347217,-1.091465,0.019791,-0.010983,0.020100,0.005323,-0.999724,2.078692,-0.942765,0.932125
1379,5.745833,-0.029499,-0.002195,0.042489,0.998659,2.100122,-0.896264,0.008053,-0.149606,0.085198,0.194104,-0.965755,2.350344,-1.091208,0.019451,-0.011709,0.020643,0.003727,-0.999711,2.080531,-0.943466,0.932017
1380,5.750000,-0.029274,-0.001918,0.042210,0.998678,2.100124,-0.896299,0.008050,-0.150696,0.081086,0.192926,-0.966176,2.353074,-1.091109,0.019478,-0.011554,0.020552,0.003172,-0.999717,2.082725,-0.944434,0.931661
1381,5.754167,-0.028904,-0.001711,0.042030,0.998697,2.100175,-0.896346,0.008007,-0.150656,0.078227,0.186112,-0.967753,2.356528,-1.090694,0.018866,-0.013867,0.021873,0.001925,-0.999663,2.084536,-0.945482,0.931881
1382,5.758333,-0.028865,-0.001592,0.041821,0.998707,2.100190,-0.896368,0.008023,-0.146326,0.074179,0.184407,-0.969062,2.358660,-1.090154,0.018220,-0.012486,0.020915,0.002699,-0.999700,2.087263,-0.946209,0.931362
1383,5.762500,-0.028621,-0.001335,0.041678,0.998720,2.100214,-0.896421,0.007997,-0.140371,0.069565,0.182450,-0.970654,2.360479,-1.089412,0.017538,-0.012917,0.021097,0.002405,-0.999691,2.089390,-0.947033,0.931176
1384,5.766667,-0.028389,-0.001110,0.041647,0.998728,2.100213,-0.896435,0.007997,-0.136309,0.063939,0.180133,-0.972051,2.361997,-1.088733,0.016561,-0.014629,0.021973,0.001221,-0.999651,2.091066,-0.948052,0.931275
1385,5.770833,-0.028252,-0.000906,0.041535,0.998737,2.100230,-0.896470,0.007977,-0.132690,0.058423,0.177303,-0.973419,2.363240,-1.088137,0.015580,-0.015034,0.022324,0.000410,-0.999638,2.093231,-0.948812,0.931151
1386,5.775000,-0.027942,-0.000699,0.041541,0.998746,2.100255,-0.896498,0.007953,-0.127613,0.052489,0.174925,-0.974865,2.364049,-1.087573,0.014500,-0.015845,0.022892,-0.000808,-0.999612,2.095284,-0.949432,0.931151
1387,5.779167,-0.027712,-0.000562,0.041662,0.998747,2.100263,-0.896513,0.007952,-0.121578,0.045646,0.172692,-0.976377,2.364471,-1.086847,0.013122,-0.016489,0.023497,-0.002315,-0.999585,2.097338,-0.950069,0.931078
1388,5.783333,-0.027589,-0.000441,0.041772,0.998746,2.100265,-0.896523,0.007948,-0.115344,0.038210,0.170631,-0.977814,2.364491,-1.086034,0.011639,-0.017157,0.024255,-0.004133,-0.999550,2.099529,-0.950480,0.931088
1389,5.787500,-0.027319,-0.000202,0.041863,0.998750,2.100312,-0.896547,0.007919,-0.107378,0.034848,0.168080,-0.979288,2.364287,-1.085235,0.010625,-0.016442,0.024198,-0.005540,-0.999557,2.101963,-0.950369,0.930864
1390,5.791667,-0.026501,0.000196,0.042013,0.998765,2.100317,-0.896559,0.007883,-0.101093,0.033551,0.166336,-0.980299,2.364279,-1.084343,0.009849,-0.020149,0.020531,-0.003776,-0.999579,2.103429,-0.952514,0.929702
1391,5.795833,-0.027136,-0.000056,0.041984,0.998750,2.100245,-0.896526,0.007943,-0.093391,0.030936,0.164348,-0.981484,2.364057,-1.083593,0.009445,-0.020881,0.020287,-0.004757,-0.999565,2.105446,-0.953096,0.929524
1392,5.800000,-0.027076,0.000171,0.042083,0.998747,2.100262,-0.896516,0.007939,-0.088468,0.028497,0.163633,-0.982133,2.364061,-1.083169,0.009298,-0.021419,0.020284,-0.005556,-0.999549,2.107508,-0.953809,0.929369
1393,5.804167,-0.026595,0.000466,0.042267,0.998752,2.100316,-0.896544,0.007916,-0.084562,0.026098,0.164062,-0.982472,2.364262,-1.082970,0.009541,-0.021791,0.019919,-0.006083,-0.999546,2.109461,-0.954601,0.929158
1394,5.808333,-0.026526,0.000578,0.042340,0.998751,2.100381,-0.896563,0.007937,-0.081081,0.024931,0.165063,-0.982629,2.364666,-1.082743,0.009621,-0.021952,0.019950,-0.006553,-0.999539,2.111490,-0.955444,0.928932
1395,5.812500,-0.026535,0.000787,0.042359,0.998750,2.100386,-0.896561,0.007983,-0.079818,0.024786,0.166626,-0.982472,2.365239,-1.082983,0.010407,-0.021258,0.019015,-0.005264,-0.999579,2.113869,-0.956537,0.928316
1396,5.816667,-0.026208,0.001134,0.042452,0.998754,2.100444,-0.896578,0.007974,-0.079288,0.025487,0.169407,-0.982021,2.365923,-1.083367,0.010993,-0.022376,0.019432,-0.005765,-0.999544,2.115425,-0.957752,0.928372
1397,5.820833,-0.026171,0.001351,0.042475,0.998754,2.100484,-0.896606,0.008017,-0.075892,0.025278,0.171816,-0.981876,2.366736,-1.083760,0.011137,-0.022510,0.019104,-0.005647,-0.999548,2.117216,-0.958757,0.928133
1398,5.825000,-0.025823,0.001808,0.042565,0.998758,2.100580,-0.896643,0.008021,-0.072174,0.022706,0.173898,-0.981853,2.367437,-1.083982,0.010818,-0.022430,0.018929,-0.005837,-0.999552,2.118979,-0.959710,0.927929
1399,5.829167,-0.025605,0.002099,0.042662,0.998759,2.100659,-0.896693,0.008069,-0.068036,0.020608,0.175587,-0.981894,2.368162,-1.084102,0.010440,-0.022442,0.018783,-0.005937,-0.999554,2.120699,-0.960735,0.927736
1400,5.833333,-0.025310,0.002651,0.042813,0.998759,2.100759,-0.896736,0.008110,-0.064346,0.017867,0.176781,-0.981982,2.368831,-1.084172,0.010078,-0.022423,0.018608,-0.006402,-0.999555,2.122447,-0.961708,0.927561
1401,5.837500,-0.024842,0.003370,0.042893,0.998765,2.100822,-0.896781,0.008155,-0.062405,0.016617,0.177812,-0.981943,2.369456,-1.084323,0.009924,-0.022149,0.018229,-0.007148,-0.999563,2.124231,-0.962660,0.927377
1402,5.841667,-0.024683,0.003717,0.043104,0.998759,2.100954,-0.896824,0.008256,-0.060574,0.014791,0.178743,-0.981918,2.369891,-1.084401,0.009619,-0.022411,0.016179,-0.008475,-0.999582,2.126939,-0.963738,0.926777
1403,5.845833,-0.021940,0.005575,0.043877,0.998780,2.101191,-0.897153,0.008152,-0.058191,0.012919,0.179404,-0.981968,2.370245,-1.084409,0.009242,-0.022357,0.017133,-0.010474,-0.999548,2.128205,-0.964290,0.926881
1404,5.850000,-0.024478,0.004733,0.043543,0.998740,2.101268,-0.896895,0.008453,-0.055296,0.010100,0.179408,-0.982168,2.370463,-1.084377,0.008628,-0.021771,0.016906,-0.011599,-0.999553,2.129739,-0.965083,0.926807
1405,5.854167,-0.023935,0.005496,0.044039,0.998728,2.101547,-0.896997,0.008537,-0.054256,0.008490,0.179586,-0.982208,2.370723,-1.084255,0.008291,-0.021183,0.016987,-0.012856,-0.999549,2.131230,-0.965867,0.926754
1406,5.858333,-0.023948,0.006305,0.044294,0.998712,2.101722,-0.897040,0.008664,-0.053829,0.007804,0.179383,-0.982275,2.370981,-1.084059,0.008227,-0.020363,0.016892,-0.014133,-0.999550,2.132784,-0.966761,0.926711
1407,5.862500,-0.024036,0.007057,0.044610,0.998690,2.101927,-0.897084,0.008801,-0.052970,0.006043,0.178801,-0.982440,2.371029,-1.083750,0.008291,-0.018561,0.017900,-0.016009,-0.999539,2.134299,-0.967306,0.927012
1408,5.866667,-0.023964,0.008110,0.044989,0.998667,2.102121,-0.897141,0.008965,-0.051902,0.006442,0.178202,-0.982603,2.371244,-1.083596,0.008447,-0.017702,0.018114,-0.018716,-0.999504,2.135797,-0.967577,0.926958
1409,5.870833,-0.023693,0.009331,0.045426,0.998643,2.102357,-0.897198,0.009142,-0.055950,0.010909,0.177960,-0.982385,2.372029,-1.083648,0.007997,-0.015798,0.018547,-0.021851,-0.999464,2.137495,-0.967924,0.927089
1410,5.875000,-0.024846,0.018878,0.035613,0.998878,2.103416,-0.898821,0.007926,-0.056810,0.011067,0.178557,-0.982226,2.372028,-1.083621,0.007941,-0.015112,0.018794,-0.024492,-0.999409,2.139067,-0.968233,0.926952
1411,5.879167,-0.024327,0.020510,0.036877,0.998813,2.103559,-0.898742,0.008180,-0.056433,0.011013,0.178553,-0.982249,2.372165,-1.083519,0.007895,-0.013327,0.020051,-0.027492,-0.999332,2.140559,-0.968360,0.927133
1412,5.883333,-0.022124,0.021559,0.041528,0.998660,2.103400,-0.898208,0.008749,-0.054886,0.010727,0.178461,-0.982356,2.372298,-1.083341,0.007883,-0.011900,0.020836,-0.030566,-0.999245,2.141978,-0.968631,0.927234
1413,5.887500,-0.024757,0.023660,0.038922,0.998655,2.103959,-0.898750,0.008816,-0.054414,0.009989,0.178499,-0.982384,2.372396,-1.083140,0.007900,-0.010017,0.021815,-0.031919,-0.999202,2.143339,-0.969776,0.927456
1414,5.891667,-0.024236,0.025420,0.040890,0.998546,2.104093,-0.898634,0.009236,-0.053098,0.009407,0.178287,-0.982500,2.372495,-1.082976,0.007802,-0.010922,0.019959,-0.032968,-0.999197,2.144442,-0.970581,0.926756
1415,5.895833,-0.025658,0.027062,0.041157,0.998457,2.104429,-0.898768,0.009570,-0.051683,0.009064,0.178170,-0.982600,2.372622,-1.082864,0.007722,-0.010289,0.019768,-0.034628,-0.999152,2.145640,-0.971102,0.926502
1416,5.900000,-0.028843,0.028110,0.040853,0.998353,2.104927,-0.899223,0.009999,-0.050550,0.008565,0.178415,-0.982619,2.372714,-1.082835,0.007645,-0.008540,0.020388,-0.035605,-0.999121,2.146899,-0.972228,0.926600
1417,5.904167,-0.029355,0.030107,0.042953,0.998192,2.105092,-0.899229,0.010352,-0.050069,0.008254,0.178613,-0.982610,2.372817,-1.082861,0.007580,-0.006795,0.021289,-0.036581,-0.999081,2.148285,-0.973524,0.926713
1418,5.908333,-0.031654,0.033398,0.043195,0.998006,2.105445,-0.899481,0.010645,-0.049608,0.008059,0.178677,-0.982623,2.372931,-1.082911,0.007537,-0.005018,0.022681,-0.036965,-0.999047,2.149751,-0.974776,0.926837
1419,5.912500,-0.032506,0.036658,0.043810,0.997838,2.105719,-0.899705,0.011161,-0.049111,0.007794,0.178698,-0.982647,2.372996,-1.082921,0.007460,-0.006062,0.020244,-0.038265,-0.999044,2.150781,-0.975615,0.926052
1420,5.916667,-0.033120,0.042128,0.042868,0.997643,2.106025,-0.900210,0.011582,-0.048714,0.007594,0.178636,-0.982679,2.373070,-1.082908,0.007390,-0.005574,0.020807,-0.038505,-0.999026,2.152134,-0.977048,0.925898
1421,5.920833,-0.032880,0.046359,0.043026,0.997456,2.106359,-0.900432,0.012238,-0.044071,0.003062,0.179689,-0.982731,2.372502,-1.082741,0.007645,-0.005443,0.020619,-0.038712,-0.999023,2.153363,-0.978405,0.925661
1422,5.925000,-0.032468,0.050708,0.043299,0.997246,2.106730,-0.900728,0.012990,-0.043175,0.002900,0.179736,-0.982763,2.372478,-1.082697,0.007649,-0.005789,0.019685,-0.039088,-0.999025,2.154658,-0.979789,0.925292
1423,5.929167,-0.035341,0.052461,0.043413,0.997053,2.107300,-0.901023,0.013962,-0.042313,0.002933,0.180004,-0.982751,2.372366,-1.082690,0.007677,-0.003550,0.021108,-0.040298,-0.998958,2.155965,-0.980965,0.925655
1424,5.933333,-0.036972,0.054210,0.049167,0.996633,2.106879,-0.900669,0.015394,-0.041825,0.003206,0.180218,-0.982732,2.372276,-1.082700,0.007767,-0.002419,0.021562,-0.040703,-0.998936,2.157160,-0.982263,0.925839
1425,5.937500,-0.042054,0.058745,0.049371,0.996164,2.107381,-0.901018,0.016195,-0.041158,0.003397,0.180360,-0.982733,2.372149,-1.082696,0.007838,-0.003061,0.020404,-0.041987,-0.998905,2.158407,-0.983401,0.925543
1426,5.941667,-0.046280,0.061586,0.050750,0.995736,2.107841,-0.901309,0.017353,-0.041180,0.003682,0.180466,-0.982712,2.372022,-1.082712,0.007923,-0.003932,0.019734,-0.042464,-0.998895,2.159575,-0.984907,0.925270
1427,5.945833,-0.049565,0.065296,0.051829,0.995286,2.108202,-0.901519,0.018440,-0.040997,0.004058,0.180512,-0.982710,2.371944,-1.082683,0.007945,-0.004233,0.019019,-0.043464,-0.998865,2.160789,-0.986157,0.925169
1428,5.950000,-0.053644,0.069403,0.053162,0.994726,2.108675,-0.901697,0.019606,-0.040871,0.004356,0.180447,-0.982726,2.371874,-1.082633,0.007970,-0.004215,0.018687,-0.044977,-0.998804,2.161882,-0.987272,0.925271
1429,5.954167,-0.055504,0.074637,0.054323,0.994182,2.109158,-0.901988,0.020668,-0.040566,0.004449,0.180389,-0.982748,2.371800,-1.082606,0.007969,-0.004261,0.018175,-0.046689,-0.998735,2.162934,-0.988354,0.925398
1430,5.958333,-0.056696,0.080608,0.055335,0.993593,2.109711,-0.902251,0.021600,-0.040612,0.004590,0.180238,-0.982774,2.371770,-1.082602,0.007979,-0.004152,0.018035,-0.048059,-0.998673,2.163945,-0.989558,0.925594
1431,5.962500,-0.054400,0.090353,0.059666,0.992631,2.109878,-0.902116,0.022172,-0.040693,0.004526,0.180065,-0.982802,2.371761,-1.082599,0.007976,-0.003910,0.018182,-0.049343,-0.998609,2.165181,-0.990890,0.925865
1432,5.966667,-0.057584,0.097231,0.061043,0.991718,2.110974,-0.902766,0.022913,-0.040707,0.004480,0.179843,-0.982843,2.371765,-1.082602,0.007932,-0.003612,0.017455,-0.051390,-0.998520,2.166165,-0.991827,0.926060
1433,5.970833,-0.053630,0.107892,0.060613,0.990863,2.111332,-0.903064,0.023121,-0.040993,0.004560,0.179463,-0.982900,2.371804,-1.082600,0.007913,-0.003261,0.016762,-0.052662,-0.998466,2.167245,-0.993054,0.926272
1434,5.975000,-0.051250,0.119195,0.061138,0.989661,2.111835,-0.903424,0.023500,-0.040763,0.004382,0.179250,-0.982949,2.371844,-1.082570,0.007863,-0.002985,0.015799,-0.054334,-0.998393,2.168215,-0.994091,0.926452
1435,5.979167,-0.063719,0.118187,0.061926,0.989008,2.113087,-0.903900,0.025595,-0.040626,0.004169,0.179001,-0.983001,2.371890,-1.082536,0.007815,-0.002991,0.015310,-0.055555,-0.998334,2.169113,-0.995302,0.926624
1436,5.983333,-0.072249,0.121941,0.065441,0.987739,2.114066,-0.903854,0.027271,-0.040471,0.004064,0.178831,-0.983039,2.371945,-1.082533,0.007785,-0.003139,0.014654,-0.057719,-0.998221,2.170218,-0.996300,0.926837
1437,5.987500,-0.074708,0.127983,0.066300,0.986734,2.114845,-0.904337,0.028486,-0.040248,0.003876,0.178623,-0.983086,2.371990,-1.082513,0.007733,-0.003205,0.013899,-0.059326,-0.998137,2.171207,-0.997390,0.927053
1438,5.991667,-0.074135,0.135139,0.067968,0.985709,2.115686,-0.904688,0.029553,-0.040422,0.003760,0.178470,-0.983108,2.372081,-1.082520,0.007705,-0.002969,0.013482,-0.060553,-0.998070,2.172261,-0.998588,0.927271
1439,5.995833,-0.074482,0.141561,0.070802,0.984581,2.116562,-0.904831,0.030389,-0.039855,0.002764,0.179010,-0.983036,2.372041,-1.082492,0.007685,-0.002938,0.012863,-0.062079,-0.997984,2.173229,-0.999693,0.927477
1440,6.000000,-0.075530,0.148075,0.074093,0.983300,2.117626,-0.904861,0.031227,-0.039649,0.002231,0.179430,-0.982969,2.372046,-1.082459,0.007635,-0.003007,0.012236,-0.063391,-0.997909,2.174118,-1.000744,0.927622
1441,6.004167,-0.077194,0.153126,0.077122,0.982164,2.118652,-0.904951,0.032307,-0.039243,0.002129,0.179657,-0.982944,2.372098,-1.082435,0.007616,-0.003091,0.011169,-0.065393,-0.997792,2.175175,-1.001702,0.927689
1442,6.008333,-0.073756,0.157668,0.078580,0.981594,2.120224,-0.905865,0.033704,-0.038720,0.001891,0.179852,-0.982930,2.372099,-1.082419,0.007598,-0.003382,0.010847,-0.066811,-0.997701,2.176080,-1.002778,0.927931
1443,6.012500,-0.073670,0.161961,0.078088,0.980940,2.121355,-0.906262,0.034872,-0.035825,0.000373,0.177693,-0.983434,2.371750,-1.082449,0.007550,-0.003726,0.010801,-0.068032,-0.997618,2.176953,-1.003887,0.928155
1444,6.016667,-0.076078,0.166745,0.080938,0.979723,2.122528,-0.906650,0.035742,-0.035701,0.000466,0.177621,-0.983451,2.371751,-1.082431,0.007565,-0.003933,0.010589,-0.069168,-0.997541,2.177989,-1.005067,0.928289
1445,6.020833,-0.081705,0.168667,0.083398,0.978734,2.123871,-0.906882,0.037096,-0.035698,0.000576,0.177584,-0.983458,2.371717,-1.082394,0.007587,-0.004460,0.010179,-0.070971,-0.997416,2.178835,-1.005815,0.928434
1446,6.025000,-0.086106,0.170798,0.085535,0.977802,2.124904,-0.907027,0.038409,-0.035747,0.000734,0.177488,-0.983473,2.371682,-1.082341,0.007613,-0.004724,0.009930,-0.072078,-0.997338,2.179843,-1.007004,0.928566
1447,6.029167,-0.089115,0.172543,0.088075,0.977001,2.126220,-0.907046,0.039686,-0.035944,0.000989,0.177314,-0.983497,2.371671,-1.082295,0.007655,-0.005067,0.010185,-0.073229,-0.997250,2.180823,-1.008133,0.928732
1448,6.033333,-0.090995,0.173333,0.090773,0.976440,2.127681,-0.907057,0.040857,-0.035988,0.001110,0.177170,-0.983521,2.371656,-1.082261,0.007674,-0.005609,0.010382,-0.074626,-0.997142,2.181654,-1.009124,0.928929
1449,6.037500,-0.084654,0.179632,0.102561,0.974704,2.128732,-0.905468,0.041022,-0.036209,0.001155,0.177007,-0.983543,2.371644,-1.082224,0.007659,-0.005924,0.010765,-0.075615,-0.997061,2.182548,-1.010200,0.929151
1450,6.041667,-0.083368,0.181831,0.110092,0.973585,2.130004,-0.904562,0.041914,-0.036209,0.001236,0.176799,-0.983580,2.371641,-1.082204,0.007670,-0.007361,0.008255,-0.079818,-0.996748,2.183817,-1.009372,0.928573
1451,6.045833,-0.086361,0.179533,0.113169,0.973398,2.131622,-0.904298,0.043488,-0.036266,0.001147,0.176571,-0.983619,2.371636,-1.082174,0.007664,-0.008400,0.009139,-0.081141,-0.996625,2.184679,-1.010141,0.928783
1452,6.050000,-0.088235,0.177255,0.116854,0.973211,2.133265,-0.903969,0.044860,-0.036309,0.001068,0.176473,-0.983635,2.371620,-1.082174,0.007642,-0.009266,0.010216,-0.082297,-0.996513,2.185483,-1.011060,0.929118
1453,6.054167,-0.095082,0.169013,0.123091,0.973264,2.134497,-0.903040,0.047103,-0.036275,0.000989,0.176309,-0.983666,2.371631,-1.082166,0.007645,-0.010317,0.010947,-0.084075,-0.996346,2.186146,-1.011736,0.929278
1454,6.058333,-0.095227,0.168492,0.128509,0.972640,2.136710,-0.902768,0.048335,-0.036352,0.001014,0.176245,-0.983674,2.371641,-1.082165,0.007627,-0.011099,0.011901,-0.085520,-0.996204,2.186835,-1.012507,0.929630
1455,6.062500,-0.096980,0.167573,0.133271,0.971984,2.138562,-0.902108,0.049148,-0.036329,0.001136,0.176119,-0.983698,2.371624,-1.082160,0.007585,-0.011801,0.012326,-0.086989,-0.996063,2.187414,-1.013347,0.929836
1456,6.066667,-0.087059,0.174013,0.140472,0.970777,2.139788,-0.900150,0.048244,-0.036194,0.002620,0.176311,-0.983665,2.371587,-1.082082,0.007458,-0.007886,0.008716,-0.084820,-0.996327,2.189288,-1.014786,0.928502
1457,6.070833,-0.083733,0.174371,0.144738,0.970378,2.141587,-0.899265,0.048521,-0.035938,0.002750,0.176245,-0.983686,2.371575,-1.082103,0.007436,-0.007508,0.008257,-0.085799,-0.996250,2.190108,-1.015723,0.928374
1458,6.075000,-0.079785,0.175965,0.150441,0.969556,2.143528,-0.898115,0.048479,-0.035881,0.003108,0.176257,-0.983685,2.371578,-1.082105,0.007407,-0.009880,0.010110,-0.086455,-0.996156,2.190941,-1.016660,0.929270
1459,6.079167,-0.075884,0.176465,0.156942,0.968747,2.145592,-0.896741,0.048484,-0.035646,0.003389,0.176165,-0.983709,2.371574,-1.082118,0.007414,-0.011134,0.011607,-0.087875,-0.996002,2.191719,-1.017318,0.929638
1460,6.083333,-0.071263,0.177726,0.162919,0.967880,2.147920,-0.895473,0.048161,-0.035520,0.003636,0.176201,-0.983706,2.371576,-1.082128,0.007403,-0.012466,0.012996,-0.089563,-0.995818,2.192316,-1.017906,0.930026
1461,6.087500,-0.071352,0.174031,0.169168,0.967473,2.150522,-0.894374,0.048585,-0.035442,0.003887,0.176119,-0.983723,2.371573,-1.082124,0.007388,-0.013503,0.013794,-0.091518,-0.995616,2.192708,-1.018536,0.930555
1462,6.091667,-0.068386,0.172836,0.173836,0.967074,2.153001,-0.893128,0.048457,-0.035298,0.003924,0.176037,-0.983743,2.371553,-1.082111,0.007376,-0.015068,0.015131,-0.093739,-0.995368,2.193095,-1.018939,0.931060
1463,6.095833,-0.065332,0.172569,0.177501,0.966667,2.155410,-0.891655,0.048111,-0.035273,0.003816,0.176008,-0.983749,2.371543,-1.082100,0.007371,-0.016290,0.015992,-0.095900,-0.995129,2.193584,-1.019329,0.931484
1464,6.100000,-0.061493,0.170685,0.182566,0.966310,2.158094,-0.890446,0.047850,-0.032823,0.004326,0.177341,-0.983593,2.371722,-1.081872,0.007053,-0.017059,0.016081,-0.097920,-0.994918,2.194102,-1.019863,0.931803
1465,6.104167,-0.058283,0.168938,0.186599,0.966046,2.160835,-0.888998,0.047415,-0.032583,0.004028,0.177557,-0.983563,2.371759,-1.081857,0.007030,-0.017317,0.016063,-0.099803,-0.994727,2.194698,-1.020547,0.932092
1466,6.108333,-0.051185,0.168375,0.190163,0.965851,2.163452,-0.887341,0.046739,-0.032222,0.003280,0.177764,-0.983540,2.371780,-1.081866,0.007009,-0.012086,0.010635,-0.095086,-0.995339,2.197272,-1.023100,0.930528
1467,6.112500,-0.047917,0.166109,0.193846,0.965679,2.166224,-0.885551,0.046228,-0.031395,0.002439,0.177774,-0.983567,2.371773,-1.081869,0.006993,-0.012578,0.010318,-0.096310,-0.995218,2.198019,-1.023800,0.930589
1468,6.116667,-0.045977,0.163016,0.196918,0.965679,2.169076,-0.883941,0.045775,-0.035699,0.003385,0.178495,-0.983287,2.371926,-1.081992,0.007291,-0.013254,0.010255,-0.097465,-0.995098,2.198775,-1.024587,0.930854
1469,6.120833,-0.044938,0.159599,0.200211,0.965621,2.172087,-0.882339,0.045153,-0.034980,0.003795,0.178918,-0.983235,2.372191,-1.082098,0.007235,-0.014317,0.010911,-0.098696,-0.994955,2.199529,-1.025347,0.931350
1470,6.125000,-0.045315,0.154796,0.204338,0.965521,2.174777,-0.880306,0.044927,-0.035170,0.004136,0.179253,-0.983165,2.372380,-1.082240,0.007157,-0.015377,0.011087,-0.100170,-0.994790,2.200166,-1.025887,0.931653
1471,6.129167,-0.043015,0.151785,0.207847,0.965355,2.177782,-0.878375,0.044108,-0.036570,0.005145,0.179453,-0.983073,2.372585,-1.082314,0.007155,-0.016665,0.010998,-0.102137,-0.994570,2.200725,-1.026429,0.931987
1472,6.133333,-0.044606,0.146183,0.211337,0.965390,2.180406,-0.876353,0.043769,-0.033421,0.003315,0.177976,-0.983462,2.372477,-1.082329,0.007046,-0.017717,0.011389,-0.104392,-0.994313,2.201091,-1.027181,0.932631
1473,6.137500,-0.049754,0.137346,0.213130,0.966042,2.182933,-0.874469,0.043858,-0.033764,0.001370,0.173393,-0.984273,2.371630,-1.082185,0.007197,-0.019499,0.011502,-0.107400,-0.993958,2.201412,-1.027587,0.933065
1474,6.141667,-0.048071,0.134243,0.215254,0.966092,2.186209,-0.872590,0.042873,-0.034323,-0.001368,0.173106,-0.984304,2.371535,-1.082058,0.007307,-0.020781,0.011542,-0.109900,-0.993658,2.201788,-1.027907,0.933434
1475,6.145833,-0.049482,0.129248,0.216525,0.966418,2.189765,-0.870986,0.041973,-0.034199,-0.000177,0.172366,-0.984439,2.371533,-1.081936,0.007324,-0.019874,0.010237,-0.111171,-0.993550,2.202510,-1.028310,0.933376
1476,6.150000,-0.048697,0.125032,0.218031,0.966674,2.192836,-0.869013,0.041133,-0.034610,-0.000212,0.171824,-0.984520,2.371487,-1.081804,0.007393,-0.015256,0.004848,-0.107977,-0.994025,2.204694,-1.030420,0.931983
1477,6.154167,-0.046137,0.119988,0.222093,0.966514,2.196601,-0.866927,0.039831,-0.034961,-0.000882,0.171226,-0.984611,2.371460,-1.081634,0.007473,-0.015182,0.003371,-0.108761,-0.993946,2.205495,-1.031450,0.931838
1478,6.158333,-0.044825,0.118429,0.221856,0.966822,2.199625,-0.865181,0.038914,-0.035497,-0.000884,0.170498,-0.984718,2.371429,-1.081489,0.007515,-0.015110,0.002347,-0.109637,-0.993854,2.206248,-1.032223,0.931741
1479,6.162500,-0.044254,0.113981,0.223597,0.966982,2.203074,-0.863380,0.038025,-0.037068,-0.000134,0.169662,-0.984805,2.371139,-1.081556,0.007487,-0.015867,0.001644,-0.110485,-0.993750,2.207010,-1.033066,0.932017
1480,6.166667,-0.042662,0.110449,0.224834,0.967177,2.206468,-0.861415,0.036958,-0.033818,-0.003527,0.170161,-0.984830,2.370459,-1.081481,0.007551,-0.016303,0.002033,-0.110619,-0.993727,2.207498,-1.034200,0.932909
1481,6.170833,-0.041298,0.106898,0.226419,0.967265,2.209976,-0.859476,0.035847,-0.036995,0.000706,0.168789,-0.984957,2.371114,-1.081429,0.007689,-0.017073,0.002366,-0.112312,-0.993523,2.208108,-1.034800,0.933246
1482,6.175000,-0.037386,0.101165,0.230103,0.967172,2.213959,-0.857175,0.034380,-0.040625,0.002598,0.167811,-0.984978,2.371429,-1.081367,0.007485,-0.018346,0.001639,-0.114819,-0.993216,2.208664,-1.034989,0.933343
1483,6.179167,-0.033596,0.099179,0.230514,0.967418,2.217561,-0.855398,0.033069,-0.039447,0.002198,0.167750,-0.985038,2.371396,-1.081414,0.007420,-0.018806,-0.000131,-0.117039,-0.992949,2.209056,-1.035191,0.933514
1484,6.183333,-0.032541,0.094322,0.232150,0.967549,2.221184,-0.853360,0.032070,-0.039080,0.001778,0.167618,-0.985076,2.371412,-1.081434,0.007348,-0.021270,0.000335,-0.119843,-0.992565,2.209288,-1.035373,0.933957
1485,6.187500,-0.030592,0.090915,0.232506,0.967853,2.224694,-0.851484,0.030950,-0.035991,0.000688,0.167346,-0.985241,2.371292,-1.081642,0.007153,-0.022839,0.000606,-0.122367,-0.992222,2.209583,-1.035529,0.934362
1486,6.191667,-0.028983,0.087063,0.233830,0.967938,2.228602,-0.849544,0.029695,-0.035569,0.000418,0.167312,-0.985262,2.371351,-1.081640,0.007091,-0.022438,-0.000139,-0.124186,-0.992005,2.210078,-1.035700,0.934506
1487,6.195833,-0.028808,0.082368,0.234546,0.968181,2.232224,-0.847599,0.028736,-0.031594,-0.002393,0.168298,-0.985227,2.370992,-1.081556,0.007080,-0.022777,-0.001179,-0.125964,-0.991773,2.210522,-1.035968,0.934612
1488,6.200000,-0.027315,0.078670,0.234503,0.968542,2.235823,-0.845803,0.027684,-0.031074,-0.002669,0.169451,-0.985045,2.371222,-1.081634,0.006959,-0.023775,-0.001737,-0.127696,-0.991527,2.211015,-1.036289,0.934795
1489,6.204167,-0.026613,0.073000,0.236129,0.968610,2.239542,-0.843740,0.026846,-0.024638,-0.007130,0.170352,-0.985049,2.370809,-1.081814,0.006575,-0.023950,-0.002506,-0.128896,-0.991366,2.211596,-1.036661,0.934847
1490,6.208333,-0.024162,0.069678,0.236209,0.968900,2.243227,-0.841981,0.025787,-0.024092,-0.006806,0.170671,-0.985010,2.370820,-1.081831,0.006600,-0.023756,-0.003024,-0.129736,-0.991259,2.212241,-1.037122,0.934969
1491,6.212500,-0.024074,0.064691,0.236523,0.969171,2.246859,-0.840155,0.024992,-0.023627,-0.006587,0.171004,-0.984965,2.370785,-1.081871,0.006622,-0.023513,-0.004648,-0.130394,-0.991173,2.212903,-1.037669,0.934986
1492,6.216667,-0.022949,0.059997,0.237108,0.969357,2.250660,-0.838356,0.024110,-0.023076,-0.006453,0.171391,-0.984912,2.370731,-1.081898,0.006659,-0.023477,-0.005614,-0.131079,-0.991078,2.213666,-1.038230,0.934853
1493,6.220833,-0.022536,0.056136,0.236227,0.969813,2.254230,-0.836742,0.023241,-0.022586,-0.006152,0.171835,-0.984848,2.370679,-1.081918,0.006705,-0.023161,-0.006865,-0.131512,-0.991020,2.214487,-1.038864,0.934658
1494,6.225000,-0.025872,0.037089,0.238681,0.970045,2.257643,-0.834632,0.024628,-0.022810,-0.005798,0.171961,-0.984823,2.370589,-1.081912,0.006785,-0.022368,-0.007986,-0.131892,-0.990980,2.215405,-1.039512,0.934487
1495,6.229167,-0.024995,0.032220,0.239121,0.970133,2.261341,-0.832986,0.023880,-0.022769,-0.005523,0.172202,-0.984783,2.370559,-1.081923,0.006830,-0.021828,-0.008166,-0.132399,-0.990923,2.216280,-1.040122,0.934567
1496,6.233333,-0.025133,0.027667,0.238975,0.970306,2.264703,-0.831414,0.023287,-0.022514,-0.005595,0.172584,-0.984722,2.370579,-1.081951,0.006799,-0.021152,-0.008017,-0.132599,-0.990912,2.217087,-1.040791,0.934664
1497,6.237500,-0.024760,0.023274,0.239088,0.970403,2.268263,-0.829902,0.022630,-0.023064,-0.005418,0.172467,-0.984730,2.370491,-1.081913,0.006897,-0.019948,-0.007627,-0.132651,-0.990933,2.217918,-1.041460,0.934761
1498,6.241667,-0.024666,0.018655,0.238792,0.970578,2.271584,-0.828474,0.022070,-0.023323,-0.005326,0.172455,-0.984727,2.370453,-1.081886,0.006928,-0.019653,-0.009295,-0.132912,-0.990889,2.218797,-1.041966,0.934306
1499,6.245833,-0.024455,0.014342,0.239103,0.970580,2.275050,-0.827063,0.021466,-0.023350,-0.005249,0.172452,-0.984727,2.370471,-1.081877,0.006914,-0.018767,-0.010755,-0.133043,-0.990874,2.219644,-1.042496,0.934040
1500,6.250000,-0.024256,0.010347,0.238859,0.970696,2.278198,-0.825703,0.020937,-0.023696,-0.005215,0.172487,-0.984713,2.370458,-1.081860,0.006935,-0.017939,-0.012273,-0.133349,-0.990831,2.220469,-1.042963,0.933761
1501,6.254167,-0.024826,0.006081,0.239334,0.970601,2.281406,-0.824357,0.020440,-0.023775,-0.005263,0.172467,-0.984714,2.370475,-1.081859,0.006920,-0.017607,-0.013248,-0.133739,-0.990772,2.221224,-1.043383,0.933510
1502,6.258333,-0.024700,0.002506,0.239012,0.970699,2.284420,-0.823211,0.019988,-0.023913,-0.005364,0.172470,-0.984710,2.370460,-1.081852,0.006927,-0.017169,-0.014336,-0.134136,-0.990710,2.221944,-1.043787,0.933288
1503,6.262500,-0.024902,-0.001596,0.239784,0.970506,2.287523,-0.821979,0.019488,-0.024017,-0.005429,0.172514,-0.984699,2.370479,-1.081849,0.006903,-0.016838,-0.015046,-0.134720,-0.990626,2.222643,-1.044208,0.933151
1504,6.266667,-0.025921,-0.004512,0.239635,0.970507,2.290236,-0.820915,0.019016,-0.023958,-0.005559,0.172507,-0.984701,2.370458,-1.081845,0.006886,-0.014077,-0.009617,-0.136006,-0.990561,2.223502,-1.044118,0.934256
1505,6.270833,-0.025947,-0.008454,0.241121,0.970111,2.293106,-0.819722,0.018550,-0.024293,-0.005541,0.172597,-0.984677,2.370450,-1.081838,0.006895,-0.014167,-0.010684,-0.136979,-0.990415,2.224113,-1.044315,0.934047
1506,6.275000,-0.028259,-0.011048,0.240723,0.970120,2.295705,-0.818791,0.018127,-0.023147,-0.005704,0.171766,-0.984849,2.370260,-1.081772,0.006870,-0.014191,-0.011270,-0.137975,-0.990270,2.224673,-1.044439,0.933895
1507,6.279167,-0.028581,-0.013838,0.242845,0.969545,2.297992,-0.817612,0.017698,-0.021878,-0.005983,0.172726,-0.984709,2.370427,-1.081868,0.006732,-0.014320,-0.011399,-0.139115,-0.990107,2.225227,-1.044564,0.933806
1508,6.283333,-0.029230,-0.015879,0.242917,0.969477,2.300651,-0.816845,0.017189,-0.021383,-0.005823,0.174039,-0.984489,2.370707,-1.081949,0.006693,-0.014449,-0.011746,-0.140200,-0.989948,2.225726,-1.044622,0.933665
1509,6.287500,-0.031181,-0.018760,0.243904,0.969117,2.302692,-0.815926,0.016885,-0.019790,-0.006448,0.175827,-0.984201,2.371050,-1.082118,0.006463,-0.014194,-0.011228,-0.141439,-0.989782,2.226245,-1.044660,0.933776
1510,6.291667,-0.031252,-0.018927,0.244124,0.969056,2.304726,-0.815240,0.016394,-0.016534,-0.007685,0.174772,-0.984440,2.370900,-1.082129,0.006252,-0.014002,-0.010441,-0.142617,-0.989624,2.226737,-1.044933,0.933991
1511,6.295833,-0.030928,-0.020126,0.245877,0.968598,2.306463,-0.814356,0.016048,-0.017722,-0.007790,0.176392,-0.984130,2.371212,-1.082215,0.006139,-0.013120,-0.009342,-0.143608,-0.989504,2.227248,-1.045372,0.934323
1512,6.300000,-0.030203,-0.019217,0.246273,0.968539,2.308200,-0.813628,0.015561,-0.015753,-0.008378,0.174742,-0.984453,2.370975,-1.082139,0.006085,-0.011730,-0.007897,-0.144318,-0.989430,2.227798,-1.045844,0.934771
1513,6.304167,-0.029169,-0.018671,0.247569,0.968251,2.309475,-0.812896,0.015293,-0.018153,-0.007764,0.176162,-0.984163,2.371258,-1.082181,0.006129,-0.011971,-0.007829,-0.146321,-0.989134,2.227915,-1.045788,0.935134
1514,6.308333,-0.028342,-0.017596,0.248780,0.967985,2.310735,-0.812253,0.014947,-0.016257,-0.009305,0.174875,-0.984413,2.371007,-1.082167,0.005958,-0.010998,-0.006283,-0.147443,-0.988989,2.228415,-1.046088,0.935512
1515,6.312500,-0.027553,-0.016297,0.249609,0.967817,2.311792,-0.811648,0.014572,-0.018849,-0.007914,0.176069,-0.984166,2.371294,-1.082174,0.006116,-0.010176,-0.004829,-0.148313,-0.988876,2.228962,-1.046293,0.935748
1516,6.316667,-0.026933,-0.015446,0.250989,0.967492,2.312508,-0.811043,0.014264,-0.018788,-0.008111,0.176111,-0.984158,2.371307,-1.082200,0.006061,-0.009313,-0.003334,-0.149056,-0.988779,2.229511,-1.046459,0.935938
1517,6.320833,-0.026106,-0.014105,0.252532,0.967134,2.313026,-0.810467,0.013889,-0.018916,-0.008259,0.176013,-0.984171,2.371275,-1.082200,0.006075,-0.008636,-0.002122,-0.149607,-0.988706,2.230129,-1.046621,0.936028
1518,6.325000,-0.025543,-0.012732,0.254401,0.966678,2.313340,-0.809922,0.013517,-0.019090,-0.008325,0.176030,-0.984165,2.371251,-1.082217,0.006051,-0.007409,-0.001939,-0.149745,-0.988695,2.230971,-1.047187,0.935831
1519,6.329167,-0.025111,-0.010608,0.255419,0.966446,2.313491,-0.809543,0.013092,-0.019282,-0.008187,0.176086,-0.984152,2.371253,-1.082241,0.006063,-0.006056,-0.001816,-0.149165,-0.988792,2.231966,-1.048044,0.935584
1520,6.333333,-0.024446,-0.008554,0.257118,0.966033,2.313371,-0.809174,0.012698,-0.019743,-0.007775,0.176020,-0.984158,2.371238,-1.082232,0.006107,-0.001801,-0.013241,-0.149578,-0.988660,2.232043,-1.049387,0.933736
1521,6.337500,-0.023734,-0.006797,0.258755,0.965628,2.313157,-0.808916,0.012323,-0.019971,-0.007899,0.176166,-0.984126,2.371167,-1.082253,0.006128,-0.002072,-0.011565,-0.149135,-0.988747,2.233108,-1.049920,0.933793
1522,6.341667,-0.022731,-0.005274,0.259769,0.965389,2.312796,-0.808794,0.011959,-0.020118,-0.007603,0.176179,-0.984123,2.371144,-1.082266,0.006144,-0.001202,-0.010431,-0.148048,-0.988925,2.234019,-1.050622,0.933586
1523,6.345833,-0.021371,-0.004425,0.260490,0.965230,2.312402,-0.808796,0.011652,-0.020104,-0.007557,0.176288,-0.984104,2.371109,-1.082294,0.006167,0.000124,-0.010432,-0.147074,-0.989071,2.234863,-1.051345,0.933269
1524,6.350000,-0.020825,-0.004548,0.260632,0.965203,2.311990,-0.808959,0.011509,-0.020281,-0.007421,0.176429,-0.984076,2.371090,-1.082315,0.006158,0.001190,-0.011287,-0.146583,-0.989133,2.235555,-1.052019,0.933042
1525,6.354167,-0.019363,-0.004896,0.260561,0.965251,2.311688,-0.809281,0.011371,-0.020761,-0.007003,0.176392,-0.984076,2.371052,-1.082315,0.006237,0.001780,-0.011545,-0.146391,-0.989158,2.236253,-1.052510,0.932772
1526,6.358333,-0.017938,-0.005299,0.260165,0.965383,2.311433,-0.809696,0.011299,-0.020739,-0.007232,0.176599,-0.984038,2.370989,-1.082344,0.006190,0.002422,-0.011646,-0.146243,-0.989177,2.236831,-1.053002,0.932596
1527,6.362500,-0.016562,-0.005531,0.259078,0.965699,2.311174,-0.810181,0.011273,-0.020933,-0.007231,0.176560,-0.984041,2.370924,-1.082334,0.006225,0.003019,-0.011729,-0.146405,-0.989151,2.237368,-1.053440,0.932423
1528,6.366667,-0.014800,-0.005286,0.257565,0.966133,2.311024,-0.810731,0.011202,-0.020950,-0.007073,0.176591,-0.984036,2.370921,-1.082362,0.006240,0.003539,-0.011788,-0.146688,-0.989106,2.237886,-1.053815,0.932301
1529,6.370833,-0.012682,-0.004925,0.256223,0.966522,2.310941,-0.811214,0.011094,-0.021162,-0.006802,0.176635,-0.984025,2.370919,-1.082366,0.006246,0.003846,-0.011663,-0.147160,-0.989037,2.238398,-1.054158,0.932247
1530,6.375000,-0.010498,-0.004173,0.255036,0.966866,2.310933,-0.811657,0.010948,-0.021341,-0.006756,0.176635,-0.984022,2.370902,-1.082370,0.006255,0.004186,-0.011814,-0.147763,-0.988943,2.238842,-1.054504,0.932205
1531,6.379167,-0.008665,-0.003535,0.254264,0.967090,2.310951,-0.811999,0.010828,-0.021348,-0.006843,0.176689,-0.984011,2.370865,-1.082385,0.006239,0.004557,-0.011782,-0.148475,-0.988836,2.239270,-1.054793,0.932194
1532,6.383333,-0.006168,-0.002392,0.253871,0.967215,2.311018,-0.812234,0.010722,-0.021950,-0.006484,0.176577,-0.984021,2.370832,-1.082377,0.006294,0.004618,-0.011630,-0.149258,-0.988719,2.239682,-1.055025,0.932198
1533,6.387500,-0.004094,-0.001740,0.253881,0.967225,2.311091,-0.812406,0.010704,-0.021941,-0.006507,0.176571,-0.984022,2.370819,-1.082381,0.006295,0.004713,-0.011626,-0.150106,-0.988590,2.240064,-1.055244,0.932163
1534,6.391667,-0.002366,-0.000965,0.253809,0.967251,2.311247,-0.812519,0.010693,-0.022121,-0.006427,0.176519,-0.984028,2.370814,-1.082375,0.006309,0.004618,-0.011420,-0.151018,-0.988454,2.240427,-1.055464,0.932187
1535,6.395833,-0.000670,-0.000371,0.254146,0.967166,2.311422,-0.812555,0.010706,-0.021785,-0.006676,0.176579,-0.984023,2.370795,-1.082409,0.006258,0.006287,-0.011168,-0.150237,-0.988567,2.241296,-1.056103,0.931820
1536,6.400000,0.000901,0.000553,0.254258,0.967136,2.311642,-0.812578,0.010678,-0.021995,-0.006540,0.176613,-0.984013,2.370807,-1.082421,0.006242,0.006571,-0.011102,-0.150461,-0.988532,2.241674,-1.056541,0.931869
1537,6.404167,0.002267,0.001651,0.254441,0.967084,2.311882,-0.812585,0.010631,-0.022246,-0.006379,0.176588,-0.984013,2.370818,-1.082425,0.006264,0.006630,-0.011014,-0.150893,-0.988467,2.242086,-1.056975,0.931998
1538,6.408333,0.003683,0.002859,0.254534,0.967053,2.312073,-0.812586,0.010569,-0.022229,-0.006447,0.176527,-0.984024,2.370806,-1.082423,0.006262,0.006460,-0.010785,-0.151369,-0.988397,2.242458,-1.057420,0.932204
1539,6.412500,0.005093,0.003895,0.254668,0.967007,2.312271,-0.812608,0.010491,-0.022238,-0.006614,0.176415,-0.984042,2.370753,-1.082398,0.006275,0.006611,-0.011492,-0.152341,-0.988239,2.242677,-1.057727,0.932209
1540,6.416667,0.006043,0.004546,0.254693,0.966993,2.312419,-0.812648,0.010470,-0.022429,-0.006485,0.176481,-0.984027,2.370768,-1.082418,0.006260,0.006461,-0.011898,-0.153483,-0.988059,2.242925,-1.057917,0.932164
1541,6.420833,0.006858,0.005123,0.254653,0.966995,2.312559,-0.812706,0.010468,-0.022126,-0.006660,0.176499,-0.984029,2.370769,-1.082424,0.006245,0.007807,-0.011744,-0.152509,-0.988202,2.243686,-1.058650,0.931933
1542,6.425000,0.007988,0.005610,0.254645,0.966985,2.312670,-0.812744,0.010437,-0.022397,-0.006518,0.176433,-0.984036,2.370756,-1.082400,0.006284,0.007844,-0.011825,-0.152864,-0.988145,2.244081,-1.059025,0.931916
1543,6.429167,0.008409,0.005770,0.254608,0.966991,2.312749,-0.812796,0.010464,-0.022382,-0.006511,0.176478,-0.984029,2.370760,-1.082411,0.006290,0.007924,-0.012022,-0.153102,-0.988106,2.244448,-1.059451,0.931857
1544,6.433333,0.008857,0.006066,0.254454,0.967025,2.312796,-0.812839,0.010471,-0.022399,-0.006521,0.176524,-0.984020,2.370754,-1.082417,0.006272,0.008263,-0.012262,-0.153344,-0.988062,2.244820,-1.059846,0.931709
1545,6.437500,0.009320,0.006364,0.254368,0.967042,2.312860,-0.812901,0.010438,-0.022444,-0.006552,0.176503,-0.984022,2.370726,-1.082403,0.006272,0.008540,-0.012560,-0.153676,-0.988005,2.245204,-1.060260,0.931611
1546,6.441667,0.009606,0.006523,0.254437,0.967020,2.312827,-0.812926,0.010426,-0.022910,-0.005999,0.176413,-0.984031,2.370772,-1.082386,0.006338,0.007813,-0.012268,-0.154126,-0.987944,2.245568,-1.060582,0.931759
1547,6.445833,0.009585,0.006491,0.254560,0.966988,2.312802,-0.812933,0.010428,-0.022723,-0.006268,0.176480,-0.984022,2.370752,-1.082391,0.006305,0.007736,-0.012126,-0.154968,-0.987815,2.245840,-1.060841,0.931794
1548,6.450000,0.009630,0.006514,0.254647,0.966964,2.312763,-0.812947,0.010407,-0.022613,-0.006264,0.176422,-0.984035,2.370758,-1.082385,0.006297,0.008456,-0.012333,-0.155207,-0.987769,2.246223,-1.061258,0.931584
1549,6.454167,0.009360,0.006244,0.254907,0.966900,2.312708,-0.812920,0.010407,-0.022725,-0.006155,0.176442,-0.984029,2.370755,-1.082386,0.006320,0.008778,-0.012394,-0.155905,-0.987655,2.246503,-1.061573,0.931464
1550,6.458333,0.009002,0.006133,0.255029,0.966872,2.312639,-0.812887,0.010402,-0.022663,-0.006277,0.176465,-0.984026,2.370728,-1.082379,0.006311,0.009405,-0.012517,-0.156545,-0.987547,2.246786,-1.061872,0.931314
1551,6.462500,0.008567,0.005992,0.255246,0.966820,2.312541,-0.812823,0.010410,-0.022570,-0.006242,0.176515,-0.984019,2.370740,-1.082381,0.006304,0.009592,-0.012514,-0.157151,-0.987449,2.247039,-1.062142,0.931252
1552,6.466667,0.008273,0.005870,0.255618,0.966725,2.312472,-0.812733,0.010398,-0.022480,-0.006270,0.176381,-0.984045,2.370737,-1.082366,0.006321,0.009618,-0.012488,-0.157804,-0.987345,2.247358,-1.062399,0.931255
1553,6.470833,0.007776,0.005898,0.255606,0.966732,2.312398,-0.812682,0.010372,-0.022545,-0.006275,0.176447,-0.984032,2.370742,-1.082364,0.006321,0.009581,-0.012575,-0.158379,-0.987252,2.247605,-1.062637,0.931218
1554,6.475000,0.006881,0.005552,0.255899,0.966663,2.312345,-0.812600,0.010366,-0.022647,-0.006211,0.176433,-0.984032,2.370741,-1.082357,0.006340,0.009631,-0.012507,-0.158958,-0.987159,2.247859,-1.062866,0.931180
1555,6.479167,0.006237,0.005306,0.256174,0.966596,2.312302,-0.812505,0.010355,-0.022655,-0.006312,0.176506,-0.984019,2.370738,-1.082359,0.006327,0.009549,-0.012470,-0.159610,-0.987055,2.248112,-1.063081,0.931150
1556,6.483333,0.005630,0.005115,0.256402,0.966540,2.312247,-0.812439,0.010347,-0.022447,-0.006318,0.176438,-0.984035,2.370738,-1.082358,0.006319,0.006823,-0.015652,-0.154417,-0.987858,2.247298,-1.064149,0.930270
1557,6.487500,0.004791,0.004847,0.256485,0.966524,2.312195,-0.812367,0.010341,-0.022448,-0.006367,0.176447,-0.984033,2.370718,-1.082340,0.006334,0.006658,-0.015499,-0.154644,-0.987826,2.247499,-1.064444,0.930139
1558,6.491667,0.003800,0.004618,0.256597,0.966500,2.312154,-0.812277,0.010352,-0.022446,-0.006344,0.176558,-0.984014,2.370752,-1.082351,0.006315,0.010657,0.014488,-0.157556,-0.987346,2.249016,-1.063676,0.937644
1559,6.495833,0.002832,0.004361,0.256741,0.966466,2.312115,-0.812198,0.010354,-0.022236,-0.006391,0.176492,-0.984030,2.370733,-1.082330,0.006340,0.010844,0.015821,-0.158342,-0.987198,2.249227,-1.063786,0.937964
1560,6.500000,0.002170,0.004196,0.256907,0.966425,2.312075,-0.812109,0.010345,-0.022373,-0.006319,0.176429,-0.984039,2.370707,-1.082321,0.006367,0.010583,0.015235,-0.158816,-0.987134,2.249310,-1.063904,0.937795
1561,6.504167,0.001124,0.003744,0.257065,0.966386,2.311968,-0.811996,0.010410,-0.022488,-0.006244,0.176420,-0.984038,2.370694,-1.082306,0.006378,0.010366,0.015730,-0.159445,-0.987027,2.249409,-1.063985,0.937917
1562,6.508333,0.000302,0.003372,0.257272,0.966333,2.311953,-0.811910,0.010419,-0.022452,-0.006278,0.176475,-0.984029,2.370703,-1.082321,0.006351,0.010318,0.016330,-0.159932,-0.986939,2.249454,-1.064046,0.938045
1563,6.512500,-0.000685,0.003078,0.257232,0.966345,2.311896,-0.811832,0.010441,-0.022461,-0.006332,0.176508,-0.984023,2.370693,-1.082314,0.006378,0.010098,0.017029,-0.160508,-0.986836,2.249523,-1.064131,0.938236
1564,6.516667,-0.001392,0.002822,0.257324,0.966320,2.311860,-0.811756,0.010454,-0.022434,-0.006261,0.176447,-0.984035,2.370686,-1.082305,0.006385,0.009972,0.017461,-0.160914,-0.986764,2.249568,-1.064221,0.938369
1565,6.520833,-0.002066,0.002511,0.257428,0.966292,2.311776,-0.811680,0.010490,-0.025409,-0.004067,0.176091,-0.984038,2.371197,-1.082503,0.006248,0.009820,0.017731,-0.161646,-0.986641,2.249674,-1.064260,0.938442
1566,6.525000,-0.003000,0.002193,0.257390,0.966300,2.311737,-0.811625,0.010511,-0.022519,-0.006469,0.176289,-0.984060,2.370742,-1.082290,0.006357,0.009725,0.018109,-0.162305,-0.986527,2.249795,-1.064340,0.938567
1567,6.529167,-0.003651,0.001969,0.257464,0.966279,2.311692,-0.811554,0.010522,-0.022375,-0.006664,0.176333,-0.984054,2.370742,-1.082301,0.006326,0.009590,0.017943,-0.162900,-0.986433,2.249913,-1.064430,0.938593
1568,6.533333,-0.004534,0.001614,0.257468,0.966275,2.311634,-0.811488,0.010552,-0.025702,-0.004234,0.175697,-0.984100,2.371233,-1.082460,0.006202,0.009437,0.017879,-0.163641,-0.986313,2.250089,-1.064506,0.938596
1569,6.537500,-0.005295,0.001229,0.257535,0.966254,2.311590,-0.811428,0.010584,-0.025969,-0.004063,0.175496,-0.984129,2.371303,-1.082465,0.006166,0.009361,0.017651,-0.164285,-0.986211,2.250292,-1.064624,0.938571
1570,6.541667,-0.005991,0.000993,0.257493,0.966261,2.311581,-0.811383,0.010594,-0.026213,-0.003740,0.175070,-0.984200,2.371349,-1.082423,0.006187,0.009425,0.017985,-0.164846,-0.986110,2.250528,-1.064763,0.938671
1571,6.545833,-0.006391,0.000764,0.257604,0.966229,2.311534,-0.811317,0.010586,-0.026159,-0.003826,0.174903,-0.984231,2.371422,-1.082405,0.006112,0.009561,0.018712,-0.165294,-0.986021,2.250737,-1.064951,0.938886
1572,6.550000,-0.007274,0.000410,0.257521,0.966245,2.311476,-0.811271,0.010631,-0.026381,-0.003647,0.174532,-0.984291,2.371483,-1.082365,0.006117,0.009774,0.018495,-0.165652,-0.985962,2.250957,-1.065146,0.938846
1573,6.554167,-0.007724,0.000343,0.257510,0.966245,2.311408,-0.811226,0.010657,-0.026809,-0.003535,0.174343,-0.984314,2.371533,-1.082363,0.006060,0.009724,0.017865,-0.165847,-0.985942,2.251160,-1.065368,0.938747
1574,6.558333,-0.008268,0.000100,0.257453,0.966255,2.311379,-0.811193,0.010660,-0.026745,-0.003848,0.174407,-0.984303,2.371581,-1.082399,0.005952,0.009636,0.017240,-0.166112,-0.985909,2.251385,-1.065594,0.938598
1575,6.562500,-0.009018,-0.000305,0.257503,0.966235,2.311325,-0.811142,0.010699,-0.027149,-0.003685,0.174121,-0.984343,2.371598,-1.082383,0.005967,0.009542,0.016530,-0.166406,-0.985873,2.251601,-1.065825,0.938432
1576,6.566667,-0.009439,-0.000355,0.257438,0.966249,2.311306,-0.811115,0.010706,-0.027220,-0.003546,0.174041,-0.984356,2.371613,-1.082365,0.005998,0.009498,0.015799,-0.166668,-0.985841,2.251805,-1.066085,0.938272
1577,6.570833,-0.009864,-0.000520,0.257608,0.966199,2.311248,-0.811059,0.010741,-0.027167,-0.003712,0.174110,-0.984345,2.371599,-1.082379,0.005950,0.009465,0.015939,-0.166939,-0.985793,2.252037,-1.066334,0.938323
1578,6.575000,-0.010081,-0.000537,0.257645,0.966187,2.311270,-0.811041,0.010717,-0.027146,-0.003722,0.174145,-0.984339,2.371586,-1.082377,0.005955,0.009591,0.015705,-0.167213,-0.985749,2.252244,-1.066572,0.938281
1579,6.579167,-0.010564,-0.000868,0.257692,0.966169,2.311246,-0.811010,0.010732,-0.027082,-0.003730,0.174204,-0.984330,2.371578,-1.082399,0.005959,0.009600,0.015562,-0.167554,-0.985693,2.252485,-1.066789,0.938239
1580,6.583333,-0.010463,-0.000675,0.257742,0.966157,2.311218,-0.810980,0.010729,-0.027113,-0.003671,0.174265,-0.984319,2.371531,-1.082403,0.005968,0.009524,0.015289,-0.167705,-0.985673,2.252695,-1.067010,0.938150
1581,6.587500,-0.010680,-0.000824,0.257982,0.966090,2.311198,-0.810945,0.010745,-0.027524,-0.003559,0.174338,-0.984295,2.371502,-1.082414,0.005982,0.009444,0.015042,-0.167935,-0.985638,2.252878,-1.067226,0.938117
1582,6.591667,-0.010543,-0.000477,0.257892,0.966116,2.311223,-0.810954,0.010723,-0.027376,-0.003580,0.174438,-0.984281,2.371469,-1.082425,0.005994,0.009472,0.014252,-0.168052,-0.985630,2.253042,-1.067415,0.937929
1583,6.595833,-0.010636,-0.000494,0.257961,0.966097,2.311213,-0.810941,0.010727,-0.027136,-0.003500,0.174517,-0.984274,2.371427,-1.082450,0.005996,0.009376,0.014256,-0.168298,-0.985589,2.253217,-1.067605,0.937930
1584,6.600000,-0.010333,-0.000404,0.258081,0.966068,2.311218,-0.810934,0.010719,-0.026896,-0.003339,0.174506,-0.984283,2.371414,-1.082449,0.006016,0.009336,0.014085,-0.168476,-0.985561,2.253385,-1.067763,0.937862
1585,6.604167,-0.010402,-0.000410,0.258215,0.966031,2.311247,-0.810937,0.010723,-0.026746,-0.003376,0.174622,-0.984266,2.371399,-1.082458,0.006023,0.009391,0.014177,-0.168722,-0.985517,2.253571,-1.067906,0.937860
1586,6.608333,-0.010025,-0.000237,0.258343,0.966001,2.311270,-0.810932,0.010711,-0.027248,-0.003088,0.174555,-0.984266,2.371357,-1.082441,0.006091,0.009481,0.014539,-0.169097,-0.985447,2.253745,-1.068049,0.937939
1587,6.612500,-0.009836,-0.000023,0.258413,0.965985,2.311306,-0.810951,0.010712,-0.027120,-0.003024,0.174623,-0.984257,2.371363,-1.082454,0.006086,0.009627,0.014957,-0.169431,-0.985382,2.253917,-1.068183,0.938012
1588,6.616667,-0.009191,0.000307,0.258458,0.965979,2.311345,-0.810981,0.010666,-0.027218,-0.002975,0.174643,-0.984251,2.371343,-1.082456,0.006117,0.009690,0.015088,-0.169635,-0.985344,2.254082,-1.068318,0.938027
1589,6.620833,-0.008836,0.000466,0.258669,0.965925,2.311338,-0.811007,0.010688,-0.027151,-0.002951,0.174680,-0.984246,2.371333,-1.082444,0.006109,0.009791,0.015236,-0.169880,-0.985298,2.254246,-1.068442,0.938039
1590,6.625000,-0.008182,0.000697,0.258958,0.965854,2.311406,-0.811031,0.010641,-0.027251,-0.002851,0.174608,-0.984257,2.371305,-1.082426,0.006140,0.009952,0.015755,-0.170168,-0.985239,2.254449,-1.068540,0.938115
1591,6.629167,-0.007714,0.001058,0.258922,0.965867,2.311442,-0.811066,0.010642,-0.027314,-0.003018,0.174694,-0.984239,2.371299,-1.082437,0.006104,0.010009,0.015954,-0.170380,-0.985198,2.254623,-1.068679,0.938127
1592,6.633333,-0.007302,0.001267,0.258990,0.965852,2.311474,-0.811102,0.010626,-0.027094,-0.002989,0.174677,-0.984248,2.371296,-1.082438,0.006086,0.010043,0.016114,-0.170600,-0.985157,2.254821,-1.068786,0.938106
1593,6.637500,-0.006665,0.001638,0.259023,0.965847,2.311506,-0.811143,0.010598,-0.027443,-0.002832,0.174585,-0.984256,2.371279,-1.082429,0.006127,0.010048,0.015706,-0.170652,-0.985155,2.254986,-1.068902,0.937959
1594,6.641667,-0.005951,0.001961,0.259187,0.965807,2.311553,-0.811180,0.010569,-0.027401,-0.002849,0.174606,-0.984253,2.371288,-1.082430,0.006113,0.009997,0.015984,-0.170671,-0.985148,2.255152,-1.069049,0.937983
1595,6.645833,-0.005406,0.002260,0.259252,0.965792,2.311559,-0.811211,0.010573,-0.027295,-0.002822,0.174594,-0.984258,2.371298,-1.082410,0.006119,0.010027,0.015916,-0.170775,-0.985131,2.255331,-1.069165,0.937903
1596,6.650000,-0.004699,0.002630,0.259278,0.965788,2.311625,-0.811256,0.010536,-0.027433,-0.002736,0.174604,-0.984253,2.371288,-1.082425,0.006107,0.010059,0.015934,-0.170850,-0.985117,2.255512,-1.069279,0.937857
1597,6.654167,-0.004115,0.002922,0.259454,0.965742,2.311669,-0.811299,0.010511,-0.027373,-0.002803,0.174612,-0.984253,2.371289,-1.082425,0.006103,0.010088,0.015956,-0.170881,-0.985111,2.255699,-1.069399,0.937817
1598,6.658333,-0.003426,0.003093,0.259607,0.965703,2.311681,-0.811326,0.010502,-0.027420,-0.002920,0.174678,-0.984239,2.371286,-1.082445,0.006082,0.010163,0.015940,-0.170965,-0.985096,2.255900,-1.069515,0.937791
1599,6.662500,-0.002878,0.003483,0.259658,0.965690,2.311713,-0.811367,0.010476,-0.027343,-0.002971,0.174752,-0.984228,2.371305,-1.082459,0.006040,0.010301,0.016046,-0.171175,-0.985056,2.256105,-1.069589,0.937749
1600,6.666667,-0.002279,0.003882,0.259671,0.965687,2.311740,-0.811408,0.010478,-0.027418,-0.003236,0.174794,-0.984218,2.371295,-1.082465,0.006009,0.010366,0.016317,-0.171165,-0.985053,2.256303,-1.069694,0.937783
1601,6.670833,-0.002189,0.004007,0.259607,0.965703,2.311782,-0.811452,0.010471,-0.027494,-0.003233,0.174728,-0.984227,2.371284,-1.082443,0.006026,0.010373,0.016367,-0.171134,-0.985057,2.256492,-1.069810,0.937742
1602,6.675000,-0.001664,0.004207,0.259662,0.965689,2.311824,-0.811480,0.010449,-0.027190,-0.003355,0.174803,-0.984222,2.371281,-1.082454,0.005991,0.010430,0.016400,-0.171326,-0.985023,2.256701,-1.069896,0.937709
1603,6.679167,-0.001138,0.004476,0.259831,0.965643,2.311867,-0.811494,0.010412,-0.027459,-0.003182,0.174774,-0.984221,2.371277,-1.082442,0.006019,0.010466,0.016600,-0.171270,-0.985029,2.256909,-1.069997,0.937732
1604,6.683333,-0.000588,0.004778,0.259898,0.965624,2.311895,-0.811525,0.010379,-0.027391,-0.003133,0.174721,-0.984232,2.371285,-1.082439,0.006026,0.010579,0.016630,-0.171295,-0.985023,2.257111,-1.070088,0.937698
1605,6.687500,-0.000284,0.004798,0.260085,0.965574,2.311950,-0.811541,0.010362,-0.027522,-0.003149,0.174724,-0.984228,2.371276,-1.082424,0.006046,0.010586,0.016734,-0.171401,-0.985002,2.257315,-1.070171,0.937706
1606,6.691667,0.000237,0.005052,0.260148,0.965556,2.311922,-0.811553,0.010375,-0.027452,-0.003152,0.174778,-0.984220,2.371287,-1.082432,0.006046,0.010709,0.016936,-0.171482,-0.984984,2.257534,-1.070238,0.937718
1607,6.695833,0.000241,0.005149,0.260120,0.965563,2.311977,-0.811575,0.010382,-0.027542,-0.002982,0.174624,-0.984245,2.371264,-1.082412,0.006078,0.010684,0.016785,-0.171546,-0.984975,2.257737,-1.070309,0.937637
1608,6.700000,0.000456,0.005333,0.259966,0.965603,2.311966,-0.811589,0.010375,-0.027343,-0.003005,0.174709,-0.984236,2.371269,-1.082414,0.006058,0.010673,0.016924,-0.171607,-0.984962,2.257948,-1.070390,0.937642
1609,6.704167,0.000922,0.005473,0.260115,0.965562,2.311975,-0.811598,0.010347,-0.027368,-0.003099,0.174798,-0.984219,2.371276,-1.082425,0.006053,0.010704,0.016910,-0.171608,-0.984962,2.258170,-1.070477,0.937628
1610,6.708333,0.000589,0.005461,0.260047,0.965580,2.311985,-0.811604,0.010364,-0.027303,-0.002970,0.174734,-0.984233,2.371285,-1.082416,0.006082,0.010776,0.017011,-0.171656,-0.984951,2.258371,-1.070567,0.937635
1611,6.712500,0.000956,0.005384,0.260281,0.965517,2.311968,-0.811593,0.010363,-0.027312,-0.002932,0.174724,-0.984234,2.371287,-1.082414,0.006088,0.010872,0.017153,-0.171650,-0.984949,2.258581,-1.070645,0.937640
1612,6.716667,0.000976,0.005477,0.260157,0.965550,2.312017,-0.811606,0.010345,-0.027433,-0.002917,0.174747,-0.984227,2.371284,-1.082414,0.006092,0.010944,0.017364,-0.171743,-0.984928,2.258801,-1.070723,0.937689
1613,6.720833,0.001134,0.005464,0.260243,0.965527,2.311998,-0.811601,0.010352,-0.027394,-0.002979,0.174798,-0.984219,2.371288,-1.082416,0.006088,0.010919,0.017073,-0.171753,-0.984932,2.259007,-1.070806,0.937612
1614,6.725000,0.001030,0.005593,0.260035,0.965582,2.312038,-0.811622,0.010328,-0.027209,-0.002925,0.174671,-0.984246,2.371269,-1.082408,0.006077,0.011002,0.017022,-0.171696,-0.984942,2.259207,-1.070901,0.937574
1615,6.729167,0.001199,0.005619,0.260094,0.965566,2.312022,-0.811599,0.010326,-0.027079,-0.003122,0.174804,-0.984226,2.371276,-1.082414,0.006044,0.010988,0.016832,-0.171694,-0.984945,2.259407,-1.070999,0.937509
1616,6.733333,0.001048,0.005536,0.260083,0.965570,2.312019,-0.811594,0.010338,-0.026998,-0.003240,0.174764,-0.984235,2.371268,-1.082409,0.006012,0.010962,0.016742,-0.171739,-0.984939,2.259595,-1.071091,0.937466
1617,6.737500,0.000733,0.005316,0.260285,0.965517,2.311985,-0.811563,0.010365,-0.027146,-0.003210,0.174805,-0.984224,2.371274,-1.082408,0.006026,0.011070,0.016961,-0.171633,-0.984953,2.259799,-1.071199,0.937499
1618,6.741667,0.000722,0.005397,0.260121,0.965561,2.312005,-0.811566,0.010346,-0.027094,-0.002954,0.174668,-0.984250,2.371286,-1.082408,0.006066,0.011072,0.017285,-0.171675,-0.984940,2.260009,-1.071305,0.937578
1619,6.745833,0.000649,0.005371,0.260033,0.965585,2.311980,-0.811557,0.010348,-0.027292,-0.002913,0.174719,-0.984236,2.371278,-1.082394,0.006064,0.011119,0.017400,-0.171675,-0.984937,2.260206,-1.071416,0.937603
1620,6.750000,0.000409,0.005188,0.260067,0.965576,2.312011,-0.811560,0.010343,-0.027045,-0.003189,0.174791,-0.984229,2.371296,-1.082424,0.006012,0.011199,0.017342,-0.171700,-0.984933,2.260409,-1.071524,0.937556
1621,6.754167,0.000295,0.005098,0.260076,0.965575,2.311965,-0.811528,0.010362,-0.027424,-0.002918,0.174680,-0.984239,2.371293,-1.082401,0.006078,0.011232,0.017573,-0.171707,-0.984927,2.260616,-1.071633,0.937613
1622,6.758333,0.000176,0.005021,0.260044,0.965584,2.311971,-0.811519,0.010353,-0.027175,-0.003204,0.174824,-0.984219,2.371303,-1.082409,0.006014,0.011229,0.017433,-0.171712,-0.984929,2.260800,-1.071759,0.937579
1623,6.762500,0.000009,0.005004,0.260023,0.965590,2.311964,-0.811503,0.010358,-0.026919,-0.003098,0.174771,-0.984236,2.371330,-1.082428,0.006005,0.011256,0.017616,-0.171854,-0.984901,2.261030,-1.071852,0.937599
1624,6.766667,-0.000355,0.004745,0.260085,0.965574,2.311929,-0.811482,0.010389,-0.027254,-0.002917,0.174579,-0.984262,2.371310,-1.082388,0.006057,0.011370,0.017922,-0.171880,-0.984889,2.261225,-1.071963,0.937659
1625,6.770833,-0.000292,0.004800,0.259964,0.965607,2.311924,-0.811477,0.010373,-0.027247,-0.002949,0.174624,-0.984254,2.371314,-1.082388,0.006042,0.011359,0.018028,-0.171916,-0.984881,2.261430,-1.072078,0.937679
1626,6.775000,-0.000369,0.004762,0.260059,0.965581,2.311951,-0.811476,0.010365,-0.026989,-0.003011,0.174673,-0.984252,2.371332,-1.082398,0.006023,0.011385,0.017999,-0.171976,-0.984871,2.261621,-1.072193,0.937647
1627,6.779167,-0.000398,0.004877,0.259852,0.965636,2.311915,-0.811466,0.010375,-0.027057,-0.002951,0.174550,-0.984272,2.371331,-1.082389,0.006031,0.011374,0.017776,-0.172079,-0.984857,2.261841,-1.072293,0.937604
1628,6.783333,-0.000588,0.004749,0.259882,0.965629,2.311919,-0.811463,0.010367,-0.027068,-0.002991,0.174546,-0.984272,2.371319,-1.082382,0.006023,0.011400,0.018043,-0.172212,-0.984829,2.262053,-1.072393,0.937640
1629,6.787500,-0.000876,0.004630,0.259980,0.965603,2.311935,-0.811443,0.010384,-0.026939,-0.002891,0.174457,-0.984292,2.371323,-1.082380,0.006036,0.011454,0.017967,-0.172321,-0.984810,2.262252,-1.072507,0.937618
1630,6.791667,-0.000692,0.004749,0.259899,0.965624,2.311933,-0.811443,0.010364,-0.027193,-0.002814,0.174442,-0.984288,2.371313,-1.082358,0.006075,0.011449,0.018047,-0.172463,-0.984784,2.262478,-1.072592,0.937630
1631,6.795833,-0.000723,0.004698,0.259961,0.965607,2.311946,-0.811438,0.010358,-0.027202,-0.002884,0.174574,-0.984264,2.371316,-1.082368,0.006066,0.011492,0.018162,-0.172520,-0.984772,2.262684,-1.072697,0.937636
1632,6.800000,-0.000610,0.004774,0.259968,0.965605,2.311928,-0.811443,0.010367,-0.027221,-0.002900,0.174473,-0.984281,2.371300,-1.082361,0.006062,0.011498,0.018322,-0.172711,-0.984735,2.262889,-1.072793,0.937670
1633,6.804167,-0.000506,0.004801,0.259994,0.965598,2.311957,-0.811442,0.010357,-0.027285,-0.002639,0.174408,-0.984292,2.371298,-1.082347,0.006100,0.011564,0.018485,-0.172810,-0.984714,2.263075,-1.072888,0.937697
1634,6.808333,-0.000540,0.004909,0.259951,0.965609,2.311947,-0.811443,0.010359,-0.027148,-0.003105,0.174687,-0.984245,2.371279,-1.082384,0.006026,0.011625,0.018580,-0.172855,-0.984703,2.263277,-1.072975,0.937702
1635,6.812500,-0.000398,0.004969,0.259911,0.965620,2.311934,-0.811452,0.010360,-0.027167,-0.003025,0.174649,-0.984251,2.371267,-1.082369,0.006046,0.011635,0.018716,-0.172932,-0.984687,2.263470,-1.073067,0.937718
1636,6.816667,-0.000510,0.004927,0.259988,0.965599,2.311923,-0.811447,0.010380,-0.027064,-0.003090,0.174685,-0.984248,2.371260,-1.082382,0.006044,0.011698,0.019021,-0.172902,-0.984686,2.263637,-1.073171,0.937809
1637,6.820833,-0.000625,0.004906,0.260029,0.965588,2.311930,-0.811448,0.010386,-0.027003,-0.002879,0.174648,-0.984256,2.371277,-1.082375,0.006047,0.011692,0.018727,-0.172967,-0.984680,2.263821,-1.073237,0.937721
1638,6.825000,-0.000260,0.005160,0.260119,0.965563,2.311963,-0.811452,0.010374,-0.026998,-0.002907,0.174668,-0.984253,2.371273,-1.082370,0.006040,0.011673,0.018792,-0.173062,-0.984663,2.263983,-1.073308,0.937716
1639,6.829167,-0.000087,0.005255,0.260137,0.965557,2.311992,-0.811461,0.010357,-0.026858,-0.003034,0.174641,-0.984261,2.371251,-1.082368,0.006041,0.011588,0.018667,-0.173195,-0.984642,2.264166,-1.073385,0.937672
1640,6.833333,0.000112,0.005296,0.260216,0.965536,2.311978,-0.811467,0.010360,-0.026839,-0.003087,0.174660,-0.984258,2.371268,-1.082378,0.006040,0.011516,0.018657,-0.173296,-0.984626,2.264329,-1.073452,0.937659
1641,6.837500,0.000126,0.005228,0.260294,0.965515,2.312002,-0.811472,0.010354,-0.026832,-0.003042,0.174674,-0.984256,2.371258,-1.082367,0.006046,0.011450,0.018733,-0.173429,-0.984602,2.264492,-1.073522,0.937665
1642,6.841667,0.000189,0.005571,0.260139,0.965555,2.311991,-0.811497,0.010363,-0.026920,-0.002808,0.174607,-0.984266,2.371265,-1.082365,0.006068,0.011410,0.018740,-0.173583,-0.984575,2.264671,-1.073564,0.937642
1643,6.845833,0.000664,0.005626,0.260417,0.965480,2.312018,-0.811489,0.010343,-0.026694,-0.002929,0.174637,-0.984267,2.371255,-1.082365,0.006042,0.011461,0.018844,-0.173649,-0.984561,2.264838,-1.073617,0.937650
1644,6.850000,0.000599,0.005612,0.260522,0.965451,2.312016,-0.811496,0.010365,-0.026836,-0.002998,0.174624,-0.984265,2.371256,-1.082352,0.006041,0.011409,0.018871,-0.173862,-0.984523,2.265008,-1.073662,0.937640
1645,6.854167,0.000833,0.005784,0.260525,0.965449,2.312021,-0.811500,0.010368,-0.026989,-0.002853,0.174623,-0.984261,2.371259,-1.082338,0.006076,0.011386,0.018633,-0.173924,-0.984517,2.265160,-1.073715,0.937576
1646,6.858333,0.001081,0.005914,0.260546,0.965443,2.312049,-0.811529,0.010335,-0.026755,-0.002860,0.174512,-0.984287,2.371251,-1.082351,0.006050,0.011349,0.018569,-0.174143,-0.984480,2.265322,-1.073747,0.937536
1647,6.862500,0.001564,0.006139,0.260625,0.965419,2.312040,-0.811527,0.010322,-0.027145,-0.002568,0.174425,-0.984293,2.371247,-1.082319,0.006121,0.011353,0.018444,-0.174181,-0.984476,2.265484,-1.073794,0.937518
1648,6.866667,0.001547,0.006287,0.260638,0.965415,2.312071,-0.811545,0.010328,-0.026987,-0.002765,0.174574,-0.984270,2.371244,-1.082333,0.006071,0.011292,0.018381,-0.174222,-0.984470,2.265627,-1.073839,0.937498
1649,6.870833,0.001661,0.006323,0.260583,0.965429,2.312118,-0.811563,0.010307,-0.026990,-0.002738,0.174599,-0.984266,2.371238,-1.082346,0.006071,0.011244,0.018329,-0.174454,-0.984431,2.265812,-1.073859,0.937471
1650,6.875000,0.001788,0.006546,0.260663,0.965406,2.312114,-0.811557,0.010318,-0.027010,-0.002783,0.174600,-0.984265,2.371229,-1.082334,0.006068,0.011216,0.018111,-0.174588,-0.984411,2.265955,-1.073893,0.937408
1651,6.879167,0.002116,0.006664,0.260738,0.965384,2.312117,-0.811564,0.010311,-0.027048,-0.002831,0.174608,-0.984262,2.371223,-1.082335,0.006070,0.009269,-0.008158,-0.175916,-0.984328,2.265345,-1.073965,0.930526
1652,6.883333,0.002243,0.006650,0.260841,0.965356,2.312110,-0.811566,0.010319,-0.026755,-0.002988,0.174702,-0.984253,2.371237,-1.082347,0.006040,0.009184,-0.014655,-0.176280,-0.984188,2.265690,-1.074606,0.929472
1653,6.887500,0.002406,0.006843,0.260924,0.965332,2.312114,-0.811569,0.010322,-0.026605,-0.002900,0.174611,-0.984274,2.371223,-1.082333,0.006060,0.009314,-0.015072,-0.176004,-0.984230,2.265943,-1.074828,0.929439
1654,6.891667,0.002580,0.006930,0.260958,0.965322,2.312145,-0.811574,0.010288,-0.026830,-0.002844,0.174637,-0.984263,2.371217,-1.082321,0.006094,0.009032,-0.015747,-0.175359,-0.984337,2.266191,-1.075141,0.929351
1655,6.895833,0.002564,0.006965,0.260932,0.965329,2.312163,-0.811590,0.010283,-0.026719,-0.002902,0.174609,-0.984271,2.371211,-1.082322,0.006061,0.008155,-0.016399,-0.174269,-0.984528,2.266425,-1.075471,0.929160
1656,6.900000,0.002332,0.006939,0.260989,0.965314,2.312150,-0.811581,0.010326,-0.026720,-0.002946,0.174652,-0.984263,2.371207,-1.082319,0.006062,0.007768,-0.016608,-0.173238,-0.984709,2.266625,-1.075836,0.928943
1657,6.904167,0.002760,0.007074,0.261030,0.965301,2.312149,-0.811584,0.010302,-0.026690,-0.003021,0.174675,-0.984260,2.371212,-1.082323,0.006059,0.007147,-0.016911,-0.172067,-0.984914,2.266809,-1.076218,0.928722
1658,6.908333,0.002541,0.006949,0.261135,0.965274,2.312155,-0.811585,0.010313,-0.026811,-0.002957,0.174625,-0.984265,2.371212,-1.082313,0.006073,0.006381,-0.017520,-0.170980,-0.985098,2.266995,-1.076609,0.928479
1659,6.912500,0.002717,0.007135,0.261152,0.965267,2.312148,-0.811569,0.010311,-0.026723,-0.002906,0.174652,-0.984263,2.371215,-1.082310,0.006079,0.005706,-0.018200,-0.170118,-0.985239,2.267174,-1.076975,0.928246
1660,6.916667,0.002844,0.007225,0.261163,0.965263,2.312150,-0.811576,0.010304,-0.026817,-0.002881,0.174684,-0.984255,2.371228,-1.082302,0.006083,0.005919,-0.018419,-0.169655,-0.985314,2.267418,-1.077238,0.928190
1661,6.920833,0.002775,0.007165,0.261247,0.965241,2.312169,-0.811571,0.010320,-0.026679,-0.003048,0.174675,-0.984260,2.371218,-1.082312,0.006050,0.012196,0.014812,-0.173090,-0.984719,2.268948,-1.075788,0.936337
1662,6.925000,0.002656,0.007190,0.261224,0.965248,2.312148,-0.811558,0.010333,-0.026720,-0.003043,0.174687,-0.984257,2.371217,-1.082301,0.006047,0.012681,0.016254,-0.173149,-0.984680,2.269108,-1.075789,0.936725
1663,6.929167,0.002494,0.007217,0.261157,0.965266,2.312168,-0.811568,0.010323,-0.026602,-0.003058,0.174709,-0.984256,2.371211,-1.082300,0.006042,0.012273,0.015725,-0.173449,-0.984641,2.269235,-1.075774,0.936614
1664,6.933333,0.002658,0.007414,0.261138,0.965269,2.312148,-0.811560,0.010327,-0.026552,-0.003287,0.174830,-0.984235,2.371222,-1.082306,0.006021,0.011734,0.015303,-0.173767,-0.984598,2.269303,-1.075727,0.936511
1665,6.937500,0.002758,0.007457,0.261106,0.965277,2.312179,-0.811569,0.010300,-0.026653,-0.003360,0.174883,-0.984223,2.371225,-1.082306,0.006004,0.011412,0.015849,-0.174344,-0.984491,2.269391,-1.075582,0.936676
1666,6.941667,0.002177,0.007207,0.261140,0.965271,2.312145,-0.811550,0.010357,-0.026570,-0.003323,0.174811,-0.984238,2.371219,-1.082302,0.006014,0.011276,0.016326,-0.174680,-0.984425,2.269394,-1.075401,0.936808
1667,6.945833,0.002426,0.007395,0.261158,0.965265,2.312183,-0.811554,0.010334,-0.026635,-0.003201,0.174780,-0.984242,2.371233,-1.082291,0.006035,0.011111,0.016750,-0.175059,-0.984353,2.269353,-1.075185,0.936919
1668,6.950000,0.002356,0.007290,0.261201,0.965254,2.312169,-0.811538,0.010341,-0.026528,-0.003198,0.174777,-0.984245,2.371226,-1.082295,0.006017,0.010867,0.016997,-0.175076,-0.984348,2.269259,-1.074995,0.936996
1669,6.954167,0.002403,0.007405,0.261182,0.965258,2.312180,-0.811538,0.010338,-0.026609,-0.003242,0.174752,-0.984248,2.371218,-1.082272,0.006046,0.010656,0.017348,-0.175125,-0.984336,2.269182,-1.074784,0.937073
1670,6.958333,0.002201,0.007418,0.261074,0.965288,2.312148,-0.811548,0.010368,-0.026427,-0.003323,0.174785,-0.984246,2.371216,-1.082277,0.006017,0.010388,0.017227,-0.175141,-0.984338,2.269095,-1.074632,0.937087
1671,6.962500,0.002090,0.007294,0.261134,0.965273,2.312151,-0.811542,0.010370,-0.026572,-0.003293,0.174788,-0.984242,2.371198,-1.082266,0.006032,0.010231,0.017462,-0.175377,-0.984293,2.269034,-1.074472,0.937153
1672,6.966667,0.002029,0.007277,0.261165,0.965265,2.312145,-0.811519,0.010381,-0.026268,-0.003441,0.174839,-0.984241,2.371207,-1.082271,0.005992,0.010088,0.017832,-0.175567,-0.984254,2.269017,-1.074336,0.937244
1673,6.970833,0.002315,0.007376,0.261289,0.965230,2.312172,-0.811521,0.010357,-0.026360,-0.003296,0.174809,-0.984244,2.371219,-1.082272,0.006010,0.009961,0.017918,-0.175826,-0.984208,2.269028,-1.074210,0.937279
1674,6.975000,0.002164,0.007365,0.261262,0.965237,2.312147,-0.811514,0.010375,-0.026316,-0.003241,0.174773,-0.984252,2.371205,-1.082259,0.006013,0.010036,-0.011587,-0.179216,-0.983690,2.268199,-1.073920,0.929623
1675,6.979167,0.001899,0.007425,0.261087,0.965285,2.312162,-0.811522,0.010389,-0.026163,-0.003381,0.174830,-0.984245,2.371225,-1.082273,0.005986,0.009972,-0.011644,-0.179207,-0.983692,2.268301,-1.073930,0.929563
1676,6.983333,0.002129,0.007385,0.261190,0.965257,2.312157,-0.811529,0.010384,-0.026308,-0.003171,0.174776,-0.984252,2.371219,-1.082249,0.006046,0.010049,-0.011700,-0.178967,-0.983734,2.268424,-1.074017,0.929545
1677,6.987500,0.001752,0.007378,0.261116,0.965278,2.312136,-0.811516,0.010420,-0.026199,-0.003395,0.174873,-0.984237,2.371208,-1.082268,0.006009,0.010114,-0.011942,-0.178679,-0.983783,2.268598,-1.074144,0.929493
1678,6.991667,0.001955,0.007420,0.261151,0.965268,2.312178,-0.811515,0.010382,-0.026178,-0.003490,0.174918,-0.984229,2.371222,-1.082260,0.006015,0.007429,-0.013566,-0.176520,-0.984176,2.269068,-1.075099,0.929542
1679,6.995833,0.002132,0.007557,0.261159,0.965264,2.312180,-0.811523,0.010372,-0.026271,-0.003296,0.174871,-0.984235,2.371234,-1.082260,0.006023,0.007644,-0.014253,-0.176143,-0.984232,2.269255,-1.075357,0.929446
1680,7.000000,0.002072,0.007542,0.261176,0.965260,2.312150,-0.811508,0.010398,-0.026384,-0.003279,0.174830,-0.984240,2.371225,-1.082243,0.006046,0.007183,-0.014802,-0.175263,-0.984384,2.269471,-1.075647,0.929274
1681,7.004167,0.002153,0.007508,0.261186,0.965257,2.312186,-0.811517,0.010379,-0.026303,-0.003310,0.174792,-0.984248,2.371223,-1.082236,0.006030,0.006267,-0.015508,-0.174077,-0.984590,2.269674,-1.076016,0.929099
1682,7.008333,0.002155,0.007560,0.261237,0.965243,2.312184,-0.811506,0.010385,-0.026274,-0.003307,0.174792,-0.984249,2.371219,-1.082223,0.006044,0.006074,-0.015511,-0.173006,-0.984780,2.269833,-1.076404,0.928932
1683,7.012500,0.002006,0.007555,0.261092,0.965282,2.312183,-0.811520,0.010396,-0.026252,-0.003440,0.174935,-0.984224,2.371241,-1.082247,0.006015,0.005875,-0.015608,-0.171957,-0.984963,2.270008,-1.076750,0.928742
1684,7.016667,0.002224,0.007657,0.261192,0.965254,2.312195,-0.811510,0.010386,-0.026111,-0.003310,0.174814,-0.984250,2.371248,-1.082232,0.006022,0.005025,-0.016599,-0.170946,-0.985128,2.270142,-1.077135,0.928431
1685,7.020833,0.002252,0.007695,0.261172,0.965259,2.312189,-0.811530,0.010387,-0.026110,-0.003430,0.174882,-0.984237,2.371238,-1.082254,0.005996,0.004335,-0.018123,-0.169991,-0.985269,2.270199,-1.077518,0.928016
1686,7.025000,0.002357,0.007638,0.261230,0.965244,2.312207,-0.811525,0.010375,-0.026195,-0.003323,0.174836,-0.984244,2.371245,-1.082233,0.006016,0.004497,-0.018637,-0.169395,-0.985362,2.270292,-1.077837,0.927884
1687,7.029167,0.002324,0.007761,0.261128,0.965270,2.312200,-0.811537,0.010374,-0.026070,-0.003423,0.174770,-0.984258,2.371228,-1.082233,0.005996,0.004608,-0.019368,-0.168831,-0.985444,2.270355,-1.078101,0.927716
1688,7.033333,0.002599,0.007786,0.261209,0.965247,2.312255,-0.811538,0.010335,-0.026114,-0.003241,0.174766,-0.984258,2.371243,-1.082225,0.006021,0.004863,-0.019426,-0.168359,-0.985522,2.270451,-1.078274,0.927699
1689,7.037500,0.002500,0.007759,0.261165,0.965260,2.312209,-0.811541,0.010359,-0.025971,-0.003602,0.174851,-0.984246,2.371224,-1.082219,0.005997,0.004868,-0.019476,-0.168053,-0.985574,2.270531,-1.078428,0.927684
1690,7.041667,0.002395,0.007729,0.261258,0.965235,2.312223,-0.811544,0.010363,-0.026211,-0.003214,0.174713,-0.984265,2.371229,-1.082206,0.006044,0.004964,-0.019513,-0.167858,-0.985606,2.270620,-1.078479,0.927645
1691,7.045833,0.002356,0.007584,0.261351,0.965211,2.312213,-0.811532,0.010380,-0.026272,-0.003196,0.174863,-0.984237,2.371231,-1.082235,0.006019,0.004956,-0.019323,-0.167732,-0.985631,2.270745,-1.078458,0.927660
1692,7.050000,0.002463,0.007725,0.261274,0.965231,2.312230,-0.811540,0.010371,-0.026198,-0.003348,0.174898,-0.984232,2.371217,-1.082221,0.006006,0.011803,0.014749,-0.172138,-0.984892,2.272323,-1.076313,0.935999
1693,7.054167,0.002509,0.007723,0.261272,0.965231,2.312244,-0.811544,0.010362,-0.026162,-0.003309,0.174882,-0.984236,2.371207,-1.082228,0.006012,0.012098,0.016750,-0.172690,-0.984760,2.272418,-1.076208,0.936561
1694,7.058333,0.002627,0.007807,0.261306,0.965221,2.312225,-0.811542,0.010362,-0.026196,-0.003334,0.174831,-0.984244,2.371198,-1.082227,0.006017,0.011640,0.016725,-0.173351,-0.984649,2.272468,-1.076104,0.936596
1695,7.062500,0.002768,0.008069,0.261144,0.965262,2.312266,-0.811565,0.010340,-0.026102,-0.003292,0.174898,-0.984235,2.371204,-1.082231,0.006012,0.011250,0.016771,-0.173802,-0.984574,2.272432,-1.075924,0.936636
1696,7.066667,0.002659,0.007978,0.261148,0.965262,2.312289,-0.811570,0.010349,-0.026043,-0.003409,0.174997,-0.984219,2.371199,-1.082241,0.006000,0.010968,0.017081,-0.174264,-0.984490,2.272357,-1.075680,0.936727
1697,7.070833,0.003057,0.007973,0.261375,0.965200,2.312267,-0.811556,0.010342,-0.026077,-0.003329,0.174991,-0.984219,2.371196,-1.082237,0.006013,0.010881,0.017545,-0.174334,-0.984470,2.272202,-1.075437,0.936871
1698,7.075000,0.002887,0.008007,0.261265,0.965230,2.312268,-0.811566,0.010357,-0.025941,-0.003464,0.175002,-0.984220,2.371196,-1.082246,0.005988,0.010718,0.017456,-0.174448,-0.984453,2.272023,-1.075192,0.936875
1699,7.079167,0.003110,0.008074,0.261379,0.965198,2.312268,-0.811547,0.010353,-0.025978,-0.003425,0.174959,-0.984227,2.371192,-1.082232,0.006006,0.010577,0.017755,-0.174454,-0.984448,2.271859,-1.074992,0.936972
1700,7.083333,0.003192,0.008148,0.261278,0.965224,2.312295,-0.811573,0.010327,-0.026075,-0.003428,0.174989,-0.984219,2.371197,-1.082242,0.006008,0.010432,0.017703,-0.174569,-0.984430,2.271730,-1.074803,0.936973
1701,7.087500,0.003205,0.008093,0.261400,0.965191,2.312290,-0.811571,0.010339,-0.025808,-0.003646,0.175029,-0.984218,2.371182,-1.082252,0.005960,0.010288,0.018102,-0.174709,-0.984400,2.271637,-1.074656,0.937098
1702,7.091667,0.003198,0.008106,0.261399,0.965192,2.312330,-0.811574,0.010330,-0.026131,-0.003408,0.174971,-0.984221,2.371175,-1.082243,0.006013,0.010310,0.018371,-0.174845,-0.984371,2.271601,-1.074504,0.937169
1703,7.095833,0.003393,0.008177,0.261489,0.965166,2.312300,-0.811567,0.010346,-0.025938,-0.003512,0.175004,-0.984220,2.371178,-1.082244,0.006004,0.010262,0.018828,-0.175148,-0.984309,2.271616,-1.074370,0.937297
1704,7.100000,0.003486,0.008193,0.261484,0.965167,2.312325,-0.811579,0.010328,-0.026055,-0.003503,0.175003,-0.984217,2.371180,-1.082246,0.005997,0.010286,0.018907,-0.175301,-0.984280,2.271634,-1.074273,0.937322
1705,7.104167,0.003642,0.008278,0.261491,0.965164,2.312290,-0.811563,0.010328,-0.025964,-0.003443,0.175019,-0.984217,2.371180,-1.082239,0.006001,0.010241,0.018662,-0.175449,-0.984258,2.271663,-1.074213,0.937262
1706,7.108333,0.003845,0.008345,0.261471,0.965168,2.312308,-0.811572,0.010316,-0.025887,-0.003530,0.175046,-0.984213,2.371166,-1.082245,0.005992,0.010192,0.018840,-0.175452,-0.984255,2.271698,-1.074200,0.937306
1707,7.112500,0.003721,0.008313,0.261405,0.965186,2.312333,-0.811593,0.010303,-0.026150,-0.003295,0.174975,-0.984220,2.371163,-1.082242,0.006031,0.010288,0.018987,-0.175435,-0.984254,2.271770,-1.074195,0.937345
1708,7.116667,0.003681,0.008297,0.261453,0.965174,2.312326,-0.811585,0.010311,-0.026042,-0.003426,0.175051,-0.984209,2.371174,-1.082247,0.006015,0.010244,0.018990,-0.175375,-0.984265,2.271823,-1.074231,0.937345
1709,7.120833,0.003668,0.008400,0.261385,0.965191,2.312325,-0.811581,0.010321,-0.025930,-0.003431,0.175102,-0.984203,2.371185,-1.082250,0.006013,0.010270,0.018658,-0.175204,-0.984302,2.271892,-1.074268,0.937262
1710,7.125000,0.003786,0.008375,0.261443,0.965175,2.312319,-0.811582,0.010307,-0.025872,-0.003404,0.175108,-0.984203,2.371183,-1.082256,0.006004,0.010294,0.018390,-0.174968,-0.984348,2.271938,-1.074319,0.937201
1711,7.129167,0.003779,0.008284,0.261490,0.965163,2.312323,-0.811577,0.010312,-0.026001,-0.003232,0.175012,-0.984218,2.371181,-1.082232,0.006046,0.010290,0.018293,-0.174925,-0.984358,2.272035,-1.074351,0.937178
1712,7.133333,0.003706,0.008266,0.261535,0.965151,2.312338,-0.811582,0.010310,-0.025611,-0.003515,0.175098,-0.984212,2.371173,-1.082247,0.005992,0.010393,0.018138,-0.174674,-0.984404,2.272095,-1.074418,0.937135
1713,7.137500,0.003846,0.008357,0.261470,0.965168,2.312319,-0.811575,0.010297,-0.025929,-0.003505,0.175071,-0.984208,2.371174,-1.082226,0.006020,0.010423,0.018061,-0.174604,-0.984418,2.272184,-1.074448,0.937111
1714,7.141667,0.003648,0.008334,0.261397,0.965189,2.312334,-0.811587,0.010281,-0.025931,-0.003565,0.175082,-0.984206,2.371139,-1.082226,0.006001,0.010452,0.018148,-0.174474,-0.984439,2.272259,-1.074500,0.937120
1715,7.145833,0.003585,0.008225,0.261495,0.965163,2.312323,-0.811576,0.010301,-0.026069,-0.003419,0.175031,-0.984212,2.371154,-1.082219,0.006029,0.010392,0.017902,-0.174402,-0.984457,2.272331,-1.074537,0.937069
1716,7.150000,0.003254,0.008124,0.261457,0.965175,2.312323,-0.811573,0.010320,-0.025988,-0.003411,0.175053,-0.984210,2.371157,-1.082231,0.006022,0.010495,0.017867,-0.174412,-0.984455,2.272418,-1.074535,0.937049
1717,7.154167,0.003448,0.008119,0.261519,0.965158,2.312303,-0.811560,0.010309,-0.026168,-0.003280,0.175073,-0.984202,2.371165,-1.082222,0.006055,0.010448,0.017761,-0.174366,-0.984465,2.272471,-1.074559,0.937031
1718,7.158333,0.003393,0.008150,0.261476,0.965170,2.312324,-0.811562,0.010298,-0.025863,-0.003518,0.175198,-0.984187,2.371172,-1.082246,0.006009,0.010551,0.017758,-0.174238,-0.984487,2.272511,-1.074571,0.937019
1719,7.162500,0.003185,0.008084,0.261560,0.965148,2.312296,-0.811542,0.010325,-0.025828,-0.003549,0.175129,-0.984200,2.371149,-1.082245,0.005989,0.010572,0.017552,-0.174169,-0.984503,2.272562,-1.074560,0.936976
1720,7.166667,0.003567,0.008219,0.261547,0.965149,2.312322,-0.811534,0.010290,-0.025815,-0.003426,0.175099,-0.984206,2.371156,-1.082238,0.006003,0.010554,0.017936,-0.174208,-0.984489,2.272617,-1.074553,0.937074
1721,7.170833,0.003442,0.008196,0.261471,0.965170,2.312303,-0.811553,0.010295,-0.025874,-0.003632,0.175283,-0.984171,2.371172,-1.082271,0.005971,0.010634,0.017698,-0.174196,-0.984495,2.272644,-1.074535,0.937035
1722,7.175000,0.003166,0.008163,0.261390,0.965194,2.312307,-0.811539,0.010313,-0.025750,-0.003679,0.175210,-0.984187,2.371159,-1.082276,0.005946,0.010586,0.017895,-0.174162,-0.984497,2.272690,-1.074509,0.937086
1723,7.179167,0.003077,0.007989,0.261470,0.965174,2.312316,-0.811541,0.010305,-0.025932,-0.003665,0.175248,-0.984176,2.371160,-1.082259,0.005966,0.010628,0.017804,-0.174153,-0.984500,2.272706,-1.074491,0.937081
1724,7.183333,0.002957,0.007937,0.261484,0.965171,2.312280,-0.811532,0.010344,-0.026046,-0.003648,0.175225,-0.984177,2.371165,-1.082255,0.005972,0.010559,0.017722,-0.174186,-0.984497,2.272739,-1.074443,0.937060
1725,7.187500,0.003070,0.007898,0.261544,0.965154,2.312289,-0.811529,0.010325,-0.025911,-0.003770,0.175210,-0.984183,2.371155,-1.082262,0.005949,0.010569,0.017831,-0.174105,-0.984509,2.272750,-1.074432,0.937114
1726,7.191667,0.002812,0.007868,0.261472,0.965175,2.312294,-0.811521,0.010345,-0.025751,-0.003707,0.175183,-0.984192,2.371173,-1.082263,0.005956,0.010620,0.017974,-0.174150,-0.984498,2.272769,-1.074381,0.937143
1727,7.195833,0.003022,0.007973,0.261440,0.965182,2.312285,-0.811524,0.010331,-0.026032,-0.003746,0.175223,-0.984177,2.371150,-1.082255,0.005951,0.010546,0.017954,-0.174179,-0.984494,2.272784,-1.074354,0.937165
1728,7.200000,0.002886,0.007916,0.261407,0.965192,2.312287,-0.811527,0.010331,-0.026017,-0.003626,0.175127,-0.984195,2.371143,-1.082237,0.005974,0.010518,0.017841,-0.174136,-0.984504,2.272795,-1.074320,0.937153
1729,7.204167,0.002874,0.007895,0.261489,0.965170,2.312270,-0.811519,0.010334,-0.025945,-0.003576,0.175055,-0.984210,2.371136,-1.082222,0.005981,0.010468,0.017742,-0.174244,-0.984487,2.272816,-1.074269,0.937151
1730,7.208333,0.002907,0.007972,0.261352,0.965206,2.312294,-0.811534,0.010321,-0.025910,-0.003656,0.175152,-0.984194,2.371156,-1.082238,0.005987,0.010478,0.017763,-0.174161,-0.984501,2.272809,-1.074231,0.937171
1731,7.212500,0.002723,0.007835,0.261477,0.965174,2.312273,-0.811516,0.010339,-0.025820,-0.003525,0.175054,-0.984214,2.371150,-1.082226,0.005996,0.010438,0.017917,-0.174249,-0.984483,2.272820,-1.074184,0.937213
1732,7.216667,0.002678,0.007861,0.261340,0.965211,2.312259,-0.811522,0.010335,-0.025979,-0.003643,0.175125,-0.984197,2.371135,-1.082228,0.005985,0.010427,0.018091,-0.174223,-0.984485,2.272817,-1.074152,0.937265
1733,7.220833,0.002954,0.007974,0.261472,0.965174,2.312304,-0.811522,0.010315,-0.025822,-0.003594,0.175111,-0.984203,2.371143,-1.082235,0.005991,0.010371,0.017659,-0.174218,-0.984494,2.272821,-1.074113,0.937184
1734,7.225000,0.002781,0.007880,0.261487,0.965171,2.312273,-0.811521,0.010337,-0.025779,-0.003654,0.175177,-0.984193,2.371141,-1.082243,0.005978,0.010310,0.017504,-0.174315,-0.984480,2.272817,-1.074066,0.937137
1735,7.229167,0.002898,0.007863,0.261546,0.965155,2.312270,-0.811513,0.010328,-0.025804,-0.003539,0.175056,-0.984214,2.371126,-1.082229,0.005995,0.008420,-0.015234,-0.176379,-0.984168,2.272120,-1.074466,0.929260
1736,7.233333,0.002754,0.007877,0.261419,0.965189,2.312285,-0.811517,0.010333,-0.025611,-0.003605,0.175081,-0.984214,2.371139,-1.082225,0.005984,0.008380,-0.015868,-0.176028,-0.984222,2.272209,-1.074603,0.929194
1737,7.237500,0.002712,0.007921,0.261465,0.965177,2.312293,-0.811517,0.010327,-0.025674,-0.003757,0.175135,-0.984202,2.371124,-1.082230,0.005972,0.008512,-0.016253,-0.175496,-0.984309,2.272358,-1.074805,0.929172
1738,7.241667,0.002671,0.007914,0.261457,0.965179,2.312286,-0.811519,0.010328,-0.025915,-0.003680,0.175078,-0.984207,2.371094,-1.082205,0.006007,0.007671,-0.016987,-0.174269,-0.984522,2.272397,-1.075083,0.928958
1739,7.245833,0.003085,0.008030,0.261415,0.965188,2.312288,-0.811521,0.010311,-0.025521,-0.003763,0.175151,-0.984204,2.371120,-1.082238,0.005951,0.007290,-0.017226,-0.173128,-0.984722,2.272438,-1.075353,0.928705
1740,7.250000,0.002840,0.007903,0.261399,0.965194,2.312254,-0.811512,0.010339,-0.025605,-0.003602,0.175154,-0.984201,2.371123,-1.082223,0.005989,0.006041,-0.018245,-0.171887,-0.984929,2.272479,-1.075684,0.928342
1741,7.254167,0.002855,0.007971,0.261405,0.965192,2.312265,-0.811517,0.010319,-0.025885,-0.003611,0.175112,-0.984202,2.371112,-1.082208,0.006013,0.005443,-0.019286,-0.170988,-0.985069,2.272561,-1.076021,0.928125
1742,7.258333,0.002738,0.007963,0.261369,0.965202,2.312273,-0.811520,0.010324,-0.025677,-0.003596,0.175110,-0.984207,2.371138,-1.082221,0.005999,0.005147,-0.019781,-0.170141,-0.985208,2.272600,-1.076327,0.927928
1743,7.262500,0.002579,0.007851,0.261444,0.965183,2.312270,-0.811522,0.010328,-0.025854,-0.003518,0.175111,-0.984203,2.371140,-1.082224,0.006003,0.005360,-0.020245,-0.169582,-0.985294,2.272682,-1.076541,0.927771
1744,7.266667,0.002604,0.007814,0.261439,0.965185,2.312233,-0.811502,0.010331,-0.025796,-0.003223,0.174890,-0.984245,2.371129,-1.082188,0.006051,0.005406,-0.020739,-0.168942,-0.985393,2.272686,-1.076736,0.927544
1745,7.270833,0.002697,0.007733,0.261529,0.965161,2.312243,-0.811504,0.010315,-0.025962,-0.003200,0.174969,-0.984226,2.371153,-1.082201,0.006046,0.005545,-0.020731,-0.168377,-0.985489,2.272703,-1.076884,0.927479
1746,7.275000,0.002687,0.007821,0.261465,0.965177,2.312263,-0.811511,0.010310,-0.025583,-0.003359,0.174980,-0.984234,2.371152,-1.082207,0.006023,0.005631,-0.020669,-0.168017,-0.985551,2.272730,-1.076975,0.927441
1747,7.279167,0.002637,0.007755,0.261515,0.965165,2.312247,-0.811501,0.010303,-0.025734,-0.003171,0.174850,-0.984254,2.371160,-1.082192,0.006057,0.005814,-0.020668,-0.167893,-0.985572,2.272794,-1.076988,0.927417
1748,7.283333,0.002679,0.007697,0.261527,0.965162,2.312279,-0.811496,0.010287,-0.026025,-0.002973,0.174807,-0.984254,2.371151,-1.082178,0.006089,0.005926,-0.020631,-0.167806,-0.985586,2.272811,-1.076977,0.927408
1749,7.287500,0.002569,0.007719,0.261400,0.965196,2.312258,-0.811495,0.010290,-0.025753,-0.003185,0.174931,-0.984239,2.371159,-1.082202,0.006033,0.005721,-0.020665,-0.167731,-0.985600,2.272798,-1.076995,0.927386
1750,7.291667,0.002454,0.007566,0.261385,0.965202,2.312230,-0.811488,0.010300,-0.025935,-0.003154,0.174938,-0.984233,2.371165,-1.082191,0.006055,0.005803,-0.020635,-0.167884,-0.985574,2.272817,-1.076901,0.927381
1751,7.295833,0.002631,0.007552,0.261557,0.965155,2.312214,-0.811472,0.010293,-0.026012,-0.003177,0.174909,-0.984236,2.371168,-1.082203,0.006049,0.005847,-0.020715,-0.168077,-0.985539,2.272810,-1.076834,0.927425
1752,7.300000,0.002257,0.007387,0.261507,0.965171,2.312231,-0.811490,0.010296,-0.025623,-0.003205,0.174937,-0.984241,2.371179,-1.082212,0.006037,0.005668,-0.020782,-0.168292,-0.985502,2.272798,-1.076764,0.927417
1753,7.304167,0.002307,0.007385,0.261518,0.965168,2.312204,-0.811473,0.010305,-0.025673,-0.003120,0.174890,-0.984248,2.371181,-1.082208,0.006037,0.005510,-0.020811,-0.168536,-0.985460,2.272755,-1.076682,0.927432
1754,7.308333,0.002065,0.007346,0.261468,0.965182,2.312204,-0.811487,0.010302,-0.025703,-0.003181,0.174931,-0.984240,2.371184,-1.082206,0.006034,0.005455,-0.020749,-0.168818,-0.985414,2.272741,-1.076558,0.927469
1755,7.312500,0.002024,0.007333,0.261417,0.965196,2.312209,-0.811476,0.010297,-0.025685,-0.003177,0.174901,-0.984246,2.371185,-1.082201,0.006036,0.005513,-0.020570,-0.169126,-0.985364,2.272735,-1.076437,0.927564
1756,7.316667,0.002244,0.007302,0.261533,0.965164,2.312214,-0.811463,0.010285,-0.025780,-0.003262,0.174942,-0.984236,2.371181,-1.082205,0.006040,0.005506,-0.020457,-0.169482,-0.985306,2.272753,-1.076290,0.927630
1757,7.320833,0.002138,0.007247,0.261571,0.965155,2.312211,-0.811454,0.010283,-0.025658,-0.003269,0.174999,-0.984229,2.371193,-1.082197,0.006033,0.005586,-0.020248,-0.169804,-0.985254,2.272754,-1.076156,0.927708
1758,7.325000,0.002386,0.007250,0.261603,0.965145,2.312217,-0.811451,0.010255,-0.025653,-0.003395,0.174980,-0.984232,2.371170,-1.082202,0.006014,0.005700,-0.019961,-0.170026,-0.985221,2.272757,-1.076016,0.927798
1759,7.329167,0.001961,0.007039,0.261656,0.965133,2.312236,-0.811440,0.010280,-0.025666,-0.003374,0.174965,-0.984234,2.371173,-1.082196,0.006015,0.005853,-0.019684,-0.170303,-0.985178,2.272763,-1.075895,0.927895
1760,7.333333,0.001969,0.007060,0.261511,0.965173,2.312195,-0.811445,0.010280,-0.025677,-0.003285,0.174926,-0.984241,2.371164,-1.082183,0.006032,0.005851,-0.019372,-0.170485,-0.985152,2.272781,-1.075789,0.927981
1761,7.337500,0.001924,0.006952,0.261560,0.965160,2.312182,-0.811437,0.010281,-0.025459,-0.003631,0.175011,-0.984231,2.371148,-1.082207,0.005971,0.005810,-0.019137,-0.170607,-0.985136,2.272778,-1.075702,0.928032
1762,7.341667,0.002088,0.007012,0.261494,0.965177,2.312177,-0.811426,0.010265,-0.025714,-0.003515,0.175014,-0.984224,2.371157,-1.082183,0.006010,0.005905,-0.019157,-0.170704,-0.985118,2.272752,-1.075626,0.928059
1763,7.345833,0.001724,0.006867,0.261590,0.965153,2.312217,-0.811429,0.010269,-0.025541,-0.003502,0.174935,-0.984242,2.371145,-1.082192,0.005998,0.005933,-0.019050,-0.170774,-0.985108,2.272764,-1.075559,0.928091
1764,7.350000,0.001543,0.006878,0.261296,0.965233,2.312185,-0.811449,0.010257,-0.025922,-0.003369,0.174972,-0.984226,2.371157,-1.082188,0.006020,0.005919,-0.019103,-0.170868,-0.985091,2.272752,-1.075503,0.928095
1765,7.354167,0.001416,0.006689,0.261498,0.965180,2.312153,-0.811416,0.010288,-0.025678,-0.003615,0.175063,-0.984216,2.371157,-1.082196,0.005982,0.005857,-0.018817,-0.170762,-0.985115,2.272749,-1.075466,0.928144
1766,7.358333,0.001505,0.006745,0.261370,0.965214,2.312169,-0.811432,0.010275,-0.025731,-0.003609,0.175035,-0.984219,2.371160,-1.082187,0.006001,0.005826,-0.019006,-0.170742,-0.985115,2.272731,-1.075431,0.928101
1767,7.362500,0.001397,0.006765,0.261377,0.965212,2.312181,-0.811419,0.010273,-0.025710,-0.003654,0.175068,-0.984214,2.371146,-1.082190,0.005973,0.005858,-0.018835,-0.170754,-0.985116,2.272759,-1.075388,0.928127
1768,7.366667,0.001192,0.006547,0.261455,0.965193,2.312177,-0.811418,0.010276,-0.025618,-0.003712,0.175054,-0.984219,2.371150,-1.082195,0.005971,0.005836,-0.018710,-0.170597,-0.985146,2.272737,-1.075381,0.928134
1769,7.370833,0.001391,0.006582,0.261507,0.965178,2.312145,-0.811407,0.010274,-0.025700,-0.003684,0.175043,-0.984218,2.371147,-1.082184,0.005985,0.005881,-0.018886,-0.170614,-0.985139,2.272740,-1.075361,0.928107
1770,7.375000,0.001392,0.006554,0.261614,0.965149,2.312150,-0.811387,0.010279,-0.025464,-0.003648,0.175018,-0.984229,2.371150,-1.082179,0.005984,0.005890,-0.019046,-0.170559,-0.985146,2.272738,-1.075345,0.928073
1771,7.379167,0.001298,0.006517,0.261548,0.965168,2.312159,-0.811390,0.010281,-0.025699,-0.003443,0.174999,-0.984227,2.371156,-1.082186,0.006004,0.005969,-0.019100,-0.170517,-0.985152,2.272746,-1.075318,0.928059
1772,7.383333,0.001305,0.006660,0.261405,0.965205,2.312118,-0.811394,0.010286,-0.025728,-0.003597,0.175075,-0.984212,2.371184,-1.082187,0.005995,0.005784,-0.019106,-0.170420,-0.985169,2.272751,-1.075326,0.928038
1773,7.387500,0.001354,0.006574,0.261409,0.965205,2.312155,-0.811399,0.010261,-0.025633,-0.003505,0.174991,-0.984230,2.371175,-1.082191,0.005987,0.005810,-0.019127,-0.170325,-0.985185,2.272744,-1.075307,0.928002
1774,7.391667,0.001296,0.006492,0.261491,0.965183,2.312143,-0.811377,0.010277,-0.025621,-0.003551,0.174994,-0.984230,2.371171,-1.082192,0.005973,0.005718,-0.019218,-0.170204,-0.985205,2.272734,-1.075310,0.927983
1775,7.395833,0.001120,0.006471,0.261401,0.965208,2.312139,-0.811378,0.010279,-0.025548,-0.003610,0.175020,-0.984227,2.371173,-1.082200,0.005951,0.005827,-0.019099,-0.170140,-0.985218,2.272737,-1.075298,0.928007
1776,7.400000,0.001242,0.006485,0.261492,0.965183,2.312137,-0.811380,0.010269,-0.025762,-0.003515,0.175018,-0.984222,2.371191,-1.082192,0.005985,0.005780,-0.019284,-0.170097,-0.985222,2.272744,-1.075281,0.927968
1777,7.404167,0.001459,0.006528,0.261654,0.965139,2.312144,-0.811369,0.010251,-0.025892,-0.003295,0.174911,-0.984238,2.371202,-1.082187,0.006013,0.005689,-0.019196,-0.170000,-0.985241,2.272735,-1.075282,0.927961
1778,7.408333,0.001369,0.006531,0.261526,0.965174,2.312104,-0.811358,0.010269,-0.025934,-0.003298,0.174891,-0.984241,2.371189,-1.082185,0.005998,0.005839,-0.019385,-0.170021,-0.985232,2.272743,-1.075244,0.927938
1779,7.412500,0.001430,0.006564,0.261586,0.965157,2.312136,-0.811357,0.010256,-0.025715,-0.003323,0.174919,-0.984241,2.371188,-1.082189,0.005999,0.005789,-0.019329,-0.169915,-0.985252,2.272738,-1.075223,0.927940
1780,7.416667,0.001333,0.006562,0.261514,0.965176,2.312169,-0.811373,0.010250,-0.026045,-0.003190,0.174878,-0.984240,2.371202,-1.082173,0.006034,0.005658,-0.019163,-0.169817,-0.985273,2.272742,-1.075210,0.927942
1781,7.420833,0.001459,0.006581,0.261662,0.965136,2.312148,-0.811353,0.010255,-0.025752,-0.003127,0.174844,-0.984254,2.371201,-1.082173,0.006025,0.005634,-0.019151,-0.169763,-0.985283,2.272722,-1.075198,0.927955
1782,7.425000,0.001122,0.006488,0.261633,0.965145,2.312159,-0.811354,0.010269,-0.025751,-0.003087,0.174790,-0.984264,2.371199,-1.082168,0.006049,0.005802,-0.019194,-0.169814,-0.985272,2.272738,-1.075137,0.927944
1783,7.429167,0.001333,0.006524,0.261653,0.965139,2.312131,-0.811351,0.010265,-0.025916,-0.003020,0.174799,-0.984258,2.371192,-1.082166,0.006072,0.005721,-0.019185,-0.169694,-0.985293,2.272711,-1.075134,0.927951
1784,7.433333,0.001104,0.006587,0.261400,0.965207,2.312119,-0.811373,0.010264,-0.025965,-0.003078,0.174851,-0.984248,2.371192,-1.082168,0.006048,0.005657,-0.019172,-0.169651,-0.985301,2.272716,-1.075084,0.927923
1785,7.437500,0.001230,0.006516,0.261525,0.965174,2.312155,-0.811360,0.010257,-0.025978,-0.002964,0.174765,-0.984263,2.371174,-1.082159,0.006058,0.005751,-0.019139,-0.169648,-0.985302,2.272694,-1.075063,0.927944
1786,7.441667,0.001080,0.006485,0.261376,0.965215,2.312073,-0.811353,0.010271,-0.025731,-0.003079,0.174873,-0.984250,2.371188,-1.082158,0.006038,0.005679,-0.019155,-0.169653,-0.985301,2.272701,-1.075026,0.927928
1787,7.445833,0.001321,0.006449,0.261467,0.965190,2.312098,-0.811356,0.010250,-0.025772,-0.003127,0.174845,-0.984254,2.371176,-1.082148,0.006048,0.005761,-0.019039,-0.169654,-0.985303,2.272701,-1.074988,0.927958
1788,7.450000,0.001109,0.006496,0.261431,0.965200,2.312118,-0.811350,0.010270,-0.025634,-0.003009,0.174820,-0.984262,2.371182,-1.082158,0.006059,0.005767,-0.019002,-0.169668,-0.985301,2.272688,-1.074951,0.927956
1789,7.454167,0.001314,0.006638,0.261444,0.965195,2.312114,-0.811356,0.010257,-0.025660,-0.003151,0.174886,-0.984249,2.371155,-1.082160,0.006053,0.005696,-0.018944,-0.169583,-0.985317,2.272670,-1.074917,0.927965
1790,7.458333,0.001120,0.006576,0.261392,0.965210,2.312084,-0.811347,0.010271,-0.025622,-0.003240,0.174888,-0.984250,2.371162,-1.082157,0.006034,0.005810,-0.018930,-0.169647,-0.985306,2.272676,-1.074851,0.927959
1791,7.462500,0.001208,0.006484,0.261285,0.965239,2.312084,-0.811348,0.010255,-0.025717,-0.003303,0.174953,-0.984235,2.371145,-1.082156,0.006021,0.005863,-0.018732,-0.169580,-0.985321,2.272672,-1.074807,0.927996
1792,7.466667,0.001266,0.006533,0.261337,0.965225,2.312093,-0.811349,0.010245,-0.025349,-0.003686,0.175111,-0.984215,2.371147,-1.082169,0.005972,0.005824,-0.018814,-0.169568,-0.985322,2.272663,-1.074764,0.927964
1793,7.470833,0.001229,0.006541,0.261372,0.965215,2.312095,-0.811343,0.010251,-0.025562,-0.003556,0.175031,-0.984225,2.371150,-1.082163,0.006001,0.005996,-0.018727,-0.169571,-0.985322,2.272652,-1.074714,0.927991
1794,7.475000,0.001075,0.006553,0.261213,0.965258,2.312069,-0.811346,0.010259,-0.025623,-0.003610,0.174990,-0.984230,2.371136,-1.082144,0.005998,0.005977,-0.018746,-0.169578,-0.985320,2.272635,-1.074692,0.927996
1795,7.479167,0.000945,0.006500,0.261218,0.965257,2.312089,-0.811341,0.010269,-0.025364,-0.003728,0.175023,-0.984230,2.371136,-1.082153,0.005969,0.005999,-0.018545,-0.169491,-0.985339,2.272626,-1.074643,0.928007
1796,7.483333,0.001084,0.006489,0.261275,0.965242,2.312087,-0.811344,0.010265,-0.025212,-0.003974,0.175184,-0.984205,2.371151,-1.082165,0.005939,0.005980,-0.018450,-0.169496,-0.985340,2.272621,-1.074618,0.928036
1797,7.487500,0.001188,0.006635,0.261232,0.965253,2.312099,-0.811343,0.010254,-0.025474,-0.003646,0.175029,-0.984227,2.371147,-1.082151,0.005994,0.006007,-0.018502,-0.169498,-0.985339,2.272617,-1.074566,0.928014
1798,7.491667,0.000930,0.006447,0.261382,0.965213,2.312091,-0.811321,0.010264,-0.025413,-0.003711,0.175038,-0.984227,2.371149,-1.082147,0.005985,0.005997,-0.018629,-0.169420,-0.985350,2.272595,-1.074515,0.927985
1799,7.495833,0.000869,0.006392,0.261322,0.965230,2.312092,-0.811320,0.010267,-0.025283,-0.003797,0.175034,-0.984230,2.371140,-1.082151,0.005947,0.006068,-0.018250,-0.169312,-0.985375,2.272589,-1.074489,0.928050
1800,7.500000,0.000901,0.006463,0.261168,0.965271,2.312070,-0.811334,0.010255,-0.025556,-0.003749,0.175041,-0.984222,2.371145,-1.082147,0.005959,0.006171,-0.018495,-0.169370,-0.985360,2.272588,-1.074431,0.928008
1801,7.504167,0.001117,0.006465,0.261410,0.965206,2.312114,-0.811310,0.010245,-0.025462,-0.003869,0.175093,-0.984215,2.371165,-1.082169,0.005931,0.006130,-0.018273,-0.169231,-0.985388,2.272544,-1.074424,0.928048
1802,7.508333,0.001263,0.006487,0.261452,0.965194,2.312108,-0.811308,0.010234,-0.025378,-0.003656,0.174923,-0.984248,2.371159,-1.082136,0.005965,0.006151,-0.018398,-0.169223,-0.985387,2.272525,-1.074372,0.928026
1803,7.512500,0.001003,0.006333,0.261341,0.965225,2.312106,-0.811323,0.010231,-0.025429,-0.003598,0.174855,-0.984259,2.371165,-1.082125,0.005985,0.006116,-0.018283,-0.169233,-0.985387,2.272536,-1.074338,0.928061
1804,7.516667,0.000919,0.006156,0.261496,0.965184,2.312083,-0.811303,0.010252,-0.025311,-0.003702,0.174917,-0.984251,2.371158,-1.082133,0.005968,0.006196,-0.018273,-0.169248,-0.985385,2.272527,-1.074291,0.928055
1805,7.520833,0.001045,0.006223,0.261577,0.965162,2.312124,-0.811299,0.010236,-0.025407,-0.003778,0.174970,-0.984239,2.371161,-1.082133,0.005954,0.006127,-0.018272,-0.169154,-0.985401,2.272499,-1.074265,0.928048
1806,7.525000,0.001005,0.006294,0.261548,0.965169,2.312115,-0.811291,0.010244,-0.025292,-0.003768,0.174988,-0.984239,2.371171,-1.082124,0.005941,0.006272,-0.018078,-0.169183,-0.985399,2.272512,-1.074206,0.928104
1807,7.529167,0.000889,0.006181,0.261450,0.965197,2.312107,-0.811302,0.010237,-0.025443,-0.003806,0.175020,-0.984229,2.371173,-1.082134,0.005958,0.006448,-0.017950,-0.169131,-0.985409,2.272489,-1.074172,0.928141
1808,7.533333,0.000787,0.006162,0.261413,0.965207,2.312065,-0.811297,0.010255,-0.025204,-0.003784,0.174935,-0.984250,2.371186,-1.082131,0.005939,0.006597,-0.017810,-0.169169,-0.985404,2.272508,-1.074108,0.928165
1809,7.537500,0.000702,0.006139,0.261390,0.965213,2.312093,-0.811293,0.010246,-0.025710,-0.003471,0.174792,-0.984264,2.371175,-1.082103,0.006019,0.006529,-0.017862,-0.169100,-0.985415,2.272493,-1.074072,0.928146
1810,7.541667,0.000891,0.006190,0.261404,0.965209,2.312083,-0.811290,0.010243,-0.025493,-0.003592,0.174837,-0.984261,2.371179,-1.082109,0.005979,0.006732,-0.017581,-0.169058,-0.985426,2.272489,-1.074030,0.928213
1811,7.545833,0.000898,0.006200,0.261290,0.965240,2.312029,-0.811296,0.010249,-0.025440,-0.003661,0.174914,-0.984248,2.371178,-1.082128,0.005966,0.006730,-0.017725,-0.169111,-0.985415,2.272502,-1.073985,0.928197
1812,7.550000,0.000784,0.006253,0.261204,0.965263,2.312045,-0.811302,0.010249,-0.025374,-0.003619,0.174785,-0.984273,2.371155,-1.082099,0.005980,0.006848,-0.017655,-0.169041,-0.985427,2.272471,-1.073958,0.928216
1813,7.554167,0.000835,0.006191,0.261301,0.965237,2.312067,-0.811291,0.010238,-0.025553,-0.003466,0.174732,-0.984278,2.371163,-1.082096,0.006008,0.006927,-0.017434,-0.168989,-0.985439,2.272478,-1.073918,0.928268
1814,7.558333,0.000812,0.006254,0.261210,0.965261,2.312066,-0.811301,0.010233,-0.025382,-0.003518,0.174880,-0.984256,2.371171,-1.082109,0.005988,0.006932,-0.017559,-0.168964,-0.985441,2.272467,-1.073877,0.928242
1815,7.562500,0.000877,0.006212,0.261292,0.965239,2.312041,-0.811285,0.010235,-0.025547,-0.003464,0.174794,-0.984268,2.371147,-1.082091,0.006004,0.007122,-0.017421,-0.168936,-0.985447,2.272475,-1.073838,0.928308
1816,7.566667,0.000843,0.006284,0.261141,0.965280,2.312049,-0.811303,0.010235,-0.025494,-0.003476,0.174873,-0.984255,2.371164,-1.082093,0.006013,0.007111,-0.017440,-0.168925,-0.985449,2.272477,-1.073812,0.928318
1817,7.570833,0.000686,0.006203,0.261273,0.965245,2.312049,-0.811283,0.010246,-0.025434,-0.003555,0.174858,-0.984259,2.371142,-1.082107,0.005995,0.007254,-0.017270,-0.168890,-0.985457,2.272467,-1.073784,0.928371
1818,7.575000,0.000878,0.006291,0.261230,0.965256,2.312029,-0.811282,0.010232,-0.025451,-0.003430,0.174831,-0.984263,2.371148,-1.082100,0.006008,0.007352,-0.017216,-0.168876,-0.985460,2.272465,-1.073745,0.928377
1819,7.579167,0.000788,0.006182,0.261273,0.965245,2.312045,-0.811271,0.010229,-0.025145,-0.003550,0.174811,-0.984274,2.371151,-1.082102,0.005986,0.007310,-0.017340,-0.168852,-0.985462,2.272458,-1.073722,0.928373
1820,7.583333,0.000671,0.006094,0.261351,0.965225,2.312046,-0.811273,0.010238,-0.025187,-0.003588,0.174887,-0.984260,2.371155,-1.082101,0.005987,0.007383,-0.017254,-0.168766,-0.985478,2.272445,-1.073676,0.928372
1821,7.587500,0.000821,0.006216,0.261275,0.965244,2.312048,-0.811269,0.010226,-0.025464,-0.003355,0.174775,-0.984273,2.371147,-1.082091,0.006052,0.007312,-0.017266,-0.168764,-0.985478,2.272446,-1.073648,0.928373
1822,7.591667,0.000531,0.006126,0.261110,0.965289,2.312018,-0.811274,0.010237,-0.025055,-0.003711,0.174922,-0.984256,2.371153,-1.082117,0.005971,0.007440,-0.017161,-0.168774,-0.985477,2.272455,-1.073606,0.928417
1823,7.595833,0.000451,0.006048,0.261130,0.965285,2.312016,-0.811278,0.010249,-0.025265,-0.003422,0.174768,-0.984280,2.371143,-1.082086,0.006013,0.007419,-0.017175,-0.168748,-0.985482,2.272451,-1.073582,0.928429
1824,7.600000,0.000419,0.006051,0.261295,0.965240,2.312039,-0.811254,0.010243,-0.025234,-0.003691,0.174976,-0.984242,2.371150,-1.082111,0.005968,0.007661,-0.016924,-0.168751,-0.985484,2.272455,-1.073541,0.928499
1825,7.604167,0.000791,0.006175,0.261409,0.965208,2.312050,-0.811242,0.010228,-0.025363,-0.003389,0.174796,-0.984272,2.371155,-1.082085,0.006003,0.007654,-0.016917,-0.168681,-0.985496,2.272444,-1.073510,0.928513
1826,7.608333,0.000445,0.006022,0.261285,0.965243,2.312029,-0.811244,0.010252,-0.025252,-0.003570,0.174813,-0.984271,2.371132,-1.082088,0.005983,0.007711,-0.016871,-0.168645,-0.985502,2.272417,-1.073480,0.928510
1827,7.612500,0.000548,0.006008,0.261357,0.965223,2.312042,-0.811235,0.010246,-0.025426,-0.003526,0.174923,-0.984247,2.371149,-1.082116,0.006004,0.007857,-0.016671,-0.168640,-0.985505,2.272431,-1.073446,0.928569
1828,7.616667,0.000396,0.006049,0.261241,0.965254,2.312051,-0.811251,0.010239,-0.025246,-0.003419,0.174785,-0.984277,2.371151,-1.082106,0.006003,0.007883,-0.016744,-0.168647,-0.985503,2.272435,-1.073402,0.928573
1829,7.620833,0.000610,0.006097,0.261209,0.965263,2.312029,-0.811245,0.010244,-0.025212,-0.003621,0.174924,-0.984252,2.371164,-1.082104,0.005987,0.007921,-0.016676,-0.168655,-0.985502,2.272447,-1.073372,0.928601
1830,7.625000,0.000415,0.005973,0.261146,0.965281,2.312022,-0.811245,0.010242,-0.025231,-0.003702,0.174951,-0.984247,2.371157,-1.082106,0.005978,0.007961,-0.016648,-0.168637,-0.985506,2.272440,-1.073334,0.928606
1831,7.629167,0.000220,0.005958,0.261177,0.965272,2.312039,-0.811247,0.010250,-0.025207,-0.003602,0.174813,-0.984272,2.371143,-1.082080,0.006003,0.008007,-0.016696,-0.168633,-0.985505,2.272435,-1.073286,0.928601
1832,7.633333,0.000464,0.006050,0.261166,0.965275,2.312027,-0.811242,0.010237,-0.025247,-0.003717,0.174943,-0.984248,2.371157,-1.082110,0.005964,0.008054,-0.016554,-0.168578,-0.985516,2.272434,-1.073246,0.928642
1833,7.637500,0.000480,0.006087,0.261119,0.965287,2.312040,-0.811250,0.010214,-0.025319,-0.003733,0.174942,-0.984246,2.371156,-1.082100,0.005981,0.008411,-0.015494,-0.169148,-0.985433,2.271918,-1.072581,0.928776
1834,7.641667,0.000681,0.006075,0.261261,0.965249,2.312029,-0.811241,0.010216,-0.025152,-0.003686,0.174844,-0.984268,2.371161,-1.082096,0.005983,0.008610,-0.013804,-0.170052,-0.985301,2.271863,-1.071917,0.929069
1835,7.645833,0.000683,0.006052,0.261335,0.965229,2.312046,-0.811224,0.010224,-0.025151,-0.003618,0.174820,-0.984272,2.371164,-1.082091,0.005988,0.008422,-0.013384,-0.170677,-0.985200,2.271940,-1.071620,0.929275
1836,7.650000,0.000576,0.006038,0.261201,0.965266,2.312030,-0.811233,0.010219,-0.025083,-0.003681,0.174878,-0.984264,2.371160,-1.082085,0.005976,0.009032,-0.011891,-0.171484,-0.985074,2.271995,-1.071284,0.929573
1837,7.654167,0.000489,0.005991,0.261213,0.965262,2.312019,-0.811235,0.010216,-0.025248,-0.003650,0.174877,-0.984260,2.371171,-1.082089,0.005985,0.009842,-0.010433,-0.172012,-0.984990,2.272038,-1.071056,0.929839
1838,7.658333,0.000792,0.006073,0.261342,0.965227,2.312073,-0.811232,0.010186,-0.025210,-0.003516,0.174825,-0.984270,2.371171,-1.082082,0.006004,0.010095,-0.010007,-0.172362,-0.984931,2.271995,-1.070869,0.929898
1839,7.662500,0.000722,0.006044,0.261173,0.965273,2.312035,-0.811237,0.010194,-0.024963,-0.003725,0.174874,-0.984267,2.371158,-1.082093,0.005950,0.010387,-0.009587,-0.172692,-0.984874,2.271981,-1.070700,0.929987
1840,7.666667,0.000572,0.005972,0.261136,0.965283,2.312055,-0.811237,0.010205,-0.025351,-0.003493,0.174824,-0.984267,2.371166,-1.082078,0.006010,0.010649,-0.009006,-0.172769,-0.984864,2.271954,-1.070595,0.930061
1841,7.670833,0.000770,0.006265,0.260922,0.965339,2.312023,-0.811264,0.010184,-0.025067,-0.003587,0.174833,-0.984272,2.371169,-1.082083,0.005975,0.011313,-0.008529,-0.172944,-0.984830,2.271938,-1.070486,0.930121
1842,7.675000,0.000659,0.006044,0.261111,0.965290,2.312046,-0.811235,0.010193,-0.025176,-0.003610,0.174805,-0.984275,2.371164,-1.082086,0.005980,0.012292,-0.007838,-0.173030,-0.984809,2.271934,-1.070400,0.930165
1843,7.679167,0.000749,0.006106,0.260973,0.965327,2.312056,-0.811259,0.010177,-0.025145,-0.003561,0.174789,-0.984278,2.371157,-1.082080,0.005977,0.012709,-0.007571,-0.172929,-0.984823,2.271914,-1.070364,0.930186
1844,7.683333,0.000595,0.005966,0.261162,0.965276,2.312002,-0.811234,0.010204,-0.024998,-0.003709,0.174841,-0.984272,2.371152,-1.082088,0.005963,0.012764,-0.007645,-0.172743,-0.984855,2.271918,-1.070365,0.930166
1845,7.687500,0.000569,0.005973,0.261111,0.965290,2.312071,-0.811242,0.010178,-0.024981,-0.003684,0.174873,-0.984267,2.371147,-1.082091,0.005956,0.012782,-0.007496,-0.172451,-0.984907,2.271915,-1.070385,0.930192
1846,7.691667,0.000677,0.006044,0.261090,0.965295,2.312048,-0.811243,0.010179,-0.025065,-0.003715,0.174904,-0.984259,2.371150,-1.082095,0.005954,0.012767,-0.007505,-0.172322,-0.984929,2.271923,-1.070373,0.930192
1847,7.695833,0.000684,0.006057,0.261006,0.965318,2.312044,-0.811253,0.010171,-0.025138,-0.003721,0.174908,-0.984257,2.371151,-1.082093,0.005970,0.012811,-0.007469,-0.172268,-0.984939,2.271904,-1.070351,0.930215
1848,7.700000,0.000453,0.005901,0.260911,0.965345,2.312002,-0.811273,0.010179,-0.024939,-0.003750,0.174927,-0.984258,2.371157,-1.082101,0.005947,0.012831,-0.007464,-0.172218,-0.984947,2.271923,-1.070312,0.930211
1849,7.704167,0.000654,0.006030,0.260801,0.965374,2.312005,-0.811273,0.010171,-0.025213,-0.003896,0.175042,-0.984230,2.371146,-1.082110,0.005944,0.012863,-0.007295,-0.172043,-0.984978,2.271899,-1.070273,0.930230
1850,7.708333,0.000534,0.005945,0.260845,0.965362,2.312012,-0.811275,0.010178,-0.025170,-0.003501,0.174825,-0.984272,2.371147,-1.082075,0.005990,0.009457,-0.009911,-0.171031,-0.985170,2.272038,-1.070642,0.930087
1851,7.712500,0.000613,0.006043,0.260965,0.965329,2.312006,-0.811254,0.010178,-0.025122,-0.003813,0.175057,-0.984230,2.371164,-1.082111,0.005954,0.009132,-0.010403,-0.170704,-0.985225,2.272074,-1.070742,0.930029
1852,7.716667,0.000511,0.005895,0.261023,0.965315,2.312029,-0.811254,0.010187,-0.025353,-0.003774,0.174922,-0.984249,2.371141,-1.082099,0.005970,0.009308,-0.010584,-0.170211,-0.985307,2.272137,-1.070931,0.929997
1853,7.720833,0.000627,0.005981,0.261136,0.965283,2.312053,-0.811242,0.010183,-0.025210,-0.003762,0.174936,-0.984250,2.371152,-1.082088,0.005975,0.009621,-0.010735,-0.169857,-0.985363,2.272245,-1.071128,0.929949
1854,7.725000,0.000802,0.006110,0.261007,0.965317,2.312035,-0.811250,0.010159,-0.025030,-0.003854,0.174993,-0.984244,2.371154,-1.082107,0.005947,0.009860,-0.010988,-0.169397,-0.985437,2.272316,-1.071330,0.929853
1855,7.729167,0.000780,0.005990,0.261202,0.965265,2.312075,-0.811232,0.010162,-0.024925,-0.004081,0.175122,-0.984223,2.371160,-1.082122,0.005918,0.010002,-0.011521,-0.168896,-0.985516,2.272362,-1.071530,0.929738
1856,7.733333,0.000596,0.005971,0.260989,0.965323,2.312044,-0.811253,0.010175,-0.025026,-0.003718,0.174963,-0.984250,2.371156,-1.082101,0.005956,0.009895,-0.012291,-0.168416,-0.985590,2.272398,-1.071761,0.929587
1857,7.737500,0.000642,0.006010,0.260968,0.965329,2.312030,-0.811250,0.010173,-0.025204,-0.003581,0.174867,-0.984263,2.371164,-1.082089,0.005977,0.009732,-0.013134,-0.167842,-0.985678,2.272372,-1.072018,0.929427
1858,7.741667,0.000675,0.005969,0.261092,0.965295,2.312056,-0.811244,0.010158,-0.024969,-0.003755,0.174932,-0.984257,2.371166,-1.082107,0.005956,0.009526,-0.013853,-0.167331,-0.985757,2.272367,-1.072238,0.929302
1859,7.745833,0.000415,0.006033,0.260844,0.965362,2.312059,-0.811258,0.010167,-0.025001,-0.003640,0.174889,-0.984264,2.371160,-1.082098,0.005975,0.009472,-0.014353,-0.166956,-0.985814,2.272363,-1.072430,0.929235
1860,7.750000,0.000634,0.006054,0.260818,0.965369,2.312017,-0.811262,0.010158,-0.025128,-0.003550,0.174876,-0.984263,2.371172,-1.082099,0.005985,0.009452,-0.014878,-0.166646,-0.985859,2.272348,-1.072535,0.929133
1861,7.754167,0.000651,0.006043,0.260961,0.965330,2.312073,-0.811250,0.010156,-0.025187,-0.003492,0.174848,-0.984267,2.371181,-1.082098,0.005995,0.009392,-0.015056,-0.166398,-0.985899,2.272327,-1.072616,0.929082
1862,7.758333,0.000628,0.006114,0.260953,0.965332,2.312092,-0.811251,0.010149,-0.024788,-0.003594,0.174849,-0.984277,2.371175,-1.082107,0.005960,0.009401,-0.015193,-0.166197,-0.985931,2.272327,-1.072630,0.929045
1863,7.762500,0.000312,0.005882,0.260845,0.965363,2.312036,-0.811253,0.010182,-0.024999,-0.003449,0.174773,-0.984285,2.371184,-1.082098,0.005989,0.009469,-0.015175,-0.166133,-0.985941,2.272326,-1.072626,0.929063
1864,7.766667,0.000480,0.005912,0.260989,0.965324,2.312059,-0.811245,0.010164,-0.025135,-0.003570,0.174866,-0.984265,2.371190,-1.082124,0.005951,0.009451,-0.015121,-0.166152,-0.985939,2.272317,-1.072583,0.929072
1865,7.770833,0.000605,0.005953,0.261081,0.965298,2.312055,-0.811236,0.010165,-0.025070,-0.003402,0.174790,-0.984281,2.371198,-1.082107,0.005992,0.009531,-0.014888,-0.166198,-0.985934,2.272311,-1.072511,0.929142
1866,7.775000,0.000412,0.005949,0.261032,0.965312,2.312039,-0.811235,0.010177,-0.025233,-0.003165,0.174672,-0.984298,2.371196,-1.082090,0.006013,0.009663,-0.014645,-0.166353,-0.985910,2.272308,-1.072402,0.929207
1867,7.779167,0.000714,0.006081,0.260973,0.965327,2.312073,-0.811246,0.010143,-0.024971,-0.003385,0.174790,-0.984283,2.371203,-1.082113,0.005989,0.009547,-0.014623,-0.166416,-0.985901,2.272281,-1.072310,0.929208
1868,7.783333,0.000596,0.005969,0.261023,0.965314,2.312074,-0.811245,0.010145,-0.024999,-0.003412,0.174739,-0.984292,2.371188,-1.082107,0.005976,0.009563,-0.014515,-0.166549,-0.985880,2.272258,-1.072205,0.929232
1869,7.787500,0.000793,0.006081,0.261187,0.965269,2.312098,-0.811226,0.010131,-0.024994,-0.003591,0.174852,-0.984271,2.371181,-1.082120,0.005952,0.009536,-0.014241,-0.166741,-0.985852,2.272279,-1.072065,0.929286
1870,7.791667,0.000464,0.005943,0.260991,0.965323,2.312041,-0.811227,0.010165,-0.025005,-0.003822,0.174967,-0.984249,2.371192,-1.082151,0.005901,0.009678,-0.013994,-0.166890,-0.985829,2.272274,-1.071932,0.929345
1871,7.795833,0.000473,0.005911,0.261052,0.965306,2.312064,-0.811226,0.010149,-0.025091,-0.003425,0.174737,-0.984289,2.371180,-1.082102,0.005972,0.009523,-0.013965,-0.166959,-0.985819,2.272244,-1.071866,0.929343
1872,7.800000,0.000292,0.005892,0.260911,0.965345,2.312047,-0.811236,0.010154,-0.025007,-0.003618,0.174873,-0.984267,2.371206,-1.082145,0.005918,0.008100,-0.018254,-0.167019,-0.985751,2.272234,-1.071419,0.927965
1873,7.804167,0.000323,0.005943,0.260818,0.965370,2.312041,-0.811242,0.010151,-0.025031,-0.003731,0.174906,-0.984260,2.371197,-1.082131,0.005925,0.007973,-0.018348,-0.166966,-0.985760,2.272203,-1.071390,0.927965
1874,7.808333,0.000257,0.005893,0.260906,0.965346,2.312025,-0.811222,0.010161,-0.024923,-0.003672,0.174852,-0.984272,2.371201,-1.082123,0.005923,0.009634,-0.013934,-0.166948,-0.985820,2.272213,-1.071658,0.929349
1875,7.812500,0.000277,0.005947,0.260929,0.965340,2.312036,-0.811219,0.010149,-0.024919,-0.003578,0.174764,-0.984288,2.371204,-1.082111,0.005940,0.009492,-0.013851,-0.167049,-0.985806,2.272191,-1.071610,0.929369
1876,7.816667,0.000171,0.005963,0.260789,0.965377,2.312044,-0.811217,0.010140,-0.024992,-0.003504,0.174709,-0.984297,2.371188,-1.082102,0.005958,0.007784,-0.018415,-0.167060,-0.985744,2.272161,-1.071213,0.927970
1877,7.820833,0.000418,0.005890,0.261010,0.965318,2.312035,-0.811193,0.010135,-0.025133,-0.003546,0.174681,-0.984298,2.371172,-1.082093,0.005958,0.007772,-0.018347,-0.167129,-0.985734,2.272148,-1.071142,0.928010
1878,7.825000,0.000141,0.005726,0.261069,0.965303,2.312027,-0.811184,0.010162,-0.025259,-0.003447,0.174748,-0.984283,2.371198,-1.082088,0.005978,0.007897,-0.018167,-0.167168,-0.985729,2.272131,-1.071045,0.928056
1879,7.829167,0.000058,0.005730,0.260996,0.965323,2.312012,-0.811190,0.010155,-0.024878,-0.003570,0.174729,-0.984296,2.371181,-1.082099,0.005956,0.007923,-0.018018,-0.167210,-0.985725,2.272109,-1.070959,0.928073
1880,7.833333,-0.000071,0.005677,0.260927,0.965342,2.312000,-0.811177,0.010155,-0.024829,-0.003595,0.174814,-0.984282,2.371192,-1.082119,0.005936,0.007903,-0.018105,-0.167296,-0.985709,2.272088,-1.070879,0.928080
1881,7.837500,-0.000012,0.005547,0.261202,0.965268,2.312015,-0.811153,0.010168,-0.024941,-0.003438,0.174658,-0.984307,2.371174,-1.082080,0.005970,0.007911,-0.018003,-0.167403,-0.985693,2.272090,-1.070797,0.928123
1882,7.841667,0.000032,0.005766,0.261047,0.965309,2.312067,-0.811180,0.010127,-0.025071,-0.003597,0.174852,-0.984269,2.371185,-1.082106,0.005942,0.007914,-0.017946,-0.167482,-0.985680,2.272071,-1.070718,0.928145
1883,7.845833,-0.000246,0.005573,0.261001,0.965322,2.312040,-0.811170,0.010140,-0.025049,-0.003769,0.174894,-0.984261,2.371181,-1.082127,0.005899,0.007917,-0.017716,-0.167559,-0.985671,2.272077,-1.070628,0.928187
1884,7.850000,-0.000173,0.005479,0.261203,0.965268,2.312064,-0.811155,0.010123,-0.025025,-0.003633,0.174743,-0.984289,2.371181,-1.082095,0.005938,0.007944,-0.017645,-0.167637,-0.985659,2.272070,-1.070559,0.928225
1885,7.854167,-0.000312,0.005417,0.261101,0.965296,2.312028,-0.811152,0.010131,-0.025150,-0.003703,0.174830,-0.984270,2.371181,-1.082105,0.005916,0.007835,-0.017603,-0.167762,-0.985639,2.272086,-1.070487,0.928232
1886,7.858333,-0.000203,0.005531,0.261168,0.965277,2.312046,-0.811146,0.010118,-0.024983,-0.003862,0.174861,-0.984269,2.371183,-1.082101,0.005891,0.007861,-0.017382,-0.167735,-0.985648,2.272075,-1.070428,0.928282
1887,7.862500,-0.000281,0.005530,0.261123,0.965290,2.312011,-0.811132,0.010134,-0.025226,-0.003824,0.174797,-0.984274,2.371178,-1.082080,0.005914,0.007852,-0.017315,-0.167812,-0.985636,2.272092,-1.070359,0.928298
1888,7.866667,-0.000622,0.005505,0.260966,0.965332,2.312001,-0.811145,0.010133,-0.025107,-0.004088,0.174843,-0.984268,2.371160,-1.082080,0.005863,0.007863,-0.017299,-0.167870,-0.985626,2.272100,-1.070296,0.928311
1889,7.870833,-0.000609,0.005451,0.261033,0.965314,2.311980,-0.811128,0.010136,-0.025154,-0.004184,0.174850,-0.984265,2.371154,-1.082067,0.005868,0.007817,-0.017325,-0.167874,-0.985625,2.272100,-1.070251,0.928309
1890,7.875000,-0.000555,0.005489,0.260956,0.965335,2.311964,-0.811126,0.010136,-0.025163,-0.003892,0.174715,-0.984290,2.371166,-1.082061,0.005884,0.007855,-0.017199,-0.167943,-0.985615,2.272133,-1.070188,0.928342
1891,7.879167,-0.000685,0.005480,0.260946,0.965338,2.311983,-0.811121,0.010144,-0.025329,-0.003454,0.174541,-0.984318,2.371174,-1.082022,0.005973,0.007881,-0.017283,-0.167919,-0.985618,2.272117,-1.070149,0.928326
1892,7.883333,-0.000907,0.005433,0.260925,0.965343,2.311959,-0.811125,0.010149,-0.025159,-0.003439,0.174546,-0.984321,2.371167,-1.082038,0.005953,0.007833,-0.017215,-0.167879,-0.985626,2.272120,-1.070120,0.928326
1893,7.887500,-0.000431,0.005576,0.261060,0.965307,2.311975,-0.811110,0.010115,-0.025400,-0.003557,0.174616,-0.984303,2.371152,-1.082031,0.005969,0.007926,-0.017234,-0.167969,-0.985610,2.272177,-1.070064,0.928332
1894,7.891667,-0.000584,0.005551,0.261088,0.965299,2.311968,-0.811097,0.010135,-0.025302,-0.003720,0.174742,-0.984282,2.371161,-1.082061,0.005940,0.007864,-0.017256,-0.168007,-0.985603,2.272194,-1.070030,0.928317
1895,7.895833,-0.000637,0.005574,0.261061,0.965306,2.311983,-0.811116,0.010128,-0.025088,-0.003679,0.174673,-0.984300,2.371166,-1.082069,0.005920,0.007706,-0.017309,-0.168001,-0.985605,2.272206,-1.070012,0.928310
1896,7.900000,-0.000723,0.005576,0.260947,0.965337,2.311985,-0.811117,0.010124,-0.025259,-0.003625,0.174722,-0.984287,2.371172,-1.082059,0.005947,0.007649,-0.017542,-0.168047,-0.985593,2.272208,-1.069981,0.928284
1897,7.904167,-0.000827,0.005544,0.260877,0.965356,2.311962,-0.811123,0.010134,-0.025385,-0.003352,0.174608,-0.984305,2.371168,-1.082042,0.005981,0.007751,-0.017498,-0.167982,-0.985604,2.272211,-1.069934,0.928304
1898,7.908333,-0.000650,0.005546,0.261090,0.965298,2.311996,-0.811102,0.010119,-0.025136,-0.003664,0.174707,-0.984293,2.371169,-1.082042,0.005952,0.007822,-0.017476,-0.167923,-0.985614,2.272198,-1.069918,0.928350
1899,7.912500,-0.000609,0.005586,0.261109,0.965293,2.312000,-0.811109,0.010108,-0.025054,-0.003457,0.174638,-0.984308,2.371171,-1.082053,0.005963,0.007863,-0.017548,-0.167836,-0.985627,2.272186,-1.069872,0.928342
1900,7.916667,-0.000728,0.005457,0.261254,0.965254,2.312024,-0.811101,0.010112,-0.024884,-0.003681,0.174625,-0.984314,2.371146,-1.082065,0.005915,0.007914,-0.017500,-0.167882,-0.985620,2.272202,-1.069833,0.928372
1901,7.920833,-0.000642,0.005459,0.261296,0.965243,2.312041,-0.811089,0.010107,-0.024988,-0.003688,0.174672,-0.984303,2.371174,-1.082093,0.005887,0.007949,-0.017704,-0.167897,-0.985614,2.272202,-1.069785,0.928355
1902,7.925000,-0.000521,0.005466,0.261322,0.965236,2.311995,-0.811078,0.010116,-0.025121,-0.004000,0.174820,-0.984272,2.371194,-1.082109,0.005840,0.007976,-0.017698,-0.167923,-0.985609,2.272206,-1.069736,0.928363
1903,7.929167,-0.000593,0.005592,0.261194,0.965270,2.311996,-0.811091,0.010113,-0.025199,-0.003954,0.174738,-0.984285,2.371188,-1.082086,0.005855,0.008006,-0.017638,-0.167875,-0.985618,2.272192,-1.069679,0.928379
1904,7.933333,-0.000535,0.005676,0.261100,0.965295,2.312017,-0.811099,0.010100,-0.025209,-0.003875,0.174659,-0.984299,2.371202,-1.082073,0.005860,0.008009,-0.017722,-0.167914,-0.985610,2.272193,-1.069627,0.928383
1905,7.937500,-0.000574,0.005577,0.261337,0.965231,2.312009,-0.811058,0.010119,-0.025074,-0.003642,0.174553,-0.984322,2.371209,-1.082056,0.005887,0.007919,-0.017730,-0.167908,-0.985611,2.272187,-1.069579,0.928391
1906,7.941667,-0.000627,0.005777,0.261019,0.965316,2.312013,-0.811088,0.010101,-0.025074,-0.003549,0.174467,-0.984337,2.371214,-1.082045,0.005904,0.008027,-0.017461,-0.167901,-0.985617,2.272205,-1.069513,0.928484
1907,7.945833,-0.000709,0.005607,0.261191,0.965271,2.311968,-0.811067,0.010116,-0.025150,-0.003573,0.174499,-0.984330,2.371225,-1.082038,0.005894,0.008047,-0.017505,-0.167952,-0.985607,2.272175,-1.069463,0.928491
1908,7.950000,-0.000619,0.005721,0.261169,0.965276,2.311979,-0.811062,0.010106,-0.024861,-0.003664,0.174472,-0.984341,2.371211,-1.082036,0.005884,0.007960,-0.017435,-0.167999,-0.985601,2.272177,-1.069407,0.928518
1909,7.954167,-0.000573,0.005715,0.261107,0.965293,2.311993,-0.811074,0.010095,-0.024934,-0.003647,0.174533,-0.984329,2.371221,-1.082046,0.005891,0.008142,-0.017289,-0.167992,-0.985603,2.272177,-1.069327,0.928583
1910,7.958333,-0.000566,0.005766,0.261115,0.965290,2.311977,-0.811065,0.010099,-0.025041,-0.003400,0.174406,-0.984350,2.371217,-1.082016,0.005930,0.008067,-0.017372,-0.167986,-0.985603,2.272179,-1.069240,0.928548
1911,7.962500,-0.000378,0.005829,0.261156,0.965279,2.311996,-0.811070,0.010081,-0.024989,-0.003604,0.174380,-0.984355,2.371179,-1.082020,0.005910,0.007967,-0.017300,-0.168020,-0.985600,2.272160,-1.069188,0.928556
1912,7.966667,-0.000446,0.005765,0.261208,0.965265,2.311997,-0.811061,0.010081,-0.025172,-0.003505,0.174444,-0.984339,2.371200,-1.082029,0.005915,0.008077,-0.017149,-0.168112,-0.985586,2.272169,-1.069122,0.928602
1913,7.970833,-0.000384,0.005774,0.261316,0.965236,2.311979,-0.811060,0.010089,-0.024984,-0.003359,0.174431,-0.984347,2.371201,-1.082020,0.005924,0.008077,-0.017168,-0.168100,-0.985587,2.272161,-1.069065,0.928629
1914,7.975000,-0.000561,0.005764,0.261121,0.965289,2.311939,-0.811074,0.010103,-0.024830,-0.003620,0.174486,-0.984340,2.371197,-1.082037,0.005885,0.008193,-0.017119,-0.168255,-0.985561,2.272194,-1.068990,0.928656
1915,7.979167,-0.000464,0.005827,0.261122,0.965288,2.311984,-0.811076,0.010078,-0.024950,-0.003413,0.174436,-0.984347,2.371208,-1.082024,0.005924,0.008165,-0.017118,-0.168236,-0.985564,2.272180,-1.068952,0.928666
1916,7.983333,-0.000612,0.005797,0.261156,0.965279,2.311996,-0.811069,0.010079,-0.024842,-0.003313,0.174447,-0.984348,2.371212,-1.082027,0.005929,0.008217,-0.017002,-0.168256,-0.985563,2.272188,-1.068885,0.928686
1917,7.987500,-0.000736,0.005762,0.261186,0.965271,2.311991,-0.811068,0.010091,-0.024696,-0.003459,0.174461,-0.984348,2.371231,-1.082033,0.005920,0.008255,-0.017015,-0.168315,-0.985552,2.272191,-1.068851,0.928710
1918,7.991667,-0.000439,0.005787,0.261275,0.965247,2.311964,-0.811043,0.010088,-0.024888,-0.003260,0.174375,-0.984359,2.371215,-1.082020,0.005942,0.008349,-0.016964,-0.168323,-0.985551,2.272187,-1.068819,0.928749
1919,7.995833,-0.000472,0.005727,0.261304,0.965239,2.311978,-0.811036,0.010083,-0.024942,-0.003078,0.174271,-0.984377,2.371218,-1.082001,0.005975,0.008366,-0.016868,-0.168327,-0.985551,2.272218,-1.068735,0.928740
1920,8.000000,-0.000418,0.005792,0.261392,0.965215,2.312002,-0.811028,0.010083,-0.024861,-0.003155,0.174336,-0.984367,2.371237,-1.082020,0.005943,0.008360,-0.016906,-0.168342,-0.985548,2.272214,-1.068704,0.928738
1921,8.004167,-0.000541,0.005744,0.261336,0.965231,2.312003,-0.811051,0.010066,-0.024935,-0.003086,0.174282,-0.984375,2.371225,-1.082011,0.005954,0.008507,-0.016808,-0.168316,-0.985553,2.272232,-1.068645,0.928769
1922,8.008333,-0.000533,0.005790,0.261251,0.965253,2.311969,-0.811045,0.010081,-0.024811,-0.003263,0.174348,-0.984366,2.371211,-1.081997,0.005944,0.008447,-0.016828,-0.168326,-0.985552,2.272242,-1.068634,0.928795
1923,8.012500,-0.000562,0.005716,0.261315,0.965236,2.311972,-0.811039,0.010088,-0.024624,-0.003475,0.174421,-0.984357,2.371210,-1.082013,0.005913,0.008555,-0.016716,-0.168368,-0.985545,2.272248,-1.068603,0.928830
1924,8.016667,-0.000781,0.005775,0.261125,0.965287,2.311950,-0.811056,0.010102,-0.024714,-0.003417,0.174338,-0.984370,2.371215,-1.082014,0.005912,0.008619,-0.016809,-0.168344,-0.985547,2.272265,-1.068559,0.928826
1925,8.020833,-0.000859,0.005704,0.261225,0.965261,2.311951,-0.811042,0.010101,-0.024704,-0.003428,0.174395,-0.984360,2.371234,-1.082020,0.005917,0.008592,-0.016724,-0.168323,-0.985552,2.272269,-1.068538,0.928854
1926,8.025000,-0.000639,0.005749,0.261227,0.965260,2.311966,-0.811049,0.010085,-0.024715,-0.003355,0.174378,-0.984363,2.371223,-1.082008,0.005939,0.008650,-0.016750,-0.168389,-0.985540,2.272293,-1.068501,0.928866
1927,8.029167,-0.000690,0.005814,0.261218,0.965262,2.311994,-0.811041,0.010080,-0.024557,-0.003473,0.174393,-0.984364,2.371235,-1.082018,0.005906,0.008673,-0.016604,-0.168357,-0.985548,2.272314,-1.068465,0.928898
1928,8.033333,-0.000780,0.005741,0.261198,0.965268,2.311987,-0.811045,0.010074,-0.024711,-0.003449,0.174291,-0.984378,2.371216,-1.082000,0.005922,0.008744,-0.016682,-0.168404,-0.985538,2.272326,-1.068446,0.928911
1929,8.037500,-0.000738,0.005701,0.261313,0.965237,2.311977,-0.811022,0.010089,-0.024499,-0.003487,0.174343,-0.984374,2.371237,-1.082008,0.005900,0.008761,-0.016572,-0.168359,-0.985547,2.272334,-1.068435,0.928953
1930,8.041667,-0.000613,0.005702,0.261361,0.965224,2.311972,-0.811013,0.010071,-0.024861,-0.003242,0.174217,-0.984388,2.371217,-1.081984,0.005949,0.008838,-0.016490,-0.168414,-0.985539,2.272363,-1.068403,0.928983
1931,8.045833,-0.000580,0.005840,0.261181,0.965272,2.311963,-0.811027,0.010061,-0.024870,-0.003283,0.174156,-0.984398,2.371217,-1.081976,0.005944,0.008848,-0.016585,-0.168430,-0.985534,2.272377,-1.068383,0.928973
1932,8.050000,-0.000738,0.005749,0.261232,0.965259,2.311992,-0.811024,0.010070,-0.024656,-0.003372,0.174306,-0.984377,2.371246,-1.082002,0.005919,0.008853,-0.016567,-0.168408,-0.985538,2.272401,-1.068361,0.928981
