Frame,Time (Seconds),LFoot:Rotation:X,LFoot:Rotation:Y,LFoot:Rotation:Z,LFoot:Rotation:W,LFoot:Position:X,LFoot:Position:Y,LFoot:Position:Z,RFoot:Rotation:X,RFoot:Rotation:Y,RFoot:Rotation:Z,RFoot:Rotation:W,RFoot:Position:X,RFoot:Position:Y,RFoot:Position:Z,Waist:Rotation:X,Waist:Rotation:Y,Waist:Rotation:Z,Waist:Rotation:W,Waist:Position:X,Waist:Position:Y,Waist:Position:Z
0,0.000000,-0.034841,0.049941,-0.879296,0.472367,1.704375,0.969565,0.036221,0.013175,0.000706,0.931192,-0.364291,1.476601,1.144726,0.046805,-0.012957,-0.040169,0.877150,-0.478358,1.665161,1.061590,0.959554
1,0.004167,-0.034683,0.049801,-0.879272,0.472438,1.704367,0.969574,0.036220,0.011515,-0.008114,0.930943,-0.364891,1.476606,1.143992,0.046071,-0.012468,-0.040302,0.877272,-0.478137,1.664629,1.061316,0.959944
2,0.008333,-0.034621,0.049676,-0.879287,0.472428,1.704349,0.969571,0.036203,0.009238,-0.015588,0.930925,-0.364759,1.476986,1.143443,0.045228,-0.014716,-0.040213,0.877350,-0.477936,1.664484,1.061263,0.959984
3,0.012500,-0.034488,0.049478,-0.879320,0.472398,1.704339,0.969580,0.036212,0.007281,-0.022063,0.930777,-0.364848,1.477530,1.143115,0.044438,-0.017105,-0.039467,0.877348,-0.477922,1.664108,1.061144,0.960284
4,0.016667,-0.034763,0.049696,-0.879424,0.472160,1.704396,0.969490,0.036085,0.006618,-0.026742,0.930783,-0.364533,1.478054,1.143031,0.043896,-0.019729,-0.038374,0.877291,-0.478016,1.663672,1.060975,0.960616
5,0.020833,-0.035044,0.049752,-0.879545,0.471907,1.704471,0.969419,0.035985,0.007179,-0.027698,0.931094,-0.363654,1.478427,1.143179,0.043754,-0.022666,-0.039732,0.876527,-0.479175,1.663674,1.060881,0.960421
6,0.025000,-0.035067,0.049646,-0.879584,0.471844,1.704479,0.969428,0.035977,0.008591,-0.025715,0.931745,-0.362101,1.478619,1.143573,0.043831,-0.024900,-0.037804,0.876214,-0.479792,1.663114,1.060683,0.961011
7,0.029167,-0.034882,0.049557,-0.879572,0.471890,1.704465,0.969441,0.035987,0.009781,-0.022832,0.932260,-0.360935,1.478754,1.144041,0.043890,-0.025663,-0.038911,0.876321,-0.479467,1.662974,1.060467,0.960665
8,0.033333,-0.034844,0.049442,-0.879550,0.471947,1.704450,0.969445,0.035988,0.010171,-0.020546,0.932651,-0.360051,1.478914,1.144509,0.043758,-0.026410,-0.038029,0.876127,-0.479852,1.662734,1.060277,0.960864
9,0.037500,-0.034722,0.049331,-0.879570,0.471929,1.704445,0.969446,0.035987,0.009927,-0.019203,0.933082,-0.359013,1.479093,1.144906,0.043474,-0.026364,-0.038340,0.876065,-0.479943,1.662485,1.059989,0.960741
10,0.041667,-0.034603,0.049138,-0.879596,0.471911,1.704430,0.969453,0.035994,0.008970,-0.017776,0.933371,-0.358360,1.479070,1.145299,0.043150,-0.026481,-0.038099,0.875982,-0.480107,1.662274,1.059725,0.960685
11,0.045833,-0.034452,0.048997,-0.879576,0.471972,1.704416,0.969467,0.035996,0.007494,-0.015673,0.933880,-0.357164,1.478738,1.145588,0.042938,-0.026483,-0.037474,0.875898,-0.480310,1.662127,1.059476,0.960669
12,0.050000,-0.034521,0.048966,-0.879593,0.471939,1.704401,0.969474,0.035997,0.006290,-0.012934,0.934124,-0.356658,1.478363,1.145670,0.042853,-0.025012,-0.037836,0.875795,-0.480548,1.661717,1.059011,0.960715
13,0.054167,-0.034375,0.048831,-0.879604,0.471944,1.704378,0.969473,0.036008,0.005558,-0.011345,0.934071,-0.356864,1.478018,1.145665,0.042844,-0.023307,-0.034942,0.876645,-0.479301,1.661711,1.059167,0.961008
14,0.058333,-0.034198,0.048602,-0.879607,0.471974,1.704381,0.969478,0.036009,0.004991,-0.011177,0.933853,-0.357448,1.477732,1.145679,0.042813,-0.022627,-0.034567,0.876737,-0.479193,1.661573,1.058882,0.960970
15,0.062500,-0.034214,0.048563,-0.879597,0.471995,1.704369,0.969483,0.035993,0.004731,-0.011875,0.933502,-0.358344,1.477568,1.145681,0.042782,-0.020876,-0.034745,0.876826,-0.479097,1.661131,1.058339,0.961017
16,0.066667,-0.033972,0.048347,-0.879590,0.472049,1.704346,0.969488,0.036010,0.004370,-0.012712,0.933267,-0.358931,1.477474,1.145703,0.042774,-0.019241,-0.034009,0.877108,-0.478702,1.661074,1.058131,0.961164
17,0.070833,-0.033858,0.048163,-0.879601,0.472054,1.704341,0.969500,0.036011,0.004107,-0.013240,0.933085,-0.359388,1.477400,1.145794,0.042772,-0.018670,-0.034019,0.877183,-0.478585,1.660810,1.057697,0.961103
18,0.075000,-0.033694,0.048087,-0.879608,0.472062,1.704323,0.969495,0.036020,0.003908,-0.012821,0.932982,-0.359673,1.477319,1.145869,0.042803,-0.018698,-0.033597,0.877166,-0.478646,1.660614,1.057335,0.961151
19,0.079167,-0.033461,0.047912,-0.879605,0.472101,1.704305,0.969496,0.036034,0.003672,-0.012287,0.932871,-0.359983,1.477207,1.145954,0.042833,-0.019234,-0.033476,0.877714,-0.477627,1.660403,1.056825,0.960822
20,0.083333,-0.033162,0.047631,-0.879641,0.472084,1.704265,0.969498,0.036060,0.003443,-0.011459,0.932804,-0.360187,1.477091,1.146037,0.042831,-0.018481,-0.033682,0.877910,-0.477281,1.660154,1.056368,0.960858
21,0.087500,-0.032893,0.047387,-0.879658,0.472095,1.704250,0.969493,0.036085,0.003260,-0.010669,0.932770,-0.360301,1.476982,1.146167,0.042803,-0.017791,-0.033272,0.878101,-0.476986,1.659980,1.055970,0.961046
22,0.091667,-0.032705,0.047161,-0.879682,0.472087,1.704215,0.969495,0.036110,0.002960,-0.009291,0.932888,-0.360035,1.476882,1.146334,0.042751,-0.017937,-0.034512,0.877973,-0.477128,1.659265,1.055128,0.960940
23,0.095833,-0.032505,0.046960,-0.879690,0.472105,1.704194,0.969492,0.036114,0.002602,-0.007499,0.933057,-0.359640,1.476773,1.146536,0.042696,-0.016240,-0.034114,0.878285,-0.476643,1.659121,1.054810,0.961307
24,0.100000,-0.032147,0.046733,-0.879687,0.472158,1.704169,0.969494,0.036144,0.002264,-0.005756,0.933085,-0.359603,1.476597,1.146766,0.042647,-0.016488,-0.034010,0.878436,-0.476363,1.658814,1.054354,0.961330
25,0.104167,-0.034058,0.047821,-0.879529,0.472211,1.704310,0.969606,0.035950,0.001801,-0.004011,0.933164,-0.359425,1.476433,1.146922,0.042606,-0.015827,-0.032693,0.878944,-0.475540,1.659006,1.054330,0.961578
26,0.108333,-0.034023,0.047885,-0.879506,0.472249,1.704294,0.969604,0.035960,0.001602,-0.002805,0.933142,-0.359493,1.476283,1.147034,0.042591,-0.016701,-0.033375,0.878755,-0.475812,1.658383,1.053632,0.961506
27,0.112500,-0.033922,0.047824,-0.879500,0.472273,1.704292,0.969612,0.035954,0.001329,-0.001973,0.933124,-0.359548,1.476168,1.147136,0.042574,-0.015478,-0.031950,0.879406,-0.474747,1.658603,1.053741,0.961665
28,0.116667,-0.033859,0.047714,-0.879511,0.472268,1.704297,0.969616,0.035952,0.001145,-0.001350,0.933101,-0.359611,1.476093,1.147236,0.042548,-0.016481,-0.032669,0.879278,-0.474901,1.658056,1.053110,0.961252
29,0.120833,-0.033756,0.047651,-0.879533,0.472242,1.704286,0.969610,0.035953,0.000879,-0.000875,0.933146,-0.359496,1.476061,1.147295,0.042534,-0.015898,-0.032333,0.879620,-0.474311,1.657895,1.052825,0.961002
30,0.125000,-0.033832,0.047696,-0.879515,0.472265,1.704285,0.969623,0.035947,0.000659,-0.000576,0.933203,-0.359349,1.476059,1.147314,0.042541,-0.014695,-0.031828,0.880043,-0.473598,1.657550,1.052285,0.960763
31,0.129167,-0.033708,0.047573,-0.879551,0.472218,1.704281,0.969620,0.035957,0.000635,-0.000724,0.933200,-0.359356,1.476046,1.147327,0.042552,-0.013886,-0.031518,0.880385,-0.473008,1.657258,1.051787,0.960423
32,0.133333,-0.033639,0.047426,-0.879566,0.472210,1.704282,0.969624,0.035951,0.000677,-0.000950,0.933217,-0.359311,1.476041,1.147324,0.042548,-0.012848,-0.030648,0.880468,-0.472939,1.656921,1.051308,0.960429
33,0.137500,-0.033427,0.047258,-0.879599,0.472181,1.704262,0.969626,0.035977,0.000701,-0.001112,0.933240,-0.359252,1.476048,1.147314,0.042539,-0.012061,-0.029099,0.880877,-0.472296,1.656959,1.051025,0.960337
34,0.141667,-0.033570,0.047419,-0.879568,0.472213,1.704264,0.969632,0.035954,0.000738,-0.001186,0.933293,-0.359112,1.476065,1.147323,0.042527,-0.010999,-0.029642,0.881170,-0.471742,1.656589,1.050559,0.960090
35,0.145833,-0.033267,0.047149,-0.879591,0.472217,1.704256,0.969632,0.035966,0.000796,-0.001215,0.933334,-0.359007,1.476085,1.147328,0.042513,-0.010900,-0.030326,0.881328,-0.471406,1.655778,1.050068,0.959954
36,0.150000,-0.033102,0.046919,-0.879648,0.472146,1.704243,0.969628,0.035967,0.000922,-0.001331,0.933388,-0.358864,1.476110,1.147323,0.042490,-0.010037,-0.029915,0.881657,-0.470835,1.655426,1.049819,0.960043
37,0.154167,-0.033244,0.047068,-0.879658,0.472103,1.704249,0.969639,0.035947,0.001131,-0.001523,0.933429,-0.358759,1.476140,1.147320,0.042466,-0.011031,-0.029587,0.881784,-0.470596,1.654924,1.049588,0.960046
38,0.158333,-0.033161,0.046977,-0.879645,0.472143,1.704240,0.969639,0.035944,0.001204,-0.001532,0.933494,-0.358588,1.476171,1.147305,0.042456,-0.011994,-0.029097,0.881971,-0.470252,1.654507,1.049428,0.960080
39,0.162500,-0.032884,0.046846,-0.879635,0.472193,1.704214,0.969643,0.035963,0.002057,-0.003244,0.933445,-0.358701,1.476332,1.147297,0.042365,-0.012157,-0.029506,0.882278,-0.469646,1.654200,1.049259,0.959988
40,0.166667,-0.032771,0.046464,-0.879700,0.472118,1.704214,0.969658,0.035964,0.002564,-0.004136,0.933580,-0.358337,1.476483,1.147236,0.042291,-0.011988,-0.030294,0.882619,-0.468958,1.653888,1.049096,0.959852
41,0.170833,-0.032803,0.046461,-0.879715,0.472088,1.704203,0.969669,0.035942,0.003082,-0.005056,0.933714,-0.357970,1.476639,1.147157,0.042199,-0.012599,-0.030346,0.882813,-0.468573,1.653522,1.048999,0.959846
42,0.175000,-0.032296,0.045992,-0.879716,0.472167,1.704161,0.969671,0.035968,0.003321,-0.005499,0.933896,-0.357486,1.476499,1.147079,0.042119,-0.013655,-0.028463,0.883220,-0.467895,1.653669,1.049198,0.959973
43,0.179167,-0.032109,0.045674,-0.879736,0.472173,1.704105,0.969679,0.035984,0.003481,-0.005592,0.933946,-0.357354,1.476514,1.147071,0.042101,-0.014330,-0.028101,0.883361,-0.467630,1.653306,1.049155,0.960023
44,0.183333,-0.032187,0.045769,-0.879744,0.472144,1.704121,0.969688,0.035943,0.003562,-0.005854,0.933981,-0.357258,1.476530,1.147059,0.042083,-0.014456,-0.028037,0.883578,-0.467220,1.653015,1.049117,0.960009
45,0.187500,-0.032071,0.045627,-0.879743,0.472168,1.704098,0.969705,0.035933,0.003570,-0.006087,0.934059,-0.357050,1.476548,1.147034,0.042101,-0.014603,-0.029462,0.883625,-0.467039,1.652243,1.048843,0.959827
46,0.191667,-0.031815,0.045120,-0.879814,0.472101,1.704060,0.969715,0.035971,0.003961,-0.006215,0.934154,-0.356794,1.476842,1.146989,0.042078,-0.014297,-0.029032,0.883739,-0.466860,1.651815,1.048785,0.959968
47,0.195833,-0.031005,0.044083,-0.879877,0.472136,1.703976,0.969730,0.036060,0.004088,-0.006213,0.934223,-0.356613,1.476872,1.146956,0.042050,-0.014323,-0.028791,0.883955,-0.466465,1.651405,1.048674,0.959945
48,0.200000,-0.030775,0.043471,-0.879960,0.472053,1.703936,0.969741,0.036097,0.004205,-0.006361,0.934320,-0.356355,1.476908,1.146914,0.042046,-0.014607,-0.028399,0.884127,-0.466154,1.650994,1.048544,0.959921
49,0.204167,-0.030599,0.042729,-0.880028,0.472004,1.703914,0.969760,0.036135,0.004324,-0.006378,0.934394,-0.356157,1.476928,1.146874,0.042024,-0.014894,-0.028125,0.884270,-0.465890,1.650542,1.048383,0.959860
50,0.208333,-0.030455,0.042258,-0.880124,0.471878,1.703876,0.969772,0.036152,0.003826,-0.006469,0.934379,-0.356201,1.476652,1.146894,0.042037,-0.015069,-0.027738,0.884482,-0.465506,1.650166,1.048238,0.959798
51,0.212500,-0.030177,0.042064,-0.880161,0.471845,1.703828,0.969775,0.036164,0.003792,-0.006607,0.934398,-0.356149,1.476644,1.146882,0.042036,-0.015247,-0.027308,0.884726,-0.465061,1.649787,1.048107,0.959724
52,0.216667,-0.029638,0.041610,-0.880173,0.471895,1.703777,0.969790,0.036198,0.003756,-0.006913,0.934365,-0.356230,1.476629,1.146883,0.042040,-0.015175,-0.026949,0.884982,-0.464598,1.649426,1.047967,0.959674
53,0.220833,-0.029643,0.041271,-0.880220,0.471838,1.703753,0.969810,0.036194,0.003836,-0.007240,0.934400,-0.356131,1.476638,1.146858,0.042027,-0.015204,-0.027065,0.885255,-0.464069,1.649055,1.047795,0.959493
54,0.225000,-0.027159,0.039631,-0.880374,0.471840,1.703550,0.969718,0.036439,0.003806,-0.007223,0.934447,-0.356007,1.476640,1.146834,0.042028,-0.014811,-0.027335,0.885436,-0.463720,1.648623,1.047563,0.959409
55,0.229167,-0.027014,0.039613,-0.880336,0.471921,1.703523,0.969720,0.036443,0.003766,-0.007213,0.934481,-0.355919,1.476646,1.146821,0.042033,-0.014823,-0.027010,0.885632,-0.463364,1.648263,1.047412,0.959371
56,0.233333,-0.026899,0.039485,-0.880357,0.471899,1.703487,0.969735,0.036437,0.003751,-0.007392,0.934483,-0.355912,1.476649,1.146823,0.042031,-0.014684,-0.026812,0.885877,-0.462912,1.647930,1.047268,0.959291
57,0.237500,-0.026787,0.039088,-0.880412,0.471837,1.703470,0.969757,0.036449,0.003743,-0.007538,0.934490,-0.355889,1.476657,1.146824,0.042034,-0.014547,-0.026812,0.886123,-0.462445,1.647620,1.047143,0.959160
58,0.241667,-0.026689,0.038938,-0.880431,0.471818,1.703450,0.969774,0.036446,0.003815,-0.007539,0.934499,-0.355865,1.476662,1.146819,0.042025,-0.014363,-0.027018,0.886371,-0.461964,1.647313,1.046987,0.959019
59,0.245833,-0.026652,0.038918,-0.880429,0.471826,1.703426,0.969789,0.036443,0.003854,-0.007507,0.934530,-0.355783,1.476678,1.146813,0.042015,-0.014117,-0.026677,0.886705,-0.461350,1.647090,1.046901,0.958968
60,0.250000,-0.026544,0.038583,-0.880469,0.471785,1.703434,0.969817,0.036437,0.003881,-0.007410,0.934543,-0.355751,1.476686,1.146815,0.042003,-0.014307,-0.026519,0.886788,-0.461193,1.646768,1.046755,0.958972
61,0.254167,-0.026569,0.038715,-0.880403,0.471896,1.703398,0.969825,0.036432,0.003886,-0.007502,0.934524,-0.355799,1.476684,1.146825,0.041991,-0.014211,-0.026517,0.886838,-0.461099,1.646425,1.046601,0.959026
62,0.258333,-0.027395,0.040669,-0.880035,0.472370,1.703545,0.969858,0.036185,0.003891,-0.007451,0.934511,-0.355836,1.476674,1.146836,0.041992,-0.014188,-0.026667,0.886980,-0.460820,1.646195,1.046483,0.958954
63,0.262500,-0.027583,0.041345,-0.879842,0.472660,1.703574,0.969893,0.036089,0.003852,-0.007308,0.934505,-0.355854,1.476656,1.146849,0.041993,-0.014701,-0.026372,0.887136,-0.460520,1.645932,1.046406,0.958938
64,0.266667,-0.027459,0.041210,-0.879809,0.472741,1.703595,0.969912,0.036076,0.003753,-0.007352,0.934488,-0.355898,1.476637,1.146858,0.041987,-0.014692,-0.026223,0.887331,-0.460153,1.645731,1.046306,0.958938
65,0.270833,-0.027224,0.040349,-0.880036,0.472405,1.703497,0.969889,0.036181,0.003765,-0.007308,0.934489,-0.355897,1.476629,1.146852,0.041975,-0.014688,-0.025956,0.887632,-0.459587,1.645660,1.046283,0.958866
66,0.275000,-0.027159,0.040231,-0.880063,0.472370,1.703467,0.969897,0.036200,0.003699,-0.007266,0.934477,-0.355930,1.476609,1.146853,0.041976,-0.015335,-0.025444,0.887587,-0.459682,1.645381,1.046205,0.958987
67,0.279167,-0.027147,0.040188,-0.880052,0.472395,1.703466,0.969924,0.036190,0.004097,-0.007460,0.934448,-0.355998,1.476888,1.146839,0.041947,-0.015925,-0.025098,0.887643,-0.459573,1.645149,1.046157,0.958976
68,0.283333,-0.027049,0.040106,-0.880049,0.472412,1.703469,0.969919,0.036194,0.004132,-0.007485,0.934448,-0.355997,1.476901,1.146830,0.041931,-0.015680,-0.024909,0.887775,-0.459337,1.644988,1.046094,0.959035
69,0.287500,-0.027081,0.040057,-0.880083,0.472351,1.703463,0.969926,0.036179,0.004233,-0.007566,0.934438,-0.356020,1.476892,1.146832,0.041907,-0.015973,-0.024744,0.887807,-0.459273,1.644742,1.046052,0.959055
70,0.291667,-0.027074,0.039964,-0.880076,0.472373,1.703464,0.969937,0.036187,0.004334,-0.007490,0.934500,-0.355858,1.476908,1.146807,0.041889,-0.016257,-0.024465,0.887842,-0.459209,1.644543,1.046018,0.959119
71,0.295833,-0.026977,0.039976,-0.880064,0.472400,1.703456,0.969948,0.036181,0.004447,-0.007402,0.934548,-0.355731,1.476920,1.146784,0.041860,-0.016429,-0.024265,0.887886,-0.459129,1.644319,1.045974,0.959171
72,0.300000,-0.027057,0.039956,-0.880124,0.472286,1.703444,0.969947,0.036181,0.004524,-0.007401,0.934546,-0.355736,1.476911,1.146779,0.041832,-0.016496,-0.023876,0.887921,-0.459080,1.644103,1.045961,0.959267
73,0.304167,-0.026964,0.039962,-0.880137,0.472266,1.703442,0.969946,0.036180,0.004562,-0.007496,0.934542,-0.355745,1.476906,1.146770,0.041801,-0.016856,-0.023694,0.887887,-0.459141,1.643857,1.045937,0.959303
74,0.308333,-0.026943,0.039798,-0.880159,0.472240,1.703426,0.969957,0.036184,0.004588,-0.007547,0.934544,-0.355737,1.476900,1.146754,0.041788,-0.017050,-0.023689,0.887881,-0.459148,1.643606,1.045917,0.959302
75,0.312500,-0.026976,0.039796,-0.880173,0.472211,1.703434,0.969956,0.036186,0.004585,-0.007873,0.934550,-0.355716,1.476903,1.146736,0.041804,-0.017316,-0.023732,0.887876,-0.459143,1.643330,1.045870,0.959288
76,0.316667,-0.026856,0.039739,-0.880158,0.472251,1.703433,0.969964,0.036184,0.004591,-0.008007,0.934545,-0.355725,1.476892,1.146724,0.041792,-0.017387,-0.023857,0.887860,-0.459165,1.643059,1.045825,0.959274
77,0.320833,-0.026916,0.039697,-0.880196,0.472180,1.703437,0.969978,0.036169,0.004561,-0.008224,0.934515,-0.355799,1.476869,1.146720,0.041786,-0.017283,-0.024188,0.887900,-0.459075,1.642828,1.045812,0.959304
78,0.325000,-0.026942,0.039652,-0.880219,0.472140,1.703440,0.969980,0.036167,0.004559,-0.008400,0.934481,-0.355884,1.476853,1.146714,0.041785,-0.016909,-0.024411,0.887924,-0.459032,1.642612,1.045789,0.959350
79,0.329167,-0.026812,0.039508,-0.880196,0.472202,1.703426,0.969988,0.036177,0.004525,-0.008634,0.934440,-0.355988,1.476842,1.146709,0.041785,-0.015277,-0.025169,0.887963,-0.458971,1.642416,1.045763,0.959448
80,0.333333,-0.026727,0.039467,-0.880204,0.472195,1.703425,0.969984,0.036174,0.004451,-0.008876,0.934409,-0.356064,1.476830,1.146701,0.041790,-0.015889,-0.025199,0.888034,-0.458812,1.642212,1.045794,0.959310
81,0.337500,-0.026655,0.039300,-0.880225,0.472174,1.703422,0.969994,0.036177,0.004445,-0.009119,0.934367,-0.356168,1.476820,1.146697,0.041783,-0.016184,-0.025619,0.888049,-0.458749,1.641938,1.045805,0.959132
82,0.341667,-0.026564,0.039347,-0.880217,0.472190,1.703419,0.969996,0.036180,0.004457,-0.009454,0.934338,-0.356235,1.476815,1.146688,0.041781,-0.014884,-0.026842,0.887978,-0.458861,1.641718,1.045786,0.958971
83,0.345833,-0.026570,0.039292,-0.880260,0.472115,1.703408,0.970008,0.036183,0.004406,-0.009427,0.934320,-0.356282,1.476801,1.146680,0.041759,-0.007325,-0.035799,0.887862,-0.458656,1.642072,1.045642,0.958009
84,0.350000,-0.026503,0.039043,-0.880284,0.472094,1.703393,0.970016,0.036187,0.004408,-0.009602,0.934319,-0.356280,1.476800,1.146660,0.041752,-0.011776,-0.030605,0.887532,-0.459578,1.641441,1.045724,0.958445
85,0.354167,-0.026502,0.039199,-0.880268,0.472111,1.703387,0.970011,0.036187,0.004414,-0.009796,0.934328,-0.356253,1.476806,1.146641,0.041748,-0.010363,-0.031896,0.887416,-0.459748,1.641249,1.045599,0.958388
86,0.358333,-0.026345,0.038986,-0.880284,0.472109,1.703374,0.970020,0.036192,0.004452,-0.009936,0.934348,-0.356196,1.476815,1.146618,0.041748,-0.009135,-0.033159,0.887387,-0.459741,1.641034,1.045394,0.958320
87,0.362500,-0.026424,0.038934,-0.880291,0.472095,1.703371,0.970024,0.036181,0.004500,-0.010043,0.934367,-0.356141,1.476830,1.146594,0.041735,-0.010083,-0.032665,0.887357,-0.459815,1.640466,1.045288,0.958237
88,0.366667,-0.026205,0.038746,-0.880312,0.472083,1.703345,0.970044,0.036197,0.004534,-0.010245,0.934395,-0.356064,1.476839,1.146570,0.041737,-0.011334,-0.031149,0.887298,-0.460004,1.640036,1.045255,0.958412
89,0.370833,-0.026128,0.038550,-0.880321,0.472088,1.703326,0.970055,0.036198,0.004604,-0.010366,0.934419,-0.355996,1.476852,1.146543,0.041732,-0.012737,-0.029216,0.887229,-0.460227,1.639775,1.045272,0.958733
90,0.375000,-0.025967,0.038286,-0.880319,0.472121,1.703308,0.970069,0.036211,0.004637,-0.010399,0.934427,-0.355971,1.476864,1.146526,0.041731,-0.013688,-0.028252,0.887281,-0.460159,1.639427,1.045212,0.958882
91,0.379167,-0.026014,0.038300,-0.880321,0.472114,1.703310,0.970077,0.036194,0.004669,-0.010480,0.934453,-0.355901,1.476880,1.146502,0.041720,-0.014576,-0.029324,0.887491,-0.459661,1.638969,1.045010,0.958460
92,0.383333,-0.025925,0.038115,-0.880352,0.472075,1.703295,0.970095,0.036205,0.004740,-0.010629,0.934463,-0.355870,1.476886,1.146487,0.041713,-0.015311,-0.028062,0.887472,-0.459751,1.638693,1.044984,0.958775
93,0.387500,-0.025865,0.038076,-0.880318,0.472145,1.703264,0.970100,0.036198,0.004807,-0.010793,0.934475,-0.355831,1.476896,1.146474,0.041707,-0.015686,-0.029716,0.887693,-0.459208,1.638597,1.045596,0.960174
94,0.391667,-0.025749,0.037834,-0.880353,0.472107,1.703258,0.970115,0.036199,0.004814,-0.010825,0.934491,-0.355790,1.476897,1.146461,0.041713,-0.016353,-0.030221,0.887714,-0.459110,1.638422,1.045684,0.960214
95,0.395833,-0.025604,0.037567,-0.880384,0.472077,1.703231,0.970125,0.036214,0.004786,-0.010889,0.934493,-0.355783,1.476897,1.146449,0.041708,-0.016962,-0.031310,0.887628,-0.459182,1.638293,1.045776,0.960209
96,0.400000,-0.025683,0.037457,-0.880392,0.472068,1.703213,0.970143,0.036208,0.004844,-0.011025,0.934487,-0.355793,1.476895,1.146439,0.041700,-0.017797,-0.031730,0.887523,-0.459325,1.638153,1.045933,0.960305
97,0.404167,-0.025620,0.037411,-0.880403,0.472054,1.703209,0.970154,0.036211,0.004879,-0.011110,0.934500,-0.355757,1.476895,1.146429,0.041698,-0.018453,-0.031984,0.887385,-0.459548,1.638023,1.046048,0.960405
98,0.408333,-0.025542,0.037328,-0.880386,0.472096,1.703189,0.970159,0.036217,0.004858,-0.011106,0.934503,-0.355749,1.476891,1.146422,0.041704,-0.019235,-0.032357,0.887225,-0.459798,1.637903,1.046142,0.960418
99,0.412500,-0.025525,0.037187,-0.880396,0.472090,1.703182,0.970170,0.036223,0.004847,-0.011265,0.934499,-0.355755,1.476888,1.146416,0.041708,-0.019964,-0.032840,0.887046,-0.460079,1.637721,1.046213,0.960441
100,0.416667,-0.025517,0.037293,-0.880340,0.472185,1.703170,0.970173,0.036213,0.004822,-0.011220,0.934499,-0.355757,1.476883,1.146416,0.041707,-0.020778,-0.033172,0.886905,-0.460291,1.637558,1.046244,0.960403
101,0.420833,-0.025401,0.037115,-0.880357,0.472175,1.703158,0.970184,0.036229,0.004838,-0.011247,0.934468,-0.355837,1.476867,1.146423,0.041710,-0.021923,-0.032807,0.885537,-0.462890,1.636684,1.045808,0.960322
102,0.425000,-0.025488,0.037167,-0.880351,0.472177,1.703159,0.970182,0.036222,0.004802,-0.011243,0.934460,-0.355859,1.476858,1.146428,0.041711,-0.022424,-0.033183,0.885503,-0.462904,1.636451,1.045790,0.960278
103,0.429167,-0.025428,0.037097,-0.880338,0.472209,1.703158,0.970191,0.036237,0.004764,-0.011238,0.934449,-0.355887,1.476852,1.146432,0.041710,-0.023058,-0.033502,0.885574,-0.462714,1.636201,1.045788,0.960183
104,0.433333,-0.025433,0.036988,-0.880362,0.472174,1.703168,0.970200,0.036233,0.004736,-0.011247,0.934435,-0.355925,1.476840,1.146437,0.041710,-0.024036,-0.033522,0.885667,-0.462486,1.635948,1.045765,0.960086
105,0.437500,-0.025419,0.037058,-0.880343,0.472204,1.703177,0.970198,0.036226,0.004780,-0.011346,0.934403,-0.356004,1.476825,1.146443,0.041703,-0.024477,-0.033872,0.885843,-0.462100,1.635639,1.045721,0.959961
106,0.441667,-0.025420,0.036959,-0.880363,0.472174,1.703165,0.970209,0.036230,0.004784,-0.011582,0.934388,-0.356035,1.476818,1.146453,0.041702,-0.025373,-0.034161,0.885972,-0.461782,1.635335,1.045649,0.959853
107,0.445833,-0.025477,0.036971,-0.880353,0.472190,1.703175,0.970212,0.036228,0.004777,-0.011531,0.934377,-0.356067,1.476811,1.146455,0.041699,-0.025936,-0.034306,0.886138,-0.461422,1.635060,1.045624,0.959858
108,0.450000,-0.025384,0.036924,-0.880377,0.472153,1.703169,0.970215,0.036241,0.004786,-0.011513,0.934354,-0.356128,1.476806,1.146461,0.041692,-0.026120,-0.034153,0.886305,-0.461101,1.634829,1.045595,0.959922
109,0.454167,-0.025461,0.036970,-0.880372,0.472155,1.703173,0.970223,0.036234,0.004804,-0.011699,0.934343,-0.356150,1.476816,1.146459,0.041709,-0.026834,-0.034134,0.886438,-0.460806,1.634582,1.045559,0.959857
110,0.458333,-0.025402,0.036937,-0.880382,0.472142,1.703168,0.970221,0.036241,0.004787,-0.011751,0.934315,-0.356222,1.476812,1.146466,0.041704,-0.027376,-0.033779,0.886589,-0.460510,1.634353,1.045544,0.959866
111,0.462500,-0.025340,0.036849,-0.880369,0.472176,1.703157,0.970220,0.036255,0.004817,-0.011516,0.934287,-0.356303,1.476795,1.146480,0.041680,-0.028237,-0.033666,0.886681,-0.460290,1.634091,1.045510,0.959793
112,0.466667,-0.025336,0.036837,-0.880396,0.472127,1.703161,0.970216,0.036265,0.004763,-0.011495,0.934285,-0.356310,1.476797,1.146487,0.041675,-0.028758,-0.033767,0.886733,-0.460148,1.633883,1.045517,0.959761
113,0.470833,-0.025395,0.036931,-0.880390,0.472128,1.703171,0.970220,0.036264,0.004793,-0.011478,0.934265,-0.356362,1.476795,1.146496,0.041675,-0.029243,-0.033785,0.886780,-0.460028,1.633656,1.045495,0.959746
114,0.475000,-0.025315,0.036890,-0.880384,0.472147,1.703155,0.970221,0.036277,0.004905,-0.011722,0.934224,-0.356461,1.476804,1.146498,0.041679,-0.029766,-0.033829,0.886790,-0.459971,1.633468,1.045524,0.959677
115,0.479167,-0.025171,0.036744,-0.880403,0.472130,1.703145,0.970203,0.036292,0.004890,-0.011706,0.934207,-0.356505,1.476809,1.146505,0.041672,-0.030021,-0.033899,0.886823,-0.459885,1.633300,1.045544,0.959677
116,0.483333,-0.024961,0.036723,-0.880397,0.472154,1.703121,0.970190,0.036331,0.004818,-0.011520,0.934162,-0.356631,1.476814,1.146524,0.041650,-0.029607,-0.034132,0.886887,-0.459771,1.633216,1.045604,0.959702
117,0.487500,-0.024767,0.036678,-0.880389,0.472182,1.703093,0.970181,0.036351,0.004737,-0.011563,0.934085,-0.356833,1.476850,1.146527,0.041636,-0.029683,-0.034299,0.886878,-0.459772,1.633047,1.045636,0.959708
118,0.491667,-0.026325,0.037646,-0.880275,0.472235,1.703240,0.970254,0.036182,0.004833,-0.011621,0.934102,-0.356784,1.476834,1.146539,0.041638,-0.030115,-0.034829,0.886753,-0.459945,1.632781,1.045606,0.959654
119,0.495833,-0.026193,0.037625,-0.880299,0.472200,1.703252,0.970242,0.036194,0.004798,-0.011482,0.934100,-0.356793,1.476832,1.146545,0.041632,-0.029621,-0.035215,0.886758,-0.459938,1.632615,1.045616,0.959715
120,0.500000,-0.026185,0.037672,-0.880263,0.472262,1.703264,0.970246,0.036206,0.004803,-0.011344,0.934071,-0.356875,1.476833,1.146553,0.041638,-0.029627,-0.035848,0.886766,-0.459872,1.632451,1.045623,0.959628
121,0.504167,-0.026364,0.037768,-0.880266,0.472240,1.703288,0.970252,0.036206,0.004842,-0.011351,0.934036,-0.356965,1.476819,1.146568,0.041648,-0.029751,-0.036412,0.886781,-0.459792,1.632255,1.045603,0.959567
122,0.508333,-0.026310,0.037696,-0.880280,0.472222,1.703286,0.970249,0.036234,0.004055,-0.010390,0.934161,-0.356677,1.476569,1.146527,0.041706,-0.029956,-0.036734,0.886798,-0.459719,1.632117,1.045612,0.959517
123,0.512500,-0.026291,0.037847,-0.880264,0.472241,1.703292,0.970244,0.036246,0.003974,-0.010302,0.934115,-0.356802,1.476539,1.146559,0.041728,-0.030015,-0.037134,0.886849,-0.459587,1.631951,1.045619,0.959436
124,0.516667,-0.026357,0.037865,-0.880274,0.472217,1.703303,0.970245,0.036253,0.003699,-0.010483,0.933944,-0.357246,1.476541,1.146628,0.041727,-0.030201,-0.037221,0.886903,-0.459462,1.631798,1.045627,0.959369
125,0.520833,-0.026434,0.038068,-0.880226,0.472287,1.703309,0.970239,0.036264,0.003562,-0.010607,0.933854,-0.357480,1.476515,1.146658,0.041743,-0.030332,-0.037885,0.886963,-0.459283,1.631637,1.045616,0.959240
126,0.525000,-0.026437,0.038129,-0.880244,0.472248,1.703330,0.970231,0.036279,0.003428,-0.010448,0.933814,-0.357590,1.476490,1.146673,0.041767,-0.030590,-0.038490,0.887009,-0.459127,1.631466,1.045600,0.959140
127,0.529167,-0.026493,0.038151,-0.880209,0.472308,1.703330,0.970228,0.036285,0.003283,-0.010097,0.933817,-0.357593,1.476472,1.146678,0.041794,-0.030754,-0.037183,0.887054,-0.459136,1.631232,1.045597,0.959479
128,0.533333,-0.026623,0.038295,-0.880177,0.472349,1.703345,0.970237,0.036279,0.003165,-0.010182,0.933772,-0.357710,1.476467,1.146697,0.041798,-0.031496,-0.035976,0.886941,-0.459401,1.631253,1.045744,0.959791
129,0.537500,-0.026696,0.038344,-0.880199,0.472299,1.703356,0.970238,0.036306,0.003138,-0.010750,0.933653,-0.358004,1.476503,1.146722,0.041749,-0.033328,-0.036257,0.886800,-0.459522,1.631104,1.045819,0.959712
130,0.541667,-0.026769,0.038435,-0.880208,0.472270,1.703377,0.970246,0.036290,0.003007,-0.011378,0.933588,-0.358155,1.476538,1.146711,0.041668,-0.033734,-0.035827,0.886693,-0.459732,1.631061,1.045929,0.960017
131,0.545833,-0.026864,0.038682,-0.880144,0.472365,1.703378,0.970241,0.036304,0.002981,-0.010895,0.933557,-0.358250,1.476491,1.146726,0.041727,-0.033328,-0.038152,0.886961,-0.459057,1.630806,1.045741,0.959762
132,0.550000,-0.026813,0.038491,-0.880190,0.472298,1.703393,0.970255,0.036329,0.003859,-0.011359,0.933484,-0.358420,1.476805,1.146757,0.041693,-0.033726,-0.038069,0.886923,-0.459109,1.630715,1.045800,0.959917
133,0.554167,-0.026912,0.038754,-0.880168,0.472312,1.703401,0.970249,0.036330,0.003959,-0.011590,0.933423,-0.358569,1.476831,1.146776,0.041666,-0.034935,-0.037171,0.886658,-0.459604,1.630491,1.045829,0.960245
134,0.558333,-0.027042,0.038793,-0.880172,0.472293,1.703409,0.970261,0.036335,0.004152,-0.011376,0.933396,-0.358645,1.476829,1.146804,0.041696,-0.035303,-0.037448,0.886558,-0.459746,1.630344,1.045822,0.960435
135,0.562500,-0.027225,0.039025,-0.880139,0.472325,1.703431,0.970269,0.036340,0.004320,-0.010439,0.933533,-0.358312,1.476831,1.146809,0.041742,-0.035406,-0.038225,0.886685,-0.459429,1.630341,1.045862,0.960355
136,0.566667,-0.027235,0.038996,-0.880148,0.472310,1.703431,0.970280,0.036364,0.004388,-0.010187,0.933544,-0.358291,1.476836,1.146828,0.041750,-0.035531,-0.037971,0.886708,-0.459396,1.630300,1.045939,0.960486
137,0.570833,-0.027339,0.039218,-0.880152,0.472278,1.703447,0.970275,0.036367,0.004545,-0.010030,0.933560,-0.358252,1.476865,1.146815,0.041743,-0.035708,-0.038144,0.886716,-0.459352,1.630252,1.045976,0.960539
138,0.575000,-0.027562,0.039448,-0.880119,0.472308,1.703478,0.970290,0.036376,0.003638,-0.008848,0.933609,-0.358165,1.476580,1.146824,0.041825,-0.036068,-0.038949,0.886584,-0.459512,1.630117,1.045934,0.960597
139,0.579167,-0.027825,0.039476,-0.880111,0.472306,1.703497,0.970305,0.036399,0.003594,-0.008631,0.933634,-0.358106,1.476526,1.146809,0.041866,-0.036076,-0.039279,0.886523,-0.459601,1.630066,1.045936,0.960674
140,0.583333,-0.027934,0.039500,-0.880116,0.472287,1.703517,0.970324,0.036438,0.003521,-0.008753,0.933542,-0.358344,1.476456,1.146863,0.041906,-0.036997,-0.039729,0.886556,-0.459426,1.629904,1.045941,0.960479
141,0.587500,-0.027999,0.039520,-0.880121,0.472273,1.703512,0.970343,0.036491,0.003418,-0.008892,0.933416,-0.358669,1.476410,1.146904,0.041938,-0.037180,-0.039741,0.886521,-0.459476,1.629861,1.045985,0.960471
142,0.591667,-0.028362,0.039775,-0.880122,0.472227,1.703546,0.970364,0.036496,0.004078,-0.009429,0.933328,-0.358877,1.476718,1.146893,0.041934,-0.037179,-0.040005,0.886488,-0.459518,1.629829,1.045981,0.960515
143,0.595833,-0.028502,0.039970,-0.880138,0.472173,1.703556,0.970380,0.036529,0.004058,-0.009391,0.933297,-0.358960,1.476735,1.146901,0.041940,-0.037292,-0.040245,0.886442,-0.459576,1.629809,1.045979,0.960553
144,0.600000,-0.028814,0.040051,-0.880161,0.472103,1.703580,0.970401,0.036549,0.004095,-0.009363,0.933280,-0.359005,1.476747,1.146914,0.041941,-0.037598,-0.040499,0.886395,-0.459620,1.629782,1.045982,0.960560
145,0.604167,-0.029017,0.040233,-0.880170,0.472059,1.703612,0.970417,0.036566,0.004206,-0.009332,0.933236,-0.359118,1.476768,1.146933,0.041927,-0.038243,-0.040541,0.886299,-0.459748,1.629724,1.046004,0.960622
146,0.608333,-0.029401,0.040559,-0.880146,0.472052,1.703632,0.970448,0.036576,0.004290,-0.009258,0.933195,-0.359227,1.476785,1.146952,0.041916,-0.038782,-0.040561,0.886243,-0.459808,1.629719,1.046049,0.960668
147,0.612500,-0.029607,0.040826,-0.880108,0.472087,1.703647,0.970463,0.036611,0.004413,-0.009052,0.933192,-0.359237,1.476809,1.146971,0.041910,-0.039494,-0.040605,0.886192,-0.459843,1.629697,1.046103,0.960721
148,0.616667,-0.029462,0.040779,-0.879947,0.472401,1.703585,0.970487,0.036701,0.004542,-0.008883,0.933231,-0.359138,1.476843,1.146965,0.041899,-0.040154,-0.040611,0.886126,-0.459912,1.629692,1.046190,0.960799
149,0.620833,-0.029479,0.040931,-0.879730,0.472790,1.703511,0.970563,0.036799,0.004617,-0.008604,0.933241,-0.359117,1.476871,1.146965,0.041896,-0.040740,-0.040839,0.886098,-0.459894,1.629729,1.046346,0.960917
150,0.625000,-0.029553,0.041116,-0.879556,0.473093,1.703457,0.970658,0.036905,0.004698,-0.008436,0.933253,-0.359091,1.476890,1.146965,0.041889,-0.042047,-0.041598,0.886098,-0.459708,1.629755,1.046546,0.960892
151,0.629167,-0.029902,0.041416,-0.879462,0.473220,1.703474,0.970660,0.036939,0.004770,-0.008260,0.933244,-0.359115,1.476902,1.146966,0.041887,-0.043548,-0.041919,0.886010,-0.459709,1.629757,1.046781,0.961075
152,0.633333,-0.029908,0.041394,-0.879448,0.473248,1.703487,0.970634,0.036992,0.004805,-0.008158,0.933244,-0.359118,1.476915,1.146967,0.041883,-0.045170,-0.042012,0.885898,-0.459759,1.629742,1.047045,0.961301
153,0.637500,-0.030152,0.041545,-0.879426,0.473260,1.703503,0.970618,0.037003,0.004847,-0.008119,0.933221,-0.359179,1.476925,1.146970,0.041878,-0.045972,-0.042560,0.885806,-0.459808,1.629809,1.047204,0.961451
154,0.641667,-0.030249,0.041593,-0.879388,0.473320,1.703518,0.970608,0.037028,0.004803,-0.008087,0.933204,-0.359224,1.476933,1.146974,0.041875,-0.046861,-0.042731,0.885682,-0.459942,1.629863,1.047356,0.961569
155,0.645833,-0.030161,0.041551,-0.879381,0.473342,1.703513,0.970595,0.037053,0.004808,-0.008059,0.933167,-0.359320,1.476926,1.146989,0.041882,-0.047087,-0.042519,0.885539,-0.460213,1.630065,1.047511,0.961758
156,0.650000,-0.030197,0.041535,-0.879390,0.473325,1.703505,0.970577,0.037065,0.004746,-0.007908,0.933131,-0.359420,1.476920,1.147002,0.041894,-0.046783,-0.041719,0.885390,-0.460603,1.630159,1.047637,0.961881
157,0.654167,-0.030269,0.041615,-0.879367,0.473356,1.703512,0.970574,0.037069,0.004704,-0.008047,0.932985,-0.359795,1.476914,1.147090,0.041910,-0.052780,-0.042719,0.884855,-0.460892,1.629652,1.047186,0.961595
158,0.658333,-0.030244,0.041521,-0.879407,0.473292,1.703509,0.970553,0.037079,0.004450,-0.007611,0.932899,-0.360029,1.476875,1.147159,0.041947,-0.053582,-0.043409,0.884960,-0.460534,1.629732,1.047231,0.961120
159,0.662500,-0.030111,0.041482,-0.879366,0.473379,1.703484,0.970529,0.037103,0.004000,-0.007589,0.932746,-0.360433,1.476837,1.147298,0.041952,-0.053918,-0.043487,0.885047,-0.460318,1.629703,1.047265,0.961028
160,0.666667,-0.030339,0.041591,-0.879351,0.473384,1.703510,0.970515,0.037085,0.003841,-0.007956,0.932468,-0.361144,1.476873,1.147438,0.041961,-0.054159,-0.043665,0.885191,-0.459997,1.629701,1.047334,0.960931
161,0.670833,-0.030171,0.041513,-0.879357,0.473389,1.703496,0.970503,0.037113,0.003899,-0.008924,0.932292,-0.361575,1.476959,1.147495,0.041904,-0.053791,-0.044802,0.885407,-0.459516,1.629787,1.047450,0.960656
162,0.675000,-0.030144,0.041408,-0.879354,0.473406,1.703471,0.970483,0.037128,0.003953,-0.009504,0.932181,-0.361847,1.477022,1.147513,0.041888,-0.052257,-0.045988,0.885596,-0.459210,1.629949,1.047660,0.960509
163,0.679167,-0.030002,0.041371,-0.879328,0.473466,1.703457,0.970467,0.037153,0.003933,-0.009551,0.932154,-0.361916,1.477064,1.147505,0.041882,-0.051317,-0.046303,0.885807,-0.458878,1.630129,1.047945,0.960456
164,0.683333,-0.029883,0.041267,-0.879380,0.473386,1.703448,0.970452,0.037149,0.003894,-0.009321,0.932174,-0.361871,1.477064,1.147524,0.041890,-0.051624,-0.047135,0.885930,-0.458521,1.630196,1.048146,0.960283
165,0.687500,-0.029987,0.041323,-0.879363,0.473406,1.703445,0.970438,0.037140,0.003883,-0.008918,0.932201,-0.361811,1.477052,1.147515,0.041915,-0.051630,-0.048799,0.885980,-0.458249,1.630322,1.048323,0.960066
166,0.691667,-0.029940,0.041243,-0.879407,0.473336,1.703447,0.970421,0.037124,0.003799,-0.008379,0.932241,-0.361720,1.477022,1.147505,0.041949,-0.052150,-0.049764,0.886028,-0.457994,1.630451,1.048579,0.959863
167,0.695833,-0.029827,0.041170,-0.879389,0.473382,1.703411,0.970404,0.037145,0.003742,-0.007584,0.932274,-0.361655,1.476978,1.147502,0.041988,-0.052909,-0.050825,0.886046,-0.457755,1.630546,1.048827,0.959679
168,0.700000,-0.029769,0.041074,-0.879407,0.473361,1.703388,0.970390,0.037146,0.003698,-0.007348,0.932336,-0.361501,1.476976,1.147455,0.042002,-0.053856,-0.051810,0.885989,-0.457645,1.630717,1.049219,0.959502
169,0.704167,-0.029756,0.041005,-0.879409,0.473364,1.703368,0.970389,0.037148,0.003721,-0.007147,0.932363,-0.361434,1.476969,1.147428,0.042010,-0.054773,-0.052606,0.885929,-0.457562,1.630870,1.049567,0.959426
170,0.708333,-0.029826,0.041003,-0.879568,0.473064,1.703442,0.970297,0.037077,0.003747,-0.007076,0.932338,-0.361501,1.476960,1.147422,0.042018,-0.055522,-0.053358,0.885870,-0.457498,1.631031,1.049938,0.959388
171,0.712500,-0.029923,0.040984,-0.879624,0.472955,1.703453,0.970273,0.037049,0.003748,-0.007096,0.932311,-0.361568,1.476962,1.147426,0.042027,-0.056311,-0.054278,0.885789,-0.457451,1.631177,1.050325,0.959362
172,0.716667,-0.030130,0.040991,-0.879828,0.472561,1.703551,0.970235,0.036968,0.003726,-0.007034,0.932324,-0.361537,1.476971,1.147418,0.042024,-0.056971,-0.054724,0.885746,-0.457398,1.631290,1.050710,0.959463
173,0.720833,-0.029931,0.040904,-0.879836,0.472566,1.703516,0.970221,0.036987,0.003698,-0.007015,0.932277,-0.361659,1.476970,1.147428,0.042034,-0.057475,-0.055625,0.885641,-0.457431,1.631460,1.051139,0.959508
174,0.725000,-0.029868,0.040725,-0.879946,0.472383,1.703512,0.970235,0.036960,0.003670,-0.007143,0.932239,-0.361754,1.476984,1.147436,0.042030,-0.058122,-0.056493,0.885568,-0.457383,1.631678,1.051655,0.959511
175,0.729167,-0.029684,0.040515,-0.879966,0.472374,1.703468,0.970253,0.036960,0.003716,-0.007379,0.932201,-0.361846,1.476997,1.147444,0.042019,-0.058594,-0.058559,0.885435,-0.457320,1.632024,1.052243,0.959291
176,0.733333,-0.029657,0.040302,-0.880026,0.472282,1.703469,0.970268,0.036930,0.003746,-0.007421,0.932167,-0.361934,1.476995,1.147455,0.042016,-0.060541,-0.058838,0.885252,-0.457386,1.632272,1.052888,0.959284
177,0.737500,-0.029186,0.039964,-0.880074,0.472252,1.703411,0.970273,0.036950,0.003758,-0.007516,0.932144,-0.361990,1.477000,1.147452,0.042015,-0.061948,-0.060757,0.884973,-0.457487,1.632518,1.053578,0.959032
178,0.741667,-0.029185,0.039835,-0.880124,0.472168,1.703397,0.970297,0.036925,0.003776,-0.007598,0.932125,-0.362036,1.477004,1.147445,0.042010,-0.062994,-0.062439,0.884727,-0.457594,1.632915,1.054288,0.958851
179,0.745833,-0.029101,0.039671,-0.880160,0.472121,1.703375,0.970326,0.036918,0.003823,-0.007652,0.932113,-0.362066,1.477011,1.147439,0.042005,-0.064084,-0.063967,0.884483,-0.457703,1.633250,1.055031,0.958743
180,0.750000,-0.028717,0.039512,-0.880171,0.472136,1.703316,0.970335,0.036936,0.003805,-0.007611,0.932133,-0.362015,1.477017,1.147424,0.042008,-0.065225,-0.064897,0.884276,-0.457810,1.633597,1.055743,0.958756
181,0.754167,-0.028370,0.039091,-0.880251,0.472043,1.703291,0.970348,0.036931,0.003869,-0.007740,0.932120,-0.362047,1.477020,1.147418,0.041994,-0.066565,-0.065131,0.884094,-0.457934,1.633890,1.056405,0.958948
182,0.758333,-0.028243,0.038908,-0.880304,0.471967,1.703263,0.970372,0.036902,0.003914,-0.007882,0.932128,-0.362021,1.477030,1.147405,0.041996,-0.068014,-0.064628,0.883954,-0.458065,1.634101,1.057005,0.959385
183,0.762500,-0.027895,0.038784,-0.880304,0.471999,1.703210,0.970387,0.036924,0.003912,-0.007906,0.932124,-0.362031,1.477037,1.147394,0.041990,-0.068677,-0.065012,0.883877,-0.458060,1.634334,1.057569,0.959734
184,0.766667,-0.028114,0.038565,-0.880392,0.471839,1.703214,0.970434,0.036875,0.003931,-0.007997,0.932130,-0.362014,1.477047,1.147385,0.041986,-0.068532,-0.066253,0.884040,-0.457589,1.634679,1.058150,0.959819
185,0.770833,-0.027719,0.038188,-0.880499,0.471694,1.703185,0.970453,0.036874,0.003970,-0.008155,0.932129,-0.362014,1.477048,1.147375,0.041985,-0.067368,-0.065484,0.884002,-0.457946,1.634791,1.058373,0.959608
186,0.775000,-0.027489,0.038089,-0.880482,0.471747,1.703145,0.970488,0.036879,0.003963,-0.008199,0.932142,-0.361978,1.477058,1.147365,0.041989,-0.069368,-0.066524,0.884412,-0.456704,1.635057,1.059090,0.959494
187,0.779167,-0.027410,0.037901,-0.880599,0.471548,1.703131,0.970500,0.036853,0.003944,-0.008337,0.932135,-0.361993,1.477056,1.147361,0.041983,-0.070395,-0.068029,0.884716,-0.455735,1.635336,1.059908,0.959383
188,0.783333,-0.027113,0.037801,-0.880607,0.471559,1.703086,0.970525,0.036853,0.003984,-0.008348,0.932142,-0.361974,1.477057,1.147355,0.041989,-0.070258,-0.070233,0.885005,-0.454860,1.635772,1.060689,0.958975
189,0.787500,-0.027194,0.037751,-0.880642,0.471493,1.703080,0.970558,0.036810,0.004050,-0.008576,0.932135,-0.361987,1.477068,1.147343,0.041982,-0.070809,-0.070973,0.885251,-0.454180,1.636074,1.061395,0.958814
190,0.791667,-0.026915,0.037462,-0.880774,0.471285,1.703047,0.970556,0.036804,0.004046,-0.008638,0.932128,-0.362004,1.477074,1.147347,0.041992,-0.071499,-0.071628,0.885480,-0.453521,1.636532,1.062147,0.958580
191,0.795833,-0.026716,0.037202,-0.880820,0.471231,1.703024,0.970577,0.036784,0.004059,-0.008696,0.932131,-0.361995,1.477081,1.147339,0.041993,-0.071946,-0.072622,0.885698,-0.452868,1.636949,1.062922,0.958300
192,0.800000,-0.026680,0.037293,-0.880845,0.471179,1.702989,0.970583,0.036756,0.004119,-0.008802,0.932136,-0.361977,1.477097,1.147320,0.041994,-0.071556,-0.073599,0.885882,-0.452412,1.637324,1.063678,0.958157
193,0.804167,-0.026319,0.036900,-0.880965,0.471005,1.702942,0.970593,0.036766,0.004170,-0.008996,0.932140,-0.361961,1.477120,1.147305,0.041993,-0.064361,-0.074595,0.886532,-0.452056,1.637675,1.063614,0.958056
194,0.808333,-0.026220,0.036727,-0.881070,0.470828,1.702914,0.970613,0.036738,0.004225,-0.009069,0.932139,-0.361963,1.477137,1.147290,0.042004,-0.066219,-0.075833,0.886912,-0.450834,1.638174,1.064526,0.957522
195,0.812500,-0.026212,0.036694,-0.881109,0.470758,1.702882,0.970653,0.036719,0.004226,-0.009242,0.932127,-0.361989,1.477154,1.147277,0.042009,-0.067161,-0.077456,0.887423,-0.449412,1.638678,1.065420,0.956902
196,0.816667,-0.025936,0.036465,-0.881209,0.470605,1.702842,0.970666,0.036718,0.004338,-0.009357,0.932115,-0.362017,1.477168,1.147270,0.042007,-0.067648,-0.078559,0.887953,-0.448098,1.639215,1.066306,0.956305
197,0.820833,-0.026035,0.036422,-0.881286,0.470458,1.702830,0.970708,0.036682,0.004448,-0.009576,0.932092,-0.362068,1.477189,1.147255,0.042004,-0.068158,-0.079733,0.888468,-0.446790,1.639837,1.067216,0.955757
198,0.825000,-0.025919,0.036335,-0.881334,0.470382,1.702781,0.970732,0.036679,0.004493,-0.009664,0.932072,-0.362116,1.477212,1.147242,0.042018,-0.068113,-0.082316,0.888638,-0.445991,1.640269,1.067974,0.955469
199,0.829167,-0.025876,0.036270,-0.881439,0.470191,1.702754,0.970757,0.036653,0.004579,-0.009831,0.932054,-0.362157,1.477234,1.147234,0.042022,-0.069051,-0.083559,0.888856,-0.445180,1.640761,1.068804,0.955204
200,0.833333,-0.025603,0.035946,-0.881543,0.470037,1.702703,0.970784,0.036672,0.004631,-0.009909,0.932028,-0.362221,1.477248,1.147231,0.042029,-0.070221,-0.086170,0.888839,-0.444533,1.641208,1.069502,0.955180
201,0.837500,-0.025605,0.035688,-0.881641,0.469872,1.702684,0.970836,0.036658,0.004689,-0.009816,0.932010,-0.362269,1.477266,1.147223,0.042048,-0.071363,-0.087930,0.888837,-0.444010,1.641699,1.070287,0.955181
202,0.841667,-0.025666,0.035741,-0.881707,0.469741,1.702661,0.970872,0.036651,0.004766,-0.009725,0.931997,-0.362305,1.477294,1.147215,0.042068,-0.071774,-0.082364,0.888953,-0.444779,1.643020,1.071334,0.956040
203,0.845833,-0.025698,0.035756,-0.881787,0.469588,1.702616,0.970917,0.036664,0.004791,-0.009617,0.931969,-0.362380,1.477316,1.147205,0.042099,-0.073490,-0.084181,0.888904,-0.444255,1.643734,1.072268,0.955853
204,0.850000,-0.026003,0.036006,-0.881806,0.469517,1.702612,0.970982,0.036642,0.004883,-0.009502,0.931928,-0.362487,1.477348,1.147200,0.042119,-0.075264,-0.086276,0.888623,-0.444119,1.644465,1.073265,0.955764
205,0.854167,-0.026096,0.036095,-0.881877,0.469371,1.702587,0.971035,0.036647,0.004996,-0.009481,0.931847,-0.362693,1.477367,1.147210,0.042150,-0.077134,-0.088407,0.888428,-0.443769,1.645292,1.074261,0.955474
206,0.858333,-0.026364,0.036339,-0.881894,0.469305,1.702587,0.971117,0.036639,0.005088,-0.009349,0.931751,-0.362942,1.477377,1.147231,0.042196,-0.077354,-0.088764,0.888342,-0.443831,1.645911,1.075074,0.955929
207,0.862500,-0.026530,0.036447,-0.881974,0.469138,1.702588,0.971174,0.036641,0.005186,-0.009362,0.931654,-0.363189,1.477401,1.147243,0.042229,-0.078423,-0.089259,0.888076,-0.444076,1.646595,1.076179,0.956017
208,0.866667,-0.026698,0.036908,-0.881899,0.469233,1.702568,0.971239,0.036635,0.005300,-0.009210,0.931505,-0.363574,1.477414,1.147285,0.042288,-0.081514,-0.092023,0.887664,-0.443780,1.647566,1.077436,0.955411
209,0.870833,-0.026917,0.037065,-0.881974,0.469067,1.702559,0.971293,0.036641,0.005413,-0.009184,0.931354,-0.363959,1.477442,1.147304,0.042330,-0.082020,-0.088351,0.888178,-0.443403,1.648627,1.077690,0.956717
210,0.875000,-0.027103,0.037263,-0.881998,0.468994,1.702534,0.971325,0.036666,0.005530,-0.009160,0.931207,-0.364333,1.477471,1.147321,0.042375,-0.082072,-0.089831,0.887828,-0.443798,1.649184,1.078325,0.957264
211,0.879167,-0.027372,0.037533,-0.882019,0.468919,1.702516,0.971364,0.036673,0.005643,-0.009256,0.931050,-0.364731,1.477509,1.147335,0.042424,-0.081512,-0.089964,0.887805,-0.443920,1.649729,1.079028,0.957845
212,0.883333,-0.026686,0.037323,-0.882092,0.468838,1.702527,0.971408,0.036846,0.005724,-0.009334,0.930900,-0.365110,1.477551,1.147347,0.042471,-0.081890,-0.089761,0.887872,-0.443757,1.650181,1.079710,0.958275
213,0.887500,-0.026525,0.036979,-0.882154,0.468757,1.702477,0.971464,0.036924,0.005870,-0.009400,0.930761,-0.365461,1.477599,1.147349,0.042523,-0.081216,-0.088212,0.888338,-0.443260,1.650685,1.080557,0.958745
214,0.891667,-0.026399,0.036875,-0.882171,0.468740,1.702387,0.971533,0.037029,0.006144,-0.009181,0.930629,-0.365798,1.477651,1.147351,0.042535,-0.070280,-0.084303,0.888911,-0.444736,1.651318,1.080598,0.961147
215,0.895833,-0.026277,0.036726,-0.882245,0.468620,1.702305,0.971623,0.037155,0.006373,-0.008829,0.930536,-0.366038,1.477723,1.147339,0.042550,-0.070140,-0.083320,0.889572,-0.443621,1.651921,1.081684,0.961104
216,0.900000,-0.026120,0.036876,-0.882259,0.468589,1.702241,0.971731,0.037283,0.006815,-0.007801,0.930381,-0.366449,1.477799,1.147382,0.042519,-0.069400,-0.082191,0.890170,-0.442748,1.652392,1.082394,0.961212
217,0.904167,-0.026122,0.036890,-0.882379,0.468364,1.702172,0.971868,0.037404,0.007188,-0.005940,0.930493,-0.366190,1.478008,1.147443,0.042440,-0.068295,-0.081007,0.890681,-0.442111,1.652940,1.083008,0.961282
218,0.908333,-0.025986,0.037314,-0.882409,0.468281,1.702119,0.972004,0.037509,0.007578,-0.005030,0.930613,-0.365892,1.478278,1.147461,0.042434,-0.067330,-0.080424,0.891212,-0.441294,1.653454,1.083518,0.961282
219,0.912500,-0.026084,0.037430,-0.882552,0.467997,1.702022,0.972131,0.037628,0.007972,-0.004787,0.930539,-0.366075,1.478426,1.147464,0.042460,-0.066499,-0.079717,0.892003,-0.439948,1.653986,1.084191,0.961105
220,0.916667,-0.025897,0.036598,-0.882784,0.467635,1.701868,0.972315,0.037845,0.008473,-0.004547,0.930407,-0.366401,1.478546,1.147468,0.042484,-0.067488,-0.079991,0.892372,-0.438997,1.654546,1.084665,0.960461
221,0.920833,-0.026219,0.035769,-0.883250,0.466801,1.701764,0.972496,0.038000,0.009079,-0.004547,0.930247,-0.366793,1.478666,1.147444,0.042531,-0.062410,-0.078054,0.894088,-0.436600,1.655255,1.085572,0.961198
222,0.925000,-0.026507,0.035262,-0.883696,0.465978,1.701722,0.972626,0.038122,0.009616,-0.004606,0.930029,-0.367332,1.478743,1.147438,0.042573,-0.063211,-0.078436,0.894580,-0.435407,1.655878,1.086065,0.960512
223,0.929167,-0.026789,0.034689,-0.884253,0.464947,1.701697,0.972755,0.038247,0.010106,-0.005161,0.929774,-0.367956,1.478803,1.147399,0.042633,-0.064277,-0.078849,0.894832,-0.434657,1.656488,1.086360,0.959804
224,0.933333,-0.027443,0.034521,-0.884744,0.463987,1.701645,0.972925,0.038347,0.010553,-0.005815,0.929467,-0.368709,1.478827,1.147367,0.042699,-0.066000,-0.077416,0.894537,-0.435264,1.657729,1.086257,0.959133
225,0.937500,-0.028200,0.035041,-0.885106,0.463211,1.701574,0.973100,0.038473,0.010856,-0.006506,0.929126,-0.369546,1.478833,1.147326,0.042776,-0.067255,-0.078181,0.894724,-0.434549,1.658394,1.086599,0.958361
226,0.941667,-0.029165,0.035284,-0.885604,0.462180,1.701465,0.973310,0.038597,0.011113,-0.007031,0.928788,-0.370378,1.478836,1.147302,0.042853,-0.068673,-0.078499,0.894958,-0.433788,1.659044,1.087049,0.957488
227,0.945833,-0.030285,0.035343,-0.886269,0.460826,1.701362,0.973504,0.038732,0.011333,-0.007450,0.928429,-0.371262,1.478895,1.147271,0.042952,-0.070528,-0.078677,0.895027,-0.433315,1.659708,1.087466,0.956541
228,0.950000,-0.031452,0.035577,-0.886889,0.459537,1.701234,0.973744,0.038882,0.011504,-0.007505,0.927986,-0.372361,1.478967,1.147276,0.043037,-0.071274,-0.078179,0.895199,-0.432929,1.660256,1.087951,0.955820
229,0.954167,-0.032785,0.035190,-0.887882,0.457551,1.701134,0.973978,0.039015,0.011432,-0.007063,0.927506,-0.373566,1.479070,1.147282,0.043096,-0.072073,-0.077182,0.895293,-0.432780,1.660854,1.088410,0.955113
230,0.958333,-0.034024,0.035417,-0.888626,0.455995,1.700990,0.974208,0.039163,0.011260,-0.006358,0.927020,-0.374789,1.479209,1.147262,0.043129,-0.072836,-0.076036,0.895266,-0.432911,1.661510,1.088823,0.954441
231,0.962500,-0.035792,0.035630,-0.889623,0.453895,1.700897,0.974426,0.039219,0.010923,-0.005484,0.926540,-0.375998,1.479380,1.147253,0.043149,-0.073148,-0.074328,0.895252,-0.433184,1.662165,1.089292,0.953874
232,0.966667,-0.037576,0.036591,-0.890471,0.452007,1.700741,0.974613,0.039269,0.010437,-0.004530,0.926044,-0.377243,1.479558,1.147257,0.043141,-0.072990,-0.071326,0.895444,-0.433318,1.662807,1.089903,0.953436
233,0.970833,-0.039574,0.037275,-0.891509,0.449729,1.700530,0.974826,0.039304,0.009782,-0.003514,0.925555,-0.378469,1.479781,1.147235,0.043110,-0.080711,-0.076884,0.893032,-0.435969,1.664017,1.089755,0.951163
234,0.975000,-0.041314,0.037273,-0.892832,0.446940,1.700290,0.975056,0.039349,0.009146,-0.002679,0.925047,-0.379733,1.480002,1.147210,0.043066,-0.081712,-0.076108,0.893021,-0.435941,1.664602,1.090493,0.950427
235,0.979167,-0.042863,0.038344,-0.893732,0.444899,1.700022,0.975272,0.039430,0.008751,-0.002297,0.924586,-0.380865,1.480227,1.147189,0.043053,-0.083125,-0.075884,0.892748,-0.436272,1.665188,1.091107,0.949659
236,0.983333,-0.044127,0.038507,-0.894938,0.442331,1.699727,0.975497,0.039528,0.008834,-0.002461,0.924289,-0.381582,1.480410,1.147173,0.043089,-0.085479,-0.075964,0.892303,-0.436713,1.665804,1.091718,0.948660
237,0.987500,-0.044204,0.038936,-0.896349,0.439419,1.699552,0.975747,0.039387,0.009130,-0.002927,0.924066,-0.382112,1.480548,1.147144,0.043132,-0.086698,-0.076293,0.891753,-0.437537,1.666422,1.092199,0.947953
238,0.991667,-0.044658,0.041194,-0.896868,0.438106,1.699203,0.975964,0.039434,0.009459,-0.003239,0.923974,-0.382324,1.480619,1.147158,0.043173,-0.087704,-0.075497,0.891765,-0.437451,1.667057,1.093123,0.947119
239,0.995833,-0.044381,0.041886,-0.897154,0.437483,1.698943,0.976172,0.039670,0.009931,-0.003760,0.923933,-0.382407,1.480690,1.147088,0.043216,-0.089277,-0.075133,0.891550,-0.437634,1.667557,1.093969,0.946197
240,1.000000,-0.047668,0.043829,-0.897660,0.435905,1.698821,0.976279,0.039625,0.010163,-0.004093,0.923922,-0.382425,1.480762,1.146954,0.043227,-0.091593,-0.075551,0.891107,-0.437985,1.667918,1.094611,0.945219
241,1.004167,-0.048251,0.046166,-0.897849,0.435210,1.698624,0.976577,0.039578,0.010712,-0.004945,0.923915,-0.382417,1.480818,1.146794,0.043261,-0.092446,-0.077209,0.891359,-0.437004,1.668391,1.095729,0.944599
242,1.008333,-0.048862,0.048338,-0.898297,0.433980,1.698478,0.976858,0.039531,0.011337,-0.005895,0.923852,-0.382536,1.480870,1.146643,0.043289,-0.095217,-0.078609,0.890830,-0.437237,1.668609,1.096385,0.943654
243,1.012500,-0.050117,0.050304,-0.899061,0.432027,1.698323,0.977121,0.039449,0.011906,-0.006742,0.923783,-0.382673,1.480926,1.146480,0.043318,-0.098250,-0.080815,0.890049,-0.437755,1.668779,1.096999,0.942652
244,1.016667,-0.053563,0.053786,-0.900462,0.428259,1.698416,0.977194,0.038955,0.012310,-0.007728,0.923750,-0.382719,1.481000,1.146317,0.043362,-0.101046,-0.083022,0.889228,-0.438373,1.669033,1.097604,0.941672
245,1.020833,-0.054063,0.054031,-0.900892,0.427260,1.698182,0.977641,0.038940,0.012735,-0.008670,0.923720,-0.382759,1.481076,1.146169,0.043407,-0.103672,-0.084754,0.888558,-0.438786,1.669295,1.098258,0.940681
246,1.025000,-0.056367,0.054823,-0.901631,0.425298,1.698400,0.977844,0.038455,0.013104,-0.009441,0.923640,-0.382921,1.481168,1.146026,0.043439,-0.105784,-0.086648,0.887760,-0.439528,1.669581,1.098831,0.939799
247,1.029167,-0.057776,0.056584,-0.901844,0.424427,1.698468,0.978068,0.038045,0.013900,-0.016960,0.922597,-0.385141,1.481312,1.145455,0.043842,-0.084816,-0.086467,0.886667,-0.446265,1.669045,1.096797,0.944459
248,1.033333,-0.060689,0.058927,-0.901362,0.424724,1.698282,0.978262,0.037833,0.014134,-0.018092,0.922415,-0.385517,1.481444,1.145307,0.043889,-0.085776,-0.087306,0.886494,-0.446260,1.669175,1.097571,0.943721
249,1.037500,-0.059885,0.061758,-0.899782,0.427777,1.697885,0.978563,0.037841,0.014551,-0.019207,0.922123,-0.386145,1.481558,1.145217,0.043955,-0.085565,-0.087946,0.886211,-0.446738,1.669240,1.098202,0.943220
250,1.041667,-0.058059,0.062875,-0.898677,0.430180,1.697437,0.978792,0.037793,0.014823,-0.020089,0.921853,-0.386734,1.481662,1.145149,0.043986,-0.083135,-0.088095,0.886044,-0.447497,1.669206,1.098736,0.943174
251,1.045833,-0.056953,0.061180,-0.899368,0.429128,1.696667,0.979191,0.038116,0.015084,-0.021060,0.921558,-0.387375,1.481782,1.145089,0.044006,-0.080945,-0.087627,0.886154,-0.447774,1.669265,1.099492,0.942968
252,1.050000,-0.054474,0.060230,-0.899319,0.429686,1.696317,0.979375,0.038084,0.015242,-0.021975,0.921290,-0.387956,1.481915,1.145027,0.044006,-0.077977,-0.087561,0.886057,-0.448503,1.669301,1.100033,0.943001
253,1.054167,-0.051464,0.058276,-0.899500,0.429947,1.695995,0.979434,0.038061,0.015363,-0.022812,0.921094,-0.388367,1.482059,1.144981,0.043988,-0.077265,-0.088008,0.885728,-0.449188,1.669307,1.100600,0.942594
254,1.058333,-0.048758,0.057770,-0.900015,0.429253,1.695605,0.979529,0.037990,0.015523,-0.023719,0.920918,-0.388724,1.482206,1.144940,0.043962,-0.077615,-0.089385,0.885037,-0.450218,1.669207,1.101102,0.942008
255,1.062500,-0.046080,0.056013,-0.900505,0.428755,1.695318,0.979556,0.037943,0.015716,-0.024604,0.920755,-0.389048,1.482327,1.144902,0.043913,-0.078190,-0.089960,0.884666,-0.450733,1.669175,1.101744,0.941345
256,1.066667,-0.043305,0.053609,-0.901155,0.427985,1.695073,0.979485,0.037823,0.015798,-0.025630,0.920672,-0.389175,1.482447,1.144853,0.043842,-0.066024,-0.077013,0.887560,-0.449386,1.668874,1.100835,0.945996
257,1.070833,-0.040472,0.050846,-0.901855,0.427124,1.694869,0.979403,0.037687,0.015791,-0.026915,0.920643,-0.389156,1.482544,1.144786,0.043737,-0.063380,-0.075227,0.887507,-0.450173,1.668870,1.101108,0.946456
258,1.075000,-0.037973,0.048260,-0.902520,0.426247,1.694716,0.979366,0.037528,0.015685,-0.028358,0.920635,-0.389078,1.482627,1.144691,0.043602,-0.059905,-0.072298,0.887686,-0.450775,1.668655,1.101363,0.947280
259,1.079167,-0.035968,0.046046,-0.903138,0.425357,1.694598,0.979368,0.037335,0.015444,-0.029902,0.920663,-0.388905,1.482714,1.144570,0.043434,-0.056363,-0.069215,0.887794,-0.451502,1.668619,1.101631,0.948094
260,1.083333,-0.034240,0.044194,-0.903829,0.424227,1.694529,0.979350,0.037134,0.015216,-0.031552,0.920674,-0.388758,1.482784,1.144434,0.043279,-0.052495,-0.065699,0.888001,-0.452087,1.668438,1.101916,0.949055
261,1.087500,-0.032063,0.042391,-0.903679,0.424898,1.694661,0.979219,0.036802,0.014964,-0.033218,0.920733,-0.388489,1.482853,1.144310,0.043112,-0.047915,-0.062536,0.887837,-0.453364,1.668342,1.102051,0.950175
262,1.091667,-0.030310,0.040110,-0.903944,0.424686,1.694691,0.979200,0.036636,0.015688,-0.035032,0.920562,-0.388705,1.482889,1.144260,0.042877,-0.044830,-0.058872,0.888157,-0.453543,1.668114,1.102501,0.950926
263,1.095833,-0.028897,0.037815,-0.904550,0.423704,1.694602,0.979171,0.036539,0.015512,-0.037337,0.920779,-0.387984,1.482961,1.144035,0.042804,-0.041046,-0.056325,0.887868,-0.454789,1.668014,1.102739,0.951743
264,1.100000,-0.026862,0.035122,-0.905554,0.421921,1.694367,0.979214,0.036556,0.015436,-0.039265,0.920850,-0.387627,1.483052,1.143860,0.042714,-0.038408,-0.053816,0.887813,-0.455430,1.667831,1.103141,0.952264
265,1.104167,-0.027905,0.035283,-0.906342,0.420144,1.694334,0.979354,0.036311,0.015394,-0.040712,0.920880,-0.387408,1.483139,1.143739,0.042601,-0.036542,-0.051951,0.887678,-0.456064,1.667660,1.103669,0.952433
266,1.108333,-0.030381,0.038763,-0.905177,0.422172,1.695018,0.979386,0.035634,0.015332,-0.042175,0.920953,-0.387081,1.483210,1.143680,0.042491,-0.034979,-0.050448,0.887495,-0.456710,1.667451,1.104143,0.952554
267,1.112500,-0.029136,0.037571,-0.905378,0.421937,1.695099,0.979313,0.035489,0.015159,-0.043146,0.921257,-0.386257,1.483274,1.143661,0.042411,-0.034385,-0.049698,0.887252,-0.457309,1.667256,1.104747,0.952264
268,1.116667,-0.028166,0.036523,-0.905392,0.422063,1.695241,0.979225,0.035346,0.015044,-0.043451,0.921485,-0.385683,1.483317,1.143643,0.042363,-0.034309,-0.049308,0.887047,-0.457754,1.667001,1.105363,0.951836
269,1.120833,-0.027576,0.036094,-0.905391,0.422143,1.695410,0.979119,0.035168,0.014788,-0.043440,0.921820,-0.384894,1.483358,1.143677,0.042337,-0.035016,-0.049100,0.886971,-0.457872,1.666704,1.106127,0.951133
270,1.125000,-0.027677,0.036594,-0.905577,0.421694,1.695486,0.979019,0.034949,0.014476,-0.042802,0.922185,-0.384100,1.483393,1.143728,0.042335,-0.035603,-0.049699,0.886608,-0.458463,1.666457,1.106714,0.950442
271,1.129167,-0.027645,0.036743,-0.905723,0.421369,1.695527,0.978932,0.034810,0.014255,-0.042131,0.922589,-0.383212,1.483388,1.143825,0.042370,-0.037200,-0.050122,0.886618,-0.458272,1.666043,1.107544,0.949455
272,1.133333,-0.027884,0.037297,-0.905890,0.420945,1.695554,0.978829,0.034668,0.014128,-0.040569,0.922882,-0.382680,1.483319,1.143967,0.042314,-0.038376,-0.050913,0.886482,-0.458350,1.665644,1.108206,0.948610
273,1.137500,-0.028695,0.038394,-0.906007,0.420539,1.695591,0.978745,0.034496,0.013495,-0.039025,0.923264,-0.381942,1.483231,1.144130,0.042249,-0.040351,-0.051949,0.886467,-0.458093,1.665268,1.109130,0.947375
274,1.141667,-0.029213,0.039196,-0.906092,0.420247,1.695619,0.978639,0.034371,0.012674,-0.038156,0.923691,-0.381022,1.483165,1.144256,0.042229,-0.041733,-0.052914,0.886434,-0.457923,1.664881,1.109858,0.946421
275,1.145833,-0.029725,0.040045,-0.906097,0.420120,1.695649,0.978536,0.034273,0.011803,-0.037250,0.924121,-0.380098,1.483092,1.144378,0.042216,-0.043075,-0.053847,0.886499,-0.457564,1.664573,1.110728,0.945354
276,1.150000,-0.030079,0.040748,-0.906030,0.420173,1.695735,0.978430,0.034175,0.010747,-0.036282,0.924533,-0.379219,1.483006,1.144488,0.042176,-0.044605,-0.055039,0.886543,-0.457189,1.664054,1.111556,0.944277
277,1.154167,-0.027848,0.041981,-0.903837,0.424901,1.696866,0.977980,0.033652,0.009774,-0.035509,0.924964,-0.378267,1.482885,1.144576,0.042154,-0.045635,-0.055763,0.886805,-0.456492,1.663597,1.112419,0.943341
278,1.158333,-0.035351,0.042674,-0.907648,0.416058,1.697580,0.977917,0.032663,0.008775,-0.034573,0.925425,-0.377248,1.482752,1.144655,0.042133,-0.046767,-0.056992,0.886921,-0.455999,1.663033,1.113269,0.942321
279,1.162500,-0.035915,0.044427,-0.907572,0.415992,1.697592,0.977875,0.032639,0.007725,-0.033539,0.926030,-0.375877,1.482739,1.144679,0.042042,-0.047427,-0.057259,0.887510,-0.454752,1.662311,1.114122,0.941592
280,1.166667,-0.034676,0.044752,-0.907161,0.416957,1.697769,0.977861,0.032738,0.006781,-0.034187,0.926240,-0.375319,1.482545,1.144751,0.042149,-0.047737,-0.058015,0.887771,-0.454113,1.661619,1.114857,0.940901
281,1.170833,-0.031534,0.042708,-0.906443,0.418978,1.698053,0.977763,0.032952,0.006106,-0.034282,0.926651,-0.374305,1.482425,1.144815,0.042207,-0.047866,-0.058237,0.888485,-0.452672,1.660844,1.115822,0.940204
282,1.175000,-0.031507,0.042828,-0.906147,0.419607,1.697770,0.977547,0.033136,0.005343,-0.034249,0.926959,-0.373557,1.482296,1.144836,0.042174,-0.047826,-0.058682,0.888911,-0.451782,1.660014,1.116530,0.939671
283,1.179167,-0.032624,0.044141,-0.907228,0.417042,1.696965,0.977751,0.033496,0.004394,-0.033960,0.927359,-0.372602,1.482186,1.144850,0.042144,-0.047321,-0.058677,0.889739,-0.450202,1.659172,1.117406,0.939218
284,1.183333,-0.032068,0.044270,-0.907520,0.416436,1.696306,0.977737,0.033801,0.003492,-0.033619,0.927845,-0.371432,1.482119,1.144881,0.042141,-0.046626,-0.059063,0.890272,-0.449170,1.658262,1.118212,0.938751
285,1.187500,-0.029640,0.042287,-0.907343,0.417208,1.695938,0.977779,0.034142,0.002293,-0.033774,0.928207,-0.370522,1.482030,1.144901,0.042142,-0.045574,-0.058826,0.891265,-0.447336,1.657273,1.119100,0.938465
286,1.191667,-0.027289,0.040778,-0.907297,0.417618,1.695728,0.977745,0.034450,0.001020,-0.032978,0.928758,-0.369215,1.481964,1.144932,0.042234,-0.044275,-0.059181,0.891811,-0.446331,1.656360,1.119835,0.938167
287,1.195833,-0.025010,0.040972,-0.907198,0.417956,1.695646,0.977691,0.034670,0.000007,-0.032075,0.929300,-0.367931,1.481955,1.144938,0.042324,-0.043222,-0.059111,0.892984,-0.444092,1.655233,1.120896,0.937790
288,1.200000,-0.026773,0.044667,-0.906628,0.418704,1.695896,0.977803,0.034514,-0.001038,-0.031227,0.929837,-0.366643,1.481987,1.144956,0.042440,-0.042065,-0.059655,0.893706,-0.442675,1.654201,1.121727,0.937430
289,1.204167,-0.028572,0.047857,-0.906346,0.418843,1.696266,0.977725,0.034339,-0.002200,-0.030568,0.930398,-0.365267,1.482051,1.144987,0.042546,-0.039983,-0.060105,0.894376,-0.441453,1.653247,1.122478,0.937310
290,1.208333,-0.027800,0.048751,-0.905867,0.419828,1.696435,0.977687,0.034363,-0.003316,-0.030668,0.930910,-0.363943,1.482137,1.145039,0.042621,-0.038354,-0.060724,0.895163,-0.439915,1.652258,1.123349,0.937026
291,1.212500,-0.025345,0.048398,-0.905434,0.420956,1.696524,0.977663,0.034517,-0.004816,-0.031483,0.931228,-0.363042,1.482251,1.145192,0.042733,-0.036794,-0.061121,0.896311,-0.437651,1.651102,1.124368,0.936756
292,1.216667,-0.023666,0.048928,-0.904959,0.422014,1.696666,0.977612,0.034626,-0.006189,-0.029395,0.931830,-0.361651,1.482256,1.145095,0.042975,-0.034726,-0.062250,0.896890,-0.436472,1.650137,1.125128,0.936551
293,1.220833,-0.021999,0.049318,-0.904508,0.423025,1.696709,0.977577,0.034729,-0.007659,-0.028491,0.932319,-0.360433,1.482269,1.145028,0.043179,-0.032688,-0.063545,0.897456,-0.435277,1.649272,1.125872,0.936326
294,1.225000,-0.020347,0.049407,-0.904150,0.423860,1.696700,0.977558,0.034847,-0.009325,-0.028579,0.932735,-0.359308,1.482237,1.144947,0.043401,-0.031228,-0.064936,0.898248,-0.433541,1.648260,1.126814,0.935901
295,1.229167,-0.018724,0.049529,-0.903883,0.424491,1.696620,0.977593,0.035044,-0.011367,-0.029201,0.933193,-0.358006,1.482191,1.144835,0.043659,-0.029424,-0.066519,0.898896,-0.432083,1.647322,1.127624,0.935582
296,1.233333,-0.016716,0.050187,-0.903232,0.425880,1.696394,0.977679,0.035376,-0.013657,-0.030288,0.933566,-0.356863,1.482072,1.144738,0.043938,-0.027597,-0.068203,0.899454,-0.430777,1.646471,1.128373,0.935281
297,1.237500,-0.011126,0.049918,-0.903761,0.424970,1.696154,0.977380,0.035970,-0.015970,-0.030633,0.933994,-0.355614,1.481960,1.144585,0.044275,-0.025694,-0.070170,0.899999,-0.429440,1.645567,1.129138,0.934946
298,1.241667,-0.012825,0.050450,-0.902875,0.426739,1.696086,0.977871,0.036017,-0.018419,-0.030641,0.934340,-0.354585,1.481853,1.144424,0.044654,-0.024719,-0.072060,0.900657,-0.427800,1.644584,1.129961,0.934437
299,1.245833,-0.010445,0.050837,-0.902613,0.427313,1.695867,0.977955,0.036398,-0.021219,-0.030868,0.934646,-0.353601,1.481725,1.144252,0.045123,-0.022858,-0.073860,0.901289,-0.426264,1.643711,1.130738,0.934127
300,1.250000,-0.008435,0.050768,-0.902539,0.427521,1.695701,0.977974,0.036655,-0.024151,-0.031344,0.934872,-0.352772,1.481598,1.144084,0.045616,-0.021431,-0.075896,0.901949,-0.424580,1.642717,1.131513,0.933720
301,1.254167,-0.006205,0.051626,-0.902351,0.427853,1.695554,0.978038,0.037022,-0.027256,-0.031493,0.935043,-0.352079,1.481463,1.143903,0.046134,-0.020308,-0.077859,0.902514,-0.423077,1.641769,1.132232,0.933284
302,1.258333,-0.003528,0.053184,-0.902046,0.428337,1.695356,0.978070,0.037414,-0.030762,-0.031865,0.935177,-0.351400,1.481303,1.143724,0.046697,-0.018546,-0.079600,0.903194,-0.421379,1.640744,1.132935,0.933046
303,1.262500,-0.000974,0.058094,-0.901456,0.428954,1.695038,0.977945,0.036864,-0.040675,-0.031278,0.933803,-0.354089,1.480503,1.143713,0.048416,-0.018066,-0.081441,0.904078,-0.419146,1.639582,1.133773,0.932507
304,1.266667,0.000937,0.059072,-0.901430,0.428875,1.694887,0.977919,0.037220,-0.045048,-0.032739,0.933544,-0.354110,1.480172,1.143571,0.049241,-0.016763,-0.082503,0.905068,-0.416851,1.638276,1.134420,0.932414
305,1.270833,0.005583,0.061895,-0.900649,0.430081,1.695038,0.977936,0.037546,-0.050020,-0.035726,0.933143,-0.354212,1.479789,1.143411,0.049973,-0.015388,-0.084221,0.905772,-0.415027,1.637247,1.135104,0.932132
306,1.275000,0.004946,0.062301,-0.901552,0.428133,1.694565,0.977714,0.038280,-0.055126,-0.038989,0.932617,-0.354493,1.479397,1.143244,0.050684,-0.014038,-0.085407,0.906628,-0.412959,1.635948,1.135690,0.932056
307,1.279167,0.010189,0.065702,-0.900733,0.429254,1.694621,0.977673,0.038613,-0.060264,-0.042037,0.932034,-0.354844,1.479005,1.143103,0.051415,-0.012071,-0.086585,0.907375,-0.411130,1.634976,1.136346,0.931977
308,1.283333,0.013243,0.067352,-0.900687,0.429013,1.694502,0.977508,0.039122,-0.064638,-0.041657,0.931774,-0.354802,1.478466,1.142983,0.052403,-0.010865,-0.087782,0.908226,-0.409025,1.633676,1.136902,0.931900
309,1.287500,0.016604,0.069932,-0.900483,0.428910,1.694420,0.977384,0.039710,-0.069792,-0.044531,0.931017,-0.355464,1.478065,1.142894,0.053195,-0.008844,-0.088796,0.908976,-0.407185,1.632519,1.137398,0.932010
310,1.291667,0.019693,0.072833,-0.900317,0.428645,1.694345,0.977206,0.040264,-0.075333,-0.045532,0.930362,-0.355919,1.477667,1.142744,0.053908,-0.007261,-0.089576,0.909870,-0.405043,1.631207,1.137870,0.932142
311,1.295833,0.026062,0.080556,-0.900355,0.426840,1.694412,0.976684,0.040571,-0.080806,-0.045568,0.929754,-0.356302,1.477319,1.142648,0.054512,-0.005017,-0.090372,0.910589,-0.403281,1.629924,1.138186,0.932486
312,1.300000,0.028940,0.083988,-0.900171,0.426380,1.694502,0.976481,0.041013,-0.085681,-0.045028,0.929278,-0.356474,1.476908,1.142560,0.055161,-0.002796,-0.091144,0.911317,-0.401480,1.628646,1.138517,0.932823
313,1.304167,0.030993,0.086539,-0.900078,0.425922,1.694548,0.976246,0.041449,-0.091446,-0.044163,0.928714,-0.356620,1.476507,1.142491,0.055832,-0.000861,-0.091614,0.912070,-0.399669,1.627154,1.138653,0.933346
314,1.308333,0.034065,0.088479,-0.900286,0.424849,1.694739,0.976060,0.041795,-0.096015,-0.043464,0.928365,-0.356413,1.476029,1.142458,0.056452,0.001558,-0.092055,0.912815,-0.397860,1.625798,1.138888,0.933864
315,1.312500,0.036120,0.091005,-0.900335,0.424040,1.694957,0.975784,0.042262,-0.101243,-0.043643,0.927715,-0.356638,1.475691,1.142384,0.057016,0.003524,-0.092396,0.913583,-0.396000,1.624290,1.139045,0.934408
316,1.316667,0.039110,0.094697,-0.899940,0.423806,1.695175,0.975577,0.042562,-0.106312,-0.042373,0.927289,-0.356423,1.475406,1.142319,0.057446,0.005898,-0.093013,0.914123,-0.394579,1.622898,1.139024,0.935081
317,1.320833,0.040607,0.098090,-0.899641,0.423527,1.695159,0.975300,0.042880,-0.110937,-0.041288,0.926912,-0.356121,1.475101,1.142222,0.057848,0.008151,-0.093091,0.914782,-0.392990,1.621395,1.139027,0.935828
318,1.325000,0.043447,0.093295,-0.900485,0.422534,1.695218,0.975169,0.043887,-0.115528,-0.041088,0.926327,-0.356208,1.474745,1.142147,0.058378,0.010526,-0.093533,0.915285,-0.391655,1.619908,1.138887,0.936639
319,1.329167,0.045684,0.096160,-0.900268,0.422117,1.695351,0.974967,0.044262,-0.119793,-0.040461,0.925816,-0.356199,1.474406,1.142074,0.058937,0.012321,-0.093694,0.915924,-0.390067,1.618299,1.138812,0.937375
320,1.333333,0.049555,0.097486,-0.899751,0.422479,1.695682,0.975171,0.044562,-0.123847,-0.039998,0.925316,-0.356163,1.474109,1.142021,0.059409,0.014539,-0.094152,0.916315,-0.388962,1.616757,1.138526,0.938268
321,1.337500,0.054339,0.094525,-0.900693,0.420553,1.695239,0.974773,0.045306,-0.127868,-0.039738,0.924787,-0.356147,1.473816,1.141953,0.059893,0.016581,-0.094441,0.916736,-0.387816,1.615134,1.138186,0.939221
322,1.341667,0.056284,0.105305,-0.899524,0.420236,1.695304,0.974464,0.044927,-0.131576,-0.039152,0.924351,-0.355992,1.473544,1.141903,0.060295,0.018490,-0.094674,0.917066,-0.386892,1.613506,1.137750,0.940221
323,1.345833,0.056117,0.094904,-0.898998,0.423847,1.696150,0.973647,0.046194,-0.135271,-0.038719,0.923834,-0.355995,1.473236,1.141841,0.060741,0.020265,-0.095011,0.917449,-0.385810,1.611856,1.137254,0.941253
324,1.350000,0.058838,0.096676,-0.898630,0.423858,1.696206,0.973537,0.046628,-0.139237,-0.038542,0.923270,-0.355950,1.472971,1.141769,0.061061,0.022069,-0.095189,0.917753,-0.384944,1.610145,1.136688,0.942366
325,1.354167,0.061596,0.096187,-0.898625,0.423589,1.696156,0.973384,0.047041,-0.142971,-0.038524,0.922650,-0.356078,1.472678,1.141717,0.061421,0.023482,-0.095285,0.918103,-0.384001,1.608354,1.136032,0.943520
326,1.358333,0.064591,0.095088,-0.898741,0.423143,1.695976,0.973259,0.047465,-0.146443,-0.038424,0.922138,-0.356006,1.472402,1.141664,0.061774,0.025636,-0.095429,0.918274,-0.383418,1.606631,1.135139,0.944963
327,1.362500,0.067213,0.095616,-0.898949,0.422173,1.695617,0.973231,0.047976,-0.149540,-0.037959,0.921732,-0.355818,1.472086,1.141621,0.062171,0.027434,-0.095287,0.918492,-0.382805,1.604872,1.134289,0.946362
328,1.366667,0.069651,0.095023,-0.899138,0.421510,1.695341,0.973187,0.048358,-0.152355,-0.037504,0.921369,-0.355614,1.471786,1.141580,0.062528,0.028857,-0.095228,0.918741,-0.382117,1.602935,1.133252,0.947874
329,1.370833,0.071633,0.093844,-0.899344,0.421002,1.695138,0.973101,0.048680,-0.155086,-0.037404,0.920913,-0.355623,1.471504,1.141531,0.062890,0.030688,-0.094775,0.919076,-0.381280,1.601016,1.132169,0.949585
330,1.375000,0.073495,0.094159,-0.899217,0.420883,1.695040,0.973004,0.049001,-0.158188,-0.037073,0.920439,-0.355520,1.471260,1.141471,0.063222,0.032298,-0.094437,0.919310,-0.380668,1.598991,1.130941,0.951357
331,1.379167,0.075235,0.095430,-0.898994,0.420764,1.694903,0.972980,0.049328,-0.161122,-0.036933,0.919947,-0.355490,1.470999,1.141404,0.063557,0.033749,-0.094020,0.919546,-0.380073,1.596873,1.129596,0.953231
332,1.383333,0.082260,0.089675,-0.898920,0.420873,1.694353,0.972860,0.050054,-0.163918,-0.036560,0.919483,-0.355452,1.470760,1.141362,0.063856,0.036088,-0.093268,0.919743,-0.379567,1.594813,1.128050,0.955490
333,1.387500,0.085633,0.089299,-0.898205,0.421807,1.694253,0.972759,0.050578,-0.166220,-0.036433,0.919111,-0.355356,1.470575,1.141333,0.064043,0.037803,-0.092824,0.919831,-0.379297,1.592624,1.126351,0.957711
334,1.391667,0.089533,0.089920,-0.897590,0.422173,1.694141,0.972682,0.050994,-0.168013,-0.036835,0.918743,-0.355425,1.470399,1.141294,0.064242,0.039524,-0.091975,0.920078,-0.378727,1.590325,1.124631,0.960072
335,1.395833,0.092839,0.090016,-0.897149,0.422376,1.694034,0.972608,0.051440,-0.169647,-0.037247,0.918421,-0.355438,1.470241,1.141250,0.064410,0.041977,-0.091125,0.920171,-0.378444,1.588070,1.122638,0.962784
336,1.400000,0.081338,0.087955,-0.897646,0.424123,1.693794,0.973427,0.051883,-0.171387,-0.037950,0.918046,-0.355496,1.470116,1.141193,0.064574,0.043671,-0.090080,0.920521,-0.377649,1.585566,1.120666,0.965465
337,1.404167,0.081957,0.089499,-0.897398,0.424205,1.693683,0.973343,0.052378,-0.173065,-0.037789,0.917766,-0.355423,1.470008,1.141161,0.064755,0.045840,-0.089125,0.920628,-0.377360,1.583089,1.118450,0.968390
338,1.408333,0.083870,0.092979,-0.896438,0.425112,1.693635,0.972981,0.052642,-0.174698,-0.037919,0.917484,-0.355340,1.469919,1.141139,0.064921,0.048121,-0.088222,0.920795,-0.376880,1.580537,1.116058,0.971523
339,1.412500,0.085189,0.098873,-0.895017,0.426511,1.693728,0.972647,0.052716,-0.176052,-0.038335,0.917217,-0.355315,1.469853,1.141134,0.065075,0.050241,-0.087341,0.920932,-0.376473,1.577884,1.113587,0.974714
340,1.416667,0.087276,0.106076,-0.893412,0.427722,1.693681,0.972336,0.052783,-0.177832,-0.038971,0.916942,-0.355070,1.469834,1.141210,0.065187,0.052695,-0.086595,0.920886,-0.376423,1.575218,1.110864,0.978147
341,1.420833,0.099032,0.111108,-0.892217,0.426377,1.692906,0.971585,0.052757,-0.179624,-0.039228,0.916747,-0.354643,1.469807,1.141299,0.065366,0.055120,-0.085539,0.921176,-0.375607,1.572335,1.108132,0.981767
342,1.425000,0.092639,0.113045,-0.891557,0.428678,1.693248,0.971914,0.053181,-0.181123,-0.039931,0.916466,-0.354529,1.469781,1.141371,0.065497,0.057436,-0.084791,0.921305,-0.375113,1.569357,1.105223,0.985468
343,1.429167,0.104585,0.110779,-0.890513,0.428692,1.692535,0.970898,0.053511,-0.182545,-0.041152,0.916149,-0.354478,1.469746,1.141419,0.065673,0.060133,-0.083861,0.921341,-0.374810,1.566364,1.102143,0.989425
344,1.433333,0.103818,0.117665,-0.889266,0.429630,1.692431,0.970803,0.054316,-0.184841,-0.041430,0.915866,-0.353987,1.469722,1.141487,0.065891,0.062812,-0.083056,0.921521,-0.374105,1.563260,1.098968,0.993524
345,1.437500,0.106386,0.127535,-0.887652,0.429524,1.692236,0.970822,0.054950,-0.186982,-0.042255,0.915617,-0.353410,1.469679,1.141547,0.066139,0.065057,-0.082125,0.921812,-0.373210,1.559902,1.095730,0.997699
346,1.441667,0.110677,0.135184,-0.885604,0.430327,1.692114,0.970753,0.055428,-0.189352,-0.043117,0.915417,-0.352559,1.469666,1.141628,0.066427,0.067809,-0.081513,0.921824,-0.372823,1.556562,1.092235,1.002115
347,1.445833,0.115672,0.140777,-0.883485,0.431573,1.691937,0.970553,0.055840,-0.192230,-0.044627,0.915124,-0.351573,1.469679,1.141667,0.066701,0.070600,-0.080357,0.922202,-0.371621,1.553029,1.088766,1.006766
348,1.450000,0.117085,0.147436,-0.881442,0.433144,1.691858,0.970380,0.056281,-0.195462,-0.045845,0.914844,-0.350361,1.469670,1.141654,0.067086,0.073530,-0.079542,0.922324,-0.370926,1.549448,1.085078,1.011559
349,1.454167,0.122927,0.153005,-0.879571,0.433398,1.691590,0.969984,0.056797,-0.199146,-0.045351,0.914796,-0.348471,1.469662,1.141629,0.067704,0.076085,-0.078635,0.922587,-0.369947,1.545652,1.081306,1.016469
350,1.458333,0.122480,0.161707,-0.877501,0.434560,1.691650,0.969767,0.057827,-0.203085,-0.044868,0.914799,-0.346246,1.469694,1.141529,0.068276,0.078480,-0.077739,0.922939,-0.368756,1.541710,1.077476,1.021482
351,1.462500,0.125157,0.168169,-0.875218,0.435945,1.691685,0.969458,0.058545,-0.206901,-0.047147,0.914604,-0.344192,1.469616,1.141307,0.068888,0.080739,-0.076933,0.923445,-0.367168,1.537662,1.073529,1.026665
352,1.466667,0.128463,0.174773,-0.872881,0.437070,1.691549,0.969145,0.059218,-0.211468,-0.047307,0.914567,-0.341484,1.469632,1.141008,0.069563,0.083671,-0.075598,0.923826,-0.365827,1.533536,1.069435,1.032239
353,1.470833,0.132241,0.181539,-0.870433,0.438066,1.691314,0.968762,0.059892,-0.216376,-0.049792,0.914165,-0.339122,1.469558,1.140565,0.070326,0.086359,-0.074905,0.924057,-0.364760,1.529309,1.065146,1.037856
354,1.475000,0.136447,0.188203,-0.867998,0.438796,1.690893,0.968269,0.060683,-0.222544,-0.051112,0.913687,-0.336212,1.469474,1.140031,0.071071,0.089210,-0.074076,0.924233,-0.363797,1.525072,1.060719,1.043691
355,1.479167,0.140873,0.194895,-0.865453,0.439503,1.690407,0.967656,0.061570,-0.229222,-0.055372,0.912662,-0.333826,1.469220,1.139362,0.071800,0.092469,-0.072809,0.924653,-0.362167,1.520675,1.056258,1.049895
356,1.483333,0.146533,0.200298,-0.863130,0.439791,1.689713,0.966900,0.062571,-0.237591,-0.054980,0.911846,-0.330250,1.469008,1.138574,0.072674,0.095058,-0.072161,0.924826,-0.361184,1.516188,1.051570,1.056036
357,1.487500,0.152229,0.207510,-0.859977,0.440687,1.689155,0.966148,0.063653,-0.245865,-0.056215,0.910783,-0.326901,1.468635,1.137634,0.073657,0.097711,-0.071158,0.925205,-0.359700,1.511512,1.046844,1.062452
358,1.491667,0.154419,0.212773,-0.858128,0.441021,1.689146,0.965670,0.065048,-0.253877,-0.059654,0.909383,-0.324055,1.468065,1.136557,0.074834,0.100472,-0.069982,0.925534,-0.358323,1.506839,1.041980,1.069094
359,1.495833,0.162723,0.223335,-0.853617,0.441567,1.688452,0.964686,0.066212,-0.262576,-0.061223,0.908056,-0.320531,1.467397,1.135473,0.076230,0.103517,-0.069420,0.925705,-0.357120,1.502115,1.036886,1.075970
360,1.500000,0.172187,0.218910,-0.852972,0.441440,1.687463,0.963372,0.068757,-0.272800,-0.064247,0.906005,-0.317187,1.466558,1.134183,0.077666,0.106494,-0.068641,0.925892,-0.355909,1.497302,1.031695,1.083045
361,1.504167,0.195175,0.220220,-0.847650,0.441475,1.686663,0.961618,0.070803,-0.283504,-0.068537,0.903443,-0.314197,1.465489,1.132812,0.079224,0.109200,-0.068010,0.926075,-0.354733,1.492421,1.026397,1.090211
362,1.508333,0.206512,0.226682,-0.842634,0.442646,1.686094,0.960177,0.072493,-0.295420,-0.072360,0.900308,-0.311347,1.464241,1.131376,0.081088,0.111809,-0.067368,0.926268,-0.353537,1.487499,1.021043,1.097489
363,1.512500,0.216520,0.235626,-0.837375,0.443173,1.685327,0.958502,0.074380,-0.308224,-0.076019,0.897166,-0.307103,1.462817,1.129767,0.082937,0.113945,-0.067188,0.926513,-0.352244,1.482606,1.015576,1.104768
364,1.516667,0.225833,0.243777,-0.831471,0.445228,1.684772,0.956673,0.076393,-0.322154,-0.082425,0.892497,-0.304749,1.461002,1.128092,0.085060,0.116382,-0.067197,0.926519,-0.351429,1.477688,1.009934,1.112270
365,1.520833,0.235311,0.255124,-0.824555,0.446822,1.684268,0.954707,0.078342,-0.336494,-0.087492,0.887690,-0.301867,1.458950,1.125887,0.087219,0.118450,-0.066687,0.926762,-0.350193,1.472674,1.004407,1.119818
366,1.525000,0.246224,0.264477,-0.818677,0.446312,1.683024,0.951661,0.080684,-0.351701,-0.092484,0.882798,-0.297356,1.456587,1.124215,0.089804,0.121273,-0.066368,0.926778,-0.349244,1.467800,0.998686,1.127714
367,1.529167,0.265677,0.270083,-0.813183,0.441819,1.682065,0.948112,0.083306,-0.369546,-0.093772,0.877847,-0.289876,1.454322,1.122425,0.092415,0.123368,-0.066552,0.926763,-0.348513,1.462903,0.993005,1.135349
368,1.533333,0.285324,0.302411,-0.794803,0.442070,1.681263,0.946309,0.083924,-0.387032,-0.101803,0.870807,-0.285547,1.451975,1.120565,0.095158,0.123471,-0.066630,0.927357,-0.346877,1.457749,0.987499,1.142637
369,1.537500,0.300807,0.301933,-0.792056,0.437035,1.680026,0.942282,0.087088,-0.409512,-0.108136,0.862426,-0.277178,1.450314,1.119262,0.097637,0.125288,-0.067111,0.927407,-0.346000,1.452919,0.981840,1.150294
370,1.541667,0.323690,0.323440,-0.774823,0.436188,1.679955,0.940088,0.088360,-0.436217,-0.115722,0.850796,-0.269200,1.447726,1.117574,0.099273,0.126567,-0.067082,0.927774,-0.344552,1.447923,0.976312,1.157999
371,1.545833,0.340408,0.335170,-0.763600,0.434395,1.679322,0.936822,0.092226,-0.457120,-0.122531,0.841669,-0.260040,1.444169,1.114987,0.102241,0.127846,-0.067101,0.928105,-0.343183,1.443020,0.970851,1.165664
372,1.550000,0.354002,0.357597,-0.748390,0.432111,1.678079,0.934116,0.095234,-0.475965,-0.127752,0.832873,-0.251912,1.440650,1.112253,0.105232,0.128868,-0.067340,0.928324,-0.342159,1.438254,0.965339,1.173277
373,1.554167,0.365687,0.377660,-0.731956,0.433459,1.677131,0.929649,0.099260,-0.490009,-0.128363,0.827026,-0.243808,1.436427,1.109285,0.108310,0.130716,-0.067018,0.928669,-0.340581,1.433472,0.960043,1.181129
374,1.558333,0.382541,0.389069,-0.720298,0.428320,1.675668,0.924726,0.103736,-0.498536,-0.128113,0.823833,-0.237379,1.431543,1.105842,0.111844,0.132761,-0.066857,0.928848,-0.339332,1.428802,0.954678,1.189079
375,1.562500,0.393626,0.396769,-0.712490,0.424254,1.673940,0.919695,0.108538,-0.529251,-0.124431,0.810383,-0.218379,1.428093,1.102617,0.116812,0.133390,-0.067063,0.929280,-0.337858,1.424163,0.949440,1.196591
376,1.566667,0.403960,0.406734,-0.702881,0.421120,1.671783,0.913890,0.113502,-0.534631,-0.130397,0.804529,-0.223379,1.424177,1.098463,0.120792,0.134924,-0.066734,0.929600,-0.336431,1.419541,0.944289,1.204388
377,1.570833,0.422436,0.418901,-0.691635,0.409525,1.669484,0.907614,0.118880,-0.536176,-0.128571,0.803490,-0.224476,1.418605,1.093395,0.125503,0.136246,-0.067268,0.929877,-0.335022,1.415141,0.939143,1.211996
378,1.575000,0.434322,0.422125,-0.686749,0.401933,1.667277,0.901872,0.123715,-0.542796,-0.138423,0.795943,-0.229535,1.413073,1.088016,0.130610,0.138982,-0.066610,0.929888,-0.333998,1.410955,0.934053,1.220039
379,1.579167,0.442525,0.425061,-0.682186,0.397640,1.664671,0.895348,0.128863,-0.549801,-0.144810,0.789260,-0.231985,1.408156,1.082983,0.135063,0.139400,-0.066924,0.930323,-0.332549,1.406591,0.929163,1.227331
380,1.583333,0.446115,0.433781,-0.672677,0.400401,1.661881,0.889629,0.133584,-0.564601,-0.159516,0.776686,-0.229215,1.403821,1.078245,0.141257,0.140846,-0.066879,0.930527,-0.331374,1.402585,0.924258,1.234879
381,1.587500,0.454081,0.437316,-0.665992,0.398773,1.659266,0.882943,0.138806,-0.574079,-0.169107,0.767735,-0.228951,1.397703,1.071876,0.146756,0.143183,-0.066300,0.930706,-0.329983,1.398583,0.919571,1.242585
382,1.591667,0.481935,0.436179,-0.659907,0.376841,1.657276,0.875399,0.143812,-0.578337,-0.172320,0.763894,-0.228689,1.392967,1.066764,0.150013,0.143666,-0.066439,0.930981,-0.328969,1.394676,0.914894,1.249701
383,1.595833,0.482048,0.442504,-0.651249,0.384311,1.654841,0.869419,0.147793,-0.583037,-0.179796,0.758962,-0.227417,1.387559,1.061024,0.154294,0.144498,-0.066752,0.931170,-0.328004,1.390969,0.910322,1.256741
384,1.600000,0.485754,0.447595,-0.640891,0.391102,1.651831,0.862254,0.153059,-0.585457,-0.187484,0.755609,-0.226154,1.382509,1.055266,0.158861,0.146780,-0.066454,0.931255,-0.326807,1.387346,0.905908,1.264132
385,1.604167,0.490145,0.443156,-0.638346,0.394823,1.648486,0.855151,0.158469,-0.578941,-0.195450,0.757836,-0.228717,1.376414,1.048498,0.164076,0.147240,-0.066411,0.931658,-0.325458,1.383787,0.901683,1.270885
386,1.608333,0.497090,0.438616,-0.637882,0.391948,1.644176,0.847104,0.164862,-0.571454,-0.199904,0.760706,-0.234106,1.370424,1.040906,0.169187,0.146785,-0.066775,0.932115,-0.324279,1.380234,0.897574,1.277239
387,1.612500,0.502446,0.423322,-0.646238,0.388231,1.639524,0.839159,0.171307,-0.560788,-0.198681,0.767948,-0.237273,1.364064,1.033276,0.173924,0.145382,-0.067716,0.932789,-0.322774,1.376621,0.893676,1.283140
388,1.616667,0.495573,0.411687,-0.658585,0.388829,1.634513,0.831252,0.177677,-0.549571,-0.200757,0.774252,-0.241251,1.357992,1.025925,0.178555,0.146521,-0.067205,0.933037,-0.321647,1.373310,0.889778,1.289806
389,1.620833,0.501307,0.406127,-0.661119,0.382980,1.629472,0.823610,0.183690,-0.537712,-0.203222,0.780641,-0.245288,1.351722,1.018006,0.183164,0.145540,-0.067663,0.933586,-0.320402,1.370011,0.886112,1.295567
390,1.625000,0.494718,0.393211,-0.676064,0.378915,1.624389,0.816438,0.188538,-0.528214,-0.208493,0.784503,-0.249149,1.345321,1.009331,0.187912,0.144341,-0.067925,0.934404,-0.318499,1.366606,0.882600,1.301346
391,1.629167,0.484473,0.383523,-0.688413,0.379846,1.618987,0.809071,0.193408,-0.516189,-0.210987,0.790129,-0.254419,1.339303,1.000564,0.191999,0.143373,-0.068225,0.934943,-0.317288,1.363489,0.879139,1.306927
392,1.633333,0.477374,0.372726,-0.699182,0.379912,1.613197,0.801459,0.198622,-0.504790,-0.217881,0.794095,-0.259092,1.333022,0.991512,0.196103,0.142895,-0.068427,0.935480,-0.315875,1.360433,0.875760,1.312617
393,1.637500,0.475183,0.364160,-0.706561,0.377307,1.607282,0.793843,0.203904,-0.495585,-0.216463,0.800122,-0.259507,1.327023,0.982197,0.199666,0.143562,-0.067457,0.935920,-0.314474,1.357442,0.872579,1.318557
394,1.641667,0.473217,0.358947,-0.711030,0.376377,1.601180,0.786386,0.208937,-0.487208,-0.217679,0.805196,-0.258657,1.320941,0.972925,0.203312,0.141918,-0.067548,0.936816,-0.312526,1.354270,0.869586,1.323731
395,1.645833,0.471248,0.354950,-0.713816,0.377361,1.594880,0.778925,0.213363,-0.481634,-0.214756,0.810705,-0.254297,1.314888,0.963244,0.206782,0.140812,-0.067394,0.937393,-0.311326,1.351363,0.866561,1.328936
396,1.650000,0.473090,0.351218,-0.715253,0.375825,1.588505,0.771527,0.217564,-0.477526,-0.227001,0.809667,-0.254714,1.309556,0.954732,0.209875,0.140355,-0.067170,0.937948,-0.309906,1.348619,0.863679,1.334136
397,1.654167,0.468093,0.346798,-0.718418,0.380127,1.581785,0.764194,0.221448,-0.473407,-0.218021,0.816830,-0.247267,1.303731,0.944627,0.212684,0.139987,-0.066795,0.938477,-0.308551,1.345914,0.860865,1.339320
398,1.658333,0.463451,0.341529,-0.722302,0.383212,1.574882,0.756974,0.225137,-0.467805,-0.216905,0.820579,-0.246497,1.298105,0.934720,0.215034,0.138157,-0.066490,0.939468,-0.306417,1.343005,0.858366,1.343975
399,1.662500,0.456809,0.338824,-0.725215,0.388057,1.567683,0.749608,0.228360,-0.463576,-0.208620,0.827050,-0.239922,1.292109,0.923425,0.217429,0.139236,-0.064957,0.939885,-0.304974,1.340397,0.855776,1.349480
400,1.666667,0.451343,0.336002,-0.728308,0.391100,1.560153,0.742357,0.231213,-0.452700,-0.212768,0.831496,-0.241676,1.287051,0.913399,0.218417,0.138298,-0.065234,0.940426,-0.303673,1.337965,0.853279,1.353968
401,1.670833,0.445314,0.335052,-0.730215,0.395249,1.552481,0.734996,0.233801,-0.444781,-0.203313,0.838861,-0.239052,1.281276,0.901980,0.220098,0.137407,-0.064489,0.941079,-0.302210,1.335396,0.851007,1.358467
402,1.675000,0.440433,0.335286,-0.731821,0.397542,1.544565,0.727580,0.236255,-0.439220,-0.202900,0.841789,-0.239391,1.275789,0.890885,0.221842,0.135672,-0.064067,0.942052,-0.300044,1.332743,0.848923,1.362655
403,1.679167,0.433515,0.334851,-0.734385,0.400771,1.536434,0.720081,0.238326,-0.433007,-0.197582,0.846268,-0.239368,1.270034,0.879363,0.223336,0.135164,-0.063669,0.942670,-0.298414,1.330438,0.846802,1.366966
404,1.683333,0.426506,0.335096,-0.736704,0.403821,1.528046,0.712250,0.240218,-0.426087,-0.190058,0.852266,-0.236583,1.264121,0.867265,0.224515,0.134189,-0.063995,0.943214,-0.297062,1.328203,0.844767,1.370856
405,1.687500,0.417855,0.334442,-0.740361,0.406708,1.519534,0.704262,0.241718,-0.419913,-0.181437,0.857152,-0.236735,1.258465,0.855489,0.225685,0.135113,-0.062788,0.943743,-0.295213,1.325947,0.842909,1.375357
406,1.691667,0.408582,0.334480,-0.743906,0.409620,1.511020,0.696151,0.242789,-0.413319,-0.171545,0.862385,-0.236711,1.252812,0.843665,0.226395,0.132998,-0.062804,0.944713,-0.293061,1.323500,0.841244,1.378809
407,1.695833,0.399009,0.333092,-0.748398,0.411998,1.502420,0.687982,0.243536,-0.405981,-0.160968,0.867908,-0.236651,1.246877,0.831671,0.226999,0.134196,-0.062921,0.944925,-0.291804,1.321560,0.839492,1.382781
408,1.700000,0.389788,0.334966,-0.750679,0.415143,1.493643,0.679466,0.244252,-0.399424,-0.151494,0.872761,-0.236218,1.240855,0.819644,0.227386,0.132412,-0.063591,0.945816,-0.289579,1.319161,0.838075,1.385886
409,1.704167,0.380720,0.335650,-0.754066,0.416865,1.484670,0.670460,0.244816,-0.394039,-0.145306,0.875981,-0.237226,1.234641,0.807487,0.227780,0.133022,-0.063297,0.946203,-0.288094,1.317090,0.836603,1.389527
410,1.708333,0.371136,0.337846,-0.756397,0.419501,1.475583,0.661272,0.245226,-0.387574,-0.133833,0.880709,-0.237124,1.228407,0.795427,0.228049,0.132545,-0.064135,0.946817,-0.286105,1.314872,0.835366,1.392564
411,1.712500,0.360354,0.337279,-0.760644,0.421674,1.466563,0.652158,0.245156,-0.382232,-0.128193,0.883367,-0.239015,1.221872,0.783112,0.228461,0.133048,-0.063926,0.947363,-0.284103,1.312864,0.834189,1.395851
412,1.716667,0.348882,0.341071,-0.762443,0.425008,1.457332,0.642545,0.245071,-0.375938,-0.118866,0.887026,-0.240264,1.215222,0.770750,0.228594,0.133621,-0.064649,0.947823,-0.282131,1.310727,0.833118,1.398911
413,1.720833,0.327512,0.353585,-0.759861,0.436263,1.447396,0.631454,0.245326,-0.369993,-0.106247,0.891054,-0.240497,1.208544,0.758405,0.228541,0.134622,-0.064897,0.948090,-0.280697,1.308847,0.832073,1.401876
414,1.725000,0.316278,0.355808,-0.762678,0.437825,1.438257,0.621509,0.244960,-0.364014,-0.095143,0.894662,-0.240878,1.201539,0.745996,0.228642,0.136372,-0.065451,0.948369,-0.278776,1.306870,0.831154,1.404970
415,1.729167,0.304208,0.356750,-0.766115,0.439608,1.429129,0.611479,0.244346,-0.356945,-0.082167,0.898517,-0.241879,1.194477,0.733619,0.228423,0.139422,-0.065346,0.948365,-0.277298,1.305223,0.830254,1.408217
416,1.733333,0.294275,0.358740,-0.768919,0.439855,1.420057,0.601158,0.243626,-0.350703,-0.072764,0.901284,-0.243721,1.187184,0.721274,0.228309,0.141028,-0.065918,0.948572,-0.275640,1.303344,0.829547,1.410861
417,1.737500,0.281774,0.358145,-0.773165,0.441081,1.410907,0.590804,0.242687,-0.345105,-0.065824,0.903285,-0.246265,1.179751,0.709109,0.228216,0.144914,-0.065979,0.948473,-0.273946,1.301646,0.828875,1.414046
418,1.741667,0.270380,0.359326,-0.775913,0.442423,1.401861,0.580424,0.241552,-0.338473,-0.057194,0.905639,-0.248965,1.172131,0.696943,0.227976,0.149312,-0.065662,0.948212,-0.272559,1.300212,0.828168,1.417298
419,1.745833,0.256773,0.358467,-0.779755,0.444468,1.392886,0.569735,0.240412,-0.332524,-0.048533,0.907734,-0.251181,1.164523,0.684921,0.227507,0.152444,-0.066368,0.948042,-0.271242,1.298626,0.827634,1.419841
420,1.750000,0.251552,0.357454,-0.783694,0.441330,1.383968,0.558725,0.239274,-0.326689,-0.040780,0.909581,-0.253523,1.156692,0.672945,0.227144,0.157689,-0.066098,0.947662,-0.269633,1.297135,0.827136,1.423089
421,1.754167,0.244392,0.355844,-0.787337,0.440167,1.375073,0.547404,0.238346,-0.320785,-0.034416,0.911108,-0.256503,1.148744,0.660924,0.226699,0.161871,-0.066358,0.947253,-0.268527,1.295900,0.826693,1.425634
422,1.758333,0.235772,0.353366,-0.791450,0.439490,1.366237,0.535861,0.237278,-0.315378,-0.026043,0.912756,-0.258331,1.140728,0.649047,0.226224,0.166756,-0.065694,0.946918,-0.266876,1.294461,0.826354,1.428632
423,1.762500,0.227804,0.351033,-0.795286,0.438637,1.357565,0.524365,0.235847,-0.309439,-0.017187,0.914576,-0.259815,1.132496,0.637121,0.225603,0.171779,-0.065614,0.946422,-0.265466,1.293166,0.826081,1.431317
424,1.766667,0.219659,0.347762,-0.799257,0.438177,1.348986,0.512691,0.234456,-0.304442,-0.010153,0.915778,-0.261843,1.124334,0.625374,0.225100,0.173875,-0.066944,0.946319,-0.264134,1.291739,0.825871,1.432950
425,1.770833,0.211881,0.345185,-0.802980,0.437239,1.340492,0.500879,0.232726,-0.297657,0.000651,0.917813,-0.262715,1.115774,0.613602,0.224288,0.180020,-0.065979,0.945559,-0.262977,1.290720,0.825617,1.435888
426,1.775000,0.203669,0.341426,-0.806421,0.437758,1.332091,0.488966,0.231081,-0.291734,0.008965,0.919403,-0.263645,1.107118,0.601823,0.223575,0.185573,-0.065648,0.944892,-0.261595,1.289618,0.825520,1.438415
427,1.779167,0.196407,0.336938,-0.810461,0.437093,1.323714,0.477027,0.229225,-0.286223,0.015245,0.920484,-0.265618,1.098579,0.590203,0.222733,0.187570,-0.066377,0.944809,-0.260282,1.288232,0.825508,1.439815
428,1.783333,0.188573,0.334520,-0.812851,0.437962,1.315462,0.464825,0.227385,-0.280358,0.022834,0.921848,-0.266597,1.089970,0.578650,0.221843,0.190601,-0.067020,0.944565,-0.258800,1.286966,0.825556,1.441388
429,1.787500,0.180755,0.330268,-0.815360,0.439816,1.307436,0.452448,0.225570,-0.274926,0.028854,0.922816,-0.268317,1.081294,0.567154,0.220745,0.193665,-0.067788,0.944119,-0.257950,1.285764,0.825585,1.442789
430,1.791667,0.173820,0.327878,-0.817406,0.440602,1.299279,0.440222,0.223504,-0.269281,0.035314,0.923996,-0.269205,1.072521,0.555685,0.219710,0.198086,-0.067106,0.943502,-0.257025,1.284707,0.825574,1.444863
431,1.795833,0.164746,0.326563,-0.817649,0.444595,1.291203,0.427530,0.221666,-0.263633,0.041511,0.925090,-0.270153,1.063694,0.544249,0.218632,0.198494,-0.068487,0.943658,-0.255771,1.283357,0.825753,1.445390
432,1.800000,0.153410,0.325761,-0.820847,0.443346,1.282932,0.414449,0.218787,-0.258047,0.047962,0.926083,-0.271076,1.054893,0.532883,0.217409,0.199746,-0.069300,0.943598,-0.254798,1.282064,0.826005,1.446028
433,1.804167,0.143311,0.328566,-0.821116,0.444157,1.274834,0.402119,0.216214,-0.252859,0.053641,0.926865,-0.272225,1.046105,0.521602,0.215986,0.201872,-0.070047,0.943383,-0.253714,1.280852,0.826236,1.446939
434,1.808333,0.136505,0.327861,-0.820208,0.448477,1.267224,0.389883,0.213887,-0.246881,0.060662,0.927942,-0.272567,1.037247,0.510358,0.214500,0.203433,-0.070569,0.943249,-0.252817,1.279613,0.826567,1.447540
435,1.812500,0.129817,0.326499,-0.820367,0.451158,1.259479,0.377338,0.211426,-0.241494,0.063750,0.928807,-0.273742,1.028373,0.499143,0.213171,0.204722,-0.071642,0.943051,-0.252213,1.278401,0.826838,1.447971
436,1.816667,0.127479,0.323191,-0.820117,0.454647,1.251953,0.364788,0.209206,-0.236361,0.067055,0.929618,-0.274678,1.019511,0.488008,0.211730,0.206227,-0.072468,0.942903,-0.251300,1.277248,0.827253,1.448320
437,1.820833,0.123658,0.318714,-0.820914,0.457417,1.244411,0.352114,0.206668,-0.230951,0.071308,0.930436,-0.275435,1.010653,0.476954,0.210020,0.204862,-0.074037,0.943330,-0.250357,1.275810,0.827744,1.447804
438,1.825000,0.120324,0.314944,-0.821288,0.460238,1.236798,0.339566,0.203873,-0.226225,0.073318,0.931086,-0.276634,1.001822,0.465931,0.208290,0.204810,-0.074451,0.943651,-0.249064,1.274323,0.828314,1.447861
439,1.829167,0.118591,0.307084,-0.822377,0.464038,1.229630,0.326714,0.201450,-0.221460,0.075438,0.931804,-0.277498,0.993004,0.454972,0.206487,0.205299,-0.075127,0.943727,-0.248169,1.273010,0.828870,1.447826
440,1.833333,0.113666,0.305392,-0.821597,0.467754,1.222062,0.314184,0.198607,-0.217544,0.075344,0.932401,-0.278615,0.984222,0.444116,0.204636,0.206667,-0.075857,0.943620,-0.247216,1.271869,0.829470,1.447858
441,1.837500,0.108408,0.304034,-0.820280,0.472178,1.214791,0.301599,0.195817,-0.214082,0.075743,0.932835,-0.279733,0.975482,0.433325,0.202513,0.208046,-0.076528,0.943402,-0.246685,1.270767,0.830059,1.447792
442,1.841667,0.103994,0.302761,-0.819388,0.475525,1.207367,0.289265,0.192778,-0.211291,0.074757,0.933169,-0.281003,0.966847,0.422607,0.200176,0.209125,-0.076890,0.943362,-0.245810,1.269545,0.830743,1.447714
443,1.845833,0.099062,0.302247,-0.818192,0.478952,1.200026,0.276978,0.189700,-0.209329,0.073270,0.933299,-0.282427,0.958295,0.411997,0.197708,0.210406,-0.077002,0.943326,-0.244819,1.268342,0.831486,1.447665
444,1.850000,0.094216,0.302494,-0.816717,0.482280,1.192752,0.264659,0.186647,-0.208189,0.072368,0.933183,-0.283883,0.949800,0.401397,0.195091,0.211744,-0.077182,0.943260,-0.243861,1.267191,0.832257,1.447535
445,1.854167,0.089322,0.302488,-0.815152,0.485850,1.185463,0.252513,0.183515,-0.207518,0.071659,0.932863,-0.285602,0.941433,0.390904,0.192371,0.212981,-0.076927,0.943327,-0.242602,1.265993,0.833166,1.447347
446,1.858333,0.083900,0.303470,-0.813629,0.488748,1.178193,0.240545,0.180246,-0.207556,0.071078,0.932264,-0.287666,0.933198,0.380442,0.189412,0.214837,-0.077419,0.943054,-0.241867,1.265042,0.834020,1.446979
447,1.862500,0.078360,0.304955,-0.812221,0.491079,1.170895,0.228717,0.176891,-0.207421,0.071238,0.931656,-0.289687,0.925076,0.370099,0.186440,0.217004,-0.077206,0.942902,-0.240593,1.263972,0.834968,1.446906
448,1.866667,0.072905,0.306662,-0.810700,0.493366,1.163631,0.216985,0.173491,-0.208207,0.072019,0.930521,-0.292563,0.917143,0.359821,0.183142,0.218764,-0.077250,0.942681,-0.239850,1.262933,0.835907,1.446528
449,1.870833,0.067351,0.309163,-0.809166,0.495109,1.156422,0.205414,0.170056,-0.209548,0.073219,0.929041,-0.295993,0.909362,0.349656,0.179669,0.221553,-0.076716,0.942391,-0.238595,1.261952,0.836921,1.446525
450,1.875000,0.061842,0.310971,-0.808337,0.496049,1.149199,0.194087,0.166442,-0.210901,0.075651,0.927453,-0.299380,0.901717,0.339582,0.176066,0.225425,-0.076053,0.941686,-0.237965,1.261163,0.837890,1.446645
451,1.879167,0.055391,0.314099,-0.806992,0.497029,1.141979,0.182919,0.162817,-0.213220,0.078110,0.925377,-0.303502,0.894347,0.329612,0.172084,0.225811,-0.076656,0.941888,-0.236601,1.259951,0.839094,1.445608
452,1.883333,0.050373,0.316575,-0.806651,0.496545,1.134879,0.172040,0.159132,-0.215918,0.079890,0.923060,-0.308152,0.887159,0.319703,0.168083,0.229544,-0.075998,0.941269,-0.235683,1.259197,0.840216,1.445493
453,1.887500,0.046211,0.318141,-0.806848,0.495628,1.127837,0.161584,0.155180,-0.218292,0.083078,0.920669,-0.312753,0.880211,0.309968,0.163755,0.232760,-0.076163,0.940679,-0.234831,1.258493,0.841322,1.445051
454,1.891667,0.042451,0.318809,-0.807769,0.494032,1.120843,0.151266,0.151203,-0.221128,0.086146,0.918097,-0.317457,0.873455,0.300231,0.159264,0.234999,-0.076334,0.940474,-0.233360,1.257541,0.842596,1.444384
455,1.895833,0.039376,0.319194,-0.808936,0.492126,1.113937,0.141233,0.147169,-0.224675,0.087904,0.915237,-0.322701,0.866955,0.290707,0.154642,0.235450,-0.076919,0.940646,-0.232016,1.256424,0.843934,1.443102
456,1.900000,0.037364,0.318718,-0.810493,0.490025,1.107228,0.131484,0.143058,-0.228064,0.087580,0.912448,-0.328260,0.860613,0.281306,0.149906,0.238974,-0.077295,0.939962,-0.231058,1.255689,0.845257,1.442393
457,1.904167,0.035467,0.317209,-0.812786,0.487340,1.100686,0.122002,0.138715,-0.232390,0.084738,0.909346,-0.334520,0.854491,0.272115,0.144964,0.241588,-0.077451,0.939542,-0.229996,1.254892,0.846588,1.441543
458,1.908333,0.035187,0.315042,-0.815633,0.483997,1.094339,0.112873,0.134222,-0.237631,0.079427,0.905859,-0.341530,0.848629,0.263290,0.139718,0.243781,-0.077739,0.939235,-0.228835,1.254078,0.847969,1.440509
459,1.912500,0.033683,0.313845,-0.817668,0.481442,1.088211,0.104007,0.129500,-0.238429,0.070658,0.903438,-0.349226,0.842224,0.254490,0.134555,0.247181,-0.077273,0.938621,-0.227860,1.253558,0.849420,1.439637
460,1.916667,0.033369,0.311117,-0.820138,0.479027,1.082386,0.095485,0.124664,-0.247054,0.069170,0.899248,-0.354306,0.837134,0.246502,0.128875,0.248797,-0.078339,0.938432,-0.226513,1.252587,0.851025,1.438059
461,1.920833,0.032730,0.308891,-0.821938,0.477424,1.076831,0.087290,0.119509,-0.253947,0.070513,0.895639,-0.358287,0.832291,0.238572,0.122871,0.250687,-0.078967,0.938136,-0.225434,1.251868,0.852656,1.436394
462,1.925000,0.032905,0.306438,-0.823632,0.476071,1.071496,0.079503,0.114369,-0.261489,0.070439,0.891718,-0.362630,0.827477,0.231094,0.117033,0.251568,-0.080404,0.938053,-0.224286,1.250962,0.854316,1.434361
463,1.929167,0.033387,0.303784,-0.824863,0.475606,1.066448,0.072134,0.108881,-0.265121,0.070338,0.888201,-0.368596,0.823503,0.223346,0.109733,0.253416,-0.081237,0.937688,-0.223432,1.250321,0.856014,1.432434
464,1.933333,0.036178,0.300377,-0.827250,0.473417,1.061846,0.065117,0.102974,-0.270429,0.066825,0.884520,-0.374201,0.819377,0.216692,0.103323,0.254653,-0.082771,0.937499,-0.222252,1.249473,0.857910,1.430077
465,1.937500,0.040921,0.296857,-0.829873,0.470650,1.057724,0.058481,0.096714,-0.276318,0.061446,0.880588,-0.380048,0.815535,0.210578,0.096752,0.257847,-0.083357,0.936722,-0.221626,1.249073,0.859717,1.428202
466,1.941667,0.042779,0.297039,-0.830533,0.469205,1.053474,0.052376,0.090258,-0.274601,0.054336,0.879832,-0.384105,0.811171,0.204916,0.089846,0.259540,-0.084429,0.936359,-0.220777,1.248482,0.861617,1.425845
467,1.945833,0.045128,0.296402,-0.831029,0.468509,1.049538,0.046592,0.083643,-0.270232,0.057193,0.881880,-0.382088,0.806606,0.200191,0.083493,0.260072,-0.086469,0.936302,-0.219603,1.247568,0.863721,1.422906
468,1.950000,0.046853,0.294917,-0.831089,0.469169,1.045491,0.041377,0.077319,-0.272837,0.057513,0.876335,-0.392796,0.804706,0.194902,0.077859,0.263890,-0.087147,0.935242,-0.219296,1.247432,0.865759,1.420599
469,1.954167,0.052655,0.292992,-0.832626,0.467031,1.042350,0.036494,0.070201,-0.262072,0.064213,0.875538,-0.400783,0.803228,0.190340,0.073227,0.263508,-0.089371,0.935468,-0.217887,1.246396,0.868037,1.417248
470,1.958333,0.060364,0.288624,-0.835170,0.464267,1.038907,0.032632,0.063175,-0.232436,0.054821,0.878956,-0.412800,0.799141,0.185787,0.068144,0.268383,-0.089848,0.934020,-0.217958,1.246402,0.870118,1.415038
471,1.962500,0.051109,0.281378,-0.835415,0.469357,1.036064,0.028120,0.057801,-0.199151,0.045823,0.883315,-0.421893,0.795675,0.182508,0.064172,0.268589,-0.092076,0.933962,-0.217020,1.245581,0.872479,1.411481
472,1.966667,0.039979,0.272486,-0.839778,0.467896,1.033441,0.024622,0.053090,-0.167185,0.042040,0.887003,-0.428378,0.792676,0.179990,0.060825,0.273165,-0.092349,0.932651,-0.216829,1.245592,0.874752,1.409026
473,1.970833,0.024728,0.238867,-0.855394,0.458947,1.030383,0.021065,0.049803,-0.138774,0.040361,0.890654,-0.431101,0.789782,0.178275,0.057678,0.272672,-0.093952,0.932951,-0.215466,1.244657,0.877319,1.405306
474,1.975000,0.010489,0.191576,-0.871701,0.450917,1.027601,0.017546,0.048367,-0.121002,0.035711,0.892761,-0.432506,0.787476,0.177045,0.053595,0.274384,-0.094824,0.932373,-0.215414,1.244387,0.879636,1.402021
475,1.979167,0.004509,0.163355,-0.877862,0.450170,1.025781,0.014322,0.045637,-0.108409,0.032355,0.894150,-0.433240,0.786466,0.175865,0.050101,0.275755,-0.095517,0.931907,-0.215372,1.244171,0.881490,1.399395
476,1.983333,0.006231,0.147214,-0.879036,0.453415,1.024747,0.011457,0.042715,-0.096492,0.027731,0.895390,-0.433818,0.786931,0.175800,0.047452,0.275755,-0.095517,0.931907,-0.215372,1.244171,0.881490,1.399395
477,1.987500,0.008773,0.136279,-0.877832,0.459088,1.023955,0.009340,0.040252,-0.083747,0.023504,0.896192,-0.435057,0.788097,0.175920,0.045684,-0.058322,-0.040879,0.891321,-0.447744,1.076870,0.265893,0.945620
478,1.991667,0.007371,0.124625,-0.878244,0.461629,1.022881,0.008422,0.038251,-0.072033,0.019048,0.896497,-0.436741,0.789604,0.176566,0.044441,-0.055842,-0.033476,0.891705,-0.447910,1.073583,0.262086,0.935715
479,1.995833,0.000952,0.111235,-0.879944,0.461870,1.021926,0.008571,0.036419,-0.062243,0.017479,0.896513,-0.438274,0.790993,0.177244,0.043412,-0.042779,-0.016100,0.892315,-0.449094,1.070605,0.257905,0.923842
480,2.000000,-0.009903,0.100797,-0.882059,0.460123,1.020848,0.009389,0.034295,-0.052082,0.015999,0.897460,-0.437718,0.792181,0.177700,0.041914,-0.032064,-0.010981,0.892875,-0.449028,1.067603,0.253898,0.912563
481,2.004167,-0.020441,0.092129,-0.883586,0.458661,1.019775,0.009924,0.032619,-0.042919,0.015880,0.898814,-0.435936,0.792625,0.177502,0.040045,-0.030788,-0.011156,0.892804,-0.449253,1.064539,0.250410,0.902329
482,2.008333,-0.023801,0.083202,-0.882695,0.461910,1.018947,0.009750,0.031331,-0.033610,0.013110,0.900199,-0.433983,0.792560,0.176964,0.038110,-0.029286,-0.007682,0.892205,-0.450615,1.061312,0.246177,0.892692
483,2.012500,-0.020441,0.070426,-0.879891,0.469482,1.018496,0.009429,0.030022,-0.022820,0.011995,0.901739,-0.431511,0.792090,0.175910,0.035970,-0.023985,-0.006979,0.891686,-0.451964,1.058148,0.242240,0.882797
484,2.016667,-0.013090,0.053955,-0.877238,0.476835,1.018439,0.009614,0.028750,-0.011615,0.006589,0.903778,-0.427794,0.791359,0.175320,0.034019,-0.028818,-0.012357,0.889952,-0.454976,1.054585,0.238809,0.873507
485,2.020833,-0.013574,0.045034,-0.877522,0.477223,1.017712,0.010510,0.027589,-0.003648,-0.003907,0.906040,-0.423158,0.791301,0.174812,0.032631,-0.004612,-0.013283,0.888844,-0.457995,1.052263,0.234725,0.866723
486,2.025000,-0.012126,0.038807,-0.878089,0.476766,1.016721,0.011241,0.026940,-0.002614,-0.010052,0.905742,-0.423702,0.792245,0.175201,0.032080,0.009409,-0.008869,0.887933,-0.459792,1.049987,0.230880,0.860672
487,2.029167,-0.009607,0.036811,-0.878480,0.476262,1.015711,0.011759,0.026916,-0.002674,-0.017431,0.905421,-0.424148,0.793424,0.175300,0.032502,-0.004842,-0.009282,0.887713,-0.460279,1.045615,0.228359,0.853948
488,2.033333,-0.002102,0.033416,-0.876431,0.480361,1.015350,0.011926,0.027630,-0.005379,-0.020179,0.905285,-0.424290,0.793913,0.174097,0.033675,-0.003384,-0.013818,0.886433,-0.462639,1.042772,0.224900,0.848913
489,2.037500,0.006134,0.031222,-0.873693,0.485436,1.014931,0.011378,0.028382,-0.007830,-0.015434,0.906347,-0.422179,0.793098,0.173101,0.034540,0.027962,0.008202,0.898647,-0.437704,1.042915,0.231012,0.847338
490,2.041667,0.008488,0.035369,-0.871728,0.488639,1.014312,0.010690,0.028788,-0.010365,-0.017224,0.908959,-0.416401,0.792224,0.171940,0.034283,0.040006,0.010199,0.891258,-0.451613,1.040140,0.223616,0.843680
491,2.045833,0.010977,0.039026,-0.870097,0.491211,1.013694,0.009994,0.028996,-0.013300,-0.026941,0.910740,-0.411886,0.791326,0.171008,0.033312,0.031584,0.010298,0.897043,-0.440693,1.037254,0.224116,0.838326
492,2.050000,0.011230,0.042488,-0.869234,0.492444,1.012803,0.009261,0.029214,-0.014139,-0.031826,0.910982,-0.410974,0.791027,0.170755,0.033231,0.033308,0.013234,0.896647,-0.441293,1.034593,0.220984,0.834533
493,2.054167,0.009827,0.045635,-0.868276,0.493881,1.011798,0.008438,0.029512,-0.014900,-0.033478,0.910537,-0.411800,0.791308,0.170375,0.033704,0.031817,0.016284,0.896249,-0.442109,1.032315,0.217900,0.830154
494,2.058333,0.011149,0.046954,-0.867554,0.494995,1.010972,0.007720,0.029804,-0.016292,-0.031767,0.911073,-0.410695,0.791740,0.169930,0.034360,0.032598,0.018293,0.895687,-0.443112,1.030121,0.214622,0.826484
495,2.062500,0.012497,0.049129,-0.866903,0.495892,1.010231,0.007154,0.030106,-0.018516,-0.029304,0.911974,-0.408781,0.791658,0.169370,0.034770,0.037853,0.019453,0.894216,-0.445609,1.027692,0.210677,0.823974
496,2.066667,0.014852,0.049652,-0.865489,0.498240,1.009624,0.006559,0.030240,-0.020666,-0.032641,0.913350,-0.405339,0.791197,0.168469,0.034670,0.042766,0.021997,0.892689,-0.448101,1.025429,0.206955,0.821697
497,2.070833,0.015589,0.050552,-0.864460,0.499910,1.009115,0.005995,0.030381,-0.020259,-0.039917,0.914119,-0.402968,0.791027,0.167636,0.034316,0.049375,0.025373,0.890081,-0.452409,1.023018,0.202623,0.819842
498,2.075000,0.017122,0.049101,-0.862653,0.503116,1.008473,0.005408,0.030422,-0.020151,-0.045083,0.914408,-0.401770,0.790940,0.166998,0.034252,0.053697,0.028124,0.889013,-0.453851,1.021055,0.199316,0.818124
499,2.079167,0.017452,0.048882,-0.862079,0.504109,1.007961,0.004903,0.030441,-0.019371,-0.050262,0.914638,-0.400669,0.791375,0.166197,0.034366,0.095510,0.016850,0.881058,-0.462958,1.019019,0.193499,0.826667
500,2.083333,0.017189,0.048632,-0.861260,0.505539,1.007427,0.004428,0.030302,-0.019673,-0.055172,0.915333,-0.398415,0.791791,0.165559,0.034300,0.096994,0.018963,0.880288,-0.464032,1.017335,0.190331,0.824804
501,2.087500,0.016716,0.047545,-0.860304,0.507284,1.006965,0.004087,0.030131,-0.020934,-0.055106,0.916738,-0.395116,0.791966,0.164647,0.034521,0.096159,0.020379,0.880125,-0.464454,1.015845,0.187469,0.822835
502,2.091667,0.014267,0.046856,-0.859166,0.509347,1.006514,0.003816,0.029909,-0.022103,-0.054587,0.918746,-0.390433,0.791870,0.163536,0.034617,0.099396,0.022626,0.879050,-0.465702,1.014141,0.184211,0.821665
503,2.095833,0.012596,0.045286,-0.858097,0.511332,1.006167,0.003673,0.029558,-0.021091,-0.057846,0.919973,-0.387115,0.792061,0.162584,0.034474,0.104327,0.024691,0.877702,-0.467060,1.012436,0.180998,0.820899
504,2.100000,0.012147,0.042212,-0.857204,0.513101,1.006096,0.003700,0.029197,-0.019247,-0.056637,0.921127,-0.384638,0.792510,0.161754,0.034666,0.105485,0.025499,0.877149,-0.467796,1.010772,0.177867,0.819972
505,2.104167,0.011796,0.038518,-0.857036,0.513679,1.006184,0.003841,0.028847,-0.018620,-0.057875,0.921985,-0.382423,0.792895,0.160875,0.034810,0.106311,0.026198,0.876806,-0.468212,1.009148,0.175067,0.819406
506,2.108333,0.010556,0.035259,-0.857149,0.513751,1.006253,0.004058,0.028401,-0.018781,-0.061068,0.922919,-0.379657,0.793274,0.160074,0.034672,0.107934,0.026980,0.876555,-0.468267,1.007221,0.172365,0.819223
507,2.112500,0.006080,0.035007,-0.857992,0.512433,1.006362,0.004462,0.028026,-0.019853,-0.061842,0.924200,-0.376345,0.793659,0.159373,0.034632,0.110551,0.026058,0.876536,-0.467744,1.004348,0.169285,0.819542
508,2.116667,0.003356,0.035229,-0.858716,0.511229,1.006548,0.004782,0.027885,-0.020300,-0.062066,0.925367,-0.373406,0.794037,0.158674,0.034626,0.112634,0.025321,0.876517,-0.467322,1.002050,0.166821,0.819796
509,2.120833,0.004427,0.034432,-0.858662,0.511366,1.006662,0.004969,0.027967,-0.020010,-0.060319,0.926278,-0.371445,0.794422,0.158312,0.034796,0.112634,0.025321,0.876517,-0.467322,1.002050,0.166821,0.819796
510,2.125000,0.006733,0.034056,-0.858192,0.512154,1.006614,0.004879,0.028169,-0.018542,-0.060023,0.926722,-0.370460,0.794855,0.158040,0.034889,0.112634,0.025321,0.876517,-0.467322,1.002050,0.166821,0.819796
511,2.129167,0.008555,0.034609,-0.857684,0.512940,1.006605,0.004633,0.028291,-0.017411,-0.059261,0.927151,-0.369561,0.795216,0.157813,0.034976,0.112634,0.025321,0.876517,-0.467322,1.002050,0.166821,0.819796
512,2.133333,0.009597,0.035546,-0.857624,0.512958,1.006495,0.004347,0.028364,-0.017437,-0.058996,0.927488,-0.368757,0.795355,0.157647,0.034964,0.112634,0.025321,0.876517,-0.467322,1.002050,0.166821,0.819796
513,2.137500,0.009761,0.036437,-0.857874,0.512473,1.006438,0.004195,0.028411,-0.017515,-0.059465,0.927644,-0.368285,0.795357,0.157547,0.034842,0.112634,0.025321,0.876517,-0.467322,1.002050,0.166821,0.819796
514,2.141667,0.009778,0.037537,-0.858165,0.511907,1.006525,0.004191,0.028563,-0.017174,-0.059696,0.927619,-0.368326,0.795322,0.157567,0.034690,0.112634,0.025321,0.876517,-0.467322,1.002050,0.166821,0.819796
515,2.145833,0.010124,0.038609,-0.858306,0.511584,1.006585,0.004206,0.028671,-0.016232,-0.058718,0.927416,-0.369037,0.795264,0.157798,0.034649,0.112634,0.025321,0.876517,-0.467322,1.002050,0.166821,0.819796
516,2.150000,0.010782,0.039292,-0.858359,0.511428,1.006631,0.004239,0.028738,-0.014928,-0.057407,0.927074,-0.370156,0.795231,0.158072,0.034551,0.112634,0.025321,0.876517,-0.467322,1.002050,0.166821,0.819796
517,2.154167,0.011555,0.039647,-0.858277,0.511522,1.006693,0.004210,0.028804,-0.013846,-0.055439,0.926849,-0.371060,0.795150,0.158315,0.034445,0.112634,0.025321,0.876517,-0.467322,1.002050,0.166821,0.819796
518,2.158333,0.011683,0.040327,-0.858350,0.511344,1.006725,0.004128,0.028891,-0.012914,-0.054605,0.926580,-0.371888,0.795015,0.158542,0.034278,0.112634,0.025321,0.876517,-0.467322,1.002050,0.166821,0.819796
519,2.162500,0.012207,0.041126,-0.858523,0.510977,1.006800,0.003986,0.029028,-0.012593,-0.053918,0.926240,-0.372846,0.794819,0.158774,0.034132,0.112634,0.025321,0.876517,-0.467322,1.002050,0.166821,0.819796
520,2.166667,0.012828,0.042133,-0.858757,0.510487,1.006903,0.003865,0.029207,-0.012790,-0.053257,0.925864,-0.373867,0.794598,0.159041,0.034064,0.112634,0.025321,0.876517,-0.467322,1.002050,0.166821,0.819796
521,2.170833,0.013667,0.042979,-0.858806,0.510311,1.006968,0.003819,0.029396,-0.013301,-0.052299,0.925452,-0.375001,0.794421,0.159295,0.034108,0.112634,0.025321,0.876517,-0.467322,1.002050,0.166821,0.819796
522,2.175000,0.014773,0.043632,-0.858753,0.510315,1.006909,0.003775,0.029588,-0.013579,-0.051614,0.925067,-0.376036,0.794315,0.159500,0.034218,0.112634,0.025321,0.876517,-0.467322,1.002050,0.166821,0.819796
523,2.179167,0.015815,0.044275,-0.858786,0.510172,1.006846,0.003700,0.029728,-0.013697,-0.050618,0.924828,-0.376753,0.794252,0.159599,0.034365,0.112634,0.025321,0.876517,-0.467322,1.002050,0.166821,0.819796
524,2.183333,0.016296,0.045246,-0.858832,0.509995,1.006753,0.003607,0.029896,-0.013908,-0.051203,0.924644,-0.377118,0.794158,0.159635,0.034416,0.112634,0.025321,0.876517,-0.467322,1.002050,0.166821,0.819796
525,2.187500,0.017294,0.046166,-0.859069,0.509480,1.006708,0.003500,0.030134,-0.014303,-0.052785,0.924405,-0.377472,0.794066,0.159650,0.034440,0.112634,0.025321,0.876517,-0.467322,1.002050,0.166821,0.819796
526,2.191667,0.018082,0.047148,-0.859195,0.509151,1.006721,0.003408,0.030364,-0.015079,-0.053288,0.924201,-0.377869,0.793932,0.159682,0.034565,0.112634,0.025321,0.876517,-0.467322,1.002050,0.166821,0.819796
527,2.195833,0.018472,0.048219,-0.859193,0.509039,1.006730,0.003309,0.030567,-0.015693,-0.053653,0.923921,-0.378477,0.793844,0.159723,0.034702,0.112634,0.025321,0.876517,-0.467322,1.002050,0.166821,0.819796
528,2.200000,0.019148,0.049438,-0.859322,0.508680,1.006789,0.003227,0.030794,-0.016325,-0.055914,0.923370,-0.379467,0.793841,0.159768,0.034739,0.112634,0.025321,0.876517,-0.467322,1.002050,0.166821,0.819796
529,2.204167,0.019925,0.050511,-0.859349,0.508499,1.006814,0.003168,0.031031,-0.017300,-0.055931,0.923059,-0.380177,0.793848,0.159790,0.034929,0.112634,0.025321,0.876517,-0.467322,1.002050,0.166821,0.819796
530,2.208333,0.020936,0.050882,-0.859305,0.508495,1.006790,0.003120,0.031208,-0.018031,-0.056258,0.922791,-0.380744,0.793856,0.159757,0.035079,0.112634,0.025321,0.876517,-0.467322,1.002050,0.166821,0.819796
531,2.212500,0.021499,0.051723,-0.859345,0.508320,1.006764,0.003043,0.031397,-0.018747,-0.057325,0.922542,-0.381154,0.793734,0.159784,0.035173,0.112634,0.025321,0.876517,-0.467322,1.002050,0.166821,0.819796
532,2.216667,0.023854,0.051026,-0.859330,0.508311,1.006760,0.002882,0.031453,-0.019119,-0.057045,0.922371,-0.381593,0.793623,0.159846,0.035335,0.112634,0.025321,0.876517,-0.467322,1.002050,0.166821,0.819796
533,2.220833,0.024230,0.051955,-0.859571,0.507791,1.006734,0.002797,0.031710,-0.019529,-0.056254,0.922268,-0.381938,0.793446,0.159887,0.035543,0.112634,0.025321,0.876517,-0.467322,1.002050,0.166821,0.819796
534,2.225000,0.022947,0.054574,-0.859812,0.507168,1.006771,0.002763,0.032043,-0.020510,-0.055867,0.922071,-0.382418,0.793353,0.159951,0.035741,0.112634,0.025321,0.876517,-0.467322,1.002050,0.166821,0.819796
535,2.229167,0.023365,0.055447,-0.860005,0.506726,1.006818,0.002642,0.032246,-0.021827,-0.055319,0.921903,-0.382830,0.793284,0.159996,0.035983,0.112634,0.025321,0.876517,-0.467322,1.002050,0.166821,0.819796
536,2.233333,0.024127,0.056833,-0.860418,0.505835,1.006973,0.002510,0.032514,-0.023115,-0.055222,0.921709,-0.383236,0.793191,0.160013,0.036210,0.112634,0.025321,0.876517,-0.467322,1.002050,0.166821,0.819796
537,2.237500,0.024625,0.057435,-0.860587,0.505454,1.007052,0.002392,0.032700,-0.024422,-0.055367,0.921511,-0.383608,0.793095,0.160033,0.036418,0.112634,0.025321,0.876517,-0.467322,1.002050,0.166821,0.819796
538,2.241667,0.025471,0.058011,-0.860845,0.504907,1.007139,0.002264,0.032907,-0.025856,-0.055678,0.921307,-0.383960,0.792929,0.160033,0.036633,0.112634,0.025321,0.876517,-0.467322,1.002050,0.166821,0.819796
539,2.245833,0.026254,0.058430,-0.861179,0.504249,1.007212,0.002146,0.033087,-0.027194,-0.055628,0.921151,-0.384249,0.792772,0.160057,0.036868,0.112634,0.025321,0.876517,-0.467322,1.002050,0.166821,0.819796
540,2.250000,0.024995,0.060583,-0.861979,0.502689,1.007440,0.002105,0.033368,-0.028619,-0.055385,0.921025,-0.384481,0.792640,0.160068,0.037134,0.112634,0.025321,0.876517,-0.467322,1.002050,0.166821,0.819796
541,2.254167,0.024225,0.062363,-0.862594,0.501453,1.007568,0.001955,0.033679,-0.030174,-0.054655,0.920962,-0.384617,0.792530,0.160064,0.037444,0.112634,0.025321,0.876517,-0.467322,1.002050,0.166821,0.819796
542,2.258333,0.024960,0.063424,-0.863126,0.500368,1.007780,0.001815,0.033969,-0.031986,-0.054092,0.920868,-0.384778,0.792389,0.160040,0.037759,0.112634,0.025321,0.876517,-0.467322,1.002050,0.166821,0.819796
543,2.262500,0.026727,0.062934,-0.863041,0.500485,1.007805,0.001594,0.034107,-0.033732,-0.053014,0.920841,-0.384842,0.792221,0.160022,0.038094,0.112634,0.025321,0.876517,-0.467322,1.002050,0.166821,0.819796
544,2.266667,0.026879,0.064625,-0.863416,0.499614,1.008086,0.001479,0.034428,-0.035139,-0.052116,0.920815,-0.384902,0.792005,0.160002,0.038379,0.112634,0.025321,0.876517,-0.467322,1.002050,0.166821,0.819796
545,2.270833,0.027360,0.065731,-0.863766,0.498839,1.008335,0.001341,0.034721,-0.036467,-0.051348,0.920783,-0.384958,0.791790,0.159948,0.038670,0.112634,0.025321,0.876517,-0.467322,1.002050,0.166821,0.819796
546,2.275000,0.027141,0.067120,-0.864155,0.497990,1.008576,0.001188,0.034938,-0.037866,-0.050386,0.920746,-0.385039,0.791612,0.159901,0.038985,0.112634,0.025321,0.876517,-0.467322,1.002050,0.166821,0.819796
547,2.279167,0.027717,0.068201,-0.864621,0.497002,1.008829,0.001028,0.035188,-0.039383,-0.049112,0.920742,-0.385060,0.791434,0.159842,0.039321,0.112634,0.025321,0.876517,-0.467322,1.002050,0.166821,0.819796
548,2.283333,0.028195,0.069137,-0.865165,0.495897,1.009044,0.000830,0.035477,-0.040745,-0.048141,0.920746,-0.385032,0.791238,0.159769,0.039613,0.112634,0.025321,0.876517,-0.467322,1.002050,0.166821,0.819796
549,2.287500,0.028496,0.070441,-0.865755,0.494666,1.009287,0.000611,0.035780,-0.041892,-0.047347,0.920758,-0.384979,0.790995,0.159671,0.039870,0.112634,0.025321,0.876517,-0.467322,1.002050,0.166821,0.819796
550,2.291667,0.028680,0.071682,-0.866257,0.493597,1.009552,0.000408,0.036052,-0.043083,-0.046294,0.920769,-0.384947,0.790740,0.159557,0.040109,0.112634,0.025321,0.876517,-0.467322,1.002050,0.166821,0.819796
551,2.295833,0.029069,0.073045,-0.866708,0.492582,1.009698,0.000154,0.036393,-0.044102,-0.045295,0.920780,-0.384925,0.790414,0.159372,0.040299,0.112634,0.025321,0.876517,-0.467322,1.002050,0.166821,0.819796
552,2.300000,0.029595,0.074190,-0.867116,0.491660,1.009899,-0.000071,0.036681,-0.045009,-0.044393,0.920721,-0.385066,0.790087,0.159100,0.040455,0.112634,0.025321,0.876517,-0.467322,1.002050,0.166821,0.819796
553,2.304167,0.030360,0.075175,-0.867563,0.490675,1.010126,-0.000327,0.036922,-0.045592,-0.043932,0.920705,-0.385089,0.789750,0.158812,0.040560,0.112634,0.025321,0.876517,-0.467322,1.002050,0.166821,0.819796
554,2.308333,0.031385,0.075854,-0.868022,0.489693,1.010353,-0.000602,0.037224,-0.046080,-0.043708,0.920649,-0.385190,0.789388,0.158499,0.040626,0.112634,0.025321,0.876517,-0.467322,1.002050,0.166821,0.819796
555,2.312500,0.031865,0.076813,-0.868402,0.488839,1.010597,-0.000847,0.037483,-0.046546,-0.043285,0.920530,-0.385466,0.789012,0.158198,0.040667,0.112634,0.025321,0.876517,-0.467322,1.002050,0.166821,0.819796
556,2.316667,0.032953,0.077004,-0.868854,0.487931,1.010836,-0.001106,0.037776,-0.046781,-0.041960,0.920491,-0.385678,0.788582,0.157887,0.040721,0.112634,0.025321,0.876517,-0.467322,1.002050,0.166821,0.819796
557,2.320833,0.033716,0.077287,-0.869320,0.487005,1.011054,-0.001369,0.038031,-0.046760,-0.040043,0.920518,-0.385819,0.788098,0.157578,0.040769,0.112634,0.025321,0.876517,-0.467322,1.002050,0.166821,0.819796
558,2.325000,0.033920,0.078652,-0.869750,0.486002,1.011193,-0.001632,0.038204,-0.046594,-0.038022,0.920539,-0.385994,0.787637,0.157290,0.040814,0.112634,0.025321,0.876517,-0.467322,1.002050,0.166821,0.819796
559,2.329167,0.034363,0.079029,-0.870146,0.485200,1.011467,-0.001865,0.038352,-0.046391,-0.036559,0.920495,-0.386264,0.787168,0.156999,0.040751,0.112634,0.025321,0.876517,-0.467322,1.002050,0.166821,0.819796
560,2.333333,0.034923,0.079385,-0.870470,0.484520,1.011691,-0.002119,0.038533,-0.046268,-0.035465,0.920420,-0.386561,0.786686,0.156677,0.040611,0.112634,0.025321,0.876517,-0.467322,1.002050,0.166821,0.819796
561,2.337500,0.035115,0.079813,-0.870859,0.483738,1.011941,-0.002341,0.038658,-0.045975,-0.034422,0.920333,-0.386897,0.786226,0.156390,0.040485,0.112634,0.025321,0.876517,-0.467322,1.002050,0.166821,0.819796
562,2.341667,0.035881,0.079999,-0.871305,0.482846,1.012179,-0.002572,0.038795,-0.045229,-0.033403,0.920299,-0.387155,0.785747,0.156153,0.040431,0.112634,0.025321,0.876517,-0.467322,1.002050,0.166821,0.819796
563,2.345833,0.036093,0.080282,-0.871728,0.482019,1.012417,-0.002764,0.038899,-0.044960,-0.031950,0.920233,-0.387464,0.785374,0.155938,0.040327,0.112634,0.025321,0.876517,-0.467322,1.002050,0.166821,0.819796
564,2.350000,0.036057,0.080614,-0.872125,0.481248,1.012647,-0.002927,0.038984,-0.044661,-0.030327,0.920176,-0.387764,0.785063,0.155761,0.040229,0.112634,0.025321,0.876517,-0.467322,1.002050,0.166821,0.819796
565,2.354167,0.036154,0.080051,-0.872533,0.480593,1.012909,-0.003085,0.039031,-0.044480,-0.028782,0.920217,-0.387807,0.784798,0.155637,0.040105,0.112634,0.025321,0.876517,-0.467322,1.002050,0.166821,0.819796
566,2.358333,0.036106,0.079818,-0.872942,0.479894,1.013151,-0.003214,0.039040,-0.044452,-0.027134,0.920295,-0.387744,0.784573,0.155587,0.039984,0.112634,0.025321,0.876517,-0.467322,1.002050,0.166821,0.819796
567,2.362500,0.035740,0.079853,-0.873367,0.479141,1.013385,-0.003309,0.039015,-0.044357,-0.025167,0.920367,-0.387717,0.784427,0.155629,0.039853,0.112634,0.025321,0.876517,-0.467322,1.002050,0.166821,0.819796
568,2.366667,0.035723,0.079820,-0.873828,0.478307,1.013604,-0.003395,0.039000,-0.044344,-0.023359,0.920447,-0.387641,0.784350,0.155757,0.039715,0.112634,0.025321,0.876517,-0.467322,1.002050,0.166821,0.819796
569,2.370833,0.035151,0.079764,-0.874227,0.477628,1.013827,-0.003453,0.038936,-0.044299,-0.021847,0.920550,-0.387488,0.784345,0.155980,0.039618,0.112634,0.025321,0.876517,-0.467322,1.002050,0.166821,0.819796
570,2.375000,0.034893,0.079348,-0.874644,0.476954,1.014065,-0.003510,0.038866,-0.044040,-0.020138,0.920633,-0.387413,0.784403,0.156221,0.039563,0.112634,0.025321,0.876517,-0.467322,1.002050,0.166821,0.819796
571,2.379167,0.034531,0.078934,-0.875068,0.476270,1.014270,-0.003558,0.038777,-0.043860,-0.018365,0.920697,-0.387372,0.784497,0.156486,0.039502,0.112634,0.025321,0.876517,-0.467322,1.002050,0.166821,0.819796
572,2.383333,0.034095,0.078455,-0.875498,0.475590,1.014465,-0.003587,0.038668,-0.043772,-0.016095,0.920712,-0.387445,0.784584,0.156746,0.039409,0.112634,0.025321,0.876517,-0.467322,1.002050,0.166821,0.819796
573,2.387500,0.033561,0.077839,-0.875936,0.474923,1.014650,-0.003597,0.038528,-0.043612,-0.014931,0.920708,-0.387520,0.784632,0.157026,0.039329,0.112634,0.025321,0.876517,-0.467322,1.002050,0.166821,0.819796
574,2.391667,0.032613,0.077443,-0.876294,0.474393,1.014806,-0.003579,0.038376,-0.043367,-0.013463,0.920635,-0.387775,0.784626,0.157326,0.039199,0.112634,0.025321,0.876517,-0.467322,1.002050,0.166821,0.819796
575,2.395833,0.031824,0.076902,-0.876643,0.473888,1.014969,-0.003550,0.038193,-0.043192,-0.011847,0.920567,-0.388009,0.784577,0.157589,0.038999,0.112634,0.025321,0.876517,-0.467322,1.002050,0.166821,0.819796
576,2.400000,0.030639,0.076534,-0.876929,0.473497,1.015139,-0.003488,0.037980,-0.042914,-0.010413,0.920547,-0.388128,0.784550,0.157811,0.038789,0.112634,0.025321,0.876517,-0.467322,1.002050,0.166821,0.819796
577,2.404167,0.029395,0.076153,-0.877181,0.473170,1.015254,-0.003427,0.037755,-0.042556,-0.008894,0.920494,-0.388331,0.784503,0.158064,0.038594,0.112634,0.025321,0.876517,-0.467322,1.002050,0.166821,0.819796
578,2.408333,0.028134,0.075493,-0.877468,0.472820,1.015351,-0.003349,0.037524,-0.042053,-0.007518,0.920423,-0.388584,0.784474,0.158335,0.038443,0.112634,0.025321,0.876517,-0.467322,1.002050,0.166821,0.819796
579,2.412500,0.027098,0.074793,-0.877703,0.472555,1.015432,-0.003270,0.037288,-0.041475,-0.006228,0.920345,-0.388851,0.784456,0.158603,0.038329,0.112634,0.025321,0.876517,-0.467322,1.002050,0.166821,0.819796
580,2.416667,0.025971,0.074008,-0.877876,0.472421,1.015530,-0.003154,0.037008,-0.040809,-0.005209,0.920254,-0.389152,0.784390,0.158864,0.038205,0.112634,0.025321,0.876517,-0.467322,1.002050,0.166821,0.819796
581,2.420833,0.024407,0.073444,-0.877901,0.472547,1.015581,-0.003021,0.036728,-0.040157,-0.004139,0.920142,-0.389499,0.784352,0.159175,0.038127,0.112634,0.025321,0.876517,-0.467322,1.002050,0.166821,0.819796
582,2.425000,0.023004,0.072662,-0.877944,0.472657,1.015640,-0.002856,0.036416,-0.039451,-0.003522,0.920033,-0.389834,0.784317,0.159519,0.038070,0.112634,0.025321,0.876517,-0.467322,1.002050,0.166821,0.819796
583,2.429167,0.021793,0.071715,-0.878007,0.472743,1.015661,-0.002683,0.036106,-0.038879,-0.002734,0.919823,-0.390392,0.784286,0.159815,0.037949,0.112634,0.025321,0.876517,-0.467322,1.002050,0.166821,0.819796
584,2.433333,0.020631,0.070563,-0.878024,0.472937,1.015694,-0.002516,0.035786,-0.038279,-0.002168,0.919576,-0.391036,0.784225,0.160090,0.037752,0.112634,0.025321,0.876517,-0.467322,1.002050,0.166821,0.819796
585,2.437500,0.019746,0.069309,-0.878019,0.473170,1.015716,-0.002324,0.035439,-0.037834,-0.001191,0.919261,-0.391825,0.784141,0.160297,0.037503,0.112634,0.025321,0.876517,-0.467322,1.002050,0.166821,0.819796
586,2.441667,0.018487,0.068111,-0.877954,0.473515,1.015704,-0.002136,0.035087,-0.037144,-0.000407,0.919019,-0.392459,0.784075,0.160545,0.037348,0.112634,0.025321,0.876517,-0.467322,1.002050,0.166821,0.819796
587,2.445833,0.016969,0.066888,-0.877831,0.473974,1.015653,-0.001961,0.034739,-0.036333,-0.000289,0.918848,-0.392935,0.784030,0.160834,0.037242,0.112634,0.025321,0.876517,-0.467322,1.002050,0.166821,0.819796
588,2.450000,0.015560,0.065347,-0.877712,0.474456,1.015607,-0.001786,0.034399,-0.035767,0.000042,0.918555,-0.393671,0.784005,0.161037,0.037077,0.112634,0.025321,0.876517,-0.467322,1.002050,0.166821,0.819796
589,2.454167,0.014242,0.063693,-0.877548,0.475026,1.015528,-0.001613,0.034049,-0.034987,0.000412,0.918393,-0.394119,0.783982,0.161226,0.036901,0.112634,0.025321,0.876517,-0.467322,1.002050,0.166821,0.819796
590,2.458333,0.012890,0.062426,-0.877518,0.475289,1.015353,-0.001445,0.033657,-0.034154,0.000640,0.918246,-0.394535,0.783985,0.161399,0.036705,0.112634,0.025321,0.876517,-0.467322,1.002050,0.166821,0.819796
591,2.462500,0.011975,0.060637,-0.877339,0.475874,1.015262,-0.001248,0.033315,-0.033114,0.000851,0.918135,-0.394881,0.784027,0.161550,0.036517,0.112634,0.025321,0.876517,-0.467322,1.002050,0.166821,0.819796
592,2.466667,0.010883,0.058781,-0.877157,0.476467,1.015211,-0.001031,0.032927,-0.031898,0.001068,0.918075,-0.395119,0.784090,0.161697,0.036348,0.112634,0.025321,0.876517,-0.467322,1.002050,0.166821,0.819796
593,2.470833,0.009753,0.056810,-0.876911,0.477184,1.015137,-0.000819,0.032543,-0.030530,0.001144,0.918082,-0.395212,0.784153,0.161821,0.036187,0.112634,0.025321,0.876517,-0.467322,1.002050,0.166821,0.819796
594,2.475000,0.008230,0.054790,-0.876697,0.477841,1.015071,-0.000572,0.032138,-0.029271,0.001245,0.918145,-0.395160,0.784220,0.161924,0.036007,0.112634,0.025321,0.876517,-0.467322,1.002050,0.166821,0.819796
595,2.479167,0.006737,0.052950,-0.876292,0.478815,1.014949,-0.000340,0.031746,-0.027863,0.001181,0.918257,-0.395002,0.784292,0.161997,0.035817,0.112634,0.025321,0.876517,-0.467322,1.002050,0.166821,0.819796
596,2.483333,0.005538,0.050929,-0.875856,0.479845,1.014803,-0.000132,0.031383,-0.026489,0.001160,0.918390,-0.394787,0.784385,0.162055,0.035618,0.112634,0.025321,0.876517,-0.467322,1.002050,0.166821,0.819796
597,2.487500,0.004471,0.048748,-0.875429,0.480861,1.014642,0.000074,0.031023,-0.024871,0.000757,0.918548,-0.394525,0.784504,0.162087,0.035430,0.112634,0.025321,0.876517,-0.467322,1.002050,0.166821,0.819796
598,2.491667,0.003596,0.046262,-0.875023,0.481853,1.014437,0.000290,0.030658,-0.023153,0.000233,0.918741,-0.394181,0.784653,0.162110,0.035241,0.112634,0.025321,0.876517,-0.467322,1.002050,0.166821,0.819796
599,2.495833,0.003055,0.043850,-0.874640,0.482776,1.014249,0.000522,0.030324,-0.021562,-0.000383,0.918936,-0.393818,0.784830,0.162106,0.035066,0.112634,0.025321,0.876517,-0.467322,1.002050,0.166821,0.819796
600,2.500000,0.002754,0.041138,-0.874197,0.483818,1.014139,0.000749,0.030033,-0.019909,-0.001258,0.919166,-0.393365,0.785015,0.162087,0.034889,0.112634,0.025321,0.876517,-0.467322,1.002050,0.166821,0.819796
601,2.504167,0.003090,0.037611,-0.873755,0.484899,1.014051,0.000985,0.029754,-0.018430,-0.002180,0.919340,-0.393025,0.785239,0.162031,0.034687,0.112634,0.025321,0.876517,-0.467322,1.002050,0.166821,0.819796
602,2.508333,0.003897,0.034586,-0.873388,0.485781,1.013962,0.001222,0.029505,-0.016637,-0.003279,0.919576,-0.392547,0.785441,0.161992,0.034507,0.112634,0.025321,0.876517,-0.467322,1.002050,0.166821,0.819796
603,2.512500,0.004404,0.032234,-0.873084,0.486483,1.013852,0.001464,0.029260,-0.015023,-0.004447,0.919864,-0.391925,0.785631,0.161972,0.034330,0.112634,0.025321,0.876517,-0.467322,1.002050,0.166821,0.819796
604,2.516667,0.004517,0.030193,-0.872758,0.487199,1.013833,0.001685,0.029022,-0.013396,-0.005726,0.920147,-0.391302,0.785849,0.161913,0.034149,0.112634,0.025321,0.876517,-0.467322,1.002050,0.166821,0.819796
605,2.520833,0.003748,0.028638,-0.872559,0.487654,1.013864,0.001889,0.028812,-0.011982,-0.007179,0.920440,-0.390633,0.786096,0.161837,0.033985,0.112634,0.025321,0.876517,-0.467322,1.002050,0.166821,0.819796
606,2.525000,0.002740,0.027362,-0.872473,0.487887,1.013892,0.002062,0.028620,-0.010822,-0.008583,0.920655,-0.390132,0.786328,0.161783,0.033851,0.112634,0.025321,0.876517,-0.467322,1.002050,0.166821,0.819796
607,2.529167,0.002440,0.026204,-0.872409,0.488067,1.013917,0.002209,0.028474,-0.009792,-0.009948,0.920781,-0.389829,0.786520,0.161740,0.033730,0.112634,0.025321,0.876517,-0.467322,1.002050,0.166821,0.819796
608,2.533333,0.002039,0.025462,-0.872408,0.488110,1.013937,0.002323,0.028346,-0.008904,-0.011132,0.920868,-0.389613,0.786683,0.161729,0.033642,0.112634,0.025321,0.876517,-0.467322,1.002050,0.166821,0.819796
609,2.537500,0.002004,0.024894,-0.872401,0.488152,1.013974,0.002395,0.028253,-0.008165,-0.012109,0.920914,-0.389492,0.786830,0.161716,0.033571,0.112634,0.025321,0.876517,-0.467322,1.002050,0.166821,0.819796
610,2.541667,0.001959,0.024613,-0.872452,0.488076,1.014002,0.002454,0.028195,-0.007581,-0.012849,0.920917,-0.389473,0.786960,0.161713,0.033511,0.112634,0.025321,0.876517,-0.467322,1.002050,0.166821,0.819796
611,2.545833,0.001899,0.024473,-0.872458,0.488073,1.014006,0.002460,0.028169,-0.007170,-0.013408,0.920906,-0.389487,0.787074,0.161712,0.033462,0.112634,0.025321,0.876517,-0.467322,1.002050,0.166821,0.819796
612,2.550000,0.001564,0.024610,-0.872418,0.488138,1.014071,0.002485,0.028142,-0.006811,-0.013742,0.920889,-0.389524,0.787161,0.161710,0.033437,0.112634,0.025321,0.876517,-0.467322,1.002050,0.166821,0.819796
613,2.554167,0.001476,0.024566,-0.872418,0.488141,1.014090,0.002476,0.028134,-0.006644,-0.013952,0.920862,-0.389582,0.787218,0.161716,0.033421,0.112634,0.025321,0.876517,-0.467322,1.002050,0.166821,0.819796
614,2.558333,0.001351,0.024906,-0.872385,0.488183,1.014138,0.002466,0.028154,-0.006537,-0.014028,0.920839,-0.389636,0.787256,0.161718,0.033423,0.112634,0.025321,0.876517,-0.467322,1.002050,0.166821,0.819796
615,2.562500,0.001150,0.025431,-0.872348,0.488223,1.014176,0.002434,0.028197,-0.006592,-0.013938,0.920801,-0.389728,0.787266,0.161730,0.033444,0.112634,0.025321,0.876517,-0.467322,1.002050,0.166821,0.819796
616,2.566667,0.000955,0.025911,-0.872343,0.488206,1.014227,0.002387,0.028234,-0.006734,-0.013737,0.920769,-0.389808,0.787240,0.161737,0.033483,0.112634,0.025321,0.876517,-0.467322,1.002050,0.166821,0.819796
617,2.570833,0.000489,0.026694,-0.872358,0.488139,1.014287,0.002339,0.028279,-0.007018,-0.013460,0.920734,-0.389896,0.787195,0.161754,0.033521,0.112634,0.025321,0.876517,-0.467322,1.002050,0.166821,0.819796
618,2.575000,0.000032,0.027542,-0.872371,0.488068,1.014347,0.002283,0.028323,-0.007329,-0.013080,0.920701,-0.389980,0.787142,0.161764,0.033569,0.112634,0.025321,0.876517,-0.467322,1.002050,0.166821,0.819796
619,2.579167,-0.000387,0.028436,-0.872384,0.487994,1.014413,0.002224,0.028375,-0.007705,-0.012808,0.920665,-0.390068,0.787089,0.161768,0.033623,0.112634,0.025321,0.876517,-0.467322,1.002050,0.166821,0.819796
620,2.583333,-0.000625,0.029239,-0.872374,0.487964,1.014484,0.002158,0.028429,-0.008134,-0.012470,0.920602,-0.390218,0.787030,0.161778,0.033680,0.112634,0.025321,0.876517,-0.467322,1.002050,0.166821,0.819796
621,2.587500,-0.000837,0.030119,-0.872403,0.487858,1.014538,0.002093,0.028492,-0.008613,-0.012212,0.920538,-0.390367,0.786969,0.161778,0.033740,0.112634,0.025321,0.876517,-0.467322,1.002050,0.166821,0.819796
622,2.591667,-0.000989,0.030885,-0.872408,0.487801,1.014603,0.002026,0.028539,-0.009075,-0.012002,0.920473,-0.390516,0.786896,0.161783,0.033805,0.112634,0.025321,0.876517,-0.467322,1.002050,0.166821,0.819796
623,2.595833,-0.001151,0.031649,-0.872444,0.487686,1.014637,0.001966,0.028604,-0.009603,-0.011706,0.920408,-0.390666,0.786825,0.161786,0.033883,0.112634,0.025321,0.876517,-0.467322,1.002050,0.166821,0.819796
624,2.600000,-0.001431,0.032504,-0.872490,0.487547,1.014651,0.001915,0.028671,-0.010205,-0.011507,0.920339,-0.390819,0.786754,0.161787,0.033968,0.112634,0.025321,0.876517,-0.467322,1.002050,0.166821,0.819796
625,2.604167,-0.001481,0.033118,-0.872490,0.487507,1.014686,0.001868,0.028732,-0.010839,-0.011332,0.920253,-0.391009,0.786687,0.161791,0.034060,0.112634,0.025321,0.876517,-0.467322,1.002050,0.166821,0.819796
626,2.608333,-0.001367,0.033603,-0.872453,0.487539,1.014705,0.001821,0.028790,-0.011418,-0.011002,0.920161,-0.391220,0.786602,0.161802,0.034159,0.112634,0.025321,0.876517,-0.467322,1.002050,0.166821,0.819796
627,2.612500,-0.001047,0.033974,-0.872403,0.487604,1.014708,0.001781,0.028857,-0.012104,-0.011061,0.920116,-0.391302,0.786537,0.161795,0.034248,0.112634,0.025321,0.876517,-0.467322,1.002050,0.166821,0.819796
628,2.616667,-0.000781,0.034316,-0.872361,0.487656,1.014701,0.001748,0.028928,-0.012789,-0.011112,0.920093,-0.391332,0.786507,0.161764,0.034331,0.112634,0.025321,0.876517,-0.467322,1.002050,0.166821,0.819796
629,2.620833,-0.000497,0.034601,-0.872334,0.487685,1.014661,0.001720,0.028983,-0.013397,-0.011254,0.920047,-0.391417,0.786483,0.161733,0.034416,0.112634,0.025321,0.876517,-0.467322,1.002050,0.166821,0.819796
630,2.625000,-0.000441,0.034942,-0.872318,0.487689,1.014599,0.001705,0.029039,-0.014024,-0.011423,0.919991,-0.391523,0.786449,0.161704,0.034492,0.112634,0.025321,0.876517,-0.467322,1.002050,0.166821,0.819796
631,2.629167,-0.000505,0.035327,-0.872301,0.487691,1.014534,0.001695,0.029096,-0.014566,-0.011439,0.919942,-0.391618,0.786433,0.161658,0.034571,0.112634,0.025321,0.876517,-0.467322,1.002050,0.166821,0.819796
632,2.633333,-0.000273,0.035418,-0.872280,0.487723,1.014467,0.001694,0.029144,-0.015016,-0.011640,0.919945,-0.391587,0.786408,0.161622,0.034656,0.112634,0.025321,0.876517,-0.467322,1.002050,0.166821,0.819796
633,2.637500,0.000017,0.035469,-0.872195,0.487871,1.014399,0.001684,0.029193,-0.015324,-0.011733,0.919961,-0.391534,0.786410,0.161583,0.034730,0.112634,0.025321,0.876517,-0.467322,1.002050,0.166821,0.819796
634,2.641667,0.000299,0.035337,-0.872129,0.487998,1.014350,0.001688,0.029220,-0.015672,-0.011970,0.919999,-0.391425,0.786413,0.161544,0.034798,0.112634,0.025321,0.876517,-0.467322,1.002050,0.166821,0.819796
635,2.645833,0.000758,0.035206,-0.872054,0.488142,1.014287,0.001690,0.029237,-0.015965,-0.012391,0.920011,-0.391370,0.786428,0.161484,0.034847,0.112634,0.025321,0.876517,-0.467322,1.002050,0.166821,0.819796
636,2.650000,0.000883,0.035083,-0.871965,0.488309,1.014222,0.001693,0.029259,-0.016239,-0.012495,0.920057,-0.391248,0.786461,0.161429,0.034905,0.112634,0.025321,0.876517,-0.467322,1.002050,0.166821,0.819796
637,2.654167,0.001268,0.034854,-0.871888,0.488461,1.014154,0.001700,0.029276,-0.016420,-0.012728,0.920114,-0.391100,0.786497,0.161371,0.034944,0.112634,0.025321,0.876517,-0.467322,1.002050,0.166821,0.819796
638,2.658333,0.001461,0.034644,-0.871817,0.488603,1.014112,0.001718,0.029273,-0.016727,-0.012879,0.920180,-0.390927,0.786541,0.161304,0.034982,0.112634,0.025321,0.876517,-0.467322,1.002050,0.166821,0.819796
639,2.662500,0.001665,0.034510,-0.871704,0.488814,1.014052,0.001727,0.029281,-0.016874,-0.013032,0.920286,-0.390666,0.786586,0.161249,0.035007,0.112634,0.025321,0.876517,-0.467322,1.002050,0.166821,0.819796
640,2.666667,0.001841,0.034265,-0.871631,0.488959,1.014008,0.001748,0.029274,-0.016904,-0.013047,0.920401,-0.390393,0.786654,0.161187,0.035027,0.112634,0.025321,0.876517,-0.467322,1.002050,0.166821,0.819796
641,2.670833,0.001898,0.034071,-0.871521,0.489169,1.013964,0.001770,0.029262,-0.016877,-0.013197,0.920496,-0.390164,0.786721,0.161117,0.035045,0.112634,0.025321,0.876517,-0.467322,1.002050,0.166821,0.819796
642,2.675000,0.002104,0.033701,-0.871448,0.489325,1.013934,0.001793,0.029244,-0.016820,-0.013498,0.920583,-0.389950,0.786795,0.161048,0.035035,0.112634,0.025321,0.876517,-0.467322,1.002050,0.166821,0.819796
643,2.679167,0.002167,0.033320,-0.871350,0.489524,1.013894,0.001810,0.029222,-0.016595,-0.013892,0.920659,-0.389768,0.786867,0.160987,0.035025,0.112634,0.025321,0.876517,-0.467322,1.002050,0.166821,0.819796
644,2.683333,0.002352,0.032799,-0.871298,0.489651,1.013855,0.001835,0.029179,-0.016205,-0.014587,0.920756,-0.389530,0.786911,0.160942,0.034983,0.112634,0.025321,0.876517,-0.467322,1.002050,0.166821,0.819796
645,2.687500,0.002351,0.032424,-0.871234,0.489791,1.013829,0.001858,0.029141,-0.015875,-0.015005,0.920808,-0.389405,0.786972,0.160897,0.034935,0.112634,0.025321,0.876517,-0.467322,1.002050,0.166821,0.819796
646,2.691667,0.002529,0.031881,-0.871195,0.489894,1.013833,0.001874,0.029104,-0.015436,-0.015482,0.920871,-0.389255,0.787020,0.160855,0.034880,0.112634,0.025321,0.876517,-0.467322,1.002050,0.166821,0.819796
647,2.695833,0.002452,0.031471,-0.871161,0.489982,1.013824,0.001897,0.029047,-0.014981,-0.015819,0.920917,-0.389150,0.787071,0.160823,0.034831,0.112634,0.025321,0.876517,-0.467322,1.002050,0.166821,0.819796
648,2.700000,0.002116,0.031185,-0.871133,0.490051,1.013826,0.001915,0.028992,-0.014418,-0.016254,0.920968,-0.389033,0.787125,0.160790,0.034761,0.112634,0.025321,0.876517,-0.467322,1.002050,0.166821,0.819796
649,2.704167,0.002078,0.030659,-0.871076,0.490187,1.013845,0.001935,0.028931,-0.013746,-0.016792,0.921022,-0.388906,0.787179,0.160770,0.034681,0.112634,0.025321,0.876517,-0.467322,1.002050,0.166821,0.819796
650,2.708333,0.001871,0.030249,-0.871036,0.490283,1.013887,0.001970,0.028884,-0.012981,-0.017222,0.921097,-0.388736,0.787246,0.160744,0.034591,0.112634,0.025321,0.876517,-0.467322,1.002050,0.166821,0.819796
651,2.712500,0.001503,0.029926,-0.871033,0.490309,1.013903,0.002006,0.028819,-0.012231,-0.017623,0.921148,-0.388622,0.787311,0.160749,0.034504,0.112634,0.025321,0.876517,-0.467322,1.002050,0.166821,0.819796
652,2.716667,0.001331,0.029676,-0.871010,0.490367,1.013927,0.002036,0.028769,-0.011512,-0.017899,0.921165,-0.388591,0.787367,0.160766,0.034421,0.112634,0.025321,0.876517,-0.467322,1.002050,0.166821,0.819796
653,2.720833,0.000692,0.029525,-0.871041,0.490322,1.013953,0.002070,0.028701,-0.010808,-0.018120,0.921175,-0.388576,0.787419,0.160790,0.034347,0.112634,0.025321,0.876517,-0.467322,1.002050,0.166821,0.819796
654,2.725000,0.000231,0.029387,-0.871050,0.490314,1.014006,0.002104,0.028634,-0.010097,-0.018215,0.921149,-0.388652,0.787475,0.160813,0.034254,0.112634,0.025321,0.876517,-0.467322,1.002050,0.166821,0.819796
655,2.729167,-0.000316,0.029276,-0.871072,0.490281,1.014052,0.002133,0.028581,-0.009440,-0.018661,0.921150,-0.388646,0.787538,0.160824,0.034160,0.112634,0.025321,0.876517,-0.467322,1.002050,0.166821,0.819796
656,2.733333,-0.000627,0.029040,-0.871091,0.490262,1.014071,0.002160,0.028525,-0.008758,-0.018944,0.921135,-0.388683,0.787602,0.160846,0.034066,0.112634,0.025321,0.876517,-0.467322,1.002050,0.166821,0.819796
657,2.737500,-0.000848,0.028885,-0.871073,0.490303,1.014109,0.002183,0.028469,-0.008042,-0.018903,0.921101,-0.388781,0.787664,0.160876,0.033994,0.112634,0.025321,0.876517,-0.467322,1.002050,0.166821,0.819796
658,2.741667,-0.000923,0.028577,-0.871054,0.490354,1.014164,0.002210,0.028418,-0.007206,-0.018733,0.921084,-0.388846,0.787727,0.160921,0.033943,0.112634,0.025321,0.876517,-0.467322,1.002050,0.166821,0.819796
659,2.745833,-0.001197,0.028508,-0.871067,0.490335,1.014198,0.002234,0.028379,-0.006579,-0.018951,0.921045,-0.388940,0.787772,0.160967,0.033865,0.112634,0.025321,0.876517,-0.467322,1.002050,0.166821,0.819796
660,2.750000,-0.001427,0.028492,-0.871078,0.490316,1.014227,0.002264,0.028344,-0.005951,-0.018921,0.920986,-0.389091,0.787822,0.161015,0.033812,0.112634,0.025321,0.876517,-0.467322,1.002050,0.166821,0.819796
661,2.754167,-0.001544,0.028562,-0.871068,0.490328,1.014249,0.002278,0.028323,-0.005474,-0.018910,0.920911,-0.389277,0.787852,0.161066,0.033751,0.112634,0.025321,0.876517,-0.467322,1.002050,0.166821,0.819796
662,2.758333,-0.001651,0.028462,-0.871059,0.490351,1.014286,0.002297,0.028289,-0.004898,-0.018766,0.920852,-0.389428,0.787877,0.161118,0.033717,0.112634,0.025321,0.876517,-0.467322,1.002050,0.166821,0.819796
663,2.762500,-0.001487,0.028273,-0.871002,0.490463,1.014361,0.002304,0.028259,-0.004549,-0.018657,0.920807,-0.389545,0.787905,0.161157,0.033673,0.112634,0.025321,0.876517,-0.467322,1.002050,0.166821,0.819796
664,2.766667,-0.001550,0.028244,-0.870989,0.490488,1.014389,0.002310,0.028238,-0.004183,-0.018628,0.920731,-0.389731,0.787935,0.161196,0.033651,0.112634,0.025321,0.876517,-0.467322,1.002050,0.166821,0.819796
665,2.770833,-0.001630,0.028242,-0.870993,0.490481,1.014421,0.002311,0.028217,-0.003889,-0.018455,0.920688,-0.389843,0.787951,0.161240,0.033631,0.112634,0.025321,0.876517,-0.467322,1.002050,0.166821,0.819796
666,2.775000,-0.001787,0.028375,-0.870991,0.490476,1.014444,0.002316,0.028211,-0.003668,-0.018258,0.920595,-0.390074,0.787964,0.161272,0.033615,0.112634,0.025321,0.876517,-0.467322,1.002050,0.166821,0.819796
667,2.779167,-0.001856,0.028329,-0.870992,0.490476,1.014464,0.002318,0.028185,-0.003469,-0.018118,0.920544,-0.390204,0.787982,0.161308,0.033612,0.112634,0.025321,0.876517,-0.467322,1.002050,0.166821,0.819796
668,2.783333,-0.001928,0.028500,-0.870996,0.490459,1.014476,0.002317,0.028188,-0.003332,-0.017910,0.920494,-0.390331,0.787994,0.161339,0.033608,0.112634,0.025321,0.876517,-0.467322,1.002050,0.166821,0.819796
669,2.787500,-0.002085,0.028586,-0.870993,0.490459,1.014500,0.002316,0.028181,-0.003235,-0.017828,0.920438,-0.390468,0.788005,0.161365,0.033609,0.112634,0.025321,0.876517,-0.467322,1.002050,0.166821,0.819796
670,2.791667,-0.002062,0.028627,-0.871002,0.490440,1.014511,0.002312,0.028185,-0.003117,-0.017738,0.920402,-0.390559,0.788014,0.161392,0.033613,0.112634,0.025321,0.876517,-0.467322,1.002050,0.166821,0.819796
671,2.795833,-0.002200,0.028726,-0.871007,0.490424,1.014524,0.002311,0.028182,-0.003040,-0.017630,0.920371,-0.390638,0.788028,0.161413,0.033621,0.112634,0.025321,0.876517,-0.467322,1.002050,0.166821,0.819796
672,2.800000,-0.002165,0.028765,-0.870993,0.490447,1.014530,0.002303,0.028180,-0.002883,-0.017472,0.920351,-0.390691,0.788034,0.161424,0.033626,0.112634,0.025321,0.876517,-0.467322,1.002050,0.166821,0.819796
673,2.804167,-0.002247,0.028859,-0.870994,0.490441,1.014546,0.002300,0.028186,-0.002841,-0.017524,0.920347,-0.390699,0.788046,0.161443,0.033644,0.112634,0.025321,0.876517,-0.467322,1.002050,0.166821,0.819796
674,2.808333,-0.002183,0.028691,-0.871002,0.490437,1.014556,0.002289,0.028197,-0.002799,-0.017514,0.920342,-0.390713,0.788060,0.161455,0.033642,0.112634,0.025321,0.876517,-0.467322,1.002050,0.166821,0.819796
675,2.812500,-0.002176,0.028773,-0.870991,0.490452,1.014556,0.002280,0.028207,-0.002768,-0.017637,0.920322,-0.390754,0.788071,0.161454,0.033645,0.112634,0.025321,0.876517,-0.467322,1.002050,0.166821,0.819796
676,2.816667,-0.002142,0.028807,-0.871002,0.490430,1.014555,0.002269,0.028214,-0.002695,-0.017686,0.920300,-0.390804,0.788089,0.161444,0.033660,0.112634,0.025321,0.876517,-0.467322,1.002050,0.166821,0.819796
677,2.820833,-0.002140,0.028832,-0.870972,0.490481,1.014565,0.002252,0.028255,-0.002615,-0.017720,0.920278,-0.390856,0.788110,0.161440,0.033679,0.112634,0.025321,0.876517,-0.467322,1.002050,0.166821,0.819796
678,2.825000,-0.002138,0.028860,-0.870949,0.490521,1.014564,0.002234,0.028282,-0.002504,-0.017842,0.920254,-0.390906,0.788128,0.161433,0.033693,0.112634,0.025321,0.876517,-0.467322,1.002050,0.166821,0.819796
679,2.829167,-0.002215,0.028906,-0.870948,0.490519,1.014572,0.002230,0.028292,-0.002412,-0.017900,0.920249,-0.390916,0.788150,0.161422,0.033702,0.112634,0.025321,0.876517,-0.467322,1.002050,0.166821,0.819796
680,2.833333,-0.002129,0.028947,-0.870954,0.490506,1.014556,0.002225,0.028301,-0.002458,-0.017148,0.920166,-0.391144,0.788198,0.161383,0.033715,0.112634,0.025321,0.876517,-0.467322,1.002050,0.166821,0.819796
681,2.837500,-0.002010,0.028979,-0.870945,0.490521,1.014554,0.002221,0.028315,-0.002405,-0.017341,0.920165,-0.391138,0.788218,0.161369,0.033709,0.112634,0.025321,0.876517,-0.467322,1.002050,0.166821,0.819796
682,2.841667,-0.001960,0.028972,-0.870964,0.490488,1.014546,0.002222,0.028315,-0.002271,-0.017436,0.920140,-0.391196,0.788247,0.161349,0.033733,0.112634,0.025321,0.876517,-0.467322,1.002050,0.166821,0.819796
683,2.845833,-0.002026,0.029081,-0.870988,0.490438,1.014531,0.002225,0.028323,-0.002144,-0.017609,0.920134,-0.391201,0.788274,0.161341,0.033747,0.112634,0.025321,0.876517,-0.467322,1.002050,0.166821,0.819796
684,2.850000,-0.002042,0.029093,-0.870994,0.490427,1.014529,0.002230,0.028329,-0.002026,-0.017813,0.920114,-0.391239,0.788306,0.161329,0.033760,0.112634,0.025321,0.876517,-0.467322,1.002050,0.166821,0.819796
685,2.854167,-0.001830,0.029001,-0.870994,0.490433,1.014520,0.002221,0.028334,-0.001917,-0.018042,0.920099,-0.391265,0.788334,0.161307,0.033759,0.112634,0.025321,0.876517,-0.467322,1.002050,0.166821,0.819796
686,2.858333,-0.001894,0.028997,-0.871007,0.490410,1.014511,0.002224,0.028337,-0.001744,-0.018190,0.920108,-0.391239,0.788359,0.161292,0.033763,0.112634,0.025321,0.876517,-0.467322,1.002050,0.166821,0.819796
687,2.862500,-0.001751,0.028974,-0.871019,0.490391,1.014497,0.002224,0.028338,-0.001611,-0.018483,0.920096,-0.391254,0.788384,0.161271,0.033763,0.112634,0.025321,0.876517,-0.467322,1.002050,0.166821,0.819796
688,2.866667,-0.001807,0.029058,-0.871036,0.490356,1.014489,0.002234,0.028339,-0.001470,-0.018839,0.920081,-0.391271,0.788418,0.161247,0.033762,0.112634,0.025321,0.876517,-0.467322,1.002050,0.166821,0.819796
689,2.870833,-0.001756,0.028946,-0.871042,0.490351,1.014490,0.002235,0.028334,-0.001266,-0.018918,0.920082,-0.391266,0.788451,0.161238,0.033775,0.112634,0.025321,0.876517,-0.467322,1.002050,0.166821,0.819796
690,2.875000,-0.001736,0.028985,-0.871066,0.490307,1.014481,0.002242,0.028332,-0.001089,-0.019257,0.920065,-0.391290,0.788478,0.161218,0.033774,0.112634,0.025321,0.876517,-0.467322,1.002050,0.166821,0.819796
691,2.879167,-0.001736,0.028924,-0.871094,0.490261,1.014493,0.002250,0.028315,-0.000915,-0.019491,0.920082,-0.391240,0.788511,0.161202,0.033769,0.112634,0.025321,0.876517,-0.467322,1.002050,0.166821,0.819796
