Frame,Time (Seconds),LFoot:Rotation:X,LFoot:Rotation:Y,LFoot:Rotation:Z,LFoot:Rotation:W,LFoot:Position:X,LFoot:Position:Y,LFoot:Position:Z,RFoot:Rotation:X,RFoot:Rotation:Y,RFoot:Rotation:Z,RFoot:Rotation:W,RFoot:Position:X,RFoot:Position:Y,RFoot:Position:Z,Waist:Rotation:X,Waist:Rotation:Y,Waist:Rotation:Z,Waist:Rotation:W,Waist:Position:X,Waist:Position:Y,Waist:Position:Z
0,0.000000,-0.023982,0.009609,0.747737,0.663493,-1.214767,-1.225373,0.011566,-0.026609,-0.029543,0.644104,0.763903,-0.890784,-1.198522,0.007465,0.022878,0.041251,-0.669397,-0.741406,-1.129783,-1.228194,0.915518
1,0.004167,-0.023841,0.009846,0.747659,0.663582,-1.214795,-1.225384,0.011569,-0.026562,-0.029540,0.644117,0.763895,-0.890781,-1.198516,0.007461,0.022951,0.041263,-0.669362,-0.741435,-1.129858,-1.228284,0.915526
2,0.008333,-0.023967,0.009850,0.747745,0.663480,-1.214773,-1.225372,0.011592,-0.026546,-0.029558,0.644140,0.763875,-0.890780,-1.198515,0.007453,0.023163,0.041205,-0.669303,-0.741485,-1.129920,-1.228360,0.915489
3,0.012500,-0.023826,0.009936,0.747578,0.663672,-1.214814,-1.225404,0.011572,-0.026546,-0.029548,0.644139,0.763876,-0.890783,-1.198511,0.007455,0.023167,0.041157,-0.669257,-0.741529,-1.129981,-1.228444,0.915492
4,0.016667,-0.023985,0.009519,0.747589,0.663660,-1.214800,-1.225363,0.011586,-0.026634,-0.029592,0.644124,0.763884,-0.890788,-1.198512,0.007459,0.023281,0.041154,-0.669200,-0.741577,-1.130045,-1.228542,0.915489
5,0.020833,-0.024107,0.009671,0.747778,0.663441,-1.214772,-1.225394,0.011590,-0.026646,-0.029613,0.644130,0.763878,-0.890790,-1.198512,0.007462,0.023382,0.041031,-0.669124,-0.741648,-1.130092,-1.228639,0.915464
6,0.025000,-0.024032,0.010163,0.747725,0.663495,-1.214785,-1.225392,0.011616,-0.026651,-0.029580,0.644126,0.763882,-0.890793,-1.198509,0.007463,0.023422,0.041071,-0.669097,-0.741670,-1.130156,-1.228742,0.915496
7,0.029167,-0.024028,0.009748,0.747573,0.663674,-1.214796,-1.225391,0.011589,-0.026625,-0.029568,0.644127,0.763883,-0.890796,-1.198502,0.007463,0.023547,0.040945,-0.669030,-0.741734,-1.130202,-1.228852,0.915470
8,0.033333,-0.024119,0.009984,0.747646,0.663584,-1.214781,-1.225379,0.011617,-0.026700,-0.029617,0.644118,0.763886,-0.890800,-1.198504,0.007472,0.023539,0.040896,-0.668971,-0.741789,-1.130255,-1.228952,0.915493
9,0.037500,-0.024270,0.009593,0.747700,0.663524,-1.214782,-1.225405,0.011594,-0.026808,-0.029689,0.644100,0.763895,-0.890811,-1.198502,0.007471,0.023852,0.040806,-0.668897,-0.741851,-1.130304,-1.229070,0.915456
10,0.041667,-0.024031,0.009790,0.747585,0.663659,-1.214811,-1.225406,0.011579,-0.026309,-0.029711,0.644083,0.763925,-0.890821,-1.198492,0.007443,0.023873,0.040838,-0.668845,-0.741895,-1.130363,-1.229177,0.915494
11,0.045833,-0.024257,0.009930,0.747655,0.663570,-1.214821,-1.225431,0.011602,-0.026311,-0.029742,0.644076,0.763930,-0.890827,-1.198487,0.007445,0.023441,0.040674,-0.668705,-0.742044,-1.130433,-1.229290,0.915506
12,0.050000,-0.024149,0.009753,0.747561,0.663682,-1.214843,-1.225448,0.011590,-0.026336,-0.029796,0.644070,0.763932,-0.890837,-1.198489,0.007447,0.023442,0.040629,-0.668662,-0.742085,-1.130486,-1.229404,0.915527
13,0.054167,-0.024160,0.009921,0.747574,0.663665,-1.214825,-1.225425,0.011621,-0.026422,-0.029825,0.644094,0.763908,-0.890838,-1.198488,0.007446,0.023450,0.040625,-0.668623,-0.742120,-1.130545,-1.229508,0.915558
14,0.058333,-0.024195,0.009707,0.747584,0.663655,-1.214799,-1.225417,0.011628,-0.026931,-0.029837,0.644154,0.763839,-0.890845,-1.198491,0.007471,0.023451,0.040600,-0.668598,-0.742144,-1.130600,-1.229609,0.915573
15,0.062500,-0.024454,0.009481,0.747624,0.663604,-1.214832,-1.225445,0.011604,-0.027196,-0.029878,0.644122,0.763855,-0.890843,-1.198488,0.007482,0.023553,0.040563,-0.668609,-0.742133,-1.130658,-1.229774,0.915509
16,0.066667,-0.024413,0.009823,0.747598,0.663630,-1.214814,-1.225437,0.011652,-0.026663,-0.029928,0.644078,0.763909,-0.890853,-1.198476,0.007451,0.023617,0.040597,-0.668602,-0.742136,-1.130721,-1.229894,0.915513
17,0.070833,-0.024452,0.009721,0.747615,0.663610,-1.214796,-1.225426,0.011667,-0.026707,-0.029912,0.644087,0.763901,-0.890856,-1.198480,0.007448,0.023914,0.040548,-0.668590,-0.742140,-1.130778,-1.230028,0.915427
18,0.075000,-0.024210,0.009974,0.747411,0.663845,-1.214850,-1.225451,0.011661,-0.026674,-0.029920,0.644098,0.763892,-0.890863,-1.198476,0.007446,0.024042,0.040676,-0.668674,-0.742053,-1.130825,-1.230159,0.915453
19,0.079167,-0.024370,0.009739,0.747519,0.663722,-1.214844,-1.225465,0.011647,-0.026678,-0.029919,0.644094,0.763895,-0.890857,-1.198471,0.007453,0.024299,0.040986,-0.668687,-0.742016,-1.130909,-1.230293,0.915498
20,0.083333,-0.024444,0.009711,0.747521,0.663717,-1.214848,-1.225471,0.011661,-0.026668,-0.029928,0.644105,0.763886,-0.890866,-1.198478,0.007452,0.023945,0.040792,-0.668732,-0.741997,-1.130933,-1.230437,0.915535
21,0.087500,-0.024471,0.009794,0.747492,0.663747,-1.214858,-1.225479,0.011657,-0.026619,-0.029929,0.644089,0.763901,-0.890860,-1.198472,0.007451,0.024211,0.040747,-0.668707,-0.742014,-1.130984,-1.230574,0.915497
22,0.091667,-0.024609,0.009599,0.747477,0.663762,-1.214849,-1.225488,0.011652,-0.026631,-0.029931,0.644108,0.763885,-0.890863,-1.198473,0.007449,0.024310,0.040704,-0.668681,-0.742036,-1.131033,-1.230714,0.915491
23,0.095833,-0.024478,0.009834,0.747337,0.663921,-1.214870,-1.225483,0.011658,-0.026673,-0.029943,0.644133,0.763862,-0.890869,-1.198474,0.007452,0.024387,0.040558,-0.668660,-0.742061,-1.131071,-1.230858,0.915468
24,0.100000,-0.024525,0.009414,0.747368,0.663891,-1.214880,-1.225489,0.011626,-0.027116,-0.029937,0.644165,0.763820,-0.890863,-1.198475,0.007487,0.024740,0.040368,-0.668607,-0.742107,-1.131109,-1.231012,0.915388
25,0.104167,-0.024579,0.009519,0.747404,0.663846,-1.214871,-1.225497,0.011664,-0.026673,-0.029978,0.644156,0.763841,-0.890872,-1.198470,0.007466,0.024628,0.040288,-0.668622,-0.742102,-1.131151,-1.231162,0.915418
26,0.108333,-0.024549,0.009316,0.747415,0.663838,-1.214879,-1.225510,0.011612,-0.026732,-0.029947,0.644156,0.763840,-0.890866,-1.198468,0.007460,0.024754,0.040197,-0.668605,-0.742118,-1.131197,-1.231318,0.915407
27,0.112500,-0.024562,0.009335,0.747280,0.663990,-1.214893,-1.225496,0.011647,-0.026717,-0.029977,0.644169,0.763828,-0.890874,-1.198466,0.007460,0.024856,0.040272,-0.668589,-0.742125,-1.131258,-1.231472,0.915457
28,0.116667,-0.024594,0.009544,0.747388,0.663864,-1.214875,-1.225491,0.011663,-0.026697,-0.029974,0.644167,0.763831,-0.890871,-1.198470,0.007467,0.024831,0.040023,-0.668555,-0.742170,-1.131289,-1.231613,0.915433
29,0.120833,-0.024540,0.009343,0.747207,0.664073,-1.214919,-1.225517,0.011635,-0.026724,-0.029981,0.644193,0.763807,-0.890871,-1.198469,0.007468,0.025030,0.039887,-0.668538,-0.742186,-1.131328,-1.231767,0.915420
30,0.125000,-0.024747,0.008824,0.747248,0.664026,-1.214912,-1.225526,0.011627,-0.026710,-0.029945,0.644200,0.763804,-0.890878,-1.198468,0.007464,0.025069,0.039551,-0.668428,-0.742302,-1.131372,-1.231941,0.915343
31,0.129167,-0.024908,0.008897,0.747363,0.663889,-1.214897,-1.225535,0.011645,-0.026705,-0.029923,0.644193,0.763811,-0.890881,-1.198471,0.007463,0.024989,0.039614,-0.668447,-0.742284,-1.131433,-1.232093,0.915417
32,0.133333,-0.024832,0.008911,0.747284,0.663981,-1.214922,-1.225560,0.011615,-0.026687,-0.029937,0.644234,0.763776,-0.890878,-1.198466,0.007465,0.024849,0.039848,-0.668639,-0.742103,-1.131492,-1.232279,0.915509
33,0.137500,-0.025040,0.008216,0.747204,0.664072,-1.214954,-1.225560,0.011579,-0.026689,-0.029960,0.644250,0.763762,-0.890884,-1.198465,0.007467,0.024669,0.039934,-0.668688,-0.742060,-1.131553,-1.232427,0.915595
34,0.141667,-0.025077,0.008372,0.747146,0.664134,-1.214966,-1.225557,0.011600,-0.026652,-0.029946,0.644277,0.763740,-0.890884,-1.198463,0.007465,0.024558,0.039787,-0.668767,-0.742001,-1.131583,-1.232572,0.915617
35,0.145833,-0.025215,0.008705,0.747431,0.663804,-1.214892,-1.225551,0.011652,-0.027129,-0.029901,0.644317,0.763692,-0.890881,-1.198471,0.007488,0.023747,0.039633,-0.668894,-0.741921,-1.131601,-1.232706,0.915759
36,0.150000,-0.025213,0.009060,0.747342,0.663899,-1.214958,-1.225589,0.011661,-0.026610,-0.029840,0.644286,0.763739,-0.890884,-1.198464,0.007469,0.024296,0.039632,-0.668908,-0.741891,-1.131655,-1.232866,0.915671
37,0.154167,-0.025110,0.008624,0.747142,0.664133,-1.214987,-1.225574,0.011637,-0.027003,-0.029835,0.644334,0.763685,-0.890884,-1.198463,0.007498,0.024418,0.039734,-0.668947,-0.741845,-1.131708,-1.233026,0.915716
38,0.158333,-0.025003,0.008912,0.747066,0.664220,-1.214998,-1.225577,0.011668,-0.026567,-0.029808,0.644280,0.763747,-0.890893,-1.198463,0.007468,0.024752,0.039868,-0.668974,-0.741803,-1.131760,-1.233192,0.915740
39,0.162500,-0.025205,0.008546,0.747168,0.664102,-1.215041,-1.225628,0.011628,-0.026561,-0.029795,0.644318,0.763716,-0.890897,-1.198458,0.007476,0.025155,0.039993,-0.669015,-0.741746,-1.131803,-1.233368,0.915750
40,0.166667,-0.025329,0.008228,0.747057,0.664226,-1.215040,-1.225603,0.011611,-0.026951,-0.029722,0.644325,0.763698,-0.890898,-1.198462,0.007506,0.025618,0.039954,-0.669014,-0.741733,-1.131825,-1.233548,0.915708
41,0.170833,-0.025330,0.008310,0.747077,0.664203,-1.215054,-1.225620,0.011603,-0.026990,-0.029643,0.644316,0.763708,-0.890893,-1.198466,0.007519,0.026200,0.040047,-0.669066,-0.741660,-1.131862,-1.233776,0.915655
42,0.175000,-0.025308,0.008229,0.746867,0.664441,-1.215118,-1.225640,0.011598,-0.026938,-0.029604,0.644307,0.763719,-0.890893,-1.198469,0.007516,0.026745,0.039758,-0.669153,-0.741579,-1.131832,-1.233985,0.915568
43,0.179167,-0.025328,0.008412,0.746850,0.664457,-1.215122,-1.225640,0.011628,-0.026350,-0.029609,0.644305,0.763740,-0.890897,-1.198458,0.007495,0.027000,0.039403,-0.669186,-0.741558,-1.131811,-1.234175,0.915494
44,0.183333,-0.025217,0.008126,0.746707,0.664625,-1.215193,-1.225660,0.011583,-0.026701,-0.029534,0.644338,0.763704,-0.890893,-1.198467,0.007528,0.027354,0.039246,-0.669227,-0.741516,-1.131806,-1.234372,0.915467
45,0.187500,-0.025284,0.007921,0.746599,0.664746,-1.215222,-1.225672,0.011587,-0.026260,-0.029467,0.644326,0.763732,-0.890898,-1.198466,0.007513,0.027942,0.039054,-0.669245,-0.741488,-1.131794,-1.234555,0.915376
46,0.191667,-0.025175,0.008193,0.746635,0.664707,-1.215239,-1.225681,0.011586,-0.026565,-0.029368,0.644355,0.763701,-0.890893,-1.198476,0.007540,0.028495,0.039087,-0.669321,-0.741397,-1.131788,-1.234748,0.915345
47,0.195833,-0.025135,0.008161,0.746449,0.664918,-1.215266,-1.225657,0.011609,-0.026611,-0.029281,0.644336,0.763718,-0.890891,-1.198485,0.007565,0.028264,0.038776,-0.669457,-0.741300,-1.131742,-1.234923,0.915417
48,0.200000,-0.025231,0.007373,0.746394,0.664985,-1.215321,-1.225682,0.011540,-0.026385,-0.029281,0.643800,0.764178,-0.890970,-1.198443,0.007569,0.028518,0.038856,-0.669549,-0.741203,-1.131726,-1.235129,0.915438
49,0.204167,-0.025464,0.007106,0.746451,0.664915,-1.215345,-1.225696,0.011541,-0.026215,-0.029267,0.643645,0.764315,-0.890992,-1.198432,0.007576,0.029676,0.039370,-0.669758,-0.740941,-1.131705,-1.235360,0.915432
50,0.208333,-0.025506,0.007115,0.746401,0.664969,-1.215414,-1.225746,0.011526,-0.026037,-0.029180,0.643690,0.764287,-0.890975,-1.198440,0.007597,0.029715,0.039593,-0.669877,-0.740820,-1.131677,-1.235536,0.915542
51,0.212500,-0.025296,0.006573,0.746205,0.665203,-1.215426,-1.225712,0.011493,-0.025509,-0.028882,0.643632,0.764365,-0.890966,-1.198435,0.007607,0.029811,0.039763,-0.669959,-0.740732,-1.131644,-1.235709,0.915655
52,0.216667,-0.025492,0.006806,0.746144,0.665261,-1.215480,-1.225727,0.011540,-0.025352,-0.028673,0.643655,0.764358,-0.890947,-1.198433,0.007633,0.030220,0.039711,-0.669985,-0.740696,-1.131575,-1.235894,0.915677
53,0.220833,-0.025422,0.006235,0.745987,0.665446,-1.215549,-1.225758,0.011446,-0.025245,-0.028431,0.643651,0.764374,-0.890932,-1.198433,0.007674,0.030630,0.039523,-0.669996,-0.740679,-1.131476,-1.236109,0.915645
54,0.225000,-0.025389,0.004950,0.745658,0.665826,-1.215651,-1.225768,0.011335,-0.025180,-0.028189,0.643657,0.764380,-0.890919,-1.198434,0.007709,0.031350,0.039649,-0.670138,-0.740514,-1.131361,-1.236358,0.915670
55,0.229167,-0.025648,0.002616,0.745391,0.666129,-1.215778,-1.225798,0.011143,-0.025115,-0.027995,0.643650,0.764395,-0.890902,-1.198441,0.007752,0.031275,0.039614,-0.670229,-0.740436,-1.131261,-1.236610,0.915827
56,0.233333,-0.025594,0.005807,0.745636,0.665836,-1.215714,-1.225770,0.011507,-0.024812,-0.027573,0.643613,0.764452,-0.890877,-1.198447,0.007803,0.030685,0.038869,-0.670223,-0.740506,-1.131100,-1.236891,0.915910
57,0.237500,-0.025577,0.007483,0.745668,0.665785,-1.215738,-1.225807,0.011673,-0.024585,-0.027310,0.643633,0.764452,-0.890840,-1.198459,0.007853,0.030401,0.038351,-0.670186,-0.740578,-1.130962,-1.237161,0.916017
58,0.241667,-0.025795,0.007091,0.745636,0.665817,-1.215776,-1.225815,0.011666,-0.024060,-0.026937,0.643702,0.764424,-0.890780,-1.198492,0.007893,0.030468,0.038205,-0.670274,-0.740503,-1.130802,-1.237448,0.916162
59,0.245833,-0.025698,0.005454,0.745227,0.666293,-1.215918,-1.225857,0.011483,-0.023939,-0.026514,0.643793,0.764365,-0.890725,-1.198531,0.007971,0.031167,0.038452,-0.670419,-0.740330,-1.130632,-1.237748,0.916269
60,0.250000,-0.025778,0.002784,0.744987,0.666575,-1.215974,-1.225834,0.011256,-0.023445,-0.026142,0.643960,0.764253,-0.890662,-1.198574,0.008036,0.030858,0.038402,-0.670414,-0.740350,-1.130478,-1.238032,0.916475
61,0.254167,-0.025892,-0.000412,0.744497,0.667123,-1.216116,-1.225839,0.010969,-0.022626,-0.025740,0.644151,0.764130,-0.890581,-1.198621,0.008109,0.030699,0.038595,-0.670443,-0.740320,-1.130319,-1.238293,0.916717
62,0.258333,-0.026147,-0.003949,0.743923,0.667742,-1.216257,-1.225859,0.010656,-0.021727,-0.025193,0.644305,0.764045,-0.890501,-1.198686,0.008175,0.031038,0.038382,-0.670364,-0.740389,-1.130100,-1.238587,0.916743
63,0.262500,-0.026355,-0.007317,0.743302,0.668397,-1.216477,-1.225949,0.010300,-0.021009,-0.024722,0.644520,0.763899,-0.890440,-1.198735,0.008259,0.031368,0.037431,-0.670337,-0.740448,-1.129784,-1.238918,0.916693
64,0.266667,-0.026400,-0.010971,0.742306,0.669451,-1.216665,-1.225956,0.009973,-0.020435,-0.024304,0.644828,0.763668,-0.890379,-1.198804,0.008352,0.031743,0.037158,-0.670266,-0.740510,-1.129550,-1.239258,0.916744
65,0.270833,-0.026568,-0.013118,0.741708,0.670068,-1.216863,-1.226089,0.009763,-0.019866,-0.023752,0.645081,0.763487,-0.890325,-1.198869,0.008449,0.032122,0.036748,-0.670125,-0.740642,-1.129292,-1.239572,0.916761
66,0.275000,-0.026487,-0.014144,0.741205,0.670607,-1.217009,-1.226162,0.009714,-0.019156,-0.023233,0.645336,0.763305,-0.890268,-1.198925,0.008552,0.032875,0.036094,-0.670043,-0.740715,-1.128976,-1.239970,0.916645
67,0.279167,-0.026444,-0.014854,0.740998,0.670822,-1.217109,-1.226231,0.009648,-0.018288,-0.022738,0.645603,0.763116,-0.890198,-1.198990,0.008635,0.032844,0.035779,-0.670062,-0.740715,-1.128679,-1.240316,0.916827
68,0.283333,-0.026458,-0.015116,0.740803,0.671031,-1.217162,-1.226243,0.009659,-0.017291,-0.022313,0.645859,0.762934,-0.890125,-1.199055,0.008712,0.033015,0.035745,-0.669883,-0.740870,-1.128449,-1.240675,0.916992
69,0.287500,-0.026694,-0.015019,0.740916,0.670899,-1.217192,-1.226278,0.009664,-0.016309,-0.021751,0.646027,0.762830,-0.890021,-1.199153,0.008787,0.033441,0.035757,-0.669715,-0.741002,-1.128202,-1.241078,0.917076
70,0.291667,-0.026906,-0.014734,0.741053,0.670745,-1.217162,-1.226256,0.009695,-0.015252,-0.021088,0.646254,0.762678,-0.889931,-1.199217,0.008918,0.033577,0.035134,-0.669641,-0.741093,-1.127855,-1.241474,0.917132
71,0.295833,-0.026805,-0.014749,0.741055,0.670747,-1.217112,-1.226168,0.009707,-0.014282,-0.020309,0.646421,0.762577,-0.889823,-1.199292,0.009041,0.033956,0.035400,-0.669455,-0.741232,-1.127615,-1.241833,0.917322
72,0.300000,-0.026857,-0.014432,0.741130,0.670669,-1.217097,-1.226108,0.009751,-0.013004,-0.019419,0.646517,0.762542,-0.889705,-1.199360,0.009185,0.034112,0.034712,-0.669194,-0.741492,-1.127275,-1.242230,0.917337
73,0.304167,-0.026609,-0.013886,0.741161,0.670656,-1.217057,-1.226026,0.009799,-0.011688,-0.018702,0.646550,0.762553,-0.889538,-1.199437,0.009300,0.034975,0.034380,-0.668961,-0.741678,-1.126927,-1.242665,0.917307
74,0.308333,-0.026395,-0.013209,0.741212,0.670622,-1.216978,-1.225952,0.009908,-0.010528,-0.018132,0.646360,0.762744,-0.889335,-1.199516,0.009464,0.035311,0.034361,-0.668606,-0.741983,-1.126617,-1.243020,0.917411
75,0.312500,-0.026451,-0.011935,0.741498,0.670327,-1.216967,-1.225978,0.009999,-0.009156,-0.017421,0.645819,0.763236,-0.889076,-1.199631,0.009653,0.035615,0.034431,-0.668316,-0.742226,-1.126301,-1.243414,0.917535
76,0.316667,-0.026415,-0.011213,0.741695,0.670123,-1.216943,-1.225973,0.010065,-0.007164,-0.016330,0.645033,0.763947,-0.888780,-1.199724,0.009871,0.036183,0.034300,-0.668090,-0.742408,-1.125935,-1.243878,0.917570
77,0.320833,-0.026245,-0.010570,0.741750,0.670080,-1.216920,-1.225970,0.010109,-0.005162,-0.015209,0.644364,0.764551,-0.888459,-1.199842,0.010063,0.036387,0.034377,-0.667710,-0.742737,-1.125607,-1.244255,0.917690
78,0.325000,-0.026363,-0.010178,0.741863,0.669955,-1.216900,-1.225964,0.010159,-0.003276,-0.013792,0.643569,0.765257,-0.888175,-1.199965,0.010253,0.036814,0.034472,-0.667399,-0.742990,-1.125231,-1.244613,0.917838
79,0.329167,-0.026213,-0.010049,0.741694,0.670150,-1.216910,-1.225940,0.010183,-0.001493,-0.012533,0.643069,0.765704,-0.887904,-1.200041,0.010452,0.037591,0.034507,-0.667092,-0.743226,-1.124843,-1.245055,0.917854
80,0.333333,-0.026102,-0.010065,0.741718,0.670128,-1.216892,-1.225935,0.010177,0.001137,-0.011257,0.642952,0.765823,-0.887604,-1.199957,0.010778,0.037600,0.034072,-0.666590,-0.743695,-1.124448,-1.245415,0.917928
81,0.337500,-0.025922,-0.010476,0.741526,0.670342,-1.216892,-1.225884,0.010173,0.001610,-0.010069,0.642319,0.766370,-0.887292,-1.200082,0.010964,0.037323,0.033674,-0.666063,-0.744199,-1.124026,-1.245725,0.918055
82,0.341667,-0.025974,-0.010352,0.741579,0.670282,-1.216914,-1.225932,0.010155,0.002368,-0.008825,0.641811,0.766808,-0.886918,-1.200140,0.011241,0.037634,0.034240,-0.665576,-0.744594,-1.123675,-1.246066,0.918187
83,0.345833,-0.026078,-0.010538,0.741566,0.670290,-1.216957,-1.225967,0.010111,0.003666,-0.007390,0.640887,0.767591,-0.886470,-1.200178,0.011544,0.037641,0.034614,-0.665242,-0.744875,-1.123259,-1.246391,0.918369
84,0.350000,-0.026015,-0.011161,0.741374,0.670495,-1.216963,-1.225939,0.010096,0.005396,-0.005926,0.639607,0.768660,-0.885938,-1.200242,0.011853,0.037590,0.035005,-0.664717,-0.745328,-1.122866,-1.246667,0.918547
85,0.354167,-0.025969,-0.011429,0.741364,0.670503,-1.217000,-1.225967,0.010050,0.007152,-0.004531,0.637889,0.770082,-0.885292,-1.200343,0.012138,0.037294,0.034866,-0.664151,-0.745853,-1.122423,-1.246955,0.918688
86,0.358333,-0.026016,-0.011755,0.741340,0.670522,-1.216993,-1.225962,0.010026,0.009473,-0.003010,0.635835,0.771761,-0.884528,-1.200378,0.012518,0.037467,0.035237,-0.663735,-0.746197,-1.121992,-1.247305,0.918826
87,0.362500,-0.025694,-0.012124,0.741016,0.670886,-1.217041,-1.225950,0.009972,0.010988,-0.002140,0.633768,0.773442,-0.883730,-1.200491,0.012880,0.037352,0.035813,-0.663237,-0.746618,-1.121610,-1.247575,0.919063
88,0.366667,-0.025655,-0.012392,0.740945,0.670961,-1.217051,-1.225953,0.009924,0.012386,-0.001078,0.631347,0.775401,-0.882901,-1.200617,0.013290,0.037190,0.036194,-0.662708,-0.747077,-1.121191,-1.247817,0.919280
89,0.370833,-0.025678,-0.012564,0.740877,0.671032,-1.217057,-1.225954,0.009903,0.013185,-0.000421,0.628756,0.777491,-0.881922,-1.200757,0.013591,0.036902,0.036108,-0.662167,-0.747575,-1.120719,-1.248056,0.919446
90,0.375000,-0.025629,-0.012905,0.740804,0.671108,-1.217059,-1.225952,0.009886,0.021252,-0.002763,0.620853,0.783634,-0.881695,-1.201022,0.013270,0.036850,0.035841,-0.661784,-0.747930,-1.120180,-1.248363,0.919507
91,0.379167,-0.025336,-0.013056,0.740605,0.671336,-1.217052,-1.225912,0.009871,0.022142,-0.002733,0.617975,0.785881,-0.880608,-1.201152,0.013647,0.036569,0.036215,-0.661445,-0.748226,-1.119686,-1.248559,0.919783
92,0.383333,-0.025220,-0.012910,0.740611,0.671336,-1.217068,-1.225939,0.009844,0.021948,-0.003028,0.615128,0.788116,-0.879351,-1.201278,0.014030,0.036435,0.036814,-0.660984,-0.748610,-1.119276,-1.248775,0.920056
93,0.387500,-0.025397,-0.012912,0.740678,0.671255,-1.217062,-1.225945,0.009851,0.021606,-0.002447,0.612567,0.790119,-0.877886,-1.201424,0.014571,0.035683,0.036776,-0.660593,-0.748994,-1.118767,-1.248997,0.920290
94,0.391667,-0.025107,-0.013071,0.740479,0.671484,-1.217064,-1.225913,0.009852,0.021437,-0.002077,0.609960,0.792139,-0.876323,-1.201593,0.015115,0.035310,0.037249,-0.660324,-0.749225,-1.118256,-1.249205,0.920531
95,0.395833,-0.025287,-0.012938,0.740516,0.671438,-1.217060,-1.225919,0.009871,0.020792,-0.001744,0.607141,0.794320,-0.874694,-1.201743,0.015557,0.034964,0.037478,-0.659930,-0.749577,-1.117761,-1.249380,0.920757
96,0.400000,-0.024313,0.001007,0.742452,0.669457,-1.216578,-1.225720,0.011255,0.020305,-0.001627,0.604276,0.796515,-0.872930,-1.201932,0.016082,0.033866,0.037192,-0.659658,-0.749881,-1.117184,-1.249573,0.921010
97,0.404167,-0.024303,0.007187,0.742829,0.669001,-1.216447,-1.225698,0.011975,0.019175,-0.002070,0.601483,0.798653,-0.871122,-1.202110,0.016617,0.033620,0.037590,-0.659490,-0.750020,-1.116637,-1.249725,0.921248
98,0.408333,-0.023291,0.010015,0.742274,0.669617,-1.216437,-1.225632,0.012284,0.018233,-0.002973,0.598205,0.801130,-0.869243,-1.202318,0.016969,0.034131,0.038235,-0.659446,-0.750003,-1.116092,-1.249954,0.921340
99,0.412500,-0.023014,-0.000598,0.741134,0.670962,-1.216566,-1.225549,0.011266,0.016499,-0.003707,0.595374,0.803271,-0.867321,-1.202466,0.017437,0.033886,0.038749,-0.659330,-0.750089,-1.115559,-1.250122,0.921520
100,0.416667,-0.022719,-0.012630,0.738784,0.673441,-1.216897,-1.225606,0.010089,0.014661,-0.004324,0.592859,0.805161,-0.865219,-1.202582,0.017951,0.032915,0.038034,-0.659121,-0.750353,-1.114849,-1.250230,0.921621
101,0.420833,-0.025425,-0.045279,0.739651,0.670984,-1.213390,-1.222775,0.011038,0.012000,-0.005166,0.590857,0.806671,-0.862930,-1.202755,0.018449,0.033514,0.038461,-0.659272,-0.750172,-1.114210,-1.250426,0.921649
102,0.425000,-0.025378,-0.046275,0.740547,0.669929,-1.213392,-1.222839,0.010986,0.009906,-0.005437,0.588556,0.808378,-0.860582,-1.202886,0.018884,0.033745,0.038731,-0.659168,-0.750239,-1.113601,-1.250542,0.921678
103,0.429167,-0.025218,-0.046488,0.740620,0.669840,-1.213423,-1.222864,0.010929,0.007827,-0.005897,0.586682,0.809758,-0.858118,-1.203018,0.019352,0.032654,0.038057,-0.659068,-0.750409,-1.112849,-1.250605,0.921778
104,0.433333,-0.025539,-0.046643,0.740664,0.669768,-1.213391,-1.222844,0.010932,0.005429,-0.005623,0.585017,0.810983,-0.855498,-1.203178,0.019878,0.033268,0.038317,-0.659276,-0.750187,-1.112131,-1.250749,0.921739
105,0.437500,-0.025144,-0.046174,0.740654,0.669827,-1.213419,-1.222830,0.010947,0.000540,-0.004377,0.585817,0.810432,-0.852445,-1.203241,0.020591,0.033082,0.038298,-0.659248,-0.750220,-1.111437,-1.250815,0.921805
106,0.441667,-0.025263,-0.046668,0.740827,0.669596,-1.213372,-1.222830,0.010914,-0.004392,-0.003962,0.585095,0.810943,-0.849604,-1.203236,0.021116,0.033117,0.038179,-0.659260,-0.750214,-1.110700,-1.250899,0.921756
107,0.445833,-0.025506,-0.053148,0.738203,0.671998,-1.213848,-1.223110,0.010430,-0.008535,-0.002971,0.584508,0.811338,-0.846545,-1.203363,0.021694,0.033607,0.038337,-0.659461,-0.750008,-1.109938,-1.251000,0.921753
108,0.450000,-0.004830,-0.071179,0.709061,0.701529,-1.219647,-1.224404,0.006179,-0.012109,-0.002196,0.583772,0.811824,-0.843541,-1.203476,0.022221,0.033683,0.038480,-0.659544,-0.749925,-1.109216,-1.251069,0.921770
109,0.454167,-0.002441,-0.073707,0.708228,0.702122,-1.219795,-1.224476,0.005639,-0.015306,-0.001978,0.582724,0.812524,-0.840541,-1.203548,0.022673,0.033741,0.038211,-0.659564,-0.749918,-1.108455,-1.251114,0.921745
110,0.458333,-0.002825,-0.072109,0.709203,0.701301,-1.219563,-1.224357,0.005930,-0.019781,-0.001672,0.581682,0.813174,-0.837445,-1.203698,0.023109,0.034510,0.038895,-0.659874,-0.749575,-1.107720,-1.251199,0.921796
111,0.462500,-0.005408,-0.070488,0.711342,0.699282,-1.218950,-1.224020,0.006639,-0.022007,-0.001914,0.580544,0.813929,-0.834262,-1.203718,0.023602,0.034243,0.038862,-0.659965,-0.749509,-1.106964,-1.251197,0.921877
112,0.466667,-0.006160,-0.070237,0.711959,0.698672,-1.218762,-1.223915,0.006806,-0.025310,-0.001643,0.579447,0.814615,-0.831006,-1.203785,0.023954,0.034038,0.038765,-0.660112,-0.749394,-1.106165,-1.251193,0.921898
113,0.470833,-0.005249,-0.069124,0.711745,0.699009,-1.218773,-1.223850,0.006924,-0.027113,-0.002499,0.578279,0.815385,-0.827708,-1.203763,0.024349,0.034596,0.039409,-0.660478,-0.749012,-1.105389,-1.251231,0.921948
114,0.475000,-0.006288,-0.068899,0.712683,0.698066,-1.218543,-1.223750,0.007118,-0.028632,-0.003087,0.577230,0.816074,-0.824343,-1.203706,0.024774,0.033946,0.038921,-0.660637,-0.748927,-1.104530,-1.251175,0.921991
115,0.479167,-0.006591,-0.068703,0.712948,0.697812,-1.218416,-1.223654,0.007244,-0.030884,-0.003300,0.576230,0.816697,-0.820877,-1.203666,0.025132,0.034451,0.039569,-0.660937,-0.748605,-1.103756,-1.251170,0.922039
116,0.483333,-0.006726,-0.068473,0.713155,0.697622,-1.218404,-1.223659,0.007240,-0.033071,-0.003277,0.575182,0.817350,-0.817301,-1.203651,0.025465,0.034811,0.039688,-0.661204,-0.748346,-1.102918,-1.251143,0.921973
117,0.487500,-0.007438,-0.068279,0.713783,0.696991,-1.218180,-1.223513,0.007411,-0.035555,-0.003241,0.574423,0.817780,-0.813668,-1.203598,0.025847,0.034553,0.039378,-0.661518,-0.748097,-1.101994,-1.251061,0.921970
118,0.491667,-0.007468,-0.067196,0.714225,0.696643,-1.218096,-1.223468,0.007615,-0.038050,-0.003314,0.573668,0.818197,-0.809919,-1.203557,0.026251,0.035056,0.039621,-0.661735,-0.747869,-1.101172,-1.251011,0.921897
119,0.495833,-0.008903,-0.066431,0.715441,0.695451,-1.217686,-1.223236,0.008007,-0.040982,-0.003173,0.572843,0.818634,-0.806109,-1.203508,0.026633,0.035610,0.038892,-0.662130,-0.747531,-1.100155,-1.250957,0.921673
120,0.500000,-0.009540,-0.065911,0.715908,0.695011,-1.217516,-1.223116,0.008194,-0.043981,-0.003263,0.572278,0.818873,-0.802178,-1.203444,0.026978,0.035991,0.039022,-0.662315,-0.747342,-1.099304,-1.250859,0.921587
121,0.504167,-0.011242,-0.076375,0.714116,0.695758,-1.216998,-1.221363,0.007295,-0.046728,-0.003202,0.571694,0.819129,-0.798213,-1.203355,0.027352,0.036843,0.038683,-0.662726,-0.746954,-1.098303,-1.250805,0.921377
122,0.508333,-0.009843,-0.075804,0.713636,0.696333,-1.217112,-1.221371,0.007274,-0.049626,-0.003361,0.571139,0.819345,-0.794191,-1.203256,0.027681,0.037231,0.038434,-0.662940,-0.746758,-1.097411,-1.250695,0.921256
123,0.512500,-0.010138,-0.076322,0.714100,0.695797,-1.216980,-1.221339,0.007255,-0.052199,-0.003144,0.570742,0.819463,-0.790091,-1.203136,0.028059,0.037631,0.038136,-0.663281,-0.746450,-1.096465,-1.250564,0.921194
124,0.516667,-0.010331,-0.076016,0.714365,0.695556,-1.216915,-1.221324,0.007310,-0.054903,-0.003362,0.570073,0.819750,-0.785931,-1.203004,0.028387,0.038430,0.038493,-0.663688,-0.746029,-1.095593,-1.250489,0.921093
125,0.520833,-0.010560,-0.074803,0.714795,0.695242,-1.216839,-1.221323,0.007460,-0.058271,-0.002922,0.569302,0.820056,-0.781740,-1.202898,0.028659,0.038651,0.037841,-0.664163,-0.745628,-1.094571,-1.250339,0.920939
126,0.525000,-0.010546,-0.075501,0.714744,0.695219,-1.216827,-1.221296,0.007391,-0.061146,-0.002937,0.568621,0.820319,-0.777492,-1.202763,0.028926,0.039229,0.037948,-0.664535,-0.745261,-1.093637,-1.250165,0.920870
127,0.529167,-0.010312,-0.075093,0.714853,0.695154,-1.216828,-1.221316,0.007420,-0.064173,-0.002796,0.567744,0.820696,-0.773195,-1.202615,0.029168,0.039709,0.037155,-0.664969,-0.744889,-1.092593,-1.250056,0.920607
128,0.533333,-0.010014,-0.075375,0.714879,0.695101,-1.216817,-1.221313,0.007377,-0.065776,-0.001731,0.567257,0.820908,-0.768777,-1.202418,0.029500,0.039704,0.036450,-0.665422,-0.744519,-1.091529,-1.249835,0.920477
129,0.537500,-0.010208,-0.075929,0.714855,0.695063,-1.216839,-1.221307,0.007287,-0.068409,-0.001121,0.566510,0.821210,-0.764348,-1.202252,0.029644,0.040360,0.036341,-0.665762,-0.744185,-1.090561,-1.249645,0.920297
130,0.541667,-0.009459,-0.074931,0.714669,0.695373,-1.216880,-1.221294,0.007375,-0.070899,-0.000327,0.565493,0.821700,-0.759856,-1.202115,0.029857,0.040826,0.036066,-0.666466,-0.743543,-1.089493,-1.249509,0.920169
131,0.545833,-0.009727,-0.075602,0.714664,0.695302,-1.216849,-1.221273,0.007284,-0.074047,0.000726,0.564647,0.822003,-0.755333,-1.201960,0.029992,0.041078,0.035305,-0.666878,-0.743195,-1.088397,-1.249256,0.919975
132,0.550000,-0.009335,-0.074655,0.714916,0.695150,-1.216812,-1.221268,0.007382,-0.077189,0.001954,0.563631,0.822410,-0.750776,-1.201814,0.030070,0.042038,0.034941,-0.667231,-0.742842,-1.087404,-1.249092,0.919723
133,0.554167,-0.009323,-0.075793,0.714824,0.695123,-1.216861,-1.221272,0.007203,-0.079176,0.003247,0.562556,0.822953,-0.746176,-1.201753,0.030176,0.042900,0.033245,-0.667652,-0.742492,-1.086189,-1.248937,0.919258
134,0.558333,-0.009551,-0.075384,0.715242,0.694734,-1.216735,-1.221258,0.007293,-0.081814,0.005073,0.561813,0.823193,-0.741485,-1.201479,0.030265,0.042999,0.032526,-0.668103,-0.742113,-1.085047,-1.248671,0.919135
135,0.562500,-0.003850,-0.059191,0.717543,0.693984,-1.216437,-1.221657,0.008879,-0.084270,0.006888,0.560677,0.823707,-0.736838,-1.201296,0.030310,0.043585,0.032726,-0.668587,-0.741634,-1.084024,-1.248410,0.919023
136,0.566667,-0.003970,-0.059046,0.718100,0.693419,-1.216251,-1.221713,0.008892,-0.086627,0.008416,0.559676,0.824129,-0.732173,-1.201127,0.030392,0.044047,0.031894,-0.669245,-0.741049,-1.082817,-1.248190,0.918776
137,0.570833,-0.002870,-0.058600,0.720219,0.691262,-1.216172,-1.222535,0.008041,-0.088345,0.010341,0.558493,0.824726,-0.727463,-1.200899,0.030420,0.044465,0.031347,-0.669664,-0.740669,-1.081647,-1.247926,0.918580
138,0.575000,0.003615,-0.047496,0.715413,0.697076,-1.217539,-1.222358,0.008967,-0.089460,0.012506,0.557517,0.825237,-0.722739,-1.200668,0.030479,0.044992,0.030672,-0.670128,-0.740246,-1.080436,-1.247658,0.918249
139,0.579167,0.010073,-0.042228,0.710170,0.702691,-1.218621,-1.222607,0.008696,-0.090116,0.014926,0.558891,0.824195,-0.717595,-1.200751,0.030589,0.045729,0.029639,-0.670606,-0.739809,-1.079194,-1.247444,0.917875
140,0.583333,0.020479,-0.035673,0.702115,0.710874,-1.220255,-1.222726,0.008375,-0.092164,0.016933,0.557769,0.824690,-0.712876,-1.200386,0.030714,0.045998,0.029160,-0.671080,-0.739381,-1.077985,-1.247140,0.917709
141,0.587500,0.028143,-0.033150,0.691148,0.721403,-1.222646,-1.222975,0.007213,-0.091128,0.018957,0.556130,0.825866,-0.708130,-1.200246,0.030692,0.046205,0.028663,-0.671698,-0.738827,-1.076722,-1.246846,0.917484
142,0.591667,0.026988,-0.034490,0.691837,0.720724,-1.222517,-1.222938,0.007161,-0.089850,0.021530,0.555084,0.826647,-0.703271,-1.200034,0.030857,0.046862,0.027953,-0.672083,-0.738462,-1.075446,-1.246564,0.917160
143,0.595833,0.027186,-0.032944,0.692021,0.720612,-1.222512,-1.222982,0.007261,-0.089203,0.024901,0.554453,0.827046,-0.698254,-1.199652,0.031071,0.047503,0.027173,-0.672396,-0.738166,-1.074147,-1.246268,0.916842
144,0.600000,0.027231,-0.031913,0.691946,0.720729,-1.222552,-1.223035,0.007322,-0.084839,0.026768,0.553339,0.828192,-0.693485,-1.199319,0.030958,0.047773,0.026155,-0.673003,-0.737631,-1.072740,-1.245998,0.916490
145,0.604167,0.027351,-0.031130,0.691748,0.720949,-1.222566,-1.223033,0.007415,-0.083138,0.027787,0.551899,0.829291,-0.688810,-1.198996,0.031121,0.047521,0.026250,-0.673421,-0.737263,-1.071473,-1.245660,0.916411
146,0.608333,0.027572,-0.029153,0.691824,0.720950,-1.222557,-1.223142,0.007531,-0.080975,0.029066,0.550300,0.830523,-0.684167,-1.198680,0.031223,0.047426,0.025384,-0.673866,-0.736893,-1.070066,-1.245294,0.916191
147,0.612500,0.028015,-0.027345,0.691496,0.721319,-1.222568,-1.223186,0.007689,-0.079886,0.029959,0.548438,0.831827,-0.679490,-1.198378,0.031358,0.047834,0.024838,-0.674245,-0.736539,-1.068619,-1.244995,0.915886
148,0.616667,0.028128,-0.026457,0.691316,0.721520,-1.222591,-1.223180,0.007796,-0.078134,0.030677,0.546719,0.833098,-0.674790,-1.198074,0.031485,0.048121,0.023703,-0.674522,-0.736304,-1.067209,-1.244645,0.915587
149,0.620833,0.028848,-0.025623,0.691099,0.721729,-1.222608,-1.223196,0.007840,-0.076703,0.030946,0.544937,0.834388,-0.670166,-1.197814,0.031667,0.048427,0.023240,-0.674926,-0.735928,-1.065760,-1.244319,0.915286
150,0.625000,0.028983,-0.025082,0.691173,0.721672,-1.222596,-1.223207,0.007817,-0.076687,0.031272,0.542540,0.835938,-0.665562,-1.197627,0.031837,0.048384,0.022838,-0.675336,-0.735567,-1.064278,-1.243974,0.915097
151,0.629167,0.028932,-0.025190,0.691196,0.721649,-1.222602,-1.223190,0.007794,-0.075405,0.031521,0.540798,0.837173,-0.661007,-1.197353,0.032032,0.048506,0.021428,-0.675551,-0.735404,-1.062741,-1.243554,0.914695
152,0.633333,0.029134,-0.025016,0.691261,0.721584,-1.222592,-1.223210,0.007803,-0.073679,0.031528,0.539199,0.838356,-0.656497,-1.197001,0.032220,0.049464,0.021052,-0.676060,-0.734883,-1.061212,-1.243296,0.914175
153,0.637500,0.029191,-0.024592,0.691295,0.721563,-1.222580,-1.223231,0.007797,-0.072615,0.031524,0.537521,0.839527,-0.652025,-1.196655,0.032421,0.049497,0.020241,-0.676270,-0.734711,-1.059756,-1.242861,0.913961
154,0.641667,0.029332,-0.024426,0.691258,0.721599,-1.222593,-1.223237,0.007790,-0.071046,0.031649,0.535883,0.840702,-0.647597,-1.196327,0.032613,0.049643,0.019723,-0.676612,-0.734400,-1.058212,-1.242468,0.913670
155,0.645833,0.029918,-0.024024,0.691055,0.721783,-1.222578,-1.223240,0.007819,-0.069726,0.031314,0.534470,0.841724,-0.643164,-1.195958,0.032774,0.050124,0.018728,-0.677189,-0.733861,-1.056602,-1.242154,0.913134
156,0.650000,0.029789,-0.024083,0.691221,0.721627,-1.222569,-1.223234,0.007794,-0.068558,0.031400,0.532676,0.842953,-0.638864,-1.195619,0.032954,0.050314,0.018241,-0.677662,-0.733424,-1.055025,-1.241742,0.912768
157,0.654167,0.029920,-0.023288,0.691306,0.721567,-1.222574,-1.223280,0.007796,-0.067461,0.031216,0.531236,0.843957,-0.634536,-1.195221,0.033105,0.050013,0.017403,-0.678326,-0.732850,-1.053571,-1.241236,0.912584
158,0.658333,0.029900,-0.022974,0.691320,0.721564,-1.222586,-1.223294,0.007789,-0.066977,0.031176,0.529896,0.844838,-0.630274,-1.194855,0.033211,0.044600,0.016116,-0.678770,-0.732818,-1.052171,-1.240484,0.913313
159,0.662500,0.030327,-0.022549,0.691251,0.721626,-1.222579,-1.223314,0.007794,-0.066208,0.030899,0.528889,0.845540,-0.626036,-1.194500,0.033300,0.044251,0.015254,-0.679747,-0.731951,-1.050688,-1.240088,0.912990
160,0.666667,0.030229,-0.022853,0.691268,0.721604,-1.222542,-1.223276,0.007782,-0.066360,0.030768,0.527216,0.846577,-0.621926,-1.194133,0.033372,0.044149,0.014354,-0.680583,-0.731199,-1.049232,-1.239713,0.912628
161,0.670833,0.029982,-0.023140,0.691491,0.721391,-1.222530,-1.223258,0.007765,-0.065772,0.030919,0.526181,0.847261,-0.617790,-1.193786,0.033368,0.043948,0.013556,-0.681433,-0.730434,-1.047781,-1.239376,0.912357
162,0.675000,0.029959,-0.023020,0.691466,0.721421,-1.222533,-1.223282,0.007740,-0.066348,0.030653,0.525414,0.847702,-0.613748,-1.193385,0.033359,0.043784,0.012529,-0.682355,-0.729601,-1.046246,-1.238984,0.912015
163,0.679167,0.030487,-0.022526,0.691347,0.721528,-1.222512,-1.223273,0.007776,-0.066381,0.030521,0.524657,0.848172,-0.609736,-1.193038,0.033297,0.043370,0.011262,-0.683157,-0.728896,-1.044691,-1.238553,0.911708
164,0.683333,0.030883,-0.021756,0.691232,0.721645,-1.222558,-1.223332,0.007743,-0.068015,0.030292,0.523555,0.848732,-0.605882,-1.192680,0.033283,0.043260,0.011238,-0.684153,-0.727968,-1.043138,-1.238281,0.911359
165,0.687500,0.031108,-0.021120,0.691325,0.721564,-1.222520,-1.223344,0.007774,-0.069280,0.030429,0.522662,0.849175,-0.602055,-1.192345,0.033195,0.043320,0.010531,-0.684864,-0.727306,-1.041549,-1.237878,0.911045
166,0.691667,0.031198,-0.020719,0.691351,0.721548,-1.222516,-1.223354,0.007781,-0.069480,0.030813,0.522309,0.849363,-0.598276,-1.191960,0.033013,0.043267,0.009556,-0.685731,-0.726505,-1.039859,-1.237467,0.910601
167,0.695833,0.031019,-0.021144,0.691402,0.721494,-1.222524,-1.223337,0.007731,-0.070361,0.031243,0.521804,0.849585,-0.594588,-1.191602,0.032785,0.050834,0.017061,-0.681609,-0.729749,-1.036215,-1.236779,0.910548
168,0.700000,0.031370,-0.020334,0.691378,0.721525,-1.222548,-1.223389,0.007723,-0.072962,0.031501,0.521393,0.849608,-0.591042,-1.191264,0.032609,0.050469,0.017959,-0.680403,-0.730877,-1.033536,-1.236261,0.910593
169,0.704167,0.031809,-0.020103,0.691250,0.721635,-1.222487,-1.223354,0.007763,-0.074736,0.031454,0.521616,0.849319,-0.587553,-1.190925,0.032320,0.050159,0.019192,-0.678016,-0.733083,-1.030526,-1.235643,0.911124
170,0.708333,0.031563,-0.020152,0.691312,0.721585,-1.222491,-1.223334,0.007704,-0.076868,0.032346,0.521508,0.849161,-0.584199,-1.190594,0.031971,0.041683,0.021116,-0.675235,-0.736121,-1.026890,-1.235034,0.912570
171,0.712500,0.032258,-0.019043,0.691208,0.721684,-1.222532,-1.223391,0.007701,-0.078632,0.032773,0.522237,0.848535,-0.580905,-1.190282,0.031535,0.036677,0.019182,-0.674150,-0.737434,-1.023790,-1.234400,0.912371
172,0.716667,0.032283,-0.018778,0.691187,0.721711,-1.222541,-1.223397,0.007691,-0.081738,0.033410,0.522919,0.847796,-0.577796,-1.189970,0.031145,0.037996,0.017618,-0.672929,-0.738521,-1.020837,-1.233841,0.911376
173,0.720833,0.032036,-0.019402,0.691294,0.721603,-1.222497,-1.223349,0.007675,-0.082706,0.034916,0.523924,0.847021,-0.574830,-1.189652,0.030607,0.035946,0.018677,-0.671119,-0.740242,-1.017821,-1.233136,0.911725
174,0.725000,0.032462,-0.018385,0.691244,0.721658,-1.222537,-1.223391,0.007640,-0.085442,0.035755,0.525482,0.845748,-0.571990,-1.189365,0.030035,0.033901,0.020003,-0.670006,-0.741311,-1.015070,-1.232601,0.912151
175,0.729167,0.032462,-0.018365,0.691332,0.721574,-1.222527,-1.223386,0.007611,-0.086644,0.037244,0.527511,0.844297,-0.569260,-1.189108,0.029406,0.023327,0.018603,-0.665872,-0.745469,-1.011277,-1.231266,0.914014
176,0.733333,0.032975,-0.017197,0.691323,0.721588,-1.222554,-1.223435,0.007600,-0.086059,0.038395,0.529376,0.843137,-0.566745,-1.188876,0.028883,0.020568,0.019407,-0.665478,-0.745881,-1.008946,-1.230870,0.914313
177,0.737500,0.033232,-0.017097,0.691297,0.721603,-1.222533,-1.223423,0.007603,-0.082069,0.039586,0.531991,0.841833,-0.564291,-1.188611,0.028324,0.018283,0.018833,-0.665320,-0.746097,-1.006648,-1.230497,0.914396
178,0.741667,0.033433,-0.016286,0.691512,0.721407,-1.222526,-1.223420,0.007613,-0.076449,0.040389,0.534492,0.840739,-0.562076,-1.188404,0.027834,0.015642,0.018370,-0.665549,-0.745964,-1.004528,-1.230127,0.914530
179,0.745833,0.033691,-0.015683,0.691542,0.721380,-1.222542,-1.223412,0.007578,-0.071207,0.040606,0.537778,0.839092,-0.560085,-1.188316,0.027424,0.013715,0.017380,-0.666312,-0.745344,-1.002419,-1.229755,0.914606
180,0.750000,0.033853,-0.015333,0.691630,0.721295,-1.222527,-1.223396,0.007585,-0.066300,0.040610,0.541313,0.837219,-0.558328,-1.188254,0.026928,0.012103,0.015629,-0.667040,-0.744760,-1.000327,-1.229369,0.914537
181,0.754167,0.034590,-0.013565,0.691631,0.721295,-1.222575,-1.223469,0.007570,-0.060436,0.040415,0.546011,0.834617,-0.556756,-1.188121,0.026390,0.011434,0.010810,-0.667883,-0.744100,-0.997967,-1.228976,0.913617
182,0.758333,0.034943,-0.012272,0.691772,0.721166,-1.222566,-1.223456,0.007581,-0.054577,0.040621,0.550487,0.832067,-0.555346,-1.188019,0.025736,0.017918,0.000009,-0.667789,-0.744135,-0.995016,-1.228288,0.910506
183,0.762500,0.035398,-0.011209,0.691844,0.721092,-1.222577,-1.223474,0.007585,-0.049527,0.040840,0.554726,0.829553,-0.554124,-1.188060,0.025168,0.014885,-0.005659,-0.668303,-0.743718,-0.992721,-1.227875,0.909290
184,0.766667,0.036178,-0.010162,0.691715,0.721192,-1.222582,-1.223484,0.007574,-0.045726,0.040764,0.557997,0.827579,-0.553046,-1.188252,0.024580,0.014765,-0.005101,-0.669218,-0.742902,-0.990713,-1.227516,0.909090
185,0.770833,0.037150,-0.008364,0.691679,0.721201,-1.222607,-1.223548,0.007570,-0.041325,0.040964,0.560393,0.826181,-0.551951,-1.188631,0.023914,0.016930,-0.002373,-0.670066,-0.742104,-0.988389,-1.227069,0.909278
186,0.775000,0.037647,-0.006785,0.691807,0.721069,-1.222632,-1.223567,0.007548,-0.036384,0.041025,0.561966,0.825341,-0.550813,-1.189165,0.023142,0.018620,-0.000644,-0.670660,-0.741531,-0.985799,-1.226623,0.908835
187,0.779167,0.038611,-0.005424,0.691759,0.721076,-1.222638,-1.223608,0.007550,-0.031240,0.040647,0.563099,0.824798,-0.549811,-1.189829,0.022485,0.018830,0.000540,-0.670759,-0.741436,-0.983072,-1.226085,0.908387
188,0.783333,0.039218,-0.003461,0.692010,0.720814,-1.222637,-1.223649,0.007531,-0.026121,0.039790,0.564062,0.824359,-0.548848,-1.190657,0.021832,0.019327,0.000511,-0.670703,-0.741474,-0.980198,-1.225498,0.907706
189,0.787500,0.039880,-0.002227,0.692074,0.720720,-1.222609,-1.223629,0.007551,-0.021734,0.038005,0.565005,0.823925,-0.547822,-1.191476,0.021219,0.016541,-0.004599,-0.669266,-0.742824,-0.976273,-1.225233,0.907012
190,0.791667,0.040585,-0.000085,0.692203,0.720561,-1.222646,-1.223707,0.007500,-0.017932,0.036031,0.566501,0.823078,-0.546903,-1.192318,0.020612,0.016775,-0.003254,-0.669358,-0.742744,-0.973328,-1.224688,0.906591
191,0.795833,0.041534,0.001454,0.692235,0.720474,-1.222646,-1.223722,0.007504,-0.015390,0.034062,0.568579,0.821779,-0.546128,-1.193030,0.019987,0.017323,-0.001062,-0.669508,-0.742602,-0.970374,-1.224124,0.906365
192,0.800000,0.042645,0.004042,0.692362,0.720278,-1.222693,-1.223795,0.007471,-0.014099,0.031606,0.571077,0.820167,-0.545440,-1.193639,0.019432,0.017744,-0.000495,-0.669716,-0.742406,-0.967322,-1.223493,0.905855
193,0.804167,0.043523,0.005965,0.692603,0.719981,-1.222648,-1.223800,0.007511,-0.013359,0.029203,0.573732,0.818413,-0.544863,-1.194069,0.018886,0.017965,-0.000447,-0.669726,-0.742391,-0.964167,-1.222929,0.905313
194,0.808333,0.044764,0.008285,0.692640,0.719845,-1.222625,-1.223823,0.007507,-0.012684,0.026944,0.575962,0.816934,-0.544324,-1.194420,0.018406,0.018182,-0.000298,-0.669860,-0.742265,-0.961027,-1.222368,0.904788
195,0.812500,0.045360,0.010154,0.693061,0.719379,-1.222592,-1.223828,0.007510,-0.011619,0.024652,0.577419,0.815993,-0.543789,-1.194739,0.017865,0.018400,0.000727,-0.670090,-0.742051,-0.957960,-1.221871,0.904355
196,0.816667,0.046465,0.012211,0.693164,0.719177,-1.222559,-1.223769,0.007559,-0.010658,0.022469,0.578182,0.815529,-0.543232,-1.194929,0.017351,0.018724,0.001954,-0.670420,-0.741743,-0.954804,-1.221365,0.904044
197,0.820833,0.047544,0.014854,0.693540,0.718694,-1.222600,-1.223801,0.007565,-0.009826,0.019543,0.578524,0.815372,-0.542641,-1.195048,0.016835,0.018903,0.003270,-0.670857,-0.741338,-0.951715,-1.220914,0.903696
198,0.825000,0.048358,0.016578,0.693783,0.718367,-1.222603,-1.223750,0.007556,-0.009533,0.017218,0.578269,0.815609,-0.542082,-1.194994,0.016402,0.019080,0.004502,-0.671146,-0.741066,-0.948523,-1.220454,0.903416
199,0.829167,0.049318,0.018715,0.694115,0.717929,-1.222551,-1.223677,0.007579,-0.007712,0.015316,0.577830,0.815977,-0.541527,-1.194909,0.015866,0.019155,0.004968,-0.671569,-0.740677,-0.945339,-1.220038,0.902951
200,0.833333,0.033715,-0.020945,0.700300,0.712745,-1.220394,-1.221105,0.008275,-0.006013,0.013337,0.577183,0.816484,-0.541059,-1.194777,0.015312,0.019397,0.005747,-0.672097,-0.740187,-0.942155,-1.219644,0.902557
201,0.837500,0.032141,-0.027601,0.703666,0.709267,-1.219651,-1.220654,0.008126,-0.005066,0.011154,0.576367,0.817099,-0.540656,-1.194629,0.014826,0.019687,0.006388,-0.672605,-0.739713,-0.938904,-1.219278,0.902125
202,0.841667,0.032769,-0.027922,0.705096,0.707803,-1.219307,-1.220419,0.008175,-0.004505,0.008795,0.575186,0.817963,-0.540283,-1.194504,0.014317,0.020013,0.006500,-0.673119,-0.739235,-0.935640,-1.218980,0.901694
203,0.845833,0.034294,-0.025280,0.705029,0.707897,-1.219264,-1.220307,0.008281,-0.003576,0.006597,0.573689,0.819039,-0.539876,-1.194405,0.013798,0.021541,0.009444,-0.673544,-0.738773,-0.932866,-1.218579,0.901360
204,0.850000,0.036408,-0.023455,0.704470,0.708412,-1.219291,-1.220196,0.008318,-0.002868,0.004283,0.572134,0.820144,-0.539464,-1.194255,0.013329,0.021696,0.010024,-0.674215,-0.738149,-0.929578,-1.218349,0.901079
205,0.854167,0.039253,-0.018075,0.703836,0.709047,-1.219309,-1.220204,0.008390,-0.002518,0.001958,0.570552,0.821255,-0.539070,-1.194056,0.012888,0.021614,0.010941,-0.674925,-0.737489,-0.926358,-1.218150,0.900835
206,0.858333,0.041358,-0.013406,0.703587,0.709278,-1.219239,-1.220150,0.008485,-0.002097,-0.000353,0.568960,0.822363,-0.538719,-1.193836,0.012423,0.021697,0.011983,-0.675611,-0.736841,-0.923031,-1.217972,0.900687
207,0.862500,0.043028,-0.009767,0.703712,0.709114,-1.219027,-1.220003,0.008608,-0.001732,-0.002676,0.567415,0.823426,-0.538379,-1.193627,0.011932,0.021869,0.012416,-0.676366,-0.736136,-0.919749,-1.217818,0.900438
208,0.866667,0.043862,-0.006386,0.704175,0.708642,-1.218832,-1.219882,0.008701,-0.001782,-0.004855,0.565797,0.824529,-0.538072,-1.193448,0.011491,0.025783,0.020146,-0.677353,-0.734930,-0.917068,-1.217822,0.901310
209,0.870833,0.045318,0.000510,0.704406,0.708349,-1.218811,-1.219825,0.008646,-0.002356,-0.006813,0.564314,0.825529,-0.537790,-1.193320,0.011114,0.026044,0.020355,-0.678042,-0.734280,-0.913771,-1.217752,0.901041
210,0.875000,0.048505,0.006671,0.704142,0.708370,-1.218705,-1.219853,0.008700,-0.003256,-0.009029,0.562991,0.826407,-0.537546,-1.193225,0.010784,0.031030,0.017929,-0.678188,-0.734014,-0.909977,-1.217779,0.899630
211,0.879167,0.052097,0.012234,0.704028,0.708153,-1.218333,-1.219853,0.008971,-0.004459,-0.011885,0.562037,0.827014,-0.537332,-1.193135,0.010387,0.031652,0.017082,-0.678755,-0.733484,-0.906696,-1.217751,0.899260
212,0.883333,0.051475,0.015225,0.706861,0.705312,-1.217288,-1.219300,0.009707,-0.004647,-0.013710,0.561926,0.827061,-0.537078,-1.192988,0.010189,0.031726,0.017900,-0.679463,-0.732805,-0.903379,-1.217737,0.899073
213,0.887500,0.047697,0.014870,0.710982,0.701433,-1.216318,-1.218713,0.010353,-0.005825,-0.015279,0.561668,0.827201,-0.536773,-1.192931,0.009932,0.032339,0.018073,-0.680105,-0.732178,-0.899977,-1.217715,0.898796
214,0.891667,0.043192,0.014345,0.714781,0.697866,-1.215747,-1.218310,0.010661,-0.006345,-0.016372,0.561586,0.827232,-0.536429,-1.192940,0.009723,0.033221,0.018463,-0.680977,-0.731318,-0.896583,-1.217747,0.898516
215,0.895833,0.036616,0.014191,0.720499,0.692344,-1.214622,-1.217762,0.011309,-0.005957,-0.016663,0.561621,0.827206,-0.536057,-1.193013,0.009614,0.033824,0.019293,-0.681792,-0.730509,-0.893184,-1.217711,0.898448
216,0.900000,0.031285,0.013138,0.724128,0.688831,-1.214040,-1.217409,0.011537,-0.005452,-0.016745,0.561678,0.827168,-0.535740,-1.193094,0.009564,0.034733,0.019983,-0.682408,-0.729872,-0.889808,-1.217723,0.898352
217,0.904167,0.029913,0.022531,0.733442,0.678720,-1.211058,-1.215764,0.013712,-0.004787,-0.016678,0.561652,0.827191,-0.535508,-1.193172,0.009544,0.035077,0.020518,-0.683051,-0.729239,-0.886460,-1.217721,0.898348
218,0.908333,0.032575,0.019474,0.731894,0.680361,-1.211111,-1.215641,0.013808,-0.004113,-0.016395,0.561548,0.827272,-0.535373,-1.193233,0.009574,0.036168,0.020998,-0.683839,-0.728433,-0.883153,-1.217685,0.898426
219,0.912500,0.035873,0.019675,0.731114,0.681027,-1.210974,-1.215522,0.014090,-0.003440,-0.016098,0.561444,0.827351,-0.535343,-1.193278,0.009619,0.036886,0.021850,-0.684580,-0.727676,-0.879857,-1.217671,0.898623
220,0.916667,0.033707,0.020932,0.734445,0.677508,-1.210164,-1.215253,0.014565,-0.003049,-0.016050,0.561496,0.827318,-0.535379,-1.193319,0.009657,0.038187,0.023078,-0.685341,-0.726855,-0.876554,-1.217675,0.898771
221,0.920833,0.034633,0.018815,0.735338,0.676553,-1.210046,-1.216267,0.014728,-0.002907,-0.016258,0.561663,0.827202,-0.535458,-1.193396,0.009671,0.039238,0.023835,-0.685988,-0.726164,-0.873310,-1.217632,0.898956
222,0.925000,0.032877,0.016853,0.738486,0.673256,-1.209357,-1.216143,0.015119,-0.002595,-0.016433,0.561966,0.826993,-0.535484,-1.193514,0.009663,0.041023,0.025312,-0.686674,-0.725365,-0.870016,-1.217612,0.899153
223,0.929167,0.031180,0.014307,0.741934,0.669595,-1.208560,-1.216175,0.015416,-0.001990,-0.016497,0.562571,0.826582,-0.535433,-1.193632,0.009673,0.042198,0.026083,-0.687070,-0.724896,-0.866800,-1.217588,0.899478
224,0.933333,0.023221,0.009944,0.746466,0.664944,-1.207703,-1.216389,0.015175,-0.001163,-0.016369,0.563255,0.826121,-0.535353,-1.193741,0.009692,0.043916,0.026915,-0.687569,-0.724290,-0.863626,-1.217514,0.899867
225,0.937500,0.012385,0.002687,0.749819,0.661522,-1.207291,-1.216610,0.014660,-0.000375,-0.016102,0.563904,0.825683,-0.535278,-1.193826,0.009703,0.044872,0.028598,-0.687981,-0.723776,-0.860490,-1.217481,0.900225
226,0.941667,-0.003037,-0.007302,0.753686,0.657187,-1.206280,-1.216085,0.013703,0.000372,-0.015635,0.564442,0.825324,-0.535228,-1.193893,0.009742,0.043199,0.033770,-0.689241,-0.722454,-0.857303,-1.217315,0.900066
227,0.945833,-0.017014,-0.026000,0.762725,0.645976,-1.204111,-1.216343,0.013377,0.000904,-0.015302,0.564922,0.825002,-0.535216,-1.193959,0.009773,0.045745,0.035497,-0.689588,-0.721884,-0.854188,-1.217436,0.900196
228,0.950000,-0.018804,-0.025749,0.766243,0.641760,-1.203639,-1.215953,0.013386,0.001191,-0.015245,0.565385,0.824685,-0.535210,-1.194037,0.009787,0.048359,0.037382,-0.690037,-0.721188,-0.851168,-1.217495,0.900685
229,0.954167,-0.024143,-0.028101,0.772584,0.633830,-1.202448,-1.215487,0.013152,0.001458,-0.015240,0.565907,0.824327,-0.535195,-1.194120,0.009788,0.050981,0.039123,-0.690612,-0.720365,-0.848193,-1.217547,0.901150
230,0.958333,-0.027400,-0.030475,0.777544,0.627492,-1.202014,-1.215140,0.013500,0.001693,-0.015331,0.566505,0.823914,-0.535168,-1.194193,0.009778,0.052439,0.040151,-0.691156,-0.719682,-0.845219,-1.217620,0.901708
231,0.962500,-0.025563,-0.024360,0.781680,0.622679,-1.200576,-1.213531,0.014324,0.001830,-0.015449,0.567063,0.823527,-0.535117,-1.194258,0.009748,0.053411,0.040631,-0.691855,-0.718911,-0.842277,-1.217675,0.902417
232,0.966667,-0.026623,-0.022423,0.786764,0.616272,-1.199333,-1.212812,0.014885,0.001960,-0.015442,0.567432,0.823273,-0.535089,-1.194299,0.009736,0.054193,0.040712,-0.692624,-0.718107,-0.839346,-1.217783,0.903099
233,0.970833,-0.028007,-0.019885,0.793662,0.607389,-1.197350,-1.211876,0.015452,0.002179,-0.015297,0.567675,0.823107,-0.535089,-1.194333,0.009747,0.054471,0.040963,-0.693358,-0.717363,-0.836447,-1.217951,0.903768
234,0.975000,-0.029051,-0.017352,0.798955,0.600439,-1.195489,-1.211116,0.016107,0.002419,-0.015104,0.567844,0.822994,-0.535116,-1.194352,0.009786,0.054223,0.040134,-0.694078,-0.716732,-0.833562,-1.218073,0.904493
235,0.979167,-0.032080,-0.017164,0.804568,0.592746,-1.193245,-1.210462,0.016475,0.002771,-0.014795,0.568005,0.822887,-0.535141,-1.194381,0.009822,0.054041,0.040065,-0.694807,-0.716043,-0.830725,-1.218220,0.905184
236,0.983333,-0.028986,-0.007191,0.809150,0.586843,-1.191306,-1.209283,0.017805,0.003010,-0.014593,0.568239,0.822729,-0.535141,-1.194421,0.009849,0.053688,0.039637,-0.695600,-0.715323,-0.827889,-1.218375,0.905911
237,0.987500,-0.021483,0.014481,0.814708,0.579293,-1.189021,-1.208413,0.020056,0.003289,-0.014430,0.568592,0.822486,-0.535118,-1.194457,0.009867,0.053223,0.039089,-0.696405,-0.714604,-0.825036,-1.218566,0.906552
238,0.991667,-0.022601,0.014251,0.819443,0.572537,-1.187586,-1.208553,0.020218,0.003523,-0.014464,0.568962,0.822229,-0.535081,-1.194482,0.009874,0.052887,0.036288,-0.698624,-0.712608,-0.821721,-1.218275,0.907648
239,0.995833,-0.020035,0.020487,0.823839,0.566099,-1.185135,-1.207490,0.021208,0.003758,-0.014383,0.569213,0.822056,-0.535044,-1.194501,0.009870,0.052027,0.033899,-0.699140,-0.712284,-0.818869,-1.218379,0.908408
240,1.000000,-0.025630,0.016257,0.828828,0.558680,-1.182617,-1.206496,0.021202,0.003923,-0.014312,0.569323,0.821980,-0.535042,-1.194497,0.009883,0.052731,0.032413,-0.699353,-0.712091,-0.816073,-1.218319,0.908699
241,1.004167,-0.026073,0.019452,0.832872,0.552509,-1.180411,-1.205689,0.021676,0.004067,-0.014194,0.569394,0.821932,-0.535054,-1.194479,0.009902,0.048789,0.029999,-0.699873,-0.711967,-0.813334,-1.218722,0.909215
242,1.008333,-0.024233,0.023691,0.835373,0.548638,-1.178553,-1.205134,0.021978,0.004256,-0.013993,0.569472,0.821881,-0.535077,-1.194471,0.009930,0.051076,0.031725,-0.700479,-0.711136,-0.810722,-1.218660,0.909701
243,1.012500,-0.031079,0.029140,0.841468,0.538624,-1.176131,-1.203314,0.023175,0.004467,-0.013746,0.569508,0.821859,-0.535068,-1.194483,0.009944,0.051298,0.031452,-0.701139,-0.710481,-0.808051,-1.218723,0.910313
244,1.016667,-0.024750,0.030824,0.844607,0.533925,-1.174514,-1.202451,0.023859,0.004783,-0.013505,0.569606,0.821793,-0.535052,-1.194501,0.009950,0.047181,0.029628,-0.701443,-0.710545,-0.805421,-1.219001,0.910803
245,1.020833,-0.022797,0.033321,0.847620,0.529066,-1.172294,-1.202169,0.024178,0.005025,-0.013329,0.569671,0.821749,-0.535034,-1.194516,0.009947,0.046624,0.028923,-0.701803,-0.710255,-0.802911,-1.219019,0.911180
246,1.025000,-0.009229,0.025725,0.848153,0.529045,-1.170759,-1.202363,0.022865,0.005260,-0.013211,0.569710,0.821723,-0.535026,-1.194520,0.009944,0.047596,0.029194,-0.702349,-0.709640,-0.800517,-1.218979,0.911849
247,1.029167,-0.005534,0.023548,0.849775,0.526590,-1.168760,-1.201131,0.023106,0.005438,-0.013161,0.569660,0.821757,-0.535037,-1.194518,0.009939,0.044969,0.027189,-0.702296,-0.709943,-0.798015,-1.219080,0.911894
248,1.033333,-0.004587,0.022669,0.852000,0.523030,-1.166235,-1.200459,0.023375,0.005530,-0.013142,0.569595,0.821802,-0.535050,-1.194514,0.009931,0.045214,0.026768,-0.702628,-0.709614,-0.795705,-1.219103,0.912355
249,1.037500,0.001348,0.020562,0.851207,0.524426,-1.164239,-1.198573,0.023568,0.005796,-0.013025,0.569497,0.821870,-0.535066,-1.194512,0.009931,0.046409,0.026770,-0.703311,-0.708861,-0.793351,-1.219034,0.913085
250,1.041667,0.002430,0.019133,0.852974,0.521598,-1.160980,-1.198343,0.023857,0.006012,-0.012851,0.569463,0.821894,-0.535077,-1.194520,0.009935,0.044847,0.024768,-0.703302,-0.709042,-0.790998,-1.219164,0.913139
251,1.045833,-0.000427,0.026589,0.853929,0.519710,-1.157669,-1.195871,0.025131,0.006222,-0.012774,0.569511,0.821861,-0.535064,-1.194521,0.009932,0.044987,0.024569,-0.703524,-0.708821,-0.788771,-1.219184,0.913601
252,1.050000,-0.004204,0.028654,0.857814,0.513144,-1.152473,-1.194659,0.026535,0.006324,-0.012669,0.569543,0.821839,-0.535050,-1.194519,0.009932,0.046763,0.023621,-0.704391,-0.707876,-0.786218,-1.219367,0.914105
253,1.054167,-0.001295,0.029862,0.857138,0.514218,-1.148696,-1.193504,0.026874,0.006420,-0.012554,0.569555,0.821832,-0.535054,-1.194501,0.009940,0.048005,0.023757,-0.705580,-0.706603,-0.783728,-1.219435,0.914732
254,1.058333,0.002193,0.027231,0.855071,0.517791,-1.144626,-1.192124,0.027084,0.006711,-0.012621,0.569095,0.822148,-0.535107,-1.194548,0.009895,0.046593,0.023887,-0.705583,-0.706690,-0.781619,-1.219292,0.915005
255,1.062500,0.005440,0.025784,0.853002,0.521242,-1.140267,-1.190587,0.027356,0.006874,-0.012592,0.568998,0.822214,-0.535132,-1.194546,0.009878,0.047310,0.023977,-0.705969,-0.706254,-0.779415,-1.219190,0.915507
256,1.066667,0.011731,0.024221,0.849047,0.527632,-1.135686,-1.189336,0.027296,0.006916,-0.012611,0.568965,0.822236,-0.535139,-1.194538,0.009873,0.046757,0.023765,-0.705480,-0.706786,-0.777518,-1.219186,0.915616
257,1.070833,0.022968,0.017956,0.844773,0.534330,-1.131100,-1.188852,0.026328,0.006979,-0.012564,0.568956,0.822242,-0.535129,-1.194538,0.009879,0.046565,0.023345,-0.705197,-0.707096,-0.775640,-1.219103,0.915928
258,1.075000,0.019705,0.035915,0.842012,0.537901,-1.123926,-1.184499,0.029582,0.007018,-0.012455,0.569015,0.822203,-0.535120,-1.194533,0.009888,0.045954,0.021947,-0.704606,-0.707769,-0.773750,-1.219027,0.916015
259,1.079167,0.014415,0.045474,0.837449,0.544429,-1.118422,-1.183312,0.030612,0.007155,-0.012333,0.569074,0.822163,-0.535110,-1.194530,0.009896,0.047465,0.022334,-0.704019,-0.708241,-0.772155,-1.218925,0.915794
260,1.083333,0.020074,0.033423,0.835490,0.548120,-1.112635,-1.181292,0.029585,0.007276,-0.012220,0.569070,0.822166,-0.535107,-1.194523,0.009913,0.048271,0.021796,-0.704467,-0.707757,-0.770079,-1.219008,0.916245
261,1.087500,0.028763,0.022431,0.830722,0.555491,-1.107413,-1.180864,0.027969,0.007371,-0.012145,0.569029,0.822195,-0.535120,-1.194523,0.009920,0.048388,0.022292,-0.704478,-0.707723,-0.768428,-1.219073,0.916385
262,1.091667,0.030557,0.019339,0.825398,0.563392,-1.102208,-1.179600,0.027250,0.007485,-0.012135,0.569003,0.822212,-0.535132,-1.194525,0.009920,0.048859,0.022045,-0.704726,-0.707452,-0.766651,-1.219046,0.916698
263,1.095833,0.034155,0.014695,0.821475,0.569031,-1.097498,-1.178523,0.026909,0.007537,-0.012163,0.568952,0.822246,-0.535138,-1.194539,0.009922,0.048867,0.021865,-0.704723,-0.707459,-0.765028,-1.219033,0.916882
264,1.100000,0.022043,-0.001264,0.823491,0.566899,-1.093738,-1.179126,0.024732,0.007573,-0.012198,0.568997,0.822214,-0.535143,-1.194535,0.009926,0.049237,0.020812,-0.704950,-0.707240,-0.763363,-1.218883,0.917200
265,1.104167,0.021392,0.004624,0.822074,0.568960,-1.089927,-1.179310,0.023525,0.007593,-0.012157,0.569025,0.822196,-0.535135,-1.194538,0.009923,0.048604,0.020634,-0.705037,-0.707202,-0.761850,-1.218822,0.917471
266,1.108333,0.025700,0.011681,0.819778,0.571985,-1.085153,-1.179742,0.022616,0.007728,-0.012044,0.569027,0.822195,-0.535130,-1.194544,0.009932,0.047887,0.019668,-0.704961,-0.707354,-0.760276,-1.218804,0.917723
267,1.112500,0.031396,0.019151,0.812744,0.581459,-1.080542,-1.179689,0.020908,0.007936,-0.011895,0.568992,0.822218,-0.535131,-1.194542,0.009941,0.047091,0.018161,-0.704700,-0.707708,-0.758707,-1.218690,0.917948
268,1.116667,0.030057,0.014316,0.808510,0.587540,-1.074112,-1.178353,0.020361,0.008076,-0.011820,0.568943,0.822253,-0.535139,-1.194550,0.009939,0.044556,0.015481,-0.704503,-0.708131,-0.756984,-1.218562,0.918430
269,1.120833,0.040014,0.018311,0.799950,0.598452,-1.067459,-1.176290,0.020408,0.008124,-0.011792,0.568940,0.822254,-0.535150,-1.194558,0.009940,0.045456,0.014174,-0.703807,-0.708794,-0.755507,-1.218186,0.918361
270,1.125000,0.045816,0.021466,0.794551,0.605085,-1.061096,-1.175029,0.020315,0.008164,-0.011786,0.568938,0.822255,-0.535150,-1.194564,0.009946,0.044795,0.013681,-0.703874,-0.708779,-0.754068,-1.218104,0.918669
271,1.129167,0.041272,0.017035,0.790693,0.610582,-1.054693,-1.174418,0.019408,0.008214,-0.011793,0.568911,0.822273,-0.535148,-1.194572,0.009940,0.045717,0.012294,-0.704376,-0.708246,-0.752389,-1.217934,0.919468
272,1.133333,0.042207,0.026604,0.785737,0.616546,-1.048783,-1.174437,0.018667,0.008347,-0.011772,0.568926,0.822262,-0.535138,-1.194579,0.009944,0.045894,0.011031,-0.705037,-0.707598,-0.750720,-1.217820,0.919937
273,1.137500,0.038532,0.021194,0.782294,0.621355,-1.042339,-1.174228,0.017538,0.008513,-0.011628,0.568889,0.822288,-0.535146,-1.194583,0.009957,0.044504,0.010708,-0.704735,-0.707992,-0.749533,-1.217738,0.920083
274,1.141667,0.036814,0.024836,0.781431,0.622410,-1.034329,-1.173260,0.017747,0.008627,-0.011532,0.568843,0.822320,-0.535149,-1.194595,0.009972,0.043873,0.010309,-0.704909,-0.707865,-0.748189,-1.217625,0.920347
275,1.145833,0.035504,0.021908,0.776295,0.628988,-1.027357,-1.171974,0.017183,0.008844,-0.011454,0.568845,0.822318,-0.535150,-1.194609,0.009981,0.043295,0.009167,-0.705145,-0.707681,-0.746836,-1.217551,0.920617
276,1.150000,0.033132,0.024862,0.775603,0.629861,-1.019267,-1.170674,0.016879,0.008988,-0.011367,0.568816,0.822337,-0.535147,-1.194620,0.009992,0.042672,0.008382,-0.705359,-0.707515,-0.745554,-1.217443,0.920913
277,1.154167,0.031684,0.022728,0.770714,0.635987,-1.012146,-1.169635,0.016363,0.009109,-0.011362,0.568869,0.822299,-0.535136,-1.194628,0.009997,0.039638,0.007564,-0.705719,-0.707342,-0.744259,-1.217615,0.921487
278,1.158333,0.030731,0.021531,0.765370,0.642496,-1.004904,-1.168584,0.016026,0.009252,-0.011301,0.568839,0.822319,-0.535127,-1.194639,0.009996,0.038297,0.006994,-0.705823,-0.707318,-0.743114,-1.217582,0.921696
279,1.162500,0.029162,0.018881,0.760844,0.648004,-0.997689,-1.167775,0.015589,0.009420,-0.011215,0.568796,0.822348,-0.535130,-1.194649,0.010005,0.037449,0.005891,-0.705896,-0.707300,-0.742011,-1.217501,0.921973
280,1.166667,0.027735,0.015775,0.755853,0.653963,-0.990464,-1.167082,0.015115,0.009559,-0.011144,0.568794,0.822349,-0.535130,-1.194648,0.010017,0.036538,0.005364,-0.706083,-0.707165,-0.740950,-1.217476,0.922223
281,1.170833,0.026670,0.013588,0.751754,0.658764,-0.983203,-1.166469,0.014765,0.009723,-0.011065,0.568817,0.822332,-0.535120,-1.194663,0.010026,0.038788,0.004883,-0.706008,-0.707124,-0.740008,-1.217134,0.922459
282,1.175000,0.025468,0.010683,0.747975,0.663152,-0.975936,-1.165828,0.014345,0.009919,-0.010956,0.568790,0.822350,-0.535111,-1.194675,0.010037,0.038348,0.004489,-0.706056,-0.707103,-0.738979,-1.216905,0.922820
283,1.179167,0.022818,0.008211,0.743217,0.668611,-0.968876,-1.164887,0.014054,0.010111,-0.010862,0.568802,0.822341,-0.535106,-1.194684,0.010043,0.037747,0.005239,-0.706221,-0.706965,-0.737992,-1.216765,0.923138
284,1.183333,0.021531,0.005767,0.739473,0.672817,-0.961567,-1.164198,0.013720,0.010347,-0.010766,0.568802,0.822339,-0.535095,-1.194699,0.010046,0.037276,0.004751,-0.706258,-0.706957,-0.736932,-1.216679,0.923267
285,1.187500,0.020806,0.003762,0.735479,0.677218,-0.954315,-1.163645,0.013324,0.010400,-0.010772,0.568804,0.822337,-0.535092,-1.194706,0.010056,0.036827,0.004929,-0.706290,-0.706947,-0.735939,-1.216479,0.923458
286,1.191667,0.020982,0.003122,0.731985,0.680990,-0.947042,-1.162906,0.013241,0.010480,-0.010782,0.568788,0.822347,-0.535096,-1.194718,0.010073,0.036553,0.004208,-0.706058,-0.707197,-0.734965,-1.216339,0.923563
287,1.195833,0.020513,0.002828,0.728280,0.684967,-0.940063,-1.162268,0.013228,0.010627,-0.010726,0.568757,0.822367,-0.535097,-1.194732,0.010087,0.032519,0.003831,-0.705930,-0.707524,-0.734013,-1.216461,0.923792
288,1.200000,0.018401,0.000647,0.724025,0.689528,-0.933185,-1.161675,0.013141,0.010862,-0.010612,0.568734,0.822381,-0.535092,-1.194746,0.010093,0.035544,0.003772,-0.705860,-0.707449,-0.733127,-1.215887,0.923903
289,1.204167,0.017253,-0.002280,0.720773,0.692953,-0.926043,-1.161222,0.012872,0.011001,-0.010541,0.568788,0.822343,-0.535078,-1.194757,0.010102,0.035601,0.003858,-0.705882,-0.707424,-0.732220,-1.215642,0.924146
290,1.208333,0.015909,-0.004175,0.717475,0.696390,-0.919143,-1.160641,0.012853,0.011133,-0.010489,0.568789,0.822341,-0.535073,-1.194770,0.010113,0.035531,0.002921,-0.705643,-0.707670,-0.731349,-1.215452,0.924270
291,1.212500,0.014068,-0.006563,0.714452,0.699512,-0.912220,-1.160135,0.012819,0.011219,-0.010448,0.568811,0.822326,-0.535060,-1.194779,0.010117,0.035412,0.002506,-0.705436,-0.707884,-0.730535,-1.215252,0.924393
292,1.216667,0.012934,-0.008664,0.711490,0.702524,-0.905275,-1.159658,0.012777,0.011363,-0.010411,0.568816,0.822320,-0.535061,-1.194788,0.010121,0.032500,0.002941,-0.705408,-0.708049,-0.729674,-1.215155,0.925038
293,1.220833,0.011830,-0.011432,0.708518,0.705501,-0.898357,-1.159158,0.012716,0.011500,-0.010352,0.568843,0.822301,-0.535061,-1.194785,0.010126,0.032469,0.002772,-0.705241,-0.708219,-0.728917,-1.214900,0.925287
294,1.225000,0.010602,-0.013611,0.705514,0.708486,-0.891426,-1.158779,0.012755,0.011557,-0.010365,0.568873,0.822279,-0.535053,-1.194789,0.010128,0.031508,0.001957,-0.704988,-0.708516,-0.728212,-1.214780,0.925338
295,1.229167,0.008750,-0.016304,0.702539,0.711405,-0.884647,-1.158258,0.012838,0.011680,-0.010303,0.568864,0.822284,-0.535052,-1.194802,0.010133,0.031170,0.001605,-0.704832,-0.708687,-0.727506,-1.214528,0.925522
296,1.233333,0.006710,-0.018460,0.699583,0.714281,-0.877835,-1.157777,0.012990,0.011758,-0.010290,0.568884,0.822269,-0.535043,-1.194812,0.010134,0.033880,0.001462,-0.704648,-0.708746,-0.726763,-1.213948,0.925553
297,1.237500,0.005283,-0.020678,0.696490,0.717250,-0.871048,-1.157336,0.013070,0.011774,-0.010204,0.568892,0.822265,-0.535047,-1.194807,0.010143,0.033882,0.001374,-0.704453,-0.708940,-0.726093,-1.213704,0.925672
298,1.241667,0.003339,-0.023416,0.693688,0.719887,-0.864260,-1.156873,0.013190,0.011802,-0.010130,0.568851,0.822293,-0.535043,-1.194813,0.010149,0.033910,0.001335,-0.704239,-0.709152,-0.725385,-1.213431,0.925774
299,1.245833,0.001492,-0.026325,0.690823,0.722543,-0.857554,-1.156422,0.013265,0.011935,-0.010170,0.568704,0.822393,-0.535059,-1.194801,0.010141,0.031738,0.001033,-0.704156,-0.709335,-0.724571,-1.213094,0.926366
300,1.250000,-0.000194,-0.029344,0.688104,0.725019,-0.850869,-1.155981,0.013392,0.012265,-0.010207,0.568597,0.822461,-0.535070,-1.194788,0.010132,0.031349,0.001137,-0.703952,-0.709555,-0.723901,-1.212834,0.926446
301,1.254167,-0.002905,-0.032879,0.685642,0.727190,-0.844190,-1.155524,0.013565,0.012236,-0.010255,0.568683,0.822402,-0.535054,-1.194790,0.010119,0.031025,0.000802,-0.703651,-0.709867,-0.723195,-1.212463,0.926553
302,1.258333,-0.005019,-0.035917,0.683019,0.729500,-0.837671,-1.155008,0.013697,0.012395,-0.010166,0.568708,0.822383,-0.535044,-1.194785,0.010108,0.031324,0.000736,-0.703439,-0.710065,-0.722408,-1.211962,0.926792
303,1.262500,-0.006869,-0.040069,0.680945,0.731205,-0.831159,-1.154528,0.013719,0.012408,-0.010115,0.568723,0.822373,-0.535044,-1.194783,0.010112,0.030944,0.000622,-0.703036,-0.710480,-0.721742,-1.211630,0.926866
304,1.266667,-0.008383,-0.043286,0.678900,0.732906,-0.824802,-1.154065,0.013819,0.012444,-0.010085,0.568685,0.822399,-0.535035,-1.194787,0.010106,0.031079,0.000269,-0.702839,-0.710670,-0.720929,-1.211144,0.927085
305,1.270833,-0.010825,-0.046823,0.677401,0.734043,-0.818516,-1.153479,0.014025,0.012351,-0.010099,0.568636,0.822434,-0.535023,-1.194797,0.010108,0.030864,0.000127,-0.702501,-0.711013,-0.720252,-1.210827,0.927128
306,1.275000,-0.012212,-0.050024,0.675783,0.735300,-0.812446,-1.152946,0.014138,0.012012,-0.010076,0.568479,0.822548,-0.534997,-1.194826,0.010086,0.031030,0.000138,-0.702182,-0.711321,-0.719514,-1.210316,0.927311
307,1.279167,-0.015131,-0.054021,0.674814,0.735852,-0.806405,-1.152403,0.014285,0.012052,-0.010129,0.568424,0.822585,-0.534980,-1.194841,0.010088,0.030781,0.000188,-0.702049,-0.711463,-0.718710,-1.209876,0.927415
308,1.283333,-0.016329,-0.057080,0.673869,0.736461,-0.800603,-1.151742,0.014370,0.012169,-0.010037,0.568610,0.822456,-0.535007,-1.194819,0.010086,0.030210,0.000244,-0.701603,-0.711927,-0.718001,-1.209464,0.927354
309,1.287500,-0.017562,-0.059832,0.673113,0.736907,-0.794917,-1.151039,0.014446,0.012279,-0.009937,0.568642,0.822434,-0.535012,-1.194819,0.010081,0.030467,0.000291,-0.701309,-0.712206,-0.717184,-1.208892,0.927505
310,1.291667,-0.018870,-0.062770,0.672577,0.737119,-0.789427,-1.150285,0.014514,0.012311,-0.009908,0.568680,0.822407,-0.535012,-1.194820,0.010083,0.030321,0.000490,-0.700878,-0.712636,-0.716450,-1.208461,0.927460
311,1.295833,-0.020317,-0.064962,0.672045,0.737376,-0.784125,-1.149496,0.014590,0.012338,-0.009860,0.568691,0.822399,-0.535003,-1.194830,0.010080,0.030045,0.001068,-0.700490,-0.713029,-0.715702,-1.207951,0.927435
312,1.300000,-0.021073,-0.066355,0.671630,0.737608,-0.779033,-1.148600,0.014577,0.012469,-0.009840,0.568694,0.822396,-0.535000,-1.194835,0.010083,0.029924,0.001265,-0.700050,-0.713466,-0.714952,-1.207350,0.927445
313,1.304167,-0.022092,-0.068083,0.671609,0.737441,-0.774141,-1.147617,0.014650,0.012485,-0.009804,0.568711,0.822384,-0.534992,-1.194842,0.010078,0.030090,0.002090,-0.699825,-0.713677,-0.714185,-1.206683,0.927555
314,1.308333,-0.021619,-0.069425,0.670936,0.737942,-0.769563,-1.146633,0.014534,0.012544,-0.009748,0.568732,0.822369,-0.534992,-1.194848,0.010073,0.029920,0.002596,-0.699466,-0.714035,-0.713452,-1.206102,0.927541
315,1.312500,-0.021793,-0.069691,0.672916,0.736107,-0.764455,-1.145941,0.014553,0.012725,-0.009697,0.568771,0.822340,-0.534983,-1.194863,0.010070,0.029744,0.002931,-0.698941,-0.714555,-0.712706,-1.205532,0.927446
316,1.316667,-0.027246,-0.071180,0.675297,0.733597,-0.760319,-1.144326,0.014986,0.012817,-0.009694,0.568797,0.822321,-0.534972,-1.194860,0.010073,0.029942,0.003403,-0.698651,-0.714827,-0.711896,-1.204900,0.927397
317,1.320833,-0.027919,-0.070772,0.675051,0.733837,-0.756460,-1.143196,0.014904,0.012829,-0.009715,0.568794,0.822323,-0.534953,-1.194855,0.010062,0.029848,0.003904,-0.698427,-0.715048,-0.711087,-1.204268,0.927374
318,1.325000,-0.027526,-0.069931,0.674539,0.734404,-0.752815,-1.142000,0.014601,0.012950,-0.009706,0.568798,0.822318,-0.534918,-1.194817,0.010045,0.030535,0.004378,-0.698140,-0.715296,-0.710344,-1.203620,0.927303
319,1.329167,-0.026372,-0.067109,0.673730,0.735452,-0.749549,-1.140934,0.014255,0.013015,-0.009667,0.568825,0.822299,-0.534896,-1.194816,0.010028,0.030610,0.004707,-0.697762,-0.715660,-0.709566,-1.202971,0.927233
320,1.333333,-0.024814,-0.063104,0.672647,0.736851,-0.746653,-1.139899,0.013774,0.013250,-0.009553,0.568794,0.822318,-0.534911,-1.194862,0.010038,0.031040,0.005322,-0.697718,-0.715680,-0.708704,-1.202272,0.927215
321,1.337500,-0.018038,-0.056400,0.668917,0.740975,-0.744178,-1.139252,0.012715,0.013524,-0.009455,0.568819,0.822297,-0.534917,-1.194903,0.010050,0.031420,0.006133,-0.697410,-0.715957,-0.707912,-1.201648,0.927119
322,1.341667,-0.017751,-0.051760,0.667162,0.742900,-0.742112,-1.138418,0.012047,0.013729,-0.009311,0.568857,0.822269,-0.534925,-1.194957,0.010057,0.031975,0.006806,-0.697028,-0.716298,-0.707130,-1.200903,0.927099
323,1.345833,-0.016163,-0.046375,0.665734,0.744571,-0.740523,-1.137889,0.011435,0.013936,-0.009228,0.568925,0.822220,-0.534922,-1.194981,0.010067,0.032400,0.007960,-0.696678,-0.716607,-0.706382,-1.200226,0.927039
324,1.350000,-0.015324,-0.041026,0.664672,0.745851,-0.739422,-1.137504,0.010837,0.014045,-0.009204,0.568991,0.822172,-0.534927,-1.195007,0.010082,0.033008,0.008961,-0.696497,-0.716744,-0.705550,-1.199488,0.926965
325,1.354167,-0.014530,-0.035706,0.664030,0.746712,-0.738802,-1.137355,0.010201,0.014245,-0.009109,0.569047,0.822131,-0.534936,-1.195025,0.010082,0.033693,0.009624,-0.695992,-0.717194,-0.704737,-1.198811,0.926822
326,1.358333,-0.014072,-0.031394,0.664197,0.746766,-0.738684,-1.137284,0.009619,0.014366,-0.009068,0.569107,0.822088,-0.534935,-1.195044,0.010086,0.034467,0.010312,-0.695538,-0.717588,-0.703915,-1.198091,0.926675
327,1.362500,-0.014221,-0.028991,0.665111,0.746046,-0.739010,-1.137263,0.009107,0.014409,-0.009080,0.569139,0.822065,-0.534950,-1.195072,0.010088,0.035191,0.011172,-0.695111,-0.717954,-0.703077,-1.197399,0.926561
328,1.366667,-0.015570,-0.029520,0.666789,0.744499,-0.739727,-1.137297,0.008658,0.014505,-0.009044,0.569177,0.822037,-0.534969,-1.195096,0.010092,0.035999,0.011937,-0.694758,-0.718243,-0.702210,-1.196700,0.926454
329,1.370833,-0.017553,-0.030921,0.669021,0.742393,-0.740733,-1.137307,0.008353,0.014570,-0.008992,0.569193,0.822026,-0.534992,-1.195120,0.010096,0.036717,0.012669,-0.694183,-0.718750,-0.701345,-1.196027,0.926333
330,1.375000,-0.020206,-0.032896,0.670638,0.740780,-0.741668,-1.137385,0.007992,0.014720,-0.008923,0.569239,0.821992,-0.535011,-1.195149,0.010108,0.037819,0.013355,-0.693718,-0.719129,-0.700428,-1.195323,0.926248
331,1.379167,-0.022493,-0.034352,0.671489,0.739876,-0.742404,-1.137403,0.007583,0.014868,-0.008821,0.569291,0.821954,-0.535039,-1.195177,0.010113,0.038944,0.014018,-0.692948,-0.719799,-0.699450,-1.194509,0.926106
332,1.383333,-0.024137,-0.035432,0.671326,0.739921,-0.742807,-1.137288,0.007250,0.015006,-0.008751,0.569333,0.821924,-0.535062,-1.195208,0.010136,0.039590,0.014720,-0.692493,-0.720187,-0.698547,-1.193735,0.926002
333,1.387500,-0.024851,-0.036249,0.670474,0.740630,-0.743015,-1.137259,0.007120,0.015296,-0.008617,0.569358,0.821902,-0.535082,-1.195248,0.010155,0.040434,0.015292,-0.691809,-0.720786,-0.697596,-1.193051,0.925875
334,1.391667,-0.026480,-0.038601,0.668768,0.741996,-0.743007,-1.137300,0.007093,0.015591,-0.008446,0.569404,0.821867,-0.535110,-1.195285,0.010181,0.041194,0.015731,-0.691171,-0.721345,-0.696582,-1.192388,0.925726
335,1.395833,-0.028205,-0.040584,0.667496,0.742971,-0.743063,-1.137426,0.006994,0.016016,-0.008312,0.569466,0.821817,-0.535114,-1.195305,0.010179,0.041759,0.016007,-0.690479,-0.721969,-0.695566,-1.191775,0.925640
336,1.400000,-0.029307,-0.041764,0.667427,0.742926,-0.743393,-1.137475,0.006903,0.016440,-0.008141,0.569523,0.821771,-0.535132,-1.195347,0.010211,0.042234,0.016658,-0.689759,-0.722614,-0.694572,-1.191150,0.925590
337,1.404167,-0.030387,-0.042602,0.668123,0.742208,-0.743953,-1.137465,0.006813,0.016842,-0.007882,0.569540,0.821753,-0.535158,-1.195402,0.010264,0.042923,0.017070,-0.689081,-0.723211,-0.693550,-1.190592,0.925571
338,1.408333,-0.030914,-0.042267,0.669387,0.741066,-0.744653,-1.137404,0.006604,0.017238,-0.007472,0.569568,0.821729,-0.535174,-1.195454,0.010296,0.043682,0.017022,-0.688197,-0.724008,-0.692558,-1.190041,0.925513
339,1.412500,-0.031929,-0.042300,0.670126,0.740353,-0.745178,-1.137267,0.006393,0.017795,-0.006905,0.569617,0.821689,-0.535175,-1.195506,0.010354,0.043784,0.017135,-0.687513,-0.724648,-0.691583,-1.189456,0.925622
340,1.416667,-0.033463,-0.043345,0.669593,0.740707,-0.745375,-1.137193,0.006270,0.018826,-0.006172,0.569657,0.821644,-0.535149,-1.195549,0.010427,0.043648,0.017667,-0.686675,-0.725438,-0.690552,-1.188883,0.925654
341,1.420833,-0.034477,-0.044506,0.668670,0.741425,-0.745432,-1.137169,0.006222,0.019955,-0.005317,0.569713,0.821584,-0.535100,-1.195594,0.010522,0.043558,0.018185,-0.686063,-0.726009,-0.689598,-1.188387,0.925742
342,1.425000,-0.035191,-0.045571,0.667620,0.742272,-0.745391,-1.137189,0.006175,0.020993,-0.004293,0.569742,0.821544,-0.535028,-1.195628,0.010642,0.042893,0.018701,-0.685442,-0.726622,-0.688671,-1.187816,0.925992
343,1.429167,-0.035969,-0.046740,0.666893,0.742816,-0.745402,-1.137294,0.006170,0.022171,-0.003215,0.569793,0.821483,-0.534920,-1.195651,0.010768,0.042942,0.018378,-0.684684,-0.727342,-0.687808,-1.187466,0.926051
344,1.433333,-0.035928,-0.046648,0.667108,0.742631,-0.745540,-1.137418,0.006107,0.023504,-0.001727,0.569691,0.821521,-0.534777,-1.195662,0.010944,0.042610,0.018050,-0.683882,-0.728123,-0.686962,-1.187117,0.926184
345,1.437500,-0.034907,-0.045529,0.667686,0.742229,-0.745736,-1.137576,0.006033,0.024979,-0.000259,0.569592,0.821548,-0.534600,-1.195650,0.011166,0.042195,0.017521,-0.683059,-0.728933,-0.686100,-1.186691,0.926423
346,1.441667,-0.033920,-0.044233,0.668215,0.741877,-0.745805,-1.137597,0.005941,0.026114,0.001389,0.569367,0.821667,-0.534386,-1.195618,0.011419,0.041788,0.016751,-0.682214,-0.729765,-0.685325,-1.186322,0.926592
347,1.445833,-0.032997,-0.043171,0.668590,0.741644,-0.745779,-1.137477,0.005899,0.027374,0.003431,0.569054,0.821837,-0.534140,-1.195542,0.011739,0.041165,0.015872,-0.681387,-0.730593,-0.684544,-1.185969,0.926800
348,1.450000,-0.033353,-0.043051,0.668510,0.741707,-0.745605,-1.137443,0.005838,0.028296,0.005600,0.568759,0.821998,-0.533844,-1.195453,0.012088,0.041005,0.014906,-0.680599,-0.731356,-0.683838,-1.185655,0.926952
349,1.454167,-0.033199,-0.042583,0.668379,0.741859,-0.745437,-1.137445,0.005804,0.029619,0.008208,0.568341,0.822219,-0.533494,-1.195318,0.012507,0.040814,0.013941,-0.679819,-0.732110,-0.683191,-1.185397,0.927003
350,1.458333,-0.032642,-0.041838,0.668453,0.741859,-0.745331,-1.137467,0.005785,0.030625,0.011309,0.568017,0.822369,-0.533128,-1.195165,0.012929,0.040497,0.013037,-0.679095,-0.732817,-0.682523,-1.185173,0.927027
351,1.462500,-0.031427,-0.040700,0.668929,0.741545,-0.745332,-1.137502,0.005796,0.031486,0.014907,0.567641,0.822539,-0.532734,-1.195021,0.013445,0.040177,0.012570,-0.678280,-0.733597,-0.681929,-1.184917,0.927048
352,1.466667,-0.030087,-0.039407,0.669547,0.741113,-0.745349,-1.137518,0.005784,0.032422,0.018898,0.567269,0.822677,-0.532318,-1.194857,0.014020,0.039967,0.011078,-0.677513,-0.734341,-0.681281,-1.184629,0.927087
353,1.470833,-0.029383,-0.038484,0.669926,0.740847,-0.745341,-1.137522,0.005749,0.033285,0.022967,0.566941,0.822765,-0.531870,-1.194681,0.014611,0.039947,0.010066,-0.676684,-0.735121,-0.680664,-1.184395,0.926974
354,1.475000,-0.029698,-0.038237,0.669997,0.740784,-0.745244,-1.137523,0.005679,0.034708,0.026910,0.566586,0.822831,-0.531371,-1.194441,0.015210,0.039827,0.009645,-0.676000,-0.735761,-0.680050,-1.184152,0.926815
355,1.479167,-0.029595,-0.037846,0.669932,0.740866,-0.745142,-1.137512,0.005629,0.036083,0.031474,0.566253,0.822840,-0.530819,-1.194199,0.015915,0.039506,0.009277,-0.675314,-0.736413,-0.679379,-1.183885,0.926794
356,1.483333,-0.029111,-0.037156,0.669866,0.740980,-0.745058,-1.137498,0.005612,0.037399,0.036176,0.565748,0.822935,-0.530243,-1.193949,0.016648,0.039163,0.009471,-0.674564,-0.737116,-0.678732,-1.183618,0.926651
357,1.487500,-0.028640,-0.036589,0.669877,0.741017,-0.745006,-1.137504,0.005601,0.038818,0.041183,0.565263,0.822967,-0.529629,-1.193712,0.017467,0.038957,0.009734,-0.673851,-0.737776,-0.678082,-1.183304,0.926556
358,1.491667,-0.028220,-0.036161,0.670035,0.740911,-0.745002,-1.137522,0.005596,0.040446,0.046370,0.564665,0.823024,-0.528986,-1.193491,0.018383,0.038903,0.009650,-0.673075,-0.738488,-0.677365,-1.182953,0.926382
359,1.495833,-0.027929,-0.035732,0.670231,0.740765,-0.745025,-1.137528,0.005579,0.042335,0.051596,0.564072,0.823024,-0.528288,-1.193292,0.019330,0.039048,0.009357,-0.672396,-0.739102,-0.676597,-1.182559,0.926172
360,1.500000,-0.027800,-0.035475,0.670329,0.740694,-0.745034,-1.137518,0.005555,0.044185,0.057022,0.563425,0.823012,-0.527525,-1.193108,0.020344,0.039399,0.009270,-0.671507,-0.739892,-0.675872,-1.182184,0.925912
361,1.504167,-0.027848,-0.035395,0.670303,0.740720,-0.745012,-1.137498,0.005532,0.045628,0.062198,0.562715,0.823044,-0.526679,-1.192966,0.021381,0.039550,0.009533,-0.670676,-0.740634,-0.675085,-1.181872,0.925628
362,1.508333,-0.027870,-0.035236,0.670227,0.740795,-0.744990,-1.137486,0.005517,0.046591,0.067596,0.561771,0.823209,-0.525741,-1.192848,0.022403,0.039174,0.009965,-0.669627,-0.741597,-0.674278,-1.181534,0.925401
363,1.512500,-0.027779,-0.035141,0.670200,0.740828,-0.744967,-1.137487,0.005514,0.047531,0.073218,0.560700,0.823405,-0.524650,-1.192689,0.023387,0.039446,0.009956,-0.668718,-0.742402,-0.673402,-1.181145,0.925223
364,1.516667,-0.027603,-0.034852,0.670191,0.740856,-0.744950,-1.137493,0.005512,0.048445,0.078660,0.559502,0.823664,-0.523472,-1.192496,0.024439,0.039873,0.010504,-0.667915,-0.743094,-0.672563,-1.180721,0.925121
365,1.520833,-0.027458,-0.034226,0.669935,0.741122,-0.744942,-1.137620,0.005466,0.049122,0.083856,0.558042,0.824102,-0.522055,-1.192280,0.025473,0.040192,0.010931,-0.666943,-0.743944,-0.671701,-1.180320,0.925005
366,1.525000,-0.027490,-0.034247,0.669918,0.741136,-0.744933,-1.137622,0.005476,0.049259,0.088534,0.556600,0.824579,-0.520516,-1.192081,0.026499,0.040241,0.011456,-0.666146,-0.744647,-0.670803,-1.179890,0.925039
367,1.529167,-0.027451,-0.034196,0.669945,0.741114,-0.744934,-1.137606,0.005459,0.048274,0.092376,0.555060,0.825254,-0.518796,-1.191920,0.027613,0.040926,0.011824,-0.665266,-0.745390,-0.669913,-1.179506,0.924917
368,1.533333,-0.027473,-0.034064,0.669978,0.741090,-0.744946,-1.137601,0.005445,0.046937,0.096106,0.553407,0.826015,-0.516978,-1.191713,0.028629,0.041392,0.012000,-0.664447,-0.746092,-0.669004,-1.179143,0.924846
369,1.537500,-0.027465,-0.033982,0.670053,0.741026,-0.744963,-1.137604,0.005437,0.045195,0.099576,0.551357,0.827072,-0.514929,-1.191499,0.029592,0.041833,0.012542,-0.663730,-0.746696,-0.668108,-1.178719,0.924868
370,1.541667,-0.028328,-0.034527,0.669642,0.741340,-0.744938,-1.137738,0.005478,0.043047,0.102564,0.549232,0.828234,-0.512721,-1.191204,0.030598,0.042040,0.012574,-0.663071,-0.747269,-0.667192,-1.178283,0.924935
371,1.545833,-0.028289,-0.034691,0.669617,0.741357,-0.744906,-1.137782,0.005475,0.039824,0.105484,0.547125,0.829422,-0.510334,-1.190796,0.031412,0.042098,0.012880,-0.662388,-0.747866,-0.666344,-1.177875,0.924951
372,1.550000,-0.026869,-0.033333,0.669667,0.741426,-0.744964,-1.137845,0.005364,0.037558,0.107526,0.544733,0.830839,-0.507746,-1.190475,0.032427,0.042237,0.013491,-0.661826,-0.748345,-0.665407,-1.177418,0.925136
373,1.554167,-0.026827,-0.033029,0.669708,0.741404,-0.744927,-1.137874,0.005254,0.034390,0.109358,0.542494,0.832201,-0.504974,-1.190108,0.033301,0.042751,0.013693,-0.661302,-0.748775,-0.664523,-1.177000,0.925146
374,1.558333,-0.027233,-0.032246,0.670121,0.741051,-0.744860,-1.137773,0.005225,0.031075,0.110866,0.540202,0.833622,-0.501985,-1.189702,0.034165,0.042892,0.013967,-0.660673,-0.749317,-0.663627,-1.176476,0.925325
375,1.562500,-0.027392,-0.032480,0.670277,0.740894,-0.744870,-1.137726,0.005251,0.027503,0.111177,0.537489,0.835458,-0.498860,-1.189316,0.035143,0.043466,0.014260,-0.660232,-0.749667,-0.662715,-1.176053,0.925403
376,1.566667,-0.027514,-0.032667,0.670406,0.740764,-0.744888,-1.137694,0.005295,0.024430,0.111037,0.534943,0.837204,-0.495540,-1.188857,0.036112,0.043424,0.014763,-0.659847,-0.749999,-0.661849,-1.175591,0.925509
377,1.570833,-0.027364,-0.032594,0.670620,0.740579,-0.744889,-1.137661,0.005296,0.022111,0.110199,0.532626,0.838854,-0.492039,-1.188336,0.037050,0.043478,0.015187,-0.659436,-0.750349,-0.660957,-1.175120,0.925647
378,1.575000,-0.027230,-0.032047,0.670692,0.740543,-0.744886,-1.137678,0.005254,0.019334,0.109746,0.530607,0.840261,-0.488431,-1.187711,0.037896,0.043613,0.015418,-0.659108,-0.750624,-0.660024,-1.174638,0.925790
379,1.579167,-0.027385,-0.031967,0.670650,0.740579,-0.744838,-1.137653,0.005260,0.016449,0.109237,0.528341,0.841815,-0.484696,-1.187050,0.038736,0.043835,0.015694,-0.658787,-0.750888,-0.659104,-1.174175,0.925833
380,1.583333,-0.027524,-0.031909,0.670573,0.740646,-0.744806,-1.137642,0.005271,0.011352,0.106538,0.524528,0.844625,-0.480435,-1.186614,0.039715,0.043878,0.015888,-0.658453,-0.751173,-0.658139,-1.173698,0.925928
381,1.587500,-0.027565,-0.031907,0.670593,0.740626,-0.744799,-1.137643,0.005285,0.006704,0.104946,0.521235,0.846909,-0.476262,-1.186012,0.040530,0.044306,0.016327,-0.658211,-0.751352,-0.657203,-1.173231,0.926022
382,1.591667,-0.027391,-0.031848,0.670738,0.740504,-0.744824,-1.137654,0.005277,0.002958,0.103039,0.518757,0.848684,-0.471974,-1.185301,0.041245,0.044322,0.017062,-0.657980,-0.751536,-0.656290,-1.172734,0.926166
383,1.595833,-0.027342,-0.031735,0.670881,0.740381,-0.744847,-1.137654,0.005287,-0.000989,0.101065,0.516214,0.850475,-0.467553,-1.184441,0.041911,0.044237,0.017395,-0.657834,-0.751661,-0.655303,-1.172207,0.926299
384,1.600000,-0.027647,-0.032160,0.670896,0.740338,-0.744862,-1.137667,0.005321,-0.004761,0.098703,0.513839,0.852177,-0.462977,-1.183555,0.042510,0.044682,0.017914,-0.657621,-0.751809,-0.654371,-1.171727,0.926331
385,1.604167,-0.026244,-0.031662,0.671455,0.739903,-0.744821,-1.137580,0.005215,-0.008174,0.096206,0.511513,0.853834,-0.458267,-1.182670,0.042997,0.044638,0.018219,-0.657371,-0.752023,-0.653373,-1.171170,0.926437
386,1.608333,-0.024268,-0.031112,0.672068,0.739437,-0.744744,-1.137479,0.005088,-0.011197,0.093980,0.509348,0.855341,-0.453456,-1.181713,0.043455,0.045279,0.018547,-0.657261,-0.752073,-0.652385,-1.170667,0.926418
387,1.612500,-0.024100,-0.030896,0.672044,0.739474,-0.744727,-1.137467,0.005100,-0.013572,0.091681,0.505690,0.857723,-0.448253,-1.181097,0.043988,0.045601,0.018955,-0.657109,-0.752177,-0.651421,-1.170100,0.926461
388,1.616667,-0.024061,-0.030671,0.672084,0.739448,-0.744712,-1.137468,0.005097,-0.015538,0.088725,0.502847,0.859669,-0.443032,-1.180184,0.044531,0.045532,0.019409,-0.657015,-0.752251,-0.650392,-1.169521,0.926561
389,1.620833,-0.024041,-0.030521,0.672164,0.739382,-0.744724,-1.137479,0.005089,-0.018090,0.085531,0.500812,0.861130,-0.437790,-1.179150,0.044967,0.045987,0.020063,-0.656855,-0.752346,-0.649394,-1.168990,0.926552
390,1.625000,-0.023859,-0.030410,0.672284,0.739284,-0.744746,-1.137490,0.005105,-0.021295,0.083384,0.498810,0.862428,-0.432622,-1.178100,0.045236,0.046192,0.020773,-0.656690,-0.752458,-0.648349,-1.168411,0.926690
391,1.629167,-0.023611,-0.030206,0.672399,0.739195,-0.744758,-1.137501,0.005109,-0.024558,0.080812,0.497029,0.863614,-0.427241,-1.176948,0.045416,0.046945,0.021170,-0.656642,-0.752442,-0.647289,-1.167832,0.926641
392,1.633333,-0.023544,-0.030052,0.672418,0.739187,-0.744749,-1.137507,0.005106,-0.027148,0.078233,0.495314,0.864758,-0.421799,-1.175749,0.045619,0.047440,0.021881,-0.656592,-0.752434,-0.646230,-1.167233,0.926664
393,1.637500,-0.023523,-0.029932,0.672410,0.739199,-0.744723,-1.137505,0.005098,-0.030047,0.075701,0.493772,0.865769,-0.416244,-1.174517,0.045684,0.047477,0.022236,-0.656362,-0.752622,-0.645155,-1.166644,0.926717
394,1.641667,-0.023387,-0.029668,0.672426,0.739199,-0.744701,-1.137508,0.005097,-0.033959,0.073052,0.492395,0.866636,-0.410623,-1.173239,0.045796,0.047971,0.022986,-0.656324,-0.752602,-0.644085,-1.166029,0.926751
395,1.645833,-0.023286,-0.029453,0.672499,0.739145,-0.744679,-1.137509,0.005096,-0.036030,0.070963,0.491177,0.867416,-0.404914,-1.171914,0.045791,0.048268,0.023355,-0.656319,-0.752576,-0.642988,-1.165400,0.926749
396,1.650000,-0.023203,-0.029332,0.672590,0.739070,-0.744679,-1.137515,0.005106,-0.038271,0.068594,0.490038,0.868155,-0.399118,-1.170600,0.045788,0.048764,0.024012,-0.656278,-0.752559,-0.641852,-1.164776,0.926781
397,1.654167,-0.023106,-0.029193,0.672684,0.738993,-0.744671,-1.137522,0.005103,-0.042614,0.067156,0.488570,0.868892,-0.393510,-1.169220,0.045736,0.049533,0.024477,-0.656188,-0.752572,-0.640734,-1.164182,0.926735
398,1.658333,-0.023000,-0.028902,0.672790,0.738911,-0.744668,-1.137527,0.005097,-0.045958,0.064923,0.487580,0.869447,-0.387613,-1.167712,0.045637,0.050038,0.024923,-0.656219,-0.752497,-0.639565,-1.163539,0.926719
399,1.662500,-0.022837,-0.028673,0.672865,0.738856,-0.744657,-1.137535,0.005090,-0.048737,0.062486,0.486784,0.869920,-0.381781,-1.166159,0.045439,0.050702,0.025839,-0.656256,-0.752390,-0.638416,-1.162900,0.926763
400,1.666667,-0.022693,-0.028506,0.672978,0.738764,-0.744643,-1.137544,0.005087,-0.050119,0.060756,0.485876,0.870472,-0.375715,-1.164617,0.045287,0.051438,0.026572,-0.656248,-0.752321,-0.637262,-1.162298,0.926748
401,1.670833,-0.022638,-0.028314,0.673036,0.738721,-0.744614,-1.137551,0.005087,-0.052934,0.058165,0.485302,0.870802,-0.369701,-1.162999,0.045065,0.051764,0.027129,-0.656337,-0.752201,-0.636083,-1.161663,0.926746
402,1.675000,-0.022360,-0.027973,0.673147,0.738641,-0.744591,-1.137563,0.005076,-0.054740,0.056191,0.484350,0.871350,-0.363539,-1.161389,0.044863,0.052331,0.027531,-0.656407,-0.752086,-0.634871,-1.161029,0.926716
403,1.679167,-0.022202,-0.027712,0.673229,0.738581,-0.744577,-1.137575,0.005078,-0.057600,0.053614,0.483809,0.871629,-0.357432,-1.159705,0.044582,0.052757,0.027602,-0.656442,-0.752023,-0.633704,-1.160439,0.926642
404,1.683333,-0.021951,-0.027435,0.673382,0.738459,-0.744567,-1.137578,0.005076,-0.059375,0.051249,0.483253,0.871960,-0.351296,-1.157965,0.044395,0.053151,0.027542,-0.656573,-0.751883,-0.632434,-1.159787,0.926611
405,1.687500,-0.022073,-0.027681,0.673216,0.738598,-0.744555,-1.137701,0.005089,-0.060945,0.048856,0.482746,0.872270,-0.345043,-1.156211,0.044190,0.053792,0.027848,-0.656705,-0.751711,-0.631244,-1.159166,0.926641
406,1.691667,-0.021868,-0.027242,0.673397,0.738456,-0.744532,-1.137699,0.005072,-0.062291,0.046423,0.482023,0.872708,-0.338795,-1.154478,0.044005,0.054163,0.027796,-0.656944,-0.751477,-0.630013,-1.158515,0.926643
407,1.695833,-0.021394,-0.026445,0.673736,0.738189,-0.744529,-1.137617,0.005047,-0.063570,0.043984,0.481651,0.872947,-0.332515,-1.152642,0.043812,0.054814,0.027791,-0.657129,-0.751269,-0.628766,-1.157827,0.926663
408,1.700000,-0.021355,-0.026526,0.673819,0.738112,-0.744523,-1.137626,0.005068,-0.065335,0.041409,0.481197,0.873193,-0.326211,-1.150805,0.043618,0.055036,0.027562,-0.657391,-0.751031,-0.627477,-1.157199,0.926712
409,1.704167,-0.021230,-0.026468,0.673862,0.738078,-0.744503,-1.137637,0.005076,-0.066355,0.039089,0.480704,0.873495,-0.319871,-1.148944,0.043478,0.055682,0.027696,-0.657696,-0.750712,-0.626224,-1.156568,0.926683
410,1.708333,-0.021058,-0.026164,0.673916,0.738045,-0.744474,-1.137651,0.005066,-0.066394,0.037310,0.480374,0.873751,-0.313578,-1.147056,0.043333,0.055441,0.027118,-0.657991,-0.750493,-0.624921,-1.155905,0.926715
411,1.712500,-0.021014,-0.026051,0.674011,0.737963,-0.744455,-1.137646,0.005082,-0.066532,0.035739,0.480162,0.873922,-0.307217,-1.145198,0.043247,0.055629,0.026705,-0.658350,-0.750178,-0.623633,-1.155304,0.926702
412,1.716667,-0.020089,-0.025245,0.674148,0.737891,-0.744482,-1.137621,0.005121,-0.066557,0.033814,0.479826,0.874182,-0.300903,-1.143238,0.043154,0.055539,0.026797,-0.658716,-0.749861,-0.622327,-1.154649,0.926779
413,1.720833,-0.019157,-0.024631,0.674345,0.737757,-0.744498,-1.137578,0.005180,-0.067534,0.032386,0.479474,0.874354,-0.294479,-1.141302,0.042924,0.055796,0.026547,-0.659152,-0.749467,-0.621028,-1.153999,0.926827
414,1.725000,-0.018696,-0.024336,0.674635,0.737514,-0.744481,-1.137513,0.005236,-0.068512,0.031035,0.479110,0.874527,-0.288108,-1.139370,0.042790,0.056681,0.026872,-0.659555,-0.749034,-0.619690,-1.153388,0.926836
415,1.729167,-0.018482,-0.023999,0.674736,0.737438,-0.744453,-1.137508,0.005243,-0.069477,0.030067,0.478681,0.874719,-0.281720,-1.137435,0.042533,0.056423,0.025657,-0.659785,-0.748893,-0.618357,-1.152831,0.926591
416,1.733333,-0.018433,-0.023783,0.674801,0.737386,-0.744424,-1.137492,0.005245,-0.070686,0.029392,0.478330,0.874837,-0.275337,-1.135477,0.042308,0.056589,0.025570,-0.660365,-0.748373,-0.616943,-1.152182,0.926659
417,1.737500,-0.018427,-0.023521,0.674842,0.737357,-0.744403,-1.137499,0.005237,-0.071987,0.028479,0.477907,0.874992,-0.268992,-1.133514,0.042119,0.056942,0.025159,-0.660620,-0.748135,-0.615577,-1.151645,0.926484
418,1.741667,-0.018449,-0.023425,0.674899,0.737307,-0.744386,-1.137504,0.005235,-0.073663,0.027978,0.477529,0.875075,-0.262586,-1.131555,0.041878,0.057523,0.025992,-0.661252,-0.747504,-0.614169,-1.150989,0.926561
419,1.745833,-0.018340,-0.023066,0.674978,0.737250,-0.744373,-1.137500,0.005229,-0.073877,0.027687,0.477492,0.875087,-0.256281,-1.129547,0.041738,0.057219,0.024654,-0.661376,-0.747463,-0.612735,-1.150462,0.926158
420,1.750000,-0.018207,-0.022821,0.675092,0.737156,-0.744373,-1.137497,0.005222,-0.076132,0.027425,0.477159,0.875084,-0.249966,-1.127604,0.041520,0.057597,0.024310,-0.661821,-0.747050,-0.611286,-1.149934,0.925919
421,1.754167,-0.017944,-0.022331,0.675223,0.737057,-0.744367,-1.137490,0.005220,-0.076923,0.027686,0.477159,0.875006,-0.243670,-1.125644,0.041342,0.057690,0.023957,-0.662145,-0.746767,-0.609803,-1.149375,0.925739
422,1.758333,-0.017815,-0.021648,0.675269,0.737038,-0.744339,-1.137496,0.005171,-0.076910,0.027412,0.477215,0.874985,-0.237479,-1.123631,0.041207,0.058168,0.024170,-0.662489,-0.746418,-0.608337,-1.148812,0.925512
423,1.762500,-0.017624,-0.021075,0.675344,0.736991,-0.744315,-1.137465,0.005141,-0.079269,0.027955,0.477253,0.874737,-0.231227,-1.121701,0.041068,0.057857,0.023030,-0.662711,-0.746282,-0.606834,-1.148307,0.925143
424,1.766667,-0.017555,-0.020702,0.675392,0.736960,-0.744297,-1.137451,0.005142,-0.080492,0.028031,0.477334,0.874578,-0.225070,-1.119723,0.040974,0.058042,0.022880,-0.663108,-0.745919,-0.605273,-1.147742,0.924876
425,1.770833,-0.017476,-0.020393,0.675452,0.736915,-0.744276,-1.137432,0.005149,-0.081658,0.028606,0.477717,0.874243,-0.218940,-1.117739,0.040858,0.058274,0.022018,-0.663335,-0.745725,-0.603729,-1.147232,0.924463
426,1.775000,-0.017367,-0.020097,0.675558,0.736828,-0.744262,-1.137424,0.005158,-0.082176,0.029243,0.478038,0.873997,-0.212891,-1.115789,0.040769,0.058391,0.021949,-0.663698,-0.745395,-0.602152,-1.146735,0.924223
427,1.779167,-0.017214,-0.019625,0.675638,0.736771,-0.744242,-1.137401,0.005159,-0.083358,0.029727,0.478425,0.873657,-0.206905,-1.113836,0.040675,0.058380,0.020961,-0.663987,-0.745167,-0.600533,-1.146211,0.923811
428,1.783333,-0.017067,-0.019192,0.675771,0.736664,-0.744233,-1.137386,0.005158,-0.084452,0.030407,0.478929,0.873253,-0.200957,-1.111874,0.040593,0.059017,0.020924,-0.664360,-0.744785,-0.598897,-1.145709,0.923436
429,1.787500,-0.016930,-0.018683,0.675865,0.736594,-0.744224,-1.137360,0.005153,-0.084853,0.031310,0.479611,0.872808,-0.195080,-1.109929,0.040575,0.058526,0.019996,-0.664643,-0.744597,-0.597243,-1.145202,0.923116
430,1.791667,-0.016689,-0.018098,0.675996,0.736494,-0.744210,-1.137326,0.005155,-0.086877,0.031854,0.480074,0.872334,-0.189262,-1.108033,0.040520,0.059170,0.019690,-0.664997,-0.744238,-0.595549,-1.144686,0.922737
431,1.795833,-0.016516,-0.017614,0.676093,0.736420,-0.744193,-1.137290,0.005138,-0.087118,0.032908,0.481030,0.871744,-0.183533,-1.106106,0.040564,0.059654,0.019052,-0.665409,-0.743848,-0.593826,-1.144181,0.922265
432,1.800000,-0.016501,-0.017222,0.676177,0.736353,-0.744175,-1.137267,0.005138,-0.087119,0.033734,0.481817,0.871277,-0.177871,-1.104145,0.040581,0.059273,0.018447,-0.665695,-0.743638,-0.592116,-1.143668,0.921886
433,1.804167,-0.016359,-0.016730,0.676307,0.736248,-0.744169,-1.137235,0.005125,-0.089787,0.034405,0.482773,0.870451,-0.172178,-1.102278,0.040608,0.059314,0.017739,-0.665992,-0.743385,-0.590374,-1.143188,0.921445
434,1.808333,-0.016330,-0.016337,0.676378,0.736192,-0.744159,-1.137209,0.005125,-0.091730,0.035185,0.483380,0.869880,-0.166674,-1.100411,0.040568,0.059665,0.017186,-0.666487,-0.742926,-0.588551,-1.142666,0.921003
435,1.812500,-0.016200,-0.015770,0.676496,0.736099,-0.744160,-1.137177,0.005119,-0.093022,0.035705,0.483985,0.869385,-0.161279,-1.098513,0.040526,0.059829,0.016448,-0.666889,-0.742569,-0.586734,-1.142218,0.920532
436,1.816667,-0.016215,-0.015508,0.676583,0.736025,-0.744157,-1.137161,0.005114,-0.094382,0.036650,0.484995,0.868636,-0.155880,-1.096681,0.040554,0.059639,0.015871,-0.667158,-0.742356,-0.584930,-1.141736,0.920080
437,1.820833,-0.016143,-0.015024,0.676697,0.735931,-0.744157,-1.137139,0.005106,-0.095498,0.037569,0.485657,0.868105,-0.150677,-1.094833,0.040517,0.059599,0.015401,-0.667608,-0.741964,-0.583027,-1.141202,0.919720
438,1.825000,-0.016075,-0.014565,0.676786,0.735860,-0.744141,-1.137116,0.005099,-0.095168,0.038200,0.486473,0.867657,-0.145534,-1.093013,0.040530,0.060054,0.015174,-0.668027,-0.741554,-0.581130,-1.140728,0.919250
439,1.829167,-0.016238,-0.014361,0.676837,0.735814,-0.744137,-1.137095,0.005106,-0.097642,0.039209,0.487410,0.866810,-0.140394,-1.091280,0.040548,0.059928,0.014617,-0.668483,-0.741165,-0.579215,-1.140245,0.918762
440,1.833333,-0.016238,-0.013958,0.676916,0.735748,-0.744151,-1.137048,0.005102,-0.097820,0.039968,0.488540,0.866119,-0.135368,-1.089567,0.040541,0.060141,0.014159,-0.668975,-0.740712,-0.577226,-1.139774,0.918268
441,1.837500,-0.016316,-0.013779,0.677027,0.735648,-0.744151,-1.137025,0.005096,-0.098213,0.040958,0.489718,0.865363,-0.130492,-1.087818,0.040583,0.060038,0.013356,-0.669357,-0.740391,-0.575218,-1.139310,0.917734
442,1.841667,-0.016374,-0.013613,0.677123,0.735562,-0.744163,-1.137019,0.005102,-0.098509,0.041805,0.491098,0.864506,-0.125699,-1.086130,0.040525,0.060150,0.013072,-0.669779,-0.740005,-0.573232,-1.138825,0.917221
443,1.845833,-0.016383,-0.013253,0.677271,0.735432,-0.744169,-1.137015,0.005104,-0.098670,0.042706,0.492675,0.863546,-0.121004,-1.084458,0.040518,0.059948,0.012312,-0.670177,-0.739674,-0.571203,-1.138376,0.916620
444,1.850000,-0.016415,-0.012943,0.677429,0.735291,-0.744172,-1.137010,0.005109,-0.098638,0.043523,0.494441,0.862499,-0.116396,-1.082827,0.040508,0.059871,0.011058,-0.670606,-0.739311,-0.569131,-1.137930,0.915956
445,1.854167,-0.016439,-0.012582,0.677523,0.735210,-0.744166,-1.137000,0.005118,-0.099344,0.044054,0.496389,0.861271,-0.111942,-1.081207,0.040497,0.059974,0.011533,-0.671062,-0.738881,-0.567057,-1.137467,0.915506
446,1.858333,-0.016319,-0.012122,0.677663,0.735091,-0.744159,-1.136985,0.005117,-0.099978,0.044770,0.498848,0.859739,-0.107591,-1.079645,0.040490,0.059750,0.010441,-0.671597,-0.738430,-0.564852,-1.136965,0.914918
447,1.862500,-0.016274,-0.011764,0.677786,0.734985,-0.744148,-1.136968,0.005120,-0.100415,0.045723,0.501454,0.858120,-0.103344,-1.078066,0.040392,0.055001,0.011406,-0.672580,-0.737890,-0.562888,-1.136268,0.915888
448,1.866667,-0.016177,-0.011308,0.677958,0.734836,-0.744136,-1.136961,0.005137,-0.102011,0.046087,0.504421,0.856171,-0.099231,-1.076556,0.040339,0.054901,0.010689,-0.672936,-0.737583,-0.560729,-1.135830,0.915247
449,1.870833,-0.016117,-0.010904,0.678130,0.734684,-0.744132,-1.136958,0.005139,-0.102637,0.046890,0.507905,0.853990,-0.095243,-1.075056,0.040188,0.055467,0.009226,-0.673466,-0.737077,-0.558556,-1.135430,0.914574
450,1.875000,-0.016121,-0.010487,0.678279,0.734553,-0.744127,-1.136951,0.005156,-0.103125,0.047739,0.511795,0.851558,-0.091326,-1.073644,0.040029,0.054588,0.006762,-0.673773,-0.736888,-0.556338,-1.135015,0.914064
451,1.879167,-0.016033,-0.009903,0.678444,0.734410,-0.744129,-1.136944,0.005168,-0.106914,0.048141,0.516026,0.848510,-0.087610,-1.072149,0.040093,0.056110,0.006085,-0.674484,-0.736129,-0.553961,-1.134576,0.913312
452,1.883333,-0.015989,-0.009435,0.678605,0.734269,-0.744111,-1.136926,0.005179,-0.108349,0.048685,0.520544,0.845532,-0.083946,-1.070862,0.039853,0.055937,0.003316,-0.674709,-0.735954,-0.551731,-1.134210,0.912728
453,1.887500,-0.015980,-0.009065,0.678676,0.734208,-0.744089,-1.136919,0.005201,-0.111532,0.049292,0.525180,0.842210,-0.080462,-1.069619,0.039641,0.056492,0.001067,-0.674995,-0.735656,-0.549343,-1.133774,0.911995
454,1.891667,-0.015901,-0.008533,0.678816,0.734087,-0.744067,-1.136895,0.005217,-0.113399,0.050447,0.530621,0.838473,-0.077062,-1.068419,0.039249,0.055648,-0.000082,-0.675418,-0.735333,-0.546940,-1.133317,0.911399
455,1.895833,-0.015789,-0.007881,0.678982,0.733943,-0.744053,-1.136889,0.005229,-0.116141,0.051216,0.536120,0.834544,-0.073803,-1.067358,0.038918,0.056654,0.000897,-0.676171,-0.734562,-0.544461,-1.132842,0.910912
456,1.900000,-0.015722,-0.007333,0.679142,0.733802,-0.744035,-1.136882,0.005256,-0.118605,0.052169,0.542056,0.830293,-0.070685,-1.066329,0.038439,0.055775,-0.001600,-0.676211,-0.734592,-0.541948,-1.132384,0.910190
457,1.904167,-0.015689,-0.006756,0.679273,0.733687,-0.744005,-1.136883,0.005271,-0.120712,0.052862,0.547923,0.826084,-0.067745,-1.065438,0.037992,0.056046,-0.000794,-0.676733,-0.734092,-0.539425,-1.131970,0.909689
458,1.908333,-0.015627,-0.006190,0.679404,0.733571,-0.743977,-1.136873,0.005304,-0.122827,0.052981,0.553798,0.821836,-0.064936,-1.064680,0.037558,0.055937,-0.001677,-0.676997,-0.733855,-0.536865,-1.131465,0.909038
459,1.912500,-0.015506,-0.005514,0.679559,0.733436,-0.743943,-1.136861,0.005328,-0.123927,0.052729,0.559460,0.817843,-0.062324,-1.064083,0.036961,0.056033,-0.002243,-0.677390,-0.733484,-0.534217,-1.131017,0.908404
460,1.916667,-0.015346,-0.004654,0.679770,0.733250,-0.743904,-1.136841,0.005350,-0.124089,0.052470,0.564696,0.814228,-0.059947,-1.063581,0.036330,0.056068,-0.003577,-0.677640,-0.733245,-0.531550,-1.130512,0.907872
461,1.920833,-0.015295,-0.003963,0.679940,0.733098,-0.743863,-1.136830,0.005381,-0.121648,0.052009,0.569668,0.811157,-0.057698,-1.063193,0.035793,0.056061,-0.003636,-0.677962,-0.732947,-0.528849,-1.130028,0.907307
462,1.925000,-0.015064,-0.002727,0.679998,0.733054,-0.743828,-1.136903,0.005373,-0.116570,0.051747,0.574345,0.808617,-0.055528,-1.063053,0.035241,0.056319,-0.004008,-0.678382,-0.732536,-0.526120,-1.129565,0.906717
463,1.929167,-0.015078,-0.002090,0.680176,0.732891,-0.743795,-1.136886,0.005429,-0.109999,0.051719,0.577936,0.806979,-0.053537,-1.063033,0.034574,0.055406,-0.005207,-0.678543,-0.732450,-0.523380,-1.129081,0.906202
464,1.933333,-0.014896,-0.001098,0.680417,0.732673,-0.743754,-1.136862,0.005465,-0.102388,0.052165,0.580949,0.805788,-0.051639,-1.063242,0.033881,0.056090,-0.005887,-0.678839,-0.732118,-0.520506,-1.128583,0.905560
465,1.937500,-0.014700,-0.000080,0.680603,0.732505,-0.743708,-1.136820,0.005518,-0.093648,0.053580,0.582969,0.805299,-0.049860,-1.063611,0.033146,0.055747,-0.006295,-0.679102,-0.731897,-0.517655,-1.128118,0.905151
466,1.941667,-0.014589,0.000847,0.680718,0.732400,-0.743659,-1.136767,0.005584,-0.084472,0.055084,0.584499,0.805104,-0.048109,-1.064189,0.032363,0.055825,-0.007138,-0.679510,-0.731504,-0.514718,-1.127650,0.904597
467,1.945833,-0.014453,0.001934,0.680882,0.732248,-0.743606,-1.136713,0.005626,-0.074187,0.057384,0.585499,0.805229,-0.046561,-1.064897,0.031447,0.055924,-0.006974,-0.679819,-0.731211,-0.511812,-1.127105,0.904211
468,1.950000,-0.014262,0.003117,0.680983,0.732154,-0.743530,-1.136652,0.005668,-0.064972,0.058511,0.586719,0.805057,-0.045121,-1.065674,0.030646,0.055356,-0.007562,-0.680165,-0.730927,-0.508830,-1.126639,0.903644
469,1.954167,-0.014170,0.004280,0.681111,0.732030,-0.743457,-1.136602,0.005714,-0.054043,0.060497,0.588462,0.804445,-0.043849,-1.066493,0.029608,0.055514,-0.007091,-0.680511,-0.730597,-0.505782,-1.126185,0.903270
470,1.958333,-0.014026,0.005673,0.681290,0.731857,-0.743390,-1.136550,0.005767,-0.047081,0.059330,0.589697,0.804065,-0.042642,-1.067470,0.028922,0.054774,-0.006944,-0.680893,-0.730299,-0.502740,-1.125618,0.902946
471,1.962500,-0.013867,0.007247,0.681522,0.731630,-0.743323,-1.136486,0.005817,-0.040372,0.057731,0.591881,0.802941,-0.041573,-1.068473,0.028116,0.053851,-0.007221,-0.681066,-0.730203,-0.499676,-1.125146,0.902515
472,1.966667,-0.013701,0.008756,0.681715,0.731437,-0.743256,-1.136415,0.005877,-0.037303,0.054609,0.594553,0.801332,-0.040578,-1.069479,0.027534,0.054328,-0.007943,-0.681340,-0.729905,-0.496450,-1.124704,0.901996
473,1.970833,-0.013553,0.010601,0.681943,0.731203,-0.743193,-1.136320,0.005950,-0.033169,0.053182,0.597646,0.799306,-0.039769,-1.070415,0.026677,0.054297,-0.007277,-0.681822,-0.729464,-0.493242,-1.124217,0.901638
474,1.975000,-0.013578,0.012339,0.682191,0.730944,-0.743145,-1.136225,0.006040,-0.032661,0.049730,0.601079,0.796972,-0.038910,-1.071271,0.026026,0.053622,-0.007657,-0.682200,-0.729157,-0.490006,-1.123731,0.901296
475,1.979167,-0.013653,0.014030,0.682446,0.730673,-0.743113,-1.136153,0.006125,-0.033103,0.045199,0.604482,0.794646,-0.038023,-1.071982,0.025380,0.053236,-0.007601,-0.682383,-0.729015,-0.486763,-1.123321,0.900785
476,1.983333,-0.013874,0.015958,0.682734,0.730361,-0.743103,-1.136076,0.006219,-0.031515,0.042061,0.607252,0.792769,-0.037111,-1.072675,0.024583,0.053322,-0.007393,-0.682845,-0.728577,-0.483424,-1.122810,0.900575
477,1.987500,-0.014105,0.018167,0.683011,0.730046,-0.743116,-1.136007,0.006346,-0.031375,0.037672,0.609527,0.791248,-0.036305,-1.073160,0.023979,0.053050,-0.007313,-0.683230,-0.728237,-0.480047,-1.122367,0.900070
478,1.991667,-0.014724,0.020272,0.683018,0.729972,-0.743159,-1.135952,0.006484,-0.029600,0.034500,0.611057,0.790281,-0.035553,-1.073444,0.023266,0.053227,-0.007179,-0.683660,-0.727822,-0.476620,-1.121894,0.899855
479,1.995833,-0.015299,0.021875,0.682920,0.730005,-0.743214,-1.135895,0.006657,-0.026788,0.032510,0.612459,0.789379,-0.034848,-1.073601,0.022502,0.052192,-0.006645,-0.684080,-0.727507,-0.473214,-1.121464,0.899510
480,2.000000,-0.016598,0.023903,0.682795,0.730030,-0.743151,-1.135900,0.006655,-0.025199,0.029949,0.613711,0.788560,-0.034196,-1.073681,0.021845,0.051348,-0.007151,-0.684214,-0.727436,-0.469827,-1.121109,0.899155
481,2.004167,-0.015609,0.027518,0.682324,0.730365,-0.743087,-1.135842,0.007075,-0.023171,0.027899,0.614528,0.788061,-0.033598,-1.073698,0.021206,0.051018,-0.006439,-0.684744,-0.726967,-0.466354,-1.120643,0.898951
482,2.008333,-0.015502,0.029436,0.681723,0.730854,-0.743094,-1.135779,0.007496,-0.021511,0.025544,0.615347,0.787548,-0.033000,-1.073677,0.020625,0.051154,-0.006263,-0.685175,-0.726553,-0.462860,-1.120231,0.898686
483,2.012500,-0.015713,0.030706,0.681328,0.731166,-0.743126,-1.135529,0.008053,-0.019584,0.023621,0.615978,0.787166,-0.032421,-1.073681,0.019997,0.051116,-0.006266,-0.685600,-0.726154,-0.459337,-1.119856,0.898416
484,2.016667,-0.016811,0.032641,0.681038,0.731327,-0.743235,-1.135444,0.008390,-0.016875,0.021929,0.616806,0.786629,-0.031908,-1.073682,0.019219,0.050793,-0.005940,-0.686066,-0.725740,-0.455798,-1.119510,0.898213
485,2.020833,-0.017523,0.034913,0.681079,0.731167,-0.743384,-1.135361,0.008776,-0.016080,0.019333,0.617247,0.786368,-0.031410,-1.073792,0.018625,0.050093,-0.005568,-0.686486,-0.725395,-0.452307,-1.119130,0.898040
486,2.025000,-0.019117,0.036690,0.681304,0.730831,-0.743554,-1.135274,0.009025,-0.014801,0.016769,0.617749,0.786057,-0.030948,-1.073939,0.017972,0.050598,-0.004753,-0.687139,-0.724747,-0.448701,-1.118742,0.897946
487,2.029167,-0.021568,0.037625,0.681231,0.730783,-0.743771,-1.135185,0.009288,-0.013371,0.014519,0.618093,0.785857,-0.030536,-1.074029,0.017360,0.049432,-0.005595,-0.687291,-0.724677,-0.445172,-1.118410,0.897846
488,2.033333,-0.023755,0.038865,0.681145,0.730730,-0.743923,-1.135098,0.009665,-0.012931,0.011590,0.618403,0.785669,-0.030121,-1.074066,0.016830,0.048722,-0.004903,-0.687699,-0.724343,-0.441626,-1.118127,0.897733
489,2.037500,-0.025600,0.040184,0.681024,0.730710,-0.743997,-1.134988,0.010101,-0.013375,0.008258,0.618454,0.785663,-0.029796,-1.074057,0.016305,0.048284,-0.004555,-0.688177,-0.723921,-0.438042,-1.117844,0.897676
490,2.041667,-0.027396,0.041655,0.680543,0.731010,-0.744072,-1.134995,0.010645,-0.012790,0.005550,0.618320,0.785802,-0.029502,-1.074039,0.015733,0.048144,-0.003211,-0.688661,-0.723476,-0.434471,-1.117591,0.897559
491,2.045833,-0.029633,0.042896,0.680244,0.731129,-0.744072,-1.134913,0.011238,-0.011499,0.003499,0.618012,0.786077,-0.029263,-1.074022,0.015198,0.047986,-0.002830,-0.689128,-0.723043,-0.430856,-1.117318,0.897600
492,2.050000,-0.031644,0.044188,0.680397,0.730825,-0.744036,-1.134704,0.011778,-0.010410,0.001508,0.617499,0.786501,-0.029092,-1.073992,0.014725,0.047537,-0.002372,-0.689541,-0.722681,-0.427231,-1.117031,0.897715
493,2.054167,-0.033278,0.046103,0.680531,0.730509,-0.744065,-1.134541,0.012255,-0.009138,-0.000033,0.616906,0.786984,-0.028979,-1.073890,0.014258,0.047175,-0.001620,-0.689941,-0.722325,-0.423595,-1.116795,0.897908
494,2.058333,-0.035416,0.048795,0.680723,0.730056,-0.744048,-1.134432,0.012770,-0.007818,-0.001689,0.615976,0.787724,-0.028814,-1.073870,0.013832,0.047510,-0.002717,-0.690309,-0.721948,-0.419865,-1.116611,0.897974
495,2.062500,-0.038364,0.050604,0.680949,0.729573,-0.744027,-1.134448,0.013114,-0.007353,-0.003709,0.615141,0.788374,-0.028694,-1.073825,0.013427,0.047711,-0.003186,-0.690467,-0.721782,-0.416196,-1.116458,0.898043
496,2.066667,-0.040416,0.053314,0.681410,0.728838,-0.743929,-1.134292,0.013671,-0.007090,-0.005632,0.614438,0.788913,-0.028572,-1.073760,0.013038,0.047481,-0.004511,-0.690614,-0.721649,-0.412532,-1.116299,0.898147
497,2.070833,-0.042234,0.056411,0.681546,0.728374,-0.743821,-1.134198,0.014287,-0.007627,-0.007833,0.614071,0.789175,-0.028413,-1.073727,0.012649,0.047461,-0.003483,-0.690899,-0.721383,-0.408875,-1.116141,0.898417
498,2.075000,-0.045030,0.058923,0.681981,0.727601,-0.743649,-1.134053,0.014915,-0.007800,-0.010091,0.613856,0.789315,-0.028271,-1.073707,0.012286,0.047352,-0.003467,-0.691186,-0.721116,-0.405228,-1.115978,0.898702
499,2.079167,-0.047551,0.060565,0.682804,0.726532,-0.743406,-1.133745,0.015575,-0.008042,-0.012182,0.613710,0.789396,-0.028156,-1.073692,0.011988,0.047357,-0.002970,-0.691330,-0.720979,-0.401590,-1.115886,0.898987
500,2.083333,-0.050004,0.062388,0.683832,0.725246,-0.743129,-1.133516,0.016186,-0.007884,-0.013195,0.613856,0.789268,-0.027946,-1.073652,0.011817,0.047165,-0.003383,-0.691330,-0.720990,-0.397918,-1.115824,0.899244
501,2.087500,-0.054629,0.061566,0.684940,0.723935,-0.742858,-1.133367,0.016701,-0.007117,-0.013106,0.613828,0.789299,-0.027631,-1.073649,0.011694,0.047016,-0.004078,-0.691356,-0.720971,-0.394264,-1.115737,0.899649
502,2.091667,-0.057560,0.063258,0.686033,0.722526,-0.742492,-1.133196,0.017441,-0.006275,-0.013056,0.613924,0.789233,-0.027313,-1.073620,0.011597,0.046948,-0.004128,-0.691319,-0.721011,-0.390649,-1.115693,0.900041
503,2.095833,-0.060383,0.065091,0.686915,0.721294,-0.742083,-1.133115,0.018073,-0.005673,-0.013068,0.613938,0.789226,-0.027001,-1.073604,0.011503,0.046905,-0.003416,-0.691327,-0.721010,-0.387051,-1.115645,0.900467
504,2.100000,-0.063441,0.066446,0.688577,0.719321,-0.741593,-1.132840,0.018861,-0.005113,-0.013054,0.613936,0.789231,-0.026701,-1.073592,0.011439,0.046367,-0.003767,-0.691269,-0.721099,-0.383457,-1.115579,0.900995
505,2.104167,-0.066281,0.069554,0.690494,0.716929,-0.741033,-1.132586,0.019603,-0.004278,-0.012898,0.613918,0.789253,-0.026445,-1.073595,0.011377,0.046153,-0.004262,-0.690964,-0.721402,-0.379919,-1.115619,0.901336
506,2.108333,-0.068483,0.073646,0.692458,0.714414,-0.740402,-1.132321,0.020434,-0.003819,-0.012798,0.613912,0.789262,-0.026260,-1.073609,0.011352,0.045912,-0.003773,-0.690880,-0.721500,-0.376427,-1.115582,0.901863
507,2.112500,-0.070985,0.077517,0.694518,0.711757,-0.739693,-1.132093,0.021257,-0.003374,-0.012897,0.613807,0.789343,-0.026158,-1.073617,0.011311,0.044183,-0.003085,-0.690771,-0.721716,-0.372983,-1.115479,0.902486
508,2.116667,-0.074006,0.080966,0.696605,0.709020,-0.738918,-1.131880,0.022048,-0.002806,-0.012821,0.613826,0.789333,-0.026078,-1.073663,0.011289,0.044858,-0.002581,-0.690709,-0.721735,-0.369595,-1.115496,0.903311
509,2.120833,-0.075928,0.084391,0.698623,0.706427,-0.738123,-1.131627,0.022834,-0.002277,-0.012701,0.613980,0.789216,-0.026019,-1.073732,0.011273,0.045986,-0.002785,-0.690633,-0.721737,-0.366220,-1.115488,0.904168
510,2.125000,-0.079767,0.087233,0.701619,0.702679,-0.737112,-1.131206,0.023822,-0.001624,-0.012506,0.614380,0.788910,-0.025981,-1.073815,0.011275,0.045668,-0.002880,-0.690472,-0.721910,-0.362936,-1.115496,0.904896
511,2.129167,-0.081948,0.089075,0.703462,0.700351,-0.736226,-1.131064,0.024466,-0.000929,-0.012302,0.614777,0.788604,-0.025937,-1.073915,0.011288,0.046307,-0.002698,-0.690506,-0.721838,-0.359610,-1.115420,0.905725
512,2.133333,-0.084005,0.090687,0.705694,0.697649,-0.735260,-1.130838,0.025195,0.000031,-0.012018,0.615121,0.788342,-0.025891,-1.074009,0.011320,0.046780,-0.002843,-0.690321,-0.721984,-0.356406,-1.115538,0.906548
513,2.137500,-0.086108,0.093957,0.708275,0.694337,-0.734138,-1.130567,0.026004,0.001061,-0.011530,0.615491,0.788059,-0.025805,-1.074084,0.011353,0.047149,-0.002535,-0.690103,-0.722169,-0.353220,-1.115599,0.907371
514,2.141667,-0.088131,0.097523,0.711572,0.690208,-0.732766,-1.130124,0.027013,0.002109,-0.010964,0.616078,0.787606,-0.025759,-1.074113,0.011373,0.046939,-0.002621,-0.690020,-0.722262,-0.350032,-1.115650,0.908299
515,2.145833,-0.089239,0.100679,0.714185,0.686906,-0.731474,-1.129884,0.027720,0.002946,-0.010559,0.616533,0.787253,-0.025727,-1.074146,0.011378,0.047785,-0.001518,-0.690352,-0.721892,-0.346869,-1.115566,0.909487
516,2.150000,-0.091522,0.102871,0.717337,0.682986,-0.730012,-1.129436,0.028671,0.003898,-0.010163,0.616970,0.786912,-0.025706,-1.074177,0.011382,0.048230,-0.002416,-0.690094,-0.722107,-0.343737,-1.115708,0.910222
517,2.154167,-0.090896,0.105619,0.719823,0.680028,-0.728680,-1.129109,0.029477,0.004672,-0.009739,0.617400,0.786575,-0.025665,-1.074219,0.011399,0.048134,-0.002334,-0.689999,-0.722204,-0.340580,-1.115833,0.911101
518,2.158333,-0.092427,0.108007,0.723042,0.676019,-0.727157,-1.128647,0.030255,0.005333,-0.009508,0.617687,0.786348,-0.025627,-1.074281,0.011407,0.048008,-0.002975,-0.689862,-0.722342,-0.337419,-1.115923,0.911927
519,2.162500,-0.093290,0.110873,0.726144,0.672100,-0.725482,-1.128140,0.031226,0.005953,-0.009322,0.617805,0.786254,-0.025590,-1.074370,0.011435,0.047673,-0.003308,-0.689662,-0.722553,-0.334319,-1.115999,0.912760
520,2.166667,-0.093279,0.114150,0.728983,0.668470,-0.723836,-1.127691,0.031975,0.006511,-0.009203,0.617937,0.786147,-0.025559,-1.074458,0.011481,0.047596,-0.003600,-0.689586,-0.722629,-0.331239,-1.116073,0.913589
521,2.170833,-0.092595,0.118007,0.731800,0.664808,-0.722120,-1.127240,0.032876,0.007058,-0.009032,0.618012,0.786085,-0.025554,-1.074532,0.011525,0.047234,-0.004168,-0.689452,-0.722777,-0.328157,-1.116169,0.914379
522,2.175000,-0.090921,0.121614,0.734248,0.661682,-0.720567,-1.126815,0.033555,0.007523,-0.008892,0.618042,0.786059,-0.025554,-1.074599,0.011552,0.045120,-0.004173,-0.689078,-0.723270,-0.325123,-1.116338,0.914912
523,2.179167,-0.089216,0.125974,0.736960,0.658073,-0.718709,-1.126321,0.034593,0.008039,-0.008754,0.618091,0.786017,-0.025552,-1.074662,0.011577,0.045407,-0.004835,-0.689007,-0.723315,-0.322057,-1.116398,0.915986
524,2.183333,-0.087880,0.130391,0.739250,0.654817,-0.716884,-1.125832,0.035427,0.008534,-0.008620,0.618211,0.785918,-0.025538,-1.074714,0.011593,0.041542,-0.004413,-0.688593,-0.723944,-0.319088,-1.116645,0.916485
525,2.187500,-0.085863,0.133789,0.741702,0.651618,-0.714865,-1.125279,0.036201,0.009065,-0.008464,0.618317,0.785831,-0.025520,-1.074765,0.011611,0.042818,-0.005635,-0.688349,-0.724092,-0.316117,-1.116703,0.917444
526,2.191667,-0.083496,0.138230,0.744074,0.648286,-0.712664,-1.124580,0.037041,0.009489,-0.008317,0.618446,0.785726,-0.025490,-1.074804,0.011628,0.038924,-0.005239,-0.687821,-0.724817,-0.313216,-1.116985,0.917825
527,2.195833,-0.081548,0.141293,0.746890,0.644625,-0.710198,-1.123921,0.037909,0.009995,-0.008083,0.618538,0.785650,-0.025472,-1.074837,0.011650,0.038597,-0.005865,-0.687612,-0.725028,-0.310247,-1.117113,0.918624
528,2.200000,-0.079580,0.144646,0.748827,0.641875,-0.707805,-1.123390,0.038643,0.010460,-0.007872,0.618632,0.785572,-0.025452,-1.074868,0.011675,0.038934,-0.006773,-0.687406,-0.725197,-0.307329,-1.117293,0.919239
529,2.204167,-0.077687,0.147344,0.751036,0.638905,-0.705337,-1.122756,0.039345,0.010986,-0.007618,0.618710,0.785505,-0.025437,-1.074900,0.011697,0.038313,-0.007859,-0.686943,-0.725658,-0.304456,-1.117425,0.919878
530,2.208333,-0.076478,0.148565,0.753554,0.635796,-0.702714,-1.122136,0.040010,0.011458,-0.007426,0.618791,0.785437,-0.025420,-1.074938,0.011719,0.038686,-0.008520,-0.686672,-0.725888,-0.301623,-1.117587,0.920433
531,2.212500,-0.074360,0.151377,0.756109,0.632341,-0.700028,-1.121642,0.040663,0.011833,-0.007309,0.618868,0.785372,-0.025400,-1.074976,0.011739,0.038152,-0.009081,-0.686336,-0.726227,-0.298828,-1.117747,0.921045
532,2.216667,-0.071044,0.153535,0.759132,0.628569,-0.697195,-1.121093,0.041305,0.012263,-0.007179,0.618996,0.785265,-0.025373,-1.075014,0.011748,0.037825,-0.009540,-0.685982,-0.726572,-0.296087,-1.117890,0.921596
533,2.220833,-0.068181,0.153990,0.762530,0.624649,-0.694078,-1.120399,0.041995,0.012688,-0.007018,0.619080,0.785194,-0.025346,-1.075044,0.011758,0.038349,-0.010092,-0.685573,-0.726923,-0.293386,-1.118021,0.922030
534,2.225000,-0.062965,0.155869,0.765089,0.621594,-0.690906,-1.119670,0.042691,0.013185,-0.006824,0.619144,0.785137,-0.025323,-1.075073,0.011776,0.038625,-0.010999,-0.685157,-0.727288,-0.290710,-1.118135,0.922437
535,2.229167,-0.057968,0.157279,0.766982,0.619388,-0.687528,-1.118934,0.043303,0.013653,-0.006592,0.619215,0.785075,-0.025299,-1.075102,0.011800,0.037964,-0.011138,-0.684631,-0.727815,-0.288137,-1.118308,0.922787
536,2.233333,-0.053511,0.158155,0.768360,0.617856,-0.683909,-1.118335,0.043720,0.014097,-0.006424,0.619306,0.784997,-0.025280,-1.075137,0.011823,0.036982,-0.011376,-0.684118,-0.728344,-0.285609,-1.118442,0.923066
537,2.237500,-0.049862,0.157538,0.769056,0.617453,-0.680125,-1.117514,0.044205,0.014560,-0.006226,0.619369,0.784940,-0.025267,-1.075174,0.011840,0.037163,-0.011909,-0.683494,-0.728913,-0.283112,-1.118497,0.923282
538,2.241667,-0.047386,0.156170,0.769094,0.617948,-0.676086,-1.116746,0.044533,0.014971,-0.006036,0.619457,0.784865,-0.025246,-1.075206,0.011856,0.036945,-0.013155,-0.682899,-0.729459,-0.280630,-1.118574,0.923590
539,2.245833,-0.044604,0.154516,0.768210,0.619669,-0.671748,-1.116034,0.044653,0.015364,-0.005871,0.619496,0.784828,-0.025224,-1.075245,0.011873,0.036431,-0.013261,-0.682178,-0.730157,-0.278248,-1.118665,0.923767
540,2.250000,-0.040895,0.152301,0.766593,0.622469,-0.667097,-1.115238,0.044825,0.015732,-0.005771,0.619521,0.784801,-0.025198,-1.075272,0.011886,0.036848,-0.014549,-0.681588,-0.730663,-0.275874,-1.118711,0.924023
541,2.254167,-0.037109,0.150701,0.763597,0.626763,-0.662245,-1.114264,0.044855,0.016143,-0.005591,0.619518,0.784797,-0.025172,-1.075293,0.011909,0.036982,-0.014645,-0.681007,-0.731196,-0.273534,-1.118737,0.924293
542,2.258333,-0.035010,0.147260,0.760757,0.631140,-0.656983,-1.113501,0.044741,0.016565,-0.005408,0.619502,0.784802,-0.025150,-1.075312,0.011926,0.037023,-0.014894,-0.680413,-0.731741,-0.271255,-1.118811,0.924565
543,2.262500,-0.033280,0.143443,0.756922,0.636699,-0.651536,-1.112523,0.044683,0.016924,-0.005225,0.619565,0.784745,-0.025125,-1.075342,0.011946,0.037873,-0.015127,-0.679845,-0.732221,-0.269052,-1.118862,0.924776
544,2.266667,-0.031549,0.140718,0.752773,0.642290,-0.645785,-1.111698,0.044450,0.017446,-0.004971,0.619578,0.784725,-0.025103,-1.075374,0.011976,0.038155,-0.015631,-0.679345,-0.732659,-0.266815,-1.118909,0.925025
545,2.270833,-0.029824,0.137272,0.748469,0.648122,-0.639894,-1.110908,0.044157,0.017854,-0.004783,0.619585,0.784712,-0.025078,-1.075413,0.011996,0.038486,-0.015667,-0.678938,-0.733019,-0.264620,-1.118914,0.925272
546,2.275000,-0.028165,0.134105,0.744003,0.653974,-0.633768,-1.110040,0.043729,0.018296,-0.004600,0.619615,0.784679,-0.025053,-1.075437,0.012020,0.039417,-0.016206,-0.678469,-0.733392,-0.262466,-1.118926,0.925576
547,2.279167,-0.026865,0.129954,0.739625,0.659807,-0.627533,-1.109212,0.043302,0.018751,-0.004426,0.619629,0.784658,-0.025033,-1.075460,0.012039,0.040611,-0.017003,-0.677905,-0.733830,-0.260320,-1.118970,0.925750
548,2.283333,-0.025835,0.125351,0.735055,0.665818,-0.621202,-1.108440,0.042881,0.019142,-0.004239,0.619608,0.784667,-0.025003,-1.075478,0.012051,0.040837,-0.017096,-0.677676,-0.734027,-0.258262,-1.118887,0.926117
549,2.287500,-0.024101,0.121354,0.730324,0.671803,-0.614691,-1.107644,0.042375,0.019492,-0.004071,0.619604,0.784662,-0.024984,-1.075496,0.012069,0.041674,-0.017372,-0.677140,-0.734468,-0.256242,-1.118910,0.926293
550,2.291667,-0.023483,0.115745,0.726377,0.677073,-0.608089,-1.106734,0.042002,0.019911,-0.003859,0.619591,0.784663,-0.024962,-1.075521,0.012090,0.042494,-0.018016,-0.676677,-0.734832,-0.254217,-1.118918,0.926557
551,2.295833,-0.022117,0.111740,0.722026,0.682425,-0.601396,-1.105967,0.041447,0.020284,-0.003665,0.619596,0.784651,-0.024956,-1.075541,0.012118,0.042356,-0.017561,-0.676413,-0.735094,-0.252295,-1.118851,0.926828
552,2.300000,-0.020938,0.107640,0.717783,0.687578,-0.594599,-1.105193,0.040856,0.020646,-0.003467,0.619588,0.784648,-0.024941,-1.075556,0.012139,0.042437,-0.017716,-0.675986,-0.735478,-0.250336,-1.118884,0.926940
553,2.304167,-0.020222,0.103613,0.713697,0.692454,-0.587693,-1.104443,0.040189,0.020862,-0.003378,0.619555,0.784669,-0.024922,-1.075574,0.012155,0.040681,-0.017339,-0.675606,-0.735935,-0.248513,-1.118879,0.927060
554,2.308333,-0.019270,0.099434,0.709947,0.696934,-0.580660,-1.103690,0.039551,0.021105,-0.003252,0.619521,0.784689,-0.024905,-1.075584,0.012171,0.039429,-0.016460,-0.675188,-0.736407,-0.246696,-1.118908,0.927199
555,2.312500,-0.018714,0.095430,0.706116,0.701387,-0.573537,-1.102997,0.038835,0.021420,-0.003072,0.619483,0.784712,-0.024880,-1.075592,0.012187,0.038149,-0.016378,-0.674921,-0.736721,-0.244919,-1.118882,0.927449
556,2.316667,-0.018010,0.091745,0.702398,0.705617,-0.566364,-1.102358,0.038092,0.021735,-0.002902,0.619460,0.784722,-0.024854,-1.075606,0.012202,0.037403,-0.016048,-0.674483,-0.737168,-0.243176,-1.118953,0.927590
557,2.320833,-0.017494,0.087397,0.698889,0.709655,-0.559071,-1.101698,0.037353,0.022057,-0.002750,0.619475,0.784702,-0.024827,-1.075616,0.012209,0.037502,-0.016007,-0.674458,-0.737186,-0.241506,-1.118866,0.927881
558,2.325000,-0.017577,0.082565,0.695695,0.713360,-0.551743,-1.101055,0.036673,0.022304,-0.002627,0.619480,0.784691,-0.024811,-1.075627,0.012215,0.037972,-0.016183,-0.674258,-0.737342,-0.239825,-1.118926,0.928039
559,2.329167,-0.016965,0.078280,0.692454,0.717002,-0.544346,-1.100449,0.035935,0.022635,-0.002410,0.619463,0.784696,-0.024795,-1.075647,0.012234,0.035726,-0.017294,-0.673178,-0.738415,-0.238313,-1.118494,0.928700
560,2.333333,-0.016814,0.074005,0.689272,0.720518,-0.536914,-1.099880,0.035200,0.023006,-0.002237,0.619439,0.784705,-0.024778,-1.075658,0.012248,0.035686,-0.017619,-0.673053,-0.738523,-0.236724,-1.118461,0.929073
561,2.337500,-0.016564,0.069161,0.686492,0.723651,-0.529422,-1.099265,0.034479,0.023266,-0.002096,0.619436,0.784700,-0.024768,-1.075670,0.012260,0.036441,-0.018729,-0.673138,-0.738381,-0.235196,-1.118481,0.929358
562,2.341667,-0.016625,0.064165,0.683806,0.726647,-0.521832,-1.098678,0.033755,0.023571,-0.001987,0.619428,0.784697,-0.024751,-1.075678,0.012271,0.035693,-0.019456,-0.672989,-0.738535,-0.233724,-1.118436,0.929693
563,2.345833,-0.016636,0.059434,0.681124,0.729562,-0.514240,-1.098115,0.033022,0.023864,-0.001832,0.619416,0.784698,-0.024728,-1.075690,0.012283,0.035388,-0.020574,-0.672796,-0.738695,-0.232229,-1.118536,0.929979
564,2.350000,-0.016797,0.054320,0.678818,0.732102,-0.506589,-1.097548,0.032306,0.024101,-0.001692,0.619415,0.784692,-0.024722,-1.075698,0.012290,0.035455,-0.021106,-0.672843,-0.738633,-0.230828,-1.118504,0.930391
565,2.354167,-0.017330,0.049275,0.676487,0.734600,-0.498897,-1.096971,0.031592,0.024152,-0.001594,0.619391,0.784709,-0.024701,-1.075705,0.012288,0.034173,-0.021185,-0.672782,-0.738747,-0.229460,-1.118474,0.930798
566,2.358333,-0.017649,0.044424,0.674172,0.737026,-0.491176,-1.096411,0.030932,0.023661,-0.001590,0.619332,0.784771,-0.024668,-1.075719,0.012251,0.034236,-0.022291,-0.672827,-0.738671,-0.228013,-1.118469,0.931154
567,2.362500,-0.018413,0.039264,0.672066,0.739220,-0.483395,-1.095863,0.030261,0.023916,-0.001380,0.619368,0.784736,-0.024622,-1.075736,0.012229,0.034189,-0.022972,-0.672903,-0.738583,-0.226730,-1.118494,0.931302
568,2.366667,-0.018783,0.033851,0.670387,0.741001,-0.475643,-1.095321,0.029628,0.024808,-0.001161,0.619474,0.784625,-0.024619,-1.075706,0.012270,0.033353,-0.023171,-0.672656,-0.738840,-0.225474,-1.118566,0.931435
569,2.370833,-0.019736,0.028628,0.668558,0.742846,-0.467791,-1.094801,0.029005,0.025664,-0.000912,0.619497,0.784579,-0.024617,-1.075705,0.012325,0.033304,-0.023698,-0.672789,-0.738705,-0.224094,-1.118490,0.931935
570,2.375000,-0.020561,0.023234,0.666989,0.744422,-0.459940,-1.094255,0.028418,0.026041,-0.000770,0.619481,0.784579,-0.024598,-1.075711,0.012347,0.032879,-0.023982,-0.672945,-0.738572,-0.222816,-1.118437,0.932199
571,2.379167,-0.021092,0.018165,0.665516,0.745865,-0.452109,-1.093728,0.027863,0.026247,-0.000664,0.619488,0.784567,-0.024583,-1.075719,0.012353,0.032494,-0.024392,-0.672773,-0.738732,-0.221573,-1.118479,0.932329
572,2.383333,-0.021607,0.013225,0.664248,0.747083,-0.444262,-1.093252,0.027316,0.026269,-0.000549,0.619448,0.784598,-0.024566,-1.075721,0.012352,0.031853,-0.024398,-0.672876,-0.738667,-0.220399,-1.118544,0.932536
573,2.387500,-0.022513,0.008693,0.662789,0.748417,-0.436313,-1.092749,0.026764,0.026401,-0.000370,0.619438,0.784602,-0.024550,-1.075727,0.012356,0.034687,-0.024063,-0.673798,-0.737709,-0.219140,-1.118709,0.932558
574,2.391667,-0.023036,0.004009,0.662088,0.749062,-0.428419,-1.092216,0.026272,0.026633,-0.000216,0.619442,0.784590,-0.024537,-1.075732,0.012360,0.034835,-0.023912,-0.673908,-0.737606,-0.217887,-1.118685,0.932851
575,2.395833,-0.023900,-0.000461,0.661031,0.749978,-0.420485,-1.091718,0.025771,0.026782,-0.000169,0.619439,0.784588,-0.024532,-1.075733,0.012372,0.034232,-0.024266,-0.673635,-0.737872,-0.216760,-1.118636,0.933004
576,2.400000,-0.025126,-0.004881,0.660168,0.750682,-0.412531,-1.091242,0.025300,0.026987,-0.000078,0.619412,0.784602,-0.024526,-1.075733,0.012382,0.033448,-0.024365,-0.673523,-0.738007,-0.215673,-1.118540,0.933225
577,2.404167,-0.025971,-0.009376,0.659577,0.751129,-0.404545,-1.090708,0.024838,0.027159,-0.000052,0.619222,0.784746,-0.024497,-1.075753,0.012402,0.032414,-0.024018,-0.673452,-0.738130,-0.214582,-1.118431,0.933535
578,2.408333,-0.027281,-0.014236,0.659091,0.751433,-0.396501,-1.090187,0.024406,0.027256,-0.000073,0.619079,0.784856,-0.024470,-1.075770,0.012418,0.033384,-0.026977,-0.673157,-0.738253,-0.213531,-1.118519,0.934090
579,2.412500,-0.028695,-0.018901,0.658539,0.751762,-0.388498,-1.089699,0.023996,0.027311,-0.000060,0.619244,0.784724,-0.024476,-1.075758,0.012423,0.032897,-0.027462,-0.673124,-0.738287,-0.212503,-1.118461,0.934398
580,2.416667,-0.030560,-0.023816,0.658149,0.751890,-0.380400,-1.089197,0.023589,0.027424,-0.000002,0.619275,0.784695,-0.024466,-1.075776,0.012431,0.033154,-0.028109,-0.673108,-0.738266,-0.211483,-1.118372,0.934734
581,2.420833,-0.032418,-0.028717,0.657734,0.752005,-0.372270,-1.088660,0.023159,0.027667,0.000073,0.619310,0.784659,-0.024425,-1.075821,0.012447,0.033676,-0.028726,-0.673027,-0.738292,-0.210414,-1.118349,0.934965
582,2.425000,-0.034147,-0.033590,0.657271,0.752131,-0.364207,-1.088105,0.022761,0.027831,0.000105,0.619335,0.784634,-0.024390,-1.075851,0.012455,0.033389,-0.029270,-0.672763,-0.738524,-0.209373,-1.118322,0.935144
583,2.429167,-0.036920,-0.039307,0.657182,0.751800,-0.356078,-1.087518,0.022446,0.027330,-0.000095,0.619339,0.784648,-0.024397,-1.075835,0.012435,0.033150,-0.029588,-0.672601,-0.738670,-0.208364,-1.118241,0.935258
584,2.433333,-0.038710,-0.044325,0.657064,0.751534,-0.347983,-1.086939,0.022050,0.027983,0.000264,0.619213,0.784724,-0.024420,-1.075810,0.012471,0.033374,-0.029393,-0.672621,-0.738650,-0.207325,-1.118104,0.935465
585,2.437500,-0.041251,-0.049548,0.656808,0.751297,-0.339933,-1.086379,0.021663,0.028136,0.000506,0.619362,0.784601,-0.024369,-1.075784,0.012396,0.033701,-0.029818,-0.672124,-0.739070,-0.206271,-1.118115,0.935489
586,2.441667,-0.043782,-0.055206,0.656856,0.750716,-0.331908,-1.085745,0.021288,0.028151,0.000349,0.619367,0.784597,-0.024349,-1.075802,0.012399,0.034031,-0.029831,-0.671874,-0.739282,-0.205258,-1.118028,0.935536
587,2.445833,-0.046657,-0.060890,0.656742,0.750204,-0.323959,-1.085062,0.020922,0.028154,0.000228,0.619358,0.784603,-0.024367,-1.075829,0.012404,0.034213,-0.029606,-0.671777,-0.739370,-0.204267,-1.117818,0.935640
588,2.450000,-0.049386,-0.066395,0.656787,0.749522,-0.316084,-1.084383,0.020564,0.028448,0.000378,0.619071,0.784819,-0.024377,-1.075848,0.012490,0.034342,-0.029710,-0.671466,-0.739643,-0.203217,-1.117707,0.935672
589,2.454167,-0.051865,-0.071513,0.656806,0.748867,-0.308310,-1.083652,0.020267,0.028548,0.000318,0.618855,0.784986,-0.024311,-1.075875,0.012557,0.034357,-0.029747,-0.671030,-0.740036,-0.202171,-1.117660,0.935695
590,2.458333,-0.053230,-0.075949,0.656911,0.748242,-0.300643,-1.082928,0.019962,0.028933,0.001074,0.619172,0.784722,-0.024345,-1.075789,0.012454,0.034998,-0.029853,-0.670907,-0.740114,-0.201135,-1.117524,0.935692
591,2.462500,-0.054538,-0.080528,0.657040,0.747556,-0.293036,-1.082151,0.019695,0.029314,0.000972,0.619022,0.784826,-0.024320,-1.075796,0.012478,0.035349,-0.029822,-0.670735,-0.740254,-0.200082,-1.117337,0.935791
592,2.466667,-0.055808,-0.084966,0.657059,0.746954,-0.285672,-1.081296,0.019522,0.029260,0.000778,0.619014,0.784835,-0.024331,-1.075837,0.012510,0.035759,-0.029975,-0.670531,-0.740412,-0.199021,-1.117200,0.935861
593,2.470833,-0.055953,-0.088759,0.657104,0.746462,-0.278495,-1.080428,0.019410,0.029493,0.001304,0.619187,0.784689,-0.024343,-1.075839,0.012467,0.036358,-0.030131,-0.670288,-0.740598,-0.197931,-1.117055,0.935867
594,2.475000,-0.055664,-0.092084,0.657324,0.745887,-0.271536,-1.079463,0.019315,0.029702,0.001586,0.619355,0.784548,-0.024326,-1.075801,0.012431,0.036619,-0.030144,-0.670145,-0.740713,-0.196876,-1.116863,0.935858
595,2.479167,-0.055423,-0.095022,0.657397,0.745472,-0.264838,-1.078537,0.019232,0.029936,0.001387,0.619223,0.784643,-0.024278,-1.075865,0.012491,0.037201,-0.030207,-0.670035,-0.740781,-0.195820,-1.116662,0.935924
596,2.483333,-0.055635,-0.097712,0.657666,0.744871,-0.258397,-1.077547,0.019212,0.030161,0.001742,0.619379,0.784510,-0.024295,-1.075855,0.012454,0.037691,-0.030266,-0.669925,-0.740853,-0.194723,-1.116496,0.935948
597,2.487500,-0.054825,-0.099910,0.657903,0.744430,-0.252190,-1.076623,0.019093,0.030513,0.001990,0.619483,0.784414,-0.024284,-1.075857,0.012446,0.037842,-0.029943,-0.669849,-0.740928,-0.193653,-1.116277,0.935881
598,2.491667,-0.054296,-0.101873,0.658101,0.744027,-0.246305,-1.075656,0.019014,0.030760,0.001799,0.619394,0.784475,-0.024242,-1.075932,0.012521,0.038013,-0.029527,-0.669950,-0.740844,-0.192594,-1.115990,0.935988
599,2.495833,-0.053671,-0.103034,0.658446,0.743608,-0.240728,-1.074721,0.018907,0.030710,0.001558,0.619370,0.784497,-0.024237,-1.075991,0.012565,0.038427,-0.028880,-0.670100,-0.740713,-0.191584,-1.115687,0.936063
600,2.500000,-0.052659,-0.104125,0.658787,0.743226,-0.235375,-1.073763,0.018736,0.030999,0.001664,0.619421,0.784445,-0.024231,-1.076036,0.012585,0.038896,-0.028267,-0.670092,-0.740719,-0.190519,-1.115474,0.935912
601,2.504167,-0.052835,-0.104092,0.659102,0.742938,-0.230316,-1.072848,0.018614,0.031296,0.001819,0.619485,0.784382,-0.024207,-1.076063,0.012585,0.036448,-0.029365,-0.671291,-0.739715,-0.189581,-1.115257,0.936854
602,2.508333,-0.051679,-0.103342,0.659258,0.742987,-0.225598,-1.071938,0.018419,0.031752,0.002044,0.619565,0.784300,-0.024175,-1.076092,0.012596,0.036923,-0.028074,-0.671613,-0.739449,-0.188550,-1.114907,0.936811
603,2.512500,-0.050344,-0.101385,0.659217,0.743384,-0.221173,-1.071111,0.018191,0.032104,0.002289,0.619651,0.784217,-0.024144,-1.076117,0.012611,0.037439,-0.026688,-0.671886,-0.739226,-0.187465,-1.114558,0.936686
604,2.516667,-0.049107,-0.099060,0.659340,0.743671,-0.217106,-1.070188,0.017896,0.032523,0.002489,0.619659,0.784193,-0.024108,-1.076157,0.012621,0.038231,-0.025880,-0.672123,-0.738999,-0.186352,-1.114236,0.936600
605,2.520833,-0.047096,-0.095746,0.659319,0.744254,-0.213339,-1.069405,0.017412,0.033147,0.002645,0.619773,0.784076,-0.024065,-1.076225,0.012636,0.038803,-0.024978,-0.672254,-0.738881,-0.185225,-1.114016,0.936460
606,2.525000,-0.044354,-0.091234,0.658817,0.745432,-0.210113,-1.068717,0.016900,0.034142,0.002973,0.619806,0.784006,-0.024008,-1.076272,0.012686,0.039257,-0.024037,-0.672600,-0.738573,-0.184059,-1.113701,0.936347
607,2.529167,-0.041392,-0.086624,0.658312,0.746598,-0.207361,-1.068348,0.016519,0.034778,0.003452,0.619824,0.783962,-0.023963,-1.076328,0.012726,0.040134,-0.023346,-0.672917,-0.738259,-0.182916,-1.113386,0.936176
608,2.533333,-0.040177,-0.081644,0.657570,0.747878,-0.205054,-1.068099,0.016000,0.035220,0.003786,0.619827,0.783938,-0.023918,-1.076359,0.012737,0.040636,-0.022353,-0.673260,-0.737950,-0.181781,-1.113107,0.936076
609,2.537500,-0.037019,-0.074929,0.657347,0.748939,-0.203237,-1.067917,0.015494,0.035655,0.004114,0.619896,0.783863,-0.023873,-1.076393,0.012752,0.041274,-0.021574,-0.673583,-0.737643,-0.180552,-1.112834,0.935975
610,2.541667,-0.034423,-0.068976,0.656820,0.750096,-0.201963,-1.067874,0.014900,0.036172,0.004458,0.619931,0.783810,-0.023834,-1.076433,0.012776,0.042301,-0.020666,-0.673836,-0.737380,-0.179304,-1.112580,0.935690
611,2.545833,-0.031748,-0.063071,0.656624,0.750906,-0.201193,-1.067869,0.014305,0.036826,0.004808,0.619939,0.783771,-0.023801,-1.076499,0.012807,0.042606,-0.019656,-0.674471,-0.736809,-0.178033,-1.112213,0.935710
612,2.550000,-0.030604,-0.058806,0.656423,0.751475,-0.200751,-1.067774,0.013390,0.037448,0.005098,0.619903,0.783768,-0.023754,-1.076582,0.012828,0.042737,-0.017955,-0.675155,-0.736218,-0.176828,-1.111857,0.935739
613,2.554167,-0.029566,-0.054020,0.656408,0.751888,-0.200777,-1.067757,0.012584,0.038138,0.005342,0.619835,0.783786,-0.023690,-1.076666,0.012860,0.043581,-0.016944,-0.675359,-0.736005,-0.175492,-1.111628,0.935531
614,2.558333,-0.029310,-0.050985,0.656872,0.751705,-0.201237,-1.067771,0.011900,0.038878,0.005628,0.619789,0.783784,-0.023638,-1.076751,0.012900,0.044136,-0.015268,-0.675776,-0.735626,-0.174224,-1.111344,0.935426
615,2.562500,-0.029257,-0.049892,0.658010,0.750785,-0.202078,-1.067942,0.011382,0.039331,0.005781,0.619737,0.783802,-0.023596,-1.076829,0.012923,0.045080,-0.014489,-0.676139,-0.735251,-0.172800,-1.111015,0.935242
616,2.566667,-0.030590,-0.050692,0.659878,0.749036,-0.203046,-1.067809,0.010986,0.039897,0.005978,0.619712,0.783792,-0.023545,-1.076905,0.012960,0.045702,-0.013462,-0.676425,-0.734969,-0.171420,-1.110752,0.935106
617,2.570833,-0.032351,-0.052966,0.661910,0.747010,-0.203952,-1.067628,0.010667,0.040521,0.006141,0.619655,0.783804,-0.023511,-1.076978,0.012988,0.046676,-0.012198,-0.676469,-0.734889,-0.169957,-1.110535,0.934861
618,2.575000,-0.033804,-0.054759,0.663170,0.745697,-0.204721,-1.067509,0.010474,0.041267,0.006368,0.619627,0.783785,-0.023470,-1.077064,0.013016,0.046847,-0.011347,-0.676964,-0.734436,-0.168525,-1.110246,0.934813
619,2.579167,-0.034739,-0.055820,0.663661,0.745139,-0.205293,-1.067466,0.010356,0.042168,0.006609,0.619622,0.783739,-0.023412,-1.077153,0.013064,0.047682,-0.010082,-0.677187,-0.734195,-0.167081,-1.109988,0.934615
620,2.583333,-0.035451,-0.056438,0.663544,0.745163,-0.205649,-1.067424,0.010189,0.043109,0.006808,0.619574,0.783724,-0.023349,-1.077254,0.013128,0.047691,-0.010070,-0.677271,-0.734117,-0.165576,-1.109901,0.934590
621,2.587500,-0.036456,-0.057555,0.662910,0.745593,-0.205818,-1.067399,0.009979,0.044072,0.006924,0.619562,0.783679,-0.023283,-1.077363,0.013190,0.048444,-0.008972,-0.677475,-0.733894,-0.164126,-1.109653,0.934458
622,2.591667,-0.037630,-0.058460,0.662076,0.746205,-0.205954,-1.067380,0.009795,0.045001,0.007019,0.619540,0.783643,-0.023222,-1.077481,0.013254,0.048572,-0.008572,-0.677751,-0.733636,-0.162690,-1.109529,0.934479
623,2.595833,-0.039010,-0.059418,0.661288,0.746757,-0.206106,-1.067353,0.009630,0.046191,0.007376,0.619547,0.783564,-0.023144,-1.077618,0.013337,0.048373,-0.008162,-0.677695,-0.733705,-0.161226,-1.109544,0.934503
624,2.600000,-0.039876,-0.060112,0.660788,0.747098,-0.206308,-1.067330,0.009529,0.047159,0.007573,0.619552,0.783501,-0.023066,-1.077756,0.013400,0.048469,-0.007641,-0.677893,-0.733521,-0.159813,-1.109391,0.934557
625,2.604167,-0.040439,-0.060707,0.660503,0.747272,-0.206495,-1.067384,0.009448,0.048901,0.008398,0.619698,0.783271,-0.022969,-1.077864,0.013438,0.048494,-0.007113,-0.677961,-0.733462,-0.158413,-1.109392,0.934616
626,2.608333,-0.040927,-0.060779,0.660516,0.747228,-0.206700,-1.067373,0.009368,0.050768,0.009169,0.619684,0.783154,-0.022821,-1.078024,0.013501,0.047206,-0.005757,-0.678110,-0.733420,-0.156899,-1.109371,0.934590
627,2.612500,-0.041187,-0.060326,0.660763,0.747032,-0.206875,-1.067377,0.009236,0.052892,0.010090,0.619676,0.783009,-0.022625,-1.078221,0.013641,0.047209,-0.005248,-0.678181,-0.733358,-0.155545,-1.109319,0.934733
628,2.616667,-0.041349,-0.060084,0.660773,0.747033,-0.206925,-1.067373,0.009129,0.054629,0.011162,0.619629,0.782912,-0.022401,-1.078430,0.013772,0.047567,-0.005243,-0.678059,-0.733448,-0.154198,-1.109365,0.934805
629,2.620833,-0.041370,-0.059942,0.660558,0.747234,-0.206866,-1.067370,0.009044,0.056594,0.012473,0.619627,0.782754,-0.022122,-1.078653,0.013951,0.047661,-0.005191,-0.677932,-0.733560,-0.152861,-1.109373,0.934968
630,2.625000,-0.041345,-0.059888,0.660096,0.747648,-0.206707,-1.067412,0.009024,0.058517,0.013566,0.619640,0.782584,-0.021840,-1.078857,0.014105,0.047972,-0.004595,-0.677773,-0.733690,-0.151618,-1.109348,0.934981
631,2.629167,-0.040740,-0.058949,0.659995,0.747845,-0.206536,-1.067445,0.008963,0.061448,0.014910,0.619500,0.782446,-0.021495,-1.079045,0.014319,0.047841,-0.004153,-0.677585,-0.733875,-0.150357,-1.109401,0.935084
632,2.633333,-0.039665,-0.057555,0.660226,0.747808,-0.206389,-1.067464,0.008906,0.065681,0.016587,0.619241,0.782273,-0.021035,-1.079190,0.014612,0.047676,-0.003708,-0.677474,-0.733991,-0.149148,-1.109425,0.935209
633,2.637500,-0.038240,-0.055735,0.660799,0.747513,-0.206309,-1.067389,0.008858,0.069342,0.018646,0.619015,0.782090,-0.020533,-1.079336,0.014940,0.047500,-0.003700,-0.677256,-0.734204,-0.147972,-1.109451,0.935178
634,2.641667,-0.036521,-0.053201,0.661514,0.747152,-0.206228,-1.067320,0.008742,0.072965,0.021431,0.618553,0.782054,-0.020012,-1.079492,0.015211,0.047146,-0.003240,-0.677020,-0.734446,-0.146810,-1.109470,0.935317
635,2.645833,-0.035370,-0.051526,0.661935,0.746951,-0.206109,-1.067311,0.008666,0.076736,0.024528,0.618114,0.781950,-0.019415,-1.079635,0.015573,0.046858,-0.002645,-0.676903,-0.734575,-0.145680,-1.109470,0.935426
636,2.650000,-0.034434,-0.050293,0.662219,0.746827,-0.205939,-1.067303,0.008622,0.080681,0.027703,0.617596,0.781856,-0.018744,-1.079696,0.016002,0.046783,-0.002283,-0.676644,-0.734819,-0.144594,-1.109506,0.935461
637,2.654167,-0.033562,-0.049000,0.662376,0.746814,-0.205736,-1.067309,0.008592,0.084327,0.030777,0.617420,0.781495,-0.018020,-1.079684,0.016436,0.046313,-0.001499,-0.676387,-0.735087,-0.143523,-1.109488,0.935492
638,2.658333,-0.032725,-0.047863,0.662420,0.746885,-0.205505,-1.067315,0.008564,0.088041,0.033716,0.617594,0.780827,-0.017172,-1.079648,0.016782,0.046163,-0.001127,-0.676069,-0.735390,-0.142446,-1.109435,0.935410
639,2.662500,-0.031984,-0.046981,0.662424,0.746970,-0.205289,-1.067353,0.008530,0.088905,0.037425,0.617717,0.780462,-0.016222,-1.079755,0.017331,0.046145,-0.001299,-0.675716,-0.735715,-0.141378,-1.109401,0.935278
640,2.666667,-0.031025,-0.045647,0.662649,0.746894,-0.205179,-1.067415,0.008447,0.088870,0.040367,0.617804,0.780251,-0.015188,-1.079832,0.017941,0.046661,-0.001331,-0.675189,-0.736167,-0.140275,-1.109365,0.935012
641,2.670833,-0.030094,-0.044386,0.662958,0.746733,-0.205130,-1.067418,0.008394,0.087644,0.043395,0.618173,0.779935,-0.013997,-1.079868,0.018574,0.046968,-0.001291,-0.674726,-0.736571,-0.139179,-1.109246,0.934737
642,2.675000,-0.029385,-0.043304,0.663245,0.746570,-0.205103,-1.067422,0.008344,0.087273,0.046542,0.618458,0.779568,-0.012659,-1.079870,0.019184,0.046873,-0.001346,-0.674213,-0.737047,-0.138027,-1.109140,0.934470
643,2.679167,-0.028890,-0.042375,0.663468,0.746445,-0.205077,-1.067430,0.008308,0.086547,0.049524,0.618362,0.779542,-0.011163,-1.079845,0.019732,0.046682,-0.002041,-0.673569,-0.737646,-0.136840,-1.108983,0.934113
644,2.683333,-0.028587,-0.041936,0.663531,0.746425,-0.205020,-1.067428,0.008295,0.086290,0.051718,0.617842,0.779840,-0.009380,-1.079812,0.020356,0.046744,-0.002152,-0.672893,-0.738258,-0.135651,-1.108802,0.933775
645,2.687500,-0.028335,-0.041478,0.663497,0.746491,-0.204943,-1.067405,0.008271,0.085970,0.055519,0.617314,0.780032,-0.007476,-1.079761,0.020907,0.046083,-0.001986,-0.672261,-0.738876,-0.134454,-1.108647,0.933538
646,2.691667,-0.028277,-0.041289,0.663395,0.746594,-0.204890,-1.067390,0.008259,0.085324,0.059184,0.616197,0.780716,-0.005389,-1.079636,0.021462,0.045882,-0.002327,-0.671497,-0.739582,-0.133231,-1.108429,0.933166
647,2.695833,-0.028267,-0.041239,0.663295,0.746686,-0.204868,-1.067386,0.008247,0.085445,0.061959,0.614423,0.781885,-0.003103,-1.079638,0.022076,0.045363,-0.002189,-0.670719,-0.740320,-0.132064,-1.108178,0.932961
648,2.700000,-0.028142,-0.041253,0.663285,0.746699,-0.204959,-1.067541,0.008248,0.084183,0.064185,0.612486,0.783361,-0.000581,-1.079675,0.022659,0.044205,-0.001376,-0.670044,-0.741003,-0.130851,-1.107978,0.932941
649,2.704167,-0.028447,-0.041259,0.663193,0.746769,-0.204956,-1.067554,0.008208,0.081535,0.064286,0.610242,0.785382,0.002239,-1.079646,0.023425,0.043818,-0.001156,-0.669236,-0.741755,-0.129576,-1.107729,0.932764
650,2.708333,-0.028427,-0.041056,0.663280,0.746704,-0.205006,-1.067559,0.008176,0.079246,0.064899,0.607420,0.787749,0.005233,-1.079630,0.024037,0.043605,-0.000710,-0.668480,-0.742451,-0.128292,-1.107476,0.932664
651,2.712500,-0.028297,-0.040808,0.663313,0.746693,-0.205018,-1.067560,0.008158,0.077253,0.065472,0.604612,0.790056,0.008349,-1.079562,0.024640,0.043351,-0.000923,-0.667727,-0.743143,-0.126991,-1.107239,0.932496
652,2.716667,-0.028318,-0.040743,0.663263,0.746740,-0.204998,-1.067543,0.008151,0.074910,0.066110,0.601541,0.792570,0.011660,-1.079532,0.025161,0.042782,-0.000354,-0.667190,-0.743658,-0.125692,-1.106940,0.932418
653,2.720833,-0.028291,-0.040621,0.663141,0.746856,-0.204962,-1.067546,0.008136,0.071647,0.066966,0.598004,0.795471,0.015177,-1.079557,0.025628,0.041803,0.000884,-0.666662,-0.744187,-0.124413,-1.106636,0.932410
654,2.725000,-0.028248,-0.040512,0.663092,0.746907,-0.204932,-1.067535,0.008130,0.068820,0.067485,0.594042,0.798639,0.018936,-1.079505,0.026109,0.041375,0.002028,-0.666116,-0.744697,-0.123054,-1.106446,0.932286
655,2.729167,-0.028055,-0.040346,0.663127,0.746892,-0.204936,-1.067535,0.008124,0.065176,0.066988,0.590395,0.801685,0.022842,-1.079464,0.026667,0.041180,0.002566,-0.665878,-0.744919,-0.121717,-1.106093,0.932200
656,2.733333,-0.027737,-0.040047,0.663292,0.746773,-0.204980,-1.067549,0.008127,0.061671,0.066046,0.586561,0.804848,0.026999,-1.079313,0.027085,0.041025,0.002990,-0.665709,-0.745077,-0.120376,-1.105768,0.932113
657,2.737500,-0.027651,-0.039916,0.663412,0.746678,-0.204997,-1.067563,0.008110,0.056606,0.062886,0.583051,0.808018,0.031354,-1.078937,0.027431,0.040935,0.002607,-0.665350,-0.745404,-0.119079,-1.105501,0.931925
658,2.741667,-0.027489,-0.039630,0.663490,0.746629,-0.205013,-1.067566,0.008093,0.050807,0.062619,0.579524,0.810956,0.035674,-1.078756,0.027866,0.040938,0.002839,-0.665216,-0.745522,-0.117854,-1.105177,0.931840
659,2.745833,-0.027432,-0.039509,0.663518,0.746612,-0.205003,-1.067573,0.008084,0.045418,0.061493,0.575567,0.814173,0.040285,-1.078625,0.028239,0.040546,0.003478,-0.664962,-0.745768,-0.116679,-1.104922,0.931951
660,2.750000,-0.027285,-0.039168,0.663490,0.746661,-0.204973,-1.067555,0.008066,0.040448,0.059652,0.571872,0.817171,0.044989,-1.078431,0.028679,0.040476,0.003995,-0.664788,-0.745924,-0.115527,-1.104663,0.932043
661,2.754167,-0.027146,-0.038899,0.663516,0.746656,-0.204926,-1.067533,0.008049,0.035482,0.057972,0.567942,0.820257,0.049840,-1.078240,0.029183,0.040362,0.004247,-0.664748,-0.745964,-0.114356,-1.104351,0.932112
662,2.758333,-0.026894,-0.038385,0.663543,0.746668,-0.204896,-1.067513,0.008028,0.029747,0.056669,0.564073,0.823241,0.054819,-1.078045,0.029642,0.039843,0.004633,-0.664637,-0.746089,-0.113252,-1.104094,0.932222
663,2.762500,-0.026836,-0.038215,0.663547,0.746676,-0.204870,-1.067507,0.008026,0.025094,0.054680,0.560209,0.826164,0.059976,-1.077746,0.030136,0.039575,0.005091,-0.664614,-0.746121,-0.112151,-1.103829,0.932279
664,2.766667,-0.026607,-0.037777,0.663667,0.746600,-0.204871,-1.067505,0.008006,0.019773,0.052796,0.556062,0.829226,0.065227,-1.077472,0.030599,0.039516,0.005297,-0.664637,-0.746102,-0.111007,-1.103539,0.932295
665,2.770833,-0.026394,-0.037464,0.663764,0.746537,-0.204877,-1.067501,0.007996,0.015742,0.050822,0.552269,0.831966,0.070671,-1.077157,0.031041,0.039477,0.005343,-0.664635,-0.746105,-0.109858,-1.103258,0.932234
666,2.775000,-0.026243,-0.037222,0.663842,0.746485,-0.204869,-1.067494,0.007983,0.010221,0.048693,0.548467,0.834691,0.076167,-1.076842,0.031600,0.039232,0.006304,-0.664798,-0.745966,-0.108685,-1.102931,0.932386
667,2.779167,-0.026037,-0.036926,0.663862,0.746489,-0.204828,-1.067484,0.007976,0.006279,0.046017,0.544363,0.837563,0.081789,-1.076578,0.032064,0.039311,0.006981,-0.664914,-0.745852,-0.107479,-1.102598,0.932413
668,2.783333,-0.025884,-0.036454,0.663852,0.746526,-0.204776,-1.067466,0.007959,0.001553,0.043856,0.540639,0.840109,0.087437,-1.076222,0.032669,0.039284,0.006934,-0.664915,-0.745853,-0.106245,-1.102283,0.932260
669,2.787500,-0.025704,-0.036084,0.663858,0.746545,-0.204729,-1.067450,0.007941,-0.001503,0.041508,0.536909,0.842617,0.093198,-1.075732,0.033141,0.039099,0.007812,-0.665020,-0.745761,-0.105006,-1.101928,0.932277
670,2.791667,-0.025497,-0.035705,0.663912,0.746523,-0.204706,-1.067436,0.007942,-0.006187,0.038967,0.533710,0.844747,0.099004,-1.075203,0.033672,0.038995,0.008746,-0.665081,-0.745701,-0.103749,-1.101559,0.932289
671,2.795833,-0.025252,-0.035346,0.663949,0.746515,-0.204689,-1.067444,0.007924,-0.009212,0.036027,0.530396,0.846934,0.104881,-1.074538,0.034202,0.039372,0.009166,-0.665122,-0.745640,-0.102438,-1.101170,0.932153
672,2.800000,-0.025040,-0.035006,0.664076,0.746425,-0.204689,-1.067449,0.007916,-0.012699,0.032560,0.527256,0.848988,0.110862,-1.073836,0.034837,0.039345,0.010211,-0.665140,-0.745612,-0.101176,-1.100796,0.932164
673,2.804167,-0.024397,-0.033944,0.664086,0.746486,-0.204658,-1.067470,0.007853,-0.016163,0.029361,0.524107,0.850993,0.117036,-1.073188,0.035252,0.039444,0.011273,-0.665157,-0.745575,-0.099827,-1.100402,0.932166
674,2.808333,-0.024157,-0.033523,0.664109,0.746493,-0.204619,-1.067475,0.007838,-0.019455,0.026398,0.521282,0.852754,0.123119,-1.072430,0.035845,0.039986,0.011761,-0.665296,-0.745415,-0.098438,-1.099980,0.932053
675,2.812500,-0.023945,-0.033130,0.664215,0.746423,-0.204590,-1.067430,0.007843,-0.021692,0.022380,0.518791,0.854333,0.129125,-1.071636,0.036356,0.039869,0.012543,-0.665242,-0.745457,-0.097102,-1.099562,0.931979
676,2.816667,-0.024023,-0.033131,0.664181,0.746451,-0.204552,-1.067434,0.007865,-0.023981,0.019398,0.516716,0.855601,0.135358,-1.070963,0.036619,0.039722,0.013418,-0.665228,-0.745462,-0.095717,-1.099145,0.932019
677,2.820833,-0.023902,-0.032907,0.664198,0.746450,-0.204513,-1.067434,0.007867,-0.026546,0.017169,0.514796,0.856730,0.141572,-1.070066,0.036843,0.040043,0.014468,-0.665391,-0.745280,-0.094309,-1.098679,0.932040
678,2.825000,-0.023104,-0.032141,0.664237,0.746473,-0.204496,-1.067399,0.007923,-0.031314,0.015708,0.512267,0.858112,0.147803,-1.069234,0.037132,0.040413,0.014766,-0.665264,-0.745368,-0.092904,-1.098258,0.931886
679,2.829167,-0.022526,-0.031664,0.664326,0.746432,-0.204480,-1.067403,0.007935,-0.035346,0.013082,0.509821,0.859455,0.154137,-1.068335,0.037476,0.040469,0.015537,-0.665293,-0.745322,-0.091498,-1.097807,0.931902
680,2.833333,-0.022292,-0.031470,0.664331,0.746443,-0.204455,-1.067374,0.007944,-0.039651,0.010996,0.507380,0.860740,0.160544,-1.067502,0.037658,0.040751,0.016080,-0.665426,-0.745177,-0.090004,-1.097336,0.931907
681,2.837500,-0.022075,-0.031072,0.664391,0.746412,-0.204444,-1.067389,0.007944,-0.042300,0.009255,0.505760,0.861587,0.167009,-1.066649,0.037942,0.040641,0.016304,-0.665408,-0.745194,-0.088608,-1.096891,0.931790
682,2.841667,-0.021690,-0.030309,0.664408,0.746440,-0.204414,-1.067415,0.007896,-0.046222,0.007655,0.503928,0.862474,0.173461,-1.065791,0.038066,0.040762,0.016863,-0.665465,-0.745124,-0.087123,-1.096447,0.931755
683,2.845833,-0.021607,-0.030242,0.664468,0.746392,-0.204334,-1.067339,0.007921,-0.049196,0.006140,0.502374,0.863228,0.179935,-1.064860,0.038155,0.041058,0.017553,-0.665653,-0.744924,-0.085599,-1.095971,0.931753
684,2.850000,-0.021353,-0.029804,0.664519,0.746371,-0.204281,-1.067318,0.007909,-0.052315,0.004888,0.501232,0.863716,0.186414,-1.063851,0.038245,0.041694,0.017575,-0.665635,-0.744905,-0.084090,-1.095533,0.931570
685,2.854167,-0.021089,-0.029421,0.664579,0.746341,-0.204244,-1.067314,0.007903,-0.056119,0.004542,0.499815,0.864300,0.192841,-1.062882,0.038214,0.042131,0.017790,-0.665702,-0.744815,-0.082537,-1.095083,0.931454
686,2.858333,-0.020841,-0.029115,0.664637,0.746308,-0.204215,-1.067317,0.007908,-0.058702,0.003887,0.498804,0.864716,0.199346,-1.061883,0.038172,0.042521,0.018184,-0.665935,-0.744575,-0.080985,-1.094594,0.931391
687,2.862500,-0.020403,-0.028090,0.664654,0.746344,-0.204171,-1.067351,0.007824,-0.063383,0.003715,0.497467,0.865156,0.205862,-1.060930,0.038079,0.042348,0.018136,-0.665971,-0.744554,-0.079469,-1.094125,0.931239
688,2.866667,-0.020023,-0.027366,0.664818,0.746235,-0.204149,-1.067318,0.007804,-0.067421,0.004229,0.496060,0.865657,0.212446,-1.059989,0.037878,0.042511,0.018226,-0.666160,-0.744373,-0.077904,-1.093672,0.931137
689,2.870833,-0.019709,-0.026862,0.664973,0.746124,-0.204110,-1.067256,0.007810,-0.069401,0.001963,0.495077,0.866071,0.219078,-1.058980,0.038169,0.042562,0.018501,-0.666336,-0.744206,-0.076323,-1.093155,0.931114
690,2.875000,-0.019431,-0.026417,0.665045,0.746083,-0.204070,-1.067233,0.007809,-0.074045,0.003792,0.493899,0.866353,0.225736,-1.058059,0.037779,0.042804,0.018168,-0.666398,-0.744145,-0.074768,-1.092707,0.930926
691,2.879167,-0.019210,-0.026101,0.665083,0.746066,-0.204027,-1.067237,0.007806,-0.077237,0.004911,0.492742,0.866727,0.232256,-1.057055,0.037590,0.043198,0.018315,-0.666694,-0.743853,-0.073098,-1.092224,0.930797
692,2.883333,-0.018944,-0.025767,0.665085,0.746083,-0.203995,-1.067257,0.007798,-0.078575,0.005786,0.491889,0.867086,0.238869,-1.056034,0.037449,0.043557,0.018007,-0.666851,-0.743699,-0.071455,-1.091769,0.930639
693,2.887500,-0.018672,-0.025419,0.665153,0.746041,-0.203964,-1.067253,0.007797,-0.081217,0.007141,0.490747,0.867480,0.245432,-1.055070,0.037200,0.043841,0.017459,-0.667083,-0.743488,-0.069811,-1.091284,0.930433
694,2.891667,-0.018413,-0.024994,0.665189,0.746029,-0.203934,-1.067248,0.007796,-0.083033,0.009360,0.489568,0.867952,0.251975,-1.054081,0.036975,0.043660,0.017476,-0.667234,-0.743362,-0.068157,-1.090853,0.930294
695,2.895833,-0.018114,-0.024526,0.665275,0.745976,-0.203916,-1.067256,0.007783,-0.082419,0.009000,0.488380,0.868684,0.258613,-1.052998,0.036731,0.044370,0.017275,-0.667571,-0.743022,-0.066484,-1.090338,0.930075
696,2.900000,-0.017891,-0.024145,0.665314,0.745958,-0.203892,-1.067259,0.007784,-0.080615,0.010987,0.487986,0.869052,0.265138,-1.052120,0.036678,0.044018,0.016816,-0.667788,-0.742859,-0.064777,-1.089887,0.929831
697,2.904167,-0.017564,-0.023832,0.665385,0.745913,-0.203867,-1.067253,0.007774,-0.085258,0.015164,0.486804,0.869208,0.271625,-1.051278,0.036405,0.044370,0.016361,-0.667938,-0.742713,-0.063085,-1.089436,0.929632
698,2.908333,-0.017323,-0.023418,0.665404,0.745915,-0.203840,-1.067237,0.007766,-0.089392,0.017116,0.485849,0.869291,0.278175,-1.050403,0.036210,0.044124,0.016271,-0.668229,-0.742468,-0.061411,-1.088947,0.929435
699,2.912500,-0.017142,-0.023131,0.665427,0.745908,-0.203812,-1.067227,0.007761,-0.090575,0.018901,0.485294,0.869442,0.284668,-1.049500,0.036078,0.044058,0.015773,-0.668420,-0.742310,-0.059633,-1.088495,0.929136
700,2.916667,-0.016932,-0.022780,0.665487,0.745870,-0.203783,-1.067213,0.007756,-0.091963,0.020462,0.484549,0.869676,0.291054,-1.048604,0.035972,0.044350,0.015775,-0.668707,-0.742035,-0.057905,-1.088054,0.928920
701,2.920833,-0.016701,-0.022393,0.665542,0.745837,-0.203761,-1.067196,0.007752,-0.094621,0.022275,0.483965,0.869672,0.297445,-1.047723,0.035768,0.044291,0.015133,-0.668938,-0.741843,-0.056115,-1.087582,0.928594
702,2.925000,-0.016443,-0.021944,0.665623,0.745784,-0.203747,-1.067177,0.007750,-0.097611,0.023367,0.483512,0.869565,0.303816,-1.046867,0.035686,0.043952,0.015050,-0.669198,-0.741630,-0.054294,-1.087168,0.928373
703,2.929167,-0.016258,-0.021558,0.665646,0.745779,-0.203735,-1.067177,0.007743,-0.101693,0.024934,0.483011,0.869331,0.310131,-1.046001,0.035527,0.044622,0.014567,-0.669568,-0.741266,-0.052467,-1.086660,0.928037
704,2.933333,-0.016142,-0.021348,0.665697,0.745742,-0.203712,-1.067175,0.007735,-0.103127,0.024594,0.483011,0.869172,0.316401,-1.045012,0.035623,0.044042,0.014209,-0.669717,-0.741173,-0.050631,-1.086250,0.927722
705,2.937500,-0.015877,-0.020912,0.665720,0.745739,-0.203695,-1.067168,0.007733,-0.104415,0.026342,0.482609,0.869191,0.322634,-1.044280,0.035512,0.043905,0.013899,-0.670030,-0.740904,-0.048759,-1.085795,0.927443
706,2.941667,-0.015693,-0.020568,0.665725,0.745748,-0.203671,-1.067171,0.007721,-0.107723,0.028403,0.482292,0.868898,0.328817,-1.043611,0.035476,0.043850,0.013421,-0.670261,-0.740708,-0.046901,-1.085363,0.927025
707,2.945833,-0.015494,-0.020154,0.665758,0.745734,-0.203649,-1.067171,0.007706,-0.110897,0.029206,0.481714,0.868792,0.334951,-1.042870,0.035482,0.043623,0.013365,-0.670624,-0.740393,-0.044956,-1.084904,0.926728
708,2.950000,-0.015357,-0.019880,0.665786,0.745720,-0.203636,-1.067166,0.007707,-0.112216,0.028951,0.481840,0.868562,0.341043,-1.042045,0.035622,0.043201,0.012819,-0.670839,-0.740232,-0.043058,-1.084442,0.926330
709,2.954167,-0.015171,-0.019526,0.665836,0.745688,-0.203625,-1.067160,0.007698,-0.116017,0.029153,0.481448,0.868273,0.347120,-1.041275,0.035649,0.042955,0.012401,-0.671041,-0.740071,-0.041116,-1.084031,0.925962
710,2.958333,-0.014936,-0.019034,0.665876,0.745670,-0.203606,-1.067150,0.007685,-0.116110,0.029352,0.480939,0.868536,0.353075,-1.040580,0.035850,0.043092,0.012236,-0.671520,-0.739631,-0.039107,-1.083515,0.925574
711,2.962500,-0.014780,-0.018608,0.665901,0.745662,-0.203582,-1.067136,0.007676,-0.118480,0.029641,0.480073,0.868685,0.359000,-1.039949,0.035908,0.042360,0.011730,-0.671646,-0.739567,-0.037117,-1.083102,0.925137
712,2.966667,-0.014550,-0.018165,0.665950,0.745633,-0.203568,-1.067130,0.007669,-0.120752,0.029230,0.479436,0.868738,0.364881,-1.039293,0.036010,0.041906,0.011651,-0.672033,-0.739243,-0.035116,-1.082631,0.924734
713,2.970833,-0.014536,-0.017852,0.665832,0.745746,-0.203567,-1.067209,0.007652,-0.123045,0.028840,0.478375,0.869014,0.370691,-1.038675,0.036158,0.041458,0.011428,-0.672265,-0.739061,-0.033052,-1.082170,0.924349
714,2.975000,-0.014321,-0.017172,0.665769,0.745823,-0.203527,-1.067232,0.007618,-0.124564,0.028265,0.477690,0.869194,0.376425,-1.038036,0.036289,0.041253,0.011644,-0.672668,-0.738702,-0.030952,-1.081687,0.923905
715,2.979167,-0.014061,-0.016622,0.665811,0.745802,-0.203506,-1.067226,0.007599,-0.127303,0.027777,0.476765,0.869320,0.382091,-1.037448,0.036413,0.040080,0.011597,-0.672883,-0.738571,-0.028902,-1.081199,0.923556
716,2.983333,-0.013767,-0.016228,0.665841,0.745790,-0.203483,-1.067197,0.007599,-0.128074,0.027144,0.476184,0.869545,0.387676,-1.036780,0.036640,0.039823,0.011094,-0.673147,-0.738352,-0.026760,-1.080742,0.922997
717,2.987500,-0.013585,-0.015795,0.665884,0.745765,-0.203454,-1.067181,0.007582,-0.132802,0.026692,0.475010,0.869492,0.393203,-1.036203,0.036656,0.039397,0.011380,-0.673518,-0.738032,-0.024602,-1.080244,0.922624
718,2.991667,-0.013444,-0.015252,0.665955,0.745715,-0.203441,-1.067198,0.007575,-0.135478,0.026108,0.473603,0.869864,0.398702,-1.035701,0.036760,0.039112,0.011299,-0.673864,-0.737733,-0.022359,-1.079715,0.922203
719,2.995833,-0.013115,-0.014910,0.666153,0.745551,-0.203394,-1.067129,0.007581,-0.137597,0.025932,0.472360,0.870213,0.404156,-1.035172,0.036901,0.038683,0.011599,-0.674253,-0.737395,-0.020167,-1.079177,0.921804
720,3.000000,-0.012777,-0.014440,0.666213,0.745512,-0.203356,-1.067092,0.007581,-0.139499,0.026156,0.470682,0.870812,0.409530,-1.034807,0.036838,0.038324,0.010915,-0.674430,-0.737263,-0.017887,-1.078691,0.921241
721,3.004167,-0.012551,-0.013764,0.666230,0.745513,-0.203321,-1.067104,0.007546,-0.138044,0.026093,0.469774,0.871536,0.414801,-1.034311,0.036880,0.038274,0.010645,-0.674760,-0.736967,-0.015593,-1.078167,0.920690
722,3.008333,-0.012318,-0.013234,0.666257,0.745503,-0.203289,-1.067104,0.007538,-0.139347,0.026311,0.468463,0.872028,0.420008,-1.033899,0.036885,0.037818,0.010426,-0.675024,-0.736752,-0.013254,-1.077624,0.920253
723,3.012500,-0.012072,-0.012790,0.666338,0.745443,-0.203278,-1.067108,0.007535,-0.141064,0.026502,0.467186,0.872431,0.425160,-1.033575,0.036858,0.037723,0.010071,-0.675400,-0.736417,-0.010873,-1.077032,0.919745
724,3.016667,-0.011882,-0.012418,0.666382,0.745412,-0.203255,-1.067114,0.007532,-0.141191,0.026906,0.466170,0.872942,0.430104,-1.033241,0.036717,0.036840,0.009611,-0.675547,-0.736333,-0.008537,-1.076478,0.919280
725,3.020833,-0.011668,-0.011854,0.666471,0.745346,-0.203237,-1.067103,0.007527,-0.141564,0.027215,0.465243,0.873366,0.434981,-1.032950,0.036639,0.036596,0.008352,-0.675794,-0.736134,-0.006093,-1.075943,0.918585
726,3.025000,-0.011448,-0.011324,0.666514,0.745319,-0.203206,-1.067095,0.007514,-0.142202,0.027470,0.464242,0.873787,0.439812,-1.032700,0.036605,0.036870,0.007696,-0.676084,-0.735861,-0.003682,-1.075377,0.917922
727,3.029167,-0.011306,-0.010925,0.666577,0.745270,-0.203187,-1.067092,0.007515,-0.141255,0.027533,0.464182,0.873970,0.444480,-1.032454,0.036543,0.036717,0.007388,-0.676380,-0.735600,-0.001179,-1.074826,0.917336
728,3.033333,-0.011124,-0.010404,0.666667,0.745200,-0.203169,-1.067091,0.007517,-0.141543,0.027708,0.463662,0.874194,0.449099,-1.032253,0.036426,0.036956,0.006978,-0.676846,-0.735163,0.001341,-1.074198,0.916719
729,3.037500,-0.010930,-0.009877,0.666728,0.745155,-0.203144,-1.067080,0.007520,-0.143727,0.027764,0.463281,0.874038,0.453547,-1.032186,0.036334,0.036577,0.006136,-0.676895,-0.735145,0.003924,-1.073660,0.916116
730,3.041667,-0.010805,-0.009457,0.666783,0.745114,-0.203114,-1.067063,0.007531,-0.143174,0.027671,0.463875,0.873817,0.457824,-1.031981,0.036078,0.036456,0.004177,-0.676967,-0.735098,0.006543,-1.073091,0.915225
731,3.045833,-0.010586,-0.008756,0.666867,0.745050,-0.203080,-1.067050,0.007522,-0.142999,0.027431,0.465042,0.873232,0.461956,-1.031876,0.035893,0.033330,0.002836,-0.676296,-0.735871,0.008972,-1.072213,0.915314
732,3.050000,-0.010376,-0.008063,0.666918,0.745015,-0.203056,-1.067035,0.007526,-0.141301,0.027158,0.467147,0.872394,0.465913,-1.031615,0.035588,0.032907,0.001968,-0.676584,-0.735627,0.011654,-1.071684,0.914678
733,3.054167,-0.010089,-0.007135,0.666983,0.744970,-0.203008,-1.067005,0.007508,-0.139654,0.026491,0.469680,0.871318,0.469725,-1.031510,0.035319,0.032773,0.001802,-0.677033,-0.735220,0.014271,-1.071076,0.914114
734,3.058333,-0.009914,-0.006447,0.667081,0.744891,-0.202976,-1.066993,0.007508,-0.137905,0.025796,0.473517,0.869539,0.473332,-1.031233,0.035035,0.032080,0.001922,-0.677188,-0.735108,0.017015,-1.070630,0.913587
735,3.062500,-0.009736,-0.005729,0.667092,0.744889,-0.202971,-1.067026,0.007512,-0.135518,0.025704,0.476717,0.868168,0.476733,-1.031229,0.034593,0.031958,0.001730,-0.677573,-0.734759,0.019799,-1.070008,0.913022
736,3.066667,-0.009451,-0.004728,0.667210,0.744795,-0.202938,-1.067012,0.007504,-0.133107,0.024801,0.481837,0.865737,0.479995,-1.030920,0.034182,0.031297,0.001996,-0.677827,-0.734552,0.022595,-1.069407,0.912552
737,3.070833,-0.009176,-0.003686,0.667329,0.744697,-0.202905,-1.066985,0.007510,-0.130767,0.024321,0.487003,0.863213,0.483019,-1.030820,0.033606,0.030793,0.001142,-0.677944,-0.734468,0.025508,-1.068840,0.911975
738,3.075000,-0.008937,-0.002760,0.667507,0.744544,-0.202859,-1.066938,0.007518,-0.126985,0.023962,0.492178,0.860849,0.485840,-1.030822,0.033010,0.030213,0.000633,-0.678163,-0.734290,0.028404,-1.068227,0.911375
739,3.079167,-0.008921,-0.002134,0.667605,0.744459,-0.202841,-1.066917,0.007559,-0.124090,0.023006,0.498012,0.857937,0.488386,-1.030646,0.032461,0.029762,-0.000270,-0.678327,-0.734157,0.031351,-1.067630,0.910731
740,3.083333,-0.008992,-0.001411,0.667694,0.744380,-0.202810,-1.066891,0.007602,-0.118599,0.022950,0.503390,0.855574,0.490788,-1.030697,0.031727,0.029105,-0.001346,-0.678335,-0.734175,0.034357,-1.067127,0.910031
741,3.087500,-0.009015,-0.000662,0.667816,0.744271,-0.202784,-1.066869,0.007651,-0.111901,0.023302,0.508782,0.853274,0.492972,-1.030874,0.030937,0.028504,-0.002264,-0.678382,-0.734153,0.037411,-1.066603,0.909392
742,3.091667,-0.009039,0.000188,0.667955,0.744146,-0.202754,-1.066842,0.007684,-0.103191,0.024107,0.512993,0.851827,0.494975,-1.031185,0.030090,0.027431,-0.002521,-0.678601,-0.733990,0.040494,-1.066031,0.908873
743,3.095833,-0.009018,0.001087,0.668135,0.743985,-0.202726,-1.066812,0.007736,-0.093917,0.025080,0.517177,0.850340,0.496769,-1.031627,0.029086,0.026998,-0.003226,-0.678731,-0.733883,0.043651,-1.065560,0.908104
744,3.100000,-0.009215,0.001608,0.668396,0.743747,-0.202709,-1.066754,0.007821,-0.082830,0.027343,0.520099,0.849640,0.498479,-1.032277,0.027961,0.026836,-0.004463,-0.678675,-0.733935,0.046796,-1.065106,0.907579
745,3.104167,-0.009186,0.002675,0.668665,0.743503,-0.202679,-1.066713,0.007880,-0.069900,0.030360,0.521552,0.849809,0.500108,-1.033093,0.026797,0.026740,-0.004985,-0.678895,-0.733731,0.050055,-1.064580,0.906948
746,3.108333,-0.009252,0.003809,0.668899,0.743286,-0.202637,-1.066668,0.007970,-0.056054,0.033204,0.521550,0.850730,0.501638,-1.034211,0.025713,0.026109,-0.004849,-0.679105,-0.733560,0.053386,-1.064059,0.906338
747,3.112500,-0.009234,0.005238,0.669179,0.743026,-0.202583,-1.066602,0.008052,-0.043607,0.034422,0.520558,0.852017,0.503236,-1.035682,0.024653,0.025586,-0.005388,-0.679227,-0.733463,0.056792,-1.063608,0.905719
748,3.116667,-0.009195,0.006807,0.669463,0.742758,-0.202526,-1.066550,0.008145,-0.032805,0.034385,0.519513,0.853140,0.504667,-1.037140,0.023913,0.024756,-0.005666,-0.679347,-0.733378,0.060188,-1.063101,0.905203
749,3.120833,-0.008911,0.008531,0.669740,0.742493,-0.202451,-1.066467,0.008240,-0.027359,0.031081,0.520357,0.852944,0.505836,-1.038489,0.023508,0.024486,-0.006262,-0.679438,-0.733298,0.063653,-1.062652,0.904615
750,3.125000,-0.008652,0.010134,0.670129,0.742125,-0.202377,-1.066390,0.008336,-0.026342,0.027862,0.523587,0.851109,0.506823,-1.039322,0.023101,0.023911,-0.006450,-0.679546,-0.733215,0.067233,-1.062218,0.904055
751,3.129167,-0.008176,0.012487,0.670567,0.741699,-0.202283,-1.066293,0.008403,-0.026236,0.025313,0.528822,0.847949,0.507607,-1.039835,0.022447,0.023754,-0.006688,-0.679692,-0.733082,0.070793,-1.061823,0.903474
752,3.133333,-0.007678,0.015242,0.671043,0.741222,-0.202183,-1.066178,0.008506,-0.029973,0.020976,0.533643,0.844918,0.508320,-1.040250,0.022035,0.024083,-0.006732,-0.679718,-0.733047,0.074409,-1.061431,0.902913
753,3.137500,-0.007494,0.017946,0.671466,0.740780,-0.202087,-1.066065,0.008636,-0.029556,0.018094,0.538055,0.842197,0.509118,-1.040559,0.021248,0.023743,-0.006358,-0.679799,-0.732987,0.078086,-1.061038,0.902510
754,3.141667,-0.007531,0.020528,0.671844,0.740370,-0.202005,-1.065970,0.008798,-0.029638,0.015187,0.540352,0.840780,0.509947,-1.040874,0.020604,0.024228,-0.006437,-0.680011,-0.732773,0.081828,-1.060701,0.901872
755,3.145833,-0.007529,0.023467,0.672000,0.740141,-0.201946,-1.065888,0.009004,-0.027357,0.012819,0.541737,0.840005,0.510652,-1.041221,0.019661,0.024605,-0.005973,-0.680016,-0.732760,0.085541,-1.060394,0.901464
756,3.150000,-0.007462,0.026318,0.672148,0.739911,-0.201878,-1.065797,0.009248,-0.025685,0.009931,0.542083,0.839874,0.511203,-1.041412,0.018812,0.024941,-0.005664,-0.680194,-0.732586,0.089279,-1.060098,0.901027
757,3.154167,-0.007808,0.028442,0.672299,0.739692,-0.201857,-1.065738,0.009493,-0.025907,0.005028,0.542110,0.839893,0.511549,-1.041649,0.017970,0.025220,-0.005122,-0.680306,-0.732477,0.093014,-1.059802,0.900639
758,3.158333,-0.007934,0.031141,0.672323,0.739561,-0.201798,-1.065690,0.009805,-0.025508,0.001134,0.542193,0.839866,0.511962,-1.041598,0.017399,0.023890,-0.005009,-0.680129,-0.732686,0.096674,-1.059521,0.900621
759,3.162500,-0.008413,0.033174,0.672394,0.739402,-0.201742,-1.065621,0.010103,-0.022814,-0.000524,0.541787,0.840206,0.512526,-1.041498,0.016802,0.023583,-0.004151,-0.680189,-0.732646,0.100328,-1.059175,0.900429
760,3.166667,-0.009445,0.034466,0.672491,0.739242,-0.201709,-1.065545,0.010401,-0.021121,-0.001965,0.541787,0.840248,0.513035,-1.041302,0.016288,0.023350,-0.002637,-0.680188,-0.732661,0.103913,-1.058987,0.900304
761,3.170833,-0.010954,0.035873,0.672517,0.739130,-0.201669,-1.065460,0.010764,-0.020717,-0.003209,0.542109,0.840047,0.513466,-1.041144,0.015842,0.022529,-0.001844,-0.680469,-0.732428,0.107637,-1.058842,0.900108
762,3.175000,-0.012470,0.037439,0.672661,0.738897,-0.201607,-1.065380,0.011164,-0.020830,-0.005481,0.542318,0.839897,0.513906,-1.041100,0.015450,0.022425,-0.001619,-0.680656,-0.732258,0.111287,-1.058683,0.899894
763,3.179167,-0.014380,0.039177,0.672961,0.738500,-0.201549,-1.065307,0.011563,-0.020716,-0.008203,0.542394,0.839829,0.514360,-1.041057,0.014978,0.023034,-0.001236,-0.680967,-0.731951,0.114905,-1.058552,0.899601
764,3.183333,-0.016034,0.040592,0.673458,0.737936,-0.201429,-1.065251,0.012003,-0.019737,-0.010716,0.542412,0.839813,0.514835,-1.041032,0.014488,0.024675,-0.001292,-0.681310,-0.731578,0.118610,-1.058430,0.899321
765,3.187500,-0.017700,0.042814,0.674067,0.737216,-0.201306,-1.065131,0.012436,-0.018691,-0.012709,0.542760,0.839584,0.515331,-1.040948,0.014073,0.024369,-0.001000,-0.681611,-0.731308,0.122282,-1.058328,0.899199
766,3.191667,-0.019360,0.045372,0.674629,0.736507,-0.201144,-1.065020,0.012935,-0.018644,-0.014552,0.543086,0.839344,0.515796,-1.040866,0.013774,0.024850,-0.000151,-0.681840,-0.731079,0.125870,-1.058265,0.899091
767,3.195833,-0.021147,0.047432,0.675155,0.735845,-0.200969,-1.064886,0.013450,-0.017708,-0.016148,0.543682,0.838949,0.516286,-1.040859,0.013483,0.026480,0.000464,-0.682191,-0.730694,0.129566,-1.058197,0.899124
768,3.200000,-0.022956,0.050045,0.675810,0.735017,-0.200700,-1.064764,0.013944,-0.017278,-0.017325,0.544176,0.838614,0.516753,-1.040900,0.013240,0.030953,0.002613,-0.682756,-0.729986,0.133416,-1.058157,0.899467
769,3.204167,-0.025200,0.051946,0.676386,0.734281,-0.200475,-1.064625,0.014527,-0.015790,-0.018020,0.544254,0.838578,0.517208,-1.040913,0.013083,0.031326,0.003957,-0.683135,-0.729609,0.137087,-1.058113,0.899662
770,3.208333,-0.027772,0.053692,0.677265,0.733252,-0.200223,-1.064489,0.015169,-0.014402,-0.017669,0.544174,0.838663,0.517661,-1.040916,0.013003,0.031339,0.004442,-0.683201,-0.729544,0.140762,-1.058193,0.899729
771,3.212500,-0.030652,0.054685,0.678605,0.731824,-0.199939,-1.064363,0.015746,-0.013393,-0.017010,0.543855,0.838900,0.517988,-1.040932,0.012977,0.031964,0.004084,-0.683410,-0.729324,0.144473,-1.058234,0.899680
772,3.216667,-0.033141,0.056868,0.680032,0.730222,-0.199600,-1.064186,0.016267,-0.012990,-0.016920,0.543523,0.839123,0.518149,-1.040956,0.012940,0.032680,0.003735,-0.683431,-0.729273,0.148170,-1.058325,0.899715
773,3.220833,-0.036568,0.058124,0.681484,0.728604,-0.199264,-1.064032,0.016894,-0.013296,-0.017491,0.543220,0.839303,0.518152,-1.040990,0.012877,0.033228,0.003822,-0.683680,-0.729015,0.151844,-1.058383,0.899863
774,3.225000,-0.040463,0.058565,0.682917,0.727019,-0.198811,-1.063881,0.017493,-0.013236,-0.018159,0.543052,0.839399,0.518070,-1.041017,0.012877,0.034178,0.004362,-0.683979,-0.728688,0.155455,-1.058488,0.900163
775,3.229167,-0.042198,0.061459,0.684368,0.725316,-0.198232,-1.063729,0.018266,-0.013389,-0.018380,0.543002,0.839423,0.518001,-1.041080,0.012900,0.033991,0.006010,-0.684389,-0.728300,0.158929,-1.058561,0.900701
776,3.233333,-0.043074,0.065546,0.685807,0.723545,-0.197519,-1.063515,0.019137,-0.013125,-0.018430,0.543115,0.839354,0.517991,-1.041145,0.012927,0.034090,0.006437,-0.684573,-0.728118,0.162278,-1.058641,0.901176
777,3.237500,-0.043577,0.069649,0.687848,0.721190,-0.196728,-1.063213,0.020116,-0.012448,-0.018138,0.543276,0.839266,0.518039,-1.041221,0.012948,0.034450,0.006810,-0.684713,-0.727966,0.165549,-1.058768,0.901771
778,3.241667,-0.046299,0.072140,0.690726,0.718018,-0.195986,-1.062924,0.020830,-0.011483,-0.017389,0.543544,0.839122,0.518109,-1.041281,0.013006,0.034873,0.006859,-0.684977,-0.727697,0.168784,-1.058892,0.902397
779,3.245833,-0.049276,0.074734,0.693957,0.714431,-0.195158,-1.062542,0.021511,-0.010364,-0.016630,0.543857,0.838949,0.518161,-1.041321,0.013088,0.034700,0.007931,-0.685391,-0.727305,0.172004,-1.059071,0.903066
780,3.250000,-0.055850,0.074384,0.697837,0.710191,-0.194282,-1.062513,0.021922,-0.009444,-0.016129,0.544008,0.838872,0.518180,-1.041353,0.013154,0.033088,0.009605,-0.685638,-0.727127,0.175113,-1.059331,0.903795
781,3.254167,-0.060340,0.074447,0.701120,0.706574,-0.193364,-1.062306,0.022459,-0.008918,-0.016063,0.544068,0.838840,0.518182,-1.041393,0.013184,0.033538,0.009027,-0.685970,-0.726800,0.178256,-1.059492,0.904747
782,3.258333,-0.064720,0.073941,0.704533,0.702835,-0.192366,-1.061964,0.023092,-0.008454,-0.016036,0.544205,0.838756,0.518204,-1.041429,0.013180,0.034320,0.009496,-0.686482,-0.726274,0.181362,-1.059703,0.905668
783,3.262500,-0.066619,0.076781,0.707767,0.699094,-0.191283,-1.061666,0.023838,-0.008145,-0.016250,0.544427,0.838611,0.518240,-1.041487,0.013149,0.034017,0.009246,-0.687004,-0.725798,0.184464,-1.059907,0.906904
784,3.266667,-0.069028,0.079054,0.711176,0.695136,-0.190085,-1.061368,0.024640,-0.007846,-0.016492,0.544592,0.838502,0.518271,-1.041559,0.013110,0.034767,0.008882,-0.687443,-0.725351,0.187545,-1.060184,0.907906
785,3.270833,-0.070971,0.080237,0.714321,0.691572,-0.188870,-1.061046,0.025366,-0.007200,-0.016419,0.545187,0.838122,0.518267,-1.041586,0.013078,0.034657,0.007475,-0.687706,-0.725123,0.190651,-1.060521,0.908659
786,3.275000,-0.072309,0.082415,0.717533,0.687842,-0.187563,-1.060679,0.026213,-0.006291,-0.015862,0.545765,0.837765,0.518265,-1.041631,0.013066,0.034343,0.006454,-0.688154,-0.724723,0.193721,-1.060812,0.909716
787,3.279167,-0.073505,0.085066,0.721052,0.683700,-0.186076,-1.060316,0.026973,-0.005547,-0.015499,0.546017,0.837612,0.518270,-1.041714,0.013074,0.033871,0.006537,-0.688407,-0.724503,0.196797,-1.061115,0.910523
788,3.283333,-0.075218,0.086438,0.724433,0.679755,-0.184596,-1.059954,0.027656,-0.004793,-0.014985,0.546152,0.837538,0.518309,-1.041769,0.013131,0.034799,0.006458,-0.688654,-0.724225,0.199799,-1.061468,0.911453
789,3.287500,-0.076816,0.087424,0.728038,0.675587,-0.183085,-1.059609,0.028413,-0.004138,-0.014514,0.546126,0.837567,0.518315,-1.041816,0.013179,0.034747,0.005889,-0.688912,-0.723987,0.202849,-1.061820,0.912380
790,3.291667,-0.077696,0.088399,0.731431,0.671683,-0.181586,-1.059250,0.029251,-0.003832,-0.014458,0.546127,0.837569,0.518336,-1.041860,0.013199,0.033478,0.004865,-0.689144,-0.723835,0.205841,-1.062184,0.913366
791,3.295833,-0.078107,0.090134,0.734978,0.667520,-0.179950,-1.058854,0.030014,-0.003687,-0.014625,0.546181,0.837531,0.518362,-1.041903,0.013195,0.032535,0.003521,-0.689214,-0.723819,0.208833,-1.062588,0.914285
792,3.300000,-0.077666,0.092659,0.738351,0.663491,-0.178249,-1.058429,0.030833,-0.003546,-0.014859,0.546264,0.837474,0.518370,-1.041947,0.013164,0.033079,0.002756,-0.689377,-0.723642,0.211782,-1.063006,0.915164
793,3.304167,-0.076545,0.095582,0.741486,0.659700,-0.176526,-1.057948,0.031690,-0.003446,-0.015100,0.546382,0.837393,0.518390,-1.041980,0.013142,0.033295,0.002426,-0.689424,-0.723589,0.214608,-1.063403,0.915953
794,3.308333,-0.074974,0.099023,0.744515,0.655951,-0.174793,-1.057435,0.032597,-0.003256,-0.015086,0.546425,0.837366,0.518402,-1.041994,0.013141,0.033337,0.002378,-0.689558,-0.723459,0.217425,-1.063828,0.916755
795,3.312500,-0.075252,0.102171,0.747587,0.651930,-0.172998,-1.056870,0.033324,-0.002922,-0.014911,0.546434,0.837365,0.518401,-1.041991,0.013160,0.032096,-0.000447,-0.689756,-0.723330,0.220292,-1.064322,0.917701
796,3.316667,-0.074264,0.106483,0.750336,0.648184,-0.171058,-1.056252,0.034068,-0.002667,-0.014601,0.546398,0.837394,0.518393,-1.041980,0.013201,0.031261,-0.001462,-0.689656,-0.723461,0.223015,-1.064745,0.918521
797,3.320833,-0.072512,0.111705,0.752876,0.644548,-0.169035,-1.055577,0.034802,-0.002508,-0.014319,0.546314,0.837454,0.518374,-1.041970,0.013244,0.030828,-0.002522,-0.689591,-0.723538,0.225724,-1.065211,0.919235
798,3.325000,-0.071040,0.116770,0.755093,0.641212,-0.166946,-1.055028,0.035470,-0.002438,-0.014221,0.546270,0.837485,0.518367,-1.041967,0.013260,0.029897,-0.003803,-0.689460,-0.723696,0.228372,-1.065687,0.920000
799,3.329167,-0.069017,0.120313,0.757177,0.638314,-0.164721,-1.054332,0.036173,-0.002419,-0.014255,0.546292,0.837470,0.518374,-1.041970,0.013253,0.029250,-0.004367,-0.689227,-0.723942,0.230944,-1.066137,0.920612
800,3.333333,-0.066897,0.123793,0.759334,0.635304,-0.162328,-1.053617,0.036794,-0.002437,-0.014430,0.546316,0.837451,0.518385,-1.041965,0.013228,0.030393,-0.005060,-0.689011,-0.724096,0.233493,-1.066592,0.921386
801,3.337500,-0.065330,0.126701,0.761267,0.632575,-0.159895,-1.052864,0.037500,-0.002499,-0.014625,0.546295,0.837461,0.518395,-1.041957,0.013200,0.026826,-0.009219,-0.688003,-0.725153,0.236077,-1.067281,0.921419
802,3.341667,-0.062857,0.127849,0.763011,0.630490,-0.157372,-1.052224,0.038149,-0.002431,-0.014718,0.546264,0.837480,0.518401,-1.041946,0.013189,0.027060,-0.009973,-0.687802,-0.725325,0.238413,-1.067679,0.922079
803,3.345833,-0.059985,0.129283,0.764360,0.628841,-0.154562,-1.051443,0.038753,-0.002272,-0.014586,0.546243,0.837496,0.518393,-1.041926,0.013195,0.026963,-0.011464,-0.687448,-0.725642,0.240775,-1.068113,0.922620
804,3.350000,-0.056926,0.129423,0.765343,0.627901,-0.151490,-1.050515,0.039336,-0.001948,-0.014293,0.546196,0.837533,0.518378,-1.041917,0.013218,0.028161,-0.012186,-0.687137,-0.725879,0.243001,-1.068507,0.923288
805,3.354167,-0.054488,0.128710,0.765818,0.627684,-0.148352,-1.049648,0.039982,-0.001870,-0.014085,0.546197,0.837536,0.518369,-1.041916,0.013241,0.028370,-0.013847,-0.686812,-0.726149,0.245157,-1.068842,0.924106
806,3.358333,-0.051416,0.127719,0.765431,0.628618,-0.144854,-1.048796,0.040550,-0.001785,-0.013986,0.546203,0.837534,0.518378,-1.041925,0.013249,0.028478,-0.014601,-0.686595,-0.726336,0.247343,-1.069181,0.924614
807,3.362500,-0.047743,0.127063,0.763669,0.631178,-0.141038,-1.047863,0.040974,-0.001739,-0.013961,0.546243,0.837509,0.518402,-1.041930,0.013238,0.028889,-0.015004,-0.686468,-0.726431,0.249466,-1.069509,0.925164
808,3.366667,-0.043670,0.127077,0.760677,0.635071,-0.136968,-1.046890,0.041439,-0.001620,-0.014011,0.546283,0.837482,0.518413,-1.041927,0.013221,0.028151,-0.015593,-0.686239,-0.726664,0.251581,-1.069833,0.925658
809,3.370833,-0.039516,0.126398,0.756965,0.639895,-0.132760,-1.045992,0.041908,-0.001458,-0.014048,0.546288,0.837478,0.518417,-1.041923,0.013208,0.028192,-0.015645,-0.686042,-0.726847,0.253671,-1.070127,0.925999
810,3.375000,-0.034252,0.126086,0.752243,0.645802,-0.128268,-1.045060,0.042297,-0.001283,-0.014007,0.546262,0.837497,0.518419,-1.041922,0.013204,0.028191,-0.016094,-0.685887,-0.726984,0.255755,-1.070434,0.926291
811,3.379167,-0.031584,0.122393,0.747771,0.651814,-0.123623,-1.043974,0.042779,-0.001091,-0.013916,0.546268,0.837494,0.518414,-1.041927,0.013208,0.028315,-0.016007,-0.685618,-0.727235,0.257998,-1.070615,0.926314
812,3.383333,-0.028683,0.119863,0.743101,0.657732,-0.118655,-1.043047,0.042973,-0.000871,-0.013672,0.546255,0.837507,0.518411,-1.041940,0.013234,0.027850,-0.018120,-0.685164,-0.727630,0.260325,-1.070795,0.926200
813,3.387500,-0.026488,0.115201,0.739253,0.662972,-0.113270,-1.042082,0.042891,-0.000679,-0.013493,0.546321,0.837467,0.518421,-1.041960,0.013253,0.027267,-0.018124,-0.685032,-0.727777,0.262362,-1.071019,0.926423
814,3.391667,-0.023443,0.112480,0.734265,0.669069,-0.108002,-1.041255,0.042896,-0.000545,-0.013369,0.546380,0.837431,0.518432,-1.041966,0.013263,0.027659,-0.017432,-0.685198,-0.727623,0.264450,-1.071186,0.926782
815,3.395833,-0.021001,0.109533,0.729200,0.675151,-0.102612,-1.040469,0.042798,-0.000326,-0.013277,0.546419,0.837407,0.518440,-1.041971,0.013260,0.028335,-0.017985,-0.685191,-0.727590,0.266391,-1.071447,0.926883
816,3.400000,-0.018482,0.106439,0.724257,0.681015,-0.097032,-1.039679,0.042605,-0.000068,-0.013261,0.546431,0.837399,0.518440,-1.041968,0.013252,0.027411,-0.020081,-0.684698,-0.728034,0.268178,-1.071817,0.927008
817,3.404167,-0.017209,0.102457,0.719456,0.686723,-0.091383,-1.039003,0.042343,0.000101,-0.013249,0.546438,0.837395,0.518443,-1.041972,0.013247,0.029238,-0.021112,-0.684213,-0.728390,0.269829,-1.072145,0.927432
818,3.408333,-0.015788,0.097862,0.714708,0.692362,-0.085580,-1.038240,0.042043,0.001287,-0.012763,0.546605,0.837292,0.518312,-1.041916,0.013239,0.028955,-0.020417,-0.683941,-0.728677,0.271440,-1.072393,0.927953
819,3.412500,-0.014759,0.093000,0.710163,0.697712,-0.079709,-1.037538,0.041724,0.001728,-0.012512,0.546717,0.837222,0.518282,-1.041901,0.013244,0.028199,-0.020504,-0.683796,-0.728840,0.272941,-1.072725,0.928414
820,3.416667,-0.014412,0.088754,0.705766,0.702716,-0.073770,-1.036895,0.041333,0.002799,-0.011830,0.546787,0.837183,0.518347,-1.041923,0.013200,0.027663,-0.021154,-0.683249,-0.729355,0.274439,-1.073072,0.928553
821,3.420833,-0.013665,0.084284,0.701395,0.707640,-0.067739,-1.036241,0.040911,0.002580,-0.011938,0.546843,0.837146,0.518325,-1.041941,0.013262,0.027235,-0.022665,-0.682572,-0.729959,0.275995,-1.073373,0.928513
822,3.425000,-0.013002,0.080409,0.697284,0.712152,-0.061600,-1.035749,0.040416,0.002504,-0.012010,0.546776,0.837189,0.518312,-1.041982,0.013298,0.025837,-0.022592,-0.682197,-0.730362,0.277551,-1.073601,0.928729
823,3.429167,-0.011729,0.076958,0.692898,0.716821,-0.055333,-1.035145,0.039964,0.002717,-0.011992,0.546771,0.837192,0.518319,-1.042003,0.013310,0.025458,-0.022857,-0.681691,-0.730840,0.279187,-1.073863,0.928558
824,3.433333,-0.010555,0.073037,0.688726,0.721256,-0.049000,-1.034649,0.039414,0.003011,-0.011915,0.546818,0.837161,0.518328,-1.042024,0.013312,0.026316,-0.025267,-0.682096,-0.730352,0.281365,-1.074195,0.928866
825,3.437500,-0.009815,0.068836,0.684792,0.725414,-0.042587,-1.034190,0.038906,0.003306,-0.011810,0.546852,0.837140,0.518335,-1.042045,0.013322,0.026662,-0.025548,-0.682804,-0.729668,0.283266,-1.074315,0.929563
826,3.441667,-0.008917,0.064920,0.680695,0.729631,-0.036172,-1.033831,0.038389,0.003600,-0.011704,0.546906,0.837105,0.518350,-1.042072,0.013346,0.025340,-0.023607,-0.683454,-0.729172,0.284967,-1.074397,0.930544
827,3.445833,-0.008105,0.060903,0.676872,0.733532,-0.029604,-1.033517,0.037802,0.003968,-0.011514,0.546948,0.837078,0.518362,-1.042108,0.013367,0.026774,-0.028138,-0.683356,-0.729051,0.286587,-1.074791,0.930390
828,3.450000,-0.007782,0.056336,0.673621,0.736885,-0.022938,-1.033233,0.037193,0.004315,-0.011342,0.546968,0.837065,0.518376,-1.042149,0.013385,0.024284,-0.024172,-0.683380,-0.729259,0.287082,-1.075164,0.930794
829,3.454167,-0.007892,0.051341,0.670158,0.740399,-0.016365,-1.033075,0.036568,0.004732,-0.011109,0.546954,0.837075,0.518394,-1.042185,0.013405,0.018662,-0.020691,-0.682685,-0.730181,0.287814,-1.075594,0.931149
830,3.458333,-0.007876,0.046998,0.666988,0.743543,-0.009695,-1.032905,0.035859,0.004914,-0.010951,0.546928,0.837094,0.518417,-1.042226,0.013413,0.028207,-0.025012,-0.683490,-0.728986,0.290488,-1.075868,0.930377
831,3.462500,-0.008381,0.042265,0.664235,0.746281,-0.003092,-1.032722,0.035253,0.005108,-0.010879,0.546889,0.837119,0.518441,-1.042269,0.013428,0.022588,-0.022530,-0.684593,-0.728227,0.291675,-1.076205,0.931946
832,3.466667,-0.008944,0.038310,0.661239,0.749143,0.003470,-1.032755,0.034596,0.005552,-0.010791,0.546980,0.837058,0.518447,-1.042301,0.013454,0.021339,-0.022044,-0.684188,-0.728660,0.292964,-1.076357,0.932125
833,3.470833,-0.009501,0.034354,0.658663,0.751593,0.010090,-1.032737,0.033984,0.006285,-0.010674,0.547109,0.836970,0.518445,-1.042315,0.013491,0.026710,-0.024596,-0.683001,-0.729514,0.294501,-1.076343,0.931173
834,3.475000,-0.009482,0.030444,0.656466,0.753682,0.016702,-1.032717,0.033424,0.006878,-0.010478,0.547221,0.836894,0.518458,-1.042338,0.013527,0.021088,-0.022799,-0.682010,-0.730684,0.294930,-1.076375,0.931968
835,3.479167,-0.009411,0.027467,0.654119,0.755834,0.023303,-1.032821,0.032836,0.007111,-0.010157,0.547427,0.836761,0.518479,-1.042312,0.013537,0.017930,-0.021964,-0.681283,-0.731471,0.295937,-1.076359,0.932270
836,3.483333,-0.008938,0.024879,0.652048,0.757717,0.029946,-1.033045,0.032339,0.007243,-0.009959,0.547395,0.836783,0.518490,-1.042304,0.013536,0.024323,-0.025243,-0.682588,-0.729962,0.298319,-1.076573,0.932701
837,3.487500,-0.009071,0.021810,0.650111,0.759472,0.036595,-1.033218,0.031839,0.007570,-0.009809,0.547418,0.836768,0.518510,-1.042333,0.013552,0.023432,-0.025664,-0.682209,-0.730331,0.299518,-1.076668,0.932980
838,3.491667,-0.009127,0.019065,0.648172,0.761200,0.043211,-1.033553,0.031367,0.008044,-0.009697,0.547450,0.836743,0.518528,-1.042365,0.013581,0.025681,-0.026092,-0.681925,-0.730505,0.300740,-1.076633,0.932717
839,3.495833,-0.009152,0.016059,0.646604,0.762602,0.049953,-1.033790,0.030870,0.008554,-0.009540,0.547513,0.836699,0.518546,-1.042403,0.013596,0.024715,-0.026316,-0.681311,-0.731103,0.301682,-1.076730,0.932936
840,3.500000,-0.009848,0.012659,0.645584,0.763521,0.056705,-1.034044,0.030467,0.009025,-0.009450,0.547562,0.836663,0.518572,-1.042431,0.013622,0.024256,-0.024872,-0.681071,-0.731393,0.302708,-1.077191,0.932647
841,3.504167,-0.009941,0.010325,0.644048,0.764851,0.063404,-1.034498,0.029956,0.009554,-0.009412,0.547546,0.836668,0.518593,-1.042451,0.013638,0.024620,-0.025820,-0.680694,-0.731699,0.303814,-1.077291,0.932783
842,3.508333,-0.010799,0.007351,0.642992,0.765762,0.070198,-1.034847,0.029551,0.010240,-0.009381,0.547542,0.836663,0.518619,-1.042466,0.013655,0.026072,-0.026734,-0.680330,-0.731954,0.304900,-1.077335,0.932866
843,3.512500,-0.011419,0.004399,0.641982,0.766622,0.077070,-1.035239,0.029127,0.010931,-0.009295,0.547495,0.836686,0.518634,-1.042489,0.013676,0.025112,-0.026442,-0.679737,-0.732549,0.305720,-1.077389,0.933104
844,3.516667,-0.012153,0.002007,0.640545,0.767822,0.083958,-1.035769,0.028639,0.011366,-0.009212,0.547470,0.836697,0.518657,-1.042511,0.013695,0.025635,-0.027246,-0.679758,-0.732482,0.306991,-1.077531,0.933143
845,3.520833,-0.013436,-0.001456,0.639549,0.768631,0.090911,-1.036150,0.028254,0.011889,-0.009119,0.547460,0.836698,0.518677,-1.042538,0.013714,0.025521,-0.028098,-0.679481,-0.732710,0.308057,-1.077587,0.933406
846,3.525000,-0.014650,-0.004588,0.638669,0.769328,0.097904,-1.036569,0.027829,0.011427,-0.008959,0.547390,0.836752,0.518725,-1.042567,0.013639,0.026207,-0.028435,-0.679037,-0.733085,0.308990,-1.077655,0.933584
847,3.529167,-0.015656,-0.006755,0.637036,0.770646,0.104923,-1.037176,0.027376,0.011849,-0.008965,0.547285,0.836814,0.518747,-1.042586,0.013641,0.026362,-0.028633,-0.678522,-0.733548,0.309860,-1.077707,0.933805
848,3.533333,-0.017207,-0.010052,0.636043,0.771396,0.112020,-1.037623,0.026980,0.012246,-0.008898,0.547200,0.836865,0.518778,-1.042624,0.013665,0.026272,-0.029006,-0.678494,-0.733563,0.311005,-1.077799,0.933992
849,3.537500,-0.019323,-0.013520,0.634962,0.772183,0.119160,-1.038089,0.026573,0.012951,-0.008924,0.547115,0.836909,0.518787,-1.042720,0.013700,0.025435,-0.029971,-0.678317,-0.733718,0.312022,-1.077810,0.934478
850,3.541667,-0.020478,-0.016087,0.633311,0.773460,0.126315,-1.038738,0.026098,0.013699,-0.008825,0.547101,0.836908,0.518784,-1.042846,0.013752,0.025632,-0.029736,-0.677991,-0.734021,0.312961,-1.077806,0.934653
851,3.545833,-0.023317,-0.020001,0.632135,0.774249,0.133450,-1.039170,0.025773,0.013987,-0.008691,0.547174,0.836857,0.518822,-1.042942,0.013782,0.025990,-0.029727,-0.677448,-0.734510,0.313860,-1.077857,0.934716
852,3.550000,-0.025157,-0.023483,0.631025,0.774999,0.140707,-1.039626,0.025406,0.014269,-0.008809,0.547584,0.836582,0.518932,-1.042747,0.014013,0.026025,-0.029219,-0.676876,-0.735056,0.314694,-1.077835,0.934915
853,3.554167,-0.026722,-0.026775,0.629570,0.776023,0.147879,-1.040260,0.024981,0.014270,-0.008756,0.547811,0.836435,0.518958,-1.042807,0.014027,0.026111,-0.029786,-0.676565,-0.735317,0.315696,-1.077916,0.934991
854,3.558333,-0.029081,-0.030624,0.628440,0.776711,0.155056,-1.040683,0.024713,0.014742,-0.008533,0.547781,0.836448,0.519024,-1.042861,0.014009,0.025909,-0.030133,-0.676059,-0.735775,0.316561,-1.078000,0.935101
855,3.562500,-0.031299,-0.034464,0.627521,0.777206,0.162223,-1.041119,0.024413,0.016282,-0.008017,0.547460,0.836635,0.519117,-1.042709,0.014062,0.026039,-0.030074,-0.675765,-0.736043,0.317459,-1.077990,0.935221
856,3.566667,-0.032622,-0.037592,0.626242,0.778039,0.169363,-1.041719,0.024055,0.016535,-0.007836,0.547396,0.836673,0.519161,-1.042677,0.014029,0.025973,-0.029271,-0.675428,-0.736386,0.318317,-1.077960,0.935332
857,3.570833,-0.035350,-0.041787,0.625744,0.778106,0.176465,-1.042113,0.023813,0.016710,-0.007708,0.547433,0.836647,0.519188,-1.042685,0.014020,0.025724,-0.029124,-0.674831,-0.736949,0.319155,-1.078038,0.935385
858,3.575000,-0.037607,-0.045851,0.625346,0.778091,0.183495,-1.042439,0.023590,0.016956,-0.007609,0.547489,0.836606,0.519218,-1.042726,0.014028,0.025638,-0.029083,-0.674328,-0.737414,0.320004,-1.078068,0.935440
859,3.579167,-0.038960,-0.049420,0.624586,0.778417,0.190459,-1.042932,0.023290,0.017707,-0.007504,0.547536,0.836561,0.519175,-1.042774,0.014128,0.025729,-0.028454,-0.674040,-0.737698,0.320880,-1.078009,0.935499
860,3.583333,-0.041701,-0.053888,0.624947,0.777688,0.197324,-1.043178,0.023170,0.018042,-0.007448,0.547401,0.836643,0.519114,-1.042759,0.014241,0.026188,-0.028248,-0.673713,-0.737988,0.321782,-1.078019,0.935485
861,3.587500,-0.042753,-0.057482,0.625170,0.777194,0.204168,-1.043476,0.022891,0.017756,-0.007441,0.547286,0.836724,0.519111,-1.042859,0.014243,0.026279,-0.028162,-0.673281,-0.738383,0.322619,-1.078042,0.935523
862,3.591667,-0.044442,-0.061145,0.625647,0.776435,0.210906,-1.043798,0.022686,0.017975,-0.007489,0.547099,0.836841,0.519149,-1.042905,0.014268,0.026379,-0.027733,-0.673013,-0.738640,0.323443,-1.078005,0.935551
863,3.595833,-0.045675,-0.064714,0.626458,0.775420,0.217615,-1.044052,0.022520,0.018161,-0.007558,0.547044,0.836873,0.519186,-1.042949,0.014288,0.026499,-0.027719,-0.672593,-0.739018,0.324268,-1.077943,0.935604
864,3.600000,-0.046501,-0.068703,0.627452,0.774223,0.224136,-1.044251,0.022330,0.018512,-0.007320,0.547385,0.836644,0.519142,-1.042917,0.014268,0.026541,-0.027322,-0.672077,-0.739501,0.325079,-1.077907,0.935581
865,3.604167,-0.048329,-0.072012,0.628937,0.772604,0.230641,-1.044387,0.022129,0.018634,-0.007114,0.547601,0.836502,0.519144,-1.042891,0.014239,0.026624,-0.027073,-0.671688,-0.739860,0.325859,-1.077870,0.935577
866,3.608333,-0.049868,-0.075277,0.630411,0.770992,0.237034,-1.044583,0.021920,0.018824,-0.006952,0.547577,0.836515,0.519156,-1.042907,0.014234,0.026256,-0.026463,-0.671291,-0.740256,0.326636,-1.077795,0.935626
867,3.612500,-0.050673,-0.078672,0.632408,0.768962,0.243361,-1.044654,0.021737,0.019089,-0.006927,0.547489,0.836566,0.519171,-1.042943,0.014256,0.026331,-0.025847,-0.671105,-0.740443,0.327509,-1.077651,0.935623
868,3.616667,-0.051738,-0.082311,0.634583,0.766715,0.249490,-1.044679,0.021585,0.019345,-0.006868,0.547450,0.836586,0.519187,-1.042966,0.014275,0.026552,-0.025403,-0.670902,-0.740635,0.328361,-1.077513,0.935580
869,3.620833,-0.052322,-0.085325,0.636922,0.764403,0.255520,-1.044633,0.021398,0.019566,-0.006761,0.547421,0.836601,0.519200,-1.042979,0.014277,0.026708,-0.024916,-0.670648,-0.740876,0.329184,-1.077366,0.935562
870,3.625000,-0.052376,-0.088459,0.639770,0.761660,0.261385,-1.044536,0.021310,0.019830,-0.006696,0.547393,0.836614,0.519208,-1.042992,0.014285,0.026931,-0.024632,-0.670234,-0.741252,0.329990,-1.077254,0.935533
871,3.629167,-0.053136,-0.090622,0.642144,0.759352,0.267199,-1.044359,0.021133,0.020005,-0.006611,0.547386,0.836615,0.519227,-1.043027,0.014286,0.027237,-0.024108,-0.670150,-0.741334,0.330837,-1.077075,0.935502
872,3.633333,-0.052976,-0.093516,0.644856,0.756709,0.272772,-1.044068,0.020977,0.020262,-0.006561,0.547417,0.836589,0.519243,-1.043054,0.014295,0.027640,-0.023486,-0.669973,-0.741499,0.331667,-1.076896,0.935424
873,3.637500,-0.052948,-0.095229,0.647358,0.754358,0.278129,-1.043755,0.020750,0.020535,-0.006622,0.547505,0.836524,0.519285,-1.043078,0.014257,0.027852,-0.022977,-0.669411,-0.742014,0.332458,-1.076813,0.935300
874,3.641667,-0.052510,-0.096469,0.649998,0.751957,0.283369,-1.043408,0.020515,0.020735,-0.006667,0.547830,0.836306,0.519361,-1.043142,0.014246,0.027972,-0.022261,-0.668970,-0.742430,0.333261,-1.076658,0.935218
875,3.645833,-0.052127,-0.097650,0.652860,0.749347,0.288303,-1.042978,0.020418,0.020825,-0.006688,0.548058,0.836154,0.519429,-1.043183,0.014228,0.028263,-0.021479,-0.668708,-0.742677,0.334074,-1.076463,0.935162
876,3.650000,-0.050875,-0.097332,0.655630,0.747053,0.293112,-1.042545,0.020204,0.021005,-0.006698,0.548262,0.836016,0.519525,-1.043256,0.014164,0.028525,-0.020781,-0.668517,-0.742859,0.334898,-1.076263,0.935095
877,3.654167,-0.049915,-0.097438,0.658760,0.744345,0.297587,-1.042011,0.020038,0.021188,-0.006690,0.548354,0.835951,0.519585,-1.043315,0.014136,0.028802,-0.020005,-0.668257,-0.743104,0.335730,-1.076055,0.934978
878,3.658333,-0.048275,-0.097199,0.661536,0.742019,0.301832,-1.041453,0.019695,0.021827,-0.006584,0.548278,0.835985,0.519539,-1.043328,0.014188,0.029162,-0.019157,-0.667945,-0.743392,0.336569,-1.075833,0.934813
879,3.662500,-0.046651,-0.095717,0.664574,0.739596,0.305806,-1.040858,0.019334,0.022165,-0.006277,0.547977,0.836176,0.519441,-1.043320,0.014231,0.029800,-0.018323,-0.667699,-0.743609,0.337404,-1.075607,0.934645
880,3.666667,-0.044374,-0.091860,0.667869,0.737254,0.309441,-1.040231,0.018991,0.022552,-0.006325,0.547927,0.836198,0.519455,-1.043311,0.014227,0.029947,-0.017224,-0.667574,-0.743742,0.338213,-1.075355,0.934595
881,3.670833,-0.042153,-0.088409,0.670972,0.734985,0.312722,-1.039574,0.018413,0.022691,-0.006216,0.547810,0.836272,0.519435,-1.043297,0.014265,0.030246,-0.016191,-0.667435,-0.743878,0.338995,-1.075100,0.934509
882,3.675000,-0.038927,-0.083326,0.673832,0.733139,0.315629,-1.038936,0.017828,0.022565,-0.006194,0.547769,0.836303,0.519440,-1.043300,0.014264,0.030846,-0.015192,-0.667183,-0.744100,0.339777,-1.074887,0.934325
883,3.679167,-0.036637,-0.077078,0.676944,0.731070,0.318071,-1.038348,0.017206,0.022485,-0.006136,0.547800,0.836285,0.519437,-1.043306,0.014253,0.031400,-0.014116,-0.667106,-0.744167,0.340612,-1.074624,0.934185
884,3.683333,-0.033547,-0.070193,0.679506,0.729534,0.320064,-1.037698,0.016428,0.022737,-0.005779,0.547512,0.836469,0.519401,-1.043286,0.014278,0.031775,-0.012906,-0.666964,-0.744300,0.341389,-1.074381,0.933998
885,3.687500,-0.029700,-0.061505,0.682206,0.727963,0.321523,-1.037252,0.015732,0.023283,-0.004917,0.546768,0.836946,0.519374,-1.043177,0.014369,0.032052,-0.011730,-0.666823,-0.744434,0.342130,-1.074160,0.933761
886,3.691667,-0.026901,-0.053129,0.684177,0.726881,0.322598,-1.036749,0.014783,0.023339,-0.004140,0.546154,0.837349,0.519348,-1.043061,0.014414,0.032559,-0.010356,-0.666767,-0.744482,0.342923,-1.073923,0.933560
887,3.695833,-0.025023,-0.045762,0.685518,0.726185,0.323192,-1.036305,0.013732,0.023253,-0.003947,0.546019,0.837441,0.519329,-1.043030,0.014426,0.033355,-0.008929,-0.666770,-0.744464,0.343782,-1.073671,0.933297
888,3.700000,-0.023525,-0.039887,0.686355,0.725791,0.323324,-1.036001,0.012926,0.022937,-0.003963,0.546101,0.837396,0.519301,-1.043045,0.014425,0.034084,-0.007636,-0.666763,-0.744451,0.344581,-1.073496,0.933135
889,3.704167,-0.021747,-0.037761,0.687348,0.725020,0.323112,-1.035893,0.012435,0.022721,-0.003944,0.546085,0.837412,0.519288,-1.043052,0.014434,0.035060,-0.004975,-0.668416,-0.742945,0.345440,-1.072788,0.933177
890,3.708333,-0.023502,-0.041052,0.687744,0.724410,0.322723,-1.035846,0.012089,0.022377,-0.004100,0.546094,0.837415,0.519259,-1.043052,0.014428,0.035898,-0.004119,-0.668358,-0.742961,0.346257,-1.072595,0.932818
891,3.712500,-0.023917,-0.042633,0.688186,0.723886,0.322178,-1.036147,0.012053,0.021933,-0.004267,0.546118,0.837410,0.519207,-1.043050,0.014401,0.036732,-0.003308,-0.668297,-0.742980,0.347062,-1.072420,0.932431
892,3.716667,-0.024785,-0.043932,0.688232,0.723735,0.321743,-1.036413,0.011925,0.021423,-0.004520,0.546181,0.837381,0.519166,-1.043046,0.014379,0.037316,-0.001871,-0.668584,-0.742698,0.347864,-1.072185,0.932221
893,3.720833,-0.024617,-0.043517,0.688465,0.723544,0.321465,-1.036592,0.011719,0.021037,-0.004721,0.546257,0.837340,0.519118,-1.043052,0.014366,0.037866,-0.000872,-0.668927,-0.742362,0.348749,-1.071985,0.931977
894,3.725000,-0.024017,-0.042544,0.688792,0.723311,0.321261,-1.036849,0.011559,0.020772,-0.004918,0.546346,0.837287,0.519073,-1.043068,0.014368,0.038784,0.000217,-0.669171,-0.742095,0.349631,-1.071779,0.931692
895,3.729167,-0.024932,-0.043856,0.688676,0.723312,0.321052,-1.037001,0.011490,0.020352,-0.005238,0.546396,0.837263,0.519028,-1.043081,0.014367,0.038930,0.001520,-0.669452,-0.741833,0.350443,-1.071629,0.931554
896,3.733333,-0.026473,-0.045725,0.688461,0.723346,0.320726,-1.037024,0.011438,0.020140,-0.005406,0.546428,0.837246,0.518960,-1.043088,0.014381,0.038727,0.002958,-0.669861,-0.741470,0.351219,-1.071458,0.931516
897,3.737500,-0.028852,-0.048210,0.688184,0.723357,0.320300,-1.036992,0.011271,0.019698,-0.005699,0.546549,0.837176,0.518907,-1.043104,0.014379,0.038377,0.003981,-0.670076,-0.741289,0.351972,-1.071365,0.931429
898,3.741667,-0.031447,-0.050923,0.688074,0.723168,0.319774,-1.036893,0.011053,0.019250,-0.005922,0.546632,0.837130,0.518850,-1.043121,0.014391,0.038237,0.004266,-0.670286,-0.741105,0.352793,-1.071317,0.931263
899,3.745833,-0.033080,-0.052625,0.688369,0.722692,0.319134,-1.036696,0.010928,0.018784,-0.006094,0.546731,0.837076,0.518782,-1.043131,0.014414,0.037870,0.004518,-0.670549,-0.740884,0.353634,-1.071304,0.931178
900,3.750000,-0.034107,-0.053508,0.688850,0.722122,0.318544,-1.036523,0.010810,0.018344,-0.006312,0.546831,0.837018,0.518717,-1.043140,0.014427,0.037446,0.004913,-0.670909,-0.740577,0.354479,-1.071257,0.931236
901,3.754167,-0.034777,-0.053694,0.689291,0.721655,0.318080,-1.036439,0.010741,0.017499,-0.006567,0.546982,0.836936,0.518677,-1.043160,0.014385,0.036717,0.005841,-0.671330,-0.740225,0.355302,-1.071200,0.931448
902,3.758333,-0.035645,-0.054203,0.689189,0.721672,0.317798,-1.036426,0.010704,0.017084,-0.006777,0.547146,0.836835,0.518631,-1.043188,0.014395,0.036190,0.006271,-0.671701,-0.739911,0.356147,-1.071183,0.931673
903,3.762500,-0.036510,-0.055508,0.688635,0.722058,0.317644,-1.036597,0.010672,0.016931,-0.006917,0.547360,0.836697,0.518649,-1.043208,0.014401,0.035537,0.006021,-0.671917,-0.739749,0.356960,-1.071240,0.931847
904,3.766667,-0.038003,-0.057221,0.687746,0.722694,0.317613,-1.036690,0.010551,0.016757,-0.007024,0.547427,0.836656,0.518625,-1.043243,0.014469,0.034768,0.006011,-0.672128,-0.739594,0.357769,-1.071321,0.932099
905,3.770833,-0.039148,-0.058895,0.686968,0.723239,0.317590,-1.036753,0.010470,0.016428,-0.007050,0.547404,0.836678,0.518620,-1.043293,0.014574,0.033994,0.006490,-0.672415,-0.739365,0.358548,-1.071375,0.932425
906,3.775000,-0.040241,-0.059863,0.686620,0.723429,0.317556,-1.036811,0.010365,0.016087,-0.007143,0.547401,0.836686,0.518662,-1.043359,0.014701,0.033390,0.006494,-0.672525,-0.739292,0.359304,-1.071425,0.932675
907,3.779167,-0.040265,-0.059767,0.686717,0.723344,0.317481,-1.036853,0.010338,0.016319,-0.006764,0.547374,0.836702,0.518744,-1.043419,0.014860,0.032897,0.006619,-0.672618,-0.739229,0.360059,-1.071513,0.932975
908,3.783333,-0.040008,-0.059049,0.687026,0.723124,0.317431,-1.036880,0.010301,0.016652,-0.006054,0.547370,0.836703,0.518831,-1.043447,0.015017,0.032171,0.006772,-0.672676,-0.739206,0.360783,-1.071606,0.933262
909,3.787500,-0.039050,-0.057692,0.687572,0.722767,0.317393,-1.036899,0.010260,0.017161,-0.004949,0.547381,0.836693,0.518935,-1.043443,0.015213,0.031968,0.006737,-0.672626,-0.739261,0.361481,-1.071721,0.933455
910,3.791667,-0.038025,-0.056609,0.688062,0.722440,0.317420,-1.036913,0.010202,0.019120,-0.003787,0.547185,0.836785,0.519111,-1.043351,0.015478,0.031919,0.006612,-0.672598,-0.739290,0.362144,-1.071855,0.933630
911,3.795833,-0.036767,-0.055591,0.688385,0.722277,0.317497,-1.036884,0.010189,0.020139,-0.002425,0.547042,0.836860,0.519307,-1.043279,0.015743,0.031866,0.006608,-0.672480,-0.739399,0.362802,-1.071970,0.933791
912,3.800000,-0.036189,-0.054810,0.688434,0.722319,0.317658,-1.036841,0.010157,0.020961,-0.000804,0.546787,0.837009,0.519544,-1.043212,0.015998,0.031720,0.006714,-0.672266,-0.739600,0.363436,-1.072077,0.933933
913,3.804167,-0.035182,-0.053509,0.688746,0.722169,0.317773,-1.036843,0.010167,0.022068,0.001159,0.546418,0.837221,0.519845,-1.043133,0.016330,0.031795,0.006940,-0.672006,-0.739830,0.364040,-1.072209,0.934056
914,3.808333,-0.034359,-0.052256,0.689129,0.721935,0.317865,-1.036866,0.010159,0.023239,0.003885,0.545986,0.837463,0.520171,-1.043034,0.016738,0.031858,0.007009,-0.671693,-0.740111,0.364661,-1.072299,0.934132
915,3.812500,-0.033256,-0.050606,0.689774,0.721488,0.317883,-1.036882,0.010106,0.024184,0.006495,0.545736,0.837583,0.520545,-1.042976,0.017126,0.032032,0.006930,-0.671336,-0.740428,0.365310,-1.072360,0.934116
916,3.816667,-0.032306,-0.049492,0.690296,0.721109,0.317892,-1.036886,0.010066,0.026481,0.009783,0.545532,0.837614,0.520901,-1.042829,0.017439,0.032275,0.006727,-0.670959,-0.740761,0.365973,-1.072361,0.934046
917,3.820833,-0.031765,-0.048841,0.690579,0.720907,0.317913,-1.036901,0.010008,0.031314,0.012995,0.544287,0.838214,0.520903,-1.042562,0.017555,0.032429,0.006468,-0.670562,-0.741116,0.366631,-1.072341,0.933920
918,3.825000,-0.031434,-0.048385,0.690723,0.720814,0.317949,-1.036889,0.009973,0.033481,0.016296,0.543659,0.838480,0.521269,-1.042354,0.017972,0.032474,0.006095,-0.670100,-0.741535,0.367337,-1.072289,0.933751
919,3.829167,-0.031253,-0.047959,0.690701,0.720871,0.318010,-1.036881,0.009948,0.035312,0.019341,0.543128,0.838684,0.521847,-1.042188,0.018440,0.032549,0.005814,-0.669579,-0.742005,0.368098,-1.072220,0.933559
920,3.833333,-0.031189,-0.047685,0.690630,0.720960,0.318073,-1.036874,0.009948,0.037412,0.022197,0.542894,0.838674,0.522669,-1.041983,0.018957,0.032388,0.005649,-0.669110,-0.742436,0.368848,-1.072120,0.933390
921,3.837500,-0.031269,-0.047742,0.690534,0.721045,0.318144,-1.036867,0.009959,0.039357,0.025312,0.542526,0.838735,0.523438,-1.041788,0.019506,0.032143,0.005634,-0.668496,-0.743000,0.369607,-1.072062,0.933238
922,3.841667,-0.031245,-0.047852,0.690574,0.721001,0.318149,-1.036889,0.009950,0.040126,0.028543,0.542037,0.838911,0.524286,-1.041636,0.020161,0.032063,0.005271,-0.667707,-0.743714,0.370406,-1.071985,0.933024
923,3.845833,-0.031061,-0.047677,0.690712,0.720888,0.318090,-1.036908,0.009922,0.039834,0.031912,0.541577,0.839100,0.525151,-1.041568,0.020908,0.031987,0.004920,-0.667037,-0.744322,0.371278,-1.071838,0.932840
924,3.850000,-0.030974,-0.047644,0.690778,0.720830,0.318034,-1.036935,0.009905,0.038828,0.034896,0.541091,0.839342,0.526177,-1.041331,0.021675,0.031703,0.004674,-0.666421,-0.744887,0.372133,-1.071704,0.932750
925,3.854167,-0.031095,-0.047762,0.690821,0.720777,0.317999,-1.036952,0.009893,0.036635,0.036938,0.540478,0.839748,0.527449,-1.041120,0.022559,0.031637,0.004359,-0.665725,-0.745513,0.373069,-1.071572,0.932662
926,3.858333,-0.031209,-0.047778,0.690805,0.720786,0.317985,-1.036964,0.009891,0.036047,0.039167,0.539622,0.840223,0.528866,-1.041028,0.023293,0.031621,0.003923,-0.665057,-0.746113,0.374004,-1.071449,0.932611
927,3.862500,-0.031314,-0.047843,0.690735,0.720844,0.317998,-1.036967,0.009898,0.037528,0.042656,0.538495,0.840711,0.530344,-1.040849,0.023853,0.031348,0.003708,-0.664414,-0.746698,0.374952,-1.071290,0.932674
928,3.866667,-0.031377,-0.047959,0.690626,0.720938,0.318024,-1.036976,0.009905,0.035145,0.043779,0.537408,0.841452,0.532095,-1.040672,0.024826,0.031166,0.003605,-0.663817,-0.747237,0.375886,-1.071151,0.932792
929,3.870833,-0.031459,-0.048182,0.690517,0.721024,0.318040,-1.036978,0.009905,0.034859,0.046220,0.535993,0.842235,0.533801,-1.040545,0.025498,0.030872,0.003418,-0.663116,-0.747872,0.376860,-1.071073,0.932925
930,3.875000,-0.031541,-0.048364,0.690510,0.721015,0.318027,-1.036985,0.009899,0.032712,0.047030,0.534569,0.843181,0.535786,-1.040337,0.026457,0.030484,0.002972,-0.662564,-0.748379,0.377830,-1.070936,0.933063
931,3.879167,-0.031468,-0.048372,0.690601,0.720931,0.317989,-1.036996,0.009900,0.031764,0.048585,0.533368,0.843889,0.537806,-1.040203,0.027196,0.030527,0.002636,-0.662123,-0.748769,0.378797,-1.070749,0.933250
932,3.883333,-0.031476,-0.048345,0.690708,0.720829,0.317954,-1.037020,0.009898,0.029569,0.049124,0.531880,0.844876,0.539916,-1.039875,0.028194,0.030661,0.002435,-0.661678,-0.749157,0.379705,-1.070619,0.933483
933,3.887500,-0.031420,-0.048303,0.690838,0.720710,0.317936,-1.037037,0.009898,0.027082,0.048789,0.530573,0.845800,0.542412,-1.039679,0.029118,0.030795,0.002367,-0.661334,-0.749456,0.380692,-1.070460,0.933731
934,3.891667,-0.031350,-0.048218,0.690902,0.720657,0.317942,-1.037040,0.009895,0.026094,0.049482,0.529277,0.846603,0.544829,-1.039448,0.029916,0.030987,0.002115,-0.661114,-0.749642,0.381664,-1.070273,0.933970
935,3.895833,-0.031320,-0.048232,0.690894,0.720665,0.317970,-1.037037,0.009898,0.022752,0.049221,0.527882,0.847585,0.547427,-1.039210,0.030820,0.031088,0.002084,-0.660815,-0.749902,0.382550,-1.070136,0.934226
936,3.900000,-0.031345,-0.048263,0.690843,0.720711,0.317994,-1.037034,0.009899,0.018834,0.047935,0.526660,0.848514,0.550216,-1.038950,0.031755,0.031305,0.002214,-0.660488,-0.750180,0.383475,-1.070033,0.934500
937,3.904167,-0.031326,-0.048348,0.690837,0.720712,0.318025,-1.037017,0.009904,0.018795,0.048847,0.525097,0.849432,0.553073,-1.038524,0.032485,0.031378,0.002071,-0.660228,-0.750407,0.384384,-1.069912,0.934703
938,3.908333,-0.031218,-0.048155,0.690883,0.720685,0.318014,-1.037030,0.009902,0.016551,0.048783,0.523775,0.850298,0.555994,-1.038137,0.033292,0.031659,0.002124,-0.660066,-0.750537,0.385304,-1.069750,0.934928
939,3.912500,-0.031200,-0.048089,0.691062,0.720519,0.317989,-1.037052,0.009894,0.014291,0.048815,0.522196,0.851308,0.559113,-1.037706,0.033980,0.032071,0.002045,-0.659896,-0.750669,0.386178,-1.069626,0.935101
940,3.916667,-0.031123,-0.048107,0.691168,0.720420,0.317975,-1.037062,0.009899,0.012206,0.048223,0.520786,0.852237,0.562385,-1.037310,0.034804,0.032344,0.001959,-0.659750,-0.750786,0.387065,-1.069496,0.935308
941,3.920833,-0.031005,-0.047994,0.691423,0.720187,0.317932,-1.037140,0.009898,0.009843,0.049069,0.519581,0.852955,0.565887,-1.036926,0.035600,0.032701,0.002051,-0.659712,-0.750804,0.387945,-1.069301,0.935551
942,3.925000,-0.031162,-0.048100,0.691421,0.720176,0.317937,-1.037142,0.009878,0.007361,0.048782,0.517896,0.854020,0.569394,-1.036587,0.036248,0.033369,0.002435,-0.659747,-0.750742,0.388888,-1.069052,0.935798
943,3.929167,-0.031031,-0.048046,0.691355,0.720248,0.317948,-1.037115,0.009896,0.004792,0.048144,0.516401,0.854979,0.572949,-1.036029,0.036946,0.034087,0.002592,-0.659759,-0.750699,0.389792,-1.068857,0.935958
944,3.933333,-0.031065,-0.048122,0.691300,0.720294,0.317964,-1.037102,0.009903,0.003003,0.047350,0.515181,0.855767,0.576640,-1.035502,0.037521,0.034385,0.002745,-0.659673,-0.750761,0.390690,-1.068690,0.936131
945,3.937500,-0.031053,-0.048294,0.691229,0.720352,0.317995,-1.037077,0.009929,-0.000173,0.045933,0.514372,0.856336,0.580500,-1.034930,0.038178,0.034911,0.003004,-0.659699,-0.750713,0.391620,-1.068454,0.936310
946,3.941667,-0.030861,-0.048167,0.691249,0.720348,0.317982,-1.037103,0.009913,-0.001595,0.044532,0.513360,0.857016,0.584382,-1.034288,0.038899,0.035181,0.003529,-0.659729,-0.750671,0.392550,-1.068201,0.936481
947,3.945833,-0.030677,-0.048028,0.691267,0.720349,0.317954,-1.037150,0.009899,-0.004149,0.043415,0.512352,0.857667,0.588470,-1.033922,0.039344,0.035334,0.003794,-0.659752,-0.750643,0.393465,-1.067973,0.936624
948,3.950000,-0.030743,-0.048207,0.691372,0.720233,0.317937,-1.037153,0.009918,-0.008351,0.040999,0.511598,0.858205,0.592574,-1.033172,0.040089,0.035525,0.005009,-0.659716,-0.750658,0.394368,-1.067742,0.936914
949,3.954167,-0.030569,-0.048157,0.691535,0.720087,0.317915,-1.037143,0.009951,-0.011192,0.039027,0.511004,0.858619,0.596755,-1.032440,0.040698,0.035427,0.006030,-0.659793,-0.750587,0.395276,-1.067502,0.937145
950,3.958333,-0.030800,-0.048270,0.691466,0.720136,0.317942,-1.037137,0.009938,-0.012883,0.038212,0.510822,0.858740,0.601153,-1.031746,0.041004,0.035753,0.006523,-0.659781,-0.750578,0.396284,-1.067251,0.937158
951,3.962500,-0.030708,-0.048292,0.691508,0.720099,0.317954,-1.037160,0.009959,-0.015142,0.037276,0.510633,0.858857,0.605507,-1.030908,0.041378,0.036073,0.006642,-0.659864,-0.750489,0.397317,-1.066991,0.937109
952,3.966667,-0.030667,-0.048241,0.691484,0.720126,0.317979,-1.037179,0.009956,-0.016585,0.035881,0.510619,0.858898,0.610018,-1.030090,0.041700,0.036052,0.007164,-0.659961,-0.750400,0.398246,-1.066720,0.937145
953,3.970833,-0.030582,-0.048218,0.691564,0.720055,0.317981,-1.037181,0.009960,-0.016641,0.034440,0.510353,0.859114,0.614632,-1.029357,0.042017,0.036442,0.007482,-0.660080,-0.750273,0.399203,-1.066439,0.937135
954,3.975000,-0.030502,-0.047994,0.691644,0.719997,0.317978,-1.037136,0.009940,-0.019313,0.033623,0.510447,0.859035,0.619201,-1.028538,0.042164,0.036784,0.008209,-0.660294,-0.750061,0.400191,-1.066165,0.937195
955,3.979167,-0.030350,-0.047838,0.691733,0.719927,0.317975,-1.037143,0.009932,-0.020935,0.032505,0.510318,0.859116,0.623990,-1.027707,0.042413,0.037054,0.008949,-0.660526,-0.749835,0.401301,-1.065814,0.937183
956,3.983333,-0.030083,-0.047210,0.691623,0.720086,0.318006,-1.037255,0.009883,-0.020874,0.030615,0.510244,0.859231,0.628742,-1.026796,0.042523,0.037741,0.009333,-0.660598,-0.749733,0.402429,-1.065480,0.937040
957,3.987500,-0.029940,-0.046905,0.691826,0.719917,0.318047,-1.037229,0.009849,-0.022827,0.028965,0.510489,0.859093,0.633379,-1.025905,0.042356,0.038464,0.010317,-0.660877,-0.749436,0.403602,-1.065122,0.936935
958,3.991667,-0.029637,-0.046497,0.691944,0.719842,0.318090,-1.037203,0.009824,-0.022494,0.027608,0.510602,0.859079,0.638421,-1.025104,0.042532,0.038728,0.009505,-0.660959,-0.749362,0.404716,-1.064770,0.937050
959,3.995833,-0.029489,-0.046410,0.692003,0.719798,0.318128,-1.037201,0.009818,-0.023917,0.026160,0.511017,0.858839,0.643424,-1.024178,0.042731,0.038948,0.009172,-0.661025,-0.749296,0.405788,-1.064398,0.937043
960,4.000000,-0.029315,-0.046106,0.692149,0.719684,0.318145,-1.037199,0.009805,-0.027505,0.024393,0.512102,0.858138,0.648623,-1.023050,0.043041,0.039697,0.009408,-0.661103,-0.749185,0.407092,-1.063972,0.936789
961,4.004167,-0.029059,-0.045825,0.692166,0.719695,0.318195,-1.037173,0.009804,-0.031488,0.022362,0.512900,0.857579,0.653838,-1.022079,0.042938,0.040809,0.010173,-0.661296,-0.748945,0.408442,-1.063515,0.936648
962,4.008333,-0.028782,-0.045488,0.692282,0.719617,0.318194,-1.037165,0.009796,-0.031903,0.021095,0.513651,0.857146,0.659138,-1.021082,0.043149,0.042817,0.010150,-0.661555,-0.748605,0.409789,-1.063001,0.936452
963,4.012500,-0.028588,-0.045488,0.692391,0.719520,0.318196,-1.037181,0.009816,-0.033022,0.019196,0.514154,0.856847,0.664383,-1.020034,0.043372,0.043974,0.011617,-0.661929,-0.748185,0.411073,-1.062576,0.936536
964,4.016667,-0.028348,-0.045149,0.692486,0.719459,0.318210,-1.037192,0.009808,-0.034655,0.017773,0.514697,0.856487,0.669761,-1.019031,0.043469,0.045098,0.012551,-0.662221,-0.747845,0.412315,-1.062141,0.936487
965,4.020833,-0.028119,-0.044883,0.692564,0.719409,0.318248,-1.037200,0.009790,-0.037964,0.016137,0.515224,0.856062,0.675102,-1.017991,0.043488,0.046264,0.012684,-0.662494,-0.747530,0.413563,-1.061723,0.936390
966,4.025000,-0.027906,-0.044507,0.692623,0.719384,0.318282,-1.037205,0.009774,-0.040527,0.014716,0.515962,0.855525,0.680625,-1.016987,0.043507,0.046426,0.012858,-0.662718,-0.747318,0.414773,-1.061358,0.936386
967,4.029167,-0.027679,-0.044207,0.692629,0.719405,0.318330,-1.037205,0.009758,-0.042647,0.013427,0.516483,0.855130,0.686161,-1.015912,0.043550,0.046524,0.012390,-0.662826,-0.747224,0.415967,-1.061014,0.936230
968,4.033333,-0.027454,-0.043859,0.692680,0.719386,0.318359,-1.037213,0.009751,-0.043656,0.012646,0.516795,0.854902,0.691778,-1.014821,0.043553,0.046558,0.011346,-0.663005,-0.747080,0.417230,-1.060649,0.936087
969,4.037500,-0.027197,-0.043459,0.692736,0.719367,0.318390,-1.037215,0.009730,-0.045744,0.011687,0.517131,0.854603,0.697481,-1.013691,0.043557,0.047117,0.011016,-0.663302,-0.746786,0.418474,-1.060221,0.936078
970,4.041667,-0.026937,-0.043069,0.692833,0.719307,0.318401,-1.037226,0.009708,-0.047644,0.010734,0.517478,0.854302,0.703141,-1.012597,0.043547,0.046935,0.010862,-0.663450,-0.746668,0.419689,-1.059927,0.936091
971,4.045833,-0.026679,-0.042720,0.692895,0.719277,0.318424,-1.037231,0.009694,-0.050315,0.010155,0.518024,0.853824,0.708965,-1.011544,0.043518,0.047000,0.011310,-0.663686,-0.746447,0.420960,-1.059581,0.936088
972,4.050000,-0.026478,-0.042420,0.692951,0.719248,0.318439,-1.037229,0.009681,-0.052881,0.009897,0.518355,0.853471,0.714750,-1.010495,0.043468,0.046990,0.011809,-0.663941,-0.746214,0.422256,-1.059211,0.936217
973,4.054167,-0.026305,-0.042059,0.692916,0.719310,0.318484,-1.037215,0.009668,-0.055329,0.009361,0.518721,0.853100,0.720553,-1.009412,0.043366,0.047506,0.011401,-0.664123,-0.746026,0.423577,-1.058814,0.936185
974,4.058333,-0.026101,-0.041662,0.692957,0.719301,0.318509,-1.037217,0.009659,-0.058276,0.008964,0.518754,0.852888,0.726341,-1.008351,0.043273,0.047967,0.011283,-0.664393,-0.745757,0.424967,-1.058409,0.936157
975,4.062500,-0.025849,-0.041283,0.692974,0.719316,0.318556,-1.037197,0.009637,-0.060734,0.008485,0.518840,0.852669,0.732135,-1.007218,0.043141,0.048127,0.011119,-0.664547,-0.745613,0.426323,-1.058015,0.936124
976,4.066667,-0.025603,-0.040880,0.693042,0.719282,0.318575,-1.037188,0.009622,-0.063123,0.008595,0.518851,0.852488,0.738000,-1.006103,0.043071,0.048978,0.010557,-0.664673,-0.745453,0.427761,-1.057553,0.935957
977,4.070833,-0.025319,-0.040366,0.693093,0.719271,0.318595,-1.037174,0.009603,-0.065069,0.008877,0.519035,0.852227,0.743845,-1.005042,0.042982,0.049325,0.010182,-0.664772,-0.745346,0.429190,-1.057165,0.935819
978,4.075000,-0.025081,-0.039941,0.693187,0.719213,0.318602,-1.037168,0.009582,-0.068968,0.008660,0.518868,0.852024,0.749696,-1.003950,0.042886,0.050081,0.009715,-0.664857,-0.745227,0.430659,-1.056700,0.935742
979,4.079167,-0.024777,-0.039410,0.693264,0.719179,0.318626,-1.037149,0.009565,-0.071935,0.008959,0.518748,0.851849,0.755609,-1.002873,0.042755,0.050141,0.009210,-0.664950,-0.745146,0.432126,-1.056295,0.935618
980,4.083333,-0.024518,-0.039046,0.693302,0.719171,0.318664,-1.037130,0.009552,-0.074683,0.009302,0.518624,0.851684,0.761535,-1.001807,0.042802,0.050125,0.009063,-0.665021,-0.745085,0.433587,-1.055867,0.935511
981,4.087500,-0.024276,-0.038577,0.693344,0.719164,0.318710,-1.037103,0.009532,-0.077313,0.009301,0.518588,0.851471,0.767438,-1.000710,0.042700,0.050442,0.008562,-0.665109,-0.744992,0.435082,-1.055419,0.935384
982,4.091667,-0.023994,-0.038077,0.693423,0.719124,0.318724,-1.037093,0.009517,-0.077697,0.010355,0.518274,0.851615,0.773291,-0.999598,0.042709,0.050215,0.008121,-0.665151,-0.744975,0.436581,-1.054997,0.935221
983,4.095833,-0.023743,-0.037622,0.693422,0.719157,0.318769,-1.037067,0.009506,-0.079129,0.011388,0.517728,0.851802,0.779127,-0.998515,0.042705,0.050396,0.007365,-0.665161,-0.744961,0.438087,-1.054554,0.935128
984,4.100000,-0.023544,-0.037158,0.693487,0.719125,0.318795,-1.037060,0.009478,-0.082634,0.010515,0.517719,0.851486,0.785138,-0.997542,0.042655,0.049963,0.007192,-0.665159,-0.744994,0.439593,-1.054121,0.935024
985,4.104167,-0.023303,-0.036628,0.693539,0.719110,0.318800,-1.037049,0.009465,-0.084345,0.011247,0.517168,0.851644,0.790966,-0.996508,0.042685,0.049725,0.006786,-0.665122,-0.745046,0.441117,-1.053707,0.934896
986,4.108333,-0.023055,-0.036093,0.693606,0.719080,0.318837,-1.037031,0.009451,-0.083820,0.012834,0.516393,0.852143,0.796803,-0.995371,0.042841,0.049529,0.006470,-0.665134,-0.745052,0.442726,-1.053221,0.934904
987,4.112500,-0.022818,-0.035644,0.693652,0.719066,0.318856,-1.037019,0.009435,-0.084917,0.014387,0.515030,0.852835,0.802554,-0.994267,0.042924,0.049007,0.006287,-0.664990,-0.745217,0.444249,-1.052845,0.934771
988,4.116667,-0.022580,-0.035222,0.693674,0.719073,0.318883,-1.037010,0.009425,-0.086007,0.015965,0.513549,0.853589,0.808247,-0.993127,0.043108,0.048765,0.006102,-0.664921,-0.745295,0.445870,-1.052387,0.934681
989,4.120833,-0.022450,-0.034783,0.693677,0.719096,0.318902,-1.037003,0.009405,-0.087404,0.018335,0.512213,0.854203,0.813947,-0.992066,0.043358,0.047824,0.006165,-0.664813,-0.745452,0.447450,-1.052005,0.934627
990,4.125000,-0.022276,-0.034341,0.693694,0.719106,0.318934,-1.036983,0.009393,-0.088146,0.020184,0.510728,0.854974,0.819610,-0.991005,0.043586,0.047481,0.006376,-0.664742,-0.745535,0.449109,-1.051551,0.934560
991,4.129167,-0.022126,-0.033929,0.693732,0.719093,0.318957,-1.036963,0.009380,-0.088744,0.021794,0.509657,0.855511,0.825355,-0.989991,0.043823,0.047240,0.006128,-0.664668,-0.745618,0.450765,-1.051096,0.934479
992,4.133333,-0.022011,-0.033519,0.693717,0.719131,0.319003,-1.036959,0.009378,-0.088898,0.022841,0.508582,0.856107,0.831035,-0.988973,0.043955,0.047092,0.006184,-0.664493,-0.745784,0.452467,-1.050653,0.934263
993,4.137500,-0.021733,-0.032924,0.693773,0.719112,0.319011,-1.036947,0.009368,-0.085190,0.023208,0.507364,0.857196,0.836610,-0.987884,0.044212,0.047003,0.005916,-0.664360,-0.745910,0.454206,-1.050180,0.934110
994,4.141667,-0.021559,-0.032459,0.693804,0.719109,0.319039,-1.036931,0.009353,-0.089811,0.024978,0.505316,0.857885,0.842129,-0.986936,0.044195,0.046937,0.005801,-0.664120,-0.746129,0.455951,-1.049708,0.933939
995,4.145833,-0.021353,-0.031998,0.693862,0.719079,0.319058,-1.036929,0.009340,-0.088156,0.025410,0.503964,0.858838,0.847587,-0.985889,0.044381,0.047109,0.005270,-0.663946,-0.746276,0.457741,-1.049214,0.933744
996,4.150000,-0.021171,-0.031552,0.693881,0.719086,0.319096,-1.036901,0.009339,-0.089939,0.027557,0.501839,0.859831,0.852961,-0.984931,0.044391,0.046804,0.005073,-0.663728,-0.746491,0.459532,-1.048755,0.933557
997,4.154167,-0.021047,-0.031053,0.693903,0.719091,0.319116,-1.036891,0.009319,-0.089005,0.028767,0.499835,0.861055,0.858244,-0.983926,0.044588,0.047090,0.005005,-0.663508,-0.746669,0.461410,-1.048261,0.933370
998,4.158333,-0.020829,-0.030549,0.693934,0.719089,0.319142,-1.036870,0.009317,-0.091755,0.029721,0.497895,0.861858,0.863532,-0.982990,0.044673,0.047186,0.004676,-0.663283,-0.746865,0.463263,-1.047786,0.933214
999,4.162500,-0.020617,-0.029991,0.694022,0.719033,0.319163,-1.036861,0.009310,-0.088812,0.030059,0.496118,0.863178,0.868710,-0.982073,0.044963,0.047251,0.004487,-0.663084,-0.747039,0.465142,-1.047315,0.932990
1000,4.166667,-0.020319,-0.029388,0.694089,0.719002,0.319185,-1.036842,0.009298,-0.087872,0.031120,0.493911,0.864501,0.873825,-0.981145,0.045127,0.047236,0.004159,-0.662913,-0.747193,0.467074,-1.046792,0.932853
1001,4.170833,-0.020037,-0.028663,0.694167,0.718964,0.319224,-1.036823,0.009281,-0.086783,0.031775,0.491576,0.865917,0.878880,-0.980217,0.045328,0.047425,0.003825,-0.662640,-0.747426,0.468994,-1.046333,0.932570
1002,4.175000,-0.020045,-0.028609,0.694257,0.718879,0.319226,-1.036816,0.009307,-0.084212,0.032447,0.489658,0.867232,0.883947,-0.979354,0.045448,0.053088,0.008548,-0.663496,-0.746245,0.471240,-1.045508,0.933380
1003,4.179167,-0.019534,-0.027432,0.694288,0.718909,0.319288,-1.036790,0.009257,-0.080539,0.032715,0.487381,0.868851,0.888815,-0.978566,0.045589,0.052604,0.007607,-0.662941,-0.746782,0.473209,-1.045003,0.932774
1004,4.183333,-0.019203,-0.026690,0.694381,0.718856,0.319337,-1.036762,0.009239,-0.077551,0.032847,0.484963,0.870470,0.893571,-0.977806,0.045834,0.053254,0.006673,-0.662624,-0.747027,0.475259,-1.044473,0.932310
1005,4.187500,-0.018957,-0.026091,0.694445,0.718823,0.319376,-1.036741,0.009241,-0.074561,0.032513,0.482829,0.871929,0.898351,-0.976961,0.046144,0.053685,0.006364,-0.662357,-0.747235,0.477344,-1.043928,0.931877
1006,4.191667,-0.018782,-0.025441,0.694529,0.718769,0.319409,-1.036733,0.009226,-0.071098,0.032046,0.480744,0.873386,0.903045,-0.976197,0.046468,0.054085,0.005575,-0.662042,-0.747492,0.479473,-1.043322,0.931428
1007,4.195833,-0.018458,-0.024774,0.694668,0.718667,0.319438,-1.036723,0.009223,-0.068059,0.031323,0.479117,0.874547,0.907667,-0.975466,0.046784,0.053748,0.005523,-0.661789,-0.747741,0.481589,-1.042827,0.931113
1008,4.200000,-0.018182,-0.024015,0.694773,0.718598,0.319471,-1.036706,0.009218,-0.060686,0.033043,0.475797,0.876837,0.911933,-0.974863,0.046723,0.053583,0.004943,-0.661570,-0.747951,0.483713,-1.042284,0.930794
1009,4.204167,-0.017900,-0.023365,0.694878,0.718525,0.319515,-1.036698,0.009206,-0.057653,0.032584,0.473687,0.878200,0.916256,-0.974182,0.046992,0.053763,0.004703,-0.661387,-0.748101,0.485908,-1.041713,0.930525
1010,4.208333,-0.017646,-0.022701,0.694971,0.718462,0.319552,-1.036682,0.009198,-0.054083,0.032362,0.472236,0.879216,0.920579,-0.973572,0.047196,0.054034,0.004118,-0.661179,-0.748268,0.488079,-1.041136,0.930228
1011,4.212500,-0.017373,-0.021969,0.695062,0.718404,0.319587,-1.036661,0.009194,-0.050030,0.032070,0.470905,0.880180,0.924799,-0.972933,0.047346,0.053891,0.003562,-0.661046,-0.748399,0.490291,-1.040594,0.929833
1012,4.216667,-0.017085,-0.021257,0.695173,0.718325,0.319619,-1.036652,0.009191,-0.046288,0.031957,0.469882,0.880935,0.928967,-0.972358,0.047556,0.053453,0.003782,-0.660918,-0.748543,0.492493,-1.040065,0.929684
1013,4.220833,-0.016673,-0.020447,0.695355,0.718182,0.319657,-1.036642,0.009203,-0.043398,0.032126,0.468935,0.881581,0.933052,-0.971820,0.047594,0.051563,0.004305,-0.660663,-0.748897,0.494851,-1.039569,0.928969
1014,4.225000,-0.016569,-0.020182,0.695452,0.718098,0.319657,-1.036643,0.009229,-0.040525,0.032178,0.468514,0.881939,0.937049,-0.971382,0.047575,0.051280,0.002165,-0.659891,-0.749606,0.497185,-1.039048,0.928146
1015,4.229167,-0.016581,-0.019769,0.695468,0.718094,0.319680,-1.036628,0.009218,-0.038101,0.032948,0.467922,0.882333,0.940956,-0.970981,0.047528,0.049173,0.004149,-0.659391,-0.750179,0.499385,-1.038299,0.928561
1016,4.233333,-0.016197,-0.018912,0.695638,0.717961,0.319698,-1.036626,0.009234,-0.035916,0.033928,0.467691,0.882510,0.944720,-0.970631,0.047424,0.049379,0.004293,-0.659301,-0.750244,0.501740,-1.037606,0.928278
1017,4.237500,-0.015983,-0.018149,0.695753,0.717874,0.319732,-1.036615,0.009231,-0.034204,0.034914,0.467702,0.882534,0.948441,-0.970360,0.047195,0.048380,0.004025,-0.659066,-0.750516,0.504142,-1.037077,0.927872
1018,4.241667,-0.015808,-0.017551,0.695848,0.717800,0.319761,-1.036592,0.009237,-0.034332,0.036655,0.467235,0.882705,0.951971,-0.970163,0.046971,0.047921,0.002981,-0.658726,-0.750849,0.506548,-1.036566,0.927439
1019,4.245833,-0.015640,-0.016931,0.695941,0.717729,0.319779,-1.036586,0.009244,-0.034220,0.038435,0.467184,0.882661,0.955431,-0.969989,0.046649,0.047270,0.002661,-0.658473,-0.751114,0.508982,-1.036053,0.927044
1020,4.250000,-0.015535,-0.016260,0.696025,0.717665,0.319810,-1.036572,0.009252,-0.034256,0.040485,0.467288,0.882513,0.958791,-0.969928,0.046234,0.046814,0.002979,-0.658492,-0.751125,0.511481,-1.035479,0.926756
1021,4.254167,-0.015411,-0.015465,0.696144,0.717571,0.319831,-1.036557,0.009251,-0.034437,0.042732,0.467227,0.882433,0.961965,-0.969960,0.045770,0.046281,0.003601,-0.658587,-0.751072,0.514034,-1.034864,0.926388
1022,4.258333,-0.015302,-0.014685,0.696291,0.717446,0.319843,-1.036540,0.009255,-0.035480,0.045033,0.467311,0.882232,0.965040,-0.970069,0.045158,0.046004,0.003889,-0.658526,-0.751140,0.516645,-1.034308,0.925852
1023,4.262500,-0.015213,-0.013803,0.696453,0.717309,0.319865,-1.036509,0.009256,-0.036226,0.047813,0.467512,0.881949,0.967956,-0.970266,0.044512,0.045209,0.004320,-0.658402,-0.751295,0.519258,-1.033694,0.925402
1024,4.266667,-0.015118,-0.012850,0.696574,0.717211,0.319888,-1.036479,0.009269,-0.035890,0.050823,0.467795,0.881644,0.970696,-0.970543,0.043675,0.045385,0.003477,-0.658219,-0.751450,0.521966,-1.033141,0.924666
1025,4.270833,-0.014978,-0.012034,0.696753,0.717054,0.319901,-1.036436,0.009279,-0.035900,0.053787,0.468331,0.881183,0.973299,-0.970916,0.042752,0.044964,0.003084,-0.657958,-0.751705,0.524661,-1.032603,0.924071
1026,4.275000,-0.015045,-0.011243,0.696876,0.716946,0.319932,-1.036406,0.009293,-0.035481,0.057350,0.468574,0.880846,0.975698,-0.971406,0.041825,0.045011,0.002915,-0.657953,-0.751707,0.527379,-1.031954,0.923551
1027,4.279167,-0.015193,-0.010483,0.697021,0.716813,0.319943,-1.036386,0.009318,-0.036666,0.060595,0.468964,0.880373,0.977980,-0.971949,0.040812,0.045142,0.001580,-0.657732,-0.751897,0.530123,-1.031390,0.922794
1028,4.283333,-0.015395,-0.009928,0.697145,0.716697,0.319958,-1.036368,0.009366,-0.036416,0.064241,0.469390,0.879898,0.980053,-0.972600,0.039617,0.045574,0.000103,-0.657567,-0.752016,0.532908,-1.030813,0.922131
1029,4.287500,-0.015566,-0.009254,0.697282,0.716568,0.319961,-1.036333,0.009383,-0.035486,0.068041,0.470134,0.879253,0.981911,-0.973351,0.038307,0.045938,-0.000516,-0.657496,-0.752056,0.535670,-1.030248,0.921471
1030,4.291667,-0.015633,-0.008378,0.697485,0.716380,0.319970,-1.036294,0.009421,-0.035096,0.071799,0.470785,0.878621,0.983595,-0.974199,0.036974,0.045159,-0.001008,-0.657361,-0.752221,0.538472,-1.029693,0.921052
1031,4.295833,-0.015922,-0.007452,0.697639,0.716234,0.319984,-1.036267,0.009482,-0.033667,0.074816,0.471754,0.877905,0.985162,-0.975110,0.035509,0.044992,-0.001627,-0.657249,-0.752328,0.541261,-1.029179,0.920411
1032,4.300000,-0.016007,-0.006087,0.697832,0.716057,0.320004,-1.036234,0.009523,-0.028172,0.076594,0.472648,0.877464,0.986672,-0.976115,0.034158,0.044231,-0.001743,-0.657235,-0.752384,0.544102,-1.028733,0.919989
1033,4.304167,-0.016066,-0.004973,0.698014,0.715887,0.320007,-1.036198,0.009589,-0.020197,0.076512,0.472885,0.877563,0.987921,-0.977272,0.033243,0.043146,-0.001770,-0.657237,-0.752446,0.546944,-1.028251,0.919601
1034,4.308333,-0.016051,-0.003589,0.698241,0.715674,0.320033,-1.036130,0.009638,-0.012560,0.073069,0.474310,0.877230,0.989052,-0.978460,0.032606,0.042172,-0.001539,-0.657351,-0.752402,0.549795,-1.027771,0.919189
1035,4.312500,-0.016185,-0.002526,0.698407,0.715513,0.320035,-1.036088,0.009705,-0.007053,0.067627,0.476727,0.876418,0.989949,-0.979609,0.032119,0.041220,-0.001038,-0.657543,-0.752288,0.552692,-1.027288,0.918826
1036,4.316667,-0.016500,-0.001389,0.698513,0.715406,0.320065,-1.036026,0.009789,-0.000358,0.063607,0.480645,0.874605,0.990696,-0.980597,0.031292,0.040489,-0.000764,-0.657704,-0.752187,0.555653,-1.026865,0.918333
1037,4.320833,-0.016792,-0.000124,0.698614,0.715302,0.320109,-1.035958,0.009886,0.004417,0.060411,0.485112,0.872352,0.991380,-0.981536,0.030201,0.039897,-0.000999,-0.657851,-0.752090,0.558649,-1.026385,0.917744
1038,4.325000,-0.017121,0.001613,0.698673,0.715235,0.320166,-1.035860,0.009954,0.006390,0.057923,0.489005,0.870332,0.991929,-0.982556,0.029031,0.039111,-0.000917,-0.658076,-0.751934,0.561673,-1.025946,0.917247
1039,4.329167,-0.017246,0.003710,0.698759,0.715139,0.320220,-1.035733,0.010038,0.008313,0.056993,0.492538,0.868383,0.992331,-0.983476,0.027744,0.038778,-0.001263,-0.658245,-0.751803,0.564752,-1.025462,0.916617
1040,4.333333,-0.017398,0.006035,0.698764,0.715115,0.320254,-1.035629,0.010143,0.009119,0.055158,0.495942,0.866554,0.992876,-0.984255,0.026757,0.038176,-0.000871,-0.658571,-0.751549,0.567840,-1.025045,0.916118
1041,4.337500,-0.017474,0.008223,0.698807,0.715049,0.320247,-1.035538,0.010242,0.007466,0.049670,0.499207,0.865026,0.993449,-0.985047,0.026247,0.037798,-0.001345,-0.658857,-0.751317,0.571036,-1.024626,0.915464
1042,4.341667,-0.017484,0.010921,0.698724,0.715094,0.320236,-1.035447,0.010354,0.006515,0.044982,0.502076,0.863628,0.994129,-0.985682,0.025697,0.036631,-0.000882,-0.658980,-0.751268,0.574161,-1.024209,0.914931
1043,4.345833,-0.017047,0.014684,0.698332,0.715421,0.320217,-1.035350,0.010518,0.005112,0.040186,0.504332,0.862559,0.994894,-0.986220,0.025128,0.036509,-0.001332,-0.658988,-0.751266,0.577404,-1.023893,0.914224
1044,4.350000,-0.016764,0.018075,0.697833,0.715836,0.320178,-1.035267,0.010720,0.003549,0.036085,0.506366,0.861556,0.995785,-0.986587,0.024546,0.036072,-0.003553,-0.657895,-0.752237,0.580613,-1.024027,0.913104
1045,4.354167,-0.017027,0.020672,0.697139,0.716436,0.320062,-1.035163,0.011012,0.004656,0.033851,0.508119,0.860609,0.996726,-0.986759,0.023732,0.035541,-0.003654,-0.658204,-0.751991,0.583863,-1.023672,0.912501
1046,4.358333,-0.017359,0.022972,0.696569,0.716911,0.319916,-1.035060,0.011290,0.004612,0.030897,0.509670,0.859803,0.997671,-0.986743,0.023014,0.034975,-0.003050,-0.658525,-0.751740,0.587083,-1.023320,0.912019
1047,4.362500,-0.017466,0.025304,0.696181,0.717208,0.319806,-1.034948,0.011587,0.004556,0.028060,0.510394,0.859471,0.998528,-0.986583,0.022456,0.034262,-0.002785,-0.658946,-0.751404,0.590384,-1.022932,0.911562
1048,4.366667,-0.017922,0.027034,0.695758,0.717543,0.319660,-1.034849,0.011856,0.004822,0.025611,0.509951,0.859809,0.999353,-0.986331,0.021938,0.033893,-0.002530,-0.659323,-0.751092,0.593697,-1.022589,0.911028
1049,4.370833,-0.018114,0.028601,0.694970,0.718242,0.319477,-1.034761,0.012110,0.005439,0.022649,0.509179,0.860345,1.000268,-0.986166,0.021364,0.034156,-0.003104,-0.659699,-0.750747,0.596984,-1.022251,0.910576
1050,4.375000,-0.018702,0.031856,0.694781,0.718272,0.319343,-1.034636,0.012462,0.006721,0.019778,0.507583,0.861350,1.001320,-0.985983,0.020763,0.034228,-0.003265,-0.660177,-0.750323,0.600370,-1.021918,0.910044
1051,4.379167,-0.019658,0.034114,0.694613,0.718305,0.319239,-1.034555,0.012784,0.008199,0.017631,0.506098,0.862257,1.002427,-0.985700,0.020133,0.033694,-0.002836,-0.660613,-0.749965,0.603696,-1.021607,0.909562
1052,4.383333,-0.021262,0.036402,0.694503,0.718253,0.319189,-1.034514,0.013145,0.009307,0.015398,0.504594,0.863169,1.003595,-0.985342,0.019571,0.033423,-0.002585,-0.661055,-0.749589,0.607050,-1.021326,0.909091
1053,4.387500,-0.022456,0.037999,0.694286,0.718345,0.319118,-1.034435,0.013512,0.009678,0.012836,0.503119,0.864067,1.004763,-0.984945,0.019056,0.033498,-0.002539,-0.661554,-0.749144,0.610461,-1.021056,0.908565
1054,4.391667,-0.023771,0.039923,0.694156,0.718323,0.319034,-1.034312,0.013890,0.010447,0.010592,0.501792,0.864860,1.005941,-0.984576,0.018532,0.033224,-0.001928,-0.661978,-0.748784,0.613844,-1.020798,0.908119
1055,4.395833,-0.025374,0.041303,0.694109,0.718236,0.318981,-1.034208,0.014285,0.010859,0.008424,0.499918,0.865964,1.007138,-0.984237,0.018065,0.032510,-0.001850,-0.662430,-0.748416,0.617212,-1.020520,0.907880
1056,4.400000,-0.027472,0.042329,0.694009,0.718196,0.318958,-1.034150,0.014673,0.011162,0.006309,0.498181,0.866978,1.008326,-0.983830,0.017597,0.032683,-0.001641,-0.662837,-0.748048,0.620637,-1.020278,0.907374
1057,4.404167,-0.029460,0.043413,0.693917,0.718141,0.318920,-1.034063,0.015043,0.011875,0.004431,0.496234,0.868096,1.009619,-0.983410,0.017124,0.032608,-0.001901,-0.663292,-0.747648,0.624090,-1.020080,0.907014
1058,4.408333,-0.030986,0.045360,0.693916,0.717957,0.318914,-1.033967,0.015465,0.011822,0.002826,0.494358,0.869173,1.010819,-0.982973,0.016723,0.031958,-0.001669,-0.663727,-0.747290,0.627494,-1.019829,0.906888
1059,4.412500,-0.032019,0.048154,0.694211,0.717445,0.318965,-1.033847,0.015933,0.011813,0.001635,0.492595,0.870177,1.012056,-0.982535,0.016378,0.032070,-0.001672,-0.664148,-0.746911,0.630975,-1.019663,0.906625
1060,4.416667,-0.033003,0.051507,0.694653,0.716739,0.319055,-1.033710,0.016417,0.012110,0.000297,0.491164,0.870983,1.013236,-0.982198,0.016056,0.031795,-0.001318,-0.664520,-0.746593,0.634444,-1.019500,0.906514
1061,4.420833,-0.032996,0.056006,0.694902,0.716161,0.319232,-1.033534,0.017077,0.012274,-0.001489,0.490329,0.871450,1.014396,-0.981967,0.015718,0.031243,-0.001086,-0.664830,-0.746341,0.637886,-1.019357,0.906467
1062,4.425000,-0.033855,0.059103,0.695336,0.715450,0.319350,-1.033353,0.017589,0.010572,-0.003226,0.489729,0.871805,1.015530,-0.981755,0.015551,0.031235,-0.001208,-0.665096,-0.746104,0.641377,-1.019240,0.906310
1063,4.429167,-0.035811,0.060327,0.695725,0.714874,0.319495,-1.033206,0.018044,0.009437,-0.004435,0.489079,0.872177,1.016532,-0.981579,0.015324,0.030527,-0.000207,-0.665456,-0.745812,0.644892,-1.019134,0.906415
1064,4.433333,-0.037425,0.061598,0.696048,0.714368,0.319671,-1.033109,0.018516,0.009300,-0.004738,0.488634,0.872427,1.017460,-0.981441,0.015168,0.030059,0.000399,-0.665667,-0.745643,0.648379,-1.019068,0.906501
1065,4.437500,-0.038942,0.059647,0.696456,0.714055,0.320127,-1.032637,0.019669,0.009307,-0.005126,0.488166,0.872686,1.018193,-0.981324,0.014996,0.029502,0.000716,-0.665829,-0.745520,0.651934,-1.018985,0.906581
1066,4.441667,-0.040921,0.063124,0.697104,0.713012,0.320176,-1.032662,0.019819,0.009343,-0.005066,0.487793,0.872895,1.018795,-0.981241,0.014936,0.027982,0.000255,-0.665859,-0.745553,0.655377,-1.018938,0.906863
1067,4.445833,-0.044297,0.065764,0.698485,0.711219,0.320319,-1.032695,0.019989,0.009429,-0.004649,0.487554,0.873030,1.019248,-0.981180,0.015004,0.029827,-0.000471,-0.665724,-0.745602,0.658921,-1.018927,0.906856
1068,4.450000,-0.046539,0.066332,0.699681,0.709845,0.320637,-1.032518,0.020597,0.009092,-0.004804,0.487516,0.873053,1.019537,-0.981138,0.015008,0.030091,-0.000097,-0.665955,-0.745385,0.662512,-1.018881,0.906912
1069,4.454167,-0.049409,0.066264,0.701109,0.708247,0.320950,-1.032318,0.021264,0.009396,-0.004521,0.487676,0.872963,1.019697,-0.981145,0.015071,0.029584,0.001343,-0.666000,-0.745363,0.665929,-1.018854,0.907148
1070,4.458333,-0.050535,0.069322,0.702177,0.706816,0.321485,-1.032124,0.021907,0.009673,-0.004317,0.487932,0.872818,1.019775,-0.981202,0.015121,0.031184,0.002066,-0.666077,-0.745228,0.669444,-1.018850,0.907315
1071,4.462500,-0.052065,0.070752,0.703367,0.705378,0.322067,-1.031842,0.022638,0.011072,-0.004455,0.488045,0.872737,1.019759,-0.981333,0.015009,0.034261,0.007000,-0.666632,-0.744567,0.673135,-1.018436,0.908042
1072,4.466667,-0.054366,0.072069,0.705041,0.703397,0.322688,-1.031647,0.023257,0.011361,-0.004634,0.488441,0.872510,1.019724,-0.981432,0.014991,0.036160,0.007113,-0.666545,-0.744554,0.676454,-1.018504,0.908157
1073,4.470833,-0.056521,0.074003,0.706737,0.701321,0.323307,-1.031405,0.023931,0.011755,-0.004756,0.488897,0.872249,1.019701,-0.981536,0.014981,0.036090,0.007505,-0.666606,-0.744498,0.679717,-1.018603,0.908873
1074,4.475000,-0.058055,0.077221,0.708950,0.698610,0.324137,-1.031120,0.024707,0.012391,-0.004606,0.489287,0.872022,1.019690,-0.981623,0.015004,0.038487,0.009363,-0.666867,-0.744123,0.682932,-1.018539,0.909320
1075,4.479167,-0.060275,0.078090,0.711435,0.695794,0.324917,-1.030798,0.025399,0.012785,-0.004644,0.489589,0.871847,1.019667,-0.981696,0.015000,0.039135,0.010880,-0.666988,-0.743961,0.686039,-1.018657,0.909857
1076,4.483333,-0.060989,0.082891,0.714673,0.691847,0.325910,-1.030291,0.026214,0.013220,-0.004496,0.489906,0.871663,1.019671,-0.981755,0.015026,0.039812,0.011805,-0.667117,-0.743794,0.689138,-1.018801,0.910487
1077,4.487500,-0.063291,0.084522,0.717943,0.688047,0.326807,-1.029872,0.026824,0.013584,-0.004383,0.490239,0.871471,1.019658,-0.981808,0.015036,0.040345,0.013102,-0.667485,-0.743414,0.692211,-1.018841,0.911244
1078,4.491667,-0.066259,0.085006,0.721403,0.684077,0.327720,-1.029497,0.027380,0.013815,-0.004433,0.490640,0.871242,1.019646,-0.981864,0.015047,0.041334,0.012404,-0.668338,-0.742605,0.695256,-1.018978,0.912259
1079,4.495833,-0.067880,0.086328,0.724755,0.680198,0.328791,-1.029130,0.027945,0.013995,-0.004584,0.491059,0.871002,1.019624,-0.981920,0.015032,0.043027,0.012551,-0.668898,-0.742002,0.698395,-1.019037,0.913013
1080,4.500000,-0.068849,0.088884,0.728514,0.675742,0.330054,-1.028661,0.028757,0.014352,-0.004605,0.491435,0.870784,1.019610,-0.981978,0.015038,0.043500,0.013013,-0.669575,-0.741355,0.701457,-1.019117,0.913993
1081,4.504167,-0.069464,0.090741,0.731507,0.672189,0.331302,-1.028346,0.029445,0.014799,-0.004630,0.491736,0.870606,1.019593,-0.982034,0.015043,0.041673,0.013744,-0.670069,-0.741000,0.704376,-1.019277,0.915003
1082,4.508333,-0.070123,0.093164,0.734527,0.668486,0.332735,-1.027951,0.030262,0.015296,-0.004600,0.491995,0.870451,1.019573,-0.982079,0.015052,0.041197,0.013516,-0.670599,-0.740552,0.707420,-1.019424,0.915869
1083,4.512500,-0.070625,0.094917,0.737590,0.664803,0.334219,-1.027636,0.031021,0.015705,-0.004571,0.492240,0.870306,1.019565,-0.982130,0.015066,0.041967,0.013147,-0.671253,-0.739922,0.710490,-1.019521,0.916840
1084,4.516667,-0.069594,0.098676,0.740583,0.661026,0.335875,-1.027152,0.031990,0.016610,-0.004254,0.492508,0.870139,1.019560,-0.982197,0.015134,0.041754,0.012464,-0.671877,-0.739380,0.713530,-1.019695,0.917711
1085,4.520833,-0.069890,0.102422,0.743999,0.656575,0.337596,-1.026515,0.032952,0.017281,-0.004040,0.492823,0.869948,1.019553,-0.982265,0.015167,0.040940,0.012207,-0.672360,-0.738991,0.716511,-1.019868,0.918620
1086,4.525000,-0.070378,0.105735,0.748382,0.650993,0.339301,-1.025973,0.033581,0.019456,-0.003307,0.493003,0.869804,1.019520,-0.982346,0.015142,0.039851,0.011898,-0.672845,-0.738613,0.719495,-1.020047,0.919553
1087,4.529167,-0.068925,0.110331,0.751424,0.646869,0.341110,-1.025337,0.034493,0.020326,-0.003077,0.493313,0.869609,1.019506,-0.982403,0.015142,0.037577,0.012081,-0.673164,-0.738439,0.722388,-1.020286,0.920434
1088,4.533333,-0.067403,0.116017,0.754167,0.642829,0.343042,-1.024671,0.035483,0.020757,-0.003015,0.493518,0.869483,1.019504,-0.982453,0.015166,0.036694,0.011931,-0.673619,-0.738071,0.725331,-1.020491,0.921332
1089,4.537500,-0.067066,0.119202,0.757646,0.638174,0.345107,-1.023995,0.036250,0.020952,-0.002999,0.493684,0.869384,1.019490,-0.982488,0.015196,0.037602,0.010437,-0.674005,-0.737696,0.728356,-1.020642,0.922058
1090,4.541667,-0.066103,0.125361,0.760036,0.634239,0.347163,-1.023213,0.036923,0.021259,-0.003004,0.493794,0.869314,1.019480,-0.982517,0.015199,0.037476,0.009777,-0.674393,-0.737356,0.731301,-1.020812,0.922809
1091,4.545833,-0.064401,0.131837,0.762480,0.630155,0.349293,-1.022471,0.037629,0.021584,-0.002900,0.493882,0.869256,1.019476,-0.982553,0.015217,0.038436,0.008005,-0.674357,-0.737361,0.734147,-1.020895,0.923185
1092,4.550000,-0.063066,0.136328,0.765302,0.625900,0.351640,-1.021782,0.038128,0.022086,-0.002773,0.493985,0.869185,1.019493,-0.982598,0.015244,0.036518,0.008516,-0.674892,-0.736963,0.737020,-1.021129,0.924295
1093,4.554167,-0.060617,0.140562,0.767906,0.622003,0.354052,-1.020962,0.038737,0.022622,-0.002550,0.494090,0.869113,1.019508,-0.982641,0.015268,0.035340,0.008831,-0.675124,-0.736805,0.739797,-1.021264,0.925124
1094,4.558333,-0.058944,0.143019,0.770987,0.617779,0.356597,-1.020068,0.039306,0.023099,-0.002425,0.494154,0.869064,1.019523,-0.982673,0.015301,0.035729,0.008049,-0.675420,-0.736523,0.742759,-1.021314,0.925830
1095,4.562500,-0.056541,0.145347,0.773822,0.613903,0.359278,-1.019221,0.039793,0.023571,-0.002306,0.494191,0.869031,1.019536,-0.982704,0.015327,0.035468,0.007669,-0.675367,-0.736589,0.745619,-1.021357,0.926321
1096,4.566667,-0.054329,0.146182,0.776518,0.610491,0.362056,-1.018263,0.040356,0.024086,-0.002189,0.494185,0.869020,1.019542,-0.982730,0.015344,0.036697,0.008338,-0.675071,-0.736792,0.748170,-1.021404,0.926209
1097,4.570833,-0.052092,0.146252,0.778797,0.607760,0.365093,-1.017337,0.040800,0.024505,-0.002107,0.494209,0.868995,1.019559,-0.982750,0.015358,0.037208,0.007651,-0.674481,-0.737315,0.750746,-1.021519,0.925934
1098,4.575000,-0.050167,0.144819,0.780851,0.605626,0.368292,-1.016282,0.041277,0.024907,-0.002018,0.494265,0.868952,1.019555,-0.982755,0.015361,0.036140,0.007480,-0.673912,-0.737889,0.753146,-1.021476,0.926310
1099,4.579167,-0.046860,0.144590,0.782214,0.604185,0.371810,-1.015233,0.041630,0.025378,-0.001891,0.494296,0.868921,1.019576,-0.982784,0.015382,0.035146,0.008192,-0.674254,-0.737617,0.755583,-1.021657,0.926960
1100,4.583333,-0.045243,0.142041,0.783262,0.603554,0.375613,-1.014164,0.042043,0.025854,-0.001738,0.494285,0.868914,1.019600,-0.982809,0.015401,0.036060,0.007024,-0.674199,-0.737636,0.758029,-1.021731,0.927180
1101,4.587500,-0.040934,0.140769,0.782368,0.605318,0.379836,-1.012927,0.042469,0.026133,-0.001755,0.494253,0.868923,1.019630,-0.982826,0.015398,0.033746,0.003970,-0.673700,-0.738224,0.760331,-1.022050,0.927650
1102,4.591667,-0.037603,0.137904,0.781491,0.607323,0.384202,-1.011794,0.042949,0.026518,-0.001614,0.494271,0.868902,1.019653,-0.982842,0.015423,0.031349,0.001954,-0.673083,-0.738900,0.762457,-1.022399,0.927808
1103,4.595833,-0.034744,0.135280,0.779713,0.610361,0.388962,-1.010668,0.043233,0.026947,-0.001464,0.494235,0.868909,1.019665,-0.982858,0.015429,0.029358,0.001820,-0.672866,-0.739179,0.764503,-1.022638,0.928418
1104,4.600000,-0.031833,0.132485,0.777069,0.614491,0.393936,-1.009492,0.043391,0.027320,-0.001407,0.494201,0.868917,1.019686,-0.982878,0.015444,0.029847,0.001847,-0.672572,-0.739427,0.766336,-1.022856,0.928886
1105,4.604167,-0.029208,0.129038,0.774176,0.618990,0.399365,-1.008178,0.043413,0.027758,-0.001280,0.494181,0.868915,1.019705,-0.982910,0.015459,0.029134,0.002110,-0.672362,-0.739646,0.768547,-1.022924,0.929144
1106,4.608333,-0.025687,0.125618,0.771216,0.623528,0.404863,-1.006927,0.043348,0.028353,-0.001072,0.494168,0.868903,1.019718,-0.982947,0.015496,0.028795,0.001458,-0.671484,-0.740458,0.770697,-1.022816,0.929419
1107,4.612500,-0.022777,0.121449,0.768015,0.628398,0.410395,-1.005594,0.043406,0.028909,-0.000925,0.494124,0.868910,1.019751,-0.982985,0.015515,0.028466,0.001157,-0.671228,-0.740703,0.772807,-1.022840,0.929802
1108,4.616667,-0.020840,0.117471,0.764673,0.633279,0.415990,-1.004270,0.043345,0.029539,-0.000698,0.494099,0.868903,1.019777,-0.983032,0.015530,0.028562,0.000393,-0.670813,-0.741076,0.774901,-1.022869,0.929889
1109,4.620833,-0.018877,0.113289,0.761567,0.637829,0.421826,-1.002934,0.043210,0.030191,-0.000509,0.494062,0.868902,1.019810,-0.983074,0.015558,0.028778,0.000075,-0.670595,-0.741265,0.777078,-1.022951,0.929760
1110,4.625000,-0.016928,0.108787,0.758314,0.642526,0.427736,-1.001672,0.043030,0.030871,-0.000315,0.494008,0.868909,1.019836,-0.983119,0.015579,0.027932,0.000078,-0.669925,-0.741903,0.779019,-1.022802,0.930299
1111,4.629167,-0.014913,0.104706,0.754834,0.647333,0.433814,-1.000443,0.042765,0.031384,-0.000184,0.493988,0.868902,1.019864,-0.983166,0.015584,0.028219,-0.000367,-0.669315,-0.742443,0.781102,-1.022740,0.930200
1112,4.633333,-0.013077,0.100442,0.751325,0.652113,0.439859,-0.999259,0.042529,0.031868,-0.000070,0.493949,0.868907,1.019895,-0.983209,0.015594,0.028026,-0.000219,-0.668804,-0.742910,0.783061,-1.022609,0.930363
1113,4.637500,-0.011345,0.095733,0.748173,0.656463,0.446048,-0.997975,0.042235,0.032433,0.000026,0.493902,0.868913,1.019915,-0.983251,0.015607,0.028507,-0.000544,-0.668121,-0.743507,0.785059,-1.022500,0.930165
1114,4.641667,-0.009943,0.090589,0.745255,0.660522,0.452322,-0.996657,0.041937,0.032866,0.000152,0.493869,0.868915,1.019939,-0.983284,0.015629,0.028844,0.000238,-0.667471,-0.744077,0.786967,-1.022361,0.930096
1115,4.645833,-0.008315,0.086922,0.742146,0.664526,0.458612,-0.995494,0.041538,0.033355,0.000385,0.493800,0.868935,1.019959,-0.983319,0.015642,0.027198,-0.000740,-0.669205,-0.742579,0.788872,-1.022759,0.931059
1116,4.650000,-0.007137,0.082582,0.739534,0.667996,0.465008,-0.994255,0.041086,0.033874,0.000524,0.493736,0.868952,1.019986,-0.983349,0.015656,0.027397,-0.001314,-0.668769,-0.742965,0.790671,-1.022712,0.931211
1117,4.654167,-0.006214,0.077576,0.736927,0.671477,0.471393,-0.992994,0.040658,0.034149,0.000623,0.493707,0.868958,1.019997,-0.983380,0.015669,0.026925,-0.001780,-0.668551,-0.743176,0.792477,-1.022721,0.931440
1118,4.658333,-0.004667,0.073871,0.734127,0.674966,0.477921,-0.991898,0.040123,0.034402,0.000730,0.493652,0.868978,1.020018,-0.983409,0.015688,0.027143,-0.001000,-0.668219,-0.743468,0.794229,-1.022470,0.931823
1119,4.662500,-0.004337,0.068938,0.732148,0.677634,0.484495,-0.990714,0.039556,0.034811,0.000783,0.493569,0.869009,1.020030,-0.983436,0.015691,0.028786,-0.003950,-0.667383,-0.744148,0.795872,-1.022475,0.931461
1120,4.666667,-0.003497,0.064297,0.729994,0.680414,0.491097,-0.989620,0.039007,0.035227,0.000838,0.493469,0.869049,1.020034,-0.983456,0.015696,0.028494,-0.004840,-0.667022,-0.744477,0.797486,-1.022422,0.931681
1121,4.670833,-0.002600,0.059978,0.727898,0.683052,0.497757,-0.988483,0.038466,0.035588,0.000887,0.493383,0.869083,1.020055,-0.983476,0.015714,0.028340,-0.005685,-0.666635,-0.744824,0.799134,-1.022332,0.931885
1122,4.675000,-0.001477,0.056068,0.725447,0.685989,0.504470,-0.987534,0.037841,0.035927,0.000941,0.493248,0.869146,1.020064,-0.983490,0.015723,0.028014,-0.006126,-0.666266,-0.745162,0.800702,-1.022248,0.932099
1123,4.679167,-0.000830,0.050857,0.724184,0.687728,0.511393,-0.986439,0.037139,0.036347,0.000932,0.493152,0.869183,1.020075,-0.983506,0.015735,0.027542,-0.006033,-0.665923,-0.745488,0.802331,-1.022062,0.932444
1124,4.683333,-0.000203,0.046751,0.722282,0.690017,0.518241,-0.985385,0.036527,0.036729,0.000958,0.493073,0.869212,1.020078,-0.983517,0.015748,0.027222,-0.006867,-0.665485,-0.745883,0.803718,-1.021941,0.932553
1125,4.687500,0.000351,0.042497,0.720660,0.691985,0.525148,-0.984289,0.035905,0.036956,0.001027,0.493024,0.869230,1.020088,-0.983526,0.015760,0.026147,-0.007543,-0.665225,-0.746147,0.805239,-1.021908,0.932832
1126,4.691667,0.000292,0.038273,0.718874,0.694086,0.532089,-0.983293,0.035303,0.037159,0.001167,0.492970,0.869252,1.020092,-0.983547,0.015766,0.026458,-0.008245,-0.664808,-0.746500,0.806696,-1.021688,0.932946
1127,4.695833,0.000556,0.034516,0.717254,0.695956,0.539078,-0.982284,0.034591,0.037097,0.001224,0.492919,0.869283,1.020097,-0.983562,0.015781,0.025968,-0.008711,-0.664383,-0.746890,0.808078,-1.021542,0.933148
1128,4.700000,0.000601,0.029627,0.715747,0.697731,0.546139,-0.981206,0.033931,0.036928,0.001312,0.492896,0.869304,1.020103,-0.983578,0.015786,0.025592,-0.009165,-0.663840,-0.747381,0.809378,-1.021367,0.933369
1129,4.704167,0.000413,0.025445,0.714260,0.699418,0.553249,-0.980175,0.033297,0.036856,0.001297,0.492774,0.869375,1.020103,-0.983594,0.015782,0.025643,-0.009844,-0.663581,-0.747600,0.810817,-1.021166,0.933514
1130,4.708333,0.000267,0.021505,0.712847,0.700990,0.560450,-0.979198,0.032636,0.037026,0.001309,0.492742,0.869387,1.020106,-0.983600,0.015792,0.026281,-0.010661,-0.663086,-0.748006,0.812117,-1.020965,0.933512
1131,4.712500,-0.000288,0.017276,0.711386,0.702589,0.567590,-0.978329,0.032015,0.037206,0.001498,0.492801,0.869345,1.020094,-0.983603,0.015792,0.025457,-0.011045,-0.662646,-0.748419,0.813383,-1.020823,0.933774
1132,4.716667,-0.000406,0.013270,0.710083,0.703992,0.574773,-0.977333,0.031457,0.037451,0.001597,0.492735,0.869372,1.020099,-0.983623,0.015806,0.025666,-0.010903,-0.662332,-0.748691,0.814646,-1.020591,0.933993
1133,4.720833,-0.000673,0.009112,0.709046,0.705103,0.582079,-0.976414,0.030812,0.037713,0.001691,0.492683,0.869390,1.020110,-0.983646,0.015818,0.025385,-0.011138,-0.662009,-0.748983,0.815906,-1.020397,0.934147
1134,4.725000,-0.001527,0.005001,0.707923,0.706271,0.589463,-0.975452,0.030255,0.037915,0.001716,0.492598,0.869429,1.020117,-0.983670,0.015830,0.024941,-0.011332,-0.661653,-0.749309,0.817119,-1.020208,0.934385
1135,4.729167,-0.001458,0.001547,0.706697,0.707513,0.596893,-0.974562,0.029707,0.038088,0.001778,0.492553,0.869447,1.020135,-0.983688,0.015838,0.024774,-0.010386,-0.662071,-0.748960,0.818752,-1.020100,0.935255
1136,4.733333,-0.002323,-0.002660,0.705630,0.708572,0.604358,-0.973727,0.029181,0.038269,0.001851,0.492475,0.869483,1.020154,-0.983697,0.015853,0.024684,-0.010840,-0.661711,-0.749274,0.819903,-1.019913,0.935145
1137,4.737500,-0.002636,-0.006705,0.704504,0.709663,0.611890,-0.972848,0.028656,0.038385,0.001886,0.492433,0.869502,1.020164,-0.983711,0.015859,0.024893,-0.011372,-0.661114,-0.749786,0.821047,-1.019694,0.935085
1138,4.741667,-0.003794,-0.010664,0.703551,0.710554,0.619444,-0.971959,0.028186,0.038575,0.001935,0.492362,0.869533,1.020174,-0.983730,0.015860,0.024613,-0.011640,-0.660725,-0.750134,0.822163,-1.019482,0.935387
1139,4.745833,-0.004568,-0.014536,0.702402,0.711617,0.627013,-0.971083,0.027667,0.038907,0.002056,0.492285,0.869562,1.020185,-0.983746,0.015867,0.023875,-0.011823,-0.660263,-0.750561,0.823236,-1.019273,0.935645
1140,4.750000,-0.005523,-0.018386,0.701447,0.712463,0.634646,-0.970191,0.027140,0.039126,0.002082,0.492209,0.869595,1.020194,-0.983760,0.015877,0.025221,-0.012940,-0.659722,-0.750975,0.824377,-1.018952,0.935094
1141,4.754167,-0.006895,-0.022377,0.700420,0.713347,0.642304,-0.969295,0.026654,0.039326,0.002149,0.492159,0.869614,1.020196,-0.983777,0.015879,0.026498,-0.013392,-0.659030,-0.751531,0.825488,-1.018621,0.935107
1142,4.758333,-0.008605,-0.026403,0.699142,0.714443,0.649922,-0.968481,0.026254,0.039448,0.002158,0.492102,0.869641,1.020206,-0.983786,0.015880,0.025214,-0.013469,-0.658234,-0.752271,0.826289,-1.018445,0.935378
1143,4.762500,-0.010018,-0.030600,0.698079,0.715296,0.657615,-0.967663,0.025849,0.039728,0.002203,0.492021,0.869673,1.020225,-0.983807,0.015897,0.023679,-0.013562,-0.657531,-0.752933,0.827153,-1.018209,0.935700
1144,4.766667,-0.011673,-0.034939,0.697181,0.715948,0.665309,-0.966830,0.025401,0.040109,0.002323,0.491972,0.869684,1.020222,-0.983841,0.015910,0.022368,-0.012632,-0.657022,-0.753434,0.828216,-1.017817,0.935988
1145,4.770833,-0.013257,-0.038727,0.696280,0.716602,0.672976,-0.965958,0.025008,0.040221,0.002322,0.491915,0.869710,1.020234,-0.983863,0.015917,0.024247,-0.013374,-0.657350,-0.753077,0.829656,-1.017628,0.936278
1146,4.775000,-0.014275,-0.042379,0.695234,0.717391,0.680653,-0.965120,0.024638,0.040508,0.002434,0.491861,0.869728,1.020249,-0.983889,0.015927,0.024497,-0.013933,-0.656788,-0.753548,0.830684,-1.017371,0.936407
1147,4.779167,-0.016352,-0.046572,0.694440,0.717855,0.688376,-0.964313,0.024309,0.040855,0.002527,0.491811,0.869740,1.020263,-0.983916,0.015944,0.024393,-0.013784,-0.656189,-0.754076,0.831787,-1.016999,0.936604
1148,4.783333,-0.018411,-0.050926,0.693492,0.718427,0.696002,-0.963516,0.024007,0.041369,0.002722,0.491775,0.869735,1.020284,-0.983942,0.015963,0.024773,-0.014483,-0.655548,-0.754608,0.832723,-1.016718,0.936533
1149,4.787500,-0.019888,-0.054940,0.692542,0.719007,0.703548,-0.962697,0.023721,0.041731,0.002824,0.491733,0.869741,1.020296,-0.983965,0.015977,0.025076,-0.014695,-0.655036,-0.755038,0.833735,-1.016416,0.936636
1150,4.791667,-0.021695,-0.059333,0.691826,0.719295,0.711098,-0.961860,0.023449,0.042309,0.003003,0.491651,0.869759,1.020316,-0.983988,0.016018,0.025320,-0.014509,-0.654522,-0.755480,0.834849,-1.016034,0.936786
1151,4.795833,-0.023470,-0.064106,0.691177,0.719454,0.718633,-0.961025,0.023175,0.042476,0.003082,0.491569,0.869797,1.020336,-0.984004,0.016011,0.025310,-0.014622,-0.653990,-0.755938,0.835877,-1.015699,0.936873
1152,4.800000,-0.025119,-0.067816,0.690758,0.719461,0.726033,-0.960267,0.022966,0.042838,0.003229,0.491555,0.869786,1.020358,-0.984035,0.016023,0.025318,-0.014952,-0.653332,-0.756500,0.836884,-1.015411,0.936907
1153,4.804167,-0.026181,-0.071010,0.690043,0.719801,0.733343,-0.959448,0.022757,0.043200,0.003325,0.491485,0.869808,1.020376,-0.984067,0.016034,0.025540,-0.015123,-0.652812,-0.756938,0.837893,-1.015053,0.936947
1154,4.808333,-0.027429,-0.073817,0.689753,0.719750,0.740586,-0.958643,0.022640,0.043479,0.003373,0.491438,0.869820,1.020402,-0.984100,0.016039,0.025856,-0.015091,-0.652253,-0.757410,0.838964,-1.014691,0.936956
1155,4.812500,-0.028310,-0.076317,0.689681,0.719524,0.747743,-0.957835,0.022520,0.043895,0.003478,0.491362,0.869842,1.020427,-0.984127,0.016060,0.026066,-0.014975,-0.651704,-0.757877,0.839995,-1.014287,0.937008
1156,4.816667,-0.029072,-0.078740,0.689392,0.719510,0.754721,-0.957018,0.022408,0.044237,0.003520,0.491356,0.869828,1.020447,-0.984160,0.016068,0.025826,-0.014688,-0.651167,-0.758353,0.841007,-1.013894,0.937113
1157,4.820833,-0.029304,-0.080498,0.689447,0.719253,0.761603,-0.956229,0.022344,0.044551,0.003678,0.491313,0.869835,1.020457,-0.984190,0.016071,0.025732,-0.014110,-0.650670,-0.758793,0.842127,-1.013450,0.937253
1158,4.825000,-0.030174,-0.083067,0.689891,0.718499,0.768308,-0.955517,0.022277,0.045158,0.003874,0.491214,0.869859,1.020498,-0.984214,0.016101,0.025840,-0.014176,-0.650174,-0.759214,0.843173,-1.013083,0.937212
1159,4.829167,-0.030522,-0.084599,0.690127,0.718078,0.774807,-0.954698,0.022216,0.045680,0.004031,0.491135,0.869875,1.020522,-0.984250,0.016123,0.025525,-0.013478,-0.649721,-0.759625,0.844231,-1.012679,0.937355
1160,4.833333,-0.030852,-0.086412,0.690331,0.717652,0.781112,-0.953974,0.022129,0.045933,0.004172,0.491120,0.869870,1.020539,-0.984290,0.016117,0.025419,-0.013010,-0.649204,-0.760078,0.845296,-1.012287,0.937416
1161,4.837500,-0.031361,-0.087419,0.690719,0.717135,0.787221,-0.953240,0.022138,0.045603,0.004025,0.491342,0.869763,1.020556,-0.984367,0.016065,0.025796,-0.013128,-0.648808,-0.760401,0.846331,-1.011873,0.937270
1162,4.841667,-0.032238,-0.088105,0.690876,0.716860,0.793014,-0.952546,0.022120,0.045921,0.004170,0.491473,0.869671,1.020594,-0.984437,0.016056,0.025431,-0.012329,-0.648585,-0.760617,0.847420,-1.011457,0.937439
1163,4.845833,-0.032325,-0.088439,0.690884,0.716808,0.798653,-0.951920,0.022045,0.046013,0.004179,0.491694,0.869541,1.020628,-0.984521,0.016031,0.025270,-0.012316,-0.648436,-0.760750,0.848456,-1.011138,0.937519
1164,4.850000,-0.032748,-0.088662,0.690412,0.717215,0.804020,-0.951248,0.021983,0.046017,0.004176,0.491737,0.869517,1.020640,-0.984543,0.016015,0.025623,-0.012412,-0.648177,-0.760957,0.849531,-1.010719,0.937439
1165,4.854167,-0.033250,-0.088754,0.689942,0.717633,0.809189,-0.950716,0.021840,0.047114,0.004724,0.491040,0.869849,1.020644,-0.984434,0.016116,0.026112,-0.011532,-0.647898,-0.761192,0.850653,-1.010276,0.937421
1166,4.858333,-0.033282,-0.087507,0.689152,0.718544,0.814024,-0.950086,0.021779,0.046678,0.004591,0.491200,0.869783,1.020619,-0.984455,0.016061,0.025899,-0.010735,-0.647723,-0.761360,0.851679,-1.009959,0.937382
1167,4.862500,-0.033757,-0.087321,0.688319,0.719342,0.818694,-0.949565,0.021550,0.046698,0.004694,0.491560,0.869578,1.020581,-0.984484,0.016052,0.026219,-0.009706,-0.647440,-0.761603,0.852788,-1.009484,0.937256
1168,4.866667,-0.033835,-0.085858,0.687003,0.720771,0.823013,-0.949009,0.021393,0.046738,0.004882,0.491825,0.869425,1.020641,-0.984520,0.016078,0.027096,-0.008762,-0.647011,-0.761948,0.853937,-1.008978,0.937180
1169,4.870833,-0.033468,-0.084034,0.685233,0.722686,0.827076,-0.948472,0.021150,0.046490,0.004539,0.491988,0.869348,1.020570,-0.984542,0.015999,0.026671,-0.008035,-0.646718,-0.762220,0.855027,-1.008541,0.937171
1170,4.875000,-0.033703,-0.082851,0.683441,0.724505,0.830875,-0.947964,0.020771,0.046400,0.004452,0.492061,0.869312,1.020543,-0.984563,0.015964,0.026358,-0.007326,-0.646368,-0.762535,0.856071,-1.008088,0.937119
1171,4.879167,-0.033219,-0.080001,0.681432,0.726737,0.834321,-0.947544,0.020460,0.046307,0.004475,0.492148,0.869267,1.020541,-0.984579,0.015941,0.026938,-0.005820,-0.648981,-0.760306,0.857364,-1.006888,0.937529
1172,4.883333,-0.032941,-0.077354,0.679201,0.729121,0.837445,-0.947042,0.020070,0.046194,0.004589,0.492265,0.869206,1.020535,-0.984592,0.015927,0.027698,-0.005077,-0.649249,-0.760054,0.858623,-1.006205,0.937482
1173,4.887500,-0.032558,-0.074683,0.676770,0.731673,0.840085,-0.946660,0.019672,0.046210,0.004719,0.492361,0.869151,1.020542,-0.984609,0.015918,0.028152,-0.003852,-0.649415,-0.759904,0.859742,-1.005614,0.937522
1174,4.891667,-0.032378,-0.071696,0.674152,0.734392,0.842449,-0.946268,0.019140,0.046211,0.004801,0.492457,0.869096,1.020551,-0.984631,0.015906,0.029302,-0.002031,-0.649243,-0.760013,0.860962,-1.004937,0.937447
1175,4.895833,-0.032267,-0.068169,0.671628,0.737040,0.844375,-0.945877,0.018624,0.046440,0.004956,0.492530,0.869042,1.020544,-0.984654,0.015901,0.029239,-0.001429,-0.649328,-0.759945,0.862181,-1.004496,0.937364
1176,4.900000,-0.031428,-0.063069,0.669058,0.739862,0.845825,-0.945523,0.018103,0.046653,0.004961,0.492694,0.868937,1.020535,-0.984701,0.015886,0.030058,0.000078,-0.649102,-0.760107,0.863385,-1.003921,0.937285
1177,4.904167,-0.028966,-0.056422,0.666918,0.742427,0.846914,-0.945279,0.017476,0.046788,0.004999,0.492833,0.868850,1.020537,-0.984722,0.015868,0.029590,0.001376,-0.649345,-0.759916,0.864528,-1.003429,0.937367
1178,4.908333,-0.028724,-0.052605,0.665098,0.744347,0.847562,-0.944897,0.016770,0.046851,0.004974,0.492920,0.868798,1.020546,-0.984738,0.015868,0.029738,0.002449,-0.649622,-0.759672,0.865776,-1.002918,0.937407
1179,4.912500,-0.028261,-0.049408,0.663905,0.745648,0.847809,-0.944554,0.016008,0.049387,0.005944,0.492243,0.869035,1.020675,-0.984638,0.016069,0.029982,0.004691,-0.649526,-0.759734,0.866983,-1.002295,0.937524
1180,4.916667,-0.028593,-0.047491,0.663774,0.745876,0.847531,-0.944351,0.015384,0.049328,0.005893,0.492426,0.868935,1.020651,-0.984632,0.016045,0.030806,0.005084,-0.649425,-0.759785,0.868279,-1.001706,0.937270
1181,4.920833,-0.029303,-0.047481,0.664865,0.744877,0.846835,-0.944244,0.015018,0.049436,0.005905,0.492563,0.868851,1.020654,-0.984663,0.016025,0.031256,0.006100,-0.649298,-0.759867,0.869507,-1.001183,0.937157
1182,4.925000,-0.030585,-0.049460,0.666454,0.743275,0.845782,-0.944366,0.014749,0.049528,0.005962,0.492766,0.868731,1.020641,-0.984708,0.016000,0.031483,0.008741,-0.649290,-0.759838,0.870862,-1.000525,0.937323
1183,4.929167,-0.033449,-0.052689,0.667318,0.742154,0.844841,-0.944443,0.014500,0.049850,0.006110,0.492898,0.868637,1.020682,-0.984780,0.016001,0.032470,0.008583,-0.649239,-0.759842,0.872250,-1.000053,0.937110
1184,4.933333,-0.035094,-0.054259,0.668037,0.741317,0.843957,-0.944423,0.014370,0.050091,0.006280,0.493273,0.868409,1.020679,-0.984869,0.016006,0.032410,0.011018,-0.649124,-0.759912,0.873549,-0.999496,0.937300
1185,4.937500,-0.036248,-0.054687,0.667979,0.741282,0.843349,-0.944353,0.014179,0.049129,0.006113,0.494040,0.868028,1.020602,-0.985006,0.015904,0.033299,0.011165,-0.648890,-0.760072,0.874948,-0.999076,0.937025
1186,4.941667,-0.037350,-0.055459,0.667084,0.741976,0.842971,-0.944321,0.013988,0.048295,0.005349,0.494802,0.867646,1.020509,-0.985136,0.015806,0.033745,0.012128,-0.648486,-0.760381,0.876287,-0.998675,0.936922
1187,4.945833,-0.038943,-0.057369,0.665714,0.742979,0.842761,-0.944319,0.013816,0.048558,0.004993,0.495337,0.867328,1.020466,-0.985246,0.015824,0.030297,0.014521,-0.647329,-0.761470,0.877834,-0.998071,0.937744
1188,4.950000,-0.041542,-0.060368,0.664266,0.743896,0.842636,-0.944363,0.013680,0.048925,0.004993,0.495682,0.867111,1.020458,-0.985326,0.015830,0.031141,0.015244,-0.646671,-0.761980,0.879084,-0.997771,0.937541
1189,4.954167,-0.043231,-0.062082,0.663656,0.744203,0.842381,-0.944450,0.013545,0.049667,0.005187,0.496016,0.866876,1.020447,-0.985411,0.015869,0.031404,0.015859,-0.646459,-0.762137,0.880405,-0.997335,0.937687
1190,4.958333,-0.044089,-0.062993,0.663889,0.743868,0.842018,-0.944511,0.013450,0.050436,0.005635,0.496341,0.866643,1.020467,-0.985493,0.015912,0.031585,0.016014,-0.646005,-0.762511,0.881780,-0.996864,0.937722
1191,4.962500,-0.044137,-0.062795,0.664406,0.743420,0.841610,-0.944470,0.013361,0.050754,0.006143,0.496647,0.866446,1.020506,-0.985558,0.015920,0.031474,0.016788,-0.645355,-0.763050,0.883004,-0.996598,0.937806
1192,4.966667,-0.043914,-0.062137,0.664839,0.743101,0.841315,-0.944368,0.013220,0.052278,0.006975,0.496833,0.866242,1.020567,-0.985611,0.016059,0.031061,0.017134,-0.644713,-0.763601,0.884198,-0.996389,0.937904
1193,4.970833,-0.044452,-0.061984,0.664659,0.743243,0.841248,-0.944305,0.013002,0.053714,0.007947,0.497371,0.865837,1.020629,-0.985713,0.016183,0.031093,0.016988,-0.644144,-0.764083,0.885519,-0.996040,0.937894
1194,4.975000,-0.044425,-0.061909,0.664509,0.743385,0.841228,-0.944266,0.012894,0.056834,0.009875,0.496698,0.866004,1.020856,-0.985606,0.016398,0.029602,0.017738,-0.643255,-0.764874,0.886606,-0.995969,0.938143
1195,4.979167,-0.043870,-0.061482,0.664479,0.743480,0.841275,-0.944292,0.012860,0.058457,0.010839,0.497201,0.865596,1.020960,-0.985721,0.016500,0.029289,0.017764,-0.642609,-0.765428,0.887742,-0.995816,0.938224
1196,4.983333,-0.043251,-0.060916,0.664383,0.743649,0.841392,-0.944368,0.012844,0.060203,0.012310,0.497797,0.865114,1.021094,-0.985836,0.016667,0.029181,0.017298,-0.641991,-0.765962,0.888940,-0.995568,0.938193
1197,4.987500,-0.043259,-0.060356,0.664076,0.743968,0.841625,-0.944469,0.012759,0.061839,0.014400,0.498385,0.864628,1.021288,-0.985938,0.016931,0.028728,0.017271,-0.641397,-0.766476,0.890034,-0.995426,0.938223
1198,4.991667,-0.042852,-0.059382,0.664069,0.744077,0.841841,-0.944510,0.012655,0.063919,0.016548,0.499051,0.864054,1.021495,-0.986033,0.017165,0.027695,0.017452,-0.640666,-0.767121,0.891060,-0.995327,0.938303
1199,4.995833,-0.040389,-0.056777,0.665028,0.743561,0.841855,-0.944403,0.012572,0.066667,0.019460,0.499650,0.863439,1.021757,-0.986090,0.017319,0.026850,0.017822,-0.639948,-0.767742,0.891953,-0.995363,0.938374
1200,5.000000,-0.037497,-0.053840,0.666258,0.742830,0.841870,-0.944341,0.012537,0.069644,0.024597,0.500685,0.862473,1.022058,-0.986145,0.017515,0.026787,0.017270,-0.639432,-0.768187,0.893004,-0.995113,0.938204
1201,5.004167,-0.036014,-0.052066,0.666737,0.742599,0.842067,-0.944333,0.012497,0.070910,0.029550,0.501891,0.861513,1.022536,-0.986159,0.017874,0.026022,0.017353,-0.638750,-0.768778,0.893967,-0.994956,0.938120
1202,5.008333,-0.034664,-0.050238,0.666970,0.742580,0.842318,-0.944375,0.012464,0.070746,0.033749,0.503567,0.860393,1.023155,-0.986181,0.018357,0.025537,0.017116,-0.638152,-0.769297,0.894864,-0.994866,0.937932
1203,5.012500,-0.033603,-0.048854,0.667084,0.742619,0.842567,-0.944450,0.012463,0.070011,0.037818,0.505861,0.858937,1.023867,-0.986260,0.018977,0.025178,0.016814,-0.637596,-0.769775,0.895690,-0.994834,0.937660
1204,5.016667,-0.032086,-0.046845,0.667316,0.742607,0.842710,-0.944517,0.012492,0.069005,0.042334,0.508138,0.857462,1.024629,-0.986383,0.019631,0.025680,0.015774,-0.637075,-0.770212,0.896621,-0.994753,0.937142
1205,5.020833,-0.030746,-0.045199,0.667682,0.742437,0.842841,-0.944544,0.012461,0.067703,0.046696,0.510245,0.856087,1.025395,-0.986441,0.020328,0.025539,0.015664,-0.636458,-0.770729,0.897661,-0.994502,0.936864
1206,5.025000,-0.029311,-0.043397,0.668084,0.742241,0.842912,-0.944558,0.012411,0.067478,0.052139,0.512027,0.854726,1.026207,-0.986496,0.021162,0.025308,0.015178,-0.635932,-0.771181,0.898594,-0.994339,0.936480
1207,5.029167,-0.028622,-0.042356,0.668232,0.742194,0.843010,-0.944573,0.012372,0.067171,0.058182,0.513969,0.853193,1.027040,-0.986599,0.022070,0.024880,0.014513,-0.635372,-0.771669,0.899456,-0.994223,0.936006
1208,5.033333,-0.028507,-0.041995,0.668276,0.742180,0.843121,-0.944593,0.012383,0.067892,0.064282,0.516021,0.851458,1.027986,-0.986752,0.023113,0.024896,0.013454,-0.634697,-0.772243,0.900286,-0.994159,0.935410
1209,5.037500,-0.028065,-0.041343,0.668374,0.742145,0.843180,-0.944606,0.012363,0.070244,0.070753,0.517861,0.849635,1.029062,-0.986876,0.024164,0.024205,0.014228,-0.634212,-0.772649,0.901358,-0.993835,0.935255
1210,5.041667,-0.027834,-0.040921,0.668433,0.742124,0.843220,-0.944609,0.012350,0.071594,0.077343,0.519944,0.847674,1.030148,-0.987046,0.025301,0.024056,0.013584,-0.633560,-0.773200,0.902308,-0.993628,0.934846
1211,5.045833,-0.027530,-0.040565,0.668531,0.742067,0.843236,-0.944613,0.012328,0.073312,0.084526,0.521892,0.845642,1.031237,-0.987271,0.026455,0.024097,0.013359,-0.632912,-0.773733,0.903332,-0.993514,0.934487
1212,5.050000,-0.027614,-0.040501,0.668464,0.742127,0.843273,-0.944593,0.012306,0.074430,0.091833,0.523868,0.843557,1.032489,-0.987540,0.027649,0.023730,0.013220,-0.632217,-0.774315,0.904369,-0.993313,0.934292
1213,5.054167,-0.027602,-0.040442,0.668459,0.742135,0.843269,-0.944579,0.012294,0.075589,0.098433,0.525468,0.841713,1.033809,-0.987805,0.028974,0.024150,0.012871,-0.631490,-0.774901,0.905460,-0.993186,0.934027
1214,5.058333,-0.027515,-0.040363,0.668492,0.742114,0.843256,-0.944594,0.012286,0.076042,0.105036,0.527391,0.839669,1.035114,-0.988116,0.030304,0.023687,0.012745,-0.630671,-0.775584,0.906573,-0.993096,0.933958
1215,5.062500,-0.027594,-0.040430,0.668457,0.742139,0.843240,-0.944600,0.012277,0.078130,0.112696,0.529109,0.837400,1.036520,-0.988350,0.031532,0.023581,0.012605,-0.629963,-0.776164,0.907632,-0.992907,0.933926
1216,5.066667,-0.027563,-0.040312,0.668496,0.742110,0.843222,-0.944612,0.012266,0.080776,0.120396,0.530854,0.834969,1.037999,-0.988590,0.032784,0.023311,0.012968,-0.629201,-0.776785,0.908763,-0.992810,0.933999
1217,5.070833,-0.027482,-0.040180,0.668551,0.742072,0.843207,-0.944620,0.012249,0.083568,0.128169,0.532506,0.832482,1.039495,-0.988772,0.034000,0.022668,0.013064,-0.628389,-0.777459,0.909890,-0.992720,0.933963
1218,5.075000,-0.027475,-0.040152,0.668532,0.742090,0.843206,-0.944619,0.012241,0.087350,0.135896,0.534025,0.829891,1.041006,-0.988931,0.035200,0.023620,0.013316,-0.627770,-0.777927,0.911097,-0.992585,0.934247
1219,5.079167,-0.027555,-0.040139,0.668414,0.742194,0.843223,-0.944629,0.012224,0.088719,0.143076,0.535862,0.827351,1.042697,-0.989067,0.036468,0.023196,0.013253,-0.627047,-0.778523,0.912223,-0.992489,0.934349
1220,5.083333,-0.027612,-0.040126,0.668365,0.742236,0.843238,-0.944629,0.012217,0.089189,0.149381,0.538043,0.824767,1.044530,-0.989209,0.037738,0.022957,0.013647,-0.626480,-0.778980,0.913322,-0.992307,0.934567
1221,5.087500,-0.027527,-0.040032,0.668405,0.742209,0.843237,-0.944620,0.012207,0.089763,0.155640,0.539824,0.822380,1.046533,-0.989296,0.039007,0.021886,0.014504,-0.625855,-0.779497,0.914431,-0.992228,0.934727
1222,5.091667,-0.027283,-0.039718,0.668574,0.742083,0.843207,-0.944629,0.012196,0.089275,0.160978,0.541974,0.819988,1.048670,-0.989386,0.040284,0.023334,0.014647,-0.625536,-0.779709,0.915644,-0.992058,0.934869
1223,5.095833,-0.027098,-0.039476,0.668736,0.741957,0.843182,-0.944637,0.012184,0.089349,0.166453,0.543462,0.817900,1.050944,-0.989408,0.041470,0.022438,0.014889,-0.624990,-0.780168,0.916725,-0.991982,0.934948
1224,5.100000,-0.026948,-0.039317,0.668830,0.741886,0.843180,-0.944631,0.012179,0.089081,0.171325,0.545016,0.815886,1.053401,-0.989473,0.042614,0.021322,0.015214,-0.624540,-0.780553,0.917795,-0.991827,0.935017
1225,5.104167,-0.026810,-0.039068,0.668878,0.741861,0.843198,-0.944634,0.012162,0.088146,0.175513,0.546211,0.814297,1.056094,-0.989471,0.043749,0.021930,0.014713,-0.624146,-0.780862,0.918816,-0.991755,0.935085
1226,5.108333,-0.026790,-0.039026,0.668860,0.741880,0.843255,-0.944615,0.012160,0.085968,0.178803,0.547274,0.813099,1.059029,-0.989490,0.044839,0.021728,0.015827,-0.624008,-0.780956,0.919998,-0.991483,0.935382
1227,5.112500,-0.026949,-0.039087,0.668851,0.741879,0.843305,-0.944613,0.012145,0.083815,0.181488,0.547631,0.812489,1.062145,-0.989433,0.045907,0.020787,0.016767,-0.623767,-0.781154,0.921094,-0.991344,0.935405
1228,5.116667,-0.026820,-0.038921,0.668986,0.741770,0.843309,-0.944600,0.012150,0.081933,0.183198,0.547629,0.812298,1.065538,-0.989394,0.046928,0.022091,0.016307,-0.623694,-0.781186,0.922272,-0.991179,0.935530
1229,5.120833,-0.026415,-0.038428,0.669208,0.741610,0.843285,-0.944587,0.012143,0.079175,0.184200,0.547489,0.812439,1.069094,-0.989285,0.047923,0.021767,0.017133,-0.623644,-0.781217,0.923343,-0.990977,0.935605
1230,5.125000,-0.026249,-0.038250,0.669432,0.741423,0.843274,-0.944579,0.012134,0.076504,0.184399,0.546773,0.813132,1.072831,-0.989120,0.048927,0.022389,0.017455,-0.623633,-0.781202,0.924515,-0.990756,0.935674
1231,5.129167,-0.025980,-0.037861,0.669602,0.741299,0.843258,-0.944566,0.012131,0.073037,0.183707,0.546236,0.813968,1.076819,-0.988927,0.049848,0.021544,0.017577,-0.623644,-0.781214,0.925587,-0.990541,0.935682
1232,5.133333,-0.025844,-0.037662,0.669683,0.741241,0.843287,-0.944555,0.012125,0.070873,0.183400,0.544919,0.815110,1.080940,-0.988711,0.050714,0.021080,0.018172,-0.623673,-0.781190,0.926738,-0.990328,0.935746
1233,5.137500,-0.025734,-0.037461,0.669679,0.741259,0.843323,-0.944543,0.012123,0.067813,0.182015,0.543381,0.816706,1.085297,-0.988450,0.051570,0.022493,0.017991,-0.623817,-0.781040,0.927949,-0.990091,0.935747
1234,5.141667,-0.025619,-0.037353,0.669705,0.741245,0.843352,-0.944545,0.012125,0.064781,0.180467,0.541728,0.818392,1.089845,-0.988188,0.052338,0.022299,0.017970,-0.623938,-0.780949,0.929145,-0.989853,0.935773
1235,5.145833,-0.025470,-0.037149,0.669784,0.741189,0.843355,-0.944550,0.012113,0.061527,0.178471,0.539856,0.820316,1.094597,-0.987942,0.053001,0.022158,0.018054,-0.624107,-0.780816,0.930358,-0.989577,0.935714
1236,5.150000,-0.025259,-0.036865,0.669899,0.741106,0.843353,-0.944555,0.012103,0.058295,0.176483,0.537495,0.822530,1.099508,-0.987592,0.053593,0.022349,0.018768,-0.624404,-0.780556,0.931568,-0.989242,0.935829
1237,5.154167,-0.024915,-0.036418,0.670034,0.741018,0.843345,-0.944568,0.012091,0.054213,0.173845,0.535231,0.824844,1.104587,-0.987281,0.054124,0.022905,0.019212,-0.624557,-0.780407,0.932866,-0.988948,0.935692
1238,5.158333,-0.024553,-0.035982,0.670114,0.740979,0.843350,-0.944569,0.012069,0.050561,0.171185,0.532799,0.827203,1.109811,-0.986940,0.054605,0.022985,0.019772,-0.624797,-0.780199,0.934063,-0.988635,0.935797
1239,5.162500,-0.024197,-0.035546,0.670154,0.740975,0.843372,-0.944580,0.012051,0.046645,0.168267,0.530231,0.829678,1.115224,-0.986541,0.054958,0.023273,0.020759,-0.625039,-0.779971,0.935296,-0.988344,0.935956
1240,5.166667,-0.024254,-0.035613,0.670164,0.740961,0.843402,-0.944585,0.012061,0.042251,0.165432,0.527613,0.832149,1.120797,-0.986107,0.055283,0.022853,0.019973,-0.625106,-0.779950,0.936675,-0.987990,0.935518
1241,5.170833,-0.024110,-0.035457,0.670151,0.740985,0.843389,-0.944653,0.012044,0.037545,0.162022,0.525108,0.834626,1.126521,-0.985702,0.055486,0.023202,0.019759,-0.625294,-0.779794,0.937960,-0.987623,0.935364
1242,5.175000,-0.023899,-0.035046,0.670325,0.740854,0.843389,-0.944675,0.012023,0.033731,0.158423,0.522290,0.837244,1.132329,-0.985213,0.055659,0.022691,0.020072,-0.625337,-0.779767,0.939240,-0.987300,0.935377
1243,5.179167,-0.023704,-0.034578,0.670382,0.740831,0.843422,-0.944670,0.011997,0.029886,0.155381,0.519228,0.839861,1.138216,-0.984738,0.055714,0.022904,0.020501,-0.625541,-0.779585,0.940609,-0.986925,0.935340
1244,5.183333,-0.023776,-0.034613,0.670314,0.740888,0.843490,-0.944649,0.011986,0.025207,0.151378,0.516319,0.842534,1.144274,-0.984196,0.055761,0.024226,0.021681,-0.625789,-0.779314,0.941950,-0.986527,0.935628
1245,5.187500,-0.023594,-0.034359,0.670345,0.740878,0.843516,-0.944660,0.011984,0.021395,0.147735,0.513313,0.845119,1.150435,-0.983668,0.055662,0.023422,0.021266,-0.625821,-0.779325,0.943391,-0.986098,0.935321
1246,5.191667,-0.023342,-0.034073,0.670395,0.740854,0.843547,-0.944662,0.011980,0.016689,0.144015,0.510162,0.847771,1.156673,-0.983081,0.055556,0.024882,0.022539,-0.626059,-0.779053,0.944717,-0.985716,0.935524
1247,5.195833,-0.023193,-0.033895,0.670418,0.740846,0.843576,-0.944672,0.011978,0.012616,0.140047,0.506912,0.850451,1.163001,-0.982483,0.055373,0.025103,0.024172,-0.626220,-0.778867,0.946131,-0.985315,0.935788
1248,5.200000,-0.023025,-0.033647,0.670446,0.740837,0.843615,-0.944682,0.011980,0.007344,0.135826,0.504000,0.852925,1.169476,-0.981825,0.055205,0.024208,0.022826,-0.626281,-0.778887,0.947609,-0.984853,0.935225
1249,5.204167,-0.022815,-0.033423,0.670509,0.740797,0.843650,-0.944698,0.011982,0.003008,0.131654,0.501069,0.855329,1.176092,-0.981201,0.054892,0.024660,0.022942,-0.626371,-0.778797,0.949039,-0.984419,0.935297
1250,5.208333,-0.022528,-0.033099,0.670614,0.740725,0.843664,-0.944717,0.011987,-0.000793,0.127300,0.497669,0.857974,1.182671,-0.980480,0.054661,0.024352,0.023316,-0.626537,-0.778662,0.950502,-0.983986,0.935365
1251,5.212500,-0.022248,-0.032721,0.670732,0.740644,0.843693,-0.944724,0.011982,-0.003466,0.123281,0.493703,0.860841,1.189307,-0.979774,0.054246,0.025538,0.024554,-0.626789,-0.778384,0.951882,-0.983561,0.935782
1252,5.216667,-0.021995,-0.032487,0.670849,0.740556,0.843716,-0.944735,0.011984,-0.006339,0.119394,0.489785,0.863606,1.196028,-0.979031,0.053897,0.026796,0.025536,-0.627079,-0.778076,0.953363,-0.983079,0.936048
1253,5.220833,-0.021766,-0.032198,0.670920,0.740510,0.843751,-0.944750,0.011980,-0.010739,0.114637,0.486163,0.866250,1.202861,-0.978229,0.053620,0.027504,0.025280,-0.627263,-0.777911,0.954828,-0.982622,0.936040
1254,5.225000,-0.021661,-0.032164,0.670956,0.740482,0.843784,-0.944771,0.011986,-0.012969,0.110543,0.482176,0.868975,1.209745,-0.977384,0.053185,0.027717,0.025798,-0.627518,-0.777681,0.956387,-0.982123,0.936257
1255,5.229167,-0.021508,-0.032038,0.670991,0.740461,0.843826,-0.944788,0.011992,-0.016350,0.106151,0.478158,0.871682,1.216675,-0.976514,0.052838,0.026695,0.023831,-0.627672,-0.777655,0.957947,-0.981631,0.935683
1256,5.233333,-0.021436,-0.032098,0.671174,0.740294,0.843922,-0.944699,0.012036,-0.018965,0.101426,0.473910,0.874507,1.223608,-0.975651,0.052439,0.027484,0.023875,-0.627957,-0.777396,0.959553,-0.981118,0.935834
1257,5.237500,-0.021011,-0.031408,0.671187,0.740325,0.843879,-0.944812,0.011988,-0.021442,0.097020,0.469866,0.877128,1.230588,-0.974712,0.052075,0.028246,0.023772,-0.628057,-0.777291,0.961154,-0.980598,0.935722
1258,5.241667,-0.020984,-0.031557,0.671324,0.740194,0.843962,-0.944757,0.012032,-0.023727,0.092301,0.465544,0.879878,1.237570,-0.973734,0.051640,0.028755,0.024033,-0.628317,-0.777054,0.962823,-0.980055,0.935857
1259,5.245833,-0.020728,-0.031224,0.671414,0.740134,0.843968,-0.944787,0.012022,-0.026297,0.088182,0.461035,0.882598,1.244552,-0.972787,0.051182,0.029790,0.024500,-0.628609,-0.776765,0.964340,-0.979584,0.936093
1260,5.250000,-0.020518,-0.030851,0.671461,0.740113,0.843986,-0.944819,0.012011,-0.029872,0.083640,0.456297,0.885384,1.251546,-0.971829,0.050793,0.028861,0.023556,-0.628795,-0.776678,0.966038,-0.979072,0.935895
1261,5.254167,-0.020299,-0.030586,0.671518,0.740078,0.844006,-0.944837,0.012008,-0.032005,0.079558,0.451805,0.887986,1.258583,-0.970794,0.050351,0.028884,0.024406,-0.629038,-0.776454,0.967626,-0.978626,0.936053
1262,5.258333,-0.020062,-0.030340,0.671546,0.740069,0.844035,-0.944839,0.012005,-0.035168,0.075514,0.447309,0.890492,1.265571,-0.969725,0.049907,0.028708,0.023306,-0.629269,-0.776307,0.969320,-0.978080,0.935862
1263,5.262500,-0.019817,-0.030090,0.671576,0.740059,0.844048,-0.944862,0.011999,-0.037266,0.071697,0.442835,0.892954,1.272568,-0.968670,0.049410,0.028551,0.022824,-0.629402,-0.776220,0.970967,-0.977560,0.935760
1264,5.266667,-0.019613,-0.029875,0.671621,0.740033,0.844064,-0.944872,0.012005,-0.039150,0.068407,0.438217,0.895407,1.279586,-0.967636,0.048924,0.028463,0.023004,-0.629630,-0.776033,0.972667,-0.977038,0.935770
1265,5.270833,-0.019493,-0.029687,0.671691,0.739980,0.844074,-0.944910,0.011992,-0.041848,0.064482,0.433858,0.897696,1.286554,-0.966537,0.048508,0.029137,0.023587,-0.629838,-0.775821,0.974278,-0.976542,0.936030
1266,5.275000,-0.019389,-0.029469,0.671748,0.739939,0.844079,-0.944947,0.011989,-0.043187,0.061549,0.429505,0.899929,1.293459,-0.965430,0.047993,0.028142,0.022216,-0.629889,-0.775857,0.976053,-0.976001,0.935622
1267,5.279167,-0.019155,-0.029274,0.671762,0.739941,0.844093,-0.944969,0.011988,-0.046398,0.057847,0.425613,0.901862,1.300478,-0.964316,0.047584,0.028870,0.022998,-0.630151,-0.775595,0.977741,-0.975521,0.935782
1268,5.283333,-0.018972,-0.029188,0.671742,0.739967,0.844125,-0.944962,0.011993,-0.046991,0.056382,0.421075,0.904051,1.307310,-0.963260,0.046989,0.027438,0.021864,-0.630176,-0.775659,0.979510,-0.975015,0.935353
1269,5.287500,-0.018810,-0.028975,0.671725,0.739994,0.844141,-0.944980,0.011983,-0.049241,0.054024,0.417475,0.905743,1.314191,-0.962046,0.046623,0.027013,0.021321,-0.630286,-0.775600,0.981299,-0.974481,0.935126
1270,5.291667,-0.018638,-0.028850,0.671753,0.739978,0.844164,-0.944994,0.011989,-0.052207,0.052133,0.413588,0.907470,1.321019,-0.960889,0.046163,0.026844,0.021506,-0.630471,-0.775450,0.983064,-0.973972,0.935163
1271,5.295833,-0.018422,-0.028632,0.671752,0.739993,0.844180,-0.945022,0.011982,-0.053738,0.050737,0.410456,0.908881,1.327881,-0.959765,0.045772,0.026631,0.020416,-0.630582,-0.775397,0.984876,-0.973409,0.934729
1272,5.300000,-0.018153,-0.028373,0.671737,0.740023,0.844205,-0.945032,0.011979,-0.054966,0.049550,0.407479,0.910211,1.334659,-0.958566,0.045349,0.026226,0.020913,-0.630678,-0.775319,0.986559,-0.972955,0.934665
1273,5.304167,-0.017846,-0.027945,0.671769,0.740019,0.844210,-0.945051,0.011966,-0.057968,0.047938,0.404406,0.911481,1.341345,-0.957421,0.044941,0.027284,0.022791,-0.631088,-0.774897,0.988261,-0.972449,0.935059
1274,5.308333,-0.017664,-0.027703,0.671821,0.739985,0.844231,-0.945062,0.011968,-0.060266,0.047033,0.401465,0.912678,1.347936,-0.956271,0.044499,0.025106,0.020677,-0.630940,-0.775149,0.990078,-0.971960,0.934330
1275,5.312500,-0.017375,-0.027424,0.671888,0.739941,0.844264,-0.945058,0.011957,-0.061812,0.046619,0.398885,0.913727,1.354497,-0.955086,0.044028,0.023356,0.020508,-0.630975,-0.775180,0.991774,-0.971522,0.934197
1276,5.316667,-0.017123,-0.027082,0.671884,0.739963,0.844289,-0.945065,0.011959,-0.064086,0.045992,0.396637,0.914580,1.360991,-0.953824,0.043687,0.022324,0.020813,-0.631201,-0.775018,0.993521,-0.971016,0.934214
1277,5.320833,-0.016866,-0.026803,0.671883,0.739980,0.844315,-0.945075,0.011949,-0.065696,0.045574,0.394478,0.915420,1.367427,-0.952602,0.043355,0.024323,0.022867,-0.631739,-0.774462,0.995266,-0.970435,0.934923
1278,5.325000,-0.016573,-0.026410,0.671929,0.739959,0.844343,-0.945073,0.011947,-0.066398,0.045148,0.392791,0.916116,1.373770,-0.951371,0.042969,0.024828,0.023060,-0.632152,-0.774103,0.997226,-0.969828,0.934550
1279,5.329167,-0.016267,-0.026041,0.671975,0.739937,0.844377,-0.945075,0.011942,-0.066712,0.044815,0.391179,0.916799,1.380053,-0.950096,0.042658,0.023194,0.020511,-0.631990,-0.774358,0.999192,-0.969357,0.933427
1280,5.333333,-0.016066,-0.025765,0.671971,0.739955,0.844395,-0.945086,0.011937,-0.067232,0.044439,0.389857,0.917342,1.386204,-0.948808,0.042384,0.022022,0.019432,-0.631965,-0.774440,1.001114,-0.968818,0.932884
1281,5.337500,-0.015810,-0.025390,0.671989,0.739957,0.844422,-0.945090,0.011925,-0.068079,0.044204,0.388771,0.917752,1.392349,-0.947536,0.042066,0.021870,0.019661,-0.632196,-0.774251,1.003066,-0.968229,0.932659
1282,5.341667,-0.015549,-0.024983,0.672047,0.739923,0.844455,-0.945078,0.011927,-0.068369,0.044058,0.387816,0.918141,1.398346,-0.946190,0.041847,0.020521,0.018530,-0.632179,-0.774329,1.005035,-0.967660,0.932215
1283,5.345833,-0.015307,-0.024617,0.672061,0.739928,0.844477,-0.945075,0.011912,-0.069334,0.044073,0.387044,0.918394,1.404278,-0.944891,0.041557,0.021373,0.021224,-0.632778,-0.773748,1.007103,-0.966958,0.932479
1284,5.350000,-0.015331,-0.024517,0.672102,0.739894,0.844494,-0.945064,0.011926,-0.070315,0.043895,0.386844,0.918412,1.410063,-0.943570,0.041236,0.020375,0.017382,-0.632513,-0.774086,1.009329,-0.966330,0.931001
1285,5.354167,-0.015087,-0.024129,0.672151,0.739867,0.844524,-0.945047,0.011916,-0.069740,0.043813,0.386763,0.918494,1.415714,-0.942191,0.040988,0.022792,0.021513,-0.633067,-0.773462,1.011985,-0.965405,0.931131
1286,5.358333,-0.014812,-0.023763,0.672198,0.739842,0.844536,-0.945041,0.011906,-0.070311,0.044197,0.387294,0.918208,1.421390,-0.940786,0.040703,0.021026,0.018167,-0.632907,-0.773729,1.013964,-0.964943,0.929919
1287,5.362500,-0.014545,-0.023309,0.672271,0.739795,0.844562,-0.945009,0.011900,-0.070506,0.044396,0.387846,0.917951,1.426938,-0.939445,0.040449,0.021770,0.015436,-0.633058,-0.773644,1.016058,-0.964266,0.929076
1288,5.366667,-0.014341,-0.022948,0.672308,0.739777,0.844575,-0.944990,0.011896,-0.071078,0.044545,0.388993,0.917414,1.432286,-0.938087,0.040112,0.024373,0.016147,-0.633677,-0.773045,1.018130,-0.963631,0.929150
1289,5.370833,-0.014082,-0.022491,0.672369,0.739740,0.844599,-0.944968,0.011883,-0.070614,0.045148,0.390359,0.916840,1.437563,-0.936680,0.039903,0.020567,0.014519,-0.633601,-0.773250,1.020263,-0.963149,0.928293
1290,5.375000,-0.013822,-0.021972,0.672420,0.739715,0.844616,-0.944940,0.011875,-0.071271,0.045644,0.392211,0.915974,1.442696,-0.935280,0.039539,0.020839,0.013555,-0.633798,-0.773099,1.022470,-0.962540,0.927838
1291,5.379167,-0.013617,-0.021545,0.672494,0.739664,0.844634,-0.944912,0.011871,-0.070595,0.046366,0.394600,0.914963,1.447747,-0.933933,0.039273,0.020823,0.013623,-0.634203,-0.772766,1.024673,-0.961986,0.927407
1292,5.383333,-0.013365,-0.021098,0.672610,0.739575,0.844627,-0.944893,0.011860,-0.070188,0.047200,0.397044,0.913894,1.452640,-0.932595,0.038917,0.019839,0.013281,-0.634444,-0.772600,1.026896,-0.961425,0.926872
1293,5.387500,-0.013096,-0.020540,0.672786,0.739436,0.844623,-0.944860,0.011856,-0.071053,0.048481,0.399838,0.912541,1.457411,-0.931263,0.038556,0.019705,0.012486,-0.634724,-0.772386,1.029173,-0.960819,0.926424
1294,5.391667,-0.012767,-0.019865,0.672968,0.739295,0.844618,-0.944828,0.011832,-0.070695,0.049404,0.403092,0.911086,1.462041,-0.929962,0.038133,0.020071,0.012656,-0.635099,-0.772066,1.031459,-0.960263,0.925928
1295,5.395833,-0.012539,-0.019446,0.673040,0.739244,0.844621,-0.944802,0.011820,-0.071201,0.050668,0.406587,0.909423,1.466554,-0.928688,0.037676,0.019863,0.011932,-0.635328,-0.771895,1.033781,-0.959686,0.925338
1296,5.400000,-0.012338,-0.018955,0.673042,0.739259,0.844637,-0.944790,0.011812,-0.069967,0.052517,0.410936,0.907457,1.471054,-0.927440,0.037526,0.021060,0.012468,-0.635841,-0.771432,1.036163,-0.959057,0.925081
1297,5.404167,-0.012278,-0.018700,0.673120,0.739195,0.844665,-0.944776,0.011831,-0.070693,0.054063,0.415284,0.905328,1.475292,-0.926185,0.037095,0.019385,0.011299,-0.635994,-0.771368,1.038552,-0.958492,0.924306
1298,5.408333,-0.012090,-0.018275,0.673200,0.739136,0.844676,-0.944777,0.011822,-0.071201,0.055592,0.420096,0.902973,1.479356,-0.924940,0.036581,0.019364,0.010882,-0.636295,-0.771126,1.040998,-0.957906,0.923703
1299,5.412500,-0.011940,-0.017799,0.673307,0.739052,0.844687,-0.944759,0.011822,-0.072214,0.056945,0.425609,0.900222,1.483158,-0.923762,0.035837,0.018688,0.010330,-0.636481,-0.770997,1.043486,-0.957331,0.923017
1300,5.416667,-0.011888,-0.017422,0.673387,0.738990,0.844682,-0.944758,0.011811,-0.072057,0.058297,0.430849,0.897652,1.486875,-0.922721,0.035192,0.020543,0.010770,-0.637065,-0.770461,1.046018,-0.956619,0.922903
1301,5.420833,-0.011738,-0.017029,0.673464,0.738931,0.844672,-0.944761,0.011801,-0.067896,0.059343,0.436115,0.895362,1.490458,-0.921720,0.034639,0.019945,0.011060,-0.637492,-0.770119,1.048568,-0.956028,0.922468
1302,5.425000,-0.011769,-0.016715,0.673524,0.738882,0.844684,-0.944757,0.011803,-0.065705,0.059696,0.442006,0.892609,1.493980,-0.920789,0.034157,0.018043,0.009549,-0.637428,-0.770239,1.051145,-0.955484,0.921491
1303,5.429167,-0.011689,-0.016394,0.673634,0.738791,0.844689,-0.944748,0.011800,-0.063314,0.059657,0.447658,0.889963,1.497310,-0.919931,0.033762,0.017761,0.008855,-0.637684,-0.770043,1.053762,-0.954890,0.920829
1304,5.433333,-0.011686,-0.015981,0.673698,0.738742,0.844690,-0.944749,0.011799,-0.060735,0.058721,0.453619,0.887183,1.500444,-0.919190,0.033509,0.017695,0.008465,-0.637987,-0.769797,1.056449,-0.954270,0.920285
1305,5.437500,-0.011742,-0.015620,0.673809,0.738648,0.844672,-0.944759,0.011799,-0.056960,0.057890,0.460084,0.884153,1.503466,-0.918522,0.033005,0.017147,0.008273,-0.638315,-0.769540,1.059172,-0.953594,0.919865
1306,5.441667,-0.011546,-0.015061,0.673642,0.738814,0.844602,-0.944792,0.011779,-0.053048,0.057394,0.467021,0.880786,1.506263,-0.917852,0.032556,0.016350,0.007516,-0.638510,-0.769403,1.061917,-0.953043,0.919159
1307,5.445833,-0.011159,-0.014430,0.673748,0.738736,0.844534,-0.944745,0.011758,-0.051114,0.056459,0.474217,0.877108,1.508826,-0.917322,0.032157,0.015860,0.006687,-0.638706,-0.769259,1.064704,-0.952436,0.918431
1308,5.450000,-0.010757,-0.013847,0.673777,0.738727,0.844470,-0.944735,0.011737,-0.047291,0.056984,0.481355,0.873392,1.511318,-0.916827,0.031451,0.014424,0.006939,-0.638639,-0.769340,1.067511,-0.951714,0.918136
1309,5.454167,-0.010633,-0.013355,0.673878,0.738645,0.844424,-0.944749,0.011731,-0.044855,0.057129,0.487863,0.869893,1.513607,-0.916539,0.030914,0.015091,0.007031,-0.639163,-0.768891,1.070359,-0.951102,0.917452
1310,5.458333,-0.010723,-0.012838,0.674136,0.738418,0.844411,-0.944741,0.011735,-0.042697,0.056732,0.493973,0.866573,1.515873,-0.916492,0.030400,0.013571,0.005895,-0.639111,-0.768972,1.073294,-0.950498,0.916934
1311,5.462500,-0.010767,-0.012333,0.674604,0.737999,0.844452,-0.944662,0.011753,-0.040730,0.056362,0.499005,0.863805,1.518174,-0.916596,0.029964,0.013684,0.005744,-0.639465,-0.768677,1.076254,-0.949838,0.916376
1312,5.466667,-0.010869,-0.011714,0.674804,0.737824,0.844471,-0.944640,0.011770,-0.037607,0.055293,0.503684,0.861296,1.520344,-0.916983,0.029470,0.011813,0.004379,-0.639567,-0.768632,1.079154,-0.949321,0.915790
1313,5.470833,-0.010969,-0.011104,0.675004,0.737649,0.844484,-0.944615,0.011792,-0.033426,0.054072,0.507770,0.859144,1.522435,-0.917576,0.028787,0.012088,0.005036,-0.639972,-0.768287,1.082207,-0.948680,0.915245
1314,5.475000,-0.011060,-0.010454,0.675167,0.737508,0.844487,-0.944590,0.011814,-0.030382,0.052263,0.510835,0.857551,1.524437,-0.918338,0.028309,0.011830,0.005078,-0.640392,-0.767940,1.085299,-0.948015,0.914798
1315,5.479167,-0.011077,-0.009732,0.675401,0.737304,0.844475,-0.944561,0.011835,-0.028106,0.050016,0.513673,0.856066,1.526347,-0.919255,0.027834,0.010924,0.004752,-0.640622,-0.767764,1.088397,-0.947516,0.914122
1316,5.483333,-0.011120,-0.008758,0.675643,0.737093,0.844450,-0.944563,0.011848,-0.024547,0.048304,0.516719,0.854439,1.528133,-0.920310,0.027267,0.009982,0.004455,-0.640959,-0.767497,1.091519,-0.946869,0.913641
1317,5.487500,-0.011243,-0.007831,0.675927,0.736841,0.844419,-0.944547,0.011890,-0.020966,0.047038,0.520001,0.852612,1.529800,-0.921259,0.026604,0.010571,0.004016,-0.641356,-0.767160,1.094758,-0.946309,0.913103
1318,5.491667,-0.011252,-0.006828,0.676379,0.736436,0.844369,-0.944519,0.011942,-0.018359,0.045436,0.523714,0.850483,1.531290,-0.922177,0.025935,0.010156,0.004430,-0.641796,-0.766795,1.097944,-0.945662,0.912689
1319,5.495833,-0.011078,-0.005311,0.677113,0.735777,0.844359,-0.944436,0.011958,-0.017757,0.043023,0.528010,0.847962,1.532629,-0.922993,0.025361,0.009387,0.003701,-0.642066,-0.766583,1.101150,-0.945223,0.911967
1320,5.500000,-0.011149,-0.003881,0.677637,0.735302,0.844343,-0.944383,0.012003,-0.016977,0.040551,0.531743,0.845764,1.533791,-0.923778,0.024798,0.009097,0.004173,-0.642632,-0.766110,1.104379,-0.944623,0.911612
1321,5.504167,-0.011120,-0.002577,0.677946,0.735023,0.844380,-0.944325,0.012099,-0.015887,0.038020,0.535105,0.843780,1.534884,-0.924543,0.024144,0.009329,0.003742,-0.643037,-0.765769,1.107728,-0.944113,0.910975
1322,5.508333,-0.010922,-0.000995,0.678225,0.734772,0.844467,-0.944218,0.012181,-0.014793,0.035714,0.537826,0.842169,1.535934,-0.925196,0.023484,0.010109,0.003571,-0.643604,-0.765284,1.111127,-0.943598,0.910426
1323,5.512500,-0.010475,0.000965,0.678433,0.734587,0.844553,-0.944126,0.012276,-0.014541,0.033183,0.540486,0.840573,1.536990,-0.925689,0.022900,0.010131,0.003687,-0.644089,-0.764875,1.114523,-0.943119,0.909860
1324,5.516667,-0.009997,0.003277,0.678974,0.734087,0.844651,-0.944007,0.012356,-0.013185,0.031449,0.541995,0.839690,1.537964,-0.926115,0.022239,0.010810,0.004398,-0.644796,-0.764265,1.117980,-0.942680,0.909248
1325,5.520833,-0.009416,0.006324,0.679692,0.733410,0.844783,-0.943853,0.012438,-0.011738,0.029427,0.543591,0.838752,1.538953,-0.926377,0.021620,0.011272,0.005242,-0.645436,-0.763713,1.121444,-0.942200,0.908813
1326,5.525000,-0.009321,0.008775,0.680271,0.732849,0.844872,-0.943741,0.012581,-0.011779,0.027269,0.545308,0.837709,1.539977,-0.926515,0.021168,0.012161,0.005554,-0.646142,-0.763100,1.125022,-0.941810,0.908466
1327,5.529167,-0.008987,0.011587,0.680808,0.732315,0.844918,-0.943634,0.012726,-0.011914,0.025131,0.546520,0.836984,1.540901,-0.926534,0.020700,0.012291,0.005575,-0.646704,-0.762622,1.128514,-0.941407,0.907994
1328,5.533333,-0.007966,0.015385,0.681239,0.731856,0.845046,-0.943518,0.012943,-0.011674,0.023050,0.547298,0.836539,1.541774,-0.926506,0.020184,0.011069,0.007009,-0.647199,-0.762209,1.131909,-0.941085,0.907889
1329,5.537500,-0.006160,0.021771,0.681854,0.731138,0.845291,-0.943448,0.013070,-0.011428,0.020976,0.547778,0.836282,1.542620,-0.926496,0.019655,0.012223,0.008171,-0.648093,-0.761420,1.135550,-0.940776,0.907628
1330,5.541667,-0.005450,0.026126,0.682010,0.730856,0.845377,-0.943369,0.013363,-0.011389,0.018835,0.548172,0.836076,1.543453,-0.926428,0.019154,0.012848,0.008626,-0.648812,-0.760791,1.139213,-0.940479,0.907030
1331,5.545833,-0.005091,0.029473,0.681966,0.730772,0.845413,-0.943292,0.013670,-0.010758,0.016839,0.548302,0.836041,1.544291,-0.926344,0.018648,0.013000,0.010033,-0.649508,-0.760177,1.142801,-0.940174,0.906760
1332,5.550000,-0.004869,0.031962,0.682256,0.730398,0.845519,-0.943235,0.013928,-0.010101,0.014531,0.548468,0.835984,1.545053,-0.926270,0.018109,0.011633,0.012745,-0.650801,-0.759052,1.146550,-0.940103,0.906061
1333,5.554167,-0.005150,0.035238,0.682880,0.729662,0.845582,-0.943190,0.014225,-0.009588,0.012193,0.548374,0.836090,1.545810,-0.926168,0.017581,0.011219,0.015551,-0.652285,-0.757731,1.150296,-0.939978,0.905797
1334,5.558333,-0.005899,0.037657,0.683617,0.728845,0.845596,-0.943140,0.014548,-0.009104,0.009514,0.548238,0.836219,1.546584,-0.926047,0.017074,0.010824,0.016898,-0.653205,-0.756915,1.153884,-0.940023,0.905496
1335,5.562500,-0.006702,0.039861,0.684701,0.727703,0.845563,-0.943018,0.014932,-0.008660,0.006754,0.547845,0.836508,1.547316,-0.925918,0.016551,0.011304,0.018396,-0.653926,-0.756251,1.157437,-0.939948,0.905028
1336,5.566667,-0.008206,0.042331,0.686201,0.726133,0.845601,-0.942843,0.015315,-0.008497,0.004224,0.547325,0.836867,1.548061,-0.925771,0.016083,0.010868,0.020577,-0.654532,-0.755676,1.160955,-0.939899,0.904701
1337,5.570833,-0.010281,0.044258,0.687624,0.724644,0.845715,-0.942697,0.015610,-0.008209,0.001883,0.546937,0.837132,1.548761,-0.925604,0.015654,0.011529,0.023523,-0.655584,-0.754668,1.164515,-0.939790,0.904538
1338,5.575000,-0.011998,0.045674,0.688571,0.723630,0.845855,-0.942574,0.015951,-0.008116,-0.000411,0.546413,0.837477,1.549531,-0.925442,0.015263,0.012291,0.024032,-0.656419,-0.753913,1.168153,-0.939623,0.904051
1339,5.579167,-0.013872,0.047371,0.689610,0.722497,0.846044,-0.942446,0.016364,-0.008707,-0.002252,0.545737,0.837908,1.550321,-0.925307,0.014850,0.012710,0.024687,-0.657376,-0.753052,1.171831,-0.939471,0.903675
1340,5.583333,-0.016372,0.046925,0.690898,0.721242,0.846322,-0.942273,0.016924,-0.008988,-0.004438,0.545008,0.838371,1.551021,-0.925183,0.014575,0.012524,0.026323,-0.658364,-0.752136,1.175399,-0.939409,0.903621
1341,5.587500,-0.018046,0.048590,0.692625,0.719433,0.846658,-0.942169,0.017463,-0.009833,-0.006565,0.544318,0.838796,1.551793,-0.925104,0.014179,0.013260,0.027034,-0.659491,-0.751109,1.179109,-0.939233,0.903509
1342,5.591667,-0.020276,0.049733,0.694335,0.717645,0.847049,-0.942042,0.017991,-0.009293,-0.007604,0.543708,0.839189,1.552672,-0.925023,0.013908,0.013008,0.029271,-0.660506,-0.750137,1.182677,-0.939151,0.903715
1343,5.595833,-0.022593,0.051356,0.696271,0.715583,0.847446,-0.941895,0.018499,-0.009534,-0.008599,0.542879,0.839713,1.553460,-0.924904,0.013672,0.013136,0.029861,-0.661537,-0.749203,1.186344,-0.939087,0.903580
1344,5.600000,-0.025254,0.052213,0.698235,0.713516,0.847825,-0.941722,0.019013,-0.010385,-0.009893,0.542138,0.840167,1.554161,-0.924772,0.013452,0.011796,0.030076,-0.662351,-0.748497,1.189996,-0.939044,0.903776
1345,5.604167,-0.027309,0.053150,0.700298,0.711345,0.848286,-0.941511,0.019510,-0.011189,-0.010729,0.541532,0.840537,1.554814,-0.924671,0.013250,0.010383,0.029620,-0.663164,-0.747816,1.193647,-0.938927,0.903829
1346,5.608333,-0.029745,0.053979,0.702764,0.708748,0.848803,-0.941256,0.020037,-0.011857,-0.011083,0.541032,0.840845,1.555400,-0.924600,0.013132,0.009036,0.029617,-0.663955,-0.747131,1.197317,-0.938833,0.903963
1347,5.612500,-0.031607,0.055974,0.705173,0.706116,0.849312,-0.941083,0.020420,-0.011892,-0.011099,0.540758,0.841021,1.555898,-0.924563,0.013082,0.009454,0.030373,-0.664723,-0.746412,1.200911,-0.938720,0.904141
1348,5.616667,-0.034076,0.057510,0.707812,0.703231,0.849942,-0.940886,0.020973,-0.011478,-0.011069,0.540590,0.841135,1.556289,-0.924530,0.013096,0.011136,0.031108,-0.665352,-0.745799,1.204575,-0.938695,0.904240
1349,5.620833,-0.036721,0.059549,0.710761,0.699946,0.850661,-0.940704,0.021521,-0.010931,-0.010862,0.540575,0.841155,1.556586,-0.924506,0.013136,0.006337,0.029747,-0.664158,-0.746974,1.207959,-0.938672,0.905021
1350,5.625000,-0.039170,0.061304,0.713924,0.696434,0.851504,-0.940457,0.022125,-0.010718,-0.010696,0.540585,0.841153,1.556810,-0.924499,0.013167,0.003788,0.028582,-0.664434,-0.746790,1.210632,-0.939232,0.904835
1351,5.629167,-0.042123,0.063138,0.717076,0.692850,0.852265,-0.940270,0.022697,-0.010630,-0.010659,0.540594,0.841149,1.556983,-0.924514,0.013174,-0.002131,0.027670,-0.664547,-0.746731,1.214002,-0.939414,0.905325
1352,5.633333,-0.044922,0.065333,0.720741,0.688655,0.853253,-0.940039,0.023411,-0.010662,-0.010538,0.540719,0.841070,1.557145,-0.924526,0.013173,-0.005301,0.029131,-0.664844,-0.746395,1.217369,-0.939541,0.906277
1353,5.637500,-0.047947,0.065887,0.724541,0.684398,0.854412,-0.939779,0.024328,-0.010446,-0.010497,0.540919,0.840944,1.557295,-0.924557,0.013171,-0.005863,0.029994,-0.665499,-0.745773,1.220740,-0.939544,0.906658
1354,5.641667,-0.049675,0.068522,0.728580,0.679712,0.855530,-0.939482,0.025082,-0.010003,-0.010339,0.541181,0.840783,1.557444,-0.924584,0.013199,-0.001512,0.027795,-0.667140,-0.744412,1.223998,-0.939024,0.906604
1355,5.645833,-0.053846,0.068289,0.732854,0.674805,0.856473,-0.939234,0.025522,-0.009425,-0.010110,0.541486,0.840596,1.557568,-0.924614,0.013226,-0.001879,0.030288,-0.667778,-0.743742,1.227234,-0.938863,0.907456
1356,5.650000,-0.058530,0.066844,0.737541,0.669432,0.857467,-0.938899,0.025879,-0.008673,-0.009813,0.541786,0.840415,1.557669,-0.924725,0.013161,-0.002288,0.032864,-0.668446,-0.743031,1.230261,-0.938740,0.908307
1357,5.654167,-0.063527,0.064619,0.741959,0.664293,0.858451,-0.938545,0.026198,-0.007962,-0.009518,0.542181,0.840170,1.557752,-0.924764,0.013209,-0.003239,0.032498,-0.669532,-0.742065,1.233264,-0.938368,0.908651
1358,5.658333,-0.067575,0.063000,0.746128,0.659361,0.859592,-0.938173,0.026604,-0.007252,-0.009236,0.542545,0.839945,1.557791,-0.924818,0.013260,-0.004591,0.033112,-0.670402,-0.741244,1.236301,-0.938122,0.909762
1359,5.662500,-0.069755,0.062681,0.750685,0.653971,0.860842,-0.937687,0.027233,-0.006681,-0.008981,0.542898,0.839724,1.557827,-0.924867,0.013280,-0.003643,0.033118,-0.671244,-0.740487,1.239164,-0.937906,0.910602
1360,5.666667,-0.072195,0.063105,0.755099,0.648561,0.862216,-0.937260,0.027855,-0.006211,-0.008904,0.543172,0.839551,1.557842,-0.924914,0.013273,-0.005039,0.033699,-0.672136,-0.739644,1.242194,-0.937807,0.911593
1361,5.670833,-0.073853,0.064258,0.759481,0.643121,0.863703,-0.936834,0.028454,-0.005835,-0.008835,0.543341,0.839445,1.557867,-0.924954,0.013282,-0.005710,0.034022,-0.672735,-0.739079,1.245144,-0.937750,0.912375
1362,5.675000,-0.076165,0.063744,0.764215,0.637268,0.865270,-0.936287,0.028944,-0.005544,-0.008750,0.543547,0.839315,1.557874,-0.924988,0.013280,-0.004534,0.034047,-0.673279,-0.738591,1.248049,-0.937755,0.913085
1363,5.679167,-0.078227,0.062782,0.768492,0.631949,0.866949,-0.935725,0.029414,-0.005327,-0.008730,0.543715,0.839208,1.557874,-0.925002,0.013292,-0.005384,0.035526,-0.673483,-0.738328,1.251025,-0.937823,0.914499
1364,5.683333,-0.080229,0.062145,0.773052,0.626172,0.868802,-0.935116,0.029964,-0.005001,-0.008683,0.543791,0.839161,1.557864,-0.925021,0.013301,-0.004625,0.036674,-0.673567,-0.738201,1.253923,-0.937913,0.915498
1365,5.687500,-0.081404,0.062483,0.777437,0.620533,0.870675,-0.934555,0.030469,-0.004534,-0.008566,0.543855,0.839124,1.557854,-0.925045,0.013315,-0.004587,0.037309,-0.673616,-0.738125,1.256846,-0.938033,0.916502
1366,5.691667,-0.082492,0.063067,0.781792,0.614832,0.872685,-0.933921,0.031024,-0.004174,-0.008372,0.543957,0.839061,1.557841,-0.925065,0.013334,-0.004860,0.036887,-0.673922,-0.737865,1.259709,-0.938019,0.917144
1367,5.695833,-0.082693,0.062886,0.785838,0.609644,0.874819,-0.933284,0.031522,-0.004075,-0.008260,0.544088,0.838978,1.557835,-0.925086,0.013332,-0.005500,0.036513,-0.674114,-0.737704,1.262617,-0.938030,0.917772
1368,5.700000,-0.082437,0.063977,0.789900,0.604293,0.877056,-0.932566,0.032104,-0.003881,-0.008259,0.544172,0.838924,1.557835,-0.925112,0.013345,-0.002356,0.033797,-0.676683,-0.735494,1.265329,-0.937206,0.918300
1369,5.704167,-0.082811,0.064515,0.793591,0.599327,0.879318,-0.931874,0.032491,-0.003746,-0.008288,0.544231,0.838886,1.557829,-0.925130,0.013345,-0.006319,0.032151,-0.676927,-0.735320,1.268140,-0.937188,0.918520
1370,5.708333,-0.083764,0.064073,0.797356,0.594224,0.881696,-0.931125,0.032886,-0.003689,-0.008341,0.544272,0.838859,1.557809,-0.925142,0.013337,-0.002448,0.033028,-0.676916,-0.735315,1.270823,-0.937172,0.919548
1371,5.712500,-0.084170,0.063155,0.801031,0.589301,0.884226,-0.930289,0.033246,-0.003510,-0.008418,0.544288,0.838849,1.557795,-0.925147,0.013340,-0.002429,0.034296,-0.675946,-0.736148,1.273426,-0.937566,0.920688
1372,5.716667,-0.084097,0.062025,0.804751,0.584342,0.886855,-0.929417,0.033661,-0.003362,-0.008356,0.544311,0.838835,1.557778,-0.925163,0.013338,-0.003968,0.032054,-0.677046,-0.735232,1.276122,-0.937290,0.920817
1373,5.720833,-0.084351,0.060378,0.808349,0.579492,0.889642,-0.928552,0.033998,-0.003249,-0.008319,0.544405,0.838775,1.557771,-0.925180,0.013349,-0.006767,0.030776,-0.677157,-0.735163,1.278748,-0.937276,0.921049
1374,5.725000,-0.083909,0.059241,0.811889,0.574706,0.892546,-0.927721,0.034437,-0.002978,-0.008190,0.544483,0.838727,1.557778,-0.925195,0.013359,-0.005272,0.030220,-0.676962,-0.735379,1.281265,-0.937406,0.921586
1375,5.729167,-0.083678,0.057332,0.815392,0.569953,0.895531,-0.926814,0.034742,-0.002777,-0.008174,0.544592,0.838656,1.557782,-0.925213,0.013368,-0.000719,0.031630,-0.676934,-0.735363,1.283810,-0.937422,0.922402
1376,5.733333,-0.083765,0.055064,0.818497,0.565698,0.898695,-0.925888,0.034967,-0.002664,-0.008065,0.544704,0.838585,1.557788,-0.925222,0.013362,-0.008967,0.031740,-0.675249,-0.736852,1.286195,-0.938194,0.922936
1377,5.737500,-0.083909,0.051845,0.821102,0.562194,0.901994,-0.924876,0.035196,-0.002694,-0.008135,0.544781,0.838535,1.557781,-0.925225,0.013350,-0.009112,0.031618,-0.675265,-0.736840,1.288552,-0.938248,0.923497
1378,5.741667,-0.083298,0.049201,0.822989,0.559758,0.905488,-0.923870,0.035383,-0.002618,-0.008241,0.544835,0.838499,1.557768,-0.925232,0.013343,-0.008242,0.031644,-0.675264,-0.736851,1.290801,-0.938350,0.923846
1379,5.745833,-0.082434,0.047469,0.824069,0.558445,0.909267,-0.922784,0.035662,-0.002651,-0.008333,0.544889,0.838462,1.557765,-0.925241,0.013339,-0.008616,0.030921,-0.675229,-0.736909,1.293048,-0.938362,0.924222
1380,5.750000,-0.081121,0.046097,0.823952,0.558926,0.913210,-0.921674,0.035915,-0.002487,-0.008256,0.544951,0.838423,1.557758,-0.925239,0.013337,-0.009027,0.030173,-0.675129,-0.737027,1.295296,-0.938402,0.924309
1381,5.754167,-0.079803,0.045592,0.822581,0.561171,0.917470,-0.920472,0.036130,-0.002441,-0.008212,0.545046,0.838362,1.557758,-0.925245,0.013328,-0.007319,0.028986,-0.675078,-0.737141,1.297519,-0.938419,0.924405
1382,5.758333,-0.079021,0.044851,0.819960,0.565163,0.921980,-0.919185,0.036268,-0.002467,-0.008202,0.545125,0.838311,1.557752,-0.925246,0.013329,-0.008297,0.029046,-0.674972,-0.737224,1.299639,-0.938469,0.924787
1383,5.762500,-0.078074,0.045027,0.816433,0.570363,0.926713,-0.917866,0.036368,-0.002614,-0.008308,0.545168,0.838282,1.557742,-0.925244,0.013322,-0.008254,0.028650,-0.674874,-0.737331,1.301642,-0.938532,0.924917
1384,5.766667,-0.077265,0.044850,0.811801,0.577059,0.931749,-0.916432,0.036420,-0.002768,-0.008397,0.545211,0.838252,1.557724,-0.925234,0.013321,-0.007567,0.027692,-0.674803,-0.737440,1.303682,-0.938510,0.925028
1385,5.770833,-0.075975,0.046054,0.806263,0.584848,0.937039,-0.914944,0.036455,-0.002997,-0.008572,0.545234,0.838235,1.557706,-0.925227,0.013303,-0.007280,0.026449,-0.674627,-0.737649,1.305692,-0.938551,0.925125
1386,5.775000,-0.075827,0.046451,0.800846,0.592231,0.942690,-0.913297,0.036504,-0.003333,-0.008758,0.545233,0.838232,1.557675,-0.925211,0.013291,-0.007086,0.025819,-0.674463,-0.737823,1.307682,-0.938540,0.925305
1387,5.779167,-0.075073,0.048228,0.794695,0.600415,0.948511,-0.911614,0.036622,-0.003756,-0.009012,0.545238,0.838224,1.557643,-0.925202,0.013276,-0.007286,0.025473,-0.674193,-0.738080,1.309565,-0.938645,0.925499
1388,5.783333,-0.074554,0.048504,0.786527,0.611118,0.954189,-0.909943,0.036653,-0.004091,-0.009145,0.545280,0.838194,1.557628,-0.925191,0.013263,-0.006400,0.025406,-0.674044,-0.738226,1.311420,-0.938698,0.925915
1389,5.787500,-0.072652,0.047614,0.778571,0.621516,0.960168,-0.908450,0.036472,-0.004166,-0.009201,0.545349,0.838148,1.557622,-0.925184,0.013261,-0.005499,0.024830,-0.673987,-0.738306,1.313252,-0.938730,0.926191
1390,5.791667,-0.070890,0.046526,0.771046,0.631109,0.966345,-0.907014,0.036337,-0.004211,-0.009168,0.545463,0.838074,1.557608,-0.925172,0.013251,-0.006148,0.024514,-0.673672,-0.738598,1.315006,-0.938857,0.926479
1391,5.795833,-0.068670,0.045895,0.763055,0.641034,0.972595,-0.905666,0.036136,-0.004246,-0.009128,0.545543,0.838022,1.557605,-0.925171,0.013246,-0.005429,0.024326,-0.673534,-0.738736,1.316792,-0.938876,0.926812
1392,5.800000,-0.066492,0.044009,0.755218,0.650606,0.979047,-0.904259,0.035922,-0.004275,-0.009179,0.545596,0.837987,1.557598,-0.925177,0.013243,-0.004490,0.023738,-0.673507,-0.738786,1.318570,-0.938882,0.927089
1393,5.804167,-0.064266,0.042615,0.747530,0.659736,0.985616,-0.902995,0.035665,-0.004249,-0.009170,0.545638,0.837960,1.557596,-0.925179,0.013235,-0.004152,0.023631,-0.673327,-0.738956,1.320261,-0.938949,0.927367
1394,5.808333,-0.062544,0.040831,0.740342,0.668068,0.992426,-0.901728,0.035462,-0.004225,-0.009183,0.545683,0.837931,1.557594,-0.925185,0.013235,-0.002963,0.023024,-0.673100,-0.739187,1.321981,-0.938936,0.927544
1395,5.812500,-0.059712,0.039371,0.732888,0.676579,0.999188,-0.900541,0.035117,-0.004130,-0.009147,0.545719,0.837908,1.557598,-0.925188,0.013237,-0.002280,0.022855,-0.672888,-0.739388,1.323630,-0.939020,0.927646
1396,5.816667,-0.057496,0.037304,0.725751,0.684535,1.006098,-0.899371,0.034905,-0.004058,-0.009082,0.545763,0.837880,1.557604,-0.925197,0.013239,-0.002748,0.021763,-0.672929,-0.739382,1.325240,-0.939061,0.928045
1397,5.820833,-0.054716,0.035272,0.718609,0.692360,1.013044,-0.898259,0.034597,-0.003893,-0.008991,0.545813,0.837849,1.557608,-0.925199,0.013244,-0.005205,0.018232,-0.672505,-0.739850,1.326742,-0.939180,0.927709
1398,5.825000,-0.052534,0.033104,0.711678,0.699756,1.020011,-0.897162,0.034381,-0.003787,-0.008941,0.545845,0.837830,1.557608,-0.925208,0.013250,-0.006790,0.019002,-0.672365,-0.739945,1.328084,-0.939356,0.928155
1399,5.829167,-0.050110,0.029795,0.705095,0.706712,1.027021,-0.896108,0.034078,-0.003636,-0.008836,0.545862,0.837821,1.557614,-0.925215,0.013262,-0.007095,0.020528,-0.672077,-0.740163,1.329467,-0.939442,0.928138
1400,5.833333,-0.048037,0.026226,0.699126,0.712901,1.033980,-0.895186,0.033694,-0.003525,-0.008810,0.545892,0.837802,1.557608,-0.925222,0.013263,-0.009753,0.020042,-0.671771,-0.740424,1.330903,-0.939438,0.928436
1401,5.837500,-0.046705,0.022137,0.693496,0.718604,1.040846,-0.894333,0.033284,-0.003406,-0.008789,0.545927,0.837779,1.557617,-0.925228,0.013270,-0.011677,0.018723,-0.671603,-0.740583,1.332385,-0.939478,0.928498
1402,5.841667,-0.045373,0.018641,0.687995,0.724056,1.047718,-0.893532,0.032817,-0.003248,-0.008702,0.545958,0.837761,1.557620,-0.925237,0.013276,-0.013295,0.016732,-0.671622,-0.740586,1.333845,-0.939488,0.928615
1403,5.845833,-0.044694,0.014569,0.683093,0.728817,1.054479,-0.892806,0.032331,-0.003084,-0.008639,0.546018,0.837723,1.557625,-0.925245,0.013282,-0.012229,0.015994,-0.671417,-0.740806,1.335262,-0.939415,0.928504
1404,5.850000,-0.044210,0.010641,0.678601,0.733098,1.061215,-0.892092,0.031876,-0.002962,-0.008583,0.546047,0.837705,1.557638,-0.925257,0.013290,-0.011722,0.014134,-0.671632,-0.740657,1.336599,-0.939420,0.928916
1405,5.854167,-0.043590,0.007004,0.674386,0.737058,1.067868,-0.891434,0.031395,-0.002743,-0.008468,0.546067,0.837694,1.557643,-0.925268,0.013298,-0.010940,0.014830,-0.671488,-0.740787,1.337966,-0.939398,0.929043
1406,5.858333,-0.042841,0.003442,0.670544,0.740624,1.074483,-0.890803,0.030936,-0.002580,-0.008401,0.546050,0.837706,1.557648,-0.925287,0.013311,-0.011845,0.015523,-0.671155,-0.741060,1.339317,-0.939489,0.928975
1407,5.862500,-0.041550,0.000669,0.667049,0.743854,1.081081,-0.890226,0.030465,-0.002432,-0.008345,0.546031,0.837720,1.557662,-0.925309,0.013316,-0.012212,0.015513,-0.670968,-0.741223,1.340694,-0.939520,0.929065
1408,5.866667,-0.040806,-0.003273,0.663813,0.746777,1.087610,-0.889638,0.030132,-0.002225,-0.008305,0.545991,0.837747,1.557682,-0.925327,0.013327,-0.012145,0.015880,-0.671013,-0.741176,1.342104,-0.939475,0.929448
1409,5.870833,-0.039684,-0.006359,0.660819,0.749468,1.094118,-0.889112,0.029808,-0.001837,-0.007988,0.545931,0.837790,1.557702,-0.925352,0.013329,-0.011509,0.016018,-0.670794,-0.741381,1.343389,-0.939512,0.929643
1410,5.875000,-0.038276,-0.009160,0.658018,0.751973,1.100541,-0.888584,0.029460,-0.001429,-0.007767,0.545943,0.837785,1.557718,-0.925374,0.013333,-0.011291,0.015543,-0.670703,-0.741477,1.344694,-0.939516,0.929839
1411,5.879167,-0.036763,-0.012061,0.655625,0.754094,1.106963,-0.888093,0.029139,-0.001182,-0.007667,0.546033,0.837728,1.557736,-0.925393,0.013352,-0.011511,0.015101,-0.670474,-0.741690,1.345930,-0.939544,0.929995
1412,5.883333,-0.035665,-0.015068,0.653365,0.756052,1.113272,-0.887609,0.028827,-0.000923,-0.007481,0.546008,0.837746,1.557751,-0.925418,0.013364,-0.012173,0.014631,-0.670215,-0.741923,1.347092,-0.939600,0.930122
1413,5.887500,-0.034684,-0.017843,0.651593,0.757566,1.119631,-0.887161,0.028548,-0.000536,-0.007231,0.545984,0.837764,1.557776,-0.925449,0.013380,-0.011696,0.014495,-0.669684,-0.742413,1.348310,-0.939633,0.930064
1414,5.891667,-0.033638,-0.020603,0.650091,0.758832,1.125978,-0.886745,0.028226,-0.000170,-0.007037,0.545986,0.837765,1.557786,-0.925466,0.013396,-0.012433,0.014208,-0.669299,-0.742753,1.349367,-0.939618,0.930441
1415,5.895833,-0.032933,-0.023409,0.648898,0.759802,1.132296,-0.886323,0.027905,-0.000038,-0.007049,0.546210,0.837619,1.557788,-0.925459,0.013400,-0.012574,0.015099,-0.668834,-0.743152,1.350406,-0.939628,0.930853
1416,5.900000,-0.032047,-0.026923,0.647763,0.760692,1.138600,-0.885976,0.027614,0.000008,-0.006965,0.546296,0.837563,1.557805,-0.925488,0.013386,-0.010799,0.015536,-0.668494,-0.743477,1.351478,-0.939467,0.931010
1417,5.904167,-0.031394,-0.030127,0.646749,0.761461,1.144905,-0.885642,0.027332,0.000252,-0.006844,0.546319,0.837549,1.557824,-0.925514,0.013392,-0.009882,0.015352,-0.668014,-0.743925,1.352558,-0.939393,0.931153
1418,5.908333,-0.031185,-0.033786,0.645956,0.761989,1.151208,-0.885274,0.027102,0.000641,-0.006658,0.546320,0.837550,1.557839,-0.925533,0.013415,-0.010717,0.014387,-0.667316,-0.744558,1.353681,-0.939396,0.931379
1419,5.912500,-0.030350,-0.036649,0.645074,0.762637,1.157550,-0.884957,0.026754,0.000919,-0.006551,0.546311,0.837556,1.557848,-0.925555,0.013438,-0.011253,0.013592,-0.666437,-0.745353,1.354799,-0.939334,0.931513
1420,5.916667,-0.030481,-0.039894,0.644495,0.762958,1.163866,-0.884578,0.026522,0.001283,-0.006425,0.546405,0.837496,1.557858,-0.925593,0.013458,-0.009323,0.012892,-0.666013,-0.745770,1.355844,-0.939203,0.931428
1421,5.920833,-0.030904,-0.043659,0.643703,0.763404,1.170215,-0.884230,0.026274,0.001568,-0.006308,0.546395,0.837502,1.557868,-0.925609,0.013476,-0.008463,0.012215,-0.665631,-0.746134,1.356823,-0.939188,0.931478
1422,5.925000,-0.031130,-0.046740,0.642816,0.763960,1.176487,-0.883971,0.025926,0.001795,-0.006237,0.546413,0.837491,1.557877,-0.925636,0.013490,-0.010040,0.011452,-0.664940,-0.746742,1.357782,-0.939248,0.931723
1423,5.929167,-0.031422,-0.049664,0.641389,0.764962,1.182777,-0.883631,0.025572,0.002144,-0.006081,0.546401,0.837499,1.557887,-0.925653,0.013505,-0.009082,0.011032,-0.664165,-0.747449,1.358781,-0.939189,0.931651
1424,5.933333,-0.032511,-0.053396,0.640039,0.765795,1.189055,-0.883312,0.025202,0.002464,-0.005954,0.546363,0.837524,1.557894,-0.925669,0.013517,-0.008470,0.011029,-0.663426,-0.748112,1.359792,-0.939064,0.931879
1425,5.937500,-0.033408,-0.056781,0.638595,0.766718,1.195286,-0.882996,0.024878,0.002710,-0.005877,0.546359,0.837526,1.557896,-0.925686,0.013535,-0.008138,0.010680,-0.662580,-0.748871,1.360718,-0.938980,0.932065
1426,5.941667,-0.034327,-0.059790,0.636688,0.768033,1.201458,-0.882690,0.024503,0.002938,-0.005746,0.546352,0.837531,1.557899,-0.925702,0.013543,-0.007643,0.010278,-0.661610,-0.749739,1.361699,-0.938995,0.932112
1427,5.945833,-0.034635,-0.062348,0.634879,0.769312,1.207625,-0.882312,0.024135,0.003127,-0.005633,0.546337,0.837540,1.557896,-0.925711,0.013551,-0.006319,0.010008,-0.660818,-0.750453,1.362770,-0.938926,0.932183
1428,5.950000,-0.035129,-0.065592,0.632762,0.770763,1.213710,-0.881943,0.023747,0.003381,-0.005541,0.546334,0.837542,1.557907,-0.925735,0.013564,-0.005171,0.009629,-0.659942,-0.751237,1.363729,-0.938992,0.932281
1429,5.954167,-0.035390,-0.068212,0.630419,0.772442,1.219743,-0.881581,0.023396,0.003614,-0.005461,0.546330,0.837544,1.557920,-0.925755,0.013571,-0.004639,0.009926,-0.659428,-0.751688,1.364557,-0.939000,0.932569
1430,5.958333,-0.035526,-0.070450,0.628082,0.774137,1.225655,-0.881140,0.023167,0.003839,-0.005383,0.546347,0.837533,1.557937,-0.925781,0.013582,-0.003836,0.010197,-0.658570,-0.752441,1.365482,-0.938887,0.932743
1431,5.962500,-0.034898,-0.072199,0.625580,0.776028,1.231468,-0.880686,0.022878,0.004085,-0.005321,0.546345,0.837534,1.557954,-0.925802,0.013590,-0.002745,0.010176,-0.657594,-0.753299,1.366477,-0.938763,0.932828
1432,5.966667,-0.034194,-0.073312,0.623093,0.777953,1.237149,-0.880207,0.022580,0.004325,-0.005238,0.546364,0.837520,1.557973,-0.925824,0.013595,-0.001512,0.009874,-0.656550,-0.754217,1.367396,-0.938649,0.932807
1433,5.970833,-0.032856,-0.073429,0.620569,0.780015,1.242673,-0.879674,0.022326,0.004535,-0.005168,0.546427,0.837479,1.557993,-0.925857,0.013606,-0.000305,0.010297,-0.655667,-0.754980,1.368372,-0.938397,0.932974
1434,5.975000,-0.032162,-0.074404,0.618149,0.781871,1.247998,-0.879149,0.022127,0.004722,-0.005097,0.546467,0.837452,1.558007,-0.925893,0.013617,0.000554,0.010134,-0.654804,-0.755730,1.369341,-0.938227,0.932975
1435,5.979167,-0.030685,-0.074947,0.616094,0.783499,1.253158,-0.878580,0.021896,0.005064,-0.005051,0.546445,0.837464,1.558035,-0.925921,0.013646,0.001320,0.010180,-0.653900,-0.756511,1.370292,-0.938073,0.933002
1436,5.983333,-0.029523,-0.072998,0.614179,0.785228,1.258106,-0.878043,0.021769,0.005336,-0.004955,0.546473,0.837445,1.558049,-0.925949,0.013653,0.002556,0.009879,-0.653108,-0.757196,1.371219,-0.937877,0.932923
1437,5.987500,-0.027983,-0.071637,0.612441,0.786766,1.262827,-0.877484,0.021684,0.005524,-0.004836,0.546502,0.837425,1.558058,-0.925981,0.013649,0.003154,0.010044,-0.652334,-0.757858,1.372163,-0.937672,0.932946
1438,5.991667,-0.026372,-0.070134,0.610626,0.788366,1.267321,-0.877032,0.021421,0.005708,-0.004751,0.546482,0.837438,1.558057,-0.926000,0.013655,0.003800,0.010065,-0.651617,-0.758472,1.373099,-0.937404,0.932899
1439,5.995833,-0.024627,-0.067468,0.608703,0.790141,1.271529,-0.876510,0.021201,0.005796,-0.004843,0.546424,0.837475,1.558060,-0.926017,0.013657,0.004647,0.010065,-0.650778,-0.759187,1.373958,-0.937155,0.932881
1440,6.000000,-0.022721,-0.065793,0.606766,0.791827,1.275528,-0.876111,0.020829,0.006091,-0.004839,0.546308,0.837548,1.558054,-0.926010,0.013664,0.005084,0.010000,-0.649962,-0.759884,1.374830,-0.936979,0.932788
1441,6.004167,-0.020373,-0.061749,0.604752,0.793755,1.279211,-0.875774,0.020540,0.006384,-0.004821,0.546232,0.837596,1.558060,-0.926018,0.013659,0.005574,0.009931,-0.649176,-0.760553,1.375756,-0.936750,0.932685
1442,6.008333,-0.019536,-0.058111,0.602696,0.795613,1.282551,-0.875532,0.020322,0.006492,-0.004808,0.546174,0.837633,1.558067,-0.926020,0.013664,0.006164,0.010141,-0.648535,-0.761092,1.376633,-0.936439,0.932722
1443,6.012500,-0.018368,-0.055151,0.600942,0.797176,1.285692,-0.875333,0.020068,0.006732,-0.004691,0.546154,0.837645,1.558076,-0.926025,0.013664,0.006714,0.010333,-0.647886,-0.761637,1.377489,-0.936156,0.932726
1444,6.016667,-0.017881,-0.053398,0.599322,0.798525,1.288484,-0.875250,0.019846,0.006930,-0.004662,0.546111,0.837671,1.558082,-0.926035,0.013667,0.007163,0.010464,-0.647152,-0.762255,1.378373,-0.935867,0.932703
1445,6.020833,-0.017314,-0.051226,0.597772,0.799841,1.291059,-0.875258,0.019628,0.007006,-0.004704,0.546069,0.837698,1.558083,-0.926046,0.013668,0.007404,0.010634,-0.646446,-0.762850,1.379293,-0.935575,0.932696
1446,6.025000,-0.016325,-0.048780,0.596230,0.801164,1.293370,-0.875243,0.019379,0.007087,-0.004692,0.546016,0.837732,1.558083,-0.926057,0.013675,0.007757,0.010744,-0.645623,-0.763542,1.380144,-0.935327,0.932708
1447,6.029167,-0.016241,-0.046516,0.594496,0.802588,1.295470,-0.875274,0.019094,0.007155,-0.004697,0.545965,0.837765,1.558092,-0.926073,0.013675,0.007991,0.010975,-0.644801,-0.764230,1.381080,-0.935039,0.932726
1448,6.033333,-0.015256,-0.043470,0.593045,0.803850,1.297345,-0.875320,0.018834,0.007225,-0.004654,0.545919,0.837794,1.558090,-0.926079,0.013672,0.008232,0.011258,-0.644146,-0.764775,1.382017,-0.934712,0.932721
1449,6.037500,-0.014286,-0.039541,0.591377,0.805298,1.298962,-0.875395,0.018433,0.007139,-0.004728,0.545850,0.837839,1.558084,-0.926084,0.013671,0.008685,0.011172,-0.643293,-0.765490,1.382891,-0.934413,0.932699
1450,6.041667,-0.013423,-0.036012,0.589777,0.806651,1.300372,-0.875473,0.018026,0.007151,-0.004698,0.545782,0.837884,1.558076,-0.926082,0.013675,0.008871,0.011529,-0.642429,-0.766207,1.383861,-0.934072,0.932742
1451,6.045833,-0.012809,-0.032178,0.588333,0.807877,1.301498,-0.875475,0.017518,0.007156,-0.004705,0.545688,0.837945,1.558070,-0.926079,0.013672,0.009012,0.011733,-0.641534,-0.766952,1.384758,-0.933852,0.932751
1452,6.050000,-0.011954,-0.027595,0.586933,0.809077,1.302339,-0.875462,0.016921,0.007053,-0.004746,0.545622,0.837988,1.558062,-0.926072,0.013668,0.009083,0.012132,-0.640616,-0.767712,1.385707,-0.933481,0.932811
1453,6.054167,-0.010801,-0.023524,0.585762,0.810070,1.302854,-0.875412,0.016335,0.007880,-0.004976,0.545301,0.838188,1.557998,-0.926016,0.013560,0.009409,0.012570,-0.639645,-0.768510,1.386635,-0.933140,0.932845
1454,6.058333,-0.009849,-0.019555,0.585352,0.810483,1.303116,-0.875292,0.015826,0.008057,-0.005104,0.545260,0.838213,1.558000,-0.925980,0.013534,0.009521,0.012705,-0.638782,-0.769224,1.387598,-0.932779,0.932826
1455,6.062500,-0.008185,-0.016300,0.585629,0.810374,1.303023,-0.875197,0.015367,0.007873,-0.005168,0.545230,0.838234,1.557982,-0.925968,0.013531,0.009789,0.013002,-0.637728,-0.770090,1.388536,-0.932453,0.932830
1456,6.066667,-0.008211,-0.015740,0.586632,0.809659,1.302678,-0.875037,0.014991,0.007614,-0.005223,0.545117,0.838309,1.557951,-0.925962,0.013532,0.009995,0.013366,-0.636724,-0.770911,1.389495,-0.932041,0.932846
1457,6.070833,-0.008683,-0.016306,0.588255,0.808464,1.302010,-0.874936,0.014756,0.007333,-0.005326,0.545019,0.838374,1.557916,-0.925950,0.013533,0.010005,0.013769,-0.635703,-0.771747,1.390478,-0.931755,0.932877
1458,6.075000,-0.010331,-0.018047,0.590176,0.807007,1.301240,-0.874804,0.014547,0.007083,-0.005431,0.544936,0.838430,1.557892,-0.925938,0.013531,0.010147,0.014369,-0.634735,-0.772529,1.391397,-0.931263,0.932957
1459,6.079167,-0.011901,-0.019484,0.591804,0.805758,1.300467,-0.874668,0.014315,0.006826,-0.005463,0.544884,0.838466,1.557861,-0.925917,0.013524,0.009953,0.014896,-0.633559,-0.773487,1.392370,-0.930905,0.933011
1460,6.083333,-0.013920,-0.020824,0.592740,0.805004,1.299886,-0.874587,0.014080,0.006559,-0.005603,0.544792,0.838527,1.557831,-0.925903,0.013522,0.010184,0.015213,-0.632841,-0.774066,1.393345,-0.930480,0.932996
1461,6.087500,-0.015150,-0.021276,0.593516,0.804398,1.299404,-0.874524,0.013856,0.006274,-0.005677,0.544706,0.838584,1.557802,-0.925883,0.013521,0.010113,0.015672,-0.631602,-0.775069,1.394292,-0.930146,0.933049
1462,6.091667,-0.016908,-0.022978,0.593362,0.804430,1.299143,-0.874525,0.013752,0.006065,-0.005687,0.544650,0.838622,1.557768,-0.925865,0.013521,0.010077,0.015794,-0.630492,-0.775970,1.395204,-0.929882,0.933040
1463,6.095833,-0.018417,-0.024829,0.592766,0.804781,1.298969,-0.874530,0.013660,0.005782,-0.005801,0.544580,0.838669,1.557730,-0.925847,0.013518,0.009898,0.016171,-0.629381,-0.776866,1.396131,-0.929553,0.933122
1464,6.100000,-0.019738,-0.026210,0.592270,0.805071,1.298773,-0.874529,0.013554,0.005502,-0.005921,0.544522,0.838708,1.557693,-0.925834,0.013511,0.009953,0.016107,-0.628141,-0.777869,1.396973,-0.929314,0.933152
1465,6.104167,-0.021074,-0.027555,0.592098,0.805119,1.298439,-0.874476,0.013455,0.005154,-0.006071,0.544458,0.838750,1.557668,-0.925813,0.013508,0.009786,0.016172,-0.627097,-0.778712,1.397890,-0.928949,0.933176
1466,6.108333,-0.022321,-0.028633,0.592593,0.804683,1.297988,-0.874377,0.013389,0.004912,-0.006143,0.544384,0.838799,1.557630,-0.925797,0.013504,0.009708,0.016287,-0.626174,-0.779452,1.398814,-0.928637,0.933220
1467,6.112500,-0.023427,-0.029017,0.593357,0.804075,1.297551,-0.874294,0.013258,0.004641,-0.006254,0.544331,0.838835,1.557612,-0.925787,0.013507,0.011687,0.015807,-0.625337,-0.780107,1.399885,-0.928563,0.933558
1468,6.116667,-0.024529,-0.029120,0.594357,0.803300,1.297153,-0.874162,0.013138,0.004374,-0.006328,0.544280,0.838869,1.557585,-0.925770,0.013502,0.011842,0.014453,-0.623129,-0.781896,1.400331,-0.927968,0.933752
1469,6.120833,-0.025418,-0.029620,0.594781,0.802940,1.296903,-0.874056,0.013042,0.004181,-0.006377,0.544259,0.838882,1.557561,-0.925751,0.013493,0.011548,0.014247,-0.622304,-0.782561,1.401173,-0.927609,0.933806
1470,6.125000,-0.026240,-0.030317,0.594795,0.802877,1.296773,-0.873994,0.012993,0.003965,-0.006425,0.544206,0.838918,1.557541,-0.925738,0.013496,0.011276,0.014054,-0.621297,-0.783368,1.401953,-0.927323,0.933876
1471,6.129167,-0.026998,-0.031225,0.594586,0.802972,1.296726,-0.873942,0.012983,0.003792,-0.006455,0.544170,0.838942,1.557519,-0.925723,0.013492,0.010978,0.013687,-0.620265,-0.784196,1.402671,-0.927082,0.933934
1472,6.133333,-0.027637,-0.031774,0.594532,0.802969,1.296686,-0.873893,0.012956,0.003613,-0.006535,0.544134,0.838965,1.557502,-0.925709,0.013488,0.009014,0.014147,-0.618856,-0.785325,1.403424,-0.926671,0.934078
1473,6.137500,-0.027756,-0.031499,0.594953,0.802663,1.296597,-0.873836,0.012906,0.003412,-0.006641,0.544069,0.839007,1.557485,-0.925696,0.013489,0.009353,0.013695,-0.618058,-0.785958,1.404168,-0.926362,0.934105
1474,6.141667,-0.027521,-0.030700,0.595565,0.802248,1.296496,-0.873780,0.012834,0.003279,-0.006677,0.544049,0.839020,1.557471,-0.925686,0.013489,0.009497,0.012993,-0.617431,-0.786461,1.404794,-0.926066,0.934091
1475,6.145833,-0.027248,-0.029933,0.596108,0.801883,1.296455,-0.873724,0.012782,0.003112,-0.006682,0.544016,0.839042,1.557461,-0.925674,0.013489,0.008579,0.012901,-0.616527,-0.787181,1.405365,-0.925719,0.934128
1476,6.150000,-0.026923,-0.029345,0.596396,0.801702,1.296472,-0.873700,0.012761,0.002985,-0.006695,0.543970,0.839073,1.557448,-0.925661,0.013493,0.008527,0.012724,-0.615833,-0.787728,1.405927,-0.925395,0.934163
1477,6.154167,-0.025843,-0.027871,0.596534,0.801688,1.296534,-0.873703,0.012661,0.002910,-0.006769,0.543916,0.839107,1.557436,-0.925654,0.013498,0.007554,0.012828,-0.614833,-0.788517,1.406596,-0.925151,0.934124
1478,6.158333,-0.025535,-0.027343,0.596519,0.801727,1.296634,-0.873694,0.012667,0.002747,-0.006797,0.543863,0.839142,1.557417,-0.925638,0.013497,0.007827,0.012311,-0.614200,-0.789016,1.407063,-0.924968,0.934117
1479,6.162500,-0.025033,-0.026645,0.596599,0.801706,1.296731,-0.873692,0.012661,0.002574,-0.006805,0.543844,0.839155,1.557402,-0.925623,0.013498,0.008340,0.011316,-0.613521,-0.789553,1.407556,-0.924753,0.934069
1480,6.166667,-0.024225,-0.025555,0.597008,0.801462,1.296816,-0.873670,0.012632,0.002494,-0.006865,0.543785,0.839193,1.557388,-0.925610,0.013497,0.004774,0.011039,-0.612742,-0.790191,1.408062,-0.924515,0.933696
1481,6.170833,-0.023343,-0.024349,0.597442,0.801202,1.296900,-0.873679,0.012596,0.002236,-0.006947,0.543749,0.839216,1.557369,-0.925593,0.013502,0.005542,0.010789,-0.612359,-0.790487,1.408528,-0.924201,0.933828
1482,6.175000,-0.022584,-0.023408,0.597729,0.801038,1.297002,-0.873685,0.012571,0.002021,-0.007005,0.543670,0.839267,1.557344,-0.925577,0.013507,0.005859,0.010535,-0.612062,-0.790718,1.408956,-0.923867,0.933827
1483,6.179167,-0.021801,-0.022530,0.597879,0.800973,1.297127,-0.873694,0.012565,0.001834,-0.007079,0.543588,0.839320,1.557318,-0.925569,0.013513,0.006578,0.010486,-0.611764,-0.790944,1.409351,-0.923566,0.933936
1484,6.183333,-0.021150,-0.021870,0.597890,0.801000,1.297290,-0.873702,0.012577,0.001643,-0.007115,0.543500,0.839378,1.557289,-0.925548,0.013517,0.006934,0.010269,-0.611623,-0.791052,1.409736,-0.923213,0.933982
1485,6.187500,-0.020557,-0.021345,0.597831,0.801074,1.297459,-0.873723,0.012595,0.001388,-0.007161,0.543443,0.839414,1.557250,-0.925524,0.013514,0.006907,0.009999,-0.611409,-0.791221,1.410120,-0.922846,0.934006
1486,6.191667,-0.019851,-0.020592,0.597869,0.801083,1.297596,-0.873754,0.012595,0.000994,-0.007286,0.543291,0.839512,1.557210,-0.925489,0.013527,0.007160,0.009360,-0.611077,-0.791484,1.410528,-0.922474,0.933906
1487,6.195833,-0.018976,-0.019572,0.598045,0.800999,1.297702,-0.873785,0.012574,0.000745,-0.007408,0.543173,0.839588,1.557172,-0.925466,0.013532,0.006225,0.009157,-0.610846,-0.791672,1.410899,-0.922024,0.933688
1488,6.200000,-0.018195,-0.018715,0.598203,0.800919,1.297802,-0.873852,0.012539,0.000347,-0.007497,0.543123,0.839619,1.557134,-0.925446,0.013533,0.006669,0.009151,-0.610547,-0.791899,1.411241,-0.921726,0.933803
1489,6.204167,-0.017607,-0.018118,0.598274,0.800893,1.297916,-0.873882,0.012539,0.000060,-0.007657,0.543017,0.839687,1.557085,-0.925424,0.013536,0.007015,0.009007,-0.610350,-0.792050,1.411565,-0.921384,0.933826
1490,6.208333,-0.017086,-0.017559,0.598238,0.800944,1.298048,-0.873909,0.012536,-0.000369,-0.007804,0.542897,0.839763,1.557041,-0.925405,0.013534,0.007181,0.008647,-0.609995,-0.792325,1.411867,-0.921078,0.933819
1491,6.212500,-0.016602,-0.017132,0.598157,0.801024,1.298163,-0.873942,0.012531,-0.000693,-0.007909,0.542781,0.839836,1.556991,-0.925379,0.013540,0.007386,0.008680,-0.609889,-0.792405,1.412186,-0.920561,0.933944
1492,6.216667,-0.016085,-0.016621,0.598114,0.801077,1.298254,-0.873971,0.012520,-0.001066,-0.008069,0.542629,0.839933,1.556939,-0.925354,0.013544,0.007436,0.008438,-0.609405,-0.792780,1.412496,-0.920386,0.933954
1493,6.220833,-0.015566,-0.015960,0.598189,0.801045,1.298321,-0.873998,0.012503,-0.001541,-0.008259,0.542500,0.840014,1.556888,-0.925331,0.013540,0.007413,0.008198,-0.608985,-0.793105,1.412824,-0.920100,0.933980
1494,6.225000,-0.014979,-0.015246,0.598302,0.800985,1.298369,-0.874026,0.012467,-0.002034,-0.008517,0.542369,0.840095,1.556837,-0.925317,0.013556,0.006812,0.008167,-0.609271,-0.792891,1.413227,-0.919356,0.933960
1495,6.229167,-0.014579,-0.014840,0.598319,0.800988,1.298407,-0.874055,0.012442,-0.002471,-0.008719,0.542244,0.840172,1.556785,-0.925288,0.013560,0.006956,0.007945,-0.608772,-0.793275,1.413575,-0.919060,0.934023
1496,6.233333,-0.014134,-0.014373,0.598334,0.800993,1.298439,-0.874078,0.012419,-0.002918,-0.008907,0.542138,0.840238,1.556732,-0.925271,0.013566,0.007247,0.007821,-0.608272,-0.793657,1.413901,-0.918786,0.934139
1497,6.237500,-0.014041,-0.014353,0.598248,0.801059,1.298474,-0.874103,0.012409,-0.003374,-0.009095,0.542023,0.840308,1.556673,-0.925258,0.013572,0.007291,0.007674,-0.607867,-0.793968,1.414191,-0.918467,0.934210
1498,6.241667,-0.015324,-0.015980,0.598278,0.800983,1.298505,-0.874083,0.012537,-0.003797,-0.009331,0.541896,0.840385,1.556623,-0.925234,0.013579,0.007278,0.007301,-0.607413,-0.794319,1.414472,-0.918129,0.934259
1499,6.245833,-0.015937,-0.016678,0.598361,0.800894,1.298521,-0.874054,0.012617,-0.004260,-0.009493,0.541805,0.840440,1.556578,-0.925225,0.013575,0.007393,0.007252,-0.606867,-0.794736,1.414749,-0.917878,0.934380
1500,6.250000,-0.016286,-0.016930,0.598485,0.800789,1.298503,-0.874034,0.012647,-0.004499,-0.009615,0.541685,0.840515,1.556530,-0.925204,0.013576,0.007523,0.006864,-0.606463,-0.795046,1.415035,-0.917527,0.934405
1501,6.254167,-0.016476,-0.017021,0.598641,0.800667,1.298472,-0.874022,0.012650,-0.004707,-0.009701,0.541596,0.840569,1.556489,-0.925185,0.013570,0.007316,0.006608,-0.606010,-0.795396,1.415299,-0.917214,0.934481
1502,6.258333,-0.016654,-0.017230,0.598681,0.800629,1.298452,-0.874017,0.012648,-0.005009,-0.009806,0.541555,0.840593,1.556461,-0.925174,0.013574,0.006823,0.006596,-0.605865,-0.795511,1.415559,-0.916856,0.934487
1503,6.262500,-0.016669,-0.017307,0.598658,0.800644,1.298441,-0.874017,0.012644,-0.005134,-0.009857,0.541484,0.840638,1.556431,-0.925169,0.013581,0.007526,0.006741,-0.605235,-0.795982,1.415796,-0.916617,0.934553
1504,6.266667,-0.016711,-0.017481,0.598596,0.800686,1.298425,-0.874027,0.012636,-0.005313,-0.009978,0.541427,0.840672,1.556406,-0.925166,0.013574,0.007498,0.006677,-0.604903,-0.796236,1.415971,-0.916406,0.934660
1505,6.270833,-0.016761,-0.017551,0.598573,0.800701,1.298400,-0.874037,0.012627,-0.005415,-0.009982,0.541395,0.840692,1.556387,-0.925161,0.013572,0.007236,0.006098,-0.604316,-0.796689,1.416342,-0.916107,0.934767
1506,6.275000,-0.016826,-0.017721,0.598567,0.800700,1.298374,-0.874038,0.012624,-0.005418,-0.009982,0.541359,0.840715,1.556370,-0.925157,0.013569,0.009641,0.006863,-0.602767,-0.797830,1.417194,-0.915599,0.934527
1507,6.279167,-0.017006,-0.017884,0.598595,0.800672,1.298320,-0.874049,0.012600,-0.005519,-0.010025,0.541343,0.840724,1.556364,-0.925158,0.013572,0.009781,0.006850,-0.602076,-0.798350,1.417563,-0.915491,0.934601
1508,6.283333,-0.017188,-0.018102,0.598556,0.800692,1.298275,-0.874049,0.012604,-0.005544,-0.010019,0.541351,0.840719,1.556358,-0.925156,0.013574,0.010239,0.005484,-0.601677,-0.798655,1.418261,-0.915117,0.934515
1509,6.287500,-0.017321,-0.018323,0.598524,0.800708,1.298223,-0.874058,0.012598,-0.005559,-0.010030,0.541382,0.840698,1.556361,-0.925164,0.013576,0.010421,0.004707,-0.601379,-0.798882,1.418701,-0.914752,0.934449
1510,6.291667,-0.017520,-0.018581,0.598466,0.800741,1.298179,-0.874058,0.012591,-0.005562,-0.010043,0.541364,0.840710,1.556366,-0.925172,0.013576,0.010794,0.004156,-0.600951,-0.799202,1.419123,-0.914495,0.934416
1511,6.295833,-0.017731,-0.018890,0.598431,0.800755,1.298129,-0.874064,0.012587,-0.005703,-0.010366,0.541437,0.840658,1.556382,-0.925165,0.013615,0.011046,0.003727,-0.600560,-0.799495,1.419504,-0.914260,0.934398
1512,6.300000,-0.017955,-0.019189,0.598388,0.800775,1.298073,-0.874071,0.012589,-0.005678,-0.010319,0.541467,0.840640,1.556391,-0.925173,0.013617,0.011182,0.003427,-0.600120,-0.799825,1.419843,-0.914087,0.934417
1513,6.304167,-0.018083,-0.019364,0.598344,0.800801,1.298015,-0.874078,0.012580,-0.005598,-0.010298,0.541507,0.840614,1.556394,-0.925178,0.013619,0.011393,0.003173,-0.599688,-0.800147,1.420212,-0.913925,0.934387
1514,6.308333,-0.018255,-0.019590,0.598292,0.800830,1.297962,-0.874089,0.012565,-0.005549,-0.010272,0.541562,0.840580,1.556400,-0.925190,0.013615,0.011549,0.002906,-0.599237,-0.800483,1.420561,-0.913727,0.934351
1515,6.312500,-0.018338,-0.019761,0.598247,0.800858,1.297917,-0.874095,0.012553,-0.005473,-0.010214,0.541587,0.840565,1.556411,-0.925194,0.013614,0.011615,0.002592,-0.598847,-0.800775,1.420863,-0.913512,0.934319
1516,6.316667,-0.018511,-0.019946,0.598215,0.800874,1.297881,-0.874105,0.012550,-0.005409,-0.010175,0.541621,0.840544,1.556423,-0.925198,0.013617,0.011804,0.002513,-0.598420,-0.801092,1.421214,-0.913337,0.934334
1517,6.320833,-0.018620,-0.020080,0.598186,0.800890,1.297851,-0.874112,0.012545,-0.005334,-0.010157,0.541671,0.840513,1.556426,-0.925207,0.013623,0.011854,0.002252,-0.598035,-0.801379,1.421543,-0.913181,0.934285
1518,6.325000,-0.018725,-0.020298,0.598156,0.800904,1.297818,-0.874119,0.012542,-0.005322,-0.010166,0.541678,0.840508,1.556431,-0.925213,0.013623,0.011757,0.001870,-0.597931,-0.801459,1.421854,-0.912896,0.934209
1519,6.329167,-0.018754,-0.020356,0.598138,0.800915,1.297795,-0.874128,0.012534,-0.005271,-0.010171,0.541678,0.840508,1.556436,-0.925219,0.013623,0.011869,0.001600,-0.597763,-0.801583,1.422186,-0.912692,0.934130
1520,6.333333,-0.018841,-0.020451,0.598117,0.800926,1.297783,-0.874129,0.012539,-0.005241,-0.010135,0.541672,0.840513,1.556439,-0.925223,0.013631,0.011984,0.001361,-0.597497,-0.801781,1.422512,-0.912530,0.934070
1521,6.337500,-0.018834,-0.020439,0.598132,0.800916,1.297774,-0.874132,0.012536,-0.005284,-0.010155,0.541698,0.840495,1.556432,-0.925224,0.013629,0.012148,0.001186,-0.597222,-0.801983,1.422853,-0.912362,0.934012
1522,6.341667,-0.018837,-0.020443,0.598158,0.800896,1.297770,-0.874135,0.012537,-0.005279,-0.010115,0.541676,0.840510,1.556429,-0.925224,0.013631,0.012307,0.000975,-0.596915,-0.802210,1.423179,-0.912198,0.933955
1523,6.345833,-0.018746,-0.020339,0.598178,0.800886,1.297790,-0.874136,0.012538,-0.005282,-0.010154,0.541624,0.840543,1.556416,-0.925223,0.013634,0.012451,0.000956,-0.596648,-0.802406,1.423504,-0.912042,0.933912
1524,6.350000,-0.018656,-0.020261,0.598201,0.800873,1.297805,-0.874143,0.012536,-0.005409,-0.010187,0.541612,0.840549,1.556401,-0.925224,0.013633,0.012502,0.000926,-0.596482,-0.802529,1.423839,-0.911834,0.933871
1525,6.354167,-0.018594,-0.020211,0.598225,0.800857,1.297828,-0.874150,0.012540,-0.005517,-0.010245,0.541549,0.840589,1.556389,-0.925220,0.013633,0.012557,0.000778,-0.596245,-0.802704,1.424153,-0.911679,0.933854
1526,6.358333,-0.018445,-0.020079,0.598294,0.800812,1.297853,-0.874159,0.012544,-0.005600,-0.010242,0.541507,0.840615,1.556364,-0.925222,0.013624,0.012658,0.000581,-0.596051,-0.802847,1.424443,-0.911518,0.933830
1527,6.362500,-0.018284,-0.019868,0.598379,0.800758,1.297879,-0.874169,0.012539,-0.005724,-0.010302,0.541481,0.840631,1.556345,-0.925214,0.013631,0.012703,0.000399,-0.595902,-0.802957,1.424753,-0.911329,0.933803
1528,6.366667,-0.018089,-0.019702,0.598462,0.800705,1.297918,-0.874179,0.012539,-0.005813,-0.010374,0.541392,0.840686,1.556325,-0.925210,0.013633,0.012792,0.000251,-0.595787,-0.803040,1.425069,-0.911176,0.933798
1529,6.370833,-0.017843,-0.019463,0.598513,0.800678,1.297961,-0.874184,0.012540,-0.005957,-0.010444,0.541319,0.840731,1.556302,-0.925203,0.013635,0.012913,0.000067,-0.595587,-0.803187,1.425358,-0.911054,0.933793
1530,6.375000,-0.017685,-0.019276,0.598620,0.800606,1.298003,-0.874189,0.012543,-0.006105,-0.010522,0.541259,0.840768,1.556274,-0.925198,0.013626,0.012831,-0.000008,-0.595496,-0.803256,1.425704,-0.910889,0.933759
1531,6.379167,-0.017459,-0.019075,0.598720,0.800541,1.298056,-0.874201,0.012544,-0.006201,-0.010571,0.541215,0.840795,1.556245,-0.925190,0.013626,0.012961,-0.000154,-0.595288,-0.803408,1.426023,-0.910752,0.933751
1532,6.383333,-0.017254,-0.018889,0.598854,0.800449,1.298093,-0.874208,0.012546,-0.006407,-0.010610,0.541136,0.840844,1.556223,-0.925185,0.013628,0.013121,-0.000240,-0.595083,-0.803557,1.426330,-0.910628,0.933750
1533,6.387500,-0.017038,-0.018736,0.598947,0.800388,1.298128,-0.874225,0.012545,-0.006577,-0.010674,0.541086,0.840874,1.556187,-0.925181,0.013623,0.013370,-0.000258,-0.594919,-0.803674,1.426680,-0.910454,0.933740
1534,6.391667,-0.016826,-0.018495,0.599060,0.800314,1.298177,-0.874235,0.012540,-0.006747,-0.010767,0.540970,0.840946,1.556166,-0.925178,0.013630,0.013268,0.000162,-0.594697,-0.803840,1.427017,-0.910300,0.933690
1535,6.395833,-0.016601,-0.018262,0.599154,0.800253,1.298210,-0.874246,0.012535,-0.006877,-0.010793,0.540889,0.840997,1.556143,-0.925175,0.013623,0.013167,0.000527,-0.594277,-0.804152,1.427313,-0.910271,0.933681
1536,6.400000,-0.016477,-0.018164,0.599250,0.800187,1.298249,-0.874253,0.012541,-0.006898,-0.010825,0.540787,0.841061,1.556117,-0.925174,0.013620,0.012623,0.001424,-0.593999,-0.804366,1.427672,-0.910253,0.933651
1537,6.404167,-0.016039,-0.017729,0.599413,0.800083,1.298322,-0.874284,0.012523,-0.007092,-0.010937,0.540734,0.841092,1.556100,-0.925169,0.013621,0.011291,0.003581,-0.594182,-0.804244,1.428111,-0.910089,0.933199
1538,6.408333,-0.015884,-0.017632,0.599553,0.799983,1.298349,-0.874299,0.012521,-0.007181,-0.010985,0.540695,0.841116,1.556073,-0.925159,0.013614,0.011397,0.002419,-0.595086,-0.803577,1.428713,-0.909559,0.932843
1539,6.412500,-0.015790,-0.017550,0.599621,0.799936,1.298356,-0.874311,0.012516,-0.007277,-0.011025,0.540635,0.841154,1.556056,-0.925147,0.013615,0.012504,0.001105,-0.594897,-0.803704,1.429065,-0.909353,0.933032
1540,6.416667,-0.015669,-0.017534,0.599665,0.799906,1.298368,-0.874325,0.012515,-0.007332,-0.011032,0.540624,0.841160,1.556047,-0.925140,0.013617,0.013072,0.000881,-0.594564,-0.803941,1.429368,-0.909248,0.933058
1541,6.420833,-0.015582,-0.017435,0.599712,0.799874,1.298371,-0.874339,0.012510,-0.007395,-0.011035,0.540617,0.841164,1.556032,-0.925134,0.013617,0.012885,0.001001,-0.594197,-0.804216,1.429664,-0.909174,0.933001
1542,6.425000,-0.015575,-0.017508,0.599734,0.799856,1.298367,-0.874356,0.012508,-0.007473,-0.011102,0.540589,0.841180,1.556025,-0.925131,0.013617,0.012899,0.001665,-0.593649,-0.804619,1.429949,-0.909154,0.932928
1543,6.429167,-0.015560,-0.017529,0.599768,0.799830,1.298362,-0.874371,0.012504,-0.007522,-0.011112,0.540533,0.841216,1.556018,-0.925131,0.013620,0.012794,0.002533,-0.592733,-0.805293,1.430101,-0.909270,0.932956
1544,6.433333,-0.015633,-0.017612,0.599803,0.799801,1.298358,-0.874372,0.012513,-0.007567,-0.011136,0.540506,0.841232,1.556020,-0.925131,0.013623,0.014182,0.001402,-0.591676,-0.806050,1.430275,-0.909360,0.933257
1545,6.437500,-0.015606,-0.017620,0.599817,0.799791,1.298349,-0.874381,0.012516,-0.007602,-0.011110,0.540544,0.841208,1.556018,-0.925129,0.013620,0.014530,0.001003,-0.591002,-0.806539,1.430475,-0.909353,0.933271
1546,6.441667,-0.015610,-0.017626,0.599832,0.799779,1.298342,-0.874386,0.012512,-0.007603,-0.011084,0.540555,0.841201,1.556024,-0.925127,0.013616,0.015076,0.000434,-0.590480,-0.806911,1.430718,-0.909311,0.933304
