Frame,Time (Seconds),LFoot:Rotation:X,LFoot:Rotation:Y,LFoot:Rotation:Z,LFoot:Rotation:W,LFoot:Position:X,LFoot:Position:Y,LFoot:Position:Z,RFoot:Rotation:X,RFoot:Rotation:Y,RFoot:Rotation:Z,RFoot:Rotation:W,RFoot:Position:X,RFoot:Position:Y,RFoot:Position:Z,Waist:Rotation:X,Waist:Rotation:Y,Waist:Rotation:Z,Waist:Rotation:W,Waist:Position:X,Waist:Position:Y,Waist:Position:Z
0,0.000000,-0.002806,-0.035121,0.995778,0.084767,0.301390,-0.823093,0.010462,0.014639,0.044909,-0.929355,-0.366152,0.394279,-0.533715,0.019538,0.016863,0.018645,-0.994984,-0.096822,0.320840,-0.714056,0.934827
1,0.004167,-0.002821,-0.035079,0.995777,0.084790,0.301383,-0.823087,0.010464,0.014622,0.044964,-0.929353,-0.366153,0.394273,-0.533720,0.019539,0.016869,0.018663,-0.994985,-0.096807,0.320772,-0.714099,0.934816
2,0.008333,-0.002845,-0.035060,0.995779,0.084776,0.301379,-0.823072,0.010460,0.014621,0.044965,-0.929353,-0.366151,0.394267,-0.533719,0.019538,0.016895,0.018647,-0.994992,-0.096737,0.320709,-0.714127,0.934814
3,0.012500,-0.002812,-0.035073,0.995779,0.084770,0.301383,-0.823079,0.010462,0.014658,0.044973,-0.929351,-0.366154,0.394269,-0.533722,0.019537,0.016885,0.018695,-0.994995,-0.096701,0.320655,-0.714173,0.934818
4,0.016667,-0.002840,-0.035105,0.995777,0.084785,0.301378,-0.823079,0.010464,0.014659,0.045029,-0.929349,-0.366154,0.394265,-0.533717,0.019533,0.016898,0.018693,-0.994998,-0.096663,0.320586,-0.714210,0.934812
5,0.020833,-0.002869,-0.035065,0.995778,0.084779,0.301373,-0.823076,0.010458,0.014678,0.044998,-0.929340,-0.366179,0.394261,-0.533719,0.019533,0.016907,0.018733,-0.994999,-0.096649,0.320512,-0.714248,0.934804
6,0.025000,-0.002826,-0.035183,0.995774,0.084788,0.301375,-0.823081,0.010467,0.014689,0.044996,-0.929353,-0.366146,0.394260,-0.533723,0.019538,0.016903,0.018699,-0.995005,-0.096592,0.320445,-0.714291,0.934797
7,0.029167,-0.002845,-0.035144,0.995777,0.084761,0.301372,-0.823085,0.010467,0.014715,0.045036,-0.929339,-0.366175,0.394260,-0.533721,0.019534,0.016833,0.018685,-0.995008,-0.096578,0.320407,-0.714340,0.934776
8,0.033333,-0.002836,-0.035124,0.995777,0.084774,0.301374,-0.823078,0.010460,0.014721,0.045055,-0.929339,-0.366173,0.394259,-0.533721,0.019532,0.016890,0.018712,-0.995013,-0.096511,0.320317,-0.714371,0.934784
9,0.037500,-0.002839,-0.035181,0.995775,0.084773,0.301371,-0.823076,0.010464,0.014777,0.045139,-0.929332,-0.366178,0.394258,-0.533722,0.019531,0.016895,0.018746,-0.995015,-0.096476,0.320256,-0.714410,0.934775
10,0.041667,-0.002848,-0.035099,0.995778,0.084775,0.301367,-0.823075,0.010458,0.014745,0.045118,-0.929336,-0.366172,0.394258,-0.533720,0.019528,0.016879,0.018731,-0.995018,-0.096453,0.320187,-0.714447,0.934771
11,0.045833,-0.002867,-0.035163,0.995777,0.084758,0.301372,-0.823077,0.010463,0.014734,0.045126,-0.929336,-0.366170,0.394252,-0.533722,0.019530,0.016830,0.018667,-0.995024,-0.096412,0.320141,-0.714502,0.934742
12,0.050000,-0.002838,-0.035180,0.995777,0.084755,0.301371,-0.823082,0.010467,0.014773,0.045142,-0.929329,-0.366184,0.394252,-0.533726,0.019527,0.016916,0.018631,-0.995028,-0.096363,0.320073,-0.714537,0.934748
13,0.054167,-0.002838,-0.035130,0.995779,0.084741,0.301375,-0.823083,0.010462,0.014782,0.045171,-0.929331,-0.366177,0.394254,-0.533727,0.019527,0.016921,0.018675,-0.995030,-0.096330,0.319986,-0.714565,0.934748
14,0.058333,-0.002860,-0.035263,0.995773,0.084756,0.301370,-0.823084,0.010462,0.014788,0.045175,-0.929322,-0.366198,0.394253,-0.533728,0.019527,0.016813,0.018689,-0.995031,-0.096341,0.319915,-0.714623,0.934729
15,0.062500,-0.002853,-0.035184,0.995778,0.084736,0.301372,-0.823082,0.010463,0.014802,0.045187,-0.929313,-0.366219,0.394252,-0.533729,0.019529,0.016804,0.018699,-0.995034,-0.096309,0.319848,-0.714662,0.934719
16,0.066667,-0.002852,-0.035200,0.995778,0.084735,0.301376,-0.823089,0.010467,0.014811,0.045222,-0.929321,-0.366195,0.394254,-0.533728,0.019531,0.016769,0.018707,-0.995038,-0.096271,0.319783,-0.714699,0.934705
17,0.070833,-0.002835,-0.035225,0.995779,0.084705,0.301379,-0.823088,0.010467,0.014807,0.045251,-0.929328,-0.366173,0.394258,-0.533731,0.019528,0.016878,0.018610,-0.995040,-0.096247,0.319712,-0.714747,0.934702
18,0.075000,-0.002875,-0.035235,0.995779,0.084701,0.301380,-0.823092,0.010468,0.014814,0.045235,-0.929320,-0.366196,0.394257,-0.533737,0.019528,0.016895,0.018595,-0.995043,-0.096220,0.319655,-0.714786,0.934696
19,0.079167,-0.002876,-0.035190,0.995780,0.084707,0.301383,-0.823088,0.010471,0.014853,0.045287,-0.929313,-0.366204,0.394257,-0.533736,0.019527,0.016904,0.018576,-0.995047,-0.096176,0.319581,-0.714815,0.934694
20,0.083333,-0.002884,-0.035128,0.995786,0.084668,0.301380,-0.823090,0.010464,0.014846,0.045268,-0.929308,-0.366220,0.394256,-0.533739,0.019529,0.016924,0.018564,-0.995049,-0.096154,0.319525,-0.714857,0.934685
21,0.087500,-0.002864,-0.035114,0.995785,0.084684,0.301385,-0.823091,0.010466,0.014825,0.045255,-0.929312,-0.366212,0.394255,-0.533741,0.019533,0.016962,0.018620,-0.995053,-0.096105,0.319446,-0.714884,0.934683
22,0.091667,-0.002872,-0.035161,0.995785,0.084664,0.301385,-0.823089,0.010472,0.014818,0.045289,-0.929307,-0.366222,0.394254,-0.533742,0.019530,0.016976,0.018611,-0.995054,-0.096085,0.319375,-0.714919,0.934670
23,0.095833,-0.002896,-0.035122,0.995784,0.084687,0.301381,-0.823091,0.010473,0.014853,0.045332,-0.929312,-0.366201,0.394261,-0.533746,0.019528,0.016954,0.018591,-0.995059,-0.096043,0.319315,-0.714960,0.934669
24,0.100000,-0.002884,-0.035108,0.995784,0.084697,0.301387,-0.823092,0.010473,0.014874,0.045330,-0.929298,-0.366236,0.394257,-0.533741,0.019531,0.017028,0.018592,-0.995062,-0.095999,0.319229,-0.714989,0.934648
25,0.104167,-0.002932,-0.035180,0.995782,0.084688,0.301381,-0.823087,0.010467,0.014926,0.045389,-0.929316,-0.366180,0.394261,-0.533741,0.019532,0.017046,0.018626,-0.995062,-0.095986,0.319175,-0.715029,0.934630
26,0.108333,-0.002904,-0.035164,0.995784,0.084668,0.301385,-0.823096,0.010472,0.014966,0.045426,-0.929311,-0.366188,0.394262,-0.533745,0.019530,0.017062,0.018571,-0.995068,-0.095934,0.319102,-0.715058,0.934634
27,0.112500,-0.002929,-0.035150,0.995785,0.084660,0.301381,-0.823090,0.010471,0.014971,0.045477,-0.929299,-0.366213,0.394261,-0.533747,0.019523,0.017069,0.018567,-0.995070,-0.095916,0.319047,-0.715106,0.934611
28,0.116667,-0.002950,-0.035137,0.995790,0.084616,0.301377,-0.823087,0.010472,0.014972,0.045456,-0.929303,-0.366204,0.394260,-0.533749,0.019523,0.017070,0.018606,-0.995073,-0.095873,0.318974,-0.715134,0.934607
29,0.120833,-0.002950,-0.035111,0.995787,0.084655,0.301372,-0.823090,0.010472,0.015021,0.045477,-0.929302,-0.366201,0.394265,-0.533748,0.019525,0.017109,0.018562,-0.995077,-0.095834,0.318901,-0.715158,0.934604
30,0.125000,-0.002937,-0.035135,0.995785,0.084672,0.301373,-0.823088,0.010468,0.015001,0.045503,-0.929303,-0.366197,0.394259,-0.533750,0.019526,0.017186,0.018492,-0.995078,-0.095822,0.318830,-0.715192,0.934606
31,0.129167,-0.002917,-0.035191,0.995785,0.084647,0.301371,-0.823096,0.010469,0.014987,0.045457,-0.929307,-0.366194,0.394260,-0.533751,0.019528,0.017282,0.018409,-0.995081,-0.095795,0.318778,-0.715227,0.934590
32,0.133333,-0.002912,-0.035190,0.995784,0.084656,0.301370,-0.823094,0.010463,0.015059,0.045515,-0.929302,-0.366197,0.394263,-0.533752,0.019522,0.017280,0.018436,-0.995088,-0.095711,0.318704,-0.715245,0.934592
33,0.137500,-0.002937,-0.035169,0.995787,0.084635,0.301367,-0.823095,0.010468,0.015026,0.045535,-0.929303,-0.366193,0.394262,-0.533755,0.019524,0.017288,0.018395,-0.995092,-0.095684,0.318649,-0.715269,0.934588
34,0.141667,-0.002938,-0.035171,0.995789,0.084613,0.301367,-0.823091,0.010469,0.015066,0.045592,-0.929308,-0.366172,0.394263,-0.533756,0.019523,0.017309,0.018422,-0.995094,-0.095652,0.318593,-0.715304,0.934586
35,0.145833,-0.002919,-0.035193,0.995787,0.084627,0.301369,-0.823092,0.010470,0.015080,0.045605,-0.929305,-0.366176,0.394266,-0.533755,0.019522,0.017309,0.018356,-0.995100,-0.095596,0.318538,-0.715327,0.934581
36,0.150000,-0.002914,-0.035159,0.995788,0.084626,0.301369,-0.823091,0.010469,0.015031,0.045531,-0.929308,-0.366179,0.394263,-0.533757,0.019526,0.017328,0.018313,-0.995106,-0.095548,0.318482,-0.715349,0.934575
37,0.154167,-0.002953,-0.035178,0.995787,0.084624,0.301363,-0.823090,0.010468,0.015017,0.045525,-0.929302,-0.366195,0.394264,-0.533758,0.019525,0.017370,0.018329,-0.995110,-0.095490,0.318433,-0.715381,0.934567
38,0.158333,-0.002971,-0.035171,0.995785,0.084660,0.301367,-0.823093,0.010465,0.015061,0.045602,-0.929303,-0.366183,0.394267,-0.533757,0.019524,0.017395,0.018273,-0.995116,-0.095438,0.318382,-0.715405,0.934568
39,0.162500,-0.002931,-0.035223,0.995786,0.084623,0.301372,-0.823096,0.010467,0.015074,0.045614,-0.929309,-0.366165,0.394264,-0.533760,0.019527,0.017401,0.018247,-0.995118,-0.095415,0.318318,-0.715433,0.934570
40,0.166667,-0.002912,-0.035227,0.995786,0.084617,0.301371,-0.823099,0.010469,0.015052,0.045594,-0.929303,-0.366183,0.394267,-0.533762,0.019526,0.017414,0.018241,-0.995124,-0.095351,0.318275,-0.715461,0.934559
41,0.170833,-0.002957,-0.035225,0.995788,0.084593,0.301368,-0.823098,0.010464,0.015054,0.045611,-0.929298,-0.366193,0.394264,-0.533757,0.019526,0.017434,0.018216,-0.995127,-0.095318,0.318225,-0.715479,0.934563
42,0.175000,-0.002971,-0.035212,0.995791,0.084568,0.301374,-0.823096,0.010463,0.015102,0.045654,-0.929303,-0.366176,0.394267,-0.533756,0.019521,0.017437,0.018207,-0.995134,-0.095254,0.318179,-0.715514,0.934552
43,0.179167,-0.002973,-0.035222,0.995791,0.084558,0.301374,-0.823091,0.010472,0.015110,0.045677,-0.929304,-0.366169,0.394270,-0.533759,0.019524,0.017428,0.018206,-0.995138,-0.095211,0.318128,-0.715536,0.934544
44,0.183333,-0.002941,-0.035318,0.995787,0.084570,0.301371,-0.823097,0.010470,0.015107,0.045666,-0.929308,-0.366159,0.394268,-0.533764,0.019523,0.017449,0.018197,-0.995142,-0.095164,0.318091,-0.715560,0.934535
45,0.187500,-0.002957,-0.035281,0.995787,0.084585,0.301372,-0.823094,0.010472,0.015110,0.045708,-0.929297,-0.366183,0.394269,-0.533765,0.019524,0.017456,0.018199,-0.995147,-0.095109,0.318043,-0.715584,0.934533
46,0.191667,-0.002961,-0.035288,0.995787,0.084588,0.301373,-0.823100,0.010465,0.015080,0.045662,-0.929305,-0.366169,0.394263,-0.533763,0.019525,0.017470,0.018201,-0.995153,-0.095048,0.317999,-0.715611,0.934527
47,0.195833,-0.002946,-0.035237,0.995788,0.084591,0.301368,-0.823097,0.010470,0.015111,0.045714,-0.929299,-0.366177,0.394267,-0.533764,0.019526,0.017444,0.018204,-0.995156,-0.095021,0.317948,-0.715632,0.934525
48,0.200000,-0.002937,-0.035321,0.995786,0.084585,0.301374,-0.823100,0.010469,0.015129,0.045727,-0.929291,-0.366194,0.394264,-0.533767,0.019526,0.017440,0.018243,-0.995161,-0.094965,0.317903,-0.715661,0.934509
49,0.204167,-0.002942,-0.035300,0.995786,0.084591,0.301372,-0.823097,0.010469,0.015115,0.045736,-0.929289,-0.366199,0.394263,-0.533767,0.019527,0.017461,0.018226,-0.995163,-0.094936,0.317855,-0.715679,0.934506
50,0.208333,-0.002945,-0.035277,0.995786,0.084595,0.301370,-0.823100,0.010466,0.015125,0.045781,-0.929294,-0.366181,0.394270,-0.533765,0.019525,0.017515,0.018165,-0.995169,-0.094878,0.317809,-0.715705,0.934514
51,0.212500,-0.002954,-0.035300,0.995789,0.084554,0.301371,-0.823103,0.010472,0.015118,0.045739,-0.929290,-0.366197,0.394263,-0.533767,0.019527,0.017550,0.018126,-0.995173,-0.094835,0.317755,-0.715718,0.934519
52,0.216667,-0.002963,-0.035282,0.995787,0.084583,0.301368,-0.823101,0.010465,0.015162,0.045774,-0.929290,-0.366191,0.394266,-0.533769,0.019527,0.017585,0.018075,-0.995178,-0.094786,0.317714,-0.715742,0.934505
53,0.220833,-0.002960,-0.035378,0.995785,0.084569,0.301361,-0.823105,0.010471,0.015170,0.045828,-0.929278,-0.366213,0.394267,-0.533766,0.019522,0.017604,0.018068,-0.995186,-0.094708,0.317670,-0.715758,0.934498
54,0.225000,-0.002949,-0.035222,0.995792,0.084551,0.301366,-0.823102,0.010471,0.015134,0.045792,-0.929284,-0.366203,0.394264,-0.533771,0.019529,0.017563,0.018075,-0.995191,-0.094656,0.317633,-0.715782,0.934492
55,0.229167,-0.002966,-0.035356,0.995784,0.084594,0.301368,-0.823101,0.010469,0.015162,0.045773,-0.929281,-0.366212,0.394265,-0.533767,0.019523,0.017608,0.018062,-0.995195,-0.094608,0.317594,-0.715798,0.934493
56,0.233333,-0.002958,-0.035298,0.995785,0.084597,0.301365,-0.823101,0.010466,0.015157,0.045806,-0.929284,-0.366202,0.394262,-0.533771,0.019521,0.017665,0.018006,-0.995200,-0.094552,0.317555,-0.715814,0.934502
57,0.237500,-0.002979,-0.035276,0.995789,0.084564,0.301361,-0.823096,0.010466,0.015180,0.045786,-0.929282,-0.366207,0.394263,-0.533766,0.019524,0.017656,0.018029,-0.995208,-0.094469,0.317513,-0.715833,0.934483
58,0.241667,-0.002958,-0.035364,0.995785,0.084573,0.301363,-0.823098,0.010471,0.015117,0.045776,-0.929283,-0.366209,0.394264,-0.533765,0.019521,0.017685,0.017968,-0.995213,-0.094426,0.317479,-0.715849,0.934496
59,0.245833,-0.002952,-0.035324,0.995786,0.084577,0.301364,-0.823098,0.010467,0.015166,0.045833,-0.929279,-0.366210,0.394260,-0.533771,0.019517,0.017703,0.017963,-0.995218,-0.094367,0.317433,-0.715860,0.934492
60,0.250000,-0.002997,-0.035285,0.995788,0.084570,0.301360,-0.823084,0.010465,0.015195,0.045825,-0.929284,-0.366196,0.394264,-0.533771,0.019516,0.017725,0.017988,-0.995224,-0.094298,0.317407,-0.715875,0.934479
61,0.254167,-0.002959,-0.035346,0.995786,0.084574,0.301356,-0.823093,0.010465,0.015203,0.045802,-0.929286,-0.366194,0.394265,-0.533769,0.019518,0.017684,0.017942,-0.995230,-0.094249,0.317372,-0.715886,0.934486
62,0.258333,-0.002968,-0.035339,0.995784,0.084598,0.301357,-0.823087,0.010467,0.015166,0.045760,-0.929290,-0.366192,0.394266,-0.533768,0.019515,0.017684,0.017883,-0.995238,-0.094174,0.317332,-0.715898,0.934485
63,0.262500,-0.002965,-0.035350,0.995784,0.084589,0.301359,-0.823090,0.010467,0.015185,0.045730,-0.929285,-0.366208,0.394274,-0.533768,0.019509,0.017704,0.017869,-0.995248,-0.094068,0.317305,-0.715909,0.934483
64,0.266667,-0.002939,-0.035366,0.995785,0.084570,0.301363,-0.823098,0.010471,0.015125,0.045648,-0.929280,-0.366233,0.394274,-0.533759,0.019504,0.017699,0.017891,-0.995253,-0.094012,0.317269,-0.715919,0.934481
65,0.270833,-0.002949,-0.035289,0.995788,0.084566,0.301360,-0.823091,0.010466,0.015124,0.045608,-0.929272,-0.366258,0.394283,-0.533752,0.019495,0.017715,0.017887,-0.995262,-0.093911,0.317240,-0.715934,0.934482
66,0.275000,-0.002967,-0.035352,0.995788,0.084539,0.301359,-0.823095,0.010471,0.015102,0.045532,-0.929277,-0.366254,0.394289,-0.533745,0.019492,0.017722,0.017835,-0.995271,-0.093828,0.317216,-0.715930,0.934493
67,0.279167,-0.002976,-0.035285,0.995790,0.084546,0.301352,-0.823083,0.010475,0.015081,0.045424,-0.929282,-0.366258,0.394293,-0.533734,0.019490,0.017781,0.017852,-0.995278,-0.093738,0.317179,-0.715943,0.934500
68,0.283333,-0.002983,-0.035327,0.995792,0.084503,0.301353,-0.823086,0.010478,0.015015,0.045288,-0.929280,-0.366282,0.394295,-0.533725,0.019482,0.017815,0.017846,-0.995286,-0.093652,0.317158,-0.715944,0.934509
69,0.287500,-0.003007,-0.035271,0.995794,0.084509,0.301351,-0.823080,0.010479,0.014986,0.045199,-0.929280,-0.366294,0.394298,-0.533711,0.019478,0.017816,0.017834,-0.995299,-0.093515,0.317141,-0.715947,0.934520
70,0.291667,-0.003011,-0.035250,0.995795,0.084502,0.301343,-0.823075,0.010488,0.014958,0.045064,-0.929285,-0.366300,0.394301,-0.533698,0.019470,0.017902,0.017788,-0.995306,-0.093424,0.317117,-0.715962,0.934538
71,0.295833,-0.003020,-0.035250,0.995798,0.084474,0.301342,-0.823081,0.010490,0.014926,0.044943,-0.929282,-0.366323,0.394308,-0.533685,0.019462,0.018006,0.017955,-0.995318,-0.093256,0.317114,-0.715988,0.934543
72,0.300000,-0.003056,-0.035239,0.995800,0.084449,0.301340,-0.823072,0.010496,0.014970,0.044909,-0.929287,-0.366312,0.394322,-0.533668,0.019451,0.018130,0.017984,-0.995325,-0.093149,0.317089,-0.716002,0.934568
73,0.304167,-0.003050,-0.035204,0.995802,0.084443,0.301334,-0.823068,0.010503,0.014893,0.044691,-0.929298,-0.366314,0.394324,-0.533650,0.019451,0.018242,0.017938,-0.995337,-0.092999,0.317075,-0.716009,0.934596
74,0.308333,-0.003092,-0.035181,0.995800,0.084467,0.301330,-0.823063,0.010508,0.014910,0.044632,-0.929301,-0.366314,0.394328,-0.533629,0.019442,0.018478,0.017877,-0.995344,-0.092894,0.317082,-0.716032,0.934636
75,0.312500,-0.003089,-0.035213,0.995805,0.084392,0.301328,-0.823060,0.010510,0.014890,0.044422,-0.929328,-0.366271,0.394328,-0.533616,0.019435,0.018549,0.017851,-0.995355,-0.092763,0.317065,-0.716052,0.934668
76,0.316667,-0.003094,-0.035187,0.995807,0.084385,0.301329,-0.823064,0.010517,0.014823,0.044243,-0.929329,-0.366292,0.394333,-0.533591,0.019432,0.018565,0.017915,-0.995364,-0.092650,0.317058,-0.716075,0.934681
77,0.320833,-0.003119,-0.035233,0.995806,0.084383,0.301318,-0.823059,0.010520,0.014812,0.044111,-0.929332,-0.366301,0.394346,-0.533567,0.019425,0.018573,0.017970,-0.995378,-0.092498,0.317062,-0.716108,0.934701
78,0.325000,-0.003128,-0.035222,0.995810,0.084338,0.301307,-0.823044,0.010533,0.014793,0.043918,-0.929331,-0.366329,0.394344,-0.533546,0.019423,0.018610,0.018004,-0.995386,-0.092391,0.317066,-0.716134,0.934727
79,0.329167,-0.003144,-0.035171,0.995812,0.084327,0.301304,-0.823039,0.010534,0.014774,0.043804,-0.929337,-0.366327,0.394354,-0.533523,0.019410,0.018707,0.018020,-0.995399,-0.092233,0.317080,-0.716164,0.934752
80,0.333333,-0.003160,-0.035161,0.995815,0.084305,0.301299,-0.823031,0.010539,0.014737,0.043631,-0.929339,-0.366345,0.394358,-0.533501,0.019407,0.018701,0.018074,-0.995408,-0.092123,0.317088,-0.716206,0.934767
81,0.337500,-0.003198,-0.035116,0.995816,0.084307,0.301288,-0.823030,0.010541,0.014734,0.043457,-0.929355,-0.366325,0.394362,-0.533478,0.019406,0.018754,0.018136,-0.995420,-0.091975,0.317107,-0.716241,0.934789
82,0.341667,-0.003234,-0.035219,0.995814,0.084286,0.301281,-0.823023,0.010546,0.014713,0.043399,-0.929340,-0.366370,0.394373,-0.533444,0.019402,0.018775,0.018230,-0.995431,-0.091833,0.317122,-0.716291,0.934796
83,0.345833,-0.003222,-0.035199,0.995819,0.084235,0.301273,-0.823028,0.010554,0.014654,0.043297,-0.929303,-0.366479,0.394394,-0.533418,0.019407,0.018805,0.018241,-0.995438,-0.091742,0.317139,-0.716337,0.934831
84,0.350000,-0.003208,-0.035198,0.995821,0.084208,0.301271,-0.823015,0.010560,0.014636,0.043103,-0.929312,-0.366478,0.394398,-0.533397,0.019407,0.019229,0.017892,-0.995459,-0.091498,0.317181,-0.716382,0.934900
85,0.354167,-0.003234,-0.035281,0.995817,0.084222,0.301258,-0.823008,0.010566,0.014599,0.042907,-0.929328,-0.366464,0.394411,-0.533372,0.019403,0.019267,0.017853,-0.995467,-0.091403,0.317209,-0.716433,0.934923
86,0.358333,-0.003259,-0.035228,0.995823,0.084174,0.301250,-0.822999,0.010575,0.014619,0.042626,-0.929392,-0.366332,0.394412,-0.533344,0.019388,0.019260,0.017885,-0.995474,-0.091326,0.317226,-0.716486,0.934942
87,0.362500,-0.003239,-0.035310,0.995819,0.084187,0.301247,-0.822997,0.010585,0.014563,0.042431,-0.929423,-0.366278,0.394421,-0.533316,0.019392,0.019313,0.017867,-0.995485,-0.091197,0.317272,-0.716546,0.934970
88,0.366667,-0.003263,-0.035371,0.995818,0.084168,0.301241,-0.822995,0.010591,0.014486,0.042222,-0.929442,-0.366258,0.394432,-0.533289,0.019392,0.019290,0.018004,-0.995493,-0.091093,0.317310,-0.716618,0.934964
89,0.370833,-0.003300,-0.035428,0.995818,0.084151,0.301241,-0.822989,0.010598,0.014487,0.042077,-0.929457,-0.366236,0.394449,-0.533261,0.019386,0.019322,0.018010,-0.995498,-0.091027,0.317333,-0.716687,0.934995
90,0.375000,-0.003298,-0.035433,0.995816,0.084162,0.301235,-0.822987,0.010597,0.014390,0.041803,-0.929476,-0.366224,0.394467,-0.533231,0.019390,0.019346,0.017992,-0.995506,-0.090942,0.317371,-0.716757,0.935018
91,0.379167,-0.003337,-0.035395,0.995820,0.084133,0.301228,-0.822981,0.010605,0.014394,0.041650,-0.929507,-0.366163,0.394483,-0.533205,0.019387,0.019352,0.018027,-0.995510,-0.090888,0.317409,-0.716836,0.935041
92,0.383333,-0.003331,-0.035427,0.995819,0.084138,0.301226,-0.822980,0.010613,0.014354,0.041415,-0.929527,-0.366139,0.394494,-0.533174,0.019385,0.019381,0.017983,-0.995517,-0.090818,0.317445,-0.716907,0.935071
93,0.387500,-0.003350,-0.035452,0.995816,0.084154,0.301228,-0.822980,0.010619,0.014296,0.041244,-0.929552,-0.366098,0.394511,-0.533153,0.019392,0.019402,0.018017,-0.995520,-0.090770,0.317490,-0.716996,0.935099
94,0.391667,-0.003351,-0.035420,0.995819,0.084136,0.301224,-0.822981,0.010622,0.014233,0.041089,-0.929576,-0.366057,0.394522,-0.533133,0.019394,0.019443,0.018003,-0.995526,-0.090697,0.317526,-0.717084,0.935128
95,0.395833,-0.003405,-0.035534,0.995815,0.084130,0.301225,-0.822975,0.010625,0.014185,0.040920,-0.929600,-0.366016,0.394539,-0.533104,0.019391,0.019514,0.018001,-0.995529,-0.090651,0.317578,-0.717179,0.935158
96,0.400000,-0.003429,-0.035486,0.995817,0.084126,0.301225,-0.822970,0.010632,0.014148,0.040827,-0.929628,-0.365958,0.394557,-0.533082,0.019398,0.019604,0.017949,-0.995532,-0.090611,0.317616,-0.717281,0.935195
97,0.404167,-0.003463,-0.035507,0.995818,0.084106,0.301216,-0.822972,0.010639,0.014073,0.040607,-0.929648,-0.365933,0.394565,-0.533062,0.019400,0.019624,0.017949,-0.995532,-0.090600,0.317664,-0.717391,0.935211
98,0.408333,-0.003460,-0.035524,0.995820,0.084079,0.301219,-0.822969,0.010638,0.014090,0.040525,-0.929673,-0.365880,0.394579,-0.533046,0.019396,0.019740,0.017887,-0.995532,-0.090594,0.317718,-0.717504,0.935236
99,0.412500,-0.003479,-0.035608,0.995816,0.084089,0.301223,-0.822972,0.010648,0.014027,0.040440,-0.929687,-0.365856,0.394590,-0.533022,0.019390,0.019733,0.018084,-0.995534,-0.090533,0.317783,-0.717643,0.935215
100,0.416667,-0.003468,-0.035533,0.995820,0.084067,0.301219,-0.822963,0.010651,0.013959,0.040204,-0.929709,-0.365827,0.394601,-0.533007,0.019389,0.019780,0.018064,-0.995531,-0.090556,0.317842,-0.717775,0.935232
101,0.420833,-0.003482,-0.035664,0.995814,0.084081,0.301217,-0.822972,0.010654,0.013968,0.040160,-0.929734,-0.365768,0.394608,-0.532987,0.019388,0.019786,0.018055,-0.995529,-0.090581,0.317885,-0.717919,0.935249
102,0.425000,-0.003476,-0.035658,0.995813,0.084096,0.301211,-0.822973,0.010658,0.013874,0.039960,-0.929750,-0.365754,0.394618,-0.532973,0.019392,0.019792,0.018128,-0.995522,-0.090645,0.317957,-0.718081,0.935251
103,0.429167,-0.003434,-0.035747,0.995809,0.084114,0.301213,-0.822974,0.010666,0.013858,0.039884,-0.929772,-0.365705,0.394634,-0.532955,0.019390,0.019872,0.018121,-0.995513,-0.090725,0.318011,-0.718245,0.935266
104,0.433333,-0.003416,-0.035779,0.995810,0.084085,0.301210,-0.822980,0.010665,0.013876,0.039836,-0.929800,-0.365640,0.394648,-0.532940,0.019394,0.019882,0.018227,-0.995507,-0.090764,0.318105,-0.718431,0.935267
105,0.437500,-0.003387,-0.035803,0.995806,0.084128,0.301201,-0.822982,0.010665,0.013854,0.039752,-0.929812,-0.365619,0.394656,-0.532928,0.019390,0.019741,0.018396,-0.995499,-0.090848,0.318186,-0.718610,0.935277
106,0.441667,-0.003364,-0.035880,0.995805,0.084103,0.301207,-0.822983,0.010666,0.013786,0.039658,-0.929838,-0.365566,0.394660,-0.532914,0.019393,0.019729,0.018496,-0.995490,-0.090930,0.318266,-0.718787,0.935274
107,0.445833,-0.003311,-0.035805,0.995808,0.084107,0.301212,-0.822989,0.010665,0.013748,0.039536,-0.929855,-0.365538,0.394669,-0.532905,0.019393,0.019734,0.018626,-0.995477,-0.091040,0.318334,-0.718968,0.935288
108,0.450000,-0.003277,-0.035972,0.995801,0.084121,0.301206,-0.822987,0.010666,0.013743,0.039446,-0.929872,-0.365505,0.394676,-0.532895,0.019388,0.019780,0.018635,-0.995465,-0.091166,0.318401,-0.719148,0.935297
109,0.454167,-0.003216,-0.036010,0.995797,0.084146,0.301209,-0.822995,0.010661,0.013743,0.039490,-0.929885,-0.365467,0.394688,-0.532885,0.019392,0.019794,0.018650,-0.995453,-0.091293,0.318451,-0.719336,0.935312
110,0.458333,-0.003163,-0.036139,0.995792,0.084152,0.301209,-0.822998,0.010661,0.013749,0.039434,-0.929901,-0.365432,0.394697,-0.532874,0.019390,0.019863,0.018571,-0.995439,-0.091448,0.318517,-0.719527,0.935328
111,0.462500,-0.003133,-0.036259,0.995787,0.084170,0.301205,-0.822998,0.010667,0.013721,0.039379,-0.929918,-0.365395,0.394701,-0.532862,0.019388,0.019913,0.018609,-0.995423,-0.091602,0.318574,-0.719722,0.935340
112,0.466667,-0.003069,-0.036371,0.995779,0.084216,0.301212,-0.823016,0.010668,0.013687,0.039296,-0.929938,-0.365355,0.394709,-0.532857,0.019386,0.020008,0.018578,-0.995407,-0.091761,0.318650,-0.719926,0.935341
113,0.470833,-0.003028,-0.036360,0.995780,0.084209,0.301206,-0.823011,0.010665,0.013685,0.039267,-0.929937,-0.365360,0.394711,-0.532852,0.019384,0.020019,0.018896,-0.995390,-0.091872,0.318740,-0.720164,0.935304
114,0.475000,-0.002947,-0.036567,0.995770,0.084241,0.301211,-0.823031,0.010663,0.013675,0.039221,-0.929950,-0.365333,0.394721,-0.532851,0.019383,0.020126,0.018812,-0.995370,-0.092090,0.318806,-0.720409,0.935303
115,0.479167,-0.002855,-0.036755,0.995760,0.084277,0.301214,-0.823040,0.010664,0.013693,0.039294,-0.929948,-0.365329,0.394722,-0.532841,0.019386,0.020178,0.018806,-0.995345,-0.092345,0.318873,-0.720674,0.935299
116,0.483333,-0.002816,-0.036841,0.995756,0.084293,0.301223,-0.823037,0.010655,0.013622,0.039231,-0.929956,-0.365318,0.394729,-0.532839,0.019386,0.020185,0.018899,-0.995321,-0.092586,0.318973,-0.720966,0.935298
117,0.487500,-0.002806,-0.036871,0.995755,0.084291,0.301223,-0.823041,0.010652,0.013665,0.039249,-0.929966,-0.365288,0.394733,-0.532838,0.019378,0.020149,0.019114,-0.995291,-0.092866,0.319049,-0.721226,0.935272
118,0.491667,-0.002685,-0.037081,0.995742,0.084349,0.301232,-0.823063,0.010652,0.013624,0.039199,-0.929966,-0.365296,0.394735,-0.532833,0.019379,0.020101,0.019221,-0.995268,-0.093102,0.319122,-0.721484,0.935266
119,0.495833,-0.002641,-0.037218,0.995736,0.084364,0.301236,-0.823074,0.010652,0.013600,0.039163,-0.929977,-0.365272,0.394747,-0.532833,0.019380,0.020212,0.019243,-0.995244,-0.093328,0.319202,-0.721754,0.935269
120,0.500000,-0.002548,-0.037399,0.995725,0.084418,0.301241,-0.823079,0.010655,0.013602,0.039175,-0.930000,-0.365214,0.394755,-0.532829,0.019377,0.020283,0.019191,-0.995218,-0.093607,0.319274,-0.722030,0.935267
121,0.504167,-0.002499,-0.037570,0.995717,0.084434,0.301245,-0.823096,0.010652,0.013579,0.039110,-0.929997,-0.365229,0.394756,-0.532827,0.019377,0.020377,0.018913,-0.995196,-0.093874,0.319317,-0.722301,0.935294
122,0.508333,-0.002442,-0.037681,0.995708,0.084496,0.301255,-0.823110,0.010648,0.013564,0.039098,-0.930009,-0.365200,0.394765,-0.532829,0.019371,0.020454,0.018889,-0.995169,-0.094143,0.319384,-0.722584,0.935280
123,0.512500,-0.002374,-0.037866,0.995696,0.084560,0.301264,-0.823118,0.010646,0.013530,0.039064,-0.930024,-0.365167,0.394765,-0.532828,0.019372,0.020524,0.018977,-0.995140,-0.094424,0.319477,-0.722898,0.935261
124,0.516667,-0.002285,-0.038103,0.995685,0.084578,0.301269,-0.823133,0.010640,0.013521,0.039081,-0.930018,-0.365180,0.394772,-0.532827,0.019372,0.020629,0.019122,-0.995106,-0.094722,0.319568,-0.723229,0.935235
125,0.520833,-0.002247,-0.038241,0.995676,0.084627,0.301276,-0.823144,0.010642,0.013524,0.039053,-0.930025,-0.365166,0.394771,-0.532821,0.019372,0.020421,0.019407,-0.995069,-0.095097,0.319667,-0.723573,0.935217
126,0.525000,-0.002170,-0.038442,0.995667,0.084646,0.301282,-0.823156,0.010645,0.013490,0.039053,-0.930019,-0.365181,0.394771,-0.532822,0.019367,0.020329,0.019318,-0.995049,-0.095348,0.319745,-0.723916,0.935211
127,0.529167,-0.002096,-0.038571,0.995658,0.084692,0.301289,-0.823172,0.010643,0.013490,0.039082,-0.930023,-0.365167,0.394772,-0.532819,0.019369,0.020333,0.019417,-0.995018,-0.095649,0.319837,-0.724250,0.935199
128,0.533333,-0.002076,-0.038746,0.995646,0.084751,0.301298,-0.823176,0.010638,0.013475,0.039073,-0.930027,-0.365159,0.394771,-0.532819,0.019366,0.020410,0.019267,-0.994984,-0.096014,0.319907,-0.724588,0.935198
129,0.537500,-0.001978,-0.038928,0.995637,0.084775,0.301297,-0.823199,0.010640,0.013478,0.039085,-0.930029,-0.365153,0.394770,-0.532815,0.019373,0.020452,0.019236,-0.994952,-0.096349,0.319975,-0.724930,0.935219
130,0.541667,-0.001891,-0.039098,0.995626,0.084833,0.301302,-0.823203,0.010639,0.013476,0.039099,-0.930028,-0.365155,0.394773,-0.532812,0.019374,0.020456,0.019298,-0.994918,-0.096685,0.320084,-0.725291,0.935227
131,0.545833,-0.001856,-0.039244,0.995617,0.084878,0.301307,-0.823213,0.010637,0.013462,0.039067,-0.930024,-0.365169,0.394776,-0.532812,0.019369,0.020455,0.019273,-0.994875,-0.097126,0.320161,-0.725656,0.935235
132,0.550000,-0.001764,-0.039492,0.995602,0.084937,0.301315,-0.823234,0.010631,0.013441,0.039006,-0.930029,-0.365164,0.394777,-0.532814,0.019372,0.020551,0.019452,-0.994828,-0.097555,0.320282,-0.726065,0.935204
133,0.554167,-0.001694,-0.039575,0.995597,0.084956,0.301312,-0.823249,0.010632,0.013469,0.039073,-0.930027,-0.365159,0.394777,-0.532808,0.019372,0.020434,0.019664,-0.994785,-0.097971,0.320378,-0.726452,0.935169
134,0.558333,-0.001662,-0.039812,0.995583,0.085015,0.301315,-0.823253,0.010627,0.013480,0.039104,-0.930028,-0.365155,0.394777,-0.532807,0.019370,0.020288,0.019699,-0.994754,-0.098305,0.320486,-0.726857,0.935174
135,0.562500,-0.001575,-0.039910,0.995575,0.085056,0.301326,-0.823270,0.010628,0.013471,0.039096,-0.930018,-0.365181,0.394775,-0.532804,0.019376,0.020261,0.019669,-0.994727,-0.098599,0.320586,-0.727252,0.935211
136,0.566667,-0.001541,-0.040109,0.995565,0.085083,0.301314,-0.823275,0.010626,0.013504,0.039081,-0.930033,-0.365143,0.394776,-0.532806,0.019372,0.020271,0.019648,-0.994680,-0.099074,0.320656,-0.727662,0.935207
137,0.570833,-0.001505,-0.040221,0.995559,0.085100,0.301324,-0.823285,0.010623,0.013502,0.039113,-0.930015,-0.365186,0.394768,-0.532807,0.019370,0.020197,0.019716,-0.994629,-0.099585,0.320732,-0.728073,0.935197
138,0.575000,-0.001428,-0.040426,0.995544,0.085178,0.301327,-0.823304,0.010629,0.013533,0.039101,-0.930008,-0.365203,0.394765,-0.532809,0.019367,0.020107,0.019789,-0.994582,-0.100051,0.320822,-0.728489,0.935185
139,0.579167,-0.001390,-0.040556,0.995538,0.085189,0.301323,-0.823306,0.010625,0.013599,0.039207,-0.930018,-0.365164,0.394766,-0.532809,0.019370,0.020048,0.019878,-0.994533,-0.100531,0.320941,-0.728922,0.935160
140,0.583333,-0.001305,-0.040712,0.995530,0.085207,0.301336,-0.823318,0.010629,0.013589,0.039203,-0.930011,-0.365182,0.394760,-0.532812,0.019369,0.020074,0.020235,-0.994489,-0.100889,0.321096,-0.729376,0.935125
141,0.587500,-0.001273,-0.040850,0.995521,0.085254,0.301331,-0.823325,0.010629,0.013632,0.039289,-0.930007,-0.365182,0.394753,-0.532811,0.019369,0.020073,0.020228,-0.994438,-0.101394,0.321179,-0.729838,0.935135
142,0.591667,-0.001225,-0.040993,0.995512,0.085292,0.301339,-0.823330,0.010623,0.013657,0.039292,-0.929985,-0.365237,0.394755,-0.532812,0.019369,0.020069,0.020208,-0.994393,-0.101843,0.321260,-0.730293,0.935141
143,0.595833,-0.001149,-0.041210,0.995504,0.085280,0.301340,-0.823349,0.010623,0.013697,0.039306,-0.929987,-0.365229,0.394747,-0.532810,0.019372,0.020041,0.020306,-0.994348,-0.102264,0.321360,-0.730736,0.935130
144,0.600000,-0.001116,-0.041344,0.995493,0.085339,0.301343,-0.823359,0.010620,0.013695,0.039351,-0.929975,-0.365255,0.394738,-0.532813,0.019372,0.020018,0.020395,-0.994291,-0.102803,0.321474,-0.731199,0.935117
145,0.604167,-0.001009,-0.041576,0.995484,0.085339,0.301344,-0.823377,0.010628,0.013717,0.039396,-0.929969,-0.365263,0.394735,-0.532819,0.019364,0.019868,0.020612,-0.994232,-0.103357,0.321591,-0.731676,0.935108
146,0.608333,-0.001009,-0.041716,0.995475,0.085371,0.301347,-0.823376,0.010624,0.013739,0.039404,-0.929961,-0.365281,0.394728,-0.532816,0.019364,0.019794,0.020729,-0.994167,-0.103976,0.321649,-0.732160,0.935115
147,0.612500,-0.000954,-0.041913,0.995462,0.085427,0.301349,-0.823385,0.010628,0.013802,0.039491,-0.929947,-0.365305,0.394724,-0.532817,0.019371,0.019781,0.020826,-0.994114,-0.104459,0.321821,-0.732680,0.935113
148,0.616667,-0.000878,-0.042070,0.995455,0.085432,0.301352,-0.823399,0.010625,0.013810,0.039467,-0.929928,-0.365357,0.394718,-0.532820,0.019368,0.019818,0.020780,-0.994062,-0.104955,0.321941,-0.733175,0.935107
149,0.620833,-0.000834,-0.042390,0.995440,0.085448,0.301357,-0.823411,0.010631,0.013856,0.039587,-0.929921,-0.365361,0.394709,-0.532818,0.019369,0.019663,0.020984,-0.994011,-0.105431,0.322068,-0.733693,0.935087
150,0.625000,-0.000768,-0.042463,0.995434,0.085480,0.301359,-0.823422,0.010630,0.013897,0.039584,-0.929916,-0.365372,0.394708,-0.532815,0.019371,0.019539,0.021146,-0.993947,-0.106024,0.322185,-0.734194,0.935095
151,0.629167,-0.000715,-0.042703,0.995422,0.085502,0.301363,-0.823435,0.010633,0.013928,0.039568,-0.929903,-0.365404,0.394699,-0.532817,0.019372,0.019438,0.021278,-0.993872,-0.106718,0.322305,-0.734717,0.935109
152,0.633333,-0.000680,-0.042835,0.995414,0.085529,0.301362,-0.823442,0.010630,0.013911,0.039598,-0.929886,-0.365446,0.394690,-0.532810,0.019374,0.019420,0.021368,-0.993818,-0.107206,0.322450,-0.735267,0.935091
153,0.637500,-0.000667,-0.042965,0.995402,0.085605,0.301360,-0.823442,0.010630,0.014004,0.039604,-0.929882,-0.365452,0.394686,-0.532811,0.019376,0.019427,0.021376,-0.993757,-0.107766,0.322580,-0.735799,0.935057
154,0.641667,-0.000623,-0.043184,0.995394,0.085595,0.301355,-0.823459,0.010628,0.014046,0.039627,-0.929869,-0.365481,0.394682,-0.532808,0.019377,0.019291,0.021458,-0.993691,-0.108382,0.322688,-0.736353,0.935055
155,0.645833,-0.000588,-0.043330,0.995383,0.085641,0.301363,-0.823465,0.010628,0.014093,0.039678,-0.929864,-0.365487,0.394671,-0.532805,0.019384,0.018995,0.021582,-0.993620,-0.109057,0.322804,-0.736900,0.935099
156,0.650000,-0.000552,-0.043460,0.995372,0.085704,0.301361,-0.823479,0.010622,0.014132,0.039706,-0.929848,-0.365523,0.394661,-0.532809,0.019378,0.018896,0.021876,-0.993550,-0.109648,0.322930,-0.737459,0.935073
157,0.654167,-0.000450,-0.043635,0.995365,0.085698,0.301367,-0.823495,0.010628,0.014211,0.039736,-0.929821,-0.365585,0.394650,-0.532806,0.019379,0.018993,0.022006,-0.993494,-0.110109,0.323104,-0.738047,0.935031
158,0.658333,-0.000425,-0.043778,0.995350,0.085800,0.301367,-0.823502,0.010623,0.014304,0.039827,-0.929807,-0.365605,0.394645,-0.532802,0.019378,0.018956,0.022114,-0.993429,-0.110679,0.323238,-0.738633,0.935019
159,0.662500,-0.000396,-0.043911,0.995343,0.085808,0.301372,-0.823515,0.010616,0.014373,0.039861,-0.929798,-0.365623,0.394634,-0.532799,0.019386,0.018715,0.022225,-0.993351,-0.111401,0.323368,-0.739225,0.935017
160,0.666667,-0.000338,-0.044271,0.995326,0.085825,0.301369,-0.823516,0.010630,0.014429,0.039952,-0.929778,-0.365661,0.394623,-0.532794,0.019391,0.018479,0.022401,-0.993277,-0.112063,0.323513,-0.739799,0.935003
161,0.670833,-0.000321,-0.044484,0.995312,0.085879,0.301367,-0.823527,0.010622,0.014558,0.040026,-0.929760,-0.365694,0.394613,-0.532797,0.019391,0.018641,0.022210,-0.993212,-0.112642,0.323703,-0.740404,0.934990
162,0.675000,-0.000289,-0.044655,0.995301,0.085919,0.301368,-0.823531,0.010630,0.014639,0.040107,-0.929752,-0.365702,0.394598,-0.532796,0.019393,0.018751,0.022167,-0.993141,-0.113261,0.323851,-0.741032,0.934972
163,0.679167,-0.000233,-0.044809,0.995291,0.085953,0.301369,-0.823538,0.010618,0.014707,0.040186,-0.929743,-0.365715,0.394588,-0.532793,0.019397,0.018692,0.022399,-0.993069,-0.113857,0.324027,-0.741662,0.934932
164,0.683333,-0.000167,-0.044902,0.995283,0.086000,0.301369,-0.823553,0.010620,0.014760,0.040195,-0.929723,-0.365763,0.394570,-0.532787,0.019403,0.016036,0.025793,-0.992978,-0.114333,0.324369,-0.742429,0.934394
165,0.687500,-0.000378,-0.043885,0.995316,0.086144,0.301466,-0.823623,0.010541,0.014831,0.040265,-0.929709,-0.365787,0.394558,-0.532788,0.019405,0.015899,0.025694,-0.992899,-0.115060,0.324501,-0.743075,0.934382
166,0.691667,-0.000400,-0.043879,0.995315,0.086159,0.301470,-0.823632,0.010547,0.014911,0.040315,-0.929686,-0.365835,0.394533,-0.532780,0.019407,0.015980,0.025336,-0.992824,-0.115769,0.324668,-0.743721,0.934394
167,0.695833,-0.000501,-0.043880,0.995315,0.086150,0.301508,-0.823638,0.010544,0.015012,0.040424,-0.929674,-0.365851,0.394514,-0.532779,0.019414,0.015928,0.025561,-0.992754,-0.116331,0.324884,-0.744367,0.934374
168,0.700000,-0.000582,-0.043826,0.995320,0.086125,0.301518,-0.823636,0.010545,0.015087,0.040516,-0.929660,-0.365874,0.394496,-0.532784,0.019419,0.015702,0.026695,-0.992692,-0.116633,0.325147,-0.745010,0.934259
169,0.704167,-0.000665,-0.043709,0.995325,0.086125,0.301536,-0.823645,0.010548,0.015331,0.040694,-0.929654,-0.365859,0.394483,-0.532788,0.019420,0.015816,0.026697,-0.992634,-0.117108,0.325343,-0.745701,0.934159
170,0.708333,-0.000642,-0.043598,0.995325,0.086175,0.301523,-0.823634,0.010580,0.015443,0.040825,-0.929644,-0.365864,0.394460,-0.532789,0.019424,0.015932,0.026749,-0.992576,-0.117570,0.325527,-0.746394,0.934048
171,0.712500,-0.000638,-0.043610,0.995323,0.086194,0.301539,-0.823629,0.010588,0.015544,0.040958,-0.929618,-0.365910,0.394434,-0.532791,0.019420,0.016029,0.026613,-0.992541,-0.117884,0.325823,-0.747068,0.933996
172,0.716667,-0.000663,-0.043576,0.995321,0.086237,0.301542,-0.823633,0.010587,0.015727,0.041159,-0.929608,-0.365907,0.394410,-0.532792,0.019429,0.015991,0.026470,-0.992511,-0.118179,0.326205,-0.747764,0.934017
173,0.720833,-0.000604,-0.043588,0.995321,0.086231,0.301548,-0.823627,0.010598,0.015884,0.041310,-0.929588,-0.365935,0.394386,-0.532802,0.019432,0.015877,0.026541,-0.992450,-0.118689,0.326534,-0.748492,0.934036
174,0.725000,-0.000607,-0.043723,0.995310,0.086292,0.301549,-0.823618,0.010600,0.016002,0.041397,-0.929573,-0.365957,0.394351,-0.532809,0.019440,0.015833,0.026747,-0.992363,-0.119374,0.326766,-0.749230,0.934002
175,0.729167,-0.000566,-0.043686,0.995305,0.086370,0.301546,-0.823623,0.010593,0.016187,0.041600,-0.929547,-0.365990,0.394323,-0.532814,0.019443,0.015849,0.026762,-0.992268,-0.120154,0.326988,-0.749962,0.933982
176,0.733333,-0.000526,-0.043842,0.995298,0.086364,0.301547,-0.823602,0.010600,0.016390,0.041788,-0.929541,-0.365977,0.394295,-0.532823,0.019448,0.015885,0.026785,-0.992176,-0.120901,0.327120,-0.750621,0.933964
177,0.737500,-0.000484,-0.043907,0.995291,0.086413,0.301535,-0.823600,0.010598,0.016539,0.041925,-0.929504,-0.366048,0.394266,-0.532828,0.019458,0.016309,0.026960,-0.992041,-0.121907,0.327333,-0.751414,0.933847
178,0.741667,-0.000422,-0.043915,0.995289,0.086441,0.301525,-0.823591,0.010595,0.016744,0.042096,-0.929494,-0.366045,0.394235,-0.532834,0.019465,0.016419,0.027028,-0.991927,-0.122803,0.327510,-0.752168,0.933819
179,0.745833,-0.000399,-0.044068,0.995282,0.086437,0.301519,-0.823585,0.010592,0.016899,0.042244,-0.929465,-0.366093,0.394205,-0.532839,0.019478,0.016028,0.027211,-0.991823,-0.123650,0.327708,-0.752881,0.933861
180,0.750000,-0.000356,-0.044104,0.995276,0.086489,0.301516,-0.823587,0.010585,0.017130,0.042415,-0.929443,-0.366120,0.394165,-0.532845,0.019484,0.016466,0.027405,-0.991687,-0.124639,0.327897,-0.753685,0.933721
181,0.754167,-0.000357,-0.044095,0.995275,0.086504,0.301499,-0.823586,0.010585,0.017268,0.042551,-0.929412,-0.366175,0.394134,-0.532854,0.019492,0.016388,0.027364,-0.991582,-0.125490,0.328227,-0.754425,0.933790
182,0.758333,-0.000313,-0.044294,0.995266,0.086504,0.301499,-0.823576,0.010586,0.017253,0.042415,-0.929390,-0.366247,0.394072,-0.532865,0.019520,0.016448,0.027392,-0.991451,-0.126506,0.328448,-0.755195,0.933733
183,0.762500,-0.000312,-0.044238,0.995266,0.086535,0.301492,-0.823578,0.010583,0.017488,0.042497,-0.929396,-0.366213,0.394045,-0.532884,0.019533,0.016735,0.027834,-0.991311,-0.127465,0.328730,-0.756047,0.933629
184,0.766667,-0.000288,-0.044419,0.995257,0.086547,0.301489,-0.823583,0.010590,0.017643,0.042578,-0.929362,-0.366281,0.394019,-0.532892,0.019548,0.016849,0.027363,-0.991200,-0.128413,0.329123,-0.756848,0.933632
185,0.770833,-0.000267,-0.044372,0.995257,0.086576,0.301477,-0.823586,0.010596,0.017869,0.042697,-0.929348,-0.366292,0.393994,-0.532890,0.019563,0.017181,0.027321,-0.991065,-0.129418,0.329453,-0.757639,0.933604
186,0.775000,-0.000276,-0.044412,0.995254,0.086590,0.301482,-0.823592,0.010592,0.018047,0.042843,-0.929317,-0.366345,0.393964,-0.532899,0.019576,0.017558,0.027056,-0.990922,-0.130515,0.329811,-0.758454,0.933598
187,0.779167,-0.000238,-0.044558,0.995252,0.086530,0.301491,-0.823597,0.010596,0.018269,0.042946,-0.929304,-0.366356,0.393943,-0.532903,0.019595,0.017851,0.027210,-0.990761,-0.131655,0.330141,-0.759336,0.933523
188,0.783333,-0.000274,-0.044496,0.995254,0.086540,0.301478,-0.823601,0.010593,0.018430,0.042954,-0.929305,-0.366345,0.393907,-0.532898,0.019616,0.018166,0.027330,-0.990600,-0.132795,0.330507,-0.760194,0.933478
189,0.787500,-0.000225,-0.044547,0.995249,0.086576,0.301482,-0.823620,0.010596,0.018612,0.043037,-0.929298,-0.366343,0.393889,-0.532897,0.019639,0.018387,0.027410,-0.990422,-0.134069,0.330911,-0.761038,0.933474
190,0.791667,-0.000246,-0.044701,0.995243,0.086564,0.301486,-0.823621,0.010598,0.018751,0.043069,-0.929282,-0.366373,0.393858,-0.532897,0.019656,0.018589,0.027440,-0.990237,-0.135400,0.331285,-0.761886,0.933409
191,0.795833,-0.000181,-0.044867,0.995238,0.086531,0.301490,-0.823637,0.010605,0.018949,0.043155,-0.929279,-0.366360,0.393833,-0.532898,0.019680,0.019013,0.027792,-0.990033,-0.136750,0.331652,-0.762760,0.933287
192,0.800000,-0.000142,-0.044935,0.995235,0.086537,0.301491,-0.823655,0.010595,0.019157,0.043176,-0.929277,-0.366350,0.393815,-0.532892,0.019709,0.018508,0.031609,-0.989734,-0.138146,0.332148,-0.763786,0.932989
193,0.804167,-0.000130,-0.045046,0.995232,0.086511,0.301486,-0.823660,0.010598,0.019334,0.043180,-0.929275,-0.366346,0.393782,-0.532894,0.019731,0.019009,0.031454,-0.989534,-0.139541,0.332553,-0.764660,0.932971
194,0.808333,-0.000071,-0.045264,0.995223,0.086499,0.301490,-0.823676,0.010602,0.019535,0.043177,-0.929260,-0.366375,0.393758,-0.532890,0.019762,0.019409,0.031451,-0.989287,-0.141228,0.332944,-0.765533,0.932930
195,0.812500,-0.000011,-0.045490,0.995214,0.086484,0.301479,-0.823688,0.010601,0.019796,0.043304,-0.929259,-0.366348,0.393738,-0.532887,0.019788,0.019897,0.031614,-0.989045,-0.142812,0.333338,-0.766392,0.932879
196,0.816667,0.000053,-0.045839,0.995203,0.086431,0.301498,-0.823702,0.010584,0.019772,0.043168,-0.929254,-0.366377,0.393677,-0.532868,0.019777,0.020312,0.031610,-0.988801,-0.144432,0.333804,-0.767296,0.932808
197,0.820833,0.000502,-0.047667,0.995144,0.086119,0.301511,-0.823642,0.010465,0.019972,0.043156,-0.929245,-0.366392,0.393657,-0.532857,0.019812,0.020691,0.031434,-0.988538,-0.146205,0.334220,-0.768203,0.932793
198,0.825000,0.000590,-0.048011,0.995127,0.086116,0.301509,-0.823658,0.010457,0.020210,0.043213,-0.929253,-0.366350,0.393634,-0.532853,0.019847,0.021135,0.031441,-0.988260,-0.148010,0.334686,-0.769071,0.932761
199,0.829167,0.000745,-0.048489,0.995105,0.086110,0.301506,-0.823675,0.010459,0.020478,0.043190,-0.929257,-0.366328,0.393607,-0.532851,0.019879,0.021786,0.031449,-0.987968,-0.149850,0.335181,-0.769991,0.932720
200,0.833333,0.000830,-0.048783,0.995089,0.086128,0.301504,-0.823694,0.010449,0.020716,0.043151,-0.929276,-0.366272,0.393592,-0.532836,0.019928,0.022340,0.031494,-0.987664,-0.151751,0.335651,-0.770903,0.932671
201,0.837500,0.000830,-0.048919,0.995080,0.086148,0.301499,-0.823714,0.010443,0.020951,0.043094,-0.929278,-0.366259,0.393576,-0.532827,0.019968,0.022829,0.031339,-0.987335,-0.153839,0.336138,-0.771796,0.932633
202,0.841667,0.000892,-0.049088,0.995069,0.086183,0.301506,-0.823729,0.010442,0.021217,0.043047,-0.929285,-0.366232,0.393564,-0.532810,0.020015,0.023595,0.031266,-0.987011,-0.155806,0.336655,-0.772707,0.932618
203,0.845833,0.000998,-0.049445,0.995054,0.086152,0.301507,-0.823752,0.010443,0.021413,0.042922,-0.929297,-0.366204,0.393540,-0.532792,0.020069,0.024086,0.031260,-0.986661,-0.157933,0.337157,-0.773649,0.932552
204,0.850000,0.000976,-0.049487,0.995048,0.086194,0.301505,-0.823778,0.010431,0.021632,0.042777,-0.929293,-0.366221,0.393518,-0.532780,0.020134,0.024971,0.031195,-0.986289,-0.160119,0.337711,-0.774565,0.932570
205,0.854167,0.001033,-0.049704,0.995038,0.086188,0.301508,-0.823792,0.010445,0.021947,0.042739,-0.929306,-0.366172,0.393503,-0.532766,0.020190,0.025835,0.030907,-0.985902,-0.162403,0.338256,-0.775466,0.932539
206,0.858333,0.001090,-0.049952,0.995027,0.086162,0.301493,-0.823794,0.010450,0.022243,0.042562,-0.929323,-0.366131,0.393499,-0.532748,0.020262,0.026587,0.030865,-0.985505,-0.164682,0.338831,-0.776369,0.932546
207,0.862500,0.001117,-0.050097,0.995018,0.086188,0.301504,-0.823814,0.010444,0.022455,0.042349,-0.929342,-0.366096,0.393478,-0.532727,0.020333,0.027210,0.031203,-0.985066,-0.167129,0.339307,-0.777270,0.932465
208,0.866667,0.001104,-0.050186,0.995011,0.086212,0.301511,-0.823829,0.010438,0.022646,0.042071,-0.929378,-0.366025,0.393469,-0.532703,0.020403,0.027904,0.031329,-0.984611,-0.169652,0.339829,-0.778174,0.932414
209,0.870833,0.001169,-0.050337,0.995003,0.086216,0.301523,-0.823847,0.010438,0.022858,0.041747,-0.929401,-0.365990,0.393455,-0.532677,0.020483,0.028628,0.031189,-0.984172,-0.172086,0.340386,-0.779086,0.932389
210,0.875000,0.001232,-0.050550,0.994994,0.086198,0.301523,-0.823857,0.010433,0.023162,0.041545,-0.929387,-0.366028,0.393463,-0.532664,0.020627,0.029530,0.031120,-0.983689,-0.174686,0.341005,-0.779991,0.932372
211,0.879167,0.001265,-0.050602,0.994992,0.086192,0.301532,-0.823874,0.010433,0.023333,0.041093,-0.929434,-0.365950,0.393454,-0.532639,0.020715,0.030329,0.031381,-0.983204,-0.177217,0.341574,-0.780900,0.932358
212,0.883333,0.001358,-0.050909,0.994979,0.086162,0.301530,-0.823883,0.010435,0.023404,0.040526,-0.929478,-0.365896,0.393446,-0.532604,0.020807,0.031124,0.031146,-0.982708,-0.179853,0.342189,-0.781843,0.932329
213,0.887500,0.001378,-0.051018,0.994972,0.086176,0.301531,-0.823898,0.010422,0.023573,0.040047,-0.929563,-0.365724,0.393450,-0.532560,0.020896,0.031985,0.031282,-0.982172,-0.182582,0.342786,-0.782768,0.932342
214,0.891667,0.001467,-0.051261,0.994962,0.086140,0.301526,-0.823901,0.010424,0.023650,0.039430,-0.929636,-0.365600,0.393442,-0.532523,0.021001,0.033030,0.031263,-0.981632,-0.185285,0.343352,-0.783677,0.932329
215,0.895833,0.001489,-0.051290,0.994958,0.086171,0.301535,-0.823908,0.010419,0.023684,0.038758,-0.929709,-0.365483,0.393446,-0.532482,0.021106,0.033797,0.031754,-0.981065,-0.188046,0.343965,-0.784635,0.932338
216,0.900000,0.001513,-0.051335,0.994956,0.086173,0.301545,-0.823932,0.010411,0.023565,0.037833,-0.929797,-0.365364,0.393462,-0.532410,0.021227,0.034747,0.032044,-0.980471,-0.190897,0.344534,-0.785524,0.932345
217,0.904167,0.001615,-0.051732,0.994939,0.086125,0.301538,-0.823931,0.010409,0.023583,0.037077,-0.929903,-0.365171,0.393456,-0.532374,0.021336,0.035576,0.032367,-0.979870,-0.193757,0.345112,-0.786444,0.932395
218,0.908333,0.001630,-0.051788,0.994949,0.085978,0.301590,-0.823955,0.010395,0.023502,0.036104,-0.930064,-0.364864,0.393463,-0.532315,0.021437,0.036378,0.032716,-0.979228,-0.196772,0.345677,-0.787367,0.932412
219,0.912500,0.001688,-0.052032,0.994941,0.085920,0.301590,-0.823967,0.010390,0.023509,0.035502,-0.930173,-0.364644,0.393487,-0.532253,0.021556,0.037110,0.033287,-0.978578,-0.199749,0.346211,-0.788248,0.932460
220,0.916667,0.001712,-0.051885,0.994939,0.086036,0.301567,-0.823963,0.010388,0.023385,0.034617,-0.930292,-0.364434,0.393522,-0.532190,0.021681,0.037835,0.029903,-0.978139,-0.202282,0.346975,-0.789084,0.932817
221,0.920833,0.001757,-0.051999,0.994931,0.086052,0.301563,-0.823956,0.010397,0.023212,0.033609,-0.930455,-0.364122,0.393540,-0.532120,0.021775,0.038754,0.030384,-0.977433,-0.205426,0.347545,-0.789997,0.932844
222,0.925000,0.001762,-0.051974,0.994933,0.086045,0.301563,-0.823958,0.010386,0.023044,0.032770,-0.930606,-0.363825,0.393581,-0.532046,0.021889,0.039656,0.030648,-0.976760,-0.208393,0.348124,-0.790887,0.932901
223,0.929167,0.001790,-0.052029,0.994931,0.086038,0.301558,-0.823950,0.010393,0.022774,0.031723,-0.930758,-0.363545,0.393619,-0.531974,0.022013,0.040511,0.031067,-0.976037,-0.211533,0.348701,-0.791775,0.932979
224,0.933333,0.001815,-0.052083,0.994927,0.086051,0.301558,-0.823950,0.010386,0.022432,0.030684,-0.930924,-0.363229,0.393666,-0.531884,0.022140,0.041290,0.031866,-0.975284,-0.214711,0.349286,-0.792703,0.933060
225,0.937500,0.002146,-0.053657,0.994863,0.085813,0.301423,-0.823828,0.010436,0.022127,0.029644,-0.931093,-0.362902,0.393707,-0.531790,0.022266,0.042163,0.032488,-0.974547,-0.217773,0.349811,-0.793569,0.933137
226,0.941667,0.002216,-0.053815,0.994854,0.085813,0.301387,-0.823792,0.010431,0.021640,0.028439,-0.931298,-0.362500,0.393741,-0.531678,0.022367,0.042963,0.032929,-0.973780,-0.220960,0.350372,-0.794473,0.933216
227,0.945833,0.002289,-0.053897,0.994847,0.085852,0.301381,-0.823789,0.010414,0.021298,0.027296,-0.931476,-0.362151,0.393800,-0.531581,0.022494,0.043778,0.033579,-0.972981,-0.224194,0.350897,-0.795348,0.933266
228,0.950000,0.002312,-0.053806,0.994846,0.085908,0.301380,-0.823790,0.010405,0.021176,0.026261,-0.931639,-0.361816,0.393908,-0.531460,0.022659,0.044638,0.034483,-0.972165,-0.227408,0.351459,-0.796224,0.933356
229,0.954167,0.002348,-0.053657,0.994851,0.085951,0.301383,-0.823793,0.010394,0.020910,0.025050,-0.931818,-0.361456,0.394029,-0.531360,0.022796,0.045496,0.035290,-0.971311,-0.230738,0.352006,-0.797088,0.933438
230,0.958333,0.002374,-0.053566,0.994851,0.085998,0.301387,-0.823791,0.010384,0.020545,0.023699,-0.932006,-0.361082,0.394164,-0.531247,0.022941,0.046200,0.035772,-0.970447,-0.234135,0.352542,-0.797968,0.933517
231,0.962500,0.002392,-0.053465,0.994857,0.085997,0.301400,-0.823793,0.010385,0.020073,0.022167,-0.932216,-0.360664,0.394315,-0.531137,0.023092,0.047707,0.035025,-0.969780,-0.236694,0.353414,-0.798843,0.933800
232,0.966667,0.002383,-0.053342,0.994861,0.086025,0.301416,-0.823798,0.010390,0.019688,0.020817,-0.932418,-0.360244,0.394486,-0.531023,0.023245,0.048610,0.034883,-0.968957,-0.239881,0.354098,-0.799711,0.934052
233,0.970833,0.002320,-0.053290,0.994863,0.086038,0.301422,-0.823791,0.010394,0.019311,0.019377,-0.932654,-0.359735,0.394679,-0.530917,0.023418,0.049405,0.035390,-0.968060,-0.243243,0.354693,-0.800604,0.934153
234,0.975000,0.002210,-0.053120,0.994868,0.086082,0.301431,-0.823786,0.010385,0.019054,0.018274,-0.932941,-0.359060,0.394938,-0.530809,0.023579,0.050017,0.036635,-0.967071,-0.246840,0.355128,-0.801437,0.934121
235,0.979167,0.002157,-0.052932,0.994873,0.086142,0.301451,-0.823786,0.010389,0.018396,0.016625,-0.933196,-0.358512,0.395152,-0.530729,0.023772,0.050647,0.036970,-0.966155,-0.250227,0.355689,-0.802305,0.934264
236,0.983333,0.002024,-0.052646,0.994880,0.086247,0.301467,-0.823791,0.010383,0.017878,0.015376,-0.933590,-0.357565,0.395418,-0.530615,0.023900,0.051137,0.037156,-0.965189,-0.253799,0.356278,-0.803176,0.934407
237,0.987500,0.001918,-0.052316,0.994891,0.086320,0.301482,-0.823788,0.010379,0.016767,0.013208,-0.933979,-0.356691,0.395726,-0.530534,0.024053,0.051998,0.037829,-0.964134,-0.257509,0.356778,-0.803979,0.934448
238,0.991667,0.001836,-0.052109,0.994893,0.086424,0.301491,-0.823766,0.010376,0.016389,0.011950,-0.934384,-0.355689,0.396091,-0.530464,0.024232,0.052486,0.037680,-0.963209,-0.260872,0.357453,-0.804850,0.934664
239,0.995833,0.001759,-0.051906,0.994898,0.086489,0.301504,-0.823753,0.010379,0.015802,0.010539,-0.934833,-0.354580,0.396458,-0.530436,0.024478,0.053185,0.038172,-0.962198,-0.264365,0.357965,-0.805638,0.934765
240,1.000000,0.001640,-0.051642,0.994901,0.086617,0.301507,-0.823730,0.010376,0.015179,0.009265,-0.935277,-0.353471,0.396872,-0.530415,0.024689,0.053541,0.038456,-0.961206,-0.267840,0.358469,-0.806439,0.934934
241,1.004167,0.001565,-0.051463,0.994899,0.086743,0.301513,-0.823701,0.010375,0.013290,0.006994,-0.935836,-0.352115,0.397337,-0.530479,0.024936,0.054030,0.038838,-0.960248,-0.271104,0.358979,-0.807211,0.935064
242,1.008333,0.001509,-0.051324,0.994898,0.086839,0.301508,-0.823674,0.010386,0.011393,0.004791,-0.936392,-0.350738,0.397880,-0.530579,0.025192,0.054659,0.039127,-0.959262,-0.274404,0.359526,-0.808007,0.935224
243,1.012500,0.001472,-0.051033,0.994905,0.086936,0.301534,-0.823606,0.010407,0.009619,0.002937,-0.936885,-0.349493,0.398380,-0.530787,0.025441,0.054845,0.039378,-0.958246,-0.277860,0.360012,-0.808802,0.935412
244,1.016667,0.001438,-0.050822,0.994904,0.087066,0.301532,-0.823571,0.010416,0.007738,0.001110,-0.937416,-0.348125,0.399007,-0.531047,0.025665,0.055522,0.039825,-0.957200,-0.281247,0.360538,-0.809559,0.935518
245,1.020833,0.001332,-0.050494,0.994909,0.087200,0.301519,-0.823531,0.010413,0.005324,-0.000691,-0.937924,-0.346798,0.399708,-0.531370,0.025962,0.055848,0.040242,-0.956261,-0.284300,0.361017,-0.810284,0.935685
246,1.025000,0.001193,-0.050410,0.994908,0.087266,0.301470,-0.823473,0.010432,0.004376,-0.000673,-0.938222,-0.346006,0.400544,-0.531843,0.026330,0.056291,0.040680,-0.955217,-0.287642,0.361500,-0.811021,0.935784
247,1.029167,0.000632,-0.051467,0.994992,0.085679,0.301769,-0.823568,0.010345,0.005527,0.001696,-0.938186,-0.346084,0.401481,-0.532542,0.026798,0.056459,0.040994,-0.954195,-0.290936,0.361939,-0.811776,0.935929
248,1.033333,0.000444,-0.051246,0.995003,0.085686,0.301789,-0.823538,0.010345,0.004368,0.002657,-0.938132,-0.346241,0.402651,-0.533250,0.027209,0.057057,0.041719,-0.953154,-0.294113,0.362397,-0.812444,0.936004
249,1.037500,0.000255,-0.050568,0.995033,0.085746,0.301834,-0.823501,0.010361,0.003882,0.004580,-0.937677,-0.347456,0.404150,-0.534181,0.027649,0.057089,0.041643,-0.952175,-0.297271,0.362911,-0.813196,0.936183
250,1.041667,0.000086,-0.050015,0.995039,0.086002,0.301900,-0.823475,0.010358,0.002121,0.006133,-0.936879,-0.349595,0.405857,-0.535202,0.028020,0.057519,0.042151,-0.951111,-0.300503,0.363360,-0.813895,0.936249
251,1.045833,-0.000073,-0.049609,0.995036,0.086274,0.301933,-0.823433,0.010373,-0.000793,0.006538,-0.935779,-0.352524,0.407852,-0.536215,0.028554,0.057534,0.042176,-0.950092,-0.303703,0.363829,-0.814653,0.936451
252,1.050000,-0.000333,-0.049126,0.995042,0.086473,0.301950,-0.823369,0.010392,-0.002739,0.008382,-0.934497,-0.355863,0.410163,-0.537483,0.029010,0.058219,0.043011,-0.948968,-0.306953,0.364197,-0.815289,0.936444
253,1.054167,-0.000551,-0.048794,0.995044,0.086638,0.301952,-0.823296,0.010404,-0.005612,0.009815,-0.933264,-0.359014,0.412659,-0.538755,0.029493,0.058244,0.043167,-0.947958,-0.310033,0.364660,-0.816000,0.936543
254,1.058333,-0.000803,-0.046856,0.995012,0.088062,0.301788,-0.823392,0.010489,-0.006583,0.012530,-0.931724,-0.362891,0.415277,-0.540150,0.029942,0.060261,0.040118,-0.946332,-0.314985,0.365436,-0.816703,0.935922
255,1.062500,-0.000912,-0.046494,0.995006,0.088315,0.301804,-0.823331,0.010501,-0.007920,0.015185,-0.930062,-0.367004,0.417993,-0.541741,0.030376,0.060240,0.040248,-0.945239,-0.318236,0.365872,-0.817432,0.936016
256,1.066667,-0.000904,-0.046108,0.995001,0.088579,0.301809,-0.823250,0.010524,-0.008195,0.018318,-0.928049,-0.371917,0.420902,-0.543407,0.030738,0.060466,0.041533,-0.944226,-0.321025,0.366219,-0.818074,0.936297
257,1.070833,-0.000806,-0.045662,0.994986,0.088982,0.301803,-0.823179,0.010546,-0.008610,0.020945,-0.925797,-0.377341,0.423988,-0.545131,0.031096,0.060743,0.040596,-0.942997,-0.324683,0.366677,-0.818851,0.936180
258,1.075000,-0.000745,-0.045304,0.994974,0.089301,0.301804,-0.823110,0.010568,-0.008574,0.023974,-0.923372,-0.383062,0.427359,-0.546942,0.031441,0.060523,0.041223,-0.941975,-0.327599,0.367054,-0.819499,0.936324
259,1.079167,-0.000712,-0.045179,0.994969,0.089412,0.301794,-0.823036,0.010587,-0.009908,0.025216,-0.920856,-0.388961,0.430980,-0.548871,0.031732,0.060415,0.042356,-0.940961,-0.330377,0.367387,-0.820166,0.936479
260,1.083333,-0.000648,-0.045076,0.994972,0.089436,0.301764,-0.822967,0.010602,-0.011113,0.026240,-0.918089,-0.395350,0.434786,-0.550928,0.031899,0.060928,0.041968,-0.939710,-0.333873,0.367831,-0.820874,0.936323
261,1.087500,-0.000632,-0.044968,0.994954,0.089686,0.301757,-0.822901,0.010613,-0.011492,0.028661,-0.915046,-0.402166,0.438658,-0.553132,0.032179,0.061232,0.042486,-0.938629,-0.336782,0.368219,-0.821613,0.936544
262,1.091667,-0.000721,-0.044787,0.994943,0.089897,0.301761,-0.822858,0.010585,-0.011617,0.030627,-0.911807,-0.409311,0.442695,-0.555467,0.032392,0.061357,0.042461,-0.937439,-0.340059,0.368600,-0.822353,0.936526
263,1.095833,-0.000877,-0.044654,0.994934,0.090070,0.301767,-0.822821,0.010557,-0.011329,0.032887,-0.908243,-0.416994,0.446799,-0.557981,0.032588,0.061272,0.042752,-0.936301,-0.343160,0.368932,-0.823062,0.936578
264,1.100000,-0.000587,-0.044431,0.994900,0.090555,0.301733,-0.822746,0.010636,-0.011162,0.035138,-0.904512,-0.424851,0.451024,-0.560590,0.032744,0.061457,0.042803,-0.935068,-0.346466,0.369184,-0.823770,0.936698
265,1.104167,-0.000557,-0.044336,0.994878,0.090844,0.301733,-0.822689,0.010640,-0.010747,0.036947,-0.900539,-0.433070,0.455393,-0.563299,0.032923,0.061524,0.042358,-0.933951,-0.349508,0.369637,-0.824517,0.936737
266,1.108333,-0.000472,-0.044124,0.994840,0.091362,0.301708,-0.822537,0.010667,-0.010194,0.039306,-0.896232,-0.441723,0.459918,-0.566183,0.033065,0.061274,0.042668,-0.932735,-0.352748,0.369985,-0.825302,0.936823
267,1.112500,-0.000444,-0.044036,0.994804,0.091793,0.301694,-0.822448,0.010684,-0.009651,0.040429,-0.891745,-0.450625,0.464482,-0.569190,0.033190,0.060868,0.042701,-0.931597,-0.355808,0.370215,-0.826019,0.936917
268,1.116667,-0.000428,-0.043914,0.994823,0.091641,0.301722,-0.822475,0.010691,-0.009245,0.041870,-0.886950,-0.459872,0.469098,-0.572319,0.033263,0.061115,0.042485,-0.930319,-0.359118,0.370508,-0.826649,0.936868
269,1.120833,-0.000532,-0.043878,0.994806,0.091843,0.301719,-0.822445,0.010679,-0.008142,0.043181,-0.881755,-0.469657,0.473768,-0.575628,0.033310,0.061010,0.042466,-0.929049,-0.362412,0.370789,-0.827447,0.936912
270,1.125000,-0.000509,-0.043741,0.994787,0.092122,0.301719,-0.822399,0.010695,-0.007198,0.044127,-0.876409,-0.479488,0.478545,-0.579059,0.033380,0.060662,0.042685,-0.927770,-0.365705,0.370843,-0.828128,0.936974
271,1.129167,-0.000474,-0.043672,0.994765,0.092388,0.301722,-0.822351,0.010715,-0.006404,0.044898,-0.871237,-0.488763,0.483461,-0.582609,0.033429,0.060996,0.042480,-0.926459,-0.368984,0.371135,-0.828790,0.936924
272,1.133333,-0.000487,-0.043583,0.994738,0.092717,0.301723,-0.822311,0.010734,-0.005553,0.045362,-0.865436,-0.498931,0.488320,-0.586310,0.033474,0.060509,0.042385,-0.925227,-0.372153,0.371326,-0.829541,0.936995
273,1.137500,-0.000493,-0.043525,0.994718,0.092955,0.301724,-0.822275,0.010742,-0.003537,0.046814,-0.859484,-0.509002,0.493308,-0.590118,0.033444,0.060180,0.042254,-0.923988,-0.375286,0.371543,-0.830235,0.937030
274,1.141667,-0.000476,-0.043492,0.994692,0.093248,0.301723,-0.822244,0.010758,-0.001758,0.047607,-0.853463,-0.518971,0.498271,-0.594070,0.033411,0.060194,0.042158,-0.922697,-0.378456,0.371771,-0.830920,0.937015
275,1.145833,-0.000512,-0.043476,0.994673,0.093462,0.301723,-0.822210,0.010771,0.000515,0.048729,-0.846964,-0.529413,0.503289,-0.598185,0.033310,0.060058,0.041913,-0.921355,-0.381761,0.371972,-0.831638,0.936979
276,1.150000,-0.000514,-0.043403,0.994652,0.093719,0.301723,-0.822178,0.010773,0.002967,0.049507,-0.840384,-0.539717,0.508274,-0.602392,0.033277,0.059734,0.041600,-0.920046,-0.384990,0.372229,-0.832385,0.937005
277,1.154167,-0.000528,-0.043412,0.994626,0.093988,0.301718,-0.822139,0.010791,0.005113,0.049837,-0.833888,-0.549656,0.513261,-0.606758,0.033212,0.059535,0.041280,-0.918762,-0.388109,0.372420,-0.833030,0.936988
278,1.158333,-0.000533,-0.043465,0.994601,0.094227,0.301712,-0.822122,0.010795,0.007644,0.050229,-0.827325,-0.559421,0.518298,-0.611206,0.033145,0.059543,0.041088,-0.917433,-0.391257,0.372651,-0.833715,0.936970
279,1.162500,-0.000534,-0.043463,0.994581,0.094446,0.301710,-0.822093,0.010795,0.010763,0.050948,-0.820415,-0.569393,0.523303,-0.615742,0.033087,0.059612,0.040695,-0.916042,-0.394533,0.372907,-0.834380,0.936899
280,1.166667,-0.000857,-0.044142,0.994563,0.094315,0.301677,-0.822033,0.010817,0.012812,0.049958,-0.813195,-0.579701,0.528183,-0.620458,0.033107,0.059500,0.040374,-0.914664,-0.397767,0.373125,-0.835073,0.936882
281,1.170833,-0.000594,-0.043785,0.994533,0.094794,0.301705,-0.821995,0.010796,0.016282,0.048670,-0.804896,-0.591192,0.532699,-0.625226,0.033301,0.059462,0.040026,-0.913248,-0.401048,0.373272,-0.835718,0.936836
282,1.175000,-0.000567,-0.044650,0.994528,0.094450,0.301810,-0.821835,0.010770,0.020695,0.048529,-0.796747,-0.602006,0.537312,-0.630065,0.033322,0.059528,0.039523,-0.911817,-0.404332,0.373517,-0.836469,0.936918
283,1.179167,-0.000573,-0.044626,0.994514,0.094607,0.301803,-0.821812,0.010786,0.023606,0.049002,-0.790002,-0.610686,0.542366,-0.635022,0.033245,0.059549,0.039350,-0.910212,-0.407946,0.373646,-0.837128,0.936792
284,1.183333,-0.000502,-0.045086,0.994472,0.094833,0.301796,-0.821750,0.010800,0.026751,0.050110,-0.782906,-0.619542,0.547310,-0.640175,0.033160,0.059993,0.039508,-0.908545,-0.411564,0.373681,-0.837628,0.936585
285,1.187500,-0.000420,-0.045374,0.994438,0.095044,0.301775,-0.821722,0.010820,0.028781,0.049061,-0.775535,-0.628737,0.552053,-0.645420,0.033162,0.060031,0.039462,-0.906871,-0.415239,0.373790,-0.838209,0.936470
286,1.191667,-0.000611,-0.044798,0.994439,0.095304,0.301789,-0.821740,0.010809,0.031893,0.049831,-0.769580,-0.635804,0.557212,-0.650779,0.033247,0.060363,0.039434,-0.905102,-0.419037,0.373875,-0.838795,0.936307
287,1.195833,-0.000738,-0.044575,0.994386,0.095959,0.301825,-0.821736,0.010814,0.036906,0.049441,-0.762040,-0.644585,0.561863,-0.656115,0.033420,0.060444,0.039299,-0.903393,-0.422710,0.374005,-0.839392,0.936214
288,1.200000,-0.000760,-0.044633,0.994357,0.096233,0.301832,-0.821727,0.010828,0.040855,0.049145,-0.754411,-0.653284,0.566416,-0.661573,0.033600,0.060830,0.039218,-0.901759,-0.426138,0.374175,-0.839970,0.936137
289,1.204167,-0.000768,-0.044648,0.994334,0.096471,0.301842,-0.821709,0.010839,0.045007,0.048703,-0.746725,-0.661819,0.570934,-0.667124,0.033836,0.060982,0.038844,-0.900080,-0.429684,0.374383,-0.840607,0.936070
290,1.208333,-0.000807,-0.044643,0.994309,0.096727,0.301842,-0.821686,0.010855,0.048979,0.048719,-0.739409,-0.669702,0.575383,-0.672668,0.034024,0.061161,0.038414,-0.898427,-0.433143,0.374630,-0.841237,0.936033
291,1.212500,-0.000817,-0.044600,0.994287,0.096968,0.301850,-0.821674,0.010875,0.053480,0.048394,-0.732130,-0.677336,0.579793,-0.678305,0.034291,0.061052,0.037995,-0.896890,-0.436368,0.374921,-0.841893,0.936143
292,1.216667,-0.000822,-0.044550,0.994242,0.097456,0.301791,-0.821606,0.010901,0.058208,0.047922,-0.724454,-0.685187,0.584049,-0.683954,0.034598,0.060854,0.037552,-0.895287,-0.439714,0.375244,-0.842556,0.936239
293,1.220833,-0.000709,-0.044753,0.994216,0.097626,0.301814,-0.821615,0.010904,0.062586,0.047570,-0.716901,-0.692729,0.588135,-0.689640,0.034892,0.061003,0.037009,-0.893540,-0.443279,0.375532,-0.843176,0.936181
294,1.225000,-0.000782,-0.044756,0.994202,0.097766,0.301847,-0.821616,0.010917,0.065882,0.046643,-0.709637,-0.699928,0.592181,-0.695336,0.035234,0.061055,0.036553,-0.891821,-0.446756,0.375827,-0.843785,0.936164
295,1.229167,-0.000835,-0.044776,0.994180,0.097983,0.301841,-0.821596,0.010921,0.069120,0.045456,-0.702392,-0.706967,0.596068,-0.700999,0.035668,0.061252,0.036198,-0.889891,-0.450590,0.375995,-0.844471,0.936022
296,1.233333,-0.000837,-0.044762,0.994154,0.098253,0.301836,-0.821570,0.010928,0.075408,0.045504,-0.694941,-0.713652,0.600057,-0.706901,0.036000,0.061020,0.035868,-0.888048,-0.454270,0.376246,-0.845111,0.936001
297,1.237500,-0.000872,-0.044830,0.994126,0.098502,0.301835,-0.821542,0.010943,0.079208,0.045478,-0.688397,-0.719560,0.603853,-0.712819,0.036390,0.060965,0.035549,-0.886093,-0.458104,0.376485,-0.845728,0.935939
298,1.241667,-0.000865,-0.044755,0.994103,0.098768,0.301842,-0.821526,0.010951,0.084417,0.044999,-0.680968,-0.726038,0.607536,-0.718631,0.036714,0.060832,0.035270,-0.884193,-0.461798,0.376695,-0.846279,0.935882
299,1.245833,-0.000935,-0.044693,0.994077,0.099056,0.301833,-0.821502,0.010965,0.088168,0.043070,-0.673493,-0.732652,0.610914,-0.724313,0.037213,0.060629,0.034931,-0.882169,-0.465706,0.376911,-0.846880,0.935803
300,1.250000,-0.001022,-0.044863,0.994013,0.099624,0.301810,-0.821416,0.010962,0.092941,0.042051,-0.666443,-0.738544,0.614325,-0.730132,0.037605,0.060332,0.034605,-0.880169,-0.469537,0.377170,-0.847473,0.935771
301,1.254167,-0.000943,-0.044535,0.994006,0.099838,0.301820,-0.821406,0.010997,0.097404,0.040521,-0.658952,-0.744750,0.617644,-0.736005,0.037980,0.060079,0.034292,-0.878164,-0.473331,0.377419,-0.848068,0.935744
302,1.258333,-0.000974,-0.044431,0.993988,0.100067,0.301818,-0.821390,0.011011,0.100364,0.038861,-0.651801,-0.750714,0.620736,-0.741752,0.038406,0.059872,0.034047,-0.876126,-0.477137,0.377607,-0.848637,0.935662
303,1.262500,-0.001014,-0.044319,0.993964,0.100354,0.301815,-0.821367,0.011027,0.104929,0.037182,-0.644296,-0.756631,0.623774,-0.747614,0.038840,0.059664,0.033713,-0.874095,-0.480897,0.377836,-0.849179,0.935594
304,1.266667,-0.001043,-0.044200,0.993941,0.100633,0.301805,-0.821342,0.011035,0.107817,0.035673,-0.636963,-0.762484,0.626597,-0.753307,0.039164,0.059342,0.033518,-0.872074,-0.484604,0.378144,-0.849752,0.935569
305,1.270833,-0.001054,-0.043944,0.993918,0.100970,0.301794,-0.821323,0.011046,0.112026,0.034646,-0.629575,-0.768040,0.629363,-0.759020,0.039430,0.059109,0.033265,-0.869990,-0.488382,0.378397,-0.850293,0.935504
306,1.275000,-0.000834,-0.043372,0.993856,0.101821,0.301753,-0.821360,0.011044,0.115239,0.032589,-0.622805,-0.773157,0.632016,-0.764707,0.039851,0.059720,0.034425,-0.868170,-0.491457,0.378756,-0.850908,0.935191
307,1.279167,-0.000664,-0.042968,0.993822,0.102327,0.301739,-0.821367,0.011042,0.118148,0.030965,-0.615970,-0.778244,0.634554,-0.770301,0.040278,0.059660,0.034577,-0.866129,-0.495041,0.379048,-0.851448,0.935084
308,1.283333,-0.001284,-0.043648,0.993858,0.101679,0.301791,-0.821229,0.011051,0.122070,0.029270,-0.608933,-0.783226,0.637035,-0.775908,0.040650,0.059490,0.034359,-0.864047,-0.498702,0.379355,-0.851987,0.934987
309,1.287500,-0.001697,-0.044144,0.993883,0.101222,0.301803,-0.821137,0.011060,0.124961,0.027473,-0.602014,-0.788168,0.639383,-0.781496,0.041009,0.059173,0.034166,-0.862023,-0.502243,0.379664,-0.852535,0.934940
310,1.291667,-0.001983,-0.044413,0.993885,0.101075,0.301796,-0.821076,0.011072,0.129623,0.026594,-0.594885,-0.792845,0.641693,-0.787030,0.041209,0.058683,0.034035,-0.859991,-0.505781,0.379894,-0.853049,0.934926
311,1.295833,-0.002125,-0.044298,0.993877,0.101204,0.301797,-0.821031,0.011080,0.131492,0.025153,-0.588111,-0.797624,0.643816,-0.792499,0.041530,0.058252,0.033789,-0.857913,-0.509363,0.380214,-0.853569,0.934897
312,1.300000,-0.002103,-0.044092,0.993846,0.101591,0.301785,-0.821025,0.011085,0.131981,0.023244,-0.581774,-0.802234,0.645806,-0.797905,0.042007,0.057951,0.033685,-0.855853,-0.512858,0.380532,-0.854080,0.934862
313,1.304167,-0.001963,-0.043713,0.993802,0.102194,0.301766,-0.821034,0.011078,0.133953,0.021203,-0.575117,-0.806751,0.647783,-0.803320,0.042398,0.057512,0.033620,-0.853809,-0.516307,0.380853,-0.854581,0.934836
314,1.308333,-0.001888,-0.043219,0.993774,0.102672,0.301735,-0.821025,0.011076,0.136732,0.019290,-0.568320,-0.811138,0.649657,-0.808555,0.042719,0.057330,0.033468,-0.851866,-0.519536,0.381228,-0.855169,0.934777
315,1.312500,-0.001915,-0.043000,0.993748,0.103012,0.301732,-0.821007,0.011078,0.140040,0.017188,-0.561218,-0.815554,0.651434,-0.813752,0.043002,0.056867,0.033456,-0.849773,-0.523004,0.381553,-0.855671,0.934746
316,1.316667,-0.001951,-0.042949,0.993733,0.103181,0.301719,-0.820973,0.011072,0.142043,0.015053,-0.554266,-0.819991,0.653148,-0.818899,0.043353,0.056462,0.033421,-0.847747,-0.526327,0.381920,-0.856174,0.934729
317,1.320833,-0.002068,-0.042973,0.993716,0.103331,0.301708,-0.820937,0.011085,0.143974,0.012814,-0.547043,-0.824531,0.654764,-0.823981,0.043663,0.055912,0.033171,-0.845721,-0.529650,0.382341,-0.856704,0.934773
318,1.325000,-0.002187,-0.042939,0.993697,0.103529,0.301706,-0.820914,0.011087,0.146550,0.011046,-0.539745,-0.828901,0.656297,-0.829034,0.043946,0.055397,0.033072,-0.843677,-0.532961,0.382700,-0.857210,0.934767
319,1.329167,-0.002177,-0.042890,0.993676,0.103753,0.301700,-0.820888,0.011086,0.150147,0.009283,-0.532217,-0.833136,0.657835,-0.833993,0.044134,0.055073,0.032953,-0.841652,-0.536193,0.383133,-0.857709,0.934739
320,1.333333,-0.002226,-0.042886,0.993654,0.103958,0.301681,-0.820872,0.011080,0.152002,0.007263,-0.524844,-0.837485,0.659233,-0.838924,0.044461,0.054539,0.032795,-0.839662,-0.539368,0.383538,-0.858185,0.934740
321,1.337500,-0.002302,-0.042764,0.993630,0.104238,0.301683,-0.820842,0.011088,0.154214,0.005773,-0.517253,-0.841804,0.660623,-0.843798,0.044684,0.054087,0.032576,-0.837627,-0.542582,0.383963,-0.858727,0.934736
322,1.341667,-0.002295,-0.042774,0.993600,0.104520,0.301684,-0.820803,0.011094,0.155631,0.004611,-0.509650,-0.846177,0.661941,-0.848566,0.044953,0.053473,0.032492,-0.835620,-0.545732,0.384401,-0.859187,0.934770
323,1.345833,-0.002358,-0.042701,0.993581,0.104729,0.301673,-0.820769,0.011103,0.155825,0.002420,-0.502004,-0.850708,0.663168,-0.853216,0.045410,0.053170,0.032136,-0.833612,-0.548846,0.384886,-0.859670,0.934696
324,1.350000,-0.002398,-0.042640,0.993554,0.105004,0.301672,-0.820740,0.011093,0.156317,0.000596,-0.494437,-0.855042,0.664431,-0.857905,0.045754,0.052532,0.032137,-0.831587,-0.551970,0.385275,-0.860087,0.934725
325,1.354167,-0.002472,-0.042412,0.993533,0.105297,0.301666,-0.820720,0.011107,0.157195,-0.000848,-0.486026,-0.859690,0.665546,-0.862499,0.046034,0.052435,0.032157,-0.829504,-0.555104,0.385776,-0.860292,0.934628
326,1.358333,-0.002503,-0.042443,0.993504,0.105556,0.301663,-0.820698,0.011105,0.157767,-0.001928,-0.477483,-0.864358,0.666659,-0.867114,0.046288,0.051958,0.031985,-0.827551,-0.558066,0.386266,-0.860891,0.934602
327,1.362500,-0.002578,-0.042322,0.993488,0.105752,0.301673,-0.820677,0.011116,0.158552,-0.003331,-0.468720,-0.868994,0.667748,-0.871690,0.046602,0.051381,0.031714,-0.825559,-0.561077,0.386809,-0.861458,0.934594
328,1.366667,-0.002551,-0.042274,0.993470,0.105940,0.301669,-0.820647,0.011118,0.159700,-0.004187,-0.460038,-0.873409,0.668792,-0.876165,0.046677,0.050859,0.031511,-0.823645,-0.563941,0.387316,-0.861948,0.934590
329,1.370833,-0.002663,-0.042309,0.993448,0.106131,0.301672,-0.820628,0.011120,0.161377,-0.005066,-0.450405,-0.878104,0.669685,-0.880559,0.046814,0.050688,0.031433,-0.821592,-0.566947,0.387963,-0.862137,0.934506
330,1.375000,-0.002640,-0.042296,0.993414,0.106452,0.301664,-0.820619,0.011119,0.162306,-0.006284,-0.441005,-0.882685,0.670551,-0.884859,0.046951,0.050205,0.031289,-0.819664,-0.569781,0.388582,-0.862626,0.934485
331,1.379167,-0.002582,-0.042558,0.993354,0.106908,0.301653,-0.820637,0.011107,0.163466,-0.007479,-0.431229,-0.887279,0.671380,-0.889067,0.047075,0.049585,0.031276,-0.817766,-0.572557,0.389202,-0.863113,0.934491
332,1.383333,-0.002456,-0.043140,0.993268,0.107477,0.301628,-0.820661,0.011074,0.164452,-0.008580,-0.421428,-0.891785,0.672132,-0.893162,0.047085,0.049074,0.031153,-0.815844,-0.575343,0.389890,-0.863645,0.934461
333,1.387500,-0.002377,-0.043485,0.993190,0.108065,0.301599,-0.820689,0.011059,0.164311,-0.009708,-0.411759,-0.896305,0.672838,-0.897296,0.047232,0.048561,0.031092,-0.813973,-0.578034,0.390506,-0.864090,0.934446
334,1.391667,-0.002614,-0.043130,0.993171,0.108372,0.301564,-0.820675,0.011080,0.164846,-0.010524,-0.401907,-0.900659,0.673533,-0.901540,0.047288,0.048209,0.031102,-0.811960,-0.580887,0.391178,-0.864541,0.934390
335,1.395833,-0.003067,-0.042633,0.993150,0.108745,0.301512,-0.820686,0.011127,0.164092,-0.011005,-0.392352,-0.904993,0.674212,-0.905765,0.047295,0.047487,0.030860,-0.810074,-0.583586,0.391852,-0.864981,0.934444
336,1.400000,-0.003249,-0.042406,0.993123,0.109075,0.301481,-0.820679,0.011160,0.165266,-0.012667,-0.381700,-0.909303,0.674964,-0.909888,0.047167,0.047221,0.030540,-0.808028,-0.586454,0.392493,-0.865393,0.934422
337,1.404167,-0.004262,-0.038763,0.993546,0.106519,0.301712,-0.820326,0.011409,0.165192,-0.012833,-0.372003,-0.913324,0.675570,-0.914131,0.047010,0.047508,0.030566,-0.805927,-0.589313,0.393095,-0.865711,0.934332
338,1.408333,-0.004460,-0.038634,0.993556,0.106465,0.301725,-0.820310,0.011426,0.165692,-0.013513,-0.361868,-0.917287,0.676133,-0.918200,0.046858,0.047393,0.030384,-0.803971,-0.591998,0.393849,-0.866094,0.934286
339,1.412500,-0.005017,-0.038897,0.993638,0.105570,0.301804,-0.820192,0.011471,0.167505,-0.014709,-0.351489,-0.920968,0.676675,-0.922123,0.046549,0.046861,0.029939,-0.801933,-0.594821,0.394596,-0.866529,0.934286
340,1.416667,-0.005159,-0.039618,0.993724,0.104487,0.301902,-0.820031,0.011464,0.167846,-0.015973,-0.341863,-0.924501,0.677068,-0.925987,0.046358,0.046505,0.029663,-0.799936,-0.597545,0.395388,-0.866925,0.934276
341,1.420833,-0.004663,-0.039991,0.993684,0.104740,0.301897,-0.820047,0.011391,0.166293,-0.016422,-0.332018,-0.928354,0.677400,-0.929822,0.046220,0.046614,0.029505,-0.797915,-0.600241,0.396180,-0.867354,0.934166
342,1.425000,-0.004538,-0.039306,0.993538,0.106383,0.301767,-0.820199,0.011426,0.166387,-0.016570,-0.321790,-0.931929,0.677660,-0.933634,0.045976,0.046009,0.028885,-0.795980,-0.602880,0.397025,-0.867829,0.934214
343,1.429167,-0.004420,-0.039409,0.993439,0.107265,0.301712,-0.820278,0.011428,0.165743,-0.018248,-0.312094,-0.935304,0.677861,-0.937356,0.045777,0.045528,0.028706,-0.793979,-0.605558,0.397871,-0.868372,0.934203
344,1.433333,-0.004671,-0.039406,0.993421,0.107422,0.301705,-0.820262,0.011458,0.166111,-0.018708,-0.302457,-0.938391,0.677998,-0.941021,0.045496,0.045519,0.028215,-0.791807,-0.608418,0.398810,-0.868874,0.934092
345,1.437500,-0.004307,-0.040358,0.993208,0.109044,0.301514,-0.820765,0.011285,0.164539,-0.019560,-0.292872,-0.941685,0.678029,-0.944527,0.045250,0.044616,0.027608,-0.789860,-0.611038,0.399717,-0.869528,0.934132
346,1.441667,-0.004809,-0.039683,0.993334,0.108116,0.301672,-0.820336,0.011474,0.164146,-0.020808,-0.284028,-0.944432,0.677979,-0.948049,0.044938,0.044081,0.027143,-0.787705,-0.613874,0.400662,-0.870223,0.934091
347,1.445833,-0.004574,-0.040416,0.993317,0.108018,0.301701,-0.820300,0.011398,0.163267,-0.022131,-0.274908,-0.947249,0.677992,-0.951459,0.044534,0.043658,0.026501,-0.785599,-0.616625,0.401655,-0.870840,0.934017
348,1.450000,-0.004873,-0.040047,0.993338,0.107947,0.301674,-0.820301,0.011429,0.163178,-0.022509,-0.266627,-0.949619,0.677783,-0.954745,0.044026,0.043116,0.025717,-0.783472,-0.619396,0.402667,-0.871502,0.933940
349,1.454167,-0.005121,-0.039469,0.993359,0.107957,0.301623,-0.820279,0.011460,0.162548,-0.023193,-0.258438,-0.951972,0.677523,-0.957974,0.043620,0.042511,0.024690,-0.781239,-0.622293,0.403661,-0.872152,0.933848
350,1.458333,-0.005579,-0.038368,0.993388,0.108060,0.301596,-0.820220,0.011552,0.163232,-0.024385,-0.250768,-0.953874,0.677279,-0.961035,0.043015,0.042228,0.023995,-0.779064,-0.625060,0.404767,-0.872817,0.933823
351,1.462500,-0.005901,-0.037521,0.993394,0.108284,0.301566,-0.820148,0.011648,0.162079,-0.025229,-0.243417,-0.955951,0.676998,-0.964128,0.042575,0.041896,0.023419,-0.776994,-0.627676,0.405906,-0.873410,0.933797
352,1.466667,-0.006243,-0.036765,0.993383,0.108626,0.301535,-0.820105,0.011719,0.161245,-0.026464,-0.236784,-0.957723,0.676587,-0.967064,0.042015,0.041555,0.022666,-0.774845,-0.630377,0.407033,-0.874083,0.933762
353,1.470833,-0.006568,-0.036152,0.993366,0.108964,0.301484,-0.820065,0.011752,0.160081,-0.027269,-0.230835,-0.959347,0.676093,-0.969894,0.041554,0.041126,0.021948,-0.772692,-0.633067,0.408203,-0.874784,0.933785
354,1.475000,-0.006676,-0.036028,0.993324,0.109387,0.301458,-0.820001,0.011774,0.158416,-0.028802,-0.225523,-0.960841,0.675565,-0.972594,0.040924,0.040909,0.021347,-0.770626,-0.635615,0.409396,-0.875442,0.933722
355,1.479167,-0.006717,-0.036184,0.993283,0.109702,0.301445,-0.819989,0.011773,0.158349,-0.030684,-0.220339,-0.961995,0.674929,-0.975156,0.040288,0.040432,0.020624,-0.768446,-0.638303,0.410591,-0.876172,0.933734
356,1.483333,-0.006658,-0.036484,0.993247,0.109931,0.301441,-0.819979,0.011750,0.158163,-0.032961,-0.216034,-0.962927,0.674327,-0.977592,0.039396,0.039993,0.019918,-0.766286,-0.640945,0.411880,-0.876920,0.933704
357,1.487500,-0.006645,-0.036913,0.993220,0.110033,0.301457,-0.819991,0.011737,0.157021,-0.035632,-0.211900,-0.963936,0.673556,-0.979847,0.038524,0.039581,0.019248,-0.764146,-0.643540,0.413154,-0.877646,0.933674
358,1.491667,-0.006583,-0.037327,0.993197,0.110105,0.301457,-0.820015,0.011711,0.154287,-0.038237,-0.208931,-0.964926,0.672793,-0.981995,0.037478,0.039148,0.018537,-0.761915,-0.646227,0.414445,-0.878412,0.933658
359,1.495833,-0.006520,-0.037756,0.993183,0.110088,0.301451,-0.820040,0.011686,0.149977,-0.040833,-0.206574,-0.966006,0.671952,-0.984009,0.036468,0.038681,0.017776,-0.759803,-0.648759,0.415811,-0.879162,0.933649
360,1.500000,-0.006443,-0.038188,0.993159,0.110160,0.301448,-0.820078,0.011658,0.144987,-0.040890,-0.205500,-0.966994,0.671110,-0.985879,0.035233,0.038293,0.017144,-0.757602,-0.651367,0.417112,-0.879940,0.933605
361,1.504167,-0.006284,-0.038468,0.993096,0.110640,0.301420,-0.820118,0.011638,0.142272,-0.044921,-0.204087,-0.967517,0.670104,-0.987631,0.034062,0.037942,0.016293,-0.755333,-0.654040,0.418437,-0.880630,0.933559
362,1.508333,-0.006413,-0.038874,0.993082,0.110612,0.301433,-0.820076,0.011620,0.138420,-0.048273,-0.203367,-0.968066,0.669070,-0.989221,0.032566,0.037494,0.015499,-0.752978,-0.656794,0.419843,-0.881398,0.933581
363,1.512500,-0.006460,-0.039166,0.993031,0.110970,0.301423,-0.820054,0.011596,0.133001,-0.051236,-0.201891,-0.968982,0.668124,-0.990713,0.031441,0.038102,0.011198,-0.750237,-0.659975,0.421289,-0.881177,0.933930
364,1.516667,-0.006579,-0.039536,0.992974,0.111336,0.301391,-0.820048,0.011575,0.122589,-0.050932,-0.201711,-0.970407,0.667151,-0.992129,0.030358,0.037682,0.010417,-0.747987,-0.662561,0.422758,-0.881939,0.933890
365,1.520833,-0.006562,-0.039495,0.992954,0.111537,0.301349,-0.820029,0.011597,0.112248,-0.051821,-0.200459,-0.971870,0.666159,-0.993354,0.029421,0.037299,0.009938,-0.745893,-0.664947,0.424220,-0.882805,0.933823
366,1.525000,-0.006708,-0.039501,0.992933,0.111708,0.301340,-0.820017,0.011607,0.101326,-0.051964,-0.199800,-0.973197,0.665270,-0.994303,0.028442,0.036844,0.009168,-0.743754,-0.667374,0.425683,-0.883663,0.933803
367,1.529167,-0.006894,-0.039494,0.992924,0.111778,0.301333,-0.820021,0.011617,0.092023,-0.051139,-0.198983,-0.974332,0.664617,-0.995113,0.027580,0.039599,0.010859,-0.740714,-0.670565,0.426528,-0.884048,0.932812
368,1.533333,-0.006967,-0.039496,0.992925,0.111763,0.301336,-0.820028,0.011628,0.085640,-0.049386,-0.197942,-0.975216,0.664191,-0.995854,0.026747,0.039367,0.010502,-0.738787,-0.672706,0.428100,-0.884939,0.932720
369,1.537500,-0.007110,-0.039444,0.992924,0.111783,0.301351,-0.820038,0.011639,0.079934,-0.047165,-0.196890,-0.976023,0.663907,-0.996444,0.025986,0.038921,0.010089,-0.736745,-0.674974,0.429630,-0.885809,0.932628
370,1.541667,-0.007197,-0.039456,0.992921,0.111801,0.301353,-0.820045,0.011653,0.074801,-0.044711,-0.195674,-0.976789,0.663867,-0.996968,0.025149,0.038632,0.009771,-0.734797,-0.677116,0.431191,-0.886684,0.932514
371,1.545833,-0.007238,-0.039519,0.992909,0.111883,0.301346,-0.820057,0.011659,0.069911,-0.042248,-0.194299,-0.977535,0.663977,-0.997466,0.024280,0.038154,0.009342,-0.732919,-0.679181,0.432813,-0.887594,0.932478
372,1.550000,-0.007222,-0.039772,0.992882,0.112038,0.301331,-0.820050,0.011664,0.065993,-0.039903,-0.192438,-0.978274,0.664205,-0.997932,0.023477,0.037634,0.009142,-0.731090,-0.681181,0.434353,-0.888601,0.932437
373,1.554167,-0.007232,-0.039872,0.992862,0.112172,0.301319,-0.820033,0.011662,0.062910,-0.036811,-0.190242,-0.979028,0.664630,-0.998356,0.022664,0.037228,0.008931,-0.729356,-0.683062,0.435965,-0.889542,0.932366
374,1.558333,-0.007269,-0.039945,0.992842,0.112326,0.301312,-0.820023,0.011654,0.059628,-0.034165,-0.188178,-0.979728,0.665034,-0.998759,0.021956,0.036622,0.008767,-0.727802,-0.684753,0.437666,-0.890500,0.932317
375,1.562500,-0.007240,-0.040104,0.992826,0.112413,0.301313,-0.820006,0.011652,0.056384,-0.031106,-0.186665,-0.980311,0.665500,-0.998999,0.021249,0.036211,0.008349,-0.726216,-0.686461,0.439351,-0.891516,0.932292
376,1.566667,-0.007241,-0.040186,0.992811,0.112512,0.301312,-0.820008,0.011654,0.054306,-0.028184,-0.185556,-0.980727,0.665913,-0.999228,0.020641,0.035891,0.007888,-0.724587,-0.688203,0.441027,-0.892430,0.932229
377,1.570833,-0.007300,-0.040243,0.992813,0.112470,0.301311,-0.820011,0.011655,0.051493,-0.025596,-0.184789,-0.981095,0.666246,-0.999350,0.020007,0.035156,0.007841,-0.723179,-0.689721,0.442731,-0.893465,0.932187
378,1.575000,-0.007292,-0.040219,0.992812,0.112487,0.301309,-0.820014,0.011661,0.048889,-0.022705,-0.184698,-0.981316,0.666620,-0.999436,0.019389,0.033464,0.011708,-0.723479,-0.689436,0.444431,-0.896111,0.931923
379,1.579167,-0.007344,-0.040276,0.992810,0.112483,0.301302,-0.820020,0.011662,0.046940,-0.019833,-0.184269,-0.981554,0.666839,-0.999548,0.018856,0.031670,0.005630,-0.721568,-0.691596,0.446606,-0.896189,0.932846
380,1.583333,-0.007328,-0.040196,0.992815,0.112472,0.301304,-0.820019,0.011663,0.045043,-0.017497,-0.183755,-0.981784,0.666943,-0.999690,0.018313,0.030023,0.009158,-0.721073,-0.692148,0.448302,-0.898086,0.932360
381,1.587500,-0.007336,-0.040280,0.992791,0.112647,0.301292,-0.819991,0.011663,0.042920,-0.014948,-0.183510,-0.981967,0.666953,-0.999918,0.017733,0.029508,0.008971,-0.719664,-0.693638,0.449977,-0.899050,0.932279
382,1.591667,-0.007286,-0.040277,0.992752,0.113000,0.301267,-0.819967,0.011667,0.041683,-0.012502,-0.183292,-0.982095,0.666837,-1.000152,0.017276,0.028616,0.008945,-0.718324,-0.695062,0.451649,-0.900144,0.932253
383,1.595833,-0.007338,-0.040434,0.992698,0.113411,0.301216,-0.819919,0.011687,0.040372,-0.010512,-0.183252,-0.982180,0.666678,-1.000380,0.016856,0.029929,0.003558,-0.716167,-0.697278,0.453495,-0.900027,0.932745
384,1.600000,-0.007428,-0.040515,0.992648,0.113808,0.301150,-0.819872,0.011696,0.038589,-0.008255,-0.183522,-0.982223,0.666500,-1.000664,0.016406,0.029612,0.002644,-0.715068,-0.698422,0.455261,-0.900709,0.932760
385,1.604167,-0.007480,-0.040340,0.992622,0.114096,0.301115,-0.819821,0.011704,0.036337,-0.005697,-0.183968,-0.982244,0.666342,-1.000969,0.015936,0.027380,0.006628,-0.714403,-0.699167,0.456848,-0.902575,0.932178
386,1.608333,-0.007573,-0.040172,0.992601,0.114335,0.301117,-0.819800,0.011719,0.034304,-0.003519,-0.184373,-0.982251,0.666211,-1.001258,0.015523,0.028589,0.001020,-0.712051,-0.701545,0.458595,-0.902673,0.932799
387,1.612500,-0.007570,-0.040289,0.992598,0.114315,0.301128,-0.819780,0.011734,0.032517,-0.001634,-0.184545,-0.982285,0.666104,-1.001543,0.015153,0.026799,0.005226,-0.711342,-0.702316,0.460178,-0.904649,0.932049
388,1.616667,-0.007729,-0.040163,0.992607,0.114276,0.301127,-0.819787,0.011759,0.030415,0.000394,-0.184738,-0.982317,0.666072,-1.001784,0.014813,0.026223,0.004920,-0.710090,-0.703606,0.461913,-0.905812,0.931996
389,1.620833,-0.007878,-0.040097,0.992614,0.114231,0.301121,-0.819818,0.011772,0.028914,0.002550,-0.185329,-0.982248,0.666092,-1.002045,0.014502,0.024589,0.003332,-0.707565,-0.706213,0.463545,-0.907531,0.931766
390,1.625000,-0.007956,-0.040240,0.992616,0.114150,0.301110,-0.819846,0.011791,0.027559,0.004328,-0.186240,-0.982108,0.666120,-1.002290,0.014220,0.024035,0.002683,-0.706296,-0.707504,0.465263,-0.908646,0.931646
391,1.629167,-0.008014,-0.040334,0.992603,0.114225,0.301104,-0.819878,0.011799,0.026611,0.005557,-0.187273,-0.981932,0.666151,-1.002531,0.014000,0.023581,0.002087,-0.705115,-0.708698,0.467023,-0.909729,0.931502
392,1.633333,-0.003872,-0.044144,0.992655,0.112574,0.301351,-0.819691,0.011414,0.025730,0.006547,-0.188102,-0.981791,0.666188,-1.002723,0.013850,0.023144,0.001565,-0.703881,-0.709940,0.468785,-0.910837,0.931386
393,1.637500,-0.004071,-0.044563,0.992565,0.113194,0.301279,-0.819756,0.011419,0.025194,0.008254,-0.189258,-0.981570,0.666283,-1.002886,0.013759,0.022534,0.001277,-0.702813,-0.711017,0.470615,-0.912016,0.931346
394,1.641667,-0.004230,-0.045285,0.992449,0.113910,0.301210,-0.819841,0.011422,0.024974,0.009207,-0.190027,-0.981418,0.666374,-1.002949,0.013693,0.024002,-0.004946,-0.701202,-0.712542,0.472652,-0.911900,0.932006
395,1.645833,-0.003928,-0.046556,0.992344,0.114323,0.301171,-0.819920,0.011394,0.024745,0.009625,-0.190297,-0.981367,0.666338,-1.002980,0.013710,0.023710,-0.005640,-0.699747,-0.713975,0.474417,-0.912981,0.931945
396,1.650000,-0.004105,-0.047432,0.992250,0.114772,0.301148,-0.820028,0.011377,0.024399,0.009827,-0.190539,-0.981327,0.666308,-1.002941,0.013711,0.021882,-0.000837,-0.698871,-0.714912,0.476002,-0.915106,0.931129
397,1.654167,-0.004244,-0.048090,0.992169,0.115198,0.301122,-0.820142,0.011377,0.024049,0.009903,-0.190930,-0.981259,0.666307,-1.002903,0.013725,0.021636,-0.000763,-0.697636,-0.716125,0.477801,-0.916285,0.931117
398,1.658333,-0.004544,-0.048726,0.992093,0.115574,0.301093,-0.820249,0.011392,0.023591,0.009867,-0.191351,-0.981189,0.666338,-1.002898,0.013734,0.021462,-0.000968,-0.696447,-0.717287,0.479519,-0.917341,0.931109
399,1.662500,-0.004844,-0.049295,0.992014,0.115995,0.301090,-0.820332,0.011428,0.022723,0.009900,-0.191923,-0.981097,0.666372,-1.002925,0.013756,0.021241,-0.000909,-0.695319,-0.718387,0.481264,-0.918372,0.931134
400,1.666667,-0.004966,-0.049778,0.991929,0.116511,0.301081,-0.820415,0.011473,0.021594,0.010055,-0.192595,-0.980989,0.666410,-1.003002,0.013798,0.021186,-0.000834,-0.694113,-0.719553,0.483025,-0.919424,0.931212
401,1.670833,-0.005295,-0.050017,0.991849,0.117074,0.301074,-0.820490,0.011544,0.020229,0.010183,-0.193378,-0.980863,0.666443,-1.003104,0.013831,0.020998,-0.000710,-0.692954,-0.720676,0.484727,-0.920532,0.931336
402,1.675000,-0.005596,-0.050158,0.991783,0.117555,0.301081,-0.820530,0.011607,0.018830,0.010373,-0.194245,-0.980717,0.666488,-1.003222,0.013871,0.025186,0.002932,-0.693452,-0.720057,0.486377,-0.921992,0.930784
403,1.679167,-0.005851,-0.050209,0.991722,0.118035,0.301055,-0.820598,0.011679,0.017566,0.010560,-0.195129,-0.980563,0.666527,-1.003347,0.013905,0.026134,0.004140,-0.692639,-0.720799,0.487975,-0.923002,0.930896
404,1.683333,-0.006207,-0.050459,0.991647,0.118541,0.301035,-0.820645,0.011749,0.016544,0.010624,-0.195974,-0.980412,0.666563,-1.003440,0.013913,0.026904,0.005168,-0.691751,-0.721617,0.489408,-0.924080,0.931023
405,1.687500,-0.006540,-0.050676,0.991570,0.119070,0.300992,-0.820699,0.011813,0.015711,0.010602,-0.196691,-0.980282,0.666598,-1.003512,0.013907,0.028166,0.006621,-0.691528,-0.721770,0.491043,-0.924905,0.931238
406,1.691667,-0.006866,-0.050803,0.991503,0.119559,0.300949,-0.820766,0.011889,0.014921,0.010698,-0.197173,-0.980197,0.666629,-1.003562,0.013927,0.028817,0.007602,-0.691556,-0.721708,0.492822,-0.925642,0.931406
407,1.695833,-0.007026,-0.051006,0.991429,0.120072,0.300887,-0.820809,0.011951,0.014482,0.010719,-0.197563,-0.980125,0.666665,-1.003580,0.013927,0.029289,0.007605,-0.691110,-0.722115,0.494757,-0.926376,0.931613
408,1.700000,-0.007228,-0.051300,0.991350,0.120590,0.300835,-0.820860,0.012018,0.014213,0.010761,-0.197917,-0.980057,0.666701,-1.003589,0.013933,0.029790,0.007562,-0.690255,-0.722913,0.496533,-0.927246,0.931763
409,1.704167,-0.007384,-0.051716,0.991268,0.121075,0.300780,-0.820917,0.012076,0.013865,0.010910,-0.198306,-0.979981,0.666716,-1.003580,0.013919,0.030258,0.007818,-0.689127,-0.723967,0.498164,-0.928200,0.931787
410,1.708333,-0.007581,-0.052157,0.991194,0.121476,0.300737,-0.820998,0.012150,0.013450,0.011035,-0.198635,-0.979919,0.666716,-1.003570,0.013915,0.030770,0.008185,-0.687787,-0.725214,0.499698,-0.929158,0.931743
411,1.712500,-0.007681,-0.052681,0.991105,0.121973,0.300692,-0.821092,0.012220,0.013001,0.011188,-0.198890,-0.979872,0.666701,-1.003564,0.013923,0.030573,0.008252,-0.686410,-0.726525,0.501206,-0.930240,0.931762
412,1.716667,-0.007926,-0.053238,0.990991,0.122639,0.300645,-0.821215,0.012297,0.012611,0.011290,-0.199110,-0.979831,0.666681,-1.003569,0.013915,0.030314,0.008261,-0.684731,-0.728118,0.502645,-0.931300,0.931758
413,1.720833,-0.008159,-0.053964,0.990839,0.123529,0.300584,-0.821346,0.012368,0.012181,0.011263,-0.199252,-0.979808,0.666650,-1.003571,0.013878,0.030124,0.008629,-0.683025,-0.729722,0.504058,-0.932390,0.931619
414,1.725000,-0.008408,-0.054822,0.990660,0.124569,0.300532,-0.821483,0.012442,0.011523,0.011136,-0.199300,-0.979807,0.666613,-1.003559,0.013825,0.029992,0.008435,-0.681143,-0.731488,0.505477,-0.933393,0.931565
415,1.729167,-0.008617,-0.055762,0.990467,0.125666,0.300464,-0.821632,0.012524,0.011162,0.011140,-0.199370,-0.979798,0.666580,-1.003524,0.013798,0.029720,0.008002,-0.679175,-0.733331,0.506879,-0.934364,0.931612
416,1.733333,-0.008924,-0.056718,0.990273,0.126743,0.300371,-0.821801,0.012603,0.011391,0.011221,-0.199511,-0.979765,0.666562,-1.003480,0.013785,0.029546,0.007669,-0.677248,-0.735122,0.508217,-0.935368,0.931602
417,1.737500,-0.009157,-0.057558,0.990045,0.128115,0.300279,-0.822026,0.012683,0.011854,0.011434,-0.199648,-0.979729,0.666565,-1.003422,0.013787,0.029666,0.007498,-0.675484,-0.736740,0.509625,-0.936439,0.931566
418,1.741667,-0.009448,-0.058495,0.989805,0.129517,0.300158,-0.822245,0.012810,0.012439,0.011564,-0.199805,-0.979688,0.666557,-1.003348,0.013787,0.029554,0.007203,-0.673532,-0.738532,0.511076,-0.937310,0.931600
419,1.745833,-0.009374,-0.059333,0.989508,0.131402,0.300036,-0.822502,0.012926,0.012928,0.011766,-0.199884,-0.979664,0.666544,-1.003279,0.013797,0.029543,0.006587,-0.671650,-0.740250,0.512569,-0.938116,0.931612
420,1.750000,-0.009416,-0.060410,0.989197,0.133238,0.299920,-0.822771,0.013048,0.013456,0.011884,-0.200024,-0.979627,0.666539,-1.003197,0.013806,0.029481,0.006114,-0.669911,-0.741831,0.514111,-0.938907,0.931577
421,1.754167,-0.009538,-0.060790,0.988820,0.135823,0.299751,-0.823088,0.013173,0.014005,0.011952,-0.200187,-0.979585,0.666529,-1.003116,0.013798,0.028788,0.005855,-0.668158,-0.743439,0.515722,-0.939664,0.931602
422,1.758333,-0.009598,-0.061517,0.988394,0.138568,0.299615,-0.823340,0.013291,0.014231,0.012000,-0.200390,-0.979539,0.666530,-1.003055,0.013797,0.028929,0.005586,-0.666457,-0.744961,0.517291,-0.940478,0.931492
423,1.762500,-0.009533,-0.062133,0.987890,0.141849,0.299482,-0.823561,0.013394,0.014297,0.012075,-0.200568,-0.979501,0.666522,-1.003016,0.013793,0.029006,0.005402,-0.664904,-0.746346,0.518944,-0.941238,0.931508
424,1.766667,-0.009528,-0.062367,0.987333,0.145578,0.299348,-0.823811,0.013501,0.014188,0.012146,-0.200756,-0.979463,0.666514,-1.003001,0.013798,0.028492,0.005622,-0.662918,-0.748129,0.520400,-0.942129,0.931385
425,1.770833,-0.009099,-0.062533,0.986730,0.149570,0.299228,-0.824015,0.013625,0.013980,0.012285,-0.200921,-0.979431,0.666509,-1.003010,0.013808,0.028113,0.005882,-0.661057,-0.749786,0.521883,-0.943016,0.931218
426,1.775000,-0.008841,-0.061635,0.985995,0.154714,0.299109,-0.824135,0.013806,0.013517,0.012405,-0.201089,-0.979401,0.666494,-1.003012,0.013823,0.027797,0.005875,-0.659059,-0.751555,0.523378,-0.943864,0.931076
427,1.779167,-0.008660,-0.061440,0.985162,0.160017,0.299043,-0.824266,0.013969,0.013137,0.012522,-0.201257,-0.979370,0.666495,-1.003031,0.013837,0.026669,0.005251,-0.656967,-0.753429,0.524965,-0.944626,0.931150
428,1.783333,-0.008528,-0.060570,0.984268,0.165757,0.298939,-0.824376,0.014168,0.012945,0.012576,-0.201436,-0.979335,0.666499,-1.003061,0.013852,0.027093,0.004693,-0.654605,-0.755471,0.526366,-0.945464,0.931045
429,1.787500,-0.008061,-0.059136,0.983249,0.172217,0.298860,-0.824397,0.014402,0.012581,0.012614,-0.201613,-0.979303,0.666493,-1.003076,0.013876,0.027232,0.004230,-0.652219,-0.757530,0.527706,-0.946267,0.931007
430,1.791667,-0.007922,-0.058977,0.982030,0.179100,0.298891,-0.824409,0.014557,0.012098,0.012661,-0.201785,-0.979273,0.666478,-1.003103,0.013886,0.027147,0.003808,-0.649788,-0.759621,0.529052,-0.947059,0.931036
431,1.795833,-0.007667,-0.058931,0.980748,0.186015,0.299057,-0.824438,0.014691,0.011592,0.012738,-0.201953,-0.979244,0.666467,-1.003135,0.013885,0.027295,0.003201,-0.647242,-0.761789,0.530370,-0.947779,0.931039
432,1.800000,-0.007300,-0.059300,0.979426,0.192754,0.299348,-0.824420,0.014779,0.010975,0.012779,-0.202132,-0.979214,0.666465,-1.003156,0.013892,0.026846,0.002895,-0.644657,-0.763995,0.531658,-0.948582,0.931065
433,1.804167,-0.006004,-0.056015,0.977510,0.203226,0.299629,-0.824051,0.015224,0.010366,0.012819,-0.202234,-0.979198,0.666458,-1.003190,0.013899,0.026533,0.002338,-0.642204,-0.766071,0.532969,-0.949378,0.931141
434,1.808333,-0.005290,-0.056576,0.975535,0.212373,0.299895,-0.823666,0.015554,0.009725,0.012887,-0.202359,-0.979178,0.666449,-1.003222,0.013901,0.026646,0.001883,-0.639908,-0.767987,0.534233,-0.950175,0.931137
435,1.812500,-0.004628,-0.055389,0.973308,0.222672,0.300337,-0.823361,0.015860,0.009069,0.012922,-0.202491,-0.979157,0.666445,-1.003253,0.013913,0.026690,0.001585,-0.637497,-0.769989,0.535406,-0.950979,0.931103
436,1.816667,-0.007053,-0.056587,0.971086,0.231818,0.301080,-0.823413,0.016119,0.008576,0.012983,-0.202613,-0.979135,0.666438,-1.003293,0.013919,0.026408,0.001397,-0.635184,-0.771908,0.536680,-0.951702,0.931111
437,1.820833,-0.004725,-0.053905,0.967656,0.246402,0.301575,-0.822751,0.016606,0.008102,0.013002,-0.202746,-0.979111,0.666424,-1.003328,0.013927,0.026308,0.001056,-0.632833,-0.773840,0.537921,-0.952392,0.931076
438,1.825000,-0.004069,-0.056059,0.964999,0.256159,0.302568,-0.822336,0.016766,0.007564,0.013036,-0.202870,-0.979090,0.666416,-1.003362,0.013937,0.026164,0.000521,-0.630523,-0.775729,0.539155,-0.953015,0.931093
439,1.829167,-0.002827,-0.056629,0.961423,0.269168,0.303506,-0.821571,0.017103,0.007093,0.013044,-0.202948,-0.979077,0.666402,-1.003386,0.013945,0.025985,0.000256,-0.628246,-0.777581,0.540473,-0.953487,0.931102
440,1.833333,-0.001012,-0.055276,0.956951,0.284938,0.304551,-0.820487,0.017612,0.006525,0.013025,-0.203025,-0.979065,0.666389,-1.003412,0.013940,0.025771,-0.000108,-0.625889,-0.779486,0.541577,-0.954120,0.931094
441,1.837500,0.001052,-0.054269,0.952513,0.299622,0.305687,-0.819552,0.018014,0.005950,0.013106,-0.203119,-0.979048,0.666418,-1.003425,0.013924,0.025756,-0.000326,-0.623732,-0.781214,0.542854,-0.954545,0.931059
442,1.841667,0.002280,-0.053654,0.948132,0.313309,0.307050,-0.818491,0.018493,0.005419,0.013103,-0.203186,-0.979037,0.666427,-1.003439,0.013917,0.025395,-0.000544,-0.621494,-0.783007,0.544035,-0.955035,0.931087
443,1.845833,0.004131,-0.050748,0.943441,0.327608,0.308549,-0.817497,0.019086,0.005019,0.013116,-0.203152,-0.979047,0.666422,-1.003466,0.013936,0.025060,-0.000817,-0.619313,-0.784744,0.545216,-0.955498,0.931095
444,1.850000,0.006515,-0.047752,0.938113,0.342959,0.309914,-0.816467,0.019680,0.004813,0.013168,-0.203138,-0.979050,0.666425,-1.003493,0.013931,0.024864,-0.001006,-0.617080,-0.786507,0.546361,-0.955912,0.931050
445,1.854167,0.008395,-0.047519,0.931700,0.360010,0.311301,-0.815221,0.020080,0.004555,0.013213,-0.203165,-0.979045,0.666430,-1.003509,0.013943,0.024368,-0.001340,-0.614806,-0.788300,0.547500,-0.956367,0.931085
446,1.858333,0.008834,-0.038920,0.925647,0.376279,0.312591,-0.813781,0.021017,0.004349,0.013207,-0.203149,-0.979049,0.666437,-1.003513,0.013959,0.023824,-0.001380,-0.612665,-0.789982,0.548656,-0.956750,0.931086
447,1.862500,0.011570,-0.035251,0.919292,0.391824,0.314232,-0.812748,0.021529,0.004557,0.013256,-0.203122,-0.979053,0.666459,-1.003539,0.013941,0.023430,-0.001641,-0.610200,-0.791900,0.549657,-0.957206,0.931088
448,1.866667,0.013200,-0.036373,0.912708,0.406777,0.316061,-0.811909,0.021792,0.004381,0.013274,-0.203087,-0.979061,0.666461,-1.003551,0.013946,0.022713,-0.001930,-0.607922,-0.793670,0.550718,-0.957653,0.931129
449,1.870833,0.013259,-0.038626,0.906222,0.420826,0.318178,-0.810985,0.022175,0.004245,0.013242,-0.203050,-0.979070,0.666463,-1.003566,0.013953,0.022056,-0.002080,-0.605531,-0.795513,0.551721,-0.958074,0.931133
450,1.875000,0.013857,-0.038534,0.899208,0.435601,0.320106,-0.810180,0.022390,0.004105,0.013262,-0.203009,-0.979078,0.666471,-1.003577,0.013954,0.021401,-0.002144,-0.603211,-0.797292,0.552747,-0.958427,0.931135
451,1.879167,0.009781,-0.028294,0.895106,0.444847,0.323131,-0.809011,0.023688,0.004030,0.013227,-0.202953,-0.979091,0.666477,-1.003581,0.013961,0.020648,-0.002215,-0.600962,-0.799008,0.553745,-0.958949,0.931187
452,1.883333,0.009495,-0.028063,0.888904,0.457134,0.325649,-0.808016,0.023988,0.003822,0.013229,-0.202890,-0.979105,0.666477,-1.003583,0.013968,0.019845,-0.002275,-0.598662,-0.800752,0.554709,-0.959272,0.931268
453,1.887500,0.009318,-0.027343,0.882205,0.469980,0.328206,-0.807006,0.024259,0.003644,0.013236,-0.202854,-0.979113,0.666486,-1.003586,0.013973,0.019169,-0.002503,-0.596289,-0.802537,0.555634,-0.959656,0.931370
454,1.891667,0.008814,-0.026616,0.874833,0.483612,0.330717,-0.806015,0.024479,0.003285,0.013117,-0.202748,-0.979138,0.666467,-1.003593,0.013972,0.018296,-0.002658,-0.593845,-0.804367,0.556594,-0.960069,0.931488
455,1.895833,0.009528,-0.025844,0.867545,0.496596,0.333242,-0.805152,0.024801,0.002428,0.013007,-0.202694,-0.979153,0.666436,-1.003577,0.013960,0.017526,-0.002798,-0.591297,-0.806259,0.557504,-0.960453,0.931598
456,1.900000,0.008485,-0.027304,0.857936,0.512961,0.335508,-0.804379,0.024898,0.001944,0.012985,-0.202640,-0.979165,0.666428,-1.003580,0.013958,0.016618,-0.002895,-0.588804,-0.808100,0.558373,-0.960964,0.931744
457,1.904167,0.007461,-0.027644,0.850261,0.525582,0.338215,-0.803513,0.025205,0.001840,0.012800,-0.202546,-0.979187,0.666382,-1.003604,0.013982,0.015861,-0.003071,-0.586455,-0.809821,0.559328,-0.961250,0.931885
458,1.908333,0.006354,-0.027406,0.841963,0.538802,0.340871,-0.802733,0.025472,0.001612,0.012757,-0.202493,-0.979199,0.666373,-1.003618,0.013996,0.015371,-0.006643,-0.583047,-0.812266,0.559938,-0.961630,0.932661
459,1.912500,0.006014,-0.026741,0.831676,0.554584,0.343243,-0.802136,0.025566,0.000628,0.012732,-0.202339,-0.979233,0.666362,-1.003656,0.013988,0.014840,-0.006725,-0.580553,-0.814059,0.560842,-0.961933,0.932840
460,1.916667,0.005225,-0.025063,0.823627,0.566554,0.346090,-0.801468,0.025812,0.000145,0.012766,-0.202242,-0.979252,0.666360,-1.003678,0.013992,0.013819,-0.006940,-0.577902,-0.815960,0.561624,-0.962308,0.933018
461,1.920833,0.004893,-0.023313,0.815521,0.578237,0.348904,-0.800951,0.025917,-0.000184,0.012724,-0.202188,-0.979264,0.666361,-1.003690,0.013998,0.012871,-0.007187,-0.575306,-0.817806,0.562476,-0.962677,0.933257
462,1.925000,0.004607,-0.020865,0.807554,0.589406,0.351862,-0.800449,0.026131,-0.000399,0.012705,-0.202111,-0.979280,0.666364,-1.003714,0.014009,0.012179,-0.007996,-0.572612,-0.819697,0.563259,-0.963000,0.933529
463,1.929167,0.002967,-0.021468,0.800219,0.599316,0.355050,-0.799918,0.026379,-0.000812,0.012692,-0.202046,-0.979294,0.666358,-1.003737,0.014017,0.010962,-0.007576,-0.570086,-0.821477,0.564045,-0.963391,0.933671
464,1.933333,0.002455,-0.019299,0.792317,0.609800,0.358008,-0.799599,0.026624,-0.001016,0.012654,-0.201968,-0.979310,0.666364,-1.003759,0.014022,0.010060,-0.007724,-0.567421,-0.823330,0.564845,-0.963687,0.933877
465,1.937500,0.001579,-0.017488,0.784485,0.619899,0.360999,-0.799349,0.026797,-0.001294,0.012648,-0.201881,-0.979327,0.666362,-1.003783,0.014033,0.009313,-0.007910,-0.564776,-0.825154,0.565654,-0.964061,0.934064
466,1.941667,0.000371,-0.016594,0.776747,0.629595,0.364054,-0.799078,0.027010,-0.001737,0.012627,-0.201806,-0.979343,0.666368,-1.003810,0.014034,0.008340,-0.007767,-0.561985,-0.827069,0.566310,-0.964460,0.934212
467,1.945833,-0.001648,-0.016061,0.769123,0.638897,0.367123,-0.798819,0.027193,-0.002099,0.012570,-0.201746,-0.979355,0.666375,-1.003838,0.014030,0.007554,-0.008083,-0.559335,-0.828868,0.567096,-0.964738,0.934470
468,1.950000,-0.003012,-0.014774,0.761022,0.648551,0.370175,-0.798745,0.027289,-0.002592,0.012584,-0.201668,-0.979370,0.666378,-1.003866,0.014048,0.006783,-0.008464,-0.556583,-0.830721,0.567773,-0.965027,0.934670
469,1.954167,-0.005109,-0.013737,0.753386,0.657415,0.373176,-0.798612,0.027448,-0.003032,0.012594,-0.201592,-0.979384,0.666387,-1.003902,0.014053,0.005789,-0.009116,-0.553651,-0.832679,0.568487,-0.965371,0.934925
470,1.958333,-0.007491,-0.013627,0.745995,0.665770,0.376205,-0.798455,0.027703,-0.003503,0.012560,-0.201522,-0.979397,0.666388,-1.003933,0.014069,0.004765,-0.009238,-0.550874,-0.834524,0.569121,-0.965672,0.935139
471,1.962500,-0.010831,-0.012777,0.738246,0.674324,0.379260,-0.798469,0.027728,-0.003884,0.012498,-0.201433,-0.979415,0.666392,-1.003959,0.014074,0.003526,-0.009785,-0.548296,-0.836219,0.569806,-0.966031,0.935455
472,1.966667,-0.012285,-0.010890,0.730991,0.682190,0.382194,-0.798456,0.027952,-0.004298,0.012474,-0.201388,-0.979423,0.666394,-1.003990,0.014084,0.002744,-0.010043,-0.545365,-0.838134,0.570436,-0.966276,0.935615
473,1.970833,-0.015050,-0.010296,0.723840,0.689727,0.385100,-0.798380,0.028251,-0.004685,0.012457,-0.201304,-0.979438,0.666399,-1.004014,0.014082,0.002186,-0.010301,-0.542194,-0.840187,0.571046,-0.966511,0.935710
474,1.975000,-0.017377,-0.008037,0.716285,0.697545,0.388026,-0.798495,0.028331,-0.005119,0.012436,-0.201221,-0.979454,0.666397,-1.004048,0.014091,0.001343,-0.010672,-0.539325,-0.842029,0.571673,-0.966738,0.935916
475,1.979167,-0.020596,-0.007639,0.709137,0.704729,0.390911,-0.798472,0.028590,-0.005415,0.012424,-0.201134,-0.979470,0.666394,-1.004070,0.014093,0.000587,-0.010841,-0.536395,-0.843897,0.572285,-0.966962,0.936077
476,1.983333,-0.023188,-0.006643,0.701988,0.711780,0.393827,-0.798539,0.028820,-0.005736,0.012416,-0.201074,-0.979481,0.666402,-1.004100,0.014102,-0.000156,-0.011172,-0.533191,-0.845921,0.572816,-0.967190,0.936181
477,1.987500,-0.025307,-0.005141,0.694787,0.718751,0.396637,-0.798602,0.029058,-0.006215,0.012412,-0.200966,-0.979500,0.666404,-1.004128,0.014115,-0.000695,-0.011335,-0.530157,-0.847824,0.573367,-0.967417,0.936320
478,1.991667,-0.028204,-0.004002,0.687714,0.725423,0.399474,-0.798591,0.029337,-0.006465,0.012333,-0.200861,-0.979521,0.666407,-1.004151,0.014111,-0.001879,-0.010057,-0.527400,-0.849556,0.574028,-0.967588,0.936157
479,1.995833,-0.029935,-0.002156,0.680761,0.731890,0.402207,-0.798693,0.029569,-0.006876,0.012302,-0.200756,-0.979540,0.666409,-1.004181,0.014114,-0.002659,-0.010405,-0.524139,-0.851565,0.574573,-0.967737,0.936262
480,2.000000,-0.032340,-0.000664,0.673849,0.738161,0.405007,-0.798735,0.029819,-0.007212,0.012280,-0.200632,-0.979563,0.666411,-1.004206,0.014121,-0.003121,-0.010559,-0.520935,-0.853526,0.575116,-0.967866,0.936315
481,2.004167,-0.034499,0.000930,0.667023,0.744238,0.407777,-0.798852,0.030034,-0.007650,0.012275,-0.200532,-0.979580,0.666409,-1.004229,0.014132,-0.003768,-0.010870,-0.517645,-0.855518,0.575662,-0.968013,0.936381
482,2.008333,-0.036301,0.002839,0.660350,0.750074,0.410482,-0.798927,0.030273,-0.007779,0.012103,-0.200449,-0.979599,0.666410,-1.004239,0.014116,-0.004048,-0.010775,-0.514328,-0.857516,0.576178,-0.968107,0.936353
483,2.012500,-0.038044,0.004842,0.653797,0.755697,0.413143,-0.798994,0.030463,-0.008216,0.012151,-0.200249,-0.979635,0.666410,-1.004275,0.014138,-0.004449,-0.010842,-0.510923,-0.859546,0.576762,-0.968189,0.936368
484,2.016667,-0.040177,0.006329,0.647373,0.761087,0.415795,-0.798958,0.030733,-0.008603,0.012243,-0.199904,-0.979701,0.666386,-1.004329,0.014149,-0.004876,-0.010680,-0.507493,-0.861576,0.577270,-0.968254,0.936403
485,2.020833,-0.042313,0.007756,0.641122,0.766232,0.418483,-0.799002,0.030998,-0.008988,0.012143,-0.199715,-0.979738,0.666375,-1.004345,0.014136,-0.005482,-0.010988,-0.503888,-0.863681,0.577846,-0.968333,0.936483
486,2.025000,-0.043983,0.009089,0.635074,0.771144,0.421107,-0.798994,0.031251,-0.009253,0.012026,-0.199569,-0.979766,0.666383,-1.004358,0.014133,-0.005873,-0.011058,-0.500413,-0.865696,0.578359,-0.968361,0.936473
487,2.029167,-0.045402,0.011040,0.629216,0.775825,0.423749,-0.798962,0.031444,-0.009485,0.012045,-0.199414,-0.979795,0.666389,-1.004368,0.014150,-0.006390,-0.011385,-0.496796,-0.867769,0.578965,-0.968443,0.936509
488,2.033333,-0.047254,0.012062,0.623505,0.780297,0.426346,-0.798889,0.031696,-0.009654,0.011973,-0.199300,-0.979818,0.666394,-1.004379,0.014143,-0.006445,-0.011418,-0.493080,-0.869885,0.579455,-0.968450,0.936466
489,2.037500,-0.049382,0.013081,0.617872,0.784617,0.428924,-0.798794,0.031975,-0.009985,0.011942,-0.199173,-0.979841,0.666399,-1.004376,0.014137,-0.007347,-0.011845,-0.489406,-0.871945,0.580064,-0.968499,0.936564
490,2.041667,-0.051073,0.014312,0.611842,0.789200,0.431371,-0.798702,0.032309,-0.010166,0.011839,-0.199016,-0.979872,0.666405,-1.004382,0.014121,-0.007575,-0.011852,-0.485647,-0.874042,0.580615,-0.968457,0.936550
491,2.045833,-0.053194,0.015657,0.606316,0.793288,0.433901,-0.798608,0.032602,-0.010609,0.011828,-0.198845,-0.979902,0.666403,-1.004389,0.014120,-0.008382,-0.011676,-0.481762,-0.876184,0.581235,-0.968516,0.936559
492,2.050000,-0.055252,0.016846,0.600538,0.797507,0.436485,-0.798419,0.032843,-0.010741,0.011795,-0.198615,-0.979948,0.666400,-1.004405,0.014121,-0.008889,-0.011491,-0.477856,-0.878318,0.581719,-0.968479,0.936555
493,2.054167,-0.056893,0.018216,0.595117,0.801416,0.439020,-0.798211,0.033099,-0.011044,0.011745,-0.198399,-0.979989,0.666397,-1.004420,0.014111,-0.009623,-0.011581,-0.473878,-0.880462,0.582308,-0.968512,0.936572
494,2.058333,-0.059706,0.020076,0.589091,0.805608,0.441484,-0.797861,0.033420,-0.011317,0.011727,-0.198175,-0.980031,0.666392,-1.004428,0.014117,-0.010449,-0.010726,-0.469931,-0.882576,0.582664,-0.968549,0.936498
495,2.062500,-0.061713,0.020810,0.584468,0.808799,0.444040,-0.797645,0.033669,-0.011749,0.011756,-0.197963,-0.980069,0.666391,-1.004460,0.014114,-0.011157,-0.011054,-0.465737,-0.884784,0.583242,-0.968535,0.936567
496,2.066667,-0.063530,0.021240,0.579647,0.812110,0.446587,-0.797350,0.033919,-0.011938,0.011719,-0.197747,-0.980110,0.666388,-1.004482,0.014099,-0.011897,-0.011066,-0.461845,-0.886812,0.583754,-0.968471,0.936576
497,2.070833,-0.065185,0.022451,0.574590,0.815532,0.449094,-0.796972,0.034121,-0.012057,0.011662,-0.197581,-0.980143,0.666366,-1.004506,0.014099,-0.012336,-0.011097,-0.457678,-0.888963,0.584345,-0.968419,0.936457
498,2.075000,-0.067060,0.022856,0.569911,0.818646,0.451615,-0.796630,0.034292,-0.012186,0.011627,-0.197462,-0.980166,0.666342,-1.004528,0.014094,-0.010899,-0.011516,-0.453920,-0.890901,0.584982,-0.968361,0.936333
499,2.079167,-0.068596,0.024249,0.565093,0.821813,0.454150,-0.796182,0.034510,-0.012624,0.011768,-0.197403,-0.980170,0.666302,-1.004544,0.014136,-0.011083,-0.011643,-0.449741,-0.893014,0.585527,-0.968293,0.936297
500,2.083333,-0.070886,0.025314,0.559910,0.825128,0.456667,-0.795707,0.034724,-0.012766,0.011720,-0.197210,-0.980208,0.666293,-1.004555,0.014141,-0.008279,-0.007065,-0.445373,-0.895279,0.585604,-0.968109,0.935673
501,2.087500,-0.072609,0.028227,0.553764,0.829022,0.459054,-0.794971,0.035005,-0.013039,0.011691,-0.197085,-0.980230,0.666288,-1.004561,0.014154,-0.009793,-0.007544,-0.441282,-0.897283,0.586094,-0.968028,0.935983
502,2.091667,-0.074500,0.030104,0.547718,0.832795,0.461542,-0.794274,0.035157,-0.013247,0.011600,-0.196903,-0.980265,0.666276,-1.004582,0.014151,-0.010689,-0.008425,-0.437370,-0.899179,0.586653,-0.967962,0.936126
503,2.095833,-0.075373,0.032340,0.541827,0.836478,0.464014,-0.793483,0.035372,-0.013427,0.011555,-0.196736,-0.980296,0.666280,-1.004599,0.014149,-0.012824,-0.012432,-0.433872,-0.900798,0.587632,-0.967960,0.936683
504,2.100000,-0.076630,0.033895,0.536748,0.839572,0.466615,-0.792749,0.035471,-0.013581,0.011471,-0.196566,-0.980329,0.666275,-1.004619,0.014138,-0.010268,-0.008080,-0.429220,-0.903105,0.587659,-0.967643,0.935990
505,2.104167,-0.077411,0.035162,0.532167,0.842359,0.469265,-0.792006,0.035555,-0.013862,0.011401,-0.196439,-0.980352,0.666272,-1.004633,0.014134,-0.011706,-0.008865,-0.425326,-0.904921,0.588239,-0.967521,0.936282
506,2.108333,-0.078713,0.036858,0.526461,0.845745,0.471869,-0.791162,0.035729,-0.013913,0.011310,-0.196263,-0.980387,0.666277,-1.004658,0.014131,-0.011668,-0.008949,-0.421364,-0.906772,0.588747,-0.967407,0.936285
507,2.112500,-0.080809,0.037053,0.521259,0.848755,0.474499,-0.790358,0.035846,-0.013491,0.011165,-0.196143,-0.980419,0.666257,-1.004741,0.014158,-0.012191,-0.008957,-0.417496,-0.908553,0.589262,-0.967249,0.936395
508,2.116667,-0.082996,0.037534,0.516159,0.851635,0.477219,-0.789496,0.036015,-0.012753,0.011038,-0.196073,-0.980444,0.666239,-1.004835,0.014230,-0.013001,-0.008222,-0.413638,-0.910312,0.589777,-0.966990,0.936486
509,2.120833,-0.083744,0.038544,0.510364,0.855003,0.479849,-0.788532,0.036211,-0.012421,0.010838,-0.195864,-0.980493,0.666205,-1.004934,0.014263,-0.013628,-0.008532,-0.409747,-0.912058,0.590273,-0.966821,0.936613
510,2.125000,-0.084346,0.039480,0.504532,0.858356,0.482592,-0.787507,0.036445,-0.012591,0.010807,-0.195604,-0.980543,0.666237,-1.004969,0.014196,-0.012937,-0.008805,-0.406643,-0.913453,0.590943,-0.966250,0.937123
511,2.129167,-0.084736,0.039834,0.498476,0.861832,0.485375,-0.786511,0.036645,-0.012958,0.011055,-0.195474,-0.980561,0.666294,-1.004927,0.014108,-0.013863,-0.008933,-0.403131,-0.914994,0.591533,-0.965971,0.937286
512,2.133333,-0.084328,0.041224,0.492259,0.865373,0.488159,-0.785368,0.036922,-0.014727,0.011439,-0.195331,-0.980560,0.666261,-1.004866,0.014170,-0.014198,-0.009489,-0.399512,-0.916569,0.592152,-0.965708,0.937331
513,2.137500,-0.084670,0.041698,0.486186,0.868744,0.491029,-0.784247,0.037150,-0.015428,0.011452,-0.195201,-0.980575,0.666256,-1.004859,0.014199,-0.014533,-0.009555,-0.395861,-0.918146,0.592746,-0.965410,0.937400
514,2.141667,-0.084530,0.042102,0.480105,0.872113,0.493863,-0.783064,0.037388,-0.015475,0.011380,-0.195007,-0.980614,0.666265,-1.004887,0.014198,-0.015156,-0.009620,-0.392338,-0.919646,0.593356,-0.965099,0.937590
515,2.145833,-0.084805,0.042720,0.473745,0.875528,0.496808,-0.781848,0.037632,-0.015518,0.011308,-0.194799,-0.980655,0.666268,-1.004920,0.014187,-0.016348,-0.009960,-0.388546,-0.921230,0.593896,-0.964810,0.937843
516,2.150000,-0.084563,0.042816,0.467282,0.879013,0.499819,-0.780651,0.037753,-0.015624,0.011251,-0.194655,-0.980683,0.666265,-1.004944,0.014190,-0.016635,-0.010210,-0.384820,-0.922785,0.594391,-0.964497,0.938042
517,2.154167,-0.084453,0.043096,0.460770,0.882441,0.502830,-0.779376,0.037958,-0.015985,0.011348,-0.194495,-0.980708,0.666255,-1.004958,0.014226,-0.016907,-0.009589,-0.380551,-0.924556,0.594864,-0.964148,0.938069
518,2.158333,-0.084235,0.043309,0.454188,0.885856,0.505872,-0.778076,0.038096,-0.016026,0.011360,-0.194361,-0.980733,0.666265,-1.004972,0.014251,-0.017472,-0.009676,-0.376618,-0.926153,0.595352,-0.963826,0.938286
519,2.162500,-0.086244,0.044218,0.446001,0.889770,0.508679,-0.776734,0.038440,-0.016056,0.011324,-0.194195,-0.980766,0.666264,-1.004986,0.014249,-0.018364,-0.010126,-0.372757,-0.927692,0.595864,-0.963554,0.938533
520,2.166667,-0.085990,0.044516,0.439252,0.893130,0.511826,-0.775389,0.038579,-0.016208,0.011313,-0.194004,-0.980802,0.666260,-1.005001,0.014256,-0.019424,-0.010845,-0.368622,-0.929313,0.596348,-0.963302,0.938709
521,2.170833,-0.084327,0.043554,0.433071,0.896349,0.515103,-0.774017,0.038561,-0.016178,0.011240,-0.193795,-0.980844,0.666278,-1.005021,0.014245,-0.019589,-0.010953,-0.364621,-0.930886,0.596827,-0.962979,0.938783
522,2.175000,-0.083421,0.043426,0.427169,0.899267,0.518413,-0.772578,0.038629,-0.016280,0.011207,-0.193598,-0.980882,0.666270,-1.005047,0.014243,-0.019206,-0.010461,-0.360370,-0.932553,0.597255,-0.962629,0.938730
523,2.179167,-0.083527,0.043415,0.420558,0.902369,0.521707,-0.771137,0.038743,-0.016918,0.011263,-0.193541,-0.980882,0.666248,-1.005075,0.014277,-0.019425,-0.010848,-0.356656,-0.933971,0.597824,-0.962302,0.938993
524,2.183333,-0.083190,0.043097,0.413520,0.905662,0.524954,-0.769662,0.038842,-0.017058,0.011285,-0.193379,-0.980911,0.666246,-1.005093,0.014292,-0.019292,-0.011081,-0.352796,-0.935436,0.598340,-0.961946,0.939087
525,2.187500,-0.083271,0.042950,0.406122,0.909003,0.528142,-0.768207,0.038934,-0.017418,0.011361,-0.193188,-0.980941,0.666248,-1.005100,0.014305,-0.020067,-0.011215,-0.348742,-0.936937,0.598869,-0.961605,0.939324
526,2.191667,-0.082834,0.042819,0.398726,0.912317,0.531448,-0.766722,0.038978,-0.018149,0.011483,-0.192990,-0.980966,0.666260,-1.005096,0.014355,-0.021296,-0.011165,-0.344860,-0.938346,0.599379,-0.961252,0.939569
527,2.195833,-0.082617,0.042643,0.391557,0.915445,0.534783,-0.765160,0.039069,-0.018118,0.011368,-0.192771,-0.981011,0.666265,-1.005131,0.014355,-0.021193,-0.010506,-0.340513,-0.939942,0.599809,-0.960823,0.939640
528,2.200000,-0.081941,0.042489,0.384133,0.918652,0.538128,-0.763590,0.039078,-0.017545,0.010840,-0.192512,-0.981078,0.666268,-1.005232,0.014269,-0.017713,-0.011856,-0.334435,-0.942178,0.599727,-0.960847,0.940062
529,2.204167,-0.081454,0.042683,0.376590,0.921804,0.541493,-0.761993,0.039141,-0.017984,0.011091,-0.192436,-0.981082,0.666252,-1.005228,0.014312,-0.018084,-0.011269,-0.330680,-0.943502,0.600363,-0.960359,0.940170
530,2.208333,-0.080873,0.042585,0.369020,0.924916,0.544934,-0.760376,0.039158,-0.017818,0.011074,-0.192332,-0.981106,0.666256,-1.005226,0.014301,-0.018213,-0.011455,-0.326629,-0.944908,0.600978,-0.959940,0.940202
531,2.212500,-0.080427,0.042949,0.361518,0.927896,0.548411,-0.758741,0.039133,-0.017943,0.011014,-0.192200,-0.981130,0.666256,-1.005233,0.014300,-0.020883,-0.011419,-0.323242,-0.946017,0.601603,-0.959544,0.940457
532,2.216667,-0.079898,0.042388,0.353750,0.930957,0.551858,-0.757123,0.039139,-0.018017,0.011035,-0.192032,-0.981161,0.666265,-1.005247,0.014303,-0.021606,-0.011787,-0.319330,-0.947324,0.602191,-0.959125,0.940689
533,2.220833,-0.079493,0.042419,0.346037,0.933885,0.555326,-0.755468,0.039117,-0.017781,0.010916,-0.191929,-0.981187,0.666239,-1.005270,0.014264,-0.022333,-0.011390,-0.315705,-0.948526,0.602820,-0.958627,0.940833
534,2.225000,-0.078941,0.041469,0.338122,0.936868,0.558603,-0.753776,0.039054,-0.017831,0.010777,-0.191680,-0.981236,0.666240,-1.005292,0.014249,-0.023112,-0.011791,-0.311878,-0.949768,0.603420,-0.958227,0.940963
535,2.229167,-0.078258,0.040726,0.330183,0.939785,0.562024,-0.752121,0.039021,-0.018248,0.010736,-0.191253,-0.981312,0.666296,-1.005311,0.014262,-0.023773,-0.012194,-0.308161,-0.950959,0.604060,-0.957761,0.941081
536,2.233333,-0.078415,0.040232,0.322493,0.942460,0.565541,-0.750437,0.039003,-0.018220,0.010767,-0.191037,-0.981355,0.666311,-1.005333,0.014259,-0.023456,-0.012954,-0.304533,-0.952125,0.604746,-0.957357,0.941318
537,2.237500,-0.078423,0.039560,0.314783,0.945091,0.569140,-0.748722,0.039006,-0.018050,0.010795,-0.190875,-0.981389,0.666314,-1.005350,0.014275,-0.023637,-0.012957,-0.300813,-0.953302,0.605374,-0.956815,0.941413
538,2.241667,-0.080419,0.037953,0.307457,0.947398,0.572921,-0.746991,0.039186,-0.017883,0.010862,-0.190635,-0.981438,0.666312,-1.005365,0.014291,-0.024126,-0.013143,-0.296903,-0.954512,0.606079,-0.956341,0.941506
539,2.245833,-0.079442,0.037244,0.299340,0.950104,0.576461,-0.745278,0.039125,-0.017851,0.010907,-0.190399,-0.981484,0.666312,-1.005389,0.014302,-0.023945,-0.012664,-0.293034,-0.955718,0.606749,-0.955797,0.941498
540,2.250000,-0.080111,0.035916,0.291598,0.952504,0.580143,-0.743652,0.039225,-0.017798,0.010911,-0.190232,-0.981517,0.666321,-1.005395,0.014320,-0.024984,-0.013003,-0.289124,-0.956877,0.607427,-0.955304,0.941631
541,2.254167,-0.079731,0.034921,0.283685,0.954959,0.583752,-0.741984,0.039256,-0.017647,0.010734,-0.190050,-0.981557,0.666323,-1.005411,0.014286,-0.025379,-0.013067,-0.285368,-0.957993,0.608116,-0.954783,0.941757
542,2.258333,-0.078429,0.034089,0.275515,0.957485,0.587335,-0.740247,0.039298,-0.017448,0.009845,-0.189852,-0.981608,0.666262,-1.005455,0.014070,-0.024907,-0.012417,-0.281333,-0.959206,0.608857,-0.954147,0.941714
543,2.262500,-0.077869,0.032859,0.267469,0.959853,0.590894,-0.738513,0.039302,-0.016856,0.009293,-0.189895,-0.981616,0.666191,-1.005435,0.013943,-0.026543,-0.013650,-0.277654,-0.960217,0.609685,-0.953684,0.942167
544,2.266667,-0.077003,0.032000,0.259714,0.962079,0.594537,-0.736792,0.039308,-0.016847,0.009219,-0.189741,-0.981646,0.666185,-1.005447,0.013939,-0.025867,-0.013362,-0.273549,-0.961417,0.610424,-0.953068,0.942089
545,2.270833,-0.076599,0.030898,0.252048,0.964184,0.598145,-0.735094,0.039355,-0.016930,0.009193,-0.189490,-0.981694,0.666188,-1.005476,0.013933,-0.024070,-0.013457,-0.269592,-0.962580,0.611184,-0.952459,0.941943
546,2.275000,-0.075476,0.030212,0.244220,0.966306,0.601780,-0.733333,0.039358,-0.017062,0.009194,-0.189223,-0.981743,0.666197,-1.005505,0.013943,-0.024033,-0.014246,-0.265856,-0.963608,0.611883,-0.951941,0.942052
547,2.279167,-0.074520,0.029452,0.236688,0.968276,0.605399,-0.731590,0.039362,-0.017115,0.009177,-0.188974,-0.981790,0.666197,-1.005535,0.013944,-0.024004,-0.011412,-0.260223,-0.965183,0.612665,-0.951070,0.941396
548,2.283333,-0.073792,0.028649,0.229320,0.970127,0.608999,-0.729862,0.039336,-0.017331,0.009078,-0.188845,-0.981812,0.666198,-1.005541,0.013929,-0.023763,-0.011230,-0.256238,-0.966256,0.613421,-0.950411,0.941446
549,2.287500,-0.073110,0.027681,0.222031,0.971901,0.612616,-0.728113,0.039336,-0.017293,0.009215,-0.188552,-0.981868,0.666192,-1.005580,0.013952,-0.024027,-0.011188,-0.252270,-0.967294,0.614179,-0.949836,0.941532
550,2.291667,-0.071786,0.027027,0.214546,0.973697,0.616206,-0.726352,0.039313,-0.017319,0.009304,-0.188318,-0.981911,0.666174,-1.005613,0.013941,-0.024261,-0.011467,-0.248235,-0.968328,0.614814,-0.949291,0.941584
551,2.295833,-0.071349,0.025982,0.207486,0.975287,0.619842,-0.724598,0.039319,-0.017295,0.009224,-0.188038,-0.981966,0.666178,-1.005638,0.013941,-0.023917,-0.011211,-0.244150,-0.969378,0.615546,-0.948663,0.941601
552,2.300000,-0.069962,0.025190,0.200363,0.976896,0.623445,-0.722868,0.039275,-0.017171,0.009054,-0.187766,-0.982022,0.666193,-1.005661,0.013931,-0.023852,-0.011102,-0.240330,-0.970335,0.616361,-0.948029,0.941711
553,2.304167,-0.068803,0.024688,0.193175,0.978437,0.627051,-0.721090,0.039240,-0.017243,0.009047,-0.187554,-0.982061,0.666196,-1.005674,0.013931,-0.024181,-0.011427,-0.236300,-0.971312,0.617240,-0.947387,0.941960
554,2.308333,-0.067491,0.024022,0.186137,0.979909,0.630666,-0.719342,0.039234,-0.017090,0.008872,-0.187367,-0.982101,0.666187,-1.005701,0.013905,-0.024378,-0.011607,-0.232448,-0.972234,0.618316,-0.946625,0.942240
555,2.312500,-0.066361,0.023274,0.179241,0.981289,0.634243,-0.717567,0.039179,-0.017055,0.008762,-0.187252,-0.982125,0.666162,-1.005733,0.013900,-0.023977,-0.011701,-0.228598,-0.973155,0.618994,-0.946079,0.942243
556,2.316667,-0.064742,0.023400,0.172109,0.982670,0.637844,-0.715851,0.039106,-0.017066,0.008660,-0.187044,-0.982165,0.666148,-1.005758,0.013890,-0.023774,-0.011858,-0.224716,-0.974062,0.619663,-0.945516,0.942245
557,2.320833,-0.062855,0.023535,0.165020,0.984004,0.641379,-0.714149,0.039007,-0.016877,0.008794,-0.186622,-0.982248,0.666180,-1.005751,0.013877,-0.023818,-0.011978,-0.220818,-0.974951,0.620279,-0.944987,0.942216
558,2.325000,-0.060924,0.023219,0.157739,0.985326,0.644886,-0.712461,0.038845,-0.016750,0.009239,-0.186560,-0.982257,0.666211,-1.005766,0.013897,-0.023977,-0.013288,-0.217117,-0.975761,0.620898,-0.944558,0.942355
559,2.329167,-0.059119,0.023328,0.150886,0.986506,0.648422,-0.710699,0.038782,-0.016451,0.009255,-0.186275,-0.982316,0.666219,-1.005825,0.013897,-0.026140,-0.016209,-0.216315,-0.975839,0.621292,-0.944615,0.942774
560,2.333333,-0.057576,0.022553,0.144069,0.987634,0.651954,-0.708962,0.038654,-0.016448,0.009219,-0.186019,-0.982365,0.666218,-1.005860,0.013891,-0.026189,-0.016011,-0.212183,-0.976748,0.621961,-0.944035,0.942660
561,2.337500,-0.058052,0.021899,0.137946,0.988494,0.655626,-0.707200,0.038797,-0.016566,0.009183,-0.185839,-0.982398,0.666216,-1.005877,0.013888,-0.025846,-0.016202,-0.208047,-0.977643,0.622682,-0.943458,0.942532
562,2.341667,-0.057364,0.021343,0.131233,0.989460,0.659172,-0.705550,0.038744,-0.016596,0.009152,-0.185624,-0.982438,0.666210,-1.005894,0.013881,-0.025595,-0.016569,-0.204277,-0.978438,0.623353,-0.942893,0.942534
563,2.345833,-0.056743,0.020527,0.124581,0.990373,0.662731,-0.703924,0.038654,-0.016649,0.009182,-0.185430,-0.982474,0.666221,-1.005921,0.013882,-0.025791,-0.016036,-0.200183,-0.979288,0.623989,-0.942259,0.942486
564,2.350000,-0.055663,0.020065,0.118085,0.991239,0.666249,-0.702326,0.038542,-0.016448,0.009248,-0.185181,-0.982523,0.666233,-1.005944,0.013870,-0.025260,-0.016612,-0.196492,-0.980039,0.624703,-0.941705,0.942543
565,2.354167,-0.056239,0.018010,0.111387,0.992021,0.669811,-0.700735,0.038457,-0.016203,0.009309,-0.184920,-0.982576,0.666244,-1.005970,0.013855,-0.024524,-0.015973,-0.192617,-0.980838,0.625595,-0.940958,0.942493
566,2.358333,-0.056005,0.016321,0.104787,0.992782,0.673354,-0.699164,0.038356,-0.016109,0.009292,-0.184583,-0.982641,0.666245,-1.006010,0.013847,-0.024203,-0.016604,-0.188907,-0.981556,0.626297,-0.940417,0.942572
567,2.362500,-0.054901,0.016802,0.098280,0.993501,0.676716,-0.697596,0.038244,-0.016383,0.009316,-0.184291,-0.982691,0.666179,-1.006051,0.013876,-0.023890,-0.016219,-0.185179,-0.982280,0.627174,-0.939725,0.942577
568,2.366667,-0.055526,0.015590,0.091720,0.994113,0.680229,-0.696163,0.038173,-0.017221,0.009075,-0.183692,-0.982791,0.666189,-1.006128,0.013901,-0.023844,-0.016680,-0.181512,-0.982958,0.627925,-0.939129,0.942597
569,2.370833,-0.055790,0.014962,0.085089,0.994698,0.683681,-0.694805,0.038088,-0.018120,0.009716,-0.183215,-0.982858,0.666287,-1.006185,0.014085,-0.023871,-0.017062,-0.177459,-0.983691,0.628576,-0.938492,0.942570
570,2.375000,-0.055527,0.014302,0.078375,0.995274,0.687121,-0.693476,0.038012,-0.018376,0.010184,-0.183031,-0.982883,0.666314,-1.006180,0.014192,-0.023379,-0.017157,-0.174063,-0.984307,0.629516,-0.937824,0.942574
571,2.379167,-0.055510,0.013681,0.071567,0.995796,0.690523,-0.692149,0.037895,-0.018340,0.010268,-0.182839,-0.982918,0.666309,-1.006178,0.014206,-0.023284,-0.017330,-0.169965,-0.985023,0.630223,-0.937163,0.942465
572,2.383333,-0.054781,0.013641,0.064868,0.996296,0.693861,-0.690857,0.037758,-0.018287,0.010104,-0.182585,-0.982968,0.666295,-1.006199,0.014187,-0.022833,-0.017824,-0.166244,-0.985659,0.630963,-0.936537,0.942472
573,2.387500,-0.055370,0.012560,0.057851,0.996710,0.697209,-0.689696,0.037619,-0.018249,0.010157,-0.182374,-0.983007,0.666296,-1.006206,0.014184,-0.022668,-0.017879,-0.162561,-0.986276,0.631877,-0.935854,0.942434
574,2.391667,-0.056404,0.011935,0.051244,0.997021,0.700501,-0.688547,0.037516,-0.018239,0.010155,-0.182086,-0.983061,0.666299,-1.006224,0.014185,-0.022450,-0.018144,-0.159001,-0.986856,0.632676,-0.935195,0.942448
575,2.395833,-0.056508,0.011684,0.044313,0.997350,0.703740,-0.687475,0.037371,-0.018288,0.010186,-0.181765,-0.983119,0.666306,-1.006261,0.014184,-0.022022,-0.018388,-0.155463,-0.987425,0.633605,-0.934499,0.942432
576,2.400000,-0.056881,0.011465,0.037568,0.997608,0.706934,-0.686439,0.037226,-0.018338,0.010131,-0.181428,-0.983181,0.666313,-1.006302,0.014170,-0.021793,-0.018904,-0.151680,-0.988009,0.634370,-0.933832,0.942304
577,2.404167,-0.057723,0.011628,0.030722,0.997792,0.710078,-0.685476,0.037043,-0.018486,0.010119,-0.181097,-0.983239,0.666311,-1.006340,0.014162,-0.021146,-0.019186,-0.148158,-0.988552,0.635228,-0.933117,0.942229
578,2.408333,-0.057814,0.012024,0.023867,0.997970,0.713113,-0.684506,0.036830,-0.018469,0.010025,-0.180765,-0.983302,0.666302,-1.006377,0.014144,-0.021209,-0.019151,-0.144244,-0.989129,0.635999,-0.932422,0.942170
579,2.412500,-0.057982,0.012520,0.016953,0.998095,0.716085,-0.683658,0.036587,-0.018434,0.010075,-0.180595,-0.983333,0.666298,-1.006389,0.014141,-0.020959,-0.019578,-0.140743,-0.989631,0.636809,-0.931727,0.942101
580,2.416667,-0.057749,0.013082,0.009922,0.998196,0.718983,-0.682912,0.036331,-0.018390,0.010147,-0.180478,-0.983355,0.666294,-1.006379,0.014150,-0.021198,-0.019285,-0.136957,-0.990162,0.637650,-0.930990,0.942138
581,2.420833,-0.058269,0.013534,0.003041,0.998205,0.721852,-0.682117,0.036065,-0.018428,0.010215,-0.180286,-0.983389,0.666300,-1.006369,0.014163,-0.021289,-0.019469,-0.133502,-0.990629,0.638477,-0.930261,0.942144
582,2.425000,-0.059996,0.014156,-0.003525,0.998092,0.724618,-0.681302,0.035787,-0.018289,0.010206,-0.180096,-0.983426,0.666291,-1.006364,0.014155,-0.021129,-0.019425,-0.129894,-0.991112,0.639332,-0.929552,0.942120
583,2.429167,-0.060844,0.015869,-0.010011,0.997971,0.727301,-0.680536,0.035404,-0.018230,0.010211,-0.179875,-0.983468,0.666288,-1.006371,0.014151,-0.021221,-0.019432,-0.126347,-0.991569,0.640168,-0.928804,0.942132
584,2.433333,-0.062119,0.017214,-0.016699,0.997781,0.729898,-0.679923,0.034993,-0.018094,0.010197,-0.179731,-0.983497,0.666288,-1.006364,0.014146,-0.021470,-0.019379,-0.123007,-0.991984,0.641058,-0.928001,0.942162
585,2.437500,-0.062397,0.018988,-0.023188,0.997601,0.732384,-0.679263,0.034567,-0.017895,0.010170,-0.179553,-0.983533,0.666282,-1.006363,0.014139,-0.021048,-0.019302,-0.119493,-0.992424,0.641927,-0.927220,0.942114
586,2.441667,-0.062396,0.021233,-0.029603,0.997386,0.734756,-0.678638,0.034056,-0.017861,0.010188,-0.179380,-0.983565,0.666272,-1.006366,0.014138,-0.020256,-0.019506,-0.116090,-0.992841,0.642771,-0.926448,0.942008
587,2.445833,-0.062789,0.023614,-0.035897,0.997102,0.737077,-0.678056,0.033510,-0.017765,0.010139,-0.179128,-0.983613,0.666272,-1.006385,0.014121,-0.019973,-0.018626,-0.112948,-0.993226,0.643817,-0.925530,0.942151
588,2.450000,-0.063669,0.026566,-0.041818,0.996741,0.739294,-0.677368,0.032937,-0.017655,0.010103,-0.178808,-0.983674,0.666278,-1.006413,0.014110,-0.019904,-0.018032,-0.109507,-0.993623,0.644723,-0.924693,0.942227
589,2.454167,-0.063350,0.029957,-0.047981,0.996387,0.741394,-0.676809,0.032295,-0.017648,0.009961,-0.178322,-0.983764,0.666272,-1.006472,0.014081,-0.020424,-0.017384,-0.106216,-0.993981,0.645586,-0.923809,0.942334
590,2.458333,-0.063301,0.033548,-0.053858,0.995975,0.743381,-0.676307,0.031591,-0.017681,0.009907,-0.178018,-0.983818,0.666275,-1.006506,0.014063,-0.020300,-0.017494,-0.102761,-0.994345,0.646464,-0.923017,0.942299
591,2.462500,-0.062893,0.037789,-0.059187,0.995547,0.745237,-0.675724,0.030905,-0.017722,0.009993,-0.177788,-0.983859,0.666279,-1.006531,0.014071,-0.017667,-0.019536,-0.099458,-0.994693,0.647114,-0.922373,0.941576
592,2.466667,-0.061250,0.041924,-0.064479,0.995155,0.746966,-0.675163,0.030226,-0.017869,0.010511,-0.177837,-0.983842,0.666326,-1.006583,0.014066,-0.017358,-0.019584,-0.096282,-0.995010,0.648020,-0.921500,0.941587
593,2.470833,-0.058768,0.044620,-0.069761,0.994831,0.748470,-0.674505,0.029627,-0.018029,0.010441,-0.177579,-0.983886,0.666345,-1.006612,0.014050,-0.016978,-0.019453,-0.093148,-0.995317,0.648910,-0.920633,0.941511
594,2.475000,-0.054961,0.045043,-0.075066,0.994643,0.749986,-0.673873,0.029273,-0.018060,0.010422,-0.177237,-0.983947,0.666362,-1.006659,0.014034,-0.016567,-0.019723,-0.090023,-0.995607,0.649818,-0.919772,0.941410
595,2.479167,-0.052404,0.045267,-0.079822,0.994401,0.751402,-0.673255,0.029136,-0.018083,0.010393,-0.177012,-0.983988,0.666370,-1.006674,0.014024,-0.016186,-0.019746,-0.086837,-0.995895,0.650730,-0.918859,0.941345
596,2.483333,-0.050283,0.045324,-0.084097,0.994156,0.752537,-0.672585,0.029039,-0.018015,0.010371,-0.176870,-0.984015,0.666381,-1.006678,0.014018,-0.016071,-0.019497,-0.083806,-0.996162,0.651626,-0.917965,0.941332
597,2.487500,-0.048421,0.045281,-0.088390,0.993877,0.753505,-0.671951,0.028884,-0.017875,0.010354,-0.176770,-0.984035,0.666382,-1.006668,0.014004,-0.015529,-0.019676,-0.080607,-0.996431,0.652521,-0.917072,0.941213
598,2.491667,-0.048698,0.044970,-0.091615,0.993586,0.754386,-0.671323,0.028801,-0.017720,0.010311,-0.176617,-0.984066,0.666376,-1.006667,0.013997,-0.015238,-0.019676,-0.077769,-0.996661,0.653498,-0.916165,0.941162
599,2.495833,-0.049558,0.044515,-0.093744,0.993365,0.755202,-0.670581,0.028541,-0.017562,0.010297,-0.176434,-0.984102,0.666379,-1.006664,0.013986,-0.014442,-0.019892,-0.075185,-0.996867,0.654566,-0.915243,0.941102
600,2.500000,-0.051755,0.044304,-0.095202,0.993124,0.755877,-0.669807,0.028239,-0.017390,0.010289,-0.176243,-0.984139,0.666374,-1.006660,0.013968,-0.014498,-0.019964,-0.072370,-0.997073,0.655490,-0.914302,0.941016
601,2.504167,-0.054221,0.043896,-0.096085,0.992925,0.756454,-0.668996,0.027898,-0.017256,0.010282,-0.176069,-0.984173,0.666374,-1.006655,0.013964,-0.014386,-0.020068,-0.069457,-0.997279,0.656464,-0.913364,0.940898
602,2.508333,-0.053953,0.044137,-0.097636,0.992778,0.756680,-0.668174,0.027425,-0.017119,0.010270,-0.175909,-0.984204,0.666372,-1.006644,0.013955,-0.014157,-0.020424,-0.066676,-0.997465,0.657408,-0.912424,0.940826
603,2.512500,-0.055032,0.043962,-0.098876,0.992604,0.756878,-0.667545,0.027176,-0.016973,0.010270,-0.175783,-0.984229,0.666367,-1.006630,0.013949,-0.013736,-0.020080,-0.063428,-0.997690,0.658168,-0.911374,0.940582
604,2.516667,-0.056078,0.043356,-0.100170,0.992442,0.756981,-0.666983,0.026984,-0.016756,0.010259,-0.175635,-0.984259,0.666365,-1.006629,0.013932,-0.012813,-0.020198,-0.060519,-0.997880,0.659041,-0.910459,0.940563
605,2.520833,-0.057603,0.042779,-0.101359,0.992259,0.756969,-0.666494,0.026868,-0.016499,0.010220,-0.175473,-0.984293,0.666363,-1.006623,0.013918,-0.012294,-0.019773,-0.057936,-0.998049,0.660085,-0.909524,0.940505
606,2.525000,-0.057935,0.041847,-0.102474,0.992165,0.756843,-0.665989,0.026691,-0.016344,0.010214,-0.175340,-0.984319,0.666361,-1.006607,0.013914,-0.012185,-0.019891,-0.055222,-0.998202,0.661043,-0.908556,0.940461
607,2.529167,-0.056323,0.041480,-0.104293,0.992084,0.756405,-0.665229,0.026234,-0.016109,0.010148,-0.175192,-0.984350,0.666358,-1.006591,0.013899,-0.011852,-0.020083,-0.052271,-0.998361,0.661802,-0.907571,0.940361
608,2.533333,-0.055279,0.041096,-0.105412,0.992040,0.755992,-0.664593,0.025818,-0.015893,0.010141,-0.175038,-0.984381,0.666360,-1.006576,0.013889,-0.011561,-0.019992,-0.050035,-0.998480,0.662859,-0.906612,0.940286
609,2.537500,-0.055101,0.040665,-0.106322,0.991971,0.755594,-0.664098,0.025531,-0.015645,0.010066,-0.174906,-0.984410,0.666356,-1.006563,0.013872,-0.011146,-0.020231,-0.047523,-0.998603,0.663832,-0.905626,0.940189
610,2.541667,-0.054729,0.039296,-0.107768,0.991890,0.755164,-0.663647,0.025216,-0.015358,0.010052,-0.174719,-0.984447,0.666351,-1.006549,0.013861,-0.010942,-0.020729,-0.045364,-0.998696,0.664805,-0.904633,0.940030
611,2.545833,-0.056205,0.037798,-0.108838,0.991749,0.754819,-0.663303,0.025063,-0.015125,0.010033,-0.174605,-0.984471,0.666351,-1.006528,0.013851,-0.010511,-0.021098,-0.042836,-0.998804,0.665776,-0.903613,0.939888
612,2.550000,-0.057281,0.036803,-0.109298,0.991675,0.754572,-0.663004,0.024951,-0.014850,0.009972,-0.174440,-0.984505,0.666358,-1.006516,0.013841,-0.009849,-0.021208,-0.040345,-0.998912,0.666654,-0.902567,0.939745
613,2.554167,-0.057667,0.036332,-0.109735,0.991621,0.754358,-0.662745,0.024879,-0.014092,0.009809,-0.174286,-0.984545,0.666368,-1.006535,0.013808,-0.009587,-0.021155,-0.037928,-0.999011,0.667594,-0.901534,0.939657
614,2.558333,-0.058334,0.035697,-0.110117,0.991563,0.754248,-0.662432,0.024733,-0.013797,0.009766,-0.174147,-0.984574,0.666365,-1.006515,0.013797,-0.008883,-0.021210,-0.035553,-0.999103,0.668490,-0.900430,0.939532
615,2.562500,-0.057784,0.034662,-0.110876,0.991547,0.754136,-0.662144,0.024526,-0.013434,0.009738,-0.174023,-0.984602,0.666366,-1.006494,0.013786,-0.008436,-0.021343,-0.033267,-0.999183,0.669416,-0.899384,0.939418
616,2.566667,-0.055265,0.032941,-0.113304,0.991475,0.753810,-0.661591,0.023880,-0.013210,0.009700,-0.173851,-0.984636,0.666364,-1.006473,0.013781,-0.008173,-0.021356,-0.030952,-0.999259,0.670368,-0.898296,0.939364
617,2.570833,-0.054319,0.031966,-0.114072,0.991471,0.753797,-0.661338,0.023642,-0.012906,0.009602,-0.173544,-0.984695,0.666359,-1.006470,0.013764,-0.007526,-0.021403,-0.028713,-0.999330,0.671284,-0.897187,0.939205
618,2.575000,-0.053597,0.031039,-0.114853,0.991450,0.753838,-0.661135,0.023397,-0.012641,0.009542,-0.173389,-0.984726,0.666366,-1.006449,0.013754,-0.006901,-0.021562,-0.026468,-0.999393,0.672179,-0.896055,0.939088
619,2.579167,-0.052702,0.030152,-0.115589,0.991440,0.753903,-0.660978,0.023150,-0.012346,0.009480,-0.173269,-0.984752,0.666364,-1.006424,0.013747,-0.006476,-0.021622,-0.024237,-0.999452,0.673070,-0.894873,0.938957
620,2.583333,-0.051899,0.029126,-0.116246,0.991436,0.753975,-0.660865,0.022902,-0.011975,0.009424,-0.173067,-0.984792,0.666365,-1.006398,0.013739,-0.006214,-0.021501,-0.022055,-0.999506,0.674053,-0.893743,0.938890
621,2.587500,-0.051089,0.028032,-0.116778,0.991447,0.754025,-0.660765,0.022663,-0.011623,0.009325,-0.172874,-0.984831,0.666369,-1.006365,0.013731,-0.006018,-0.021690,-0.019950,-0.999548,0.674938,-0.892581,0.938827
622,2.591667,-0.050605,0.027308,-0.116528,0.991521,0.754127,-0.660680,0.022493,-0.011231,0.009250,-0.172671,-0.984872,0.666368,-1.006332,0.013719,-0.005323,-0.021353,-0.017857,-0.999598,0.675940,-0.891393,0.938686
623,2.595833,-0.050057,0.026118,-0.116516,0.991583,0.754140,-0.660651,0.022276,-0.010790,0.009189,-0.172458,-0.984915,0.666375,-1.006288,0.013706,-0.004854,-0.021680,-0.015695,-0.999630,0.676834,-0.890214,0.938530
624,2.600000,-0.049022,0.024991,-0.116688,0.991643,0.754031,-0.660667,0.022015,-0.010248,0.009127,-0.172109,-0.984982,0.666387,-1.006253,0.013701,-0.004282,-0.021574,-0.013722,-0.999664,0.677711,-0.888985,0.938448
625,2.604167,-0.048229,0.023647,-0.116525,0.991734,0.753956,-0.660728,0.021755,-0.009845,0.009030,-0.171694,-0.985060,0.666400,-1.006212,0.013691,-0.003985,-0.021510,-0.011753,-0.999692,0.678593,-0.887798,0.938350
626,2.608333,-0.047051,0.022174,-0.116154,0.991868,0.753859,-0.660828,0.021482,-0.009470,0.008998,-0.171401,-0.985115,0.666409,-1.006167,0.013682,-0.003440,-0.021369,-0.009620,-0.999720,0.679576,-0.886556,0.938235
627,2.612500,-0.045480,0.020551,-0.115860,0.992011,0.753703,-0.661020,0.021186,-0.008973,0.008931,-0.171139,-0.985166,0.666391,-1.006106,0.013681,-0.003110,-0.021493,-0.007764,-0.999734,0.680461,-0.885395,0.938135
628,2.616667,-0.043765,0.019323,-0.115615,0.992141,0.753475,-0.661180,0.020850,-0.008443,0.008876,-0.170950,-0.985204,0.666384,-1.006036,0.013672,-0.002761,-0.021741,-0.005861,-0.999743,0.681281,-0.884165,0.938016
629,2.620833,-0.043569,0.018315,-0.114489,0.992300,0.753399,-0.661365,0.020657,-0.007922,0.008818,-0.170706,-0.985251,0.666390,-1.005967,0.013669,-0.002149,-0.021683,-0.003949,-0.999755,0.682164,-0.882996,0.938042
630,2.625000,-0.041991,0.016948,-0.113504,0.992505,0.753323,-0.661561,0.020389,-0.007424,0.008747,-0.170453,-0.985299,0.666400,-1.005903,0.013671,-0.001500,-0.021868,-0.002031,-0.999758,0.683009,-0.881817,0.937985
631,2.629167,-0.040695,0.015206,-0.112771,0.992671,0.753263,-0.661706,0.020071,-0.006916,0.008566,-0.170088,-0.985368,0.666417,-1.005835,0.013660,-0.001132,-0.022055,-0.000158,-0.999756,0.683839,-0.880581,0.937834
632,2.633333,-0.039577,0.013487,-0.112049,0.992823,0.753255,-0.661825,0.019748,-0.006387,0.008362,-0.169640,-0.985450,0.666443,-1.005766,0.013650,-0.001282,-0.021821,0.001723,-0.999760,0.684694,-0.879358,0.937731
633,2.637500,-0.037828,0.012208,-0.111175,0.993006,0.753234,-0.662021,0.019525,-0.005801,0.008176,-0.169183,-0.985534,0.666476,-1.005695,0.013642,-0.001000,-0.021395,0.003650,-0.999764,0.685540,-0.878071,0.937621
634,2.641667,-0.035048,0.011608,-0.109952,0.993251,0.753210,-0.662298,0.019369,-0.005196,0.008074,-0.168854,-0.985594,0.666498,-1.005599,0.013643,-0.000929,-0.021361,0.005395,-0.999757,0.686444,-0.876856,0.937472
635,2.645833,-0.033587,0.009707,-0.109386,0.993384,0.753148,-0.662535,0.019099,-0.004914,0.007960,-0.168601,-0.985640,0.666507,-1.005461,0.013664,-0.000409,-0.021485,0.007053,-0.999744,0.687262,-0.875580,0.937286
636,2.650000,-0.031962,0.008464,-0.108939,0.993498,0.753064,-0.662738,0.018892,-0.004271,0.007822,-0.168341,-0.985689,0.666508,-1.005358,0.013664,-0.000277,-0.021306,0.008887,-0.999734,0.688107,-0.874316,0.937125
637,2.654167,-0.029247,0.007769,-0.108047,0.993685,0.752975,-0.662926,0.018714,-0.003794,0.007664,-0.167977,-0.985754,0.666515,-1.005283,0.013665,-0.000072,-0.021124,0.010572,-0.999721,0.688906,-0.873038,0.936960
638,2.658333,-0.026095,0.007087,-0.107699,0.993816,0.752782,-0.663038,0.018467,-0.003325,0.007532,-0.167588,-0.985823,0.666524,-1.005218,0.013660,0.000255,-0.021091,0.012308,-0.999702,0.689660,-0.871755,0.936781
639,2.662500,-0.024878,0.005832,-0.107411,0.993886,0.752674,-0.663119,0.018213,-0.002877,0.007407,-0.167275,-0.985878,0.666538,-1.005137,0.013657,0.000293,-0.020984,0.014057,-0.999681,0.690410,-0.870477,0.936555
640,2.666667,-0.023581,0.004625,-0.107230,0.993944,0.752576,-0.663179,0.017988,-0.002279,0.007197,-0.167005,-0.985927,0.666570,-1.005046,0.013663,0.000648,-0.020882,0.015683,-0.999659,0.691194,-0.869182,0.936374
641,2.670833,-0.022500,0.003861,-0.107139,0.993982,0.752481,-0.663237,0.017786,-0.001686,0.006942,-0.166527,-0.986011,0.666620,-1.004959,0.013668,0.000922,-0.021276,0.017204,-0.999625,0.691897,-0.867897,0.936118
642,2.675000,-0.021508,0.003486,-0.107083,0.994011,0.752392,-0.663302,0.017624,-0.001413,0.006662,-0.166059,-0.986092,0.666673,-1.004885,0.013654,0.001219,-0.021015,0.018736,-0.999603,0.692671,-0.866578,0.935947
643,2.679167,-0.020628,0.003156,-0.107168,0.994022,0.752308,-0.663338,0.017486,-0.000944,0.006444,-0.165667,-0.986160,0.666705,-1.004788,0.013672,0.001480,-0.020794,0.020160,-0.999579,0.693404,-0.865286,0.935849
644,2.683333,-0.020174,0.002741,-0.107466,0.994000,0.752211,-0.663340,0.017351,-0.000502,0.006160,-0.165307,-0.986223,0.666725,-1.004680,0.013685,0.001779,-0.020811,0.021723,-0.999546,0.694050,-0.863983,0.935630
645,2.687500,-0.019603,0.002423,-0.107770,0.993980,0.752111,-0.663336,0.017237,-0.000070,0.005908,-0.164914,-0.986290,0.666737,-1.004597,0.013699,0.002130,-0.020767,0.022874,-0.999520,0.694803,-0.862704,0.935476
646,2.691667,-0.019520,0.001963,-0.108188,0.993937,0.752024,-0.663327,0.017135,0.000386,0.005775,-0.164513,-0.986358,0.666774,-1.004513,0.013726,0.002212,-0.020872,0.024390,-0.999482,0.695470,-0.861439,0.935278
647,2.695833,-0.019495,0.001519,-0.108601,0.993893,0.751954,-0.663286,0.017046,0.001076,0.005594,-0.164102,-0.986427,0.666799,-1.004426,0.013764,0.002463,-0.020857,0.025656,-0.999450,0.696112,-0.860129,0.935104
648,2.700000,-0.019192,0.001273,-0.108848,0.993872,0.751898,-0.663228,0.016975,0.001640,0.005333,-0.163702,-0.986494,0.666825,-1.004326,0.013788,0.002511,-0.020503,0.027131,-0.999418,0.696758,-0.858831,0.934976
649,2.704167,-0.019082,0.001222,-0.109132,0.993843,0.751848,-0.663178,0.016914,0.001923,0.005068,-0.163199,-0.986578,0.666857,-1.004222,0.013813,0.002801,-0.020392,0.028267,-0.999388,0.697452,-0.857569,0.934873
650,2.708333,-0.019387,0.001163,-0.109305,0.993818,0.751823,-0.663133,0.016873,0.002167,0.004732,-0.162637,-0.986672,0.666884,-1.004122,0.013837,0.002776,-0.020404,0.029585,-0.999350,0.698016,-0.856268,0.934723
651,2.712500,-0.019991,0.001051,-0.109536,0.993781,0.751813,-0.663082,0.016837,0.002431,0.004311,-0.161984,-0.986781,0.666925,-1.004008,0.013861,0.002789,-0.020157,0.030779,-0.999319,0.698623,-0.854989,0.934637
652,2.716667,-0.020683,0.001011,-0.109755,0.993743,0.751797,-0.663023,0.016807,0.002898,0.003923,-0.161279,-0.986897,0.666980,-1.003904,0.013896,0.002747,-0.020425,0.032134,-0.999271,0.699124,-0.853756,0.934453
653,2.720833,-0.021382,0.000922,-0.109925,0.993710,0.751789,-0.662961,0.016788,0.003159,0.003548,-0.160402,-0.987040,0.667048,-1.003808,0.013924,0.002668,-0.020353,0.033095,-0.999241,0.699561,-0.852523,0.934369
654,2.725000,-0.022150,0.000840,-0.110007,0.993684,0.751786,-0.662892,0.016771,0.002482,0.003011,-0.159462,-0.987196,0.667097,-1.003682,0.013908,0.002716,-0.019995,0.034703,-0.999194,0.700265,-0.851227,0.934369
655,2.729167,-0.022925,0.000668,-0.110063,0.993660,0.751786,-0.662810,0.016767,0.002257,0.002481,-0.158726,-0.987317,0.667171,-1.003517,0.013905,0.002359,-0.020217,0.035577,-0.999160,0.700638,-0.850021,0.934289
656,2.733333,-0.023609,0.000590,-0.110319,0.993616,0.751768,-0.662741,0.016754,0.002415,0.001935,-0.157936,-0.987445,0.667211,-1.003338,0.013935,0.002111,-0.020102,0.036753,-0.999120,0.701130,-0.848805,0.934278
657,2.737500,-0.024320,0.000446,-0.110439,0.993585,0.751785,-0.662695,0.016756,0.002543,0.001629,-0.157168,-0.987567,0.667240,-1.003184,0.013983,0.001997,-0.019870,0.038088,-0.999075,0.701656,-0.847592,0.934253
658,2.741667,-0.024752,0.000459,-0.110633,0.993553,0.751772,-0.662656,0.016744,0.002477,0.001250,-0.156094,-0.987738,0.667245,-1.003045,0.014044,0.001682,-0.019684,0.039480,-0.999025,0.702115,-0.846346,0.934266
659,2.745833,-0.025282,0.000383,-0.110731,0.993529,0.751789,-0.662623,0.016745,0.002384,0.000749,-0.154739,-0.987952,0.667256,-1.002877,0.014115,0.000380,-0.019501,0.040908,-0.998973,0.702622,-0.845143,0.934447
660,2.750000,-0.025685,0.000348,-0.110828,0.993508,0.751788,-0.662600,0.016746,0.002309,0.000268,-0.153037,-0.988218,0.667296,-1.002691,0.014189,0.000473,-0.018916,0.042167,-0.998931,0.703155,-0.843915,0.934555
661,2.754167,-0.025962,0.000264,-0.110922,0.993490,0.751789,-0.662572,0.016732,0.002223,-0.000141,-0.151102,-0.988516,0.667364,-1.002514,0.014269,0.000218,-0.018975,0.043615,-0.998868,0.703578,-0.842735,0.934525
662,2.758333,-0.026225,0.000223,-0.110942,0.993481,0.751782,-0.662545,0.016735,0.001825,-0.000602,-0.149085,-0.988823,0.667449,-1.002299,0.014327,0.000059,-0.018977,0.045018,-0.998806,0.704018,-0.841545,0.934558
663,2.762500,-0.026408,0.000161,-0.110970,0.993473,0.751785,-0.662526,0.016724,0.001499,-0.001046,-0.147074,-0.989124,0.667540,-1.002031,0.014392,-0.000338,-0.018770,0.046502,-0.998742,0.704359,-0.840372,0.934602
664,2.766667,-0.026590,0.000143,-0.111036,0.993461,0.751791,-0.662522,0.016712,0.001050,-0.001524,-0.144751,-0.989466,0.667620,-1.001685,0.014476,-0.000569,-0.018487,0.048028,-0.998675,0.704751,-0.839155,0.934701
665,2.770833,-0.026691,0.000154,-0.111089,0.993452,0.751788,-0.662529,0.016698,0.000662,-0.001901,-0.142262,-0.989827,0.667703,-1.001342,0.014589,-0.000843,-0.018311,0.049339,-0.998614,0.705150,-0.838003,0.934845
666,2.775000,-0.026789,0.000168,-0.111152,0.993442,0.751794,-0.662521,0.016683,-0.000085,-0.002164,-0.139250,-0.990255,0.667806,-1.001068,0.014760,-0.001286,-0.018325,0.050765,-0.998542,0.705473,-0.836803,0.934909
667,2.779167,-0.026984,0.000127,-0.111226,0.993429,0.751799,-0.662521,0.016669,-0.000667,-0.002446,-0.135737,-0.990742,0.667867,-1.000791,0.014859,-0.002717,-0.018467,0.050925,-0.998528,0.705505,-0.835683,0.935082
668,2.783333,-0.027035,0.000131,-0.111285,0.993421,0.751801,-0.662509,0.016657,-0.001012,-0.003054,-0.132186,-0.991220,0.667951,-1.000431,0.014947,-0.002182,-0.018585,0.052546,-0.998443,0.705875,-0.834446,0.935023
669,2.787500,-0.027265,0.000131,-0.111271,0.993416,0.751808,-0.662508,0.016650,-0.001127,-0.003628,-0.128658,-0.991682,0.668064,-0.999933,0.015038,-0.003595,-0.018274,0.053833,-0.998376,0.706130,-0.833216,0.935333
670,2.791667,-0.027389,0.000076,-0.111374,0.993401,0.751812,-0.662508,0.016636,-0.001057,-0.003925,-0.125087,-0.992138,0.668188,-0.999490,0.015166,-0.003986,-0.018441,0.055407,-0.998286,0.706427,-0.832062,0.935416
671,2.795833,-0.027507,0.000118,-0.111415,0.993393,0.751823,-0.662512,0.016626,-0.000835,-0.004397,-0.120801,-0.992667,0.668338,-0.999057,0.015259,-0.004574,-0.018395,0.056942,-0.998198,0.706694,-0.830883,0.935588
672,2.800000,-0.027591,0.000132,-0.111519,0.993379,0.751833,-0.662513,0.016613,-0.001180,-0.004731,-0.116738,-0.993151,0.668487,-0.998628,0.015362,-0.003928,-0.018257,0.058735,-0.998099,0.707089,-0.829708,0.935631
673,2.804167,-0.027704,0.000130,-0.111613,0.993365,0.751839,-0.662516,0.016608,-0.001527,-0.005174,-0.112305,-0.993659,0.668659,-0.998145,0.015466,-0.004220,-0.018308,0.060537,-0.997989,0.707310,-0.828473,0.935732
674,2.808333,-0.027845,0.000105,-0.111730,0.993348,0.751844,-0.662508,0.016604,-0.001931,-0.005473,-0.108061,-0.994127,0.668815,-0.997643,0.015583,-0.003664,-0.018635,0.062391,-0.997871,0.707629,-0.827308,0.935690
675,2.812500,-0.027909,0.000110,-0.111842,0.993334,0.751842,-0.662497,0.016587,-0.002491,-0.005843,-0.103311,-0.994629,0.668972,-0.997075,0.015715,-0.003945,-0.018775,0.064266,-0.997748,0.707886,-0.826060,0.935749
676,2.816667,-0.028055,0.000119,-0.111883,0.993325,0.751852,-0.662494,0.016590,-0.002502,-0.005975,-0.098646,-0.995102,0.669157,-0.996582,0.015834,-0.003212,-0.018914,0.066207,-0.997622,0.708211,-0.824879,0.935715
677,2.820833,-0.028260,0.000100,-0.111950,0.993312,0.751859,-0.662492,0.016594,-0.003019,-0.006229,-0.093816,-0.995566,0.669331,-0.996003,0.015940,-0.002938,-0.018854,0.067704,-0.997523,0.708600,-0.823701,0.935855
678,2.825000,-0.028356,0.000085,-0.112095,0.993293,0.751863,-0.662482,0.016585,-0.003868,-0.006403,-0.088935,-0.996009,0.669503,-0.995402,0.016042,-0.002537,-0.018911,0.069417,-0.997405,0.708896,-0.822520,0.935898
679,2.829167,-0.028503,0.000131,-0.112189,0.993278,0.751868,-0.662478,0.016583,-0.004790,-0.006742,-0.084151,-0.996419,0.669767,-0.994785,0.016106,-0.003325,-0.019428,0.071783,-0.997226,0.709014,-0.821306,0.935933
680,2.833333,-0.028790,0.000075,-0.112276,0.993260,0.751883,-0.662471,0.016582,-0.005493,-0.006988,-0.079068,-0.996830,0.670006,-0.994174,0.016155,-0.003124,-0.019399,0.073148,-0.997128,0.709319,-0.820191,0.936137
681,2.837500,-0.028919,0.000115,-0.112370,0.993246,0.751885,-0.662470,0.016580,-0.006053,-0.007375,-0.073715,-0.997234,0.670241,-0.993552,0.016254,-0.002646,-0.019288,0.075050,-0.996990,0.709569,-0.819064,0.936252
682,2.841667,-0.029300,0.000069,-0.112416,0.993229,0.751900,-0.662455,0.016586,-0.006228,-0.007496,-0.068573,-0.997599,0.670489,-0.992996,0.016324,-0.001948,-0.019340,0.076904,-0.996849,0.709849,-0.817935,0.936322
683,2.845833,-0.029425,0.000084,-0.112498,0.993216,0.751904,-0.662441,0.016577,-0.006809,-0.007599,-0.063131,-0.997953,0.670733,-0.992367,0.016429,-0.001132,-0.019363,0.078935,-0.996691,0.710135,-0.816779,0.936311
684,2.850000,-0.029566,0.000075,-0.112594,0.993201,0.751909,-0.662430,0.016575,-0.007308,-0.007782,-0.057754,-0.998274,0.671009,-0.991790,0.016511,-0.000861,-0.018997,0.080767,-0.996552,0.710388,-0.815606,0.936516
685,2.854167,-0.029740,0.000068,-0.112693,0.993185,0.751912,-0.662426,0.016570,-0.007532,-0.007992,-0.052316,-0.998570,0.671285,-0.991210,0.016594,-0.000531,-0.018935,0.082595,-0.996403,0.710643,-0.814475,0.936611
686,2.858333,-0.030047,0.000037,-0.112814,0.993162,0.751914,-0.662418,0.016570,-0.008969,-0.007588,-0.046319,-0.998858,0.671680,-0.990750,0.016824,-0.000130,-0.018570,0.084804,-0.996225,0.710858,-0.813275,0.936742
687,2.862500,-0.030277,-0.000004,-0.112920,0.993143,0.751918,-0.662409,0.016573,-0.009435,-0.007682,-0.040753,-0.999095,0.671973,-0.990185,0.016897,0.000619,-0.018719,0.086784,-0.996051,0.711104,-0.812193,0.936765
688,2.866667,-0.030417,0.000014,-0.113028,0.993126,0.751921,-0.662396,0.016571,-0.009643,-0.007762,-0.035303,-0.999300,0.672067,-0.989777,0.017105,0.000580,-0.019229,0.088550,-0.995886,0.711296,-0.811136,0.936760
689,2.870833,-0.030623,-0.000017,-0.113124,0.993109,0.751920,-0.662385,0.016566,-0.010161,-0.007886,-0.029746,-0.999475,0.672354,-0.989180,0.017159,0.000445,-0.019535,0.090595,-0.995696,0.711482,-0.810082,0.936788
690,2.875000,-0.030943,-0.000042,-0.113231,0.993087,0.751929,-0.662376,0.016571,-0.010932,-0.007740,-0.023722,-0.999629,0.672848,-0.988634,0.017240,0.000611,-0.019803,0.092809,-0.995487,0.711670,-0.808975,0.936723
691,2.879167,-0.031114,-0.000095,-0.113322,0.993071,0.751932,-0.662360,0.016567,-0.011707,-0.007685,-0.018170,-0.999737,0.673228,-0.988136,0.017260,0.001302,-0.019788,0.094777,-0.995301,0.711884,-0.807931,0.936778
692,2.883333,-0.031359,-0.000146,-0.113464,0.993047,0.751939,-0.662345,0.016571,-0.012262,-0.007618,-0.012586,-0.999817,0.673613,-0.987616,0.017293,0.001587,-0.019976,0.097241,-0.995059,0.711895,-0.806791,0.936847
693,2.887500,-0.031559,-0.000155,-0.113655,0.993019,0.751926,-0.662334,0.016562,-0.013250,-0.007614,-0.007193,-0.999857,0.673993,-0.987103,0.017324,0.002042,-0.020335,0.099511,-0.994827,0.712078,-0.805740,0.936769
694,2.891667,-0.031766,-0.000198,-0.113804,0.992995,0.751926,-0.662318,0.016565,-0.013450,-0.007655,-0.001292,-0.999879,0.674407,-0.986514,0.017348,0.002180,-0.020427,0.101478,-0.994626,0.712233,-0.804662,0.936823
695,2.895833,-0.032089,-0.000233,-0.113958,0.992967,0.751936,-0.662297,0.016567,-0.013182,-0.007686,0.004484,-0.999874,0.674754,-0.986053,0.017428,0.002920,-0.020710,0.103715,-0.994387,0.712374,-0.803580,0.936741
696,2.900000,-0.032289,-0.000271,-0.114143,0.992939,0.751928,-0.662284,0.016553,-0.013824,-0.007681,0.009840,-0.999827,0.675045,-0.985639,0.017541,0.003155,-0.020708,0.105756,-0.994172,0.712549,-0.802570,0.936779
697,2.904167,-0.032610,-0.000302,-0.114379,0.992902,0.751921,-0.662260,0.016557,-0.013821,-0.007661,0.015801,-0.999750,0.675482,-0.985166,0.017579,0.002733,-0.020948,0.107927,-0.993934,0.712604,-0.801504,0.936800
698,2.908333,-0.032958,-0.000358,-0.114592,0.992866,0.751927,-0.662228,0.016555,-0.014571,-0.007569,0.021349,-0.999637,0.675820,-0.984700,0.017683,0.002605,-0.021154,0.110308,-0.993669,0.712796,-0.800482,0.936817
699,2.912500,-0.033192,-0.000314,-0.114842,0.992829,0.751921,-0.662203,0.016546,-0.015372,-0.007300,0.026631,-0.999501,0.676224,-0.984229,0.017734,0.001342,-0.021052,0.113345,-0.993332,0.713085,-0.799404,0.936918
700,2.916667,-0.033624,-0.000375,-0.115036,0.992792,0.751926,-0.662172,0.016553,-0.016022,-0.006952,0.032084,-0.999333,0.676661,-0.983798,0.017745,0.003187,-0.021406,0.116106,-0.993001,0.713346,-0.798431,0.936679
701,2.920833,-0.033904,-0.000433,-0.115279,0.992754,0.751929,-0.662150,0.016549,-0.016641,-0.007286,0.037584,-0.999128,0.676995,-0.983255,0.017794,0.002595,-0.021716,0.118102,-0.992761,0.713458,-0.797443,0.936701
702,2.925000,-0.034249,-0.000452,-0.115573,0.992708,0.751921,-0.662122,0.016545,-0.016391,-0.008052,0.042697,-0.998921,0.677275,-0.982764,0.017834,0.002314,-0.021931,0.120136,-0.992513,0.713553,-0.796446,0.936705
703,2.929167,-0.034635,-0.000401,-0.116054,0.992639,0.751930,-0.662112,0.016523,-0.015021,-0.009709,0.047498,-0.998711,0.677464,-0.982379,0.017884,0.001864,-0.022136,0.122017,-0.992280,0.713589,-0.795440,0.936769
704,2.933333,-0.035056,-0.000471,-0.116469,0.992575,0.751939,-0.662099,0.016522,-0.015111,-0.009897,0.052625,-0.998451,0.677841,-0.981934,0.017925,0.002283,-0.022349,0.123819,-0.992051,0.713642,-0.794482,0.936728
705,2.937500,-0.035525,-0.000528,-0.116814,0.992518,0.751935,-0.662066,0.016526,-0.015390,-0.009914,0.058056,-0.998146,0.678257,-0.981480,0.017950,0.001889,-0.022589,0.125772,-0.991800,0.713700,-0.793501,0.936770
706,2.941667,-0.035985,-0.000562,-0.117113,0.992466,0.751929,-0.662028,0.016517,-0.015606,-0.009690,0.063228,-0.997830,0.678679,-0.981061,0.017964,0.001205,-0.022618,0.127892,-0.991529,0.713832,-0.792614,0.936826
707,2.945833,-0.036473,-0.000604,-0.117431,0.992411,0.751927,-0.661986,0.016500,-0.016398,-0.009488,0.068477,-0.997473,0.679098,-0.980586,0.018009,0.001222,-0.022829,0.129498,-0.991316,0.713799,-0.791533,0.936827
708,2.950000,-0.036963,-0.000652,-0.117755,0.992354,0.751925,-0.661945,0.016496,-0.016969,-0.009382,0.073567,-0.997102,0.679571,-0.980168,0.018016,0.001542,-0.022980,0.131580,-0.991038,0.713990,-0.790689,0.936768
709,2.954167,-0.037435,-0.000732,-0.118081,0.992298,0.751913,-0.661904,0.016486,-0.017863,-0.008936,0.078563,-0.996709,0.680012,-0.979711,0.018053,0.000877,-0.022810,0.133096,-0.990840,0.714174,-0.789772,0.936881
710,2.958333,-0.037921,-0.000787,-0.118414,0.992240,0.751912,-0.661854,0.016489,-0.018536,-0.008451,0.083513,-0.996299,0.680446,-0.979253,0.018101,0.001905,-0.023247,0.134663,-0.990617,0.714126,-0.788885,0.936718
711,2.962500,-0.038496,-0.000838,-0.118694,0.992184,0.751909,-0.661810,0.016486,-0.018725,-0.008160,0.088399,-0.995876,0.680880,-0.978893,0.018167,0.001741,-0.023752,0.136267,-0.990386,0.714185,-0.788006,0.936614
712,2.966667,-0.038269,-0.000745,-0.118809,0.992179,0.751945,-0.661757,0.016442,-0.019028,-0.007798,0.093619,-0.995396,0.681321,-0.978568,0.018204,0.001897,-0.024299,0.137923,-0.990143,0.714237,-0.787106,0.936520
713,2.970833,-0.038585,-0.000706,-0.119126,0.992129,0.751925,-0.661717,0.016422,-0.019633,-0.007410,0.098669,-0.994899,0.681776,-0.978338,0.018279,0.001856,-0.024352,0.139436,-0.989930,0.714355,-0.786184,0.936561
714,2.975000,-0.038728,-0.000693,-0.119415,0.992089,0.751904,-0.661673,0.016404,-0.019941,-0.007347,0.103333,-0.994420,0.682223,-0.978041,0.018338,0.001918,-0.024386,0.141303,-0.989664,0.714434,-0.785230,0.936548
715,2.979167,-0.038810,-0.000630,-0.119676,0.992054,0.751884,-0.661637,0.016379,-0.020115,-0.007097,0.108180,-0.993902,0.682677,-0.977710,0.018355,0.002979,-0.024652,0.143068,-0.989401,0.714501,-0.784306,0.936463
716,2.983333,-0.038978,-0.000554,-0.119970,0.992012,0.751863,-0.661599,0.016360,-0.020609,-0.006902,0.112274,-0.993440,0.683081,-0.977436,0.018423,0.002507,-0.024420,0.144711,-0.989170,0.714646,-0.783414,0.936545
717,2.987500,-0.039206,-0.000568,-0.120221,0.991972,0.751844,-0.661548,0.016341,-0.021305,-0.006427,0.116454,-0.992947,0.683543,-0.977167,0.018460,0.002666,-0.024614,0.146463,-0.988906,0.714724,-0.782486,0.936513
718,2.991667,-0.039555,-0.000551,-0.120565,0.991917,0.751823,-0.661504,0.016339,-0.021628,-0.006421,0.120958,-0.992401,0.683948,-0.976906,0.018542,0.002648,-0.024574,0.147912,-0.988692,0.714815,-0.781623,0.936541
719,2.995833,-0.039978,-0.000579,-0.120899,0.991859,0.751809,-0.661448,0.016333,-0.021664,-0.006505,0.124939,-0.991907,0.684316,-0.976693,0.018593,0.001933,-0.024127,0.149453,-0.988473,0.715053,-0.780843,0.936695
720,3.000000,-0.040505,-0.000620,-0.121185,0.991803,0.751801,-0.661408,0.016330,-0.022064,-0.006017,0.128873,-0.991397,0.684701,-0.976494,0.018594,0.003280,-0.024754,0.150956,-0.988225,0.714972,-0.779998,0.936439
721,3.004167,-0.041039,-0.000690,-0.121335,0.991763,0.751797,-0.661370,0.016334,-0.022265,-0.005875,0.132660,-0.990894,0.685077,-0.976299,0.018662,0.003870,-0.025164,0.152387,-0.987993,0.715026,-0.779189,0.936342
722,3.008333,-0.041492,-0.000776,-0.121505,0.991723,0.751794,-0.661341,0.016344,-0.022719,-0.005717,0.136173,-0.990408,0.685441,-0.976104,0.018758,0.004480,-0.025408,0.153722,-0.987777,0.715133,-0.778420,0.936251
723,3.012500,-0.041773,-0.000865,-0.121623,0.991697,0.751793,-0.661331,0.016348,-0.023015,-0.005705,0.139467,-0.989943,0.685755,-0.975858,0.018784,0.004862,-0.025285,0.155219,-0.987544,0.715234,-0.777579,0.936324
724,3.016667,-0.042030,-0.000903,-0.121710,0.991675,0.751793,-0.661324,0.016349,-0.023283,-0.005812,0.142429,-0.989514,0.686038,-0.975608,0.018807,0.004969,-0.025284,0.156606,-0.987325,0.715299,-0.776818,0.936346
725,3.020833,-0.042379,-0.000920,-0.121855,0.991642,0.751796,-0.661303,0.016357,-0.023592,-0.005791,0.145347,-0.989083,0.686338,-0.975421,0.018882,0.005307,-0.025458,0.157827,-0.987124,0.715377,-0.776088,0.936328
726,3.025000,-0.042784,-0.000979,-0.121949,0.991613,0.751795,-0.661290,0.016357,-0.024161,-0.005545,0.148327,-0.988628,0.686634,-0.975243,0.018973,0.005544,-0.025442,0.159050,-0.986927,0.715456,-0.775365,0.936354
727,3.029167,-0.043066,-0.001052,-0.122064,0.991587,0.751787,-0.661269,0.016357,-0.024546,-0.005599,0.150826,-0.988240,0.686876,-0.975084,0.019070,0.006014,-0.025721,0.160328,-0.986710,0.715496,-0.774666,0.936328
728,3.033333,-0.042957,-0.001102,-0.122236,0.991570,0.751756,-0.661272,0.016335,-0.025008,-0.005518,0.153141,-0.987873,0.687089,-0.974942,0.019149,0.006463,-0.025862,0.161464,-0.986519,0.715573,-0.773996,0.936309
729,3.037500,-0.042976,-0.001108,-0.122348,0.991556,0.751741,-0.661262,0.016333,-0.025648,-0.005580,0.155414,-0.987501,0.687276,-0.974824,0.019253,0.006919,-0.025993,0.162595,-0.986326,0.715640,-0.773295,0.936323
730,3.041667,-0.043067,-0.001074,-0.122424,0.991542,0.751736,-0.661250,0.016332,-0.026451,-0.005572,0.157584,-0.987136,0.687432,-0.974720,0.019387,0.007364,-0.026095,0.163719,-0.986134,0.715723,-0.772631,0.936329
731,3.045833,-0.043171,-0.001096,-0.122499,0.991529,0.751725,-0.661246,0.016322,-0.026962,-0.005268,0.159617,-0.986797,0.687585,-0.974658,0.019501,0.006104,-0.025437,0.164861,-0.985970,0.715940,-0.771998,0.936645
732,3.050000,-0.043224,-0.001119,-0.122596,0.991514,0.751714,-0.661234,0.016319,-0.028051,-0.004783,0.161696,-0.986430,0.687700,-0.974652,0.019670,0.007876,-0.026080,0.165843,-0.985776,0.715866,-0.771348,0.936469
733,3.054167,-0.043254,-0.001147,-0.122674,0.991503,0.751703,-0.661227,0.016310,-0.029403,-0.004289,0.163694,-0.986064,0.687771,-0.974696,0.019862,0.009042,-0.026587,0.166587,-0.985627,0.715909,-0.770746,0.936406
734,3.058333,-0.043319,-0.001198,-0.122747,0.991491,0.751697,-0.661222,0.016309,-0.030450,-0.003126,0.165756,-0.985692,0.688005,-0.974805,0.020254,0.009521,-0.027205,0.167122,-0.985515,0.716104,-0.770097,0.936297
735,3.062500,-0.043387,-0.001199,-0.122782,0.991484,0.751686,-0.661210,0.016309,-0.031307,-0.002291,0.167580,-0.985359,0.688104,-0.974859,0.020466,0.009985,-0.027151,0.168021,-0.985359,0.716150,-0.769486,0.936398
736,3.066667,-0.043463,-0.001173,-0.122864,0.991471,0.751680,-0.661213,0.016313,-0.032373,-0.001137,0.169417,-0.985012,0.688072,-0.974937,0.020671,0.009888,-0.027270,0.168781,-0.985227,0.716252,-0.768901,0.936428
737,3.070833,-0.043626,-0.001237,-0.122918,0.991457,0.751678,-0.661206,0.016312,-0.033341,0.000153,0.171113,-0.984687,0.688003,-0.974998,0.020889,0.010184,-0.027101,0.169635,-0.985082,0.716271,-0.768331,0.936585
738,3.075000,-0.043751,-0.001273,-0.122943,0.991448,0.751669,-0.661201,0.016314,-0.034349,0.001750,0.172665,-0.984380,0.687938,-0.975061,0.021067,0.011119,-0.027023,0.170559,-0.984914,0.716267,-0.767823,0.936725
739,3.079167,-0.043857,-0.001323,-0.122999,0.991436,0.751660,-0.661198,0.016315,-0.035068,0.003321,0.174216,-0.984077,0.687822,-0.975164,0.021300,0.012057,-0.027095,0.171436,-0.984749,0.716304,-0.767307,0.936806
740,3.083333,-0.043951,-0.001356,-0.123052,0.991426,0.751663,-0.661198,0.016310,-0.035330,0.004639,0.175687,-0.983801,0.687649,-0.975224,0.021529,0.012558,-0.027062,0.172079,-0.984631,0.716390,-0.766776,0.936880
741,3.087500,-0.044025,-0.001347,-0.123075,0.991420,0.751659,-0.661198,0.016310,-0.035532,0.005991,0.176984,-0.983554,0.687421,-0.975277,0.021769,0.012700,-0.026981,0.172611,-0.984539,0.716482,-0.766257,0.936981
742,3.091667,-0.044016,-0.001355,-0.123103,0.991416,0.751660,-0.661196,0.016315,-0.035500,0.007055,0.178263,-0.983317,0.687163,-0.975358,0.021984,0.012836,-0.026964,0.173194,-0.984435,0.716561,-0.765768,0.937076
743,3.095833,-0.043985,-0.001359,-0.123130,0.991414,0.751657,-0.661205,0.016317,-0.035333,0.008100,0.179401,-0.983108,0.686884,-0.975425,0.022202,0.013130,-0.027077,0.173822,-0.984317,0.716619,-0.765306,0.937148
744,3.100000,-0.044082,-0.001384,-0.123151,0.991407,0.751656,-0.661209,0.016312,-0.035052,0.008976,0.180322,-0.982942,0.686557,-0.975413,0.022388,0.013427,-0.027107,0.174387,-0.984212,0.716708,-0.764866,0.937208
745,3.104167,-0.044100,-0.001407,-0.123196,0.991401,0.751658,-0.661210,0.016310,-0.035024,0.009941,0.181524,-0.982712,0.686203,-0.975524,0.022626,0.013987,-0.027168,0.174918,-0.984109,0.716816,-0.764449,0.937238
746,3.108333,-0.044112,-0.001415,-0.123215,0.991398,0.751667,-0.661220,0.016310,-0.034402,0.010777,0.182560,-0.982534,0.685826,-0.975574,0.022852,0.014244,-0.027141,0.175283,-0.984041,0.716922,-0.764042,0.937320
747,3.112500,-0.044076,-0.001400,-0.123209,0.991400,0.751676,-0.661226,0.016319,-0.033766,0.011167,0.183514,-0.982373,0.685401,-0.975601,0.023056,0.014663,-0.027094,0.175579,-0.983983,0.717019,-0.763640,0.937407
748,3.116667,-0.043966,-0.001417,-0.123245,0.991401,0.751689,-0.661239,0.016320,-0.032963,0.011608,0.184589,-0.982194,0.684901,-0.975628,0.023230,0.015204,-0.027029,0.176004,-0.983901,0.717119,-0.763227,0.937456
749,3.120833,-0.043975,-0.001406,-0.123245,0.991400,0.751686,-0.661235,0.016327,-0.032007,0.011396,0.185982,-0.981966,0.684375,-0.975675,0.023296,0.015375,-0.026967,0.176298,-0.983847,0.717240,-0.762865,0.937505
750,3.125000,-0.043915,-0.001452,-0.123197,0.991409,0.751684,-0.661243,0.016319,-0.030588,0.011447,0.187300,-0.981760,0.683745,-0.975669,0.023530,0.015478,-0.026872,0.176541,-0.983805,0.717384,-0.762542,0.937559
751,3.129167,-0.043831,-0.001453,-0.123213,0.991411,0.751676,-0.661246,0.016321,-0.029019,0.011667,0.188675,-0.981541,0.683158,-0.975687,0.023732,0.015660,-0.026834,0.176827,-0.983751,0.717526,-0.762245,0.937589
752,3.133333,-0.043791,-0.001428,-0.123226,0.991411,0.751675,-0.661244,0.016317,-0.026953,0.011829,0.190314,-0.981282,0.682479,-0.975741,0.023935,0.013827,-0.026049,0.177166,-0.983739,0.717785,-0.761983,0.937893
753,3.137500,-0.043741,-0.001387,-0.123184,0.991418,0.751673,-0.661252,0.016313,-0.024252,0.011411,0.192293,-0.980972,0.681674,-0.975787,0.024134,0.014035,-0.025929,0.177352,-0.983706,0.717932,-0.761710,0.937921
754,3.141667,-0.043602,-0.001401,-0.123206,0.991422,0.751672,-0.661257,0.016311,-0.021890,0.010941,0.194138,-0.980669,0.680841,-0.975788,0.024279,0.014324,-0.025663,0.177538,-0.983675,0.718112,-0.761449,0.937955
755,3.145833,-0.043530,-0.001388,-0.123167,0.991430,0.751669,-0.661266,0.016306,-0.019237,0.010268,0.196126,-0.980336,0.679946,-0.975796,0.024399,0.014669,-0.025491,0.177621,-0.983660,0.718309,-0.761206,0.937938
756,3.150000,-0.043428,-0.001387,-0.123167,0.991434,0.751669,-0.661273,0.016308,-0.016667,0.009236,0.198392,-0.979938,0.678963,-0.975843,0.024433,0.016062,-0.025994,0.177715,-0.983608,0.718343,-0.760953,0.937730
757,3.154167,-0.043304,-0.001372,-0.123154,0.991441,0.751668,-0.661278,0.016302,-0.014233,0.008159,0.200476,-0.979561,0.677934,-0.975851,0.024401,0.016938,-0.026135,0.177771,-0.983579,0.718527,-0.760697,0.937618
758,3.158333,-0.043227,-0.001373,-0.123142,0.991446,0.751667,-0.661280,0.016299,-0.012298,0.006560,0.202616,-0.979159,0.676825,-0.975784,0.024305,0.017232,-0.026125,0.177869,-0.983556,0.718718,-0.760476,0.937557
759,3.162500,-0.043130,-0.001342,-0.123129,0.991452,0.751672,-0.661295,0.016295,-0.010471,0.004492,0.204770,-0.978744,0.675647,-0.975670,0.024143,0.017114,-0.025980,0.177897,-0.983557,0.718909,-0.760293,0.937543
760,3.166667,-0.043080,-0.001352,-0.123121,0.991455,0.751667,-0.661295,0.016298,-0.009253,0.002165,0.207048,-0.978285,0.674410,-0.975553,0.024027,0.016826,-0.025772,0.177876,-0.983571,0.719116,-0.760144,0.937541
761,3.170833,-0.042996,-0.001336,-0.123106,0.991461,0.751667,-0.661298,0.016297,-0.007798,0.000072,0.208889,-0.977908,0.673262,-0.975390,0.023866,0.016741,-0.025574,0.177876,-0.983578,0.719332,-0.760001,0.937515
762,3.175000,-0.043301,-0.001337,-0.123018,0.991458,0.751692,-0.661296,0.016316,-0.006875,-0.002017,0.210564,-0.977554,0.672118,-0.975145,0.023614,0.015887,-0.025644,0.177419,-0.983673,0.719697,-0.759842,0.937378
763,3.179167,-0.042969,-0.001340,-0.123101,0.991463,0.751663,-0.661316,0.016302,-0.005558,-0.003962,0.211913,-0.977265,0.671006,-0.974830,0.023377,0.016193,-0.025514,0.177361,-0.983682,0.720005,-0.759725,0.937265
764,3.183333,-0.043257,-0.001352,-0.122985,0.991464,0.751690,-0.661315,0.016318,-0.004910,-0.005601,0.212771,-0.977074,0.669937,-0.974452,0.023123,0.016637,-0.025231,0.177354,-0.983683,0.720236,-0.759611,0.937227
765,3.187500,-0.042931,-0.001353,-0.123040,0.991472,0.751669,-0.661328,0.016307,-0.005582,-0.007049,0.213616,-0.976876,0.668857,-0.974012,0.022836,0.016739,-0.024774,0.177398,-0.983685,0.720480,-0.759522,0.937238
766,3.191667,-0.043173,-0.001373,-0.122984,0.991468,0.751690,-0.661325,0.016326,-0.005424,-0.008330,0.214180,-0.976744,0.667844,-0.973537,0.022585,0.016176,-0.024440,0.177264,-0.983727,0.720719,-0.759443,0.937264
767,3.195833,-0.043189,-0.001377,-0.122948,0.991472,0.751687,-0.661322,0.016328,-0.005383,-0.009463,0.214815,-0.976594,0.666860,-0.973056,0.022305,0.015664,-0.024087,0.177050,-0.983782,0.720998,-0.759392,0.937258
768,3.200000,-0.043141,-0.001430,-0.122847,0.991487,0.751687,-0.661342,0.016322,-0.006088,-0.010326,0.215109,-0.976516,0.665957,-0.972560,0.021965,0.015412,-0.023843,0.176927,-0.983814,0.721278,-0.759353,0.937200
769,3.204167,-0.043161,-0.001388,-0.122933,0.991475,0.751690,-0.661326,0.016336,-0.005982,-0.011106,0.215475,-0.976428,0.665121,-0.972085,0.021750,0.015035,-0.023577,0.176786,-0.983852,0.721565,-0.759337,0.937163
770,3.208333,-0.043103,-0.001486,-0.122841,0.991489,0.751690,-0.661350,0.016318,-0.005887,-0.011670,0.216087,-0.976287,0.664390,-0.971661,0.021504,0.014917,-0.023345,0.176588,-0.983895,0.721842,-0.759332,0.937082
771,3.212500,-0.043113,-0.001374,-0.122947,0.991475,0.751688,-0.661338,0.016338,-0.005860,-0.011987,0.216705,-0.976146,0.663754,-0.971307,0.021249,0.014416,-0.023426,0.176110,-0.983986,0.722234,-0.759312,0.936889
772,3.216667,-0.043136,-0.001470,-0.122807,0.991492,0.751689,-0.661347,0.016318,-0.005524,-0.012294,0.217415,-0.975986,0.663183,-0.971039,0.020972,0.013974,-0.023230,0.176029,-0.984012,0.722527,-0.759364,0.936840
773,3.220833,-0.043003,-0.001470,-0.122791,0.991499,0.751688,-0.661357,0.016325,-0.005352,-0.012246,0.218149,-0.975824,0.662752,-0.970863,0.020681,0.013779,-0.022921,0.176092,-0.984010,0.722762,-0.759404,0.936816
774,3.225000,-0.042957,-0.001461,-0.122786,0.991502,0.751680,-0.661362,0.016325,-0.005277,-0.012310,0.219050,-0.975622,0.662436,-0.970774,0.020349,0.013529,-0.022657,0.176050,-0.984028,0.723015,-0.759461,0.936776
775,3.229167,-0.042916,-0.001456,-0.122783,0.991504,0.751688,-0.661355,0.016321,-0.005350,-0.011823,0.219885,-0.975439,0.662278,-0.970765,0.020009,0.013478,-0.022377,0.175879,-0.984065,0.723329,-0.759530,0.936684
776,3.233333,-0.042879,-0.001446,-0.122747,0.991510,0.751689,-0.661366,0.016321,-0.005291,-0.011454,0.220852,-0.975226,0.662251,-0.970844,0.019639,0.012458,-0.021488,0.175710,-0.984129,0.723834,-0.759662,0.936802
777,3.237500,-0.042891,-0.001433,-0.122765,0.991507,0.751686,-0.661370,0.016322,-0.005211,-0.011272,0.221905,-0.974989,0.662345,-0.971009,0.019237,0.012733,-0.021828,0.175649,-0.984128,0.723950,-0.759730,0.936593
778,3.241667,-0.042818,-0.001406,-0.122743,0.991513,0.751688,-0.661370,0.016316,-0.005147,-0.010780,0.222837,-0.974783,0.662550,-0.971221,0.018855,0.012970,-0.021747,0.175512,-0.984152,0.724238,-0.759811,0.936460
779,3.245833,-0.042710,-0.001427,-0.122716,0.991521,0.751690,-0.661375,0.016318,-0.004823,-0.010188,0.223855,-0.974557,0.662824,-0.971456,0.018509,0.012873,-0.021585,0.175355,-0.984185,0.724537,-0.759930,0.936386
780,3.250000,-0.042671,-0.001391,-0.122702,0.991525,0.751685,-0.661383,0.016319,-0.004611,-0.009891,0.224748,-0.974356,0.663194,-0.971669,0.018118,0.012466,-0.021563,0.174867,-0.984277,0.724934,-0.760037,0.936229
781,3.254167,-0.042545,-0.001433,-0.122667,0.991535,0.751686,-0.661393,0.016315,-0.004114,-0.009843,0.225889,-0.974095,0.663579,-0.971919,0.017693,0.012462,-0.021338,0.174768,-0.984300,0.725217,-0.760221,0.936176
782,3.258333,-0.042441,-0.001409,-0.122647,0.991542,0.751682,-0.661393,0.016317,-0.003637,-0.009311,0.227280,-0.973778,0.663946,-0.972195,0.017358,0.012488,-0.021034,0.174748,-0.984309,0.725460,-0.760411,0.936164
783,3.262500,-0.042372,-0.001398,-0.122626,0.991547,0.751684,-0.661403,0.016315,-0.003192,-0.008865,0.228677,-0.973457,0.664274,-0.972479,0.017069,0.012254,-0.020767,0.174653,-0.984335,0.725720,-0.760611,0.936135
784,3.266667,-0.042283,-0.001318,-0.122715,0.991540,0.751681,-0.661395,0.016325,-0.002547,-0.008436,0.230336,-0.973071,0.664522,-0.972730,0.016823,0.010780,-0.020199,0.174693,-0.984357,0.726164,-0.760826,0.936338
785,3.270833,-0.042213,-0.001282,-0.122678,0.991548,0.751684,-0.661403,0.016326,-0.002004,-0.008270,0.231772,-0.972733,0.664797,-0.972900,0.016539,0.010575,-0.020128,0.174577,-0.984381,0.726408,-0.761027,0.936284
786,3.275000,-0.042073,-0.001281,-0.122617,0.991561,0.751681,-0.661410,0.016326,-0.001516,-0.008054,0.233187,-0.972397,0.665007,-0.972992,0.016281,0.010387,-0.020403,0.174322,-0.984423,0.726480,-0.761236,0.936156
787,3.279167,-0.041919,-0.001267,-0.122598,0.991570,0.751684,-0.661426,0.016324,-0.000858,-0.007732,0.234280,-0.972138,0.665120,-0.973043,0.016064,0.009968,-0.020395,0.173997,-0.984485,0.726759,-0.761485,0.936113
788,3.283333,-0.041732,-0.001236,-0.122517,0.991588,0.751683,-0.661437,0.016320,0.000100,-0.007367,0.235336,-0.971886,0.665187,-0.972973,0.015878,0.009821,-0.020381,0.173673,-0.984544,0.727014,-0.761769,0.936064
789,3.287500,-0.041601,-0.001219,-0.122494,0.991596,0.751683,-0.661445,0.016323,0.001001,-0.006920,0.235841,-0.971766,0.665180,-0.972846,0.015696,0.009186,-0.020364,0.173410,-0.984596,0.727242,-0.762051,0.936074
790,3.291667,-0.041391,-0.001204,-0.122468,0.991608,0.751688,-0.661457,0.016322,0.001924,-0.006526,0.236163,-0.971690,0.665129,-0.972654,0.015558,0.006716,-0.022845,0.172438,-0.984733,0.727676,-0.762573,0.936123
791,3.295833,-0.041278,-0.001178,-0.122427,0.991618,0.751690,-0.661470,0.016320,0.002952,-0.006165,0.236420,-0.971627,0.665029,-0.972431,0.015453,0.006336,-0.022846,0.172263,-0.984766,0.727897,-0.762857,0.936065
792,3.300000,-0.041062,-0.001147,-0.122353,0.991636,0.751692,-0.661477,0.016318,0.004060,-0.005838,0.236650,-0.971569,0.664902,-0.972218,0.015351,0.006369,-0.022481,0.172127,-0.984798,0.728097,-0.763165,0.936106
793,3.304167,-0.040818,-0.001148,-0.122320,0.991650,0.751695,-0.661498,0.016318,0.004693,-0.005466,0.236870,-0.971515,0.664789,-0.972050,0.015291,0.005196,-0.021596,0.172397,-0.984777,0.728488,-0.763480,0.936394
794,3.308333,-0.040633,-0.001114,-0.122288,0.991662,0.751694,-0.661509,0.016317,0.005891,-0.005320,0.237365,-0.971388,0.664616,-0.971941,0.015274,0.004078,-0.022060,0.172001,-0.984841,0.728864,-0.763798,0.936257
795,3.312500,-0.040516,-0.001084,-0.122233,0.991674,0.751692,-0.661523,0.016318,0.007135,-0.005251,0.237764,-0.971283,0.664506,-0.971885,0.015245,0.004152,-0.021674,0.171836,-0.984878,0.729056,-0.764115,0.936314
796,3.316667,-0.040141,-0.001053,-0.122167,0.991697,0.751688,-0.661544,0.016318,0.008516,-0.005408,0.238057,-0.971199,0.664442,-0.971863,0.015207,0.005262,-0.021637,0.171527,-0.984928,0.729030,-0.764466,0.936170
797,3.320833,-0.039869,-0.001026,-0.122083,0.991718,0.751687,-0.661563,0.016314,0.009480,-0.005569,0.238223,-0.971148,0.664430,-0.971852,0.015148,0.005955,-0.021664,0.171309,-0.984961,0.729211,-0.764764,0.936054
798,3.325000,-0.039656,-0.000997,-0.122025,0.991734,0.751691,-0.661584,0.016311,0.010341,-0.005746,0.238283,-0.971124,0.664457,-0.971831,0.015079,0.006371,-0.021612,0.170986,-0.985016,0.729471,-0.765090,0.936000
799,3.329167,-0.039318,-0.000951,-0.121954,0.991756,0.751692,-0.661604,0.016312,0.010676,-0.005818,0.238356,-0.971102,0.664498,-0.971824,0.015029,0.006526,-0.021478,0.170691,-0.985069,0.729699,-0.765434,0.935989
800,3.333333,-0.039018,-0.000854,-0.121879,0.991777,0.751693,-0.661641,0.016310,0.010771,-0.005892,0.238238,-0.971129,0.664573,-0.971802,0.014973,0.006544,-0.021323,0.170399,-0.985123,0.729909,-0.765768,0.936009
801,3.337500,-0.038619,-0.000833,-0.121762,0.991807,0.751691,-0.661666,0.016305,0.010767,-0.005870,0.238259,-0.971124,0.664587,-0.971786,0.014935,0.006669,-0.021250,0.170201,-0.985158,0.730099,-0.766093,0.936004
802,3.341667,-0.038366,-0.000820,-0.121701,0.991825,0.751692,-0.661697,0.016305,0.010752,-0.005777,0.238326,-0.971109,0.664573,-0.971779,0.014900,0.005045,-0.020528,0.170470,-0.985136,0.730555,-0.766404,0.936357
803,3.345833,-0.037991,-0.000772,-0.121599,0.991852,0.751692,-0.661725,0.016306,0.010632,-0.005579,0.238366,-0.971101,0.664542,-0.971785,0.014867,0.006260,-0.020803,0.169963,-0.985211,0.730558,-0.766758,0.936157
804,3.350000,-0.037523,-0.000736,-0.121486,0.991883,0.751693,-0.661761,0.016306,0.010435,-0.005345,0.238291,-0.971123,0.664506,-0.971795,0.014845,0.006871,-0.020826,0.169554,-0.985277,0.730764,-0.767085,0.936113
805,3.354167,-0.038402,-0.000978,-0.121455,0.991853,0.751689,-0.661814,0.016384,0.010163,-0.005125,0.238173,-0.971156,0.664453,-0.971824,0.014827,0.007239,-0.020694,0.169267,-0.985326,0.730972,-0.767398,0.936105
806,3.358333,-0.038139,-0.000965,-0.121381,0.991873,0.751689,-0.661843,0.016381,0.009770,-0.004848,0.238072,-0.971186,0.664398,-0.971872,0.014810,0.007300,-0.020474,0.169040,-0.985369,0.731161,-0.767716,0.936131
807,3.362500,-0.037630,-0.000895,-0.121291,0.991903,0.751678,-0.661876,0.016374,0.009253,-0.004586,0.238008,-0.971208,0.664336,-0.971933,0.014792,0.007371,-0.020313,0.168750,-0.985422,0.731314,-0.768048,0.936179
808,3.366667,-0.037177,-0.000852,-0.121169,0.991935,0.751679,-0.661911,0.016373,0.008569,-0.004285,0.237981,-0.971223,0.664288,-0.972004,0.014786,0.007494,-0.020114,0.168453,-0.985476,0.731490,-0.768380,0.936235
809,3.370833,-0.036722,-0.000807,-0.121092,0.991962,0.751668,-0.661933,0.016373,0.008079,-0.004016,0.237854,-0.971259,0.664245,-0.972074,0.014771,0.007778,-0.019840,0.168128,-0.985535,0.731672,-0.768708,0.936278
810,3.375000,-0.036406,-0.000759,-0.120950,0.991991,0.751675,-0.661967,0.016380,0.007654,-0.003830,0.237768,-0.971284,0.664205,-0.972144,0.014749,0.006285,-0.019091,0.168193,-0.985549,0.732051,-0.769056,0.936649
811,3.379167,-0.035959,-0.000694,-0.120816,0.992023,0.751669,-0.662000,0.016369,0.007203,-0.003627,0.237685,-0.971309,0.664165,-0.972207,0.014728,0.006319,-0.018760,0.167934,-0.985599,0.732191,-0.769386,0.936704
812,3.383333,-0.035486,-0.000621,-0.120733,0.992050,0.751663,-0.662036,0.016366,0.006726,-0.003435,0.237587,-0.971337,0.664129,-0.972269,0.014710,0.006243,-0.018387,0.167638,-0.985657,0.732337,-0.769715,0.936802
813,3.387500,-0.035171,-0.000557,-0.120622,0.992075,0.751667,-0.662060,0.016365,0.006301,-0.003263,0.237512,-0.971359,0.664099,-0.972316,0.014695,0.006147,-0.018165,0.167321,-0.985716,0.732495,-0.770048,0.936854
814,3.391667,-0.034656,-0.000480,-0.120552,0.992102,0.751657,-0.662084,0.016351,0.005942,-0.003102,0.237437,-0.971380,0.664071,-0.972358,0.014677,0.006175,-0.017927,0.166945,-0.985784,0.732664,-0.770416,0.936894
815,3.395833,-0.034279,-0.000432,-0.120445,0.992128,0.751661,-0.662113,0.016345,0.005680,-0.002967,0.237402,-0.971390,0.664044,-0.972396,0.014659,0.007089,-0.018190,0.166356,-0.985872,0.732614,-0.770813,0.936682
816,3.400000,-0.033962,-0.000355,-0.120374,0.992148,0.751665,-0.662135,0.016344,0.005443,-0.002910,0.237319,-0.971412,0.664021,-0.972422,0.014644,0.007710,-0.017921,0.166016,-0.985930,0.732752,-0.771152,0.936583
817,3.404167,-0.033657,-0.000344,-0.120298,0.992167,0.751663,-0.662164,0.016337,0.005228,-0.002809,0.237297,-0.971419,0.664010,-0.972438,0.014632,0.007963,-0.017675,0.165828,-0.985964,0.732870,-0.771507,0.936526
818,3.408333,-0.033353,-0.000306,-0.120250,0.992183,0.751670,-0.662183,0.016335,0.005128,-0.002763,0.237265,-0.971428,0.663997,-0.972454,0.014609,0.007831,-0.017408,0.165620,-0.986005,0.732978,-0.771891,0.936545
819,3.412500,-0.033006,-0.000216,-0.120170,0.992205,0.751667,-0.662200,0.016332,0.004959,-0.002731,0.237227,-0.971438,0.663993,-0.972468,0.014595,0.007612,-0.017098,0.165335,-0.986060,0.733120,-0.772301,0.936571
820,3.416667,-0.032767,-0.000136,-0.120135,0.992217,0.751670,-0.662212,0.016332,0.004785,-0.002680,0.237214,-0.971442,0.664005,-0.972476,0.014582,0.007434,-0.016803,0.165080,-0.986109,0.733228,-0.772709,0.936579
821,3.420833,-0.032527,-0.000135,-0.120077,0.992232,0.751673,-0.662238,0.016331,0.004722,-0.002697,0.237240,-0.971436,0.664011,-0.972487,0.014569,0.007318,-0.016544,0.164751,-0.986169,0.733318,-0.773106,0.936554
822,3.425000,-0.032267,-0.000064,-0.120072,0.992241,0.751683,-0.662252,0.016328,0.004780,-0.002738,0.237255,-0.971432,0.664030,-0.972481,0.014548,0.007316,-0.016310,0.164482,-0.986218,0.733404,-0.773476,0.936512
823,3.429167,-0.032133,0.000008,-0.120022,0.992251,0.751682,-0.662266,0.016324,0.004917,-0.002838,0.237285,-0.971424,0.664048,-0.972477,0.014535,0.005870,-0.015654,0.164620,-0.986215,0.733702,-0.773852,0.936778
824,3.433333,-0.031838,0.000046,-0.119978,0.992266,0.751687,-0.662274,0.016316,0.005018,-0.002893,0.237302,-0.971419,0.664063,-0.972468,0.014523,0.005697,-0.015344,0.164381,-0.986261,0.733798,-0.774270,0.936801
825,3.437500,-0.031647,0.000094,-0.119946,0.992276,0.751684,-0.662290,0.016315,0.005224,-0.002975,0.237367,-0.971402,0.664086,-0.972462,0.014507,0.006613,-0.015321,0.163772,-0.986357,0.733714,-0.774722,0.936554
826,3.441667,-0.031429,0.000134,-0.119892,0.992289,0.751691,-0.662309,0.016309,0.005468,-0.003108,0.237425,-0.971385,0.664105,-0.972452,0.014489,0.007123,-0.015239,0.163368,-0.986422,0.733825,-0.775121,0.936364
827,3.445833,-0.031209,0.000172,-0.119813,0.992306,0.751695,-0.662328,0.016311,0.005786,-0.003238,0.237487,-0.971368,0.664119,-0.972443,0.014468,0.007306,-0.015047,0.163083,-0.986471,0.733908,-0.775509,0.936261
828,3.450000,-0.030896,0.000230,-0.119793,0.992318,0.751698,-0.662342,0.016307,0.006101,-0.003368,0.237511,-0.971360,0.664135,-0.972434,0.014456,0.007183,-0.014840,0.162844,-0.986514,0.734009,-0.775931,0.936223
829,3.454167,-0.030707,0.000263,-0.119735,0.992331,0.751702,-0.662360,0.016308,0.006515,-0.003541,0.237523,-0.971354,0.664142,-0.972418,0.014437,0.006884,-0.014464,0.162636,-0.986556,0.734093,-0.776355,0.936225
830,3.458333,-0.030395,0.000331,-0.119686,0.992346,0.751698,-0.662382,0.016299,0.006916,-0.003657,0.237570,-0.971339,0.664159,-0.972403,0.014415,0.006843,-0.014147,0.162319,-0.986613,0.734206,-0.776776,0.936184
831,3.462500,-0.030156,0.000367,-0.119614,0.992362,0.751708,-0.662393,0.016296,0.007245,-0.003807,0.237609,-0.971326,0.664165,-0.972392,0.014398,0.006838,-0.013789,0.161954,-0.986678,0.734298,-0.777188,0.936135
832,3.466667,-0.029924,0.000388,-0.119566,0.992375,0.751710,-0.662416,0.016296,0.007574,-0.003894,0.237615,-0.971322,0.664178,-0.972383,0.014385,0.006908,-0.013503,0.161586,-0.986742,0.734382,-0.777611,0.936063
833,3.470833,-0.029666,0.000438,-0.119479,0.992393,0.751712,-0.662436,0.016296,0.007774,-0.003995,0.237625,-0.971318,0.664187,-0.972373,0.014374,0.005713,-0.012848,0.161663,-0.986746,0.734635,-0.777996,0.936260
834,3.475000,-0.029325,0.000477,-0.119440,0.992408,0.751702,-0.662452,0.016291,0.007962,-0.004081,0.237624,-0.971316,0.664197,-0.972365,0.014360,0.005507,-0.012506,0.161411,-0.986793,0.734698,-0.778404,0.936271
835,3.479167,-0.028187,0.000577,-0.119108,0.992481,0.751761,-0.662462,0.016238,0.008148,-0.004173,0.237617,-0.971316,0.664206,-0.972358,0.014340,0.005474,-0.012303,0.161120,-0.986843,0.734838,-0.778855,0.936238
836,3.483333,-0.027970,0.000618,-0.119029,0.992496,0.751757,-0.662486,0.016240,0.008275,-0.004193,0.237638,-0.971310,0.664214,-0.972345,0.014331,0.005508,-0.012043,0.160736,-0.986909,0.734913,-0.779287,0.936171
837,3.487500,-0.027815,0.000640,-0.118953,0.992510,0.751757,-0.662499,0.016241,0.008454,-0.004271,0.237596,-0.971318,0.664226,-0.972335,0.014309,0.005624,-0.011938,0.160434,-0.986958,0.734970,-0.779712,0.936070
838,3.491667,-0.027557,0.000653,-0.118844,0.992530,0.751763,-0.662522,0.016240,0.008600,-0.004304,0.237554,-0.971327,0.664234,-0.972328,0.014290,0.005630,-0.011828,0.160119,-0.987011,0.735037,-0.780116,0.936022
839,3.495833,-0.027429,0.000638,-0.118743,0.992546,0.751765,-0.662542,0.016241,0.008801,-0.004365,0.237573,-0.971320,0.664241,-0.972317,0.014277,0.006161,-0.012019,0.159575,-0.987093,0.735018,-0.780536,0.935870
840,3.500000,-0.027243,0.000630,-0.118653,0.992562,0.751767,-0.662558,0.016238,0.009021,-0.004466,0.237528,-0.971328,0.664238,-0.972303,0.014253,0.006474,-0.011726,0.159215,-0.987153,0.735153,-0.780943,0.935784
841,3.504167,-0.027000,0.000636,-0.118537,0.992582,0.751771,-0.662579,0.016241,0.009227,-0.004520,0.237513,-0.971330,0.664244,-0.972295,0.014243,0.006545,-0.011551,0.158835,-0.987216,0.735241,-0.781344,0.935747
842,3.508333,-0.026812,0.000686,-0.118470,0.992595,0.751771,-0.662596,0.016242,0.009429,-0.004592,0.237494,-0.971332,0.664247,-0.972283,0.014230,0.006460,-0.011390,0.158542,-0.987265,0.735303,-0.781748,0.935731
843,3.512500,-0.026625,0.000698,-0.118391,0.992610,0.751763,-0.662614,0.016244,0.009682,-0.004696,0.237455,-0.971339,0.664250,-0.972264,0.014218,0.006368,-0.011364,0.158284,-0.987308,0.735343,-0.782149,0.935706
844,3.516667,-0.026343,0.000697,-0.118337,0.992624,0.751766,-0.662634,0.016243,0.009985,-0.004718,0.237546,-0.971313,0.664259,-0.972238,0.014201,0.006348,-0.011336,0.157979,-0.987357,0.735419,-0.782562,0.935669
845,3.520833,-0.026006,0.000711,-0.118053,0.992666,0.751749,-0.662625,0.016254,0.010254,-0.004785,0.237527,-0.971315,0.664262,-0.972218,0.014182,0.006453,-0.011316,0.157583,-0.987420,0.735492,-0.782991,0.935635
846,3.525000,-0.025793,0.000758,-0.117968,0.992682,0.751742,-0.662632,0.016247,0.010469,-0.004860,0.237496,-0.971320,0.664263,-0.972202,0.014170,0.006362,-0.011318,0.157315,-0.987463,0.735539,-0.783402,0.935642
847,3.529167,-0.025524,0.000758,-0.117925,0.992694,0.751740,-0.662650,0.016246,0.010674,-0.004933,0.237476,-0.971322,0.664267,-0.972186,0.014151,0.006342,-0.011243,0.156987,-0.987516,0.735596,-0.783802,0.935622
848,3.533333,-0.025295,0.000788,-0.117853,0.992709,0.751737,-0.662665,0.016245,0.010971,-0.005023,0.237472,-0.971320,0.664263,-0.972166,0.014146,0.006296,-0.011282,0.156681,-0.987565,0.735637,-0.784194,0.935609
849,3.537500,-0.025095,0.000818,-0.117814,0.992718,0.751734,-0.662679,0.016241,0.011235,-0.005099,0.237496,-0.971310,0.664267,-0.972146,0.014131,0.006219,-0.011315,0.156334,-0.987620,0.735692,-0.784605,0.935606
850,3.541667,-0.024912,0.000827,-0.117746,0.992731,0.751727,-0.662690,0.016243,0.011568,-0.005155,0.237499,-0.971305,0.664273,-0.972128,0.014118,0.006119,-0.011376,0.155986,-0.987675,0.735756,-0.785002,0.935585
851,3.545833,-0.024744,0.000866,-0.117710,0.992739,0.751722,-0.662701,0.016238,0.011891,-0.005264,0.237489,-0.971303,0.664276,-0.972096,0.014104,0.006244,-0.011383,0.155760,-0.987710,0.735818,-0.785388,0.935539
852,3.550000,-0.024673,0.000876,-0.117637,0.992750,0.751719,-0.662711,0.016241,0.012310,-0.005413,0.237509,-0.971292,0.664278,-0.972069,0.014085,0.004919,-0.010825,0.155816,-0.987715,0.736012,-0.785796,0.935815
853,3.554167,-0.024522,0.000867,-0.117590,0.992759,0.751719,-0.662719,0.016244,0.012691,-0.005510,0.237536,-0.971280,0.664288,-0.972032,0.014073,0.005541,-0.011277,0.155359,-0.987778,0.735906,-0.786226,0.935617
