Frame,Time (Seconds),LFoot:Rotation:X,LFoot:Rotation:Y,LFoot:Rotation:Z,LFoot:Rotation:W,LFoot:Position:X,LFoot:Position:Y,LFoot:Position:Z,RFoot:Rotation:X,RFoot:Rotation:Y,RFoot:Rotation:Z,RFoot:Rotation:W,RFoot:Position:X,RFoot:Position:Y,RFoot:Position:Z,Waist:Rotation:X,Waist:Rotation:Y,Waist:Rotation:Z,Waist:Rotation:W,Waist:Position:X,Waist:Position:Y,Waist:Position:Z
0,0.000000,0.013010,0.014504,-0.342145,-0.939445,-1.441025,-0.822643,0.002916,0.016567,0.006839,-0.216383,-0.976144,-1.258080,-1.049294,0.001608,-0.011801,-0.002680,0.342089,0.939590,-1.347198,-0.959130,0.927811
1,0.004167,0.012948,0.014261,-0.342028,-0.939492,-1.441017,-0.822623,0.002927,0.016470,0.006765,-0.216382,-0.976146,-1.258072,-1.049291,0.001606,-0.011832,-0.002500,0.341932,0.939647,-1.346886,-0.959330,0.927787
2,0.008333,0.012999,0.014043,-0.342106,-0.939467,-1.441008,-0.822598,0.002944,0.016421,0.006713,-0.216376,-0.976149,-1.258066,-1.049297,0.001620,-0.011897,-0.002382,0.341912,0.939654,-1.346551,-0.959542,0.927783
3,0.012500,0.013043,0.013818,-0.342038,-0.939494,-1.441006,-0.822575,0.002966,0.016411,0.006753,-0.216378,-0.976148,-1.258051,-1.049304,0.001619,-0.012083,-0.002158,0.341848,0.939675,-1.346216,-0.959746,0.927776
4,0.016667,0.013140,0.013725,-0.341977,-0.939516,-1.441003,-0.822561,0.002971,0.016352,0.006693,-0.216399,-0.976145,-1.258057,-1.049310,0.001616,-0.012142,-0.001992,0.341721,0.939721,-1.345883,-0.959935,0.927784
5,0.020833,0.011134,0.013889,-0.340071,-0.940231,-1.440863,-0.822257,0.003017,0.016197,0.006668,-0.216404,-0.976147,-1.258048,-1.049305,0.001616,-0.012216,-0.001823,0.341592,0.939767,-1.345554,-0.960128,0.927774
6,0.025000,0.007489,0.013012,-0.338028,-0.941016,-1.440548,-0.822037,0.003176,0.016257,0.006684,-0.216391,-0.976149,-1.258035,-1.049312,0.001626,-0.012314,-0.001624,0.341502,0.939799,-1.345204,-0.960324,0.927763
7,0.029167,0.006439,0.012525,-0.337636,-0.941172,-1.440518,-0.821949,0.003281,0.016218,0.006626,-0.216407,-0.976146,-1.258034,-1.049314,0.001621,-0.012336,-0.001467,0.341469,0.939811,-1.344845,-0.960546,0.927756
8,0.033333,0.006461,0.012409,-0.337381,-0.941264,-1.440506,-0.821811,0.003342,0.016073,0.006637,-0.216425,-0.976144,-1.258027,-1.049317,0.001627,-0.012315,-0.001159,0.341331,0.939862,-1.344477,-0.960727,0.927756
9,0.037500,0.006431,0.012375,-0.337116,-0.941360,-1.440494,-0.821686,0.003360,0.015979,0.006583,-0.216395,-0.976153,-1.258016,-1.049330,0.001619,-0.012398,-0.001070,0.341221,0.939901,-1.344125,-0.960929,0.927733
10,0.041667,0.006150,0.012007,-0.336895,-0.941446,-1.440447,-0.821598,0.003403,0.015947,0.006586,-0.216416,-0.976149,-1.258016,-1.049330,0.001628,-0.012491,-0.000984,0.341191,0.939910,-1.343756,-0.961113,0.927722
11,0.045833,0.006259,0.012031,-0.336769,-0.941490,-1.440441,-0.821535,0.003434,0.015875,0.006560,-0.216411,-0.976151,-1.258004,-1.049326,0.001631,-0.012453,-0.000911,0.341200,0.939908,-1.343375,-0.961331,0.927709
12,0.050000,0.006434,0.012220,-0.336492,-0.941585,-1.440456,-0.821466,0.003448,0.015874,0.006537,-0.216369,-0.976161,-1.257995,-1.049330,0.001637,-0.012671,-0.000877,0.341216,0.939899,-1.342988,-0.961523,0.927701
13,0.054167,0.006565,0.012245,-0.336406,-0.941615,-1.440448,-0.821437,0.003460,0.015833,0.006518,-0.216392,-0.976156,-1.257991,-1.049339,0.001639,-0.012732,-0.000775,0.341199,0.939904,-1.342600,-0.961714,0.927683
14,0.058333,0.007077,0.012441,-0.336414,-0.941605,-1.440471,-0.821442,0.003474,0.015773,0.006433,-0.216397,-0.976157,-1.257981,-1.049341,0.001642,-0.012769,-0.000680,0.341152,0.939921,-1.342209,-0.961901,0.927666
15,0.062500,0.007281,0.012660,-0.336457,-0.941586,-1.440510,-0.821454,0.003467,0.015732,0.006465,-0.216437,-0.976148,-1.257974,-1.049352,0.001642,-0.012705,-0.000611,0.341152,0.939922,-1.341802,-0.962142,0.927621
16,0.066667,0.007761,0.012814,-0.336476,-0.941573,-1.440546,-0.821473,0.003469,0.015656,0.006366,-0.216388,-0.976161,-1.257961,-1.049356,0.001647,-0.012712,-0.000439,0.341165,0.939917,-1.341370,-0.962341,0.927610
17,0.070833,0.008135,0.013181,-0.336475,-0.941565,-1.440602,-0.821475,0.003441,0.015541,0.006374,-0.216445,-0.976150,-1.257961,-1.049351,0.001648,-0.012668,-0.000321,0.341092,0.939944,-1.340955,-0.962557,0.927575
18,0.075000,0.008589,0.013485,-0.336645,-0.941496,-1.440651,-0.821527,0.003456,0.015559,0.006346,-0.216443,-0.976151,-1.257954,-1.049348,0.001650,-0.012563,-0.000154,0.341097,0.939944,-1.340517,-0.962786,0.927541
19,0.079167,0.009285,0.014002,-0.336650,-0.941480,-1.440709,-0.821542,0.003454,0.015547,0.006357,-0.216481,-0.976142,-1.257950,-1.049351,0.001660,-0.012518,-0.000108,0.341167,0.939919,-1.340062,-0.963020,0.927531
20,0.083333,0.009568,0.014103,-0.336737,-0.941444,-1.440734,-0.821569,0.003449,0.015322,0.006343,-0.216486,-0.976145,-1.257931,-1.049358,0.001666,-0.012626,-0.000025,0.341098,0.939943,-1.339623,-0.963223,0.927524
21,0.087500,0.009910,0.014326,-0.336829,-0.941405,-1.440755,-0.821580,0.003460,0.015283,0.006276,-0.216492,-0.976145,-1.257926,-1.049364,0.001665,-0.012558,0.000048,0.341112,0.939939,-1.339167,-0.963485,0.927485
22,0.091667,0.010387,0.014679,-0.336780,-0.941412,-1.440785,-0.821574,0.003455,0.015247,0.006261,-0.216522,-0.976139,-1.257927,-1.049364,0.001663,-0.012519,0.000159,0.341112,0.939939,-1.338689,-0.963701,0.927492
23,0.095833,0.010849,0.014879,-0.336724,-0.941423,-1.440819,-0.821571,0.003482,0.015142,0.006250,-0.216503,-0.976145,-1.257920,-1.049376,0.001661,-0.012445,0.000223,0.341157,0.939924,-1.338207,-0.963937,0.927479
24,0.100000,0.011351,0.015131,-0.336718,-0.941415,-1.440846,-0.821556,0.003490,0.015015,0.006182,-0.216499,-0.976148,-1.257915,-1.049379,0.001671,-0.012394,0.000222,0.341088,0.939950,-1.337746,-0.964173,0.927466
25,0.104167,0.011911,0.015406,-0.336632,-0.941435,-1.440862,-0.821536,0.003499,0.014871,0.006199,-0.216538,-0.976141,-1.257898,-1.049387,0.001668,-0.012369,0.000289,0.341101,0.939945,-1.337257,-0.964400,0.927438
26,0.108333,0.012127,0.015466,-0.336590,-0.941446,-1.440870,-0.821521,0.003520,0.014699,0.006173,-0.216561,-0.976139,-1.257895,-1.049402,0.001669,-0.012489,0.000303,0.341227,0.939898,-1.336740,-0.964646,0.927433
27,0.112500,0.012514,0.015763,-0.336455,-0.941485,-1.440871,-0.821497,0.003528,0.014572,0.006157,-0.216547,-0.976144,-1.257882,-1.049400,0.001686,-0.012525,0.000302,0.341142,0.939928,-1.336258,-0.964892,0.927414
28,0.116667,0.013635,0.016646,-0.336237,-0.941532,-1.440992,-0.821420,0.003499,0.012440,0.004956,-0.216648,-0.976158,-1.258022,-1.049368,0.001480,-0.012555,0.000388,0.341136,0.939930,-1.335734,-0.965148,0.927404
29,0.120833,0.014188,0.016837,-0.336273,-0.941507,-1.441021,-0.821423,0.003516,0.011850,0.004780,-0.216545,-0.976189,-1.258041,-1.049365,0.001454,-0.012553,0.000270,0.341132,0.939931,-1.335231,-0.965441,0.927387
30,0.125000,0.019377,0.016986,-0.340084,-0.940042,-1.441302,-0.821967,0.003212,0.011712,0.004973,-0.216474,-0.976205,-1.258054,-1.049376,0.001469,-0.012543,0.000246,0.341115,0.939938,-1.334715,-0.965713,0.927378
31,0.129167,0.020432,0.017685,-0.340279,-0.939936,-1.441391,-0.822012,0.003205,0.011413,0.005023,-0.216392,-0.976227,-1.258066,-1.049372,0.001462,-0.012492,0.000209,0.341125,0.939935,-1.334191,-0.966013,0.927365
32,0.133333,0.021823,0.018738,-0.340568,-0.939780,-1.441544,-0.822075,0.003194,0.010905,0.004977,-0.216306,-0.976252,-1.258075,-1.049376,0.001442,-0.012683,0.000222,0.341159,0.939920,-1.333639,-0.966274,0.927374
33,0.137500,0.022778,0.019517,-0.340756,-0.939673,-1.441714,-0.822118,0.003159,0.010452,0.005050,-0.216233,-0.976273,-1.258066,-1.049389,0.001438,-0.012638,0.000209,0.341068,0.939954,-1.333117,-0.966553,0.927386
34,0.141667,0.023547,0.020011,-0.341192,-0.939486,-1.441869,-0.822156,0.003146,0.010023,0.004959,-0.216180,-0.976289,-1.258078,-1.049401,0.001418,-0.012515,0.000112,0.341078,0.939952,-1.332589,-0.966853,0.927392
35,0.145833,0.024243,0.020792,-0.341219,-0.939441,-1.442015,-0.822163,0.003132,0.009647,0.004922,-0.216138,-0.976303,-1.258062,-1.049408,0.001422,-0.012392,0.000146,0.341063,0.939959,-1.332030,-0.967159,0.927419
36,0.150000,0.024981,0.021637,-0.341109,-0.939443,-1.442109,-0.822160,0.003111,0.009313,0.005001,-0.216220,-0.976288,-1.258043,-1.049416,0.001425,-0.012308,0.000034,0.340998,0.939983,-1.331489,-0.967485,0.927429
37,0.154167,0.025514,0.022202,-0.340876,-0.939500,-1.442173,-0.822117,0.003103,0.009093,0.004968,-0.216285,-0.976275,-1.258033,-1.049431,0.001425,-0.012465,0.000002,0.341047,0.939964,-1.330919,-0.967792,0.927450
38,0.158333,0.025793,0.022523,-0.340539,-0.939606,-1.442245,-0.822095,0.003096,0.008859,0.004906,-0.216342,-0.976265,-1.258020,-1.049451,0.001428,-0.012410,-0.000022,0.340929,0.940007,-1.330374,-0.968104,0.927459
39,0.162500,0.026136,0.022837,-0.340462,-0.939618,-1.442262,-0.822066,0.003107,0.008747,0.004891,-0.216466,-0.976239,-1.258012,-1.049466,0.001426,-0.012344,-0.000105,0.340925,0.940009,-1.329800,-0.968459,0.927472
40,0.166667,0.026647,0.023046,-0.340435,-0.939608,-1.442253,-0.822033,0.003144,0.008553,0.004899,-0.216601,-0.976210,-1.257991,-1.049486,0.001426,-0.012269,-0.000261,0.340825,0.940047,-1.329258,-0.968802,0.927492
41,0.170833,0.026722,0.023090,-0.340059,-0.939741,-1.442246,-0.821995,0.003174,0.008190,0.004754,-0.216725,-0.976187,-1.257969,-1.049507,0.001426,-0.012041,-0.000265,0.340699,0.940095,-1.328674,-0.969159,0.927542
42,0.175000,0.027035,0.022983,-0.340236,-0.939671,-1.442173,-0.821983,0.003231,0.008006,0.004727,-0.216918,-0.976146,-1.257951,-1.049520,0.001429,-0.011985,-0.000412,0.340626,0.940122,-1.328106,-0.969528,0.927566
43,0.179167,0.027328,0.022760,-0.340413,-0.939603,-1.442115,-0.821961,0.003291,0.007832,0.004703,-0.217099,-0.976107,-1.257938,-1.049554,0.001423,-0.012100,-0.000519,0.340632,0.940119,-1.327518,-0.969883,0.927588
44,0.183333,0.027656,0.022927,-0.340218,-0.939660,-1.442109,-0.821929,0.003317,0.007576,0.004627,-0.217183,-0.976091,-1.257924,-1.049577,0.001421,-0.011917,-0.000621,0.340592,0.940135,-1.326940,-0.970239,0.927639
45,0.187500,0.028106,0.023089,-0.339970,-0.939733,-1.442184,-0.821870,0.003329,0.007350,0.004669,-0.217379,-0.976048,-1.257908,-1.049613,0.001421,-0.011740,-0.000800,0.340461,0.940185,-1.326377,-0.970627,0.927679
46,0.191667,0.028455,0.023166,-0.339805,-0.939780,-1.442224,-0.821818,0.003350,0.006979,0.004698,-0.217553,-0.976012,-1.257894,-1.049639,0.001409,-0.011561,-0.000993,0.340371,0.940220,-1.325801,-0.971015,0.927724
47,0.195833,0.029007,0.023552,-0.339610,-0.939824,-1.442303,-0.821752,0.003355,0.006741,0.004554,-0.217590,-0.976006,-1.257888,-1.049657,0.001395,-0.011461,-0.001284,0.340183,0.940288,-1.325263,-0.971381,0.927767
48,0.200000,0.029530,0.023965,-0.339563,-0.939814,-1.442355,-0.821689,0.003375,0.006617,0.004794,-0.217239,-0.976084,-1.257934,-1.049609,0.001357,-0.011204,-0.001319,0.340106,0.940320,-1.324655,-0.971788,0.927815
49,0.204167,0.029915,0.024220,-0.339614,-0.939777,-1.442428,-0.821641,0.003388,0.006345,0.004796,-0.217329,-0.976066,-1.257952,-1.049645,0.001330,-0.011040,-0.001504,0.339891,0.940399,-1.324098,-0.972173,0.927845
50,0.208333,0.030125,0.024154,-0.339832,-0.939693,-1.442437,-0.821577,0.003431,0.005730,0.004678,-0.217234,-0.976091,-1.257964,-1.049670,0.001311,-0.010737,-0.001682,0.339769,0.940446,-1.323517,-0.972614,0.927891
51,0.212500,0.030681,0.024464,-0.339576,-0.939760,-1.442473,-0.821532,0.003453,0.005174,0.004738,-0.217253,-0.976090,-1.257983,-1.049701,0.001281,-0.009454,-0.000875,0.340265,0.940282,-1.322907,-0.972731,0.927943
52,0.216667,0.031496,0.025082,-0.339405,-0.939778,-1.442544,-0.821468,0.003462,0.004517,0.004697,-0.217200,-0.976105,-1.258005,-1.049728,0.001261,-0.008894,-0.001054,0.340307,0.940272,-1.322358,-0.973159,0.927962
53,0.220833,0.032301,0.025802,-0.339030,-0.939867,-1.442575,-0.821395,0.003481,0.003942,0.004680,-0.217124,-0.976125,-1.258027,-1.049745,0.001237,-0.008413,-0.001137,0.340163,0.940328,-1.321842,-0.973516,0.927979
54,0.225000,0.033463,0.026471,-0.339026,-0.939809,-1.442556,-0.821343,0.003535,0.003402,0.004563,-0.217108,-0.976131,-1.258051,-1.049774,0.001208,-0.007814,-0.001325,0.340242,0.940304,-1.321320,-0.973921,0.927990
55,0.229167,0.034274,0.026805,-0.338954,-0.939796,-1.442560,-0.821281,0.003587,0.002966,0.004541,-0.217064,-0.976142,-1.258071,-1.049804,0.001186,-0.007268,-0.001435,0.340125,0.940351,-1.320821,-0.974278,0.927996
56,0.233333,0.035556,0.027774,-0.338933,-0.939728,-1.442615,-0.821179,0.003657,0.002397,0.004484,-0.217117,-0.976132,-1.258088,-1.049842,0.001173,-0.006767,-0.001634,0.340047,0.940383,-1.320332,-0.974676,0.927988
57,0.237500,0.039814,0.033787,-0.335676,-0.940529,-1.442794,-0.820763,0.003430,0.002189,0.004514,-0.217137,-0.976128,-1.258084,-1.049866,0.001167,-0.006369,-0.001689,0.340058,0.940381,-1.319804,-0.975037,0.927999
58,0.241667,0.040892,0.034037,-0.335521,-0.940529,-1.442765,-0.820655,0.003499,0.001547,0.004326,-0.217171,-0.976123,-1.258093,-1.049892,0.001156,-0.005915,-0.001770,0.339835,0.940465,-1.319325,-0.975415,0.927999
59,0.245833,0.041612,0.034260,-0.335703,-0.940424,-1.442724,-0.820565,0.003610,0.001235,0.004239,-0.217277,-0.976100,-1.258097,-1.049942,0.001133,-0.005531,-0.001900,0.339783,0.940486,-1.318819,-0.975829,0.928000
60,0.250000,0.043018,0.034498,-0.336099,-0.940211,-1.442628,-0.820496,0.003718,0.000883,0.004158,-0.217415,-0.976070,-1.258110,-1.049984,0.001115,-0.005251,-0.002094,0.339556,0.940569,-1.318343,-0.976226,0.928009
61,0.254167,0.044356,0.034757,-0.336634,-0.939948,-1.442580,-0.820420,0.003792,0.000647,0.004049,-0.217528,-0.976045,-1.258108,-1.050012,0.001116,-0.004849,-0.002178,0.339474,0.940601,-1.317830,-0.976651,0.928017
62,0.258333,0.045157,0.034481,-0.337213,-0.939712,-1.442515,-0.820318,0.003936,0.000461,0.004109,-0.217585,-0.976033,-1.258088,-1.050046,0.001120,-0.004610,-0.002277,0.339297,0.940665,-1.317327,-0.977065,0.928022
63,0.262500,0.045331,0.034478,-0.337021,-0.939773,-1.442431,-0.820001,0.004125,0.000915,0.004506,-0.217828,-0.975977,-1.258050,-1.050092,0.001166,-0.004389,-0.002357,0.339146,0.940720,-1.316811,-0.977482,0.928031
64,0.266667,0.045901,0.033819,-0.337391,-0.939636,-1.442156,-0.819878,0.004364,0.000395,0.004289,-0.218591,-0.975807,-1.257915,-1.050259,0.001295,-0.004148,-0.002406,0.338874,0.940820,-1.316308,-0.977912,0.928036
65,0.270833,0.046873,0.033111,-0.338328,-0.939277,-1.441963,-0.819755,0.004609,-0.000879,0.003427,-0.218883,-0.975745,-1.257935,-1.050260,0.001193,-0.003734,-0.002347,0.338526,0.940947,-1.315812,-0.978304,0.928051
66,0.275000,0.050123,0.033566,-0.341589,-0.937911,-1.442087,-0.819902,0.004700,-0.000675,0.003271,-0.219169,-0.975681,-1.257902,-1.050279,0.001207,-0.003295,-0.002350,0.338451,0.940975,-1.315281,-0.978743,0.928076
67,0.279167,0.050803,0.032502,-0.344093,-0.936997,-1.441952,-0.819742,0.005003,-0.000708,0.003055,-0.219377,-0.975635,-1.257864,-1.050309,0.001234,-0.002879,-0.002336,0.338144,0.941087,-1.314790,-0.979134,0.928107
68,0.283333,0.052682,0.032254,-0.346235,-0.936112,-1.441724,-0.819663,0.005288,-0.000676,0.003069,-0.219644,-0.975575,-1.257828,-1.050329,0.001256,-0.002421,-0.002319,0.338056,0.941120,-1.314268,-0.979560,0.928124
69,0.287500,0.054599,0.031447,-0.348422,-0.935218,-1.441402,-0.819619,0.005616,-0.000576,0.002997,-0.219865,-0.975525,-1.257796,-1.050358,0.001273,-0.001836,-0.002119,0.337797,0.941215,-1.313747,-0.979947,0.928181
70,0.291667,0.056529,0.030569,-0.349887,-0.934585,-1.441092,-0.819587,0.005949,-0.000276,0.003174,-0.220030,-0.975488,-1.257747,-1.050379,0.001339,-0.001204,-0.002107,0.337677,0.941259,-1.313236,-0.980383,0.928232
71,0.295833,0.058079,0.029442,-0.350870,-0.934157,-1.440803,-0.819512,0.006294,0.000438,0.003577,-0.220240,-0.975439,-1.257693,-1.050397,0.001422,-0.000682,-0.002050,0.337350,0.941377,-1.312752,-0.980813,0.928248
72,0.300000,0.059806,0.028029,-0.352211,-0.933587,-1.440538,-0.819468,0.006663,-0.001089,0.002475,-0.220679,-0.975343,-1.257752,-1.050368,0.001272,-0.000189,-0.002013,0.337020,0.941495,-1.312271,-0.981226,0.928289
73,0.304167,0.061484,0.026441,-0.353525,-0.933028,-1.440224,-0.819446,0.007096,-0.001534,0.001956,-0.220860,-0.975302,-1.257769,-1.050400,0.001210,0.000369,-0.002072,0.336917,0.941532,-1.311779,-0.981669,0.928336
74,0.308333,0.062447,0.024271,-0.354757,-0.932555,-1.439943,-0.819465,0.007637,-0.001894,0.001883,-0.221045,-0.975260,-1.257778,-1.050391,0.001213,0.001005,-0.002088,0.336640,0.941631,-1.311309,-0.982083,0.928402
75,0.312500,0.063169,0.021484,-0.357097,-0.931681,-1.439689,-0.819503,0.008235,-0.001812,0.002254,-0.220800,-0.975315,-1.257771,-1.050436,0.001257,0.001591,-0.002181,0.336598,0.941644,-1.310828,-0.982506,0.928471
76,0.316667,0.064836,0.018810,-0.359988,-0.930511,-1.439359,-0.819533,0.008873,-0.001673,0.002480,-0.220417,-0.975401,-1.257759,-1.050501,0.001290,0.002235,-0.002184,0.336391,0.941717,-1.310367,-0.982907,0.928547
77,0.320833,0.067066,0.016609,-0.361549,-0.929789,-1.439101,-0.819546,0.009448,-0.001410,0.002951,-0.220389,-0.975406,-1.257773,-1.050516,0.001358,0.002885,-0.002261,0.336244,0.941768,-1.309914,-0.983331,0.928617
78,0.325000,0.070515,0.014067,-0.365464,-0.928044,-1.439168,-0.819488,0.009848,-0.002374,0.002422,-0.220401,-0.975404,-1.257820,-1.050512,0.001266,0.003587,-0.002330,0.336212,0.941776,-1.309457,-0.983749,0.928694
79,0.329167,0.072262,0.010471,-0.369138,-0.926502,-1.438900,-0.819430,0.010514,-0.002877,0.002191,-0.220348,-0.975415,-1.257846,-1.050524,0.001216,0.004205,-0.002361,0.336128,0.941804,-1.309038,-0.984161,0.928761
80,0.333333,0.072496,0.008218,-0.368253,-0.926858,-1.438162,-0.819402,0.011608,-0.003043,0.002370,-0.220302,-0.975424,-1.257870,-1.050541,0.001233,0.004935,-0.002454,0.336363,0.941716,-1.308646,-0.984614,0.928845
81,0.337500,0.074064,0.004976,-0.369712,-0.926177,-1.437622,-0.819392,0.012470,-0.002979,0.002658,-0.220254,-0.975434,-1.257892,-1.050559,0.001279,0.006102,-0.002623,0.336537,0.941647,-1.308395,-0.985154,0.928974
82,0.341667,0.075645,0.002037,-0.371893,-0.925186,-1.437113,-0.819315,0.013235,-0.003722,0.002404,-0.220309,-0.975420,-1.257924,-1.050560,0.001222,0.007095,-0.002238,0.337704,0.941223,-1.308239,-0.985577,0.929058
83,0.345833,0.078595,-0.001709,-0.376207,-0.923195,-1.436743,-0.819277,0.013973,-0.004078,0.002224,-0.220291,-0.975423,-1.257946,-1.050579,0.001192,0.007194,-0.002002,0.338535,0.940924,-1.308154,-0.985943,0.928995
84,0.350000,0.083329,-0.006124,-0.379894,-0.921249,-1.436361,-0.819432,0.014492,-0.004113,0.002436,-0.220281,-0.975425,-1.257961,-1.050608,0.001222,0.007286,-0.001455,0.339222,0.940677,-1.308042,-0.986292,0.928962
85,0.354167,0.086003,-0.010374,-0.382630,-0.919832,-1.435944,-0.819445,0.015235,-0.003835,0.002715,-0.220298,-0.975421,-1.257960,-1.050625,0.001274,0.005812,-0.000969,0.339128,0.940722,-1.307709,-0.986758,0.928773
86,0.358333,0.089454,-0.014278,-0.386684,-0.917753,-1.435436,-0.819473,0.016051,-0.003371,0.003203,-0.220349,-0.975410,-1.257917,-1.050664,0.001344,0.010115,-0.000410,0.339876,0.940416,-1.307724,-0.987235,0.929337
87,0.362500,0.092354,-0.018389,-0.390150,-0.915924,-1.434955,-0.819496,0.016809,-0.004800,0.002116,-0.220545,-0.975363,-1.258002,-1.050655,0.001182,0.010920,0.000380,0.340565,0.940158,-1.307595,-0.987618,0.929443
88,0.366667,0.095764,-0.022013,-0.393480,-0.914067,-1.434392,-0.819491,0.017524,-0.005134,0.002122,-0.220649,-0.975338,-1.258005,-1.050675,0.001184,0.011624,0.001173,0.341096,0.939956,-1.307501,-0.987996,0.929540
89,0.370833,0.099496,-0.024034,-0.393631,-0.913552,-1.433338,-0.819278,0.018261,-0.005328,0.002095,-0.220772,-0.975309,-1.258005,-1.050697,0.001172,0.012256,0.002075,0.341852,0.939672,-1.307372,-0.988376,0.929630
90,0.375000,0.107992,-0.022984,-0.393227,-0.912788,-1.432466,-0.819037,0.018415,-0.005557,0.002122,-0.220850,-0.975290,-1.258016,-1.050718,0.001181,0.012754,0.002934,0.342453,0.939444,-1.307277,-0.988724,0.929716
91,0.379167,0.109736,-0.027529,-0.394068,-0.912091,-1.431505,-0.819118,0.019319,-0.005730,0.002168,-0.220912,-0.975275,-1.258017,-1.050741,0.001182,0.013193,0.003801,0.343071,0.939209,-1.307184,-0.989105,0.929772
92,0.383333,0.111570,-0.033750,-0.396230,-0.910722,-1.430400,-0.819312,0.020359,-0.005998,0.002093,-0.220980,-0.975258,-1.258028,-1.050756,0.001181,0.013519,0.004624,0.343900,0.938897,-1.307068,-0.989506,0.929823
93,0.387500,0.113095,-0.040718,-0.398837,-0.909110,-1.429417,-0.819005,0.021341,-0.006104,0.002086,-0.221032,-0.975245,-1.258039,-1.050793,0.001188,0.013711,0.005457,0.344577,0.938642,-1.306964,-0.989856,0.929877
94,0.391667,0.114836,-0.046713,-0.400833,-0.907724,-1.428096,-0.818914,0.022631,-0.005960,0.002506,-0.221060,-0.975239,-1.258029,-1.050816,0.001247,0.013875,0.006268,0.345449,0.938314,-1.306828,-0.990215,0.929929
95,0.395833,0.115338,-0.050770,-0.402410,-0.906744,-1.427074,-0.818953,0.023649,-0.006790,0.002126,-0.221187,-0.975205,-1.258054,-1.050832,0.001186,0.013977,0.007149,0.346158,0.938045,-1.306701,-0.990515,0.929980
96,0.400000,0.117446,-0.054882,-0.403882,-0.905579,-1.425837,-0.819022,0.024564,-0.007117,0.001925,-0.221229,-0.975194,-1.258078,-1.050854,0.001161,0.014262,0.008267,0.346861,0.937772,-1.306532,-0.990748,0.930087
97,0.404167,0.118600,-0.060588,-0.404994,-0.904568,-1.424525,-0.819057,0.025493,-0.007345,0.002156,-0.221276,-0.975181,-1.258072,-1.050869,0.001194,0.014022,0.009137,0.347716,0.937451,-1.306364,-0.991065,0.930084
98,0.408333,0.117939,-0.066662,-0.404766,-0.904329,-1.423346,-0.819369,0.026398,-0.007313,0.002321,-0.221320,-0.975171,-1.258075,-1.050893,0.001214,0.013529,0.009949,0.348394,0.937198,-1.306217,-0.991340,0.930050
99,0.412500,0.116000,-0.074819,-0.406356,-0.903228,-1.421921,-0.819469,0.027684,-0.007888,0.002078,-0.221381,-0.975153,-1.258094,-1.050912,0.001187,0.013241,0.010844,0.349122,0.936921,-1.306055,-0.991590,0.930032
100,0.416667,0.112665,-0.084074,-0.407315,-0.902404,-1.420288,-0.819578,0.029095,-0.008027,0.002215,-0.221369,-0.975155,-1.258099,-1.050933,0.001199,0.012900,0.011700,0.349906,0.936623,-1.305877,-0.991889,0.929951
101,0.420833,0.105188,-0.091182,-0.408849,-0.901922,-1.418917,-0.819339,0.030639,-0.008161,0.002249,-0.221425,-0.975141,-1.258109,-1.050956,0.001228,0.012887,0.012635,0.350512,0.936384,-1.305708,-0.992108,0.929934
102,0.425000,0.107835,-0.097642,-0.410165,-0.900335,-1.417482,-0.819742,0.031267,-0.008679,0.002224,-0.221480,-0.975124,-1.258117,-1.050973,0.001215,0.013016,0.013422,0.351242,0.936098,-1.305536,-0.992354,0.929932
103,0.429167,0.105807,-0.103361,-0.411553,-0.899303,-1.415701,-0.819593,0.032448,-0.008961,0.002167,-0.221500,-0.975117,-1.258129,-1.050999,0.001212,0.013255,0.014459,0.351835,0.935856,-1.305322,-0.992549,0.929963
104,0.433333,0.104198,-0.107191,-0.412865,-0.898441,-1.413812,-0.819464,0.033517,-0.009249,0.002233,-0.221498,-0.975114,-1.258124,-1.051027,0.001220,0.013475,0.015268,0.352366,0.935641,-1.305145,-0.992728,0.929989
105,0.437500,0.101488,-0.111926,-0.413480,-0.897890,-1.411611,-0.819144,0.034955,-0.009566,0.002221,-0.221565,-0.975096,-1.258142,-1.051040,0.001226,0.013883,0.016090,0.352887,0.935425,-1.304951,-0.992897,0.930031
106,0.441667,0.102217,-0.112435,-0.420840,-0.894318,-1.409271,-0.819524,0.036218,-0.009828,0.002262,-0.221587,-0.975089,-1.258149,-1.051056,0.001239,0.014346,0.016822,0.353537,0.935159,-1.304730,-0.993108,0.930059
107,0.445833,0.101218,-0.109280,-0.424040,-0.893310,-1.407085,-0.819450,0.037137,-0.009848,0.002346,-0.221535,-0.975100,-1.258146,-1.051085,0.001278,0.014817,0.017654,0.354001,0.934961,-1.304505,-0.993252,0.930097
108,0.450000,0.103289,-0.105721,-0.424977,-0.893056,-1.404889,-0.819562,0.037724,-0.010251,0.002302,-0.221581,-0.975085,-1.258159,-1.051098,0.001264,0.015174,0.018648,0.354499,0.934747,-1.304231,-0.993369,0.930158
109,0.454167,0.098156,-0.097596,-0.424423,-0.894822,-1.402537,-0.819324,0.038947,-0.010496,0.002260,-0.221605,-0.975077,-1.258172,-1.051119,0.001272,0.015658,0.019488,0.354979,0.934540,-1.303960,-0.993494,0.930224
110,0.458333,0.103477,-0.095707,-0.421529,-0.895793,-1.399705,-0.818798,0.038922,-0.010472,0.002406,-0.221542,-0.975092,-1.258155,-1.051145,0.001304,0.016108,0.020239,0.355441,0.934341,-1.303688,-0.993618,0.930289
111,0.462500,0.108182,-0.092210,-0.417141,-0.897657,-1.396888,-0.817763,0.038872,-0.010293,0.002880,-0.221547,-0.975091,-1.258129,-1.051183,0.001371,0.016533,0.020987,0.355818,0.934173,-1.303411,-0.993720,0.930352
112,0.466667,0.111861,-0.089360,-0.414932,-0.898517,-1.394082,-0.816948,0.038968,-0.011262,0.002279,-0.221656,-0.975057,-1.258157,-1.051188,0.001291,0.016891,0.021965,0.356195,0.934001,-1.303079,-0.993764,0.930474
113,0.470833,0.110987,-0.086746,-0.412865,-0.899833,-1.390558,-0.816466,0.039599,-0.011735,0.002096,-0.221703,-0.975041,-1.258163,-1.051196,0.001270,0.017356,0.022650,0.356681,0.933791,-1.302757,-0.993894,0.930562
114,0.475000,0.109630,-0.088345,-0.404321,-0.903715,-1.386375,-0.815012,0.039595,-0.011629,0.002230,-0.221708,-0.975041,-1.258160,-1.051213,0.001309,0.017846,0.023405,0.356972,0.933651,-1.302440,-0.993959,0.930658
115,0.479167,0.097551,-0.100516,-0.399246,-0.906081,-1.381070,-0.812910,0.041647,-0.011499,0.002406,-0.221707,-0.975043,-1.258140,-1.051246,0.001339,0.018457,0.024254,0.357220,0.933523,-1.302094,-0.994006,0.930783
116,0.483333,0.097947,-0.098773,-0.395388,-0.907920,-1.376810,-0.811815,0.041805,-0.012044,0.002302,-0.221774,-0.975021,-1.258147,-1.051245,0.001321,0.018399,0.025305,0.357512,0.933384,-1.301709,-0.993967,0.930897
117,0.487500,0.103461,-0.095435,-0.395683,-0.907537,-1.372807,-0.811599,0.041631,-0.012220,0.002267,-0.221762,-0.975022,-1.258144,-1.051261,0.001318,0.015933,0.026048,0.358381,0.933076,-1.301391,-0.994244,0.930577
118,0.491667,0.110077,-0.095892,-0.395834,-0.906644,-1.368739,-0.810787,0.041390,-0.012166,0.002347,-0.221784,-0.975017,-1.258134,-1.051278,0.001346,0.015913,0.026947,0.358670,0.932940,-1.301036,-0.994224,0.930672
119,0.495833,0.111941,-0.095095,-0.391863,-0.908223,-1.364434,-0.809229,0.041346,-0.011816,0.002647,-0.221778,-0.975022,-1.258122,-1.051295,0.001396,0.015806,0.027989,0.358982,0.932791,-1.300671,-0.994186,0.930772
120,0.500000,0.116826,-0.094121,-0.388070,-0.909338,-1.360477,-0.807734,0.041183,-0.012628,0.002244,-0.221835,-0.975000,-1.258131,-1.051296,0.001333,0.015689,0.028859,0.359331,0.932632,-1.300331,-0.994153,0.930850
121,0.504167,0.117603,-0.090579,-0.384479,-0.911121,-1.355908,-0.806263,0.040883,-0.013015,0.002203,-0.221863,-0.974989,-1.258120,-1.051287,0.001326,0.015470,0.029754,0.359771,0.932438,-1.299993,-0.994104,0.930927
122,0.508333,0.117980,-0.085983,-0.383193,-0.912059,-1.351601,-0.804924,0.040512,-0.013000,0.002102,-0.221891,-0.974983,-1.258120,-1.051305,0.001327,0.015205,0.030776,0.360273,0.932215,-1.299632,-0.994054,0.931001
123,0.512500,0.105022,-0.081274,-0.370569,-0.919262,-1.346169,-0.802594,0.040725,-0.012794,0.002192,-0.221848,-0.974995,-1.258118,-1.051314,0.001333,0.015093,0.031791,0.360676,0.932027,-1.299296,-0.993973,0.931067
124,0.516667,0.100081,-0.078950,-0.367746,-0.921148,-1.342043,-0.800644,0.040416,-0.013026,0.002101,-0.221858,-0.974990,-1.258117,-1.051324,0.001321,0.015315,0.032946,0.361020,0.931850,-1.298943,-0.993903,0.931173
125,0.520833,0.105758,-0.072962,-0.372419,-0.919128,-1.337062,-0.799793,0.039888,-0.013128,0.002126,-0.221838,-0.974993,-1.258115,-1.051322,0.001333,0.015563,0.033951,0.361344,0.931684,-1.298622,-0.993834,0.931268
126,0.525000,0.099769,-0.066366,-0.365470,-0.923078,-1.332037,-0.797582,0.039486,-0.013117,0.002090,-0.221867,-0.974986,-1.258123,-1.051324,0.001331,0.015708,0.034975,0.361726,0.931496,-1.298300,-0.993745,0.931347
127,0.529167,0.097434,-0.059407,-0.359892,-0.925989,-1.327002,-0.794648,0.039126,-0.013208,0.002142,-0.221882,-0.974982,-1.258116,-1.051321,0.001333,0.018388,0.036028,0.361701,0.931416,-1.297917,-0.993419,0.931881
128,0.533333,0.096471,-0.053899,-0.354998,-0.928313,-1.321594,-0.792326,0.038752,-0.012931,0.002228,-0.221809,-0.975002,-1.258115,-1.051321,0.001361,0.018939,0.037152,0.362162,0.931182,-1.297536,-0.993351,0.931936
129,0.537500,0.097316,-0.048937,-0.354661,-0.928628,-1.316503,-0.790189,0.038195,-0.013149,0.002115,-0.221841,-0.974992,-1.258127,-1.051321,0.001344,0.019421,0.038394,0.362495,0.930992,-1.297140,-0.993191,0.932053
130,0.541667,0.102156,-0.043629,-0.353218,-0.928923,-1.311273,-0.787916,0.037352,-0.013051,0.002085,-0.221827,-0.974997,-1.258135,-1.051323,0.001349,0.019879,0.039633,0.362751,0.930831,-1.296744,-0.993018,0.932092
131,0.545833,0.096508,-0.041155,-0.350156,-0.930797,-1.306085,-0.785336,0.037081,-0.013036,0.002053,-0.221820,-0.974998,-1.258133,-1.051327,0.001327,0.020429,0.040658,0.363081,0.930646,-1.296370,-0.992853,0.932150
132,0.550000,0.094251,-0.039198,-0.349528,-0.931349,-1.300924,-0.782846,0.036668,-0.012984,0.002041,-0.221803,-0.975003,-1.258136,-1.051343,0.001323,0.018362,0.041840,0.363812,0.930351,-1.296011,-0.992874,0.931865
133,0.554167,0.091932,-0.035937,-0.347716,-0.932390,-1.295694,-0.780207,0.036246,-0.013069,0.002058,-0.221863,-0.974988,-1.258148,-1.051334,0.001333,0.018175,0.042752,0.364391,0.930086,-1.295636,-0.992699,0.931866
134,0.558333,0.092301,-0.033161,-0.347165,-0.932662,-1.290228,-0.777237,0.035809,-0.013004,0.002023,-0.221843,-0.974994,-1.258147,-1.051334,0.001320,0.017900,0.043929,0.364980,0.929806,-1.295232,-0.992522,0.931862
135,0.562500,0.089714,-0.030229,-0.344864,-0.933866,-1.284725,-0.774288,0.035411,-0.013008,0.002011,-0.221824,-0.974998,-1.258155,-1.051330,0.001316,0.017600,0.045059,0.365557,0.929531,-1.294852,-0.992310,0.931833
136,0.566667,0.076902,-0.027458,-0.337852,-0.937650,-1.279259,-0.770704,0.035308,-0.012880,0.002056,-0.221835,-0.974997,-1.258158,-1.051330,0.001317,0.019715,0.046183,0.365630,0.929405,-1.294398,-0.991863,0.932243
137,0.570833,0.076317,-0.018508,-0.335737,-0.938677,-1.273824,-0.767715,0.034550,-0.012902,0.001976,-0.221818,-0.975001,-1.258168,-1.051337,0.001304,0.019780,0.047294,0.366074,0.929173,-1.293989,-0.991673,0.932250
138,0.575000,0.084548,-0.008423,-0.336831,-0.937723,-1.268399,-0.765330,0.033207,-0.012876,0.002047,-0.221820,-0.975001,-1.258176,-1.051334,0.001315,0.019844,0.048467,0.366470,0.928955,-1.293567,-0.991406,0.932284
139,0.579167,0.081572,-0.002751,-0.336610,-0.938100,-1.262967,-0.762355,0.032889,-0.012935,0.001985,-0.221779,-0.975009,-1.258174,-1.051338,0.001310,0.019948,0.049528,0.367116,0.928641,-1.293121,-0.991223,0.932271
140,0.583333,0.079129,0.003314,-0.335642,-0.938654,-1.257474,-0.759209,0.032416,-0.012904,0.002061,-0.221807,-0.975003,-1.258184,-1.051327,0.001325,0.020000,0.050532,0.367586,0.928400,-1.292696,-0.990995,0.932262
141,0.587500,0.077506,0.005696,-0.335953,-0.938667,-1.251807,-0.755998,0.032093,-0.012882,0.002063,-0.221774,-0.975011,-1.258182,-1.051342,0.001325,0.015350,0.050750,0.368182,0.928241,-1.292338,-0.990962,0.931857
142,0.591667,0.075925,0.010411,-0.336701,-0.938488,-1.246366,-0.752853,0.031665,-0.012774,0.002121,-0.221665,-0.975037,-1.258209,-1.051369,0.001319,0.014870,0.051689,0.368671,0.928002,-1.291909,-0.990764,0.931814
143,0.595833,0.073351,0.014595,-0.337116,-0.938488,-1.240901,-0.749651,0.031407,-0.012621,0.002341,-0.221787,-0.975011,-1.258202,-1.051345,0.001361,0.016905,0.053249,0.368558,0.927924,-1.291328,-0.990129,0.932155
144,0.600000,0.072532,0.019614,-0.336571,-0.938656,-1.235160,-0.746368,0.031263,-0.013103,0.001817,-0.221804,-0.975002,-1.258200,-1.051356,0.001268,0.016574,0.054202,0.368780,0.927787,-1.290865,-0.989886,0.932106
145,0.604167,0.070084,0.023700,-0.336530,-0.938762,-1.229584,-0.743047,0.031102,-0.013072,0.001750,-0.221831,-0.974996,-1.258209,-1.051358,0.001255,0.015920,0.055261,0.369311,0.927525,-1.290318,-0.989619,0.932069
146,0.608333,0.068001,0.028359,-0.336260,-0.938883,-1.223933,-0.739744,0.030880,-0.013031,0.001718,-0.221792,-0.975006,-1.258212,-1.051363,0.001254,0.016277,0.055976,0.369711,0.927316,-1.289850,-0.989496,0.932089
147,0.612500,0.063271,0.032892,-0.336495,-0.938981,-1.218480,-0.736281,0.030938,-0.013063,0.001725,-0.221797,-0.975004,-1.258214,-1.051378,0.001248,0.013532,0.056817,0.370639,0.926939,-1.289382,-0.989505,0.931717
148,0.616667,0.062816,0.038527,-0.336412,-0.938827,-1.212827,-0.733059,0.030769,-0.013023,0.001824,-0.221787,-0.975006,-1.258223,-1.051372,0.001260,0.015548,0.058262,0.370309,0.926949,-1.288752,-0.988727,0.931992
149,0.620833,0.061368,0.043996,-0.335482,-0.939016,-1.206952,-0.729738,0.030727,-0.013043,0.001873,-0.221821,-0.974998,-1.258235,-1.051382,0.001266,0.015316,0.059301,0.370625,0.926761,-1.288193,-0.988376,0.931970
150,0.625000,0.059061,0.050613,-0.334788,-0.939078,-1.201349,-0.726570,0.030831,-0.013115,0.001892,-0.221815,-0.974999,-1.258241,-1.051378,0.001260,0.015443,0.060339,0.370809,0.926618,-1.287626,-0.988017,0.931895
151,0.629167,0.057841,0.056215,-0.334291,-0.939012,-1.195633,-0.723275,0.030823,-0.013059,0.001852,-0.221773,-0.975009,-1.258250,-1.051385,0.001267,0.015205,0.061553,0.371232,0.926373,-1.286981,-0.987660,0.931808
152,0.633333,0.057850,0.062138,-0.334901,-0.938421,-1.189952,-0.720060,0.030996,-0.013113,0.001892,-0.221800,-0.975002,-1.258275,-1.051395,0.001270,0.015446,0.062286,0.371678,0.926141,-1.286432,-0.987392,0.931732
153,0.637500,0.053729,0.062348,-0.332947,-0.939347,-1.183921,-0.716259,0.031509,-0.013031,0.001930,-0.221768,-0.975010,-1.258281,-1.051405,0.001268,0.013612,0.063027,0.372604,0.925747,-1.285939,-0.987372,0.931412
154,0.641667,0.057251,0.065860,-0.336513,-0.937627,-1.178100,-0.713526,0.032075,-0.012873,0.002184,-0.221738,-0.975019,-1.258284,-1.051412,0.001303,0.013568,0.064032,0.372990,0.925524,-1.285371,-0.986952,0.931283
155,0.645833,0.054712,0.069347,-0.338066,-0.936968,-1.172238,-0.710696,0.032440,-0.012976,0.002048,-0.221800,-0.975004,-1.258318,-1.051412,0.001280,0.014680,0.065645,0.372636,0.925536,-1.284570,-0.986045,0.931398
156,0.650000,0.054973,0.073465,-0.339619,-0.936077,-1.166739,-0.708031,0.032566,-0.013064,0.002201,-0.221905,-0.974978,-1.258335,-1.051420,0.001286,0.014707,0.066463,0.372886,0.925377,-1.283992,-0.985666,0.931271
157,0.654167,0.054268,0.077228,-0.339521,-0.935851,-1.161493,-0.705101,0.032670,-0.012994,0.002094,-0.221854,-0.974991,-1.258351,-1.051435,0.001273,0.014395,0.067636,0.373259,0.925146,-1.283321,-0.985178,0.931134
158,0.658333,0.049763,0.081868,-0.335448,-0.937175,-1.155795,-0.701334,0.033181,-0.012946,0.002139,-0.221891,-0.974983,-1.258374,-1.051441,0.001265,0.012735,0.068107,0.374546,0.924616,-1.282834,-0.985192,0.930805
159,0.662500,0.046457,0.086787,-0.334799,-0.937134,-1.150423,-0.698109,0.033745,-0.013030,0.002191,-0.221981,-0.974962,-1.258401,-1.051447,0.001262,0.012358,0.069069,0.375012,0.924361,-1.282211,-0.984728,0.930646
160,0.666667,0.048436,0.089368,-0.337001,-0.936001,-1.144800,-0.695904,0.034149,-0.012921,0.002244,-0.222001,-0.974958,-1.258414,-1.051467,0.001256,0.011984,0.070286,0.375544,0.924058,-1.281558,-0.984297,0.930485
161,0.670833,0.046985,0.093452,-0.338474,-0.935144,-1.139587,-0.693376,0.034548,-0.012930,0.002290,-0.222059,-0.974945,-1.258433,-1.051494,0.001247,0.011409,0.071284,0.376063,0.923778,-1.280954,-0.983882,0.930342
162,0.675000,0.047367,0.096509,-0.337239,-0.935260,-1.134383,-0.690830,0.034796,-0.012868,0.002310,-0.222112,-0.974933,-1.258464,-1.051501,0.001238,0.011088,0.072533,0.376663,0.923440,-1.280318,-0.983392,0.930263
163,0.679167,0.045537,0.100250,-0.333402,-0.936333,-1.129191,-0.687396,0.035535,-0.012947,0.002315,-0.222223,-0.974907,-1.258479,-1.051511,0.001227,0.010760,0.073695,0.377360,0.923067,-1.279701,-0.982879,0.930147
164,0.683333,0.044761,0.104159,-0.331449,-0.936637,-1.123866,-0.684603,0.036008,-0.012848,0.002344,-0.222292,-0.974893,-1.258505,-1.051528,0.001222,0.010107,0.074763,0.378024,0.922717,-1.279093,-0.982429,0.929994
165,0.687500,0.044305,0.107339,-0.329332,-0.937046,-1.118649,-0.681957,0.036619,-0.012796,0.002244,-0.222330,-0.974885,-1.258522,-1.051545,0.001195,0.011844,0.076179,0.378876,0.922231,-1.278573,-0.982276,0.930199
166,0.691667,0.043653,0.110616,-0.326897,-0.937548,-1.113384,-0.679313,0.037200,-0.012717,0.002339,-0.222464,-0.974855,-1.258538,-1.051549,0.001191,0.008191,0.077242,0.380248,0.921617,-1.278225,-0.981566,0.929572
167,0.695833,0.044684,0.114128,-0.324845,-0.937792,-1.108392,-0.676888,0.037981,-0.012635,0.002346,-0.222588,-0.974828,-1.258556,-1.051555,0.001167,0.011326,0.079206,0.380463,0.921328,-1.277422,-0.981315,0.929977
168,0.700000,0.046104,0.115833,-0.323535,-0.937967,-1.103253,-0.674857,0.038456,-0.012645,0.002272,-0.222626,-0.974819,-1.258569,-1.051574,0.001151,0.011101,0.080863,0.381391,0.920803,-1.276844,-0.980823,0.929876
169,0.704167,0.045041,0.117395,-0.319931,-0.939060,-1.098274,-0.672414,0.039341,-0.012638,0.002270,-0.222730,-0.974796,-1.258578,-1.051590,0.001142,0.008139,0.082208,0.382646,0.920194,-1.276414,-0.980186,0.929267
170,0.708333,0.046757,0.120456,-0.317465,-0.939425,-1.093100,-0.670247,0.040210,-0.012429,0.002341,-0.222799,-0.974782,-1.258582,-1.051580,0.001142,0.008232,0.083824,0.383294,0.919778,-1.275871,-0.979673,0.929167
171,0.712500,0.044591,0.122714,-0.314727,-0.940159,-1.088294,-0.667979,0.041356,-0.012559,0.002479,-0.222910,-0.974755,-1.258576,-1.051580,0.001143,0.007848,0.085536,0.384188,0.919250,-1.275300,-0.979071,0.929006
172,0.716667,0.044709,0.125939,-0.312566,-0.940448,-1.083485,-0.666023,0.042196,-0.012346,0.002523,-0.223026,-0.974731,-1.258570,-1.051589,0.001129,0.007730,0.086989,0.384923,0.918808,-1.274765,-0.978548,0.928813
173,0.720833,0.045638,0.128605,-0.309494,-0.941059,-1.078811,-0.664100,0.042963,-0.012097,0.002499,-0.223072,-0.974724,-1.258578,-1.051592,0.001119,0.007285,0.088627,0.386079,0.918169,-1.274161,-0.978049,0.928589
174,0.725000,0.042889,0.131504,-0.305727,-0.942018,-1.074094,-0.662163,0.043886,-0.011989,0.002616,-0.223288,-0.974675,-1.258559,-1.051587,0.001116,0.007186,0.090218,0.386883,0.917677,-1.273554,-0.977400,0.928462
175,0.729167,0.042329,0.134266,-0.302420,-0.942721,-1.069482,-0.660364,0.044776,-0.012144,0.002798,-0.223520,-0.974620,-1.258516,-1.051605,0.001155,0.007432,0.091571,0.387746,0.917177,-1.272943,-0.976724,0.928298
176,0.733333,0.042338,0.137196,-0.298744,-0.943471,-1.065055,-0.658613,0.045538,-0.012055,0.002578,-0.223601,-0.974603,-1.258451,-1.051643,0.001087,0.007236,0.093023,0.388505,0.916711,-1.272285,-0.976056,0.928121
177,0.737500,0.039478,0.139261,-0.294397,-0.944658,-1.060652,-0.656924,0.046253,-0.011487,0.002183,-0.223594,-0.974612,-1.258408,-1.051664,0.001027,0.007107,0.094512,0.389222,0.916255,-1.271527,-0.975437,0.927946
178,0.741667,0.038852,0.142555,-0.290162,-0.945502,-1.056396,-0.655191,0.047214,-0.010906,0.002225,-0.223763,-0.974580,-1.258380,-1.051669,0.000986,0.007170,0.095716,0.389657,0.915945,-1.270783,-0.974724,0.927738
179,0.745833,0.031326,0.140907,-0.283940,-0.947915,-1.052202,-0.653156,0.048279,-0.010477,0.002170,-0.223913,-0.974550,-1.258334,-1.051672,0.000959,0.007378,0.096864,0.390432,0.915492,-1.270041,-0.974162,0.927649
180,0.750000,0.030748,0.142581,-0.279909,-0.948881,-1.048135,-0.651722,0.049015,-0.010025,0.002218,-0.224038,-0.974526,-1.258303,-1.051666,0.000943,0.008060,0.098260,0.390725,0.915212,-1.269237,-0.973591,0.927577
181,0.754167,0.030491,0.144649,-0.277031,-0.949421,-1.044194,-0.650233,0.049673,-0.008892,0.003306,-0.224011,-0.974540,-1.258476,-1.051489,0.001100,0.008278,0.099191,0.391121,0.914941,-1.268454,-0.973006,0.927507
182,0.758333,0.030370,0.146254,-0.273269,-0.950269,-1.040330,-0.648962,0.050324,-0.008954,0.003149,-0.224018,-0.974539,-1.258462,-1.051489,0.001067,0.008158,0.100795,0.391992,0.914394,-1.267313,-0.972000,0.927254
183,0.762500,0.029833,0.147678,-0.269768,-0.951066,-1.036589,-0.647721,0.050806,-0.008838,0.003260,-0.223947,-0.974556,-1.258470,-1.051468,0.001059,0.008599,0.101791,0.392362,0.914121,-1.266397,-0.971398,0.927149
184,0.766667,0.028960,0.148698,-0.266861,-0.951754,-1.033042,-0.646407,0.051301,-0.008779,0.003131,-0.223844,-0.974580,-1.258492,-1.051458,0.001001,0.008661,0.102891,0.392550,0.913916,-1.265390,-0.970662,0.927001
185,0.770833,0.030593,0.151044,-0.264454,-0.952005,-1.029545,-0.645368,0.051523,-0.008625,0.003239,-0.223621,-0.974633,-1.258517,-1.051440,0.000966,0.008820,0.103568,0.392844,0.913712,-1.264376,-0.969914,0.926841
186,0.775000,0.028615,0.150986,-0.261771,-0.952817,-1.026284,-0.644058,0.052022,-0.008735,0.003201,-0.223375,-0.974688,-1.258536,-1.051429,0.000925,0.009094,0.104312,0.392900,0.913601,-1.263375,-0.969105,0.926713
187,0.779167,0.029289,0.151978,-0.259752,-0.953191,-1.023032,-0.642975,0.052294,-0.008580,0.003162,-0.223148,-0.974742,-1.258570,-1.051404,0.000863,0.009329,0.105173,0.393007,0.913454,-1.262224,-0.968364,0.926588
188,0.783333,0.029149,0.152130,-0.258221,-0.953587,-1.019997,-0.641880,0.052499,-0.008519,0.003090,-0.222838,-0.974813,-1.258583,-1.051376,0.000827,0.009364,0.105736,0.393232,0.913291,-1.261128,-0.967522,0.926434
189,0.787500,0.029339,0.152897,-0.256721,-0.953864,-1.017047,-0.640871,0.052591,-0.008743,0.002894,-0.222588,-0.974869,-1.258606,-1.051373,0.000760,0.009767,0.106244,0.393264,0.913214,-1.260036,-0.966692,0.926300
190,0.791667,0.031472,0.154800,-0.256438,-0.953565,-1.014364,-0.639916,0.052583,-0.008890,0.002571,-0.222331,-0.974927,-1.258610,-1.051365,0.000690,0.009724,0.106959,0.393137,0.913186,-1.258858,-0.965813,0.926120
191,0.795833,0.030881,0.154406,-0.255032,-0.954025,-1.011766,-0.638896,0.052661,-0.009384,0.002084,-0.222036,-0.974991,-1.258608,-1.051365,0.000644,0.008451,0.107866,0.394763,0.912390,-1.258345,-0.964916,0.925694
192,0.800000,0.030574,0.154822,-0.254958,-0.953987,-1.009341,-0.637932,0.052586,-0.009681,0.001834,-0.221893,-0.975021,-1.258595,-1.051362,0.000603,0.008912,0.108389,0.396201,0.911700,-1.257914,-0.964259,0.925700
193,0.804167,0.031032,0.155674,-0.255367,-0.953724,-1.007059,-0.637010,0.052504,-0.009966,0.001548,-0.221666,-0.975070,-1.258585,-1.051354,0.000577,0.008773,0.109478,0.396841,0.911293,-1.257151,-0.963362,0.925522
194,0.808333,0.031614,0.155655,-0.255473,-0.953680,-1.004903,-0.636285,0.052286,-0.010437,0.001195,-0.221448,-0.975116,-1.258544,-1.051348,0.000577,0.008877,0.111065,0.397844,0.910662,-1.256455,-0.962382,0.925403
195,0.812500,0.031901,0.156019,-0.256400,-0.953362,-1.002887,-0.635442,0.052077,-0.010827,0.000786,-0.221269,-0.975152,-1.258512,-1.051341,0.000566,0.009397,0.113111,0.398722,0.910021,-1.255923,-0.961466,0.925301
196,0.816667,0.031933,0.156385,-0.257757,-0.952935,-1.001017,-0.634661,0.051780,-0.011104,0.000361,-0.221194,-0.975166,-1.258474,-1.051346,0.000555,0.009469,0.115540,0.400019,0.909145,-1.255477,-0.960515,0.925134
197,0.820833,0.034306,0.157637,-0.259899,-0.952064,-0.999304,-0.634047,0.051426,-0.011047,-0.000097,-0.220926,-0.975228,-1.258415,-1.051322,0.000544,0.009505,0.118064,0.401740,0.908062,-1.255221,-0.959516,0.924994
198,0.825000,0.033544,0.157470,-0.260581,-0.951932,-0.997760,-0.633272,0.051106,-0.011314,-0.000588,-0.220784,-0.975257,-1.258383,-1.051324,0.000544,0.009772,0.120829,0.403376,0.906969,-1.254983,-0.958548,0.924927
199,0.829167,0.033457,0.157203,-0.262415,-0.951476,-0.996256,-0.632659,0.050546,-0.011325,-0.000965,-0.220599,-0.975298,-1.258327,-1.051279,0.000569,0.010747,0.123818,0.404913,0.905869,-1.254873,-0.957430,0.924946
200,0.833333,0.034360,0.157268,-0.264701,-0.950799,-0.994853,-0.632038,0.050103,-0.011556,-0.001344,-0.220404,-0.975339,-1.258279,-1.051281,0.000587,0.010841,0.127151,0.407459,0.904263,-1.255105,-0.956490,0.924759
201,0.837500,0.034869,0.157264,-0.266717,-0.950218,-0.993652,-0.631471,0.049511,-0.011872,-0.001950,-0.220176,-0.975386,-1.258236,-1.051263,0.000620,0.011594,0.130639,0.409638,0.902771,-1.255141,-0.955625,0.924760
202,0.841667,0.036246,0.157046,-0.269318,-0.949469,-0.992563,-0.630949,0.048943,-0.012554,-0.002561,-0.219907,-0.975437,-1.258172,-1.051248,0.000667,0.013130,0.133532,0.410403,0.901979,-1.254748,-0.954664,0.925067
203,0.845833,0.036699,0.156854,-0.271520,-0.948856,-0.991509,-0.630491,0.048239,-0.012665,-0.002937,-0.219575,-0.975509,-1.258118,-1.051217,0.000717,0.014719,0.136872,0.411876,0.900781,-1.254530,-0.953813,0.925363
204,0.850000,0.037014,0.156004,-0.273764,-0.948338,-0.990515,-0.630096,0.047446,-0.012492,-0.003331,-0.219288,-0.975574,-1.258091,-1.051155,0.000789,0.017550,0.140290,0.412900,0.899736,-1.253783,-0.952976,0.925896
205,0.854167,0.037773,0.155244,-0.276746,-0.947568,-0.989605,-0.629717,0.046652,0.001855,0.002515,-0.219870,-0.975524,-1.258658,-1.050781,0.000384,0.020802,0.143156,0.413236,0.899060,-1.252922,-0.952340,0.926609
206,0.858333,0.038098,0.154694,-0.279143,-0.946941,-0.988841,-0.629408,0.045834,0.002682,0.002741,-0.219070,-0.975702,-1.258682,-1.050744,0.000423,0.022432,0.145982,0.413390,0.898496,-1.252239,-0.951113,0.926980
207,0.862500,0.038506,0.153689,-0.281156,-0.946493,-0.988116,-0.629209,0.044880,0.002849,0.002566,-0.218317,-0.975870,-1.258624,-1.050766,0.000578,0.024380,0.147836,0.412748,0.898437,-1.251064,-0.950054,0.927433
208,0.866667,0.038141,0.152244,-0.283524,-0.946035,-0.987478,-0.629001,0.043834,0.005061,0.005490,-0.217272,-0.976083,-1.258146,-1.050711,0.000882,0.025746,0.149671,0.412953,0.898001,-1.250004,-0.948957,0.927679
209,0.870833,0.038610,0.151002,-0.285664,-0.945571,-0.986916,-0.628842,0.042839,0.004690,0.004855,-0.216719,-0.976211,-1.258109,-1.050650,0.000990,0.026576,0.151445,0.413298,0.897520,-1.248988,-0.947813,0.927709
210,0.875000,0.039173,0.149994,-0.288180,-0.944944,-0.986354,-0.628720,0.041881,0.004442,0.004221,-0.216169,-0.976337,-1.258059,-1.050607,0.001109,0.027119,0.152367,0.412947,0.897510,-1.247640,-0.946553,0.927800
211,0.879167,0.040462,0.148966,-0.290214,-0.944430,-0.985888,-0.628698,0.040862,0.004150,0.003606,-0.215595,-0.976468,-1.257973,-1.050568,0.001260,0.027466,0.153268,0.412264,0.897660,-1.246298,-0.945124,0.927754
212,0.883333,0.040126,0.146730,-0.292535,-0.944078,-0.985468,-0.628720,0.039672,0.004345,0.002768,-0.215101,-0.976578,-1.257910,-1.050515,0.001416,0.027440,0.153651,0.411022,0.898165,-1.244768,-0.943611,0.927680
213,0.887500,0.040537,0.145151,-0.294390,-0.943728,-0.985096,-0.628801,0.038559,0.003261,0.001403,-0.214645,-0.976686,-1.257814,-1.050519,0.001620,0.027008,0.153985,0.410235,0.898480,-1.243214,-0.942139,0.927454
214,0.891667,0.040050,0.143384,-0.295813,-0.943574,-0.984751,-0.628891,0.037488,0.002408,0.000385,-0.214200,-0.976787,-1.257735,-1.050501,0.001817,0.026999,0.154074,0.409340,0.898873,-1.241510,-0.940572,0.927274
215,0.895833,0.040192,0.141337,-0.297214,-0.943437,-0.984511,-0.629022,0.036428,-0.000981,-0.001314,-0.213620,-0.976915,-1.257698,-1.050423,0.002142,0.026392,0.154402,0.407492,0.899674,-1.239675,-0.938798,0.926917
216,0.900000,0.038910,0.137858,-0.298211,-0.943690,-0.984307,-0.629223,0.035145,0.002324,-0.000809,-0.215140,-0.976580,-1.258047,-1.050355,0.002172,0.026238,0.153970,0.406578,0.900166,-1.237788,-0.937102,0.926663
217,0.904167,0.040214,0.136943,-0.299770,-0.943275,-0.984012,-0.629592,0.033892,0.004559,-0.003697,-0.215862,-0.976406,-1.258356,-1.050572,0.002042,0.026074,0.153780,0.404896,0.900961,-1.235736,-0.935341,0.926430
218,0.908333,0.041864,0.134465,-0.301168,-0.943114,-0.983865,-0.629863,0.032759,0.006564,-0.003979,-0.215569,-0.976459,-1.258331,-1.050598,0.002090,0.025675,0.153380,0.403461,0.901684,-1.233756,-0.933446,0.926101
219,0.912500,0.039660,0.132531,-0.302447,-0.943074,-0.983731,-0.630082,0.031792,0.006664,-0.005086,-0.215167,-0.976541,-1.258352,-1.050588,0.002258,0.025493,0.152892,0.401956,0.902445,-1.231676,-0.931585,0.925816
220,0.916667,0.038455,0.130087,-0.302742,-0.943369,-0.983457,-0.630323,0.030641,0.006044,-0.006542,-0.214717,-0.976636,-1.258371,-1.050579,0.002465,0.025238,0.152465,0.400436,0.903199,-1.229496,-0.929668,0.925487
221,0.920833,0.037707,0.127388,-0.302152,-0.943957,-0.983128,-0.630526,0.029530,0.004454,-0.008158,-0.213985,-0.976793,-1.258336,-1.050548,0.002720,0.025259,0.151851,0.399027,0.903925,-1.227391,-0.927675,0.925204
222,0.925000,0.035881,0.123821,-0.301575,-0.944687,-0.982728,-0.630686,0.028477,0.002855,-0.009711,-0.213151,-0.976967,-1.258296,-1.050463,0.003002,0.024868,0.151191,0.397364,0.904779,-1.225158,-0.925658,0.924942
223,0.929167,0.033328,0.120619,-0.301686,-0.945159,-0.982271,-0.630843,0.027529,0.001348,-0.010385,-0.211819,-0.977253,-1.258091,-1.050315,0.003287,0.024619,0.150693,0.395952,0.905488,-1.223006,-0.923573,0.924671
224,0.933333,0.032216,0.117733,-0.302420,-0.945327,-0.981660,-0.630923,0.026451,-0.000436,-0.010764,-0.211054,-0.977415,-1.257974,-1.050130,0.003703,0.024461,0.150079,0.394455,0.906247,-1.220829,-0.921445,0.924415
225,0.937500,0.031165,0.113062,-0.301379,-0.946265,-0.981108,-0.630667,0.025836,-0.001652,-0.011554,-0.209997,-0.977632,-1.257802,-1.049973,0.004043,0.024408,0.149767,0.392851,0.906996,-1.218562,-0.919337,0.924166
226,0.941667,0.032916,0.108805,-0.301047,-0.946810,-0.980183,-0.630268,0.025249,-0.004163,-0.013616,-0.208834,-0.977848,-1.257651,-1.049943,0.004389,0.024131,0.148861,0.391445,0.907761,-1.216392,-0.917065,0.923926
227,0.945833,0.033268,0.106608,-0.301813,-0.946804,-0.979230,-0.629717,0.024736,-0.005644,-0.015283,-0.207945,-0.978005,-1.257553,-1.049892,0.004692,0.023562,0.148416,0.390473,0.908267,-1.214341,-0.914940,0.923636
228,0.950000,0.033678,0.104555,-0.302580,-0.946773,-0.978038,-0.629348,0.024049,-0.006148,-0.017218,-0.207275,-0.978112,-1.257493,-1.049858,0.004976,0.023791,0.147760,0.389099,0.908957,-1.212145,-0.912758,0.923569
229,0.954167,0.033958,0.102581,-0.302808,-0.946906,-0.976843,-0.628863,0.023557,-0.006544,-0.019286,-0.206856,-0.978159,-1.257469,-1.049819,0.005271,0.023549,0.147051,0.387869,0.909604,-1.209985,-0.910444,0.923468
230,0.958333,0.034103,0.100067,-0.302819,-0.947167,-0.975621,-0.628135,0.023248,-0.006636,-0.021735,-0.206476,-0.978188,-1.257464,-1.049794,0.005570,0.023471,0.146349,0.387197,0.910005,-1.207900,-0.908296,0.923322
231,0.962500,0.034152,0.097347,-0.301928,-0.947732,-0.974343,-0.627490,0.022863,-0.006139,-0.024243,-0.206255,-0.978179,-1.257440,-1.049765,0.005824,0.022714,0.146017,0.385926,0.910618,-1.205870,-0.905896,0.923140
232,0.966667,0.034711,0.095155,-0.301085,-0.948203,-0.973290,-0.627000,0.022417,-0.005627,-0.026590,-0.206190,-0.978135,-1.257401,-1.049718,0.006153,0.022925,0.145431,0.385127,0.911044,-1.203771,-0.903671,0.923073
233,0.970833,0.035478,0.092328,-0.300329,-0.948694,-0.972370,-0.626559,0.021904,-0.005658,-0.028964,-0.206350,-0.978033,-1.257413,-1.049730,0.006446,0.023222,0.145099,0.384282,0.911446,-1.201678,-0.901313,0.923110
234,0.975000,0.036316,0.089324,-0.299500,-0.949211,-0.971563,-0.626262,0.021268,-0.004979,-0.031241,-0.205959,-0.978049,-1.257336,-1.049666,0.006835,0.022718,0.144584,0.383825,0.911733,-1.199699,-0.899027,0.923039
235,0.979167,0.036819,0.086485,-0.298701,-0.949706,-0.970889,-0.625983,0.020691,-0.004506,-0.033978,-0.205450,-0.978067,-1.257242,-1.049596,0.007205,0.023084,0.144402,0.382996,0.912101,-1.197722,-0.896704,0.923101
236,0.983333,0.038447,0.083219,-0.297712,-0.950244,-0.970367,-0.625896,0.019901,-0.004532,-0.037127,-0.204919,-0.978064,-1.257146,-1.049556,0.007639,0.023077,0.144074,0.382388,0.912409,-1.195732,-0.894319,0.923198
237,0.987500,0.040483,0.079793,-0.297003,-0.950675,-0.970017,-0.625895,0.019031,-0.004968,-0.040233,-0.204350,-0.978058,-1.257034,-1.049504,0.008103,0.023826,0.143651,0.382031,0.912606,-1.193718,-0.891976,0.923421
238,0.991667,0.042356,0.076568,-0.296618,-0.950979,-0.969799,-0.625892,0.018219,-0.004909,-0.043272,-0.203724,-0.978059,-1.256884,-1.049440,0.008632,0.024184,0.143294,0.381737,0.912776,-1.191714,-0.889574,0.923644
239,0.995833,0.044121,0.073297,-0.296514,-0.951189,-0.969666,-0.625878,0.017392,-0.005311,-0.046545,-0.203117,-0.978033,-1.256717,-1.049383,0.009178,0.024688,0.142946,0.381779,0.912799,-1.189792,-0.887308,0.923757
240,1.000000,0.045266,0.070020,-0.296718,-0.951319,-0.969611,-0.625809,0.016658,-0.006142,-0.050044,-0.202601,-0.977963,-1.256563,-1.049342,0.009748,0.024841,0.142893,0.381539,0.912903,-1.187890,-0.884887,0.923959
241,1.004167,0.046217,0.067044,-0.297172,-0.951345,-0.969575,-0.625663,0.016032,-0.007334,-0.053975,-0.201983,-0.977873,-1.256379,-1.049275,0.010372,0.024930,0.142577,0.381379,0.913017,-1.186002,-0.882476,0.924205
242,1.008333,0.047223,0.064723,-0.297814,-0.951256,-0.969486,-0.625431,0.015514,-0.008280,-0.057777,-0.201473,-0.977754,-1.256155,-1.049196,0.010990,0.026246,0.142261,0.381397,0.913022,-1.184073,-0.880143,0.924619
243,1.012500,0.047986,0.063331,-0.298683,-0.951039,-0.969349,-0.625110,0.015177,-0.009359,-0.061933,-0.200786,-0.977631,-1.255949,-1.049121,0.011629,0.026801,0.141811,0.381550,0.913012,-1.182186,-0.877739,0.925055
244,1.016667,0.048564,0.062310,-0.299713,-0.950753,-0.969283,-0.624723,0.014927,-0.010516,-0.066199,-0.200131,-0.977474,-1.255688,-1.049049,0.012257,0.027344,0.141160,0.381780,0.913001,-1.180326,-0.875344,0.925431
245,1.020833,0.047905,0.060408,-0.300826,-0.950558,-0.969248,-0.624196,0.014773,-0.011303,-0.070314,-0.199585,-0.977289,-1.255412,-1.048989,0.012883,0.028680,0.140848,0.382117,0.912867,-1.178387,-0.873003,0.925920
246,1.025000,0.047812,0.059112,-0.302178,-0.950215,-0.969260,-0.623676,0.014509,-0.012145,-0.075057,-0.198607,-0.977126,-1.255185,-1.048909,0.013538,0.028877,0.140296,0.382432,0.912814,-1.176560,-0.870567,0.926261
247,1.029167,0.049848,0.058628,-0.303754,-0.949638,-0.969308,-0.623292,0.014064,-0.013171,-0.079767,-0.197741,-0.976915,-1.254893,-1.048830,0.014191,0.025773,0.140178,0.373477,0.916625,-1.171377,-0.863978,0.925038
248,1.033333,0.051758,0.057544,-0.304727,-0.949290,-0.969388,-0.623009,0.013681,-0.014076,-0.084777,-0.196936,-0.976643,-1.254606,-1.048765,0.014909,0.026683,0.137748,0.373734,0.916862,-1.169185,-0.861582,0.925175
249,1.037500,0.053677,0.056457,-0.305454,-0.949015,-0.969508,-0.622828,0.013311,-0.015603,-0.089686,-0.196232,-0.976323,-1.254280,-1.048698,0.015643,0.027124,0.135069,0.374160,0.917074,-1.166964,-0.859368,0.925437
250,1.041667,0.055199,0.055795,-0.305954,-0.948806,-0.969602,-0.622733,0.013034,-0.016819,-0.094211,-0.195515,-0.976020,-1.253924,-1.048615,0.016388,0.027956,0.131862,0.374789,0.917259,-1.164718,-0.857352,0.925745
251,1.045833,0.056170,0.055217,-0.306076,-0.948743,-0.969609,-0.622725,0.012825,-0.017286,-0.098963,-0.194949,-0.975655,-1.253528,-1.048528,0.017251,0.027762,0.128929,0.374671,0.917730,-1.162129,-0.854799,0.925783
252,1.050000,0.056690,0.054616,-0.305934,-0.948793,-0.969548,-0.622702,0.012674,-0.018474,-0.104026,-0.194200,-0.975256,-1.253104,-1.048443,0.018098,0.028014,0.126542,0.373428,0.918561,-1.159262,-0.851689,0.925855
253,1.054167,0.056787,0.053911,-0.305736,-0.948891,-0.969459,-0.622667,0.012553,-0.019493,-0.109564,-0.193790,-0.974711,-1.252713,-1.048516,0.018941,0.029133,0.124197,0.371659,0.919563,-1.156141,-0.848316,0.925993
254,1.058333,0.056489,0.053152,-0.305637,-0.948983,-0.969362,-0.622616,0.012454,-0.022366,-0.116966,-0.192047,-0.974134,-1.252262,-1.048564,0.019656,0.030011,0.121785,0.369813,0.920601,-1.153141,-0.844782,0.926244
255,1.062500,0.056055,0.052325,-0.305681,-0.949041,-0.969303,-0.622563,0.012351,-0.026058,-0.123566,-0.190406,-0.973549,-1.252186,-1.048570,0.020452,0.031196,0.119212,0.368429,0.921453,-1.150196,-0.841503,0.926484
256,1.066667,0.055803,0.051484,-0.305997,-0.949000,-0.969277,-0.622483,0.012221,-0.038662,-0.135139,-0.184747,-0.972683,-1.252401,-1.048540,0.020369,0.032346,0.116652,0.367147,0.922252,-1.147556,-0.838448,0.926883
257,1.070833,0.055768,0.050567,-0.306262,-0.948966,-0.969236,-0.622410,0.012061,-0.039818,-0.141514,-0.183431,-0.971978,-1.251580,-1.048423,0.021467,0.033333,0.114188,0.366579,0.922751,-1.144563,-0.835539,0.927116
258,1.075000,0.055732,0.049791,-0.306384,-0.948970,-0.969167,-0.622390,0.011905,-0.042665,-0.148002,-0.181534,-0.971247,-1.251079,-1.048143,0.022342,0.034400,0.111528,0.365850,0.923326,-1.141778,-0.832717,0.927376
259,1.079167,0.055371,0.048890,-0.306385,-0.949037,-0.969079,-0.622414,0.011765,-0.044549,-0.153651,-0.179784,-0.970610,-1.250564,-1.047828,0.023314,0.034884,0.109227,0.364131,0.924262,-1.139058,-0.829744,0.927638
260,1.083333,0.054836,0.047874,-0.306308,-0.949145,-0.968975,-0.622467,0.011651,-0.047206,-0.159578,-0.177694,-0.969913,-1.249858,-1.047484,0.024340,0.035374,0.106855,0.363066,0.924940,-1.136373,-0.826910,0.927925
261,1.087500,0.054109,0.046944,-0.306160,-0.949281,-0.968823,-0.622538,0.011527,-0.047571,-0.166791,-0.177359,-0.968742,-1.248858,-1.047368,0.025430,0.035930,0.104379,0.362152,0.925559,-1.133788,-0.824137,0.928238
262,1.091667,0.053526,0.045976,-0.306065,-0.949392,-0.968679,-0.622594,0.011410,-0.058722,-0.178471,-0.174750,-0.966521,-1.248417,-1.046853,0.026044,0.036058,0.102013,0.361587,0.926039,-1.131255,-0.821394,0.928601
263,1.095833,0.053004,0.045089,-0.306117,-0.949447,-0.968568,-0.622631,0.011286,-0.056980,-0.185443,-0.174611,-0.965337,-1.247413,-1.046678,0.027311,0.036416,0.099835,0.361145,0.926435,-1.128706,-0.818750,0.928895
264,1.100000,0.052517,0.044200,-0.306384,-0.949430,-0.968490,-0.622639,0.011160,-0.050631,-0.193193,-0.176824,-0.963767,-1.246099,-1.046728,0.028898,0.036504,0.097548,0.360802,0.926808,-1.126332,-0.816021,0.929228
265,1.104167,0.051966,0.043312,-0.306630,-0.949422,-0.968416,-0.622634,0.011042,-0.047608,-0.205925,-0.179109,-0.960858,-1.244551,-1.046728,0.030313,0.036676,0.095187,0.361446,0.926796,-1.124030,-0.813528,0.929577
266,1.108333,0.051280,0.042369,-0.306658,-0.949492,-0.968310,-0.622652,0.010943,-0.047052,-0.215447,-0.178922,-0.958830,-1.243293,-1.046383,0.031744,0.037074,0.093283,0.361879,0.926805,-1.121843,-0.810995,0.929953
267,1.112500,0.050553,0.041465,-0.306561,-0.949603,-0.968201,-0.622704,0.010858,-0.046785,-0.222976,-0.178240,-0.957248,-1.242062,-1.045977,0.033197,0.036899,0.091581,0.361843,0.926996,-1.119715,-0.808351,0.930242
268,1.116667,0.049588,0.040526,-0.306445,-0.949732,-0.968083,-0.622761,0.010776,-0.046167,-0.235072,-0.177946,-0.954434,-1.240907,-1.045551,0.034385,0.036635,0.090022,0.362243,0.927003,-1.117610,-0.805845,0.930455
269,1.120833,0.047842,0.038932,-0.305874,-0.950072,-0.967943,-0.622771,0.010781,-0.046036,-0.246107,-0.177794,-0.951683,-1.239525,-1.045038,0.035716,0.036513,0.088862,0.362326,0.927087,-1.115608,-0.803215,0.930689
270,1.125000,0.046859,0.037845,-0.305504,-0.950284,-0.967858,-0.622857,0.010646,-0.041600,-0.254733,-0.179141,-0.949363,-1.237602,-1.044688,0.037508,0.035307,0.084997,0.362649,0.927370,-1.114213,-0.802416,0.931366
271,1.129167,0.046376,0.037009,-0.305365,-0.950385,-0.967781,-0.622907,0.010522,-0.035642,-0.265422,-0.179535,-0.946598,-1.235739,-1.044303,0.039732,0.034511,0.084233,0.362644,0.927471,-1.112354,-0.800069,0.931656
272,1.133333,0.045938,0.036308,-0.305421,-0.950416,-0.967753,-0.622907,0.010408,-0.030446,-0.281941,-0.182513,-0.941420,-1.233853,-1.044178,0.041649,0.033694,0.083425,0.362618,0.927585,-1.110649,-0.798007,0.931931
273,1.137500,0.045128,0.035555,-0.305590,-0.950428,-0.967772,-0.622890,0.010323,-0.027736,-0.298098,-0.183899,-0.936242,-1.231749,-1.043761,0.043716,0.032988,0.082912,0.362785,0.927591,-1.109024,-0.795993,0.932267
274,1.141667,0.044193,0.034753,-0.305662,-0.950479,-0.967823,-0.622847,0.010256,-0.027327,-0.306727,-0.182549,-0.933728,-1.230044,-1.043091,0.045552,0.032232,0.082410,0.362837,0.927642,-1.107531,-0.793909,0.932694
275,1.145833,0.043332,0.033956,-0.305324,-0.950656,-0.967898,-0.622787,0.010207,-0.024588,-0.322411,-0.183469,-0.928324,-1.228045,-1.042762,0.047750,0.032453,0.082702,0.363624,0.927300,-1.106043,-0.791942,0.933232
276,1.150000,0.042565,0.033490,-0.304707,-0.950905,-0.967936,-0.622741,0.010146,-0.023362,-0.334702,-0.183199,-0.924049,-1.226113,-1.042171,0.049940,0.031949,0.083356,0.364816,0.926790,-1.104691,-0.790011,0.933584
277,1.154167,0.041781,0.033159,-0.303878,-0.951217,-0.967969,-0.622684,0.010072,-0.023101,-0.344270,-0.181821,-0.920807,-1.224211,-1.041376,0.052126,0.031935,0.083991,0.365864,0.926321,-1.103407,-0.788095,0.933919
278,1.158333,0.041753,0.033116,-0.303974,-0.951188,-0.967895,-0.622697,0.010010,-0.021453,-0.355744,-0.181262,-0.916586,-1.221929,-1.040603,0.054655,0.031880,0.085244,0.367162,0.925694,-1.102142,-0.785859,0.934246
279,1.162500,0.041652,0.032810,-0.304035,-0.951184,-0.967851,-0.622740,0.009964,-0.020900,-0.376333,-0.182429,-0.908106,-1.219941,-1.040023,0.056834,0.031779,0.088194,0.360902,0.927880,-1.099594,-0.781683,0.934313
280,1.166667,0.041330,0.032444,-0.304008,-0.951219,-0.967842,-0.622756,0.009933,-0.028258,-0.384891,-0.175070,-0.905765,-1.216463,-1.038343,0.059654,0.032513,0.088438,0.362079,0.927373,-1.098247,-0.779810,0.934471
281,1.170833,0.041023,0.032160,-0.303869,-0.951287,-0.967842,-0.622773,0.009896,-0.025858,-0.391726,-0.174077,-0.903094,-1.214122,-1.037296,0.062133,0.033047,0.088400,0.362694,0.927117,-1.096805,-0.777210,0.934550
282,1.175000,0.040831,0.031961,-0.303770,-0.951333,-0.967843,-0.622782,0.009867,-0.028065,-0.402264,-0.170738,-0.899024,-1.211319,-1.036064,0.065049,0.033446,0.088290,0.361316,0.927652,-1.095064,-0.773679,0.934519
283,1.179167,0.040905,0.031821,-0.303716,-0.951352,-0.967859,-0.622781,0.009811,-0.026659,-0.409319,-0.169333,-0.896144,-1.208629,-1.034864,0.067694,0.034421,0.087232,0.362270,0.927344,-1.093558,-0.771813,0.934501
284,1.183333,0.041019,0.031695,-0.303660,-0.951369,-0.967851,-0.622783,0.009757,-0.027781,-0.418063,-0.166913,-0.892520,-1.205582,-1.033380,0.070680,0.035032,0.086393,0.362977,0.927123,-1.091838,-0.769892,0.934332
285,1.187500,0.041266,0.031661,-0.303594,-0.951381,-0.967817,-0.622789,0.009719,-0.023601,-0.428608,-0.166705,-0.887664,-1.202755,-1.032167,0.073484,0.035036,0.085594,0.361622,0.927726,-1.090019,-0.766658,0.934166
286,1.191667,0.041504,0.031694,-0.303437,-0.951419,-0.967786,-0.622802,0.009684,-0.017970,-0.435499,-0.167801,-0.884229,-1.199704,-1.030733,0.076128,0.034909,0.084487,0.360271,0.928358,-1.088312,-0.763688,0.934035
287,1.195833,0.041485,0.031559,-0.303225,-0.951492,-0.967774,-0.622808,0.009676,-0.015908,-0.442576,-0.167339,-0.880835,-1.196489,-1.029236,0.079059,0.034424,0.083217,0.358704,0.929097,-1.086557,-0.760836,0.933811
288,1.200000,0.041436,0.031409,-0.303021,-0.951564,-0.967767,-0.622823,0.009662,-0.007531,-0.451698,-0.171075,-0.875583,-1.193611,-1.028064,0.081584,0.034149,0.081518,0.357623,0.929675,-1.084848,-0.758294,0.933629
289,1.204167,0.041505,0.031333,-0.302926,-0.951594,-0.967769,-0.622830,0.009640,0.004710,-0.457151,-0.175171,-0.871955,-1.190731,-1.026720,0.083760,0.034203,0.080408,0.361771,0.928163,-1.082570,-0.755362,0.933349
290,1.208333,0.041570,0.031169,-0.302840,-0.951624,-0.967768,-0.622833,0.009595,0.009536,-0.460993,-0.174866,-0.869952,-1.187012,-1.024899,0.085514,0.032252,0.078411,0.359870,0.929142,-1.081132,-0.752740,0.933124
291,1.212500,0.041663,0.031022,-0.302758,-0.951651,-0.967778,-0.622831,0.009560,0.020117,-0.463301,-0.175593,-0.868398,-1.182870,-1.023167,0.088587,0.031737,0.076489,0.359604,0.929423,-1.079504,-0.750579,0.932933
292,1.216667,0.041745,0.030881,-0.302731,-0.951660,-0.967791,-0.622828,0.009519,0.018010,-0.467058,-0.173303,-0.866890,-1.178282,-1.020623,0.091371,0.032360,0.074986,0.360642,0.929122,-1.077770,-0.748766,0.932764
293,1.220833,0.041767,0.030788,-0.302610,-0.951701,-0.967786,-0.622835,0.009488,0.025998,-0.472185,-0.175744,-0.863412,-1.174132,-1.018422,0.093721,0.032739,0.073763,0.361132,0.929016,-1.076134,-0.746859,0.932617
294,1.225000,0.041720,0.030691,-0.302437,-0.951761,-0.967772,-0.622856,0.009469,0.031967,-0.477606,-0.176875,-0.859992,-1.169860,-1.016057,0.096019,0.032451,0.072200,0.361233,0.929110,-1.074621,-0.744884,0.932516
295,1.229167,0.041763,0.030586,-0.302302,-0.951806,-0.967756,-0.622872,0.009451,0.038879,-0.483449,-0.177338,-0.856339,-1.165694,-1.013725,0.098117,0.032333,0.071203,0.361506,0.929085,-1.073132,-0.742991,0.932527
296,1.233333,0.041733,0.030489,-0.302195,-0.951844,-0.967760,-0.622882,0.009430,0.047851,-0.489520,-0.180600,-0.851742,-1.161027,-1.010941,0.100048,0.032322,0.070365,0.361517,0.929145,-1.071682,-0.741174,0.932560
297,1.237500,0.041662,0.030334,-0.302126,-0.951874,-0.967771,-0.622887,0.009398,0.051242,-0.493972,-0.180545,-0.848981,-1.156332,-1.008328,0.101763,0.030496,0.069121,0.360357,0.929750,-1.070416,-0.739119,0.932555
298,1.241667,0.041690,0.030204,-0.302079,-0.951892,-0.967782,-0.622887,0.009363,0.054079,-0.495146,-0.179539,-0.848335,-1.151427,-1.005419,0.103428,0.031433,0.068955,0.361147,0.929425,-1.068810,-0.737449,0.932635
299,1.245833,0.041852,0.030130,-0.302075,-0.951888,-0.967797,-0.622882,0.009340,0.055027,-0.493625,-0.178067,-0.849470,-1.146360,-1.002440,0.104891,0.031041,0.068414,0.361074,0.929506,-1.067458,-0.735777,0.932748
300,1.250000,0.041978,0.030022,-0.302067,-0.951889,-0.967807,-0.622887,0.009317,0.056545,-0.491131,-0.177157,-0.851004,-1.141100,-0.999186,0.106263,0.029662,0.067600,0.360009,0.930024,-1.066153,-0.733822,0.932784
301,1.254167,0.041998,0.029919,-0.301995,-0.951914,-0.967812,-0.622896,0.009285,0.055687,-0.487253,-0.176538,-0.853415,-1.135556,-0.995789,0.107467,0.028552,0.066489,0.359842,0.930203,-1.064892,-0.732055,0.932925
302,1.258333,0.042085,0.029877,-0.301869,-0.951951,-0.967812,-0.622907,0.009254,0.054853,-0.481570,-0.177475,-0.856495,-1.129660,-0.992106,0.108364,0.028294,0.065980,0.359991,0.930189,-1.063471,-0.730465,0.932992
303,1.262500,0.042178,0.029821,-0.301768,-0.951981,-0.967810,-0.622911,0.009233,0.057447,-0.476640,-0.179441,-0.858670,-1.123490,-0.988241,0.109333,0.027902,0.065350,0.360254,0.930144,-1.062069,-0.728741,0.933148
304,1.266667,0.042347,0.029774,-0.301681,-0.952002,-0.967819,-0.622908,0.009204,0.057533,-0.471240,-0.180192,-0.861483,-1.117392,-0.984359,0.110001,0.026942,0.064440,0.360417,0.930173,-1.060752,-0.727070,0.933264
305,1.270833,0.042427,0.029773,-0.301679,-0.952000,-0.967832,-0.622901,0.009182,0.058721,-0.466616,-0.181971,-0.863544,-1.111064,-0.980287,0.110488,0.025981,0.063798,0.360414,0.930246,-1.059357,-0.725344,0.933323
306,1.275000,0.042579,0.029675,-0.301691,-0.951992,-0.967864,-0.622895,0.009148,0.061933,-0.462184,-0.183453,-0.865387,-1.104698,-0.976317,0.110725,0.025606,0.063019,0.361190,0.930008,-1.057935,-0.723757,0.933482
307,1.279167,0.042719,0.029630,-0.301726,-0.951976,-0.967891,-0.622885,0.009113,0.064208,-0.456667,-0.184641,-0.867894,-1.098093,-0.972208,0.110819,0.024819,0.062425,0.361698,0.929872,-1.056512,-0.722130,0.933549
308,1.283333,0.042971,0.029644,-0.301757,-0.951955,-0.967915,-0.622867,0.009091,0.067972,-0.451441,-0.186843,-0.869868,-1.091490,-0.968032,0.110645,0.023723,0.061577,0.361838,0.929903,-1.055063,-0.720347,0.933608
309,1.287500,0.043092,0.029549,-0.301703,-0.951969,-0.967934,-0.622860,0.009072,0.069277,-0.444919,-0.188223,-0.872823,-1.084632,-0.963580,0.110358,0.022740,0.060914,0.362318,0.929784,-1.053610,-0.718674,0.933682
310,1.291667,0.043244,0.029527,-0.301695,-0.951966,-0.967948,-0.622849,0.009055,0.070448,-0.438520,-0.189742,-0.875634,-1.077734,-0.959083,0.109924,0.021622,0.060112,0.362846,0.929657,-1.052174,-0.717000,0.933737
311,1.295833,0.043440,0.029553,-0.301641,-0.951973,-0.967963,-0.622836,0.009036,0.071175,-0.431771,-0.191576,-0.878525,-1.070761,-0.954439,0.109302,0.021008,0.059524,0.363273,0.929542,-1.050654,-0.715248,0.933849
312,1.300000,0.043451,0.029596,-0.301548,-0.952001,-0.967958,-0.622800,0.009016,0.072659,-0.424215,-0.193551,-0.881646,-1.063590,-0.949718,0.108616,0.020263,0.058785,0.364109,0.929278,-1.049211,-0.713714,0.933897
313,1.304167,0.043556,0.029583,-0.301499,-0.952012,-0.967962,-0.622780,0.009000,0.074154,-0.416638,-0.194976,-0.884815,-1.056375,-0.944952,0.107716,0.019196,0.058023,0.364284,0.929280,-1.047736,-0.711907,0.933981
314,1.308333,0.043680,0.029556,-0.301543,-0.951993,-0.967988,-0.622775,0.008979,0.074941,-0.409083,-0.196481,-0.887936,-1.049090,-0.940039,0.106616,0.018310,0.057393,0.365210,0.928974,-1.046247,-0.710313,0.934072
315,1.312500,0.043812,0.029473,-0.301627,-0.951963,-0.968028,-0.622759,0.008958,0.073041,-0.401747,-0.197992,-0.891102,-1.041764,-0.934959,0.105366,0.017892,0.057284,0.365779,0.928765,-1.044731,-0.708645,0.934148
316,1.316667,0.043836,0.029415,-0.301697,-0.951941,-0.968058,-0.622757,0.008934,0.071207,-0.394141,-0.199987,-0.894197,-1.034322,-0.929626,0.103992,0.016685,0.056598,0.366183,0.928670,-1.043241,-0.706894,0.934236
317,1.320833,0.043913,0.029406,-0.301875,-0.951882,-0.968109,-0.622768,0.008913,0.070554,-0.386131,-0.201936,-0.897300,-1.026751,-0.924277,0.102546,0.023295,0.055467,0.375593,0.924830,-1.042327,-0.708733,0.935925
318,1.325000,0.043891,0.029318,-0.301929,-0.951868,-0.968122,-0.622754,0.008885,0.069381,-0.378004,-0.204158,-0.900344,-1.019093,-0.918800,0.100953,0.021277,0.053903,0.375414,0.925044,-1.041595,-0.707337,0.936307
319,1.329167,0.043979,0.029332,-0.301996,-0.951842,-0.968144,-0.622751,0.008862,0.067872,-0.369053,-0.206484,-0.903636,-1.011231,-0.913325,0.099345,0.018448,0.052289,0.374790,0.925450,-1.040994,-0.705762,0.936624
320,1.333333,0.044003,0.029285,-0.302096,-0.951811,-0.968174,-0.622754,0.008837,0.072565,-0.358485,-0.210007,-0.906708,-1.003060,-0.907887,0.097779,0.015604,0.050652,0.374862,0.925565,-1.040489,-0.704534,0.937006
321,1.337500,0.044052,0.029185,-0.302290,-0.951750,-0.968228,-0.622775,0.008812,0.076921,-0.350400,-0.213610,-0.908666,-0.995116,-0.902377,0.095900,0.014545,0.049800,0.377049,0.924739,-1.039791,-0.703798,0.937261
322,1.341667,0.044065,0.029129,-0.302441,-0.951703,-0.968256,-0.622771,0.008789,0.077458,-0.341476,-0.217009,-0.911209,-0.987121,-0.896572,0.093973,0.008713,0.034666,0.375609,0.926089,-1.040973,-0.702251,0.934270
323,1.345833,0.044106,0.029137,-0.302480,-0.951689,-0.968268,-0.622783,0.008771,0.073764,-0.331156,-0.219983,-0.914605,-0.978999,-0.890582,0.091861,0.004946,0.034143,0.387981,0.921021,-1.041234,-0.703960,0.933245
324,1.350000,0.044031,0.029057,-0.302588,-0.951661,-0.968290,-0.622795,0.008755,0.072678,-0.321781,-0.223427,-0.917200,-0.970817,-0.884581,0.089787,0.008070,0.039932,0.387654,0.920904,-1.040025,-0.701353,0.934089
325,1.354167,0.044008,0.029005,-0.302651,-0.951643,-0.968314,-0.622813,0.008741,0.071063,-0.311725,-0.226420,-0.920061,-0.962623,-0.878383,0.087510,0.006646,0.040769,0.389954,0.919908,-1.039736,-0.699771,0.933880
326,1.358333,0.043941,0.028930,-0.302746,-0.951618,-0.968347,-0.622837,0.008725,0.069980,-0.301979,-0.229777,-0.922559,-0.954289,-0.872217,0.085313,0.006806,0.042755,0.385860,0.921541,-1.038675,-0.695832,0.934148
327,1.362500,0.043810,0.028862,-0.302802,-0.951608,-0.968369,-0.622850,0.008707,0.067547,-0.291749,-0.232675,-0.925301,-0.945973,-0.865878,0.083010,0.000161,0.050868,0.351514,0.934799,-1.041863,-0.683853,0.935666
328,1.366667,0.043621,0.028716,-0.302940,-0.951578,-0.968384,-0.622870,0.008695,0.064752,-0.281866,-0.235212,-0.927919,-0.937644,-0.859486,0.080640,-0.026631,0.110426,0.352145,0.929027,-1.037875,-0.678825,0.947561
329,1.370833,0.043475,0.028599,-0.303032,-0.951559,-0.968402,-0.622895,0.008677,0.063561,-0.272184,-0.238120,-0.930148,-0.929221,-0.853148,0.078273,-0.046203,0.158314,0.351987,0.921362,-1.033848,-0.673680,0.956562
330,1.375000,0.043465,0.028402,-0.302952,-0.951590,-0.968417,-0.622872,0.008672,0.060361,-0.263209,-0.240043,-0.932447,-0.920777,-0.846645,0.075867,-0.046128,0.170686,0.348921,0.920322,-1.033206,-0.670415,0.958623
331,1.379167,0.042994,0.028363,-0.302880,-0.951636,-0.968422,-0.622869,0.008646,0.057554,-0.252085,-0.241821,-0.935234,-0.912428,-0.839867,0.073362,-0.049286,0.183258,0.346726,0.918569,-1.031945,-0.667249,0.960540
332,1.383333,0.042681,0.028237,-0.302893,-0.951650,-0.968428,-0.622883,0.008632,0.053124,-0.240637,-0.243556,-0.938058,-0.903917,-0.832933,0.071038,-0.047674,0.186089,0.343579,0.919267,-1.031563,-0.665229,0.960288
333,1.387500,0.042547,0.028164,-0.303017,-0.951618,-0.968449,-0.622902,0.008606,0.050524,-0.230562,-0.244866,-0.940388,-0.895178,-0.826339,0.068599,-0.061149,0.216612,0.343564,0.911759,-1.027709,-0.660629,0.965516
334,1.391667,0.042436,0.027896,-0.303074,-0.951613,-0.968454,-0.622923,0.008612,0.050143,-0.220513,-0.246333,-0.942433,-0.886526,-0.819728,0.066331,-0.063205,0.221195,0.343199,0.910655,-1.026681,-0.658383,0.965984
335,1.395833,0.042370,0.027772,-0.303173,-0.951588,-0.968441,-0.622965,0.008604,0.049267,-0.209866,-0.246984,-0.944737,-0.877845,-0.812917,0.064115,-0.063173,0.219793,0.342631,0.911210,-1.026279,-0.656390,0.965545
336,1.400000,0.042112,0.027497,-0.303189,-0.951602,-0.968423,-0.622976,0.008589,0.047970,-0.199424,-0.247463,-0.946938,-0.869309,-0.806314,0.062168,-0.064753,0.219850,0.343232,0.910859,-1.025554,-0.654521,0.965359
337,1.404167,0.041821,0.027343,-0.303256,-0.951598,-0.968428,-0.623005,0.008573,0.046170,-0.188785,-0.247698,-0.949144,-0.860526,-0.799409,0.059917,-0.066207,0.220699,0.343916,0.910291,-1.024646,-0.652450,0.965361
338,1.408333,0.041567,0.027230,-0.303235,-0.951619,-0.968409,-0.623012,0.008557,0.043613,-0.177861,-0.248064,-0.951277,-0.851626,-0.792411,0.057624,-0.068216,0.220295,0.344706,0.909942,-1.023834,-0.650431,0.965104
339,1.412500,0.041329,0.027069,-0.303163,-0.951657,-0.968377,-0.623044,0.008545,0.040800,-0.167543,-0.247883,-0.953320,-0.842699,-0.785344,0.055522,-0.069527,0.218175,0.345594,0.910017,-1.023191,-0.648461,0.964617
340,1.416667,0.041106,0.026887,-0.303250,-0.951644,-0.968389,-0.623083,0.008524,0.038731,-0.155742,-0.247473,-0.955511,-0.833874,-0.778260,0.053342,-0.070924,0.216964,0.346685,0.909784,-1.022361,-0.646519,0.964185
341,1.420833,0.040625,0.026595,-0.302871,-0.951794,-0.968422,-0.623192,0.008530,0.034219,-0.145772,-0.246699,-0.957455,-0.824907,-0.771041,0.051172,-0.074227,0.221259,0.347596,0.908137,-1.020939,-0.644286,0.964695
342,1.425000,0.040363,0.026422,-0.302813,-0.951828,-0.968400,-0.623246,0.008520,0.031793,-0.135140,-0.246283,-0.959203,-0.815985,-0.763970,0.049100,-0.075551,0.222002,0.347467,0.907895,-1.020038,-0.642301,0.964506
343,1.429167,0.040158,0.026222,-0.302881,-0.951821,-0.968410,-0.623287,0.008481,0.026268,-0.124746,-0.245007,-0.961104,-0.806958,-0.756923,0.047103,-0.074831,0.218981,0.347829,0.908550,-1.019486,-0.640683,0.963625
344,1.433333,0.039968,0.026113,-0.302839,-0.951845,-0.968373,-0.623288,0.008483,0.023083,-0.114722,-0.244189,-0.962641,-0.798021,-0.749702,0.045314,-0.075893,0.221018,0.347563,0.908070,-1.018443,-0.638632,0.963572
345,1.437500,0.040306,0.026473,-0.302896,-0.951803,-0.968340,-0.623254,0.008539,0.020173,-0.104887,-0.243472,-0.964009,-0.789061,-0.742548,0.043676,-0.076052,0.219980,0.347046,0.908506,-1.017756,-0.636724,0.962992
346,1.441667,0.040159,0.026296,-0.302950,-0.951797,-0.968340,-0.623262,0.008533,0.015453,-0.095568,-0.242614,-0.965281,-0.780180,-0.735470,0.042259,-0.076202,0.220332,0.346900,0.908464,-1.016876,-0.634809,0.962639
347,1.445833,0.040009,0.026052,-0.302986,-0.951798,-0.968336,-0.623288,0.008513,0.011016,-0.085841,-0.242044,-0.966398,-0.771329,-0.728284,0.040778,-0.075713,0.219459,0.346052,0.909040,-1.016198,-0.632911,0.961976
348,1.450000,0.039737,0.025728,-0.303013,-0.951810,-0.968348,-0.623304,0.008514,0.007146,-0.076659,-0.241559,-0.967327,-0.762546,-0.721212,0.039587,-0.076399,0.222115,0.345472,0.908558,-1.015106,-0.630764,0.961969
349,1.454167,0.039361,0.025399,-0.303187,-0.951779,-0.968356,-0.623371,0.008492,0.004845,-0.067495,-0.241265,-0.968097,-0.753872,-0.714043,0.038383,-0.077768,0.226139,0.344447,0.907838,-1.013960,-0.628623,0.962143
350,1.458333,0.039614,0.025386,-0.303461,-0.951681,-0.968349,-0.623422,0.008521,0.001584,-0.058660,-0.240572,-0.968856,-0.745240,-0.706835,0.037355,-0.076601,0.223216,0.343706,0.908941,-1.013508,-0.626944,0.961105
351,1.462500,0.039903,0.025454,-0.303709,-0.951588,-0.968315,-0.623437,0.008538,-0.000653,-0.050299,-0.240143,-0.969433,-0.736726,-0.699729,0.036326,-0.075842,0.221814,0.343381,0.909470,-1.012830,-0.625253,0.960290
352,1.466667,0.040190,0.025453,-0.304108,-0.951449,-0.968305,-0.623478,0.008559,-0.003419,-0.041919,-0.239874,-0.969893,-0.728238,-0.692617,0.035392,-0.074806,0.219239,0.342756,0.910416,-1.012301,-0.623545,0.959252
353,1.470833,0.040074,0.025136,-0.304412,-0.951365,-0.968268,-0.623499,0.008532,-0.006370,-0.033620,-0.239642,-0.970258,-0.719812,-0.685540,0.034575,-0.076444,0.223721,0.342216,0.909392,-1.010952,-0.621247,0.959434
354,1.475000,0.040189,0.025055,-0.304641,-0.951289,-0.968234,-0.623474,0.008503,-0.008303,-0.026447,-0.239354,-0.970537,-0.711500,-0.678521,0.033800,-0.077550,0.226778,0.341876,0.908669,-1.009788,-0.619177,0.959422
355,1.479167,0.040281,0.024899,-0.304667,-0.951281,-0.968234,-0.623455,0.008507,-0.013198,-0.019161,-0.239359,-0.970652,-0.703267,-0.671483,0.033143,-0.077038,0.224179,0.341679,0.909431,-1.009182,-0.617417,0.958405
356,1.483333,0.039155,0.024241,-0.304421,-0.951424,-0.968197,-0.623459,0.008445,-0.015651,-0.011895,-0.239209,-0.970769,-0.695135,-0.664512,0.032628,-0.076383,0.222392,0.341615,0.909949,-1.008480,-0.615686,0.957490
357,1.487500,0.038097,0.023580,-0.304365,-0.951501,-0.968149,-0.623479,0.008347,-0.018133,-0.005278,-0.239498,-0.970713,-0.687035,-0.657579,0.032181,-0.076214,0.221315,0.341447,0.910289,-1.007683,-0.613838,0.956651
358,1.491667,0.036686,0.022931,-0.304307,-0.951591,-0.968086,-0.623420,0.008300,-0.020095,0.000462,-0.239260,-0.970748,-0.679024,-0.650744,0.031849,-0.076914,0.223079,0.341137,0.909915,-1.006569,-0.611669,0.956345
359,1.495833,0.037458,0.022895,-0.304333,-0.951554,-0.968120,-0.623462,0.008330,-0.023071,0.006651,-0.239335,-0.970640,-0.671093,-0.643905,0.031608,-0.078099,0.225513,0.340974,0.909275,-1.005392,-0.609602,0.956093
360,1.500000,0.037263,0.022497,-0.304437,-0.951537,-0.968121,-0.623485,0.008307,-0.024916,0.011734,-0.239060,-0.970614,-0.663275,-0.637122,0.031305,-0.077321,0.221996,0.340803,0.910271,-1.004857,-0.607873,0.954857
361,1.504167,0.037287,0.022319,-0.304389,-0.951556,-0.968095,-0.623526,0.008313,-0.026706,0.016488,-0.239083,-0.970492,-0.655541,-0.630481,0.031223,-0.077226,0.222488,0.340995,0.910086,-1.003815,-0.605932,0.954265
362,1.508333,0.037050,0.021861,-0.304361,-0.951585,-0.968075,-0.623546,0.008265,-0.028804,0.020805,-0.239108,-0.970343,-0.647909,-0.623830,0.031150,-0.077097,0.222456,0.341093,0.910069,-1.002870,-0.604124,0.953539
363,1.512500,0.036746,0.021496,-0.304430,-0.951583,-0.968080,-0.623536,0.008234,-0.031214,0.025176,-0.239226,-0.970136,-0.640311,-0.617213,0.031071,-0.076165,0.220498,0.341037,0.910645,-1.002085,-0.602249,0.952465
364,1.516667,0.036224,0.021244,-0.304624,-0.951547,-0.968074,-0.623504,0.008237,-0.033056,0.028220,-0.239307,-0.969971,-0.632828,-0.610800,0.031176,-0.075825,0.219302,0.340890,0.911017,-1.001274,-0.600434,0.951500
365,1.520833,0.036057,0.020944,-0.304720,-0.951529,-0.968068,-0.623491,0.008234,-0.034356,0.031327,-0.239295,-0.969833,-0.625442,-0.604379,0.031190,-0.074782,0.216770,0.340822,0.911734,-1.000551,-0.598641,0.950272
366,1.525000,0.036074,0.020700,-0.304776,-0.951515,-0.968049,-0.623475,0.008221,-0.035103,0.034001,-0.239122,-0.969759,-0.618165,-0.597984,0.031248,-0.073986,0.214835,0.340761,0.912279,-0.999964,-0.597199,0.949305
367,1.529167,0.035978,0.020361,-0.304821,-0.951512,-0.968035,-0.623461,0.008211,-0.036914,0.036692,-0.239366,-0.969533,-0.610982,-0.591710,0.031444,-0.073986,0.214835,0.340761,0.912279,-0.999964,-0.597199,0.949305
368,1.533333,0.035907,0.020167,-0.304776,-0.951533,-0.968011,-0.623417,0.008246,-0.037894,0.038705,-0.239163,-0.969468,-0.603908,-0.585600,0.031639,-0.073986,0.214835,0.340761,0.912279,-0.999964,-0.597199,0.949305
369,1.537500,0.035954,0.019773,-0.304900,-0.951500,-0.968029,-0.623404,0.008230,-0.040300,0.040627,-0.239637,-0.969175,-0.596869,-0.579444,0.031802,-0.073986,0.214835,0.340761,0.912279,-0.999964,-0.597199,0.949305
370,1.541667,0.035858,0.019236,-0.305115,-0.951446,-0.968062,-0.623408,0.008180,-0.042491,0.042819,-0.239429,-0.969038,-0.590006,-0.573430,0.032120,-0.073986,0.214835,0.340761,0.912279,-0.999964,-0.597199,0.949305
371,1.545833,0.035890,0.018684,-0.305275,-0.951404,-0.968076,-0.623412,0.008151,-0.045878,0.045611,-0.239589,-0.968717,-0.583240,-0.567441,0.032490,-0.073986,0.214835,0.340761,0.912279,-0.999964,-0.597199,0.949305
372,1.550000,0.035851,0.018274,-0.305355,-0.951388,-0.968061,-0.623402,0.008140,-0.049080,0.047816,-0.239439,-0.968490,-0.576606,-0.561601,0.032972,-0.009195,-0.059953,0.302171,0.951322,-0.898919,-0.624468,0.920790
373,1.554167,0.035311,0.018249,-0.305722,-0.951291,-0.967968,-0.623390,0.008106,-0.054006,0.050427,-0.240229,-0.967900,-0.569832,-0.555773,0.033494,-0.014337,-0.023601,0.293855,0.955451,-0.897541,-0.621297,0.926643
374,1.558333,0.035393,0.017765,-0.305824,-0.951264,-0.967920,-0.623387,0.008113,-0.058615,0.053251,-0.240236,-0.967479,-0.563387,-0.550094,0.034130,-0.020793,-0.006147,0.286545,0.957821,-0.897720,-0.619093,0.929609
375,1.562500,0.035752,0.017061,-0.305170,-0.951474,-0.967888,-0.623384,0.008122,-0.063338,0.055593,-0.239825,-0.967152,-0.557112,-0.544612,0.034808,-0.024280,0.002758,0.285559,0.958050,-0.895740,-0.617263,0.930714
376,1.566667,0.035279,0.016327,-0.304784,-0.951628,-0.967898,-0.623314,0.008120,-0.068138,0.058286,-0.239578,-0.966728,-0.550968,-0.539125,0.035523,-0.023306,0.001832,0.288994,0.957046,-0.892899,-0.616095,0.929949
377,1.570833,0.035067,0.015805,-0.304752,-0.951655,-0.967875,-0.623245,0.008129,-0.074523,0.061176,-0.239670,-0.966055,-0.544917,-0.533721,0.036358,-0.018470,-0.011471,0.293299,0.955774,-0.890690,-0.615776,0.927197
378,1.575000,0.035192,0.015262,-0.304944,-0.951598,-0.967848,-0.623210,0.008151,-0.080634,0.064199,-0.239580,-0.965390,-0.539011,-0.528436,0.037268,-0.018806,-0.010514,0.292812,0.955927,-0.888567,-0.613990,0.926881
379,1.579167,0.035454,0.014695,-0.305195,-0.951516,-0.967809,-0.623193,0.008186,-0.086319,0.067179,-0.239575,-0.964697,-0.533248,-0.523263,0.038148,-0.021063,-0.006801,0.288883,0.957109,-0.887163,-0.611664,0.927166
380,1.583333,0.035602,0.014104,-0.305424,-0.951446,-0.967775,-0.623164,0.008213,-0.092642,0.070554,-0.239841,-0.963803,-0.527639,-0.518154,0.039153,-0.013291,-0.016185,0.296179,0.954903,-0.883476,-0.611028,0.924742
381,1.587500,0.035912,0.013559,-0.305654,-0.951369,-0.967742,-0.623130,0.008245,-0.098542,0.074572,-0.239685,-0.962954,-0.522202,-0.513057,0.040102,-0.007666,-0.022877,0.301369,0.953202,-0.879673,-0.609802,0.922676
382,1.591667,0.036243,0.012986,-0.305883,-0.951290,-0.967712,-0.623093,0.008279,-0.103869,0.078538,-0.239703,-0.962074,-0.516915,-0.508135,0.041114,-0.009513,-0.019891,0.299537,0.953830,-0.878122,-0.607916,0.922858
383,1.595833,0.036336,0.012524,-0.306184,-0.951196,-0.967657,-0.623061,0.008324,-0.109267,0.082510,-0.240237,-0.961010,-0.511751,-0.503372,0.042270,-0.009589,-0.019506,0.299446,0.953866,-0.875994,-0.606101,0.922367
384,1.600000,0.036398,0.011924,-0.306429,-0.951123,-0.967604,-0.623019,0.008387,-0.113941,0.086461,-0.240952,-0.959939,-0.506716,-0.498710,0.043474,-0.009049,-0.019307,0.299772,0.953772,-0.873547,-0.604341,0.921792
385,1.604167,0.036530,0.011267,-0.306664,-0.951050,-0.967550,-0.622985,0.008460,-0.119024,0.090053,-0.242125,-0.958697,-0.501754,-0.494299,0.044760,-0.005337,-0.022001,0.298707,0.954076,-0.871506,-0.602531,0.920615
386,1.608333,0.036320,0.010353,-0.306891,-0.950995,-0.967481,-0.622950,0.008541,-0.123426,0.094035,-0.243124,-0.957504,-0.496963,-0.489965,0.046025,-0.008132,-0.014706,0.296967,0.954740,-0.869575,-0.600312,0.921318
387,1.612500,0.035792,0.009295,-0.307122,-0.950951,-0.967418,-0.622913,0.008628,-0.125014,0.097796,-0.243218,-0.956897,-0.492388,-0.485673,0.047081,-0.008617,-0.014165,0.297750,0.954500,-0.867306,-0.598671,0.920935
388,1.616667,0.035243,0.008025,-0.307419,-0.950888,-0.967359,-0.622880,0.008697,-0.127357,0.102490,-0.243657,-0.955985,-0.488057,-0.481406,0.048255,-0.008681,-0.013604,0.298202,0.954366,-0.865106,-0.596938,0.920693
389,1.620833,0.034898,0.006890,-0.307797,-0.950787,-0.967296,-0.622828,0.008785,-0.128829,0.105986,-0.243797,-0.955371,-0.483721,-0.477457,0.049331,-0.008858,-0.012950,0.298846,0.954172,-0.862884,-0.595378,0.920396
390,1.625000,0.035163,0.006121,-0.308274,-0.950628,-0.967209,-0.622780,0.008887,-0.132177,0.109990,-0.244611,-0.954252,-0.479563,-0.473615,0.050441,-0.009182,-0.012165,0.299570,0.953953,-0.860558,-0.593816,0.920106
391,1.629167,0.036121,0.005353,-0.308744,-0.950444,-0.967156,-0.622749,0.009071,-0.133805,0.112602,-0.244837,-0.953662,-0.475492,-0.470063,0.051338,-0.009237,-0.011467,0.300126,0.953786,-0.858237,-0.592192,0.919865
392,1.633333,0.036247,0.003980,-0.309148,-0.950315,-0.967068,-0.622725,0.009218,-0.136344,0.115346,-0.245213,-0.952878,-0.471569,-0.466574,0.052227,-0.009187,-0.011045,0.301133,0.953474,-0.855811,-0.590585,0.919525
393,1.637500,0.036093,0.002627,-0.309577,-0.950185,-0.966979,-0.622698,0.009355,-0.137468,0.117880,-0.245297,-0.952385,-0.467834,-0.463267,0.053068,-0.009006,-0.010242,0.301782,0.953279,-0.853406,-0.588987,0.919210
394,1.641667,0.036462,0.001409,-0.310021,-0.950029,-0.966887,-0.622693,0.009512,-0.138945,0.120740,-0.245208,-0.951835,-0.464255,-0.460082,0.053817,-0.008804,-0.010074,0.302740,0.952979,-0.851008,-0.587428,0.918766
395,1.645833,0.037087,0.000168,-0.310419,-0.949876,-0.966812,-0.622704,0.009670,-0.139894,0.122751,-0.244863,-0.951527,-0.460870,-0.457014,0.054494,-0.005173,-0.010354,0.304987,0.952286,-0.848169,-0.585924,0.918100
396,1.650000,0.038036,-0.000517,-0.310838,-0.949701,-0.966730,-0.622685,0.009918,-0.140859,0.125128,-0.244499,-0.951169,-0.457604,-0.454103,0.055052,-0.004572,-0.010308,0.306023,0.951957,-0.845750,-0.584294,0.917835
397,1.654167,0.037943,-0.001509,-0.311415,-0.949515,-0.966636,-0.622639,0.010145,-0.141885,0.127214,-0.243952,-0.950880,-0.454528,-0.451307,0.055506,-0.006033,-0.009474,0.307154,0.951594,-0.843302,-0.582593,0.917381
398,1.658333,0.038747,-0.002699,-0.312159,-0.949236,-0.966560,-0.622581,0.010398,-0.142647,0.129126,-0.243338,-0.950665,-0.451639,-0.448697,0.055926,-0.005918,-0.009182,0.308003,0.951323,-0.840766,-0.580880,0.917175
399,1.662500,0.040333,-0.003578,-0.312907,-0.948920,-0.966460,-0.622564,0.010615,-0.143276,0.130383,-0.242754,-0.950549,-0.448875,-0.446193,0.056164,-0.005283,-0.009101,0.308808,0.951066,-0.838096,-0.579312,0.916840
400,1.666667,0.041872,-0.004523,-0.313543,-0.948640,-0.966357,-0.622557,0.010801,-0.144108,0.131889,-0.242114,-0.950378,-0.446316,-0.443835,0.056293,-0.006200,-0.008116,0.309387,0.950881,-0.835356,-0.577621,0.916547
401,1.670833,0.043272,-0.005583,-0.314141,-0.948373,-0.966243,-0.622560,0.011016,-0.144945,0.132991,-0.241228,-0.950323,-0.443932,-0.441593,0.056299,-0.005661,-0.008035,0.310158,0.950634,-0.832716,-0.576066,0.916313
402,1.675000,0.044315,-0.007095,-0.314772,-0.948106,-0.966130,-0.622542,0.011242,-0.145957,0.134052,-0.240424,-0.950223,-0.441742,-0.439435,0.056181,-0.005644,-0.007439,0.310918,0.950391,-0.830005,-0.574388,0.916155
403,1.679167,0.045897,-0.008702,-0.315337,-0.947829,-0.966023,-0.622514,0.011498,-0.146744,0.134608,-0.239583,-0.950235,-0.439703,-0.437460,0.055919,-0.005366,-0.007318,0.311737,0.950125,-0.827321,-0.572822,0.915906
404,1.683333,0.047219,-0.010474,-0.315923,-0.947551,-0.965929,-0.622485,0.011762,-0.147304,0.134501,-0.238981,-0.950315,-0.437852,-0.435603,0.055512,-0.006376,-0.006418,0.312812,0.949772,-0.824493,-0.571106,0.915658
405,1.687500,0.048696,-0.012472,-0.316498,-0.947260,-0.965841,-0.622453,0.012018,-0.147519,0.134029,-0.238457,-0.950480,-0.436115,-0.433879,0.054907,-0.006213,-0.005623,0.313677,0.949493,-0.821786,-0.569489,0.915580
406,1.691667,0.050345,-0.014755,-0.317083,-0.946946,-0.965768,-0.622386,0.012376,-0.148753,0.133698,-0.238318,-0.950369,-0.434590,-0.432234,0.054286,-0.005636,-0.005760,0.314759,0.949137,-0.818987,-0.567899,0.915411
407,1.695833,0.051642,-0.016519,-0.317788,-0.946610,-0.965688,-0.622272,0.012774,-0.148578,0.132367,-0.237990,-0.950665,-0.433211,-0.430737,0.053482,-0.005814,-0.004600,0.315577,0.948871,-0.816197,-0.566269,0.915408
408,1.700000,0.052938,-0.018472,-0.318505,-0.946262,-0.965631,-0.622197,0.013163,-0.148532,0.130853,-0.237833,-0.950921,-0.432030,-0.429401,0.052631,-0.006743,-0.004034,0.316560,0.948540,-0.813317,-0.564526,0.915180
409,1.704167,0.054904,-0.020797,-0.319144,-0.945886,-0.965583,-0.622103,0.013560,-0.148313,0.129213,-0.238157,-0.951099,-0.431017,-0.428129,0.051666,-0.006718,-0.003475,0.317848,0.948112,-0.810434,-0.562881,0.915117
410,1.708333,0.056913,-0.023071,-0.319693,-0.945529,-0.965515,-0.622038,0.013939,-0.148028,0.127353,-0.238869,-0.951215,-0.430191,-0.426960,0.050670,-0.005646,-0.003281,0.318692,0.947836,-0.807582,-0.561286,0.915155
411,1.712500,0.058402,-0.025979,-0.320307,-0.945155,-0.965440,-0.621913,0.014340,-0.145721,0.124678,-0.239180,-0.951848,-0.429471,-0.426002,0.049503,-0.005575,-0.003158,0.319736,0.947485,-0.804615,-0.559663,0.915108
412,1.716667,0.060287,-0.028810,-0.320822,-0.944780,-0.965364,-0.621809,0.014785,-0.143153,0.121957,-0.239847,-0.952422,-0.428911,-0.425105,0.048276,-0.005491,-0.002765,0.320572,0.947204,-0.801705,-0.558004,0.915172
413,1.720833,0.062527,-0.031338,-0.321336,-0.944379,-0.965294,-0.621718,0.015224,-0.142013,0.119809,-0.241286,-0.952502,-0.428567,-0.424294,0.047102,-0.004784,-0.001663,0.321665,0.946840,-0.798698,-0.556223,0.915361
414,1.725000,0.065801,-0.033996,-0.321877,-0.943880,-0.965213,-0.621553,0.015758,-0.138237,0.116778,-0.241806,-0.953301,-0.428288,-0.423598,0.045686,-0.004668,-0.001184,0.322783,0.946461,-0.795669,-0.554552,0.915383
415,1.729167,0.068259,-0.037049,-0.322230,-0.943470,-0.965126,-0.621402,0.016276,-0.134098,0.113352,-0.242148,-0.954219,-0.428141,-0.422969,0.044237,-0.004130,-0.000838,0.323657,0.946165,-0.792611,-0.552836,0.915539
416,1.733333,0.072510,-0.038592,-0.323049,-0.942811,-0.965017,-0.621327,0.016688,-0.130179,0.109336,-0.242401,-0.955166,-0.427923,-0.422430,0.042852,-0.003226,-0.001213,0.324539,0.945866,-0.789528,-0.551246,0.915679
417,1.737500,0.073603,-0.042993,-0.323196,-0.942485,-0.964922,-0.621125,0.017361,-0.126644,0.104418,-0.242500,-0.956165,-0.427607,-0.421812,0.041506,-0.003317,-0.000628,0.325450,0.945553,-0.786372,-0.549569,0.915861
418,1.741667,0.077545,-0.044978,-0.323999,-0.941801,-0.964844,-0.620996,0.017789,-0.122519,0.098783,-0.241878,-0.957458,-0.427099,-0.421101,0.040281,-0.003330,-0.000667,0.326320,0.945253,-0.783195,-0.547921,0.915905
419,1.745833,0.080824,-0.047926,-0.324611,-0.941169,-0.964770,-0.620820,0.018363,-0.117512,0.092202,-0.240035,-0.959204,-0.426396,-0.420360,0.039045,-0.003363,-0.000692,0.327325,0.944906,-0.780050,-0.546232,0.916082
420,1.750000,0.083879,-0.051446,-0.325079,-0.940554,-0.964659,-0.620611,0.019049,-0.113944,0.086619,-0.238666,-0.960496,-0.425551,-0.419536,0.038061,-0.003743,-0.000570,0.328090,0.944639,-0.776860,-0.544562,0.916200
421,1.754167,0.087568,-0.054992,-0.325441,-0.939892,-0.964555,-0.620388,0.019739,-0.109390,0.081488,-0.236746,-0.961949,-0.424500,-0.418797,0.037179,-0.003743,-0.000973,0.328922,0.944349,-0.773592,-0.542887,0.916526
422,1.758333,0.090487,-0.059138,-0.325764,-0.939251,-0.964414,-0.620147,0.020407,-0.104837,0.078108,-0.234993,-0.963165,-0.423510,-0.418169,0.036488,-0.002702,-0.001315,0.329785,0.944051,-0.770193,-0.541195,0.916807
423,1.762500,0.093838,-0.063243,-0.326105,-0.938536,-0.964250,-0.619900,0.021126,-0.100743,0.075561,-0.233252,-0.964228,-0.422567,-0.417598,0.035933,-0.003695,-0.001205,0.330480,0.943805,-0.766911,-0.539475,0.917093
424,1.766667,0.097463,-0.067884,-0.326635,-0.937658,-0.964082,-0.619630,0.021827,-0.097367,0.073428,-0.231851,-0.965077,-0.421753,-0.417052,0.035500,-0.001930,-0.002392,0.330863,0.943674,-0.763570,-0.537906,0.917398
425,1.770833,0.101348,-0.072056,-0.327191,-0.936741,-0.963857,-0.619345,0.022606,-0.094538,0.071239,-0.230789,-0.965776,-0.420979,-0.416493,0.035105,-0.003582,-0.002515,0.331439,0.943467,-0.760148,-0.536120,0.917803
426,1.775000,0.105388,-0.076360,-0.327869,-0.935716,-0.963626,-0.619061,0.023463,-0.091723,0.068462,-0.230013,-0.966434,-0.420245,-0.415940,0.034565,-0.004112,-0.002582,0.331763,0.943350,-0.756807,-0.534387,0.918401
427,1.779167,0.109940,-0.081041,-0.328468,-0.934588,-0.963332,-0.618743,0.024357,-0.088777,0.064639,-0.230157,-0.966938,-0.419522,-0.415330,0.033818,-0.005300,-0.002652,0.332411,0.943116,-0.753276,-0.532584,0.918740
428,1.783333,0.113876,-0.085490,-0.329227,-0.933452,-0.963035,-0.618385,0.025296,-0.086807,0.060331,-0.230641,-0.967279,-0.418982,-0.414742,0.032974,-0.004061,-0.003639,0.333453,0.942751,-0.749549,-0.530689,0.918888
429,1.787500,0.116824,-0.091306,-0.329622,-0.932397,-0.962757,-0.618070,0.026134,-0.085216,0.055136,-0.231369,-0.967557,-0.418599,-0.414200,0.031936,-0.004024,-0.004299,0.334115,0.942514,-0.746061,-0.529018,0.919297
430,1.791667,0.119932,-0.097784,-0.330057,-0.931191,-0.962494,-0.617778,0.026907,-0.083137,0.050179,-0.232350,-0.967773,-0.418340,-0.413738,0.030875,-0.003497,-0.004946,0.334553,0.942358,-0.742480,-0.527327,0.919711
431,1.795833,0.121895,-0.105040,-0.330348,-0.930042,-0.962305,-0.617516,0.027710,-0.081861,0.045464,-0.233707,-0.967788,-0.418206,-0.413253,0.029923,-0.003598,-0.005822,0.334963,0.942206,-0.738852,-0.525478,0.920222
432,1.800000,0.125152,-0.112249,-0.329923,-0.928918,-0.962073,-0.617387,0.028546,-0.080194,0.041174,-0.235135,-0.967773,-0.418062,-0.412742,0.029095,-0.003865,-0.006386,0.335131,0.942142,-0.735312,-0.523746,0.920767
433,1.804167,0.129626,-0.118656,-0.330569,-0.927277,-0.961729,-0.617039,0.029549,-0.077892,0.037951,-0.236528,-0.967754,-0.417880,-0.412188,0.028499,-0.003819,-0.006979,0.335506,0.942005,-0.731617,-0.521991,0.921292
434,1.808333,0.135235,-0.125202,-0.331225,-0.925379,-0.961387,-0.616680,0.030618,-0.073823,0.035914,-0.237635,-0.967879,-0.417634,-0.411634,0.028092,-0.004219,-0.007711,0.335607,0.941961,-0.728026,-0.520268,0.921825
435,1.812500,0.141799,-0.130496,-0.332229,-0.923303,-0.960945,-0.616322,0.031913,-0.069704,0.034359,-0.238724,-0.967973,-0.417385,-0.411092,0.027781,-0.004266,-0.008551,0.335789,0.941889,-0.724301,-0.518522,0.922392
436,1.816667,0.147653,-0.137088,-0.333377,-0.921013,-0.960550,-0.615894,0.033144,-0.066516,0.033308,-0.239822,-0.967963,-0.417213,-0.410645,0.027528,-0.004524,-0.009662,0.335900,0.941837,-0.720663,-0.516830,0.922948
437,1.820833,0.152404,-0.145074,-0.334143,-0.918736,-0.960090,-0.615535,0.034485,-0.063707,0.031872,-0.240822,-0.967952,-0.417073,-0.410239,0.027165,-0.004840,-0.010387,0.335939,0.941814,-0.717014,-0.515123,0.923500
438,1.825000,0.156860,-0.153116,-0.335095,-0.916331,-0.959681,-0.615105,0.035831,-0.060455,0.029801,-0.241599,-0.968033,-0.417009,-0.409853,0.026662,-0.005612,-0.010447,0.335998,0.941788,-0.713375,-0.513427,0.924178
439,1.829167,0.161991,-0.162054,-0.336235,-0.913479,-0.959214,-0.614689,0.037035,-0.057541,0.027164,-0.242678,-0.968018,-0.416955,-0.409470,0.026071,-0.006060,-0.011136,0.335896,0.941814,-0.709695,-0.511815,0.924755
440,1.833333,0.167942,-0.170824,-0.337418,-0.910365,-0.958632,-0.614225,0.038466,-0.054883,0.025060,-0.243714,-0.967969,-0.416951,-0.409117,0.025638,-0.006373,-0.011537,0.335633,0.941900,-0.706015,-0.510060,0.925483
441,1.837500,0.172844,-0.180142,-0.338573,-0.907217,-0.958007,-0.613678,0.039866,-0.052436,0.023246,-0.244659,-0.967911,-0.416916,-0.408768,0.025299,-0.006660,-0.011758,0.335204,0.942049,-0.702430,-0.508383,0.926243
442,1.841667,0.177596,-0.189807,-0.339619,-0.903931,-0.957179,-0.613110,0.041284,-0.050157,0.021886,-0.245266,-0.967910,-0.416841,-0.408474,0.025042,-0.006220,-0.012392,0.334779,0.942194,-0.698717,-0.506698,0.927098
443,1.845833,0.181996,-0.199305,-0.340764,-0.900575,-0.956287,-0.612532,0.042945,-0.047841,0.020752,-0.245581,-0.967972,-0.416734,-0.408272,0.024787,-0.006439,-0.013133,0.334293,0.942356,-0.695081,-0.505068,0.927822
444,1.850000,0.187203,-0.208950,-0.342427,-0.896682,-0.955184,-0.611810,0.044418,-0.045576,0.019830,-0.245640,-0.968086,-0.416630,-0.408163,0.024544,-0.007166,-0.012925,0.333811,0.942524,-0.691374,-0.503446,0.928506
445,1.854167,0.192039,-0.219954,-0.343441,-0.892631,-0.953938,-0.611051,0.045962,-0.042979,0.019076,-0.245467,-0.968264,-0.416522,-0.408125,0.024321,-0.005561,-0.014394,0.333335,0.942682,-0.687599,-0.501911,0.929218
446,1.858333,0.198705,-0.229674,-0.344968,-0.888123,-0.952483,-0.610214,0.047447,-0.039806,0.017986,-0.245170,-0.968496,-0.416396,-0.408087,0.024015,-0.005941,-0.014562,0.332924,0.942822,-0.683970,-0.500296,0.929901
447,1.862500,0.205062,-0.239040,-0.346449,-0.883619,-0.950872,-0.609414,0.048875,-0.038437,0.016976,-0.245021,-0.968607,-0.416288,-0.408053,0.023806,-0.006495,-0.014672,0.332964,0.942803,-0.680527,-0.498747,0.930510
448,1.866667,0.213224,-0.248302,-0.348227,-0.878419,-0.949059,-0.608515,0.050281,-0.036233,0.015332,-0.244902,-0.968749,-0.416146,-0.407942,0.023430,-0.006575,-0.015457,0.332628,0.942908,-0.677212,-0.497206,0.931253
449,1.870833,0.220865,-0.257127,-0.349859,-0.873329,-0.946980,-0.607210,0.051888,-0.035496,0.013868,-0.244961,-0.968784,-0.416055,-0.407835,0.023129,-0.006795,-0.016776,0.331303,0.943351,-0.673377,-0.495736,0.932011
450,1.875000,0.224789,-0.268016,-0.351282,-0.868469,-0.944992,-0.605702,0.053791,-0.034568,0.012986,-0.245107,-0.968793,-0.416014,-0.407752,0.022945,-0.006980,-0.016951,0.330684,0.943564,-0.669923,-0.494308,0.932657
451,1.879167,0.227617,-0.278239,-0.352635,-0.863957,-0.943003,-0.604299,0.055456,-0.033578,0.012578,-0.245369,-0.968767,-0.416012,-0.407688,0.022864,-0.007610,-0.017329,0.330445,0.943635,-0.666424,-0.492906,0.933210
452,1.883333,0.231670,-0.289818,-0.353089,-0.858873,-0.940913,-0.602723,0.057183,-0.032346,0.012384,-0.245574,-0.968759,-0.416037,-0.407614,0.022787,-0.007957,-0.017634,0.330106,0.943745,-0.663061,-0.491533,0.933892
453,1.887500,0.236296,-0.302353,-0.352446,-0.853539,-0.938757,-0.601114,0.059029,-0.030322,0.012070,-0.245804,-0.968770,-0.416030,-0.407510,0.022663,-0.010954,-0.019000,0.329577,0.943874,-0.659822,-0.489842,0.934491
454,1.891667,0.243535,-0.311173,-0.354300,-0.847546,-0.936250,-0.599084,0.061115,-0.029060,0.012358,-0.245928,-0.968774,-0.415983,-0.407403,0.022658,-0.011021,-0.019160,0.329400,0.943932,-0.656610,-0.488503,0.935038
455,1.895833,0.248972,-0.320322,-0.355098,-0.842207,-0.933825,-0.597207,0.063164,-0.028100,0.012032,-0.246187,-0.968740,-0.415943,-0.407290,0.022582,-0.010574,-0.019465,0.329534,0.943884,-0.653243,-0.487111,0.935525
456,1.900000,0.255022,-0.328306,-0.355829,-0.836998,-0.931307,-0.595230,0.065395,-0.027311,0.011583,-0.246387,-0.968717,-0.415941,-0.407172,0.022452,-0.010437,-0.019128,0.329803,0.943798,-0.649878,-0.485827,0.936002
457,1.904167,0.260855,-0.336276,-0.356075,-0.831916,-0.928768,-0.593250,0.067802,-0.027284,0.011006,-0.246481,-0.968701,-0.415960,-0.407108,0.022336,-0.010367,-0.019178,0.329827,0.943790,-0.646575,-0.484591,0.936534
458,1.908333,0.266453,-0.344715,-0.355767,-0.826803,-0.926194,-0.591210,0.070397,-0.027386,0.010811,-0.246465,-0.968704,-0.415981,-0.407104,0.022329,-0.010689,-0.019324,0.329861,0.943771,-0.643334,-0.483357,0.937053
459,1.912500,0.267735,-0.354278,-0.353586,-0.823275,-0.923580,-0.588929,0.073297,-0.026067,0.010508,-0.246362,-0.968770,-0.415954,-0.407074,0.022227,-0.010992,-0.019120,0.329951,0.943740,-0.640211,-0.482031,0.937563
460,1.916667,0.268941,-0.364432,-0.351072,-0.819517,-0.920789,-0.586407,0.076346,-0.025295,0.010573,-0.246310,-0.968803,-0.415932,-0.407054,0.022222,-0.011120,-0.019392,0.330480,0.943548,-0.636984,-0.480852,0.937984
461,1.920833,0.271470,-0.373367,-0.349540,-0.815306,-0.917803,-0.583847,0.079349,-0.025029,0.010838,-0.246328,-0.968803,-0.415903,-0.407006,0.022235,-0.011543,-0.019663,0.330763,0.943438,-0.633930,-0.479650,0.938278
462,1.925000,0.273435,-0.381886,-0.348070,-0.811323,-0.914705,-0.581222,0.082336,-0.024618,0.011158,-0.246431,-0.968783,-0.415864,-0.406955,0.022279,-0.011884,-0.019590,0.330992,0.943355,-0.630841,-0.478305,0.938595
463,1.929167,0.275009,-0.388761,-0.346980,-0.807985,-0.911459,-0.578331,0.085379,-0.024550,0.010967,-0.246442,-0.968785,-0.415855,-0.406884,0.022234,-0.012045,-0.019790,0.331423,0.943198,-0.627752,-0.476980,0.938881
464,1.933333,0.275586,-0.396156,-0.344999,-0.805039,-0.908152,-0.575421,0.088395,-0.025017,0.010834,-0.246399,-0.968785,-0.415905,-0.406837,0.022180,-0.012460,-0.019954,0.331832,0.943045,-0.624716,-0.475681,0.939151
465,1.937500,0.275834,-0.401814,-0.344154,-0.802508,-0.904628,-0.572377,0.091240,-0.025357,0.010556,-0.246434,-0.968770,-0.415952,-0.406838,0.022132,-0.012537,-0.020222,0.332336,0.942861,-0.621619,-0.474370,0.939381
466,1.941667,0.275611,-0.406892,-0.343628,-0.800249,-0.900900,-0.569114,0.094043,-0.025270,0.010392,-0.246529,-0.968750,-0.415955,-0.406852,0.022092,-0.012715,-0.020267,0.332547,0.942783,-0.618631,-0.473025,0.939702
467,1.945833,0.275360,-0.412507,-0.342757,-0.797830,-0.897121,-0.565781,0.096739,-0.024950,0.010415,-0.246592,-0.968742,-0.415934,-0.406847,0.022082,-0.012549,-0.020167,0.333008,0.942625,-0.615598,-0.471677,0.939951
468,1.950000,0.274037,-0.417230,-0.341893,-0.796199,-0.893299,-0.562387,0.099197,-0.024378,0.010677,-0.246625,-0.968745,-0.415899,-0.406842,0.022096,-0.013127,-0.020032,0.333329,0.942507,-0.612680,-0.470411,0.940175
469,1.954167,0.273945,-0.418673,-0.344215,-0.794470,-0.888978,-0.558540,0.101485,-0.024205,0.010665,-0.246699,-0.968731,-0.415879,-0.406825,0.022068,-0.013249,-0.020531,0.333750,0.942345,-0.609590,-0.469094,0.940389
470,1.958333,0.273567,-0.419083,-0.347034,-0.793157,-0.884654,-0.554469,0.103713,-0.024591,0.010453,-0.246842,-0.968687,-0.415874,-0.406815,0.022025,-0.013645,-0.020585,0.333939,0.942271,-0.606762,-0.467806,0.940615
471,1.962500,0.273641,-0.418853,-0.349978,-0.791959,-0.880131,-0.550229,0.106010,-0.024696,0.010316,-0.246916,-0.968667,-0.415897,-0.406808,0.021979,-0.013599,-0.020739,0.334418,0.942099,-0.603872,-0.466401,0.940819
472,1.966667,0.271315,-0.416576,-0.353463,-0.792412,-0.875294,-0.545704,0.107929,-0.024834,0.010188,-0.246843,-0.968684,-0.415916,-0.406836,0.021940,-0.013492,-0.020715,0.334807,0.941963,-0.600877,-0.465109,0.941081
473,1.970833,0.268700,-0.415549,-0.354369,-0.793437,-0.870255,-0.541073,0.109892,-0.024578,0.009976,-0.246883,-0.968682,-0.415948,-0.406846,0.021885,-0.013343,-0.021034,0.335061,0.941867,-0.598086,-0.463721,0.941401
474,1.975000,0.263891,-0.414390,-0.354907,-0.795414,-0.865030,-0.536240,0.111588,-0.024953,0.010010,-0.246889,-0.968671,-0.415956,-0.406860,0.021883,-0.012704,-0.020882,0.335473,0.941733,-0.595309,-0.462381,0.941684
475,1.979167,0.258202,-0.413886,-0.353852,-0.798010,-0.859684,-0.531430,0.113173,-0.025114,0.010333,-0.246931,-0.968652,-0.415944,-0.406885,0.021925,-0.012192,-0.020764,0.335613,0.941692,-0.592403,-0.460940,0.942011
476,1.983333,0.253374,-0.411657,-0.354643,-0.800355,-0.853987,-0.526299,0.114566,-0.025574,0.010490,-0.247080,-0.968601,-0.415952,-0.406920,0.021980,-0.011923,-0.020263,0.335727,0.941666,-0.589607,-0.459746,0.942277
477,1.987500,0.248405,-0.409524,-0.354607,-0.803019,-0.848186,-0.521160,0.115827,-0.026226,0.010498,-0.247228,-0.968546,-0.415965,-0.406953,0.022003,-0.011759,-0.019958,0.335461,0.941769,-0.586969,-0.458533,0.942626
478,1.991667,0.244435,-0.406825,-0.354869,-0.805489,-0.842329,-0.515945,0.116902,-0.027700,0.010677,-0.247428,-0.968451,-0.416023,-0.406978,0.022083,-0.011545,-0.019368,0.335873,0.941638,-0.584072,-0.457197,0.943009
479,1.995833,0.241100,-0.402604,-0.356291,-0.807984,-0.836154,-0.510516,0.117694,-0.028504,0.010480,-0.247533,-0.968403,-0.416081,-0.406970,0.022042,-0.011037,-0.019332,0.335942,0.941620,-0.581271,-0.455903,0.943335
480,2.000000,0.238601,-0.399344,-0.356919,-0.810064,-0.830001,-0.505097,0.118510,-0.028283,0.010405,-0.247489,-0.968422,-0.416110,-0.406963,0.021993,-0.010782,-0.019150,0.336030,0.941595,-0.578521,-0.454553,0.943812
481,2.004167,0.235146,-0.395585,-0.357450,-0.812680,-0.823813,-0.499612,0.118985,-0.027160,0.010514,-0.247359,-0.968486,-0.416134,-0.406970,0.021921,-0.010384,-0.018867,0.335806,0.941685,-0.575760,-0.453290,0.944101
482,2.008333,0.232417,-0.390783,-0.358320,-0.815400,-0.817353,-0.493920,0.119381,-0.026544,0.010851,-0.247299,-0.968515,-0.416167,-0.406962,0.021914,-0.009950,-0.018989,0.335613,0.941756,-0.572990,-0.451998,0.944396
483,2.012500,0.229812,-0.385566,-0.359425,-0.818132,-0.810852,-0.488217,0.119534,-0.026617,0.010797,-0.247312,-0.968510,-0.416171,-0.406965,0.021909,-0.009374,-0.019003,0.334876,0.942024,-0.570262,-0.450646,0.944746
484,2.016667,0.227273,-0.380191,-0.360450,-0.820900,-0.804186,-0.482551,0.119472,-0.027179,0.011147,-0.247240,-0.968509,-0.416185,-0.406991,0.021960,-0.008918,-0.019062,0.334423,0.942188,-0.567511,-0.449348,0.945109
485,2.020833,0.224214,-0.374157,-0.361211,-0.824173,-0.797418,-0.476792,0.119296,-0.027127,0.011179,-0.247119,-0.968541,-0.416230,-0.406998,0.021930,-0.007832,-0.019222,0.334076,0.942318,-0.564849,-0.447966,0.945492
486,2.025000,0.220722,-0.368484,-0.361951,-0.827341,-0.790548,-0.470966,0.118903,-0.027742,0.011438,-0.246981,-0.968556,-0.416296,-0.407020,0.021952,-0.007061,-0.019613,0.333757,0.942429,-0.562154,-0.446557,0.945785
487,2.029167,0.217727,-0.361628,-0.362827,-0.830769,-0.783460,-0.465050,0.118366,-0.028249,0.011443,-0.246994,-0.968538,-0.416322,-0.407070,0.021973,-0.006662,-0.019399,0.333237,0.942620,-0.559325,-0.445274,0.946059
488,2.033333,0.214339,-0.355683,-0.362871,-0.834190,-0.776365,-0.459134,0.117626,-0.028510,0.011265,-0.247031,-0.968523,-0.416334,-0.407106,0.021988,-0.005843,-0.019844,0.332585,0.942846,-0.556545,-0.443976,0.946368
489,2.037500,0.209575,-0.347902,-0.363806,-0.838265,-0.768978,-0.453049,0.116762,-0.028251,0.011250,-0.247185,-0.968491,-0.416364,-0.407150,0.022023,-0.005127,-0.019881,0.331796,0.943128,-0.553842,-0.442566,0.946690
490,2.041667,0.204688,-0.340827,-0.364413,-0.842106,-0.761453,-0.446614,0.115459,-0.028392,0.011248,-0.247123,-0.968503,-0.416374,-0.407173,0.022036,-0.004327,-0.019960,0.331123,0.943367,-0.551324,-0.441206,0.947059
491,2.045833,0.201148,-0.333945,-0.362739,-0.846428,-0.753957,-0.440394,0.114210,-0.028468,0.011271,-0.247037,-0.968522,-0.416396,-0.407189,0.022041,-0.003659,-0.019910,0.330789,0.943488,-0.548565,-0.439860,0.947400
492,2.050000,0.196384,-0.326733,-0.361655,-0.850814,-0.746230,-0.433978,0.113008,-0.028480,0.011343,-0.246978,-0.968536,-0.416423,-0.407203,0.022043,-0.003281,-0.020086,0.330009,0.943758,-0.545917,-0.438558,0.947565
493,2.054167,0.192541,-0.319228,-0.360753,-0.854915,-0.738480,-0.427533,0.111609,-0.028591,0.011334,-0.246931,-0.968545,-0.416458,-0.407223,0.022046,-0.002820,-0.020239,0.329216,0.944034,-0.543336,-0.437251,0.947846
494,2.058333,0.189223,-0.311478,-0.359897,-0.858866,-0.730535,-0.421106,0.110019,-0.028577,0.011421,-0.246852,-0.968565,-0.416494,-0.407236,0.022051,-0.001945,-0.022552,0.327836,0.944463,-0.540399,-0.435426,0.947820
495,2.062500,0.184314,-0.303273,-0.359250,-0.863130,-0.722481,-0.414762,0.108129,-0.029137,0.011430,-0.246782,-0.968565,-0.416513,-0.407260,0.022079,-0.001417,-0.022759,0.327120,0.944708,-0.537692,-0.434032,0.948053
496,2.066667,0.180542,-0.294597,-0.358623,-0.867183,-0.714282,-0.408226,0.106295,-0.029452,0.011453,-0.246757,-0.968562,-0.416536,-0.407295,0.022081,-0.000874,-0.023285,0.326260,0.944993,-0.535068,-0.432679,0.948251
497,2.070833,0.176462,-0.286828,-0.356974,-0.871298,-0.706115,-0.401609,0.104335,-0.029842,0.011152,-0.246558,-0.968604,-0.416493,-0.407342,0.022048,-0.001103,-0.022788,0.325272,0.945345,-0.532564,-0.431429,0.948477
498,2.075000,0.174071,-0.278649,-0.356486,-0.874626,-0.697729,-0.394787,0.102316,-0.029674,0.011030,-0.246351,-0.968663,-0.416490,-0.407362,0.022020,-0.000167,-0.023074,0.324332,0.945662,-0.530122,-0.430081,0.948675
499,2.079167,0.171125,-0.270516,-0.355691,-0.878078,-0.689219,-0.388015,0.100255,-0.029950,0.010931,-0.246326,-0.968663,-0.416507,-0.407406,0.022015,-0.000003,-0.023446,0.323516,0.945932,-0.527501,-0.428732,0.948907
500,2.083333,0.167140,-0.262016,-0.355006,-0.881693,-0.680645,-0.381321,0.097992,-0.030258,0.010880,-0.246196,-0.968687,-0.416526,-0.407424,0.022028,0.000177,-0.023331,0.322620,0.946241,-0.525018,-0.427421,0.949123
501,2.087500,0.161120,-0.252473,-0.354897,-0.885633,-0.671980,-0.374727,0.095503,-0.030433,0.010764,-0.246137,-0.968697,-0.416531,-0.407461,0.022042,0.000439,-0.023181,0.321692,0.946561,-0.522545,-0.426102,0.949329
502,2.091667,0.157802,-0.242952,-0.354900,-0.888886,-0.663134,-0.367955,0.093143,-0.029792,0.010713,-0.246289,-0.968679,-0.416541,-0.407512,0.022020,0.000648,-0.022540,0.320914,0.946840,-0.520000,-0.424768,0.949556
503,2.095833,0.153669,-0.233768,-0.353658,-0.892561,-0.654137,-0.360956,0.090891,-0.029580,0.010742,-0.246188,-0.968711,-0.416534,-0.407544,0.022007,0.002592,-0.022871,0.320493,0.946971,-0.517468,-0.423494,0.949533
504,2.100000,0.151114,-0.223210,-0.353178,-0.895884,-0.644994,-0.353954,0.088599,-0.029488,0.010643,-0.246065,-0.968746,-0.416526,-0.407569,0.021986,0.004440,-0.022737,0.320343,0.947018,-0.514813,-0.422157,0.949544
505,2.104167,0.148428,-0.213552,-0.351677,-0.899271,-0.635713,-0.347013,0.086273,-0.029556,0.010302,-0.246236,-0.968705,-0.416531,-0.407589,0.021994,0.005799,-0.021282,0.317605,0.947967,-0.512012,-0.420349,0.949715
506,2.108333,0.144306,-0.203886,-0.350269,-0.902728,-0.626496,-0.340171,0.083820,-0.029758,0.010032,-0.246028,-0.968754,-0.416525,-0.407544,0.021949,0.006050,-0.020976,0.316436,0.948363,-0.509377,-0.418882,0.949902
507,2.112500,0.138740,-0.195128,-0.347646,-0.906542,-0.617401,-0.333259,0.081467,-0.031054,0.010084,-0.245985,-0.968724,-0.416490,-0.407542,0.021974,0.005827,-0.020591,0.315214,0.948779,-0.506832,-0.417383,0.950001
508,2.116667,0.139999,-0.183824,-0.348093,-0.908538,-0.607681,-0.326035,0.079308,-0.030503,0.010104,-0.245957,-0.968748,-0.416483,-0.407599,0.021983,0.005875,-0.020116,0.314281,0.949099,-0.504381,-0.416005,0.950115
509,2.120833,0.132164,-0.178608,-0.343785,-0.912384,-0.598655,-0.319458,0.076499,-0.030563,0.010714,-0.245706,-0.968803,-0.416491,-0.407647,0.022010,0.006176,-0.019857,0.313484,0.949366,-0.501892,-0.414596,0.950134
510,2.125000,0.126519,-0.170642,-0.340785,-0.915827,-0.589250,-0.312669,0.073995,-0.030254,0.010737,-0.245543,-0.968854,-0.416483,-0.407656,0.022005,0.006228,-0.019647,0.312576,0.949669,-0.499377,-0.413182,0.950154
511,2.129167,0.121862,-0.161784,-0.338692,-0.918838,-0.579692,-0.305737,0.071601,-0.030069,0.010776,-0.245295,-0.968922,-0.416471,-0.407671,0.022011,0.005975,-0.019415,0.311936,0.949886,-0.496900,-0.411727,0.950150
512,2.133333,0.118007,-0.152332,-0.336802,-0.921647,-0.570037,-0.298789,0.069331,-0.030275,0.010608,-0.245203,-0.968941,-0.416472,-0.407665,0.022004,0.005933,-0.019132,0.311080,0.950173,-0.494466,-0.410367,0.950134
513,2.137500,0.113878,-0.142931,-0.334922,-0.924354,-0.560338,-0.291801,0.067091,-0.030088,0.010552,-0.245097,-0.968974,-0.416470,-0.407667,0.021991,0.006044,-0.019261,0.310390,0.950395,-0.492073,-0.408979,0.950193
514,2.141667,0.108973,-0.134004,-0.332476,-0.927161,-0.550600,-0.284892,0.064899,-0.029703,0.010535,-0.245107,-0.968984,-0.416483,-0.407674,0.021965,0.005918,-0.018937,0.309522,0.950685,-0.489645,-0.407578,0.950112
515,2.145833,0.104840,-0.124648,-0.330396,-0.929683,-0.540770,-0.277914,0.062831,-0.028126,0.010089,-0.244803,-0.969112,-0.416429,-0.407615,0.021790,0.006608,-0.018692,0.308819,0.950914,-0.487139,-0.406206,0.950135
516,2.150000,0.100853,-0.115079,-0.328372,-0.932071,-0.530952,-0.270970,0.060816,-0.028300,0.010114,-0.244608,-0.969156,-0.416456,-0.407623,0.021824,0.006836,-0.018398,0.308166,0.951130,-0.484627,-0.404786,0.950126
517,2.154167,0.096641,-0.105996,-0.326344,-0.934304,-0.521067,-0.264083,0.058887,-0.028879,0.009855,-0.244392,-0.969196,-0.416443,-0.407631,0.021795,0.006865,-0.018148,0.307796,0.951254,-0.482144,-0.403383,0.950114
518,2.158333,0.092788,-0.096947,-0.324232,-0.936411,-0.511127,-0.257227,0.057010,-0.027863,0.009920,-0.244382,-0.969228,-0.416465,-0.407595,0.021812,0.006668,-0.017706,0.307242,0.951443,-0.479732,-0.401991,0.950107
519,2.162500,0.089736,-0.087322,-0.322350,-0.938303,-0.501076,-0.250439,0.055342,-0.027845,0.009670,-0.243728,-0.969396,-0.416393,-0.407570,0.021871,0.007227,-0.017489,0.306543,0.951669,-0.477246,-0.400667,0.950096
520,2.166667,0.085336,-0.078214,-0.320300,-0.940217,-0.491094,-0.243671,0.053646,-0.027819,0.009486,-0.243515,-0.969452,-0.416341,-0.407543,0.021849,0.007710,-0.017382,0.306047,0.951826,-0.474775,-0.399230,0.950051
521,2.170833,0.081661,-0.069001,-0.318696,-0.941808,-0.481021,-0.236989,0.052158,-0.026133,0.009234,-0.243846,-0.969418,-0.416401,-0.407549,0.021730,0.007757,-0.016986,0.305753,0.951928,-0.472224,-0.397740,0.949988
522,2.175000,0.078905,-0.059244,-0.316971,-0.943289,-0.470952,-0.230328,0.050836,-0.025364,0.009083,-0.243888,-0.969429,-0.416423,-0.407537,0.021679,0.008267,-0.016770,0.305425,0.952032,-0.469708,-0.396373,0.949945
523,2.179167,0.075852,-0.050129,-0.315352,-0.944609,-0.460922,-0.223774,0.049516,-0.024868,0.009336,-0.243799,-0.969462,-0.416477,-0.407500,0.021714,0.008604,-0.016968,0.304942,0.952181,-0.467261,-0.394992,0.949782
524,2.183333,0.073649,-0.040936,-0.313884,-0.945715,-0.450855,-0.217223,0.048283,-0.024002,0.008876,-0.243604,-0.969537,-0.416429,-0.407467,0.021598,0.008471,-0.016737,0.304653,0.952279,-0.464773,-0.393580,0.949781
525,2.187500,0.070624,-0.032366,-0.312557,-0.946717,-0.440844,-0.210738,0.047233,-0.023170,0.008431,-0.243491,-0.969590,-0.416439,-0.407406,0.021488,0.008314,-0.016505,0.304425,0.952357,-0.462313,-0.392119,0.949688
526,2.191667,0.067962,-0.023406,-0.311528,-0.947514,-0.430784,-0.204329,0.046323,-0.023214,0.008521,-0.243443,-0.969600,-0.416418,-0.407405,0.021512,0.008956,-0.016795,0.304271,0.952395,-0.459665,-0.390574,0.949390
527,2.195833,0.065246,-0.014712,-0.310714,-0.948147,-0.420773,-0.198001,0.045451,-0.023322,0.008841,-0.243200,-0.969655,-0.416379,-0.407400,0.021573,0.008927,-0.016865,0.304078,0.952456,-0.457030,-0.389184,0.949370
528,2.200000,0.063332,-0.006732,-0.309837,-0.948654,-0.410730,-0.191736,0.044724,-0.023350,0.008777,-0.243209,-0.969653,-0.416400,-0.407392,0.021566,0.008650,-0.016798,0.303745,0.952566,-0.454598,-0.387718,0.949215
529,2.204167,0.060335,0.001174,-0.308462,-0.949321,-0.400847,-0.185660,0.044070,-0.023066,0.008560,-0.243199,-0.969664,-0.416412,-0.407350,0.021511,0.008750,-0.016660,0.303604,0.952613,-0.452173,-0.386226,0.948938
530,2.208333,0.057869,0.008983,-0.307567,-0.949723,-0.391000,-0.179577,0.043543,-0.022609,0.008366,-0.243250,-0.969664,-0.416446,-0.407327,0.021472,0.008493,-0.016523,0.303710,0.952583,-0.449607,-0.384695,0.948617
531,2.212500,0.055835,0.016477,-0.306253,-0.950168,-0.381144,-0.173633,0.043081,-0.021910,0.008287,-0.243122,-0.969713,-0.416442,-0.407289,0.021427,0.008753,-0.016580,0.303524,0.952639,-0.447039,-0.383089,0.948347
532,2.216667,0.054140,0.024181,-0.305239,-0.950428,-0.371301,-0.167769,0.042801,-0.021737,0.008409,-0.242979,-0.969751,-0.416446,-0.407258,0.021435,0.008455,-0.016413,0.303494,0.952655,-0.444518,-0.381621,0.948158
533,2.220833,0.051891,0.031559,-0.304225,-0.950662,-0.361606,-0.162041,0.042610,-0.021313,0.008305,-0.242848,-0.969795,-0.416460,-0.407232,0.021427,0.008495,-0.016404,0.303533,0.952642,-0.441968,-0.380069,0.947824
534,2.225000,0.049802,0.038684,-0.303632,-0.950700,-0.351908,-0.156400,0.042555,-0.020456,0.008339,-0.242691,-0.969852,-0.416475,-0.407207,0.021440,0.008018,-0.016647,0.303770,0.952566,-0.439397,-0.378488,0.947551
535,2.229167,0.048073,0.045368,-0.302710,-0.950788,-0.342420,-0.150761,0.042550,-0.019332,0.008471,-0.242593,-0.969899,-0.416457,-0.407167,0.021414,0.007849,-0.016131,0.303700,0.952599,-0.436839,-0.376955,0.947260
536,2.233333,0.046635,0.051712,-0.302092,-0.950732,-0.332941,-0.145221,0.042658,-0.019421,0.008236,-0.242449,-0.969935,-0.416480,-0.407138,0.021345,0.007981,-0.015918,0.303602,0.952633,-0.434207,-0.375394,0.946849
537,2.237500,0.045742,0.058240,-0.301686,-0.950527,-0.323628,-0.139687,0.042880,-0.019077,0.008104,-0.242338,-0.969971,-0.416471,-0.407116,0.021316,0.008443,-0.016182,0.303608,0.952622,-0.431513,-0.373901,0.946495
538,2.241667,0.044543,0.063657,-0.301163,-0.950402,-0.314358,-0.134355,0.043074,-0.018496,0.007937,-0.242216,-0.970014,-0.416467,-0.407091,0.021271,0.007865,-0.015845,0.303642,0.952622,-0.428976,-0.372311,0.946128
539,2.245833,0.043850,0.069107,-0.300899,-0.950137,-0.305165,-0.129075,0.043364,-0.017801,0.007832,-0.242061,-0.970066,-0.416483,-0.407079,0.021234,0.007503,-0.016190,0.303486,0.952669,-0.426417,-0.370727,0.945721
540,2.250000,0.043441,0.074528,-0.300688,-0.949813,-0.296090,-0.123876,0.043749,-0.017357,0.007778,-0.241936,-0.970106,-0.416476,-0.407054,0.021200,0.007040,-0.016192,0.303690,0.952607,-0.423562,-0.369073,0.945418
541,2.254167,0.042849,0.079985,-0.300351,-0.949503,-0.287149,-0.118755,0.044204,-0.016697,0.007722,-0.241868,-0.970135,-0.416477,-0.407023,0.021170,0.006529,-0.015865,0.303680,0.952620,-0.421002,-0.367543,0.944989
542,2.258333,0.042261,0.085410,-0.300041,-0.949155,-0.278322,-0.113702,0.044765,-0.016356,0.007919,-0.241762,-0.970165,-0.416500,-0.406968,0.021202,0.006222,-0.015527,0.303559,0.952666,-0.418458,-0.365894,0.944423
543,2.262500,0.042610,0.090815,-0.300711,-0.948425,-0.269576,-0.108723,0.045477,-0.015670,0.008103,-0.241672,-0.970197,-0.416524,-0.406926,0.021233,0.005445,-0.015219,0.303457,0.952708,-0.415924,-0.364334,0.944077
544,2.266667,0.043245,0.096546,-0.300964,-0.947750,-0.260914,-0.103889,0.046234,-0.015489,0.008032,-0.241603,-0.970218,-0.416526,-0.406883,0.021232,0.004993,-0.015489,0.303677,0.952636,-0.413088,-0.362698,0.943677
545,2.270833,0.044347,0.102551,-0.301273,-0.946970,-0.252392,-0.099107,0.047146,-0.014936,0.007934,-0.241563,-0.970238,-0.416510,-0.406886,0.021204,0.004514,-0.015151,0.303485,0.952705,-0.410506,-0.361094,0.943171
546,2.275000,0.044576,0.108515,-0.301528,-0.946213,-0.244051,-0.094448,0.048123,-0.014638,0.007582,-0.241465,-0.970270,-0.416493,-0.406877,0.021158,0.003941,-0.014445,0.303455,0.952728,-0.407891,-0.359417,0.942645
547,2.279167,0.045447,0.114349,-0.301620,-0.945454,-0.235859,-0.089862,0.049160,-0.013980,0.007457,-0.241306,-0.970320,-0.416465,-0.406856,0.021125,0.003360,-0.014358,0.303370,0.952759,-0.405312,-0.357843,0.942158
548,2.283333,0.045992,0.120044,-0.301628,-0.944719,-0.227792,-0.085324,0.050294,-0.013314,0.007180,-0.241167,-0.970366,-0.416440,-0.406836,0.021085,0.002817,-0.014498,0.303573,0.952694,-0.402446,-0.356139,0.941703
549,2.287500,0.046467,0.126026,-0.301777,-0.943869,-0.219888,-0.080916,0.051491,-0.012821,0.007019,-0.241018,-0.970411,-0.416415,-0.406815,0.021064,0.002104,-0.014240,0.303201,0.952818,-0.399856,-0.354568,0.941199
550,2.291667,0.047641,0.132498,-0.302244,-0.942774,-0.212017,-0.076590,0.052808,-0.012396,0.006813,-0.240874,-0.970453,-0.416389,-0.406792,0.021042,0.001253,-0.013223,0.303076,0.952874,-0.397324,-0.352926,0.940685
551,2.295833,0.048067,0.138145,-0.302456,-0.941874,-0.204388,-0.072376,0.054106,-0.012000,0.006562,-0.240734,-0.970495,-0.416363,-0.406765,0.021033,0.000514,-0.012765,0.302979,0.952912,-0.394754,-0.351278,0.940178
552,2.300000,0.048519,0.143806,-0.302668,-0.940934,-0.196915,-0.068273,0.055423,-0.011523,0.006249,-0.240582,-0.970540,-0.416325,-0.406735,0.021004,-0.000337,-0.013121,0.302806,0.952962,-0.391927,-0.349676,0.939779
553,2.304167,0.049315,0.149592,-0.302796,-0.939950,-0.189557,-0.064278,0.056739,-0.011081,0.006024,-0.240435,-0.970583,-0.416290,-0.406706,0.021005,-0.001051,-0.012175,0.302776,0.952983,-0.389316,-0.347973,0.939192
554,2.308333,0.049692,0.154908,-0.302788,-0.939071,-0.182341,-0.060365,0.058041,-0.010687,0.005683,-0.240270,-0.970631,-0.416244,-0.406667,0.020994,-0.001056,-0.012388,0.302469,0.953078,-0.386746,-0.346353,0.938515
555,2.312500,0.050651,0.160001,-0.302721,-0.938187,-0.175320,-0.056562,0.059368,-0.010135,0.005351,-0.240052,-0.970692,-0.416208,-0.406622,0.020987,-0.002596,-0.011748,0.302334,0.953126,-0.384054,-0.344705,0.938204
556,2.316667,0.051352,0.164911,-0.302706,-0.937303,-0.168447,-0.052892,0.060642,-0.009604,0.005025,-0.239823,-0.970756,-0.416176,-0.406567,0.020997,-0.003331,-0.011415,0.302298,0.953139,-0.381395,-0.343099,0.937661
557,2.320833,0.052239,0.169498,-0.302573,-0.936478,-0.161762,-0.049338,0.061830,-0.009037,0.004617,-0.239659,-0.970804,-0.416120,-0.406516,0.021003,-0.003854,-0.010978,0.301727,0.953323,-0.378834,-0.341403,0.937081
558,2.325000,0.053082,0.173768,-0.302683,-0.935612,-0.155178,-0.045873,0.063007,-0.008530,0.004148,-0.239467,-0.970858,-0.416054,-0.406456,0.021011,-0.004444,-0.010957,0.301916,0.953261,-0.376151,-0.339694,0.936505
559,2.329167,0.053637,0.177971,-0.302811,-0.934749,-0.148861,-0.042485,0.064185,-0.008136,0.003604,-0.239211,-0.970927,-0.415991,-0.406395,0.021017,-0.005236,-0.010674,0.301537,0.953380,-0.373564,-0.338039,0.936022
560,2.333333,0.054777,0.181346,-0.302958,-0.933986,-0.142661,-0.039244,0.065303,-0.007793,0.003101,-0.239001,-0.970983,-0.415928,-0.406336,0.021020,-0.006047,-0.010788,0.301108,0.953510,-0.370973,-0.336338,0.935507
561,2.337500,0.056003,0.185274,-0.303181,-0.933070,-0.136719,-0.036002,0.066328,-0.007216,0.002456,-0.238754,-0.971050,-0.415865,-0.406277,0.021018,-0.006426,-0.009969,0.301110,0.953516,-0.368259,-0.334550,0.934952
562,2.341667,0.058380,0.189084,-0.302996,-0.932219,-0.130853,-0.032854,0.067198,-0.006715,0.001956,-0.238514,-0.971114,-0.415811,-0.406219,0.021068,-0.007052,-0.009656,0.300844,0.953598,-0.365666,-0.332864,0.934454
563,2.345833,0.059683,0.192180,-0.303209,-0.931434,-0.125188,-0.029922,0.068042,-0.006003,0.001261,-0.238194,-0.971198,-0.415752,-0.406153,0.021127,-0.007473,-0.009563,0.300400,0.953736,-0.363115,-0.331209,0.933924
564,2.350000,0.060509,0.194879,-0.303637,-0.930680,-0.119663,-0.027098,0.068905,-0.005168,0.000538,-0.237991,-0.971253,-0.415719,-0.406056,0.021173,-0.007586,-0.009192,0.300059,0.953846,-0.360412,-0.329383,0.933407
565,2.354167,0.061213,0.197219,-0.304258,-0.929938,-0.114316,-0.024344,0.069740,-0.004627,-0.000454,-0.237541,-0.971366,-0.415656,-0.406001,0.021231,-0.008196,-0.009019,0.299723,0.953948,-0.357792,-0.327643,0.932952
566,2.358333,0.063292,0.199798,-0.304459,-0.929182,-0.109172,-0.021699,0.070332,-0.004169,-0.001119,-0.237006,-0.971499,-0.415584,-0.405937,0.021352,-0.008320,-0.008945,0.299416,0.954045,-0.355154,-0.325857,0.932443
567,2.362500,0.064251,0.201916,-0.304695,-0.928581,-0.104234,-0.019241,0.070882,-0.003603,-0.001937,-0.236596,-0.971599,-0.415519,-0.405857,0.021437,-0.008428,-0.009263,0.299129,0.954130,-0.352483,-0.323966,0.931895
568,2.366667,0.064988,0.204077,-0.304892,-0.927992,-0.099413,-0.016894,0.071376,-0.002968,-0.002629,-0.236194,-0.971698,-0.415462,-0.405787,0.021529,-0.008824,-0.008656,0.298631,0.954288,-0.349828,-0.322175,0.931492
569,2.370833,0.066248,0.205471,-0.305176,-0.927502,-0.094854,-0.014591,0.071841,-0.002361,-0.003047,-0.235796,-0.971795,-0.415394,-0.405721,0.021633,-0.009570,-0.007907,0.298013,0.954481,-0.347296,-0.320450,0.931226
570,2.375000,0.066424,0.206834,-0.305943,-0.926934,-0.090314,-0.012396,0.072218,-0.002193,-0.004115,-0.235369,-0.971895,-0.415331,-0.405658,0.021750,-0.009436,-0.008496,0.297378,0.954675,-0.344669,-0.318599,0.930680
571,2.379167,0.067040,0.208076,-0.306077,-0.926567,-0.086044,-0.010400,0.072413,-0.001909,-0.005197,-0.234963,-0.971989,-0.415269,-0.405576,0.021862,-0.009510,-0.007694,0.296894,0.954832,-0.341969,-0.316697,0.930304
572,2.383333,0.067403,0.209445,-0.306205,-0.926190,-0.082008,-0.008495,0.072556,-0.001498,-0.006165,-0.234534,-0.972087,-0.415194,-0.405507,0.022012,-0.009182,-0.007935,0.296261,0.955030,-0.339390,-0.314856,0.929870
573,2.387500,0.067975,0.210882,-0.306568,-0.925702,-0.078043,-0.006707,0.072552,-0.001263,-0.007555,-0.234083,-0.972187,-0.415154,-0.405432,0.022150,-0.009145,-0.007635,0.295699,0.955207,-0.336625,-0.312871,0.929456
574,2.391667,0.068254,0.211446,-0.306659,-0.925523,-0.074323,-0.005019,0.072499,-0.001252,-0.009138,-0.233631,-0.972282,-0.415104,-0.405369,0.022300,-0.009134,-0.007835,0.294853,0.955467,-0.334023,-0.310994,0.929070
575,2.395833,0.068367,0.211978,-0.306604,-0.925411,-0.070773,-0.003470,0.072350,-0.001258,-0.010709,-0.233147,-0.972382,-0.415043,-0.405301,0.022482,-0.009013,-0.007563,0.294161,0.955683,-0.331323,-0.309049,0.928721
576,2.400000,0.068997,0.212106,-0.306606,-0.925334,-0.067389,-0.001999,0.072032,-0.001501,-0.012334,-0.232609,-0.972491,-0.414994,-0.405237,0.022662,-0.008746,-0.006777,0.293504,0.955894,-0.328573,-0.307074,0.928360
577,2.404167,0.068805,0.211803,-0.306688,-0.925391,-0.064227,-0.000622,0.071672,-0.001860,-0.013792,-0.232015,-0.972613,-0.414951,-0.405167,0.022834,-0.007738,-0.006181,0.292624,0.956177,-0.325758,-0.305020,0.927848
578,2.408333,0.069034,0.211204,-0.306511,-0.925569,-0.061175,0.000636,0.071243,-0.003130,-0.015288,-0.231171,-0.972788,-0.414902,-0.405053,0.023026,-0.007342,-0.005986,0.291528,0.956516,-0.323125,-0.303119,0.927550
579,2.412500,0.068872,0.210393,-0.306288,-0.925840,-0.058269,0.001755,0.070596,-0.003964,-0.017066,-0.230329,-0.972955,-0.414814,-0.404946,0.023256,-0.007242,-0.005663,0.290631,0.956791,-0.320358,-0.301068,0.927239
580,2.416667,0.069485,0.209103,-0.305910,-0.926211,-0.055566,0.002825,0.069962,-0.004381,-0.019185,-0.229626,-0.973080,-0.414736,-0.404865,0.023497,-0.006939,-0.006366,0.289615,0.957097,-0.317658,-0.299047,0.926876
581,2.420833,0.069007,0.207928,-0.305784,-0.926553,-0.052961,0.003686,0.069148,-0.004715,-0.021472,-0.229021,-0.973173,-0.414661,-0.404801,0.023732,-0.007561,-0.005417,0.288730,0.957365,-0.314926,-0.297000,0.926805
582,2.425000,0.069653,0.206393,-0.305314,-0.927003,-0.050497,0.004561,0.068323,-0.005076,-0.023786,-0.228395,-0.973265,-0.414613,-0.404764,0.023970,-0.007172,-0.005803,0.287681,0.957682,-0.312146,-0.294850,0.926425
583,2.429167,0.069600,0.204869,-0.305001,-0.927447,-0.048183,0.005251,0.067348,-0.005227,-0.025973,-0.228032,-0.973293,-0.414550,-0.404712,0.024213,-0.007455,-0.005276,0.286665,0.957987,-0.309300,-0.292701,0.926297
584,2.433333,0.070230,0.202997,-0.304559,-0.927957,-0.046008,0.005900,0.066376,-0.005941,-0.028494,-0.227506,-0.973342,-0.414449,-0.404667,0.024546,-0.007346,-0.006055,0.285651,0.958286,-0.306550,-0.290519,0.925982
585,2.437500,0.071019,0.200944,-0.303990,-0.928530,-0.043931,0.006363,0.065263,-0.006485,-0.031110,-0.226931,-0.973392,-0.414362,-0.404621,0.024903,-0.006955,-0.005726,0.284503,0.958633,-0.303664,-0.288287,0.925786
586,2.441667,0.071876,0.199130,-0.303258,-0.929094,-0.042067,0.006725,0.064111,-0.007201,-0.033789,-0.226484,-0.973402,-0.414253,-0.404597,0.025246,-0.007599,-0.005076,0.283301,0.958988,-0.300863,-0.286128,0.925815
587,2.445833,0.072741,0.196884,-0.302638,-0.929707,-0.040289,0.007045,0.062858,-0.008014,-0.036311,-0.226152,-0.973382,-0.414143,-0.404530,0.025571,-0.007766,-0.005181,0.282180,0.959316,-0.297970,-0.283867,0.925652
588,2.450000,0.073355,0.194417,-0.301729,-0.930473,-0.038587,0.007239,0.061643,-0.008177,-0.038628,-0.225647,-0.973409,-0.414028,-0.404489,0.025944,-0.007623,-0.005298,0.280980,0.959669,-0.295060,-0.281557,0.925473
589,2.454167,0.073445,0.191410,-0.300481,-0.931493,-0.037049,0.007374,0.060319,-0.009195,-0.041451,-0.225293,-0.973365,-0.413922,-0.404472,0.026311,-0.007541,-0.005108,0.279792,0.960017,-0.292190,-0.279274,0.925436
590,2.458333,0.074009,0.188132,-0.299161,-0.932541,-0.035698,0.007428,0.059024,-0.010451,-0.044399,-0.225019,-0.973286,-0.413796,-0.404431,0.026681,-0.007589,-0.005449,0.278563,0.960372,-0.289286,-0.276938,0.925365
591,2.462500,0.073239,0.183820,-0.297792,-0.933898,-0.034402,0.007346,0.057630,-0.011556,-0.047611,-0.224616,-0.973215,-0.413662,-0.404384,0.027109,-0.007948,-0.005233,0.277247,0.960752,-0.286367,-0.274536,0.925358
592,2.466667,0.073259,0.180449,-0.295990,-0.935126,-0.033249,0.007169,0.056216,-0.011987,-0.050442,-0.224340,-0.973131,-0.413526,-0.404368,0.027566,-0.007535,-0.005835,0.275880,0.961145,-0.283495,-0.272191,0.925264
593,2.470833,0.072730,0.176172,-0.294131,-0.936569,-0.032213,0.007018,0.054845,-0.012762,-0.053827,-0.224063,-0.973004,-0.413350,-0.404355,0.028032,-0.007840,-0.005842,0.274587,0.961513,-0.280550,-0.269741,0.925246
594,2.475000,0.071722,0.171604,-0.292167,-0.938108,-0.031238,0.006762,0.053450,-0.013589,-0.057335,-0.223866,-0.972837,-0.413180,-0.404351,0.028556,-0.008094,-0.005656,0.273345,0.961866,-0.277610,-0.267290,0.925367
595,2.479167,0.070772,0.166406,-0.290125,-0.939749,-0.030277,0.006518,0.052116,-0.013981,-0.060696,-0.223572,-0.972695,-0.412999,-0.404338,0.029082,-0.007716,-0.005995,0.272013,0.962244,-0.274551,-0.264782,0.925252
596,2.483333,0.070816,0.160437,-0.288114,-0.941401,-0.029237,0.006303,0.050738,-0.014630,-0.064670,-0.223358,-0.972479,-0.412767,-0.404329,0.029639,-0.007199,-0.006839,0.270740,0.962601,-0.271616,-0.262219,0.925221
597,2.487500,0.071264,0.153417,-0.286444,-0.943045,-0.028050,0.006242,0.049374,-0.015018,-0.068385,-0.223174,-0.972261,-0.412518,-0.404318,0.030204,-0.007086,-0.007129,0.269564,0.962930,-0.268597,-0.259663,0.925259
598,2.491667,0.071920,0.145780,-0.284908,-0.944671,-0.026798,0.006370,0.048093,-0.015639,-0.072430,-0.223032,-0.971991,-0.412270,-0.404303,0.030822,-0.006862,-0.006710,0.268504,0.963231,-0.265574,-0.257049,0.925415
599,2.495833,0.075060,0.139458,-0.283517,-0.945799,-0.025197,0.006623,0.046857,-0.016332,-0.076938,-0.222964,-0.971649,-0.411959,-0.404318,0.031485,-0.006312,-0.006888,0.267411,0.963537,-0.262523,-0.254335,0.925380
600,2.500000,0.076702,0.133262,-0.282875,-0.946752,-0.023722,0.007115,0.045738,-0.016973,-0.081447,-0.222799,-0.971308,-0.411628,-0.404306,0.032154,-0.005838,-0.006995,0.266330,0.963839,-0.259512,-0.251619,0.925540
601,2.504167,0.078913,0.128591,-0.282409,-0.947355,-0.022310,0.007701,0.044666,-0.018451,-0.086801,-0.222600,-0.970863,-0.411271,-0.404291,0.032846,-0.006000,-0.006201,0.265418,0.964095,-0.256483,-0.248930,0.925823
602,2.508333,0.080269,0.124116,-0.281994,-0.947962,-0.021066,0.008347,0.043784,-0.018982,-0.091965,-0.222419,-0.970418,-0.410876,-0.404243,0.033544,-0.005451,-0.006360,0.264593,0.964324,-0.253463,-0.246186,0.926043
603,2.512500,0.082285,0.120006,-0.281105,-0.948582,-0.019891,0.008924,0.042871,-0.019717,-0.097412,-0.222153,-0.969933,-0.410481,-0.404171,0.034338,-0.004889,-0.006486,0.263785,0.964547,-0.250369,-0.243438,0.926162
604,2.516667,0.085083,0.116846,-0.280120,-0.949021,-0.018717,0.009412,0.041979,-0.020548,-0.102739,-0.221811,-0.969444,-0.410103,-0.404104,0.035162,-0.003920,-0.006198,0.263190,0.964716,-0.247293,-0.240622,0.926499
605,2.520833,0.085736,0.112198,-0.279086,-0.949827,-0.017663,0.009737,0.041009,-0.021341,-0.108521,-0.221341,-0.968905,-0.409682,-0.404026,0.036009,-0.003417,-0.006397,0.262437,0.964922,-0.244261,-0.237786,0.926738
606,2.525000,0.085021,0.106656,-0.278049,-0.950834,-0.016809,0.009965,0.040142,-0.023008,-0.114992,-0.220533,-0.968304,-0.409217,-0.403916,0.036824,-0.002965,-0.006399,0.261705,0.965122,-0.241241,-0.234945,0.927059
607,2.529167,0.084267,0.100966,-0.277223,-0.951763,-0.016189,0.010080,0.039238,-0.025264,-0.121884,-0.219685,-0.967598,-0.408748,-0.403776,0.037698,-0.002344,-0.005149,0.261327,0.965234,-0.238204,-0.232176,0.927628
608,2.533333,0.084243,0.095567,-0.276603,-0.952503,-0.015741,0.010056,0.038241,-0.027157,-0.129248,-0.218844,-0.966781,-0.408235,-0.403631,0.038606,-0.001487,-0.005135,0.260944,0.965339,-0.235170,-0.229296,0.928051
609,2.537500,0.084565,0.090881,-0.276401,-0.952991,-0.015439,0.009999,0.037348,-0.028692,-0.136855,-0.218008,-0.965878,-0.407682,-0.403476,0.039602,-0.000956,-0.004950,0.260803,0.965379,-0.232117,-0.226379,0.928487
610,2.541667,0.084008,0.086293,-0.276773,-0.953359,-0.015160,0.009976,0.036606,-0.030155,-0.144837,-0.217066,-0.964881,-0.407084,-0.403267,0.040650,-0.000306,-0.005245,0.260467,0.965469,-0.229157,-0.223532,0.928941
611,2.545833,0.082130,0.082150,-0.277247,-0.953751,-0.014851,0.009999,0.036068,-0.031894,-0.153200,-0.215963,-0.963780,-0.406437,-0.403038,0.041704,0.000466,-0.005149,0.260406,0.965485,-0.226121,-0.220585,0.929453
612,2.550000,0.080220,0.078580,-0.277534,-0.954130,-0.014484,0.010045,0.035664,-0.033637,-0.161965,-0.214812,-0.962545,-0.405730,-0.402793,0.042830,0.001273,-0.006150,0.260473,0.965461,-0.223243,-0.217749,0.929825
613,2.554167,0.079782,0.076158,-0.277893,-0.954259,-0.014044,0.010050,0.035284,-0.035440,-0.171265,-0.213580,-0.961143,-0.404972,-0.402519,0.044003,0.001937,-0.005706,0.260581,0.965433,-0.220295,-0.214882,0.930381
614,2.558333,0.077550,0.072675,-0.278025,-0.954676,-0.013692,0.010101,0.034969,-0.036952,-0.181009,-0.212624,-0.959511,-0.404196,-0.402144,0.045274,0.002630,-0.005937,0.260543,0.965441,-0.217376,-0.212036,0.930954
615,2.562500,0.074881,0.069473,-0.278198,-0.955077,-0.013430,0.010149,0.034670,-0.038538,-0.190827,-0.211194,-0.957861,-0.403400,-0.401800,0.046575,0.003797,-0.007484,0.260928,0.965322,-0.214481,-0.209150,0.931374
616,2.566667,0.073048,0.066353,-0.278191,-0.955443,-0.013172,0.010174,0.034269,-0.039774,-0.201038,-0.209728,-0.956042,-0.402499,-0.401438,0.047967,0.004735,-0.007829,0.261292,0.965216,-0.211603,-0.206308,0.931962
617,2.570833,0.072277,0.063476,-0.277909,-0.955779,-0.012924,0.010106,0.033822,-0.041461,-0.211672,-0.207744,-0.954106,-0.401660,-0.401036,0.049325,0.005385,-0.008100,0.261680,0.965106,-0.208746,-0.203505,0.932605
618,2.575000,0.071985,0.060865,-0.277528,-0.956082,-0.012665,0.009991,0.033385,-0.042962,-0.222289,-0.205632,-0.952081,-0.400781,-0.400567,0.050700,0.006203,-0.009046,0.262182,0.964956,-0.205892,-0.200704,0.933236
619,2.579167,0.071561,0.058531,-0.277266,-0.956335,-0.012443,0.009871,0.033037,-0.044029,-0.233002,-0.203141,-0.950003,-0.399997,-0.399983,0.052168,0.007378,-0.009697,0.262808,0.964771,-0.203055,-0.197872,0.933835
620,2.583333,0.070678,0.056392,-0.277066,-0.956587,-0.012244,0.009773,0.032766,-0.044189,-0.244443,-0.201172,-0.947536,-0.399071,-0.399329,0.053692,0.007757,-0.010019,0.263489,0.964579,-0.200311,-0.195102,0.934490
621,2.587500,0.069553,0.054625,-0.277031,-0.956782,-0.012039,0.009701,0.032553,-0.045333,-0.256766,-0.198840,-0.944711,-0.398083,-0.398718,0.055205,0.008821,-0.011082,0.264177,0.964370,-0.197597,-0.192283,0.935172
622,2.591667,0.067863,0.053099,-0.277211,-0.956937,-0.011892,0.009704,0.032400,-0.043869,-0.268573,-0.197340,-0.941807,-0.396466,-0.398247,0.057187,0.009611,-0.011416,0.264982,0.964138,-0.194855,-0.189500,0.935858
623,2.595833,0.066407,0.051705,-0.277806,-0.956943,-0.011834,0.009797,0.032212,-0.040462,-0.280853,-0.196693,-0.938507,-0.394469,-0.398002,0.059404,0.010192,-0.011472,0.265647,0.963948,-0.192071,-0.186695,0.936496
624,2.600000,0.065453,0.050159,-0.278556,-0.956873,-0.011818,0.009939,0.031995,-0.042530,-0.292335,-0.193606,-0.935547,-0.393337,-0.396854,0.061251,0.010837,-0.011625,0.266518,0.963699,-0.189337,-0.183907,0.937091
625,2.604167,0.065272,0.048744,-0.279230,-0.956763,-0.011799,0.010056,0.031758,-0.041564,-0.304691,-0.191689,-0.932036,-0.391749,-0.396061,0.063174,0.010926,-0.012035,0.267346,0.963464,-0.186674,-0.181121,0.937696
626,2.608333,0.064837,0.047303,-0.279597,-0.956757,-0.011730,0.010098,0.031548,-0.039366,-0.316931,-0.190247,-0.928338,-0.390074,-0.395190,0.065127,0.011449,-0.012416,0.268076,0.963250,-0.183999,-0.178372,0.938264
627,2.612500,0.064087,0.046054,-0.279549,-0.956883,-0.011616,0.010054,0.031386,-0.037343,-0.329061,-0.188881,-0.924472,-0.388231,-0.394229,0.067117,0.011968,-0.012828,0.268765,0.963046,-0.181333,-0.175634,0.938746
628,2.616667,0.063116,0.045156,-0.279141,-0.957109,-0.011469,0.009941,0.031254,-0.037857,-0.347260,-0.186136,-0.918330,-0.386560,-0.393275,0.068560,0.012047,-0.012945,0.269435,0.962856,-0.178709,-0.172920,0.939239
629,2.620833,0.061949,0.044297,-0.278470,-0.957421,-0.011315,0.009831,0.031147,-0.037001,-0.358800,-0.184326,-0.914285,-0.384308,-0.392202,0.070799,0.012930,-0.014473,0.269980,0.962671,-0.176155,-0.170139,0.939556
630,2.625000,0.060923,0.043435,-0.278115,-0.957629,-0.011186,0.009722,0.031030,-0.035592,-0.369369,-0.182477,-0.910496,-0.381882,-0.391073,0.073111,0.013574,-0.014558,0.270567,0.962495,-0.173626,-0.167483,0.940055
631,2.629167,0.059922,0.042456,-0.278149,-0.957726,-0.011123,0.009697,0.030902,-0.034382,-0.379624,-0.180473,-0.906715,-0.379347,-0.389874,0.075603,0.013906,-0.014681,0.271049,0.962353,-0.171076,-0.164827,0.940476
632,2.633333,0.059380,0.041561,-0.278739,-0.957628,-0.011109,0.009713,0.030755,-0.042111,-0.384413,-0.173354,-0.905760,-0.375712,-0.388353,0.078415,0.014467,-0.015050,0.271439,0.962229,-0.168640,-0.162206,0.940899
633,2.637500,0.058686,0.040600,-0.279179,-0.957584,-0.011092,0.009756,0.030629,-0.039791,-0.395216,-0.172091,-0.901447,-0.373007,-0.386966,0.081214,0.014083,-0.015311,0.271725,0.962150,-0.166127,-0.159588,0.941231
634,2.641667,0.057887,0.039839,-0.279397,-0.957601,-0.011039,0.009787,0.030544,-0.037768,-0.406350,-0.170888,-0.896800,-0.370236,-0.385581,0.084078,0.014095,-0.016829,0.272062,0.962029,-0.163765,-0.156985,0.941399
635,2.645833,0.057175,0.039328,-0.279282,-0.957698,-0.010969,0.009761,0.030479,-0.035095,-0.414931,-0.169246,-0.893284,-0.367012,-0.384163,0.087083,0.015329,-0.014815,0.272570,0.961900,-0.161202,-0.154512,0.942206
636,2.650000,0.056543,0.038936,-0.279087,-0.957809,-0.010888,0.009704,0.030416,-0.031854,-0.423306,-0.167612,-0.889777,-0.363736,-0.382592,0.090146,0.015762,-0.015199,0.272527,0.961899,-0.158763,-0.151940,0.942569
637,2.654167,0.056070,0.038547,-0.278875,-0.957914,-0.010820,0.009637,0.030345,-0.028028,-0.431416,-0.165905,-0.886324,-0.360239,-0.381000,0.093255,0.015843,-0.014068,0.272838,0.961827,-0.156354,-0.149514,0.943081
638,2.658333,0.055699,0.038073,-0.278805,-0.957975,-0.010771,0.009581,0.030264,-0.024085,-0.439163,-0.164332,-0.882922,-0.356618,-0.379263,0.096402,0.016140,-0.012667,0.273191,0.961741,-0.153841,-0.147084,0.943546
639,2.662500,0.055208,0.037488,-0.278858,-0.958011,-0.010759,0.009550,0.030180,-0.020326,-0.446705,-0.162971,-0.879478,-0.352743,-0.377486,0.099535,0.018136,-0.011080,0.272857,0.961820,-0.151205,-0.144787,0.944200
640,2.666667,0.054652,0.036987,-0.278934,-0.958040,-0.010737,0.009550,0.030125,-0.016289,-0.453477,-0.161521,-0.876359,-0.348748,-0.375576,0.102561,0.018114,-0.010956,0.272960,0.961793,-0.148868,-0.142484,0.944562
641,2.670833,0.054123,0.036677,-0.278984,-0.958067,-0.010700,0.009552,0.030089,-0.010787,-0.460415,-0.160951,-0.872924,-0.344614,-0.373543,0.105514,0.017928,-0.010802,0.273014,0.961782,-0.146435,-0.140126,0.944850
642,2.675000,0.053712,0.036376,-0.278955,-0.958111,-0.010673,0.009546,0.030051,0.000731,-0.463023,-0.161049,-0.871592,-0.339956,-0.371654,0.109217,0.017922,-0.010936,0.272672,0.961878,-0.144108,-0.137742,0.945117
643,2.679167,0.053333,0.036145,-0.278915,-0.958152,-0.010652,0.009533,0.030002,0.005652,-0.468844,-0.160231,-0.868607,-0.335480,-0.369364,0.111950,0.017406,-0.011290,0.272754,0.961860,-0.141673,-0.135453,0.945294
644,2.683333,0.053124,0.035885,-0.278885,-0.958182,-0.010639,0.009509,0.029954,0.012147,-0.476142,-0.160203,-0.864567,-0.330877,-0.367021,0.114459,0.017188,-0.011009,0.272900,0.961826,-0.139251,-0.133186,0.945637
645,2.687500,0.052855,0.035577,-0.278813,-0.958230,-0.010635,0.009479,0.029912,0.017095,-0.481712,-0.159018,-0.861612,-0.326104,-0.364596,0.116784,0.017106,-0.010973,0.272664,0.961895,-0.136928,-0.130935,0.945967
646,2.691667,0.052713,0.035358,-0.278695,-0.958280,-0.010623,0.009430,0.029871,0.022038,-0.487247,-0.156866,-0.858777,-0.320717,-0.362153,0.119274,0.017068,-0.011016,0.272535,0.961932,-0.134639,-0.128754,0.946303
647,2.695833,0.052458,0.035161,-0.278528,-0.958350,-0.010603,0.009396,0.029843,0.029775,-0.492411,-0.155033,-0.855926,-0.315364,-0.359782,0.121400,0.016694,-0.010830,0.272536,0.961940,-0.132232,-0.126551,0.946653
648,2.700000,0.052090,0.034948,-0.278445,-0.958402,-0.010592,0.009381,0.029825,0.035743,-0.494867,-0.152966,-0.854652,-0.309712,-0.357444,0.123366,0.016575,-0.011030,0.272467,0.961959,-0.129856,-0.124341,0.947000
649,2.704167,0.051796,0.034747,-0.278458,-0.958421,-0.010583,0.009386,0.029806,0.041605,-0.496526,-0.149722,-0.853999,-0.303972,-0.354892,0.125281,0.016502,-0.010929,0.272652,0.961909,-0.127585,-0.122217,0.947397
650,2.708333,0.051555,0.034537,-0.278457,-0.958442,-0.010593,0.009383,0.029764,0.042318,-0.496496,-0.145083,-0.854782,-0.298096,-0.352172,0.126973,0.016123,-0.011132,0.272469,0.961965,-0.125282,-0.120131,0.947710
651,2.712500,0.051346,0.034295,-0.278454,-0.958463,-0.010602,0.009375,0.029733,0.042883,-0.494301,-0.141037,-0.856701,-0.291784,-0.349289,0.128424,0.015913,-0.011359,0.272502,0.961957,-0.122933,-0.118004,0.948079
652,2.716667,0.051177,0.034115,-0.278393,-0.958496,-0.010599,0.009345,0.029704,0.045572,-0.491250,-0.137218,-0.858934,-0.285116,-0.346286,0.129895,0.015563,-0.011345,0.272517,0.961958,-0.120549,-0.115911,0.948444
653,2.720833,0.050898,0.033938,-0.278239,-0.958562,-0.010587,0.009302,0.029688,0.046687,-0.486708,-0.134482,-0.861888,-0.278128,-0.342987,0.131088,0.015168,-0.011409,0.272487,0.961972,-0.118205,-0.113848,0.948835
654,2.725000,0.050653,0.033778,-0.278032,-0.958640,-0.010562,0.009250,0.029680,0.047403,-0.481254,-0.133249,-0.865097,-0.270903,-0.339419,0.132011,0.014990,-0.012245,0.272235,0.962036,-0.115893,-0.111790,0.949153
655,2.729167,0.050386,0.033572,-0.277931,-0.958691,-0.010555,0.009210,0.029653,0.048553,-0.476374,-0.129574,-0.868286,-0.263175,-0.335618,0.132521,0.014640,-0.012288,0.272212,0.962047,-0.113529,-0.109770,0.949578
656,2.733333,0.050054,0.033366,-0.277952,-0.958709,-0.010564,0.009204,0.029636,0.050643,-0.471143,-0.128789,-0.871133,-0.255488,-0.331864,0.132990,0.014287,-0.012575,0.272226,0.962045,-0.111212,-0.107754,0.949966
657,2.737500,0.049821,0.033168,-0.278018,-0.958709,-0.010570,0.009203,0.029606,0.053746,-0.465626,-0.128471,-0.873956,-0.247600,-0.327996,0.133342,0.014053,-0.012822,0.272302,0.962024,-0.108851,-0.105756,0.950400
658,2.741667,0.049507,0.032928,-0.278049,-0.958725,-0.010575,0.009194,0.029592,0.055852,-0.459775,-0.128040,-0.876980,-0.239775,-0.324192,0.133312,0.013533,-0.013083,0.272362,0.962011,-0.106462,-0.103757,0.950842
659,2.745833,0.049300,0.032772,-0.278057,-0.958739,-0.010582,0.009184,0.029575,0.056521,-0.453361,-0.127291,-0.880379,-0.231795,-0.320156,0.133239,0.012694,-0.013333,0.272385,0.962012,-0.104096,-0.101746,0.951204
660,2.750000,0.049045,0.032578,-0.277988,-0.958778,-0.010581,0.009150,0.029564,0.059274,-0.445413,-0.128950,-0.884006,-0.223535,-0.316299,0.132579,0.012096,-0.013715,0.272412,0.962007,-0.101802,-0.099782,0.951583
661,2.754167,0.048691,0.032382,-0.277945,-0.958816,-0.010573,0.009111,0.029541,0.059784,-0.439117,-0.129014,-0.887106,-0.215308,-0.312146,0.132151,0.011601,-0.014268,0.272599,0.961952,-0.099481,-0.097844,0.951960
662,2.758333,0.048231,0.032067,-0.277931,-0.958854,-0.010571,0.009077,0.029503,0.060316,-0.431529,-0.129248,-0.890752,-0.206871,-0.307897,0.131429,0.010780,-0.014658,0.272725,0.961920,-0.097122,-0.095883,0.952360
663,2.762500,0.047509,0.031442,-0.277929,-0.958911,-0.010614,0.009050,0.029453,0.062355,-0.423961,-0.131298,-0.893940,-0.198413,-0.303348,0.130468,0.009891,-0.015080,0.273010,0.961842,-0.094794,-0.093971,0.952754
664,2.766667,0.046375,0.030678,-0.278028,-0.958962,-0.010690,0.009034,0.029379,0.064214,-0.414796,-0.133501,-0.897774,-0.189995,-0.298541,0.129167,0.008958,-0.015272,0.273284,0.961771,-0.092507,-0.092047,0.953137
665,2.770833,0.045975,0.030100,-0.278166,-0.958960,-0.010708,0.009004,0.029377,0.062399,-0.406555,-0.133993,-0.901590,-0.181030,-0.293956,0.128173,0.008272,-0.015793,0.273618,0.961673,-0.090211,-0.090120,0.953516
666,2.775000,0.046044,0.030439,-0.278073,-0.958973,-0.010645,0.008986,0.029389,0.060596,-0.398005,-0.135259,-0.905332,-0.171972,-0.289225,0.127082,0.007588,-0.016465,0.273969,0.961568,-0.087886,-0.088187,0.953859
667,2.779167,0.046058,0.030620,-0.277994,-0.958989,-0.010622,0.008962,0.029395,0.059186,-0.388986,-0.137393,-0.909016,-0.162814,-0.284251,0.125775,0.006583,-0.016598,0.274304,0.961477,-0.085559,-0.086261,0.954270
668,2.783333,0.045974,0.030511,-0.277931,-0.959015,-0.010623,0.008930,0.029382,0.054780,-0.379277,-0.138069,-0.913283,-0.153548,-0.279455,0.124249,0.005732,-0.017036,0.274743,0.961350,-0.083290,-0.084331,0.954616
669,2.787500,0.045956,0.030331,-0.277645,-0.959104,-0.010630,0.008940,0.029388,0.051303,-0.369506,-0.138930,-0.917351,-0.144246,-0.274461,0.122669,0.004780,-0.017595,0.275237,0.961203,-0.081014,-0.082422,0.954927
670,2.791667,0.046031,0.030204,-0.277539,-0.959136,-0.010637,0.008958,0.029389,0.048609,-0.359909,-0.140844,-0.921013,-0.134940,-0.269261,0.120922,0.004082,-0.018154,0.275862,0.961017,-0.078641,-0.080533,0.955226
671,2.795833,0.046185,0.030209,-0.277781,-0.959058,-0.010632,0.008943,0.029389,0.054524,-0.348639,-0.146058,-0.924200,-0.125384,-0.264077,0.118218,0.003377,-0.018436,0.276229,0.960909,-0.076424,-0.078651,0.955605
672,2.800000,0.046341,0.030237,-0.277973,-0.958994,-0.010618,0.008937,0.029390,0.053739,-0.340321,-0.148084,-0.927019,-0.115809,-0.258939,0.116415,0.002580,-0.019248,0.276986,0.960678,-0.074119,-0.076767,0.955819
673,2.804167,0.046238,0.030122,-0.278058,-0.958978,-0.010629,0.008942,0.029374,0.052942,-0.329987,-0.150812,-0.930355,-0.106211,-0.253535,0.114312,0.001797,-0.019559,0.277641,0.960484,-0.071847,-0.074866,0.956135
674,2.808333,0.046161,0.029977,-0.278087,-0.958978,-0.010638,0.008936,0.029353,0.049051,-0.319092,-0.152997,-0.934005,-0.096427,-0.247999,0.112009,0.001089,-0.019756,0.278174,0.960327,-0.069592,-0.073013,0.956402
675,2.812500,0.046019,0.029857,-0.278094,-0.958986,-0.010649,0.008928,0.029342,0.045426,-0.309036,-0.155022,-0.937231,-0.086656,-0.242507,0.109698,0.000314,-0.020195,0.278864,0.960118,-0.067238,-0.071188,0.956591
676,2.816667,0.045890,0.029733,-0.278123,-0.958988,-0.010655,0.008918,0.029329,0.045150,-0.298323,-0.158106,-0.940195,-0.076647,-0.236826,0.107465,-0.000325,-0.020432,0.279685,0.959874,-0.064999,-0.069386,0.956909
677,2.820833,0.045861,0.029639,-0.278126,-0.958991,-0.010671,0.008900,0.029315,0.039624,-0.287898,-0.159263,-0.943493,-0.066693,-0.231093,0.105221,-0.000940,-0.020872,0.280525,0.959619,-0.062726,-0.067541,0.957098
678,2.825000,0.045859,0.029568,-0.278188,-0.958975,-0.010671,0.008894,0.029302,0.037679,-0.277933,-0.161212,-0.946226,-0.056636,-0.225389,0.102864,-0.001415,-0.021218,0.281407,0.959353,-0.060378,-0.065685,0.957264
679,2.829167,0.045801,0.029468,-0.278285,-0.958953,-0.010672,0.008893,0.029287,0.035854,-0.267608,-0.162658,-0.949022,-0.046622,-0.219721,0.100410,-0.002332,-0.021499,0.281969,0.959180,-0.058158,-0.063825,0.957489
680,2.833333,0.045770,0.029284,-0.278309,-0.958953,-0.010665,0.008921,0.029281,0.032926,-0.255469,-0.165173,-0.952034,-0.036503,-0.213598,0.097981,-0.003125,-0.021875,0.282747,0.958940,-0.055834,-0.061984,0.957674
681,2.837500,0.045704,0.029102,-0.278378,-0.958942,-0.010677,0.008924,0.029267,0.028205,-0.241057,-0.166149,-0.955767,-0.026071,-0.207495,0.095472,-0.003832,-0.022001,0.283445,0.958728,-0.053571,-0.060130,0.957873
682,2.841667,0.045665,0.029020,-0.278520,-0.958905,-0.010678,0.008934,0.029262,0.027309,-0.233477,-0.166193,-0.957665,-0.016200,-0.201950,0.092924,-0.004392,-0.022492,0.284247,0.958477,-0.051148,-0.058275,0.957993
683,2.845833,0.045618,0.028854,-0.278628,-0.958881,-0.010690,0.008931,0.029248,0.029994,-0.225173,-0.168052,-0.959248,-0.006200,-0.196290,0.090409,-0.004631,-0.022780,0.284997,0.958247,-0.048634,-0.056363,0.958074
684,2.850000,0.045430,0.028710,-0.278705,-0.958872,-0.010691,0.008921,0.029229,0.032213,-0.216895,-0.168671,-0.960973,0.003837,-0.190686,0.087829,-0.005422,-0.022566,0.285696,0.958039,-0.046493,-0.054648,0.958134
685,2.854167,0.045205,0.028537,-0.278832,-0.958851,-0.010686,0.008911,0.029209,0.032093,-0.206969,-0.169627,-0.962996,0.013888,-0.184888,0.085199,-0.005696,-0.022662,0.286450,0.957810,-0.044057,-0.052792,0.958133
686,2.858333,0.045048,0.028394,-0.278931,-0.958834,-0.010689,0.008897,0.029193,0.030893,-0.195189,-0.171132,-0.965226,0.024062,-0.178835,0.082742,-0.006315,-0.022403,0.287101,0.957617,-0.041880,-0.051104,0.958165
687,2.862500,0.044874,0.028306,-0.279056,-0.958808,-0.010672,0.008888,0.029183,0.032575,-0.184269,-0.172669,-0.967041,0.034225,-0.172810,0.080310,-0.006483,-0.022553,0.287784,0.957408,-0.039484,-0.049258,0.958142
688,2.866667,0.044444,0.028003,-0.279188,-0.958799,-0.010677,0.008871,0.029156,0.020328,-0.175991,-0.168073,-0.969724,0.045021,-0.166288,0.078471,-0.006902,-0.022629,0.288582,0.957163,-0.037056,-0.047412,0.958061
689,2.870833,0.044070,0.027676,-0.279304,-0.958792,-0.010685,0.008858,0.029120,0.018996,-0.166084,-0.168492,-0.971425,0.055215,-0.160177,0.076293,-0.007349,-0.022347,0.289212,0.956976,-0.034778,-0.045710,0.958013
690,2.875000,0.044998,0.026755,-0.279164,-0.958816,-0.010796,0.008760,0.029181,0.017926,-0.157002,-0.168488,-0.972955,0.065495,-0.153902,0.074298,-0.009668,-0.022629,0.291103,0.956375,-0.032579,-0.044292,0.957728
691,2.879167,0.045525,0.026799,-0.279349,-0.958735,-0.010783,0.008805,0.029203,0.015439,-0.147060,-0.168620,-0.974527,0.075729,-0.147701,0.072219,-0.010040,-0.022704,0.291471,0.956258,-0.030070,-0.042416,0.957594
692,2.883333,0.045492,0.026675,-0.279439,-0.958714,-0.010770,0.008791,0.029196,0.014060,-0.137547,-0.168496,-0.975957,0.086056,-0.141612,0.070330,-0.010112,-0.022597,0.291844,0.956146,-0.027684,-0.040658,0.957552
693,2.887500,0.045111,0.026400,-0.279490,-0.958725,-0.010775,0.008770,0.029174,0.010999,-0.126974,-0.167890,-0.977532,0.096301,-0.135181,0.068490,-0.010246,-0.022437,0.292110,0.956067,-0.025335,-0.038942,0.957472
694,2.891667,0.043955,0.026922,-0.279858,-0.958657,-0.010669,0.008843,0.029093,0.011363,-0.116922,-0.167175,-0.978904,0.106444,-0.128890,0.066644,-0.010297,-0.022251,0.292474,0.955959,-0.022966,-0.037211,0.957363
695,2.895833,0.045674,0.027889,-0.279959,-0.958519,-0.010515,0.008872,0.029246,0.011020,-0.108173,-0.167178,-0.979913,0.116609,-0.122510,0.065024,-0.010247,-0.022193,0.292949,0.955816,-0.020625,-0.035547,0.957267
696,2.900000,0.046548,0.027466,-0.280118,-0.958443,-0.010582,0.008879,0.029340,0.009866,-0.098615,-0.167348,-0.980904,0.126674,-0.116155,0.063436,-0.010246,-0.022060,0.292946,0.955819,-0.018094,-0.033759,0.957102
697,2.904167,0.045712,0.027773,-0.280412,-0.958388,-0.010511,0.008884,0.029285,0.004142,-0.089052,-0.168157,-0.981721,0.137185,-0.109412,0.062153,-0.010658,-0.021496,0.293305,0.955718,-0.015805,-0.032080,0.956886
698,2.908333,0.045468,0.027322,-0.280506,-0.958385,-0.010519,0.008857,0.029264,0.001876,-0.080627,-0.168529,-0.982392,0.147231,-0.102907,0.060889,-0.010932,-0.021176,0.293291,0.955726,-0.013413,-0.030356,0.956707
699,2.912500,0.044280,0.027626,-0.281085,-0.958263,-0.010423,0.008852,0.029194,-0.000519,-0.072873,-0.168369,-0.983027,0.157258,-0.096456,0.059665,-0.010870,-0.020832,0.293446,0.955687,-0.011085,-0.028699,0.956549
700,2.916667,0.044327,0.027835,-0.281473,-0.958140,-0.010350,0.008955,0.029283,-0.002418,-0.065155,-0.168242,-0.983587,0.167185,-0.089971,0.058475,-0.011043,-0.020525,0.293392,0.955708,-0.008688,-0.027027,0.956329
701,2.920833,0.044344,0.027930,-0.281665,-0.958081,-0.010359,0.008975,0.029310,-0.004814,-0.057568,-0.168573,-0.983995,0.176974,-0.083421,0.057334,-0.011095,-0.020367,0.293487,0.955682,-0.006133,-0.025277,0.956103
702,2.925000,0.044043,0.027632,-0.281755,-0.958077,-0.010351,0.008956,0.029279,-0.006966,-0.049061,-0.168462,-0.984462,0.186773,-0.076913,0.056332,-0.011092,-0.020754,0.293390,0.955703,-0.003539,-0.023526,0.955810
703,2.929167,0.043753,0.027276,-0.281802,-0.958086,-0.010337,0.008903,0.029230,-0.008333,-0.041951,-0.168050,-0.984850,0.196456,-0.070446,0.055484,-0.011077,-0.020255,0.293408,0.955709,-0.001146,-0.021854,0.955630
704,2.933333,0.043213,0.026930,-0.281916,-0.958087,-0.010295,0.008888,0.029194,-0.010119,-0.035507,-0.167618,-0.985161,0.206094,-0.063954,0.054681,-0.011167,-0.020228,0.293125,0.955795,0.001248,-0.020189,0.955364
705,2.937500,0.042876,0.026795,-0.282168,-0.958032,-0.010271,0.008909,0.029196,-0.012904,-0.028608,-0.167779,-0.985325,0.215555,-0.057411,0.053825,-0.011201,-0.019839,0.292918,0.955866,0.003636,-0.018559,0.955195
706,2.941667,0.043049,0.026672,-0.282474,-0.957937,-0.010304,0.008990,0.029230,-0.015444,-0.021830,-0.167268,-0.985549,0.224835,-0.050873,0.053094,-0.011170,-0.019720,0.292613,0.955962,0.006026,-0.016887,0.954936
707,2.945833,0.043126,0.026771,-0.282908,-0.957803,-0.010339,0.009104,0.029290,-0.018187,-0.016167,-0.166632,-0.985719,0.234389,-0.044358,0.052598,-0.011069,-0.019812,0.292284,0.956062,0.008603,-0.015164,0.954642
708,2.950000,0.041912,0.025619,-0.282698,-0.957950,-0.010399,0.009089,0.029292,-0.020274,-0.011015,-0.166834,-0.985715,0.243623,-0.037882,0.051922,-0.011189,-0.019482,0.291972,0.956163,0.011000,-0.013521,0.954443
709,2.954167,0.041453,0.024985,-0.282698,-0.957987,-0.010381,0.009094,0.029294,-0.023415,-0.005981,-0.166606,-0.985727,0.252906,-0.031405,0.051506,-0.010948,-0.019585,0.291768,0.956226,0.013641,-0.011757,0.954102
710,2.958333,0.041290,0.024834,-0.282917,-0.957933,-0.010364,0.009135,0.029300,-0.025466,-0.002051,-0.167202,-0.985592,0.261940,-0.024930,0.051020,-0.010887,-0.019570,0.291516,0.956304,0.016151,-0.010127,0.953786
711,2.962500,0.041240,0.024605,-0.283045,-0.957904,-0.010350,0.009139,0.029304,-0.028300,0.001859,-0.167264,-0.985504,0.270965,-0.018544,0.050695,-0.010632,-0.019656,0.291258,0.956384,0.018672,-0.008409,0.953459
712,2.966667,0.040986,0.024021,-0.283222,-0.957877,-0.010374,0.009145,0.029281,-0.029945,0.005882,-0.167540,-0.985393,0.279880,-0.012278,0.050294,-0.010436,-0.019714,0.290856,0.956507,0.021222,-0.006722,0.953177
713,2.970833,0.040995,0.023640,-0.283340,-0.957851,-0.010365,0.009153,0.029294,-0.032231,0.008239,-0.167758,-0.985267,0.288758,-0.005974,0.050048,-0.010360,-0.019464,0.290459,0.956633,0.023753,-0.005021,0.952871
714,2.975000,0.041044,0.023479,-0.283664,-0.957757,-0.010314,0.009136,0.029293,-0.033921,0.011419,-0.168174,-0.985107,0.297497,0.000404,0.049838,-0.010231,-0.019728,0.290113,0.956734,0.026334,-0.003285,0.952498
715,2.979167,0.041080,0.023200,-0.283919,-0.957687,-0.010288,0.009152,0.029312,-0.035373,0.014448,-0.168922,-0.984889,0.306130,0.006641,0.049578,-0.010178,-0.019564,0.289817,0.956828,0.028879,-0.001585,0.952239
716,2.983333,0.040959,0.022799,-0.283739,-0.957755,-0.010297,0.009185,0.029315,-0.037235,0.015740,-0.169894,-0.984633,0.314744,0.012726,0.049404,-0.010119,-0.019441,0.289581,0.956903,0.031330,0.000127,0.951976
717,2.987500,0.040498,0.022299,-0.283685,-0.957802,-0.010264,0.009166,0.029329,-0.039989,0.017280,-0.170427,-0.984407,0.323237,0.018761,0.049337,-0.009887,-0.019384,0.289532,0.956921,0.033945,0.001908,0.951733
718,2.991667,0.040536,0.021918,-0.283812,-0.957772,-0.010243,0.009188,0.029365,-0.043430,0.019285,-0.171072,-0.984112,0.331569,0.024815,0.049330,-0.009760,-0.019629,0.289470,0.956936,0.036668,0.003735,0.951332
719,2.995833,0.040281,0.021397,-0.283868,-0.957778,-0.010229,0.009237,0.029375,-0.048170,0.022086,-0.171804,-0.983705,0.339815,0.030828,0.049487,-0.009484,-0.019724,0.289348,0.956974,0.039321,0.005499,0.950955
720,3.000000,0.040294,0.020978,-0.284013,-0.957744,-0.010206,0.009255,0.029394,-0.053999,0.024939,-0.172761,-0.983166,0.347950,0.036722,0.049807,-0.009385,-0.019596,0.289116,0.957047,0.041948,0.007272,0.950630
721,3.004167,0.040318,0.020520,-0.284182,-0.957702,-0.010184,0.009275,0.029429,-0.059257,0.027845,-0.173341,-0.982683,0.355933,0.042546,0.050154,-0.009228,-0.018806,0.288868,0.957140,0.044330,0.008910,0.950125
722,3.008333,0.040391,0.020102,-0.284370,-0.957652,-0.010162,0.009293,0.029462,-0.065280,0.031468,-0.173764,-0.982117,0.363751,0.048337,0.050607,-0.009142,-0.017656,0.288459,0.957286,0.046427,0.010383,0.949842
723,3.012500,0.040584,0.019632,-0.284504,-0.957614,-0.010139,0.009299,0.029497,-0.072019,0.035405,-0.174358,-0.981407,0.371431,0.053964,0.051303,-0.009253,-0.017238,0.288067,0.957410,0.048969,0.012021,0.949412
724,3.016667,0.040800,0.019167,-0.284654,-0.957570,-0.010114,0.009310,0.029538,-0.078671,0.039866,-0.174820,-0.980643,0.378950,0.059530,0.052080,-0.008988,-0.016943,0.288109,0.957406,0.051557,0.013699,0.948961
725,3.020833,0.040895,0.018633,-0.284849,-0.957518,-0.010089,0.009324,0.029585,-0.085059,0.044813,-0.175300,-0.979809,0.386339,0.065028,0.052890,-0.008621,-0.016716,0.288206,0.957384,0.054127,0.015418,0.948571
726,3.025000,0.041093,0.018016,-0.284991,-0.957479,-0.010063,0.009329,0.029632,-0.091451,0.049700,-0.175723,-0.978922,0.393579,0.070390,0.053827,-0.008568,-0.016376,0.288091,0.957425,0.056753,0.017147,0.948161
727,3.029167,0.041327,0.017404,-0.285206,-0.957417,-0.010036,0.009340,0.029687,-0.097881,0.054718,-0.176470,-0.977898,0.400668,0.075724,0.054880,-0.008322,-0.015947,0.288186,0.957405,0.059381,0.018946,0.947721
728,3.033333,0.041846,0.016755,-0.285255,-0.957391,-0.010022,0.009331,0.029762,-0.103947,0.059877,-0.177591,-0.976766,0.407607,0.080906,0.055967,-0.008183,-0.015653,0.288261,0.957389,0.062131,0.020744,0.947231
729,3.037500,0.041943,0.015896,-0.285385,-0.957363,-0.009967,0.009302,0.029768,-0.110273,0.065076,-0.178595,-0.975556,0.414387,0.086041,0.057137,-0.008045,-0.015204,0.288310,0.957383,0.064705,0.022489,0.946834
730,3.041667,0.042896,0.015925,-0.285654,-0.957240,-0.009835,0.009236,0.029795,-0.115512,0.069970,-0.179588,-0.974428,0.421029,0.091044,0.058322,-0.007775,-0.014709,0.288534,0.957325,0.067387,0.024240,0.946400
731,3.045833,0.043068,0.015295,-0.286090,-0.957112,-0.009718,0.009200,0.029861,-0.120627,0.074919,-0.180839,-0.973208,0.427450,0.096016,0.059579,-0.007685,-0.014313,0.288854,0.957235,0.070017,0.025951,0.945975
732,3.050000,0.042446,0.014462,-0.286276,-0.957097,-0.009562,0.009137,0.029946,-0.125140,0.079663,-0.181762,-0.972089,0.433707,0.100848,0.060807,-0.007161,-0.013872,0.289241,0.957129,0.072710,0.027698,0.945536
733,3.054167,0.040355,0.011703,-0.286353,-0.957202,-0.009550,0.008953,0.029776,-0.129782,0.084425,-0.183078,-0.970830,0.439805,0.105574,0.062083,-0.006972,-0.013451,0.289627,0.957020,0.075511,0.029474,0.945029
734,3.058333,0.039193,0.009354,-0.286551,-0.957217,-0.009645,0.008883,0.029717,-0.133891,0.089346,-0.184475,-0.969567,0.445757,0.110185,0.063362,-0.006649,-0.013098,0.290026,0.956906,0.078158,0.031211,0.944605
735,3.062500,0.038873,0.008370,-0.287116,-0.957070,-0.009551,0.008884,0.029797,-0.136272,0.093443,-0.185362,-0.968679,0.451488,0.114627,0.064601,-0.006369,-0.012554,0.290442,0.956789,0.080939,0.032974,0.944201
736,3.066667,0.039201,0.007796,-0.287759,-0.956868,-0.009450,0.008892,0.029923,-0.138943,0.097481,-0.186651,-0.967654,0.457062,0.118936,0.065857,-0.006180,-0.012203,0.290800,0.956686,0.083651,0.034737,0.943771
737,3.070833,0.039828,0.007223,-0.288381,-0.956660,-0.009339,0.008892,0.030066,-0.141589,0.101467,-0.187604,-0.966676,0.462482,0.123121,0.067048,-0.005809,-0.011841,0.291413,0.956506,0.086508,0.036493,0.943307
738,3.075000,0.041032,0.006750,-0.289039,-0.956414,-0.009213,0.008877,0.030238,-0.145341,0.106148,-0.188905,-0.965362,0.467749,0.127197,0.068284,-0.005643,-0.011377,0.292047,0.956320,0.089238,0.038210,0.942919
739,3.079167,0.040633,0.004969,-0.289435,-0.956322,-0.009160,0.008911,0.030449,-0.148277,0.109925,-0.190493,-0.964180,0.472841,0.131180,0.069391,-0.005420,-0.010749,0.292674,0.956137,0.092071,0.039902,0.942535
740,3.083333,0.041123,0.003980,-0.290052,-0.956119,-0.009036,0.008867,0.030601,-0.149873,0.113385,-0.191495,-0.963334,0.477704,0.134985,0.070463,-0.005315,-0.010373,0.293221,0.955974,0.094869,0.041657,0.942187
741,3.087500,0.041300,0.002611,-0.290547,-0.955965,-0.008905,0.008888,0.030809,-0.151327,0.116599,-0.192278,-0.962566,0.482363,0.138682,0.071502,-0.005261,-0.009921,0.293914,0.955766,0.097748,0.043376,0.941789
742,3.091667,0.043170,0.002623,-0.291230,-0.955675,-0.008719,0.008811,0.030892,-0.152860,0.119705,-0.193063,-0.961785,0.486869,0.142220,0.072493,-0.004889,-0.009579,0.294622,0.955553,0.100685,0.045141,0.941413
743,3.095833,0.043714,0.001995,-0.292193,-0.955358,-0.008561,0.008724,0.030997,-0.153934,0.122620,-0.193770,-0.961104,0.491199,0.145675,0.073370,-0.004905,-0.009466,0.295355,0.955328,0.103554,0.046843,0.941089
744,3.100000,0.044070,0.000871,-0.292894,-0.955128,-0.008444,0.008659,0.031142,-0.155110,0.125660,-0.194313,-0.960413,0.495320,0.148960,0.074159,-0.004653,-0.008857,0.296190,0.955077,0.106487,0.048532,0.940749
745,3.104167,0.044169,-0.001016,-0.293673,-0.954884,-0.008361,0.008641,0.031397,-0.156315,0.128199,-0.194668,-0.959810,0.499224,0.152145,0.074906,-0.004550,-0.008652,0.297039,0.954815,0.109437,0.050272,0.940465
746,3.108333,0.046840,-0.002356,-0.294218,-0.954587,-0.008301,0.008746,0.031740,-0.156735,0.130464,-0.194687,-0.959432,0.502947,0.155186,0.075510,-0.004426,-0.008044,0.297915,0.954548,0.112522,0.052075,0.940126
747,3.112500,0.049821,-0.002834,-0.294835,-0.954244,-0.008167,0.008775,0.031990,-0.158352,0.132737,-0.194782,-0.958835,0.506469,0.158142,0.076039,-0.004465,-0.007691,0.298738,0.954294,0.115424,0.053753,0.939927
748,3.116667,0.050461,-0.005092,-0.295593,-0.953967,-0.008068,0.008806,0.032304,-0.159784,0.134808,-0.194585,-0.958349,0.509755,0.160991,0.076469,-0.004124,-0.007649,0.299693,0.953996,0.118497,0.055528,0.939703
749,3.120833,0.051339,-0.006370,-0.296691,-0.953571,-0.007950,0.008743,0.032549,-0.160093,0.135943,-0.194168,-0.958221,0.512836,0.163702,0.076749,-0.004164,-0.007229,0.300688,0.953686,0.121477,0.057167,0.939483
750,3.125000,0.052143,-0.008171,-0.297309,-0.953322,-0.007867,0.008712,0.032818,-0.161982,0.137328,-0.193825,-0.957776,0.515738,0.166332,0.076930,-0.003861,-0.006656,0.301601,0.953403,0.124562,0.058876,0.939317
751,3.129167,0.052772,-0.010868,-0.297530,-0.953191,-0.007798,0.008766,0.033113,-0.163095,0.138549,-0.193195,-0.957538,0.518410,0.168861,0.076993,-0.003679,-0.006567,0.302592,0.953090,0.127647,0.060594,0.939125
752,3.133333,0.053246,-0.012999,-0.298050,-0.952975,-0.007720,0.008774,0.033361,-0.164842,0.139511,-0.192646,-0.957210,0.520877,0.171257,0.076903,-0.003692,-0.006224,0.303551,0.952788,0.130774,0.062292,0.938944
753,3.137500,0.053361,-0.015026,-0.299124,-0.952603,-0.007601,0.008722,0.033598,-0.167235,0.140099,-0.191941,-0.956851,0.523165,0.173474,0.076581,-0.003764,-0.005688,0.304492,0.952490,0.133818,0.063985,0.938952
754,3.141667,0.054408,-0.017848,-0.299394,-0.952410,-0.007541,0.008754,0.033905,-0.168460,0.140380,-0.191355,-0.956712,0.525236,0.175624,0.076229,-0.003192,-0.005564,0.305737,0.952094,0.137089,0.065729,0.938711
755,3.145833,0.052211,-0.019301,-0.299859,-0.952358,-0.007508,0.008599,0.034049,-0.168605,0.139990,-0.191076,-0.956799,0.527083,0.177756,0.075830,-0.003567,-0.005391,0.306518,0.951843,0.140186,0.067403,0.938687
756,3.150000,0.052985,-0.021751,-0.300510,-0.952057,-0.007404,0.008648,0.034384,-0.169784,0.139666,-0.190823,-0.956689,0.528764,0.179748,0.075202,-0.003317,-0.005037,0.307533,0.951518,0.143469,0.069193,0.938622
757,3.154167,0.054193,-0.024418,-0.301148,-0.951723,-0.007287,0.008724,0.034766,-0.170211,0.139104,-0.190386,-0.956782,0.530244,0.181581,0.074444,-0.002811,-0.004930,0.308694,0.951144,0.146706,0.070901,0.938518
758,3.158333,0.055546,-0.027132,-0.301499,-0.951461,-0.007188,0.008797,0.035188,-0.169639,0.137783,-0.190239,-0.957104,0.531469,0.183254,0.073623,-0.002804,-0.004748,0.309656,0.950833,0.149894,0.072605,0.938643
759,3.162500,0.057705,-0.029565,-0.301982,-0.951106,-0.007116,0.008876,0.035634,-0.169264,0.136226,-0.190228,-0.957395,0.532544,0.184818,0.072630,-0.002745,-0.004656,0.310514,0.950553,0.153205,0.074372,0.938585
760,3.166667,0.059595,-0.032548,-0.302284,-0.950796,-0.007057,0.009011,0.036105,-0.168175,0.134443,-0.190367,-0.957811,0.533465,0.186227,0.071497,-0.002616,-0.004252,0.311483,0.950239,0.156525,0.076092,0.938501
761,3.170833,0.061643,-0.035549,-0.302461,-0.950502,-0.006975,0.009160,0.036613,-0.165551,0.132171,-0.191163,-0.958426,0.534178,0.187608,0.070448,-0.002539,-0.004156,0.312362,0.949951,0.159852,0.077864,0.938623
762,3.175000,0.064633,-0.038494,-0.302661,-0.950125,-0.006940,0.009337,0.037172,-0.161799,0.129175,-0.191606,-0.959387,0.534723,0.188745,0.069220,-0.002191,-0.004253,0.313410,0.949606,0.163275,0.079618,0.938651
763,3.179167,0.067573,-0.041546,-0.302792,-0.949750,-0.006883,0.009521,0.037757,-0.156440,0.126181,-0.192240,-0.960546,0.535076,0.189858,0.067863,-0.001517,-0.004325,0.314349,0.949296,0.166802,0.081492,0.938630
764,3.183333,0.070009,-0.044732,-0.302970,-0.949372,-0.006753,0.009688,0.038307,-0.151044,0.122658,-0.192799,-0.961753,0.535318,0.190898,0.066479,-0.001682,-0.004152,0.315115,0.949043,0.170263,0.083275,0.938691
765,3.187500,0.072603,-0.048169,-0.303059,-0.948981,-0.006700,0.009911,0.038874,-0.144831,0.118926,-0.193589,-0.963018,0.535531,0.191922,0.065111,-0.001388,-0.004350,0.315848,0.948799,0.173720,0.085014,0.938809
766,3.191667,0.075854,-0.051347,-0.303267,-0.948493,-0.006618,0.010123,0.039512,-0.139490,0.113971,-0.194646,-0.964192,0.535777,0.192953,0.063722,0.000262,-0.006008,0.317023,0.948399,0.177701,0.087051,0.938781
767,3.195833,0.078885,-0.054864,-0.303257,-0.948052,-0.006487,0.010366,0.040168,-0.135514,0.108126,-0.195619,-0.965235,0.536194,0.194036,0.062428,-0.000422,-0.005109,0.317580,0.948218,0.181115,0.088687,0.938913
768,3.200000,0.081792,-0.058694,-0.303455,-0.947513,-0.006363,0.010628,0.040795,-0.131295,0.100776,-0.195932,-0.966549,0.536927,0.195181,0.061162,-0.001469,-0.004468,0.317916,0.948107,0.184483,0.090304,0.939198
769,3.204167,0.085090,-0.062385,-0.303403,-0.947003,-0.006209,0.010910,0.041497,-0.126305,0.093617,-0.195956,-0.967928,0.537883,0.196341,0.060006,-0.001481,-0.004982,0.318257,0.947990,0.187946,0.091883,0.939578
770,3.208333,0.088305,-0.066313,-0.303181,-0.946513,-0.006059,0.011223,0.042215,-0.121378,0.087113,-0.195508,-0.969255,0.538958,0.197431,0.059021,0.000340,-0.007191,0.319495,0.947561,0.192213,0.093963,0.939327
771,3.212500,0.092011,-0.070661,-0.303272,-0.945816,-0.005896,0.011527,0.042962,-0.117052,0.082117,-0.195077,-0.970310,0.540008,0.198448,0.058183,0.000463,-0.007537,0.320008,0.947385,0.195898,0.095744,0.939608
772,3.216667,0.095790,-0.074795,-0.303253,-0.945128,-0.005654,0.011816,0.043776,-0.112700,0.078063,-0.194557,-0.971263,0.540979,0.199328,0.057422,0.000531,-0.007752,0.320504,0.947215,0.199594,0.097461,0.939872
773,3.220833,0.099123,-0.079235,-0.303909,-0.944212,-0.005369,0.012176,0.044519,-0.108964,0.074730,-0.194582,-0.971946,0.541843,0.200214,0.056811,-0.000229,-0.007353,0.320811,0.947115,0.203178,0.099095,0.940122
774,3.225000,0.103496,-0.083799,-0.304077,-0.943294,-0.005128,0.012521,0.045332,-0.105472,0.071105,-0.194935,-0.972533,0.542680,0.201057,0.056174,-0.000011,-0.008964,0.321122,0.946996,0.207111,0.101001,0.940422
775,3.229167,0.107552,-0.088967,-0.304470,-0.942240,-0.004867,0.012866,0.046154,-0.101842,0.067340,-0.195943,-0.972985,0.543425,0.201861,0.055470,0.000327,-0.009999,0.321553,0.946839,0.210934,0.102760,0.940669
776,3.233333,0.112753,-0.094088,-0.305040,-0.940949,-0.004544,0.013226,0.047033,-0.099305,0.062916,-0.198054,-0.973116,0.544054,0.202720,0.054631,0.000408,-0.010806,0.321820,0.946739,0.214717,0.104520,0.941084
777,3.237500,0.118428,-0.099527,-0.305072,-0.939681,-0.004263,0.013571,0.047847,-0.097369,0.057183,-0.200557,-0.973153,0.544556,0.203704,0.053635,0.000196,-0.011743,0.321990,0.946670,0.218570,0.106285,0.941373
778,3.241667,0.123445,-0.104913,-0.305663,-0.938256,-0.003846,0.013923,0.048739,-0.093634,0.051544,-0.202582,-0.973415,0.544957,0.204528,0.052548,0.000106,-0.012587,0.322038,0.946643,0.222371,0.108026,0.941841
779,3.245833,0.127897,-0.110738,-0.306283,-0.936787,-0.003515,0.014359,0.049756,-0.089090,0.046054,-0.204408,-0.973735,0.545206,0.205257,0.051339,-0.000025,-0.013409,0.322037,0.946632,0.226199,0.109775,0.942323
780,3.250000,0.134006,-0.116907,-0.306190,-0.935213,-0.003089,0.014764,0.050829,-0.085462,0.041289,-0.206210,-0.973894,0.545394,0.205911,0.050300,-0.000802,-0.013888,0.321981,0.946644,0.230104,0.111568,0.942647
781,3.254167,0.140360,-0.122304,-0.306994,-0.933325,-0.002658,0.015110,0.051792,-0.081109,0.037259,-0.207712,-0.974109,0.545609,0.206571,0.049517,-0.000325,-0.015893,0.321866,0.946652,0.234047,0.113391,0.943156
782,3.258333,0.144773,-0.128352,-0.308282,-0.931412,-0.002040,0.015506,0.052853,-0.076028,0.034550,-0.209041,-0.974335,0.545821,0.207173,0.048915,-0.001063,-0.016355,0.321607,0.946731,0.237727,0.115019,0.943815
783,3.262500,0.150290,-0.134961,-0.309158,-0.929311,-0.001503,0.015983,0.053994,-0.071068,0.032385,-0.209871,-0.974605,0.546132,0.207660,0.048426,-0.001555,-0.016601,0.321324,0.946822,0.241510,0.116712,0.944309
784,3.266667,0.156273,-0.142367,-0.309942,-0.926955,-0.000917,0.016454,0.055164,-0.066932,0.030072,-0.211150,-0.974696,0.546386,0.208186,0.047961,-0.002602,-0.016347,0.320941,0.946955,0.245226,0.118383,0.944926
785,3.270833,0.161823,-0.150010,-0.311261,-0.924352,-0.000322,0.016918,0.056419,-0.063412,0.027367,-0.212168,-0.974790,0.546678,0.208635,0.047422,-0.003337,-0.016917,0.320322,0.947152,0.248955,0.120052,0.945562
786,3.275000,0.167704,-0.158222,-0.312724,-0.921436,0.000261,0.017336,0.057720,-0.060861,0.024665,-0.213309,-0.974775,0.546917,0.209013,0.046851,-0.003694,-0.017749,0.319755,0.947327,0.252710,0.121699,0.946136
787,3.279167,0.172817,-0.166792,-0.314397,-0.918406,0.000890,0.017775,0.059076,-0.058698,0.022306,-0.214499,-0.974704,0.547022,0.209332,0.046313,-0.003884,-0.018860,0.319276,0.947466,0.256589,0.123371,0.946638
788,3.283333,0.178423,-0.176076,-0.316259,-0.914955,0.001546,0.018180,0.060431,-0.056366,0.020301,-0.215398,-0.974687,0.547067,0.209621,0.045853,-0.004272,-0.019897,0.318605,0.947669,0.260412,0.125067,0.947285
789,3.287500,0.182813,-0.184927,-0.317065,-0.912059,0.002148,0.018535,0.061864,-0.053128,0.018501,-0.215887,-0.974796,0.547085,0.209909,0.045456,-0.004574,-0.020687,0.317923,0.947880,0.264254,0.126744,0.947897
790,3.291667,0.189277,-0.193553,-0.318623,-0.908400,0.002991,0.018941,0.063384,-0.049233,0.016878,-0.216056,-0.974993,0.547161,0.210093,0.045113,-0.004780,-0.021659,0.317211,0.948096,0.268124,0.128402,0.948551
791,3.295833,0.192967,-0.204287,-0.320246,-0.904695,0.003914,0.019460,0.064852,-0.046444,0.015576,-0.216172,-0.975126,0.547254,0.210244,0.044856,-0.005353,-0.022611,0.316514,0.948303,0.271947,0.130008,0.949217
792,3.300000,0.198653,-0.214191,-0.322217,-0.900464,0.004993,0.020035,0.066335,-0.043996,0.014547,-0.216289,-0.975229,0.547361,0.210343,0.044642,-0.005930,-0.023269,0.315607,0.948586,0.275788,0.131642,0.949868
793,3.304167,0.204405,-0.224052,-0.324249,-0.896037,0.006217,0.020664,0.067878,-0.041203,0.013776,-0.216352,-0.975349,0.547499,0.210403,0.044440,-0.006245,-0.024032,0.314610,0.948896,0.279597,0.133256,0.950514
794,3.308333,0.210222,-0.234377,-0.326357,-0.891272,0.007599,0.021428,0.069415,-0.039574,0.012929,-0.216471,-0.975401,0.547639,0.210449,0.044243,-0.006633,-0.024640,0.313717,0.949174,0.283349,0.134796,0.951152
795,3.312500,0.215523,-0.243852,-0.328968,-0.886491,0.009208,0.022247,0.070979,-0.038120,0.012175,-0.216729,-0.975411,0.547701,0.210542,0.044045,-0.007075,-0.025470,0.312740,0.949471,0.287110,0.136318,0.951837
796,3.316667,0.220096,-0.254724,-0.330513,-0.881723,0.011038,0.023255,0.072783,-0.036698,0.011609,-0.217073,-0.975396,0.547702,0.210683,0.043886,-0.007327,-0.026069,0.311748,0.949779,0.290870,0.137839,0.952471
797,3.320833,0.224612,-0.265124,-0.332633,-0.876706,0.012888,0.024451,0.074577,-0.035322,0.010882,-0.217155,-0.975437,0.547687,0.210815,0.043722,-0.007355,-0.026750,0.310750,0.950087,0.294664,0.139394,0.953146
798,3.325000,0.230387,-0.274597,-0.335116,-0.871330,0.014896,0.025738,0.076151,-0.034843,0.010051,-0.217150,-0.975464,0.547702,0.210962,0.043538,-0.007856,-0.027061,0.309789,0.950388,0.298311,0.140845,0.953735
799,3.329167,0.234910,-0.285218,-0.336744,-0.866067,0.016989,0.027085,0.077817,-0.033295,0.009496,-0.217345,-0.975481,0.547735,0.211094,0.043402,-0.008395,-0.027661,0.309031,0.950613,0.301901,0.142229,0.954307
800,3.333333,0.239131,-0.295244,-0.338294,-0.860932,0.019282,0.028555,0.079689,-0.031693,0.009280,-0.217614,-0.975476,0.547778,0.211218,0.043317,-0.009013,-0.028254,0.308449,0.950779,0.305331,0.143548,0.954857
801,3.337500,0.243858,-0.304174,-0.340161,-0.855747,0.021692,0.030126,0.081719,-0.030330,0.009611,-0.217570,-0.975526,0.547841,0.211320,0.043304,-0.011767,-0.030095,0.308009,0.950835,0.308455,0.144807,0.955294
802,3.341667,0.250130,-0.313856,-0.341207,-0.850004,0.024073,0.031594,0.083660,-0.029219,0.009452,-0.217595,-0.975556,0.547900,0.211411,0.043254,-0.012019,-0.030625,0.307671,0.950924,0.312091,0.146228,0.955676
803,3.345833,0.255399,-0.325015,-0.340402,-0.844549,0.026020,0.033197,0.085741,-0.027696,0.009095,-0.217379,-0.975652,0.547943,0.211483,0.043148,-0.011964,-0.029289,0.306305,0.951408,0.315297,0.147718,0.956342
804,3.350000,0.260776,-0.334194,-0.340402,-0.839307,0.028469,0.034845,0.088230,-0.025794,0.008812,-0.217184,-0.975750,0.547934,0.211627,0.043016,-0.012684,-0.029197,0.306003,0.951498,0.318808,0.149070,0.956796
805,3.354167,0.265593,-0.343131,-0.340377,-0.834185,0.031123,0.036629,0.090880,-0.024909,0.008439,-0.217165,-0.975781,0.547922,0.211723,0.042936,-0.012886,-0.029067,0.306006,0.951498,0.322235,0.150412,0.957170
806,3.358333,0.267891,-0.352567,-0.340230,-0.829563,0.033657,0.038628,0.093650,-0.024870,0.008365,-0.217117,-0.975793,0.547932,0.211782,0.042904,-0.013683,-0.028953,0.305679,0.951596,0.325638,0.151721,0.957486
807,3.362500,0.268745,-0.363177,-0.338126,-0.825560,0.036313,0.040479,0.096514,-0.024966,0.008751,-0.217031,-0.975806,0.547955,0.211820,0.042968,-0.014170,-0.028914,0.305667,0.951594,0.328878,0.152934,0.957862
808,3.366667,0.270457,-0.372916,-0.336263,-0.821410,0.039202,0.042519,0.099559,-0.024642,0.009019,-0.216918,-0.975837,0.547986,0.211881,0.042979,-0.014460,-0.029165,0.306013,0.951471,0.332129,0.154161,0.958152
809,3.370833,0.273536,-0.380973,-0.336019,-0.816779,0.042376,0.045001,0.102845,-0.024379,0.008749,-0.216818,-0.975868,0.548032,0.211938,0.042923,-0.014908,-0.029516,0.306234,0.951382,0.335444,0.155425,0.958470
810,3.375000,0.276397,-0.387871,-0.336210,-0.812480,0.045705,0.047771,0.106184,-0.024070,0.008682,-0.216813,-0.975878,0.548026,0.211973,0.042902,-0.015489,-0.029543,0.305573,0.951584,0.338913,0.156785,0.958761
811,3.379167,0.280402,-0.393882,-0.336582,-0.808050,0.049397,0.050684,0.109577,-0.023106,0.008466,-0.216782,-0.975910,0.548007,0.212032,0.042850,-0.015570,-0.029572,0.305723,0.951534,0.342079,0.158005,0.959015
812,3.383333,0.281061,-0.400098,-0.336270,-0.804891,0.053034,0.053558,0.112840,-0.022007,0.008221,-0.216847,-0.975923,0.547989,0.212085,0.042777,-0.016250,-0.029641,0.306149,0.951383,0.345143,0.159272,0.959181
813,3.387500,0.280320,-0.406524,-0.335360,-0.802305,0.056808,0.056703,0.116027,-0.021377,0.008174,-0.216934,-0.975918,0.547973,0.212126,0.042733,-0.016439,-0.029440,0.306649,0.951225,0.348257,0.160543,0.959343
814,3.391667,0.279569,-0.412255,-0.334928,-0.799819,0.060750,0.060031,0.119024,-0.021144,0.008349,-0.216963,-0.975915,0.547974,0.212157,0.042748,-0.016838,-0.029295,0.307038,0.951097,0.351287,0.161776,0.959501
815,3.395833,0.279040,-0.417725,-0.334839,-0.797199,0.064853,0.063501,0.121864,-0.021406,0.008414,-0.217023,-0.975896,0.547988,0.212165,0.042764,-0.017209,-0.029343,0.307704,0.950874,0.354311,0.163022,0.959610
816,3.400000,0.279309,-0.423603,-0.334692,-0.794058,0.069013,0.066903,0.124540,-0.021057,0.008449,-0.217115,-0.975882,0.547990,0.212179,0.042755,-0.017522,-0.029080,0.308269,0.950693,0.357235,0.164207,0.959749
817,3.404167,0.280461,-0.428246,-0.335258,-0.790917,0.073389,0.070522,0.127016,-0.020517,0.008308,-0.217160,-0.975885,0.547979,0.212221,0.042722,-0.017614,-0.029312,0.308905,0.950478,0.360456,0.165600,0.959832
818,3.408333,0.279871,-0.430460,-0.337380,-0.789019,0.078267,0.074398,0.129636,-0.020098,0.008222,-0.217257,-0.975873,0.547953,0.212242,0.042662,-0.018129,-0.029484,0.309639,0.950224,0.363215,0.166819,0.960003
819,3.412500,0.277416,-0.430519,-0.339971,-0.788741,0.083324,0.078549,0.132130,-0.019776,0.008236,-0.217361,-0.975856,0.547927,0.212248,0.042651,-0.018099,-0.029539,0.310348,0.949992,0.366096,0.168100,0.960149
820,3.416667,0.273528,-0.430156,-0.342434,-0.789232,0.088248,0.082882,0.134292,-0.019870,0.008294,-0.217435,-0.975837,0.547920,0.212234,0.042655,-0.018219,-0.029883,0.310983,0.949771,0.369222,0.169419,0.960270
821,3.420833,0.270498,-0.428284,-0.345553,-0.789935,0.093493,0.087631,0.136335,-0.019906,0.008291,-0.217540,-0.975813,0.547933,0.212223,0.042662,-0.018196,-0.029668,0.311622,0.949569,0.371914,0.170687,0.960504
822,3.425000,0.267259,-0.426817,-0.347852,-0.790822,0.098881,0.092727,0.138150,-0.019853,0.008408,-0.217702,-0.975777,0.547932,0.212212,0.042660,-0.018260,-0.029995,0.312197,0.949368,0.374780,0.171966,0.960717
823,3.429167,0.260687,-0.425367,-0.348839,-0.793358,0.104307,0.097712,0.139586,-0.019583,0.008385,-0.217840,-0.975752,0.547911,0.212216,0.042655,-0.018254,-0.030070,0.312805,0.949166,0.377630,0.173340,0.960912
824,3.433333,0.245776,-0.429121,-0.343877,-0.798247,0.109639,0.102228,0.140779,-0.019679,0.008429,-0.217951,-0.975725,0.547873,0.212198,0.042646,-0.018566,-0.030035,0.313144,0.949049,0.380388,0.174692,0.961137
825,3.437500,0.239853,-0.427589,-0.344118,-0.800763,0.115697,0.107522,0.142180,-0.019553,0.008463,-0.218110,-0.975692,0.547843,0.212174,0.042638,-0.018183,-0.030253,0.313541,0.948918,0.383487,0.176053,0.961339
826,3.441667,0.234958,-0.425003,-0.345181,-0.803130,0.121883,0.112994,0.143324,-0.019436,0.008595,-0.218288,-0.975653,0.547803,0.212166,0.042650,-0.018262,-0.030064,0.313898,0.948805,0.386132,0.177314,0.961694
827,3.445833,0.230748,-0.422610,-0.346030,-0.805245,0.128122,0.118479,0.144300,-0.019170,0.008548,-0.218638,-0.975580,0.547791,0.212138,0.042640,-0.018062,-0.030053,0.314210,0.948706,0.388881,0.178729,0.961927
828,3.450000,0.225874,-0.419490,-0.347015,-0.807830,0.134604,0.123982,0.144998,-0.018969,0.008474,-0.218723,-0.975566,0.547782,0.212158,0.042608,-0.018005,-0.030240,0.314605,0.948570,0.391694,0.180096,0.962314
829,3.454167,0.222062,-0.415707,-0.348648,-0.810136,0.141141,0.129677,0.145587,-0.020794,0.007943,-0.218521,-0.975578,0.547898,0.212085,0.042628,-0.017696,-0.029963,0.314720,0.948547,0.394499,0.181408,0.962585
830,3.458333,0.218328,-0.411683,-0.349676,-0.812758,0.147796,0.135262,0.145887,-0.020673,0.007883,-0.218536,-0.975578,0.547869,0.212073,0.042605,-0.017082,-0.029597,0.314658,0.948590,0.397190,0.182659,0.962980
831,3.462500,0.215274,-0.406956,-0.351298,-0.815251,0.154538,0.141029,0.146085,-0.020487,0.007974,-0.218630,-0.975560,0.547834,0.212058,0.042602,-0.017005,-0.029945,0.314691,0.948569,0.400096,0.184111,0.963278
832,3.466667,0.211552,-0.401637,-0.353164,-0.818052,0.161474,0.146860,0.146117,-0.020300,0.007911,-0.218687,-0.975552,0.547816,0.212060,0.042580,-0.016381,-0.029936,0.314637,0.948598,0.402878,0.185456,0.963643
833,3.470833,0.208258,-0.395878,-0.354803,-0.820990,0.168443,0.153008,0.146022,-0.019872,0.007931,-0.218716,-0.975554,0.547800,0.212049,0.042573,-0.015957,-0.029808,0.314596,0.948623,0.405642,0.186790,0.963976
834,3.475000,0.204826,-0.389570,-0.356275,-0.824227,0.175620,0.159018,0.145592,-0.019544,0.007946,-0.218701,-0.975564,0.547781,0.212039,0.042565,-0.015369,-0.029680,0.314238,0.948756,0.408285,0.188055,0.964255
835,3.479167,0.201773,-0.382637,-0.357775,-0.827571,0.182946,0.165134,0.145028,-0.019454,0.007851,-0.218750,-0.975556,0.547746,0.212047,0.042530,-0.014759,-0.029605,0.314149,0.948797,0.411078,0.189413,0.964619
836,3.483333,0.198987,-0.376193,-0.358093,-0.831055,0.190361,0.171370,0.144381,-0.019526,0.007777,-0.218776,-0.975549,0.547706,0.212057,0.042498,-0.014071,-0.029352,0.313989,0.948868,0.413796,0.190711,0.964968
837,3.487500,0.202274,-0.365064,-0.361350,-0.833810,0.198138,0.178050,0.143887,-0.019262,0.007909,-0.218813,-0.975545,0.547680,0.212064,0.042509,-0.013322,-0.029295,0.313584,0.949015,0.416463,0.192066,0.965212
838,3.491667,0.199003,-0.357889,-0.361262,-0.837737,0.205790,0.184423,0.142885,-0.019280,0.007975,-0.218830,-0.975540,0.547652,0.212062,0.042518,-0.012795,-0.029322,0.313424,0.949074,0.419125,0.193454,0.965432
839,3.495833,0.194961,-0.350940,-0.360952,-0.841751,0.213497,0.190903,0.141668,-0.019329,0.008171,-0.218919,-0.975517,0.547627,0.212057,0.042553,-0.012142,-0.029053,0.313091,0.949201,0.421825,0.194738,0.965772
840,3.500000,0.190583,-0.341927,-0.362885,-0.845623,0.221469,0.197371,0.140216,-0.019812,0.008157,-0.218692,-0.975559,0.547623,0.212062,0.042594,-0.011291,-0.029126,0.312816,0.949300,0.424470,0.196140,0.966009
841,3.504167,0.187013,-0.333686,-0.362511,-0.849862,0.229509,0.203862,0.138622,-0.019678,0.008256,-0.218772,-0.975542,0.547602,0.212028,0.042601,-0.010931,-0.028934,0.312442,0.949433,0.427093,0.197487,0.966210
842,3.508333,0.184198,-0.326322,-0.361075,-0.853938,0.237547,0.210439,0.137027,-0.019732,0.008403,-0.218816,-0.975530,0.547579,0.212027,0.042606,-0.010018,-0.028812,0.312037,0.949580,0.429656,0.198803,0.966505
843,3.512500,0.180628,-0.316911,-0.360334,-0.858545,0.245880,0.217250,0.135262,-0.019740,0.008408,-0.218866,-0.975519,0.547551,0.212040,0.042593,-0.009418,-0.028724,0.311742,0.949686,0.432304,0.200248,0.966680
844,3.516667,0.177641,-0.308362,-0.359592,-0.862583,0.254176,0.224012,0.133374,-0.020215,0.008490,-0.218784,-0.975527,0.547545,0.212062,0.042627,-0.008604,-0.028506,0.311309,0.949842,0.434881,0.201641,0.966843
845,3.520833,0.174112,-0.299977,-0.358386,-0.866751,0.262530,0.230910,0.131416,-0.020312,0.008526,-0.218758,-0.975530,0.547560,0.212028,0.042636,-0.007751,-0.028568,0.310816,0.950009,0.437479,0.203042,0.967016
846,3.525000,0.170965,-0.291964,-0.356775,-0.870770,0.270963,0.237816,0.129364,-0.019813,0.008588,-0.218636,-0.975567,0.547557,0.212002,0.042618,-0.007267,-0.028231,0.310207,0.950222,0.439949,0.204398,0.967215
847,3.529167,0.170321,-0.278779,-0.357824,-0.874777,0.279765,0.245172,0.127478,-0.020170,0.008471,-0.218668,-0.975554,0.547520,0.211981,0.042590,-0.006210,-0.027686,0.309762,0.950391,0.442444,0.205726,0.967400
848,3.533333,0.167972,-0.269346,-0.357420,-0.878345,0.288397,0.252103,0.125076,-0.020205,0.008258,-0.218748,-0.975537,0.547540,0.211978,0.042549,-0.004847,-0.026678,0.309360,0.950558,0.445027,0.207044,0.967695
849,3.537500,0.162082,-0.261807,-0.354305,-0.882981,0.296836,0.258972,0.122598,-0.020017,0.008165,-0.218710,-0.975550,0.547538,0.211971,0.042526,-0.003620,-0.026193,0.308819,0.950753,0.447583,0.208394,0.967880
850,3.541667,0.159762,-0.253191,-0.353060,-0.886408,0.305690,0.266238,0.120151,-0.020312,0.007396,-0.219081,-0.975467,0.547631,0.211920,0.042505,-0.002573,-0.025452,0.308181,0.950984,0.450074,0.209729,0.968049
851,3.545833,0.155833,-0.246291,-0.350188,-0.890183,0.314462,0.273317,0.117605,-0.020050,0.007765,-0.218745,-0.975545,0.547578,0.211918,0.042481,-0.001619,-0.024762,0.307582,0.951198,0.452558,0.211126,0.968235
852,3.550000,0.152539,-0.238702,-0.348324,-0.893546,0.323455,0.280391,0.114952,-0.019502,0.008001,-0.218572,-0.975593,0.547523,0.211953,0.042435,-0.001069,-0.024676,0.306950,0.951405,0.455121,0.212502,0.968364
853,3.554167,0.148819,-0.229400,-0.346453,-0.897329,0.332779,0.287771,0.112468,-0.019109,0.007998,-0.218570,-0.975601,0.547495,0.211960,0.042404,-0.000441,-0.024306,0.306142,0.951675,0.457613,0.213896,0.968400
854,3.558333,0.143095,-0.221542,-0.344512,-0.900974,0.341889,0.294767,0.109640,-0.019346,0.008208,-0.218416,-0.975630,0.547484,0.211948,0.042385,-0.000390,-0.023789,0.305160,0.952004,0.460053,0.215258,0.968495
855,3.562500,0.137346,-0.214358,-0.342456,-0.904384,0.350873,0.301978,0.106836,-0.019176,0.008048,-0.218177,-0.975688,0.547512,0.211955,0.042351,-0.000104,-0.023420,0.304285,0.952293,0.462522,0.216666,0.968546
856,3.566667,0.131451,-0.203696,-0.342573,-0.907674,0.360243,0.309292,0.104079,-0.018826,0.008014,-0.218130,-0.975705,0.547503,0.211963,0.042349,-0.000277,-0.022860,0.303478,0.952564,0.465031,0.218083,0.968612
857,3.570833,0.134565,-0.190171,-0.344740,-0.909330,0.369686,0.317293,0.101936,-0.018351,0.008174,-0.218394,-0.975654,0.547460,0.211940,0.042325,-0.000217,-0.022521,0.302686,0.952824,0.467507,0.219535,0.968608
858,3.575000,0.133263,-0.180519,-0.342612,-0.912289,0.379004,0.325113,0.099445,-0.017965,0.008050,-0.218076,-0.975733,0.547481,0.211997,0.042306,-0.000187,-0.022107,0.302013,0.953047,0.469994,0.221006,0.968638
859,3.579167,0.128291,-0.171018,-0.341024,-0.915422,0.388359,0.332748,0.096961,-0.016779,0.007705,-0.217958,-0.975783,0.547478,0.211978,0.042220,0.000025,-0.021715,0.301186,0.953318,0.472464,0.222403,0.968656
860,3.583333,0.123200,-0.161857,-0.339559,-0.918327,0.397814,0.340420,0.094368,-0.015841,0.007477,-0.218169,-0.975754,0.547466,0.211983,0.042139,-0.000005,-0.021066,0.300433,0.953570,0.474914,0.223826,0.968657
861,3.587500,0.118826,-0.152602,-0.338511,-0.920871,0.407288,0.348059,0.091944,-0.015641,0.007452,-0.217940,-0.975808,0.547451,0.212017,0.042134,0.000354,-0.020526,0.299995,0.953720,0.477422,0.225322,0.968641
862,3.591667,0.114353,-0.144132,-0.337522,-0.923162,0.416645,0.355719,0.089753,-0.015507,0.007279,-0.217704,-0.975864,0.547456,0.212067,0.042134,0.000745,-0.019775,0.299350,0.953938,0.479870,0.226720,0.968629
863,3.595833,0.111297,-0.134816,-0.336209,-0.925420,0.426227,0.363259,0.087543,-0.014762,0.007368,-0.217555,-0.975909,0.547480,0.212138,0.042042,0.001175,-0.019239,0.298868,0.954100,0.482364,0.228158,0.968609
864,3.600000,0.104355,-0.123306,-0.336062,-0.927884,0.436318,0.371562,0.084926,-0.014346,0.007134,-0.217630,-0.975900,0.547411,0.212140,0.042005,0.001529,-0.018735,0.298486,0.954229,0.484837,0.229581,0.968548
865,3.604167,0.100354,-0.113757,-0.335441,-0.929768,0.446006,0.379350,0.082772,-0.013782,0.006961,-0.217576,-0.975921,0.547421,0.212179,0.041980,0.001653,-0.017970,0.298052,0.954379,0.487207,0.230967,0.968496
866,3.608333,0.096043,-0.103998,-0.334551,-0.931684,0.455683,0.387119,0.080759,-0.013166,0.006854,-0.217466,-0.975955,0.547423,0.212231,0.041943,0.001727,-0.017479,0.297775,0.954474,0.489665,0.232474,0.968411
867,3.612500,0.091914,-0.095196,-0.333268,-0.933500,0.465457,0.394920,0.078826,-0.012852,0.006578,-0.217454,-0.975964,0.547400,0.212261,0.041890,0.001538,-0.016830,0.297231,0.954656,0.492028,0.233872,0.968309
868,3.616667,0.087795,-0.085464,-0.332239,-0.935203,0.475178,0.402660,0.077014,-0.012108,0.006523,-0.217125,-0.976047,0.547444,0.212316,0.041837,0.001397,-0.016202,0.296874,0.954778,0.494440,0.235324,0.968191
869,3.620833,0.083666,-0.075773,-0.332041,-0.936487,0.484968,0.410401,0.075260,-0.011423,0.006471,-0.216938,-0.976097,0.547437,0.212345,0.041828,0.001225,-0.015788,0.296472,0.954910,0.496840,0.236804,0.968054
870,3.625000,0.079456,-0.066434,-0.331475,-0.937762,0.494695,0.418085,0.073671,-0.010984,0.006487,-0.217054,-0.976076,0.547438,0.212388,0.041828,0.001303,-0.015357,0.296229,0.954993,0.499265,0.238295,0.967894
871,3.629167,0.075189,-0.056890,-0.330901,-0.938944,0.504443,0.425747,0.072162,-0.009985,0.006974,-0.216676,-0.976168,0.547458,0.212421,0.041858,0.001407,-0.015076,0.295911,0.955095,0.501715,0.239796,0.967702
872,3.633333,0.071511,-0.047572,-0.330320,-0.939953,0.514183,0.433347,0.070786,-0.009383,0.006885,-0.216503,-0.976213,0.547461,0.212450,0.041835,0.001497,-0.014764,0.295593,0.955199,0.504120,0.241300,0.967482
873,3.637500,0.067467,-0.038671,-0.329789,-0.940847,0.523943,0.440938,0.069522,-0.009264,0.006711,-0.216524,-0.976210,0.547442,0.212414,0.041842,0.001478,-0.014443,0.295351,0.955278,0.506603,0.242854,0.967295
874,3.641667,0.063383,-0.029719,-0.329128,-0.941687,0.533662,0.448486,0.068378,-0.008727,0.006602,-0.216313,-0.976263,0.547463,0.212476,0.041791,0.003429,-0.013198,0.293150,0.955969,0.509402,0.245011,0.967485
875,3.645833,0.060255,-0.020683,-0.328873,-0.942223,0.543396,0.455904,0.067375,-0.008081,0.006464,-0.216283,-0.976276,0.547472,0.212550,0.041750,0.003542,-0.012992,0.292867,0.956058,0.511883,0.246579,0.967307
876,3.650000,0.055946,-0.012014,-0.328243,-0.942859,0.553095,0.463292,0.066489,-0.007733,0.006265,-0.216212,-0.976296,0.547482,0.212578,0.041722,0.004119,-0.012936,0.292880,0.956053,0.514359,0.248123,0.967089
877,3.654167,0.052629,-0.003285,-0.327879,-0.943247,0.562819,0.470611,0.065782,-0.007435,0.006166,-0.216110,-0.976321,0.547462,0.212617,0.041710,0.002902,-0.012827,0.292571,0.956153,0.516769,0.249784,0.966871
878,3.658333,0.049203,0.005632,-0.327702,-0.943482,0.572457,0.477852,0.065238,-0.006774,0.006010,-0.216002,-0.976351,0.547464,0.212656,0.041678,0.003129,-0.012719,0.292659,0.956127,0.519253,0.251417,0.966629
879,3.662500,0.045786,0.014717,-0.327402,-0.943661,0.582112,0.485019,0.064761,-0.005916,0.005697,-0.215935,-0.976373,0.547453,0.212690,0.041608,0.003494,-0.012632,0.292859,0.956066,0.521721,0.252969,0.966325
880,3.666667,0.042801,0.023477,-0.327464,-0.943602,0.591553,0.492211,0.064637,-0.005349,0.005486,-0.215914,-0.976382,0.547428,0.212731,0.041578,0.002621,-0.012953,0.293016,0.956016,0.524066,0.254424,0.965947
881,3.670833,0.039698,0.031919,-0.326834,-0.943708,0.601141,0.499215,0.064499,-0.004653,0.005508,-0.215939,-0.976380,0.547434,0.212777,0.041564,0.003366,-0.012371,0.292637,0.956138,0.526705,0.256241,0.965806
882,3.675000,0.037638,0.041472,-0.327078,-0.943336,0.610663,0.506128,0.064410,-0.004047,0.005406,-0.215789,-0.976417,0.547439,0.212811,0.041534,0.003181,-0.012348,0.292584,0.956155,0.529258,0.257947,0.965509
883,3.679167,0.034248,0.048982,-0.326682,-0.943243,0.620181,0.512949,0.064606,-0.003320,0.005247,-0.215634,-0.976454,0.547452,0.212835,0.041492,0.002436,-0.012169,0.292508,0.956183,0.531718,0.259629,0.965171
884,3.683333,0.032954,0.058291,-0.326249,-0.942909,0.629563,0.519639,0.064913,-0.002523,0.005167,-0.215511,-0.976485,0.547468,0.212867,0.041453,0.002031,-0.012130,0.292465,0.956197,0.534186,0.261330,0.964846
885,3.687500,0.030680,0.066208,-0.325842,-0.942604,0.638930,0.526244,0.065328,-0.001644,0.005013,-0.215408,-0.976510,0.547472,0.212917,0.041417,0.001745,-0.012124,0.292479,0.956194,0.536714,0.263041,0.964497
886,3.691667,0.028634,0.074395,-0.325083,-0.942320,0.648232,0.532700,0.065840,-0.000862,0.004896,-0.215330,-0.976529,0.547472,0.212968,0.041390,0.001147,-0.011916,0.292517,0.956185,0.539186,0.264773,0.964156
887,3.695833,0.026985,0.082190,-0.324207,-0.942023,0.657361,0.539093,0.066567,0.000201,0.004792,-0.215156,-0.976568,0.547489,0.212998,0.041345,0.000157,-0.011999,0.292667,0.956139,0.541778,0.266582,0.963835
888,3.700000,0.024837,0.089847,-0.323449,-0.941643,0.666385,0.545334,0.067423,0.000604,0.004626,-0.215050,-0.976592,0.547493,0.213032,0.041326,-0.000106,-0.011991,0.292687,0.956133,0.544283,0.268352,0.963427
889,3.704167,0.023296,0.097174,-0.322240,-0.941369,0.675322,0.551473,0.068420,0.001035,0.004478,-0.214954,-0.976613,0.547487,0.213069,0.041327,-0.000870,-0.011838,0.292540,0.956180,0.546773,0.270077,0.963051
890,3.708333,0.022004,0.104905,-0.320638,-0.941118,0.684155,0.557412,0.069501,0.001567,0.004334,-0.214848,-0.976637,0.547504,0.213097,0.041310,-0.001557,-0.011426,0.292632,0.956156,0.549289,0.271880,0.962644
891,3.712500,0.020655,0.112219,-0.318856,-0.940910,0.692840,0.563282,0.070772,0.002195,0.004211,-0.214747,-0.976658,0.547524,0.213108,0.041307,-0.001954,-0.011123,0.292479,0.956205,0.551836,0.273629,0.962214
892,3.716667,0.018782,0.119319,-0.316826,-0.940761,0.701373,0.568910,0.072118,0.002713,0.003968,-0.214583,-0.976694,0.547542,0.213125,0.041296,-0.002618,-0.010847,0.292336,0.956250,0.554382,0.275456,0.961861
893,3.720833,0.017618,0.126440,-0.314532,-0.940623,0.709760,0.574406,0.073631,0.003178,0.003803,-0.214426,-0.976728,0.547566,0.213134,0.041288,-0.003530,-0.010521,0.292313,0.956258,0.556895,0.277296,0.961475
894,3.725000,0.016397,0.133679,-0.311981,-0.940494,0.717978,0.579708,0.075172,0.003466,0.003764,-0.214266,-0.976762,0.547570,0.213164,0.041251,-0.003985,-0.009795,0.292056,0.956343,0.559402,0.279081,0.960995
895,3.729167,0.014957,0.139729,-0.309436,-0.940480,0.726023,0.584829,0.076877,0.003850,0.003567,-0.214192,-0.976777,0.547599,0.213186,0.041243,-0.004519,-0.009723,0.291852,0.956404,0.561979,0.280919,0.960569
896,3.733333,0.013668,0.146771,-0.306356,-0.940435,0.733923,0.589818,0.078556,0.004113,0.003337,-0.214062,-0.976806,0.547631,0.213215,0.041226,-0.005221,-0.009448,0.291702,0.956448,0.564518,0.282758,0.960134
897,3.737500,0.011990,0.152400,-0.303698,-0.940424,0.741583,0.594545,0.080353,0.004490,0.003132,-0.213940,-0.976831,0.547668,0.213223,0.041228,-0.005702,-0.008911,0.291484,0.956517,0.567097,0.284635,0.959688
898,3.741667,0.010362,0.158482,-0.300661,-0.940414,0.749105,0.599094,0.082118,0.004931,0.002886,-0.213812,-0.976858,0.547703,0.213237,0.041247,-0.006198,-0.008599,0.291286,0.956577,0.569698,0.286505,0.959210
899,3.745833,0.009266,0.163745,-0.297596,-0.940499,0.756459,0.603461,0.083857,0.005216,0.002585,-0.213690,-0.976884,0.547741,0.213253,0.041251,-0.006846,-0.008464,0.291019,0.956655,0.572309,0.288365,0.958777
900,3.750000,0.008461,0.169068,-0.294485,-0.940544,0.763630,0.607590,0.085551,0.005550,0.002270,-0.213590,-0.976905,0.547783,0.213265,0.041264,-0.007325,-0.008072,0.290860,0.956704,0.574902,0.290326,0.958308
901,3.754167,0.007305,0.174027,-0.291518,-0.940574,0.770606,0.611486,0.087183,0.005725,0.001923,-0.213447,-0.976936,0.547819,0.213287,0.041291,-0.008079,-0.007868,0.290625,0.956771,0.577543,0.292249,0.957818
902,3.758333,0.006484,0.178368,-0.288349,-0.940743,0.777432,0.615203,0.088771,0.005767,0.001424,-0.213409,-0.976945,0.547862,0.213294,0.041305,-0.008627,-0.007636,0.290287,0.956870,0.580113,0.294176,0.957313
903,3.762500,0.006758,0.182504,-0.285414,-0.940843,0.784043,0.618732,0.090194,0.006049,0.001003,-0.213242,-0.976980,0.547914,0.213309,0.041343,-0.009318,-0.007211,0.289885,0.956989,0.582722,0.296051,0.956843
904,3.766667,0.015189,0.187872,-0.279813,-0.941370,0.791039,0.621939,0.091206,0.006596,0.000709,-0.213155,-0.976996,0.547978,0.213333,0.041392,-0.009847,-0.006838,0.289548,0.957089,0.585325,0.297993,0.956366
905,3.770833,0.016690,0.191828,-0.276932,-0.941399,0.797246,0.625040,0.092370,0.007039,0.000216,-0.213015,-0.977024,0.548027,0.213357,0.041431,-0.010400,-0.006655,0.289058,0.957232,0.587858,0.299906,0.955859
906,3.775000,0.017476,0.195739,-0.274543,-0.941280,0.803121,0.627982,0.093492,0.007430,-0.000294,-0.212814,-0.977064,0.548079,0.213386,0.041476,-0.011020,-0.006440,0.288710,0.957331,0.590469,0.301855,0.955396
907,3.779167,0.018565,0.199178,-0.272436,-0.941149,0.808749,0.630751,0.094437,0.007858,-0.000857,-0.212698,-0.977086,0.548117,0.213418,0.041508,-0.011405,-0.005978,0.288191,0.957487,0.592978,0.303749,0.954884
908,3.783333,0.019668,0.202236,-0.270430,-0.941053,0.814078,0.633356,0.095230,0.008163,-0.001660,-0.212661,-0.977091,0.548114,0.213446,0.041569,-0.011801,-0.005774,0.287756,0.957614,0.595562,0.305703,0.954459
909,3.787500,0.021178,0.205038,-0.268458,-0.940979,0.819183,0.635723,0.095857,0.008644,-0.002332,-0.212547,-0.977110,0.548152,0.213477,0.041643,-0.011976,-0.005612,0.287412,0.957716,0.598146,0.307704,0.953962
910,3.791667,0.022494,0.207471,-0.267056,-0.940814,0.824058,0.637956,0.096342,0.009012,-0.003061,-0.212393,-0.977138,0.548193,0.213495,0.041714,-0.012534,-0.005328,0.286967,0.957844,0.600643,0.309641,0.953536
911,3.795833,0.023600,0.209175,-0.265441,-0.940867,0.828616,0.640056,0.096601,0.009417,-0.003771,-0.212267,-0.977159,0.548233,0.213534,0.041798,-0.012651,-0.005039,0.286685,0.957928,0.603280,0.311689,0.953092
912,3.800000,0.024727,0.210224,-0.264170,-0.940962,0.832923,0.641973,0.096735,0.009889,-0.004532,-0.212143,-0.977178,0.548276,0.213573,0.041896,-0.012890,-0.004826,0.286332,0.958032,0.605792,0.313719,0.952663
913,3.804167,0.025597,0.210472,-0.262891,-0.941241,0.836984,0.643796,0.096702,0.010226,-0.005185,-0.211982,-0.977206,0.548313,0.213607,0.041975,-0.012844,-0.004908,0.286034,0.958121,0.608362,0.315765,0.952231
914,3.808333,0.026817,0.211138,-0.261675,-0.941397,0.840786,0.645357,0.096392,0.010642,-0.005997,-0.211873,-0.977221,0.548352,0.213642,0.042065,-0.012820,-0.004514,0.285567,0.958262,0.610817,0.317792,0.951788
915,3.812500,0.028223,0.210884,-0.260550,-0.941725,0.844325,0.646831,0.096017,0.010916,-0.006968,-0.211766,-0.977235,0.548392,0.213678,0.042166,-0.012884,-0.004206,0.285149,0.958387,0.613346,0.319845,0.951365
916,3.816667,0.029328,0.210888,-0.259514,-0.941976,0.847620,0.648119,0.095382,0.011198,-0.007882,-0.211583,-0.977264,0.548429,0.213706,0.042304,-0.012691,-0.003700,0.284625,0.958548,0.615795,0.321924,0.950952
917,3.820833,0.030380,0.209783,-0.258555,-0.942453,0.850721,0.649276,0.094666,0.011531,-0.008707,-0.211357,-0.977302,0.548459,0.213734,0.042439,-0.012542,-0.003704,0.284223,0.958669,0.618318,0.324040,0.950532
918,3.825000,0.031351,0.209056,-0.257811,-0.942786,0.853495,0.650294,0.093794,0.011430,-0.010215,-0.211241,-0.977314,0.548466,0.213746,0.042641,-0.012427,-0.003423,0.283656,0.958840,0.620797,0.326182,0.950120
919,3.829167,0.032225,0.207779,-0.257088,-0.943237,0.856087,0.651143,0.092783,0.011966,-0.011084,-0.210977,-0.977355,0.548499,0.213762,0.042803,-0.012500,-0.003535,0.283310,0.958940,0.623416,0.328443,0.949769
920,3.833333,0.033231,0.206038,-0.256241,-0.943814,0.858475,0.651897,0.091632,0.012251,-0.012189,-0.210833,-0.977369,0.548571,0.213774,0.042968,-0.012129,-0.003372,0.282620,0.959149,0.625974,0.330651,0.949367
921,3.837500,0.034313,0.203893,-0.255529,-0.944434,0.860730,0.652492,0.090357,0.012633,-0.013118,-0.210709,-0.977379,0.548614,0.213786,0.043111,-0.011865,-0.003307,0.282028,0.959327,0.628462,0.332846,0.948991
922,3.841667,0.035233,0.201462,-0.255127,-0.945030,0.862733,0.652996,0.089042,0.012662,-0.014470,-0.210587,-0.977386,0.548689,0.213784,0.043244,-0.011522,-0.003250,0.281373,0.959524,0.631016,0.335140,0.948598
923,3.845833,0.036768,0.199270,-0.254736,-0.945542,0.864619,0.653324,0.087522,0.012781,-0.015949,-0.210436,-0.977394,0.548757,0.213786,0.043413,-0.011771,-0.003592,0.280544,0.959762,0.633497,0.337425,0.948255
924,3.850000,0.037685,0.196415,-0.254259,-0.946231,0.866274,0.653545,0.085953,0.012937,-0.016958,-0.210151,-0.977436,0.548799,0.213821,0.043625,-0.011690,-0.003811,0.279612,0.960034,0.635979,0.339787,0.947878
925,3.854167,0.038620,0.193561,-0.253706,-0.946930,0.867778,0.653682,0.084274,0.012606,-0.018591,-0.209871,-0.977471,0.548836,0.213838,0.043806,-0.011738,-0.003846,0.278968,0.960221,0.638590,0.342230,0.947566
926,3.858333,0.039664,0.190194,-0.253138,-0.947721,0.869126,0.653708,0.082533,0.012327,-0.020139,-0.209536,-0.977516,0.548889,0.213878,0.044016,-0.011679,-0.004140,0.278053,0.960486,0.641140,0.344680,0.947182
927,3.862500,0.040431,0.186333,-0.252428,-0.948644,0.870248,0.653682,0.080714,0.011887,-0.021842,-0.209059,-0.977587,0.548949,0.213922,0.044229,-0.011450,-0.004463,0.277106,0.960761,0.643761,0.347132,0.946878
928,3.866667,0.040488,0.181977,-0.251318,-0.949781,0.871215,0.653636,0.078916,0.012266,-0.023477,-0.208626,-0.977637,0.549025,0.213981,0.044480,-0.011618,-0.004474,0.275941,0.961094,0.646315,0.349596,0.946566
929,3.870833,0.040265,0.177054,-0.250497,-0.950937,0.872085,0.653485,0.077074,0.011548,-0.025447,-0.208077,-0.977713,0.549037,0.214039,0.044711,-0.011539,-0.004854,0.275006,0.961361,0.649031,0.352156,0.946273
930,3.875000,0.040317,0.172306,-0.249606,-0.952041,0.872891,0.653277,0.075164,0.011692,-0.027069,-0.207635,-0.977762,0.549107,0.214098,0.045024,-0.011736,-0.004807,0.273685,0.961736,0.651621,0.354712,0.945949
931,3.879167,0.039604,0.165749,-0.248610,-0.953495,0.873757,0.653095,0.073453,0.010839,-0.029381,-0.207014,-0.977837,0.549115,0.214164,0.045314,-0.011390,-0.005562,0.272417,0.962096,0.654337,0.357303,0.945627
932,3.883333,0.039864,0.157883,-0.247253,-0.955170,0.874792,0.653091,0.071769,0.010676,-0.031465,-0.206442,-0.977895,0.549140,0.214249,0.045608,-0.011509,-0.006116,0.271195,0.962436,0.656988,0.359943,0.945336
933,3.887500,0.040742,0.149049,-0.245947,-0.956888,0.876152,0.653342,0.070263,0.010101,-0.033499,-0.205816,-0.977965,0.549203,0.214347,0.045874,-0.011252,-0.005223,0.270119,0.962747,0.659850,0.362617,0.945295
934,3.891667,0.042055,0.140335,-0.244813,-0.958438,0.877844,0.653855,0.068859,0.009718,-0.036053,-0.205229,-0.978001,0.549294,0.214436,0.046205,-0.011386,-0.006040,0.268723,0.963131,0.662445,0.365368,0.944987
935,3.895833,0.043936,0.133067,-0.243883,-0.959627,0.879674,0.654549,0.067610,0.009615,-0.038485,-0.204868,-0.977986,0.549388,0.214508,0.046590,-0.010930,-0.005321,0.267577,0.963460,0.665226,0.368028,0.944925
936,3.900000,0.046809,0.128505,-0.243083,-0.960316,0.881479,0.655362,0.066469,0.009179,-0.041311,-0.204319,-0.977989,0.549451,0.214608,0.046976,-0.010359,-0.005276,0.266395,0.963794,0.667924,0.370806,0.944776
937,3.904167,0.049442,0.124509,-0.242030,-0.960976,0.883158,0.656077,0.065408,0.009130,-0.044026,-0.203849,-0.977969,0.549576,0.214727,0.047497,-0.009537,-0.005109,0.265096,0.964161,0.670693,0.373558,0.944650
938,3.908333,0.051669,0.120440,-0.241007,-0.961634,0.884747,0.656824,0.064454,0.009524,-0.046970,-0.203244,-0.977955,0.549687,0.214825,0.048013,-0.008960,-0.005111,0.263796,0.964523,0.673442,0.376319,0.944594
939,3.912500,0.053660,0.116320,-0.239763,-0.962343,0.886335,0.657480,0.063502,0.009321,-0.050382,-0.202448,-0.977952,0.549809,0.214943,0.048531,-0.007857,-0.005065,0.262740,0.964821,0.676205,0.379109,0.944648
940,3.916667,0.053909,0.111049,-0.238947,-0.963154,0.887826,0.658058,0.062513,0.009170,-0.053746,-0.201184,-0.978035,0.549903,0.215116,0.049034,-0.007352,-0.005135,0.261469,0.965170,0.678957,0.381924,0.944723
941,3.920833,0.053753,0.104722,-0.237070,-0.964335,0.889039,0.658469,0.061421,0.010031,-0.056911,-0.200120,-0.978066,0.550003,0.215315,0.049594,-0.006502,-0.003837,0.260366,0.965480,0.681559,0.384634,0.944851
942,3.925000,0.054766,0.098526,-0.235210,-0.965386,0.890028,0.658669,0.060175,0.010534,-0.060853,-0.198978,-0.978056,0.550149,0.215551,0.050201,-0.005477,-0.003828,0.259421,0.965741,0.684382,0.387472,0.945030
943,3.929167,0.058703,0.092932,-0.233032,-0.966237,0.890730,0.658678,0.058800,0.009844,-0.064697,-0.197793,-0.978057,0.550327,0.215784,0.050876,-0.004476,-0.004442,0.258314,0.966040,0.687073,0.390195,0.945233
944,3.933333,0.063727,0.087438,-0.231041,-0.966909,0.891319,0.658600,0.057302,0.009264,-0.068816,-0.196234,-0.978096,0.550506,0.216063,0.051583,-0.003646,-0.005064,0.257241,0.966327,0.689802,0.392994,0.945349
945,3.937500,0.068346,0.081710,-0.229602,-0.967437,0.891900,0.658603,0.055792,0.010708,-0.072548,-0.194710,-0.978115,0.550641,0.216378,0.052208,-0.002789,-0.005805,0.256257,0.966587,0.692380,0.395744,0.945490
946,3.941667,0.069983,0.075807,-0.228730,-0.968007,0.892373,0.658747,0.054604,0.011819,-0.077389,-0.193143,-0.978042,0.550740,0.216797,0.053067,-0.002630,-0.005982,0.255409,0.966811,0.694980,0.398501,0.945515
947,3.945833,0.068745,0.069514,-0.228257,-0.968680,0.892807,0.658949,0.053653,0.012252,-0.082594,-0.191677,-0.977900,0.550947,0.217140,0.053855,-0.000660,-0.005816,0.254676,0.967009,0.697817,0.401219,0.946110
948,3.950000,0.067776,0.064179,-0.228310,-0.969104,0.893214,0.659201,0.052839,0.011791,-0.088002,-0.189799,-0.977800,0.551070,0.217469,0.054561,0.000591,-0.005607,0.254048,0.967175,0.700541,0.403998,0.946363
949,3.954167,0.067534,0.060288,-0.229088,-0.969187,0.893614,0.659660,0.052228,0.012039,-0.094214,-0.188343,-0.977500,0.551300,0.217836,0.055408,0.000298,-0.007789,0.253312,0.967353,0.702905,0.406735,0.946194
950,3.958333,0.067591,0.057654,-0.230370,-0.969039,0.893907,0.660130,0.051658,0.011201,-0.100896,-0.186393,-0.977217,0.551538,0.218231,0.056397,0.002619,-0.006327,0.253080,0.967421,0.705775,0.409471,0.946991
951,3.962500,0.066663,0.055252,-0.232867,-0.968647,0.893992,0.660748,0.051205,0.009618,-0.107764,-0.184344,-0.976889,0.551790,0.218556,0.057433,0.002927,-0.008021,0.252581,0.967538,0.708194,0.412219,0.946985
952,3.966667,0.066817,0.051985,-0.235567,-0.968164,0.893970,0.661352,0.050577,0.007155,-0.115726,-0.181567,-0.976519,0.552078,0.218864,0.058552,0.004656,-0.007258,0.252634,0.967524,0.710920,0.414841,0.947587
953,3.970833,0.067380,0.048658,-0.237489,-0.967828,0.894038,0.661787,0.049970,0.004373,-0.124635,-0.179008,-0.975911,0.552367,0.219276,0.059621,0.004513,-0.007026,0.252699,0.967509,0.713275,0.417454,0.947846
954,3.975000,0.067637,0.045481,-0.238704,-0.967666,0.894238,0.662090,0.049478,0.003045,-0.133657,-0.176705,-0.975142,0.552712,0.219752,0.060865,0.004495,-0.007444,0.252773,0.967487,0.715656,0.420011,0.948063
955,3.979167,0.067620,0.042642,-0.238928,-0.967741,0.894429,0.662266,0.049008,0.000113,-0.143335,-0.174113,-0.974238,0.553135,0.220364,0.062099,0.004885,-0.007882,0.252910,0.967446,0.718218,0.422733,0.948582
956,3.983333,0.067122,0.040461,-0.238050,-0.968086,0.894742,0.662230,0.048655,-0.000391,-0.153364,-0.171835,-0.973115,0.553563,0.220994,0.063421,0.005190,-0.008155,0.253086,0.967395,0.720515,0.425352,0.948861
957,3.987500,0.066665,0.039262,-0.236259,-0.968605,0.895212,0.662023,0.048455,-0.000753,-0.163510,-0.169329,-0.971901,0.554075,0.221680,0.064904,0.006083,-0.008636,0.253234,0.967348,0.722870,0.427990,0.949102
958,3.991667,0.065830,0.038148,-0.235080,-0.968994,0.895559,0.661961,0.048329,-0.001378,-0.174205,-0.166699,-0.970496,0.554629,0.222421,0.066446,0.006316,-0.008901,0.253194,0.967354,0.725190,0.430580,0.949566
959,3.995833,0.064878,0.036919,-0.234557,-0.969232,0.895756,0.662022,0.048205,-0.001795,-0.185445,-0.164058,-0.968861,0.555214,0.223251,0.068042,0.006721,-0.009410,0.253149,0.967358,0.727557,0.433263,0.949888
960,4.000000,0.064011,0.035426,-0.235314,-0.969162,0.895733,0.662273,0.048026,-0.001344,-0.197074,-0.161582,-0.966980,0.555902,0.224098,0.069675,0.007254,-0.009813,0.253197,0.967338,0.730022,0.436012,0.950597
961,4.004167,0.063604,0.034215,-0.236360,-0.968978,0.895724,0.662563,0.047838,-0.000633,-0.208818,-0.158918,-0.964956,0.556718,0.225102,0.071411,0.008196,-0.010661,0.253052,0.967359,0.732233,0.438613,0.950846
962,4.008333,0.063264,0.033450,-0.237161,-0.968831,0.895769,0.662833,0.047686,-0.000174,-0.219941,-0.156115,-0.962940,0.557684,0.226173,0.073265,0.008415,-0.010522,0.253047,0.967360,0.734492,0.441258,0.951248
963,4.012500,0.063144,0.033060,-0.237314,-0.968815,0.895906,0.662961,0.047565,0.000763,-0.231762,-0.152621,-0.960725,0.558914,0.227256,0.075230,0.008667,-0.010909,0.253118,0.967335,0.736636,0.443835,0.951660
964,4.016667,0.063103,0.032687,-0.236871,-0.968938,0.896115,0.662961,0.047469,0.005132,-0.244413,-0.151559,-0.957740,0.560486,0.227934,0.077346,0.011518,-0.010044,0.253020,0.967340,0.739038,0.446265,0.952562
965,4.020833,0.062836,0.032145,-0.236160,-0.969148,0.896312,0.662888,0.047367,0.005824,-0.257119,-0.148717,-0.954850,0.561799,0.229120,0.079266,0.012103,-0.009834,0.253372,0.967243,0.741171,0.448753,0.953130
966,4.025000,0.062297,0.031331,-0.235726,-0.969315,0.896363,0.662883,0.047221,0.006441,-0.269248,-0.145924,-0.951930,0.563170,0.230442,0.081313,0.013335,-0.009622,0.253088,0.967304,0.743444,0.451278,0.953791
967,4.029167,0.061355,0.030413,-0.235982,-0.969342,0.896318,0.662957,0.047076,0.005119,-0.285786,-0.143019,-0.947547,0.564367,0.232173,0.082955,0.013945,-0.009497,0.253085,0.967297,0.745609,0.453840,0.954306
968,4.033333,0.060709,0.030007,-0.236447,-0.969281,0.896350,0.662974,0.047035,0.009781,-0.298145,-0.141332,-0.943949,0.566324,0.233478,0.085335,0.016890,-0.008126,0.251998,0.967546,0.748121,0.456343,0.955202
969,4.037500,0.059458,0.029514,-0.236794,-0.969290,0.896373,0.662954,0.046967,0.012903,-0.310529,-0.139273,-0.940217,0.568258,0.235073,0.087625,0.017559,-0.008128,0.251523,0.967658,0.750265,0.458811,0.955777
970,4.041667,0.059376,0.029405,-0.236822,-0.969291,0.896456,0.662900,0.046951,0.015513,-0.320241,-0.135889,-0.937411,0.570863,0.236869,0.089519,0.018064,-0.008348,0.251007,0.967781,0.752378,0.461310,0.956254
971,4.045833,0.058980,0.029011,-0.236635,-0.969373,0.896523,0.662847,0.046888,0.013309,-0.330986,-0.131503,-0.934333,0.573555,0.238137,0.091956,0.018247,-0.008795,0.250430,0.967923,0.754452,0.463768,0.956650
972,4.050000,0.058661,0.028584,-0.236422,-0.969457,0.896597,0.662771,0.046820,0.014300,-0.341153,-0.128456,-0.931079,0.576214,0.239816,0.094565,0.018221,-0.009132,0.249945,0.968046,0.756504,0.466135,0.956998
973,4.054167,0.058347,0.028138,-0.236079,-0.969572,0.896662,0.662664,0.046752,0.016980,-0.351122,-0.126065,-0.927649,0.578937,0.241553,0.097181,0.015724,-0.011616,0.248911,0.968329,0.758437,0.468680,0.956862
974,4.058333,0.057709,0.027855,-0.236007,-0.969636,0.896695,0.662599,0.046716,0.018998,-0.360224,-0.123107,-0.924512,0.581723,0.243458,0.099861,0.015967,-0.011929,0.248184,0.968508,0.760489,0.471094,0.957225
975,4.062500,0.056905,0.027565,-0.236204,-0.969644,0.896703,0.662597,0.046694,0.020709,-0.368268,-0.120108,-0.921696,0.584665,0.245538,0.102747,0.016029,-0.011847,0.247401,0.968708,0.762522,0.473406,0.957603
976,4.066667,0.056181,0.027179,-0.236525,-0.969619,0.896708,0.662629,0.046642,0.024042,-0.378229,-0.117435,-0.917918,0.587487,0.247577,0.105452,0.016038,-0.011684,0.246825,0.968857,0.764544,0.475602,0.957982
977,4.070833,0.055668,0.026762,-0.236737,-0.969609,0.896724,0.662638,0.046591,0.026838,-0.386976,-0.114485,-0.914561,0.590491,0.249857,0.108374,0.016603,-0.011257,0.246324,0.968980,0.766636,0.477840,0.958405
978,4.075000,0.055362,0.026427,-0.236701,-0.969644,0.896761,0.662606,0.046547,0.031258,-0.393243,-0.111946,-0.912059,0.593747,0.252210,0.111117,0.016551,-0.011197,0.245528,0.969184,0.768614,0.480014,0.958765
979,4.079167,0.054961,0.026015,-0.236427,-0.969745,0.896805,0.662538,0.046527,0.036384,-0.400552,-0.110819,-0.908820,0.596969,0.254801,0.113907,0.016666,-0.010714,0.244898,0.969346,0.770566,0.482179,0.959063
980,4.083333,0.054795,0.025984,-0.236017,-0.969855,0.896845,0.662442,0.046530,0.049567,-0.408783,-0.109982,-0.904624,0.600965,0.256706,0.117951,0.016852,-0.010328,0.244244,0.969513,0.772575,0.484310,0.959444
981,4.087500,0.054514,0.025900,-0.235927,-0.969895,0.896856,0.662393,0.046515,0.051756,-0.413189,-0.105950,-0.902979,0.605082,0.259289,0.120394,0.017027,-0.010103,0.243562,0.969683,0.774606,0.486376,0.959802
982,4.091667,0.054205,0.025737,-0.236086,-0.969878,0.896824,0.662404,0.046488,0.055799,-0.418163,-0.104675,-0.900594,0.609728,0.261672,0.123350,0.017411,-0.009717,0.243019,0.969817,0.776607,0.488427,0.960178
983,4.095833,0.053730,0.025388,-0.236425,-0.969831,0.896781,0.662452,0.046438,0.059496,-0.422098,-0.102718,-0.898745,0.613961,0.264264,0.125854,0.017495,-0.009449,0.242419,0.969968,0.778597,0.490422,0.960540
984,4.100000,0.053312,0.025384,-0.236578,-0.969817,0.896750,0.662463,0.046378,0.064622,-0.424604,-0.101259,-0.897375,0.618449,0.267295,0.128341,0.017504,-0.009380,0.241716,0.970144,0.780596,0.492407,0.960942
985,4.104167,0.053344,0.025335,-0.236518,-0.969831,0.896742,0.662450,0.046345,0.066626,-0.425781,-0.098523,-0.896976,0.623142,0.270412,0.130550,0.017456,-0.009069,0.241069,0.970308,0.782557,0.494249,0.961297
986,4.108333,0.053366,0.025372,-0.236402,-0.969857,0.896742,0.662429,0.046337,0.066732,-0.425850,-0.095524,-0.897259,0.628132,0.273704,0.132680,0.017185,-0.009010,0.240522,0.970450,0.784521,0.496164,0.961647
987,4.112500,0.053432,0.025402,-0.236201,-0.969901,0.896739,0.662396,0.046322,0.067856,-0.424949,-0.093256,-0.897840,0.633192,0.277160,0.134566,0.016866,-0.008699,0.240160,0.970548,0.786466,0.498003,0.962053
988,4.116667,0.053538,0.025321,-0.236046,-0.969936,0.896710,0.662363,0.046310,0.079104,-0.425239,-0.094619,-0.896639,0.638194,0.281011,0.136591,0.018861,-0.006627,0.239971,0.970574,0.788460,0.499589,0.962955
989,4.120833,0.053493,0.025522,-0.236120,-0.969915,0.896688,0.662371,0.046286,0.077837,-0.424608,-0.094166,-0.897097,0.643793,0.284614,0.138494,0.016685,-0.008651,0.239100,0.970813,0.790501,0.501627,0.962863
990,4.125000,0.053297,0.025465,-0.236314,-0.969880,0.896667,0.662409,0.046264,0.073114,-0.421384,-0.092505,-0.899184,0.649587,0.288383,0.139649,0.016038,-0.008498,0.238624,0.970942,0.792470,0.503409,0.963280
991,4.129167,0.053283,0.025421,-0.236411,-0.969858,0.896645,0.662431,0.046241,0.077690,-0.419243,-0.093282,-0.899721,0.655591,0.293098,0.141184,0.015772,-0.008417,0.238349,0.971015,0.794366,0.505154,0.963784
992,4.133333,0.053279,0.025381,-0.236379,-0.969867,0.896624,0.662436,0.046230,0.082558,-0.415355,-0.093516,-0.901065,0.661047,0.297653,0.141668,0.017491,-0.006408,0.238439,0.970979,0.796423,0.506643,0.964563
993,4.137500,0.053248,0.025387,-0.236302,-0.969888,0.896613,0.662428,0.046216,0.089667,-0.412545,-0.095582,-0.901461,0.666941,0.301579,0.142136,0.017155,-0.006380,0.238097,0.971069,0.798487,0.508358,0.965073
994,4.141667,0.053862,0.025298,-0.236109,-0.969903,0.896657,0.662387,0.046280,0.093402,-0.409224,-0.096879,-0.902455,0.672926,0.305751,0.142449,0.016592,-0.006422,0.237908,0.971125,0.800388,0.510049,0.965436
995,4.145833,0.053777,0.025194,-0.235916,-0.969957,0.896611,0.662373,0.046258,0.095081,-0.405209,-0.098027,-0.903967,0.679164,0.310100,0.142633,0.015973,-0.006668,0.237740,0.971175,0.802395,0.511748,0.965884
996,4.150000,0.053559,0.025206,-0.235886,-0.969976,0.896628,0.662367,0.046264,0.093242,-0.401814,-0.100048,-0.905451,0.685599,0.314438,0.142775,0.015571,-0.006848,0.237583,0.971218,0.804364,0.513412,0.966312
997,4.154167,0.053362,0.025176,-0.236004,-0.969959,0.896624,0.662373,0.046255,0.091463,-0.397828,-0.101562,-0.907223,0.692147,0.318722,0.142857,0.015126,-0.007011,0.238210,0.971071,0.806182,0.514989,0.966704
998,4.158333,0.053101,0.025102,-0.236117,-0.969948,0.896617,0.662387,0.046241,0.087790,-0.392490,-0.101175,-0.909949,0.698966,0.322922,0.142912,0.015435,-0.007147,0.238736,0.970935,0.808097,0.516672,0.967257
999,4.162500,0.052937,0.024984,-0.236137,-0.969955,0.896608,0.662381,0.046231,0.084637,-0.384994,-0.099380,-0.913641,0.706020,0.327110,0.142478,0.014345,-0.007640,0.237794,0.971180,0.810173,0.518303,0.967639
1000,4.166667,0.052835,0.024875,-0.236063,-0.969982,0.896603,0.662360,0.046222,0.083102,-0.381147,-0.098952,-0.915440,0.713080,0.331639,0.141730,0.014247,-0.008123,0.237400,0.971273,0.812239,0.519944,0.968107
1001,4.170833,0.052829,0.024895,-0.235978,-0.970002,0.896610,0.662325,0.046227,0.077823,-0.374825,-0.098168,-0.918593,0.720446,0.336281,0.140959,0.013834,-0.008551,0.237506,0.971250,0.814200,0.521548,0.968557
1002,4.175000,0.052729,0.024808,-0.235925,-0.970023,0.896610,0.662300,0.046222,0.076306,-0.368577,-0.098529,-0.921206,0.727664,0.340885,0.139899,0.013460,-0.008998,0.237510,0.971250,0.816227,0.523163,0.968946
1003,4.179167,0.052588,0.024675,-0.235946,-0.970028,0.896605,0.662284,0.046214,0.073913,-0.362028,-0.097827,-0.924069,0.735324,0.345524,0.138487,0.012671,-0.009464,0.237626,0.971228,0.818152,0.524766,0.969328
1004,4.183333,0.052241,0.024333,-0.235996,-0.970044,0.896601,0.662292,0.046229,0.070301,-0.355894,-0.097839,-0.926728,0.742958,0.350195,0.137189,0.012098,-0.009798,0.237890,0.971167,0.820086,0.526370,0.969639
1005,4.187500,0.052034,0.024413,-0.236151,-0.970015,0.896611,0.662291,0.046198,0.067816,-0.349448,-0.097891,-0.929357,0.750757,0.354894,0.135760,0.011592,-0.010378,0.237871,0.971172,0.822119,0.527916,0.970015
1006,4.191667,0.051858,0.024335,-0.236204,-0.970014,0.896612,0.662273,0.046187,0.066362,-0.342625,-0.098839,-0.931899,0.758710,0.359670,0.134340,0.010977,-0.010584,0.238019,0.971141,0.824072,0.529467,0.970288
1007,4.195833,0.051765,0.024068,-0.236127,-0.970044,0.896618,0.662259,0.046213,0.063786,-0.335182,-0.097850,-0.934885,0.767203,0.364462,0.132523,0.010549,-0.011248,0.237961,0.971152,0.826173,0.530989,0.970628
1008,4.200000,0.051460,0.023859,-0.236143,-0.970062,0.896611,0.662253,0.046196,0.058887,-0.328292,-0.098277,-0.937603,0.774772,0.369764,0.131101,0.009861,-0.011432,0.238097,0.971124,0.828086,0.532472,0.970857
1009,4.204167,0.051286,0.023734,-0.236157,-0.970070,0.896626,0.662231,0.046191,0.056235,-0.320338,-0.098183,-0.940522,0.782914,0.374585,0.129343,0.009468,-0.011831,0.238123,0.971117,0.830095,0.533959,0.971202
1010,4.208333,0.051184,0.023659,-0.236150,-0.970079,0.896629,0.662215,0.046183,0.053088,-0.313302,-0.097839,-0.943107,0.791155,0.379377,0.127559,0.009121,-0.012038,0.238312,0.971071,0.832055,0.535426,0.971426
1011,4.212500,0.050997,0.023571,-0.236240,-0.970069,0.896626,0.662211,0.046173,0.049373,-0.307597,-0.097612,-0.945208,0.799449,0.384163,0.125851,0.008570,-0.012454,0.238290,0.971076,0.834127,0.536874,0.971698
1012,4.216667,0.050676,0.023395,-0.236364,-0.970060,0.896630,0.662210,0.046158,0.043043,-0.300153,-0.095742,-0.948098,0.807735,0.389169,0.124109,0.008259,-0.012639,0.238264,0.971083,0.836150,0.538340,0.971925
1013,4.220833,0.050504,0.023275,-0.236421,-0.970058,0.896630,0.662199,0.046142,0.037844,-0.291111,-0.095361,-0.951172,0.816146,0.394279,0.122270,0.007768,-0.012835,0.238255,0.971087,0.838217,0.539782,0.972148
1014,4.225000,0.050334,0.023158,-0.236451,-0.970062,0.896635,0.662182,0.046136,0.034780,-0.279282,-0.090043,-0.955345,0.825373,0.398249,0.119869,0.007246,-0.012901,0.238239,0.971094,0.840180,0.541175,0.972363
1015,4.229167,0.050158,0.023020,-0.236426,-0.970081,0.896649,0.662156,0.046122,0.029012,-0.268535,-0.089209,-0.958691,0.834065,0.403199,0.118005,0.006952,-0.013092,0.238077,0.971133,0.842287,0.542578,0.972569
1016,4.233333,0.050055,0.022948,-0.236426,-0.970088,0.896655,0.662142,0.046117,0.025585,-0.258961,-0.088273,-0.961505,0.842829,0.408029,0.115828,0.006751,-0.013222,0.237930,0.971169,0.844305,0.543948,0.972791
1017,4.237500,0.049893,0.022843,-0.236504,-0.970080,0.896658,0.662126,0.046103,0.022803,-0.250606,-0.087672,-0.963841,0.851623,0.412935,0.113782,0.006517,-0.013092,0.237770,0.971211,0.846328,0.545319,0.972940
1018,4.241667,0.049604,0.022713,-0.236571,-0.970081,0.896663,0.662117,0.046095,0.020428,-0.241815,-0.086674,-0.966228,0.860614,0.417724,0.111558,0.006253,-0.013003,0.237497,0.971281,0.848328,0.546664,0.973114
1019,4.245833,0.049333,0.022545,-0.236712,-0.970065,0.896668,0.662115,0.046076,0.018124,-0.232962,-0.085758,-0.968528,0.869657,0.422374,0.109104,0.005992,-0.013069,0.237311,0.971327,0.850308,0.548015,0.973301
1020,4.250000,0.049196,0.022378,-0.236756,-0.970065,0.896682,0.662134,0.046081,0.015666,-0.223309,-0.084575,-0.970945,0.878902,0.426973,0.106707,0.005628,-0.012844,0.236960,0.971418,0.852405,0.549378,0.973423
1021,4.254167,0.048974,0.022179,-0.236708,-0.970092,0.896664,0.662094,0.046061,0.016733,-0.215201,-0.083869,-0.972818,0.887765,0.432409,0.104381,0.005478,-0.012802,0.236443,0.971546,0.854470,0.550652,0.973560
1022,4.258333,0.048786,0.021946,-0.236700,-0.970109,0.896659,0.662052,0.046045,0.022107,-0.200772,-0.084289,-0.975755,0.897619,0.436906,0.101344,0.005082,-0.012397,0.236264,0.971597,0.856423,0.551990,0.973622
1023,4.262500,0.048522,0.021598,-0.236820,-0.970101,0.896588,0.662037,0.045977,0.018110,-0.193934,-0.082897,-0.977338,0.906684,0.441874,0.099286,0.004802,-0.012217,0.235848,0.971701,0.858530,0.553323,0.973725
1024,4.266667,0.048098,0.021209,-0.236917,-0.970107,0.896544,0.662002,0.045900,0.012417,-0.186468,-0.082046,-0.978951,0.915811,0.446832,0.097267,0.004496,-0.012198,0.235281,0.971840,0.860631,0.554629,0.973790
1025,4.270833,0.047607,0.020922,-0.237010,-0.970115,0.896539,0.661972,0.045861,0.009587,-0.176681,-0.081270,-0.980861,0.925168,0.451822,0.095029,0.004307,-0.011715,0.234752,0.971975,0.862639,0.555929,0.973795
1026,4.275000,0.047402,0.020648,-0.236972,-0.970140,0.896517,0.661945,0.045854,0.008594,-0.166948,-0.080919,-0.982602,0.934566,0.456683,0.092850,0.004177,-0.011455,0.234046,0.972149,0.864735,0.557195,0.973881
1027,4.279167,0.046969,0.020520,-0.237198,-0.970108,0.896542,0.661927,0.045835,0.007422,-0.157756,-0.080539,-0.984160,0.944006,0.461589,0.090763,0.003991,-0.011506,0.233442,0.972294,0.866962,0.558464,0.973906
1028,4.283333,0.046539,0.020454,-0.237310,-0.970103,0.896560,0.661920,0.045815,0.005339,-0.148607,-0.080260,-0.985620,0.953375,0.466495,0.088723,0.003547,-0.010835,0.232761,0.972467,0.868937,0.559735,0.973860
1029,4.287500,0.046095,0.020207,-0.237355,-0.970118,0.896565,0.661899,0.045792,0.003909,-0.139905,-0.080287,-0.986897,0.962765,0.471388,0.086769,0.003271,-0.010333,0.232049,0.972644,0.870981,0.560998,0.973852
1030,4.291667,0.047450,0.020709,-0.237424,-0.970026,0.896593,0.661929,0.045862,-0.000169,-0.132025,-0.079780,-0.988031,0.972285,0.476186,0.085081,0.003132,-0.010246,0.231244,0.972837,0.873160,0.562252,0.973822
1031,4.295833,0.047034,0.020520,-0.237512,-0.970028,0.896604,0.661897,0.045848,-0.004673,-0.123598,-0.079255,-0.989151,0.981913,0.481035,0.083574,0.002899,-0.009857,0.230388,0.973045,0.875285,0.563441,0.973743
1032,4.300000,0.046551,0.020313,-0.237620,-0.970030,0.896606,0.661878,0.045820,-0.006690,-0.116255,-0.079296,-0.990026,0.991403,0.485708,0.081926,0.002932,-0.009381,0.229525,0.973253,0.877380,0.564675,0.973692
1033,4.304167,0.047848,0.020488,-0.237417,-0.970012,0.896584,0.661826,0.045932,-0.009156,-0.108402,-0.078628,-0.990951,1.000913,0.490433,0.080266,0.002479,-0.009119,0.228726,0.973445,0.879552,0.565899,0.973610
1034,4.308333,0.048481,0.019580,-0.237030,-0.970094,0.896495,0.661789,0.045995,-0.010561,-0.100294,-0.077612,-0.991870,1.010348,0.495278,0.078707,0.002352,-0.008822,0.227759,0.973675,0.881741,0.567112,0.973517
1035,4.312500,0.047902,0.019632,-0.237352,-0.970043,0.896524,0.661728,0.045960,-0.007759,-0.086762,-0.077365,-0.993190,1.019416,0.500637,0.076562,0.002168,-0.008488,0.227003,0.973855,0.883961,0.568312,0.973369
1036,4.316667,0.047505,0.019464,-0.237412,-0.970052,0.896536,0.661704,0.045939,-0.012303,-0.080209,-0.076316,-0.993776,1.028940,0.505257,0.075438,0.001875,-0.008157,0.226095,0.974069,0.886067,0.569483,0.973268
1037,4.320833,0.046627,0.019660,-0.237902,-0.969970,0.896599,0.661670,0.045873,-0.014224,-0.073748,-0.075645,-0.994302,1.038372,0.509949,0.074198,0.001882,-0.007806,0.225152,0.974291,0.888216,0.570639,0.973120
1038,4.325000,0.045657,0.019710,-0.238192,-0.969944,0.896617,0.661663,0.045786,-0.016109,-0.066614,-0.074518,-0.994862,1.047679,0.514621,0.072948,0.001756,-0.007507,0.224199,0.974513,0.890456,0.571810,0.973010
1039,4.329167,0.045321,0.019442,-0.238202,-0.969963,0.896610,0.661620,0.045755,-0.017150,-0.057657,-0.072883,-0.995525,1.057107,0.519534,0.071829,0.001706,-0.007376,0.223288,0.974723,0.892748,0.572978,0.972887
1040,4.333333,0.045061,0.019286,-0.238270,-0.969961,0.896619,0.661601,0.045753,-0.019535,-0.049942,-0.072572,-0.995920,1.066268,0.524195,0.070771,0.001400,-0.007301,0.222434,0.974919,0.894910,0.574148,0.972748
1041,4.337500,0.044736,0.019076,-0.238344,-0.969962,0.896627,0.661592,0.045740,-0.021463,-0.042979,-0.071053,-0.996315,1.075505,0.528891,0.069880,0.001338,-0.006737,0.221557,0.975123,0.897041,0.575306,0.972569
1042,4.341667,0.042990,0.018328,-0.238359,-0.970052,0.896616,0.661522,0.045653,-0.024795,-0.035748,-0.069979,-0.996599,1.084727,0.533518,0.069096,0.001787,-0.006272,0.220685,0.975323,0.899190,0.576451,0.972466
1043,4.345833,0.042361,0.018003,-0.238594,-0.970028,0.896610,0.661503,0.045621,-0.026698,-0.029336,-0.068573,-0.996857,1.093903,0.537966,0.068348,0.001675,-0.006200,0.219725,0.975541,0.901448,0.577547,0.972367
1044,4.350000,0.042108,0.017780,-0.238626,-0.970035,0.896617,0.661465,0.045614,-0.028829,-0.022798,-0.067500,-0.997042,1.102969,0.542536,0.067701,0.001782,-0.005914,0.218802,0.975750,0.903660,0.578653,0.972204
1045,4.354167,0.040775,0.016948,-0.238519,-0.970133,0.896585,0.661395,0.045512,-0.030517,-0.016312,-0.066523,-0.997185,1.112057,0.546939,0.067140,0.001690,-0.005545,0.217918,0.975950,0.905905,0.579777,0.971979
1046,4.358333,0.040192,0.016448,-0.238675,-0.970128,0.896616,0.661367,0.045503,-0.032018,-0.008601,-0.065512,-0.997301,1.121074,0.551367,0.066576,0.001613,-0.005306,0.217098,0.976134,0.908153,0.580874,0.971835
1047,4.362500,0.039669,0.016282,-0.238883,-0.970101,0.896605,0.661377,0.045459,-0.032543,-0.001982,-0.064791,-0.997366,1.130032,0.555722,0.066097,0.001227,-0.004933,0.216272,0.976320,0.910367,0.581976,0.971649
1048,4.366667,0.039808,0.016541,-0.238955,-0.970073,0.896653,0.661370,0.045521,-0.034534,0.003900,-0.063868,-0.997353,1.138893,0.560078,0.065778,0.000937,-0.004745,0.215542,0.976483,0.912643,0.583047,0.971423
1049,4.370833,0.039745,0.016643,-0.238926,-0.970081,0.896701,0.661333,0.045537,-0.039468,0.007747,-0.062343,-0.997244,1.147610,0.564428,0.065663,0.000726,-0.004709,0.214863,0.976632,0.914916,0.584163,0.971184
1050,4.375000,0.039399,0.016310,-0.238988,-0.970086,0.896703,0.661307,0.045528,-0.042118,0.012006,-0.061757,-0.997130,1.156204,0.568727,0.065542,0.000736,-0.004329,0.214071,0.976808,0.917213,0.585221,0.970927
1051,4.379167,0.038924,0.016005,-0.239115,-0.970079,0.896713,0.661272,0.045500,-0.044889,0.017629,-0.061061,-0.996968,1.164841,0.572861,0.065446,0.000771,-0.004147,0.213353,0.976966,0.919563,0.586316,0.970742
1052,4.383333,0.038834,0.015227,-0.239127,-0.970092,0.896670,0.661175,0.045409,-0.047093,0.022080,-0.060281,-0.996826,1.173380,0.576874,0.065416,0.000816,-0.003804,0.212539,0.977145,0.921912,0.587382,0.970508
1053,4.387500,0.037958,0.015007,-0.239255,-0.970099,0.896757,0.661182,0.045410,-0.049067,0.026332,-0.059400,-0.996680,1.181805,0.580775,0.065448,0.000947,-0.003538,0.212015,0.977260,0.924239,0.588493,0.970284
1054,4.391667,0.037112,0.014104,-0.239239,-0.970149,0.896823,0.661163,0.045457,-0.050697,0.029864,-0.058476,-0.996553,1.190129,0.584581,0.065517,0.001019,-0.003192,0.211095,0.977460,0.926500,0.589555,0.970087
1055,4.395833,0.036621,0.013568,-0.239313,-0.970157,0.896852,0.661149,0.045456,-0.052548,0.033934,-0.057271,-0.996397,1.198354,0.588243,0.065681,0.001135,-0.002903,0.210454,0.977599,0.928860,0.590620,0.969863
1056,4.400000,0.036004,0.013137,-0.239289,-0.970192,0.896859,0.661076,0.045429,-0.055174,0.038029,-0.055772,-0.996192,1.206478,0.591798,0.065992,0.001151,-0.002613,0.209862,0.977727,0.931283,0.591694,0.969617
1057,4.404167,0.035903,0.012833,-0.239673,-0.970105,0.896832,0.661112,0.045403,-0.056779,0.041937,-0.053895,-0.996049,1.214443,0.595207,0.066349,0.001287,-0.002295,0.209290,0.977850,0.933670,0.592803,0.969345
1058,4.408333,0.035621,0.012493,-0.239961,-0.970048,0.896861,0.661074,0.045401,-0.059434,0.046945,-0.051819,-0.995780,1.222301,0.598501,0.066845,0.001316,-0.002125,0.208748,0.977966,0.936077,0.593848,0.969048
1059,4.412500,0.035449,0.012236,-0.240104,-0.970022,0.896887,0.661044,0.045416,-0.060896,0.051417,-0.049043,-0.995612,1.229908,0.601632,0.067395,0.001730,-0.001857,0.208209,0.978081,0.938416,0.594947,0.968821
1060,4.416667,0.035105,0.011782,-0.240149,-0.970030,0.896943,0.660966,0.045402,-0.063620,0.056821,-0.045927,-0.995296,1.237466,0.604604,0.068102,0.001871,-0.001595,0.207560,0.978219,0.940845,0.596028,0.968534
1061,4.420833,0.034654,0.011598,-0.240393,-0.969988,0.896958,0.661034,0.045412,-0.066263,0.062142,-0.042282,-0.994967,1.244771,0.607370,0.068928,0.002081,-0.001428,0.207020,0.978333,0.943341,0.597139,0.968232
1062,4.425000,0.034407,0.011371,-0.240451,-0.969985,0.896936,0.661056,0.045389,-0.068137,0.068039,-0.038208,-0.994620,1.251979,0.610035,0.069809,0.002420,-0.001165,0.206538,0.978435,0.945830,0.598278,0.967958
1063,4.429167,0.034249,0.010951,-0.240581,-0.969963,0.896943,0.661037,0.045383,-0.069923,0.073990,-0.033860,-0.994228,1.258987,0.612559,0.070712,0.002904,-0.000937,0.206076,0.978531,0.948294,0.599360,0.967636
1064,4.433333,0.034254,0.011023,-0.240841,-0.969897,0.896971,0.661014,0.045345,-0.071040,0.080006,-0.029142,-0.993833,1.265794,0.614894,0.071696,0.003153,-0.000925,0.205579,0.978635,0.950837,0.600476,0.967323
1065,4.437500,0.034035,0.010651,-0.241068,-0.969853,0.897005,0.660995,0.045354,-0.072745,0.085337,-0.023928,-0.993405,1.272430,0.617082,0.072724,0.003392,-0.000484,0.205046,0.978746,0.953274,0.601553,0.966982
1066,4.441667,0.033812,0.010184,-0.241287,-0.969811,0.897040,0.660989,0.045373,-0.074691,0.091140,-0.018788,-0.992855,1.278881,0.619165,0.073828,0.003891,-0.000017,0.204570,0.978844,0.955800,0.602702,0.966609
1067,4.445833,0.033646,0.009723,-0.241519,-0.969764,0.897066,0.660982,0.045395,-0.077407,0.097134,-0.013690,-0.992162,1.285134,0.621004,0.075014,0.004424,0.000318,0.204032,0.978954,0.958268,0.603769,0.966284
1068,4.450000,0.033428,0.009295,-0.241794,-0.969707,0.897100,0.660977,0.045413,-0.079088,0.101795,-0.007789,-0.991626,1.291228,0.622745,0.075999,0.004816,0.000383,0.203576,0.979047,0.960768,0.604863,0.965944
1069,4.454167,0.033229,0.008907,-0.242116,-0.969637,0.897133,0.660976,0.045439,-0.080079,0.107402,-0.001917,-0.990984,1.297600,0.623913,0.076936,0.005419,0.000623,0.203207,0.979121,0.963245,0.605959,0.965607
1070,4.458333,0.033081,0.008401,-0.242351,-0.969588,0.897168,0.660966,0.045462,-0.079634,0.112521,0.003785,-0.990446,1.303368,0.625227,0.077805,0.005843,0.000972,0.202663,0.979231,0.965780,0.607036,0.965284
1071,4.462500,0.032776,0.008190,-0.242602,-0.969537,0.897229,0.660986,0.045511,-0.082691,0.116609,0.009612,-0.989683,1.308937,0.626381,0.078873,0.006413,0.001332,0.202243,0.979313,0.968323,0.608116,0.964907
1072,4.466667,0.032610,0.007652,-0.242842,-0.969487,0.897275,0.660974,0.045544,-0.083427,0.120724,0.015704,-0.989050,1.314315,0.627402,0.079733,0.006625,0.001776,0.201888,0.979385,0.970914,0.609184,0.964443
1073,4.470833,0.032433,0.006981,-0.243088,-0.969437,0.897302,0.660956,0.045577,-0.085336,0.125191,0.021806,-0.988215,1.319480,0.628321,0.080552,0.006983,0.001983,0.201572,0.979447,0.973493,0.610271,0.964021
1074,4.475000,0.032004,0.005757,-0.243301,-0.969406,0.897338,0.660930,0.045612,-0.085519,0.129265,0.027906,-0.987521,1.324383,0.629004,0.081299,0.007530,0.002222,0.201183,0.979522,0.976064,0.611272,0.963682
1075,4.479167,0.031718,0.005108,-0.243593,-0.969345,0.897388,0.660922,0.045643,-0.087114,0.133054,0.034255,-0.986679,1.329029,0.629577,0.082043,0.008176,0.002528,0.200833,0.979588,0.978679,0.612349,0.963271
1076,4.483333,0.031404,0.004501,-0.243899,-0.969282,0.897444,0.660902,0.045683,-0.086910,0.136634,0.040619,-0.985966,1.333492,0.630108,0.082592,0.008804,0.002766,0.200490,0.979652,0.981357,0.613392,0.962860
1077,4.487500,0.030828,0.003595,-0.243990,-0.969281,0.897538,0.660816,0.045698,-0.088395,0.138844,0.047357,-0.985224,1.337708,0.630448,0.083067,0.009207,0.002887,0.200188,0.979710,0.984051,0.614366,0.962486
1078,4.491667,0.030405,0.002552,-0.244347,-0.969208,0.897601,0.660767,0.045729,-0.087704,0.141859,0.054089,-0.984509,1.341648,0.630760,0.083503,0.009714,0.003095,0.199765,0.979791,0.986695,0.615376,0.962101
1079,4.495833,0.030060,0.001649,-0.244795,-0.969107,0.897666,0.660738,0.045783,-0.088067,0.144404,0.060755,-0.983718,1.345328,0.630915,0.083790,0.010180,0.003249,0.199373,0.979865,0.989368,0.616350,0.961685
1080,4.500000,0.029611,0.000654,-0.245263,-0.969004,0.897747,0.660708,0.045844,-0.087597,0.146473,0.067653,-0.983003,1.348797,0.631009,0.083918,0.010591,0.003319,0.199188,0.979898,0.992089,0.617296,0.961292
1081,4.504167,0.029177,-0.000318,-0.245759,-0.968892,0.897832,0.660678,0.045918,-0.087336,0.148531,0.074622,-0.982213,1.351962,0.631036,0.083885,0.010911,0.003549,0.198893,0.979954,0.994827,0.618220,0.960870
1082,4.508333,0.028283,-0.001515,-0.246221,-0.968800,0.897951,0.660606,0.045897,-0.088383,0.149347,0.082127,-0.981396,1.354848,0.631027,0.083705,0.011479,0.003773,0.198504,0.980026,0.997568,0.619220,0.960499
1083,4.512500,0.027524,-0.002571,-0.246766,-0.968681,0.898059,0.660552,0.045905,-0.087819,0.150267,0.089677,-0.980646,1.357495,0.630949,0.083264,0.011958,0.004085,0.198385,0.980043,1.000330,0.620166,0.960102
1084,4.516667,0.026913,-0.003698,-0.247325,-0.968552,0.898139,0.660507,0.045952,-0.090105,0.151547,0.096941,-0.979550,1.359820,0.630843,0.082953,0.012427,0.004154,0.198212,0.980072,1.003193,0.621130,0.959649
1085,4.520833,0.026130,-0.004792,-0.247769,-0.968455,0.898229,0.660439,0.046017,-0.091003,0.151657,0.104238,-0.978700,1.361930,0.630682,0.082403,0.012774,0.004335,0.198034,0.980102,1.005967,0.622036,0.959281
1086,4.525000,0.025344,-0.005961,-0.248328,-0.968326,0.898338,0.660381,0.046059,-0.089873,0.149968,0.111580,-0.978255,1.363741,0.630426,0.081671,0.013200,0.004370,0.197831,0.980137,1.008812,0.622985,0.958897
1087,4.529167,0.024320,-0.007460,-0.249050,-0.968157,0.898456,0.660374,0.046056,-0.090475,0.149812,0.118000,-0.977470,1.365339,0.630175,0.080872,0.013439,0.004523,0.197751,0.980150,1.011717,0.623878,0.958497
1088,4.533333,0.023298,-0.008723,-0.249549,-0.968043,0.898585,0.660272,0.046119,-0.089794,0.149067,0.124165,-0.976882,1.366692,0.629909,0.079932,0.013403,0.004720,0.197667,0.980166,1.014604,0.624769,0.958129
1089,4.537500,0.022958,-0.009609,-0.250275,-0.967855,0.898705,0.660214,0.046229,-0.089377,0.148194,0.129413,-0.976372,1.367818,0.629639,0.078931,0.013797,0.004744,0.197583,0.980178,1.017502,0.625647,0.957810
1090,4.541667,0.023144,-0.010465,-0.250918,-0.967675,0.898808,0.660180,0.046346,-0.088856,0.147048,0.134251,-0.975940,1.368754,0.629353,0.077812,0.014105,0.004996,0.197601,0.980168,1.020373,0.626548,0.957490
1091,4.545833,0.023443,-0.011226,-0.251568,-0.967490,0.898896,0.660148,0.046467,-0.088674,0.144661,0.138424,-0.975730,1.369445,0.629053,0.076545,0.014086,0.005213,0.197600,0.980168,1.023320,0.627427,0.957099
1092,4.550000,0.024039,-0.011724,-0.252234,-0.967297,0.898976,0.660101,0.046636,-0.085975,0.140553,0.143012,-0.975910,1.369855,0.628704,0.075089,0.014423,0.005189,0.197451,0.980193,1.026340,0.628257,0.956765
1093,4.554167,0.024285,-0.012337,-0.252935,-0.967100,0.899063,0.660055,0.046788,-0.084052,0.137402,0.146317,-0.976037,1.370108,0.628431,0.073591,0.014362,0.004975,0.197488,0.980188,1.029354,0.629080,0.956485
1094,4.558333,0.024607,-0.012767,-0.253621,-0.966906,0.899150,0.660017,0.046945,-0.081281,0.134410,0.149758,-0.976166,1.370205,0.628279,0.071953,0.014420,0.005179,0.197560,0.980171,1.032361,0.629902,0.956141
1095,4.562500,0.025216,-0.013279,-0.254422,-0.966673,0.899249,0.659963,0.047109,-0.080383,0.130608,0.152948,-0.976262,1.370249,0.628075,0.070328,0.014469,0.005265,0.197631,0.980156,1.035391,0.630712,0.955807
1096,4.566667,0.026198,-0.013948,-0.255139,-0.966449,0.899357,0.659886,0.047277,-0.079667,0.126016,0.156586,-0.976347,1.370246,0.627801,0.068706,0.014233,0.005090,0.197459,0.980195,1.038485,0.631477,0.955573
1097,4.570833,0.026901,-0.014100,-0.255973,-0.966207,0.899473,0.659794,0.047398,-0.077901,0.120312,0.161307,-0.976441,1.370358,0.627637,0.067275,0.014372,0.005227,0.197516,0.980180,1.041633,0.632228,0.955218
1098,4.575000,0.027817,-0.015198,-0.256300,-0.966077,0.899586,0.659707,0.047623,-0.076179,0.112799,0.166939,-0.976527,1.370895,0.627402,0.065783,0.014306,0.005313,0.197603,0.980163,1.044705,0.633037,0.954903
1099,4.579167,0.028614,-0.016111,-0.256828,-0.965899,0.899698,0.659642,0.047818,-0.075507,0.104844,0.172813,-0.976444,1.371765,0.627080,0.064478,0.014082,0.005102,0.197603,0.980168,1.047906,0.633725,0.954619
1100,4.583333,0.028149,-0.018827,-0.257470,-0.965693,0.899829,0.659557,0.047778,-0.074182,0.097139,0.178828,-0.976259,1.372802,0.626557,0.063247,0.014134,0.005068,0.197698,0.980148,1.051115,0.634448,0.954257
1101,4.587500,0.028399,-0.020580,-0.257986,-0.965512,0.899931,0.659506,0.047959,-0.072805,0.090128,0.184030,-0.976068,1.373862,0.625968,0.062132,0.014271,0.004631,0.197579,0.980172,1.054281,0.635125,0.953924
1102,4.591667,0.028299,-0.022510,-0.258503,-0.965334,0.900036,0.659421,0.048157,-0.070352,0.083320,0.188907,-0.975921,1.374866,0.625270,0.061137,0.014085,0.004464,0.197459,0.980200,1.057494,0.635796,0.953687
1103,4.595833,0.028570,-0.024267,-0.258941,-0.965165,0.900141,0.659329,0.048433,-0.070113,0.080123,0.191676,-0.975666,1.375832,0.624748,0.060763,0.013682,0.004116,0.197391,0.980221,1.060681,0.636462,0.953487
1104,4.600000,0.029044,-0.026503,-0.259577,-0.964922,0.900232,0.659257,0.048750,-0.068467,0.076591,0.193677,-0.975672,1.376834,0.624292,0.060359,0.013455,0.003648,0.197037,0.980297,1.063907,0.637103,0.953279
1105,4.604167,0.029716,-0.028757,-0.260238,-0.964659,0.900353,0.659186,0.049115,-0.066109,0.073039,0.194897,-0.975864,1.377868,0.623950,0.059993,0.013065,0.003601,0.196770,0.980356,1.067160,0.637729,0.953098
1106,4.608333,0.030734,-0.030821,-0.260906,-0.964383,0.900470,0.659129,0.049497,-0.065227,0.069490,0.194901,-0.976181,1.378932,0.623844,0.059534,0.012733,0.003041,0.196568,0.980403,1.070432,0.638283,0.952986
1107,4.612500,0.031957,-0.032612,-0.261635,-0.964086,0.900582,0.659089,0.049886,-0.064080,0.064519,0.193893,-0.976799,1.379972,0.623968,0.058756,0.012177,0.002580,0.196004,0.980524,1.073706,0.638900,0.952957
1108,4.616667,0.032665,-0.034861,-0.262448,-0.963763,0.900706,0.659015,0.050227,-0.063429,0.058842,0.191881,-0.977597,1.380821,0.624290,0.057790,0.011330,0.002518,0.195379,0.980659,1.076972,0.639461,0.952916
1109,4.620833,0.033586,-0.037673,-0.263180,-0.963426,0.900827,0.658935,0.050637,-0.063266,0.053329,0.189265,-0.978434,1.381474,0.624774,0.056786,0.010585,0.002146,0.194811,0.980781,1.080221,0.640065,0.952967
1110,4.625000,0.034144,-0.040444,-0.263813,-0.963121,0.901001,0.658826,0.051109,-0.063159,0.048821,0.186170,-0.979269,1.381979,0.625373,0.055984,0.009696,0.001897,0.194058,0.980940,1.083529,0.640577,0.953015
1111,4.629167,0.035735,-0.043337,-0.264703,-0.962693,0.901162,0.658770,0.051653,-0.060755,0.043472,0.183117,-0.980249,1.382603,0.626089,0.055205,0.008698,0.001415,0.193313,0.981098,1.086807,0.641109,0.953154
1112,4.633333,0.037102,-0.044969,-0.265952,-0.962222,0.901289,0.658763,0.052332,-0.057270,0.040019,0.179840,-0.981212,1.383226,0.626822,0.054811,0.007882,0.000781,0.192416,0.981282,1.090105,0.641563,0.953415
1113,4.637500,0.038849,-0.048880,-0.266539,-0.961800,0.901458,0.658757,0.052720,-0.053446,0.037984,0.176672,-0.982083,1.383839,0.627513,0.054705,0.006860,0.000356,0.191368,0.981494,1.093427,0.642029,0.953651
1114,4.641667,0.040573,-0.052517,-0.267155,-0.961366,0.901626,0.658775,0.053296,-0.050130,0.036102,0.173283,-0.982933,1.384484,0.628238,0.054580,0.005713,-0.000320,0.190292,0.981711,1.096722,0.642404,0.953922
1115,4.645833,0.042039,-0.056387,-0.267823,-0.960898,0.901781,0.658808,0.053900,-0.046982,0.034220,0.169955,-0.983736,1.385084,0.628946,0.054423,0.004751,-0.000553,0.188996,0.981966,1.099985,0.642797,0.954216
1116,4.650000,0.043071,-0.060561,-0.268501,-0.960409,0.901974,0.658815,0.054501,-0.044624,0.032473,0.166729,-0.984457,1.385578,0.629603,0.054252,0.003636,-0.001284,0.187705,0.982218,1.103300,0.643120,0.954595
1117,4.654167,0.044324,-0.064706,-0.269031,-0.959933,0.902192,0.658822,0.055213,-0.044379,0.030892,0.163372,-0.985082,1.386021,0.630210,0.053982,0.002532,-0.001683,0.186195,0.982508,1.106621,0.643363,0.955050
1118,4.658333,0.044916,-0.069687,-0.269759,-0.959352,0.902405,0.658808,0.055861,-0.044624,0.028889,0.160021,-0.985681,1.386479,0.630833,0.053595,0.001551,-0.002452,0.184727,0.982786,1.109880,0.643588,0.955519
1119,4.662500,0.048075,-0.073691,-0.270703,-0.958634,0.902600,0.658874,0.056589,-0.044494,0.027012,0.157168,-0.986199,1.386869,0.631367,0.053236,0.000986,-0.002713,0.183126,0.983085,1.113173,0.643846,0.955998
1120,4.666667,0.050089,-0.078611,-0.271425,-0.957935,0.902850,0.658949,0.057374,-0.043116,0.025413,0.154613,-0.986707,1.387210,0.631851,0.052987,0.000381,-0.003420,0.181397,0.983404,1.116480,0.644002,0.956561
1121,4.670833,0.052622,-0.083422,-0.272529,-0.957079,0.903041,0.659051,0.058090,-0.042257,0.024322,0.152384,-0.987118,1.387500,0.632240,0.052823,-0.000120,-0.003984,0.179472,0.983755,1.119749,0.644177,0.957205
1122,4.675000,0.057331,-0.086085,-0.273602,-0.956266,0.903305,0.659114,0.059083,-0.040729,0.023243,0.150836,-0.987446,1.387715,0.632487,0.052686,-0.000635,-0.004599,0.177776,0.984060,1.123059,0.644289,0.957789
1123,4.679167,0.061571,-0.090924,-0.274805,-0.955209,0.903655,0.659174,0.059975,-0.039620,0.022333,0.149818,-0.987667,1.387846,0.632628,0.052580,-0.001436,-0.004900,0.175782,0.984416,1.126307,0.644391,0.958368
1124,4.683333,0.064424,-0.097551,-0.275804,-0.954079,0.903992,0.659241,0.060812,-0.038627,0.021457,0.149279,-0.987808,1.387926,0.632690,0.052478,-0.001647,-0.005295,0.173836,0.984759,1.129574,0.644435,0.958984
1125,4.687500,0.069104,-0.103618,-0.276763,-0.952833,0.904313,0.659339,0.061773,-0.037470,0.020514,0.149155,-0.987891,1.387988,0.632693,0.052356,-0.002123,-0.005559,0.171999,0.985079,1.132864,0.644497,0.959599
1126,4.691667,0.074151,-0.109025,-0.278198,-0.951431,0.904711,0.659476,0.062863,-0.036948,0.019552,0.149248,-0.987916,1.388075,0.632660,0.052189,-0.002304,-0.005696,0.170181,0.985394,1.136118,0.644607,0.960174
1127,4.695833,0.078743,-0.115043,-0.279581,-0.949947,0.905139,0.659623,0.063972,-0.036775,0.018583,0.149413,-0.987916,1.388169,0.632600,0.052005,-0.001937,-0.006048,0.168321,0.985712,1.139359,0.644629,0.960855
1128,4.700000,0.084380,-0.120765,-0.281039,-0.948321,0.905608,0.659811,0.065125,-0.036753,0.017694,0.149506,-0.987919,1.388250,0.632553,0.051835,-0.002117,-0.006229,0.166504,0.986019,1.142602,0.644624,0.961452
1129,4.704167,0.089129,-0.127456,-0.282375,-0.946613,0.906117,0.659924,0.066272,-0.036353,0.016726,0.149565,-0.987942,1.388317,0.632530,0.051680,-0.003141,-0.006894,0.164549,0.986340,1.145720,0.644783,0.961809
1130,4.708333,0.093310,-0.133729,-0.283513,-0.945003,0.906687,0.660148,0.067526,-0.035178,0.015856,0.149733,-0.987973,1.388372,0.632524,0.051579,-0.001288,-0.006101,0.162877,0.986627,1.148950,0.644804,0.962564
1131,4.712500,0.098174,-0.141180,-0.284584,-0.943102,0.907285,0.660308,0.068796,-0.033380,0.014923,0.149830,-0.988036,1.388419,0.632558,0.051497,-0.000758,-0.006594,0.161152,0.986907,1.152178,0.644699,0.963104
1132,4.716667,0.101930,-0.148770,-0.285516,-0.941253,0.907993,0.660527,0.070236,-0.031449,0.014065,0.149761,-0.988122,1.388485,0.632618,0.051416,-0.002034,-0.007227,0.159450,0.987177,1.155272,0.644804,0.963405
1133,4.720833,0.105842,-0.156794,-0.286738,-0.939146,0.908813,0.660719,0.071746,-0.029615,0.013219,0.149515,-0.988228,1.388585,0.632703,0.051329,-0.001293,-0.007648,0.157963,0.987415,1.158514,0.644752,0.963974
1134,4.725000,0.110468,-0.164436,-0.288185,-0.936860,0.909643,0.660898,0.073168,-0.028045,0.012270,0.149223,-0.988330,1.388690,0.632803,0.051224,-0.000440,-0.007250,0.156638,0.987629,1.161555,0.644741,0.964450
1135,4.729167,0.114613,-0.173437,-0.289501,-0.934330,0.910501,0.661062,0.074588,-0.027115,0.011406,0.148887,-0.988417,1.388786,0.632905,0.051093,0.000375,-0.006791,0.155043,0.987884,1.164699,0.644721,0.965096
1136,4.733333,0.119138,-0.182702,-0.291165,-0.931477,0.911500,0.661297,0.075883,-0.026642,0.010646,0.148544,-0.988490,1.388863,0.633028,0.050987,0.001063,-0.006602,0.153454,0.988133,1.167867,0.644620,0.965605
1137,4.737500,0.123310,-0.191894,-0.292619,-0.928626,0.912612,0.661551,0.077394,-0.025378,0.009463,0.148329,-0.988567,1.388907,0.633138,0.050853,0.002097,-0.006778,0.151900,0.988371,1.171018,0.644539,0.966038
1138,4.741667,0.125295,-0.202852,-0.293293,-0.925814,0.913939,0.661973,0.079137,-0.023783,0.008560,0.148286,-0.988621,1.388972,0.633281,0.050719,0.002847,-0.006751,0.150536,0.988577,1.174113,0.644468,0.966505
1139,4.745833,0.127639,-0.213139,-0.293933,-0.922975,0.915342,0.662365,0.080830,-0.021853,0.007584,0.148250,-0.988679,1.389038,0.633389,0.050614,0.003531,-0.006738,0.148931,0.988818,1.177186,0.644387,0.966872
1140,4.750000,0.131248,-0.223712,-0.294342,-0.919831,0.916833,0.662772,0.082468,-0.019858,0.006838,0.148170,-0.988739,1.389118,0.633493,0.050574,0.004287,-0.006954,0.147463,0.989034,1.180304,0.644206,0.967272
1141,4.754167,0.133046,-0.234980,-0.294596,-0.916677,0.918390,0.663298,0.084161,-0.018158,0.006093,0.148005,-0.988801,1.389214,0.633574,0.050537,0.005388,-0.007042,0.145821,0.989271,1.183330,0.644118,0.967595
1142,4.758333,0.135625,-0.245305,-0.294596,-0.913589,0.920029,0.663824,0.085735,-0.016869,0.005496,0.147897,-0.988844,1.389313,0.633666,0.050486,0.005920,-0.007025,0.144321,0.989488,1.186383,0.644006,0.967927
1143,4.762500,0.134800,-0.256831,-0.294191,-0.910669,0.921831,0.664650,0.087650,-0.016213,0.004935,0.147758,-0.988878,1.389379,0.633753,0.050424,0.006589,-0.007146,0.143039,0.989669,1.189354,0.643929,0.968106
1144,4.766667,0.136529,-0.267349,-0.294044,-0.907426,0.923780,0.665572,0.089457,-0.015785,0.004398,0.147626,-0.988908,1.389421,0.633845,0.050357,0.006968,-0.007440,0.141389,0.989902,1.192354,0.643763,0.968344
1145,4.770833,0.138438,-0.277221,-0.294137,-0.904139,0.925846,0.666646,0.091250,-0.015330,0.003992,0.147526,-0.988931,1.389457,0.633939,0.050315,0.007031,-0.007816,0.140027,0.990092,1.195263,0.643630,0.968493
1146,4.775000,0.139669,-0.287194,-0.293725,-0.900965,0.928010,0.667705,0.093121,-0.015160,0.003723,0.147565,-0.988929,1.389502,0.633998,0.050254,0.006888,-0.007967,0.138443,0.990314,1.198185,0.643481,0.968588
1147,4.779167,0.140878,-0.297220,-0.293214,-0.897686,0.930268,0.668833,0.094970,-0.014450,0.003437,0.147539,-0.988945,1.389551,0.634036,0.050228,0.008054,-0.008362,0.136344,0.990594,1.201152,0.643316,0.968789
1148,4.783333,0.141269,-0.307467,-0.291904,-0.894594,0.932567,0.670119,0.096926,-0.013749,0.003229,0.147612,-0.988945,1.389617,0.634049,0.050197,0.008084,-0.008525,0.134639,0.990825,1.204085,0.643150,0.968921
1149,4.787500,0.145797,-0.319631,-0.291204,-0.889820,0.934967,0.671412,0.098503,-0.012999,0.002943,0.147674,-0.988946,1.389670,0.634058,0.050153,0.008249,-0.008645,0.132882,0.991060,1.206915,0.643082,0.968995
1150,4.791667,0.146516,-0.328171,-0.290427,-0.886842,0.937499,0.672882,0.100649,-0.012271,0.002621,0.147639,-0.988962,1.389704,0.634075,0.050118,0.008420,-0.008529,0.131078,0.991300,1.209683,0.642957,0.969120
1151,4.795833,0.148304,-0.335659,-0.289168,-0.884150,0.940245,0.674223,0.102889,-0.012148,0.002318,0.147540,-0.988979,1.389717,0.634094,0.050069,0.008565,-0.008594,0.129392,0.991519,1.212399,0.642853,0.969246
1152,4.800000,0.149116,-0.342938,-0.287769,-0.881673,0.943092,0.675700,0.105228,-0.011840,0.002068,0.147385,-0.989006,1.389728,0.634121,0.050042,0.009299,-0.008306,0.127599,0.991747,1.215111,0.642780,0.969284
1153,4.804167,0.149320,-0.349661,-0.286635,-0.879364,0.946019,0.677235,0.107609,-0.011576,0.001861,0.147277,-0.989026,1.389740,0.634129,0.050023,0.009628,-0.008366,0.125504,0.992011,1.217806,0.642648,0.969422
1154,4.808333,0.143001,-0.352812,-0.284641,-0.879803,0.949077,0.678950,0.110357,-0.011138,0.001864,0.147173,-0.989046,1.389766,0.634126,0.050038,0.009483,-0.008318,0.123494,0.992265,1.220523,0.642567,0.969444
1155,4.812500,0.144006,-0.357993,-0.283595,-0.877882,0.952240,0.680522,0.112876,-0.010754,0.001843,0.147073,-0.989066,1.389808,0.634115,0.050029,0.009271,-0.008518,0.121530,0.992508,1.223150,0.642512,0.969527
1156,4.816667,0.143304,-0.363374,-0.283163,-0.875923,0.955488,0.682328,0.115249,-0.010733,0.001655,0.147080,-0.989065,1.389866,0.634087,0.049964,0.009028,-0.008606,0.119435,0.992764,1.225762,0.642418,0.969549
1157,4.820833,0.142585,-0.368661,-0.282371,-0.874085,0.958895,0.684140,0.117595,-0.010633,0.001278,0.147066,-0.989069,1.389908,0.634068,0.049894,0.008544,-0.008666,0.117389,0.993011,1.228352,0.642288,0.969573
1158,4.825000,0.141963,-0.372991,-0.282360,-0.872352,0.962443,0.686113,0.119830,-0.010087,0.000818,0.147033,-0.989080,1.389944,0.634064,0.049811,0.008113,-0.008876,0.115249,0.993264,1.230928,0.642237,0.969541
1159,4.829167,0.141903,-0.376028,-0.282761,-0.870926,0.966205,0.688197,0.122099,-0.009314,0.000519,0.147046,-0.989086,1.389963,0.634058,0.049807,0.007531,-0.008935,0.113052,0.993520,1.233564,0.642167,0.969485
1160,4.833333,0.139921,-0.378919,-0.282617,-0.870040,0.970083,0.690446,0.124074,-0.008936,0.000473,0.146979,-0.989099,1.389983,0.634050,0.049823,0.006939,-0.009122,0.110823,0.993774,1.236186,0.642139,0.969457
1161,4.837500,0.139020,-0.380270,-0.282723,-0.869561,0.974194,0.692747,0.126038,-0.008691,0.000297,0.146795,-0.989129,1.390018,0.634022,0.049822,0.006361,-0.009173,0.108560,0.994027,1.238711,0.642071,0.969455
1162,4.841667,0.137727,-0.380993,-0.282496,-0.869524,0.978520,0.695162,0.127887,-0.008842,0.000142,0.146703,-0.989141,1.390047,0.633998,0.049804,0.005921,-0.009376,0.106408,0.994261,1.241352,0.642028,0.969384
1163,4.845833,0.135702,-0.381133,-0.281402,-0.870135,0.983100,0.697716,0.129594,-0.009016,0.000054,0.146664,-0.989145,1.390073,0.633967,0.049791,0.005427,-0.009625,0.104196,0.994495,1.243910,0.641999,0.969391
1164,4.850000,0.133577,-0.381560,-0.279217,-0.870981,0.987876,0.700316,0.131065,-0.009109,-0.000054,0.146645,-0.989147,1.390086,0.633940,0.049781,0.005042,-0.009601,0.101755,0.994750,1.246448,0.642005,0.969335
1165,4.854167,0.131586,-0.381576,-0.277053,-0.871967,0.992876,0.702999,0.132375,-0.009226,-0.000042,0.146655,-0.989145,1.390109,0.633918,0.049773,0.004720,-0.009739,0.099492,0.994980,1.248990,0.641952,0.969366
1166,4.858333,0.130606,-0.380726,-0.274835,-0.873187,0.998108,0.705690,0.133568,-0.008547,-0.000213,0.146608,-0.989158,1.390129,0.633910,0.049765,0.004674,-0.009818,0.097275,0.995198,1.251490,0.641957,0.969372
1167,4.862500,0.127975,-0.380525,-0.271912,-0.874578,1.003364,0.708475,0.134465,-0.008370,-0.000136,0.146615,-0.989158,1.390152,0.633915,0.049753,0.004400,-0.009924,0.095052,0.995413,1.254028,0.641935,0.969375
1168,4.866667,0.127143,-0.379398,-0.268991,-0.876091,1.008846,0.711201,0.135295,-0.006535,-0.000610,0.146561,-0.989180,1.390179,0.633911,0.049756,0.004679,-0.010005,0.092643,0.995638,1.256568,0.641905,0.969459
1169,4.870833,0.127125,-0.377479,-0.266594,-0.877654,1.014562,0.713983,0.135959,-0.005122,-0.001192,0.146662,-0.989173,1.390218,0.633896,0.049717,0.004599,-0.010662,0.090366,0.995841,1.259050,0.641957,0.969625
1170,4.875000,0.126750,-0.375475,-0.263428,-0.879522,1.020342,0.716859,0.136477,-0.005067,-0.001599,0.146809,-0.989151,1.390254,0.633867,0.049719,0.005093,-0.010732,0.087987,0.996051,1.261434,0.641881,0.969806
1171,4.879167,0.126258,-0.372546,-0.260395,-0.881738,1.026290,0.719809,0.136767,-0.004975,-0.001811,0.146826,-0.989148,1.390295,0.633821,0.049681,0.005675,-0.010599,0.085644,0.996253,1.263874,0.641866,0.969893
1172,4.883333,0.125226,-0.369423,-0.257086,-0.884167,1.032410,0.722790,0.136928,-0.005248,-0.001963,0.146857,-0.989142,1.390305,0.633774,0.049678,0.005957,-0.010787,0.083339,0.996445,1.266335,0.641850,0.970053
1173,4.887500,0.123824,-0.366095,-0.253484,-0.886785,1.038644,0.725839,0.136953,-0.006064,-0.001824,0.146887,-0.989133,1.390324,0.633715,0.049684,0.006824,-0.010729,0.080887,0.996642,1.268692,0.641803,0.970197
1174,4.891667,0.123223,-0.362138,-0.250387,-0.889370,1.044992,0.728891,0.136807,-0.006784,-0.001564,0.146889,-0.989129,1.390310,0.633660,0.049743,0.007434,-0.010645,0.078515,0.996828,1.271043,0.641802,0.970428
1175,4.895833,0.121770,-0.358212,-0.246479,-0.892247,1.051563,0.732158,0.136596,-0.006833,-0.001381,0.146940,-0.989121,1.390326,0.633617,0.049792,0.007865,-0.010924,0.076102,0.997009,1.273368,0.641796,0.970691
1176,4.900000,0.119852,-0.353510,-0.242183,-0.895552,1.058198,0.735416,0.136209,-0.007109,-0.001320,0.147030,-0.989106,1.390336,0.633561,0.049803,0.008350,-0.010863,0.073692,0.997187,1.275769,0.641822,0.970907
1177,4.904167,0.117846,-0.348782,-0.237943,-0.898803,1.064977,0.738780,0.135665,-0.007428,-0.001547,0.147191,-0.989079,1.390340,0.633500,0.049789,0.008913,-0.010596,0.071268,0.997361,1.278049,0.641816,0.971106
1178,4.908333,0.116321,-0.343273,-0.233886,-0.902181,1.071983,0.742063,0.135107,-0.007666,-0.001376,0.147261,-0.989067,1.390356,0.633442,0.049815,0.009803,-0.010707,0.068736,0.997529,1.280285,0.641784,0.971391
1179,4.912500,0.114369,-0.338190,-0.228867,-0.905631,1.079007,0.745508,0.134167,-0.008108,-0.001554,0.147465,-0.989033,1.390361,0.633392,0.049798,0.010449,-0.010951,0.066312,0.997684,1.282619,0.641813,0.971622
1180,4.916667,0.111910,-0.333028,-0.223489,-0.909187,1.086234,0.748974,0.133345,-0.008620,-0.001238,0.147688,-0.988996,1.390376,0.633351,0.049816,0.011295,-0.010772,0.063751,0.997844,1.284823,0.641863,0.971870
1181,4.920833,0.110486,-0.326683,-0.219469,-0.912636,1.093451,0.752382,0.132291,-0.008946,-0.001714,0.147666,-0.988995,1.390383,0.633248,0.049831,0.011698,-0.010739,0.061181,0.998000,1.287004,0.641870,0.972150
1182,4.925000,0.108576,-0.320148,-0.214651,-0.916320,1.100964,0.755879,0.131149,-0.009521,-0.001687,0.147846,-0.988963,1.390367,0.633171,0.049835,0.012266,-0.010833,0.058489,0.998154,1.289178,0.641963,0.972438
1183,4.929167,0.111544,-0.312408,-0.210377,-0.919620,1.108794,0.759158,0.130055,-0.009877,-0.001186,0.147932,-0.988948,1.390349,0.633106,0.049827,0.012738,-0.010617,0.055897,0.998299,1.291313,0.642037,0.972751
1184,4.933333,0.109368,-0.306688,-0.205053,-0.923003,1.116538,0.762670,0.128636,-0.010555,-0.001081,0.147993,-0.988931,1.390344,0.633025,0.049840,0.013231,-0.010590,0.053151,0.998443,1.293440,0.642113,0.973012
1185,4.937500,0.108085,-0.300132,-0.200214,-0.926365,1.124252,0.766183,0.127098,-0.011034,-0.001165,0.148166,-0.988900,1.390343,0.632949,0.049854,0.013800,-0.010475,0.050587,0.998569,1.295557,0.642196,0.973286
1186,4.941667,0.104562,-0.293027,-0.194816,-0.930188,1.132172,0.769810,0.125584,-0.011517,-0.001226,0.148382,-0.988862,1.390346,0.632876,0.049866,0.013000,-0.010111,0.047317,0.998744,1.297924,0.642305,0.973306
1187,4.945833,0.101950,-0.286758,-0.189696,-0.933483,1.140341,0.773531,0.124172,-0.011769,-0.001432,0.148577,-0.988830,1.390342,0.632807,0.049853,0.012889,-0.009783,0.044548,0.998876,1.299976,0.642388,0.973610
1188,4.950000,0.099013,-0.280618,-0.184134,-0.936773,1.148373,0.777215,0.122662,-0.011964,-0.001812,0.148873,-0.988782,1.390335,0.632724,0.049809,0.013080,-0.009441,0.041777,0.998997,1.301986,0.642487,0.973858
1189,4.954167,0.096999,-0.272427,-0.179854,-0.940227,1.156573,0.780970,0.121018,-0.011931,-0.002093,0.149082,-0.988751,1.390340,0.632657,0.049800,0.013415,-0.009235,0.038967,0.999108,1.304044,0.642635,0.974047
1190,4.958333,0.095292,-0.264307,-0.175120,-0.943607,1.164896,0.784470,0.118991,-0.012314,-0.002106,0.149328,-0.988709,1.390347,0.632595,0.049815,0.013829,-0.009007,0.036252,0.999206,1.306104,0.642824,0.974209
1191,4.962500,0.091552,-0.257215,-0.169026,-0.947042,1.173257,0.788112,0.117180,-0.013111,-0.001724,0.149548,-0.988666,1.390327,0.632508,0.049886,0.014058,-0.008710,0.033468,0.999303,1.308076,0.642998,0.974524
1192,4.966667,0.088942,-0.250810,-0.163781,-0.949926,1.181792,0.791727,0.115321,-0.012933,-0.002257,0.149780,-0.988632,1.390356,0.632488,0.049825,0.014374,-0.008126,0.030540,0.999397,1.310085,0.643159,0.974697
1193,4.970833,0.084079,-0.245035,-0.156606,-0.953081,1.190299,0.795122,0.113397,-0.013703,-0.002007,0.150257,-0.988550,1.390365,0.632445,0.049842,0.014733,-0.007548,0.027777,0.999477,1.312070,0.643353,0.974854
1194,4.975000,0.085350,-0.236219,-0.152435,-0.955866,1.199135,0.798908,0.111710,-0.013005,-0.002620,0.150270,-0.988556,1.390352,0.632391,0.049774,0.015079,-0.007312,0.024893,0.999550,1.314022,0.643561,0.975108
1195,4.979167,0.083130,-0.229168,-0.146245,-0.958741,1.207866,0.802358,0.109696,-0.014316,-0.002107,0.150637,-0.988483,1.390396,0.632403,0.049866,0.015183,-0.006564,0.022010,0.999621,1.315885,0.643779,0.975354
1196,4.983333,0.079848,-0.222107,-0.139205,-0.961725,1.216727,0.805756,0.107788,-0.014148,-0.002504,0.150882,-0.988447,1.390390,0.632329,0.049857,0.015454,-0.006042,0.019120,0.999680,1.317847,0.643976,0.975437
1197,4.987500,0.077887,-0.214550,-0.132252,-0.964578,1.225714,0.809089,0.105957,-0.014272,-0.002628,0.151132,-0.988407,1.390393,0.632286,0.049865,0.015917,-0.005508,0.016151,0.999728,1.319797,0.644232,0.975586
1198,4.991667,0.074879,-0.208078,-0.124354,-0.967281,1.234702,0.812271,0.103862,-0.014277,-0.002892,0.151444,-0.988358,1.390398,0.632257,0.049839,0.015954,-0.004825,0.013087,0.999776,1.321657,0.644483,0.975780
1199,4.995833,0.072580,-0.200971,-0.116008,-0.969992,1.243729,0.815418,0.101985,-0.014969,-0.002335,0.151746,-0.988304,1.390413,0.632210,0.049914,0.016160,-0.004039,0.010101,0.999810,1.323596,0.644750,0.975879
1200,5.000000,0.070464,-0.194444,-0.107815,-0.972421,1.252878,0.818463,0.100148,-0.014982,-0.002399,0.152025,-0.988260,1.390419,0.632179,0.049919,0.016458,-0.003477,0.007035,0.999834,1.325486,0.644960,0.976016
1201,5.004167,0.069351,-0.187032,-0.099477,-0.974840,1.261967,0.821400,0.098271,-0.015195,-0.002659,0.152270,-0.988218,1.390429,0.632150,0.049886,0.016730,-0.002985,0.004041,0.999847,1.327361,0.645231,0.976096
1202,5.008333,0.067842,-0.180284,-0.090325,-0.977106,1.271110,0.824116,0.096434,-0.014795,-0.002687,0.152558,-0.988180,1.390432,0.632123,0.049889,0.016681,-0.002440,0.001197,0.999857,1.329233,0.645476,0.976158
1203,5.012500,0.063315,-0.174548,-0.080321,-0.979323,1.280323,0.826554,0.094447,-0.015102,-0.002139,0.153007,-0.988108,1.390459,0.632099,0.049894,0.016852,-0.002086,-0.001787,0.999854,1.331107,0.645707,0.976243
1204,5.016667,0.060959,-0.167779,-0.071104,-0.981366,1.289422,0.829241,0.092686,-0.015311,-0.002341,0.153434,-0.988037,1.390447,0.632080,0.049909,0.016952,-0.001222,-0.004845,0.999844,1.332967,0.645967,0.976324
1205,5.020833,0.057609,-0.161069,-0.062321,-0.983288,1.298407,0.832257,0.091009,-0.015389,-0.002437,0.153601,-0.988010,1.390460,0.632070,0.049882,0.017259,-0.000933,-0.007829,0.999820,1.334800,0.646224,0.976352
1206,5.025000,0.054443,-0.154821,-0.053304,-0.985000,1.307527,0.834966,0.089314,-0.014411,-0.003270,0.154035,-0.987955,1.390453,0.632033,0.049828,0.017443,-0.000374,-0.010712,0.999790,1.336624,0.646502,0.976418
1207,5.029167,0.053643,-0.147911,-0.044610,-0.986537,1.316773,0.837456,0.087850,-0.013694,-0.003951,0.154280,-0.987924,1.390435,0.632007,0.049731,0.017491,0.000542,-0.013630,0.999754,1.338424,0.646787,0.976474
1208,5.033333,0.052273,-0.141496,-0.036101,-0.987898,1.325951,0.839860,0.086321,-0.013980,-0.003914,0.154544,-0.987879,1.390452,0.632017,0.049741,0.017933,0.001138,-0.016684,0.999699,1.340257,0.647038,0.976550
1209,5.037500,0.050315,-0.134911,-0.027716,-0.989191,1.335074,0.842215,0.084769,-0.013803,-0.003992,0.154807,-0.987840,1.390464,0.632015,0.049735,0.018277,0.001547,-0.019565,0.999640,1.342058,0.647340,0.976625
1210,5.041667,0.049120,-0.128959,-0.019499,-0.990241,1.344223,0.844487,0.083444,-0.013866,-0.004052,0.155095,-0.987794,1.390474,0.631991,0.049739,0.018274,0.002331,-0.022421,0.999579,1.343852,0.647622,0.976685
1211,5.045833,0.047720,-0.122841,-0.011253,-0.991215,1.353361,0.846651,0.082124,-0.013640,-0.004162,0.155488,-0.987735,1.390502,0.631982,0.049718,0.018555,0.002839,-0.025276,0.999504,1.345657,0.647921,0.976696
1212,5.050000,0.045760,-0.116721,-0.003339,-0.992104,1.362441,0.848815,0.080871,-0.012714,-0.004090,0.156148,-0.987643,1.390568,0.631981,0.049678,0.018571,0.003614,-0.028190,0.999424,1.347415,0.648207,0.976757
1213,5.054167,0.043985,-0.110370,0.004718,-0.992906,1.371551,0.850844,0.079718,-0.013240,-0.004348,0.156002,-0.987658,1.390499,0.631974,0.049706,0.018701,0.003989,-0.031255,0.999329,1.349234,0.648439,0.976822
1214,5.058333,0.043061,-0.104133,0.012630,-0.993550,1.380615,0.852722,0.078642,-0.013067,-0.004466,0.156265,-0.987619,1.390499,0.631966,0.049713,0.018566,0.004394,-0.034030,0.999239,1.350963,0.648778,0.976868
1215,5.062500,0.041229,-0.098077,0.020501,-0.994113,1.389653,0.854587,0.077649,-0.012933,-0.004628,0.156419,-0.987595,1.390488,0.631949,0.049753,0.018557,0.004936,-0.036875,0.999135,1.352734,0.649106,0.976849
1216,5.066667,0.039700,-0.092066,0.027731,-0.994575,1.398648,0.856381,0.076759,-0.013110,-0.005047,0.156691,-0.987548,1.390497,0.631941,0.049700,0.018843,0.005405,-0.039766,0.999017,1.354473,0.649461,0.976820
1217,5.070833,0.038028,-0.086433,0.035110,-0.994912,1.407581,0.858115,0.075919,-0.012686,-0.005326,0.157073,-0.987491,1.390524,0.631935,0.049662,0.018740,0.005703,-0.042525,0.998903,1.356208,0.649790,0.976874
1218,5.075000,0.036187,-0.080520,0.042491,-0.995189,1.416440,0.859729,0.075154,-0.012671,-0.005392,0.157371,-0.987444,1.390558,0.631962,0.049658,0.019098,0.006075,-0.045379,0.998769,1.358062,0.650070,0.976912
1219,5.079167,0.033438,-0.074582,0.049821,-0.995408,1.425277,0.861283,0.074520,-0.011750,-0.005228,0.157403,-0.987451,1.390536,0.631999,0.049650,0.019197,0.006599,-0.048139,0.998634,1.359754,0.650404,0.976927
1220,5.083333,0.030249,-0.068784,0.057772,-0.995498,1.433921,0.862823,0.073802,-0.011407,-0.005317,0.157675,-0.987411,1.390545,0.632001,0.049646,0.019498,0.006888,-0.050824,0.998494,1.361580,0.650737,0.976916
1221,5.087500,0.025839,-0.062756,0.065975,-0.995511,1.442457,0.864221,0.073154,-0.010924,-0.005599,0.158045,-0.987356,1.390571,0.632018,0.049612,0.019527,0.007046,-0.053461,0.998354,1.363351,0.651058,0.976963
1222,5.091667,0.023582,-0.057345,0.073481,-0.995367,1.451089,0.865315,0.072720,-0.010566,-0.005878,0.158771,-0.987241,1.390628,0.632020,0.049557,0.019716,0.007338,-0.056146,0.998201,1.365107,0.651398,0.976941
1223,5.095833,0.019759,-0.051623,0.081347,-0.995152,1.459472,0.866459,0.072342,-0.010437,-0.005994,0.158749,-0.987246,1.390544,0.632010,0.049555,0.019673,0.007600,-0.058688,0.998054,1.366874,0.651747,0.976936
1224,5.100000,0.018094,-0.046690,0.089167,-0.994757,1.467785,0.867341,0.072038,-0.010399,-0.006097,0.158954,-0.987212,1.390557,0.632015,0.049527,0.019786,0.007570,-0.061432,0.997887,1.368665,0.652067,0.976926
1225,5.104167,0.018618,-0.042418,0.096409,-0.994263,1.476062,0.867987,0.071933,-0.009725,-0.006808,0.159153,-0.987183,1.390495,0.632051,0.049546,0.019629,0.007870,-0.064130,0.997717,1.370419,0.652414,0.976891
1226,5.108333,0.017778,-0.038429,0.103720,-0.993705,1.484212,0.868346,0.071924,-0.009556,-0.006906,0.159367,-0.987149,1.390554,0.632056,0.049538,0.019623,0.007970,-0.066614,0.997554,1.372210,0.652743,0.976892
1227,5.112500,0.016686,-0.034241,0.111820,-0.992998,1.492033,0.868743,0.071788,-0.010029,-0.006879,0.159831,-0.987069,1.390531,0.632051,0.049456,0.019730,0.007986,-0.069153,0.997379,1.373999,0.653037,0.976932
1228,5.116667,0.015057,-0.030374,0.120320,-0.992156,1.499695,0.869007,0.071712,-0.009943,-0.007043,0.160186,-0.987012,1.390521,0.632048,0.049445,0.019857,0.008072,-0.071786,0.997190,1.375782,0.653415,0.976845
1229,5.120833,0.013224,-0.026339,0.129285,-0.991169,1.507147,0.869152,0.071728,-0.009645,-0.007242,0.160555,-0.986953,1.390527,0.632049,0.049429,0.019801,0.007969,-0.074261,0.997010,1.377564,0.653729,0.976806
1230,5.125000,0.012720,-0.022926,0.138154,-0.990064,1.514447,0.869049,0.071726,-0.009370,-0.007312,0.160927,-0.986895,1.390539,0.632061,0.049411,0.019463,0.007697,-0.076786,0.996828,1.379374,0.654074,0.976722
1231,5.129167,0.012635,-0.019529,0.147257,-0.988825,1.521512,0.868833,0.071699,-0.009096,-0.007495,0.161301,-0.986835,1.390548,0.632065,0.049402,0.019723,0.007825,-0.079446,0.996613,1.381135,0.654403,0.976691
1232,5.133333,0.012229,-0.017769,0.156499,-0.987442,1.528310,0.868527,0.071602,-0.008811,-0.007707,0.161608,-0.986786,1.390550,0.632083,0.049393,0.019886,0.007557,-0.082011,0.996404,1.382957,0.654727,0.976649
1233,5.137500,0.012208,-0.014837,0.165509,-0.986021,1.534957,0.868156,0.071652,-0.008582,-0.007797,0.161915,-0.986737,1.390548,0.632101,0.049375,0.019546,0.007747,-0.084500,0.996202,1.384712,0.655076,0.976623
1234,5.141667,0.012914,-0.012465,0.174770,-0.984446,1.541342,0.867638,0.071692,-0.008279,-0.007890,0.162324,-0.986671,1.390528,0.632112,0.049365,0.019654,0.007598,-0.087024,0.995983,1.386531,0.655403,0.976567
1235,5.145833,0.013346,-0.010278,0.184561,-0.982677,1.547413,0.867134,0.071667,-0.007888,-0.008227,0.162696,-0.986610,1.390525,0.632116,0.049356,0.019744,0.007347,-0.089546,0.995760,1.388353,0.655743,0.976526
1236,5.150000,0.015309,-0.009049,0.194119,-0.980817,1.553345,0.866414,0.071700,-0.007580,-0.008427,0.162938,-0.986571,1.390543,0.632135,0.049340,0.019562,0.007563,-0.092051,0.995534,1.390135,0.656076,0.976485
1237,5.154167,0.015453,-0.007866,0.204347,-0.978745,1.558952,0.865680,0.071603,-0.007109,-0.008574,0.163198,-0.986530,1.390524,0.632154,0.049326,0.019486,0.007527,-0.094702,0.995286,1.391890,0.656426,0.976451
1238,5.158333,0.017092,-0.007649,0.214336,-0.976581,1.564337,0.864852,0.071519,-0.006892,-0.008608,0.163403,-0.986498,1.390542,0.632173,0.049319,0.019157,0.007385,-0.097272,0.995046,1.393686,0.656753,0.976378
1239,5.162500,0.017587,-0.007523,0.224512,-0.974284,1.569496,0.863978,0.071372,-0.006685,-0.008746,0.163666,-0.986454,1.390550,0.632190,0.049310,0.019033,0.007253,-0.099995,0.994780,1.395446,0.657052,0.976394
1240,5.166667,0.018116,-0.007026,0.234407,-0.971945,1.574409,0.863121,0.071231,-0.006396,-0.009204,0.164111,-0.986378,1.390542,0.632209,0.049286,0.019128,0.007184,-0.102645,0.994508,1.397215,0.657375,0.976376
1241,5.170833,0.019196,-0.007471,0.244253,-0.969493,1.579088,0.862186,0.071068,-0.005924,-0.009609,0.164201,-0.986362,1.390505,0.632249,0.049263,0.018958,0.006873,-0.105231,0.994243,1.399016,0.657719,0.976315
1242,5.175000,0.015388,-0.005241,0.256465,-0.966417,1.583221,0.861802,0.070308,-0.005484,-0.009521,0.164110,-0.986381,1.390457,0.632284,0.049262,0.018762,0.006606,-0.107819,0.993972,1.400786,0.658097,0.976247
1243,5.179167,0.017286,-0.006351,0.266100,-0.963770,1.587434,0.861015,0.070105,-0.005795,-0.009592,0.164602,-0.986296,1.390465,0.632269,0.049285,0.018558,0.006448,-0.110456,0.993687,1.402545,0.658470,0.976190
1244,5.183333,0.018026,-0.008057,0.275596,-0.961071,1.591419,0.860167,0.069789,-0.005557,-0.009687,0.165416,-0.986161,1.390559,0.632232,0.049293,0.018273,0.006258,-0.113019,0.993405,1.404301,0.658843,0.976120
1245,5.187500,0.019091,-0.010240,0.284455,-0.958445,1.595161,0.859413,0.069359,-0.005304,-0.009980,0.166024,-0.986057,1.390616,0.632239,0.049289,0.017726,0.006066,-0.115583,0.993121,1.406042,0.659240,0.976071
1246,5.191667,0.019867,-0.013206,0.292964,-0.955826,1.598693,0.858698,0.068924,-0.004885,-0.010395,0.166364,-0.985998,1.390642,0.632268,0.049281,0.017304,0.006070,-0.118081,0.992835,1.407806,0.659634,0.975940
1247,5.195833,0.021036,-0.016261,0.300905,-0.953283,1.602031,0.858131,0.068373,-0.004587,-0.010692,0.166640,-0.985949,1.390666,0.632296,0.049278,0.015582,0.004671,-0.121508,0.992457,1.409699,0.660066,0.975595
1248,5.200000,0.021615,-0.021160,0.308367,-0.950786,1.605212,0.857495,0.067876,-0.004273,-0.010897,0.166840,-0.985914,1.390689,0.632325,0.049272,0.014682,0.004618,-0.124161,0.992143,1.411505,0.660490,0.975393
1249,5.204167,0.024416,-0.025428,0.314531,-0.948592,1.608147,0.856864,0.067095,-0.004210,-0.011024,0.167110,-0.985868,1.390702,0.632349,0.049253,0.013884,0.004527,-0.126945,0.991802,1.413300,0.660881,0.975286
1250,5.208333,0.026742,-0.030743,0.320854,-0.946252,1.610858,0.856257,0.066155,-0.003912,-0.011114,0.167477,-0.985806,1.390720,0.632386,0.049253,0.013642,0.004553,-0.129521,0.991472,1.415112,0.661278,0.975180
1251,5.212500,0.027163,-0.037455,0.327574,-0.943692,1.613274,0.855679,0.065168,-0.003403,-0.011444,0.167770,-0.985754,1.390743,0.632413,0.049278,0.013325,0.004660,-0.132055,0.991142,1.416907,0.661635,0.975131
1252,5.216667,0.028965,-0.044280,0.334044,-0.941071,1.615485,0.855163,0.064027,-0.002825,-0.011723,0.168035,-0.985707,1.390775,0.632430,0.049294,0.012904,0.004385,-0.134636,0.990802,1.418757,0.662050,0.975001
1253,5.220833,0.029351,-0.052128,0.339162,-0.938824,1.617622,0.854768,0.062906,-0.002660,-0.011814,0.168329,-0.985656,1.390815,0.632450,0.049279,0.012351,0.004202,-0.137322,0.990441,1.420559,0.662473,0.974913
1254,5.225000,0.027746,-0.058899,0.343092,-0.937043,1.619497,0.854526,0.061745,-0.002528,-0.011955,0.168640,-0.985602,1.390838,0.632465,0.049274,0.012015,0.004037,-0.140000,0.990070,1.422356,0.662836,0.974853
1255,5.229167,0.026216,-0.063151,0.347343,-0.935242,1.621237,0.854365,0.060825,-0.002169,-0.012219,0.168930,-0.985550,1.390870,0.632486,0.049277,0.011165,0.004002,-0.142749,0.989688,1.424186,0.663271,0.974711
1256,5.233333,0.023251,-0.063081,0.351112,-0.933917,1.622890,0.854411,0.060278,-0.001800,-0.012391,0.169189,-0.985504,1.390887,0.632511,0.049275,0.010730,0.003647,-0.145486,0.989295,1.425984,0.663677,0.974621
1257,5.237500,0.020487,-0.061209,0.353672,-0.933140,1.624357,0.854673,0.060083,-0.001607,-0.012453,0.169493,-0.985451,1.390898,0.632530,0.049271,0.010252,0.003436,-0.148249,0.988891,1.427769,0.664131,0.974512
1258,5.241667,0.019362,-0.059645,0.355286,-0.932652,1.625661,0.855038,0.060121,-0.001469,-0.012516,0.169861,-0.985387,1.390898,0.632557,0.049260,0.009539,0.003214,-0.151068,0.988472,1.429591,0.664572,0.974345
1259,5.245833,0.018823,-0.058799,0.356319,-0.932323,1.626801,0.855577,0.060140,-0.000969,-0.012840,0.170093,-0.985344,1.390910,0.632580,0.049264,0.008823,0.003173,-0.153830,0.988053,1.431407,0.665027,0.974170
1260,5.250000,0.021575,-0.059227,0.356745,-0.932073,1.627827,0.856237,0.059955,-0.000569,-0.013123,0.170283,-0.985308,1.390943,0.632597,0.049267,0.008115,0.003399,-0.156560,0.987629,1.433198,0.665478,0.974021
1261,5.254167,0.025779,-0.061287,0.356584,-0.931894,1.628717,0.857014,0.059546,-0.000028,-0.013498,0.170554,-0.985256,1.390956,0.632608,0.049271,0.007474,0.003370,-0.159322,0.987193,1.435019,0.665955,0.973827
1262,5.258333,0.028948,-0.063452,0.356629,-0.931639,1.629383,0.857660,0.059032,0.000239,-0.013608,0.170884,-0.985197,1.390983,0.632624,0.049251,0.006713,0.003236,-0.162162,0.986736,1.436786,0.666432,0.973636
1263,5.262500,0.030666,-0.063912,0.357419,-0.931250,1.629774,0.858254,0.058627,0.000471,-0.013830,0.171244,-0.985132,1.391007,0.632648,0.049248,0.005684,0.003431,-0.164977,0.986275,1.438571,0.666931,0.973445
1264,5.266667,0.029932,-0.062926,0.358698,-0.930849,1.629971,0.858718,0.058630,0.000966,-0.014157,0.171604,-0.985064,1.391035,0.632669,0.049253,0.005083,0.003524,-0.167830,0.985797,1.440378,0.667424,0.973278
1265,5.270833,0.028577,-0.061044,0.360369,-0.930372,1.630033,0.859180,0.058678,0.001349,-0.014370,0.171994,-0.984992,1.391068,0.632707,0.049249,0.004217,0.003822,-0.170631,0.985319,1.442143,0.667919,0.973119
1266,5.275000,0.027285,-0.059959,0.361699,-0.929965,1.630007,0.859625,0.058634,0.001746,-0.014596,0.172371,-0.984922,1.391097,0.632731,0.049241,0.003544,0.004237,-0.173266,0.984860,1.443924,0.668419,0.972971
1267,5.279167,0.026076,-0.059604,0.362365,-0.929763,1.629992,0.860149,0.058321,0.002058,-0.014793,0.172750,-0.984852,1.391127,0.632747,0.049240,0.002772,0.004813,-0.176004,0.984374,1.445626,0.668911,0.972876
1268,5.283333,0.025415,-0.059422,0.362754,-0.929641,1.629922,0.860655,0.057870,0.002370,-0.015044,0.173160,-0.984776,1.391153,0.632768,0.049232,0.002593,0.004455,-0.178895,0.983855,1.447442,0.669431,0.972630
1269,5.287500,0.025272,-0.059054,0.363141,-0.929518,1.629796,0.861002,0.057581,0.002668,-0.015196,0.173550,-0.984704,1.391180,0.632788,0.049232,0.001749,0.004892,-0.181590,0.983361,1.449188,0.669910,0.972504
1270,5.291667,0.025171,-0.057619,0.363843,-0.929336,1.629588,0.861175,0.057390,0.003028,-0.015388,0.174011,-0.984619,1.391219,0.632807,0.049242,0.001366,0.005368,-0.184146,0.982883,1.450937,0.670410,0.972403
1271,5.295833,0.025506,-0.056133,0.364255,-0.929256,1.629502,0.861237,0.057303,0.003400,-0.015600,0.174676,-0.984497,1.391250,0.632825,0.049248,0.000826,0.005972,-0.186844,0.982371,1.452615,0.670938,0.972325
1272,5.300000,0.025576,-0.055321,0.364212,-0.929320,1.629514,0.861274,0.057116,0.003709,-0.015887,0.175474,-0.984349,1.391271,0.632839,0.049256,0.000429,0.006384,-0.189420,0.981875,1.454340,0.671467,0.972189
1273,5.304167,0.026470,-0.054971,0.363737,-0.929502,1.629608,0.861295,0.056890,0.003643,-0.015807,0.176123,-0.984235,1.391327,0.632855,0.049276,0.000005,0.006693,-0.192083,0.981356,1.456002,0.671978,0.972107
1274,5.308333,0.026589,-0.054614,0.363124,-0.929759,1.629722,0.861287,0.056580,0.003931,-0.016039,0.176678,-0.984130,1.391392,0.632891,0.049284,-0.000366,0.007238,-0.194553,0.980865,1.457689,0.672497,0.972002
1275,5.312500,0.024834,-0.053800,0.362615,-0.930053,1.629802,0.861278,0.056243,0.004204,-0.016265,0.177291,-0.984015,1.391464,0.632923,0.049306,-0.000622,0.007401,-0.197111,0.980353,1.459333,0.673035,0.971932
1276,5.316667,0.023247,-0.052690,0.362260,-0.930296,1.629825,0.861221,0.056036,0.004456,-0.016464,0.177962,-0.983890,1.391527,0.632952,0.049325,-0.001098,0.007772,-0.199523,0.979862,1.460969,0.673586,0.971813
1277,5.320833,0.022185,-0.051475,0.362142,-0.930436,1.629758,0.861126,0.055859,0.004691,-0.016669,0.178706,-0.983750,1.391583,0.632981,0.049336,-0.001170,0.007846,-0.201969,0.979360,1.462606,0.674108,0.971744
1278,5.325000,0.021758,-0.050610,0.362015,-0.930543,1.629626,0.861054,0.055670,0.004852,-0.016831,0.179508,-0.983601,1.391638,0.633017,0.049345,-0.001371,0.008081,-0.204240,0.978887,1.464232,0.674693,0.971674
1279,5.329167,0.021595,-0.049953,0.361816,-0.930660,1.629450,0.861003,0.055458,0.004904,-0.016859,0.180352,-0.983445,1.391700,0.633068,0.049349,-0.001701,0.008191,-0.206570,0.978396,1.465818,0.675235,0.971589
1280,5.333333,0.020644,-0.049007,0.361554,-0.930833,1.629282,0.860955,0.055229,0.005098,-0.016933,0.181197,-0.983288,1.391781,0.633122,0.049376,-0.001939,0.008101,-0.208945,0.977892,1.467444,0.675785,0.971511
1281,5.337500,0.020062,-0.048013,0.361258,-0.931013,1.629145,0.860892,0.055039,0.005297,-0.017096,0.182017,-0.983132,1.391858,0.633168,0.049384,-0.001945,0.007642,-0.211257,0.977399,1.469097,0.676344,0.971458
1282,5.341667,0.019507,-0.047056,0.360831,-0.931239,1.629043,0.860820,0.054859,0.005472,-0.017177,0.182935,-0.982960,1.391937,0.633206,0.049389,-0.001906,0.007189,-0.213418,0.976933,1.470755,0.676918,0.971421
1283,5.345833,0.018379,-0.046439,0.360298,-0.931499,1.628968,0.860732,0.054559,0.005621,-0.017297,0.183906,-0.982776,1.392009,0.633265,0.049396,-0.002083,0.007182,-0.215679,0.976436,1.472329,0.677489,0.971542
1284,5.350000,0.017923,-0.045721,0.359760,-0.931751,1.628887,0.860651,0.054328,0.005888,-0.017465,0.184871,-0.982590,1.392075,0.633319,0.049407,-0.002110,0.006923,-0.217814,0.975963,1.473902,0.678064,0.971659
1285,5.354167,0.017119,-0.044742,0.359380,-0.931961,1.628780,0.860561,0.054089,0.005956,-0.017681,0.185874,-0.982396,1.392147,0.633367,0.049410,-0.002224,0.006728,-0.219868,0.975504,1.475469,0.678630,0.971733
1286,5.358333,0.016078,-0.043529,0.359046,-0.932165,1.628658,0.860465,0.053881,0.006136,-0.017831,0.186851,-0.982207,1.392204,0.633424,0.049432,-0.002220,0.006105,-0.221775,0.975076,1.477028,0.679199,0.971778
1287,5.362500,0.015416,-0.042352,0.358812,-0.932321,1.628550,0.860413,0.053709,0.006204,-0.017969,0.187808,-0.982022,1.392280,0.633486,0.049446,-0.002152,0.005492,-0.223693,0.974642,1.478544,0.679781,0.971844
1288,5.366667,0.017029,-0.040555,0.358793,-0.932380,1.628399,0.860358,0.053642,0.006347,-0.018147,0.188807,-0.981826,1.392346,0.633552,0.049462,-0.001938,0.005316,-0.225479,0.974232,1.480065,0.680370,0.971974
1289,5.370833,0.016935,-0.039405,0.358497,-0.932545,1.628299,0.860312,0.053445,0.006452,-0.018245,0.189752,-0.981641,1.392421,0.633605,0.049483,-0.002064,0.005101,-0.227226,0.973827,1.481512,0.680969,0.972047
1290,5.375000,0.015909,-0.038507,0.358227,-0.932704,1.628199,0.860269,0.053230,0.006488,-0.018342,0.190742,-0.981447,1.392513,0.633664,0.049504,-0.002797,0.005056,-0.228861,0.973442,1.482936,0.681538,0.971983
1291,5.379167,0.015804,-0.037514,0.357969,-0.932846,1.628109,0.860274,0.053059,0.006798,-0.018403,0.191772,-0.981243,1.392596,0.633734,0.049495,-0.003387,0.006042,-0.230443,0.973061,1.484277,0.682151,0.972030
1292,5.383333,0.015241,-0.036380,0.357849,-0.932946,1.627994,0.860282,0.052857,0.006966,-0.018420,0.192911,-0.981019,1.392712,0.633813,0.049495,-0.004143,0.006568,-0.232014,0.972682,1.485615,0.682786,0.971905
1293,5.387500,0.014425,-0.035168,0.357886,-0.932991,1.627876,0.860280,0.052672,0.006968,-0.018501,0.193952,-0.980812,1.392831,0.633884,0.049513,-0.004755,0.007685,-0.233625,0.972285,1.486853,0.683416,0.971810
1294,5.391667,0.013792,-0.034001,0.357922,-0.933030,1.627778,0.860287,0.052487,0.006925,-0.018523,0.195009,-0.980602,1.392944,0.633948,0.049534,-0.005177,0.008852,-0.235069,0.971925,1.488093,0.684047,0.971726
1295,5.395833,0.013203,-0.032891,0.357998,-0.933049,1.627700,0.860303,0.052287,0.006876,-0.018566,0.196092,-0.980386,1.393054,0.634011,0.049555,-0.005559,0.010166,-0.236668,0.971521,1.489269,0.684718,0.971695
1296,5.400000,0.012765,-0.031943,0.358052,-0.933068,1.627618,0.860339,0.052105,0.006773,-0.018646,0.197180,-0.980166,1.393165,0.634075,0.049576,-0.005637,0.011359,-0.238450,0.971072,1.490406,0.685379,0.971742
1297,5.404167,0.012691,-0.030968,0.358133,-0.933071,1.627555,0.860421,0.051919,0.006729,-0.018756,0.198293,-0.979940,1.393274,0.634134,0.049602,-0.006161,0.012264,-0.240257,0.970612,1.491563,0.685989,0.971646
1298,5.408333,0.012868,-0.030122,0.358283,-0.933038,1.627496,0.860514,0.051719,0.006799,-0.018849,0.199387,-0.979716,1.393373,0.634188,0.049619,-0.005711,0.013101,-0.242045,0.970160,1.492774,0.686658,0.971621
1299,5.412500,0.012913,-0.029264,0.358505,-0.932980,1.627429,0.860601,0.051516,0.006143,-0.018941,0.200276,-0.979537,1.393456,0.634196,0.049690,-0.006128,0.013771,-0.243845,0.969697,1.493982,0.687270,0.971459
1300,5.416667,0.012866,-0.028495,0.358793,-0.932893,1.627368,0.860698,0.051349,0.005720,-0.019018,0.201220,-0.979345,1.393551,0.634216,0.049730,-0.006212,0.014724,-0.245506,0.969263,1.495172,0.687909,0.971347
1301,5.420833,0.013360,-0.027680,0.359197,-0.932756,1.627308,0.860817,0.051172,0.005452,-0.019057,0.202295,-0.979124,1.393649,0.634261,0.049755,-0.006474,0.015464,-0.247167,0.968828,1.496346,0.688551,0.971263
1302,5.425000,0.013808,-0.027000,0.359550,-0.932633,1.627243,0.860914,0.051012,0.005482,-0.019112,0.203325,-0.978909,1.393745,0.634310,0.049762,-0.006559,0.015963,-0.248878,0.968381,1.497535,0.689180,0.971174
1303,5.429167,0.013557,-0.026391,0.359767,-0.932571,1.627160,0.861006,0.050839,0.005590,-0.019187,0.204415,-0.978680,1.393834,0.634368,0.049782,-0.006833,0.016594,-0.250446,0.967964,1.498684,0.689799,0.971102
1304,5.433333,0.012679,-0.025619,0.359662,-0.932645,1.627078,0.861133,0.050709,0.005667,-0.019211,0.205440,-0.978465,1.393923,0.634415,0.049804,-0.006822,0.017033,-0.252129,0.967520,1.499799,0.690460,0.971123
1305,5.437500,0.012442,-0.024949,0.359784,-0.932619,1.627000,0.861229,0.050558,0.005630,-0.019230,0.206414,-0.978259,1.394016,0.634462,0.049830,-0.006870,0.017460,-0.253642,0.967116,1.500893,0.691082,0.971091
1306,5.441667,0.012520,-0.024353,0.360002,-0.932550,1.626945,0.861330,0.050411,0.005697,-0.019377,0.207381,-0.978052,1.394113,0.634507,0.049854,-0.007029,0.018366,-0.254948,0.966755,1.501919,0.691717,0.971107
1307,5.445833,0.012467,-0.023996,0.360415,-0.932400,1.626911,0.861391,0.050278,0.005408,-0.019394,0.208488,-0.977818,1.394228,0.634562,0.049894,-0.007778,0.018868,-0.256382,0.966360,1.502971,0.692361,0.970903
1308,5.450000,0.012813,-0.023496,0.360786,-0.932265,1.626850,0.861469,0.050178,0.005513,-0.019581,0.209384,-0.977622,1.394309,0.634609,0.049910,-0.008230,0.019480,-0.257599,0.966020,1.503982,0.693009,0.970727
1309,5.454167,0.013306,-0.023027,0.361122,-0.932139,1.626793,0.861522,0.050074,0.005368,-0.019697,0.210322,-0.977419,1.394380,0.634649,0.049941,-0.008617,0.020523,-0.259050,0.965607,1.504933,0.693659,0.970653
1310,5.458333,0.013538,-0.022607,0.361365,-0.932052,1.626742,0.861571,0.049972,0.005197,-0.019708,0.211240,-0.977222,1.394461,0.634692,0.049968,-0.008819,0.021624,-0.260352,0.965231,1.505833,0.694308,0.970618
1311,5.462500,0.013500,-0.022195,0.361501,-0.932010,1.626705,0.861607,0.049882,0.005093,-0.019694,0.212096,-0.977037,1.394535,0.634728,0.049987,-0.008829,0.022838,-0.261514,0.964889,1.506707,0.694973,0.970598
1312,5.466667,0.013734,-0.021568,0.361601,-0.931982,1.626676,0.861644,0.049784,0.004780,-0.019623,0.213020,-0.976839,1.394623,0.634767,0.050018,-0.008692,0.023975,-0.262702,0.964540,1.507509,0.695611,0.970577
1313,5.470833,0.013933,-0.021099,0.361708,-0.931948,1.626647,0.861675,0.049724,0.004535,-0.019626,0.213946,-0.976638,1.394709,0.634794,0.050047,-0.008952,0.024670,-0.263989,0.964169,1.508276,0.696295,0.970480
1314,5.475000,0.013891,-0.020788,0.361812,-0.931916,1.626618,0.861701,0.049672,0.004317,-0.019647,0.214855,-0.976439,1.394810,0.634824,0.050085,-0.009364,0.025375,-0.265073,0.963849,1.509027,0.696935,0.970308
1315,5.479167,0.014187,-0.020589,0.361942,-0.931865,1.626585,0.861722,0.049648,0.004183,-0.019756,0.215716,-0.976247,1.394924,0.634854,0.050114,-0.009453,0.026171,-0.266287,0.963492,1.509788,0.697577,0.970196
1316,5.483333,0.014354,-0.020418,0.362057,-0.931822,1.626557,0.861752,0.049607,0.003978,-0.019875,0.216651,-0.976039,1.395036,0.634889,0.050142,-0.009628,0.026813,-0.267603,0.963108,1.510551,0.698255,0.970101
1317,5.487500,0.014319,-0.020242,0.362096,-0.931811,1.626536,0.861789,0.049583,0.003822,-0.020002,0.217730,-0.975797,1.395140,0.634912,0.050183,-0.009437,0.027529,-0.269047,0.962687,1.511325,0.698875,0.970049
1318,5.491667,0.014112,-0.020307,0.362161,-0.931787,1.626528,0.861796,0.049570,0.003939,-0.019970,0.219006,-0.975511,1.395282,0.635007,0.050210,-0.009059,0.028242,-0.270239,0.962336,1.512072,0.699519,0.970040
1319,5.495833,0.014166,-0.020173,0.362176,-0.931784,1.626524,0.861822,0.049550,0.003401,-0.019925,0.220328,-0.975217,1.395432,0.635062,0.050275,-0.008838,0.028720,-0.271624,0.961934,1.512826,0.700131,0.970042
1320,5.500000,0.014403,-0.020052,0.362258,-0.931751,1.626510,0.861850,0.049529,0.002919,-0.019970,0.221474,-0.974957,1.395549,0.635087,0.050351,-0.008423,0.029399,-0.272915,0.961552,1.513512,0.700755,0.970149
1321,5.504167,0.014649,-0.019955,0.362331,-0.931721,1.626496,0.861870,0.049521,0.002388,-0.020073,0.222665,-0.974685,1.395668,0.635114,0.050433,-0.008094,0.029916,-0.274312,0.961141,1.514258,0.701357,0.970226
1322,5.508333,0.014954,-0.019914,0.362465,-0.931664,1.626476,0.861889,0.049513,0.001885,-0.020120,0.223846,-0.974415,1.395790,0.635141,0.050507,-0.007776,0.030114,-0.275531,0.960789,1.515005,0.701946,0.970275
1323,5.512500,0.015185,-0.019764,0.362549,-0.931631,1.626476,0.861914,0.049504,0.001441,-0.020231,0.225090,-0.974127,1.395899,0.635169,0.050582,-0.007476,0.030230,-0.276799,0.960423,1.515705,0.702539,0.970381
1324,5.516667,0.015526,-0.019701,0.362626,-0.931597,1.626478,0.861933,0.049499,0.000913,-0.020234,0.226484,-0.973804,1.396023,0.635199,0.050641,-0.007326,0.030376,-0.278025,0.960065,1.516399,0.703116,0.970506
1325,5.520833,0.015846,-0.019722,0.362742,-0.931546,1.626470,0.861953,0.049493,0.000308,-0.020221,0.228027,-0.973445,1.396164,0.635246,0.050708,-0.007246,0.030401,-0.279211,0.959721,1.517112,0.703654,0.970637
1326,5.525000,0.016238,-0.019670,0.362800,-0.931518,1.626481,0.861977,0.049499,-0.000160,-0.020303,0.229678,-0.973055,1.396325,0.635309,0.050770,-0.007147,0.030647,-0.280302,0.959396,1.517838,0.704236,0.970802
1327,5.529167,0.016532,-0.019596,0.362857,-0.931492,1.626494,0.861995,0.049497,-0.000587,-0.020347,0.231401,-0.972646,1.396498,0.635377,0.050827,-0.007142,0.030786,-0.281362,0.959081,1.518549,0.704779,0.970970
1328,5.533333,0.016890,-0.019567,0.362920,-0.931462,1.626502,0.862007,0.049496,-0.000934,-0.020429,0.233047,-0.972250,1.396662,0.635421,0.050883,-0.007237,0.030738,-0.282404,0.958776,1.519230,0.705333,0.971151
1329,5.537500,0.017243,-0.019581,0.363011,-0.931420,1.626510,0.862020,0.049494,-0.001375,-0.020386,0.234651,-0.971865,1.396831,0.635472,0.050962,-0.007418,0.030869,-0.283387,0.958480,1.519908,0.705900,0.971336
1330,5.541667,0.017546,-0.019519,0.363068,-0.931393,1.626521,0.862033,0.049494,-0.002141,-0.020320,0.236382,-0.971446,1.397016,0.635546,0.051076,-0.007574,0.030881,-0.284324,0.958201,1.520581,0.706422,0.971506
1331,5.545833,0.017908,-0.019515,0.363152,-0.931353,1.626534,0.862048,0.049505,-0.002661,-0.020253,0.238216,-0.970998,1.397220,0.635604,0.051162,-0.007790,0.030924,-0.285328,0.957899,1.521257,0.706986,0.971686
1332,5.550000,0.018242,-0.019463,0.363202,-0.931329,1.626549,0.862070,0.049518,-0.003271,-0.020153,0.240094,-0.970535,1.397416,0.635658,0.051239,-0.008077,0.031088,-0.286183,0.957637,1.521874,0.707552,0.971888
1333,5.554167,0.018607,-0.019538,0.363304,-0.931280,1.626560,0.862081,0.049520,-0.003753,-0.020186,0.241929,-0.970077,1.397608,0.635720,0.051310,-0.008348,0.031154,-0.287105,0.957356,1.522527,0.708088,0.972059
1334,5.558333,0.018883,-0.019512,0.363331,-0.931264,1.626577,0.862100,0.049528,-0.004280,-0.020326,0.243849,-0.969591,1.397804,0.635782,0.051378,-0.008485,0.031266,-0.287964,0.957093,1.523159,0.708618,0.972214
1335,5.562500,0.019199,-0.019513,0.363448,-0.931212,1.626587,0.862106,0.049526,-0.005088,-0.020369,0.245906,-0.969066,1.397989,0.635838,0.051428,-0.008853,0.031406,-0.288938,0.956792,1.523788,0.709180,0.972368
1336,5.566667,0.019386,-0.019495,0.363497,-0.931190,1.626598,0.862120,0.049534,-0.005794,-0.020259,0.247902,-0.968556,1.398170,0.635880,0.051463,-0.009004,0.031564,-0.289712,0.956551,1.524353,0.709733,0.972539
1337,5.570833,0.019684,-0.019498,0.363601,-0.931143,1.626611,0.862136,0.049539,-0.006177,-0.020232,0.249824,-0.968060,1.398342,0.635926,0.051497,-0.009245,0.031736,-0.290650,0.956258,1.524929,0.710294,0.972682
1338,5.575000,0.019867,-0.019463,0.363700,-0.931101,1.626607,0.862153,0.049536,-0.006519,-0.020262,0.251801,-0.967545,1.398543,0.635997,0.051555,-0.009562,0.031971,-0.291574,0.955966,1.525514,0.710846,0.972806
1339,5.579167,0.019959,-0.019443,0.363797,-0.931061,1.626611,0.862168,0.049527,-0.007251,-0.020165,0.253827,-0.967012,1.398737,0.636076,0.051615,-0.009703,0.032238,-0.292403,0.955702,1.526024,0.711402,0.972975
1340,5.583333,0.020131,-0.019422,0.363923,-0.931009,1.626614,0.862180,0.049515,-0.007752,-0.019928,0.255810,-0.966491,1.398935,0.636147,0.051658,-0.010053,0.032530,-0.293465,0.955363,1.526557,0.711956,0.973105
1341,5.587500,0.020100,-0.019398,0.364049,-0.930961,1.626608,0.862192,0.049494,-0.008149,-0.019707,0.257802,-0.965963,1.399144,0.636214,0.051682,-0.010108,0.032946,-0.294241,0.955110,1.527045,0.712490,0.973254
1342,5.591667,0.020243,-0.019373,0.364118,-0.930932,1.626610,0.862201,0.049482,-0.008307,-0.019627,0.259830,-0.965419,1.399363,0.636293,0.051722,-0.010206,0.033242,-0.295074,0.954842,1.527580,0.713041,0.973321
1343,5.595833,0.020114,-0.019376,0.364258,-0.930879,1.626603,0.862208,0.049461,-0.008721,-0.019455,0.261863,-0.964870,1.399570,0.636362,0.051759,-0.010359,0.033561,-0.295936,0.954562,1.528051,0.713586,0.973433
1344,5.600000,0.020287,-0.019378,0.364331,-0.930847,1.626601,0.862216,0.049462,-0.009170,-0.019294,0.263885,-0.964318,1.399745,0.636420,0.051794,-0.010641,0.033936,-0.296644,0.954325,1.528469,0.714096,0.973493
1345,5.604167,0.020213,-0.019359,0.364414,-0.930816,1.626593,0.862222,0.049446,-0.009386,-0.019244,0.265863,-0.963773,1.399925,0.636489,0.051817,-0.010757,0.034185,-0.297596,0.954019,1.528961,0.714631,0.973555
1346,5.608333,0.020262,-0.019361,0.364484,-0.930788,1.626585,0.862230,0.049437,-0.009594,-0.019235,0.267880,-0.963213,1.400110,0.636555,0.051833,-0.010680,0.034528,-0.298422,0.953749,1.529333,0.715160,0.973699
1347,5.612500,0.020026,-0.019338,0.364592,-0.930751,1.626561,0.862244,0.049400,-0.009500,-0.019083,0.269746,-0.962696,1.400313,0.636621,0.051834,-0.010615,0.034816,-0.299347,0.953450,1.529737,0.715681,0.973781
1348,5.616667,0.019922,-0.019310,0.364665,-0.930725,1.626552,0.862251,0.049395,-0.009349,-0.019018,0.271655,-0.962161,1.400481,0.636660,0.051815,-0.010770,0.035031,-0.300362,0.953121,1.530204,0.716193,0.973785
1349,5.620833,0.019917,-0.019277,0.364702,-0.930712,1.626546,0.862248,0.049374,-0.009586,-0.018787,0.273575,-0.961619,1.400657,0.636698,0.051841,-0.010565,0.035238,-0.301245,0.952837,1.530573,0.716661,0.973842
1350,5.625000,0.019999,-0.019232,0.364751,-0.930691,1.626542,0.862251,0.049379,-0.009673,-0.018773,0.275455,-0.961082,1.400818,0.636758,0.051852,-0.010723,0.035508,-0.302183,0.952528,1.530980,0.717176,0.973884
1351,5.629167,0.020059,-0.019194,0.364787,-0.930677,1.626543,0.862240,0.049379,-0.009793,-0.018722,0.277213,-0.960576,1.400970,0.636811,0.051868,-0.010584,0.035824,-0.302993,0.952260,1.531405,0.717656,0.973898
1352,5.633333,0.019968,-0.019095,0.364859,-0.930653,1.626535,0.862246,0.049370,-0.009917,-0.018517,0.278986,-0.960065,1.401133,0.636859,0.051856,-0.010603,0.035947,-0.303836,0.951987,1.531786,0.718135,0.973908
1353,5.637500,0.020082,-0.019132,0.364944,-0.930616,1.626536,0.862245,0.049374,-0.009991,-0.018345,0.280613,-0.959594,1.401277,0.636905,0.051845,-0.010630,0.036116,-0.304685,0.951709,1.532159,0.718622,0.973934
1354,5.641667,0.019964,-0.019047,0.364974,-0.930609,1.626525,0.862247,0.049356,-0.010057,-0.018344,0.282224,-0.959121,1.401418,0.636933,0.051834,-0.010595,0.036262,-0.305490,0.951446,1.532567,0.719091,0.973927
1355,5.645833,0.020035,-0.018953,0.365032,-0.930586,1.626521,0.862241,0.049358,-0.010045,-0.018339,0.283859,-0.958638,1.401563,0.636969,0.051822,-0.010590,0.036435,-0.306238,0.951199,1.532909,0.719571,0.973969
1356,5.650000,0.019944,-0.018854,0.365050,-0.930583,1.626510,0.862242,0.049350,-0.010093,-0.018264,0.285437,-0.958170,1.401687,0.636999,0.051812,-0.010571,0.036574,-0.306958,0.950961,1.533245,0.720049,0.974000
1357,5.654167,0.019980,-0.018761,0.365117,-0.930558,1.626509,0.862229,0.049358,-0.010182,-0.018051,0.286934,-0.957726,1.401813,0.637040,0.051810,-0.010464,0.036748,-0.307652,0.950731,1.533588,0.720499,0.974035
1358,5.658333,0.019865,-0.018659,0.365164,-0.930544,1.626504,0.862227,0.049353,-0.010166,-0.017902,0.288339,-0.957307,1.401931,0.637062,0.051804,-0.010489,0.036831,-0.308403,0.950485,1.533914,0.720948,0.974074
1359,5.662500,0.019879,-0.018535,0.365205,-0.930530,1.626494,0.862224,0.049346,-0.010005,-0.017839,0.289607,-0.956927,1.402050,0.637112,0.051811,-0.010363,0.036944,-0.309059,0.950269,1.534237,0.721372,0.974116
1360,5.666667,0.020121,-0.018418,0.365250,-0.930510,1.626493,0.862210,0.049358,-0.009923,-0.017765,0.290944,-0.956524,1.402171,0.637156,0.051814,-0.010254,0.037056,-0.309667,0.950067,1.534588,0.721828,0.974130
1361,5.670833,0.020021,-0.018348,0.365288,-0.930499,1.626482,0.862199,0.049343,-0.009871,-0.017650,0.292252,-0.956127,1.402284,0.637190,0.051822,-0.010301,0.037056,-0.310356,0.949842,1.534931,0.722273,0.974134
1362,5.675000,0.019928,-0.017977,0.365316,-0.930496,1.626480,0.862191,0.049354,-0.009981,-0.017477,0.293583,-0.955722,1.402382,0.637201,0.051804,-0.010314,0.036977,-0.310962,0.949647,1.535256,0.722679,0.974124
1363,5.679167,0.019958,-0.017831,0.365334,-0.930492,1.626470,0.862182,0.049350,-0.009904,-0.017294,0.294828,-0.955343,1.402470,0.637215,0.051802,-0.010362,0.036878,-0.311603,0.949440,1.535569,0.723079,0.974119
1364,5.683333,0.019827,-0.017687,0.365354,-0.930489,1.626461,0.862181,0.049333,-0.009852,-0.017228,0.295973,-0.954990,1.402549,0.637229,0.051789,-0.010458,0.036878,-0.312220,0.949236,1.535901,0.723506,0.974119
1365,5.687500,0.020050,-0.017616,0.365427,-0.930457,1.626456,0.862177,0.049337,-0.009919,-0.017066,0.297107,-0.954640,1.402634,0.637232,0.051800,-0.010615,0.036836,-0.312945,0.948997,1.536214,0.723908,0.974134
1366,5.691667,0.020119,-0.017527,0.365465,-0.930443,1.626447,0.862173,0.049330,-0.010085,-0.016943,0.298354,-0.954252,1.402718,0.637238,0.051797,-0.010652,0.036843,-0.313597,0.948781,1.536510,0.724275,0.974146
1367,5.695833,0.020058,-0.017404,0.365528,-0.930421,1.626434,0.862175,0.049317,-0.010356,-0.016823,0.299657,-0.953842,1.402789,0.637250,0.051800,-0.010786,0.036962,-0.314275,0.948551,1.536832,0.724648,0.974154
1368,5.700000,0.019942,-0.017244,0.365543,-0.930421,1.626430,0.862168,0.049305,-0.010438,-0.016716,0.300882,-0.953458,1.402883,0.637268,0.051811,-0.010914,0.037096,-0.314845,0.948355,1.537153,0.725033,0.974157
1369,5.704167,0.019982,-0.017131,0.365614,-0.930394,1.626421,0.862164,0.049295,-0.010496,-0.016653,0.302064,-0.953085,1.402970,0.637280,0.051827,-0.011166,0.037101,-0.315509,0.948131,1.537465,0.725408,0.974151
1370,5.708333,0.019874,-0.017047,0.365618,-0.930397,1.626414,0.862164,0.049284,-0.010615,-0.016584,0.303230,-0.952714,1.403048,0.637291,0.051833,-0.011210,0.037184,-0.316083,0.947936,1.537770,0.725752,0.974147
1371,5.712500,0.019952,-0.017006,0.365667,-0.930376,1.626404,0.862172,0.049273,-0.010644,-0.016597,0.304465,-0.952319,1.403137,0.637304,0.051847,-0.011360,0.037271,-0.316746,0.947710,1.538062,0.726089,0.974160
1372,5.716667,0.019914,-0.016986,0.365714,-0.930359,1.626394,0.862171,0.049254,-0.010742,-0.016514,0.305708,-0.951922,1.403229,0.637291,0.051869,-0.011582,0.037346,-0.317390,0.947489,1.538367,0.726461,0.974163
1373,5.720833,0.019973,-0.016869,0.365745,-0.930348,1.626386,0.862174,0.049256,-0.010904,-0.016458,0.306982,-0.951511,1.403320,0.637283,0.051892,-0.011838,0.037449,-0.318030,0.947267,1.538646,0.726831,0.974186
1374,5.725000,0.020012,-0.016839,0.365760,-0.930342,1.626376,0.862173,0.049248,-0.011189,-0.016373,0.308341,-0.951069,1.403402,0.637277,0.051907,-0.012001,0.037651,-0.318674,0.947040,1.538920,0.727164,0.974221
1375,5.729167,0.020038,-0.016800,0.365799,-0.930326,1.626369,0.862179,0.049244,-0.011559,-0.016197,0.309773,-0.950602,1.403499,0.637274,0.051926,-0.012165,0.037880,-0.319276,0.946826,1.539189,0.727483,0.974254
1376,5.733333,0.019960,-0.016685,0.365847,-0.930311,1.626359,0.862183,0.049231,-0.011817,-0.016063,0.311244,-0.950121,1.403608,0.637279,0.051937,-0.012374,0.038011,-0.319933,0.946596,1.539471,0.727800,0.974269
1377,5.737500,0.020014,-0.016603,0.365895,-0.930293,1.626350,0.862184,0.049223,-0.011997,-0.016074,0.312806,-0.949605,1.403720,0.637280,0.051958,-0.012553,0.038119,-0.320582,0.946370,1.539724,0.728125,0.974296
1378,5.741667,0.020053,-0.016582,0.365931,-0.930278,1.626352,0.862187,0.049209,-0.012116,-0.016100,0.314454,-0.949059,1.403839,0.637266,0.051979,-0.012783,0.038245,-0.321242,0.946138,1.539958,0.728471,0.974341
1379,5.745833,0.020148,-0.016501,0.365966,-0.930264,1.626353,0.862194,0.049207,-0.012216,-0.016058,0.316215,-0.948473,1.403971,0.637256,0.052009,-0.012971,0.038404,-0.321844,0.945925,1.540182,0.728795,0.974396
1380,5.750000,0.020173,-0.016414,0.365990,-0.930255,1.626342,0.862206,0.049206,-0.012419,-0.016079,0.318165,-0.947818,1.404117,0.637253,0.052037,-0.013158,0.038520,-0.322466,0.945706,1.540426,0.729100,0.974428
1381,5.754167,0.020238,-0.016359,0.365986,-0.930256,1.626342,0.862206,0.049199,-0.012550,-0.016164,0.320169,-0.947139,1.404285,0.637256,0.052056,-0.013326,0.038534,-0.323033,0.945509,1.540653,0.729395,0.974448
1382,5.758333,0.020208,-0.016332,0.366032,-0.930240,1.626336,0.862203,0.049190,-0.012760,-0.016288,0.322378,-0.946385,1.404466,0.637284,0.052075,-0.013396,0.038743,-0.323670,0.945282,1.540868,0.729692,0.974518
1383,5.762500,0.020173,-0.016260,0.366046,-0.930236,1.626333,0.862202,0.049187,-0.012939,-0.016428,0.324646,-0.945605,1.404636,0.637287,0.052083,-0.013575,0.038879,-0.324244,0.945077,1.541082,0.729986,0.974567
1384,5.766667,0.020160,-0.016181,0.366049,-0.930237,1.626324,0.862205,0.049197,-0.013275,-0.016501,0.327193,-0.944720,1.404820,0.637321,0.052085,-0.013891,0.038935,-0.324811,0.944875,1.541290,0.730268,0.974585
1385,5.770833,0.020281,-0.016240,0.366082,-0.930220,1.626317,0.862205,0.049193,-0.013488,-0.016752,0.329712,-0.943837,1.405016,0.637360,0.052095,-0.014110,0.039021,-0.325353,0.944682,1.541480,0.730526,0.974633
1386,5.775000,0.020134,-0.016157,0.366091,-0.930221,1.626305,0.862211,0.049183,-0.013596,-0.016894,0.332378,-0.942897,1.405256,0.637414,0.052108,-0.014332,0.039067,-0.325913,0.944483,1.541651,0.730797,0.974676
1387,5.779167,0.020139,-0.016082,0.366068,-0.930231,1.626304,0.862202,0.049186,-0.013701,-0.016886,0.335106,-0.941930,1.405508,0.637454,0.052126,-0.014498,0.039149,-0.326447,0.944293,1.541818,0.731096,0.974736
1388,5.783333,0.020157,-0.016017,0.366091,-0.930223,1.626298,0.862197,0.049189,-0.013965,-0.016979,0.338328,-0.940772,1.405789,0.637540,0.052140,-0.014666,0.039271,-0.326966,0.944106,1.541955,0.731370,0.974814
1389,5.787500,0.020077,-0.015975,0.366053,-0.930240,1.626291,0.862191,0.049180,-0.013993,-0.017125,0.341310,-0.939691,1.406061,0.637600,0.052146,-0.014803,0.039416,-0.327438,0.943934,1.542111,0.731641,0.974866
1390,5.791667,0.020132,-0.015919,0.366047,-0.930242,1.626281,0.862186,0.049189,-0.014139,-0.017121,0.344555,-0.938504,1.406376,0.637673,0.052171,-0.015059,0.039511,-0.327908,0.943763,1.542268,0.731906,0.974892
1391,5.795833,0.020137,-0.015868,0.366027,-0.930251,1.626274,0.862181,0.049197,-0.013965,-0.017236,0.347805,-0.937305,1.406691,0.637751,0.052173,-0.015169,0.039690,-0.328376,0.943591,1.542395,0.732149,0.974962
1392,5.800000,0.020062,-0.015804,0.365993,-0.930267,1.626265,0.862180,0.049202,-0.013821,-0.017260,0.351139,-0.936062,1.407049,0.637816,0.052175,-0.015296,0.039847,-0.328771,0.943445,1.542520,0.732394,0.975009
1393,5.804167,0.020111,-0.015758,0.365953,-0.930283,1.626253,0.862167,0.049203,-0.013843,-0.017145,0.354796,-0.934684,1.407411,0.637901,0.052181,-0.015455,0.039987,-0.329246,0.943270,1.542630,0.732642,0.975066
1394,5.808333,0.020175,-0.015644,0.365922,-0.930295,1.626246,0.862161,0.049220,-0.014073,-0.016885,0.358410,-0.933305,1.407797,0.637941,0.052212,-0.015582,0.040097,-0.329714,0.943100,1.542743,0.732892,0.975106
1395,5.812500,0.020218,-0.015594,0.365886,-0.930309,1.626234,0.862151,0.049225,-0.013866,-0.016920,0.361998,-0.931922,1.408195,0.638001,0.052205,-0.015665,0.040190,-0.330150,0.942943,1.542832,0.733142,0.975159
1396,5.816667,0.020248,-0.015549,0.365865,-0.930318,1.626230,0.862152,0.049238,-0.013665,-0.017060,0.365596,-0.930517,1.408585,0.638087,0.052214,-0.015764,0.040303,-0.330565,0.942791,1.542921,0.733386,0.975195
1397,5.820833,0.020354,-0.015488,0.365826,-0.930332,1.626222,0.862147,0.049256,-0.012978,-0.017406,0.369239,-0.929081,1.408966,0.638175,0.052178,-0.015920,0.040266,-0.330989,0.942641,1.543008,0.733615,0.975195
1398,5.825000,0.018962,-0.015507,0.366161,-0.930229,1.626144,0.862273,0.049161,-0.012461,-0.017799,0.372925,-0.927607,1.409385,0.638282,0.052138,-0.014369,0.040635,-0.330878,0.942689,1.542923,0.733673,0.975448
1399,5.829167,0.018881,-0.015418,0.366121,-0.930248,1.626137,0.862278,0.049164,-0.012048,-0.017726,0.376742,-0.926070,1.409795,0.638381,0.052089,-0.015811,0.040583,-0.331851,0.942326,1.543153,0.734118,0.975315
1400,5.833333,0.018848,-0.015352,0.366068,-0.930270,1.626128,0.862277,0.049165,-0.011600,-0.017871,0.380695,-0.924455,1.410229,0.638485,0.052050,-0.015834,0.040665,-0.332252,0.942181,1.543206,0.734325,0.975345
1401,5.837500,0.018913,-0.015207,0.366032,-0.930286,1.626119,0.862271,0.049181,-0.011154,-0.017956,0.384660,-0.922816,1.410691,0.638583,0.052020,-0.015902,0.040748,-0.332666,0.942030,1.543264,0.734531,0.975349
1402,5.841667,0.018979,-0.015181,0.365972,-0.930309,1.626107,0.862283,0.049183,-0.010732,-0.018013,0.388613,-0.921162,1.411134,0.638686,0.051977,-0.016022,0.040827,-0.333085,0.941876,1.543323,0.734737,0.975337
1403,5.845833,0.018851,-0.015068,0.365939,-0.930326,1.626097,0.862280,0.049184,-0.010065,-0.018306,0.392427,-0.919546,1.411590,0.638808,0.051926,-0.016131,0.040953,-0.333495,0.941724,1.543378,0.734913,0.975314
1404,5.850000,0.018871,-0.015061,0.365918,-0.930334,1.626093,0.862277,0.049195,-0.009476,-0.018026,0.396268,-0.917909,1.412058,0.638903,0.051868,-0.016243,0.041107,-0.333936,0.941559,1.543425,0.735091,0.975286
1405,5.854167,0.018704,-0.014962,0.365884,-0.930352,1.626080,0.862281,0.049193,-0.008657,-0.018174,0.400081,-0.916258,1.412497,0.639007,0.051785,-0.016306,0.041240,-0.334384,0.941393,1.543469,0.735269,0.975246
1406,5.858333,0.018586,-0.014873,0.365840,-0.930373,1.626073,0.862275,0.049192,-0.008066,-0.018306,0.403875,-0.914596,1.412945,0.639092,0.051736,-0.016532,0.041187,-0.334843,0.941228,1.543509,0.735427,0.975148
1407,5.862500,0.018573,-0.014812,0.365807,-0.930388,1.626058,0.862279,0.049199,-0.007676,-0.018046,0.407644,-0.912930,1.413422,0.639158,0.051700,-0.014728,0.041799,-0.334649,0.941300,1.543313,0.735450,0.975381
1408,5.866667,0.018453,-0.014702,0.365758,-0.930411,1.626047,0.862274,0.049197,-0.007102,-0.017598,0.411380,-0.911267,1.413886,0.639216,0.051647,-0.014554,0.042012,-0.335102,0.941132,1.543323,0.735613,0.975336
1409,5.870833,0.018337,-0.014576,0.365686,-0.930444,1.626038,0.862274,0.049205,-0.006491,-0.017205,0.415148,-0.909568,1.414334,0.639252,0.051595,-0.014357,0.042171,-0.335580,0.940958,1.543324,0.735799,0.975267
1410,5.875000,0.018344,-0.014545,0.365654,-0.930457,1.626027,0.862275,0.049210,-0.005725,-0.016592,0.418771,-0.907922,1.414814,0.639278,0.051552,-0.014075,0.042295,-0.336110,0.940767,1.543328,0.735983,0.975188
1411,5.879167,0.018211,-0.014447,0.365636,-0.930468,1.626010,0.862268,0.049208,-0.004682,-0.016382,0.422221,-0.906333,1.415252,0.639326,0.051492,-0.015218,0.042204,-0.337293,0.940330,1.543551,0.736282,0.974880
1412,5.883333,0.018106,-0.014350,0.365606,-0.930483,1.625999,0.862267,0.049216,-0.003869,-0.016408,0.425382,-0.904857,1.415639,0.639404,0.051419,-0.015197,0.042311,-0.337862,0.940121,1.543555,0.736433,0.974747
1413,5.887500,0.017979,-0.014240,0.365552,-0.930508,1.625980,0.862275,0.049216,-0.003124,-0.016321,0.428409,-0.903432,1.416034,0.639475,0.051383,-0.015166,0.042533,-0.338471,0.939893,1.543564,0.736571,0.974611
1414,5.891667,0.017851,-0.014092,0.365493,-0.930536,1.625965,0.862275,0.049220,-0.002285,-0.016300,0.431233,-0.902090,1.416392,0.639538,0.051306,-0.015256,0.042639,-0.339071,0.939670,1.543585,0.736691,0.974426
1415,5.895833,0.017822,-0.014040,0.365450,-0.930555,1.625943,0.862276,0.049224,-0.000383,-0.019709,0.432974,-0.901191,1.416545,0.639881,0.051027,-0.014036,0.043013,-0.338840,0.939755,1.543321,0.736705,0.974449
1416,5.900000,0.017695,-0.013956,0.365441,-0.930561,1.625927,0.862280,0.049226,0.000768,-0.020097,0.435298,-0.900062,1.416836,0.639960,0.050922,-0.014010,0.043252,-0.339486,0.939512,1.543323,0.736829,0.974289
1417,5.904167,0.017661,-0.013843,0.365426,-0.930570,1.625908,0.862283,0.049236,0.001836,-0.020301,0.437347,-0.899062,1.417110,0.640020,0.050827,-0.014147,0.043471,-0.340683,0.939066,1.543528,0.736941,0.974050
1418,5.908333,0.017505,-0.013754,0.365362,-0.930600,1.625894,0.862285,0.049235,0.002862,-0.020497,0.439105,-0.898198,1.417332,0.640097,0.050732,-0.013964,0.043606,-0.341447,0.938785,1.543539,0.737051,0.973884
1419,5.912500,0.017409,-0.013609,0.365335,-0.930614,1.625870,0.862284,0.049234,0.003911,-0.020783,0.440752,-0.897380,1.417500,0.640175,0.050622,-0.013660,0.043785,-0.342240,0.938493,1.543545,0.737158,0.973744
1420,5.916667,0.017290,-0.013590,0.365316,-0.930624,1.625853,0.862293,0.049245,0.004935,-0.021079,0.442027,-0.896740,1.417642,0.640241,0.050529,-0.013343,0.043895,-0.343034,0.938202,1.543563,0.737265,0.973592
1421,5.920833,0.017232,-0.013489,0.365273,-0.930643,1.625838,0.862293,0.049243,0.005979,-0.021382,0.442962,-0.896265,1.417747,0.640296,0.050448,-0.012969,0.043964,-0.344000,0.937850,1.543663,0.737300,0.973386
1422,5.925000,0.017189,-0.013436,0.365266,-0.930648,1.625822,0.862300,0.049255,0.006206,-0.021343,0.443813,-0.895844,1.417876,0.640274,0.050434,-0.012638,0.043941,-0.344856,0.937541,1.543689,0.737360,0.973232
1423,5.929167,0.017079,-0.013340,0.365235,-0.930663,1.625808,0.862305,0.049250,0.007058,-0.021581,0.444196,-0.895642,1.417961,0.640302,0.050397,-0.012207,0.043880,-0.345635,0.937263,1.543699,0.737432,0.973112
1424,5.933333,0.017203,-0.013323,0.365224,-0.930665,1.625797,0.862310,0.049263,0.007916,-0.021744,0.444340,-0.895559,1.417990,0.640347,0.050331,-0.011783,0.043785,-0.346479,0.936961,1.543733,0.737502,0.972993
1425,5.937500,0.017210,-0.013261,0.365201,-0.930675,1.625787,0.862312,0.049273,0.008397,-0.021594,0.444292,-0.895582,1.417980,0.640383,0.050264,-0.011360,0.043649,-0.347365,0.936645,1.543792,0.737564,0.972871
1426,5.941667,0.017154,-0.013208,0.365148,-0.930698,1.625780,0.862313,0.049282,0.008872,-0.021472,0.444035,-0.895708,1.417939,0.640424,0.050193,-0.010939,0.043457,-0.348204,0.936347,1.543840,0.737630,0.972765
1427,5.945833,0.017167,-0.013197,0.365117,-0.930710,1.625768,0.862316,0.049281,0.009157,-0.021290,0.443731,-0.895861,1.417892,0.640473,0.050128,-0.010554,0.043255,-0.349068,0.936039,1.543909,0.737696,0.972668
1428,5.950000,0.017101,-0.013128,0.365099,-0.930719,1.625755,0.862316,0.049280,0.009506,-0.021092,0.443436,-0.896007,1.417837,0.640513,0.050062,-0.010242,0.042991,-0.349924,0.935735,1.543979,0.737757,0.972568
1429,5.954167,0.017020,-0.013087,0.365126,-0.930711,1.625753,0.862321,0.049275,0.009770,-0.020860,0.443085,-0.896184,1.417763,0.640535,0.049998,-0.009967,0.042706,-0.350726,0.935451,1.544056,0.737806,0.972473
1430,5.958333,0.017036,-0.013053,0.365083,-0.930728,1.625745,0.862322,0.049287,0.010032,-0.020639,0.442713,-0.896370,1.417686,0.640554,0.049926,-0.009836,0.042311,-0.351533,0.935167,1.544127,0.737849,0.972372
1431,5.962500,0.016928,-0.012999,0.365098,-0.930725,1.625743,0.862321,0.049285,0.010170,-0.020304,0.442329,-0.896565,1.417613,0.640561,0.049855,-0.009915,0.041754,-0.352255,0.934920,1.544164,0.737911,0.972264
1432,5.966667,0.017062,-0.012989,0.365080,-0.930729,1.625737,0.862323,0.049298,0.010174,-0.019928,0.441909,-0.896781,1.417546,0.640570,0.049795,-0.009771,0.041410,-0.353080,0.934625,1.544291,0.737906,0.972154
1433,5.970833,0.016901,-0.012932,0.365080,-0.930733,1.625729,0.862326,0.049294,0.010333,-0.019701,0.441469,-0.897001,1.417472,0.640586,0.049737,-0.009657,0.041001,-0.353843,0.934356,1.544382,0.737937,0.972078
1434,5.975000,0.016976,-0.012924,0.365092,-0.930727,1.625728,0.862323,0.049299,0.010436,-0.019422,0.440994,-0.897239,1.417406,0.640600,0.049683,-0.009556,0.040466,-0.354472,0.934142,1.544427,0.737999,0.972031
1435,5.979167,0.016964,-0.012891,0.365074,-0.930735,1.625724,0.862322,0.049306,0.010748,-0.019319,0.440538,-0.897462,1.417341,0.640630,0.049626,-0.009437,0.039984,-0.355114,0.933920,1.544490,0.738025,0.971980
1436,5.983333,0.017000,-0.012901,0.365084,-0.930730,1.625725,0.862323,0.049314,0.011014,-0.019181,0.440093,-0.897680,1.417288,0.640662,0.049578,-0.009326,0.039520,-0.355728,0.933707,1.544559,0.738054,0.971942
1437,5.987500,0.016953,-0.012895,0.365086,-0.930730,1.625727,0.862317,0.049305,0.011362,-0.019129,0.439645,-0.897896,1.417240,0.640688,0.049526,-0.009234,0.039057,-0.356358,0.933487,1.544613,0.738078,0.971928
1438,5.991667,0.016931,-0.012887,0.365108,-0.930722,1.625723,0.862310,0.049302,0.011699,-0.019100,0.439255,-0.898083,1.417205,0.640715,0.049482,-0.009074,0.038562,-0.356932,0.933290,1.544672,0.738096,0.971911
1439,5.995833,0.017044,-0.012901,0.365119,-0.930715,1.625728,0.862306,0.049326,0.012012,-0.019101,0.438920,-0.898243,1.417179,0.640738,0.049443,-0.008955,0.037970,-0.357509,0.933095,1.544736,0.738115,0.971884
1440,6.000000,0.016973,-0.012862,0.365158,-0.930702,1.625725,0.862305,0.049321,0.012247,-0.019139,0.438638,-0.898377,1.417165,0.640756,0.049417,-0.008837,0.037405,-0.358038,0.932916,1.544785,0.738109,0.971863
1441,6.004167,0.016916,-0.012900,0.365163,-0.930700,1.625724,0.862302,0.049327,0.012545,-0.019180,0.438428,-0.898474,1.417156,0.640776,0.049386,-0.008706,0.036810,-0.358494,0.932765,1.544810,0.738100,0.971859
1442,6.008333,0.016872,-0.012909,0.365196,-0.930688,1.625727,0.862297,0.049330,0.012968,-0.019354,0.438276,-0.898538,1.417158,0.640804,0.049356,-0.008600,0.036223,-0.358922,0.932625,1.544832,0.738093,0.971854
1443,6.012500,0.016817,-0.012896,0.365191,-0.930691,1.625722,0.862286,0.049336,0.013338,-0.019408,0.438220,-0.898559,1.417175,0.640836,0.049336,-0.008521,0.035560,-0.359329,0.932494,1.544851,0.738073,0.971835
1444,6.016667,0.016743,-0.012932,0.365219,-0.930681,1.625715,0.862275,0.049325,0.013761,-0.019668,0.438168,-0.898572,1.417191,0.640871,0.049302,-0.008508,0.034906,-0.359688,0.932381,1.544853,0.738054,0.971827
1445,6.020833,0.016592,-0.012888,0.365243,-0.930675,1.625715,0.862260,0.049334,0.014141,-0.019814,0.438165,-0.898565,1.417222,0.640911,0.049290,-0.008463,0.034247,-0.360002,0.932284,1.544847,0.738037,0.971832
1446,6.025000,0.016464,-0.012916,0.365238,-0.930679,1.625712,0.862240,0.049327,0.014568,-0.020061,0.438166,-0.898552,1.417255,0.640951,0.049272,-0.008496,0.033623,-0.360282,0.932199,1.544844,0.738013,0.971822
1447,6.029167,0.016275,-0.012892,0.365256,-0.930676,1.625705,0.862228,0.049332,0.014904,-0.020233,0.438226,-0.898514,1.417289,0.640978,0.049264,-0.008518,0.033083,-0.360545,0.932116,1.544843,0.737975,0.971815
1448,6.033333,0.016635,-0.012529,0.365269,-0.930669,1.625707,0.862222,0.049305,0.015191,-0.020374,0.438306,-0.898466,1.417326,0.641011,0.049256,-0.008659,0.032431,-0.360801,0.932038,1.544832,0.737947,0.971799
1449,6.037500,0.016085,-0.012787,0.365299,-0.930663,1.625703,0.862189,0.049324,0.015584,-0.020594,0.438361,-0.898428,1.417355,0.641043,0.049249,-0.008663,0.031925,-0.360961,0.931994,1.544827,0.737910,0.971792
1450,6.041667,0.016201,-0.012573,0.365296,-0.930665,1.625695,0.862189,0.049312,0.016014,-0.020852,0.438428,-0.898382,1.417387,0.641079,0.049244,-0.008715,0.031433,-0.361074,0.931966,1.544808,0.737884,0.971788
1451,6.045833,0.016464,-0.012376,0.365349,-0.930643,1.625696,0.862170,0.049295,0.016312,-0.021008,0.438495,-0.898340,1.417422,0.641105,0.049247,-0.008831,0.030926,-0.361171,0.931945,1.544779,0.737850,0.971778
1452,6.050000,0.016374,-0.012310,0.365357,-0.930642,1.625692,0.862150,0.049286,0.016665,-0.021220,0.438581,-0.898286,1.417455,0.641140,0.049235,-0.008881,0.030530,-0.361224,0.931937,1.544750,0.737816,0.971784
1453,6.054167,0.016063,-0.012285,0.365340,-0.930654,1.625686,0.862122,0.049293,0.017002,-0.021404,0.438695,-0.898220,1.417484,0.641171,0.049232,-0.008902,0.030184,-0.361247,0.931939,1.544713,0.737778,0.971802
1454,6.058333,0.015763,-0.012305,0.365309,-0.930672,1.625681,0.862098,0.049287,0.017298,-0.021603,0.438751,-0.898182,1.417512,0.641199,0.049226,-0.008994,0.029819,-0.361253,0.931948,1.544676,0.737744,0.971802
1455,6.062500,0.015493,-0.012213,0.365295,-0.930683,1.625674,0.862070,0.049284,0.017543,-0.021717,0.438854,-0.898125,1.417539,0.641226,0.049224,-0.008903,0.029560,-0.361210,0.931973,1.544632,0.737710,0.971835
1456,6.066667,0.015318,-0.012209,0.365285,-0.930690,1.625664,0.862047,0.049284,0.017785,-0.021868,0.438902,-0.898093,1.417565,0.641252,0.049220,-0.008863,0.029301,-0.361154,0.932004,1.544587,0.737672,0.971864
1457,6.070833,0.015061,-0.012192,0.365241,-0.930711,1.625660,0.862015,0.049285,0.018138,-0.022112,0.438954,-0.898054,1.417585,0.641281,0.049209,-0.008811,0.029040,-0.361054,0.932051,1.544539,0.737636,0.971887
1458,6.075000,0.014725,-0.012193,0.365212,-0.930728,1.625648,0.861995,0.049277,0.018371,-0.022274,0.438987,-0.898029,1.417607,0.641299,0.049203,-0.008700,0.028860,-0.360944,0.932100,1.544491,0.737606,0.971925
1459,6.079167,0.014572,-0.012147,0.365186,-0.930741,1.625639,0.861968,0.049283,0.018584,-0.022407,0.439047,-0.897992,1.417631,0.641316,0.049202,-0.008650,0.028637,-0.360804,0.932162,1.544451,0.737577,0.971944
1460,6.083333,0.014382,-0.012099,0.365170,-0.930751,1.625629,0.861942,0.049278,0.018893,-0.022640,0.439057,-0.897975,1.417649,0.641335,0.049194,-0.008578,0.028403,-0.360660,0.932225,1.544400,0.737549,0.971970
1461,6.087500,0.014136,-0.012094,0.365126,-0.930772,1.625622,0.861917,0.049275,0.019049,-0.022733,0.439073,-0.897962,1.417670,0.641344,0.049193,-0.008548,0.028169,-0.360469,0.932307,1.544350,0.737520,0.971986
1462,6.091667,0.013830,-0.012084,0.365102,-0.930786,1.625613,0.861888,0.049262,0.019308,-0.022842,0.439060,-0.897960,1.417684,0.641355,0.049185,-0.008459,0.027968,-0.360282,0.932386,1.544295,0.737493,0.972018
1463,6.095833,0.012664,-0.012633,0.365062,-0.930811,1.625600,0.861836,0.049300,0.019469,-0.022951,0.439058,-0.897954,1.417694,0.641368,0.049176,-0.008496,0.027710,-0.360042,0.932486,1.544241,0.737460,0.972021
1464,6.100000,0.012483,-0.012526,0.365028,-0.930829,1.625584,0.861830,0.049294,0.019582,-0.023055,0.439089,-0.897934,1.417704,0.641379,0.049171,-0.008471,0.027476,-0.359779,0.932594,1.544182,0.737441,0.972038
1465,6.104167,0.012020,-0.012688,0.364970,-0.930855,1.625579,0.861800,0.049307,0.019775,-0.023141,0.439079,-0.897933,1.417715,0.641389,0.049156,-0.008547,0.027256,-0.359506,0.932706,1.544126,0.737413,0.972039
1466,6.108333,0.010973,-0.013030,0.364894,-0.930893,1.625555,0.861784,0.049346,0.019852,-0.023236,0.439041,-0.897947,1.417723,0.641395,0.049157,-0.008633,0.027055,-0.359253,0.932808,1.544065,0.737379,0.972046
1467,6.112500,0.010803,-0.013056,0.364873,-0.930903,1.625544,0.861755,0.049342,0.019984,-0.023330,0.439031,-0.897947,1.417731,0.641405,0.049147,-0.008764,0.026796,-0.358967,0.932924,1.544004,0.737353,0.972036
1468,6.116667,0.010547,-0.013022,0.364823,-0.930926,1.625533,0.861733,0.049343,0.020105,-0.023371,0.439009,-0.897954,1.417730,0.641413,0.049140,-0.008898,0.026556,-0.358671,0.933044,1.543944,0.737321,0.972019
1469,6.120833,0.010570,-0.013006,0.364712,-0.930970,1.625538,0.861659,0.049355,0.020183,-0.023360,0.438994,-0.897960,1.417730,0.641407,0.049133,-0.009057,0.026336,-0.358365,0.933166,1.543882,0.737282,0.972002
1470,6.125000,0.010360,-0.012950,0.364646,-0.930999,1.625531,0.861635,0.049356,0.020250,-0.023388,0.438966,-0.897971,1.417731,0.641414,0.049122,-0.009205,0.026108,-0.358064,0.933286,1.543817,0.737246,0.971983
1471,6.129167,0.010013,-0.012933,0.364613,-0.931016,1.625516,0.861617,0.049345,0.020322,-0.023394,0.438941,-0.897981,1.417730,0.641409,0.049112,-0.009378,0.025905,-0.357782,0.933399,1.543753,0.737206,0.971961
1472,6.133333,0.009729,-0.012922,0.364557,-0.931041,1.625510,0.861604,0.049338,0.020357,-0.023446,0.438903,-0.897998,1.417731,0.641406,0.049110,-0.009508,0.025702,-0.357476,0.933520,1.543685,0.737161,0.971936
1473,6.137500,0.009605,-0.012896,0.364513,-0.931060,1.625507,0.861590,0.049343,0.020382,-0.023435,0.438878,-0.898010,1.417726,0.641406,0.049102,-0.009555,0.025532,-0.357149,0.933650,1.543600,0.737115,0.971925
1474,6.141667,0.009490,-0.012929,0.364486,-0.931071,1.625501,0.861576,0.049339,0.020391,-0.023434,0.438863,-0.898017,1.417723,0.641410,0.049097,-0.009687,0.025302,-0.356842,0.933772,1.543527,0.737065,0.971885
1475,6.145833,0.009299,-0.012900,0.364432,-0.931094,1.625492,0.861562,0.049340,0.020479,-0.023450,0.438841,-0.898025,1.417721,0.641406,0.049084,-0.009736,0.025109,-0.356559,0.933885,1.543458,0.737004,0.971849
1476,6.150000,0.009024,-0.012890,0.364395,-0.931111,1.625482,0.861545,0.049333,0.020522,-0.023501,0.438828,-0.898029,1.417719,0.641403,0.049076,-0.009852,0.024873,-0.356295,0.933991,1.543384,0.736951,0.971804
1477,6.154167,0.008959,-0.012895,0.364352,-0.931129,1.625473,0.861538,0.049331,0.020510,-0.023449,0.438816,-0.898036,1.417722,0.641398,0.049071,-0.009985,0.024642,-0.356045,0.934091,1.543315,0.736894,0.971752
1478,6.158333,0.008819,-0.012904,0.364323,-0.931142,1.625471,0.861521,0.049330,0.020542,-0.023468,0.438809,-0.898039,1.417732,0.641395,0.049065,-0.010066,0.024425,-0.355829,0.934178,1.543240,0.736811,0.971706
1479,6.162500,0.008618,-0.012882,0.364304,-0.931151,1.625467,0.861505,0.049326,0.020624,-0.023488,0.438788,-0.898047,1.417732,0.641389,0.049061,-0.010150,0.024212,-0.355623,0.934260,1.543175,0.736743,0.971665
1480,6.166667,0.007897,-0.013022,0.364243,-0.931179,1.625470,0.861474,0.049255,0.020676,-0.023539,0.438780,-0.898048,1.417737,0.641391,0.049059,-0.010236,0.024002,-0.355420,0.934342,1.543111,0.736668,0.971618
1481,6.170833,0.007089,-0.012963,0.364300,-0.931165,1.625456,0.861418,0.049213,0.020734,-0.023567,0.438753,-0.898059,1.417746,0.641388,0.049058,-0.010313,0.023769,-0.355180,0.934439,1.543033,0.736592,0.971574
1482,6.175000,0.008181,-0.012803,0.364280,-0.931165,1.625431,0.861456,0.049336,0.020824,-0.023624,0.438730,-0.898067,1.417750,0.641391,0.049051,-0.010431,0.023489,-0.354981,0.934520,1.542964,0.736509,0.971516
1483,6.179167,0.008130,-0.012841,0.364179,-0.931205,1.625441,0.861464,0.049323,0.020941,-0.023706,0.438728,-0.898063,1.417755,0.641397,0.049044,-0.009871,0.023691,-0.354821,0.934582,1.542928,0.736388,0.971582
1484,6.183333,0.008099,-0.012843,0.364130,-0.931224,1.625443,0.861465,0.049333,0.020997,-0.023736,0.438717,-0.898066,1.417765,0.641394,0.049042,-0.009744,0.023500,-0.354650,0.934653,1.542887,0.736291,0.971554
1485,6.187500,0.007425,-0.012923,0.364020,-0.931272,1.625454,0.861441,0.049263,0.021064,-0.023795,0.438682,-0.898080,1.417777,0.641395,0.049039,-0.009769,0.023128,-0.354455,0.934736,1.542822,0.736204,0.971512
1486,6.191667,0.006637,-0.012907,0.364073,-0.931257,1.625439,0.861387,0.049222,0.021180,-0.023907,0.438673,-0.898079,1.417784,0.641398,0.049028,-0.009741,0.022860,-0.354312,0.934797,1.542787,0.736106,0.971476
1487,6.195833,0.006372,-0.012941,0.364100,-0.931248,1.625423,0.861360,0.049213,0.021258,-0.023990,0.438650,-0.898086,1.417791,0.641400,0.049025,-0.009751,0.022603,-0.354208,0.934843,1.542756,0.736004,0.971442
1488,6.200000,0.007618,-0.012756,0.364046,-0.931262,1.625408,0.861417,0.049330,0.021338,-0.024091,0.438633,-0.898090,1.417801,0.641405,0.049018,-0.009783,0.022288,-0.354061,0.934906,1.542720,0.735914,0.971412
1489,6.204167,0.007623,-0.012781,0.363942,-0.931303,1.625414,0.861430,0.049322,0.021442,-0.024128,0.438635,-0.898085,1.417811,0.641412,0.049016,-0.009827,0.021954,-0.353869,0.934986,1.542679,0.735825,0.971388
1490,6.208333,0.007549,-0.012805,0.363883,-0.931326,1.625416,0.861426,0.049321,0.021542,-0.024194,0.438644,-0.898077,1.417826,0.641415,0.049019,-0.009873,0.021639,-0.353700,0.935057,1.542661,0.735728,0.971360
1491,6.212500,0.007381,-0.012773,0.363823,-0.931351,1.625411,0.861417,0.049319,0.021629,-0.024226,0.438625,-0.898083,1.417840,0.641420,0.049017,-0.009945,0.021296,-0.353505,0.935137,1.542640,0.735633,0.971329
1492,6.216667,0.007199,-0.012742,0.363774,-0.931372,1.625403,0.861413,0.049324,0.021776,-0.024360,0.438589,-0.898093,1.417845,0.641423,0.049009,-0.010035,0.020940,-0.353303,0.935221,1.542620,0.735536,0.971305
1493,6.220833,0.007096,-0.012701,0.363739,-0.931387,1.625392,0.861403,0.049319,0.021876,-0.024461,0.438590,-0.898088,1.417860,0.641431,0.049005,-0.010227,0.020479,-0.353020,0.935336,1.542589,0.735445,0.971262
1494,6.225000,0.006936,-0.012664,0.363693,-0.931407,1.625378,0.861395,0.049317,0.021957,-0.024489,0.438576,-0.898092,1.417873,0.641435,0.049001,-0.010367,0.020111,-0.352758,0.935441,1.542569,0.735348,0.971229
1495,6.229167,0.006799,-0.012604,0.363603,-0.931444,1.625374,0.861381,0.049323,0.022045,-0.024540,0.438574,-0.898089,1.417888,0.641439,0.049001,-0.010556,0.019764,-0.352463,0.935557,1.542559,0.735253,0.971188
1496,6.233333,0.006624,-0.012583,0.363563,-0.931461,1.625363,0.861376,0.049325,0.022148,-0.024669,0.438550,-0.898095,1.417890,0.641447,0.048997,-0.010693,0.019460,-0.352171,0.935672,1.542551,0.735158,0.971164
1497,6.237500,0.006411,-0.012529,0.363513,-0.931483,1.625350,0.861367,0.049319,0.022211,-0.024675,0.438535,-0.898101,1.417898,0.641451,0.048993,-0.010668,0.019284,-0.351908,0.935775,1.542565,0.735066,0.971162
1498,6.241667,0.005637,-0.012651,0.363452,-0.931510,1.625353,0.861335,0.049252,0.022321,-0.024706,0.438519,-0.898105,1.417912,0.641454,0.048992,-0.010807,0.019027,-0.351613,0.935890,1.542568,0.734973,0.971132
1499,6.245833,0.006119,-0.012479,0.363447,-0.931511,1.625319,0.861340,0.049324,0.022432,-0.024843,0.438476,-0.898119,1.417917,0.641456,0.048989,-0.010863,0.018773,-0.351326,0.936002,1.542565,0.734887,0.971118
1500,6.250000,0.006034,-0.012479,0.363355,-0.931548,1.625316,0.861337,0.049325,0.022439,-0.024872,0.438478,-0.898117,1.417924,0.641458,0.048988,-0.010949,0.018567,-0.351005,0.936125,1.542573,0.734807,0.971100
1501,6.254167,0.005909,-0.012466,0.363305,-0.931568,1.625313,0.861333,0.049319,0.022473,-0.024872,0.438447,-0.898132,1.417932,0.641466,0.048987,-0.011092,0.018280,-0.350671,0.936255,1.542561,0.734716,0.971070
1502,6.258333,0.005832,-0.012389,0.363240,-0.931595,1.625314,0.861324,0.049327,0.022603,-0.024979,0.438427,-0.898135,1.417933,0.641470,0.048980,-0.011205,0.018056,-0.350313,0.936391,1.542542,0.734639,0.971055
1503,6.262500,0.005103,-0.012552,0.363201,-0.931612,1.625311,0.861290,0.049265,0.022683,-0.025070,0.438402,-0.898143,1.417942,0.641474,0.048982,-0.011254,0.017849,-0.349994,0.936514,1.542533,0.734562,0.971039
1504,6.266667,0.004323,-0.012534,0.363223,-0.931608,1.625290,0.861246,0.049223,0.022688,-0.025025,0.438395,-0.898147,1.417942,0.641473,0.048986,-0.011188,0.017736,-0.349654,0.936644,1.542521,0.734496,0.971052
1505,6.270833,0.005378,-0.012333,0.363144,-0.931636,1.625268,0.861293,0.049334,0.022727,-0.025031,0.438372,-0.898158,1.417948,0.641474,0.048980,-0.011308,0.017509,-0.349282,0.936786,1.542496,0.734425,0.971026
1506,6.275000,0.005292,-0.012334,0.363078,-0.931662,1.625278,0.861300,0.049325,0.022753,-0.025061,0.438351,-0.898166,1.417954,0.641479,0.048977,-0.011360,0.017299,-0.348906,0.936929,1.542480,0.734358,0.971002
1507,6.279167,0.004662,-0.012418,0.363026,-0.931684,1.625286,0.861268,0.049258,0.022841,-0.025155,0.438332,-0.898171,1.417955,0.641484,0.048972,-0.011372,0.017155,-0.348547,0.937065,1.542461,0.734289,0.970992
1508,6.283333,0.005159,-0.012291,0.363024,-0.931684,1.625268,0.861287,0.049325,0.022862,-0.025204,0.438327,-0.898171,1.417952,0.641489,0.048969,-0.011329,0.017126,-0.348186,0.937201,1.542446,0.734226,0.970995
1509,6.287500,0.004592,-0.012380,0.362954,-0.931714,1.625282,0.861265,0.049274,0.022904,-0.025134,0.438303,-0.898184,1.417962,0.641485,0.048977,-0.011459,0.016913,-0.347821,0.937339,1.542407,0.734163,0.970966
1510,6.291667,0.004068,-0.012453,0.362968,-0.931709,1.625270,0.861232,0.049227,0.022922,-0.025189,0.438286,-0.898190,1.417965,0.641490,0.048970,-0.011403,0.016932,-0.347521,0.937450,1.542403,0.734097,0.970968
1511,6.295833,0.003857,-0.012426,0.362994,-0.931701,1.625268,0.861210,0.049220,0.022993,-0.025171,0.438261,-0.898201,1.417967,0.641492,0.048973,-0.011359,0.016897,-0.347194,0.937572,1.542381,0.734037,0.970965
1512,6.300000,0.004992,-0.012227,0.362933,-0.931721,1.625258,0.861276,0.049336,0.022995,-0.025202,0.438246,-0.898207,1.417969,0.641497,0.048974,-0.011335,0.016856,-0.346905,0.937680,1.542361,0.733977,0.970956
1513,6.304167,0.004600,-0.012372,0.362858,-0.931751,1.625276,0.861266,0.049274,0.023068,-0.025227,0.438228,-0.898214,1.417967,0.641502,0.048967,-0.011297,0.016819,-0.346629,0.937784,1.542343,0.733914,0.970947
1514,6.308333,0.005072,-0.012290,0.362871,-0.931745,1.625260,0.861284,0.049325,0.023115,-0.025239,0.438210,-0.898221,1.417964,0.641506,0.048965,-0.011255,0.016782,-0.346352,0.937887,1.542319,0.733852,0.970940
1515,6.312500,0.005179,-0.012316,0.362856,-0.931750,1.625270,0.861291,0.049332,0.023112,-0.025219,0.438192,-0.898230,1.417965,0.641510,0.048967,-0.011353,0.016590,-0.346089,0.937986,1.542278,0.733797,0.970910
1516,6.316667,0.005179,-0.012318,0.362864,-0.931746,1.625274,0.861292,0.049326,0.023175,-0.025265,0.438182,-0.898232,1.417964,0.641511,0.048967,-0.011279,0.016526,-0.345829,0.938084,1.542251,0.733733,0.970904
1517,6.320833,0.005176,-0.012299,0.362849,-0.931753,1.625276,0.861289,0.049332,0.023146,-0.025193,0.438173,-0.898240,1.417966,0.641511,0.048971,-0.011419,0.016255,-0.345594,0.938174,1.542206,0.733686,0.970864
1518,6.325000,0.005197,-0.012314,0.362838,-0.931756,1.625276,0.861292,0.049333,0.023192,-0.025236,0.438153,-0.898247,1.417966,0.641515,0.048972,-0.011457,0.016135,-0.345400,0.938247,1.542187,0.733629,0.970839
1519,6.329167,0.005201,-0.012285,0.362806,-0.931769,1.625282,0.861292,0.049336,0.023206,-0.025272,0.438124,-0.898259,1.417963,0.641519,0.048966,-0.011382,0.015987,-0.345149,0.938343,1.542152,0.733568,0.970818
1520,6.333333,0.005238,-0.012331,0.362837,-0.931756,1.625282,0.861292,0.049341,0.023237,-0.025282,0.438119,-0.898261,1.417962,0.641523,0.048967,-0.011422,0.015805,-0.344938,0.938423,1.542110,0.733511,0.970793
1521,6.337500,0.005257,-0.012313,0.362825,-0.931761,1.625283,0.861299,0.049341,0.023308,-0.025326,0.438081,-0.898277,1.417961,0.641525,0.048959,-0.011449,0.015666,-0.344755,0.938492,1.542076,0.733460,0.970772
1522,6.341667,0.005296,-0.012342,0.362805,-0.931768,1.625285,0.861296,0.049338,0.023307,-0.025292,0.438064,-0.898286,1.417956,0.641526,0.048959,-0.011435,0.015480,-0.344551,0.938570,1.542042,0.733408,0.970743
1523,6.345833,0.005212,-0.012345,0.362810,-0.931767,1.625285,0.861294,0.049337,0.023348,-0.025339,0.438047,-0.898291,1.417962,0.641526,0.048956,-0.011501,0.015276,-0.344378,0.938636,1.542008,0.733356,0.970711
1524,6.350000,0.005292,-0.012324,0.362784,-0.931777,1.625291,0.861298,0.049343,0.023349,-0.025304,0.438031,-0.898300,1.417965,0.641527,0.048956,-0.011437,0.015232,-0.344284,0.938672,1.541989,0.733298,0.970704
1525,6.354167,0.005231,-0.012340,0.362783,-0.931777,1.625292,0.861301,0.049340,0.023434,-0.025353,0.438023,-0.898301,1.417963,0.641531,0.048950,-0.011505,0.014960,-0.344122,0.938735,1.541941,0.733252,0.970673
1526,6.358333,0.005192,-0.012292,0.362744,-0.931793,1.625295,0.861295,0.049341,0.023422,-0.025321,0.438031,-0.898298,1.417962,0.641536,0.048955,-0.011508,0.014784,-0.343978,0.938791,1.541906,0.733206,0.970653
1527,6.362500,0.005205,-0.012322,0.362747,-0.931792,1.625292,0.861291,0.049344,0.023518,-0.025395,0.437996,-0.898310,1.417963,0.641537,0.048949,-0.011422,0.014726,-0.343892,0.938824,1.541891,0.733163,0.970650
1528,6.366667,0.005145,-0.012292,0.362740,-0.931795,1.625291,0.861290,0.049342,0.023519,-0.025393,0.437983,-0.898317,1.417959,0.641541,0.048947,-0.011411,0.014536,-0.343770,0.938872,1.541857,0.733119,0.970634
1529,6.370833,0.005147,-0.012307,0.362749,-0.931791,1.625292,0.861293,0.049350,0.023570,-0.025380,0.437989,-0.898313,1.417961,0.641542,0.048945,-0.011360,0.014377,-0.343636,0.938924,1.541821,0.733081,0.970639
1530,6.375000,0.005115,-0.012284,0.362728,-0.931800,1.625284,0.861288,0.049352,0.023606,-0.025390,0.437958,-0.898327,1.417960,0.641551,0.048945,-0.011396,0.014159,-0.343518,0.938970,1.541789,0.733044,0.970619
1531,6.379167,0.005118,-0.012306,0.362705,-0.931809,1.625282,0.861278,0.049343,0.023608,-0.025345,0.437959,-0.898328,1.417967,0.641553,0.048946,-0.011347,0.014046,-0.343414,0.939011,1.541765,0.733002,0.970620
1532,6.383333,0.005012,-0.012325,0.362673,-0.931822,1.625281,0.861272,0.049342,0.023640,-0.025382,0.437944,-0.898333,1.417973,0.641554,0.048948,-0.011351,0.013900,-0.343289,0.939058,1.541736,0.732965,0.970617
1533,6.387500,0.004943,-0.012284,0.362654,-0.931830,1.625281,0.861265,0.049348,0.023726,-0.025431,0.437930,-0.898336,1.417974,0.641559,0.048947,-0.011406,0.013697,-0.343152,0.939111,1.541704,0.732929,0.970601
1534,6.391667,0.004117,-0.012396,0.362641,-0.931837,1.625287,0.861229,0.049269,0.023777,-0.025476,0.437921,-0.898338,1.417975,0.641563,0.048941,-0.011323,0.013642,-0.343013,0.939163,1.541667,0.732898,0.970627
