time_s,frame,position_error_m,x_error_m,y_error_m,velocity_error_ms,heading_error_deg,joint_track_20cm_10deg,gait
0.4825,1,0.0001,0.0,-0.0001,0.0132,0.0,1,stand
0.4843,2,0.0001,-0.0,-0.0001,0.0132,0.001,1,stand
0.4864,3,0.0001,-0.0,-0.0001,0.0132,0.001,1,stand
0.4886,4,0.0001,-0.0,-0.0001,0.0127,0.001,1,stand
0.4919,5,0.0001,-0.0,-0.0001,0.0094,0.005,1,stand
0.4939,6,0.0002,-0.0,-0.0002,0.0094,0.005,1,stand
0.4962,7,0.0002,-0.0,-0.0002,0.0158,0.004,1,stand
0.4983,8,0.0002,-0.0,-0.0002,0.0158,0.004,1,stand
0.5005,9,0.0003,-0.0,-0.0003,0.0104,0.007,1,stand
0.5025,10,0.0003,-0.0,-0.0003,0.0104,0.007,1,stand
0.5047,11,0.0003,-0.0,-0.0003,0.0127,0.016,1,stand
0.5067,12,0.0003,-0.0,-0.0003,0.0127,0.015,1,stand
0.5089,13,0.0004,-0.0,-0.0003,0.0085,0.015,1,stand
0.511,14,0.0004,-0.0,-0.0003,0.0085,0.014,1,stand
0.5131,15,0.0004,-0.0,-0.0004,0.0123,0.023,1,stand
0.5152,16,0.0004,-0.0001,-0.0004,0.0123,0.023,1,stand
0.5173,17,0.0004,-0.0,-0.0004,0.0115,0.03,1,stand
0.5193,18,0.0004,-0.0,-0.0004,0.0115,0.03,1,stand
0.5215,19,0.0006,-0.0001,-0.0006,0.0273,0.017,1,stand
0.5236,20,0.0006,-0.0001,-0.0005,0.0273,0.017,1,stand
0.5257,21,0.0006,-0.0001,-0.0006,0.0113,0.018,1,stand
0.5278,22,0.0006,-0.0001,-0.0006,0.0113,0.018,1,stand
0.5299,23,0.0006,-0.0001,-0.0006,0.0121,0.02,1,stand
0.532,24,0.0006,-0.0001,-0.0006,0.0121,0.02,1,stand
0.5341,25,0.0007,-0.0001,-0.0007,0.0126,0.028,1,stand
0.5362,26,0.0007,-0.0001,-0.0007,0.0126,0.028,1,stand
0.5383,27,0.0007,-0.0001,-0.0007,0.0097,0.029,1,stand
0.5403,28,0.0007,-0.0001,-0.0007,0.0097,0.029,1,stand
0.5424,29,0.0008,-0.0001,-0.0008,0.0126,0.024,1,stand
0.5445,30,0.0008,-0.0001,-0.0008,0.0126,0.024,1,stand
0.5465,31,0.0008,-0.0,-0.0008,0.0215,0.014,1,stand
0.5486,32,0.0008,-0.0001,-0.0008,0.0215,0.013,1,stand
0.5507,33,0.0009,-0.0,-0.0009,0.0112,0.022,1,stand
0.5528,34,0.0008,-0.0,-0.0008,0.0112,0.022,1,stand
0.5549,35,0.0009,-0.0001,-0.0009,0.0137,0.016,1,stand
0.5569,36,0.0009,-0.0001,-0.0009,0.0137,0.016,1,stand
0.559,37,0.0009,-0.0,-0.0009,0.0107,0.018,1,stand
0.561,38,0.0009,-0.0001,-0.0009,0.0107,0.018,1,stand
0.5631,39,0.001,-0.0,-0.001,0.0091,0.026,1,stand
0.5652,40,0.001,-0.0,-0.001,0.0091,0.025,1,stand
0.5672,41,0.001,-0.0,-0.001,0.0116,0.025,1,stand
0.5693,42,0.001,-0.0001,-0.001,0.0116,0.025,1,stand
0.5713,43,0.0011,-0.0,-0.0011,0.0108,0.027,1,stand
0.5734,44,0.0011,-0.0001,-0.0011,0.0108,0.027,1,stand
0.5754,45,0.0011,-0.0001,-0.0011,0.0094,0.03,1,stand
0.5775,46,0.0011,-0.0001,-0.0011,0.0094,0.03,1,stand
0.5797,47,0.0011,-0.0,-0.0011,0.009,0.037,1,stand
0.5819,48,0.0011,-0.0001,-0.0011,0.009,0.037,1,stand
0.5842,49,0.0012,-0.0001,-0.0012,0.0115,0.035,1,stand
0.5862,50,0.0012,-0.0001,-0.0012,0.0115,0.035,1,stand
0.5883,51,0.0012,-0.0001,-0.0012,0.0108,0.044,1,stand
0.5903,52,0.0012,-0.0001,-0.0012,0.0108,0.044,1,stand
0.5925,53,0.0013,-0.0001,-0.0013,0.0113,0.043,1,stand
0.5945,54,0.0013,-0.0001,-0.0013,0.0113,0.043,1,stand
0.5967,55,0.0013,-0.0001,-0.0013,0.0112,0.049,1,stand
0.5988,56,0.0013,-0.0001,-0.0013,0.0112,0.049,1,stand
0.601,57,0.0014,-0.0001,-0.0014,0.0139,0.046,1,stand
0.604,58,0.0014,-0.0001,-0.0014,0.0084,0.047,1,stand
0.606,59,0.0014,-0.0001,-0.0014,0.0084,0.047,1,stand
0.6092,60,0.0015,-0.0001,-0.0015,0.0126,0.048,1,stand
0.6112,61,0.0015,-0.0001,-0.0015,0.0126,0.048,1,stand
0.6136,62,0.0015,-0.0001,-0.0015,0.0115,0.054,1,stand
0.6162,63,0.0016,-0.0001,-0.0016,0.0089,0.061,1,stand
0.618,64,0.0016,-0.0002,-0.0016,0.0089,0.062,1,stand
0.6217,65,0.0017,-0.0002,-0.0017,0.0129,0.066,1,stand
0.6236,66,0.0017,-0.0002,-0.0017,0.0129,0.066,1,stand
0.6258,67,0.0017,-0.0002,-0.0017,0.0099,0.071,1,stand
0.6279,68,0.0017,-0.0002,-0.0017,0.0099,0.072,1,stand
0.6303,69,0.0018,-0.0002,-0.0018,0.0134,0.082,1,stand
0.6325,70,0.0018,-0.0002,-0.0018,0.0134,0.082,1,stand
0.6345,71,0.0019,-0.0002,-0.0018,0.0094,0.077,1,stand
0.6368,72,0.0019,-0.0002,-0.0019,0.0133,0.085,1,stand
0.6385,73,0.0019,-0.0002,-0.0019,0.0133,0.085,1,stand
0.641,74,0.002,-0.0003,-0.002,0.013,0.085,1,stand
0.6426,75,0.002,-0.0003,-0.002,0.013,0.085,1,stand
0.645,76,0.0021,-0.0003,-0.0021,0.0123,0.095,1,stand
0.6468,77,0.0022,-0.0004,-0.0021,0.0123,0.095,1,stand
0.6488,78,0.0022,-0.0004,-0.0022,0.0123,0.093,1,stand
0.6509,79,0.0024,-0.0006,-0.0023,0.0125,0.088,1,stand
0.6532,80,0.0026,-0.0006,-0.0025,0.0177,0.089,1,stand
0.655,81,0.0026,-0.0007,-0.0025,0.0177,0.08,1,stand
0.657,82,0.0027,-0.0007,-0.0026,0.0177,0.077,1,stand
0.6591,83,0.0028,-0.0007,-0.0027,0.0149,0.07,1,stand
0.6611,84,0.0028,-0.0008,-0.0027,0.0149,0.06,1,stand
0.6632,85,0.0029,-0.0008,-0.0028,0.0161,0.057,1,stand
0.6652,86,0.0029,-0.0008,-0.0028,0.0161,0.054,1,stand
0.6673,87,0.003,-0.0008,-0.0028,0.0176,0.048,1,stand
0.6693,88,0.003,-0.0008,-0.0028,0.0176,0.042,1,stand
0.6714,89,0.003,-0.0008,-0.0029,0.0186,0.042,1,stand
0.6734,90,0.003,-0.0008,-0.0029,0.0186,0.04,1,stand
0.6755,91,0.0031,-0.0008,-0.003,0.0198,0.034,1,stand
0.6776,92,0.0031,-0.0008,-0.003,0.0198,0.03,1,stand
0.6796,93,0.0031,-0.0007,-0.0031,0.0169,0.029,1,stand
0.6817,94,0.0031,-0.0007,-0.0031,0.0169,0.027,1,stand
0.6838,95,0.0032,-0.0007,-0.0031,0.0209,0.034,1,stand
0.6858,96,0.0032,-0.0007,-0.0031,0.0209,0.033,1,stand
0.6879,97,0.0033,-0.0007,-0.0032,0.019,0.032,1,stand
0.6899,98,0.0033,-0.0007,-0.0032,0.019,0.031,1,stand
0.692,99,0.0034,-0.0007,-0.0033,0.0247,0.041,1,stand
0.6941,100,0.0034,-0.0007,-0.0033,0.0247,0.04,1,stand
0.6961,101,0.0035,-0.0007,-0.0034,0.0294,0.055,1,stand
0.6982,102,0.0035,-0.0007,-0.0034,0.0294,0.055,1,stand
0.7003,103,0.0036,-0.0007,-0.0035,0.0229,0.062,1,stand
0.7023,104,0.0036,-0.0007,-0.0035,0.0229,0.062,1,stand
0.7044,105,0.0038,-0.0008,-0.0037,0.0407,0.056,1,stand
0.7065,106,0.0038,-0.0008,-0.0037,0.0407,0.056,1,stand
0.7087,107,0.0039,-0.0008,-0.0038,0.0152,0.071,1,stand
0.7108,108,0.0039,-0.0008,-0.0038,0.0152,0.07,1,stand
0.7129,109,0.004,-0.0009,-0.0039,0.0217,0.085,1,stand
0.715,110,0.004,-0.0009,-0.0039,0.0217,0.085,1,stand
0.7171,111,0.0041,-0.0009,-0.004,0.0267,0.098,1,stand
0.7192,112,0.0041,-0.0009,-0.004,0.0267,0.098,1,stand
0.7213,113,0.0042,-0.001,-0.0041,0.022,0.115,1,stand
0.7233,114,0.0042,-0.001,-0.0041,0.022,0.115,1,stand
0.7255,115,0.0043,-0.001,-0.0042,0.0209,0.133,1,stand
0.7275,116,0.0043,-0.001,-0.0042,0.0209,0.133,1,stand
0.7297,117,0.0044,-0.001,-0.0043,0.0191,0.16,1,stand
0.7318,118,0.0044,-0.001,-0.0043,0.0191,0.16,1,stand
0.734,119,0.0045,-0.001,-0.0043,0.0192,0.178,1,stand
0.7361,120,0.0045,-0.001,-0.0043,0.0192,0.178,1,stand
0.7382,121,0.0045,-0.0011,-0.0044,0.0199,0.203,1,stand
0.7403,122,0.0045,-0.0011,-0.0044,0.0199,0.203,1,stand
0.7424,123,0.0046,-0.0011,-0.0045,0.0192,0.231,1,stand
0.7444,124,0.0046,-0.0011,-0.0045,0.0192,0.23,1,stand
0.7466,125,0.0047,-0.0012,-0.0046,0.0201,0.262,1,stand
0.7486,126,0.0047,-0.0012,-0.0046,0.0201,0.262,1,stand
0.7507,127,0.0048,-0.0012,-0.0047,0.0217,0.292,1,stand
0.7528,128,0.0048,-0.0012,-0.0047,0.0217,0.292,1,stand
0.7549,129,0.0049,-0.0013,-0.0047,0.0175,0.32,1,stand
0.757,130,0.0049,-0.0013,-0.0047,0.0175,0.32,1,stand
0.7591,131,0.005,-0.0013,-0.0048,0.024,0.347,1,stand
0.7611,132,0.005,-0.0013,-0.0048,0.024,0.346,1,stand
0.7632,133,0.0051,-0.0014,-0.0049,0.0326,0.366,1,stand
0.7652,134,0.0051,-0.0014,-0.0049,0.0326,0.366,1,stand
0.7673,135,0.0052,-0.0015,-0.005,0.0218,0.395,1,stand
0.7693,136,0.0052,-0.0015,-0.005,0.0218,0.395,1,stand
0.7714,137,0.0053,-0.0015,-0.0051,0.0292,0.428,1,stand
0.7735,138,0.0054,-0.0015,-0.0051,0.0292,0.428,1,stand
0.7756,139,0.0054,-0.0016,-0.0052,0.0207,0.458,1,stand
0.7776,140,0.0054,-0.0016,-0.0052,0.0207,0.458,1,stand
0.7797,141,0.0056,-0.0016,-0.0053,0.0273,0.487,1,stand
0.7818,142,0.0056,-0.0016,-0.0053,0.0273,0.487,1,stand
0.7839,143,0.0057,-0.0017,-0.0054,0.0228,0.521,1,stand
0.786,144,0.0057,-0.0017,-0.0054,0.0228,0.521,1,stand
0.7881,145,0.0058,-0.0017,-0.0055,0.023,0.556,1,stand
0.7901,146,0.0058,-0.0017,-0.0055,0.023,0.556,1,stand
0.7922,147,0.0059,-0.0018,-0.0056,0.0231,0.58,1,stand
0.7943,148,0.0059,-0.0018,-0.0056,0.0231,0.58,1,stand
0.7963,149,0.006,-0.0018,-0.0057,0.0285,0.617,1,stand
0.7983,150,0.006,-0.0018,-0.0057,0.0285,0.617,1,stand
0.8004,151,0.0061,-0.0018,-0.0058,0.0226,0.648,1,stand
0.8024,152,0.0061,-0.0018,-0.0058,0.0226,0.649,1,stand
0.8045,153,0.0062,-0.0018,-0.0059,0.0235,0.689,1,stand
0.8065,154,0.0062,-0.0018,-0.0059,0.0235,0.689,1,stand
0.8086,155,0.0063,-0.0019,-0.006,0.0273,0.723,1,stand
0.8106,156,0.0063,-0.0019,-0.006,0.0273,0.724,1,stand
0.8127,157,0.0061,-0.0018,-0.0058,0.0536,0.924,1,stand
0.8148,158,0.0061,-0.0018,-0.0058,0.0536,0.924,1,stand
0.8168,159,0.0062,-0.0019,-0.0059,0.0394,0.955,1,stand
0.8189,160,0.0062,-0.0019,-0.0059,0.0394,0.955,1,stand
0.8209,161,0.0063,-0.0019,-0.006,0.0312,1.004,1,stand
0.823,162,0.0063,-0.0019,-0.006,0.0312,1.005,1,stand
0.8251,163,0.0064,-0.002,-0.0061,0.027,1.055,1,stand
0.8271,164,0.0064,-0.002,-0.0061,0.027,1.056,1,stand
0.8292,165,0.0066,-0.0021,-0.0062,0.0302,1.115,1,stand
0.8312,166,0.0066,-0.0021,-0.0062,0.0302,1.115,1,stand
0.8334,167,0.0067,-0.0022,-0.0063,0.0243,1.172,1,stand
0.8354,168,0.0066,-0.0021,-0.0063,0.0243,1.173,1,stand
0.8375,169,0.0067,-0.0022,-0.0064,0.0265,1.226,1,stand
0.8396,170,0.0067,-0.0022,-0.0064,0.0265,1.226,1,stand
0.8417,171,0.0068,-0.0023,-0.0064,0.029,1.288,1,stand
0.8438,172,0.0068,-0.0023,-0.0064,0.029,1.288,1,stand
0.8458,173,0.0069,-0.0024,-0.0065,0.0207,1.33,1,stand
0.8479,174,0.0069,-0.0023,-0.0065,0.0207,1.33,1,stand
0.8501,175,0.007,-0.0025,-0.0065,0.0283,1.383,1,stand
0.8521,176,0.007,-0.0025,-0.0065,0.0283,1.383,1,stand
0.8543,177,0.007,-0.0025,-0.0066,0.0181,1.425,1,stand
0.8563,178,0.007,-0.0025,-0.0066,0.0181,1.425,1,stand
0.8584,179,0.0071,-0.0026,-0.0066,0.0175,1.474,1,stand
0.8605,180,0.0071,-0.0026,-0.0066,0.0175,1.474,1,stand
0.8626,181,0.0072,-0.0026,-0.0067,0.0185,1.518,1,stand
0.8647,182,0.0072,-0.0026,-0.0067,0.0185,1.518,1,stand
0.8668,183,0.0073,-0.0027,-0.0068,0.0297,1.569,1,stand
0.8688,184,0.0073,-0.0027,-0.0068,0.0297,1.569,1,stand
0.8709,185,0.0074,-0.0027,-0.0069,0.0254,1.623,1,stand
0.873,186,0.0074,-0.0027,-0.0068,0.0254,1.623,1,stand
0.8757,187,0.0075,-0.0028,-0.0069,0.0202,1.677,1,stand
0.8777,188,0.0075,-0.0028,-0.0069,0.0202,1.677,1,stand
0.8798,189,0.0075,-0.0028,-0.007,0.0224,1.728,1,stand
0.8819,190,0.0075,-0.0028,-0.007,0.0224,1.728,1,stand
0.8841,191,0.0077,-0.0029,-0.0071,0.0251,1.786,1,stand
0.8861,192,0.0077,-0.0029,-0.0071,0.0251,1.786,1,stand
0.8883,193,0.0077,-0.0029,-0.0072,0.02,1.834,1,stand
0.8903,194,0.0077,-0.0029,-0.0072,0.02,1.834,1,stand
0.8924,195,0.0078,-0.003,-0.0073,0.025,1.885,1,stand
0.8944,196,0.0078,-0.003,-0.0073,0.025,1.885,1,stand
0.8965,197,0.008,-0.003,-0.0074,0.0273,1.929,1,stand
0.8986,198,0.008,-0.003,-0.0074,0.0273,1.929,1,stand
0.9007,199,0.008,-0.003,-0.0074,0.0191,1.972,1,stand
0.9027,200,0.008,-0.003,-0.0074,0.0191,1.972,1,stand
0.9048,201,0.0081,-0.003,-0.0075,0.021,2.024,1,stand
0.9068,202,0.0081,-0.003,-0.0075,0.021,2.024,1,stand
0.9089,203,0.0082,-0.0031,-0.0076,0.0234,2.068,1,stand
0.911,204,0.0082,-0.0031,-0.0076,0.0234,2.068,1,stand
0.913,205,0.0083,-0.0031,-0.0077,0.0219,2.112,1,stand
0.9151,206,0.0083,-0.0031,-0.0077,0.0219,2.112,1,stand
0.9171,207,0.0084,-0.0031,-0.0078,0.0252,2.149,1,stand
0.9192,208,0.0085,-0.0031,-0.0079,0.0252,2.149,1,stand
0.9212,209,0.0086,-0.0032,-0.008,0.027,2.192,1,stand
0.9233,210,0.0086,-0.0032,-0.008,0.027,2.192,1,stand
0.9253,211,0.0087,-0.0032,-0.0081,0.0343,2.214,1,stand
0.9274,212,0.0087,-0.0032,-0.0081,0.0343,2.214,1,stand
0.9294,213,0.0089,-0.0033,-0.0083,0.0292,2.246,1,stand
0.9315,214,0.0089,-0.0033,-0.0083,0.0292,2.246,1,stand
0.9335,215,0.009,-0.0033,-0.0084,0.0254,2.277,1,stand
0.9356,216,0.009,-0.0033,-0.0084,0.0254,2.275,1,stand
0.9376,217,0.0092,-0.0033,-0.0085,0.0286,2.304,1,stand
0.9397,218,0.0092,-0.0034,-0.0086,0.0286,2.301,1,stand
0.9418,219,0.0094,-0.0035,-0.0088,0.0288,2.332,1,stand
0.9438,220,0.0096,-0.0036,-0.0089,0.0288,2.332,1,stand
0.9459,221,0.0099,-0.0038,-0.0091,0.0257,2.362,1,stand
0.9479,222,0.0101,-0.004,-0.0093,0.0257,2.37,1,stand
0.9501,223,0.0104,-0.0041,-0.0095,0.0281,2.403,1,stand
0.9522,224,0.0105,-0.0042,-0.0096,0.0281,2.41,1,stand
0.9543,225,0.0107,-0.0043,-0.0098,0.0307,2.437,1,stand
0.9563,226,0.0107,-0.0044,-0.0098,0.0307,2.449,1,stand
0.9584,227,0.0109,-0.0044,-0.0099,0.0271,2.471,1,stand
0.9604,228,0.0109,-0.0044,-0.0099,0.0271,2.479,1,stand
0.9626,229,0.011,-0.0044,-0.0101,0.0252,2.51,1,stand
0.9646,230,0.011,-0.0044,-0.0101,0.0252,2.521,1,stand
0.9668,231,0.0111,-0.0044,-0.0102,0.0281,2.543,1,stand
0.9688,232,0.0111,-0.0044,-0.0102,0.0281,2.549,1,stand
0.9709,233,0.0112,-0.0044,-0.0103,0.0315,2.58,1,stand
0.973,234,0.0112,-0.0044,-0.0103,0.0315,2.584,1,stand
0.975,235,0.0117,-0.0047,-0.0108,0.1421,2.433,1,stand
0.9771,236,0.0117,-0.0047,-0.0107,0.1421,2.436,1,stand
0.9792,237,0.0118,-0.0047,-0.0109,0.0345,2.455,1,stand
0.9812,238,0.0118,-0.0046,-0.0109,0.0345,2.457,1,stand
0.9834,239,0.0119,-0.0046,-0.011,0.0376,2.47,1,stand
0.9855,240,0.0119,-0.0046,-0.011,0.0376,2.47,1,stand
0.9876,241,0.012,-0.0045,-0.0111,0.0388,2.474,1,stand
0.9896,242,0.012,-0.0045,-0.0111,0.0388,2.473,1,stand
0.9917,243,0.0121,-0.0045,-0.0113,0.0408,2.471,1,stand
0.9937,244,0.0121,-0.0045,-0.0113,0.0408,2.471,1,stand
0.9959,245,0.0118,-0.0041,-0.0111,0.0935,2.654,1,stand
0.9979,246,0.0118,-0.0041,-0.011,0.0935,2.653,1,stand
1.0,247,0.0119,-0.0041,-0.0112,0.041,2.666,1,stand
1.0021,248,0.012,-0.0041,-0.0112,0.041,2.666,1,stand
1.0042,249,0.0121,-0.0041,-0.0114,0.0347,2.688,1,stand
1.0062,250,0.0121,-0.0041,-0.0114,0.0347,2.688,1,stand
1.0084,251,0.0123,-0.0041,-0.0116,0.0338,2.708,1,stand
1.0104,252,0.0123,-0.0042,-0.0116,0.0338,2.708,1,stand
1.0125,253,0.0125,-0.0041,-0.0118,0.0388,2.725,1,stand
1.0145,254,0.0125,-0.0042,-0.0118,0.0388,2.724,1,stand
1.0167,255,0.0126,-0.0042,-0.0119,0.0388,2.735,1,stand
1.0187,256,0.0126,-0.0042,-0.0119,0.0388,2.735,1,stand
1.0208,257,0.0128,-0.0042,-0.0121,0.0329,2.755,1,stand
1.0229,258,0.0128,-0.0042,-0.0121,0.0329,2.755,1,stand
1.025,259,0.0132,-0.0045,-0.0125,0.1226,2.584,1,stand
1.027,260,0.0132,-0.0045,-0.0125,0.1226,2.584,1,stand
1.0292,261,0.0134,-0.0045,-0.0126,0.0314,2.59,1,stand
1.0313,262,0.0134,-0.0045,-0.0126,0.0314,2.59,1,stand
1.0334,263,0.0131,-0.0042,-0.0124,0.0751,2.779,1,stand
1.0354,264,0.0131,-0.0042,-0.0124,0.0751,2.779,1,stand
1.0375,265,0.0133,-0.0042,-0.0126,0.0292,2.792,1,stand
1.0396,266,0.0133,-0.0042,-0.0126,0.0292,2.792,1,stand
1.0417,267,0.0134,-0.0043,-0.0127,0.0359,2.807,1,stand
1.0437,268,0.0134,-0.0043,-0.0127,0.0359,2.807,1,stand
1.046,269,0.0135,-0.0043,-0.0128,0.0276,2.825,1,stand
1.0481,270,0.0135,-0.0043,-0.0128,0.0276,2.825,1,stand
1.0502,271,0.0137,-0.0044,-0.013,0.0412,2.835,1,stand
1.0523,272,0.0137,-0.0044,-0.013,0.0412,2.835,1,stand
1.0544,273,0.0138,-0.0044,-0.0131,0.0306,2.857,1,stand
1.0565,274,0.0139,-0.0044,-0.0131,0.0306,2.857,1,stand
1.0586,275,0.014,-0.0044,-0.0132,0.0264,2.886,1,stand
1.0607,276,0.014,-0.0044,-0.0133,0.0264,2.886,1,stand
1.0628,277,0.0141,-0.0045,-0.0134,0.0273,2.903,1,stand
1.0648,278,0.0141,-0.0045,-0.0134,0.0273,2.903,1,stand
1.0669,279,0.0142,-0.0045,-0.0135,0.0242,2.924,1,stand
1.069,280,0.0142,-0.0045,-0.0135,0.0242,2.924,1,stand
1.0712,281,0.0143,-0.0046,-0.0136,0.0234,2.943,1,stand
1.0733,282,0.0143,-0.0046,-0.0136,0.0234,2.943,1,stand
1.0754,283,0.0144,-0.0046,-0.0137,0.0224,2.959,1,stand
1.0775,284,0.0144,-0.0046,-0.0137,0.0224,2.959,1,stand
1.0796,285,0.0145,-0.0047,-0.0138,0.0271,2.973,1,stand
1.0817,286,0.0145,-0.0047,-0.0138,0.0271,2.973,1,stand
1.084,287,0.0151,-0.005,-0.0142,0.1352,2.815,1,stand
1.0858,288,0.0151,-0.005,-0.0142,0.1352,2.815,1,stand
1.088,289,0.0152,-0.005,-0.0144,0.0296,2.817,1,stand
1.09,290,0.0152,-0.005,-0.0144,0.0296,2.817,1,stand
1.0922,291,0.0149,-0.0047,-0.0141,0.0984,2.683,1,stand
1.0942,292,0.0149,-0.0047,-0.0141,0.0984,2.683,1,stand
1.0963,293,0.0151,-0.0047,-0.0143,0.0417,2.672,1,stand
1.0984,294,0.0151,-0.0047,-0.0143,0.0417,2.672,1,stand
1.1006,295,0.0152,-0.0047,-0.0145,0.045,2.664,1,stand
1.1026,296,0.0152,-0.0047,-0.0145,0.045,2.663,1,stand
1.1048,297,0.0154,-0.0047,-0.0147,0.0509,2.651,1,stand
1.1068,298,0.0154,-0.0047,-0.0147,0.0509,2.65,1,stand
1.1089,299,0.0156,-0.0047,-0.0149,0.05,2.632,1,stand
1.111,300,0.0156,-0.0047,-0.0149,0.05,2.631,1,stand
1.113,301,0.0158,-0.0046,-0.0151,0.0468,2.605,1,stand
1.1151,302,0.0158,-0.0046,-0.0151,0.0468,2.605,1,stand
1.1171,303,0.016,-0.0046,-0.0153,0.0511,2.584,1,stand
1.1192,304,0.016,-0.0046,-0.0153,0.0511,2.584,1,stand
1.1214,305,0.0162,-0.0045,-0.0155,0.0501,2.56,1,stand
1.1235,306,0.0162,-0.0045,-0.0155,0.0501,2.559,1,stand
1.1256,307,0.0164,-0.0045,-0.0157,0.0525,2.534,1,stand
1.1276,308,0.0164,-0.0045,-0.0157,0.0525,2.534,1,stand
1.1297,309,0.0165,-0.0045,-0.0159,0.0508,2.508,1,stand
1.1317,310,0.0165,-0.0045,-0.0159,0.0508,2.507,1,stand
1.1339,311,0.0167,-0.0044,-0.0161,0.0523,2.488,1,stand
1.1359,312,0.0167,-0.0044,-0.0161,0.0523,2.488,1,stand
1.138,313,0.017,-0.0044,-0.0164,0.0579,2.459,1,stand
1.14,314,0.017,-0.0044,-0.0164,0.0579,2.459,1,stand
1.1421,315,0.0171,-0.0044,-0.0166,0.0454,2.438,1,stand
1.1441,316,0.0171,-0.0044,-0.0166,0.0454,2.438,1,stand
1.1462,317,0.0173,-0.0044,-0.0167,0.0453,2.421,1,stand
1.1482,318,0.0173,-0.0044,-0.0167,0.0453,2.42,1,stand
1.1503,319,0.0175,-0.0044,-0.0169,0.0412,2.4,1,stand
1.1524,320,0.0175,-0.0044,-0.0169,0.0412,2.4,1,stand
1.1544,321,0.0176,-0.0043,-0.0171,0.0438,2.388,1,stand
1.1565,322,0.0176,-0.0043,-0.0171,0.0438,2.388,1,stand
1.1586,323,0.0178,-0.0043,-0.0173,0.0431,2.372,1,stand
1.1606,324,0.0178,-0.0043,-0.0172,0.0431,2.372,1,stand
1.1627,325,0.018,-0.0044,-0.0174,0.0436,2.357,1,stand
1.1647,326,0.018,-0.0044,-0.0174,0.0436,2.357,1,stand
1.1668,327,0.0181,-0.0044,-0.0176,0.0428,2.346,1,stand
1.1688,328,0.0181,-0.0044,-0.0176,0.0428,2.346,1,stand
1.171,329,0.0183,-0.0044,-0.0178,0.0452,2.336,1,stand
1.173,330,0.0183,-0.0044,-0.0178,0.0452,2.336,1,stand
1.1751,331,0.0185,-0.0044,-0.018,0.0438,2.324,1,stand
1.1771,332,0.0185,-0.0044,-0.018,0.0438,2.324,1,stand
1.1792,333,0.0187,-0.0045,-0.0181,0.0427,2.318,1,stand
1.1814,334,0.0187,-0.0045,-0.0181,0.0427,2.318,1,stand
1.1835,335,0.0189,-0.0045,-0.0183,0.0462,2.301,1,stand
1.1855,336,0.0189,-0.0046,-0.0183,0.0462,2.301,1,stand
1.1877,337,0.019,-0.0046,-0.0185,0.0414,2.3,1,stand
1.1898,338,0.019,-0.0046,-0.0185,0.0414,2.3,1,stand
1.1918,339,0.0192,-0.0046,-0.0186,0.0357,2.296,1,stand
1.1939,340,0.0192,-0.0046,-0.0186,0.0357,2.296,1,stand
1.1959,341,0.0193,-0.0047,-0.0188,0.038,2.291,1,stand
1.198,342,0.0193,-0.0047,-0.0188,0.038,2.291,1,stand
1.2001,343,0.0195,-0.0048,-0.0189,0.0395,2.288,1,stand
1.2021,344,0.0195,-0.0048,-0.0189,0.0395,2.288,1,stand
1.2042,345,0.0198,-0.0048,-0.0192,0.0597,2.302,1,stand
1.2063,346,0.0198,-0.0048,-0.0192,0.0597,2.302,1,stand
1.2083,347,0.0199,-0.0049,-0.0193,0.0414,2.283,1,stand
1.2103,348,0.0199,-0.0049,-0.0193,0.0414,2.283,1,stand
1.2125,349,0.0201,-0.005,-0.0195,0.0401,2.282,1,stand
1.2145,350,0.0201,-0.005,-0.0195,0.0401,2.282,1,stand
1.2166,351,0.0203,-0.0051,-0.0196,0.0386,2.28,1,stand
1.2187,352,0.0203,-0.0051,-0.0196,0.0386,2.28,1,stand
1.2208,353,0.0205,-0.0052,-0.0198,0.0531,2.275,1,stand
1.2228,354,0.0205,-0.0052,-0.0198,0.0531,2.275,1,stand
1.225,355,0.0207,-0.0052,-0.02,0.0386,2.269,1,stand
1.227,356,0.0207,-0.0052,-0.02,0.0386,2.269,1,stand
1.2291,357,0.0209,-0.0053,-0.0202,0.0363,2.269,1,stand
1.2312,358,0.0209,-0.0053,-0.0202,0.0363,2.269,1,stand
1.2334,359,0.0211,-0.0054,-0.0203,0.0428,2.266,1,stand
1.2354,360,0.0211,-0.0054,-0.0204,0.0428,2.266,1,stand
1.2375,361,0.0213,-0.0055,-0.0205,0.0438,2.272,1,stand
1.2396,362,0.0213,-0.0055,-0.0206,0.0438,2.273,1,stand
1.2416,363,0.0215,-0.0056,-0.0207,0.0403,2.277,1,stand
1.2438,364,0.0216,-0.0057,-0.0208,0.0403,2.278,1,stand
1.2458,365,0.0219,-0.0059,-0.0211,0.0401,2.285,1,stand
1.2479,366,0.0221,-0.0061,-0.0213,0.0401,2.279,1,stand
1.2501,367,0.0225,-0.0064,-0.0215,0.05,2.269,1,stand
1.2522,368,0.0226,-0.0065,-0.0216,0.05,2.266,1,stand
1.2543,369,0.0228,-0.0067,-0.0218,0.0491,2.261,1,stand
1.2563,370,0.0229,-0.0067,-0.0219,0.0491,2.248,1,stand
1.2585,371,0.0231,-0.0069,-0.0221,0.0478,2.236,1,stand
1.2605,372,0.0232,-0.0069,-0.0221,0.0478,2.232,1,stand
1.2626,373,0.0234,-0.007,-0.0223,0.0411,2.218,1,stand
1.2647,374,0.0234,-0.007,-0.0223,0.0411,2.206,1,stand
1.2668,375,0.0235,-0.0071,-0.0224,0.0448,2.21,1,stand
1.2688,376,0.0235,-0.0071,-0.0224,0.0448,2.207,1,stand
1.2709,377,0.0237,-0.0073,-0.0226,0.0483,2.213,1,stand
1.273,378,0.0237,-0.0073,-0.0226,0.0483,2.203,1,stand
1.2751,379,0.0238,-0.0073,-0.0227,0.0344,2.2,1,stand
1.2772,380,0.0238,-0.0073,-0.0227,0.0344,2.198,1,stand
1.2793,381,0.024,-0.0075,-0.0228,0.0501,2.206,1,stand
1.2813,382,0.024,-0.0074,-0.0228,0.0501,2.202,1,stand
1.2835,383,0.0241,-0.0076,-0.0229,0.0479,2.224,1,stand
1.2855,384,0.0241,-0.0076,-0.0229,0.0479,2.223,1,stand
1.2878,385,0.0242,-0.0078,-0.023,0.0583,2.245,1,stand
1.2898,386,0.0242,-0.0078,-0.0229,0.0583,2.245,1,stand
1.2919,387,0.0244,-0.008,-0.023,0.0627,2.28,1,stand
1.2939,388,0.0244,-0.008,-0.023,0.0627,2.28,1,stand
1.296,389,0.0245,-0.0082,-0.0231,0.0649,2.308,1,stand
1.298,390,0.0245,-0.0082,-0.0231,0.0649,2.308,1,stand
1.3002,391,0.0247,-0.0084,-0.0232,0.0596,2.341,1,stand
1.3022,392,0.0247,-0.0085,-0.0232,0.0596,2.341,1,stand
1.3043,393,0.0249,-0.0087,-0.0234,0.0651,2.384,1,stand
1.3063,394,0.025,-0.0088,-0.0234,0.0651,2.384,1,stand
1.3084,395,0.0252,-0.009,-0.0235,0.0606,2.432,1,stand
1.3104,396,0.0252,-0.009,-0.0235,0.0606,2.432,1,stand
1.3126,397,0.0254,-0.0093,-0.0236,0.0734,2.489,1,stand
1.3146,398,0.0254,-0.0093,-0.0236,0.0734,2.489,1,stand
1.3167,399,0.0256,-0.0096,-0.0237,0.0579,2.534,1,stand
1.3188,400,0.0256,-0.0096,-0.0237,0.0579,2.534,1,stand
1.3209,401,0.0258,-0.0098,-0.0238,0.0662,2.585,1,stand
1.323,402,0.0258,-0.0098,-0.0238,0.0662,2.585,1,stand
1.3251,403,0.026,-0.0101,-0.0239,0.0738,2.643,1,stand
1.3271,404,0.026,-0.0101,-0.0239,0.0738,2.643,1,stand
1.3293,405,0.0262,-0.0104,-0.0241,0.0874,2.686,1,stand
1.3313,406,0.0262,-0.0104,-0.0241,0.0874,2.686,1,stand
1.3335,407,0.0265,-0.0107,-0.0242,0.0759,2.739,1,stand
1.3355,408,0.0265,-0.0107,-0.0242,0.0759,2.739,1,stand
1.3376,409,0.0267,-0.011,-0.0243,0.0759,2.806,1,stand
1.3397,410,0.0267,-0.011,-0.0243,0.0759,2.805,1,stand
1.3418,411,0.0269,-0.0112,-0.0245,0.0533,2.871,1,stand
1.3439,412,0.0269,-0.0112,-0.0245,0.0533,2.871,1,stand
1.3459,413,0.0272,-0.0115,-0.0246,0.0781,2.941,1,stand
1.348,414,0.0272,-0.0115,-0.0246,0.0781,2.941,1,stand
1.3502,415,0.0274,-0.0118,-0.0248,0.0784,3.001,1,stand
1.3522,416,0.0274,-0.0118,-0.0248,0.0784,3.001,1,stand
1.3544,417,0.0276,-0.0121,-0.0248,0.083,3.063,1,stand
1.3564,418,0.0277,-0.0121,-0.0248,0.083,3.063,1,stand
1.3585,419,0.0279,-0.0125,-0.025,0.0813,3.114,1,stand
1.3605,420,0.0279,-0.0125,-0.025,0.0813,3.114,1,stand
1.3626,421,0.0282,-0.0128,-0.0251,0.085,3.195,1,stand
1.3647,422,0.0282,-0.0128,-0.0251,0.085,3.195,1,stand
1.3668,423,0.0285,-0.0131,-0.0253,0.0853,3.303,1,stand
1.3688,424,0.0285,-0.0131,-0.0253,0.0853,3.303,1,stand
1.371,425,0.0288,-0.0135,-0.0254,0.0925,3.388,1,stand
1.373,426,0.0288,-0.0135,-0.0254,0.0925,3.388,1,stand
1.3751,427,0.0291,-0.0139,-0.0255,0.0876,3.499,1,stand
1.3772,428,0.0291,-0.0139,-0.0255,0.0876,3.499,1,stand
1.3794,429,0.0293,-0.0143,-0.0256,0.0961,3.603,1,stand
1.3815,430,0.0293,-0.0143,-0.0256,0.0961,3.602,1,stand
1.3837,431,0.0296,-0.0147,-0.0257,0.0955,3.726,1,stand
1.3858,432,0.0296,-0.0147,-0.0257,0.0955,3.726,1,stand
1.3879,433,0.0299,-0.0151,-0.0258,0.1058,3.827,1,stand
1.3899,434,0.0299,-0.0151,-0.0258,0.1058,3.827,1,stand
1.3921,435,0.0302,-0.0155,-0.0259,0.108,3.92,1,stand
1.3941,436,0.0302,-0.0155,-0.0259,0.108,3.92,1,stand
1.3962,437,0.0305,-0.016,-0.026,0.1085,4.023,1,stand
1.3983,438,0.0305,-0.016,-0.026,0.1085,4.023,1,stand
1.4004,439,0.0307,-0.0165,-0.0259,0.1146,4.148,1,stand
1.4025,440,0.0307,-0.0165,-0.0259,0.1146,4.148,1,stand
1.4046,441,0.031,-0.0169,-0.026,0.117,4.277,1,stand
1.4066,442,0.031,-0.0169,-0.026,0.117,4.277,1,stand
1.4087,443,0.0313,-0.0175,-0.026,0.1252,4.431,1,stand
1.4107,444,0.0313,-0.0175,-0.026,0.1252,4.431,1,stand
1.4129,445,0.0316,-0.018,-0.0261,0.1168,4.57,1,stand
1.4149,446,0.0316,-0.018,-0.0261,0.1168,4.57,1,stand
1.417,447,0.0319,-0.0184,-0.0261,0.1175,4.696,1,stand
1.4191,448,0.0319,-0.0184,-0.0261,0.1175,4.696,1,stand
1.4212,449,0.0322,-0.0189,-0.026,0.1162,4.85,1,stand
1.4232,450,0.0322,-0.0189,-0.026,0.1162,4.851,1,stand
1.4254,451,0.0324,-0.0194,-0.026,0.1157,5.012,1,stand
1.4275,452,0.0324,-0.0194,-0.026,0.1157,5.012,1,stand
1.4296,453,0.0327,-0.0198,-0.0259,0.1033,5.173,1,stand
1.4317,454,0.0326,-0.0198,-0.0259,0.1033,5.173,1,stand
1.4338,455,0.0329,-0.0203,-0.0259,0.117,5.327,1,stand
1.4358,456,0.0329,-0.0203,-0.0259,0.117,5.327,1,stand
1.4379,457,0.0331,-0.0208,-0.0258,0.1259,5.489,1,stand
1.44,458,0.0331,-0.0208,-0.0258,0.1259,5.489,1,stand
1.4421,459,0.0333,-0.0213,-0.0256,0.113,5.658,1,stand
1.4441,460,0.0333,-0.0213,-0.0256,0.113,5.658,1,stand
1.4462,461,0.0335,-0.0217,-0.0256,0.11,5.822,1,stand
1.4482,462,0.0335,-0.0217,-0.0256,0.11,5.822,1,stand
1.4503,463,0.0338,-0.0221,-0.0255,0.1078,5.984,1,stand
1.4523,464,0.0338,-0.0221,-0.0255,0.1078,5.983,1,stand
1.4544,465,0.034,-0.0225,-0.0254,0.0993,6.157,1,stand
1.4565,466,0.034,-0.0225,-0.0254,0.0993,6.156,1,stand
1.4585,467,0.0342,-0.023,-0.0253,0.1153,6.303,1,stand
1.4606,468,0.0342,-0.023,-0.0253,0.1153,6.302,1,stand
1.4626,469,0.0344,-0.0235,-0.0252,0.1149,6.478,1,stand
1.4647,470,0.0344,-0.0235,-0.0252,0.1149,6.477,1,stand
1.4668,471,0.0346,-0.0238,-0.0251,0.0852,6.649,1,stand
1.4688,472,0.0346,-0.0238,-0.0251,0.0852,6.646,1,stand
1.471,473,0.0348,-0.0241,-0.0251,0.0856,6.801,1,stand
1.473,474,0.0348,-0.0241,-0.0251,0.0856,6.798,1,stand
1.4751,475,0.0355,-0.0246,-0.0255,0.1563,6.875,1,stand
1.4772,476,0.0355,-0.0246,-0.0255,0.1563,6.867,1,stand
1.4793,477,0.0356,-0.025,-0.0254,0.1004,7.018,1,stand
1.4813,478,0.0356,-0.025,-0.0254,0.1004,7.013,1,stand
1.4836,479,0.0357,-0.0254,-0.0252,0.0934,7.17,1,stand
1.4856,480,0.0357,-0.0254,-0.0252,0.0934,7.158,1,stand
1.4878,481,0.0359,-0.0257,-0.025,0.0954,7.314,1,stand
1.4898,482,0.0359,-0.0257,-0.025,0.0954,7.298,1,stand
1.4919,483,0.0361,-0.0261,-0.0249,0.0991,7.447,1,stand
1.494,484,0.0361,-0.0261,-0.0249,0.0991,7.433,1,stand
1.4961,485,0.0362,-0.0265,-0.0247,0.0942,7.577,1,stand
1.4982,486,0.0362,-0.0265,-0.0247,0.0942,7.561,1,stand
1.5002,487,0.0363,-0.0268,-0.0245,0.0884,7.683,1,stand
1.5023,488,0.0363,-0.0268,-0.0245,0.0884,7.664,1,stand
1.5044,489,0.0365,-0.0271,-0.0244,0.096,7.797,1,stand
1.5065,490,0.0365,-0.0271,-0.0244,0.096,7.775,1,stand
1.5086,491,0.0366,-0.0275,-0.0241,0.0951,7.921,1,stand
1.5106,492,0.0366,-0.0275,-0.0241,0.0951,7.871,1,stand
1.5127,493,0.0367,-0.0278,-0.0239,0.0895,8.003,1,stand
1.5148,494,0.0367,-0.0278,-0.0239,0.0895,7.989,1,stand
1.5168,495,0.0368,-0.0281,-0.0237,0.0851,8.104,1,stand
1.5189,496,0.0368,-0.0281,-0.0237,0.0851,8.055,1,stand
1.521,497,0.0369,-0.0284,-0.0236,0.0838,8.143,1,stand
1.523,498,0.0369,-0.0284,-0.0236,0.0838,8.106,1,stand
1.5251,499,0.037,-0.0286,-0.0236,0.0425,8.147,1,stand
1.5272,500,0.0371,-0.0286,-0.0236,0.0425,8.107,1,stand
1.5294,501,0.0372,-0.0289,-0.0234,0.0864,8.197,1,stand
1.5314,502,0.0372,-0.0289,-0.0234,0.0864,8.154,1,stand
1.5336,503,0.0373,-0.0292,-0.0232,0.0753,8.218,1,stand
1.5356,504,0.0373,-0.0292,-0.0232,0.0753,8.148,1,stand
1.5378,505,0.0374,-0.0294,-0.0231,0.0722,8.242,1,stand
1.5399,506,0.0374,-0.0295,-0.0231,0.0722,8.193,1,stand
1.5422,507,0.0377,-0.0299,-0.0229,0.1019,8.241,1,stand
1.5442,508,0.0377,-0.0299,-0.023,0.1019,8.164,1,stand
1.5463,509,0.0379,-0.0303,-0.0228,0.0905,8.258,1,stand
1.5484,510,0.038,-0.0304,-0.0229,0.0905,8.21,1,stand
1.5505,511,0.0383,-0.0308,-0.0227,0.096,8.289,1,stand
1.5526,512,0.0383,-0.0308,-0.0228,0.096,8.221,1,stand
1.5546,513,0.0386,-0.0313,-0.0226,0.1065,8.314,1,stand
1.5567,514,0.0386,-0.0313,-0.0227,0.1065,8.27,1,stand
1.5587,515,0.0389,-0.0318,-0.0224,0.1232,8.359,1,stand
1.5608,516,0.0389,-0.0318,-0.0225,0.1232,8.268,1,stand
1.5628,517,0.0388,-0.032,-0.022,0.1335,8.375,1,stand
1.5649,518,0.0388,-0.032,-0.022,0.1335,8.329,1,stand
1.5669,519,0.039,-0.0325,-0.0216,0.1335,8.454,1,stand
1.569,520,0.039,-0.0324,-0.0216,0.1335,8.383,1,stand
1.5711,521,0.0392,-0.0329,-0.0212,0.1356,8.529,1,stand
1.5731,522,0.0391,-0.0329,-0.0212,0.1356,8.48,1,stand
1.5752,523,0.0392,-0.0332,-0.0209,0.1122,8.65,1,stand
1.5772,524,0.0392,-0.0332,-0.0209,0.1122,8.548,1,stand
1.5795,525,0.0393,-0.0336,-0.0204,0.1373,8.757,1,stand
1.5816,526,0.0393,-0.0335,-0.0204,0.1373,8.704,1,stand
1.5837,527,0.0393,-0.0338,-0.0199,0.1339,8.86,1,stand
1.5858,528,0.0393,-0.0338,-0.0199,0.1339,8.806,1,stand
1.5878,529,0.0393,-0.0341,-0.0195,0.1253,8.901,1,stand
1.5899,530,0.0392,-0.0341,-0.0195,0.1253,8.846,1,stand
1.592,531,0.0392,-0.0343,-0.019,0.134,8.982,1,stand
1.594,532,0.0392,-0.0343,-0.019,0.134,8.925,1,stand
1.5961,533,0.0392,-0.0346,-0.0185,0.1345,9.011,1,stand
1.5981,534,0.0392,-0.0346,-0.0185,0.1345,8.98,1,stand
1.6002,535,0.0393,-0.0349,-0.0181,0.1128,9.08,1,stand
1.6023,536,0.0393,-0.0349,-0.0181,0.1128,9.016,1,stand
1.6043,537,0.0393,-0.0351,-0.0177,0.1123,9.174,1,stand
1.6063,538,0.0393,-0.0351,-0.0177,0.1123,9.042,1,stand
1.6084,539,0.0394,-0.0354,-0.0173,0.105,9.126,1,stand
1.6105,540,0.0394,-0.0354,-0.0173,0.105,9.091,1,stand
1.6126,541,0.0393,-0.035,-0.0179,0.1579,8.788,1,stand
1.6146,542,0.0393,-0.035,-0.0178,0.1579,8.716,1,stand
1.6167,543,0.0394,-0.0352,-0.0177,0.0436,8.721,1,stand
1.6188,544,0.0394,-0.0352,-0.0177,0.0436,8.648,1,stand
1.6209,545,0.0394,-0.0352,-0.0176,0.0201,8.72,1,stand
1.623,546,0.0394,-0.0352,-0.0177,0.0201,8.683,1,stand
1.6251,547,0.0394,-0.0353,-0.0175,0.0393,8.727,1,stand
1.6272,548,0.0394,-0.0353,-0.0175,0.0393,8.651,1,stand
1.6293,549,0.0396,-0.0355,-0.0175,0.0529,8.633,1,stand
1.6313,550,0.0396,-0.0355,-0.0175,0.0529,8.557,1,stand
1.6336,551,0.0396,-0.0357,-0.0173,0.0596,8.647,1,stand
1.6356,552,0.0396,-0.0357,-0.0173,0.0596,8.57,1,stand
1.6378,553,0.0397,-0.0359,-0.0171,0.0777,8.596,1,stand
1.6399,554,0.0397,-0.0359,-0.0171,0.0777,8.48,1,stand
1.6419,555,0.0398,-0.0361,-0.0168,0.0854,8.54,1,stand
1.644,556,0.0398,-0.0361,-0.0168,0.0854,8.502,1,stand
1.6461,557,0.0398,-0.0363,-0.0164,0.1114,8.588,1,stand
1.6481,558,0.0398,-0.0363,-0.0164,0.1114,8.511,1,stand
1.6502,559,0.0398,-0.0365,-0.016,0.1089,8.649,1,stand
1.6523,560,0.0398,-0.0365,-0.016,0.1089,8.495,1,stand
1.6544,561,0.0398,-0.0367,-0.0155,0.1246,8.646,1,stand
1.6565,562,0.0398,-0.0367,-0.0155,0.1246,8.568,1,stand
1.6586,563,0.0398,-0.0369,-0.015,0.1357,8.686,1,stand
1.6607,564,0.0398,-0.0369,-0.015,0.1357,8.609,1,stand
1.6627,565,0.0399,-0.0372,-0.0145,0.145,8.686,1,stand
1.6648,566,0.0399,-0.0372,-0.0145,0.145,8.608,1,stand
1.667,567,0.04,-0.0374,-0.014,0.1476,8.764,1,stand
1.669,568,0.04,-0.0374,-0.014,0.1476,8.646,1,stand
1.6711,569,0.0398,-0.0375,-0.0134,0.1659,8.771,1,stand
1.6731,570,0.0398,-0.0375,-0.0134,0.1659,8.691,1,stand
1.6752,571,0.0399,-0.0378,-0.0128,0.1559,8.794,1,stand
1.6773,572,0.0399,-0.0378,-0.0128,0.1559,8.753,1,stand
1.6793,573,0.0399,-0.038,-0.0122,0.1426,8.876,1,stand
1.6814,574,0.0399,-0.0379,-0.0123,0.1426,8.793,1,stand
1.6835,575,0.0397,-0.0379,-0.0118,0.1216,8.841,1,stand
1.6855,576,0.0397,-0.0379,-0.0118,0.1216,8.716,1,stand
1.6884,577,0.0393,-0.0378,-0.0108,0.2426,8.852,1,stand
1.6905,578,0.0393,-0.0378,-0.0108,0.2426,8.809,1,stand
1.6925,579,0.0393,-0.0379,-0.0103,0.125,8.89,1,stand
1.6946,580,0.0393,-0.0379,-0.0103,0.125,8.804,1,stand
1.6967,581,0.0392,-0.038,-0.0097,0.1408,8.881,1,stand
1.6991,582,0.0393,-0.0381,-0.0094,0.0882,8.915,1,stand
1.7009,583,0.0392,-0.0381,-0.0094,0.0882,8.871,1,stand
1.7029,584,0.0392,-0.038,-0.0094,0.0882,8.739,1,stand
1.705,585,0.0392,-0.0382,-0.0088,0.1588,8.848,1,stand
1.707,586,0.0392,-0.0382,-0.0088,0.1588,8.715,1,stand
1.7091,587,0.0392,-0.0383,-0.0082,0.1626,8.821,1,stand
1.7111,588,0.0392,-0.0383,-0.0082,0.1626,8.776,1,stand
1.7132,589,0.0391,-0.0384,-0.0075,0.1707,8.913,1,stand
1.7152,590,0.0391,-0.0384,-0.0075,0.1707,8.823,1,stand
1.7173,591,0.039,-0.0384,-0.0068,0.1644,8.968,1,stand
1.7193,592,0.039,-0.0384,-0.0068,0.1644,8.833,1,stand
1.7213,593,0.0389,-0.0384,-0.0061,0.1841,8.999,1,stand
1.7234,594,0.0388,-0.0384,-0.0061,0.1841,8.954,1,stand
1.7254,595,0.0393,-0.0388,-0.0062,0.1272,8.952,1,stand
1.7275,596,0.0393,-0.0388,-0.0062,0.1272,8.86,1,stand
1.7295,597,0.0393,-0.0389,-0.0057,0.1362,8.905,1,stand
1.7316,598,0.0393,-0.0389,-0.0057,0.1362,8.765,1,stand
1.7338,599,0.0392,-0.0389,-0.005,0.1544,8.859,1,stand
1.7358,600,0.0392,-0.0388,-0.005,0.1544,8.812,1,stand
1.7379,601,0.0391,-0.0388,-0.0044,0.1518,8.895,1,stand
1.7399,602,0.039,-0.0388,-0.0044,0.1518,8.752,1,stand
1.742,603,0.0389,-0.0388,-0.0036,0.1958,8.761,1,stand
1.744,604,0.0389,-0.0387,-0.0036,0.1958,8.665,1,stand
1.7461,605,0.0392,-0.0391,-0.0028,0.2076,8.751,1,stand
1.7481,606,0.0392,-0.0391,-0.0028,0.2076,8.703,1,stand
1.7503,607,0.0404,-0.0404,0.0004,0.8442,9.358,1,stand
1.7523,608,0.0403,-0.0403,0.0004,0.8442,9.263,1,stand
1.7545,609,0.0403,-0.0403,0.0012,0.186,9.622,1,stand
1.7566,610,0.0403,-0.0403,0.0012,0.186,9.528,1,stand
1.7586,611,0.0403,-0.0402,0.0025,0.3168,9.595,1,stand
1.7607,612,0.0402,-0.0402,0.0025,0.3168,9.549,1,stand
1.7628,613,0.0403,-0.0402,0.0032,0.1618,9.609,1,stand
1.7648,614,0.0403,-0.0401,0.0032,0.1618,9.515,1,stand
1.7669,615,0.0405,-0.0403,0.0034,0.0774,9.449,1,stand
1.7689,616,0.0404,-0.0403,0.0034,0.0774,9.309,1,stand
1.771,617,0.0402,-0.04,0.0039,0.137,9.329,1,stand
1.773,618,0.0402,-0.04,0.0039,0.137,9.236,1,stand
1.7751,619,0.0399,-0.0396,0.0047,0.2016,9.174,1,stand
1.7771,620,0.0399,-0.0396,0.0047,0.2016,9.081,1,stand
1.7792,621,0.0401,-0.0397,0.0054,0.1717,9.212,1,stand
1.7813,622,0.04,-0.0397,0.0054,0.1717,9.12,1,stand
1.7835,623,0.0392,-0.0388,0.0053,0.1964,8.975,1,stand
1.7855,624,0.0391,-0.0388,0.0053,0.1964,8.838,1,stand
1.7876,625,0.0389,-0.0385,0.0058,0.131,8.798,1,stand
1.7897,626,0.0389,-0.0384,0.0058,0.131,8.618,1,stand
1.7918,627,0.0388,-0.0383,0.0065,0.1728,8.622,1,stand
1.7939,628,0.0388,-0.0382,0.0065,0.1728,8.534,1,stand
1.7959,629,0.0391,-0.0384,0.0072,0.1712,8.526,1,stand
1.798,630,0.0391,-0.0384,0.0072,0.1712,8.439,1,stand
1.8,631,0.0403,-0.0393,0.0088,0.4461,8.687,1,stand
1.8021,632,0.0402,-0.0393,0.0088,0.4461,8.561,1,stand
1.8041,633,0.0404,-0.039,0.0106,0.4303,8.904,1,stand
1.8062,634,0.0404,-0.039,0.0105,0.4303,8.863,1,stand
1.8083,635,0.0406,-0.039,0.0115,0.2331,8.969,1,stand
1.8103,636,0.0406,-0.0389,0.0115,0.2331,8.849,1,stand
1.8126,637,0.0408,-0.0388,0.0124,0.219,8.918,1,stand
1.8146,638,0.0407,-0.0388,0.0124,0.219,8.803,1,stand
1.8167,639,0.041,-0.0388,0.0131,0.1744,8.849,1,stand
1.8188,640,0.0409,-0.0388,0.0131,0.1744,8.774,1,stand
1.8209,641,0.0411,-0.0389,0.0134,0.0665,8.537,1,stand
1.8229,642,0.0411,-0.0389,0.0133,0.0665,8.463,1,stand
1.825,643,0.0415,-0.0391,0.014,0.1737,8.423,1,stand
1.8271,644,0.0415,-0.0391,0.014,0.1737,8.35,1,stand
1.8292,645,0.0419,-0.039,0.0152,0.2872,8.522,1,stand
1.8313,646,0.0418,-0.039,0.0152,0.2872,8.45,1,stand
1.8335,647,0.0422,-0.0389,0.0164,0.2949,8.57,1,stand
1.8355,648,0.0422,-0.0389,0.0164,0.2949,8.501,1,stand
1.8376,649,0.0425,-0.0387,0.0176,0.3001,8.61,1,stand
1.8397,650,0.0425,-0.0387,0.0176,0.3001,8.544,1,stand
1.8418,651,0.043,-0.0388,0.0187,0.2678,8.708,1,stand
1.8438,652,0.0431,-0.039,0.0185,0.2678,8.611,1,stand
1.846,653,0.0437,-0.0392,0.0193,0.2623,8.625,1,stand
1.848,654,0.0437,-0.0393,0.0192,0.2623,8.59,1,stand
1.8501,655,0.0442,-0.0393,0.0203,0.287,8.727,1,stand
1.8522,656,0.0442,-0.0394,0.0201,0.287,8.58,1,stand
1.8542,657,0.0446,-0.0393,0.0211,0.2813,8.668,1,stand
1.8563,658,0.0446,-0.0393,0.0211,0.2813,8.63,1,stand
1.8583,659,0.0452,-0.0393,0.0223,0.3143,8.755,1,stand
1.8604,660,0.0452,-0.0393,0.0223,0.3143,8.64,1,stand
1.8625,661,0.0458,-0.0392,0.0236,0.3011,8.751,1,stand
1.8646,662,0.0458,-0.0392,0.0236,0.3011,8.712,1,stand
1.8668,663,0.0465,-0.0393,0.0248,0.3024,8.76,1,stand
1.8689,664,0.0465,-0.0393,0.0249,0.3024,8.645,1,stand
1.8709,665,0.0472,-0.0392,0.0262,0.3211,8.75,1,stand
1.873,666,0.0472,-0.0392,0.0262,0.3211,8.713,1,stand
1.8751,667,0.0479,-0.0392,0.0276,0.3217,8.842,1,stand
1.8771,668,0.0479,-0.0391,0.0276,0.3217,8.768,1,stand
1.8792,669,0.0486,-0.039,0.029,0.3285,8.864,1,stand
1.8813,670,0.0486,-0.039,0.029,0.3285,8.797,1,stand
1.8835,671,0.0498,-0.0392,0.0307,0.3926,9.05,1,stand
1.8855,672,0.0497,-0.0391,0.0307,0.3926,8.989,1,stand
1.8877,673,0.0501,-0.0387,0.0318,0.7999,9.009,1,stand
1.8897,674,0.0501,-0.0386,0.0318,0.1,8.925,1,stand
1.8919,675,0.0508,-0.0383,0.0333,0.4832,9.12,1,stand
1.8939,676,0.0508,-0.0383,0.0333,0.088,9.039,1,stand
1.8961,677,0.0516,-0.038,0.0349,0.4652,9.08,1,stand
1.8982,678,0.0516,-0.038,0.0349,0.0865,9.026,1,stand
1.9003,679,0.0519,-0.0378,0.0355,1.1539,8.905,1,stand
1.9023,680,0.0519,-0.0378,0.0355,0.137,8.822,1,stand
1.9044,681,0.0529,-0.0376,0.0371,0.5982,8.997,1,stand
1.9064,682,0.0529,-0.0376,0.0371,0.0916,8.91,1,stand
1.9085,683,0.0547,-0.038,0.0394,0.1518,9.3,1,stand
1.9106,684,0.0547,-0.038,0.0394,0.1094,9.27,1,stand
1.9126,685,0.0554,-0.0376,0.0407,0.9652,9.292,1,stand
1.9147,686,0.0555,-0.0376,0.0408,0.1111,9.23,1,stand
1.9168,687,0.0568,-0.0377,0.0425,0.2857,9.372,1,stand
1.9188,688,0.0568,-0.0377,0.0425,0.1219,9.306,1,stand
1.9209,689,0.058,-0.0377,0.0441,0.8816,9.439,1,stand
1.923,690,0.058,-0.0377,0.0441,0.1212,9.37,1,stand
1.9251,691,0.0595,-0.0377,0.0461,0.4312,9.685,1,stand
1.9271,692,0.0596,-0.0378,0.0461,0.1172,9.542,1,stand
1.9292,693,0.0599,-0.0372,0.0469,0.9455,9.338,1,stand
1.9312,694,0.06,-0.0374,0.0469,0.1547,9.227,1,stand
1.9336,695,0.0612,-0.0373,0.0485,0.3214,9.358,1,stand
1.9356,696,0.0613,-0.0375,0.0485,0.1439,9.245,1,stand
1.9377,697,0.0631,-0.0377,0.0506,0.3752,9.535,1,stand
1.9397,698,0.0632,-0.0378,0.0506,0.1333,9.419,1,stand
1.942,699,0.0638,-0.0373,0.0518,0.923,9.32,1,stand
1.944,700,0.0639,-0.0376,0.0517,0.168,9.202,1,stand
1.946,701,0.0659,-0.0379,0.0539,0.1728,9.443,1,stand
1.9481,702,0.066,-0.038,0.0539,0.1433,9.363,1,stand
1.9502,703,0.0673,-0.038,0.0555,1.1115,9.389,1,stand
1.9522,704,0.0674,-0.0382,0.0555,0.1574,9.308,1,stand
1.9543,705,0.0688,-0.0382,0.0572,0.6427,9.324,1,stand
1.9563,706,0.0689,-0.0384,0.0572,0.1536,9.283,1,stand
1.9583,707,0.0702,-0.0382,0.0589,0.9531,9.3,1,stand
1.9604,708,0.0703,-0.0385,0.0588,0.1575,9.218,1,stand
1.9625,709,0.0717,-0.0384,0.0606,0.586,9.211,1,stand
1.9646,710,0.0719,-0.0388,0.0605,0.1821,9.086,1,stand
1.967,711,0.0734,-0.0389,0.0623,0.8038,9.105,1,stand
1.969,712,0.0735,-0.0392,0.0622,0.167,9.021,1,stand
1.9711,713,0.075,-0.0393,0.0639,0.8638,9.02,1,stand
1.9732,714,0.0751,-0.0396,0.0639,0.1855,8.896,1,stand
1.9752,715,0.0767,-0.0395,0.0658,0.7791,8.93,1,stand
1.9773,716,0.0768,-0.0398,0.0657,0.1714,8.889,1,stand
1.9793,717,0.0785,-0.0399,0.0676,0.7196,8.896,1,stand
1.9814,718,0.0786,-0.0402,0.0675,0.188,8.815,1,stand
1.9834,719,0.0802,-0.0402,0.0695,0.7278,8.855,1,stand
1.9855,720,0.0803,-0.0405,0.0694,0.1856,8.735,1,stand
1.9877,721,0.0821,-0.0406,0.0714,0.2687,8.772,1,stand
1.9897,722,0.0822,-0.0409,0.0713,0.1938,8.732,1,stand
1.9918,723,0.0841,-0.0411,0.0733,0.2655,8.778,1,stand
1.9938,724,0.0842,-0.0416,0.0732,0.2143,8.661,1,stand
1.9959,725,0.0861,-0.0418,0.0753,0.3948,8.666,1,stand
1.9979,726,0.0862,-0.0422,0.0752,0.2099,8.59,1,stand
2.0,727,0.0882,-0.0424,0.0773,0.36,8.664,1,stand
2.002,728,0.0883,-0.0428,0.0772,0.2167,8.589,1,stand
2.0041,729,0.0902,-0.0427,0.0794,0.6046,8.69,1,stand
2.0062,730,0.0903,-0.0433,0.0793,0.2297,8.578,1,stand
2.0084,731,0.0923,-0.0434,0.0815,0.4921,8.561,1,stand
2.0105,732,0.0924,-0.0438,0.0814,0.2238,8.488,1,stand
2.0125,733,0.0945,-0.0442,0.0836,0.4066,8.594,1,stand
2.0146,734,0.0946,-0.0446,0.0835,0.2385,8.52,1,stand
2.0167,735,0.0967,-0.0449,0.0856,0.3128,8.67,1,stand
2.0188,736,0.0968,-0.0453,0.0855,0.2477,8.597,1,stand
2.0209,737,0.0989,-0.0454,0.0879,0.4222,8.68,1,stand
2.023,738,0.0991,-0.0463,0.0877,0.2101,8.535,1,stand
2.0251,739,0.1013,-0.0464,0.09,0.4014,8.629,1,stand
2.0272,740,0.1014,-0.047,0.0899,0.2264,8.555,1,stand
2.0292,741,0.1036,-0.0473,0.0922,0.615,8.623,1,stand
2.0313,742,0.1037,-0.0477,0.0921,0.2503,8.549,1,stand
2.0334,743,0.106,-0.048,0.0945,0.3054,8.571,1,stand
2.0354,744,0.1061,-0.0485,0.0944,0.2395,8.497,1,walk
2.0375,745,0.1084,-0.0486,0.0969,0.4853,8.605,1,walk
2.0396,746,0.1086,-0.0493,0.0967,0.2177,8.53,1,walk
2.0417,747,0.1109,-0.0495,0.0992,0.8188,8.643,1,walk
2.0437,748,0.111,-0.0502,0.0991,0.2165,8.53,1,walk
2.0458,749,0.1135,-0.0505,0.1016,1.4428,8.554,1,walk
2.0478,750,0.1137,-0.0512,0.1014,0.2134,8.477,1,walk
2.0501,751,0.116,-0.0514,0.104,0.1588,8.587,1,walk
2.0522,752,0.1162,-0.0522,0.1039,0.2137,8.471,1,walk
2.0543,753,0.1187,-0.0525,0.1064,1.4593,8.532,1,walk
2.0563,754,0.1188,-0.053,0.1063,0.2419,8.414,1,walk
2.0584,755,0.1213,-0.0535,0.1089,0.1695,8.487,1,walk
2.0604,756,0.1214,-0.054,0.1088,0.2424,8.447,1,walk
2.0625,757,0.124,-0.0543,0.1114,0.4024,8.535,1,walk
2.0645,758,0.1242,-0.0552,0.1113,0.2053,8.415,1,walk
2.0667,759,0.1267,-0.0553,0.114,1.7322,8.504,1,walk
2.0686,760,0.1269,-0.0561,0.1138,0.2178,8.345,1,walk
2.071,761,0.1294,-0.0566,0.1163,1.0593,8.277,1,walk
2.073,762,0.1295,-0.0572,0.1162,0.2685,8.237,1,walk
2.0751,763,0.132,-0.0574,0.1189,1.3058,8.207,1,walk
2.0771,764,0.1322,-0.058,0.1188,0.2629,8.127,1,walk
2.0792,765,0.1348,-0.0582,0.1216,1.068,8.089,1,walk
2.0812,766,0.135,-0.0588,0.1215,0.2588,8.009,1,walk
2.0833,767,0.1374,-0.0587,0.1242,1.1523,8.054,1,walk
2.0854,768,0.1376,-0.0596,0.124,0.2563,7.974,1,walk
2.0875,769,0.1406,-0.0604,0.1269,0.2556,8.08,1,walk
2.0896,770,0.1407,-0.061,0.1268,0.2566,8.001,1,walk
2.0917,771,0.1435,-0.0616,0.1296,1.2367,8.031,1,walk
2.0937,772,0.1436,-0.0622,0.1295,0.2654,7.952,1,walk
2.0959,773,0.1464,-0.0628,0.1322,1.2309,8.093,1,walk
2.0979,774,0.1466,-0.0637,0.132,0.2373,7.976,1,walk
2.1001,775,0.1493,-0.0641,0.1349,0.3185,8.106,1,walk
2.1021,776,0.1495,-0.065,0.1347,0.2402,7.955,1,walk
2.1043,777,0.1522,-0.0655,0.1374,0.3471,8.072,1,walk
2.1063,778,0.1525,-0.0664,0.1372,0.2481,7.997,1,walk
2.1084,779,0.1552,-0.0669,0.1401,1.2877,8.132,1,walk
2.1104,780,0.1555,-0.0678,0.1399,0.2468,8.02,1,walk
2.1126,781,0.1583,-0.0685,0.1426,0.4249,8.107,1,walk
2.1146,782,0.1584,-0.0692,0.1425,0.2944,7.996,1,walk
2.1167,783,0.1612,-0.0698,0.1453,1.4294,8.052,1,walk
2.1188,784,0.1613,-0.0704,0.1452,0.2996,8.016,1,walk
2.1209,785,0.1644,-0.0712,0.1481,0.4859,8.147,1,walk
2.1229,786,0.1646,-0.0722,0.1479,0.2625,8.038,1,walk
2.1251,787,0.1674,-0.0728,0.1508,1.2048,8.053,1,walk
2.1271,788,0.1676,-0.0734,0.1507,0.3113,7.981,1,walk
2.1292,789,0.1705,-0.0741,0.1536,0.6935,8.099,1,walk
2.1313,790,0.1707,-0.0748,0.1535,0.3162,8.026,1,walk
2.1334,791,0.1736,-0.0754,0.1564,1.4086,8.049,1,walk
2.1354,792,0.1737,-0.076,0.1562,0.3147,7.929,1,walk
2.1375,793,0.1764,-0.0766,0.1589,0.6205,7.946,1,walk
2.1396,794,0.1762,-0.0774,0.1583,0.2398,7.907,1,walk
2.1417,795,0.178,-0.078,0.16,2.2102,7.713,1,walk
2.1438,796,0.1776,-0.0787,0.1592,0.2935,7.617,1,walk
2.1459,797,0.18,-0.0793,0.1616,1.05,7.635,1,walk
2.1479,798,0.1795,-0.0802,0.1606,0.1846,7.582,1,walk
2.1501,799,0.1821,-0.0805,0.1634,0.6531,7.65,1,walk
2.1521,800,0.1817,-0.0813,0.1625,0.2008,7.554,1,walk
2.1542,801,0.1842,-0.0818,0.165,1.0917,7.627,1,walk
2.1563,802,0.1839,-0.0823,0.1644,0.277,7.582,1,walk
2.1584,803,0.1866,-0.0827,0.1673,0.729,7.671,1,walk
2.1604,804,0.1862,-0.0834,0.1665,0.2161,7.584,1,walk
2.1626,805,0.1886,-0.0839,0.1689,0.2032,7.634,1,walk
2.1646,806,0.1883,-0.0843,0.1683,0.2906,7.612,1,walk
2.1667,807,0.1904,-0.0846,0.1706,1.1039,7.578,1,walk
2.1688,808,0.1901,-0.085,0.17,0.3047,7.536,1,walk
2.1709,809,0.1926,-0.086,0.1723,0.2146,7.667,1,walk
2.173,810,0.1921,-0.0864,0.1715,0.2849,7.647,1,walk
2.175,811,0.1944,-0.0869,0.1739,1.1224,7.714,1,walk
2.1771,812,0.1939,-0.0873,0.1731,0.2701,7.678,1,walk
2.1791,813,0.1965,-0.0877,0.1759,0.4418,7.763,1,walk
2.1812,814,0.1957,-0.0883,0.1746,0.1861,7.71,1,walk
2.1833,815,0.1981,-0.0889,0.177,1.0337,7.817,1,walk
2.1853,816,0.1976,-0.0894,0.1762,0.2731,7.779,1,walk
2.1876,817,0.1999,-0.0899,0.1786,0.0256,7.833,1,walk
2.1896,818,0.1994,-0.0903,0.1778,0.2879,7.789,1,walk
2.1917,819,0.2021,-0.0907,0.1806,0.9483,7.89,0,walk
2.1937,820,0.2013,-0.0912,0.1794,0.2093,7.844,0,walk
2.1959,821,0.2036,-0.0918,0.1818,0.451,7.939,0,walk
2.198,822,0.2028,-0.0923,0.1805,0.2171,7.837,0,walk
2.2,823,0.2051,-0.0929,0.1829,0.8173,7.928,0,walk
2.2021,824,0.2045,-0.0932,0.182,0.2904,7.9,0,walk
2.2042,825,0.2067,-0.0934,0.1844,1.7034,7.963,0,walk
2.2062,826,0.206,-0.0937,0.1835,0.2835,7.908,0,walk
2.2083,827,0.208,-0.0941,0.1855,1.6622,7.999,0,walk
2.2103,828,0.2071,-0.0943,0.1844,0.2649,7.912,0,walk
2.2125,829,0.209,-0.0947,0.1863,0.8634,8.013,0,walk
2.2145,830,0.208,-0.0949,0.1852,0.2623,7.982,0,walk
2.2167,831,0.2102,-0.0954,0.1874,0.7123,8.188,0,walk
2.2188,832,0.2092,-0.0955,0.1862,0.2645,8.124,0,walk
2.2208,833,0.211,-0.0959,0.1879,2.1669,8.215,0,walk
2.2229,834,0.2094,-0.0961,0.1861,0.1615,8.115,0,walk
2.2249,835,0.2116,-0.0964,0.1884,1.1033,8.288,0,walk
2.227,836,0.2098,-0.0965,0.1863,0.1446,8.184,0,walk
2.2291,837,0.2114,-0.0968,0.1879,0.1644,8.285,0,walk
2.2312,838,0.2103,-0.0969,0.1866,0.2595,8.178,0,walk
2.2337,839,0.2118,-0.0972,0.1881,0.833,8.321,0,walk
2.2353,840,0.2105,-0.0973,0.1867,0.2432,8.284,0,walk
2.238,841,0.2112,-0.0976,0.1873,0.1976,8.361,0,walk
2.24,842,0.21,-0.0977,0.1859,0.2488,8.283,0,walk
2.2421,843,0.212,-0.098,0.188,0.908,8.412,0,walk
2.2441,844,0.2103,-0.0981,0.186,0.1571,8.291,0,walk
2.2462,845,0.2117,-0.0984,0.1874,0.483,8.444,0,walk
2.2483,846,0.2106,-0.0985,0.1861,0.2752,8.36,0,walk
2.2504,847,0.212,-0.0988,0.1876,0.5913,8.487,0,walk
2.2525,848,0.211,-0.099,0.1863,0.2799,8.402,0,walk
2.2546,849,0.2123,-0.0992,0.1877,1.069,8.511,0,walk
2.2566,850,0.2112,-0.0993,0.1864,0.2799,8.423,0,walk
2.2587,851,0.2124,-0.0995,0.1877,0.3338,8.579,0,walk
2.2608,852,0.2113,-0.0997,0.1863,0.2772,8.489,0,walk
2.2628,853,0.2124,-0.0998,0.1875,0.9599,8.625,0,walk
2.2649,854,0.2107,-0.1,0.1854,0.2191,8.439,0,walk
2.2669,855,0.2118,-0.1001,0.1867,1.261,8.564,0,walk
2.269,856,0.2107,-0.1002,0.1854,0.3026,8.516,0,walk
2.271,857,0.2118,-0.1002,0.1866,0.3669,8.667,0,walk
2.2731,858,0.2107,-0.1004,0.1852,0.3149,8.57,0,walk
2.2751,859,0.2118,-0.1006,0.1863,0.9717,8.641,0,walk
2.2772,860,0.2107,-0.1007,0.185,0.3054,8.542,0,walk
2.2792,861,0.2116,-0.1009,0.186,1.0106,8.741,0,walk
2.2813,862,0.2105,-0.101,0.1847,0.3232,8.641,0,walk
2.2833,863,0.2115,-0.1012,0.1857,0.2753,8.762,0,walk
2.2854,864,0.2103,-0.1013,0.1843,0.3182,8.609,0,walk
2.2875,865,0.2119,-0.1015,0.186,0.2463,8.805,0,walk
2.2895,866,0.2101,-0.1016,0.1839,0.2529,8.702,0,walk
2.2916,867,0.2111,-0.1016,0.185,1.6901,8.885,0,walk
2.2937,868,0.2099,-0.1017,0.1837,0.334,8.781,0,walk
2.2958,869,0.2109,-0.1017,0.1848,0.3731,8.93,0,walk
2.2978,870,0.2092,-0.1018,0.1827,0.269,8.721,0,walk
2.3,871,0.2101,-0.1019,0.1838,0.2536,8.938,0,walk
2.302,872,0.2089,-0.1019,0.1824,0.3297,8.832,0,walk
2.3041,873,0.2097,-0.1019,0.1833,1.0026,8.97,0,walk
2.3062,874,0.2086,-0.1019,0.182,0.3503,8.863,0,walk
2.3084,875,0.21,-0.1018,0.1836,0.6425,9.002,0,walk
2.3104,876,0.2082,-0.1019,0.1815,0.2877,8.839,0,walk
2.3125,877,0.2096,-0.1018,0.1832,1.0466,9.099,0,walk
2.3145,878,0.2078,-0.1019,0.1811,0.282,8.935,0,walk
2.3167,879,0.2085,-0.1017,0.1819,0.7924,9.075,0,walk
2.3187,880,0.2072,-0.1018,0.1805,0.3666,8.909,0,walk
2.3208,881,0.2086,-0.1016,0.1821,1.1282,9.098,0,walk
2.3228,882,0.2061,-0.1017,0.1792,0.2277,8.932,0,walk
2.3251,883,0.2067,-0.1016,0.1801,0.3976,9.159,0,walk
2.3271,884,0.2055,-0.1016,0.1786,0.3523,9.048,0,walk
2.3292,885,0.206,-0.1014,0.1793,0.8699,9.126,0,walk
2.3313,886,0.2048,-0.1015,0.1779,0.3551,9.015,0,walk
2.3334,887,0.2054,-0.1011,0.1788,1.5109,9.176,0,walk
2.3354,888,0.2041,-0.1011,0.1773,0.3308,9.065,0,walk
2.3375,889,0.2047,-0.1007,0.1783,1.0576,9.159,0,walk
2.3396,890,0.2034,-0.1007,0.1768,0.3239,9.048,0,walk
2.3417,891,0.2045,-0.1001,0.1783,0.8061,9.149,0,walk
2.3437,892,0.2025,-0.1001,0.1761,0.2414,8.981,0,walk
2.3459,893,0.2024,-0.0999,0.1761,0.6806,9.082,0,walk
2.3479,894,0.2011,-0.0999,0.1746,0.3242,8.971,0,walk
2.35,895,0.2021,-0.0994,0.176,0.805,9.151,0,walk
2.352,896,0.2001,-0.0994,0.1737,0.2411,8.932,0,walk
2.3542,897,0.2012,-0.0991,0.1752,0.8481,9.09,0,walk
2.3562,898,0.1992,-0.0991,0.1728,0.2339,8.982,1,walk
2.3583,899,0.2002,-0.0987,0.1742,0.8039,9.14,0,walk
2.3604,900,0.1982,-0.0988,0.1718,0.2403,8.98,1,walk
2.3625,901,0.1984,-0.0985,0.1722,1.2541,8.946,1,walk
2.3646,902,0.197,-0.0985,0.1706,0.3251,8.841,1,walk
2.3667,903,0.1973,-0.0981,0.1712,1.4758,8.976,1,walk
2.3687,904,0.196,-0.0982,0.1696,0.3122,8.924,1,walk
2.3709,905,0.1963,-0.0977,0.1702,1.3375,9.055,1,walk
2.3729,906,0.1942,-0.0977,0.1679,0.2383,8.899,1,walk
2.375,907,0.1953,-0.0975,0.1692,0.7857,9.037,1,walk
2.377,908,0.1933,-0.0976,0.1668,0.2383,8.881,1,walk
2.3792,909,0.1934,-0.097,0.1673,0.7411,9.145,1,walk
2.3813,910,0.192,-0.0971,0.1657,0.3086,9.041,1,walk
2.3834,911,0.1923,-0.0968,0.1662,0.4353,9.142,1,walk
2.3854,912,0.191,-0.0969,0.1646,0.3006,8.989,1,walk
2.3876,913,0.1919,-0.0964,0.1659,1.4426,9.127,1,walk
2.3896,914,0.1899,-0.0965,0.1635,0.2401,9.024,1,walk
2.3918,915,0.1901,-0.0961,0.164,0.4191,9.123,1,walk
2.3938,916,0.1888,-0.0962,0.1624,0.2919,9.02,1,walk
2.3958,917,0.189,-0.0958,0.1629,0.5186,9.118,1,walk
2.3979,918,0.187,-0.096,0.1605,0.2424,8.912,1,walk
2.4,919,0.1872,-0.0955,0.161,1.4058,9.056,1,walk
2.4021,920,0.1859,-0.0956,0.1594,0.281,8.953,1,walk
2.4042,921,0.1861,-0.0952,0.1599,0.441,9.057,1,walk
2.4062,922,0.1847,-0.0953,0.1582,0.2819,8.955,1,walk
2.4084,923,0.1849,-0.0949,0.1587,0.7191,9.008,1,walk
2.4104,924,0.1836,-0.095,0.1571,0.2785,8.908,1,walk
2.4125,925,0.1837,-0.0945,0.1576,0.6144,9.044,1,walk
2.4145,926,0.1824,-0.0946,0.1559,0.2759,8.946,1,walk
2.4168,927,0.1826,-0.0942,0.1564,0.6693,9.066,1,walk
2.4188,928,0.1812,-0.0943,0.1547,0.2733,8.921,1,walk
2.4209,929,0.1814,-0.0939,0.1552,0.385,9.005,1,walk
2.4229,930,0.1794,-0.0941,0.1527,0.2529,8.91,1,walk
2.425,931,0.1803,-0.0939,0.1539,0.9168,9.008,1,walk
2.4271,932,0.1783,-0.0941,0.1515,0.2521,8.867,1,walk
2.4292,933,0.1792,-0.0936,0.1528,1.2459,9.016,1,walk
2.4313,934,0.1772,-0.0939,0.1503,0.2535,8.839,1,walk
2.4333,935,0.178,-0.0934,0.1515,0.1429,8.987,1,walk
2.4353,936,0.176,-0.0935,0.1491,0.2482,8.907,1,walk
2.4375,937,0.1762,-0.0932,0.1496,0.5918,9.016,1,walk
2.4396,938,0.175,-0.0931,0.1482,0.2571,8.903,1,walk
2.4417,939,0.1755,-0.0924,0.1492,0.582,9.013,1,walk
2.4437,940,0.1744,-0.092,0.1482,0.2813,8.972,1,walk
2.4458,941,0.1749,-0.0911,0.1493,1.0063,9.092,1,walk
2.4479,942,0.1739,-0.0908,0.1483,0.2773,9.004,1,walk
2.45,943,0.1744,-0.09,0.1494,0.8576,9.072,1,walk
2.4521,944,0.1727,-0.0895,0.1477,0.1451,8.978,1,walk
2.4542,945,0.1736,-0.0888,0.1491,0.8775,9.149,1,walk
2.4563,946,0.1717,-0.0883,0.1473,0.1329,9.006,1,walk
2.4583,947,0.1727,-0.0876,0.1488,1.4471,9.134,1,walk
2.4604,948,0.1708,-0.0872,0.1468,0.1122,8.993,1,walk
2.4625,949,0.171,-0.0864,0.1475,0.757,9.188,1,walk
2.4645,950,0.1696,-0.0861,0.1461,0.1965,9.095,1,walk
2.4667,951,0.1705,-0.0854,0.1476,1.3935,9.292,1,walk
2.4688,952,0.1684,-0.085,0.1454,0.086,9.109,1,walk
2.4709,953,0.1679,-0.084,0.1454,0.7282,9.288,1,walk
2.473,954,0.1665,-0.0838,0.1439,0.1704,9.198,1,walk
2.4751,955,0.1674,-0.083,0.1454,0.8805,9.403,1,walk
2.4771,956,0.1653,-0.0826,0.1432,0.0916,9.224,1,walk
2.4796,957,0.1656,-0.0819,0.1439,0.5125,9.444,1,walk
2.4816,958,0.1642,-0.0816,0.1425,0.1731,9.355,1,walk
2.4838,959,0.1652,-0.0809,0.144,1.3619,9.573,1,walk
2.4858,960,0.1626,-0.0805,0.1412,0.1509,9.358,1,walk
2.4879,961,0.1636,-0.0799,0.1428,0.4617,9.582,1,walk
2.49,962,0.1618,-0.0797,0.1408,0.1141,9.498,1,walk
2.4922,963,0.1623,-0.079,0.1418,1.135,9.673,1,walk
2.4942,964,0.1611,-0.0788,0.1405,0.1945,9.589,1,walk
2.4963,965,0.1615,-0.0781,0.1414,0.2913,9.711,1,walk
2.4984,966,0.1603,-0.0779,0.1401,0.1892,9.626,1,walk
2.5004,967,0.1609,-0.0772,0.1411,1.433,9.832,1,walk
2.5025,968,0.1597,-0.077,0.1399,0.1881,9.746,1,walk
2.5045,969,0.1602,-0.0763,0.1408,0.7704,9.911,1,walk
2.5066,970,0.159,-0.0762,0.1395,0.1958,9.781,1,walk
2.5087,971,0.1596,-0.0753,0.1407,1.4959,10.031,0,walk
2.5108,972,0.1584,-0.0751,0.1395,0.1797,9.988,1,walk
2.5129,973,0.1584,-0.0743,0.1399,1.5782,10.119,0,walk
2.5149,974,0.1573,-0.0741,0.1387,0.1916,10.032,0,walk
2.517,975,0.1579,-0.0734,0.1398,1.4673,10.151,0,walk
2.519,976,0.1568,-0.0732,0.1386,0.1883,10.063,0,walk
2.5211,977,0.1574,-0.0725,0.1397,0.1989,10.229,0,walk
2.5231,978,0.1563,-0.0723,0.1385,0.1926,10.185,0,walk
2.5252,979,0.157,-0.0716,0.1398,1.4099,10.326,0,walk
2.5272,980,0.1559,-0.0714,0.1386,0.1886,10.238,0,walk
2.5293,981,0.1565,-0.0707,0.1397,1.3799,10.361,0,walk
2.5313,982,0.1554,-0.0706,0.1385,0.1941,10.273,0,walk
2.5334,983,0.1562,-0.07,0.1397,1.163,10.482,0,walk
2.5354,984,0.1551,-0.0698,0.1385,0.2004,10.394,0,walk
2.5375,985,0.1558,-0.0694,0.1395,1.4549,10.557,0,walk
2.5396,986,0.1547,-0.0693,0.1383,0.2191,10.469,0,walk
2.5417,987,0.1555,-0.0689,0.1393,0.5693,10.592,0,walk
2.5437,988,0.1544,-0.0688,0.1382,0.2204,10.505,0,walk
2.5458,989,0.1552,-0.0683,0.1393,1.5692,10.694,0,walk
2.5479,990,0.1536,-0.0681,0.1377,0.1054,10.562,0,walk
2.55,991,0.1543,-0.0676,0.1388,0.2414,10.708,0,walk
2.5521,992,0.1533,-0.0674,0.1377,0.2122,10.577,0,walk
2.5542,993,0.1541,-0.0669,0.1389,1.5008,10.696,0,walk
2.5562,994,0.1531,-0.0667,0.1378,0.2031,10.652,0,walk
2.5583,995,0.1539,-0.0662,0.139,0.5699,10.77,0,walk
2.5604,996,0.1529,-0.066,0.1379,0.2048,10.683,0,walk
2.5626,997,0.154,-0.0651,0.1396,1.3379,10.682,0,walk
2.5646,998,0.153,-0.0649,0.1385,0.1661,10.597,0,walk
2.5667,999,0.1539,-0.0639,0.14,1.812,10.719,0,walk
2.5687,1000,0.1528,-0.0638,0.1389,0.1707,10.676,0,walk
2.5708,1001,0.1533,-0.0631,0.1397,1.1189,10.761,0,walk
2.5729,1002,0.1523,-0.063,0.1386,0.1941,10.636,0,walk
2.5752,1003,0.1534,-0.0624,0.1401,2.5127,10.682,0,walk
2.5772,1004,0.1518,-0.0622,0.1385,0.1074,10.559,0,walk
2.5794,1005,0.1528,-0.0615,0.1399,1.4029,10.742,0,walk
2.5814,1006,0.1518,-0.0614,0.1388,0.1804,10.661,0,walk
2.5835,1007,0.1527,-0.0605,0.1402,0.8868,10.813,0,walk
2.5855,1008,0.1517,-0.0604,0.1391,0.1769,10.693,0,walk
2.5876,1009,0.1531,-0.0597,0.141,1.2599,10.945,0,walk
2.5896,1010,0.152,-0.0596,0.1398,0.1693,10.905,0,walk
2.5917,1011,0.1531,-0.0589,0.1413,2.5892,11.033,0,walk
2.5938,1012,0.152,-0.0588,0.1402,0.1762,10.953,0,walk
2.5958,1013,0.1525,-0.058,0.1411,0.2389,11.011,0,walk
2.5979,1014,0.1514,-0.0579,0.1399,0.1742,10.932,0,walk
2.6,1015,0.1525,-0.0572,0.1414,0.9131,11.094,0,walk
2.6021,1016,0.1514,-0.0571,0.1402,0.1752,11.013,0,walk
2.6042,1017,0.1526,-0.0566,0.1417,2.5099,11.073,0,walk
2.6062,1018,0.1509,-0.0564,0.14,0.0846,10.952,0,walk
2.6092,1019,0.152,-0.0556,0.1414,1.3957,11.035,0,walk
2.6103,1020,0.1508,-0.0555,0.1402,0.1619,10.954,0,walk
2.6126,1021,0.152,-0.0548,0.1417,0.946,11.133,0,walk
2.6147,1022,0.1508,-0.0547,0.1405,0.163,11.05,0,walk
2.617,1023,0.1524,-0.054,0.1425,1.2368,11.216,0,walk
2.6191,1024,0.1506,-0.0539,0.1406,0.0401,11.052,0,walk
2.6211,1025,0.1522,-0.0536,0.1424,2.4201,11.083,0,walk
2.6232,1026,0.1504,-0.0534,0.1406,0.0695,10.999,0,walk
2.6252,1027,0.1516,-0.0529,0.1421,1.4383,11.003,0,walk
2.6273,1028,0.1504,-0.0528,0.1408,0.1648,10.918,0,walk
2.6294,1029,0.1525,-0.0525,0.1432,0.8197,10.914,0,walk
2.6314,1030,0.1507,-0.0524,0.1413,0.0604,10.74,0,walk
2.6335,1031,0.1516,-0.0516,0.1425,1.9108,10.825,0,walk
2.6355,1032,0.1503,-0.0515,0.1412,0.1586,10.78,0,walk
2.6376,1033,0.1515,-0.0509,0.1427,1.3214,10.822,0,walk
2.6397,1034,0.1503,-0.0508,0.1414,0.1528,10.732,0,walk
2.6417,1035,0.1521,-0.0502,0.1436,0.9254,10.791,0,walk
2.6438,1036,0.1502,-0.05,0.1417,0.0282,10.653,0,walk
2.6459,1037,0.1508,-0.0493,0.1425,0.8207,10.721,0,walk
2.6479,1038,0.1495,-0.0492,0.1412,0.1395,10.628,0,walk
2.6501,1039,0.1508,-0.0486,0.1427,1.1688,10.67,0,walk
2.6522,1040,0.1495,-0.0485,0.1414,0.1487,10.531,0,walk
2.6543,1041,0.1506,-0.0478,0.1428,0.6066,10.596,0,walk
2.6563,1042,0.1494,-0.0477,0.1415,0.1475,10.549,0,walk
2.6586,1043,0.1505,-0.0469,0.143,1.1432,10.626,0,walk
2.6607,1044,0.1492,-0.0468,0.1416,0.1344,10.533,0,walk
2.6628,1045,0.1504,-0.0462,0.1432,1.1905,10.533,0,walk
2.6648,1046,0.1491,-0.0461,0.1418,0.1381,10.439,0,walk
2.6669,1047,0.1495,-0.0453,0.1424,1.9765,10.495,0,walk
2.6689,1048,0.1481,-0.0452,0.1411,0.1365,10.401,0,walk
2.671,1049,0.1493,-0.0445,0.1425,1.3887,10.445,0,walk
2.673,1050,0.1479,-0.0444,0.1411,0.1267,10.303,0,walk
2.6751,1051,0.149,-0.0436,0.1425,0.7841,10.362,0,walk
2.6771,1052,0.1476,-0.0435,0.1411,0.1215,10.315,0,walk
2.6795,1053,0.1488,-0.0427,0.1425,1.3057,10.341,0,walk
2.6815,1054,0.1474,-0.0426,0.1411,0.1234,10.246,0,walk
2.6836,1055,0.1485,-0.0417,0.1425,0.7373,10.309,0,walk
2.6857,1056,0.1471,-0.0416,0.1411,0.1143,10.166,0,walk
2.6877,1057,0.1483,-0.0409,0.1425,1.0266,10.218,0,walk
2.6898,1058,0.1469,-0.0408,0.1411,0.1233,10.122,0,walk
2.6918,1059,0.1483,-0.0402,0.1428,1.1679,10.247,0,walk
2.6939,1060,0.1462,-0.04,0.1406,0.0944,10.057,0,walk
2.6959,1061,0.1474,-0.0392,0.142,1.4949,10.093,0,walk
2.698,1062,0.1459,-0.0391,0.1405,0.1108,10.046,0,walk
2.7,1063,0.1471,-0.0382,0.142,1.1068,10.079,0,walk
2.7021,1064,0.1455,-0.0381,0.1405,0.1092,9.986,1,walk
2.7043,1065,0.1467,-0.0372,0.1419,0.5221,9.969,1,walk
2.7064,1066,0.1452,-0.0371,0.1404,0.1091,9.877,1,walk
2.7085,1067,0.1463,-0.0362,0.1418,0.2689,9.961,1,walk
2.7105,1068,0.1448,-0.036,0.1402,0.109,9.87,1,walk
2.7127,1069,0.1458,-0.0352,0.1415,0.2489,9.904,1,walk
2.7147,1070,0.1443,-0.035,0.14,0.111,9.815,1,walk
2.7168,1071,0.1454,-0.0341,0.1414,1.341,9.799,1,walk
2.7188,1072,0.143,-0.0338,0.139,0.1395,9.669,1,walk
2.721,1073,0.1458,-0.033,0.142,1.3188,9.78,1,walk
2.723,1074,0.1426,-0.0326,0.1388,0.2765,9.651,1,walk
2.725,1075,0.1436,-0.0316,0.1401,0.6306,9.707,1,walk
2.7271,1076,0.142,-0.0314,0.1385,0.111,9.582,1,walk
2.7292,1077,0.1432,-0.0304,0.1399,1.2719,9.608,1,walk
2.7312,1078,0.1415,-0.0302,0.1383,0.1217,9.567,1,walk
2.7335,1079,0.1426,-0.0291,0.1396,0.5813,9.626,1,walk
2.7356,1080,0.141,-0.0289,0.138,0.1218,9.546,1,walk
2.7377,1081,0.1419,-0.0273,0.1393,0.6001,9.816,1,walk
2.7398,1082,0.1403,-0.027,0.1377,0.1059,9.695,1,walk
2.7419,1083,0.1411,-0.0259,0.1387,0.5664,9.733,1,walk
2.7439,1084,0.1398,-0.0257,0.1374,0.17,9.663,1,walk
2.746,1085,0.1413,-0.0246,0.1392,0.7717,9.691,1,walk
2.748,1086,0.14,-0.0244,0.1379,0.1711,9.663,1,walk
2.7501,1087,0.1423,-0.0234,0.1403,1.2188,9.774,1,walk
2.7522,1088,0.1403,-0.0232,0.1384,0.1458,9.7,1,walk
2.7543,1089,0.142,-0.0222,0.1403,1.2203,9.772,1,walk
2.7563,1090,0.1407,-0.0221,0.1389,0.1624,9.751,1,walk
2.7585,1091,0.1424,-0.0211,0.1408,1.2178,9.83,1,walk
2.7606,1092,0.1409,-0.021,0.1394,0.16,9.79,1,walk
2.7628,1093,0.1426,-0.0201,0.1411,0.7543,9.869,1,walk
2.7648,1094,0.141,-0.0199,0.1396,0.1544,9.828,1,walk
2.7669,1095,0.1417,-0.0189,0.1404,0.4796,9.936,1,walk
2.769,1096,0.1401,-0.0187,0.1388,0.1536,9.894,1,walk
2.771,1097,0.1415,-0.0178,0.1404,1.0533,9.974,1,walk
2.7731,1098,0.1399,-0.0176,0.1387,0.1586,9.929,1,walk
2.7751,1099,0.1413,-0.0166,0.1403,1.1845,10.061,0,walk
2.7772,1100,0.1396,-0.0164,0.1387,0.1652,10.014,0,walk
2.7793,1101,0.1411,-0.0154,0.1403,0.7095,10.123,0,walk
2.7813,1102,0.1394,-0.0153,0.1386,0.1704,10.048,0,walk
2.7836,1103,0.141,-0.0142,0.1403,1.0719,10.154,0,walk
2.7857,1104,0.1394,-0.014,0.1387,0.1799,10.126,0,walk
2.7878,1105,0.141,-0.013,0.1404,0.4702,10.234,0,walk
2.7898,1106,0.1394,-0.0128,0.1389,0.1861,10.174,0,walk
2.7919,1107,0.1403,-0.0116,0.1398,1.1808,10.222,0,walk
2.794,1108,0.1387,-0.0113,0.1382,0.1994,10.189,0,walk
2.796,1109,0.1403,-0.0102,0.14,1.2046,10.299,0,walk
2.7981,1110,0.1387,-0.0099,0.1384,0.2096,10.232,0,walk
2.8002,1111,0.1413,-0.0089,0.141,1.1492,10.36,0,walk
2.8022,1112,0.1389,-0.0085,0.1387,0.2664,10.222,0,walk
2.8043,1113,0.1407,-0.0073,0.1405,0.686,10.327,0,walk
2.8064,1114,0.1391,-0.007,0.1389,0.2271,10.292,0,walk
2.8084,1115,0.141,-0.0057,0.1408,1.1626,10.403,0,walk
2.8105,1116,0.1394,-0.0054,0.1393,0.2382,10.331,0,walk
2.8126,1117,0.1413,-0.0042,0.1412,1.1747,10.39,0,walk
2.8146,1118,0.1398,-0.0039,0.1397,0.2474,10.315,0,walk
2.8169,1119,0.141,-0.0025,0.1409,1.146,10.408,0,walk
2.819,1120,0.1394,-0.0021,0.1394,0.2583,10.332,0,walk
2.821,1121,0.1414,-0.0009,0.1414,0.9994,10.419,0,walk
2.8231,1122,0.1399,-0.0005,0.1399,0.2655,10.303,0,walk
2.8251,1123,0.142,0.0008,0.142,1.0291,10.386,0,walk
2.8272,1124,0.1405,0.0011,0.1405,0.2733,10.347,0,walk
2.8293,1125,0.1426,0.0025,0.1426,1.1298,10.427,0,walk
2.8314,1126,0.1411,0.0028,0.1411,0.2843,10.348,0,walk
2.8334,1127,0.1433,0.0042,0.1433,1.1389,10.416,0,walk
2.8356,1128,0.1418,0.0045,0.1418,0.2942,10.296,0,walk
2.8378,1129,0.1442,0.006,0.1441,1.1009,10.355,0,walk
2.8398,1130,0.1428,0.0063,0.1426,0.3101,10.315,0,walk
2.8419,1131,0.1445,0.008,0.1443,1.0416,10.343,0,walk
2.8439,1132,0.143,0.0083,0.1428,0.3206,10.263,0,walk
2.846,1133,0.1454,0.0098,0.1451,0.9304,10.276,0,walk
2.8481,1134,0.1439,0.0102,0.1436,0.3214,10.195,0,walk
2.8501,1135,0.1463,0.0117,0.1458,0.6957,10.268,0,walk
2.8522,1136,0.1448,0.0121,0.1443,0.3302,10.186,0,walk
2.8543,1137,0.1473,0.0136,0.1466,0.8742,10.209,0,walk
2.8563,1138,0.1458,0.014,0.1452,0.3388,10.088,0,walk
2.8585,1139,0.1482,0.0155,0.1474,0.2357,10.114,0,walk
2.8606,1140,0.1468,0.0159,0.1459,0.3463,10.074,0,walk
2.8629,1141,0.1485,0.0176,0.1475,1.0927,10.055,0,walk
2.8649,1142,0.1471,0.018,0.146,0.3575,9.975,1,walk
2.867,1143,0.1497,0.0195,0.1484,1.0512,9.951,1,walk
2.869,1144,0.1483,0.0199,0.1469,0.3699,9.872,1,walk
2.8711,1145,0.1508,0.0214,0.1493,1.0848,9.927,1,walk
2.8731,1146,0.1494,0.0218,0.1478,0.3789,9.849,1,walk
2.8752,1147,0.152,0.0234,0.1502,0.9673,9.851,1,walk
2.8772,1148,0.1506,0.0238,0.1487,0.3865,9.736,1,walk
2.8793,1149,0.1532,0.0254,0.1511,0.6568,9.728,1,walk
2.8813,1150,0.1518,0.0258,0.1496,0.3918,9.69,1,walk
2.8834,1151,0.1545,0.0274,0.1521,0.8426,9.667,1,walk
2.8855,1152,0.1531,0.0279,0.1506,0.4023,9.592,1,walk
2.8876,1153,0.1558,0.0294,0.153,1.0702,9.58,1,walk
2.8896,1154,0.1545,0.0299,0.1516,0.4145,9.469,1,walk
2.8918,1155,0.1571,0.0315,0.1539,0.53,9.439,1,walk
2.8938,1156,0.1551,0.0321,0.1517,0.4567,9.367,1,walk
2.896,1157,0.1577,0.0337,0.1541,0.9933,9.346,1,walk
2.898,1158,0.1564,0.0341,0.1526,0.4277,9.276,1,walk
2.9001,1159,0.159,0.0357,0.155,0.6977,9.215,1,walk
2.9022,1160,0.1577,0.0362,0.1535,0.4348,9.146,1,walk
2.9043,1161,0.1603,0.0377,0.1558,0.8164,9.145,1,walk
2.9063,1162,0.159,0.0382,0.1543,0.4436,9.078,1,walk
2.9085,1163,0.1616,0.0398,0.1566,0.6197,9.041,1,walk
2.9105,1164,0.1603,0.0402,0.1552,0.449,8.943,1,walk
2.9126,1165,0.1629,0.042,0.1574,0.4728,8.888,1,walk
2.9147,1166,0.1616,0.0424,0.1559,0.4517,8.856,1,walk
2.9168,1167,0.1636,0.0442,0.1575,1.181,8.763,1,walk
2.9189,1168,0.1623,0.0447,0.156,0.467,8.703,1,walk
2.921,1169,0.1648,0.0462,0.1582,0.4533,8.604,1,walk
2.9231,1170,0.1635,0.0467,0.1567,0.4728,8.546,1,walk
2.9252,1171,0.1668,0.0481,0.1597,0.521,8.563,1,walk
2.9273,1172,0.1648,0.0488,0.1574,0.4924,8.507,1,walk
2.9294,1173,0.1673,0.0504,0.1595,0.5346,8.466,1,walk
2.9314,1174,0.166,0.0508,0.158,0.4762,8.412,1,walk
2.9336,1175,0.1686,0.0526,0.1602,0.557,8.36,1,walk
2.9358,1176,0.1673,0.053,0.1587,0.4629,8.309,1,walk
2.938,1177,0.1697,0.0546,0.1607,0.7862,8.312,1,walk
2.94,1178,0.1678,0.0552,0.1585,0.49,8.239,1,walk
2.9421,1179,0.1709,0.0566,0.1612,0.5343,8.259,1,walk
2.9441,1180,0.169,0.0573,0.159,0.4802,8.163,1,walk
2.9463,1181,0.1714,0.059,0.161,0.4544,8.124,1,walk
2.9483,1182,0.1701,0.0594,0.1594,0.4507,8.101,1,walk
2.9504,1183,0.1726,0.061,0.1614,0.9661,8.12,1,walk
2.9525,1184,0.1713,0.0614,0.1599,0.4623,8.074,1,walk
2.9546,1185,0.1737,0.0631,0.1618,0.6214,8.052,1,walk
2.9566,1186,0.1724,0.0635,0.1603,0.4573,8.007,1,walk
2.9587,1187,0.1748,0.065,0.1622,1.1468,8.04,1,walk
2.9608,1188,0.1735,0.0654,0.1607,0.4788,7.996,1,walk
2.9628,1189,0.1759,0.067,0.1626,0.4632,8.017,1,walk
2.9649,1190,0.1739,0.0676,0.1603,0.4545,7.928,1,walk
2.9669,1191,0.1762,0.0691,0.1621,0.7255,7.934,1,walk
2.969,1192,0.1749,0.0694,0.1606,0.4809,7.911,1,walk
2.9711,1193,0.1779,0.0707,0.1632,1.0101,7.901,1,walk
2.9731,1194,0.176,0.0713,0.1609,0.4759,7.833,1,walk
2.9752,1195,0.1781,0.0728,0.1626,1.3562,7.869,1,walk
2.9772,1196,0.1769,0.0731,0.1611,0.4547,7.799,1,walk
2.9795,1197,0.1797,0.0744,0.1636,1.1201,7.853,1,walk
2.9815,1198,0.1778,0.0749,0.1612,0.4605,7.806,1,walk
2.9836,1199,0.1799,0.0763,0.1629,0.4709,7.852,1,walk
2.9857,1200,0.1786,0.0766,0.1614,0.473,7.805,1,walk
2.9878,1201,0.1808,0.078,0.1631,1.1168,7.844,1,walk
2.9898,1202,0.1788,0.0784,0.1607,0.4828,7.773,1,walk
2.9919,1203,0.1815,0.0796,0.1632,0.4843,7.885,1,walk
2.9939,1204,0.1796,0.08,0.1608,0.4877,7.812,1,walk
2.996,1205,0.1816,0.0813,0.1624,0.6275,7.88,1,walk
2.998,1206,0.1803,0.0815,0.1608,0.4785,7.804,1,walk
3.0001,1207,0.1823,0.0827,0.1625,0.5436,7.86,1,walk
3.0022,1208,0.181,0.0829,0.1608,0.494,7.835,1,walk
3.0043,1209,0.183,0.0841,0.1625,0.8906,7.906,1,walk
3.0063,1210,0.1816,0.0844,0.1608,0.491,7.853,1,walk
3.0084,1211,0.1836,0.0856,0.1625,0.9989,7.896,1,walk
3.0104,1212,0.1823,0.0858,0.1608,0.4858,7.842,1,walk
3.0125,1213,0.1842,0.0869,0.1624,0.1541,7.923,1,walk
3.0146,1214,0.1829,0.0871,0.1608,0.4948,7.869,1,walk
3.0167,1215,0.1848,0.0882,0.1623,0.9311,7.931,1,walk
3.0188,1216,0.1834,0.0884,0.1607,0.501,7.876,1,walk
3.0209,1217,0.1846,0.0896,0.1614,0.558,7.871,1,walk
3.0229,1218,0.1832,0.0897,0.1598,0.4925,7.843,1,walk
3.0251,1219,0.1851,0.0908,0.1613,0.5974,7.891,1,walk
3.0272,1220,0.1837,0.0909,0.1596,0.4911,7.834,1,walk
3.0293,1221,0.1855,0.0919,0.1612,0.9254,7.839,1,walk
3.0313,1222,0.1842,0.092,0.1595,0.5024,7.784,1,walk
3.0336,1223,0.1866,0.093,0.1618,0.6017,7.843,1,walk
3.0357,1224,0.1845,0.0931,0.1593,0.5085,7.791,1,walk
3.0379,1225,0.1855,0.0941,0.1599,0.5065,7.794,1,walk
3.0399,1226,0.1842,0.0943,0.1582,0.4944,7.713,1,walk
3.042,1227,0.1858,0.0952,0.1596,0.5792,7.715,1,walk
3.044,1228,0.1844,0.0954,0.1579,0.5098,7.685,1,walk
3.0461,1229,0.1869,0.0963,0.1601,0.9609,7.708,1,walk
3.0482,1230,0.1847,0.0964,0.1576,0.5144,7.611,1,walk
3.0502,1231,0.1865,0.0972,0.1592,0.3195,7.563,1,walk
3.0523,1232,0.1854,0.0972,0.1578,0.5118,7.53,1,walk
3.0543,1233,0.1874,0.098,0.1597,0.502,7.511,1,walk
3.0564,1234,0.1864,0.098,0.1586,0.5203,7.446,1,walk
3.0584,1235,0.1886,0.0988,0.1607,1.2263,7.367,1,walk
3.0605,1236,0.1877,0.0988,0.1596,0.5361,7.303,1,walk
3.0625,1237,0.1898,0.0997,0.1615,0.5482,7.288,1,walk
3.0646,1238,0.1887,0.0998,0.1602,0.5105,7.225,1,walk
3.0667,1239,0.1911,0.1006,0.1625,0.5525,7.21,1,walk
3.0687,1240,0.1894,0.1007,0.1604,0.4959,7.088,1,walk
3.0708,1241,0.1911,0.1016,0.1619,0.5111,7.022,1,walk
3.0729,1242,0.189,0.1017,0.1593,0.5153,6.962,1,walk
3.075,1243,0.1912,0.1025,0.1615,1.2124,6.916,1,walk
3.077,1244,0.1884,0.1022,0.1583,0.5234,6.804,1,walk
3.0791,1245,0.1895,0.1028,0.1592,0.5054,6.748,1,walk
3.0812,1246,0.1876,0.1026,0.1571,0.485,6.726,1,walk
3.0833,1247,0.1889,0.1032,0.1582,0.5109,6.664,1,walk
3.0853,1248,0.1873,0.103,0.1564,0.4937,6.609,1,walk
3.0875,1249,0.1894,0.1037,0.1585,0.4607,6.546,1,walk
3.0896,1250,0.1872,0.1035,0.156,0.4886,6.516,1,walk
3.0917,1251,0.1886,0.1041,0.1573,0.9044,6.445,1,walk
3.0938,1252,0.1872,0.104,0.1556,0.4938,6.42,1,walk
3.096,1253,0.1886,0.1046,0.1569,0.6042,6.333,1,walk
3.098,1254,0.1863,0.1044,0.1544,0.4897,6.302,1,walk
3.1001,1255,0.1878,0.105,0.1557,1.132,6.267,1,walk
3.1021,1256,0.1863,0.1048,0.154,0.4964,6.25,1,walk
3.1042,1257,0.1876,0.1054,0.1552,0.3316,6.168,1,walk
3.1062,1258,0.1861,0.1052,0.1535,0.5056,6.147,1,walk
3.1083,1259,0.1875,0.1058,0.1548,0.5074,6.071,1,walk
3.1103,1260,0.186,0.1056,0.1531,0.4944,6.065,1,walk
3.1125,1261,0.1873,0.1062,0.1542,0.4949,5.994,1,walk
3.1145,1262,0.1858,0.106,0.1525,0.4932,5.985,1,walk
3.1169,1263,0.1863,0.1065,0.1529,0.6131,5.918,1,walk
3.1189,1264,0.1848,0.1063,0.1512,0.4995,5.915,1,walk
3.121,1265,0.1868,0.1069,0.1532,0.5339,5.855,1,walk
3.123,1266,0.1846,0.1066,0.1507,0.4783,5.849,1,walk
3.1251,1267,0.1858,0.1071,0.1519,0.812,5.794,1,walk
3.1271,1268,0.1844,0.1069,0.1502,0.4981,5.792,1,walk
3.1292,1269,0.1856,0.1074,0.1513,0.319,5.738,1,walk
3.1313,1270,0.1841,0.1072,0.1497,0.4993,5.738,1,walk
3.1334,1271,0.1853,0.1076,0.1509,1.1331,5.679,1,walk
3.1354,1272,0.1839,0.1074,0.1492,0.5026,5.68,1,walk
3.1378,1273,0.1851,0.1079,0.1504,0.5353,5.616,1,walk
3.1398,1274,0.1829,0.1075,0.1479,0.4716,5.621,1,walk
3.1419,1275,0.1841,0.1079,0.1491,1.3138,5.559,1,walk
3.1439,1276,0.1827,0.1077,0.1475,0.5023,5.564,1,walk
3.146,1277,0.1839,0.1081,0.1488,1.2417,5.447,1,walk
3.1481,1278,0.1825,0.1079,0.1472,0.5046,5.455,1,walk
3.1501,1279,0.1837,0.1083,0.1484,0.4198,5.409,1,walk
3.1522,1280,0.1823,0.108,0.1468,0.5031,5.413,1,walk
3.1542,1281,0.1842,0.1086,0.1488,0.5157,5.356,1,walk
3.1563,1282,0.182,0.1082,0.1463,0.4695,5.368,1,walk
3.1584,1283,0.184,0.1087,0.1484,1.2955,5.326,1,walk
3.1604,1284,0.1818,0.1083,0.146,0.4734,5.344,1,walk
3.1626,1285,0.183,0.1087,0.1472,0.6936,5.29,1,walk
3.1646,1286,0.1815,0.1084,0.1455,0.4966,5.295,1,walk
3.1668,1287,0.1827,0.1088,0.1468,1.2964,5.251,1,walk
3.1688,1288,0.1812,0.1085,0.1452,0.502,5.261,1,walk
3.1709,1289,0.1824,0.1089,0.1463,1.4948,5.201,1,walk
3.173,1290,0.1802,0.1085,0.1439,0.4605,5.217,1,walk
3.175,1291,0.1821,0.1089,0.1459,1.3196,5.167,1,walk
3.1771,1292,0.1799,0.1085,0.1434,0.4659,5.184,1,walk
3.1792,1293,0.181,0.1089,0.1446,0.5812,5.131,1,walk
3.1812,1294,0.1796,0.1086,0.143,0.4935,5.149,1,walk
3.1833,1295,0.1807,0.1089,0.1442,1.1027,5.105,1,walk
3.1854,1296,0.1793,0.1087,0.1426,0.496,5.111,1,walk
3.1875,1297,0.1811,0.1092,0.1445,0.5215,5.075,1,walk
3.1896,1298,0.179,0.1088,0.1421,0.4623,5.093,1,walk
3.1918,1299,0.18,0.1091,0.1431,0.6372,5.037,1,walk
3.1938,1300,0.1785,0.1088,0.1415,0.4846,5.056,1,walk
3.1959,1301,0.1803,0.1094,0.1433,0.8688,4.953,1,walk
3.198,1302,0.1774,0.1089,0.14,0.4808,4.972,1,walk
3.2,1303,0.1784,0.1093,0.141,1.3809,4.873,1,walk
3.2021,1304,0.1769,0.109,0.1394,0.4816,4.885,1,walk
3.2042,1305,0.1786,0.1095,0.1412,0.7407,4.809,1,walk
3.2063,1306,0.1765,0.1091,0.1388,0.4587,4.834,1,walk
3.2083,1307,0.1775,0.1094,0.1399,1.339,4.772,1,walk
3.2103,1308,0.1761,0.1091,0.1383,0.4896,4.784,1,walk
3.2125,1309,0.1772,0.1094,0.1393,0.6262,4.76,1,walk
3.2146,1310,0.1757,0.1091,0.1377,0.491,4.773,1,walk
3.2168,1311,0.1775,0.1095,0.1397,1.3246,4.757,1,walk
3.2188,1312,0.1747,0.109,0.1365,0.5073,4.784,1,walk
3.2209,1313,0.1758,0.1093,0.1376,0.7957,4.744,1,walk
3.223,1314,0.1743,0.109,0.136,0.4966,4.757,1,walk
3.225,1315,0.1756,0.1093,0.1374,1.2689,4.768,1,walk
3.2271,1316,0.1742,0.1091,0.1358,0.5109,4.789,1,walk
3.2291,1317,0.1756,0.1095,0.1372,0.5468,4.793,1,walk
3.2312,1318,0.1741,0.1092,0.1356,0.508,4.805,1,walk
3.2333,1319,0.1752,0.1097,0.1366,2.6608,4.814,1,walk
3.2354,1320,0.1737,0.1094,0.1349,0.484,4.826,1,walk
3.2378,1321,0.1747,0.1097,0.136,1.0838,4.819,1,walk
3.2397,1322,0.1732,0.1094,0.1343,0.4883,4.836,1,walk
3.2418,1323,0.1742,0.1097,0.1353,0.6,4.84,1,walk
3.2438,1324,0.1719,0.1093,0.1327,0.4747,4.848,1,walk
3.2459,1325,0.1736,0.1096,0.1346,1.355,4.824,1,walk
3.248,1326,0.1714,0.1092,0.1321,0.4817,4.834,1,walk
3.2502,1327,0.1722,0.1093,0.1331,0.4787,4.818,1,walk
3.2522,1328,0.1707,0.1091,0.1314,0.4896,4.827,1,walk
3.2543,1329,0.1716,0.109,0.1325,1.2975,4.861,1,walk
3.2563,1330,0.1701,0.1088,0.1307,0.5006,4.865,1,walk
3.2585,1331,0.1709,0.1088,0.1318,0.6847,4.864,1,walk
3.2605,1332,0.1694,0.1086,0.13,0.4962,4.866,1,walk
3.2627,1333,0.1701,0.1088,0.1308,2.2658,4.868,1,walk
3.2647,1334,0.1687,0.1086,0.1291,0.4779,4.868,1,walk
3.267,1335,0.1694,0.1089,0.1298,0.9621,4.85,1,walk
3.2691,1336,0.1672,0.1085,0.1272,0.484,4.847,1,walk
3.2712,1337,0.1682,0.1087,0.1283,1.3237,4.843,1,walk
3.2733,1338,0.1667,0.1085,0.1265,0.5012,4.839,1,walk
3.2755,1339,0.1684,0.1089,0.1284,0.9891,4.844,1,walk
3.2775,1340,0.1662,0.1086,0.1258,0.5108,4.84,1,walk
3.2796,1341,0.1671,0.1088,0.1268,0.3054,4.852,1,walk
3.2818,1342,0.1657,0.1086,0.125,0.506,4.847,1,walk
3.2838,1343,0.1666,0.1089,0.1261,1.0052,4.855,1,walk
3.2859,1344,0.1644,0.1087,0.1234,0.5215,4.843,1,walk
3.288,1345,0.1654,0.1089,0.1245,0.9171,4.83,1,walk
3.2901,1346,0.1639,0.1088,0.1227,0.5148,4.823,1,walk
3.2921,1347,0.1656,0.1091,0.1245,0.4855,4.837,1,walk
3.2942,1348,0.1634,0.1089,0.1218,0.5307,4.825,1,walk
3.2963,1349,0.1644,0.1092,0.1229,1.2351,4.823,1,walk
3.2984,1350,0.1629,0.1091,0.1211,0.5232,4.815,1,walk
3.3006,1351,0.164,0.1093,0.1223,1.2707,4.821,1,walk
3.3027,1352,0.1625,0.1091,0.1204,0.5383,4.813,1,walk
3.3047,1353,0.1633,0.1095,0.1212,2.5603,4.817,1,walk
3.3068,1354,0.1619,0.1094,0.1193,0.5115,4.805,1,walk
3.3088,1355,0.1621,0.1097,0.1193,1.3328,4.803,1,walk
3.3109,1356,0.1606,0.1096,0.1175,0.5262,4.799,1,walk
3.3129,1357,0.1616,0.1098,0.1185,1.2996,4.805,1,walk
3.315,1358,0.1601,0.1097,0.1166,0.5388,4.798,1,walk
3.317,1359,0.1611,0.1101,0.1176,0.7258,4.84,1,walk
3.3191,1360,0.1596,0.11,0.1157,0.5375,4.83,1,walk
3.3211,1361,0.1605,0.1103,0.1166,0.565,4.878,1,walk
3.3232,1362,0.1591,0.1103,0.1147,0.5384,4.874,1,walk
3.3253,1363,0.16,0.1106,0.1156,0.2984,4.883,1,walk
3.3273,1364,0.1586,0.1106,0.1137,0.5394,4.876,1,walk
3.33,1365,0.1595,0.1109,0.1146,1.269,4.901,1,walk
3.332,1366,0.1575,0.1109,0.1118,0.5933,4.884,1,walk
3.3342,1367,0.1584,0.1112,0.1129,1.0108,4.895,1,walk
3.3362,1368,0.1571,0.1111,0.111,0.5482,4.878,1,walk
3.3383,1369,0.158,0.1114,0.112,0.8632,4.862,1,walk
3.3403,1370,0.1567,0.111,0.1107,0.4725,4.835,1,walk
3.3424,1371,0.1579,0.1107,0.1126,1.3155,4.836,1,walk
3.3444,1372,0.1568,0.1101,0.1117,0.4493,4.833,1,walk
3.3465,1373,0.1581,0.1097,0.1138,0.4858,4.852,1,walk
3.3485,1374,0.1571,0.109,0.1131,0.4394,4.863,1,walk
3.3506,1375,0.1583,0.1086,0.1153,1.2429,4.878,1,walk
3.3527,1376,0.1572,0.1078,0.1144,0.4267,4.886,1,walk
3.3547,1377,0.159,0.1078,0.1169,0.7419,4.896,1,walk
3.3568,1378,0.1571,0.1067,0.1154,0.3258,4.927,1,walk
3.3588,1379,0.1575,0.106,0.1165,0.138,4.966,1,walk
3.3609,1380,0.156,0.1053,0.1151,0.4091,4.979,1,walk
3.3629,1381,0.1567,0.105,0.1164,1.292,5.02,1,walk
3.365,1382,0.1551,0.1043,0.1147,0.4198,5.046,1,walk
3.367,1383,0.1559,0.1041,0.116,1.3045,5.105,1,walk
3.3691,1384,0.1542,0.1035,0.1143,0.4392,5.117,1,walk
3.3712,1385,0.1548,0.1033,0.1152,2.6566,5.126,1,walk
3.3732,1386,0.1531,0.1028,0.1135,0.4229,5.147,1,walk
3.3753,1387,0.1539,0.1026,0.1147,1.3051,5.191,1,walk
3.3773,1388,0.1523,0.1021,0.113,0.43,5.209,1,walk
3.3794,1389,0.1536,0.1018,0.115,1.1438,5.544,1,walk
3.3814,1390,0.1521,0.1013,0.1134,0.4728,5.56,1,walk
3.3835,1391,0.1532,0.1012,0.115,2.7351,5.598,1,walk
3.3856,1392,0.1518,0.1007,0.1135,0.444,5.622,1,walk
3.3876,1393,0.1527,0.1005,0.115,1.1639,5.616,1,walk
3.3896,1394,0.1513,0.1001,0.1135,0.431,5.627,1,walk
3.3917,1395,0.1523,0.0998,0.1151,1.2705,5.637,1,walk
3.3938,1396,0.1509,0.0993,0.1136,0.4412,5.643,1,walk
3.3959,1397,0.1512,0.099,0.1144,0.8422,5.633,1,walk
3.3979,1398,0.1498,0.0985,0.1129,0.4314,5.634,1,walk
3.4001,1399,0.1509,0.0982,0.1146,1.2719,5.494,1,walk
3.4021,1400,0.1495,0.0977,0.1132,0.4468,5.492,1,walk
3.4045,1401,0.1506,0.0975,0.1148,1.4943,5.476,1,walk
3.4066,1402,0.1492,0.0971,0.1133,0.4324,5.471,1,walk
3.4091,1403,0.1498,0.0966,0.1145,1.2628,5.482,1,walk
3.4111,1404,0.1485,0.0962,0.1131,0.4458,5.474,1,walk
3.4132,1405,0.1502,0.0963,0.1153,2.6855,5.423,1,walk
3.4153,1406,0.1482,0.0956,0.1132,0.3897,5.402,1,walk
3.4175,1407,0.1493,0.0953,0.1149,1.1722,5.333,1,walk
3.4195,1408,0.1479,0.0949,0.1135,0.4321,5.326,1,walk
3.4216,1409,0.1498,0.0949,0.116,1.2805,5.295,1,walk
3.4236,1410,0.1479,0.0942,0.114,0.402,5.271,1,walk
3.4258,1411,0.1497,0.0942,0.1164,0.668,5.227,1,walk
3.4278,1412,0.1478,0.0936,0.1144,0.3966,5.193,1,walk
3.4298,1413,0.149,0.0933,0.1162,0.7318,5.153,1,walk
3.4319,1414,0.1471,0.0926,0.1142,0.3946,5.134,1,walk
3.434,1415,0.149,0.0926,0.1167,1.054,5.078,1,walk
3.436,1416,0.1471,0.092,0.1148,0.3949,5.047,1,walk
3.4383,1417,0.1484,0.0918,0.1166,0.9059,4.99,1,walk
3.4403,1418,0.1472,0.0914,0.1154,0.4379,4.968,1,walk
3.4424,1419,0.1485,0.0911,0.1173,0.8553,4.926,1,walk
3.4444,1420,0.1473,0.0907,0.116,0.4383,4.904,1,walk
3.4468,1421,0.1487,0.0904,0.118,1.2419,4.849,1,walk
3.4501,1422,0.15,0.0902,0.1199,1.224,4.765,1,walk
3.4511,1423,0.1482,0.0896,0.118,0.3897,4.73,1,walk
3.4542,1424,0.1496,0.0893,0.12,1.2321,4.683,1,walk
3.4553,1425,0.1483,0.0889,0.1187,0.4455,4.66,1,walk
3.4584,1426,0.1497,0.0886,0.1207,0.6723,4.578,1,walk
3.4595,1427,0.1485,0.0882,0.1194,0.4421,4.543,1,walk
3.4616,1428,0.1498,0.0879,0.1213,0.193,4.464,1,walk
3.4637,1429,0.1486,0.0876,0.1201,0.441,4.452,1,walk
3.4658,1430,0.1499,0.0872,0.122,1.2775,4.408,1,walk
3.4678,1431,0.1481,0.0867,0.1201,0.3946,4.373,1,walk
3.4699,1432,0.1495,0.0864,0.122,0.7271,4.282,1,walk
3.472,1433,0.1483,0.086,0.1208,0.4405,4.259,1,walk
3.4741,1434,0.1498,0.0857,0.1228,1.2414,4.216,1,walk
3.4762,1435,0.1486,0.0854,0.1216,0.4485,4.193,1,walk
3.4783,1436,0.15,0.0851,0.1235,0.7112,4.111,1,walk
3.4803,1437,0.1488,0.0848,0.1223,0.4428,4.088,1,walk
3.4824,1438,0.1503,0.0844,0.1243,1.2317,3.985,1,walk
3.4845,1439,0.1491,0.0841,0.1231,0.4468,3.963,1,walk
3.4877,1440,0.1506,0.0837,0.1252,1.2044,3.934,1,walk
3.4888,1441,0.1494,0.0834,0.1239,0.452,3.912,1,walk
3.492,1442,0.1503,0.0828,0.1254,1.1834,3.85,1,walk
3.4931,1443,0.149,0.0825,0.1241,0.4553,3.817,1,walk
3.4952,1444,0.151,0.082,0.1267,1.122,3.579,1,walk
3.4972,1445,0.1497,0.0817,0.1254,0.4816,3.568,1,walk
3.4993,1446,0.1517,0.0814,0.128,0.6958,3.354,1,walk
3.5013,1447,0.1504,0.0811,0.1267,0.4741,3.331,1,walk
3.5034,1448,0.1518,0.0805,0.1287,2.3607,3.355,1,walk
3.5054,1449,0.1505,0.0802,0.1274,0.4519,3.333,1,walk
3.5075,1450,0.1523,0.0799,0.1296,0.9113,3.145,1,walk
3.5096,1451,0.151,0.0797,0.1283,0.459,3.123,1,walk
3.5128,1452,0.1519,0.0792,0.1296,2.115,3.041,1,walk
3.514,1453,0.1505,0.0789,0.1282,0.4465,3.01,1,walk
3.5166,1454,0.1527,0.0786,0.1309,1.1784,2.947,1,walk
3.5181,1455,0.1507,0.0782,0.1288,0.409,2.927,1,walk
3.5202,1456,0.1522,0.0778,0.1309,1.1111,2.843,1,walk
3.5223,1457,0.1509,0.0775,0.1295,0.4482,2.825,1,walk
3.5243,1458,0.1524,0.0774,0.1313,1.5751,2.669,1,walk
3.5264,1459,0.1511,0.0772,0.1298,0.4235,2.644,1,walk
3.5284,1460,0.1526,0.0767,0.132,0.9823,2.573,1,walk
3.5305,1461,0.1513,0.0764,0.1305,0.4529,2.566,1,walk
3.5325,1462,0.1528,0.076,0.1325,0.9717,2.423,1,walk
3.5346,1463,0.1514,0.0757,0.1311,0.4414,2.409,1,walk
3.5367,1464,0.1529,0.0753,0.1331,1.2112,2.283,1,walk
3.5387,1465,0.1515,0.075,0.1316,0.4412,2.271,1,walk
3.5408,1466,0.1532,0.0744,0.1339,1.1117,2.182,1,walk
3.5429,1467,0.151,0.074,0.1317,0.4171,2.171,1,walk
3.5449,1468,0.1527,0.0735,0.1338,1.5374,2.044,1,walk
3.547,1469,0.1512,0.0732,0.1323,0.4403,2.03,1,walk
3.5492,1470,0.1529,0.0727,0.1345,1.1218,1.926,1,walk
3.5513,1471,0.1514,0.0724,0.1329,0.4438,1.922,1,walk
3.5533,1472,0.1531,0.0717,0.1353,1.035,1.845,1,walk
3.5554,1473,0.1516,0.0714,0.1338,0.4606,1.839,1,walk
3.5575,1474,0.1532,0.0709,0.1358,2.4783,1.695,1,walk
3.5595,1475,0.1517,0.0706,0.1343,0.437,1.686,1,walk
3.5616,1476,0.1534,0.07,0.1365,1.1,1.588,1,walk
3.5637,1477,0.1518,0.0697,0.1349,0.4469,1.586,1,walk
3.5658,1478,0.1536,0.069,0.1372,1.0944,1.504,1,walk
3.5678,1479,0.1512,0.0686,0.1348,0.4181,1.5,1,walk
3.5699,1480,0.1529,0.068,0.137,0.3165,1.401,1,walk
3.572,1481,0.1513,0.0677,0.1353,0.4441,1.4,1,walk
3.5745,1482,0.1538,0.0671,0.1384,1.0496,1.34,1,walk
3.5762,1483,0.1514,0.0667,0.1359,0.4193,1.339,1,walk
3.5783,1484,0.1532,0.066,0.1382,1.156,1.271,1,walk
3.5804,1485,0.1515,0.0657,0.1365,0.4489,1.271,1,walk
3.5824,1486,0.1532,0.0649,0.1388,0.6187,1.227,1,walk
3.5845,1487,0.1516,0.0646,0.1371,0.452,1.227,1,walk
3.5866,1488,0.1532,0.0638,0.1393,0.6846,1.183,1,walk
3.5887,1489,0.1515,0.0635,0.1376,0.4457,1.184,1,walk
3.5908,1490,0.1532,0.0626,0.1398,0.4805,1.138,1,walk
3.5928,1491,0.1514,0.0624,0.138,0.4383,1.139,1,walk
3.5949,1492,0.1531,0.0616,0.1402,1.2182,1.092,1,walk
3.5969,1493,0.1505,0.0612,0.1375,0.4169,1.095,1,walk
3.6001,1494,0.1522,0.0604,0.1397,1.1794,1.057,1,walk
3.6013,1495,0.1504,0.0602,0.1379,0.4338,1.061,1,walk
3.6043,1496,0.1521,0.0594,0.14,0.7243,1.031,1,walk
3.6055,1497,0.1503,0.0591,0.1382,0.4298,1.034,1,walk
3.6075,1498,0.152,0.0583,0.1404,1.1315,1.009,1,walk
3.6096,1499,0.1502,0.0581,0.1385,0.4285,1.012,1,walk
3.6116,1500,0.1519,0.0569,0.1409,0.6717,1.101,1,walk
3.6137,1501,0.1501,0.0567,0.139,0.4439,1.106,1,walk
3.6158,1502,0.1518,0.0558,0.1411,1.8027,1.109,1,walk
3.6178,1503,0.1499,0.0556,0.1392,0.4186,1.11,1,walk
3.6199,1504,0.1505,0.0545,0.1403,0.1449,1.108,1,walk
3.622,1505,0.1486,0.0543,0.1384,0.4119,1.112,1,walk
3.6241,1506,0.1511,0.0535,0.1414,0.6848,1.143,1,walk
3.6262,1507,0.1483,0.0531,0.1384,0.399,1.151,1,walk
3.6287,1508,0.1498,0.0522,0.1404,0.6216,1.185,1,walk
3.6304,1509,0.1478,0.0519,0.1384,0.3962,1.189,1,walk
3.6334,1510,0.1493,0.051,0.1403,0.5477,1.238,1,walk
3.6345,1511,0.1474,0.0508,0.1383,0.3903,1.245,1,walk
3.6366,1512,0.1489,0.0498,0.1403,0.7238,1.311,1,walk
3.6387,1513,0.1472,0.0496,0.1386,0.4059,1.317,1,walk
3.6408,1514,0.1491,0.0487,0.1409,0.0496,1.386,1,walk
3.6428,1515,0.1475,0.0485,0.1393,0.4124,1.385,1,walk
3.6449,1516,0.1494,0.0475,0.1416,1.1553,1.471,1,walk
3.647,1517,0.147,0.0472,0.1392,0.3597,1.455,1,walk
3.6492,1518,0.1495,0.0464,0.1421,0.6592,1.522,1,walk
3.6512,1519,0.1474,0.0461,0.14,0.3561,1.511,1,walk
3.6543,1520,0.1495,0.0452,0.1425,1.1712,1.625,1,walk
3.6554,1521,0.1482,0.0451,0.1412,0.4394,1.602,1,walk
3.6575,1522,0.1501,0.0443,0.1434,1.0457,1.711,1,walk
3.6595,1523,0.1485,0.0443,0.1418,0.4258,1.703,1,walk
3.6616,1524,0.1502,0.0436,0.1437,0.2921,1.813,1,walk
3.6636,1525,0.1485,0.0436,0.142,0.418,1.793,1,walk
3.6658,1526,0.1499,0.0428,0.1437,1.343,1.898,1,walk
3.6678,1527,0.1481,0.0428,0.1418,0.3964,1.892,1,walk
3.67,1528,0.1485,0.0417,0.1426,0.5648,1.799,1,walk
3.672,1529,0.1467,0.0416,0.1407,0.3948,1.783,1,walk
3.6742,1530,0.149,0.0407,0.1433,1.0379,1.875,1,walk
3.6762,1531,0.1462,0.0406,0.1404,0.3753,1.865,1,walk
3.6792,1532,0.1473,0.0398,0.1418,2.8116,2.02,1,walk
3.6804,1533,0.1454,0.0397,0.1399,0.3667,2.014,1,walk
3.6825,1534,0.1473,0.039,0.142,1.2663,2.187,1,walk
3.6845,1535,0.1456,0.0389,0.1403,0.4075,2.185,1,walk
3.6876,1536,0.1472,0.0381,0.1422,2.6286,2.334,1,walk
3.6887,1537,0.1457,0.038,0.1407,0.3883,2.333,1,walk
3.6908,1538,0.1473,0.0371,0.1425,0.6357,2.478,1,walk
3.6928,1539,0.1457,0.037,0.1409,0.3698,2.478,1,walk
3.6949,1540,0.1472,0.0359,0.1428,1.0353,2.616,1,walk
3.697,1541,0.1446,0.0356,0.1401,0.2985,2.617,1,walk
3.6996,1542,0.1459,0.0345,0.1417,0.7848,2.765,1,walk
3.7013,1543,0.144,0.0343,0.1399,0.318,2.768,1,walk
3.7034,1544,0.1453,0.0331,0.1414,0.3349,2.894,1,walk
3.7055,1545,0.1434,0.0329,0.1396,0.3111,2.896,1,walk
3.7086,1546,0.1446,0.0318,0.1411,0.3119,3.028,1,walk
3.7097,1547,0.1428,0.0315,0.1393,0.3036,3.033,1,walk
3.7118,1548,0.144,0.0304,0.1408,0.6011,3.176,1,walk
3.7138,1549,0.1413,0.03,0.1381,0.2578,3.186,1,walk
3.717,1550,0.1426,0.029,0.1396,1.2495,3.291,1,walk
3.7181,1551,0.1408,0.0287,0.1378,0.2955,3.298,1,walk
3.7201,1552,0.1421,0.0277,0.1394,0.6098,3.398,1,walk
3.7222,1553,0.1403,0.0274,0.1376,0.29,3.406,1,walk
3.7243,1554,0.1417,0.0264,0.1392,0.9026,3.499,1,walk
3.7263,1555,0.1399,0.0261,0.1375,0.2913,3.508,1,walk
3.7283,1556,0.1413,0.0251,0.1391,1.1029,3.544,1,walk
3.7304,1557,0.1396,0.0249,0.1373,0.2873,3.553,1,walk
3.7325,1558,0.1409,0.0238,0.1388,0.8102,3.607,1,walk
3.7345,1559,0.1391,0.0236,0.1371,0.2812,3.615,1,walk
3.7376,1560,0.1404,0.0226,0.1386,0.8805,3.67,1,walk
3.7387,1561,0.1387,0.0224,0.1369,0.2698,3.679,1,walk
3.7408,1562,0.14,0.0215,0.1384,1.3597,3.714,1,walk
3.7428,1563,0.1384,0.0213,0.1367,0.2671,3.723,1,walk
3.7449,1564,0.1397,0.0203,0.1382,0.4128,3.757,1,walk
3.747,1565,0.1372,0.0199,0.1357,0.2095,3.775,1,walk
3.7495,1566,0.1385,0.0191,0.1372,1.1267,3.806,1,walk
3.7513,1567,0.1369,0.0188,0.1356,0.2639,3.81,1,walk
3.7533,1568,0.1383,0.0179,0.1371,0.7378,3.814,1,walk
3.7554,1569,0.1367,0.0177,0.1355,0.262,3.822,1,walk
3.7575,1570,0.138,0.0168,0.137,0.6069,3.831,1,walk
3.7595,1571,0.1364,0.0166,0.1354,0.2565,3.839,1,walk
3.7616,1572,0.1378,0.0157,0.1369,1.2047,3.839,1,walk
3.7637,1573,0.1362,0.0155,0.1353,0.2543,3.843,1,walk
3.7661,1574,0.1375,0.0147,0.1367,0.5498,3.835,1,walk
3.7678,1575,0.1359,0.0144,0.1352,0.2469,3.843,1,walk
3.7699,1576,0.1372,0.0137,0.1365,0.8062,3.84,1,walk
3.772,1577,0.1349,0.0134,0.1342,0.1752,3.852,1,walk
3.7745,1578,0.137,0.0127,0.1364,1.3197,3.833,1,walk
3.7762,1579,0.1347,0.0124,0.1341,0.1774,3.841,1,walk
3.7792,1580,0.1361,0.0116,0.1356,1.2052,3.812,1,walk
3.7804,1581,0.1345,0.0114,0.1341,0.2426,3.823,1,walk
3.7834,1582,0.1352,0.0105,0.1348,0.5638,3.764,1,walk
3.7854,1583,0.1337,0.0103,0.1333,0.2366,3.767,1,walk
3.7876,1584,0.1359,0.0097,0.1355,0.9582,3.724,1,walk
3.7896,1585,0.1336,0.0094,0.1332,0.1723,3.735,1,walk
3.7917,1586,0.1349,0.0088,0.1346,0.8817,3.721,1,walk
3.7937,1587,0.1334,0.0086,0.1331,0.2262,3.733,1,walk
3.7958,1588,0.1348,0.0079,0.1346,1.2879,3.682,1,walk
3.7978,1589,0.1325,0.0076,0.1323,0.1668,3.689,1,walk
3.8,1590,0.1348,0.0071,0.1347,1.3825,3.651,1,walk
3.8021,1591,0.1326,0.0068,0.1324,0.1694,3.663,1,walk
3.8043,1592,0.1347,0.0063,0.1346,0.7568,3.629,1,walk
3.8063,1593,0.1325,0.006,0.1323,0.1604,3.645,1,walk
3.8083,1594,0.1337,0.0054,0.1336,1.9442,3.67,1,walk
3.8104,1595,0.1322,0.0052,0.1321,0.2138,3.677,1,walk
3.8125,1596,0.1335,0.0046,0.1335,1.3927,3.66,1,walk
3.8146,1597,0.132,0.0044,0.132,0.2172,3.667,1,walk
3.8167,1598,0.1335,0.0038,0.1334,1.3343,3.677,1,walk
3.8187,1599,0.132,0.0037,0.132,0.2222,3.684,1,walk
3.8209,1600,0.1334,0.0031,0.1334,0.4174,3.697,1,walk
3.823,1601,0.1312,0.0029,0.1311,0.1577,3.708,1,walk
3.8251,1602,0.1325,0.0023,0.1325,0.703,3.708,1,walk
3.8272,1603,0.1311,0.0022,0.131,0.2166,3.719,1,walk
3.8294,1604,0.1324,0.0016,0.1324,0.1711,3.745,1,walk
3.8315,1605,0.1309,0.0015,0.1309,0.2146,3.749,1,walk
3.8336,1606,0.1323,0.001,0.1323,1.2861,3.764,1,walk
3.8357,1607,0.1308,0.0009,0.1308,0.2112,3.771,1,walk
3.8378,1608,0.1321,0.0003,0.1321,0.4198,3.821,1,walk
3.8398,1609,0.1306,0.0002,0.1306,0.2109,3.83,1,walk
3.8419,1610,0.1318,-0.0003,0.1318,0.8355,3.875,1,walk
3.8439,1611,0.1296,-0.0005,0.1296,0.1486,3.881,1,walk
3.846,1612,0.1307,-0.001,0.1307,0.927,3.93,1,walk
3.8481,1613,0.1292,-0.0011,0.1292,0.1971,3.934,1,walk
3.8501,1614,0.1307,-0.0015,0.1307,1.3805,3.994,1,walk
3.8522,1615,0.1292,-0.0016,0.1292,0.2127,3.996,1,walk
3.8543,1616,0.1305,-0.0021,0.1305,2.4704,4.044,1,walk
3.8563,1617,0.129,-0.0021,0.129,0.2038,4.046,1,walk
3.8583,1618,0.1302,-0.0026,0.1302,0.6165,4.129,1,walk
3.8604,1619,0.1287,-0.0026,0.1287,0.2007,4.133,1,walk
3.8627,1620,0.1298,-0.0031,0.1297,0.4078,4.203,1,walk
3.8648,1621,0.1283,-0.0031,0.1282,0.1991,4.204,1,walk
3.8669,1622,0.1293,-0.0035,0.1293,0.8402,4.25,1,walk
3.8689,1623,0.1271,-0.0035,0.127,0.1555,4.249,1,walk
3.871,1624,0.1286,-0.0038,0.1285,1.3843,4.392,1,walk
3.8731,1625,0.1271,-0.0038,0.127,0.21,4.391,1,walk
3.8752,1626,0.1282,-0.0041,0.1282,2.523,4.488,1,walk
3.8772,1627,0.1267,-0.0041,0.1266,0.199,4.487,1,walk
3.8793,1628,0.1278,-0.0044,0.1277,0.206,4.598,1,walk
3.8814,1629,0.1263,-0.0043,0.1262,0.1965,4.596,1,walk
3.8835,1630,0.1272,-0.0046,0.1271,1.0456,4.705,1,walk
3.8856,1631,0.1257,-0.0046,0.1256,0.1929,4.702,1,walk
3.8877,1632,0.1278,-0.0049,0.1277,1.4151,4.8,1,walk
3.8898,1633,0.1255,-0.0047,0.1254,0.2027,4.796,1,walk
3.8919,1634,0.1266,-0.0049,0.1265,2.5403,4.941,1,walk
3.8939,1635,0.1242,-0.0047,0.1241,0.1959,4.934,1,walk
3.896,1636,0.126,-0.005,0.1259,0.3847,5.078,1,walk
3.8981,1637,0.1237,-0.0048,0.1236,0.2017,5.074,1,walk
3.9002,1638,0.1247,-0.0049,0.1246,1.0796,5.18,1,walk
3.9022,1639,0.1232,-0.0047,0.1231,0.2038,5.176,1,walk
3.9044,1640,0.1243,-0.0049,0.1242,1.351,5.311,1,walk
3.9064,1641,0.1227,-0.0047,0.1226,0.2138,5.306,1,walk
3.9087,1642,0.1237,-0.0047,0.1236,0.8939,5.471,1,walk
3.9108,1643,0.1221,-0.0045,0.1221,0.2077,5.469,1,walk
3.9129,1644,0.1231,-0.0046,0.123,0.4677,5.604,1,walk
3.9149,1645,0.1207,-0.0042,0.1207,0.2342,5.6,1,walk
3.9171,1646,0.1225,-0.0044,0.1225,1.1961,5.733,1,walk
3.919,1647,0.1202,-0.004,0.1201,0.2485,5.726,1,walk
3.9211,1648,0.1219,-0.0041,0.1218,0.7608,5.906,1,walk
3.9232,1649,0.1195,-0.0037,0.1194,0.242,5.901,1,walk
3.9253,1650,0.1205,-0.0036,0.1204,1.3238,6.045,1,walk
3.9274,1651,0.1189,-0.0033,0.1188,0.2201,6.038,1,walk
3.9295,1652,0.1205,-0.0035,0.1204,1.2072,6.194,1,walk
3.9316,1653,0.1181,-0.003,0.1181,0.2504,6.176,1,walk
3.9337,1654,0.1199,-0.003,0.1198,1.4144,6.356,1,walk
3.9358,1655,0.1175,-0.0026,0.1175,0.2587,6.343,1,walk
3.938,1656,0.1177,-0.0024,0.1177,0.358,6.472,1,walk
3.94,1657,0.1163,-0.0022,0.1162,0.2146,6.447,1,walk
3.9422,1658,0.1176,-0.0023,0.1176,1.2265,6.57,1,walk
3.9443,1659,0.1165,-0.0023,0.1165,0.217,6.564,1,walk
3.9463,1660,0.118,-0.0025,0.118,0.6924,6.716,1,walk
3.9484,1661,0.117,-0.0025,0.1169,0.2198,6.712,1,walk
3.9504,1662,0.1184,-0.0028,0.1184,0.4747,6.827,1,walk
3.9526,1663,0.1173,-0.0028,0.1172,0.221,6.828,1,walk
3.9545,1664,0.1186,-0.003,0.1186,1.2147,6.974,1,walk
3.9566,1665,0.1173,-0.0029,0.1173,0.2015,6.976,1,walk
3.9587,1666,0.1185,-0.0031,0.1185,0.9624,7.105,1,walk
3.9607,1667,0.1172,-0.003,0.1171,0.1948,7.102,1,walk
3.9628,1668,0.1183,-0.0032,0.1183,0.5617,7.193,1,walk
3.9649,1669,0.1162,-0.0031,0.1161,0.1855,7.184,1,walk
3.9671,1670,0.1173,-0.0031,0.1173,0.8755,7.297,1,walk
3.9691,1671,0.1159,-0.003,0.1158,0.1912,7.291,1,walk
3.9712,1672,0.1176,-0.0032,0.1175,0.9697,7.389,1,walk
3.9733,1673,0.1154,-0.003,0.1154,0.1919,7.365,1,walk
3.9754,1674,0.1164,-0.0031,0.1164,1.1039,7.46,1,walk
3.9774,1675,0.115,-0.003,0.115,0.1904,7.437,1,walk
3.9796,1676,0.1168,-0.0031,0.1168,1.4033,7.522,1,walk
3.9816,1677,0.1147,-0.0029,0.1147,0.2055,7.484,1,walk
3.9838,1678,0.1157,-0.003,0.1157,1.1312,7.539,1,walk
3.9858,1679,0.1144,-0.0028,0.1144,0.2002,7.507,1,walk
3.988,1680,0.1157,-0.0028,0.1156,1.1952,7.622,1,walk
3.99,1681,0.1137,-0.0026,0.1137,0.1958,7.568,1,walk
3.9921,1682,0.1149,-0.0027,0.1149,0.5252,7.607,1,walk
3.9942,1683,0.1136,-0.0025,0.1135,0.209,7.545,1,walk
3.9964,1684,0.1148,-0.0025,0.1147,1.1274,7.585,1,walk
3.9984,1685,0.1134,-0.0023,0.1134,0.2083,7.563,1,walk
4.0007,1686,0.1146,-0.0023,0.1145,0.142,7.625,1,walk
4.0027,1687,0.1133,-0.0021,0.1132,0.2053,7.578,1,walk
4.0049,1688,0.1145,-0.0022,0.1144,1.3241,7.564,1,walk
4.0069,1689,0.1125,-0.0019,0.1125,0.2074,7.49,1,walk
4.0089,1690,0.1137,-0.0019,0.1137,0.688,7.58,1,walk
4.011,1691,0.1125,-0.0017,0.1125,0.2107,7.529,1,walk
4.0131,1692,0.1136,-0.0017,0.1136,0.7232,7.525,1,walk
4.0151,1693,0.1123,-0.0016,0.1123,0.211,7.447,1,walk
4.0173,1694,0.1136,-0.0015,0.1136,1.2713,7.491,1,walk
4.0193,1695,0.1123,-0.0014,0.1123,0.2142,7.464,1,walk
4.0214,1696,0.1134,-0.0012,0.1134,2.1022,7.597,1,walk
4.0233,1697,0.1122,-0.001,0.1122,0.1984,7.541,1,walk
4.0254,1698,0.1134,-0.001,0.1134,1.3642,7.53,1,walk
4.0275,1699,0.1122,-0.0008,0.1122,0.2196,7.473,1,walk
4.0295,1700,0.1134,-0.0008,0.1134,0.3927,7.493,1,walk
4.0315,1701,0.1122,-0.0007,0.1122,0.2176,7.464,1,walk
4.0336,1702,0.1134,-0.0006,0.1134,0.4968,7.473,1,walk
4.0356,1703,0.1122,-0.0005,0.1122,0.2165,7.414,1,walk
4.0379,1704,0.1135,-0.0004,0.1135,1.3221,7.43,1,walk
4.04,1705,0.1117,-0.0001,0.1117,0.203,7.341,1,walk
4.0421,1706,0.1135,-0.0002,0.1135,0.6922,7.417,1,walk
4.0441,1707,0.1117,0.0,0.1117,0.1993,7.328,1,walk
4.0462,1708,0.113,0.0001,0.113,1.1279,7.366,1,walk
4.0483,1709,0.1118,0.0003,0.1118,0.2198,7.277,1,walk
4.0504,1710,0.1131,0.0002,0.1131,1.2906,7.288,1,walk
4.0524,1711,0.1119,0.0004,0.1119,0.2254,7.258,1,walk
4.0545,1712,0.1132,0.0005,0.1132,0.8349,7.314,1,walk
4.0565,1713,0.112,0.0006,0.112,0.2193,7.254,1,walk
4.0586,1714,0.1133,0.0007,0.1133,1.1033,7.279,1,walk
4.0606,1715,0.1122,0.0008,0.1122,0.2235,7.219,1,walk
4.0627,1716,0.1134,0.001,0.1134,0.6863,7.316,1,walk
4.0647,1717,0.1123,0.0011,0.1123,0.2168,7.286,1,walk
4.0669,1718,0.1136,0.0011,0.1136,1.3311,7.332,1,walk
4.0688,1719,0.1119,0.0014,0.1119,0.2046,7.24,1,walk
4.0713,1720,0.1137,0.0014,0.1137,0.7467,7.329,1,walk
4.0733,1721,0.112,0.0016,0.112,0.1972,7.235,1,walk
4.0755,1722,0.1139,0.0016,0.1139,1.419,7.326,1,walk
4.0776,1723,0.1122,0.0018,0.1122,0.2037,7.263,1,walk
4.0796,1724,0.114,0.0017,0.114,0.7379,7.354,1,walk
4.0816,1725,0.1123,0.0019,0.1123,0.1973,7.258,1,walk
4.084,1726,0.1135,0.0018,0.1135,0.8628,7.226,1,walk
4.086,1727,0.1119,0.002,0.1119,0.1961,7.128,1,walk
4.0883,1728,0.1137,0.0019,0.1137,1.0459,7.233,1,walk
4.0903,1729,0.112,0.0021,0.112,0.1934,7.134,1,walk
4.0924,1730,0.1137,0.002,0.1137,0.9259,7.254,1,walk
4.0943,1731,0.112,0.0021,0.112,0.1824,7.12,1,walk
4.0964,1732,0.1132,0.002,0.1132,1.0741,7.154,1,walk
4.0985,1733,0.1121,0.0021,0.1121,0.2208,7.121,1,walk
4.1006,1734,0.1138,0.002,0.1138,1.0609,7.224,1,walk
4.1026,1735,0.1122,0.0021,0.1122,0.1791,7.123,1,walk
4.1049,1736,0.1128,0.002,0.1128,0.7613,7.101,1,walk
4.1069,1737,0.1117,0.002,0.1117,0.2175,7.031,1,walk
4.109,1738,0.1129,0.002,0.1129,0.6708,7.147,1,walk
4.111,1739,0.1118,0.002,0.1118,0.2112,7.078,1,walk
4.1132,1740,0.1129,0.0019,0.1129,0.6915,7.14,1,walk
4.1152,1741,0.1118,0.0019,0.1118,0.2128,7.07,1,walk
4.1173,1742,0.1135,0.0018,0.1135,0.8542,7.169,1,walk
4.1195,1743,0.1119,0.0019,0.1118,0.1713,7.062,1,walk
4.1216,1744,0.113,0.0018,0.113,0.7773,7.185,1,walk
4.1236,1745,0.1119,0.0019,0.1119,0.209,7.113,1,walk
4.1258,1746,0.1137,0.0018,0.1137,1.0741,7.204,1,walk
4.1278,1747,0.112,0.0019,0.1119,0.1752,7.096,1,walk
4.1299,1748,0.1124,0.0019,0.1124,1.7463,7.109,1,walk
4.1319,1749,0.1112,0.0019,0.1112,0.2007,7.037,1,walk
4.1341,1750,0.1122,0.0019,0.1122,0.9799,7.16,1,walk
4.1362,1751,0.111,0.002,0.111,0.1976,7.088,1,walk
4.1383,1752,0.1125,0.0018,0.1125,0.411,7.208,1,walk
4.1403,1753,0.1108,0.0019,0.1108,0.1624,7.064,1,walk
4.1424,1754,0.1119,0.0018,0.1118,1.4769,7.176,1,walk
4.1444,1755,0.1107,0.0018,0.1106,0.2,7.14,1,walk
4.1465,1756,0.1116,0.0018,0.1116,0.8326,7.247,1,walk
4.1485,1757,0.1104,0.0018,0.1104,0.1906,7.175,1,walk
4.1507,1758,0.1115,0.0017,0.1115,1.3946,7.297,1,walk
4.1527,1759,0.1103,0.0018,0.1102,0.1902,7.188,1,walk
4.1549,1760,0.1122,0.0007,0.1122,1.0451,7.074,1,walk
4.157,1761,0.1103,0.0008,0.1103,0.2339,7.0,1,walk
4.1591,1762,0.1119,0.0007,0.1119,2.2663,7.19,1,walk
4.1611,1763,0.11,0.0007,0.11,0.1538,7.079,1,walk
4.1632,1764,0.1109,0.0007,0.1109,1.0044,7.198,1,walk
4.1652,1765,0.1096,0.0007,0.1096,0.1691,7.123,1,walk
4.1675,1766,0.1098,0.0015,0.1098,1.9513,7.538,1,walk
4.1695,1767,0.1085,0.0016,0.1085,0.0983,7.463,1,walk
4.1716,1768,0.1102,0.0014,0.1102,1.3206,7.641,1,walk
4.1736,1769,0.1083,0.0014,0.1083,0.1652,7.528,1,walk
4.1757,1770,0.1091,0.0014,0.1091,1.404,7.622,1,walk
4.1778,1771,0.1078,0.0014,0.1078,0.1644,7.546,1,walk
4.1799,1772,0.1088,0.0012,0.1088,1.444,7.681,1,walk
4.1819,1773,0.1068,0.0012,0.1068,0.1615,7.603,1,walk
4.184,1774,0.1076,0.001,0.1076,1.8539,7.723,1,walk
4.186,1775,0.1063,0.001,0.1063,0.1545,7.644,1,walk
4.1882,1776,0.1079,0.0008,0.1079,1.4837,7.772,1,walk
4.1901,1777,0.1059,0.0008,0.1059,0.151,7.649,1,walk
4.1923,1778,0.1073,0.0006,0.1073,0.7773,7.808,1,walk
4.1943,1779,0.1053,0.0006,0.1053,0.1442,7.725,1,walk
4.1964,1780,0.1075,-0.0001,0.1075,1.3057,7.855,1,walk
4.1984,1781,0.1054,-0.0001,0.1054,0.1846,7.731,1,walk
4.2006,1782,0.1063,-0.0003,0.1063,2.367,7.841,1,walk
4.2026,1783,0.1049,-0.0004,0.1049,0.1402,7.757,1,walk
4.2047,1784,0.1063,-0.0005,0.1063,1.4825,7.968,1,walk
4.2068,1785,0.1043,-0.0006,0.1043,0.139,7.884,1,walk
4.2089,1786,0.1052,-0.0007,0.1052,1.4569,8.059,1,walk
4.2109,1787,0.1031,-0.0009,0.1031,0.1479,7.891,1,walk
4.213,1788,0.104,-0.001,0.104,0.9927,8.073,1,walk
4.215,1789,0.1026,-0.0011,0.1026,0.128,7.989,1,walk
4.2172,1790,0.1041,-0.0013,0.104,1.4675,8.245,1,walk
4.2192,1791,0.1019,-0.0014,0.1019,0.146,8.119,1,walk
4.2213,1792,0.1027,-0.0014,0.1027,0.5477,8.434,1,walk
4.2233,1793,0.1013,-0.0015,0.1013,0.1072,8.307,1,walk
4.2255,1794,0.102,-0.0016,0.1019,0.6512,8.508,1,walk
4.2275,1795,0.1005,-0.0017,0.1005,0.0993,8.465,1,walk
4.2296,1796,0.1012,-0.0019,0.1012,1.1709,8.649,1,walk
4.2316,1797,0.0998,-0.0021,0.0997,0.0997,8.562,1,walk
4.2336,1798,0.1005,-0.0022,0.1004,0.6258,8.736,1,walk
4.2357,1799,0.099,-0.0023,0.099,0.0998,8.65,1,walk
4.238,1800,0.099,-0.0025,0.099,0.4747,8.863,1,walk
4.24,1801,0.0978,-0.0025,0.0978,0.1248,8.777,1,walk
4.2421,1802,0.0994,-0.0025,0.0993,0.2055,8.996,1,walk
4.2441,1803,0.0979,-0.0024,0.0979,0.1409,8.811,1,walk
4.2462,1804,0.0991,-0.0023,0.0991,1.1813,9.049,1,walk
4.2482,1805,0.0982,-0.0022,0.0982,0.1762,8.951,1,walk
4.2503,1806,0.0994,-0.0023,0.0994,1.4796,9.118,1,walk
4.2523,1807,0.0984,-0.0022,0.0984,0.174,8.965,1,walk
4.2544,1808,0.0996,-0.0022,0.0996,0.9773,9.157,1,walk
4.2564,1809,0.0985,-0.0022,0.0985,0.1528,9.105,1,walk
4.2585,1810,0.0996,-0.0022,0.0996,0.5502,9.318,1,walk
4.2606,1811,0.0984,-0.0022,0.0984,0.1433,9.16,1,walk
4.2627,1812,0.0996,-0.0022,0.0995,1.3361,9.366,1,walk
4.2648,1813,0.0983,-0.0022,0.0983,0.1453,9.312,1,walk
4.2669,1814,0.0992,-0.002,0.0992,2.3718,9.575,1,walk
4.2689,1815,0.0973,-0.002,0.0973,0.1421,9.415,1,walk
4.2712,1816,0.0984,-0.0019,0.0984,1.4557,9.622,1,walk
4.2732,1817,0.0971,-0.0019,0.0971,0.142,9.568,1,walk
4.2753,1818,0.0986,-0.0019,0.0986,1.3488,9.598,1,walk
4.2774,1819,0.0974,-0.0019,0.0974,0.1724,9.491,1,walk
4.2795,1820,0.0985,-0.0017,0.0985,2.4815,9.688,1,walk
4.2816,1821,0.0973,-0.0017,0.0973,0.1498,9.588,1,walk
4.2836,1822,0.0985,-0.0015,0.0985,0.3131,9.896,1,walk
4.2857,1823,0.0974,-0.0015,0.0974,0.1583,9.802,1,walk
4.2879,1824,0.0987,-0.0014,0.0987,1.2166,10.044,0,walk
4.2899,1825,0.097,-0.0014,0.097,0.1465,9.855,1,walk
4.2921,1826,0.0981,-0.0014,0.0981,0.5907,10.075,0,walk
4.2941,1827,0.097,-0.0015,0.097,0.1443,10.027,0,walk
4.2963,1828,0.0983,-0.0016,0.0983,1.4083,10.214,0,walk
4.2983,1829,0.0971,-0.0016,0.0971,0.1506,10.115,0,walk
4.3005,1830,0.0983,-0.0017,0.0983,0.9547,10.265,0,walk
4.3025,1831,0.0971,-0.0018,0.0971,0.1412,10.163,0,walk
4.3046,1832,0.0984,-0.002,0.0984,1.4283,10.38,0,walk
4.3067,1833,0.0973,-0.002,0.0972,0.1471,10.277,0,walk
4.3088,1834,0.0985,-0.0021,0.0985,0.5412,10.448,0,walk
4.3108,1835,0.0968,-0.0023,0.0968,0.127,10.24,0,walk
4.313,1836,0.0986,-0.0024,0.0986,0.5578,10.463,0,walk
4.315,1837,0.0969,-0.0025,0.0969,0.1218,10.358,0,walk
4.3172,1838,0.0995,-0.0025,0.0995,1.0289,11.006,0,walk
4.3192,1839,0.0978,-0.0026,0.0978,0.1709,10.848,0,walk
4.3214,1840,0.0991,-0.0026,0.0991,2.5709,11.088,0,walk
4.3235,1841,0.098,-0.0027,0.0979,0.1312,10.929,0,walk
4.3256,1842,0.0991,-0.0025,0.0991,1.1831,11.183,0,walk
4.3276,1843,0.098,-0.0026,0.098,0.1199,11.129,0,walk
4.3297,1844,0.0993,-0.0025,0.0992,1.3114,11.41,0,walk
4.3317,1845,0.0981,-0.0026,0.0981,0.124,11.301,0,walk
4.3338,1846,0.0993,-0.0025,0.0993,0.9297,11.455,0,walk
4.3359,1847,0.0976,-0.0027,0.0976,0.1048,11.29,0,walk
4.338,1848,0.0987,-0.0027,0.0987,0.4459,11.543,0,walk
4.34,1849,0.0976,-0.0028,0.0976,0.1211,11.432,0,walk
4.3421,1850,0.0988,-0.0028,0.0988,0.987,11.646,0,walk
4.3442,1851,0.0977,-0.0029,0.0976,0.1247,11.534,0,walk
4.3462,1852,0.0989,-0.0029,0.0988,1.1015,11.69,0,walk
4.3482,1853,0.0978,-0.0031,0.0977,0.1276,11.576,0,walk
4.3503,1854,0.099,-0.0031,0.0989,0.7638,11.842,0,walk
4.3523,1855,0.0979,-0.0032,0.0978,0.1252,11.727,0,walk
4.3544,1856,0.0991,-0.0033,0.099,0.2873,11.945,0,walk
4.3564,1857,0.098,-0.0034,0.0979,0.1267,11.77,0,walk
4.3585,1858,0.0992,-0.0035,0.0992,1.477,11.964,0,walk
4.3605,1859,0.0981,-0.0037,0.0981,0.1341,11.905,0,walk
4.3626,1860,0.0994,-0.0038,0.0993,0.5761,12.129,0,walk
4.3646,1861,0.0983,-0.0039,0.0982,0.1285,12.009,0,walk
4.3667,1862,0.0994,-0.0041,0.0993,0.6826,12.199,0,walk
4.3688,1863,0.0983,-0.0042,0.0982,0.129,12.018,0,walk
4.3709,1864,0.099,-0.0044,0.0989,1.3334,12.163,0,walk
4.373,1865,0.098,-0.0046,0.0979,0.1293,12.102,0,walk
4.3751,1866,0.0991,-0.0047,0.099,0.4219,12.29,0,walk
4.3772,1867,0.098,-0.0049,0.0979,0.1253,12.167,0,walk
4.3793,1868,0.0992,-0.005,0.0991,0.739,12.301,0,walk
4.3814,1869,0.0981,-0.0052,0.098,0.1234,12.177,0,walk
4.3834,1870,0.0997,-0.005,0.0995,0.6317,12.343,0,walk
4.3855,1871,0.0986,-0.0052,0.0984,0.1248,12.28,0,walk
4.3876,1872,0.1003,-0.0052,0.1001,1.4739,12.534,0,walk
4.3896,1873,0.0986,-0.0054,0.0985,0.0822,12.345,0,walk
4.3918,1874,0.0992,-0.0056,0.0991,0.5284,12.396,0,walk
4.3939,1875,0.0981,-0.0057,0.0979,0.117,12.333,0,walk
4.396,1876,0.0992,-0.0058,0.099,0.1565,12.509,0,walk
4.398,1877,0.0981,-0.006,0.0979,0.115,12.383,0,walk
4.4001,1878,0.0993,-0.0061,0.0991,1.1894,12.571,0,walk
4.4022,1879,0.0982,-0.0062,0.098,0.1151,12.382,0,walk
4.4044,1880,0.0992,-0.0063,0.099,0.9431,12.551,0,walk
4.4065,1881,0.0981,-0.0064,0.0979,0.1108,12.488,0,walk
4.4085,1882,0.0991,-0.0065,0.0989,0.58,12.637,0,walk
4.4106,1883,0.098,-0.0067,0.0978,0.1116,12.51,0,walk
4.4127,1884,0.0991,-0.0067,0.0988,0.7476,12.657,0,walk
4.4148,1885,0.098,-0.0069,0.0977,0.1123,12.468,0,walk
4.4169,1886,0.099,-0.007,0.0988,0.7628,12.628,0,walk
4.4189,1887,0.0974,-0.0072,0.0971,0.0764,12.502,0,walk
4.421,1888,0.0985,-0.0072,0.0982,0.4558,12.701,0,walk
4.4231,1889,0.0974,-0.0074,0.0971,0.1066,12.576,0,walk
4.4252,1890,0.099,-0.0074,0.0987,1.0679,12.814,0,walk
4.4272,1891,0.0974,-0.0076,0.0971,0.0765,12.564,0,walk
4.4293,1892,0.0984,-0.0077,0.0981,0.2512,12.718,0,walk
4.4313,1893,0.0973,-0.0079,0.097,0.1111,12.656,0,walk
4.4335,1894,0.0988,-0.0079,0.0985,0.5202,12.89,0,walk
4.4355,1895,0.0972,-0.008,0.0968,0.0713,12.701,0,walk
4.4377,1896,0.0987,-0.0081,0.0983,0.6877,12.917,0,walk
4.4397,1897,0.0971,-0.0083,0.0967,0.0691,12.664,0,walk
4.4418,1898,0.098,-0.0084,0.0977,0.7066,12.894,0,walk
4.4439,1899,0.0964,-0.0086,0.096,0.0721,12.7,0,walk
4.4461,1900,0.0973,-0.0087,0.097,0.2011,12.858,0,walk
4.4481,1901,0.0963,-0.0088,0.0959,0.1081,12.664,0,walk
4.4502,1902,0.0972,-0.0088,0.0968,0.5012,12.832,0,walk
4.4523,1903,0.0961,-0.0089,0.0957,0.1072,12.766,0,walk
4.4544,1904,0.097,-0.0091,0.0966,0.7652,12.908,0,walk
4.4564,1905,0.096,-0.0091,0.0955,0.1105,12.776,0,walk
4.4585,1906,0.0969,-0.0091,0.0964,0.5093,12.946,0,walk
4.4606,1907,0.0958,-0.0092,0.0954,0.1037,12.748,0,walk
4.4626,1908,0.0968,-0.0093,0.0963,1.5158,12.946,0,walk
4.4647,1909,0.0957,-0.0094,0.0952,0.1113,12.879,0,walk
4.4668,1910,0.0966,-0.0094,0.0962,0.7459,13.065,0,walk
4.4688,1911,0.095,-0.0095,0.0945,0.0765,12.861,0,walk
4.4709,1912,0.0964,-0.0095,0.0959,0.3214,13.124,0,walk
4.4729,1913,0.0948,-0.0096,0.0943,0.0763,12.85,0,walk
4.475,1914,0.0957,-0.0096,0.0952,0.7328,13.128,0,walk
4.477,1915,0.0946,-0.0096,0.0941,0.1061,12.989,0,walk
4.4792,1916,0.0955,-0.0096,0.0951,0.7943,13.189,0,walk
4.4812,1917,0.0945,-0.0097,0.094,0.1092,13.048,0,walk
4.4833,1918,0.0953,-0.0097,0.0948,0.549,13.189,0,walk
4.4853,1919,0.0942,-0.0097,0.0937,0.1061,13.044,0,walk
4.4875,1920,0.0951,-0.0097,0.0946,0.5743,13.344,0,walk
4.4896,1921,0.094,-0.0097,0.0935,0.1065,13.197,0,walk
4.492,1922,0.0948,-0.0096,0.0943,0.577,13.436,0,walk
4.4941,1923,0.0932,-0.0096,0.0927,0.1003,13.137,0,walk
4.4962,1924,0.094,-0.0095,0.0936,0.7564,13.364,0,walk
4.4983,1925,0.0929,-0.0095,0.0924,0.1132,13.212,0,walk
4.5004,1926,0.0937,-0.0094,0.0932,0.6626,13.514,0,walk
4.5025,1927,0.0926,-0.0094,0.0921,0.112,13.361,0,walk
4.5046,1928,0.0934,-0.0093,0.093,0.9394,13.61,0,walk
4.5066,1929,0.0923,-0.0093,0.0919,0.1159,13.378,0,walk
4.5087,1930,0.0931,-0.0091,0.0927,0.4636,13.604,0,walk
4.5108,1931,0.092,-0.0091,0.0916,0.1157,13.527,0,walk
4.5128,1932,0.0928,-0.009,0.0924,0.8699,13.781,0,walk
4.5148,1933,0.0912,-0.0089,0.0907,0.1247,13.547,0,walk
4.517,1934,0.0919,-0.0087,0.0915,0.5092,13.702,0,walk
4.519,1935,0.0908,-0.0086,0.0904,0.1198,13.545,0,walk
4.5211,1936,0.0921,-0.0086,0.0917,0.9013,13.849,0,walk
4.5231,1937,0.0904,-0.0085,0.09,0.125,13.692,0,walk
4.5252,1938,0.0912,-0.0083,0.0908,0.4789,13.953,0,walk
4.5272,1939,0.0901,-0.0082,0.0897,0.1244,13.796,0,walk
4.5293,1940,0.0909,-0.0081,0.0905,0.7828,13.946,0,walk
4.5313,1941,0.0898,-0.008,0.0894,0.1275,13.788,0,walk
4.5334,1942,0.0906,-0.008,0.0903,1.4648,14.128,0,walk
4.5354,1943,0.0895,-0.0078,0.0892,0.1369,13.97,0,walk
4.5376,1944,0.0903,-0.0078,0.0899,1.7574,14.192,0,walk
4.5396,1945,0.0892,-0.0076,0.0889,0.1301,13.954,0,jog
4.5418,1946,0.0906,-0.0076,0.0903,0.8253,14.311,0,jog
4.5438,1947,0.0892,-0.0073,0.0889,0.1409,14.164,0,jog
4.5459,1948,0.0897,-0.0071,0.0894,0.6771,14.354,0,jog
4.5479,1949,0.0888,-0.0069,0.0885,0.1625,14.163,0,jog
4.5501,1950,0.0896,-0.0067,0.0894,1.1262,14.422,0,jog
4.5522,1951,0.0888,-0.0065,0.0886,0.162,14.363,0,jog
4.5543,1952,0.0897,-0.0062,0.0894,0.4219,14.665,0,jog
4.5563,1953,0.0888,-0.006,0.0886,0.1581,14.553,0,jog
4.5584,1954,0.0897,-0.0058,0.0896,1.3007,14.826,0,jog
4.5605,1955,0.0888,-0.0057,0.0886,0.1434,14.771,0,jog
4.5627,1956,0.0896,-0.0055,0.0894,0.2611,15.063,0,jog
4.5647,1957,0.0885,-0.0055,0.0884,0.1242,14.952,0,jog
4.5668,1958,0.0892,-0.0054,0.089,0.4098,15.189,0,jog
4.5688,1959,0.0876,-0.0054,0.0874,0.1085,15.071,0,jog
4.5709,1960,0.0888,-0.0055,0.0886,1.7488,15.346,0,jog
4.5729,1961,0.0872,-0.0055,0.087,0.1036,15.163,0,jog
4.575,1962,0.0878,-0.0055,0.0877,1.4338,15.363,0,jog
4.577,1963,0.0868,-0.0055,0.0866,0.1104,15.233,0,jog
4.5792,1964,0.0874,-0.0053,0.0872,1.2987,15.563,0,jog
4.5813,1965,0.0864,-0.0053,0.0862,0.1076,15.435,0,jog
4.5834,1966,0.0871,-0.0053,0.087,1.9836,15.701,0,jog
4.5854,1967,0.0862,-0.0052,0.086,0.1305,15.51,0,jog
4.5876,1968,0.0869,-0.0051,0.0867,0.288,15.831,0,jog
4.5896,1969,0.086,-0.0051,0.0858,0.1293,15.7,0,jog
4.5917,1970,0.0867,-0.0051,0.0865,0.0085,15.977,0,jog
4.5938,1971,0.0858,-0.005,0.0857,0.1335,15.776,0,jog
4.5958,1972,0.0862,-0.005,0.086,0.3705,15.971,0,jog
4.5979,1973,0.0853,-0.0049,0.0851,0.1305,15.902,0,jog
4.6001,1974,0.086,-0.0049,0.0859,0.7793,16.138,0,jog
4.6022,1975,0.0851,-0.0049,0.085,0.1275,15.997,0,jog
4.6043,1976,0.0853,-0.0047,0.0851,3.1365,16.114,0,jog
4.6063,1977,0.0843,-0.0047,0.0842,0.1009,15.97,0,jog
4.6084,1978,0.0854,-0.0048,0.0853,2.3372,16.353,0,jog
4.6105,1979,0.0845,-0.0048,0.0844,0.1455,16.207,0,jog
4.6127,1980,0.0852,-0.0048,0.085,3.1718,16.45,0,jog
4.6147,1981,0.0843,-0.0048,0.0841,0.1247,16.303,0,jog
4.6168,1982,0.0845,-0.0046,0.0843,3.2055,16.433,0,jog
4.6188,1983,0.0831,-0.0045,0.083,0.0654,16.283,0,jog
4.6209,1984,0.0837,-0.0045,0.0836,2.464,16.518,0,jog
4.6229,1985,0.0828,-0.0044,0.0827,0.1177,16.366,0,jog
4.625,1986,0.0834,-0.0044,0.0832,0.4132,16.528,0,jog
4.6271,1987,0.0824,-0.0044,0.0823,0.1188,16.375,0,jog
4.6291,1988,0.0836,-0.0045,0.0835,1.7403,16.719,0,jog
4.6312,1989,0.0823,-0.0044,0.0821,0.0995,16.564,0,jog
4.6333,1990,0.0828,-0.0044,0.0827,1.2841,16.805,0,jog
4.6354,1991,0.0819,-0.0043,0.0818,0.1174,16.649,0,jog
4.6377,1992,0.0825,-0.0043,0.0824,0.0327,16.804,0,jog
4.6397,1993,0.0816,-0.0042,0.0815,0.1172,16.647,0,jog
4.642,1994,0.0822,-0.0042,0.082,0.4396,16.982,0,jog
4.644,1995,0.0808,-0.0041,0.0807,0.089,16.743,0,jog
4.6461,1996,0.0814,-0.0042,0.0813,1.1426,17.007,0,jog
4.6482,1997,0.0805,-0.0041,0.0804,0.1199,16.767,0,jog
4.6503,1998,0.0811,-0.0042,0.081,0.0268,17.011,0,jog
4.6523,1999,0.0802,-0.0041,0.0801,0.1192,16.93,0,jog
4.6543,2000,0.0807,-0.0041,0.0806,0.9108,17.182,0,jog
4.6564,2001,0.0799,-0.004,0.0798,0.1127,17.019,0,jog
4.6584,2002,0.0803,-0.004,0.0802,0.4934,17.163,0,jog
4.6605,2003,0.0794,-0.0039,0.0793,0.1087,17.0,0,jog
4.6625,2004,0.0799,-0.0039,0.0798,0.7872,17.252,0,jog
4.6646,2005,0.079,-0.0038,0.0789,0.1104,17.169,0,jog
4.6667,2006,0.0796,-0.0039,0.0795,1.2946,17.426,0,jog
4.6687,2007,0.0787,-0.0038,0.0786,0.1149,17.259,0,jog
4.6708,2008,0.0792,-0.0039,0.0791,0.2514,17.419,0,jog
4.6728,2009,0.0779,-0.0038,0.0778,0.0888,17.166,0,jog
4.675,2010,0.0783,-0.0038,0.0782,0.8946,17.491,0,jog
4.677,2011,0.0774,-0.0038,0.0773,0.1036,17.32,0,jog
4.6792,2012,0.0778,-0.0038,0.0778,0.7613,17.574,0,jog
4.6812,2013,0.0769,-0.0037,0.0769,0.1063,17.317,0,jog
4.6833,2014,0.0779,-0.0037,0.0778,0.4476,17.663,0,jog
4.6853,2015,0.0765,-0.0037,0.0764,0.089,17.404,0,jog
4.6875,2016,0.0769,-0.0037,0.0768,0.3875,17.736,0,jog
4.6895,2017,0.076,-0.0037,0.0759,0.101,17.561,0,jog
4.6917,2018,0.0764,-0.0038,0.0763,0.3693,17.812,0,jog
4.6938,2019,0.0755,-0.0037,0.0754,0.1012,17.547,0,jog
4.6958,2020,0.0759,-0.0038,0.0758,0.4993,17.806,0,jog
4.6979,2021,0.0745,-0.0037,0.0744,0.091,17.627,0,jog
4.7,2022,0.0753,-0.0038,0.0752,0.8615,17.97,0,jog
4.702,2023,0.0739,-0.0037,0.0738,0.0899,17.699,0,jog
4.7042,2024,0.0743,-0.0037,0.0742,0.4355,17.855,0,jog
4.7063,2025,0.0733,-0.0036,0.0732,0.0909,17.674,0,jog
4.7083,2026,0.0736,-0.0036,0.0735,0.3242,18.025,0,jog
4.7103,2027,0.0727,-0.0035,0.0726,0.0845,17.842,0,jog
4.7125,2028,0.073,-0.0035,0.0729,0.4064,18.101,0,jog
4.7145,2029,0.072,-0.0034,0.0719,0.0855,17.917,0,jog
4.7166,2030,0.0723,-0.0034,0.0722,0.1179,18.076,0,jog
4.7187,2031,0.0713,-0.0034,0.0712,0.0834,17.891,0,jog
4.7208,2032,0.072,-0.0034,0.0719,0.3158,18.231,0,jog
4.7229,2033,0.07,-0.0033,0.07,0.1858,17.952,0,jog
4.7251,2034,0.0708,-0.0032,0.0707,0.4686,18.304,0,jog
4.7272,2035,0.0693,-0.0032,0.0692,0.1114,17.931,0,jog
4.7292,2036,0.0694,-0.0031,0.0694,0.3837,18.173,0,jog
4.7313,2037,0.0684,-0.0031,0.0683,0.0729,17.985,0,jog
4.7333,2038,0.0686,-0.003,0.0685,0.2921,18.324,0,jog
4.7354,2039,0.0675,-0.003,0.0675,0.072,18.136,0,jog
4.7374,2040,0.0677,-0.003,0.0676,0.4307,18.391,0,jog
4.7395,2041,0.0666,-0.0029,0.0666,0.0718,18.107,0,jog
4.7416,2042,0.0667,-0.0029,0.0667,0.3381,18.348,0,jog
4.7437,2043,0.0656,-0.0029,0.0656,0.0707,18.253,0,jog
4.7457,2044,0.0657,-0.0028,0.0656,0.4816,18.487,0,jog
4.7478,2045,0.0646,-0.0028,0.0645,0.0684,18.297,0,jog
4.7499,2046,0.0641,-0.0027,0.064,0.3916,18.346,0,jog
4.752,2047,0.063,-0.0027,0.0629,0.0721,18.155,0,jog
4.7543,2048,0.063,-0.0027,0.063,0.1388,18.488,0,jog
4.7563,2049,0.0619,-0.0026,0.0618,0.0749,18.296,0,jog
4.7584,2050,0.0624,-0.0027,0.0624,0.3977,18.617,0,jog
4.7604,2051,0.0607,-0.0026,0.0606,0.1585,18.329,0,jog
4.7625,2052,0.0606,-0.0026,0.0606,0.377,18.462,0,jog
4.7645,2053,0.0594,-0.0025,0.0594,0.0876,18.269,0,jog
4.7666,2054,0.0593,-0.0026,0.0593,0.3893,18.602,0,jog
4.7687,2055,0.0581,-0.0025,0.058,0.0936,18.408,0,jog
4.7708,2056,0.0579,-0.0025,0.0579,0.3411,18.635,0,jog
4.7728,2057,0.0561,-0.0024,0.056,0.203,18.246,0,jog
4.7751,2058,0.0565,-0.0024,0.0565,0.2386,18.564,0,jog
4.7771,2059,0.0547,-0.0023,0.0546,0.2049,18.27,0,jog
4.7792,2060,0.0545,-0.0023,0.0544,0.3079,18.59,0,jog
4.7813,2061,0.0532,-0.0023,0.0532,0.1029,18.393,0,jog
4.7833,2062,0.053,-0.0023,0.053,0.3076,18.616,0,jog
4.7854,2063,0.0518,-0.0023,0.0517,0.1058,18.318,0,jog
4.7875,2064,0.0515,-0.0023,0.0514,0.4618,18.528,0,jog
4.7895,2065,0.0502,-0.0023,0.0502,0.1084,18.328,0,jog
4.7917,2066,0.0499,-0.0023,0.0499,0.2385,18.64,0,jog
4.7938,2067,0.0486,-0.0023,0.0486,0.2385,18.44,0,jog
4.7958,2068,0.0483,-0.0023,0.0483,0.2311,18.648,0,jog
4.7978,2069,0.0463,-0.0023,0.0463,0.2311,18.246,0,jog
4.8001,2070,0.0459,-0.0023,0.0458,0.2174,18.435,0,jog
4.8021,2071,0.0445,-0.0022,0.0445,0.2174,18.335,0,jog
4.8042,2072,0.0441,-0.0024,0.044,0.2372,18.551,0,jog
4.8063,2073,0.0427,-0.0023,0.0427,0.2372,18.351,0,jog
4.8084,2074,0.043,-0.0025,0.0429,0.2218,18.642,0,jog
4.8104,2075,0.0409,-0.0024,0.0408,0.2218,18.244,0,jog
4.8125,2076,0.0404,-0.0025,0.0403,0.2129,18.438,0,jog
4.8145,2077,0.039,-0.0025,0.0389,0.2129,18.339,0,jog
4.8167,2078,0.0384,-0.0027,0.0383,0.2099,18.526,0,jog
4.8187,2079,0.037,-0.0027,0.0369,0.2099,18.331,0,jog
4.8208,2080,0.0365,-0.0029,0.0364,0.2154,18.521,0,jog
4.8228,2081,0.0343,-0.0029,0.0342,0.2154,18.134,0,jog
4.825,2082,0.0345,-0.0031,0.0343,0.2123,18.408,0,jog
4.8271,2083,0.0322,-0.0031,0.0321,0.2123,18.216,0,jog
4.8292,2084,0.0323,-0.0033,0.0322,0.208,18.487,0,jog
4.8312,2085,0.0301,-0.0033,0.0299,0.208,18.205,0,jog
4.8334,2086,0.0296,-0.0035,0.0294,0.206,18.291,0,jog
4.8354,2087,0.0286,-0.0033,0.0284,0.206,18.111,0,jog
4.8376,2088,0.0285,-0.0034,0.0283,0.1903,18.36,0,jog
4.8397,2089,0.0278,-0.0034,0.0276,0.1903,18.183,0,jog
4.8418,2090,0.0281,-0.0038,0.0279,0.2062,18.265,0,jog
4.8438,2091,0.0273,-0.004,0.027,0.2062,18.0,0,jog
4.846,2092,0.0279,-0.0044,0.0276,0.1991,18.327,0,jog
4.8481,2093,0.0272,-0.0047,0.0268,0.1991,18.062,0,jog
4.8502,2094,0.0275,-0.0052,0.027,0.2019,18.221,0,jog
4.8523,2095,0.0271,-0.0054,0.0265,0.2019,17.962,0,jog
4.8544,2096,0.0274,-0.0059,0.0267,0.1979,18.109,0,jog
4.8565,2097,0.0269,-0.0061,0.0262,0.1979,18.025,0,jog
4.8586,2098,0.0272,-0.0065,0.0264,0.1975,18.17,0,jog
4.8607,2099,0.0266,-0.0066,0.0258,0.1975,18.007,0,jog
4.8628,2100,0.0268,-0.0071,0.0259,0.1975,18.074,0,jog
4.8648,2101,0.0259,-0.0074,0.0248,0.1975,17.842,0,jog
4.8669,2102,0.0263,-0.0078,0.0252,0.2018,18.143,0,jog
4.869,2103,0.0253,-0.008,0.024,0.2018,17.916,0,jog
4.8711,2104,0.0254,-0.0086,0.024,0.2022,18.053,0,jog
4.8732,2105,0.0248,-0.0087,0.0232,0.2022,17.833,0,jog
4.8753,2106,0.025,-0.0092,0.0232,0.2015,17.963,0,jog
4.8773,2107,0.0243,-0.0094,0.0225,0.2015,17.821,0,jog
4.8794,2108,0.0249,-0.0098,0.0228,0.199,18.08,0,jog
4.8815,2109,0.024,-0.01,0.0218,0.199,17.876,0,jog
4.8836,2110,0.0246,-0.0105,0.0222,0.2117,18.073,0,jog
4.8856,2111,0.0238,-0.0107,0.0212,0.2117,17.841,0,jog
4.8877,2112,0.0243,-0.0113,0.0216,0.2074,17.977,0,jog
4.8898,2113,0.0241,-0.0113,0.0212,0.2074,17.925,0,jog
4.8918,2114,0.0247,-0.0118,0.0217,0.2007,18.053,0,jog
4.894,2115,0.0244,-0.0119,0.0213,0.2007,17.856,0,jog
4.8961,2116,0.025,-0.0124,0.0218,0.2038,17.979,0,jog
4.8982,2117,0.0248,-0.0125,0.0214,0.2038,17.931,0,jog
4.9003,2118,0.0251,-0.0131,0.0214,0.1412,17.91,0,jog
4.9023,2119,0.0249,-0.0133,0.021,0.1412,17.813,0,jog
4.9044,2120,0.0255,-0.014,0.0213,0.2082,17.931,0,jog
4.9065,2121,0.0252,-0.0142,0.0208,0.2082,17.788,0,jog
4.9086,2122,0.0258,-0.0149,0.021,0.2083,17.903,0,jog
4.9107,2123,0.0255,-0.0152,0.0206,0.2083,17.855,0,jog
4.9127,2124,0.0264,-0.0159,0.0211,0.2849,18.114,0,jog
4.9148,2125,0.0262,-0.0161,0.0206,0.2849,18.019,0,jog
4.9169,2126,0.0267,-0.0171,0.0205,0.2125,18.007,0,jog
4.919,2127,0.0265,-0.0174,0.02,0.2125,17.912,0,jog
4.9211,2128,0.0272,-0.0183,0.0202,0.2091,18.026,0,jog
4.9232,2129,0.0271,-0.0186,0.0197,0.2091,17.93,0,jog
4.9252,2130,0.0279,-0.0194,0.0201,0.2265,18.041,0,jog
4.9273,2131,0.0277,-0.0198,0.0194,0.2265,17.85,0,jog
4.9294,2132,0.0286,-0.0209,0.0196,0.2354,17.89,0,jog
4.9315,2133,0.0285,-0.0212,0.0191,0.2354,17.795,0,jog
4.9336,2134,0.0294,-0.0222,0.0193,0.2301,17.899,0,jog
4.9356,2135,0.0294,-0.0225,0.0189,0.2301,17.803,0,jog
4.9377,2136,0.0303,-0.0236,0.019,0.2183,17.832,0,jog
4.9398,2137,0.0303,-0.0239,0.0186,0.2183,17.689,0,jog
4.9418,2138,0.0313,-0.025,0.0188,0.2263,17.73,0,jog
4.944,2139,0.0313,-0.0255,0.0182,0.2263,17.635,0,jog
4.9461,2140,0.0324,-0.0265,0.0186,0.2458,17.745,0,jog
4.9483,2141,0.0325,-0.027,0.018,0.2458,17.602,0,jog
4.9503,2142,0.0335,-0.0281,0.0182,0.23,17.644,0,jog
4.9524,2143,0.0336,-0.0285,0.0178,0.23,17.501,0,jog
4.9545,2144,0.0346,-0.0296,0.018,0.2231,17.542,0,jog
4.9566,2145,0.0347,-0.03,0.0176,0.2231,17.495,0,jog
4.9586,2146,0.0358,-0.031,0.0178,0.2167,17.532,0,jog
4.9607,2147,0.0359,-0.0314,0.0174,0.2167,17.437,0,jog
4.9628,2148,0.0375,-0.0332,0.0176,0.3545,17.046,0,jog
4.9648,2149,0.0377,-0.0336,0.0172,0.3545,16.904,0,jog
4.9669,2150,0.039,-0.0349,0.0172,0.2339,16.874,0,jog
4.9689,2151,0.0391,-0.0353,0.0169,0.2339,16.827,0,jog
4.971,2152,0.0403,-0.0365,0.017,0.2282,16.842,0,jog
4.973,2153,0.0405,-0.0369,0.0167,0.2282,16.747,0,jog
4.9751,2154,0.0416,-0.0381,0.0168,0.2236,16.788,0,jog
4.9771,2155,0.0419,-0.0385,0.0165,0.2236,16.695,0,jog
4.9792,2156,0.0431,-0.0397,0.0167,0.2373,16.802,0,jog
4.9813,2157,0.0433,-0.0401,0.0164,0.2373,16.756,0,jog
4.9834,2158,0.0446,-0.0414,0.0166,0.2525,16.884,0,jog
4.9855,2159,0.0448,-0.0418,0.0163,0.2525,16.792,0,jog
4.9876,2160,0.0461,-0.043,0.0165,0.2573,16.854,0,jog
4.9898,2161,0.0464,-0.0435,0.0162,0.2573,16.762,0,jog
4.9919,2162,0.0478,-0.045,0.0163,0.2621,16.835,0,jog
4.9939,2163,0.0481,-0.0454,0.016,0.2621,16.789,0,jog
4.996,2164,0.0494,-0.0467,0.0162,0.2578,16.9,0,jog
4.998,2165,0.0497,-0.0471,0.0159,0.2578,16.807,0,jog
5.0001,2166,0.051,-0.0484,0.0161,0.2112,16.848,0,jog
5.0022,2167,0.0513,-0.0488,0.0157,0.2008,16.753,0,jog
5.0042,2168,0.0526,-0.0502,0.0159,0.8533,16.87,0,jog
5.0062,2169,0.0529,-0.0506,0.0156,0.2114,16.774,0,jog
5.0083,2170,0.0541,-0.0517,0.0159,0.3692,16.884,0,jog
5.0103,2171,0.0546,-0.0524,0.0154,0.2621,16.737,0,jog
5.0124,2172,0.0559,-0.0537,0.0155,0.5731,16.733,0,jog
5.0145,2173,0.0562,-0.0542,0.0151,0.228,16.632,0,jog
5.0166,2174,0.0576,-0.0555,0.0153,0.7579,16.738,0,jog
5.0187,2175,0.0579,-0.056,0.0149,0.2322,16.636,0,jog
5.0208,2176,0.0593,-0.0574,0.015,0.5692,16.694,0,jog
5.0228,2177,0.0598,-0.058,0.0144,0.2791,16.487,0,jog
5.025,2178,0.0612,-0.0595,0.0146,1.5651,16.535,0,jog
5.0271,2179,0.0616,-0.0599,0.0142,0.2356,16.483,0,jog
5.0291,2180,0.063,-0.0614,0.0142,0.6375,16.55,0,jog
5.0312,2181,0.0633,-0.0618,0.0138,0.2436,16.444,0,jog
5.0333,2182,0.0648,-0.0633,0.0138,1.0307,16.509,0,jog
5.0353,2183,0.0651,-0.0637,0.0133,0.2493,16.349,0,jog
5.0375,2184,0.0665,-0.0651,0.0132,0.2823,16.402,0,jog
5.0396,2185,0.0667,-0.0655,0.0127,0.25,16.347,0,jog
5.0417,2186,0.068,-0.0668,0.0126,1.1916,16.364,0,jog
5.0438,2187,0.0682,-0.0672,0.0121,0.2534,16.254,0,jog
5.0461,2188,0.0696,-0.0686,0.012,1.8587,16.252,0,jog
5.0482,2189,0.0699,-0.069,0.011,0.2902,16.084,0,jog
5.0503,2190,0.0712,-0.0703,0.0112,0.4802,16.167,0,jog
5.0523,2191,0.0715,-0.0707,0.0102,0.2972,16.054,0,jog
5.0544,2192,0.0728,-0.072,0.0103,1.3871,16.178,0,jog
5.0565,2193,0.073,-0.0724,0.0093,0.2938,16.007,0,jog
5.0587,2194,0.0743,-0.0737,0.0094,0.8649,16.063,0,jog
5.0606,2195,0.0745,-0.074,0.0083,0.3071,15.89,0,jog
5.0627,2196,0.0758,-0.0754,0.008,0.1506,16.007,0,jog
5.0647,2197,0.0759,-0.0756,0.0072,0.2576,15.89,0,jog
5.0668,2198,0.0772,-0.0768,0.0068,0.3963,15.956,0,jog
5.0688,2199,0.0772,-0.077,0.006,0.2581,15.779,0,jog
5.071,2200,0.0786,-0.0784,0.0056,1.5228,15.831,0,jog
5.073,2201,0.0788,-0.0786,0.0044,0.3133,15.711,0,jog
5.0751,2202,0.0802,-0.0801,0.004,0.7617,15.788,0,jog
5.0771,2203,0.0804,-0.0803,0.0032,0.277,15.667,0,jog
5.0793,2204,0.0818,-0.0817,0.0028,0.0915,15.665,0,jog
5.0813,2205,0.082,-0.0819,0.0021,0.2905,15.542,0,jog
5.0834,2206,0.0837,-0.0837,0.0018,2.6314,15.563,0,jog
5.0855,2207,0.0839,-0.0839,0.001,0.2831,15.439,0,jog
5.0875,2208,0.0854,-0.0854,0.0005,2.6266,15.477,0,jog
5.0895,2209,0.0856,-0.0856,-0.0003,0.3089,15.352,0,jog
5.0916,2210,0.0871,-0.0871,-0.0008,0.7802,15.354,0,jog
5.0937,2211,0.0874,-0.0874,-0.0016,0.317,15.229,0,jog
5.0958,2212,0.0888,-0.0888,-0.0025,1.189,15.314,0,jog
5.098,2213,0.0891,-0.089,-0.0033,0.3267,15.189,0,jog
5.1001,2214,0.0905,-0.0905,-0.0038,1.4791,15.281,0,jog
5.1022,2215,0.0908,-0.0907,-0.0046,0.3333,15.097,0,jog
5.1043,2216,0.0923,-0.0921,-0.0052,0.8275,15.187,0,jog
5.1063,2217,0.0926,-0.0924,-0.0061,0.3424,15.126,0,jog
5.1083,2218,0.0941,-0.0939,-0.0066,1.5206,15.198,0,jog
5.1104,2219,0.0944,-0.0941,-0.0075,0.3449,15.077,0,jog
5.1124,2220,0.0959,-0.0955,-0.0081,0.629,15.155,0,jog
5.1145,2221,0.0962,-0.0957,-0.0089,0.3581,14.977,0,jog
5.1166,2222,0.0978,-0.0973,-0.0095,1.7599,15.09,0,jog
5.1187,2223,0.0981,-0.0975,-0.0104,0.3588,15.031,0,jog
5.1209,2224,0.0998,-0.0991,-0.0114,0.4586,15.058,0,jog
5.1229,2225,0.1001,-0.0993,-0.0122,0.3687,14.941,0,jog
5.125,2226,0.1018,-0.101,-0.0129,1.3928,14.954,0,jog
5.127,2227,0.1021,-0.1012,-0.0138,0.3793,14.839,0,jog
5.1291,2228,0.1038,-0.1028,-0.0145,1.0255,14.966,0,jog
5.1312,2229,0.1042,-0.103,-0.0154,0.3852,14.849,0,jog
5.1333,2230,0.1057,-0.1045,-0.0161,1.2677,14.944,0,jog
5.1353,2231,0.1059,-0.1046,-0.0169,0.3746,14.762,0,jog
5.1376,2232,0.1075,-0.1061,-0.0175,2.2847,14.784,0,jog
5.1397,2233,0.1075,-0.1059,-0.0182,0.3217,14.73,0,jog
5.1418,2234,0.1088,-0.1072,-0.0187,0.3558,14.791,0,jog
5.1438,2235,0.1087,-0.1069,-0.0193,0.3001,14.646,0,jog
5.1459,2236,0.1096,-0.1077,-0.0202,2.4008,14.426,0,jog
5.148,2237,0.1094,-0.1074,-0.0207,0.3167,14.383,0,jog
5.15,2238,0.1108,-0.1088,-0.0207,2.4815,14.514,0,jog
5.1521,2239,0.1106,-0.1085,-0.0215,0.287,14.391,0,jog
5.1542,2240,0.1119,-0.1098,-0.0218,0.5749,14.414,0,jog
5.1562,2241,0.1118,-0.1095,-0.0223,0.3088,14.335,0,jog
5.1583,2242,0.1132,-0.1109,-0.0227,0.8346,14.402,0,jog
5.1604,2243,0.1131,-0.1107,-0.0232,0.3208,14.324,0,jog
5.1625,2244,0.1144,-0.1119,-0.0239,1.9286,14.249,0,jog
5.1645,2245,0.1143,-0.1116,-0.0244,0.3348,14.137,0,jog
5.1666,2246,0.1152,-0.1125,-0.0248,1.1527,14.049,0,jog
5.1687,2247,0.1147,-0.1119,-0.0251,0.2499,14.012,0,jog
5.1708,2248,0.1157,-0.1129,-0.0252,2.6586,14.088,0,jog
5.1728,2249,0.1149,-0.1121,-0.0253,0.1863,14.01,0,jog
5.175,2250,0.1158,-0.113,-0.0253,0.5762,14.008,0,jog
5.1771,2251,0.1146,-0.1118,-0.0255,0.1086,13.926,0,jog
5.1792,2252,0.1157,-0.1129,-0.0256,2.0663,13.985,0,jog
5.1813,2253,0.115,-0.1121,-0.0257,0.2078,13.861,0,jog
5.1834,2254,0.1162,-0.1133,-0.0257,0.7583,13.87,0,jog
5.1855,2255,0.1156,-0.1127,-0.0259,0.2321,13.829,0,jog
5.1876,2256,0.1173,-0.1144,-0.0259,2.1886,13.908,0,jog
5.1896,2257,0.1165,-0.1136,-0.0261,0.1993,13.789,0,jog
5.1918,2258,0.1179,-0.115,-0.0263,0.4604,13.744,0,jog
5.1938,2259,0.1173,-0.1143,-0.0265,0.2161,13.667,0,jog
5.1961,2260,0.1189,-0.1159,-0.0266,0.755,13.706,0,jog
5.1982,2261,0.1182,-0.1152,-0.0268,0.2187,13.592,0,jog
5.2002,2262,0.1199,-0.1169,-0.0269,1.3583,13.623,0,jog
5.2024,2263,0.119,-0.116,-0.0269,0.1918,13.477,0,jog
5.2044,2264,0.1202,-0.1172,-0.0269,0.6769,13.502,0,jog
5.2065,2265,0.1194,-0.1164,-0.0268,0.2107,13.428,0,jog
5.2085,2266,0.1206,-0.1176,-0.0267,2.5487,13.412,0,jog
5.2106,2267,0.1198,-0.1168,-0.0266,0.2024,13.337,0,jog
5.2127,2268,0.121,-0.118,-0.0266,0.4477,13.281,0,jog
5.2147,2269,0.1202,-0.1172,-0.0265,0.2148,13.206,0,jog
5.2168,2270,0.1215,-0.1186,-0.0266,2.183,13.223,0,jog
5.2189,2271,0.1205,-0.1175,-0.0266,0.1652,13.113,0,jog
5.2209,2272,0.1218,-0.1189,-0.0266,0.2772,13.096,0,jog
5.223,2273,0.1209,-0.1179,-0.0265,0.2033,12.988,0,jog
5.2252,2274,0.1221,-0.1192,-0.0265,1.7655,12.96,0,jog
5.2272,2275,0.1211,-0.1182,-0.0263,0.1948,12.924,0,jog
5.2293,2276,0.1223,-0.1194,-0.0262,0.9815,12.9,0,jog
5.2313,2277,0.1214,-0.1185,-0.0262,0.212,12.829,0,jog
5.2334,2278,0.1227,-0.1199,-0.0262,0.9985,12.756,0,jog
5.2355,2279,0.1216,-0.1188,-0.026,0.1987,12.685,0,jog
5.2377,2280,0.1229,-0.1201,-0.026,1.3693,12.673,0,jog
5.2398,2281,0.1219,-0.1191,-0.0259,0.2031,12.603,0,jog
5.2418,2282,0.1232,-0.1204,-0.0259,0.496,12.568,0,jog
5.2439,2283,0.1216,-0.1189,-0.0256,0.1368,12.43,0,jog
5.2459,2284,0.1236,-0.1208,-0.0258,2.1582,12.426,0,jog
5.2481,2285,0.1219,-0.1192,-0.0255,0.1478,12.357,0,jog
5.2501,2286,0.1232,-0.1206,-0.0255,0.5917,12.312,0,jog
5.2522,2287,0.1221,-0.1195,-0.0253,0.2002,12.245,0,jog
5.2542,2288,0.1235,-0.1209,-0.0255,1.2632,12.163,0,jog
5.2563,2289,0.1225,-0.1198,-0.0253,0.2135,12.097,0,jog
5.2584,2290,0.1246,-0.1219,-0.0255,2.3835,12.097,0,jog
5.2604,2291,0.1231,-0.1204,-0.0252,0.1545,12.031,0,jog
5.2625,2292,0.1247,-0.122,-0.0255,0.2907,11.976,0,jog
5.2646,2293,0.1237,-0.1211,-0.0253,0.2299,11.911,0,jog
5.2667,2294,0.1253,-0.1226,-0.0256,0.9658,11.84,0,jog
5.2687,2295,0.1242,-0.1216,-0.0254,0.2262,11.776,0,jog
5.2709,2296,0.1259,-0.1233,-0.0257,1.9967,11.768,0,jog
5.2729,2297,0.1243,-0.1217,-0.0254,0.17,11.673,0,jog
5.275,2298,0.1266,-0.1239,-0.0258,1.1587,11.675,0,jog
5.277,2299,0.125,-0.1223,-0.0255,0.1759,11.551,0,jog
5.2791,2300,0.1271,-0.1245,-0.0258,0.44,11.589,0,jog
5.2812,2301,0.1254,-0.1228,-0.0254,0.1743,11.496,0,jog
5.2833,2302,0.1275,-0.125,-0.0251,2.0424,11.699,0,jog
5.2853,2303,0.1264,-0.1239,-0.0248,0.2135,11.637,0,jog
5.2875,2304,0.1281,-0.1256,-0.0252,2.2402,11.618,0,jog
5.2895,2305,0.127,-0.1245,-0.025,0.2509,11.526,0,jog
5.2916,2306,0.1288,-0.1263,-0.0254,1.9859,11.508,0,jog
5.2937,2307,0.1277,-0.1252,-0.0251,0.2532,11.477,0,jog
5.296,2308,0.1294,-0.1269,-0.0256,0.4937,11.496,0,jog
5.298,2309,0.1277,-0.1252,-0.0251,0.2061,11.403,0,jog
5.3,2310,0.1295,-0.1269,-0.0256,0.9632,11.38,0,jog
5.3021,2311,0.1283,-0.1258,-0.0253,0.2614,11.318,0,jog
5.3042,2312,0.1305,-0.1279,-0.0257,2.3976,11.342,0,jog
5.3062,2313,0.1293,-0.1268,-0.0254,0.2669,11.28,0,jog
5.3083,2314,0.1312,-0.1287,-0.0258,2.553,11.344,0,jog
5.3103,2315,0.1301,-0.1275,-0.0255,0.2693,11.282,0,jog
5.3124,2316,0.1319,-0.1293,-0.026,0.5636,11.352,0,jog
5.3145,2317,0.1307,-0.1281,-0.0256,0.2649,11.289,0,jog
5.3167,2318,0.1322,-0.1295,-0.0266,1.8116,11.203,0,jog
5.3187,2319,0.1309,-0.1283,-0.0262,0.2902,11.139,0,jog
5.3208,2320,0.133,-0.1304,-0.0262,1.8296,11.396,0,jog
5.3228,2321,0.1311,-0.1285,-0.0257,0.2399,11.268,0,jog
5.325,2322,0.1329,-0.1303,-0.0262,1.8649,11.381,0,jog
5.3271,2323,0.1316,-0.129,-0.0258,0.2767,11.349,0,jog
5.3291,2324,0.1341,-0.1314,-0.0265,1.0341,11.503,0,jog
5.3312,2325,0.1321,-0.1295,-0.0259,0.2442,11.407,0,jog
5.3333,2326,0.1337,-0.1309,-0.027,2.0418,11.331,0,jog
5.3353,2327,0.1324,-0.1297,-0.0266,0.2989,11.265,0,jog
5.3375,2328,0.1347,-0.132,-0.0272,1.4419,11.597,0,jog
5.3396,2329,0.1328,-0.1301,-0.0266,0.22,11.531,0,jog
5.3417,2330,0.1348,-0.132,-0.0273,1.3649,11.675,0,jog
5.3437,2331,0.1336,-0.1308,-0.027,0.2855,11.609,0,jog
5.3458,2332,0.1355,-0.1326,-0.0277,0.3284,11.735,0,jog
5.3478,2333,0.1336,-0.1308,-0.0272,0.2376,11.668,0,jog
5.35,2334,0.1356,-0.1326,-0.028,1.188,11.865,0,jog
5.3521,2335,0.1343,-0.1314,-0.0277,0.2887,11.795,0,jog
5.3541,2336,0.1362,-0.1332,-0.0284,0.8666,11.988,0,jog
5.3562,2337,0.1349,-0.132,-0.0281,0.2856,11.882,0,jog
5.3583,2338,0.1369,-0.1338,-0.0288,0.8354,12.09,0,jog
5.3603,2339,0.1356,-0.1325,-0.0285,0.2771,12.053,0,jog
5.3625,2340,0.1374,-0.1342,-0.0293,0.1497,12.246,0,jog
5.3645,2341,0.1361,-0.1329,-0.0289,0.2799,12.17,0,jog
5.3666,2342,0.1379,-0.1346,-0.0297,0.4493,12.329,0,jog
5.3687,2343,0.1365,-0.1333,-0.0294,0.2807,12.251,0,jog
5.3709,2344,0.1384,-0.1351,-0.0302,2.2732,12.448,0,jog
5.373,2345,0.1363,-0.133,-0.0296,0.2372,12.367,0,jog
5.375,2346,0.138,-0.1346,-0.0304,1.6004,12.562,0,jog
5.3772,2347,0.1366,-0.1332,-0.03,0.271,12.437,0,jog
5.3792,2348,0.1382,-0.1348,-0.0307,1.236,12.654,0,jog
5.3812,2349,0.1368,-0.1334,-0.0303,0.2622,12.612,0,jog
5.3834,2350,0.1384,-0.1349,-0.031,0.4056,12.829,0,jog
5.3854,2351,0.1369,-0.1335,-0.0306,0.2584,12.741,0,jog
5.3875,2352,0.1393,-0.1357,-0.0315,0.8374,13.017,0,jog
5.3896,2353,0.137,-0.1335,-0.0309,0.2161,12.836,0,jog
5.3918,2354,0.1378,-0.1342,-0.0314,0.3798,12.996,0,jog
5.3939,2355,0.1363,-0.1327,-0.031,0.249,12.948,0,jog
5.396,2356,0.1378,-0.1341,-0.0317,0.3556,13.159,0,jog
5.398,2357,0.1363,-0.1326,-0.0313,0.2459,13.062,0,jog
5.4001,2358,0.1378,-0.1341,-0.032,1.659,13.198,0,jog
5.4021,2359,0.1363,-0.1325,-0.0316,0.2413,13.098,0,jog
5.4042,2360,0.1377,-0.1339,-0.0323,0.1938,13.289,0,jog
5.4062,2361,0.1362,-0.1324,-0.0319,0.235,13.238,0,jog
5.4084,2362,0.1376,-0.1337,-0.0326,0.1583,13.429,0,jog
5.4105,2363,0.136,-0.1321,-0.0322,0.2318,13.324,0,jog
5.4125,2364,0.1374,-0.1334,-0.0329,1.4446,13.443,0,jog
5.4146,2365,0.1358,-0.1319,-0.0326,0.2275,13.335,0,jog
5.4168,2366,0.1372,-0.1331,-0.0333,0.1697,13.503,0,jog
5.4189,2367,0.1347,-0.1307,-0.0327,0.1914,13.392,0,jog
5.4211,2368,0.1361,-0.1319,-0.0335,0.6711,13.558,0,jog
5.4231,2369,0.1345,-0.1303,-0.0331,0.2144,13.445,0,jog
5.4252,2370,0.1367,-0.1324,-0.034,1.2645,13.59,0,jog
5.4272,2371,0.1342,-0.1299,-0.0335,0.1847,13.417,0,jog
5.4293,2372,0.1355,-0.1311,-0.0342,0.3671,13.616,0,jog
5.4314,2373,0.1338,-0.1294,-0.0339,0.2034,13.5,0,jog
5.4334,2374,0.1349,-0.1303,-0.0348,2.6962,13.644,0,jog
5.4355,2375,0.1332,-0.1287,-0.0345,0.2021,13.472,0,jog
5.4375,2376,0.1347,-0.13,-0.0353,2.4866,13.607,0,jog
5.4396,2377,0.1334,-0.1286,-0.0352,0.2048,13.552,0,jog
5.442,2378,0.1349,-0.1299,-0.0362,0.1903,13.716,0,jog
5.4439,2379,0.1329,-0.1279,-0.0361,0.1138,13.499,0,jog
5.446,2380,0.1344,-0.1292,-0.0369,1.6898,13.614,0,jog
5.448,2381,0.133,-0.1279,-0.0366,0.2223,13.558,0,jog
5.4501,2382,0.1351,-0.1298,-0.0374,0.3745,13.744,0,jog
5.4521,2383,0.133,-0.1279,-0.0368,0.1885,13.57,0,jog
5.4542,2384,0.1351,-0.1298,-0.0376,0.4365,13.697,0,jog
5.4563,2385,0.1329,-0.1277,-0.0369,0.1972,13.515,0,jog
5.4584,2386,0.1343,-0.129,-0.0374,1.8595,13.655,0,jog
5.4604,2387,0.1328,-0.1276,-0.0369,0.2307,13.533,0,jog
5.4626,2388,0.1341,-0.1288,-0.0374,0.2966,13.577,0,jog
5.4646,2389,0.1325,-0.1273,-0.0368,0.232,13.455,0,jog
5.4667,2390,0.1346,-0.1292,-0.0375,0.5918,13.618,0,jog
5.4688,2391,0.1323,-0.127,-0.0367,0.211,13.497,0,jog
5.4708,2392,0.1328,-0.1275,-0.0369,1.5562,13.519,0,jog
5.4729,2393,0.1312,-0.1261,-0.0363,0.223,13.341,0,jog
5.475,2394,0.1324,-0.1272,-0.0368,0.307,13.504,0,jog
5.4771,2395,0.1309,-0.1258,-0.0363,0.2217,13.388,0,jog
5.4791,2396,0.1321,-0.1269,-0.0367,0.1302,13.472,0,jog
5.4812,2397,0.1305,-0.1254,-0.0362,0.2218,13.303,0,jog
5.4833,2398,0.1318,-0.1267,-0.0365,1.6027,13.411,0,jog
5.4854,2399,0.1304,-0.1253,-0.0361,0.2224,13.357,0,jog
5.4875,2400,0.1317,-0.1265,-0.0366,0.5187,13.46,0,jog
5.4896,2401,0.1303,-0.1252,-0.0362,0.2229,13.354,0,jog
5.4918,2402,0.1316,-0.1264,-0.0367,1.3583,13.413,0,jog
5.4938,2403,0.1295,-0.1244,-0.0361,0.1732,13.254,0,jog
5.4959,2404,0.1309,-0.1256,-0.0366,0.7849,13.395,0,jog
5.4979,2405,0.1295,-0.1243,-0.0362,0.2181,13.289,0,jog
5.5,2406,0.1316,-0.1263,-0.0368,1.3387,13.426,0,jog
5.5021,2407,0.1298,-0.1246,-0.0363,0.1805,13.213,0,jog
5.5041,2408,0.1318,-0.1265,-0.037,0.2609,13.372,0,jog
5.5062,2409,0.1299,-0.1247,-0.0365,0.1595,13.265,0,jog
5.5083,2410,0.1319,-0.1266,-0.0372,1.3045,13.404,0,jog
5.5103,2411,0.1299,-0.1247,-0.0367,0.1521,13.244,0,jog
5.5125,2412,0.1313,-0.1259,-0.0372,0.6778,13.275,0,jog
5.5145,2413,0.13,-0.1247,-0.0369,0.2125,13.169,0,jog
5.5167,2414,0.1314,-0.1259,-0.0373,0.8612,13.318,0,jog
5.5187,2415,0.1301,-0.1247,-0.0371,0.2092,13.212,0,jog
5.5208,2416,0.1314,-0.126,-0.0376,0.5812,13.315,0,jog
5.5229,2417,0.1295,-0.1241,-0.0371,0.1436,13.105,0,jog
5.525,2418,0.1309,-0.1254,-0.0376,0.8296,13.22,0,jog
5.5271,2419,0.1296,-0.1242,-0.0373,0.2082,13.167,0,jog
5.5292,2420,0.1311,-0.1255,-0.0378,1.3689,13.247,0,jog
5.5313,2421,0.1298,-0.1243,-0.0375,0.2098,13.144,0,jog
5.5334,2422,0.1319,-0.1263,-0.0381,1.0274,13.287,0,jog
5.5354,2423,0.1301,-0.1245,-0.0377,0.1374,13.08,0,jog
5.5375,2424,0.1321,-0.1265,-0.0383,0.7786,13.24,0,jog
5.5396,2425,0.1303,-0.1247,-0.0379,0.1342,13.137,0,jog
5.542,2426,0.1316,-0.1259,-0.0383,0.894,13.243,0,walk
5.544,2427,0.1298,-0.1241,-0.038,0.1238,13.04,0,walk
5.5461,2428,0.1312,-0.1254,-0.0384,1.481,13.147,0,walk
5.5481,2429,0.13,-0.1242,-0.0382,0.2019,13.046,0,walk
5.5502,2430,0.1314,-0.1256,-0.0386,1.1044,13.218,0,walk
5.5522,2431,0.1302,-0.1244,-0.0384,0.2037,13.118,0,walk
5.5543,2432,0.1316,-0.1257,-0.0388,0.4908,13.225,0,walk
5.5563,2433,0.1304,-0.1245,-0.0386,0.2011,13.076,0,walk
5.5584,2434,0.1317,-0.1258,-0.039,0.6478,13.183,0,walk
5.5604,2435,0.1305,-0.1246,-0.0388,0.2017,13.084,0,walk
5.5625,2436,0.1319,-0.1259,-0.0393,1.1972,13.263,0,walk
5.5646,2437,0.1307,-0.1248,-0.0391,0.2021,13.164,0,walk
5.5667,2438,0.1321,-0.126,-0.0395,0.3831,13.285,0,walk
5.5687,2439,0.1309,-0.1249,-0.0393,0.2018,13.139,0,walk
5.5708,2440,0.1323,-0.1262,-0.0397,1.4048,13.254,0,walk
5.5729,2441,0.1305,-0.1245,-0.0394,0.1165,13.157,0,walk
5.5749,2442,0.1325,-0.1264,-0.0399,0.7131,13.324,0,walk
5.577,2443,0.1308,-0.1246,-0.0396,0.1175,13.179,0,walk
5.5791,2444,0.132,-0.1258,-0.04,1.045,13.256,0,walk
5.5812,2445,0.1309,-0.1247,-0.0398,0.2011,13.16,0,walk
5.5833,2446,0.1322,-0.126,-0.0402,1.4439,13.337,0,walk
5.5853,2447,0.1311,-0.1248,-0.04,0.1993,13.242,0,walk
5.5875,2448,0.1323,-0.126,-0.0404,0.2225,13.379,0,walk
5.5896,2449,0.1312,-0.1249,-0.0402,0.2011,13.284,0,walk
5.5918,2450,0.133,-0.1267,-0.0407,0.7353,13.408,0,walk
5.5938,2451,0.1307,-0.1244,-0.0403,0.1007,13.219,0,walk
5.5959,2452,0.132,-0.1256,-0.0406,1.2753,13.396,0,walk
5.598,2453,0.1309,-0.1245,-0.0404,0.2053,13.301,0,walk
5.6,2454,0.1331,-0.1267,-0.0409,1.4115,13.44,0,walk
5.6021,2455,0.1314,-0.125,-0.0406,0.1267,13.251,0,walk
5.6042,2456,0.1324,-0.1258,-0.041,2.3237,13.391,0,walk
5.6062,2457,0.1312,-0.1247,-0.0408,0.2114,13.344,0,walk
5.6083,2458,0.1324,-0.1258,-0.0412,1.5555,13.486,0,walk
5.6104,2459,0.1312,-0.1247,-0.041,0.2024,13.392,0,walk
5.6125,2460,0.1326,-0.1259,-0.0414,1.4261,13.541,0,walk
5.6145,2461,0.1314,-0.1248,-0.0412,0.2041,13.399,0,walk
5.6166,2462,0.1327,-0.126,-0.0416,0.6133,13.531,0,walk
5.6188,2463,0.1315,-0.1248,-0.0414,0.2042,13.482,0,walk
5.6209,2464,0.1321,-0.1254,-0.0417,0.3234,13.568,0,walk
5.623,2465,0.131,-0.1242,-0.0415,0.1989,13.423,0,walk
5.625,2466,0.1329,-0.1262,-0.0418,1.4892,13.671,0,walk
5.6271,2467,0.1312,-0.1244,-0.0415,0.1054,13.523,0,walk
5.6293,2468,0.1329,-0.1261,-0.042,1.9345,13.824,0,walk
5.6313,2469,0.1311,-0.1243,-0.0417,0.0962,13.674,0,walk
5.6334,2470,0.1324,-0.1255,-0.0421,1.4399,13.798,0,walk
5.6354,2471,0.1312,-0.1243,-0.0419,0.2001,13.646,0,walk
5.6375,2472,0.1323,-0.1253,-0.0424,1.5479,13.768,0,walk
5.6396,2473,0.1311,-0.1241,-0.0422,0.2137,13.716,0,walk
5.6421,2474,0.1329,-0.1258,-0.0428,1.4688,13.899,0,walk
5.6441,2475,0.1305,-0.1235,-0.0423,0.0937,13.69,0,walk
5.6461,2476,0.1317,-0.1246,-0.0428,1.1884,13.78,0,walk
5.6482,2477,0.1305,-0.1234,-0.0425,0.2024,13.674,0,walk
5.6503,2478,0.1318,-0.1246,-0.0429,1.3057,13.873,0,walk
5.6523,2479,0.1306,-0.1234,-0.0427,0.1981,13.764,0,walk
5.6544,2480,0.1318,-0.1245,-0.0431,0.671,13.907,0,walk
5.6565,2481,0.1306,-0.1233,-0.0429,0.2015,13.798,0,walk
5.6586,2482,0.1318,-0.1245,-0.0433,1.4607,13.904,0,walk
5.6606,2483,0.1306,-0.1233,-0.0431,0.2006,13.793,0,walk
5.6627,2484,0.1319,-0.1245,-0.0435,0.9979,14.005,0,walk
5.6647,2485,0.1307,-0.1233,-0.0433,0.1995,13.891,0,walk
5.6668,2486,0.132,-0.1245,-0.0438,0.772,14.042,0,walk
5.6688,2487,0.1302,-0.1227,-0.0434,0.1101,13.811,0,walk
5.6709,2488,0.1314,-0.1239,-0.0439,0.6518,13.968,0,walk
5.673,2489,0.1302,-0.1227,-0.0436,0.1958,13.908,0,walk
5.6751,2490,0.1315,-0.1239,-0.0441,1.1811,14.055,0,walk
5.6771,2491,0.1303,-0.1227,-0.0438,0.1952,13.935,0,walk
5.6792,2492,0.1315,-0.1238,-0.0443,0.2068,14.065,0,walk
5.6813,2493,0.1303,-0.1226,-0.044,0.1929,13.88,0,walk
5.6834,2494,0.1313,-0.1236,-0.0444,0.4641,14.011,0,walk
5.6854,2495,0.1301,-0.1224,-0.0441,0.1886,13.948,0,walk
5.6876,2496,0.1319,-0.1241,-0.0447,1.2733,14.139,0,walk
5.6897,2497,0.13,-0.1222,-0.0443,0.1024,13.947,0,walk
5.692,2498,0.1305,-0.1226,-0.0445,0.5639,13.943,0,walk
5.694,2499,0.1292,-0.1214,-0.0442,0.1848,13.813,0,walk
5.6961,2500,0.131,-0.1231,-0.0448,1.1868,13.994,0,walk
5.6983,2501,0.1291,-0.1212,-0.0443,0.1117,13.864,0,walk
5.7003,2502,0.1302,-0.1223,-0.0447,0.9904,13.982,0,walk
5.7025,2503,0.129,-0.1211,-0.0444,0.1952,13.787,0,walk
5.7046,2504,0.13,-0.122,-0.0448,1.2089,13.961,0,walk
5.7066,2505,0.1287,-0.1208,-0.0445,0.1909,13.896,0,walk
5.7087,2506,0.1303,-0.1223,-0.0451,0.1981,14.124,0,walk
5.7108,2507,0.1284,-0.1204,-0.0446,0.1088,13.93,0,walk
5.7128,2508,0.1295,-0.1215,-0.045,1.5163,14.015,0,walk
5.715,2509,0.1276,-0.1196,-0.0445,0.1164,13.755,0,walk
5.7171,2510,0.1288,-0.1208,-0.0448,1.497,13.892,0,walk
5.7191,2511,0.1276,-0.1196,-0.0444,0.1806,13.763,0,walk
5.7212,2512,0.1288,-0.1208,-0.0448,1.3255,13.844,0,walk
5.7232,2513,0.1276,-0.1196,-0.0445,0.1924,13.715,0,walk
5.7253,2514,0.1295,-0.1214,-0.045,0.8791,13.776,0,walk
5.7273,2515,0.1276,-0.1196,-0.0444,0.1304,13.584,0,walk
5.7294,2516,0.1294,-0.1214,-0.0449,0.7883,13.7,0,walk
5.7316,2517,0.1275,-0.1196,-0.0443,0.1348,13.572,0,walk
5.7336,2518,0.1288,-0.1208,-0.0447,1.285,13.62,0,walk
5.7357,2519,0.1276,-0.1197,-0.0443,0.203,13.428,0,walk
5.7377,2520,0.129,-0.121,-0.0446,0.4275,13.49,0,walk
5.7399,2521,0.1278,-0.1199,-0.0442,0.22,13.433,0,walk
5.7421,2522,0.1286,-0.1208,-0.0443,0.7162,13.43,0,walk
5.7443,2523,0.1274,-0.1197,-0.0438,0.2245,13.278,0,walk
5.7463,2524,0.1294,-0.1216,-0.0443,0.8192,13.372,0,walk
5.7484,2525,0.1275,-0.1198,-0.0436,0.1639,13.278,0,walk
5.7504,2526,0.1289,-0.1211,-0.0439,0.836,13.348,0,walk
5.7525,2527,0.1276,-0.1199,-0.0434,0.2047,13.258,0,walk
5.7546,2528,0.1289,-0.1212,-0.0437,1.0839,13.259,0,walk
5.7566,2529,0.1276,-0.12,-0.0433,0.1999,13.172,0,walk
5.7586,2530,0.1288,-0.1212,-0.0435,0.8994,13.281,0,walk
5.7607,2531,0.1275,-0.12,-0.0431,0.1961,13.197,0,walk
5.7627,2532,0.1288,-0.1213,-0.0434,1.3532,13.232,0,walk
5.7648,2533,0.1275,-0.12,-0.043,0.1885,13.111,0,walk
5.7668,2534,0.1281,-0.1206,-0.0432,0.9184,13.106,0,walk
5.7689,2535,0.1266,-0.1191,-0.0428,0.1608,13.066,0,walk
5.771,2536,0.1277,-0.1202,-0.0431,0.7508,13.093,0,walk
5.773,2537,0.1261,-0.1187,-0.0426,0.1576,12.974,0,walk
5.7752,2538,0.1273,-0.1198,-0.0429,1.3935,13.026,0,walk
5.7773,2539,0.1257,-0.1184,-0.0424,0.168,12.986,0,walk
5.7795,2540,0.1269,-0.1195,-0.0428,0.3448,12.997,0,walk
5.7815,2541,0.1255,-0.1181,-0.0423,0.1792,12.916,0,walk
5.7836,2542,0.1268,-0.1195,-0.0426,1.4019,12.903,0,walk
5.7856,2543,0.1256,-0.1183,-0.0421,0.1982,12.823,0,walk
5.7877,2544,0.127,-0.1197,-0.0425,0.2317,12.876,0,walk
5.7898,2545,0.1258,-0.1185,-0.042,0.2104,12.796,0,walk
5.7919,2546,0.1265,-0.1193,-0.0421,0.0517,12.783,0,walk
5.794,2547,0.1253,-0.1182,-0.0416,0.2182,12.663,0,walk
5.796,2548,0.1269,-0.1198,-0.0419,1.3379,12.691,0,walk
5.7981,2549,0.1257,-0.1187,-0.0414,0.2433,12.651,0,walk
5.8001,2550,0.1272,-0.1203,-0.0416,0.6162,12.675,0,walk
5.8022,2551,0.1259,-0.1191,-0.0411,0.223,12.595,0,walk
5.8043,2552,0.1274,-0.1205,-0.0413,0.6627,12.55,0,walk
5.8063,2553,0.1261,-0.1193,-0.0408,0.2168,12.469,0,walk
5.8083,2554,0.1275,-0.1207,-0.0411,0.7912,12.499,0,walk
5.8104,2555,0.1262,-0.1195,-0.0406,0.2141,12.459,0,walk
5.8125,2556,0.1283,-0.1215,-0.0412,1.0104,12.512,0,walk
5.8145,2557,0.1263,-0.1197,-0.0404,0.1964,12.392,0,walk
5.8167,2558,0.1278,-0.1212,-0.0407,1.3878,12.381,0,walk
5.8187,2559,0.1265,-0.12,-0.0401,0.2226,12.301,0,walk
5.821,2560,0.128,-0.1215,-0.0404,0.5322,12.348,0,walk
5.8231,2561,0.126,-0.1196,-0.0396,0.2077,12.229,0,walk
5.8253,2562,0.1282,-0.1217,-0.0402,0.3604,12.263,0,walk
5.8273,2563,0.1261,-0.1198,-0.0394,0.2086,12.105,0,walk
5.8295,2564,0.1276,-0.1213,-0.0397,0.6579,12.127,0,walk
5.8315,2565,0.1263,-0.1201,-0.0391,0.2282,12.049,0,walk
5.8336,2566,0.1276,-0.1214,-0.0394,1.0853,12.158,0,walk
5.8357,2567,0.1263,-0.1202,-0.0388,0.2238,12.08,0,walk
5.8378,2568,0.1277,-0.1216,-0.0391,1.3327,12.144,0,walk
5.8399,2569,0.1257,-0.1197,-0.0383,0.2147,11.989,0,walk
5.842,2570,0.1274,-0.1214,-0.0385,1.2986,12.02,0,walk
5.844,2571,0.126,-0.1202,-0.038,0.236,11.941,0,walk
5.8463,2572,0.1277,-0.1219,-0.0383,1.2701,11.977,0,walk
5.8482,2573,0.1264,-0.1206,-0.0378,0.2427,11.898,0,walk
5.8504,2574,0.1288,-0.1229,-0.0384,0.7193,11.958,0,walk
5.8524,2575,0.1268,-0.1211,-0.0375,0.2345,11.802,0,walk
5.8547,2576,0.1285,-0.1228,-0.0378,0.6354,11.838,0,walk
5.8568,2577,0.1271,-0.1215,-0.0373,0.2472,11.799,0,walk
5.8588,2578,0.1288,-0.1232,-0.0377,1.2529,11.79,0,walk
5.8608,2579,0.1268,-0.1214,-0.0368,0.243,11.673,0,walk
5.8629,2580,0.1286,-0.1232,-0.0371,1.1484,11.671,0,walk
5.865,2581,0.1273,-0.1219,-0.0365,0.2544,11.592,0,walk
5.867,2582,0.1292,-0.1238,-0.0368,1.237,11.65,0,walk
5.8691,2583,0.1278,-0.1225,-0.0363,0.262,11.572,0,walk
5.8712,2584,0.1303,-0.1249,-0.0369,0.486,11.638,0,walk
5.8732,2585,0.1282,-0.123,-0.036,0.2524,11.481,0,walk
5.8753,2586,0.13,-0.1248,-0.0364,1.318,11.508,0,walk
5.8773,2587,0.1287,-0.1236,-0.0358,0.263,11.468,0,walk
5.8794,2588,0.1305,-0.1254,-0.0361,0.8594,11.506,0,walk
5.8814,2589,0.1291,-0.1241,-0.0355,0.2675,11.427,0,walk
5.8835,2590,0.1309,-0.1259,-0.0358,0.7735,11.463,0,walk
5.8855,2591,0.1295,-0.1246,-0.0352,0.265,11.344,0,walk
5.8876,2592,0.1313,-0.1264,-0.0355,0.4135,11.403,0,walk
5.8897,2593,0.1299,-0.1251,-0.0349,0.2672,11.363,0,walk
5.8918,2594,0.1317,-0.1269,-0.0352,1.2685,11.4,0,walk
5.8938,2595,0.1296,-0.125,-0.0343,0.2667,11.28,0,walk
5.8959,2596,0.1321,-0.1274,-0.0349,1.3245,11.32,0,walk
5.898,2597,0.13,-0.1255,-0.034,0.27,11.199,0,walk
5.9,2598,0.1326,-0.128,-0.0346,1.2343,11.316,0,walk
5.9021,2599,0.1305,-0.1261,-0.0337,0.2756,11.235,0,walk
5.9042,2600,0.1324,-0.1279,-0.0341,0.9675,11.276,0,walk
5.9062,2601,0.131,-0.1267,-0.0335,0.2807,11.154,0,walk
5.9084,2602,0.1329,-0.1286,-0.0337,1.0208,11.187,0,walk
5.9105,2603,0.1315,-0.1273,-0.0331,0.2805,11.106,0,walk
5.9125,2604,0.1335,-0.1292,-0.0334,1.0302,11.186,0,walk
5.9146,2605,0.1321,-0.1279,-0.0328,0.2805,11.103,0,walk
5.9167,2606,0.134,-0.1299,-0.0331,1.1369,11.152,0,walk
5.9188,2607,0.1326,-0.1286,-0.0325,0.286,11.028,0,walk
5.9209,2608,0.1339,-0.1299,-0.0324,0.999,11.037,0,walk
5.923,2609,0.1324,-0.1285,-0.0318,0.2852,10.996,0,walk
5.9251,2610,0.1343,-0.1304,-0.0321,0.8855,11.045,0,walk
5.9271,2611,0.1328,-0.129,-0.0315,0.2832,10.963,0,walk
5.9292,2612,0.1355,-0.1317,-0.0319,0.9728,11.025,0,walk
5.9313,2613,0.1333,-0.1297,-0.031,0.2978,10.903,0,walk
5.9333,2614,0.1361,-0.1324,-0.0315,1.1814,11.009,0,walk
5.9353,2615,0.1339,-0.1303,-0.0306,0.3046,10.929,0,walk
5.9375,2616,0.1358,-0.1322,-0.031,0.5047,10.979,0,walk
5.9395,2617,0.1343,-0.1308,-0.0303,0.2934,10.86,0,walk
5.9418,2618,0.1362,-0.1327,-0.0305,0.6925,10.93,0,walk
5.9438,2619,0.1339,-0.1306,-0.0296,0.2928,10.852,0,walk
5.9459,2620,0.1366,-0.1333,-0.0299,1.0457,10.973,0,walk
5.948,2621,0.1343,-0.1311,-0.0291,0.2961,10.855,0,walk
5.95,2622,0.1363,-0.1332,-0.0292,1.1403,10.895,0,walk
5.9522,2623,0.1348,-0.1317,-0.0286,0.2929,10.778,0,walk
5.9543,2624,0.1368,-0.1337,-0.0289,0.5513,10.855,0,walk
5.9563,2625,0.1352,-0.1322,-0.0283,0.2884,10.816,0,walk
5.9586,2626,0.1372,-0.1342,-0.0286,1.1195,10.889,0,walk
5.9606,2627,0.1356,-0.1327,-0.028,0.2882,10.811,0,walk
5.9628,2628,0.1376,-0.1347,-0.0282,1.2099,10.887,0,walk
5.9649,2629,0.1352,-0.1324,-0.0274,0.3019,10.728,0,walk
5.967,2630,0.1372,-0.1344,-0.0277,1.0814,10.803,0,walk
5.9691,2631,0.1356,-0.1329,-0.0272,0.295,10.763,0,walk
5.9712,2632,0.1375,-0.1348,-0.0273,0.9995,10.867,0,walk
5.9733,2633,0.1359,-0.1332,-0.0268,0.2824,10.786,0,walk
5.9754,2634,0.1378,-0.1351,-0.0271,1.1751,10.808,0,walk
5.9774,2635,0.1361,-0.1335,-0.0265,0.288,10.727,0,walk
5.9795,2636,0.1381,-0.1355,-0.0268,1.1709,10.888,0,walk
5.9815,2637,0.1364,-0.1339,-0.0262,0.2911,10.807,0,walk
5.9836,2638,0.1383,-0.1358,-0.0265,0.6543,10.891,0,walk
5.9857,2639,0.1366,-0.1341,-0.026,0.2898,10.767,0,walk
5.9878,2640,0.1378,-0.1353,-0.026,1.1216,10.864,0,walk
5.99,2641,0.136,-0.1336,-0.0254,0.2936,10.782,0,walk
5.992,2642,0.1389,-0.1364,-0.026,1.0752,10.934,0,walk
5.9941,2643,0.1363,-0.1339,-0.0252,0.3244,10.81,0,walk
5.9962,2644,0.1391,-0.1367,-0.0259,0.9938,10.915,0,walk
5.9983,2645,0.1364,-0.1341,-0.025,0.3222,10.79,0,walk
6.0003,2646,0.1394,-0.137,-0.0257,1.1085,10.96,0,walk
6.0024,2647,0.1367,-0.1344,-0.0249,0.333,10.835,0,walk
6.0045,2648,0.1396,-0.1372,-0.0255,0.7677,10.977,0,walk
6.0065,2649,0.1368,-0.1346,-0.0247,0.3285,10.807,0,walk
6.0086,2650,0.1388,-0.1365,-0.0251,0.6906,10.92,0,walk
6.0107,2651,0.1369,-0.1347,-0.0245,0.2878,10.877,0,walk
6.0127,2652,0.139,-0.1367,-0.025,1.1106,10.978,0,walk
6.0148,2653,0.1371,-0.1349,-0.0244,0.2933,10.892,0,walk
6.017,2654,0.1382,-0.136,-0.0245,0.7473,10.909,0,walk
6.0191,2655,0.1363,-0.1342,-0.024,0.288,10.823,0,walk
6.0211,2656,0.1393,-0.1371,-0.0247,1.0609,11.015,0,walk
6.0232,2657,0.1364,-0.1343,-0.0239,0.3379,10.885,0,walk
6.0252,2658,0.1384,-0.1363,-0.0243,0.8666,11.005,0,walk
6.0273,2659,0.1365,-0.1344,-0.0238,0.2849,10.874,0,walk
6.0295,2660,0.1385,-0.1363,-0.0242,0.8645,10.981,0,walk
6.0315,2661,0.1365,-0.1344,-0.0237,0.2826,10.937,0,walk
6.0337,2662,0.1385,-0.1363,-0.0242,0.5153,11.025,0,walk
6.0358,2663,0.1365,-0.1344,-0.0237,0.2827,10.94,0,walk
6.0379,2664,0.1378,-0.1357,-0.024,1.067,10.948,0,walk
6.04,2665,0.1362,-0.1342,-0.0236,0.2952,10.905,0,walk
6.0421,2666,0.1395,-0.1373,-0.0244,0.618,11.029,0,walk
6.0442,2667,0.1372,-0.1351,-0.0238,0.2987,10.901,0,walk
6.0463,2668,0.1398,-0.1377,-0.0243,1.0674,10.898,0,walk
6.0483,2669,0.1385,-0.1364,-0.0238,0.3485,10.806,0,walk
6.0504,2670,0.1412,-0.1391,-0.0242,0.9293,10.939,0,walk
6.0525,2671,0.1399,-0.1379,-0.0237,0.363,10.844,0,walk
6.0546,2672,0.1434,-0.1413,-0.0244,1.047,10.933,0,walk
6.0566,2673,0.1414,-0.1394,-0.0236,0.3652,10.74,0,walk
6.0587,2674,0.144,-0.142,-0.0239,0.7573,10.869,0,walk
6.0608,2675,0.1423,-0.1404,-0.0233,0.3395,10.772,0,walk
6.063,2676,0.1438,-0.1419,-0.0235,1.0187,10.624,0,walk
6.065,2677,0.1419,-0.1401,-0.0228,0.3312,10.477,0,walk
6.0671,2678,0.145,-0.1431,-0.0236,0.4834,10.533,0,walk
6.0692,2679,0.142,-0.1402,-0.0226,0.3773,10.436,0,walk
6.0712,2680,0.1444,-0.1426,-0.0229,0.7336,10.435,0,walk
6.0733,2681,0.1424,-0.1406,-0.0223,0.3378,10.294,0,walk
6.0754,2682,0.1445,-0.1428,-0.0226,1.6097,10.295,0,walk
6.0775,2683,0.1426,-0.1409,-0.022,0.3329,10.249,0,walk
6.0796,2684,0.1447,-0.143,-0.0223,0.8095,10.223,0,walk
6.0817,2685,0.1428,-0.1411,-0.0216,0.3338,10.138,0,walk
6.0837,2686,0.1459,-0.1441,-0.0223,0.1542,10.168,0,walk
6.0858,2687,0.1431,-0.1415,-0.0214,0.3575,10.01,0,walk
6.0879,2688,0.1447,-0.1431,-0.0217,0.9992,9.995,1,walk
6.0899,2689,0.1428,-0.1412,-0.0212,0.3196,9.918,1,walk
6.0921,2690,0.1458,-0.1442,-0.0219,2.5978,9.896,1,walk
6.0942,2691,0.1429,-0.1413,-0.0212,0.3239,9.743,1,walk
6.0963,2692,0.1449,-0.1433,-0.0217,0.9812,9.72,1,walk
6.0984,2693,0.143,-0.1414,-0.0213,0.2787,9.683,1,walk
6.1004,2694,0.1451,-0.1434,-0.0218,1.0611,9.664,1,walk
6.1025,2695,0.1431,-0.1415,-0.0215,0.2797,9.59,1,walk
6.1045,2696,0.1452,-0.1436,-0.022,0.4156,9.532,1,walk
6.1066,2697,0.1433,-0.1417,-0.0217,0.275,9.461,1,walk
6.1086,2698,0.1454,-0.1437,-0.0223,1.0203,9.468,1,walk
6.1107,2699,0.1435,-0.1418,-0.022,0.2756,9.399,1,walk
6.1127,2700,0.1456,-0.1438,-0.0226,1.1419,9.363,1,walk
6.1148,2701,0.1437,-0.1419,-0.0222,0.2642,9.296,1,walk
6.1168,2702,0.1447,-0.1429,-0.0227,0.3208,9.209,1,walk
6.1189,2703,0.1428,-0.141,-0.0224,0.2568,9.177,1,walk
6.1209,2704,0.1448,-0.143,-0.023,0.9314,9.152,1,walk
6.123,2705,0.1429,-0.1411,-0.0227,0.2538,9.091,1,walk
6.125,2706,0.1446,-0.1427,-0.0233,2.6357,9.01,1,walk
6.1271,2707,0.1428,-0.1409,-0.023,0.2335,8.952,1,walk
6.1291,2708,0.1447,-0.1427,-0.0236,1.0509,8.956,1,walk
6.1312,2709,0.1428,-0.1409,-0.0233,0.2434,8.9,1,walk
6.1333,2710,0.1448,-0.1428,-0.024,0.4261,8.886,1,walk
6.1353,2711,0.1429,-0.141,-0.0237,0.2394,8.833,1,walk
6.1375,2712,0.1449,-0.1428,-0.0246,0.9607,8.726,1,walk
6.1395,2713,0.1431,-0.141,-0.0244,0.2541,8.676,1,walk
6.1416,2714,0.1451,-0.1429,-0.0248,1.5144,8.767,1,walk
6.1436,2715,0.1433,-0.1411,-0.0246,0.2277,8.718,1,walk
6.1459,2716,0.1451,-0.1429,-0.0251,0.7213,8.696,1,walk
6.148,2717,0.1424,-0.1402,-0.0248,0.2202,8.604,1,walk
6.1501,2718,0.1452,-0.1429,-0.0255,1.0094,8.655,1,walk
6.1521,2719,0.1425,-0.1403,-0.0252,0.2165,8.611,1,walk
6.1542,2720,0.1452,-0.1429,-0.0258,0.4968,8.681,1,walk
6.1562,2721,0.1426,-0.1403,-0.0255,0.2089,8.618,1,walk
6.1584,2722,0.1444,-0.142,-0.0261,0.7212,8.614,1,walk
6.1604,2723,0.1427,-0.1403,-0.0259,0.2161,8.574,1,walk
6.1625,2724,0.1445,-0.142,-0.0265,0.5756,8.653,1,walk
6.1646,2725,0.1427,-0.1403,-0.0263,0.2138,8.613,1,walk
6.1667,2726,0.1445,-0.142,-0.0269,0.5714,8.662,1,walk
6.1687,2727,0.1428,-0.1402,-0.0267,0.207,8.622,1,walk
6.1709,2728,0.1446,-0.142,-0.0273,1.0966,8.699,1,walk
6.1729,2729,0.142,-0.1394,-0.0271,0.1825,8.66,1,walk
6.1751,2730,0.1455,-0.1428,-0.0278,1.0995,8.776,1,walk
6.1771,2731,0.1421,-0.1394,-0.0275,0.2783,8.698,1,walk
6.1792,2732,0.1438,-0.141,-0.0282,0.731,8.778,1,walk
6.1812,2733,0.1421,-0.1393,-0.028,0.1982,8.719,1,walk
6.1834,2734,0.1438,-0.1409,-0.0285,0.5329,8.79,1,walk
6.1855,2735,0.1421,-0.1393,-0.0284,0.1892,8.77,1,walk
6.1875,2736,0.1437,-0.1408,-0.0289,0.7477,8.807,1,walk
6.1896,2737,0.142,-0.1391,-0.0288,0.1864,8.766,1,walk
6.1918,2738,0.1436,-0.1406,-0.0293,0.5451,8.856,1,walk
6.1938,2739,0.1412,-0.1381,-0.0292,0.1438,8.793,1,walk
6.1959,2740,0.1429,-0.1398,-0.0298,1.212,8.928,1,walk
6.1979,2741,0.1413,-0.1381,-0.0297,0.188,8.886,1,walk
6.2,2742,0.143,-0.1397,-0.0305,1.2729,8.972,1,walk
6.2021,2743,0.1414,-0.1381,-0.0304,0.1925,8.908,1,walk
6.2042,2744,0.144,-0.1406,-0.0312,1.0163,9.042,1,walk
6.2062,2745,0.1415,-0.1381,-0.031,0.1386,8.998,1,walk
6.2084,2746,0.1433,-0.1397,-0.0319,0.7704,9.067,1,walk
6.2105,2747,0.1416,-0.138,-0.0318,0.1918,9.023,1,walk
6.2125,2748,0.1433,-0.1396,-0.0325,0.5492,9.124,1,walk
6.2146,2749,0.1417,-0.1379,-0.0325,0.1827,9.057,1,walk
6.2168,2750,0.1435,-0.1396,-0.0333,1.185,9.148,1,walk
6.2188,2751,0.141,-0.1371,-0.0332,0.1244,9.101,1,walk
6.221,2752,0.1427,-0.1386,-0.0341,0.7522,9.154,1,walk
6.223,2753,0.1411,-0.1369,-0.034,0.1795,9.106,1,walk
6.2251,2754,0.1428,-0.1385,-0.0348,0.8128,9.183,1,walk
6.2271,2755,0.1412,-0.1369,-0.0348,0.1757,9.132,1,walk
6.2292,2756,0.1429,-0.1384,-0.0357,0.8601,9.19,1,walk
6.2313,2757,0.1413,-0.1368,-0.0356,0.1809,9.138,1,walk
6.2334,2758,0.1431,-0.1383,-0.0365,0.8443,9.203,1,walk
6.2354,2759,0.1415,-0.1367,-0.0364,0.175,9.125,1,walk
6.2375,2760,0.1431,-0.1382,-0.0373,0.2764,9.152,1,walk
6.2395,2761,0.1415,-0.1365,-0.0373,0.1731,9.097,1,walk
6.2418,2762,0.144,-0.1388,-0.0382,0.445,9.165,1,walk
6.2439,2763,0.1416,-0.1364,-0.0381,0.089,9.08,1,walk
6.246,2764,0.1432,-0.1378,-0.039,0.4701,9.078,1,walk
6.248,2765,0.1408,-0.1353,-0.0389,0.0856,8.962,1,walk
6.2501,2766,0.1433,-0.1377,-0.0398,1.0619,9.01,1,walk
6.2522,2767,0.141,-0.1352,-0.0397,0.0942,8.951,1,walk
6.2544,2768,0.1426,-0.1367,-0.0407,0.6378,8.942,1,walk
6.2564,2769,0.141,-0.135,-0.0406,0.1698,8.881,1,walk
6.2586,2770,0.1426,-0.1364,-0.0416,0.3549,8.821,1,walk
6.2606,2771,0.141,-0.1348,-0.0415,0.1602,8.76,1,walk
6.2627,2772,0.1434,-0.137,-0.0424,0.5385,8.755,1,walk
6.2647,2773,0.141,-0.1345,-0.0423,0.0816,8.693,1,walk
6.2668,2774,0.1427,-0.136,-0.0431,1.228,8.688,1,walk
6.2688,2775,0.1403,-0.1335,-0.043,0.0956,8.565,1,walk
6.2709,2776,0.1427,-0.1358,-0.0439,1.2109,8.526,1,walk
6.273,2777,0.1403,-0.1334,-0.0437,0.0964,8.464,1,walk
6.2752,2778,0.1427,-0.1355,-0.0446,0.3325,8.425,1,walk
6.2771,2779,0.1403,-0.1331,-0.0444,0.0967,8.332,1,walk
6.2793,2780,0.1419,-0.1345,-0.0453,0.9078,8.274,1,walk
6.2813,2781,0.1403,-0.1328,-0.0451,0.1615,8.181,1,walk
6.2835,2782,0.1418,-0.1342,-0.046,0.4586,8.123,1,walk
6.2855,2783,0.1403,-0.1326,-0.0458,0.1591,8.092,1,walk
6.2876,2784,0.1418,-0.1339,-0.0466,0.692,8.057,1,walk
6.2896,2785,0.1403,-0.1323,-0.0465,0.1627,7.997,1,walk
6.2917,2786,0.1426,-0.1345,-0.0473,0.6699,7.973,1,walk
6.2938,2787,0.1402,-0.1321,-0.047,0.0928,7.86,1,walk
6.2959,2788,0.1417,-0.1334,-0.0479,0.6679,7.91,1,walk
6.2979,2789,0.1394,-0.131,-0.0476,0.091,7.831,1,walk
6.3001,2790,0.1417,-0.1332,-0.0485,1.1373,7.82,1,walk
6.3021,2791,0.1394,-0.1308,-0.0481,0.098,7.72,1,walk
6.3042,2792,0.141,-0.1322,-0.049,1.2494,7.688,1,walk
6.3063,2793,0.1394,-0.1306,-0.0488,0.1734,7.665,1,walk
6.3083,2794,0.1418,-0.1328,-0.0497,1.2623,7.66,1,walk
6.3103,2795,0.1395,-0.1305,-0.0494,0.1009,7.593,1,walk
6.3126,2796,0.1412,-0.1319,-0.0502,0.9422,7.578,1,walk
6.3146,2797,0.1396,-0.1304,-0.05,0.158,7.515,1,walk
6.3167,2798,0.1419,-0.1324,-0.0509,1.5333,7.531,1,walk
6.3187,2799,0.1395,-0.13,-0.0506,0.0788,7.491,1,walk
6.3209,2800,0.141,-0.1313,-0.0515,0.9343,7.488,1,walk
6.3229,2801,0.1387,-0.1289,-0.0512,0.0754,7.431,1,walk
6.325,2802,0.1402,-0.1302,-0.0521,0.9802,7.392,1,walk
6.3271,2803,0.1387,-0.1286,-0.0519,0.164,7.355,1,walk
6.3292,2804,0.1409,-0.1307,-0.0528,0.7906,7.395,1,walk
6.3313,2805,0.1387,-0.1284,-0.0525,0.0724,7.338,1,walk
6.3335,2806,0.1402,-0.1297,-0.0533,0.8628,7.314,1,walk
6.3355,2807,0.1387,-0.1282,-0.053,0.1689,7.252,1,walk
6.3376,2808,0.1403,-0.1296,-0.0537,1.0507,7.273,1,walk
6.3396,2809,0.1387,-0.128,-0.0533,0.1793,7.258,1,walk
6.3418,2810,0.1409,-0.1301,-0.0541,0.6814,7.278,1,walk
6.3438,2811,0.1385,-0.1278,-0.0534,0.1592,7.247,1,walk
6.346,2812,0.139,-0.1282,-0.0537,0.7237,7.241,1,walk
6.3481,2813,0.1374,-0.1267,-0.0532,0.1882,7.235,1,walk
6.3503,2814,0.1388,-0.1279,-0.0538,1.1337,7.27,1,walk
6.3522,2815,0.1371,-0.1264,-0.0533,0.1671,7.263,1,walk
6.3543,2816,0.1386,-0.1277,-0.054,1.131,7.285,1,walk
6.3564,2817,0.1372,-0.1263,-0.0536,0.1913,7.279,1,walk
6.3585,2818,0.1387,-0.1276,-0.0544,0.1658,7.298,1,walk
6.3605,2819,0.1373,-0.1263,-0.054,0.1877,7.293,1,walk
6.3626,2820,0.1391,-0.1278,-0.0548,1.2967,7.309,1,walk
6.3646,2821,0.1378,-0.1266,-0.0544,0.2332,7.298,1,walk
6.3668,2822,0.1395,-0.1282,-0.0549,0.7015,7.312,1,walk
6.3688,2823,0.1381,-0.1269,-0.0544,0.2334,7.306,1,walk
6.371,2824,0.139,-0.1278,-0.0547,0.293,7.309,1,walk
6.373,2825,0.1375,-0.1264,-0.0541,0.2139,7.287,1,walk
6.3751,2826,0.1391,-0.1279,-0.0548,1.0358,7.296,1,walk
6.3772,2827,0.1376,-0.1264,-0.0542,0.208,7.287,1,walk
6.3792,2828,0.1392,-0.1279,-0.0549,1.24,7.273,1,walk
6.3813,2829,0.1377,-0.1264,-0.0544,0.2034,7.245,1,walk
6.3834,2830,0.1391,-0.1278,-0.055,0.9606,7.249,1,walk
6.3855,2831,0.1377,-0.1264,-0.0545,0.2106,7.237,1,walk
6.3876,2832,0.14,-0.1286,-0.0554,1.3098,7.247,1,walk
6.3896,2833,0.1378,-0.1265,-0.0547,0.1639,7.207,1,walk
6.3918,2834,0.1394,-0.1279,-0.0553,0.3813,7.15,1,walk
6.3938,2835,0.1372,-0.1259,-0.0546,0.1639,7.104,1,walk
6.396,2836,0.1396,-0.1281,-0.0554,1.1458,7.147,1,walk
6.398,2837,0.1373,-0.126,-0.0547,0.1679,7.097,1,walk
6.4002,2838,0.1396,-0.128,-0.0556,0.7283,7.125,1,walk
6.4021,2839,0.1373,-0.1259,-0.0548,0.1704,7.057,1,walk
6.4044,2840,0.1395,-0.1279,-0.0556,0.6081,7.12,1,walk
6.4063,2841,0.1372,-0.1258,-0.0548,0.169,7.085,1,walk
6.4083,2842,0.1387,-0.1272,-0.0553,1.0048,7.104,1,walk
6.4104,2843,0.1372,-0.1258,-0.0548,0.2061,7.069,1,walk
6.4127,2844,0.1387,-0.1272,-0.0554,1.2929,7.077,1,walk
6.4147,2845,0.1372,-0.1258,-0.0548,0.2128,7.04,1,walk
6.4168,2846,0.1387,-0.1271,-0.0554,0.1295,7.029,1,walk
6.4189,2847,0.1364,-0.125,-0.0546,0.181,6.991,1,walk
6.4209,2848,0.1387,-0.1272,-0.0554,0.9588,7.008,1,walk
6.423,2849,0.1365,-0.1251,-0.0545,0.1872,6.949,1,walk
6.425,2850,0.138,-0.1265,-0.0551,0.5453,6.929,1,walk
6.4271,2851,0.1365,-0.1252,-0.0545,0.2221,6.889,1,walk
6.4291,2852,0.1378,-0.1264,-0.0549,2.1428,7.007,1,walk
6.4312,2853,0.1363,-0.1251,-0.0543,0.213,6.966,1,walk
6.4333,2854,0.1379,-0.1265,-0.0549,1.2748,6.971,1,walk
6.4353,2855,0.1364,-0.1252,-0.0542,0.2266,6.91,1,walk
6.4376,2856,0.138,-0.1267,-0.0548,1.2609,6.898,1,walk
6.4396,2857,0.1366,-0.1253,-0.0542,0.2366,6.877,1,walk
6.4417,2858,0.139,-0.1274,-0.0556,1.052,6.502,1,walk
6.4438,2859,0.1376,-0.1261,-0.055,0.2987,6.459,1,walk
6.4458,2860,0.1392,-0.1276,-0.0556,2.7235,6.437,1,walk
6.4479,2861,0.137,-0.1257,-0.0547,0.2118,6.35,1,walk
6.45,2862,0.1387,-0.1272,-0.0553,0.6897,6.358,1,walk
6.4521,2863,0.1372,-0.1259,-0.0546,0.2446,6.313,1,walk
6.4542,2864,0.1389,-0.1275,-0.0552,1.2884,6.321,1,walk
6.4563,2865,0.1375,-0.1262,-0.0546,0.2501,6.254,1,walk
6.4584,2866,0.1392,-0.1278,-0.0552,1.1545,6.255,1,walk
6.4605,2867,0.1378,-0.1265,-0.0546,0.2574,6.21,1,walk
6.4625,2868,0.1395,-0.1281,-0.0552,0.6275,6.239,1,walk
6.4646,2869,0.138,-0.1268,-0.0545,0.2594,6.194,1,walk
6.4668,2870,0.1397,-0.1284,-0.0551,0.511,6.201,1,walk
6.4688,2871,0.1376,-0.1265,-0.0541,0.2303,6.109,1,walk
6.4709,2872,0.1394,-0.1282,-0.0548,1.2307,6.166,1,walk
6.4729,2873,0.138,-0.1269,-0.0541,0.2675,6.119,1,walk
6.475,2874,0.1398,-0.1286,-0.0548,0.589,6.141,1,walk
6.477,2875,0.1383,-0.1273,-0.0541,0.2692,6.093,1,walk
6.4791,2876,0.1408,-0.1296,-0.0551,0.9185,6.116,1,walk
6.4812,2877,0.1387,-0.1277,-0.0541,0.2431,6.042,1,walk
6.4835,2878,0.1405,-0.1294,-0.0547,0.6941,6.097,1,walk
6.4855,2879,0.139,-0.1281,-0.054,0.2634,6.046,1,walk
6.4876,2880,0.1416,-0.1304,-0.0551,1.2158,6.096,1,walk
6.4896,2881,0.1394,-0.1285,-0.0541,0.2509,5.993,1,walk
6.4918,2882,0.1413,-0.1302,-0.0549,1.1419,6.019,1,walk
6.4938,2883,0.1399,-0.129,-0.0542,0.2818,5.992,1,walk
6.4959,2884,0.141,-0.13,-0.0545,0.6221,6.0,1,walk
6.498,2885,0.1395,-0.1287,-0.0538,0.2752,5.945,1,walk
6.5001,2886,0.1414,-0.1305,-0.0546,1.1946,5.921,1,walk
6.5021,2887,0.14,-0.1292,-0.0539,0.2836,5.866,1,walk
6.5043,2888,0.1426,-0.1315,-0.0551,0.6297,5.922,1,walk
6.5063,2889,0.1404,-0.1296,-0.054,0.2572,5.866,1,walk
6.5085,2890,0.1424,-0.1314,-0.0548,1.2013,5.897,1,walk
6.5104,2891,0.1409,-0.1301,-0.0541,0.2819,5.84,1,walk
6.5126,2892,0.1435,-0.1325,-0.0553,0.793,5.903,1,walk
6.5146,2893,0.1413,-0.1305,-0.0542,0.2608,5.787,1,walk
6.5168,2894,0.1432,-0.1322,-0.0551,0.5352,5.837,1,walk
6.5188,2895,0.1417,-0.1309,-0.0544,0.2861,5.779,1,walk
6.5209,2896,0.1437,-0.1326,-0.0552,1.2079,5.854,1,walk
6.5229,2897,0.1414,-0.1306,-0.0541,0.2639,5.739,1,walk
6.5251,2898,0.1432,-0.1322,-0.055,0.4584,5.775,1,walk
6.5271,2899,0.1417,-0.1309,-0.0543,0.2836,5.718,1,walk
6.5293,2900,0.1436,-0.1325,-0.0551,1.0363,5.828,1,walk
6.5313,2901,0.142,-0.1312,-0.0544,0.2831,5.772,1,walk
6.5334,2902,0.1438,-0.1328,-0.0553,0.7293,5.839,1,walk
6.5354,2903,0.1423,-0.1314,-0.0546,0.2843,5.756,1,walk
6.5377,2904,0.1441,-0.133,-0.0555,0.8558,5.822,1,walk
6.5397,2905,0.1425,-0.1316,-0.0547,0.2866,5.795,1,walk
6.5418,2906,0.1444,-0.1332,-0.0556,1.0792,5.88,1,walk
6.5439,2907,0.142,-0.1311,-0.0545,0.261,5.799,1,walk
6.5459,2908,0.1438,-0.1327,-0.0555,1.219,5.821,1,walk
6.548,2909,0.1422,-0.1313,-0.0547,0.2869,5.767,1,walk
6.55,2910,0.1448,-0.1335,-0.056,0.7787,5.89,1,walk
6.5521,2911,0.1424,-0.1314,-0.0549,0.2609,5.809,1,walk
6.5542,2912,0.1441,-0.1329,-0.0558,0.6418,5.843,1,walk
6.5562,2913,0.1425,-0.1315,-0.055,0.2802,5.762,1,walk
6.5583,2914,0.1451,-0.1337,-0.0563,1.205,5.859,1,walk
6.5603,2915,0.1426,-0.1315,-0.0552,0.2631,5.778,1,walk
6.5625,2916,0.1443,-0.133,-0.056,0.6538,5.9,1,walk
6.5646,2917,0.1426,-0.1315,-0.0552,0.2721,5.846,1,walk
6.5667,2918,0.1443,-0.133,-0.0559,0.7906,5.962,1,walk
6.5688,2919,0.1426,-0.1315,-0.0551,0.269,5.882,1,walk
6.5708,2920,0.1433,-0.1321,-0.0555,0.6898,5.977,1,walk
6.5729,2921,0.1416,-0.1306,-0.0547,0.2647,5.951,1,walk
6.575,2922,0.144,-0.1327,-0.0559,1.2465,6.075,1,walk
6.577,2923,0.1415,-0.1304,-0.0547,0.2619,5.995,1,walk
6.5792,2924,0.1431,-0.1318,-0.0557,1.198,6.03,1,walk
6.5812,2925,0.1414,-0.1303,-0.0549,0.2729,5.976,1,walk
6.5833,2926,0.1439,-0.1325,-0.0562,1.2078,6.009,1,walk
6.5853,2927,0.1413,-0.1301,-0.055,0.2673,5.954,1,walk
6.5875,2928,0.143,-0.1316,-0.056,1.1905,5.973,1,walk
6.5895,2929,0.1413,-0.13,-0.0552,0.2695,5.917,1,walk
6.5917,2930,0.1439,-0.1323,-0.0566,1.0096,5.913,1,walk
6.5937,2931,0.1412,-0.1299,-0.0554,0.2689,5.829,1,walk
6.5958,2932,0.143,-0.1313,-0.0565,1.1435,5.835,1,walk
6.5979,2933,0.1403,-0.1289,-0.0553,0.2731,5.751,1,walk
6.6002,2934,0.142,-0.1303,-0.0563,0.6413,5.714,1,walk
6.6022,2935,0.1402,-0.1287,-0.0555,0.2623,5.631,1,walk
6.6043,2936,0.1419,-0.1301,-0.0567,1.1617,5.599,1,walk
6.6063,2937,0.1401,-0.1285,-0.0559,0.2671,5.572,1,walk
6.6084,2938,0.1418,-0.1299,-0.057,0.8098,5.537,1,walk
6.6104,2939,0.14,-0.1282,-0.0562,0.2624,5.484,1,walk
6.6125,2940,0.1417,-0.1296,-0.0574,0.9608,5.443,1,walk
6.6146,2941,0.1398,-0.1279,-0.0566,0.2595,5.392,1,walk
6.6167,2942,0.1425,-0.1301,-0.0581,1.187,5.381,1,walk
6.6188,2943,0.1397,-0.1276,-0.0569,0.2732,5.332,1,walk
6.6209,2944,0.1414,-0.1289,-0.0583,1.0076,5.289,1,walk
6.6229,2945,0.1386,-0.1263,-0.057,0.2773,5.196,1,walk
6.625,2946,0.1402,-0.1275,-0.0583,0.7773,5.142,1,walk
6.6271,2947,0.1382,-0.1257,-0.0575,0.2472,5.12,1,walk
6.6292,2948,0.1399,-0.127,-0.0588,1.1531,5.091,1,walk
6.6312,2949,0.138,-0.1252,-0.0579,0.2469,5.051,1,walk
6.6334,2950,0.1397,-0.1265,-0.0594,1.081,4.985,1,walk
6.6354,2951,0.1378,-0.1247,-0.0585,0.2547,4.932,1,walk
6.6376,2952,0.1397,-0.1262,-0.06,1.108,4.897,1,walk
6.6396,2953,0.138,-0.1246,-0.0593,0.2808,4.881,1,walk
6.6419,2954,0.141,-0.1271,-0.0612,1.0474,4.846,1,walk
6.6439,2955,0.1382,-0.1246,-0.0598,0.3068,4.755,1,walk
6.646,2956,0.1414,-0.1271,-0.0618,1.059,4.706,1,walk
6.648,2957,0.1394,-0.1254,-0.0608,0.2994,4.663,1,walk
6.6501,2958,0.1421,-0.1275,-0.0626,1.0748,4.581,1,walk
6.6521,2959,0.1408,-0.1264,-0.062,0.3539,4.513,1,walk
6.6542,2960,0.144,-0.1289,-0.0641,1.0125,4.416,1,walk
6.6563,2961,0.1415,-0.1268,-0.0627,0.3225,4.371,1,walk
6.6583,2962,0.1437,-0.1286,-0.0642,0.8861,4.26,1,walk
6.6604,2963,0.1418,-0.127,-0.0632,0.3204,4.219,1,walk
6.6626,2964,0.144,-0.1287,-0.0647,0.9821,4.119,1,walk
6.6646,2965,0.1421,-0.127,-0.0637,0.324,4.083,1,walk
6.6669,2966,0.1443,-0.1286,-0.0654,0.9119,4.007,1,walk
6.669,2967,0.1413,-0.1261,-0.0638,0.35,3.961,1,walk
6.671,2968,0.1436,-0.1278,-0.0656,1.1424,3.903,1,walk
6.6731,2969,0.1418,-0.1262,-0.0646,0.3246,3.881,1,walk
6.6751,2970,0.1441,-0.1279,-0.0665,0.8911,3.8,1,walk
6.6772,2971,0.1423,-0.1263,-0.0655,0.3259,3.783,1,walk
6.6792,2972,0.1447,-0.1281,-0.0674,1.0212,3.734,1,walk
6.6813,2973,0.1429,-0.1265,-0.0665,0.3267,3.72,1,walk
6.6833,2974,0.1456,-0.1285,-0.0685,0.9529,3.665,1,walk
6.6854,2975,0.1439,-0.127,-0.0677,0.3355,3.661,1,walk
6.6876,2976,0.1474,-0.1297,-0.0701,0.8689,3.62,1,walk
6.6896,2977,0.145,-0.1275,-0.069,0.2885,3.615,1,walk
6.6918,2978,0.1489,-0.1305,-0.0718,0.9056,3.415,1,walk
6.6938,2979,0.1463,-0.1281,-0.0706,0.2955,3.413,1,walk
6.696,2980,0.1498,-0.1306,-0.0733,2.7265,3.409,1,walk
6.6981,2981,0.146,-0.1272,-0.0717,0.3372,3.409,1,walk
6.7001,2982,0.1486,-0.1288,-0.0741,0.9075,3.399,1,walk
6.7022,2983,0.1467,-0.1271,-0.0733,0.2738,3.402,1,walk
6.7042,2984,0.1493,-0.1287,-0.0756,0.8521,3.409,1,walk
6.7063,2985,0.1474,-0.1269,-0.0749,0.2642,3.414,1,walk
6.7083,2986,0.1499,-0.1284,-0.0773,0.6947,3.428,1,walk
6.7104,2987,0.1481,-0.1267,-0.0766,0.2651,3.435,1,walk
6.7125,2988,0.1508,-0.1283,-0.0791,1.0287,3.543,1,walk
6.7145,2989,0.1489,-0.1266,-0.0784,0.2666,3.551,1,walk
6.7166,2990,0.1519,-0.1287,-0.0808,0.7894,3.6,1,walk
6.7186,2991,0.1501,-0.1269,-0.0801,0.259,3.609,1,walk
6.721,2992,0.1527,-0.1285,-0.0826,1.5691,3.676,1,walk
6.723,2993,0.15,-0.1258,-0.0816,0.1863,3.696,1,walk
6.7251,2994,0.1526,-0.1273,-0.0841,0.5137,3.751,1,walk
6.7271,2995,0.1507,-0.1255,-0.0835,0.2451,3.756,1,walk
6.7292,2996,0.1533,-0.1269,-0.086,0.7522,3.84,1,walk
6.7312,2997,0.1515,-0.1251,-0.0854,0.2396,3.851,1,walk
6.7334,2998,0.1541,-0.1265,-0.088,0.7938,3.931,1,walk
6.7354,2999,0.1523,-0.1247,-0.0873,0.2347,3.948,1,walk
6.7376,3000,0.1548,-0.1261,-0.0899,0.59,4.061,1,walk
6.7397,3001,0.153,-0.1243,-0.0893,0.2298,4.067,1,walk
6.7419,3002,0.1547,-0.1247,-0.0915,0.4021,4.176,1,walk
6.7439,3003,0.1529,-0.1229,-0.0909,0.2234,4.188,1,walk
6.746,3004,0.1563,-0.1251,-0.0938,0.8598,4.31,1,walk
6.748,3005,0.1537,-0.1224,-0.0929,0.1115,4.327,1,walk
6.7501,3006,0.1563,-0.1237,-0.0955,0.9444,4.424,1,walk
6.7521,3007,0.1545,-0.1219,-0.0949,0.2194,4.435,1,walk
6.7542,3008,0.1579,-0.124,-0.0978,0.3087,4.569,1,walk
6.7563,3009,0.1553,-0.1214,-0.0969,0.0896,4.591,1,walk
6.7583,3010,0.1587,-0.1234,-0.0998,0.9566,4.733,1,walk
6.7603,3011,0.1562,-0.1208,-0.099,0.0793,4.744,1,walk
6.7625,3012,0.1587,-0.1219,-0.1016,0.3215,4.894,1,walk
6.7646,3013,0.157,-0.1202,-0.101,0.2096,4.905,1,walk
6.7667,3014,0.1595,-0.1213,-0.1036,1.0283,5.048,1,walk
6.7687,3015,0.1579,-0.1196,-0.1031,0.21,5.064,1,walk
6.7708,3016,0.1604,-0.1207,-0.1056,0.3661,5.21,1,walk
6.7728,3017,0.1579,-0.1181,-0.1048,0.0505,5.221,1,walk
6.775,3018,0.1604,-0.1192,-0.1074,0.4246,5.354,1,walk
6.777,3019,0.1588,-0.1174,-0.1068,0.2085,5.369,1,walk
6.7791,3020,0.1613,-0.1185,-0.1094,0.7835,5.512,1,walk
6.7812,3021,0.1597,-0.1168,-0.1088,0.2035,5.517,1,walk
6.7833,3022,0.1621,-0.1178,-0.1113,0.4325,5.682,1,walk
6.7854,3023,0.1605,-0.1161,-0.1108,0.2006,5.691,1,walk
6.7875,3024,0.1628,-0.117,-0.1131,0.4404,5.857,1,walk
6.7895,3025,0.1612,-0.1153,-0.1126,0.2019,5.869,1,walk
6.7918,3026,0.1642,-0.117,-0.1152,0.4657,6.022,1,walk
6.7938,3027,0.1619,-0.1144,-0.1144,0.0345,6.029,1,walk
6.7959,3028,0.1633,-0.1144,-0.1165,0.5028,6.191,1,walk
6.7979,3029,0.1618,-0.1127,-0.116,0.2004,6.196,1,walk
6.8,3030,0.1648,-0.1145,-0.1186,1.1193,6.304,1,walk
6.802,3031,0.1626,-0.1119,-0.1179,0.0498,6.308,1,walk
6.8041,3032,0.1656,-0.1137,-0.1204,1.1478,6.42,1,walk
6.8062,3033,0.1633,-0.1112,-0.1197,0.0563,6.423,1,walk
6.8083,3034,0.1663,-0.1129,-0.1222,0.3039,6.512,1,walk
6.8103,3035,0.1641,-0.1104,-0.1214,0.0657,6.512,1,walk
6.8127,3036,0.1663,-0.1112,-0.1236,0.5838,6.577,1,walk
6.8147,3037,0.1648,-0.1096,-0.1231,0.2074,6.574,1,walk
6.8168,3038,0.1671,-0.1106,-0.1253,1.2971,6.643,1,walk
6.8188,3039,0.1649,-0.1081,-0.1246,0.076,6.635,1,walk
6.8209,3040,0.1671,-0.1089,-0.1268,0.4657,6.682,1,walk
6.8229,3041,0.1657,-0.1073,-0.1263,0.2105,6.671,1,walk
6.825,3042,0.1679,-0.1082,-0.1284,0.523,6.72,1,walk
6.8271,3043,0.1664,-0.1065,-0.1279,0.2122,6.715,1,walk
6.8291,3044,0.1686,-0.1074,-0.13,1.1147,6.733,1,walk
6.8312,3045,0.1672,-0.1057,-0.1295,0.2183,6.719,1,walk
6.8334,3046,0.1693,-0.1065,-0.1316,0.4853,6.733,1,walk
6.8354,3047,0.1679,-0.1049,-0.1311,0.2177,6.716,1,walk
6.8375,3048,0.17,-0.1058,-0.1331,0.9844,6.757,1,walk
6.8395,3049,0.1687,-0.1041,-0.1327,0.219,6.736,1,walk
6.8418,3050,0.1714,-0.1058,-0.1349,0.4759,6.764,1,walk
6.8438,3051,0.1694,-0.1033,-0.1342,0.1326,6.729,1,walk
6.8459,3052,0.1707,-0.1033,-0.1359,0.4557,6.7,1,walk
6.8479,3053,0.1694,-0.1017,-0.1355,0.2275,6.687,1,walk
6.8502,3054,0.172,-0.1033,-0.1376,0.5084,6.719,1,walk
6.8522,3055,0.17,-0.1008,-0.1369,0.1415,6.677,1,walk
6.8544,3056,0.172,-0.1016,-0.1388,0.7262,6.664,1,walk
6.8564,3057,0.1706,-0.1,-0.1383,0.228,6.619,1,walk
6.8585,3058,0.1726,-0.1008,-0.1402,0.9712,6.599,1,walk
6.8605,3059,0.1713,-0.0992,-0.1397,0.2315,6.582,1,walk
6.8626,3060,0.1732,-0.0999,-0.1415,0.3581,6.584,1,walk
6.8646,3061,0.1719,-0.0983,-0.141,0.2328,6.55,1,walk
6.8668,3062,0.1738,-0.0991,-0.1428,1.2061,6.528,1,walk
6.8688,3063,0.1718,-0.0967,-0.142,0.1519,6.475,1,walk
6.871,3064,0.1744,-0.0983,-0.1441,1.1745,6.48,1,walk
6.8731,3065,0.1724,-0.0959,-0.1433,0.152,6.425,1,walk
6.8751,3066,0.1743,-0.0967,-0.1451,0.6316,6.403,1,walk
6.8772,3067,0.173,-0.0951,-0.1445,0.2315,6.348,1,walk
6.8793,3068,0.1749,-0.0959,-0.1463,0.3695,6.344,1,walk
6.8813,3069,0.1736,-0.0943,-0.1457,0.2395,6.325,1,walk
6.8834,3070,0.1754,-0.0951,-0.1474,0.9532,6.308,1,walk
6.8854,3071,0.1741,-0.0936,-0.1469,0.2385,6.271,1,walk
6.8876,3072,0.1767,-0.0952,-0.1488,1.3208,6.266,1,walk
6.8896,3073,0.1747,-0.0929,-0.1479,0.1498,6.194,1,walk
6.8918,3074,0.1772,-0.0946,-0.1499,1.1765,6.212,1,walk
6.8938,3075,0.1746,-0.0916,-0.1487,0.1967,6.159,1,walk
6.8959,3076,0.1771,-0.0931,-0.1506,0.6408,6.173,1,walk
6.8979,3077,0.1751,-0.0909,-0.1497,0.1521,6.122,1,walk
6.9,3078,0.1769,-0.0916,-0.1513,0.5263,6.13,1,walk
6.9021,3079,0.1755,-0.0902,-0.1506,0.244,6.097,1,walk
6.9041,3080,0.178,-0.0918,-0.1525,1.3593,6.113,1,walk
6.9063,3081,0.176,-0.0895,-0.1516,0.16,6.08,1,walk
6.9083,3082,0.1779,-0.0904,-0.1532,1.2207,6.064,1,walk
6.9104,3083,0.1766,-0.089,-0.1525,0.2469,6.031,1,walk
6.9125,3084,0.1791,-0.0906,-0.1544,0.9545,6.014,1,walk
6.9145,3085,0.1772,-0.0885,-0.1535,0.1589,5.967,1,walk
6.9167,3086,0.1789,-0.0894,-0.155,0.0307,5.997,1,walk
6.9188,3087,0.1776,-0.0879,-0.1543,0.2496,5.966,1,walk
6.9208,3088,0.1788,-0.0881,-0.1556,0.8829,5.929,1,walk
6.9229,3089,0.1775,-0.0866,-0.1549,0.251,5.899,1,walk
6.925,3090,0.1793,-0.0875,-0.1564,0.6316,5.915,1,walk
6.927,3091,0.178,-0.0861,-0.1558,0.2557,5.885,1,walk
6.9291,3092,0.1798,-0.0871,-0.1573,1.0621,5.902,1,walk
6.9312,3093,0.1785,-0.0857,-0.1566,0.2547,5.871,1,walk
6.9333,3094,0.1801,-0.0866,-0.158,0.273,5.864,1,walk
6.9354,3095,0.1788,-0.0852,-0.1572,0.2329,5.83,1,walk
6.9376,3096,0.1802,-0.0861,-0.1584,0.7735,5.87,1,walk
6.9396,3097,0.1788,-0.0847,-0.1575,0.2158,5.843,1,walk
6.9417,3098,0.1802,-0.0856,-0.1586,0.9901,5.871,1,walk
6.9437,3099,0.1787,-0.0842,-0.1577,0.2132,5.847,1,walk
6.9458,3100,0.1801,-0.0851,-0.1588,0.3457,5.878,1,walk
6.9479,3101,0.1779,-0.083,-0.1574,0.1125,5.869,1,walk
6.95,3102,0.1794,-0.0839,-0.1585,0.9035,5.925,1,walk
6.952,3103,0.1783,-0.083,-0.1578,0.2845,5.918,1,walk
6.9542,3104,0.1807,-0.0848,-0.1595,1.1085,5.972,1,walk
6.9562,3105,0.1795,-0.0836,-0.1588,0.2722,5.974,1,walk
6.9583,3106,0.182,-0.0854,-0.1607,1.1381,6.041,1,walk
6.9603,3107,0.1808,-0.0838,-0.1602,0.2876,6.044,1,walk
6.9625,3108,0.1825,-0.0846,-0.1617,2.468,6.065,1,walk
6.9645,3109,0.1817,-0.0834,-0.1614,0.3607,6.067,1,walk
6.9666,3110,0.1836,-0.0844,-0.1631,1.3329,6.104,1,walk
6.9687,3111,0.1827,-0.0831,-0.1627,0.3352,6.106,1,walk
6.9708,3112,0.1841,-0.0836,-0.1641,1.3107,6.155,1,walk
6.9729,3113,0.1832,-0.0823,-0.1636,0.3205,6.153,1,walk
6.975,3114,0.1855,-0.084,-0.1654,0.9571,6.212,1,walk
6.977,3115,0.184,-0.082,-0.1647,0.2544,6.208,1,walk
6.9792,3116,0.186,-0.0833,-0.1663,1.308,6.261,1,walk
6.9812,3117,0.185,-0.082,-0.1658,0.3062,6.253,1,walk
6.9834,3118,0.1864,-0.0828,-0.167,2.5577,6.37,1,walk
6.9854,3119,0.1854,-0.0816,-0.1665,0.3382,6.359,1,walk
6.9875,3120,0.1871,-0.0826,-0.1679,1.3191,6.439,1,walk
6.9896,3121,0.1861,-0.0814,-0.1673,0.3249,6.425,1,walk
6.9918,3122,0.1876,-0.0823,-0.1686,0.6126,6.503,1,walk
6.9938,3123,0.1861,-0.0805,-0.1678,0.2559,6.468,1,walk
6.9959,3124,0.1878,-0.0815,-0.1692,1.3216,6.527,1,walk
6.9979,3125,0.1868,-0.0804,-0.1686,0.3239,6.516,1,walk
7.0,3126,0.1884,-0.0815,-0.1699,0.6635,6.591,1,walk
7.002,3127,0.1874,-0.0803,-0.1693,0.3239,6.566,1,walk
7.0041,3128,0.1889,-0.0813,-0.1705,0.6306,6.709,1,walk
7.0062,3129,0.1879,-0.0801,-0.1699,0.3344,6.666,1,walk
7.0083,3130,0.1895,-0.0811,-0.1712,1.271,6.803,1,walk
7.0104,3131,0.1884,-0.08,-0.1706,0.3336,6.787,1,walk
7.0125,3132,0.1901,-0.0813,-0.1718,1.1585,6.805,1,walk
7.0146,3133,0.189,-0.0802,-0.1712,0.3132,6.769,1,walk
7.0167,3134,0.1912,-0.082,-0.1727,0.873,6.811,1,walk
7.0187,3135,0.1896,-0.0804,-0.1717,0.2188,6.732,1,walk
7.0208,3136,0.1907,-0.0811,-0.1726,0.5433,6.753,1,walk
7.0229,3137,0.1896,-0.0801,-0.1718,0.3139,6.709,1,walk
7.025,3138,0.1911,-0.0813,-0.173,0.5665,6.752,1,walk
7.0271,3139,0.19,-0.0803,-0.1722,0.3143,6.681,1,walk
7.0292,3140,0.1916,-0.0815,-0.1734,0.9777,6.709,1,walk
7.0313,3141,0.1904,-0.0805,-0.1726,0.3107,6.684,1,walk
7.0333,3142,0.1919,-0.0817,-0.1737,1.0421,6.718,1,walk
7.0354,3143,0.1908,-0.0807,-0.1729,0.3049,6.667,1,walk
7.0375,3144,0.1923,-0.082,-0.1739,0.8288,6.673,1,walk
7.0396,3145,0.1911,-0.0809,-0.1731,0.3039,6.592,1,walk
7.0417,3146,0.1926,-0.0823,-0.1741,1.3657,6.622,1,walk
7.0437,3147,0.1913,-0.0813,-0.1732,0.2926,6.594,1,walk
7.0459,3148,0.1921,-0.082,-0.1737,0.8919,6.591,1,walk
7.0479,3149,0.1908,-0.081,-0.1727,0.2818,6.533,1,walk
7.05,3150,0.192,-0.0822,-0.1736,1.3027,6.482,1,walk
7.0521,3151,0.1906,-0.0812,-0.1725,0.2642,6.423,1,walk
7.0542,3152,0.1927,-0.083,-0.1738,1.3573,6.484,1,walk
7.0562,3153,0.1905,-0.0815,-0.1722,0.1064,6.395,1,walk
7.0585,3154,0.1917,-0.0828,-0.1729,0.5482,6.381,1,walk
7.0605,3155,0.1902,-0.0817,-0.1718,0.2526,6.289,1,walk
7.0626,3156,0.1915,-0.0832,-0.1725,1.3248,6.301,1,walk
7.0647,3157,0.19,-0.0821,-0.1713,0.2304,6.271,1,walk
7.0668,3158,0.191,-0.0834,-0.1719,1.1228,6.271,1,walk
7.0688,3159,0.1887,-0.0819,-0.1701,0.0784,6.18,1,walk
7.0709,3160,0.1899,-0.0831,-0.1708,1.0069,6.096,1,walk
7.0729,3161,0.1883,-0.082,-0.1695,0.2378,6.038,1,walk
7.0751,3162,0.1896,-0.0833,-0.1702,1.2775,6.047,1,walk
7.0771,3163,0.188,-0.0823,-0.169,0.2254,5.99,1,walk
7.0792,3164,0.1892,-0.0836,-0.1697,0.8333,5.955,1,walk
7.0812,3165,0.1876,-0.0826,-0.1684,0.2213,5.871,1,walk
7.0834,3166,0.1889,-0.084,-0.1691,1.2916,5.87,1,walk
7.0854,3167,0.1873,-0.083,-0.1679,0.2149,5.842,1,walk
7.0875,3168,0.1885,-0.0843,-0.1686,0.6078,5.776,1,walk
7.0896,3169,0.1869,-0.0832,-0.1674,0.2218,5.723,1,walk
7.0917,3170,0.188,-0.0845,-0.168,0.6842,5.676,1,walk
7.0937,3171,0.1865,-0.0834,-0.1667,0.2207,5.626,1,walk
7.0959,3172,0.1869,-0.0843,-0.1668,1.3237,5.6,1,walk
7.0979,3173,0.1853,-0.0833,-0.1655,0.2086,5.553,1,walk
7.1,3174,0.1865,-0.0846,-0.1662,0.7274,5.523,1,walk
7.1021,3175,0.1849,-0.0835,-0.1649,0.2104,5.456,1,walk
7.1042,3176,0.186,-0.0848,-0.1656,0.4821,5.399,1,walk
7.1062,3177,0.1844,-0.0838,-0.1643,0.2099,5.378,1,walk
7.1083,3178,0.1857,-0.0852,-0.165,1.3115,5.354,1,walk
7.1104,3179,0.184,-0.0841,-0.1637,0.2021,5.314,1,walk
7.1125,3180,0.1852,-0.0855,-0.1643,0.2119,5.276,1,walk
7.1145,3181,0.1836,-0.0844,-0.163,0.1985,5.22,1,walk
7.1167,3182,0.1849,-0.0859,-0.1637,1.2189,5.168,1,walk
7.1187,3183,0.1833,-0.0849,-0.1624,0.196,5.15,1,walk
7.1209,3184,0.1853,-0.0868,-0.1637,0.6315,5.128,1,walk
7.1229,3185,0.182,-0.0846,-0.1611,0.1575,5.062,1,walk
7.125,3186,0.1831,-0.086,-0.1616,0.6433,5.027,1,walk
7.1271,3187,0.1814,-0.085,-0.1603,0.1829,4.997,1,walk
7.1292,3188,0.1826,-0.0863,-0.1609,1.2508,4.982,1,walk
7.1312,3189,0.1809,-0.0853,-0.1595,0.1822,4.954,1,walk
7.1334,3190,0.1821,-0.0867,-0.1602,1.2416,4.914,1,walk
7.1354,3191,0.1804,-0.0856,-0.1588,0.1796,4.875,1,walk
7.1375,3192,0.1817,-0.0871,-0.1594,1.2522,4.855,1,walk
7.1396,3193,0.1799,-0.086,-0.1581,0.1763,4.843,1,walk
7.1417,3194,0.1812,-0.0875,-0.1587,0.7156,4.827,1,walk
7.1438,3195,0.1794,-0.0863,-0.1573,0.1702,4.803,1,walk
7.1458,3196,0.1806,-0.0877,-0.1579,0.8397,4.788,1,walk
7.1479,3197,0.178,-0.0861,-0.1558,0.0724,4.744,1,walk
7.15,3198,0.1794,-0.0876,-0.1566,1.2143,4.689,1,walk
7.1521,3199,0.1777,-0.0865,-0.1552,0.1682,4.669,1,walk
7.1542,3200,0.1789,-0.088,-0.1558,0.8238,4.653,1,walk
7.1562,3201,0.1772,-0.0869,-0.1544,0.1607,4.635,1,walk
7.1583,3202,0.1785,-0.0883,-0.1551,1.2164,4.599,1,walk
7.1604,3203,0.1767,-0.0872,-0.1537,0.1647,4.584,1,walk
7.1625,3204,0.1779,-0.0886,-0.1542,0.6378,4.606,1,walk
7.1646,3205,0.1761,-0.0875,-0.1528,0.1531,4.592,1,walk
7.1668,3206,0.1774,-0.0889,-0.1535,1.2212,4.59,1,walk
7.1688,3207,0.1747,-0.0872,-0.1514,0.0944,4.569,1,walk
7.1709,3208,0.176,-0.0886,-0.152,1.2226,4.574,1,walk
7.1729,3209,0.1742,-0.0875,-0.1506,0.1495,4.57,1,walk
7.175,3210,0.1754,-0.0889,-0.1512,0.3135,4.579,1,walk
7.1771,3211,0.1736,-0.0877,-0.1498,0.146,4.573,1,walk
7.1792,3212,0.1748,-0.089,-0.1505,0.6406,4.643,1,walk
7.1812,3213,0.173,-0.0878,-0.1491,0.1481,4.642,1,walk
7.1833,3214,0.1744,-0.0893,-0.1498,1.1952,4.698,1,walk
7.1853,3215,0.1727,-0.0882,-0.1486,0.1744,4.698,1,walk
7.1877,3216,0.1744,-0.0898,-0.1495,0.9599,4.712,1,walk
7.1898,3217,0.1729,-0.0888,-0.1484,0.2092,4.704,1,walk
7.1918,3218,0.1747,-0.0906,-0.1494,1.1655,4.659,1,walk
7.1939,3219,0.1725,-0.0891,-0.1477,0.1052,4.64,1,walk
7.1964,3220,0.1742,-0.0909,-0.1486,0.9062,4.634,1,walk
7.1984,3221,0.1727,-0.0899,-0.1474,0.1989,4.617,1,walk
7.2009,3222,0.1735,-0.0911,-0.1476,1.1879,4.647,1,walk
7.2029,3223,0.1717,-0.09,-0.1462,0.1678,4.631,1,walk
7.2051,3224,0.1732,-0.0917,-0.1469,0.7839,4.647,1,walk
7.2071,3225,0.1713,-0.0906,-0.1454,0.1575,4.634,1,walk
7.2092,3226,0.1737,-0.0928,-0.1468,0.4927,4.657,1,walk
7.2112,3227,0.1709,-0.091,-0.1447,0.1481,4.641,1,walk
7.2135,3228,0.1723,-0.0926,-0.1453,1.0107,4.662,1,walk
7.2169,3229,0.1728,-0.0936,-0.1453,0.384,4.675,1,walk
7.2183,3230,0.1709,-0.0924,-0.1438,0.1549,4.672,1,walk
7.221,3231,0.1723,-0.094,-0.1445,0.8641,4.701,1,walk
7.2231,3232,0.1695,-0.0921,-0.1422,0.1616,4.697,1,walk
7.2251,3233,0.171,-0.0938,-0.1429,1.1443,4.734,1,walk
7.2272,3234,0.1692,-0.0926,-0.1416,0.1616,4.734,1,walk
7.2293,3235,0.1708,-0.0943,-0.1425,1.1371,4.765,1,walk
7.2313,3236,0.1691,-0.0931,-0.1412,0.1693,4.766,1,walk
7.2334,3237,0.1707,-0.0948,-0.142,0.7765,4.813,1,walk
7.2355,3238,0.1691,-0.0936,-0.1408,0.1647,4.814,1,walk
7.2378,3239,0.1708,-0.0952,-0.1417,1.163,4.85,1,walk
7.2398,3240,0.1681,-0.0933,-0.1399,0.0974,4.85,1,walk
7.2423,3241,0.1707,-0.0955,-0.1414,1.1503,4.888,1,walk
7.2443,3242,0.168,-0.0935,-0.1396,0.1029,4.89,1,walk
7.2466,3243,0.1696,-0.095,-0.1405,0.459,4.937,1,walk
7.2486,3244,0.1679,-0.0937,-0.1393,0.1316,4.941,1,walk
7.2508,3245,0.1695,-0.0953,-0.1402,1.1184,4.983,1,walk
7.2528,3246,0.1678,-0.0939,-0.139,0.131,4.988,1,walk
7.2549,3247,0.1686,-0.0948,-0.1394,0.5078,5.038,1,walk
7.2569,3248,0.1668,-0.0934,-0.1382,0.1326,5.045,1,walk
7.259,3249,0.1694,-0.0956,-0.1398,0.7243,5.078,1,walk
7.261,3250,0.1668,-0.0936,-0.1381,0.0779,5.087,1,walk
7.2633,3251,0.1685,-0.0952,-0.139,1.0677,5.155,1,walk
7.2653,3252,0.1668,-0.0939,-0.1379,0.1294,5.164,1,walk
7.2674,3253,0.1685,-0.0954,-0.1389,0.8114,5.206,1,walk
7.2694,3254,0.1668,-0.0941,-0.1378,0.1367,5.215,1,walk
7.2715,3255,0.1686,-0.0958,-0.1388,0.923,5.294,1,walk
7.2735,3256,0.1669,-0.0944,-0.1377,0.1301,5.303,1,walk
7.2756,3257,0.1686,-0.096,-0.1387,0.6431,5.347,1,walk
7.2776,3258,0.167,-0.0946,-0.1376,0.1391,5.359,1,walk
7.2801,3259,0.1688,-0.0963,-0.1387,1.1039,5.436,1,walk
7.2834,3260,0.169,-0.0966,-0.1387,0.3736,5.533,1,walk
7.2854,3261,0.1673,-0.0952,-0.1376,0.1377,5.539,1,walk
7.2875,3262,0.1692,-0.0969,-0.1387,1.1206,5.613,1,walk
7.2896,3263,0.1675,-0.0955,-0.1376,0.1376,5.62,1,walk
7.2917,3264,0.1703,-0.098,-0.1393,1.1187,5.709,1,walk
7.2937,3265,0.1678,-0.0959,-0.1377,0.0636,5.713,1,walk
7.2959,3266,0.1697,-0.0976,-0.1388,0.6502,5.804,1,walk
7.2979,3267,0.1673,-0.0956,-0.1373,0.0567,5.806,1,walk
7.3002,3268,0.1692,-0.0973,-0.1384,0.5577,5.894,1,walk
7.3022,3269,0.1676,-0.0959,-0.1374,0.1387,5.893,1,walk
7.3043,3270,0.1695,-0.0976,-0.1386,0.9913,5.983,1,walk
7.3063,3271,0.1679,-0.0962,-0.1376,0.14,5.981,1,walk
7.3085,3272,0.1706,-0.0985,-0.1393,1.0461,6.055,1,walk
7.3105,3273,0.1682,-0.0965,-0.1378,0.044,6.048,1,walk
7.3127,3274,0.1702,-0.0983,-0.139,1.0078,6.169,1,walk
7.3148,3275,0.1686,-0.0969,-0.138,0.1397,6.166,1,walk
7.3169,3276,0.1706,-0.0986,-0.1392,0.9618,6.259,1,walk
7.3189,3277,0.1682,-0.0965,-0.1378,0.0423,6.247,1,walk
7.3211,3278,0.1703,-0.0983,-0.139,1.1271,6.321,1,walk
7.3231,3279,0.1687,-0.0969,-0.1381,0.1427,6.31,1,walk
7.3252,3280,0.1708,-0.0987,-0.1393,1.0573,6.428,1,walk
7.3272,3281,0.1692,-0.0973,-0.1384,0.1402,6.416,1,walk
7.3294,3282,0.1712,-0.099,-0.1397,0.6709,6.517,1,walk
7.3314,3283,0.1696,-0.0976,-0.1387,0.1446,6.495,1,walk
7.3336,3284,0.1719,-0.0996,-0.1401,1.026,6.598,1,walk
7.3356,3285,0.1703,-0.0982,-0.1391,0.141,6.589,1,walk
7.3378,3286,0.1725,-0.1001,-0.1405,0.6536,6.694,1,walk
7.3398,3287,0.1701,-0.0979,-0.1391,0.0406,6.665,1,walk
7.3419,3288,0.1723,-0.0998,-0.1405,0.6493,6.72,1,walk
7.344,3289,0.1707,-0.0983,-0.1396,0.1504,6.698,1,walk
7.3462,3290,0.173,-0.1003,-0.1409,0.5942,6.837,1,stand
7.3483,3291,0.1714,-0.0989,-0.14,0.0579,6.812,1,stand
7.3505,3292,0.1736,-0.1008,-0.1413,0.3119,6.894,1,stand
7.3526,3293,0.172,-0.0994,-0.1404,0.0601,6.852,1,stand
7.3548,3294,0.1744,-0.1014,-0.1419,0.0509,6.91,1,stand
7.3568,3295,0.1729,-0.1,-0.141,0.0692,6.877,1,stand
7.359,3296,0.1743,-0.1012,-0.1419,1.5117,6.964,1,stand
7.361,3297,0.1727,-0.0997,-0.141,0.0558,6.929,1,stand
7.3632,3298,0.1751,-0.1018,-0.1424,0.2613,7.003,1,stand
7.3651,3299,0.1735,-0.1004,-0.1415,0.0668,6.966,1,stand
7.3672,3300,0.176,-0.1026,-0.143,0.2371,7.015,1,stand
7.3693,3301,0.1745,-0.1012,-0.1421,0.0908,6.976,1,stand
7.3714,3302,0.1776,-0.104,-0.144,1.0031,7.084,1,stand
7.3734,3303,0.1753,-0.1019,-0.1426,0.0368,7.022,1,stand
7.3755,3304,0.1777,-0.104,-0.1441,0.1867,7.054,1,stand
7.3776,3305,0.1761,-0.1025,-0.1432,0.067,7.01,1,stand
7.3797,3306,0.1786,-0.1047,-0.1446,0.2097,7.08,1,stand
7.3817,3307,0.177,-0.1033,-0.1437,0.0798,7.034,1,stand
7.3838,3308,0.1795,-0.1055,-0.1452,0.6205,7.082,1,stand
7.3858,3309,0.1771,-0.1034,-0.1438,0.0565,6.985,1,stand
7.3879,3310,0.1796,-0.1056,-0.1453,0.3722,7.008,1,stand
7.39,3311,0.178,-0.1042,-0.1444,0.0842,6.982,1,stand
7.3921,3312,0.1806,-0.1064,-0.1459,0.3434,7.001,1,stand
7.3942,3313,0.179,-0.105,-0.145,0.0982,6.949,1,stand
7.3963,3314,0.1816,-0.1074,-0.1465,0.4622,6.962,1,stand
7.3983,3315,0.18,-0.1059,-0.1455,0.1051,6.908,1,stand
7.4006,3316,0.1832,-0.1088,-0.1474,0.9968,6.925,1,stand
7.4026,3317,0.1808,-0.1067,-0.146,0.0464,6.871,1,stand
7.4047,3318,0.1835,-0.1092,-0.1475,0.3197,6.774,1,stand
7.4068,3319,0.1819,-0.1078,-0.1466,0.1457,6.692,1,stand
7.4089,3320,0.1837,-0.1094,-0.1475,1.5505,6.63,1,stand
7.4109,3321,0.182,-0.1079,-0.1466,0.103,6.602,1,stand
7.413,3322,0.1853,-0.111,-0.1484,0.5093,6.586,1,stand
7.415,3323,0.1829,-0.1089,-0.147,0.0852,6.503,1,stand
7.4173,3324,0.1854,-0.1112,-0.1483,0.0663,6.406,1,stand
7.4193,3325,0.1837,-0.1098,-0.1474,0.1028,6.35,1,stand
7.4214,3326,0.1863,-0.1121,-0.1487,0.1214,6.29,1,stand
7.4234,3327,0.1846,-0.1107,-0.1477,0.11,6.234,1,stand
7.4255,3328,0.187,-0.1129,-0.149,0.6444,6.152,1,stand
7.4276,3329,0.1853,-0.1115,-0.148,0.0888,6.098,1,stand
7.4296,3330,0.1877,-0.1138,-0.1492,0.4252,5.973,1,stand
7.4317,3331,0.186,-0.1124,-0.1482,0.0928,5.92,1,stand
7.4337,3332,0.1884,-0.1147,-0.1495,0.0708,5.802,1,stand
7.4358,3333,0.1867,-0.1133,-0.1484,0.1094,5.75,1,stand
7.4379,3334,0.1882,-0.1148,-0.1491,0.5557,5.625,1,stand
7.4399,3335,0.1864,-0.1133,-0.148,0.094,5.577,1,stand
7.442,3336,0.1888,-0.1156,-0.1492,0.4694,5.409,1,stand
7.4441,3337,0.187,-0.1142,-0.1481,0.0961,5.364,1,stand
7.4461,3338,0.1892,-0.1164,-0.1492,0.2033,5.27,1,stand
7.4482,3339,0.1875,-0.115,-0.1481,0.0886,5.226,1,stand
7.4504,3340,0.1906,-0.118,-0.1497,0.3748,5.085,1,stand
7.4525,3341,0.188,-0.1158,-0.1481,0.085,5.005,1,stand
7.4546,3342,0.1901,-0.1179,-0.1491,0.6023,4.86,1,stand
7.4567,3343,0.1884,-0.1165,-0.1481,0.0882,4.842,1,stand
7.4587,3344,0.1905,-0.1187,-0.1491,0.3889,4.654,1,stand
7.4608,3345,0.1888,-0.1172,-0.148,0.0891,4.62,1,stand
7.4629,3346,0.1908,-0.1193,-0.1489,0.5307,4.441,1,stand
7.465,3347,0.1881,-0.1171,-0.1472,0.0795,4.396,1,stand
7.467,3348,0.191,-0.1199,-0.1488,0.2617,4.278,1,stand
7.4691,3349,0.1884,-0.1177,-0.1471,0.0844,4.238,1,stand
7.4712,3350,0.1912,-0.1204,-0.1485,0.6459,4.109,1,stand
7.4732,3351,0.1885,-0.1183,-0.1468,0.0824,4.061,1,stand
7.4753,3352,0.1905,-0.1203,-0.1477,0.1797,3.926,1,stand
7.4773,3353,0.1887,-0.1189,-0.1465,0.1046,3.915,1,stand
7.4794,3354,0.1905,-0.1209,-0.1473,0.4768,3.787,1,stand
7.4815,3355,0.1888,-0.1195,-0.1462,0.1121,3.769,1,stand
7.4835,3356,0.1908,-0.1217,-0.1469,0.5119,3.639,1,stand
7.4856,3357,0.1891,-0.1204,-0.1458,0.1089,3.64,1,stand
7.4876,3358,0.1909,-0.1225,-0.1464,0.3878,3.549,1,stand
7.4897,3359,0.1892,-0.1212,-0.1453,0.1279,3.558,1,stand
7.4917,3360,0.191,-0.1233,-0.1458,0.3181,3.506,1,stand
7.4938,3361,0.1892,-0.122,-0.1446,0.1333,3.531,1,stand
7.4963,3362,0.191,-0.1241,-0.1452,0.3407,3.479,1,stand
7.4983,3363,0.1887,-0.1224,-0.1436,0.1412,3.507,1,stand
7.5004,3364,0.1906,-0.1245,-0.1444,0.1398,3.514,1,stand
7.5025,3365,0.1891,-0.1233,-0.1433,0.1449,3.544,1,stand
7.5048,3366,0.191,-0.1254,-0.144,0.2606,3.505,1,stand
7.5068,3367,0.1893,-0.1241,-0.1429,0.1374,3.523,1,stand
7.5089,3368,0.1901,-0.1253,-0.1429,0.5665,3.561,1,stand
7.511,3369,0.1883,-0.1239,-0.1417,0.1521,3.576,1,stand
7.513,3370,0.1899,-0.1257,-0.1423,0.4553,3.566,1,stand
7.5151,3371,0.188,-0.1242,-0.1411,0.1535,3.58,1,stand
7.5171,3372,0.1895,-0.126,-0.1416,0.1289,3.603,1,stand
7.5192,3373,0.1877,-0.1245,-0.1404,0.1566,3.614,1,stand
7.5213,3374,0.1902,-0.127,-0.1415,0.1255,3.638,1,stand
7.5233,3375,0.1873,-0.1248,-0.1398,0.1028,3.646,1,stand
7.5254,3376,0.189,-0.1265,-0.1404,0.403,3.668,1,stand
7.5274,3377,0.1872,-0.1251,-0.1393,0.1721,3.678,1,stand
7.5295,3378,0.189,-0.127,-0.14,0.4817,3.699,1,stand
7.5315,3379,0.1873,-0.1257,-0.1389,0.1725,3.699,1,stand
7.5336,3380,0.189,-0.1275,-0.1395,0.4796,3.727,1,stand
7.5356,3381,0.1874,-0.1263,-0.1385,0.1938,3.726,1,stand
7.5377,3382,0.1892,-0.1282,-0.1392,0.1486,3.761,1,stand
7.5397,3383,0.1876,-0.127,-0.1381,0.1975,3.759,1,stand
7.5418,3384,0.1902,-0.1295,-0.1393,0.3583,3.784,1,stand
7.544,3385,0.1868,-0.127,-0.137,0.1774,3.779,1,stand
7.5461,3386,0.1885,-0.1288,-0.1376,0.1891,3.812,1,stand
7.5481,3387,0.1868,-0.1275,-0.1364,0.2053,3.809,1,stand
7.5502,3388,0.1884,-0.1293,-0.137,0.2275,3.849,1,stand
7.5523,3389,0.1867,-0.1281,-0.1358,0.2117,3.847,1,stand
7.5543,3390,0.1884,-0.1299,-0.1364,0.2964,3.879,1,stand
7.5564,3391,0.1867,-0.1287,-0.1353,0.2084,3.876,1,stand
7.5585,3392,0.1884,-0.1305,-0.1359,0.2227,3.913,1,stand
7.5605,3393,0.1868,-0.1294,-0.1347,0.2176,3.91,1,stand
7.5626,3394,0.1885,-0.1311,-0.1354,0.2082,3.957,1,stand
7.5646,3395,0.1868,-0.13,-0.1342,0.2291,3.954,1,stand
7.5667,3396,0.1885,-0.1319,-0.1348,0.5279,3.978,1,stand
7.5688,3397,0.1869,-0.1307,-0.1336,0.2197,3.975,1,stand
7.5708,3398,0.1878,-0.1319,-0.1337,0.5556,3.995,1,stand
7.5729,3399,0.1862,-0.1308,-0.1325,0.2362,3.993,1,stand
7.575,3400,0.1879,-0.1326,-0.1331,0.1837,4.018,1,stand
7.577,3401,0.1863,-0.1315,-0.132,0.2402,4.015,1,stand
7.5791,3402,0.1881,-0.1334,-0.1326,0.4948,4.021,1,stand
7.5812,3403,0.1865,-0.1323,-0.1314,0.242,4.016,1,stand
7.5833,3404,0.1882,-0.1341,-0.132,0.2711,4.042,1,stand
7.5853,3405,0.1867,-0.1331,-0.1309,0.2541,4.04,1,stand
7.5875,3406,0.1884,-0.1349,-0.1315,0.2727,4.027,1,stand
7.5895,3407,0.1869,-0.1338,-0.1304,0.2539,4.023,1,stand
7.5916,3408,0.1894,-0.1362,-0.1316,0.3218,4.031,1,stand
7.5937,3409,0.1871,-0.1347,-0.1299,0.2303,4.023,1,stand
7.5959,3410,0.1889,-0.1366,-0.1305,0.3269,3.985,1,stand
7.598,3411,0.1866,-0.135,-0.1288,0.2367,3.98,1,stand
7.6,3412,0.1884,-0.1368,-0.1295,0.5298,3.97,1,stand
7.6021,3413,0.1869,-0.1358,-0.1284,0.2767,3.965,1,stand
7.6043,3414,0.1886,-0.1376,-0.129,0.6582,3.912,1,stand
7.6063,3415,0.1871,-0.1366,-0.1279,0.2885,3.907,1,stand
7.6084,3416,0.189,-0.1385,-0.1286,0.2014,3.872,1,stand
7.6104,3417,0.1875,-0.1375,-0.1275,0.2781,3.866,1,stand
7.6125,3418,0.1893,-0.1393,-0.1282,0.621,3.827,1,stand
7.6145,3419,0.1878,-0.1383,-0.1271,0.2903,3.82,1,stand
7.617,3420,0.1889,-0.1397,-0.1273,0.2164,3.754,1,stand
7.619,3421,0.1875,-0.1387,-0.1262,0.2933,3.75,1,stand
7.6211,3422,0.1894,-0.1406,-0.1269,0.4885,3.683,1,stand
7.6232,3423,0.188,-0.1396,-0.1258,0.2918,3.674,1,stand
7.6252,3424,0.1897,-0.1414,-0.1265,0.3134,3.61,1,stand
7.6273,3425,0.1883,-0.1405,-0.1254,0.3105,3.601,1,stand
7.6294,3426,0.1908,-0.1427,-0.1267,0.2522,3.537,1,stand
7.6314,3427,0.1888,-0.1413,-0.1251,0.2853,3.528,1,stand
7.6335,3428,0.1905,-0.1431,-0.1258,0.5368,3.477,1,stand
7.6355,3429,0.1892,-0.1422,-0.1247,0.3127,3.467,1,stand
7.6376,3430,0.1909,-0.1439,-0.1255,0.5739,3.379,1,stand
7.6396,3431,0.1896,-0.143,-0.1244,0.3284,3.368,1,stand
7.6417,3432,0.1913,-0.1447,-0.1251,0.5348,3.302,1,stand
7.6438,3433,0.19,-0.1438,-0.1241,0.3268,3.291,1,stand
7.646,3434,0.1919,-0.1457,-0.1249,0.2653,3.114,1,stand
7.648,3435,0.1899,-0.1443,-0.1234,0.3071,3.091,1,stand
7.6502,3436,0.1917,-0.1461,-0.124,0.7094,2.97,1,stand
7.6523,3437,0.1904,-0.1453,-0.123,0.3229,2.964,1,stand
7.6543,3438,0.1922,-0.147,-0.1239,0.5383,2.869,1,stand
7.6563,3439,0.1909,-0.1461,-0.1229,0.3356,2.858,1,stand
7.6584,3440,0.1927,-0.1478,-0.1236,0.6036,2.739,1,stand
7.6604,3441,0.1914,-0.147,-0.1226,0.3302,2.728,1,stand
7.6627,3442,0.1932,-0.1487,-0.1234,0.374,2.646,1,stand
7.6648,3443,0.1919,-0.1478,-0.1224,0.3386,2.635,1,stand
7.6668,3444,0.1938,-0.1495,-0.1233,0.2924,2.529,1,stand
7.6689,3445,0.1919,-0.1482,-0.1218,0.3293,2.508,1,stand
7.6709,3446,0.1937,-0.1499,-0.1226,0.4256,2.4,1,stand
7.673,3447,0.1924,-0.1491,-0.1216,0.3454,2.394,1,stand
7.675,3448,0.1941,-0.1507,-0.1223,0.6118,2.276,1,stand
7.6771,3449,0.1929,-0.1499,-0.1213,0.3519,2.267,1,stand
7.6792,3450,0.1946,-0.1515,-0.1221,0.5164,2.129,1,stand
7.6812,3451,0.1933,-0.1506,-0.1211,0.3671,2.121,1,stand
7.6835,3452,0.195,-0.1523,-0.1218,0.552,1.943,1,stand
7.6856,3453,0.1937,-0.1514,-0.1208,0.3641,1.939,1,stand
7.6876,3454,0.1955,-0.1531,-0.1216,0.2796,1.842,1,stand
7.6897,3455,0.1943,-0.1522,-0.1206,0.355,1.835,1,stand
7.6917,3456,0.196,-0.1539,-0.1214,0.5646,1.738,1,stand
7.6938,3457,0.1947,-0.153,-0.1204,0.363,1.732,1,stand
7.696,3458,0.1965,-0.1547,-0.1212,0.2752,1.632,1,stand
7.698,3459,0.1946,-0.1534,-0.1197,0.3531,1.624,1,stand
7.7001,3460,0.1964,-0.1551,-0.1206,0.2976,1.557,1,stand
7.7021,3461,0.1952,-0.1542,-0.1196,0.3595,1.551,1,stand
7.7042,3462,0.197,-0.1559,-0.1203,0.5957,1.443,1,stand
7.7063,3463,0.1957,-0.1551,-0.1193,0.3578,1.441,1,stand
7.7083,3464,0.1975,-0.1568,-0.1201,0.2544,1.338,1,stand
7.7104,3465,0.1962,-0.1559,-0.1191,0.3571,1.335,1,stand
7.7125,3466,0.198,-0.1575,-0.1199,0.332,1.245,1,stand
7.7146,3467,0.1967,-0.1567,-0.1189,0.3709,1.24,1,stand
7.7168,3468,0.1978,-0.1579,-0.1191,0.5778,1.145,1,stand
7.7189,3469,0.1964,-0.157,-0.1181,0.3675,1.143,1,stand
7.721,3470,0.1982,-0.1586,-0.1188,0.2757,1.077,1,stand
7.723,3471,0.1969,-0.1577,-0.1178,0.3761,1.075,1,stand
7.7251,3472,0.1993,-0.1598,-0.119,0.4748,0.996,1,stand
7.7271,3473,0.1973,-0.1585,-0.1174,0.362,0.994,1,stand
7.7292,3474,0.1996,-0.1605,-0.1187,0.3661,0.924,1,stand
7.7313,3475,0.1976,-0.1592,-0.1171,0.3645,0.923,1,stand
7.7334,3476,0.2001,-0.1613,-0.1184,0.3482,0.877,0,stand
7.7354,3477,0.1981,-0.1599,-0.1168,0.3678,0.876,1,stand
7.7375,3478,0.1998,-0.1616,-0.1175,0.7769,0.809,1,stand
7.7395,3479,0.1984,-0.1606,-0.1164,0.3723,0.808,1,stand
7.7416,3480,0.2002,-0.1622,-0.1172,0.3252,0.743,0,stand
7.7437,3481,0.1988,-0.1613,-0.1162,0.3741,0.743,1,stand
7.7459,3482,0.1999,-0.1625,-0.1164,0.4786,0.686,1,stand
7.7479,3483,0.1986,-0.1616,-0.1154,0.3677,0.686,1,stand
7.75,3484,0.2004,-0.1632,-0.1162,0.259,0.668,0,stand
7.7521,3485,0.199,-0.1623,-0.1152,0.368,0.669,1,stand
7.7542,3486,0.2007,-0.1638,-0.116,0.309,0.646,0,stand
7.7563,3487,0.1994,-0.1629,-0.115,0.3799,0.648,1,stand
7.7584,3488,0.2011,-0.1645,-0.1157,0.6144,0.613,0,stand
7.7604,3489,0.1998,-0.1636,-0.1147,0.3675,0.615,1,stand
7.7625,3490,0.2023,-0.1657,-0.116,0.3137,0.622,0,stand
7.7645,3491,0.2002,-0.1643,-0.1145,0.3693,0.624,0,stand
7.7667,3492,0.202,-0.1658,-0.1153,0.5679,0.623,0,stand
7.7687,3493,0.2006,-0.1649,-0.1143,0.3761,0.626,0,stand
7.7708,3494,0.2017,-0.1659,-0.1147,0.3146,0.638,0,stand
7.7729,3495,0.2004,-0.1649,-0.1137,0.3755,0.641,0,stand
7.775,3496,0.2022,-0.1666,-0.1145,0.7226,0.658,0,stand
7.777,3497,0.2008,-0.1656,-0.1135,0.3607,0.664,0,stand
7.7791,3498,0.2025,-0.1671,-0.1143,0.3649,0.68,0,stand
7.7812,3499,0.201,-0.1661,-0.1132,0.3748,0.698,0,stand
7.7834,3500,0.2024,-0.1673,-0.1139,0.3945,0.731,0,stand
7.7854,3501,0.2007,-0.1659,-0.1129,0.3584,0.735,0,stand
7.7875,3502,0.202,-0.1671,-0.1136,0.4323,0.78,0,stand
7.7895,3503,0.2002,-0.1656,-0.1125,0.3409,0.781,0,stand
7.7917,3504,0.2016,-0.1668,-0.1133,0.307,0.813,0,stand
7.7938,3505,0.2001,-0.1655,-0.1124,0.3443,0.807,0,stand
7.7961,3506,0.2018,-0.1668,-0.1136,0.3299,0.846,0,stand
7.7981,3507,0.1998,-0.1652,-0.1123,0.3338,0.834,1,stand
7.8003,3508,0.2017,-0.1667,-0.1135,0.4988,0.867,0,stand
7.8023,3509,0.2004,-0.1658,-0.1127,0.354,0.858,0,stand
7.8045,3510,0.2023,-0.1673,-0.1137,0.7257,0.895,0,stand
7.8065,3511,0.2009,-0.1662,-0.1128,0.3569,0.886,0,stand
7.8086,3512,0.2026,-0.1676,-0.1138,0.2414,0.913,0,stand
7.8107,3513,0.2012,-0.1665,-0.1129,0.3571,0.895,0,stand
7.8128,3514,0.2029,-0.1679,-0.1139,0.2751,0.945,0,stand
7.8148,3515,0.2014,-0.1667,-0.1129,0.3552,0.939,0,stand
7.8169,3516,0.203,-0.1681,-0.1139,0.4854,0.97,0,stand
7.8189,3517,0.2006,-0.1663,-0.1123,0.3106,0.939,0,stand
7.8211,3518,0.202,-0.1674,-0.113,0.226,0.974,0,stand
7.8231,3519,0.1999,-0.1659,-0.1116,0.3668,0.968,1,stand
7.8253,3520,0.2011,-0.167,-0.112,0.6474,0.979,0,stand
7.8273,3521,0.1991,-0.1656,-0.1106,0.3688,0.972,1,stand
7.8295,3522,0.2006,-0.1668,-0.1114,0.3571,0.997,0,stand
7.8315,3523,0.1989,-0.1656,-0.1102,0.3696,0.996,1,stand
7.8336,3524,0.2014,-0.1675,-0.1117,0.2327,1.007,0,stand
7.8357,3525,0.199,-0.1658,-0.1101,0.3287,1.008,1,stand
7.8378,3526,0.2007,-0.1671,-0.1111,0.3661,1.079,0,stand
7.8398,3527,0.1983,-0.1652,-0.1097,0.3054,1.084,1,stand
7.8419,3528,0.2007,-0.1672,-0.1111,0.7335,1.123,0,stand
7.844,3529,0.1983,-0.1652,-0.1097,0.2808,1.127,1,stand
7.8462,3530,0.2,-0.1664,-0.1108,0.2355,1.17,1,stand
7.8482,3531,0.1983,-0.1651,-0.1099,0.3413,1.175,1,stand
7.8503,3532,0.1999,-0.1663,-0.1109,0.6162,1.231,1,stand
7.8523,3533,0.1983,-0.165,-0.11,0.3322,1.237,1,stand
7.8545,3534,0.2007,-0.1668,-0.1115,0.3096,1.294,0,stand
7.8565,3535,0.1982,-0.1647,-0.1101,0.258,1.301,1,stand
7.8587,3536,0.1997,-0.1659,-0.1111,0.6119,1.344,1,stand
7.8608,3537,0.198,-0.1645,-0.1102,0.3298,1.355,1,stand
7.8628,3538,0.1988,-0.165,-0.1108,0.2668,1.43,1,stand
7.8649,3539,0.1971,-0.1636,-0.1099,0.3174,1.435,1,stand
7.867,3540,0.1996,-0.1656,-0.1115,0.308,1.492,1,stand
7.869,3541,0.197,-0.1634,-0.1101,0.2405,1.505,1,stand
7.8711,3542,0.1986,-0.1646,-0.1112,0.2042,1.557,1,stand
7.8731,3543,0.1969,-0.1631,-0.1103,0.3179,1.567,1,stand
7.8752,3544,0.1986,-0.1643,-0.1115,0.2521,1.615,1,stand
7.8772,3545,0.1968,-0.1629,-0.1105,0.3091,1.625,1,stand
7.8793,3546,0.1985,-0.1641,-0.1117,0.2748,1.647,1,stand
7.8813,3547,0.1968,-0.1626,-0.1108,0.305,1.657,1,stand
7.8834,3548,0.1985,-0.1638,-0.1121,0.2125,1.681,1,stand
7.8854,3549,0.1967,-0.1623,-0.1111,0.3006,1.692,1,stand
7.8875,3550,0.1984,-0.1635,-0.1124,0.3175,1.718,1,stand
7.8895,3551,0.1967,-0.162,-0.1115,0.2952,1.729,1,stand
7.8917,3552,0.1984,-0.1632,-0.1128,0.1776,1.729,1,stand
7.8937,3553,0.1967,-0.1617,-0.1119,0.2961,1.746,1,stand
7.896,3554,0.1975,-0.1622,-0.1127,0.5695,1.761,1,stand
7.8981,3555,0.1958,-0.1607,-0.1118,0.2864,1.767,1,stand
7.9001,3556,0.1975,-0.1619,-0.1132,0.1606,1.804,1,stand
7.9022,3557,0.1958,-0.1604,-0.1123,0.2872,1.816,1,stand
7.9043,3558,0.1975,-0.1616,-0.1136,0.4821,1.829,1,stand
7.9063,3559,0.1958,-0.1601,-0.1127,0.2817,1.841,1,stand
7.9084,3560,0.1975,-0.1613,-0.114,0.1714,1.857,1,stand
7.9104,3561,0.1958,-0.1598,-0.1131,0.2828,1.869,1,stand
7.9125,3562,0.1975,-0.161,-0.1145,0.5474,1.889,1,stand
7.9146,3563,0.1957,-0.1594,-0.1136,0.2788,1.908,1,stand
7.9168,3564,0.1974,-0.1606,-0.1149,0.2615,1.911,1,stand
7.9188,3565,0.1948,-0.1583,-0.1136,0.1996,1.925,1,stand
7.9209,3566,0.1966,-0.1595,-0.115,0.1935,1.953,1,stand
7.923,3567,0.1948,-0.1579,-0.1141,0.274,1.967,1,stand
7.9251,3568,0.1975,-0.1599,-0.1159,0.5513,1.968,1,stand
7.9271,3569,0.1948,-0.1576,-0.1146,0.1968,1.996,1,stand
7.9292,3570,0.1966,-0.1587,-0.1161,0.1547,2.011,1,stand
7.9312,3571,0.1949,-0.1572,-0.1152,0.2713,2.025,1,stand
7.9334,3572,0.1967,-0.1583,-0.1166,0.2675,2.012,1,stand
7.9355,3573,0.1949,-0.1568,-0.1158,0.2741,2.033,1,stand
7.9376,3574,0.1967,-0.1579,-0.1172,0.2153,2.028,1,stand
7.9396,3575,0.1949,-0.1564,-0.1164,0.2719,2.043,1,stand
7.9418,3576,0.1968,-0.1576,-0.1179,0.1586,2.044,1,stand
7.9439,3577,0.1942,-0.1553,-0.1166,0.1969,2.065,1,stand
7.9461,3578,0.196,-0.1564,-0.1181,0.6462,2.042,1,stand
7.9482,3579,0.1943,-0.1549,-0.1172,0.2599,2.064,1,stand
7.9503,3580,0.197,-0.1568,-0.1193,0.2039,2.078,1,stand
7.9523,3581,0.1944,-0.1545,-0.118,0.1919,2.092,1,stand
7.9546,3582,0.1963,-0.1557,-0.1195,0.6752,2.054,1,stand
7.9566,3583,0.1945,-0.1542,-0.1186,0.2555,2.067,1,stand
7.9587,3584,0.1973,-0.1561,-0.1207,0.1462,2.051,1,stand
7.9608,3585,0.1947,-0.1538,-0.1194,0.195,2.076,1,stand
7.9628,3586,0.1966,-0.155,-0.1209,0.8424,2.035,1,stand
7.9649,3587,0.194,-0.1527,-0.1196,0.1843,2.051,1,stand
7.9669,3588,0.1968,-0.1546,-0.1217,0.127,2.026,1,stand
7.969,3589,0.1942,-0.1523,-0.1204,0.1938,2.047,1,stand
7.971,3590,0.197,-0.1543,-0.1225,0.6677,2.006,1,stand
7.9731,3591,0.1944,-0.152,-0.1212,0.1882,2.015,1,stand
7.9751,3592,0.1964,-0.1532,-0.1229,0.4015,1.992,1,stand
7.9772,3593,0.1946,-0.1516,-0.122,0.2526,2.0,1,stand
7.9793,3594,0.1966,-0.1528,-0.1237,0.6191,1.945,1,stand
7.9813,3595,0.1949,-0.1513,-0.1228,0.2464,1.956,1,stand
7.9835,3596,0.1969,-0.1525,-0.1246,0.0959,1.925,1,stand
7.9856,3597,0.1952,-0.151,-0.1237,0.2452,1.927,1,stand
7.9876,3598,0.1972,-0.1522,-0.1254,0.1734,1.886,1,stand
7.9897,3599,0.1955,-0.1507,-0.1245,0.2458,1.89,1,stand
7.9918,3600,0.1975,-0.1519,-0.1263,0.2126,1.854,1,stand
7.9938,3601,0.1958,-0.1504,-0.1254,0.2429,1.862,1,stand
7.9962,3602,0.197,-0.1508,-0.1268,0.143,1.813,1,stand
7.9983,3603,0.1953,-0.1493,-0.1259,0.2411,1.816,1,stand
8.0004,3604,0.1975,-0.1506,-0.1277,0.2959,1.771,1,stand
8.0024,3605,0.1957,-0.1491,-0.1268,0.2331,1.774,1,stand
8.0046,3606,0.1987,-0.151,-0.1291,0.179,1.702,1,stand
8.0066,3607,0.196,-0.1487,-0.1277,0.1915,1.705,1,stand
8.0086,3608,0.1981,-0.1498,-0.1297,0.4646,1.689,1,stand
8.0107,3609,0.1964,-0.1483,-0.1288,0.25,1.69,1,stand
8.0127,3610,0.1985,-0.1495,-0.1305,0.8645,1.589,1,stand
8.0148,3611,0.1967,-0.148,-0.1296,0.228,1.589,1,stand
8.0169,3612,0.1981,-0.1485,-0.131,0.2235,1.545,1,stand
8.0189,3613,0.1963,-0.147,-0.1301,0.2344,1.544,1,stand
8.021,3614,0.1985,-0.1482,-0.1321,0.1822,1.491,1,stand
8.023,3615,0.1967,-0.1467,-0.1311,0.2398,1.49,1,stand
8.0251,3616,0.1998,-0.1486,-0.1336,0.2036,1.443,1,stand
8.0272,3617,0.1971,-0.1463,-0.1321,0.195,1.439,1,stand
8.0293,3618,0.1994,-0.1476,-0.134,0.572,1.379,1,stand
8.0313,3619,0.1976,-0.1461,-0.133,0.2341,1.377,1,stand
8.0334,3620,0.1999,-0.1474,-0.1351,0.0584,1.339,1,stand
8.0355,3621,0.1981,-0.1459,-0.134,0.2422,1.336,1,stand
8.0375,3622,0.2014,-0.148,-0.1366,0.3575,1.293,0,stand
8.0396,3623,0.1987,-0.1457,-0.1351,0.2037,1.289,1,stand
8.0417,3624,0.2011,-0.1471,-0.1372,0.291,1.247,0,stand
8.0438,3625,0.1993,-0.1456,-0.1361,0.2458,1.245,1,stand
8.0459,3626,0.2009,-0.1463,-0.1377,0.0872,1.19,0,stand
8.0479,3627,0.1991,-0.1448,-0.1366,0.2488,1.187,1,stand
8.05,3628,0.2026,-0.147,-0.1393,0.3434,1.144,0,stand
8.0521,3629,0.1998,-0.1448,-0.1377,0.2194,1.142,1,stand
8.0542,3630,0.2033,-0.147,-0.1405,0.1258,1.092,0,stand
8.0563,3631,0.2006,-0.1448,-0.1388,0.2241,1.09,0,stand
8.0584,3632,0.2032,-0.1462,-0.1411,0.0986,1.06,0,stand
8.0604,3633,0.2013,-0.1447,-0.14,0.261,1.058,0,stand
8.0625,3634,0.2039,-0.1461,-0.1423,0.1078,1.027,0,stand
8.0645,3635,0.2021,-0.1446,-0.1412,0.2669,1.026,0,stand
8.0666,3636,0.2047,-0.1461,-0.1435,0.2946,1.002,0,stand
8.0687,3637,0.2029,-0.1446,-0.1424,0.2712,1.001,0,stand
8.0708,3638,0.2047,-0.1454,-0.1441,0.4382,0.977,0,stand
8.0729,3639,0.2029,-0.1439,-0.143,0.2711,0.976,0,stand
8.075,3640,0.2055,-0.1454,-0.1453,0.0962,0.961,0,stand
8.0771,3641,0.2037,-0.1439,-0.1442,0.275,0.956,0,stand
8.0792,3642,0.2072,-0.1461,-0.147,0.5155,0.938,0,stand
8.0812,3643,0.2045,-0.144,-0.1452,0.2466,0.926,0,stand
8.0833,3644,0.2072,-0.1455,-0.1475,0.1,0.93,0,stand
8.0854,3645,0.2054,-0.1441,-0.1463,0.2937,0.934,0,stand
8.0875,3646,0.2081,-0.1457,-0.1485,0.7986,0.943,0,stand
8.0896,3647,0.2063,-0.1444,-0.1473,0.2882,0.964,0,stand
8.0917,3648,0.209,-0.1459,-0.1497,0.1992,1.021,0,stand
8.0938,3649,0.2072,-0.1446,-0.1484,0.3032,1.03,0,stand
8.096,3650,0.2089,-0.1454,-0.1501,0.8312,1.077,0,stand
8.0981,3651,0.2074,-0.1442,-0.149,0.2841,1.097,0,stand
8.1001,3652,0.211,-0.1464,-0.152,0.4438,1.118,0,stand
8.1022,3653,0.2089,-0.1448,-0.1506,0.2519,1.136,0,stand
8.1042,3654,0.2121,-0.1465,-0.1533,0.1968,1.203,0,stand
8.1063,3655,0.2106,-0.1454,-0.1525,0.2896,1.22,0,stand
8.1083,3656,0.2137,-0.1471,-0.155,0.7601,1.305,0,stand
8.1104,3657,0.2122,-0.1459,-0.1541,0.2788,1.321,0,stand
8.1125,3658,0.2151,-0.1474,-0.1565,0.0915,1.384,0,stand
8.1145,3659,0.2134,-0.1462,-0.1555,0.2744,1.4,0,stand
8.1167,3660,0.216,-0.1475,-0.1578,0.5442,1.504,0,stand
8.1187,3661,0.2142,-0.1462,-0.1566,0.2795,1.525,0,stand
8.1209,3662,0.2167,-0.1475,-0.1587,0.8863,1.611,0,stand
8.1229,3663,0.2138,-0.1454,-0.1568,0.2468,1.622,0,stand
8.125,3664,0.2161,-0.1467,-0.1587,0.0706,1.747,0,stand
8.1271,3665,0.2141,-0.1453,-0.1573,0.2855,1.765,0,stand
8.1292,3666,0.2174,-0.1472,-0.16,0.484,1.876,0,stand
8.1312,3667,0.2147,-0.1453,-0.1581,0.266,1.882,0,stand
8.1334,3668,0.2172,-0.1467,-0.1602,0.0744,2.013,0,stand
8.1354,3669,0.2154,-0.1455,-0.1589,0.2832,2.015,0,stand
8.1375,3670,0.2178,-0.1468,-0.1609,0.77,2.134,0,stand
8.1396,3671,0.216,-0.1455,-0.1596,0.276,2.133,0,stand
8.1417,3672,0.2184,-0.1468,-0.1616,0.2501,2.297,0,stand
8.1438,3673,0.2165,-0.1455,-0.1603,0.2857,2.293,0,stand
8.146,3674,0.2188,-0.1469,-0.1622,0.7088,2.42,0,stand
8.1481,3675,0.216,-0.145,-0.1602,0.2726,2.409,0,stand
8.1501,3676,0.2182,-0.1462,-0.162,0.4312,2.528,0,stand
8.1522,3677,0.2164,-0.145,-0.1606,0.2852,2.525,0,stand
8.1543,3678,0.2194,-0.1466,-0.1633,0.468,2.702,0,stand
8.1563,3679,0.2166,-0.1448,-0.1612,0.2909,2.69,0,stand
8.1583,3680,0.2198,-0.1467,-0.1637,0.8897,2.822,0,stand
8.1604,3681,0.217,-0.1449,-0.1615,0.2839,2.809,0,stand
8.1625,3682,0.2191,-0.1461,-0.1633,0.3586,2.949,0,stand
8.1646,3683,0.2172,-0.1449,-0.1618,0.2924,2.939,0,stand
8.1667,3684,0.2192,-0.146,-0.1635,0.109,3.043,0,stand
8.1688,3685,0.2174,-0.1449,-0.1621,0.2975,3.028,0,stand
8.1709,3686,0.2186,-0.1456,-0.163,0.74,3.101,0,stand
8.173,3687,0.2168,-0.1445,-0.1616,0.2882,3.095,0,stand
8.175,3688,0.2197,-0.1463,-0.164,0.1122,3.133,0,stand
8.1771,3689,0.217,-0.1446,-0.1618,0.3007,3.118,0,stand
8.1792,3690,0.2198,-0.1463,-0.164,0.9265,3.193,0,stand
8.1812,3691,0.2171,-0.1447,-0.1619,0.3139,3.173,0,stand
8.1833,3692,0.219,-0.1458,-0.1634,0.128,3.259,0,stand
8.1853,3693,0.2172,-0.1447,-0.162,0.3147,3.248,0,stand
8.1875,3694,0.2192,-0.146,-0.1634,0.7992,3.245,0,stand
8.1896,3695,0.2174,-0.1449,-0.162,0.2942,3.235,0,stand
8.1917,3696,0.2193,-0.1462,-0.1635,0.4167,3.257,0,stand
8.1938,3697,0.2175,-0.1451,-0.162,0.3091,3.246,0,stand
8.1958,3698,0.2191,-0.1464,-0.1629,0.715,3.109,0,stand
8.1979,3699,0.2173,-0.1454,-0.1615,0.2814,3.097,0,stand
8.2003,3700,0.2192,-0.1467,-0.1629,1.7223,3.063,0,stand
8.2023,3701,0.2175,-0.1457,-0.1614,0.3063,3.052,0,stand
8.2045,3702,0.2192,-0.1469,-0.1627,1.448,3.06,0,stand
8.2066,3703,0.2174,-0.1458,-0.1612,0.3273,3.047,0,stand
8.2087,3704,0.2192,-0.1471,-0.1625,0.2233,3.042,0,stand
8.2107,3705,0.2174,-0.146,-0.1611,0.3286,3.022,0,stand
8.2129,3706,0.2193,-0.1474,-0.1624,0.4754,2.987,0,stand
8.2149,3707,0.2168,-0.1459,-0.1603,0.3321,2.973,0,stand
8.2171,3708,0.2184,-0.1471,-0.1614,1.7158,2.977,0,stand
8.2191,3709,0.2167,-0.1461,-0.16,0.3418,2.962,0,stand
8.2212,3710,0.2193,-0.1479,-0.1619,0.6047,2.917,0,stand
8.2233,3711,0.2167,-0.1464,-0.1597,0.3412,2.886,0,stand
8.2253,3712,0.2185,-0.1478,-0.161,0.2372,2.875,0,stand
8.2274,3713,0.2168,-0.1468,-0.1595,0.3275,2.867,0,stand
8.2295,3714,0.2185,-0.148,-0.1607,0.3699,2.855,0,stand
8.2315,3715,0.2168,-0.1471,-0.1593,0.3415,2.838,0,stand
8.2336,3716,0.2187,-0.1485,-0.1605,0.672,2.768,0,stand
8.2356,3717,0.217,-0.1476,-0.1591,0.3144,2.751,0,stand
8.2377,3718,0.2186,-0.1488,-0.1601,1.6878,2.714,0,stand
8.2397,3719,0.2169,-0.1478,-0.1587,0.3597,2.696,0,stand
8.2418,3720,0.2184,-0.149,-0.1597,0.2347,2.67,0,stand
8.2438,3721,0.2159,-0.1476,-0.1576,0.3496,2.633,0,stand
8.2461,3722,0.2188,-0.1496,-0.1596,0.4662,2.568,0,stand
8.2482,3723,0.2163,-0.1482,-0.1575,0.3383,2.549,0,stand
8.2503,3724,0.2182,-0.1497,-0.1587,0.3159,2.484,0,stand
8.2523,3725,0.2166,-0.1488,-0.1573,0.321,2.466,0,stand
8.2543,3726,0.218,-0.1499,-0.1582,1.7238,2.412,0,stand
8.2564,3727,0.2163,-0.149,-0.1568,0.3806,2.393,0,stand
8.2584,3728,0.2182,-0.1505,-0.158,0.3488,2.346,0,stand
8.2605,3729,0.2166,-0.1496,-0.1567,0.3224,2.328,0,stand
8.2625,3730,0.2184,-0.151,-0.1578,0.1509,2.253,0,stand
8.2646,3731,0.2167,-0.15,-0.1564,0.3347,2.226,0,stand
8.2669,3732,0.2181,-0.1511,-0.1573,1.6471,2.257,0,stand
8.2689,3733,0.2157,-0.1497,-0.1553,0.3538,2.24,0,stand
8.271,3734,0.2175,-0.1513,-0.1564,0.5524,2.155,0,stand
8.2731,3735,0.2159,-0.1503,-0.155,0.3224,2.139,0,stand
8.2751,3736,0.2178,-0.1518,-0.1562,0.2022,2.071,0,stand
8.2772,3737,0.2162,-0.1509,-0.1548,0.3263,2.057,0,stand
8.2793,3738,0.2179,-0.1523,-0.1559,1.3973,1.981,0,stand
8.2813,3739,0.2163,-0.1514,-0.1545,0.3397,1.975,0,stand
8.2834,3740,0.2185,-0.153,-0.1559,0.1993,1.888,0,stand
8.2854,3741,0.2168,-0.1521,-0.1545,0.315,1.876,0,stand
8.2875,3742,0.2182,-0.1533,-0.1553,1.7234,1.913,0,stand
8.2895,3743,0.2165,-0.1523,-0.1539,0.3851,1.896,0,stand
8.2916,3744,0.2181,-0.1535,-0.1549,1.5509,2.077,0,stand
8.2937,3745,0.2156,-0.1521,-0.1528,0.3278,2.068,0,stand
8.2958,3746,0.2177,-0.1537,-0.1542,0.3995,2.103,0,stand
8.2979,3747,0.2144,-0.1518,-0.1514,0.3089,2.087,0,stand
8.3001,3748,0.2157,-0.1529,-0.1521,0.5155,2.139,0,stand
8.3021,3749,0.214,-0.152,-0.1507,0.3935,2.134,0,stand
8.3042,3750,0.2156,-0.1533,-0.1516,0.2897,2.172,0,stand
8.3062,3751,0.2139,-0.1523,-0.1502,0.3632,2.168,0,stand
8.3092,3752,0.2154,-0.1535,-0.151,0.2752,2.177,0,stand
8.3103,3753,0.2137,-0.1525,-0.1496,0.3684,2.172,0,stand
8.3125,3754,0.2152,-0.1539,-0.1505,0.6185,2.223,0,stand
8.3145,3755,0.2135,-0.1529,-0.149,0.3561,2.221,0,stand
8.3168,3756,0.2151,-0.1542,-0.1499,0.261,2.245,0,stand
8.3188,3757,0.2125,-0.1527,-0.1478,0.3416,2.244,0,stand
8.3209,3758,0.214,-0.1539,-0.1486,0.2414,2.28,0,stand
8.323,3759,0.2122,-0.1529,-0.1472,0.367,2.28,0,stand
8.325,3760,0.2138,-0.1543,-0.148,0.5304,2.33,0,stand
8.3271,3761,0.212,-0.1532,-0.1466,0.3528,2.331,0,stand
8.3293,3762,0.2136,-0.1545,-0.1474,0.2445,2.369,0,stand
8.3314,3763,0.2118,-0.1534,-0.146,0.3604,2.371,0,stand
8.3334,3764,0.2132,-0.1547,-0.1468,0.6485,2.406,0,stand
8.3355,3765,0.2115,-0.1536,-0.1453,0.3685,2.408,0,stand
8.3377,3766,0.2129,-0.1549,-0.1461,0.6127,2.459,0,stand
8.3398,3767,0.2112,-0.1538,-0.1446,0.3519,2.462,0,stand
8.3418,3768,0.2125,-0.1551,-0.1453,0.75,2.512,0,stand
8.3439,3769,0.2098,-0.1534,-0.1432,0.316,2.518,0,stand
8.3461,3770,0.212,-0.1551,-0.1446,0.5315,2.566,0,stand
8.3481,3771,0.2093,-0.1534,-0.1424,0.3134,2.569,0,walk
8.3502,3772,0.2109,-0.1548,-0.1432,1.217,2.8,0,walk
8.3523,3773,0.2091,-0.1537,-0.1418,0.4047,2.803,0,walk
8.3543,3774,0.2103,-0.1548,-0.1424,2.7091,2.9,0,walk
8.3563,3775,0.2085,-0.1536,-0.141,0.3862,2.903,0,walk
8.3584,3776,0.2099,-0.1548,-0.1418,1.2522,2.975,0,walk
8.3605,3777,0.2081,-0.1537,-0.1404,0.4008,2.978,0,walk
8.3626,3778,0.2095,-0.1549,-0.1411,0.856,3.052,0,walk
8.3646,3779,0.2077,-0.1537,-0.1397,0.3894,3.054,0,walk
8.3667,3780,0.209,-0.1548,-0.1404,0.4142,3.111,0,walk
8.3687,3781,0.2072,-0.1537,-0.139,0.385,3.114,0,walk
8.3709,3782,0.2077,-0.1542,-0.1391,1.2358,3.222,0,walk
8.3729,3783,0.2058,-0.153,-0.1377,0.3814,3.224,0,walk
8.375,3784,0.2071,-0.1541,-0.1384,0.6432,3.308,0,walk
8.377,3785,0.2053,-0.1529,-0.137,0.3734,3.312,0,walk
8.3791,3786,0.2066,-0.154,-0.1377,1.3145,3.401,0,walk
8.3812,3787,0.2047,-0.1527,-0.1363,0.3683,3.402,0,walk
8.3833,3788,0.206,-0.1538,-0.137,0.7176,3.483,0,walk
8.3853,3789,0.2042,-0.1526,-0.1357,0.3669,3.487,0,walk
8.3875,3790,0.2057,-0.1538,-0.1366,0.7798,3.566,0,walk
8.3895,3791,0.2043,-0.1529,-0.1355,0.4341,3.566,0,walk
8.3917,3792,0.206,-0.1543,-0.1366,1.2858,3.652,0,walk
8.3937,3793,0.2047,-0.1534,-0.1355,0.4465,3.647,0,walk
8.3959,3794,0.2057,-0.1543,-0.136,0.6427,3.708,0,walk
8.398,3795,0.2042,-0.1533,-0.1348,0.421,3.703,0,walk
8.4001,3796,0.2065,-0.1551,-0.1363,1.2588,3.783,0,walk
8.4021,3797,0.2043,-0.1537,-0.1346,0.3412,3.767,0,walk
8.4042,3798,0.206,-0.1551,-0.1356,1.2784,3.83,0,walk
8.4062,3799,0.2045,-0.1541,-0.1344,0.4267,3.819,0,walk
8.4083,3800,0.206,-0.1554,-0.1352,0.6528,3.873,0,walk
8.4103,3801,0.2043,-0.1543,-0.134,0.3899,3.862,0,walk
8.4125,3802,0.2057,-0.1555,-0.1347,1.2654,3.937,0,walk
8.4146,3803,0.2038,-0.1542,-0.1333,0.3685,3.917,0,walk
8.4167,3804,0.2048,-0.155,-0.1338,0.6039,3.981,0,walk
8.4188,3805,0.2025,-0.1535,-0.132,0.3202,3.974,0,walk
8.4209,3806,0.2044,-0.155,-0.1333,1.1097,4.016,0,walk
8.423,3807,0.1998,-0.1519,-0.1299,0.3846,3.992,1,walk
8.425,3808,0.2008,-0.1527,-0.1304,0.9734,4.061,0,walk
8.4271,3809,0.1988,-0.1513,-0.129,0.3365,4.059,1,walk
8.4291,3810,0.201,-0.153,-0.1304,0.8939,4.134,0,walk
8.4312,3811,0.1982,-0.151,-0.1284,0.2602,4.132,1,walk
8.4333,3812,0.2004,-0.1527,-0.1298,0.9582,4.204,0,walk
8.4353,3813,0.1977,-0.1507,-0.1279,0.2408,4.208,1,walk
8.4375,3814,0.1988,-0.1516,-0.1287,0.5102,4.265,1,walk
8.4396,3815,0.1969,-0.1501,-0.1274,0.3302,4.269,1,walk
8.4418,3816,0.1981,-0.151,-0.1282,1.3027,4.311,1,walk
8.4438,3817,0.1962,-0.1496,-0.1269,0.3159,4.318,1,walk
8.446,3818,0.1974,-0.1505,-0.1277,0.8086,4.399,1,walk
8.448,3819,0.1945,-0.1483,-0.1258,0.2077,4.404,1,walk
8.4501,3820,0.1957,-0.1492,-0.1266,1.2935,4.476,1,walk
8.4521,3821,0.1937,-0.1477,-0.1254,0.3098,4.482,1,walk
8.4542,3822,0.1959,-0.1493,-0.1268,0.5568,4.521,1,walk
8.4563,3823,0.193,-0.1471,-0.1249,0.1977,4.532,1,walk
8.4583,3824,0.1942,-0.148,-0.1258,1.2412,4.582,1,walk
8.4604,3825,0.1923,-0.1465,-0.1245,0.3036,4.585,1,walk
8.4625,3826,0.1934,-0.1474,-0.1253,0.6587,4.631,1,walk
8.4645,3827,0.1915,-0.1459,-0.1241,0.2935,4.637,1,walk
8.4667,3828,0.1928,-0.1468,-0.125,1.3039,4.691,1,walk
8.4688,3829,0.1908,-0.1453,-0.1237,0.2951,4.697,1,walk
8.4709,3830,0.192,-0.1462,-0.1246,0.3255,4.739,1,walk
8.4729,3831,0.1892,-0.1439,-0.1228,0.1806,4.746,1,walk
8.475,3832,0.1904,-0.1448,-0.1236,0.5267,4.817,1,walk
8.4771,3833,0.1885,-0.1433,-0.1224,0.2893,4.823,1,walk
8.4791,3834,0.1906,-0.1448,-0.1239,1.0201,4.871,1,walk
8.4812,3835,0.1878,-0.1426,-0.1222,0.1756,4.881,1,walk
8.4834,3836,0.189,-0.1435,-0.123,0.8718,4.887,1,walk
8.4854,3837,0.1871,-0.1421,-0.1218,0.2842,4.894,1,walk
8.4875,3838,0.1885,-0.143,-0.1228,1.2542,4.914,1,walk
8.4895,3839,0.1867,-0.1416,-0.1216,0.2881,4.925,1,walk
8.4917,3840,0.188,-0.1426,-0.1226,0.7508,4.942,1,walk
8.4937,3841,0.1862,-0.1411,-0.1214,0.2843,4.947,1,walk
8.4959,3842,0.1866,-0.1414,-0.1218,0.6894,4.967,1,walk
8.4979,3843,0.1848,-0.1399,-0.1207,0.2831,4.976,1,walk
8.5,3844,0.1862,-0.1409,-0.1218,1.2322,5.027,1,walk
8.502,3845,0.1844,-0.1395,-0.1207,0.2843,5.037,1,walk
8.5041,3846,0.1858,-0.1404,-0.1216,0.7054,5.057,1,walk
8.5062,3847,0.184,-0.139,-0.1206,0.2798,5.068,1,walk
8.5083,3848,0.1863,-0.1408,-0.1221,1.1847,5.103,1,walk
8.5103,3849,0.1836,-0.1386,-0.1205,0.1638,5.125,1,walk
8.5124,3850,0.1851,-0.1396,-0.1215,0.5834,5.179,1,walk
8.5145,3851,0.1833,-0.1382,-0.1204,0.2764,5.185,1,walk
8.5166,3852,0.1847,-0.1392,-0.1214,0.3703,5.233,1,walk
8.5187,3853,0.1829,-0.1377,-0.1204,0.2745,5.245,1,walk
8.5208,3854,0.1844,-0.1388,-0.1214,1.2325,5.291,1,walk
8.5228,3855,0.1817,-0.1366,-0.1198,0.1565,5.315,1,walk
8.525,3856,0.1832,-0.1376,-0.1209,0.8806,5.364,1,walk
8.527,3857,0.1814,-0.1362,-0.1198,0.2694,5.376,1,walk
8.5291,3858,0.1829,-0.1372,-0.1209,1.0409,5.443,1,walk
8.5312,3859,0.1811,-0.1358,-0.1198,0.2673,5.454,1,walk
8.5333,3860,0.1826,-0.1368,-0.1209,0.7539,5.532,1,walk
8.5353,3861,0.1808,-0.1354,-0.1198,0.2583,5.542,1,walk
8.5376,3862,0.1823,-0.1365,-0.1209,1.219,5.61,1,walk
8.5396,3863,0.1806,-0.135,-0.1199,0.2637,5.618,1,walk
8.5417,3864,0.182,-0.1361,-0.1209,0.3922,5.685,1,walk
8.5437,3865,0.1803,-0.1347,-0.1199,0.261,5.695,1,walk
8.5459,3866,0.1809,-0.135,-0.1204,0.9544,5.775,1,walk
8.5479,3867,0.1792,-0.1336,-0.1194,0.2585,5.777,1,walk
8.55,3868,0.1807,-0.1347,-0.1204,1.0775,5.867,1,walk
8.5521,3869,0.1789,-0.1332,-0.1194,0.2563,5.87,1,walk
8.5542,3870,0.1804,-0.1343,-0.1205,0.8597,5.941,1,walk
8.5562,3871,0.1787,-0.1329,-0.1195,0.2581,5.942,1,walk
8.5583,3872,0.1805,-0.1341,-0.1207,1.1535,6.049,1,walk
8.5603,3873,0.1787,-0.1327,-0.1197,0.262,6.046,1,walk
8.5625,3874,0.1803,-0.1339,-0.1208,1.5584,6.132,1,walk
8.5645,3875,0.1786,-0.1325,-0.1198,0.2548,6.126,1,walk
8.5666,3876,0.1802,-0.1336,-0.1209,0.8668,6.228,1,walk
8.5687,3877,0.1784,-0.1322,-0.1199,0.2553,6.218,1,walk
8.5708,3878,0.1801,-0.1333,-0.121,0.9768,6.326,1,walk
8.5729,3879,0.1774,-0.1312,-0.1195,0.144,6.306,1,walk
8.575,3880,0.179,-0.1323,-0.1206,1.0384,6.415,1,walk
8.5771,3881,0.1773,-0.1309,-0.1196,0.2497,6.388,1,walk
8.5795,3882,0.1797,-0.1328,-0.1211,0.8294,6.508,1,walk
8.5815,3883,0.1771,-0.1306,-0.1196,0.1406,6.484,1,walk
8.5835,3884,0.1786,-0.1317,-0.1206,0.2743,6.621,1,walk
8.5856,3885,0.1768,-0.1303,-0.1196,0.2437,6.593,1,walk
8.5877,3886,0.1793,-0.1321,-0.1212,1.2378,6.725,1,walk
8.5898,3887,0.1766,-0.13,-0.1196,0.1397,6.661,1,walk
8.5919,3888,0.1782,-0.1311,-0.1207,1.2236,6.741,1,walk
8.594,3889,0.1755,-0.1289,-0.1191,0.1456,6.702,1,walk
8.596,3890,0.1772,-0.1301,-0.1203,1.2253,6.776,1,walk
8.5981,3891,0.1754,-0.1286,-0.1192,0.2432,6.733,1,walk
8.6001,3892,0.177,-0.1298,-0.1203,0.7814,6.809,1,walk
8.6022,3893,0.1752,-0.1284,-0.1192,0.2393,6.76,1,walk
8.6042,3894,0.1768,-0.1296,-0.1203,0.6501,6.899,1,walk
8.6063,3895,0.175,-0.1281,-0.1192,0.2425,6.847,1,walk
8.6083,3896,0.1766,-0.1293,-0.1203,1.0188,6.948,1,walk
8.6104,3897,0.1748,-0.1279,-0.1191,0.2396,6.866,1,walk
8.6125,3898,0.1764,-0.1291,-0.1202,1.0172,6.967,1,walk
8.6146,3899,0.1745,-0.1276,-0.1191,0.2382,6.908,1,walk
8.6167,3900,0.176,-0.1288,-0.12,0.5887,7.025,1,walk
8.6188,3901,0.1742,-0.1273,-0.1189,0.2313,6.964,1,walk
8.6209,3902,0.1758,-0.1285,-0.1199,1.1669,7.05,1,walk
8.6229,3903,0.173,-0.1263,-0.1181,0.1689,6.918,1,walk
8.625,3904,0.1763,-0.1291,-0.1201,0.7765,7.123,1,walk
8.627,3905,0.1725,-0.1261,-0.1177,0.2762,7.019,1,walk
8.6292,3906,0.1751,-0.1281,-0.1193,1.1927,7.136,1,walk
8.6312,3907,0.1722,-0.1259,-0.1175,0.1816,7.028,1,walk
8.6334,3908,0.1748,-0.1279,-0.119,1.2007,7.106,1,walk
8.6354,3909,0.1719,-0.1257,-0.1172,0.1922,6.994,1,walk
8.6375,3910,0.1736,-0.1271,-0.1182,1.1712,7.115,1,walk
8.6396,3911,0.1716,-0.1257,-0.1169,0.2406,7.039,1,walk
8.6417,3912,0.1733,-0.127,-0.1178,0.2134,7.102,1,walk
8.6438,3913,0.1713,-0.1256,-0.1166,0.2412,6.988,1,walk
8.6459,3914,0.172,-0.1262,-0.1168,0.7485,7.023,1,walk
8.648,3915,0.1701,-0.1248,-0.1155,0.2431,6.985,1,walk
8.65,3916,0.1718,-0.1263,-0.1164,0.8044,7.071,1,walk
8.6521,3917,0.1699,-0.1249,-0.1151,0.2459,6.993,1,walk
8.6542,3918,0.1716,-0.1265,-0.1159,0.428,7.042,1,walk
8.6562,3919,0.1696,-0.1251,-0.1146,0.2519,6.965,1,walk
8.6584,3920,0.1713,-0.1266,-0.1155,1.0752,7.106,1,walk
8.6604,3921,0.1694,-0.1252,-0.1141,0.2543,7.029,1,walk
8.6625,3922,0.171,-0.1267,-0.1148,0.9129,7.137,1,walk
8.6646,3923,0.1691,-0.1253,-0.1135,0.2471,7.06,1,walk
8.6667,3924,0.1708,-0.1269,-0.1143,1.1237,7.094,1,walk
8.6688,3925,0.1689,-0.1255,-0.113,0.2574,7.055,1,walk
8.6708,3926,0.1697,-0.1265,-0.1131,0.905,7.115,1,walk
8.6729,3927,0.1678,-0.1251,-0.1118,0.2619,7.036,1,walk
8.6751,3928,0.1696,-0.1269,-0.1126,0.5871,7.058,1,walk
8.6771,3929,0.1677,-0.1255,-0.1112,0.2611,6.978,1,walk
8.6792,3930,0.1695,-0.1272,-0.1121,0.9264,7.088,1,walk
8.6813,3931,0.1677,-0.1259,-0.1108,0.2812,7.008,1,walk
8.6835,3932,0.1699,-0.1279,-0.1118,0.8328,7.137,1,walk
8.6855,3933,0.1685,-0.1269,-0.1108,0.3112,7.037,1,walk
8.6876,3934,0.1708,-0.1291,-0.1119,1.0758,7.178,1,walk
8.6896,3935,0.1693,-0.128,-0.1108,0.3168,7.121,1,walk
8.6917,3936,0.1722,-0.1306,-0.1123,0.5202,7.253,1,walk
8.6937,3937,0.1697,-0.1288,-0.1105,0.2635,7.152,1,walk
8.6959,3938,0.1717,-0.1307,-0.1114,0.8588,7.279,1,walk
8.6979,3939,0.1693,-0.1288,-0.1098,0.2234,7.233,1,walk
8.7,3940,0.1717,-0.1309,-0.111,1.0379,7.349,1,walk
8.7021,3941,0.1698,-0.1295,-0.1097,0.2746,7.28,1,walk
8.7041,3942,0.1727,-0.132,-0.1113,1.1674,7.378,1,walk
8.7062,3943,0.1698,-0.1298,-0.1094,0.2553,7.33,1,walk
8.7084,3944,0.1716,-0.1315,-0.1102,0.6273,7.403,1,walk
8.7104,3945,0.1694,-0.13,-0.1087,0.2698,7.352,1,walk
8.7125,3946,0.171,-0.1315,-0.1093,0.8721,7.456,1,walk
8.7145,3947,0.1688,-0.1299,-0.1078,0.2633,7.4,1,walk
8.7166,3948,0.1706,-0.1316,-0.1085,1.0509,7.5,1,walk
8.7187,3949,0.1685,-0.1301,-0.1071,0.2749,7.441,1,walk
8.7209,3950,0.1705,-0.1319,-0.108,0.5626,7.444,1,walk
8.7229,3951,0.1675,-0.1297,-0.1061,0.2713,7.35,1,walk
8.7251,3952,0.1694,-0.1314,-0.107,0.7796,7.43,1,walk
8.7271,3953,0.1676,-0.13,-0.1057,0.2735,7.373,1,walk
8.7293,3954,0.1697,-0.1318,-0.1068,0.7261,7.391,1,walk
8.7313,3955,0.168,-0.1306,-0.1056,0.2924,7.299,1,walk
8.7334,3956,0.1702,-0.1326,-0.1067,0.9328,7.373,1,walk
8.7355,3957,0.1685,-0.1313,-0.1056,0.3079,7.308,1,walk
8.7375,3958,0.1706,-0.1333,-0.1066,0.224,7.335,1,walk
8.7396,3959,0.1688,-0.132,-0.1053,0.2962,7.27,1,walk
8.7417,3960,0.1708,-0.1337,-0.1063,1.1152,7.288,1,walk
8.7438,3961,0.169,-0.1324,-0.105,0.2999,7.221,1,walk
8.7459,3962,0.17,-0.1335,-0.1052,0.4774,7.295,1,walk
8.748,3963,0.1681,-0.1322,-0.1039,0.2943,7.228,1,walk
8.75,3964,0.1701,-0.134,-0.1047,0.5895,7.258,1,walk
8.7521,3965,0.1682,-0.1327,-0.1034,0.295,7.158,1,walk
8.7542,3966,0.171,-0.135,-0.105,0.7305,7.165,1,walk
8.7562,3967,0.1682,-0.133,-0.103,0.2832,7.098,1,walk
8.7583,3968,0.171,-0.1354,-0.1044,0.4563,7.137,1,walk
8.7604,3969,0.1682,-0.1334,-0.1025,0.2839,7.038,1,walk
8.7625,3970,0.1702,-0.1353,-0.1033,0.7191,7.001,1,walk
8.7645,3971,0.1684,-0.134,-0.102,0.3004,6.936,1,walk
8.7666,3972,0.1713,-0.1365,-0.1034,0.7753,6.965,1,walk
8.7687,3973,0.1686,-0.1346,-0.1016,0.288,6.9,1,walk
8.7708,3974,0.1705,-0.1364,-0.1023,0.3681,6.868,1,walk
8.7729,3975,0.1679,-0.1345,-0.1005,0.2845,6.744,1,walk
8.775,3976,0.1708,-0.137,-0.1019,0.9053,6.701,1,walk
8.777,3977,0.1682,-0.1352,-0.1001,0.2867,6.64,1,walk
8.7793,3978,0.1701,-0.137,-0.1009,0.6119,6.555,1,walk
8.7813,3979,0.1684,-0.1358,-0.0997,0.3091,6.495,1,walk
8.7833,3980,0.1706,-0.1381,-0.1002,0.5535,6.29,1,walk
8.7854,3981,0.1689,-0.1368,-0.099,0.2974,6.204,1,walk
8.7875,3982,0.1708,-0.1386,-0.0998,0.9709,6.104,1,walk
8.7896,3983,0.1691,-0.1374,-0.0987,0.3165,6.076,1,walk
8.7916,3984,0.1713,-0.1393,-0.0998,1.1163,5.823,1,walk
8.7937,3985,0.1696,-0.138,-0.0986,0.3401,5.769,1,walk
8.7959,3986,0.1708,-0.1394,-0.0987,1.9318,5.662,1,walk
8.7979,3987,0.1692,-0.1382,-0.0976,0.3146,5.611,1,walk
8.8,3988,0.1711,-0.1401,-0.0982,0.2365,5.562,1,walk
8.8021,3989,0.1695,-0.1389,-0.0971,0.3171,5.512,1,walk
8.8042,3990,0.1722,-0.1413,-0.0985,1.3191,5.415,1,walk
8.8062,3991,0.1698,-0.1395,-0.0968,0.2919,5.342,1,walk
8.8084,3992,0.1717,-0.1413,-0.0976,0.6604,5.206,1,walk
8.8105,3993,0.1701,-0.1401,-0.0965,0.3318,5.16,1,walk
8.8126,3994,0.1719,-0.1419,-0.0971,1.1503,5.14,1,walk
8.8146,3995,0.1703,-0.1407,-0.096,0.3257,5.095,1,walk
8.8168,3996,0.172,-0.1423,-0.0965,1.2934,4.99,1,walk
8.8188,3997,0.1704,-0.1412,-0.0955,0.3216,4.948,1,walk
8.8209,3998,0.1712,-0.1421,-0.0954,0.7414,4.824,1,walk
8.8229,3999,0.1696,-0.141,-0.0943,0.3173,4.805,1,walk
8.825,4000,0.1719,-0.1431,-0.0952,0.8865,4.74,1,walk
8.8271,4001,0.1696,-0.1414,-0.0936,0.2603,4.683,1,walk
8.8291,4002,0.171,-0.143,-0.0938,0.4574,4.615,1,walk
8.8312,4003,0.1695,-0.1418,-0.0928,0.3007,4.562,1,walk
8.8335,4004,0.1709,-0.1433,-0.0931,1.1996,4.537,1,walk
8.8356,4005,0.1694,-0.1422,-0.0921,0.3094,4.52,1,walk
8.8376,4006,0.1709,-0.1437,-0.0925,0.6942,4.495,1,walk
8.8397,4007,0.1694,-0.1425,-0.0915,0.3056,4.463,1,walk
8.8418,4008,0.1705,-0.1436,-0.0919,1.4304,4.396,1,walk
8.8438,4009,0.1689,-0.1424,-0.0909,0.3068,4.366,1,walk
8.846,4010,0.1705,-0.1439,-0.0913,0.6489,4.361,1,walk
8.848,4011,0.1682,-0.1422,-0.0899,0.2462,4.318,1,walk
8.8502,4012,0.1705,-0.1442,-0.091,1.4346,4.34,1,walk
8.8522,4013,0.1682,-0.1424,-0.0895,0.2485,4.288,1,walk
8.8542,4014,0.1696,-0.1438,-0.0899,1.8528,4.336,1,walk
8.8563,4015,0.1681,-0.1426,-0.0889,0.2943,4.324,1,walk
8.8583,4016,0.1692,-0.1436,-0.0895,0.8427,4.511,1,walk
8.8604,4017,0.1676,-0.1424,-0.0885,0.3049,4.489,1,walk
8.8625,4018,0.169,-0.1437,-0.089,0.5844,4.548,1,walk
8.8646,4019,0.1675,-0.1424,-0.0881,0.2961,4.528,1,walk
8.8667,4020,0.1689,-0.1438,-0.0887,0.8401,4.666,1,walk
8.8687,4021,0.1674,-0.1425,-0.0877,0.2913,4.647,1,walk
8.8709,4022,0.1688,-0.1438,-0.0884,1.2662,4.786,1,walk
8.873,4023,0.1665,-0.1419,-0.087,0.2224,4.752,1,walk
8.875,4024,0.1678,-0.1432,-0.0875,0.9182,4.896,1,walk
8.8771,4025,0.1662,-0.1419,-0.0866,0.2856,4.889,1,walk
8.8792,4026,0.1683,-0.1437,-0.0876,0.4548,5.037,1,walk
8.8812,4027,0.1659,-0.1417,-0.0862,0.2091,5.017,1,walk
8.8834,4028,0.167,-0.1427,-0.0867,0.8302,5.164,1,walk
8.8854,4029,0.1654,-0.1414,-0.0858,0.2777,5.153,1,walk
8.8877,4030,0.1666,-0.1425,-0.0863,1.0735,5.29,1,walk
8.8897,4031,0.165,-0.1411,-0.0854,0.2765,5.281,1,walk
8.8918,4032,0.166,-0.1422,-0.0858,0.5021,5.413,1,walk
8.8938,4033,0.1636,-0.1402,-0.0844,0.1936,5.4,1,walk
8.8959,4034,0.1655,-0.1418,-0.0853,1.2583,5.537,1,walk
8.898,4035,0.163,-0.1397,-0.084,0.1919,5.532,1,walk
8.9,4036,0.164,-0.1405,-0.0845,0.8317,5.661,1,walk
8.9021,4037,0.1623,-0.1392,-0.0836,0.2636,5.656,1,walk
8.9041,4038,0.1633,-0.14,-0.084,0.5184,5.796,1,walk
8.9062,4039,0.1616,-0.1386,-0.0831,0.2513,5.79,1,walk
8.9083,4040,0.1625,-0.1394,-0.0835,0.9821,5.909,1,walk
8.9103,4041,0.1608,-0.138,-0.0826,0.249,5.906,1,walk
8.9125,4042,0.1616,-0.1387,-0.083,0.7531,6.013,1,walk
8.9145,4043,0.1599,-0.1373,-0.0821,0.2395,6.007,1,walk
8.9167,4044,0.1608,-0.138,-0.0826,1.1592,6.115,1,walk
8.9187,4045,0.1591,-0.1365,-0.0817,0.2363,6.107,1,walk
8.9208,4046,0.1589,-0.1363,-0.0815,1.4881,6.183,1,walk
8.9229,4047,0.1571,-0.1349,-0.0806,0.2215,6.173,1,walk
8.925,4048,0.1577,-0.1353,-0.081,1.0617,6.242,1,walk
8.927,4049,0.156,-0.1338,-0.0801,0.2217,6.224,1,walk
8.9292,4050,0.1565,-0.1342,-0.0805,0.2569,6.308,1,walk
8.9312,4051,0.1548,-0.1327,-0.0796,0.2135,6.302,1,walk
8.9333,4052,0.1554,-0.1332,-0.08,1.2457,6.379,1,walk
8.9354,4053,0.1536,-0.1317,-0.0791,0.2103,6.364,1,walk
8.9375,4054,0.1542,-0.1321,-0.0797,0.9919,6.44,1,walk
8.9396,4055,0.1524,-0.1305,-0.0788,0.2093,6.416,1,walk
8.9417,4056,0.153,-0.1309,-0.0792,0.6439,6.48,1,walk
8.9437,4057,0.1512,-0.1294,-0.0783,0.1937,6.471,1,walk
8.9459,4058,0.1508,-0.1289,-0.0783,0.8486,6.549,1,walk
8.948,4059,0.149,-0.1273,-0.0774,0.1886,6.529,1,walk
8.95,4060,0.1494,-0.1276,-0.0778,0.2495,6.555,1,walk
8.9521,4061,0.1476,-0.1259,-0.0769,0.1789,6.532,1,walk
8.9542,4062,0.1481,-0.1262,-0.0774,1.1004,6.646,1,walk
8.9562,4063,0.1462,-0.1246,-0.0765,0.1739,6.621,1,walk
8.9583,4064,0.1477,-0.1257,-0.0776,1.3887,6.726,1,walk
8.9604,4065,0.1449,-0.1232,-0.0762,0.1498,6.686,1,walk
8.9625,4066,0.1453,-0.1234,-0.0767,0.0721,6.754,1,walk
8.9646,4067,0.1434,-0.1217,-0.0758,0.1575,6.725,1,walk
8.9667,4068,0.1438,-0.1219,-0.0764,0.8324,6.825,1,walk
8.9687,4069,0.1419,-0.1201,-0.0755,0.1512,6.795,1,walk
8.9709,4070,0.1424,-0.1203,-0.0761,1.0593,6.891,1,walk
8.9729,4071,0.1395,-0.1177,-0.0747,0.1605,6.825,1,walk
8.975,4072,0.1408,-0.1187,-0.0758,0.4361,6.927,1,walk
8.977,4073,0.1379,-0.1161,-0.0744,0.1554,6.893,1,walk
8.9791,4074,0.1393,-0.117,-0.0755,0.9711,6.995,1,walk
8.9812,4075,0.1365,-0.1145,-0.0742,0.1466,6.943,1,walk
8.9833,4076,0.1371,-0.1148,-0.0749,0.1893,7.0,1,walk
8.9853,4077,0.1356,-0.1136,-0.0741,0.2156,6.957,1,walk
8.9875,4078,0.1367,-0.1143,-0.0749,1.321,7.028,1,walk
8.9895,4079,0.1355,-0.1134,-0.0742,0.2668,6.977,1,walk
8.9916,4080,0.1367,-0.1142,-0.075,0.5305,7.014,1,walk
8.9937,4081,0.1356,-0.1134,-0.0744,0.2845,6.952,1,walk
8.9959,4082,0.1368,-0.1143,-0.0752,0.5977,7.025,1,walk
8.9979,4083,0.1351,-0.1129,-0.0741,0.1987,6.927,1,walk
9.0,4084,0.1366,-0.1141,-0.0751,2.4436,6.996,1,walk
9.002,4085,0.1347,-0.1125,-0.074,0.1516,6.858,1,walk
9.0041,4086,0.1355,-0.113,-0.0747,1.4882,6.914,1,walk
9.0062,4087,0.134,-0.1118,-0.0739,0.2084,6.844,1,walk
9.0083,4088,0.1346,-0.1121,-0.0746,0.4897,6.877,1,walk
9.0103,4089,0.1331,-0.1108,-0.0737,0.1879,6.775,1,walk
9.0127,4090,0.1337,-0.1111,-0.0744,0.8128,6.804,1,walk
9.0147,4091,0.1321,-0.1098,-0.0735,0.1816,6.772,1,walk
9.0168,4092,0.1326,-0.11,-0.0741,1.0503,6.834,1,walk
9.0188,4093,0.131,-0.1086,-0.0732,0.1716,6.771,1,walk
9.0209,4094,0.1315,-0.1088,-0.0738,0.9164,6.784,1,walk
9.023,4095,0.1291,-0.1068,-0.0725,0.123,6.725,1,walk
9.025,4096,0.1296,-0.107,-0.0731,0.8812,6.786,1,walk
9.0271,4097,0.1281,-0.1058,-0.0723,0.1726,6.736,1,walk
9.0292,4098,0.1292,-0.1064,-0.0732,1.3946,6.552,1,walk
9.0313,4099,0.1278,-0.1053,-0.0725,0.2245,6.515,1,walk
9.0333,4100,0.1292,-0.1063,-0.0735,2.494,6.564,1,walk
9.0353,4101,0.1272,-0.1046,-0.0724,0.1193,6.511,1,walk
9.0375,4102,0.128,-0.105,-0.0732,1.4475,6.533,1,walk
9.0396,4103,0.1266,-0.1038,-0.0724,0.1791,6.48,1,walk
9.0417,4104,0.1272,-0.1041,-0.0731,0.6475,6.496,1,walk
9.0437,4105,0.1258,-0.1029,-0.0723,0.1657,6.477,1,walk
9.0459,4106,0.1257,-0.1025,-0.0726,0.6802,6.467,1,walk
9.0479,4107,0.1242,-0.1013,-0.0719,0.1632,6.429,1,walk
9.05,4108,0.1249,-0.1016,-0.0727,1.1636,6.384,1,walk
9.052,4109,0.1235,-0.1004,-0.072,0.1662,6.345,1,walk
9.0543,4110,0.1241,-0.1006,-0.0727,0.2981,6.366,1,walk
9.0563,4111,0.1227,-0.0994,-0.072,0.1611,6.327,1,walk
9.0585,4112,0.1234,-0.0996,-0.0728,0.78,6.325,1,walk
9.0605,4113,0.122,-0.0985,-0.0721,0.1694,6.286,1,walk
9.0626,4114,0.1227,-0.0988,-0.0728,0.5507,6.259,1,walk
9.0647,4115,0.1214,-0.0976,-0.0721,0.1717,6.221,1,walk
9.0667,4116,0.122,-0.0978,-0.0729,1.1735,6.227,1,walk
9.0688,4117,0.1207,-0.0967,-0.0723,0.1715,6.189,1,walk
9.0709,4118,0.1214,-0.097,-0.0731,0.7463,6.186,1,walk
9.0729,4119,0.1195,-0.0953,-0.0721,0.0814,6.112,1,walk
9.075,4120,0.1202,-0.0956,-0.0728,0.6671,6.138,1,walk
9.0771,4121,0.1189,-0.0944,-0.0722,0.1644,6.102,1,walk
9.0791,4122,0.1202,-0.0953,-0.0732,0.4838,6.147,1,walk
9.0812,4123,0.1183,-0.0936,-0.0723,0.0744,6.093,1,walk
9.0833,4124,0.119,-0.0939,-0.0731,1.4972,6.094,1,walk
9.0853,4125,0.1178,-0.0928,-0.0725,0.166,6.04,1,walk
9.0875,4126,0.1185,-0.093,-0.0734,0.7627,6.074,1,walk
9.0895,4127,0.1172,-0.0919,-0.0727,0.172,6.038,1,walk
9.0916,4128,0.1179,-0.0922,-0.0736,0.3734,6.057,1,walk
9.0937,4129,0.1167,-0.0911,-0.0729,0.1693,6.021,1,walk
9.0959,4130,0.1168,-0.0909,-0.0734,0.5553,5.94,1,walk
9.0979,4131,0.1156,-0.0898,-0.0728,0.1566,5.905,1,walk
9.1,4132,0.1162,-0.09,-0.0734,1.7062,5.888,1,walk
9.102,4133,0.1149,-0.089,-0.0728,0.1554,5.853,1,walk
9.1041,4134,0.1162,-0.0897,-0.0739,1.5539,5.852,1,walk
9.1061,4135,0.1144,-0.0881,-0.073,0.0648,5.8,1,walk
9.1083,4136,0.115,-0.0884,-0.0737,0.6857,5.792,1,walk
9.1103,4137,0.1139,-0.0873,-0.0731,0.1555,5.758,1,walk
9.1125,4138,0.1145,-0.0875,-0.0739,0.9713,5.78,1,walk
9.1145,4139,0.1133,-0.0864,-0.0733,0.1645,5.747,1,walk
9.1166,4140,0.1145,-0.0871,-0.0744,0.4533,5.756,1,walk
9.1187,4141,0.1128,-0.0856,-0.0735,0.0657,5.707,1,walk
9.1208,4142,0.114,-0.0865,-0.0743,0.6958,5.707,1,walk
9.1229,4143,0.1117,-0.0845,-0.0731,0.1044,5.659,1,walk
9.125,4144,0.1124,-0.0847,-0.0739,0.8764,5.7,1,walk
9.127,4145,0.1113,-0.0837,-0.0733,0.1542,5.668,1,walk
9.1293,4146,0.112,-0.084,-0.0741,1.273,5.716,1,walk
9.1313,4147,0.1108,-0.083,-0.0735,0.1595,5.669,1,walk
9.1334,4148,0.1117,-0.0832,-0.0744,1.5293,5.71,1,walk
9.1354,4149,0.1106,-0.0823,-0.0739,0.1671,5.679,1,walk
9.1375,4150,0.1114,-0.0825,-0.0748,0.2285,5.761,1,walk
9.1395,4151,0.1103,-0.0815,-0.0742,0.164,5.73,1,walk
9.1417,4152,0.1112,-0.0819,-0.0752,1.4696,5.815,1,walk
9.1437,4153,0.1101,-0.0809,-0.0746,0.1642,5.768,1,walk
9.146,4154,0.1105,-0.0809,-0.0753,0.8382,5.866,1,walk
9.148,4155,0.1094,-0.0799,-0.0747,0.1597,5.85,1,walk
9.1501,4156,0.111,-0.0809,-0.076,1.2083,5.977,1,walk
9.1521,4157,0.1093,-0.0794,-0.0752,0.0667,5.929,1,walk
9.1543,4158,0.1104,-0.0798,-0.0763,1.0453,6.033,1,walk
9.1563,4159,0.1093,-0.0788,-0.0757,0.1641,6.001,1,walk
9.1584,4160,0.1104,-0.0793,-0.0768,1.2026,6.138,1,walk
9.1605,4161,0.1093,-0.0783,-0.0763,0.161,6.103,1,walk
9.1627,4162,0.1104,-0.0787,-0.0774,0.52,6.235,1,walk
9.1647,4163,0.1093,-0.0778,-0.0768,0.1618,6.2,1,walk
9.1668,4164,0.1099,-0.0777,-0.0778,1.0105,6.29,1,walk
9.1689,4165,0.1088,-0.0767,-0.0772,0.162,6.271,1,walk
9.171,4166,0.11,-0.0771,-0.0784,0.9166,6.402,1,walk
9.173,4167,0.1089,-0.0761,-0.0778,0.159,6.362,1,walk
9.1751,4168,0.1106,-0.0771,-0.0793,0.7576,6.513,1,walk
9.1771,4169,0.1089,-0.0756,-0.0784,0.06,6.428,1,walk
9.1792,4170,0.1101,-0.076,-0.0796,0.782,6.571,1,walk
9.1813,4171,0.109,-0.075,-0.079,0.1558,6.548,1,walk
9.1834,4172,0.1102,-0.0755,-0.0803,1.2662,6.697,1,walk
9.1855,4173,0.1091,-0.0745,-0.0797,0.1533,6.648,1,walk
9.1875,4174,0.1102,-0.0749,-0.0809,0.3079,6.753,1,walk
9.1896,4175,0.1091,-0.0739,-0.0803,0.1532,6.7,1,walk
9.1917,4176,0.1104,-0.0744,-0.0816,1.3539,6.849,1,walk
9.1938,4177,0.1093,-0.0734,-0.0809,0.1492,6.793,1,walk
9.1959,4178,0.1105,-0.0739,-0.0822,0.4563,6.939,1,walk
9.1979,4179,0.1088,-0.0724,-0.0812,0.0546,6.818,1,walk
9.2,4180,0.1101,-0.073,-0.0825,0.804,6.942,1,walk
9.202,4181,0.109,-0.072,-0.0818,0.1447,6.91,1,walk
9.2041,4182,0.1102,-0.0724,-0.0831,0.4475,7.034,1,walk
9.2062,4183,0.1091,-0.0714,-0.0824,0.1455,6.968,1,walk
9.2083,4184,0.1103,-0.0719,-0.0837,0.8756,7.059,1,walk
9.2103,4185,0.1092,-0.0709,-0.083,0.1392,6.99,1,walk
9.2125,4186,0.1104,-0.0714,-0.0842,0.5585,7.119,1,walk
9.2145,4187,0.1093,-0.0705,-0.0835,0.1413,7.083,1,walk
9.2167,4188,0.1105,-0.0709,-0.0848,0.8677,7.197,1,walk
9.2187,4189,0.1094,-0.07,-0.0841,0.1426,7.123,1,walk
9.2208,4190,0.11,-0.07,-0.0849,0.4415,7.181,1,walk
9.2229,4191,0.1089,-0.069,-0.0842,0.14,7.104,1,walk
9.225,4192,0.1101,-0.0695,-0.0854,0.8975,7.26,1,walk
9.227,4193,0.109,-0.0686,-0.0847,0.1381,7.181,1,walk
9.2291,4194,0.1108,-0.0695,-0.0863,1.0131,7.344,1,walk
9.2311,4195,0.109,-0.0681,-0.0852,0.0669,7.184,1,walk
9.2333,4196,0.1103,-0.0685,-0.0864,0.774,7.311,1,walk
9.2353,4197,0.1091,-0.0676,-0.0856,0.1388,7.271,1,walk
9.2375,4198,0.1103,-0.068,-0.0869,0.6865,7.39,1,walk
9.2396,4199,0.1092,-0.0671,-0.0861,0.1424,7.309,1,walk
9.2417,4200,0.1104,-0.0676,-0.0874,1.0636,7.435,1,walk
9.2438,4201,0.1093,-0.0666,-0.0866,0.1446,7.312,1,walk
9.246,4202,0.1105,-0.0671,-0.0878,0.3779,7.452,1,walk
9.248,4203,0.1087,-0.0657,-0.0866,0.0782,7.369,1,walk
9.2501,4204,0.11,-0.0662,-0.0878,0.8815,7.457,1,walk
9.2521,4205,0.1088,-0.0653,-0.087,0.1384,7.374,1,walk
9.2544,4206,0.1102,-0.0658,-0.0883,1.3738,7.447,1,walk
9.2564,4207,0.1089,-0.0649,-0.0875,0.1453,7.363,1,walk
9.2585,4208,0.1102,-0.0654,-0.0887,0.1857,7.508,1,walk
9.2605,4209,0.109,-0.0645,-0.0879,0.1442,7.424,1,walk
9.2626,4210,0.1103,-0.065,-0.0891,0.6971,7.506,1,walk
9.2647,4211,0.1091,-0.0641,-0.0883,0.1436,7.38,1,walk
9.2668,4212,0.1105,-0.0646,-0.0896,1.3929,7.497,1,walk
9.2688,4213,0.1093,-0.0637,-0.0888,0.1524,7.455,1,walk
9.2709,4214,0.1101,-0.0639,-0.0896,0.7941,7.499,1,walk
9.2729,4215,0.1089,-0.063,-0.0888,0.1497,7.416,1,walk
9.275,4216,0.1102,-0.0635,-0.0901,0.763,7.478,1,walk
9.2771,4217,0.109,-0.0626,-0.0892,0.1538,7.39,1,walk
9.2792,4218,0.1104,-0.0631,-0.0905,1.0382,7.536,1,walk
9.2812,4219,0.1092,-0.0624,-0.0896,0.1737,7.451,1,walk
9.2833,4220,0.1106,-0.063,-0.0908,1.0692,7.55,1,walk
9.2854,4221,0.1093,-0.0623,-0.0899,0.182,7.445,1,walk
9.2875,4222,0.1108,-0.0629,-0.0911,1.12,7.569,1,walk
9.2896,4223,0.1096,-0.0622,-0.0902,0.1922,7.538,1,walk
9.2917,4224,0.1116,-0.0632,-0.0919,0.4563,7.696,1,walk
9.2937,4225,0.1097,-0.0622,-0.0904,0.1711,7.611,1,walk
9.2958,4226,0.1112,-0.0629,-0.0917,1.2362,7.696,1,walk
9.2979,4227,0.1094,-0.0618,-0.0903,0.1573,7.643,1,walk
9.3,4228,0.1108,-0.0624,-0.0915,1.1795,7.822,1,walk
9.3021,4229,0.1096,-0.0617,-0.0906,0.1792,7.77,1,walk
9.3041,4230,0.1115,-0.0626,-0.0923,0.8049,7.949,1,walk
9.3062,4231,0.1097,-0.0614,-0.0909,0.134,7.846,1,walk
9.3083,4232,0.111,-0.0619,-0.0921,0.7011,8.056,1,walk
9.3103,4233,0.1097,-0.0611,-0.0911,0.1703,8.003,1,walk
9.3125,4234,0.1108,-0.0616,-0.0922,0.6213,8.158,1,walk
9.3145,4235,0.1095,-0.0608,-0.091,0.173,8.072,1,walk
9.3167,4236,0.1106,-0.0612,-0.0921,1.0004,8.197,1,walk
9.3187,4237,0.1092,-0.0605,-0.091,0.1786,8.165,1,walk
9.3208,4238,0.1105,-0.0609,-0.0921,1.0348,8.263,1,walk
9.3229,4239,0.1084,-0.0598,-0.0905,0.1703,8.129,1,walk
9.325,4240,0.1098,-0.0603,-0.0917,1.2677,8.209,1,walk
9.327,4241,0.1085,-0.0596,-0.0907,0.1923,8.175,1,walk
9.3291,4242,0.1101,-0.06,-0.0923,1.7176,8.174,1,walk
9.3312,4243,0.1083,-0.059,-0.0908,0.1423,8.069,1,walk
9.3333,4244,0.1109,-0.0604,-0.0931,0.9879,8.14,1,walk
9.3353,4245,0.1092,-0.0595,-0.0916,0.2007,8.032,1,walk
9.3375,4246,0.1109,-0.0602,-0.0932,1.8562,8.079,1,walk
9.3395,4247,0.1098,-0.0596,-0.0923,0.2171,8.007,1,walk
9.3417,4248,0.1115,-0.0602,-0.0938,0.5734,8.0,1,walk
9.3438,4249,0.1103,-0.0596,-0.0928,0.2115,7.89,1,walk
9.3459,4250,0.1113,-0.0597,-0.0939,2.0536,7.836,1,walk
9.3479,4251,0.1095,-0.0588,-0.0924,0.1546,7.762,1,walk
9.3501,4252,0.1116,-0.0597,-0.0943,1.1247,7.819,1,walk
9.3521,4253,0.1098,-0.0588,-0.0928,0.1826,7.708,1,walk
9.3542,4254,0.1122,-0.0598,-0.0949,1.2978,7.792,1,walk
9.3563,4255,0.1103,-0.0589,-0.0933,0.2017,7.645,1,walk
9.3584,4256,0.112,-0.0596,-0.0948,0.339,7.623,1,walk
9.3605,4257,0.1108,-0.059,-0.0938,0.2236,7.586,1,walk
9.3626,4258,0.1126,-0.0596,-0.0955,2.0714,7.575,1,walk
9.3647,4259,0.1108,-0.0587,-0.0939,0.1782,7.467,1,walk
9.3667,4260,0.1123,-0.0593,-0.0954,1.2946,7.421,1,walk
9.3688,4261,0.1111,-0.0587,-0.0943,0.2253,7.35,1,walk
9.3708,4262,0.1127,-0.0594,-0.0958,1.3729,7.414,1,walk
9.3729,4263,0.1109,-0.0585,-0.0942,0.2119,7.309,1,walk
9.375,4264,0.1124,-0.0592,-0.0956,0.2388,7.283,1,walk
9.3771,4265,0.1112,-0.0586,-0.0945,0.2299,7.181,1,walk
9.3792,4266,0.1124,-0.0589,-0.0957,1.9411,7.153,1,walk
9.3812,4267,0.1112,-0.0584,-0.0946,0.2252,7.119,1,walk
9.3833,4268,0.1132,-0.0592,-0.0965,1.2981,7.145,1,walk
9.3853,4269,0.1114,-0.0584,-0.0949,0.2098,7.046,1,walk
9.3875,4270,0.1128,-0.0589,-0.0962,0.5354,7.05,1,walk
9.3895,4271,0.1116,-0.0584,-0.0951,0.2328,6.954,1,walk
9.3917,4272,0.1128,-0.0587,-0.0964,1.3533,6.939,1,walk
9.3937,4273,0.1116,-0.0582,-0.0953,0.23,6.907,1,walk
9.3958,4274,0.1124,-0.0585,-0.096,1.0254,6.856,1,walk
9.3979,4275,0.1112,-0.058,-0.0949,0.2289,6.795,1,walk
9.4,4276,0.1125,-0.0584,-0.0961,0.5339,6.763,1,walk
9.4021,4277,0.1113,-0.0579,-0.095,0.2313,6.705,1,walk
9.4041,4278,0.113,-0.0586,-0.0967,1.146,6.763,1,walk
9.4062,4279,0.1112,-0.0578,-0.095,0.1997,6.705,1,walk
9.4083,4280,0.1125,-0.0582,-0.0963,1.399,6.729,1,walk
9.4104,4281,0.1113,-0.0578,-0.0952,0.2337,6.673,1,walk
9.4125,4282,0.1126,-0.0581,-0.0964,0.4841,6.698,1,walk
9.4146,4283,0.1114,-0.0576,-0.0953,0.2335,6.643,1,walk
9.4167,4284,0.1124,-0.058,-0.0963,1.637,6.709,1,walk
9.4187,4285,0.1112,-0.0575,-0.0952,0.2226,6.654,1,walk
9.4209,4286,0.1124,-0.0578,-0.0964,1.4137,6.701,1,walk
9.4229,4287,0.1106,-0.0571,-0.0948,0.2082,6.593,1,walk
9.4251,4288,0.1118,-0.0573,-0.096,0.4788,6.654,1,walk
9.4271,4289,0.1106,-0.0569,-0.0949,0.2331,6.627,1,walk
9.4292,4290,0.1121,-0.0573,-0.0963,2.3694,6.733,1,walk
9.4313,4291,0.1103,-0.0565,-0.0947,0.1856,6.651,1,walk
9.4334,4292,0.1114,-0.0567,-0.0958,1.4568,6.733,1,walk
9.4355,4293,0.1102,-0.0563,-0.0948,0.2294,6.649,1,walk
9.4377,4294,0.1113,-0.0564,-0.0959,0.48,6.742,1,walk
9.4397,4295,0.1101,-0.056,-0.0948,0.2266,6.713,1,walk
9.4418,4296,0.1103,-0.0558,-0.0952,2.2317,6.776,1,walk
9.4439,4297,0.1092,-0.0553,-0.0941,0.2165,6.717,1,walk
9.4459,4298,0.1102,-0.0554,-0.0953,1.5061,6.746,1,walk
9.448,4299,0.109,-0.0549,-0.0942,0.2241,6.685,1,walk
9.4501,4300,0.1107,-0.0553,-0.0958,0.2575,6.779,1,walk
9.4521,4301,0.1089,-0.0545,-0.0942,0.1854,6.717,1,walk
9.4542,4302,0.1097,-0.0546,-0.0951,1.7637,6.824,1,walk
9.4562,4303,0.1085,-0.0541,-0.094,0.2096,6.759,1,walk
9.4583,4304,0.1095,-0.0542,-0.0951,1.5182,6.802,1,walk
9.4604,4305,0.1083,-0.0537,-0.094,0.2132,6.736,1,walk
9.4625,4306,0.1093,-0.0538,-0.0951,1.5009,6.829,1,walk
9.4645,4307,0.1081,-0.0533,-0.094,0.2131,6.763,1,walk
9.4666,4308,0.1089,-0.0533,-0.0949,1.9555,6.868,1,walk
9.4687,4309,0.1077,-0.0528,-0.0938,0.2058,6.769,1,walk
9.4708,4310,0.1087,-0.0528,-0.095,1.4918,6.822,1,walk
9.4728,4311,0.1068,-0.0521,-0.0933,0.1799,6.755,1,walk
9.475,4312,0.1079,-0.0518,-0.0946,0.6993,6.819,1,walk
9.477,4313,0.1066,-0.0513,-0.0935,0.2255,6.753,1,walk
9.4791,4314,0.1074,-0.0513,-0.0943,1.8429,6.793,1,walk
9.4812,4315,0.1061,-0.0508,-0.0932,0.1865,6.726,1,walk
9.4833,4316,0.1071,-0.0509,-0.0942,1.5208,6.824,1,walk
9.4853,4317,0.1058,-0.0504,-0.093,0.1905,6.757,1,walk
9.4874,4318,0.1065,-0.0503,-0.0939,1.8291,6.862,1,walk
9.4895,4319,0.1052,-0.0498,-0.0927,0.1834,6.796,1,walk
9.4916,4320,0.1061,-0.0499,-0.0937,1.3904,6.783,1,walk
9.4937,4321,0.1048,-0.0493,-0.0925,0.1811,6.718,1,walk
9.4958,4322,0.1055,-0.0492,-0.0933,1.0237,6.83,1,walk
9.4979,4323,0.1036,-0.0484,-0.0916,0.1489,6.732,1,walk
9.5,4324,0.1056,-0.0489,-0.0936,1.2606,6.865,1,walk
9.5021,4325,0.103,-0.0478,-0.0913,0.2184,6.701,1,walk
9.5041,4326,0.1037,-0.0478,-0.0921,0.7189,6.781,1,walk
9.5062,4327,0.1024,-0.0472,-0.0909,0.1581,6.748,1,walk
9.5083,4328,0.1031,-0.0471,-0.0917,0.5967,6.844,1,walk
9.5103,4329,0.1017,-0.0465,-0.0905,0.155,6.779,1,walk
9.5125,4330,0.1023,-0.0464,-0.0912,0.4784,6.827,1,walk
9.5145,4331,0.101,-0.0458,-0.0901,0.1476,6.762,1,walk
9.5166,4332,0.1015,-0.0456,-0.0907,0.7168,6.907,1,walk
9.5187,4333,0.1002,-0.0449,-0.0895,0.1406,6.841,1,walk
9.5208,4334,0.1007,-0.0448,-0.0902,1.2768,6.939,1,walk
9.5228,4335,0.0987,-0.0438,-0.0884,0.1326,6.807,1,walk
9.525,4336,0.0998,-0.0442,-0.0894,1.1353,6.723,1,walk
9.5271,4337,0.0984,-0.0436,-0.0882,0.1417,6.689,1,walk
9.5293,4338,0.0988,-0.0434,-0.0888,2.0298,6.785,1,walk
9.5313,4339,0.0975,-0.0427,-0.0876,0.115,6.719,1,walk
9.5335,4340,0.0979,-0.0426,-0.0881,0.4429,6.836,1,walk
9.5355,4341,0.0965,-0.0419,-0.0869,0.1109,6.735,1,walk
9.5377,4342,0.0967,-0.0419,-0.0872,1.7219,6.912,1,walk
9.5397,4343,0.0953,-0.0412,-0.0859,0.0795,6.878,1,walk
9.5418,4344,0.0957,-0.041,-0.0865,1.2904,7.019,1,walk
9.5438,4345,0.0936,-0.0399,-0.0847,0.1324,6.886,1,walk
9.5459,4346,0.0938,-0.0396,-0.085,2.2557,7.044,1,walk
9.5479,4347,0.0924,-0.0389,-0.0838,0.0766,7.01,1,walk
9.5503,4348,0.0925,-0.0385,-0.0841,0.5194,7.182,1,walk
9.5523,4349,0.0911,-0.0377,-0.0829,0.0664,7.114,1,walk
9.5545,4350,0.0914,-0.0374,-0.0834,1.5862,7.283,1,walk
9.5565,4351,0.09,-0.0366,-0.0822,0.0739,7.214,1,walk
9.5586,4352,0.0903,-0.0363,-0.0826,0.8341,7.407,1,walk
9.5607,4353,0.0888,-0.0355,-0.0814,0.0602,7.372,1,walk
9.5629,4354,0.0891,-0.0351,-0.0819,0.5998,7.586,1,walk
9.5649,4355,0.087,-0.0339,-0.0801,0.1456,7.443,1,walk
9.5671,4356,0.0877,-0.0339,-0.0809,2.2929,7.702,1,walk
9.5691,4357,0.0856,-0.0326,-0.0791,0.1476,7.629,1,walk
9.5712,4358,0.0863,-0.0326,-0.0799,0.4775,7.886,1,walk
9.5732,4359,0.0841,-0.0313,-0.0781,0.1629,7.774,1,walk
9.5755,4360,0.084,-0.0307,-0.0781,1.2174,8.038,1,walk
9.5775,4361,0.0825,-0.0299,-0.0769,0.0174,7.928,1,walk
9.5799,4362,0.0825,-0.0295,-0.077,1.0142,8.171,1,walk
9.5819,4363,0.0811,-0.0287,-0.0759,0.0227,8.099,1,walk
9.5842,4364,0.0809,-0.0282,-0.0759,0.9884,8.285,1,walk
9.5863,4365,0.0802,-0.0279,-0.0752,0.1309,8.207,1,walk
9.5885,4366,0.081,-0.0282,-0.0759,1.0802,8.468,1,walk
9.5909,4367,0.0818,-0.0286,-0.0766,0.1809,8.695,1,walk
9.5929,4368,0.0809,-0.0284,-0.0757,0.2567,8.514,1,walk
9.5963,4369,0.0814,-0.0287,-0.0762,0.6024,8.78,1,walk
9.5974,4370,0.0807,-0.0284,-0.0755,0.1371,8.682,1,walk
9.5994,4371,0.0814,-0.0287,-0.0762,1.6568,8.889,1,walk
9.6014,4372,0.0806,-0.0284,-0.0754,0.1163,8.736,1,walk
9.6035,4373,0.0811,-0.0286,-0.0759,0.6257,8.988,1,walk
9.6056,4374,0.0802,-0.0282,-0.075,0.096,8.884,1,walk
9.6076,4375,0.0806,-0.0284,-0.0754,0.704,9.069,1,walk
9.6097,4376,0.0796,-0.028,-0.0745,0.083,8.91,1,walk
9.6117,4377,0.08,-0.0282,-0.0749,0.2097,9.112,1,walk
9.6138,4378,0.079,-0.0278,-0.074,0.0795,9.058,1,walk
9.6158,4379,0.079,-0.0278,-0.0739,0.797,9.174,1,walk
9.6179,4380,0.078,-0.0274,-0.073,0.0761,9.013,1,walk
9.62,4381,0.0783,-0.0274,-0.0733,1.2198,9.211,1,walk
9.622,4382,0.0773,-0.027,-0.0724,0.078,9.157,1,walk
9.6241,4383,0.0778,-0.0273,-0.0729,1.118,9.33,1,walk
9.6261,4384,0.0768,-0.0269,-0.072,0.0802,9.178,1,walk
9.6292,4385,0.0773,-0.0271,-0.0724,0.8639,9.353,1,walk
9.6303,4386,0.0764,-0.0268,-0.0716,0.0934,9.306,1,walk
9.6336,4387,0.0769,-0.027,-0.072,0.4323,9.509,1,walk
9.6347,4388,0.0761,-0.0267,-0.0712,0.0878,9.417,1,walk
9.6367,4389,0.0765,-0.0269,-0.0717,0.4502,9.555,1,walk
9.6388,4390,0.0757,-0.0265,-0.0709,0.0807,9.462,1,walk
9.6408,4391,0.0756,-0.0265,-0.0708,1.2011,9.656,1,walk
9.6429,4392,0.0747,-0.0261,-0.07,0.0733,9.562,1,walk
9.6449,4393,0.0751,-0.0264,-0.0703,1.2539,9.691,1,walk
9.647,4394,0.0743,-0.026,-0.0696,0.0748,9.594,1,walk
9.6492,4395,0.0747,-0.0263,-0.0699,0.6417,9.813,1,walk
9.6513,4396,0.0738,-0.0259,-0.0691,0.0755,9.716,1,walk
9.6533,4397,0.0743,-0.0262,-0.0695,0.6045,9.877,1,walk
9.6553,4398,0.0734,-0.0258,-0.0687,0.0716,9.729,1,walk
9.6574,4399,0.0738,-0.0261,-0.0691,0.701,9.916,1,walk
9.6595,4400,0.073,-0.0257,-0.0683,0.0766,9.816,1,walk
9.6616,4401,0.0734,-0.0259,-0.0687,0.3498,10.047,0,walk
9.6636,4402,0.0726,-0.0256,-0.0679,0.0796,9.947,1,walk
9.6657,4403,0.0731,-0.026,-0.0683,0.8211,10.101,0,walk
9.6678,4404,0.0723,-0.0256,-0.0676,0.0753,9.95,1,walk
9.6699,4405,0.0723,-0.0259,-0.0675,1.2781,10.044,0,walk
9.672,4406,0.0715,-0.0255,-0.0668,0.0704,9.993,1,walk
9.6741,4407,0.072,-0.0259,-0.0672,1.1046,10.171,0,walk
9.6761,4408,0.0713,-0.0256,-0.0665,0.0771,10.069,0,walk
9.6782,4409,0.0717,-0.0259,-0.0669,0.6538,10.21,0,walk
9.6803,4410,0.071,-0.0256,-0.0662,0.0821,10.108,0,walk
9.6824,4411,0.0713,-0.0259,-0.0664,1.0186,10.304,0,walk
9.6844,4412,0.0706,-0.0256,-0.0658,0.078,10.252,0,walk
9.6866,4413,0.0709,-0.0259,-0.066,0.7108,10.335,0,walk
9.6887,4414,0.0702,-0.0256,-0.0653,0.074,10.233,0,walk
9.6909,4415,0.0704,-0.026,-0.0654,1.3454,10.426,0,walk
9.693,4416,0.0697,-0.0257,-0.0648,0.0775,10.323,0,walk
9.6952,4417,0.0705,-0.0261,-0.0655,0.9243,10.543,0,walk
9.6973,4418,0.0694,-0.0256,-0.0645,0.049,10.387,0,walk
9.6994,4419,0.0699,-0.026,-0.0649,0.5156,10.607,0,stand
9.7014,4420,0.0692,-0.0257,-0.0643,0.0823,10.452,0,stand
9.7035,4421,0.0696,-0.0262,-0.0645,0.9437,10.669,0,stand
9.7056,4422,0.0689,-0.0259,-0.0639,0.0721,10.617,0,stand
9.7083,4423,0.0691,-0.0262,-0.0639,0.7747,10.785,0,stand
9.7099,4424,0.0684,-0.0259,-0.0633,0.0807,10.63,0,stand
9.712,4425,0.0692,-0.0263,-0.064,0.7457,10.889,0,stand
9.714,4426,0.0685,-0.026,-0.0634,0.1038,10.837,0,stand
9.7177,4427,0.069,-0.0265,-0.0637,0.1039,11.072,0,stand
9.7181,4428,0.0684,-0.0262,-0.0631,1.1369,10.967,0,stand
9.7204,4429,0.0688,-0.0267,-0.0634,1.0029,11.173,0,stand
9.7224,4430,0.0681,-0.0264,-0.0628,0.0729,11.014,0,stand
9.725,4431,0.0686,-0.0268,-0.0632,0.8237,11.263,0,stand
9.727,4432,0.0676,-0.0264,-0.0623,0.048,11.155,0,stand
9.7291,4433,0.0682,-0.0268,-0.0627,0.6908,11.391,0,stand
9.7312,4434,0.0676,-0.0265,-0.0621,0.0845,11.283,0,stand
9.7333,4435,0.0681,-0.0268,-0.0626,0.653,11.411,0,stand
9.7353,4436,0.0674,-0.0265,-0.062,0.0946,11.301,0,stand
9.7374,4437,0.0683,-0.027,-0.0627,0.5898,11.621,0,stand
9.7395,4438,0.0676,-0.0267,-0.0622,0.0948,11.51,0,stand
9.7416,4439,0.0686,-0.0273,-0.0629,1.317,11.813,0,stand
9.7436,4440,0.0676,-0.0268,-0.0621,0.0552,11.646,0,stand
9.7457,4441,0.0683,-0.0273,-0.0625,0.481,11.831,0,stand
9.7478,4442,0.0676,-0.027,-0.062,0.0842,11.718,0,stand
9.7499,4443,0.0682,-0.0276,-0.0624,0.6009,11.979,0,stand
9.752,4444,0.0675,-0.0272,-0.0618,0.0877,11.864,0,stand
9.7541,4445,0.0686,-0.0279,-0.0627,0.9958,12.165,0,stand
9.7561,4446,0.0676,-0.0274,-0.0618,0.0624,11.934,0,stand
9.7583,4447,0.0682,-0.0277,-0.0623,0.7673,12.259,0,stand
9.7604,4448,0.0675,-0.0274,-0.0617,0.0919,12.2,0,stand
9.7624,4449,0.0683,-0.0277,-0.0624,0.6593,12.495,0,stand
9.7645,4450,0.0676,-0.0274,-0.0618,0.0971,12.375,0,stand
9.7666,4451,0.0683,-0.0281,-0.0622,0.7578,12.5,0,stand
9.7687,4452,0.0676,-0.0278,-0.0616,0.0733,12.378,0,stand
9.7707,4453,0.0684,-0.0281,-0.0623,0.7256,12.664,0,stand
9.7728,4454,0.0677,-0.0277,-0.0617,0.0977,12.601,0,stand
9.7749,4455,0.0681,-0.028,-0.0621,0.5051,12.783,0,stand
9.777,4456,0.0674,-0.0276,-0.0615,0.0921,12.655,0,stand
9.7791,4457,0.0681,-0.028,-0.0621,0.7243,12.843,0,stand
9.7811,4458,0.0674,-0.0276,-0.0614,0.088,12.711,0,stand
9.7833,4459,0.0681,-0.028,-0.062,0.5602,13.059,0,stand
9.7853,4460,0.0674,-0.0277,-0.0614,0.0851,12.925,0,stand
9.7875,4461,0.068,-0.0281,-0.0619,0.7476,13.198,0,stand
9.7895,4462,0.0673,-0.0278,-0.0613,0.0812,12.993,0,stand
9.7916,4463,0.068,-0.0281,-0.062,0.752,13.278,0,stand
9.7937,4464,0.0673,-0.0277,-0.0614,0.0974,13.207,0,stand
9.7958,4465,0.0681,-0.0279,-0.0621,0.7683,13.418,0,stand
9.7978,4466,0.067,-0.0273,-0.0612,0.0738,13.202,0,stand
9.8,4467,0.0676,-0.0275,-0.0618,0.9995,13.352,0,stand
9.802,4468,0.0669,-0.0271,-0.0612,0.0959,13.205,0,stand
9.8041,4469,0.0676,-0.0273,-0.0618,0.4789,13.484,0,stand
9.8062,4470,0.0668,-0.0269,-0.0612,0.0964,13.333,0,stand
9.8083,4471,0.0675,-0.0271,-0.0619,0.6861,13.512,0,stand
9.8103,4472,0.0668,-0.0267,-0.0612,0.0966,13.358,0,stand
9.8125,4473,0.0675,-0.0269,-0.0619,0.1743,13.483,0,stand
9.8145,4474,0.0667,-0.0265,-0.0612,0.0967,13.326,0,stand
9.8166,4475,0.0675,-0.0267,-0.062,0.68,13.588,0,stand
9.8187,4476,0.0668,-0.0264,-0.0613,0.0988,13.43,0,stand
9.8208,4477,0.0672,-0.0265,-0.0618,1.2902,13.602,0,stand
9.8228,4478,0.0661,-0.026,-0.0608,0.0646,13.282,0,stand
9.825,4479,0.0677,-0.0265,-0.0623,0.5391,13.575,0,stand
9.827,4480,0.0666,-0.026,-0.0613,0.1185,13.334,0,stand
9.8291,4481,0.0678,-0.0268,-0.0623,1.3038,13.555,0,stand
9.8311,4482,0.0667,-0.0263,-0.0613,0.1013,13.313,0,stand
9.8333,4483,0.0676,-0.0267,-0.0621,0.7896,13.486,0,stand
9.8353,4484,0.0668,-0.0263,-0.0614,0.1094,13.247,0,stand
9.8374,4485,0.0677,-0.0267,-0.0622,0.2524,13.415,0,stand
9.8395,4486,0.0669,-0.0264,-0.0615,0.1103,13.336,0,stand
9.8417,4487,0.068,-0.0274,-0.0622,0.6655,13.799,0,stand
9.8437,4488,0.0672,-0.0271,-0.0615,0.0998,13.642,0,stand
9.8458,4489,0.0684,-0.0268,-0.0629,0.531,13.512,0,stand
9.8479,4490,0.0672,-0.0264,-0.0618,0.143,13.205,0,stand
9.85,4491,0.0681,-0.0267,-0.0627,1.1985,13.422,0,stand
9.852,4492,0.0673,-0.0264,-0.0619,0.1197,13.346,0,stand
9.8541,4493,0.0687,-0.027,-0.0632,0.59,13.579,0,stand
9.8562,4494,0.0675,-0.0266,-0.062,0.1195,13.353,0,stand
9.8583,4495,0.0688,-0.028,-0.0628,0.5798,14.091,0,stand
9.8604,4496,0.068,-0.0277,-0.0621,0.117,13.869,0,stand
9.8625,4497,0.0695,-0.0283,-0.0635,0.7126,14.251,0,stand
9.8645,4498,0.0683,-0.0279,-0.0623,0.1348,14.104,0,stand
9.8666,4499,0.0693,-0.0283,-0.0632,1.0725,14.436,0,stand
9.8687,4500,0.0685,-0.0281,-0.0625,0.1278,14.291,0,stand
9.8708,4501,0.0697,-0.0284,-0.0637,0.542,14.608,0,stand
9.8728,4502,0.0685,-0.028,-0.0625,0.1513,14.393,0,stand
9.875,4503,0.0694,-0.0281,-0.0635,1.1355,14.669,0,stand
9.877,4504,0.0686,-0.0279,-0.0627,0.1407,14.526,0,stand
9.8791,4505,0.0698,-0.0281,-0.064,0.2158,14.786,0,stand
9.8812,4506,0.0686,-0.0277,-0.0628,0.1252,14.496,0,stand
9.8833,4507,0.07,-0.0281,-0.0642,0.5364,14.864,0,stand
9.8853,4508,0.069,-0.0277,-0.0632,0.1352,14.718,0,stand
9.8875,4509,0.0701,-0.028,-0.0643,0.5864,14.985,0,stand
9.8895,4510,0.0695,-0.0279,-0.0637,0.1682,14.851,0,stand
9.8916,4511,0.0709,-0.0282,-0.065,0.6246,15.073,0,stand
9.8937,4512,0.0698,-0.0279,-0.064,0.1483,14.888,0,stand
9.8958,4513,0.071,-0.0282,-0.0651,0.9061,15.217,0,stand
9.8979,4514,0.0694,-0.0278,-0.0636,0.1687,14.978,0,stand
9.9,4515,0.0705,-0.0281,-0.0647,0.3115,15.153,0,stand
9.902,4516,0.0693,-0.0277,-0.0635,0.132,14.978,0,stand
9.9041,4517,0.0716,-0.0285,-0.0657,0.3963,15.297,0,stand
9.9062,4518,0.0708,-0.0283,-0.0649,0.2201,15.183,0,stand
9.9083,4519,0.0719,-0.0286,-0.0659,1.4273,15.315,0,stand
9.9103,4520,0.0711,-0.0283,-0.0652,0.1492,15.2,0,stand
9.9125,4521,0.0722,-0.0286,-0.0662,0.5082,15.436,0,stand
9.9145,4522,0.0714,-0.0284,-0.0655,0.1443,15.319,0,stand
9.9166,4523,0.0726,-0.0289,-0.0666,0.4575,15.575,0,stand
9.9187,4524,0.0718,-0.0286,-0.0659,0.1446,15.395,0,stand
9.9208,4525,0.0731,-0.0292,-0.067,0.6258,15.664,0,stand
9.9229,4526,0.0719,-0.0288,-0.0659,0.1395,15.541,0,stand
9.925,4527,0.0732,-0.0295,-0.067,0.4915,15.89,0,stand
9.9271,4528,0.0725,-0.0293,-0.0663,0.1454,15.709,0,stand
9.9291,4529,0.0742,-0.0301,-0.0678,0.5089,16.103,0,stand
9.9312,4530,0.0731,-0.0298,-0.0667,0.1486,15.983,0,stand
9.9333,4531,0.0746,-0.0307,-0.068,0.3709,16.341,0,stand
9.9353,4532,0.0739,-0.0305,-0.0673,0.1536,16.219,0,stand
9.9376,4533,0.0755,-0.0312,-0.0688,0.6064,16.55,0,stand
9.9396,4534,0.0748,-0.031,-0.0681,0.17,16.363,0,stand
9.9417,4535,0.0763,-0.0315,-0.0695,0.7765,16.6,0,stand
9.9437,4536,0.0756,-0.0313,-0.0688,0.1724,16.536,0,stand
9.9459,4537,0.077,-0.0318,-0.0702,0.4762,16.824,0,stand
9.948,4538,0.0759,-0.0315,-0.0691,0.1635,16.628,0,stand
9.95,4539,0.0774,-0.0319,-0.0705,0.6329,16.777,0,stand
9.952,4540,0.0766,-0.0317,-0.0698,0.1822,16.642,0,stand
9.9541,4541,0.0779,-0.0322,-0.071,1.4857,16.972,0,stand
9.9562,4542,0.0772,-0.032,-0.0702,0.1742,16.834,0,stand
9.9583,4543,0.0785,-0.0323,-0.0716,0.5181,17.012,0,stand
9.9604,4544,0.0778,-0.0321,-0.0708,0.1877,16.871,0,stand
9.9625,4545,0.0791,-0.0326,-0.072,1.1616,17.04,0,stand
9.9645,4546,0.0783,-0.0324,-0.0713,0.1812,16.896,0,stand
9.9666,4547,0.0795,-0.0328,-0.0724,0.7418,17.152,0,stand
9.9687,4548,0.0787,-0.0326,-0.0717,0.1836,17.006,0,stand
9.9708,4549,0.0803,-0.0329,-0.0732,0.611,17.233,0,stand
9.9729,4550,0.0788,-0.0326,-0.0717,0.1885,16.864,0,stand
9.975,4551,0.0798,-0.0329,-0.0727,1.351,17.042,0,stand
9.977,4552,0.0791,-0.0327,-0.072,0.1797,16.967,0,stand
9.9791,4553,0.0801,-0.033,-0.073,0.6403,17.077,0,stand
9.9812,4554,0.0794,-0.0328,-0.0723,0.189,16.926,0,stand
9.9833,4555,0.0804,-0.033,-0.0733,0.4858,17.051,0,stand
9.9853,4556,0.0796,-0.0329,-0.0725,0.1845,16.825,0,stand
9.9875,4557,0.0806,-0.0332,-0.0734,0.8166,17.002,0,stand
9.9895,4558,0.0798,-0.033,-0.0727,0.1812,16.85,0,stand
9.9916,4559,0.0808,-0.0331,-0.0737,0.6864,17.033,0,stand
9.9937,4560,0.0801,-0.033,-0.073,0.1931,16.882,0,stand
9.9958,4561,0.0809,-0.0332,-0.0738,1.3144,17.018,0,stand
9.9979,4562,0.0798,-0.033,-0.0726,0.155,16.718,0,stand
10.0,4563,0.0811,-0.0332,-0.074,0.5838,16.894,0,stand
10.002,4564,0.08,-0.033,-0.0728,0.1654,16.743,0,stand
10.0041,4565,0.0812,-0.0332,-0.0741,0.7059,16.936,0,stand
10.0062,4566,0.08,-0.0329,-0.073,0.1601,16.71,0,stand
10.0083,4567,0.0809,-0.0332,-0.0737,0.9077,16.757,0,stand
10.0103,4568,0.0801,-0.033,-0.073,0.1737,16.608,0,stand
10.0125,4569,0.081,-0.0332,-0.0739,0.5842,16.778,0,stand
10.0145,4570,0.0803,-0.033,-0.0732,0.1848,16.629,0,stand
10.0166,4571,0.0811,-0.0332,-0.074,1.3667,16.766,0,stand
10.0187,4572,0.0803,-0.033,-0.0732,0.1745,16.545,0,stand
10.0208,4573,0.0813,-0.0332,-0.0742,0.587,16.651,0,stand
10.0228,4574,0.0802,-0.033,-0.0731,0.1627,16.503,0,stand
10.025,4575,0.081,-0.0332,-0.0739,1.3834,16.611,0,stand
10.027,4576,0.0802,-0.033,-0.0732,0.1745,16.465,0,stand
10.0291,4577,0.0811,-0.0332,-0.074,0.4777,16.519,0,stand
10.0312,4578,0.0804,-0.0331,-0.0732,0.1734,16.375,0,stand
10.0333,4579,0.0812,-0.0331,-0.0741,0.707,16.546,0,stand
10.0353,4580,0.0804,-0.0329,-0.0734,0.1837,16.401,0,stand
10.0375,4581,0.0812,-0.0331,-0.0741,1.0152,16.532,0,stand
10.0396,4582,0.0804,-0.0329,-0.0733,0.1645,16.389,0,stand
10.0417,4583,0.0811,-0.0332,-0.074,0.7107,16.437,0,stand
10.0437,4584,0.0803,-0.033,-0.0732,0.1623,16.295,0,stand
10.0459,4585,0.0811,-0.0333,-0.074,1.2862,16.538,0,stand
10.0479,4586,0.0796,-0.0329,-0.0725,0.1372,16.256,0,stand
10.0502,4587,0.0803,-0.0331,-0.0732,0.6347,16.374,0,stand
10.0522,4588,0.0795,-0.0329,-0.0724,0.1599,16.165,0,stand
10.0544,4589,0.0807,-0.0333,-0.0735,0.4269,16.371,0,stand
10.0565,4590,0.0795,-0.0329,-0.0723,0.1349,16.232,0,stand
10.0587,4591,0.0802,-0.0332,-0.073,0.4679,16.361,0,stand
10.0607,4592,0.0794,-0.0329,-0.0722,0.1554,16.221,0,stand
10.0628,4593,0.0806,-0.0332,-0.0734,0.5284,16.329,0,stand
10.0649,4594,0.0794,-0.0329,-0.0722,0.1609,16.189,0,stand
10.0669,4595,0.0801,-0.0332,-0.0729,1.3799,16.315,0,stand
10.069,4596,0.0793,-0.0329,-0.0721,0.152,16.175,0,stand
10.071,4597,0.08,-0.0332,-0.0728,0.2218,16.261,0,stand
10.0731,4598,0.0792,-0.0329,-0.072,0.1491,16.121,0,stand
10.0752,4599,0.0797,-0.033,-0.0725,0.8318,16.379,0,stand
10.0772,4600,0.0788,-0.0327,-0.0717,0.144,16.239,0,stand
10.0792,4601,0.0795,-0.0329,-0.0724,0.6107,16.397,0,stand
10.0813,4602,0.0786,-0.0326,-0.0715,0.1479,16.186,0,stand
10.0834,4603,0.0788,-0.0327,-0.0717,1.2554,16.36,0,stand
10.0854,4604,0.078,-0.0324,-0.0709,0.1205,16.29,0,stand
10.0875,4605,0.0783,-0.0329,-0.0711,0.5861,16.704,0,stand
10.0896,4606,0.0775,-0.0327,-0.0702,0.1066,16.562,0,stand
10.0916,4607,0.0785,-0.0329,-0.0712,0.7448,16.797,0,stand
10.0937,4608,0.0771,-0.0325,-0.07,0.1238,16.511,0,stand
10.0958,4609,0.0777,-0.0326,-0.0705,0.5667,16.685,0,stand
10.0979,4610,0.0768,-0.0322,-0.0696,0.1342,16.613,0,stand
10.1,4611,0.0773,-0.0322,-0.0703,0.5356,16.692,0,stand
10.1021,4612,0.0764,-0.0319,-0.0694,0.1604,16.545,0,stand
10.1041,4613,0.0766,-0.0318,-0.0697,1.2717,16.674,0,stand
10.1062,4614,0.0757,-0.0315,-0.0688,0.1114,16.525,0,stand
10.1083,4615,0.0761,-0.0315,-0.0692,0.6816,16.798,0,stand
10.1103,4616,0.0751,-0.0311,-0.0683,0.119,16.648,0,stand
10.1124,4617,0.0756,-0.0313,-0.0688,1.2278,16.922,0,stand
10.1145,4618,0.0741,-0.0308,-0.0674,0.0934,16.619,0,stand
10.1166,4619,0.0744,-0.0308,-0.0678,0.6907,16.822,0,stand
10.1187,4620,0.0734,-0.0305,-0.0668,0.1072,16.745,0,stand
10.1209,4621,0.0737,-0.0304,-0.0672,0.6696,16.953,0,stand
10.1229,4622,0.0722,-0.0299,-0.0657,0.1201,16.721,0,stand
10.125,4623,0.0729,-0.03,-0.0664,0.8012,16.909,0,stand
10.127,4624,0.0714,-0.0295,-0.065,0.1192,16.673,0,stand
10.1291,4625,0.0721,-0.0296,-0.0657,0.6628,16.953,0,stand
10.1312,4626,0.0705,-0.0291,-0.0642,0.1265,16.794,0,stand
10.1333,4627,0.0707,-0.029,-0.0644,0.1746,16.977,0,stand
10.1353,4628,0.0696,-0.0286,-0.0634,0.0925,16.817,0,stand
10.1375,4629,0.0697,-0.0285,-0.0636,0.3034,16.923,0,stand
10.1396,4630,0.0686,-0.0281,-0.0626,0.0869,16.762,0,stand
10.1417,4631,0.0687,-0.0279,-0.0627,0.784,17.04,0,stand
10.1437,4632,0.0676,-0.0275,-0.0617,0.0861,16.879,0,stand
10.1458,4633,0.0676,-0.0273,-0.0618,0.382,17.046,0,stand
10.1479,4634,0.0659,-0.0266,-0.0602,0.136,16.724,0,stand
10.1501,4635,0.0658,-0.0264,-0.0603,0.2828,17.003,0,stand
10.1521,4636,0.0647,-0.0259,-0.0592,0.0793,16.843,0,stand
10.1542,4637,0.0646,-0.0257,-0.0592,0.7278,17.008,0,stand
10.1562,4638,0.0634,-0.0252,-0.0582,0.0742,16.848,0,stand
10.1583,4639,0.0632,-0.0248,-0.0582,0.7874,16.913,0,stand
10.1603,4640,0.062,-0.0244,-0.057,0.0757,16.753,0,stand
10.1625,4641,0.0618,-0.024,-0.057,0.2836,16.992,0,stand
10.1646,4642,0.0606,-0.0235,-0.0559,0.0745,16.832,0,stand
10.1667,4643,0.0604,-0.0231,-0.0559,0.4419,16.982,0,stand
10.1687,4644,0.0592,-0.0226,-0.0547,0.0786,16.744,0,stand
10.1708,4645,0.059,-0.0222,-0.0546,0.5387,16.86,0,stand
10.1728,4646,0.0571,-0.0214,-0.0529,0.1831,16.703,0,stand
10.1751,4647,0.0568,-0.021,-0.0528,0.4135,16.88,0,stand
10.1772,4648,0.0555,-0.0205,-0.0516,0.0867,16.728,0,stand
10.1793,4649,0.0553,-0.02,-0.0515,0.6575,16.762,0,stand
10.1814,4650,0.0542,-0.0195,-0.0505,0.0675,16.617,0,stand
10.1836,4651,0.0543,-0.0193,-0.0508,0.5623,16.814,0,stand
10.1856,4652,0.0535,-0.019,-0.05,0.0793,16.667,0,stand
10.1878,4653,0.0535,-0.0186,-0.0501,0.5,16.662,0,stand
10.1899,4654,0.0529,-0.0185,-0.0495,0.1093,16.586,0,stand
10.1919,4655,0.0532,-0.0183,-0.05,0.5378,16.678,0,stand
10.194,4656,0.0527,-0.0182,-0.0494,0.1174,16.523,0,stand
10.1961,4657,0.0526,-0.0185,-0.0493,1.0583,16.723,0,stand
10.1981,4658,0.052,-0.0183,-0.0486,0.0525,16.567,0,stand
10.2002,4659,0.0523,-0.0181,-0.049,0.7563,16.768,0,stand
10.2022,4660,0.0515,-0.0179,-0.0483,0.0888,16.614,0,stand
10.2043,4661,0.0518,-0.0177,-0.0486,0.2037,16.707,0,stand
10.2063,4662,0.051,-0.0175,-0.0479,0.0788,16.482,0,stand
10.2084,4663,0.0511,-0.0172,-0.0482,0.3567,16.639,0,stand
10.2104,4664,0.0503,-0.0169,-0.0474,0.0723,16.492,0,stand
10.2125,4665,0.0509,-0.0168,-0.0481,0.5061,16.639,0,stand
10.2146,4666,0.0497,-0.0164,-0.0469,0.2483,16.352,0,stand
10.2166,4667,0.05,-0.0162,-0.0473,0.2557,16.481,0,stand
10.2187,4668,0.0492,-0.0159,-0.0465,0.2557,16.411,0,stand
10.2208,4669,0.049,-0.0155,-0.0465,0.2511,16.4,0,stand
10.2229,4670,0.0482,-0.0152,-0.0458,0.2511,16.199,0,stand
10.225,4671,0.0485,-0.015,-0.0461,0.2555,16.27,0,stand
10.227,4672,0.0478,-0.0148,-0.0455,0.2555,16.211,0,stand
10.2292,4673,0.0484,-0.0146,-0.0462,0.2448,16.339,0,stand
10.2312,4674,0.0474,-0.0143,-0.0452,0.2448,16.175,0,stand
10.2333,4675,0.0477,-0.0139,-0.0457,0.2506,16.2,0,stand
10.2354,4676,0.0471,-0.0137,-0.0451,0.2506,16.151,0,stand
10.2375,4677,0.0477,-0.0132,-0.0458,0.3111,16.024,0,stand
10.2395,4678,0.0471,-0.013,-0.0453,0.3111,15.93,0,stand
10.2416,4679,0.0475,-0.0126,-0.0458,0.2428,15.928,0,stand
10.2437,4680,0.0469,-0.0124,-0.0453,0.2428,15.836,0,stand
10.2458,4681,0.0471,-0.0119,-0.0456,0.2544,15.919,0,stand
10.2479,4682,0.0466,-0.0116,-0.0451,0.2544,15.826,0,stand
10.25,4683,0.0471,-0.0112,-0.0457,0.2598,15.923,0,stand
10.2521,4684,0.0466,-0.0109,-0.0453,0.2598,15.784,0,stand
10.2542,4685,0.0475,-0.0108,-0.0463,0.2851,15.954,0,stand
10.2562,4686,0.0468,-0.0104,-0.0457,0.2851,15.861,0,stand
10.2583,4687,0.0474,-0.01,-0.0463,0.2444,15.915,0,stand
10.2604,4688,0.0469,-0.0098,-0.0459,0.2444,15.822,0,stand
10.2625,4689,0.0475,-0.0094,-0.0466,0.2495,15.848,0,stand
10.2645,4690,0.0471,-0.0092,-0.0462,0.2495,15.754,0,stand
10.2666,4691,0.0478,-0.0088,-0.0469,0.2581,15.797,0,stand
10.2687,4692,0.0474,-0.0086,-0.0466,0.2581,15.75,0,stand
10.2708,4693,0.0473,-0.0081,-0.0466,0.1098,15.345,0,stand
10.2729,4694,0.0469,-0.0079,-0.0463,0.1098,15.204,0,stand
10.275,4695,0.0478,-0.0077,-0.0472,0.2615,15.292,0,stand
10.277,4696,0.0473,-0.0073,-0.0468,0.2615,15.151,0,stand
10.2791,4697,0.048,-0.0071,-0.0474,0.2292,15.176,0,stand
10.2812,4698,0.0477,-0.0068,-0.0472,0.2292,15.082,0,stand
10.2833,4699,0.0483,-0.0065,-0.0478,0.2151,15.027,0,stand
10.2854,4700,0.048,-0.0063,-0.0476,0.2151,14.934,0,stand
10.2875,4701,0.0486,-0.006,-0.0483,0.2327,14.847,0,stand
10.2895,4702,0.0484,-0.0058,-0.048,0.2327,14.756,0,stand
10.2916,4703,0.049,-0.0055,-0.0487,0.2184,14.76,0,stand
10.2937,4704,0.0488,-0.0052,-0.0485,0.2184,14.669,0,stand
10.2958,4705,0.0495,-0.0049,-0.0492,0.2277,14.664,0,stand
10.2979,4706,0.0491,-0.0046,-0.0489,0.2277,14.488,0,stand
10.3001,4707,0.05,-0.0044,-0.0498,0.2313,14.543,0,stand
10.3021,4708,0.0497,-0.004,-0.0495,0.2313,14.456,0,stand
10.3042,4709,0.0504,-0.0037,-0.0503,0.6387,14.471,0,stand
10.3063,4710,0.0502,-0.0035,-0.0501,0.128,14.386,0,stand
10.3083,4711,0.0511,-0.0031,-0.051,0.7036,14.425,0,stand
10.3103,4712,0.0509,-0.0029,-0.0508,0.1338,14.3,0,stand
10.3124,4713,0.0517,-0.0026,-0.0516,0.088,14.37,0,stand
10.3145,4714,0.0515,-0.0023,-0.0515,0.1386,14.329,0,stand
10.3166,4715,0.0523,-0.0019,-0.0523,0.6973,14.419,0,stand
10.3187,4716,0.0521,-0.0017,-0.0521,0.1442,14.337,0,stand
10.3208,4717,0.0529,-0.0012,-0.0528,0.7844,14.355,0,stand
10.3229,4718,0.0527,-0.001,-0.0527,0.1439,14.274,0,stand
10.325,4719,0.0536,-0.0007,-0.0536,0.7627,14.474,0,stand
10.327,4720,0.0534,-0.0004,-0.0534,0.1285,14.35,0,stand
10.3291,4721,0.0542,0.0001,-0.0542,0.5336,14.487,0,stand
10.3312,4722,0.054,0.0003,-0.054,0.1483,14.363,0,stand
10.3333,4723,0.0548,0.0008,-0.0548,0.2296,14.535,0,stand
10.3354,4724,0.0546,0.001,-0.0546,0.1463,14.45,0,stand
10.3375,4725,0.0554,0.0015,-0.0554,0.6988,14.668,0,stand
10.3395,4726,0.0552,0.0017,-0.0552,0.1453,14.582,0,stand
10.3416,4727,0.0561,0.0021,-0.056,0.5096,14.811,0,stand
10.3437,4728,0.0558,0.0025,-0.0557,0.1248,14.635,0,stand
10.3458,4729,0.0564,0.0031,-0.0563,0.7775,14.784,0,stand
10.3479,4730,0.0561,0.0034,-0.056,0.1359,14.738,0,stand
10.35,4731,0.0569,0.0039,-0.0567,0.6011,14.937,0,stand
10.352,4732,0.0566,0.0042,-0.0564,0.1321,14.843,0,stand
10.3542,4733,0.0573,0.0048,-0.0571,0.5936,14.996,0,stand
10.3562,4734,0.057,0.005,-0.0568,0.1292,14.9,0,stand
10.3583,4735,0.0577,0.0056,-0.0575,0.6718,15.159,0,stand
10.3604,4736,0.0574,0.0059,-0.0571,0.125,15.06,0,stand
10.3625,4737,0.0581,0.0065,-0.0577,0.4323,15.279,0,stand
10.3646,4738,0.0577,0.0068,-0.0573,0.1222,15.178,0,stand
10.3667,4739,0.0585,0.0075,-0.058,0.7422,15.35,0,stand
10.3687,4740,0.0581,0.0078,-0.0576,0.1176,15.244,0,stand
10.3708,4741,0.058,0.009,-0.0573,0.5967,15.115,0,stand
10.3729,4742,0.0574,0.0094,-0.0566,0.154,14.952,0,stand
10.375,4743,0.0581,0.0101,-0.0572,0.5939,15.094,0,stand
10.377,4744,0.0577,0.0104,-0.0567,0.1126,14.982,0,stand
10.3791,4745,0.0583,0.0112,-0.0572,0.6241,15.044,0,stand
10.3812,4746,0.0579,0.0115,-0.0568,0.1159,14.927,0,stand
10.3833,4747,0.0586,0.0122,-0.0573,0.7705,15.103,0,stand
10.3854,4748,0.0582,0.0125,-0.0568,0.1125,14.984,0,stand
10.3875,4749,0.059,0.0132,-0.0575,0.5458,15.021,0,stand
10.3895,4750,0.0586,0.0135,-0.057,0.0986,14.839,0,stand
10.3916,4751,0.059,0.0142,-0.0573,0.9582,14.854,0,stand
10.3937,4752,0.0586,0.0145,-0.0568,0.1222,14.729,0,stand
10.3958,4753,0.0588,0.0154,-0.0568,0.5614,14.722,0,stand
10.3979,4754,0.0584,0.0157,-0.0562,0.1186,14.596,0,stand
10.4,4755,0.0588,0.0164,-0.0565,0.3234,14.562,0,stand
10.4021,4756,0.0584,0.0167,-0.056,0.1173,14.371,0,stand
10.4042,4757,0.0588,0.0174,-0.0562,0.2799,14.326,0,stand
10.4062,4758,0.0584,0.0177,-0.0556,0.1175,14.261,0,stand
10.4083,4759,0.0588,0.0184,-0.0558,0.3967,14.189,0,stand
10.4103,4760,0.0583,0.0187,-0.0553,0.1185,14.06,0,stand
10.4125,4761,0.0587,0.0193,-0.0554,0.2962,13.91,0,stand
10.4146,4762,0.0583,0.0196,-0.0549,0.1199,13.781,0,stand
10.4167,4763,0.0587,0.0203,-0.0551,0.4239,13.739,0,stand
10.4187,4764,0.0583,0.0206,-0.0545,0.121,13.61,0,stand
10.4208,4765,0.0585,0.0213,-0.0545,0.5957,13.445,0,stand
10.4229,4766,0.0581,0.0217,-0.0539,0.1183,13.253,0,stand
10.425,4767,0.0585,0.0223,-0.0541,0.7581,13.131,0,stand
10.427,4768,0.0581,0.0226,-0.0535,0.1255,13.005,0,stand
10.4291,4769,0.0584,0.0232,-0.0536,0.2867,12.947,0,stand
10.4312,4770,0.0581,0.0235,-0.0531,0.1282,12.822,0,stand
10.4333,4771,0.0584,0.0241,-0.0532,0.2688,12.707,0,stand
10.4354,4772,0.0581,0.0244,-0.0527,0.1291,12.525,0,stand
10.4375,4773,0.0585,0.0249,-0.0529,0.804,12.427,0,stand
10.4395,4774,0.0581,0.0253,-0.0524,0.1258,12.368,0,stand
10.4417,4775,0.0586,0.0258,-0.0527,0.7799,12.293,0,stand
10.4437,4776,0.0583,0.0261,-0.0521,0.123,12.178,0,stand
10.4458,4777,0.0585,0.0268,-0.0519,0.8774,12.007,0,stand
10.4479,4778,0.0581,0.0272,-0.0514,0.1413,11.898,0,stand
10.45,4779,0.0587,0.0275,-0.0518,0.7176,11.896,0,stand
10.4521,4780,0.0582,0.028,-0.0511,0.1456,11.789,0,stand
10.4542,4781,0.0585,0.0281,-0.0513,0.7957,11.921,0,stand
10.4562,4782,0.0582,0.0284,-0.0508,0.1274,11.818,0,stand
10.4583,4783,0.0588,0.0289,-0.0511,0.8572,11.823,0,stand
10.4604,4784,0.0585,0.0293,-0.0506,0.1285,11.725,0,stand
10.4625,4785,0.059,0.0298,-0.0509,0.6225,11.788,0,stand
10.4645,4786,0.0587,0.0301,-0.0504,0.1336,11.692,0,stand
10.4667,4787,0.0593,0.0306,-0.0508,0.7329,11.719,0,stand
10.4687,4788,0.059,0.0309,-0.0503,0.1319,11.583,0,stand
10.4708,4789,0.0596,0.0315,-0.0505,0.6932,11.524,0,stand
10.4729,4790,0.0593,0.0318,-0.0501,0.1307,11.481,0,stand
10.475,4791,0.0599,0.0323,-0.0505,0.1557,11.473,0,stand
10.477,4792,0.0597,0.0326,-0.05,0.1331,11.385,0,stand
10.4791,4793,0.0603,0.033,-0.0505,0.7741,11.384,0,stand
10.4812,4794,0.0598,0.033,-0.0499,0.0781,11.293,0,stand
10.4833,4795,0.06,0.033,-0.0501,0.6621,11.361,0,stand
10.4853,4796,0.0591,0.0326,-0.0493,0.0298,11.279,0,stand
10.4875,4797,0.0592,0.0324,-0.0495,0.7388,11.346,0,stand
10.4895,4798,0.0584,0.032,-0.0488,0.0409,11.245,0,stand
10.4917,4799,0.0586,0.0319,-0.0491,0.5941,11.327,0,stand
10.4938,4800,0.0579,0.0316,-0.0485,0.0483,11.297,0,stand
10.4959,4801,0.058,0.0314,-0.0488,0.6014,11.381,0,stand
10.498,4802,0.0575,0.0312,-0.0483,0.059,11.301,0,stand
10.5001,4803,0.058,0.0313,-0.0488,0.3082,11.394,0,stand
10.5022,4804,0.0575,0.0311,-0.0484,0.0676,11.368,0,stand
10.5042,4805,0.0581,0.0312,-0.0489,0.1883,11.485,0,stand
10.5063,4806,0.0576,0.0312,-0.0485,0.0759,11.409,0,stand
10.5084,4807,0.0582,0.0313,-0.049,0.1646,11.52,0,stand
10.5104,4808,0.0578,0.0313,-0.0486,0.0811,11.495,0,stand
10.5125,4809,0.0586,0.0315,-0.0494,0.4914,11.634,0,stand
10.5145,4810,0.058,0.0314,-0.0487,0.0486,11.558,0,stand
10.5167,4811,0.0587,0.0316,-0.0494,0.6693,11.673,0,stand
10.5188,4812,0.0583,0.0316,-0.049,0.0789,11.619,0,stand
10.5209,4813,0.0587,0.0318,-0.0494,0.8217,11.728,0,stand
10.523,4814,0.0583,0.0317,-0.0489,0.0801,11.672,0,stand
10.525,4815,0.059,0.0319,-0.0496,0.733,11.756,0,stand
10.5271,4816,0.0586,0.0318,-0.0492,0.0802,11.697,0,stand
10.5292,4817,0.0592,0.0319,-0.0498,0.2241,11.864,0,stand
10.5312,4818,0.0588,0.0319,-0.0494,0.0845,11.804,0,stand
10.5333,4819,0.0594,0.0319,-0.0501,0.6148,11.926,0,stand
10.5353,4820,0.059,0.0318,-0.0497,0.0853,11.834,0,stand
10.5375,4821,0.0598,0.0319,-0.0505,0.7099,11.95,0,stand
10.5396,4822,0.0594,0.0318,-0.0502,0.0917,11.919,0,stand
10.5417,4823,0.06,0.0319,-0.0509,1.0116,12.02,0,stand
10.5438,4824,0.0597,0.0318,-0.0505,0.0937,11.955,0,stand
10.5459,4825,0.0603,0.0319,-0.0512,0.2761,12.031,0,stand
10.548,4826,0.0598,0.0318,-0.0507,0.0649,11.93,0,stand
10.55,4827,0.0606,0.0319,-0.0515,0.7027,12.074,0,stand
10.552,4828,0.0601,0.0318,-0.051,0.061,11.97,0,stand
10.5541,4829,0.0609,0.0319,-0.0518,0.5039,12.079,0,stand
10.5562,4830,0.0602,0.0316,-0.0512,0.0489,11.935,0,stand
10.5583,4831,0.0609,0.0317,-0.052,0.7189,12.029,0,stand
10.5604,4832,0.0604,0.0315,-0.0516,0.0862,11.992,0,stand
10.5625,4833,0.0612,0.0316,-0.0524,1.0472,12.083,0,stand
10.5645,4834,0.0605,0.0313,-0.0518,0.0511,11.97,0,stand
10.5666,4835,0.061,0.0313,-0.0523,0.3081,11.988,0,stand
10.5687,4836,0.0605,0.0311,-0.0519,0.0906,11.911,0,stand
10.5708,4837,0.061,0.0311,-0.0525,0.3818,11.969,0,stand
10.5728,4838,0.0603,0.0308,-0.0519,0.0512,11.891,0,stand
10.575,4839,0.0609,0.0308,-0.0526,0.6965,11.935,0,stand
10.577,4840,0.0604,0.0306,-0.0521,0.0872,11.857,0,stand
10.5791,4841,0.0612,0.0307,-0.053,0.2931,11.901,0,stand
10.5812,4842,0.0605,0.0303,-0.0524,0.0549,11.783,0,stand
10.5833,4843,0.061,0.0303,-0.053,0.429,11.868,0,stand
10.5853,4844,0.0605,0.0301,-0.0525,0.0876,11.789,0,stand
10.5875,4845,0.061,0.0301,-0.0531,0.7139,11.816,0,stand
10.5895,4846,0.0605,0.0299,-0.0526,0.0941,11.737,0,stand
10.5917,4847,0.061,0.0299,-0.0532,0.5528,11.734,0,stand
10.5937,4848,0.0606,0.0297,-0.0528,0.0897,11.656,0,stand
10.5958,4849,0.0608,0.0295,-0.0532,0.392,11.671,0,stand
10.598,4850,0.0604,0.0293,-0.0528,0.0916,11.593,0,stand
10.6002,4851,0.0611,0.0294,-0.0535,0.3935,11.647,0,stand
10.6022,4852,0.0604,0.0291,-0.0529,0.0574,11.492,0,stand
10.6043,4853,0.0608,0.0291,-0.0534,0.4579,11.495,0,stand
10.6063,4854,0.0603,0.0289,-0.0529,0.0931,11.418,0,stand
10.6084,4855,0.0607,0.0289,-0.0534,0.3186,11.489,0,stand
10.6104,4856,0.0602,0.0287,-0.053,0.0927,11.413,0,stand
10.6125,4857,0.0607,0.0287,-0.0535,0.2771,11.439,0,stand
10.6145,4858,0.0602,0.0285,-0.053,0.0927,11.327,0,stand
10.6166,4859,0.0613,0.0284,-0.0543,0.4029,11.577,0,stand
10.6187,4860,0.0608,0.0281,-0.0539,0.0854,11.502,0,stand
10.6209,4861,0.0603,0.0282,-0.0533,0.7868,11.292,0,stand
10.623,4862,0.0598,0.028,-0.0528,0.1237,11.217,0,stand
10.625,4863,0.0608,0.0278,-0.0541,0.3847,11.497,0,stand
10.6271,4864,0.0603,0.0276,-0.0537,0.0816,11.386,0,stand
10.6292,4865,0.061,0.0276,-0.0544,0.9864,11.472,0,stand
10.6312,4866,0.0602,0.0273,-0.0537,0.0494,11.398,0,stand
10.6333,4867,0.0607,0.0273,-0.0542,0.6561,11.455,0,stand
10.6354,4868,0.0602,0.027,-0.0537,0.0851,11.381,0,stand
10.6375,4869,0.0606,0.0269,-0.0543,0.4894,11.439,0,stand
10.6396,4870,0.0601,0.0267,-0.0538,0.0812,11.365,0,stand
10.6417,4871,0.0605,0.0266,-0.0543,0.8827,11.434,0,stand
10.6438,4872,0.0599,0.0264,-0.0538,0.082,11.397,0,stand
10.6458,4873,0.06,0.0263,-0.054,0.3534,11.422,0,stand
10.6479,4874,0.0595,0.0261,-0.0535,0.0825,11.347,0,stand
10.6502,4875,0.0601,0.0261,-0.0542,0.4972,11.41,0,stand
10.6522,4876,0.0593,0.0258,-0.0534,0.0412,11.295,0,stand
10.6542,4877,0.06,0.0256,-0.0543,0.4612,11.637,0,stand
10.6563,4878,0.0594,0.0254,-0.0538,0.071,11.559,0,stand
10.6583,4879,0.0598,0.0252,-0.0543,1.0331,11.722,0,stand
10.6604,4880,0.0593,0.025,-0.0538,0.0713,11.603,0,stand
10.6625,4881,0.0596,0.0249,-0.0541,0.794,11.754,0,stand
10.6645,4882,0.059,0.0247,-0.0536,0.073,11.673,0,stand
10.6667,4883,0.0587,0.0246,-0.0533,0.8735,11.576,0,stand
10.6687,4884,0.0582,0.0244,-0.0528,0.0897,11.494,0,stand
10.6708,4885,0.0588,0.024,-0.0537,0.3935,11.801,0,stand
10.6729,4886,0.058,0.0237,-0.0529,0.0535,11.634,0,stand
10.675,4887,0.0582,0.0234,-0.0533,1.0115,11.772,0,stand
10.6771,4888,0.0576,0.0232,-0.0527,0.0483,11.729,0,stand
10.6791,4889,0.058,0.023,-0.0532,0.8524,11.882,0,stand
10.6812,4890,0.0571,0.0228,-0.0524,0.0146,11.753,0,stand
10.6833,4891,0.0573,0.0224,-0.0527,0.4243,11.876,0,stand
10.6853,4892,0.0567,0.0222,-0.0522,0.0374,11.788,0,stand
10.6875,4893,0.0568,0.0218,-0.0524,0.9396,12.004,0,stand
10.6896,4894,0.0562,0.0217,-0.0518,0.0372,11.915,0,stand
10.6916,4895,0.0564,0.0213,-0.0522,0.487,12.132,0,stand
10.6937,4896,0.0558,0.0212,-0.0516,0.031,12.04,0,stand
10.6958,4897,0.0556,0.0207,-0.0517,0.2795,12.197,0,stand
10.6979,4898,0.055,0.0206,-0.051,0.0261,12.149,0,stand
10.7002,4899,0.0554,0.0203,-0.0515,0.8839,12.446,0,jog
10.7022,4900,0.0545,0.0201,-0.0506,0.0361,12.301,0,jog
10.7042,4901,0.0543,0.0199,-0.0505,1.056,12.502,0,jog
10.7063,4902,0.0537,0.0198,-0.0499,0.0354,12.352,0,jog
10.7083,4903,0.0535,0.0195,-0.0498,0.1558,12.558,0,jog
10.7104,4904,0.0529,0.0194,-0.0492,0.0298,12.506,0,jog
10.7125,4905,0.0526,0.0192,-0.049,0.6066,12.678,0,jog
10.7145,4906,0.052,0.0191,-0.0483,0.0288,12.573,0,jog
10.7168,4907,0.0514,0.0189,-0.0478,0.235,12.621,0,jog
10.7189,4908,0.0508,0.0188,-0.0472,0.0232,12.512,0,jog
10.7209,4909,0.0504,0.0186,-0.0469,0.8392,12.633,0,jog
10.723,4910,0.0498,0.0185,-0.0462,0.1022,12.577,0,jog
10.725,4911,0.0495,0.0183,-0.046,0.1393,12.713,0,jog
10.7271,4912,0.0488,0.0182,-0.0453,0.1393,12.599,0,jog
10.7292,4913,0.0486,0.018,-0.0452,0.1325,12.644,0,jog
10.7312,4914,0.0479,0.0179,-0.0444,0.1325,12.527,0,jog
10.7333,4915,0.048,0.0178,-0.0446,0.1322,12.676,0,jog
10.7353,4916,0.0469,0.0177,-0.0435,0.1322,12.558,0,jog
10.7375,4917,0.0466,0.0176,-0.0432,0.1073,12.62,0,jog
10.7395,4918,0.0459,0.0175,-0.0424,0.1073,12.5,0,jog
10.7416,4919,0.0456,0.0174,-0.0421,0.1129,12.503,0,jog
10.7437,4920,0.0448,0.0174,-0.0413,0.1129,12.383,0,jog
10.7458,4921,0.0445,0.0173,-0.041,0.1056,12.505,0,jog
10.7479,4922,0.0434,0.0173,-0.0398,0.1056,12.325,0,jog
10.7502,4923,0.0434,0.0173,-0.0398,0.0978,12.437,0,jog
10.7522,4924,0.0423,0.0173,-0.0386,0.0978,12.199,0,jog
10.7542,4925,0.0419,0.0173,-0.0381,0.0933,12.228,0,jog
10.7563,4926,0.0411,0.0173,-0.0373,0.0933,12.169,0,jog
10.7583,4927,0.0408,0.0173,-0.0369,0.1046,12.236,0,jog
10.7604,4928,0.04,0.0173,-0.0361,0.1046,12.12,0,jog
10.7625,4929,0.0396,0.0173,-0.0356,0.0982,12.132,0,jog
10.7645,4930,0.0389,0.0173,-0.0348,0.0982,12.018,0,jog
10.7666,4931,0.0384,0.0174,-0.0343,0.0879,12.133,0,jog
10.7687,4932,0.0376,0.0174,-0.0334,0.0879,12.021,0,jog
10.7708,4933,0.0372,0.0174,-0.0329,0.084,12.086,0,jog
10.7728,4934,0.036,0.0174,-0.0315,0.084,11.867,0,jog
10.775,4935,0.0356,0.0175,-0.031,0.0981,11.946,0,jog
10.777,4936,0.0349,0.0175,-0.0302,0.0981,11.895,0,jog
10.7791,4937,0.0345,0.0175,-0.0297,0.0949,11.996,0,jog
10.7812,4938,0.0338,0.0175,-0.0289,0.0949,11.898,0,jog
10.7833,4939,0.0335,0.0174,-0.0287,0.091,11.953,0,jog
10.7854,4940,0.0331,0.0174,-0.0282,0.091,11.851,0,jog
10.7875,4941,0.0333,0.0174,-0.0283,0.0963,12.053,0,jog
10.7895,4942,0.0327,0.0173,-0.0278,0.0963,11.897,0,jog
10.7916,4943,0.0328,0.0172,-0.0279,0.0971,11.935,0,jog
10.7937,4944,0.0325,0.0171,-0.0276,0.0971,11.826,0,jog
10.7958,4945,0.0327,0.0171,-0.0278,0.0891,12.033,0,jog
10.7979,4946,0.0321,0.017,-0.0272,0.0891,11.813,0,jog
10.8001,4947,0.0321,0.0171,-0.0272,0.0911,11.849,0,jog
10.8021,4948,0.0318,0.0171,-0.0269,0.0911,11.737,0,jog
10.8042,4949,0.0319,0.0171,-0.0269,0.1083,11.897,0,jog
10.8062,4950,0.0316,0.0171,-0.0266,0.1083,11.787,0,jog
10.8084,4951,0.0317,0.0172,-0.0266,0.1076,11.831,0,jog
10.8104,4952,0.0314,0.0172,-0.0262,0.1076,11.724,0,jog
10.8125,4953,0.0315,0.0173,-0.0264,0.131,11.887,0,jog
10.8145,4954,0.0313,0.0173,-0.026,0.131,11.782,0,jog
10.8166,4955,0.0314,0.0174,-0.0262,0.1174,11.871,0,jog
10.8187,4956,0.0312,0.0174,-0.0258,0.1174,11.717,0,jog
10.8208,4957,0.0313,0.0175,-0.026,0.1178,11.796,0,jog
10.8229,4958,0.031,0.0176,-0.0255,0.1178,11.696,0,jog
10.825,4959,0.0312,0.0176,-0.0257,0.1369,11.794,0,jog
10.827,4960,0.031,0.0177,-0.0254,0.1369,11.662,0,jog
10.8292,4961,0.0311,0.0178,-0.0256,0.1134,11.755,0,jog
10.8312,4962,0.0309,0.0179,-0.0253,0.1134,11.717,0,jog
10.8334,4963,0.0312,0.0179,-0.0255,0.1267,11.834,0,jog
10.8354,4964,0.0309,0.018,-0.0252,0.1267,11.764,0,jog
10.8375,4965,0.0312,0.0181,-0.0254,0.1272,11.836,0,jog
10.8396,4966,0.031,0.0181,-0.0252,0.1272,11.771,0,jog
10.8416,4967,0.0313,0.0182,-0.0255,0.1236,11.914,0,jog
10.8437,4968,0.0312,0.0183,-0.0253,0.1236,11.85,0,jog
10.8458,4969,0.0315,0.0184,-0.0256,0.1433,11.917,0,jog
10.8479,4970,0.0315,0.0185,-0.0254,0.1433,11.822,0,jog
10.8502,4971,0.0318,0.0185,-0.0258,0.115,11.942,0,jog
10.8521,4972,0.0317,0.0187,-0.0255,0.115,11.846,0,jog
10.8542,4973,0.032,0.0188,-0.0259,0.1462,11.987,0,jog
10.8562,4974,0.0319,0.0189,-0.0257,0.1462,11.922,0,jog
10.8583,4975,0.0327,0.0189,-0.0267,0.283,12.018,0,jog
10.8603,4976,0.0326,0.019,-0.0265,0.283,11.917,0,jog
10.8625,4977,0.0329,0.0191,-0.0268,0.1287,12.009,0,jog
10.8646,4978,0.0328,0.0192,-0.0266,0.1287,11.974,0,jog
10.8667,4979,0.0331,0.0192,-0.027,0.1349,12.072,0,jog
10.8687,4980,0.0331,0.0194,-0.0268,0.1349,12.001,0,jog
10.8708,4981,0.0334,0.0194,-0.0272,0.1507,12.086,0,jog
10.8728,4982,0.0334,0.0196,-0.027,0.1507,11.941,0,jog
10.875,4983,0.0338,0.0196,-0.0275,0.1659,12.049,0,jog
10.8771,4984,0.0338,0.0198,-0.0274,0.1659,12.012,0,jog
10.8791,4985,0.0341,0.0198,-0.0277,0.1327,12.113,0,jog
10.8812,4986,0.034,0.0199,-0.0276,0.1327,12.038,0,jog
10.8833,4987,0.0343,0.0199,-0.028,0.1447,12.159,0,jog
10.8853,4988,0.0343,0.02,-0.0279,0.1447,12.044,0,jog
10.8875,4989,0.0346,0.02,-0.0283,0.1358,12.159,0,jog
10.8895,4990,0.0346,0.0202,-0.0281,0.1358,12.081,0,jog
10.8917,4991,0.035,0.0201,-0.0286,0.1508,12.248,0,jog
10.8938,4992,0.0349,0.0203,-0.0284,0.1508,12.169,0,jog
10.8958,4993,0.0353,0.0203,-0.0288,0.1519,12.27,0,jog
10.8979,4994,0.0353,0.0205,-0.0287,0.1519,12.148,0,jog
10.9001,4995,0.0356,0.0203,-0.0292,0.139,12.327,0,jog
10.9021,4996,0.0356,0.0206,-0.029,0.139,12.244,0,jog
10.9042,4997,0.0359,0.0205,-0.0295,0.1487,12.41,0,jog
10.9062,4998,0.0359,0.0206,-0.0293,0.1487,12.325,0,jog
10.9084,4999,0.0361,0.0205,-0.0297,0.1396,12.483,0,jog
10.9104,5000,0.0361,0.0207,-0.0296,0.1396,12.353,0,jog
10.9125,5001,0.0365,0.0205,-0.0302,0.1743,12.542,0,jog
10.9146,5002,0.0365,0.0207,-0.03,0.1743,12.453,0,jog
10.9167,5003,0.0368,0.0206,-0.0305,0.1416,12.663,0,jog
10.9187,5004,0.0368,0.0207,-0.0303,0.1416,12.572,0,jog
10.9209,5005,0.037,0.0207,-0.0307,0.1477,12.717,0,jog
10.9229,5006,0.037,0.0209,-0.0306,0.1477,12.576,0,jog
10.925,5007,0.0373,0.0207,-0.031,0.1553,12.779,0,jog
10.9271,5008,0.0373,0.0209,-0.0309,0.1553,12.731,0,jog
10.9292,5009,0.0376,0.0206,-0.0314,0.1688,12.943,0,jog
10.9313,5010,0.0376,0.0208,-0.0313,0.1688,12.844,0,jog
10.9334,5011,0.0379,0.0206,-0.0318,0.171,13.065,0,jog
10.9354,5012,0.0379,0.0208,-0.0317,0.171,12.913,0,jog
10.9375,5013,0.0385,0.0208,-0.0325,0.2136,12.964,0,jog
10.9396,5014,0.0386,0.021,-0.0324,0.2136,12.912,0,jog
10.9417,5015,0.0388,0.0207,-0.0328,0.1587,13.115,0,jog
10.9438,5016,0.0388,0.0209,-0.0327,0.1587,13.008,0,jog
10.9459,5017,0.0391,0.0207,-0.0332,0.1725,13.22,0,jog
10.9479,5018,0.0391,0.021,-0.033,0.1725,13.001,0,jog
10.9501,5019,0.0393,0.0207,-0.0335,0.1533,13.245,0,jog
10.9521,5020,0.0394,0.021,-0.0333,0.1533,13.133,0,jog
10.9542,5021,0.0396,0.0207,-0.0338,0.1753,13.401,0,jog
10.9562,5022,0.0397,0.021,-0.0337,0.1753,13.23,0,jog
10.9584,5023,0.0399,0.0208,-0.034,0.1444,13.334,0,jog
10.9605,5024,0.0399,0.021,-0.0339,0.1444,13.217,0,jog
10.9625,5025,0.0402,0.0208,-0.0344,0.1829,13.48,0,jog
10.9646,5026,0.0403,0.021,-0.0343,0.1829,13.36,0,jog
10.9666,5027,0.0405,0.0208,-0.0348,0.1768,13.563,0,jog
10.9687,5028,0.0405,0.021,-0.0347,0.1768,13.38,0,jog
10.9708,5029,0.0408,0.0209,-0.0351,0.162,13.506,0,jog
10.9729,5030,0.0408,0.0211,-0.035,0.162,13.443,0,jog
10.9751,5031,0.0411,0.0208,-0.0355,0.1802,13.723,0,jog
10.9771,5032,0.0412,0.0211,-0.0353,0.1802,13.534,0,jog
10.9792,5033,0.0414,0.0209,-0.0358,0.172,13.654,0,jog
10.9813,5034,0.0415,0.0212,-0.0357,0.172,13.525,0,jog
10.9834,5035,0.0418,0.021,-0.0362,0.1943,13.793,0,jog
10.9854,5036,0.0419,0.0212,-0.0361,0.1943,13.662,0,jog
10.9875,5037,0.0421,0.021,-0.0365,0.1792,13.856,0,jog
10.9896,5038,0.0422,0.0212,-0.0364,0.1792,13.723,0,jog
10.9917,5039,0.0425,0.021,-0.0369,0.1791,13.858,0,jog
10.9938,5040,0.0425,0.0213,-0.0368,0.1791,13.722,0,jog
10.9959,5041,0.0429,0.0212,-0.0372,0.1856,13.914,0,jog
10.9979,5042,0.0429,0.0215,-0.0371,0.1856,13.776,0,jog
11.0,5043,0.0433,0.0212,-0.0377,0.195,14.022,0,jog
11.0021,5044,0.0433,0.0216,-0.0375,0.195,13.741,0,jog
11.0041,5045,0.0437,0.0214,-0.0381,0.2015,13.949,0,jog
11.0062,5046,0.0437,0.0216,-0.0379,0.2015,13.878,0,jog
11.0083,5047,0.044,0.0215,-0.0384,0.1689,14.031,0,jog
11.0103,5048,0.044,0.0218,-0.0383,0.1689,13.887,0,jog
11.0125,5049,0.0445,0.0216,-0.0389,0.2035,14.083,0,jog
11.0146,5050,0.0445,0.0219,-0.0387,0.2035,13.865,0,jog
11.0167,5051,0.0449,0.0218,-0.0393,0.1909,14.01,0,jog
11.0188,5052,0.045,0.0221,-0.0392,0.1909,13.936,0,jog
11.0209,5053,0.0454,0.0221,-0.0397,0.2138,14.057,0,jog
11.0229,5054,0.0455,0.0224,-0.0396,0.2138,13.909,0,jog
11.025,5055,0.0462,0.0222,-0.0405,0.2786,13.975,0,jog
11.027,5056,0.0462,0.0225,-0.0404,0.2786,13.825,0,jog
11.0291,5057,0.0468,0.0223,-0.0411,0.2164,14.171,0,jog
11.0312,5058,0.0468,0.0227,-0.0409,0.2164,13.944,0,jog
11.0333,5059,0.0473,0.0226,-0.0415,0.2041,14.104,0,jog
11.0353,5060,0.0473,0.0229,-0.0414,0.2041,13.952,0,jog
11.0375,5061,0.0479,0.0228,-0.0421,0.2332,14.063,0,jog
11.0396,5062,0.0479,0.0231,-0.042,0.2332,13.912,0,jog
11.0417,5063,0.0485,0.0231,-0.0426,0.2097,14.163,0,jog
11.0437,5064,0.0485,0.0234,-0.0425,0.2097,14.012,0,jog
11.0458,5065,0.0491,0.0233,-0.0432,0.229,14.2,0,jog
11.0479,5066,0.0492,0.0238,-0.043,0.229,13.898,0,jog
11.05,5067,0.0497,0.0235,-0.0438,0.208,14.212,0,jog
11.0521,5068,0.0498,0.0241,-0.0435,0.208,13.985,0,jog
11.0541,5069,0.0504,0.0239,-0.0444,0.3725,14.231,0,jog
11.0562,5070,0.0504,0.0244,-0.0442,0.147,14.006,0,jog
11.0583,5071,0.051,0.0243,-0.0449,0.5689,14.2,0,jog
11.0603,5072,0.0511,0.0246,-0.0447,0.1356,13.978,0,jog
11.0625,5073,0.0516,0.0246,-0.0453,0.9168,14.135,0,jog
11.0646,5074,0.0516,0.025,-0.0452,0.1437,14.061,0,jog
11.0667,5075,0.0523,0.0249,-0.046,0.5293,14.253,0,jog
11.0687,5076,0.0523,0.0253,-0.0458,0.1336,14.107,0,jog
11.0708,5077,0.0529,0.0252,-0.0465,1.2949,14.314,0,jog
11.0729,5078,0.0529,0.0257,-0.0463,0.1605,14.026,0,jog
11.0751,5079,0.0536,0.0256,-0.047,1.0158,14.261,0,jog
11.0772,5080,0.0536,0.0259,-0.0469,0.1359,14.115,0,jog
11.0792,5081,0.0542,0.0257,-0.0477,0.3804,14.402,0,jog
11.0813,5082,0.0541,0.0261,-0.0474,0.1431,14.177,0,jog
11.0834,5083,0.0545,0.0258,-0.0481,0.7373,14.3,0,jog
11.0854,5084,0.0542,0.0255,-0.0478,0.0821,14.228,0,jog
11.0875,5085,0.0545,0.0247,-0.0486,0.3973,14.441,0,jog
11.0896,5086,0.0541,0.0243,-0.0483,0.0967,14.308,0,jog
11.0916,5087,0.0546,0.0237,-0.0492,0.1097,14.615,0,jog
11.0937,5088,0.0541,0.0232,-0.0489,0.1101,14.361,0,jog
11.0958,5089,0.0546,0.0225,-0.0497,0.4201,14.656,0,jog
11.0979,5090,0.0543,0.0222,-0.0496,0.1051,14.534,0,jog
11.0999,5091,0.0548,0.0216,-0.0504,0.34,14.674,0,jog
11.1019,5092,0.0546,0.0214,-0.0503,0.102,14.557,0,jog
11.1041,5093,0.0552,0.021,-0.0511,0.7231,14.857,0,jog
11.1062,5094,0.0551,0.0209,-0.051,0.1097,14.741,0,jog
11.1083,5095,0.0557,0.0204,-0.0519,0.6156,14.939,0,jog
11.1103,5096,0.0556,0.0204,-0.0517,0.1111,14.822,0,jog
11.1126,5097,0.0564,0.0201,-0.0527,0.8231,15.143,0,jog
11.1147,5098,0.0562,0.0201,-0.0525,0.1194,15.025,0,jog
11.1167,5099,0.057,0.0198,-0.0535,0.4292,15.333,0,jog
11.1188,5100,0.0569,0.0199,-0.0533,0.115,15.094,0,jog
11.1209,5101,0.0576,0.0197,-0.0542,0.6156,15.323,0,jog
11.123,5102,0.0575,0.0197,-0.054,0.1306,15.2,0,jog
11.1252,5103,0.0584,0.0195,-0.0551,0.4097,15.444,0,jog
11.1272,5104,0.0583,0.0196,-0.055,0.1308,15.262,0,jog
11.1293,5105,0.0591,0.0193,-0.0559,0.9494,15.481,0,jog
11.1313,5106,0.059,0.0193,-0.0558,0.141,15.421,0,jog
11.1334,5107,0.0599,0.0192,-0.0568,1.6136,15.629,0,jog
11.1354,5108,0.0598,0.0192,-0.0567,0.1497,15.509,0,jog
11.1375,5109,0.0607,0.019,-0.0577,0.8721,15.661,0,jog
11.1396,5110,0.0606,0.019,-0.0576,0.1405,15.541,0,jog
11.1417,5111,0.0614,0.0188,-0.0585,0.5893,15.787,0,jog
11.1438,5112,0.0613,0.0189,-0.0583,0.1411,15.665,0,jog
11.1459,5113,0.062,0.0188,-0.0591,0.7667,15.682,0,jog
11.1479,5114,0.0619,0.0189,-0.0589,0.1446,15.558,0,jog
11.1501,5115,0.0627,0.0187,-0.0599,0.3658,15.778,0,jog
11.1522,5116,0.0625,0.0187,-0.0597,0.1354,15.651,0,jog
11.1542,5117,0.0634,0.0185,-0.0606,0.4814,15.767,0,jog
11.1563,5118,0.0632,0.0185,-0.0605,0.1554,15.638,0,jog
11.1583,5119,0.064,0.0183,-0.0614,0.1991,15.681,0,jog
11.1604,5120,0.0639,0.0182,-0.0612,0.1588,15.551,0,jog
11.1625,5121,0.0647,0.0181,-0.0621,1.2039,15.687,0,jog
11.1645,5122,0.0645,0.018,-0.0619,0.1682,15.557,0,jog
11.1668,5123,0.0653,0.0178,-0.0628,0.7874,15.633,0,jog
11.1689,5124,0.0651,0.0177,-0.0626,0.1519,15.373,0,jog
11.171,5125,0.066,0.0176,-0.0636,1.5126,15.396,0,jog
11.173,5126,0.0658,0.0175,-0.0634,0.1728,15.331,0,jog
11.1751,5127,0.0666,0.0174,-0.0643,0.9264,15.383,0,jog
11.1772,5128,0.0664,0.0173,-0.0641,0.1728,15.254,0,jog
11.1793,5129,0.0672,0.0173,-0.0649,1.3971,15.174,0,jog
11.1813,5130,0.067,0.0172,-0.0648,0.1823,15.047,0,jog
11.1835,5131,0.0678,0.0171,-0.0656,0.7938,15.094,0,jog
11.1855,5132,0.0676,0.017,-0.0654,0.1794,14.967,0,jog
11.1876,5133,0.0684,0.017,-0.0663,1.4101,14.943,0,jog
11.1897,5134,0.0682,0.0169,-0.0661,0.1883,14.818,0,jog
11.1917,5135,0.069,0.0169,-0.0669,0.4254,14.725,0,jog
11.1938,5136,0.0688,0.0167,-0.0668,0.1886,14.603,0,jog
11.196,5137,0.0697,0.0168,-0.0676,1.0873,14.588,0,jog
11.198,5138,0.0694,0.0166,-0.0673,0.1814,14.406,0,jog
11.2001,5139,0.0703,0.0168,-0.0683,0.4004,14.412,0,jog
11.2022,5140,0.07,0.0166,-0.068,0.1821,14.176,0,jog
11.2042,5141,0.0707,0.0167,-0.0687,1.3232,14.079,0,jog
11.2063,5142,0.0705,0.0166,-0.0686,0.2048,14.021,0,jog
11.2083,5143,0.0713,0.0167,-0.0693,0.4106,13.911,0,jog
11.2104,5144,0.0711,0.0166,-0.0692,0.2041,13.798,0,jog
11.2125,5145,0.072,0.0168,-0.07,0.6985,13.749,0,jog
11.2145,5146,0.0717,0.0166,-0.0697,0.1942,13.527,0,jog
11.2166,5147,0.0725,0.0168,-0.0705,0.4172,13.413,0,jog
11.2187,5148,0.0722,0.0166,-0.0703,0.2096,13.359,0,jog
11.2208,5149,0.0731,0.0168,-0.0711,0.5401,13.239,0,jog
11.2228,5150,0.0728,0.0166,-0.0708,0.1963,13.028,0,jog
11.225,5151,0.0735,0.0168,-0.0715,0.8662,12.903,0,jog
11.227,5152,0.0732,0.0167,-0.0713,0.2175,12.801,0,jog
11.2291,5153,0.074,0.0168,-0.072,1.0247,12.763,0,jog
11.2312,5154,0.0737,0.0167,-0.0718,0.211,12.662,0,jog
11.2333,5155,0.0745,0.0168,-0.0725,0.4202,12.58,0,jog
11.2353,5156,0.0742,0.0167,-0.0723,0.2143,12.435,0,jog
11.2375,5157,0.0749,0.0167,-0.073,0.8894,12.399,0,jog
11.2395,5158,0.0747,0.0166,-0.0728,0.2099,12.352,0,jog
11.2416,5159,0.0755,0.0166,-0.0736,1.0583,12.38,0,jog
11.2436,5160,0.0752,0.0164,-0.0734,0.2037,12.288,0,jog
11.2458,5161,0.076,0.0164,-0.0742,0.3809,12.301,0,jog
11.2479,5162,0.0756,0.0161,-0.0739,0.1855,12.169,0,jog
11.2501,5163,0.0765,0.0161,-0.0748,0.8832,12.347,0,jog
11.2521,5164,0.0761,0.0159,-0.0745,0.1796,12.217,0,jog
11.2542,5165,0.0771,0.0157,-0.0755,1.0897,12.407,0,jog
11.2563,5166,0.0767,0.0155,-0.0751,0.1733,12.239,0,jog
11.2583,5167,0.0776,0.0152,-0.0761,0.9514,12.429,0,jog
11.2604,5168,0.0773,0.0151,-0.0758,0.1853,12.387,0,jog
11.2624,5169,0.0781,0.0149,-0.0767,1.0866,12.547,0,jog
11.2645,5170,0.0778,0.0147,-0.0764,0.1912,12.465,0,jog
11.2668,5171,0.0788,0.0144,-0.0774,1.479,12.674,0,jog
11.2689,5172,0.0783,0.0142,-0.077,0.1567,12.509,0,jog
11.2709,5173,0.0792,0.0139,-0.078,0.6763,12.806,0,jog
11.273,5174,0.0789,0.0137,-0.0777,0.1753,12.721,0,jog
11.275,5175,0.0799,0.0134,-0.0787,0.361,12.981,0,jog
11.2771,5176,0.0795,0.0133,-0.0784,0.1742,12.896,0,jog
11.2791,5177,0.0807,0.0129,-0.0796,0.2728,13.155,0,jog
11.2812,5178,0.0802,0.0128,-0.0791,0.1463,13.025,0,jog
11.2834,5179,0.0818,0.0128,-0.0808,1.5435,13.221,0,jog
11.2854,5180,0.0814,0.0127,-0.0804,0.1786,13.132,0,jog
11.2876,5181,0.0824,0.0123,-0.0815,2.4205,13.424,0,jog
11.2896,5182,0.082,0.0122,-0.0811,0.1673,13.287,0,jog
11.2917,5183,0.0831,0.0118,-0.0822,0.5415,13.601,0,jog
11.2938,5184,0.0827,0.0118,-0.0818,0.1694,13.554,0,jog
11.2958,5185,0.0837,0.0114,-0.0829,0.3972,13.858,0,jog
11.2979,5186,0.083,0.0113,-0.0823,0.1383,13.713,0,jog
11.3002,5187,0.0843,0.011,-0.0836,0.2354,14.018,0,jog
11.3022,5188,0.0836,0.0109,-0.0829,0.1366,13.867,0,jog
11.3043,5189,0.085,0.0105,-0.0843,0.9287,14.31,0,jog
11.3063,5190,0.0843,0.0104,-0.0836,0.1303,14.156,0,jog
11.3085,5191,0.0852,0.0102,-0.0846,1.6645,14.431,0,jog
11.3105,5192,0.0847,0.0101,-0.0841,0.1726,14.271,0,jog
11.3127,5193,0.0859,0.0098,-0.0853,0.299,14.598,0,jog
11.3147,5194,0.0854,0.0097,-0.0848,0.1718,14.543,0,jog
11.3168,5195,0.0864,0.0093,-0.0859,1.1948,14.862,0,jog
11.3188,5196,0.0857,0.0092,-0.0852,0.1273,14.693,0,jog
11.3209,5197,0.0867,0.0089,-0.0862,1.3847,14.914,0,jog
11.3229,5198,0.0862,0.0089,-0.0857,0.1706,14.796,0,jog
11.325,5199,0.0872,0.0086,-0.0868,0.4485,15.081,0,jog
11.327,5200,0.0866,0.0085,-0.0862,0.1679,15.021,0,jog
11.3292,5201,0.0876,0.0082,-0.0873,0.1596,15.257,0,jog
11.3313,5202,0.0871,0.0081,-0.0867,0.1705,15.135,0,jog
11.3335,5203,0.0881,0.0078,-0.0877,0.9026,15.318,0,jog
11.3355,5204,0.0875,0.0077,-0.0871,0.1635,15.191,0,jog
11.3376,5205,0.0884,0.0074,-0.0881,0.6872,15.489,0,jog
11.3397,5206,0.0878,0.0073,-0.0875,0.1667,15.36,0,jog
11.3417,5207,0.0888,0.0069,-0.0885,1.4014,15.614,0,jog
11.3438,5208,0.0881,0.0068,-0.0879,0.16,15.483,0,jog
11.3459,5209,0.089,0.0065,-0.0888,0.7715,15.58,0,jog
11.3479,5210,0.088,0.0063,-0.0878,0.1246,15.378,0,jog
11.3501,5211,0.0893,0.0061,-0.0891,0.5718,15.703,0,jog
11.3521,5212,0.0883,0.0059,-0.0881,0.1309,15.498,0,jog
11.3542,5213,0.0892,0.0055,-0.089,1.7617,15.677,0,jog
11.3563,5214,0.0885,0.0053,-0.0883,0.1556,15.538,0,jog
11.3584,5215,0.0894,0.005,-0.0893,0.9198,15.635,0,jog
11.3605,5216,0.0887,0.0049,-0.0885,0.1604,15.494,0,jog
11.3625,5217,0.0895,0.0045,-0.0894,1.1257,15.726,0,jog
11.3646,5218,0.0888,0.0043,-0.0887,0.1542,15.583,0,jog
11.3667,5219,0.0902,0.0041,-0.0901,0.5092,15.789,0,jog
11.3687,5220,0.089,0.0038,-0.0889,0.1381,15.573,0,jog
11.3708,5221,0.0894,0.0035,-0.0893,1.1243,15.525,0,jog
11.3729,5222,0.0886,0.0033,-0.0885,0.1565,15.453,0,jog
11.375,5223,0.0894,0.003,-0.0894,0.5539,15.533,0,jog
11.377,5224,0.0886,0.0028,-0.0885,0.1543,15.39,0,jog
11.3791,5225,0.0894,0.0024,-0.0894,1.29,15.524,0,jog
11.3812,5226,0.0886,0.0023,-0.0886,0.1528,15.312,0,jog
11.3833,5227,0.0896,0.002,-0.0896,1.6173,15.382,0,jog
11.3853,5228,0.0889,0.0019,-0.0889,0.1763,15.311,0,jog
11.3875,5229,0.0899,0.0015,-0.0899,2.6059,15.45,0,jog
11.3895,5230,0.0893,0.0014,-0.0893,0.1648,15.305,0,jog
11.3917,5231,0.0903,0.0012,-0.0903,1.8873,15.283,0,jog
11.3937,5232,0.0899,0.0011,-0.0899,0.2097,15.21,0,jog
11.3958,5233,0.0911,0.0007,-0.0911,1.5332,15.222,0,jog
11.3979,5234,0.0907,0.0006,-0.0907,0.2146,15.004,0,jog
11.4,5235,0.0922,0.0003,-0.0922,0.3836,15.178,0,jog
11.4021,5236,0.0915,0.0003,-0.0915,0.1668,15.033,0,jog
11.4041,5237,0.0929,0.0,-0.0929,0.2652,15.169,0,jog
11.4062,5238,0.092,0.0,-0.092,0.1383,14.955,0,jog
11.4083,5239,0.0932,-0.0003,-0.0932,0.881,14.976,0,jog
11.4104,5240,0.0925,-0.0002,-0.0925,0.1604,14.837,0,jog
11.4125,5241,0.0935,-0.0005,-0.0935,1.0198,14.998,0,jog
11.4145,5242,0.0928,-0.0004,-0.0928,0.1502,14.862,0,jog
11.4166,5243,0.0962,0.0004,-0.0962,0.78,15.596,0,jog
11.4187,5244,0.0951,0.0005,-0.0951,0.3615,15.33,0,jog
11.4209,5245,0.0961,0.0005,-0.0961,1.4616,15.403,0,jog
11.4229,5246,0.0949,0.0006,-0.0949,0.1047,15.274,0,jog
11.4251,5247,0.0961,0.0005,-0.0961,1.2989,15.388,0,jog
11.4272,5248,0.0954,0.0006,-0.0954,0.1663,15.215,0,jog
11.4296,5249,0.0967,0.0003,-0.0967,1.5438,15.397,0,jog
11.4314,5250,0.0957,0.0004,-0.0957,0.1002,15.294,0,jog
11.4336,5251,0.0968,0.0001,-0.0968,0.9957,15.442,0,jog
11.4356,5252,0.0958,0.0002,-0.0958,0.1042,15.301,0,jog
11.4378,5253,0.097,0.0001,-0.097,0.1457,15.304,0,jog
11.4398,5254,0.0963,0.0002,-0.0963,0.1756,15.218,0,jog
11.442,5255,0.0969,0.0001,-0.0969,1.1959,15.239,0,jog
11.444,5256,0.0963,0.0002,-0.0963,0.1828,15.157,0,jog
11.4462,5257,0.0976,0.0001,-0.0976,0.5181,15.146,0,jog
11.4482,5258,0.0967,0.0002,-0.0966,0.1278,14.984,0,jog
11.4504,5259,0.098,0.0003,-0.098,0.7952,14.924,0,jog
11.4524,5260,0.0969,0.0003,-0.0969,0.1275,14.842,0,jog
11.4546,5261,0.0983,0.0004,-0.0983,0.5432,14.71,0,jog
11.4566,5262,0.0972,0.0005,-0.0972,0.1301,14.586,0,jog
11.4588,5263,0.0983,0.0005,-0.0983,0.9906,14.472,0,jog
11.4608,5264,0.0972,0.0006,-0.0972,0.1233,14.304,0,jog
11.463,5265,0.098,0.0007,-0.098,0.8864,14.078,0,jog
11.465,5266,0.0969,0.0007,-0.0969,0.1287,13.993,0,jog
11.4672,5267,0.098,0.0009,-0.098,0.2443,13.808,0,jog
11.4694,5268,0.0969,0.0009,-0.0969,0.1333,13.68,0,jog
11.4715,5269,0.0977,0.001,-0.0977,0.2636,13.388,0,jog
11.4735,5270,0.0969,0.0011,-0.0969,0.1917,13.304,0,jog
11.4757,5271,0.0977,0.0012,-0.0977,0.2333,13.127,0,jog
11.4776,5272,0.0969,0.0012,-0.0969,0.187,13.042,0,jog
11.4798,5273,0.0978,0.0013,-0.0978,0.5355,12.872,0,jog
11.4818,5274,0.0971,0.0013,-0.0971,0.1917,12.788,0,jog
11.4838,5275,0.0979,0.0014,-0.0979,1.0605,12.541,0,jog
11.4858,5276,0.0968,0.0014,-0.0968,0.1362,12.458,0,jog
11.4879,5277,0.0977,0.0014,-0.0977,1.0041,12.313,0,jog
11.49,5278,0.097,0.0014,-0.097,0.1928,12.232,0,jog
11.4922,5279,0.0978,0.0015,-0.0977,0.9874,12.09,0,jog
11.4941,5280,0.097,0.0015,-0.097,0.1861,11.971,0,jog
11.4962,5281,0.0978,0.0015,-0.0978,0.4578,11.857,0,jog
11.4982,5282,0.0971,0.0015,-0.0971,0.1911,11.819,0,jog
11.5003,5283,0.0979,0.0015,-0.0979,0.2329,11.716,0,jog
11.5023,5284,0.0971,0.0015,-0.0971,0.1905,11.64,0,jog
11.5046,5285,0.098,0.0016,-0.098,0.3558,11.547,0,jog
11.5066,5286,0.0972,0.0016,-0.0972,0.195,11.436,0,jog
11.5087,5287,0.098,0.0016,-0.098,1.2287,11.386,0,jog
11.5108,5288,0.0972,0.0015,-0.0972,0.1881,11.35,0,jog
11.513,5289,0.0979,0.0017,-0.0979,1.2503,11.255,0,jog
11.5149,5290,0.0968,0.0016,-0.0968,0.1333,11.15,0,jog
11.5171,5291,0.0975,0.0017,-0.0975,0.7504,11.091,0,jog
11.5191,5292,0.0967,0.0016,-0.0967,0.1892,11.024,0,jog
11.5214,5293,0.0974,0.0017,-0.0974,0.5687,10.987,0,jog
11.5233,5294,0.0966,0.0017,-0.0966,0.1852,10.92,0,jog
11.5256,5295,0.0971,0.0018,-0.0971,0.9625,10.856,0,jog
11.5277,5296,0.0963,0.0018,-0.0963,0.1878,10.792,0,jog
11.5298,5297,0.097,0.0019,-0.097,0.5624,10.722,0,jog
11.5318,5298,0.0958,0.0018,-0.0958,0.1273,10.659,0,jog
11.534,5299,0.0967,0.002,-0.0967,0.7078,10.61,0,jog
11.536,5300,0.0955,0.0019,-0.0955,0.1222,10.518,0,jog
11.5381,5301,0.0963,0.0021,-0.0963,1.0731,10.471,0,jog
11.5401,5302,0.0951,0.0021,-0.095,0.1163,10.354,0,jog
11.5422,5303,0.0955,0.0023,-0.0955,0.3673,10.303,0,jog
11.5442,5304,0.0947,0.0022,-0.0947,0.1754,10.274,0,jog
11.5463,5305,0.0951,0.0025,-0.0951,0.3172,10.18,0,jog
11.5484,5306,0.0943,0.0024,-0.0942,0.1758,10.124,0,jog
11.5505,5307,0.0945,0.0027,-0.0945,0.9,9.998,1,jog
11.5525,5308,0.0936,0.0026,-0.0936,0.1677,9.944,1,jog
11.5546,5309,0.0939,0.0029,-0.0938,0.4323,9.885,1,jog
11.5566,5310,0.093,0.0029,-0.093,0.165,9.831,1,jog
11.5588,5311,0.0933,0.0031,-0.0932,0.473,9.734,1,jog
11.5607,5312,0.0924,0.0031,-0.0924,0.158,9.656,1,jog
11.5629,5313,0.0926,0.0034,-0.0925,0.7813,9.562,1,jog
11.5649,5314,0.0912,0.0033,-0.0912,0.0851,9.511,1,jog
11.567,5315,0.0913,0.0037,-0.0912,0.6155,9.413,1,jog
11.5689,5316,0.0904,0.0036,-0.0903,0.1442,9.363,1,jog
11.571,5317,0.0905,0.0039,-0.0904,0.6084,9.248,1,jog
11.573,5318,0.0895,0.0039,-0.0895,0.1381,9.2,1,jog
11.5752,5319,0.0898,0.0043,-0.0897,1.3633,9.603,1,jog
11.5772,5320,0.0888,0.0043,-0.0887,0.1475,9.579,1,jog
11.5793,5321,0.089,0.0046,-0.0889,2.402,9.532,1,jog
11.5814,5322,0.0881,0.0045,-0.0879,0.1357,9.486,1,jog
11.5835,5323,0.0881,0.0048,-0.0879,0.8519,9.429,1,jog
11.5855,5324,0.0871,0.0048,-0.0869,0.1181,9.385,1,jog
11.5877,5325,0.0871,0.005,-0.0869,0.3437,9.367,1,jog
11.5897,5326,0.0861,0.005,-0.0859,0.1128,9.322,1,jog
11.5919,5327,0.086,0.0052,-0.0859,0.5909,9.276,1,jog
11.5939,5328,0.0845,0.0052,-0.0844,0.055,9.187,1,jog
11.596,5329,0.0846,0.0054,-0.0845,0.3456,9.148,1,jog
11.598,5330,0.0836,0.0054,-0.0834,0.1025,9.125,1,jog
11.6002,5331,0.0836,0.0056,-0.0834,0.8461,9.09,1,jog
11.6022,5332,0.0826,0.0056,-0.0824,0.0917,9.043,1,jog
11.6043,5333,0.0825,0.0058,-0.0823,0.4512,8.987,1,jog
11.6063,5334,0.0814,0.0058,-0.0812,0.0825,8.916,1,jog
11.6084,5335,0.0813,0.006,-0.081,0.3829,8.842,1,jog
11.6105,5336,0.0802,0.006,-0.08,0.0829,8.817,1,jog
11.6126,5337,0.0803,0.0062,-0.0801,0.5587,8.776,1,jog
11.6147,5338,0.0792,0.0062,-0.079,0.0777,8.726,1,jog
11.6167,5339,0.0793,0.0063,-0.079,0.4414,8.679,1,jog
11.6188,5340,0.0782,0.0064,-0.0779,0.0701,8.628,1,jog
11.6209,5341,0.0775,0.0065,-0.0772,0.8742,8.557,1,jog
11.6229,5342,0.0764,0.0066,-0.0762,0.0584,8.505,1,jog
11.6251,5343,0.0763,0.0067,-0.076,0.3835,8.452,1,jog
11.6272,5344,0.0752,0.0068,-0.0749,0.0542,8.374,1,jog
11.6293,5345,0.0759,0.007,-0.0756,0.6119,8.39,1,jog
11.6313,5346,0.0743,0.007,-0.0739,0.0921,8.311,1,jog
11.6334,5347,0.0743,0.0072,-0.0739,0.8551,8.307,1,jog
11.6354,5348,0.0732,0.0072,-0.0728,0.048,8.254,1,jog
11.6375,5349,0.073,0.0074,-0.0726,0.8214,8.192,1,jog
11.6395,5350,0.0719,0.0075,-0.0715,0.035,8.115,1,jog
11.6417,5351,0.0723,0.0077,-0.0719,0.3917,8.108,1,jog
11.6437,5352,0.0707,0.0077,-0.0703,0.0904,8.057,1,jog
11.6458,5353,0.0708,0.008,-0.0704,0.8832,8.054,1,jog
11.6478,5354,0.0692,0.0081,-0.0687,0.1062,7.979,1,jog
11.65,5355,0.0697,0.0082,-0.0692,0.884,7.942,1,jog
11.6521,5356,0.068,0.0083,-0.0675,0.1044,7.843,1,jog
11.6542,5357,0.0678,0.0086,-0.0673,0.8659,7.813,1,jog
11.6562,5358,0.0667,0.0086,-0.0662,0.0185,7.764,1,jog
11.6583,5359,0.0666,0.0089,-0.066,0.434,7.739,1,jog
11.6603,5360,0.0655,0.0089,-0.0649,0.0225,7.69,1,jog
11.6625,5361,0.0655,0.0092,-0.0649,0.4186,7.619,1,jog
11.6645,5362,0.0644,0.0092,-0.0637,0.0332,7.57,1,jog
11.6667,5363,0.0642,0.0095,-0.0635,0.8454,7.524,1,jog
11.6688,5364,0.0631,0.0095,-0.0624,0.0257,7.475,1,jog
11.6708,5365,0.0629,0.0098,-0.0621,0.5262,7.426,1,jog
11.6729,5366,0.0612,0.0099,-0.0604,0.1401,7.327,1,jog
11.6749,5367,0.0617,0.0102,-0.0608,0.4154,7.305,1,jog
11.677,5368,0.06,0.0103,-0.0591,0.1382,7.251,1,jog
11.6791,5369,0.06,0.0105,-0.0591,0.547,7.182,1,jog
11.6812,5370,0.0589,0.0104,-0.058,0.0496,7.124,1,jog
11.6833,5371,0.0591,0.0101,-0.0582,0.2933,7.033,1,jog
11.6853,5372,0.0584,0.0095,-0.0576,0.1737,7.01,1,jog
11.6874,5373,0.0588,0.0091,-0.058,0.9305,6.968,1,jog
11.6895,5374,0.0581,0.0084,-0.0575,0.1845,6.936,1,jog
11.6917,5375,0.0585,0.0081,-0.058,0.5379,6.872,1,jog
11.6938,5376,0.0579,0.0075,-0.0574,0.165,6.85,1,jog
11.6958,5377,0.0583,0.0073,-0.0578,0.3207,6.828,1,jog
11.6978,5378,0.0573,0.0067,-0.0569,0.1579,6.803,1,jog
11.7,5379,0.0584,0.0069,-0.058,0.3459,6.792,1,jog
11.702,5380,0.0569,0.0063,-0.0566,0.1724,6.756,1,jog
11.7041,5381,0.0575,0.0065,-0.0572,1.0006,6.723,1,jog
11.7062,5382,0.0564,0.0063,-0.056,0.0888,6.71,1,jog
11.7082,5383,0.0566,0.0064,-0.0562,0.2112,6.685,1,jog
11.7103,5384,0.0558,0.0064,-0.0554,0.0641,6.665,1,jog
11.7125,5385,0.0559,0.0066,-0.0555,0.0646,6.628,1,jog
11.7145,5386,0.0551,0.0065,-0.0547,0.0608,6.621,1,jog
11.717,5387,0.0555,0.0067,-0.0551,0.4722,6.581,1,jog
11.7191,5388,0.0544,0.0066,-0.054,0.0768,6.559,1,jog
11.7211,5389,0.0546,0.0068,-0.0542,0.9731,6.528,1,jog
11.7232,5390,0.0539,0.0068,-0.0535,0.0626,6.52,1,jog
11.7252,5391,0.0541,0.007,-0.0536,0.2822,6.481,1,jog
11.7273,5392,0.0534,0.007,-0.0529,0.0601,6.466,1,jog
11.7293,5393,0.0536,0.0073,-0.0531,0.45,6.416,1,jog
11.7314,5394,0.053,0.0073,-0.0525,0.0651,6.396,1,jog
11.7334,5395,0.0533,0.0076,-0.0528,0.6992,6.375,1,jog
11.7355,5396,0.0527,0.0076,-0.0521,0.0634,6.352,1,jog
11.7376,5397,0.0531,0.008,-0.0525,0.5873,6.324,1,jog
11.7396,5398,0.0525,0.008,-0.0519,0.0723,6.287,1,jog
11.7417,5399,0.0528,0.0083,-0.0521,1.0107,6.253,1,jog
11.7438,5400,0.0522,0.0084,-0.0515,0.0737,6.24,1,jog
11.746,5401,0.0525,0.0087,-0.0517,0.1164,6.194,1,jog
11.748,5402,0.0516,0.0088,-0.0508,0.0206,6.141,1,jog
11.7503,5403,0.0521,0.0091,-0.0513,0.2328,6.1,1,jog
11.7523,5404,0.0512,0.0091,-0.0504,0.0257,6.06,1,jog
11.7544,5405,0.0515,0.0095,-0.0506,0.4275,6.049,1,jog
11.7565,5406,0.0509,0.0094,-0.05,0.0657,6.023,1,jog
11.7587,5407,0.0512,0.0098,-0.0502,0.1577,5.99,1,jog
11.7607,5408,0.0505,0.0097,-0.0496,0.0677,5.953,1,jog
11.7628,5409,0.0509,0.0101,-0.0498,0.5321,5.927,1,jog
11.7649,5410,0.0499,0.01,-0.0489,0.2317,5.903,1,jog
11.7669,5411,0.0502,0.0103,-0.0491,0.7826,5.87,1,jog
11.769,5412,0.0496,0.0102,-0.0485,0.2078,5.847,1,jog
11.771,5413,0.0498,0.0106,-0.0487,0.2059,5.818,1,jog
11.7731,5414,0.0492,0.0105,-0.0481,0.2059,5.785,1,jog
11.7751,5415,0.0497,0.0108,-0.0485,0.1897,5.742,1,jog
11.7772,5416,0.0488,0.0107,-0.0476,0.1897,5.72,1,jog
11.7792,5417,0.049,0.011,-0.0477,0.1898,5.668,1,jog
11.7813,5418,0.0484,0.0109,-0.0472,0.1898,5.647,1,jog
11.7834,5419,0.0487,0.0113,-0.0474,0.2177,5.612,1,jog
11.7855,5420,0.0482,0.0111,-0.0469,0.2177,5.583,1,jog
11.7875,5421,0.0487,0.0115,-0.0473,0.1964,5.56,1,jog
11.7896,5422,0.0479,0.0113,-0.0465,0.1964,5.541,1,jog
11.7917,5423,0.0482,0.0117,-0.0468,0.2161,5.506,1,jog
11.7938,5424,0.0477,0.0116,-0.0462,0.2161,5.488,1,jog
11.7959,5425,0.0479,0.0119,-0.0464,0.1855,5.449,1,jog
11.7979,5426,0.0471,0.0117,-0.0456,0.1855,5.415,1,jog
11.8001,5427,0.0475,0.0121,-0.046,0.1933,5.372,1,jog
11.8021,5428,0.0468,0.0119,-0.0452,0.1933,5.355,1,jog
11.8041,5429,0.0469,0.0122,-0.0453,0.1758,5.308,1,jog
11.8062,5430,0.0464,0.0121,-0.0448,0.1758,5.292,1,jog
11.8084,5431,0.0467,0.0124,-0.045,0.1974,5.251,1,jog
11.8104,5432,0.0462,0.0123,-0.0445,0.1974,5.236,1,jog
11.8125,5433,0.0465,0.0127,-0.0447,0.1721,5.196,1,jog
11.8145,5434,0.0458,0.0125,-0.044,0.1721,5.18,1,jog
11.8167,5435,0.046,0.0129,-0.0441,0.1851,5.141,1,jog
11.8187,5436,0.0455,0.0127,-0.0436,0.1851,5.119,1,jog
11.8208,5437,0.0456,0.0131,-0.0437,0.1809,5.091,1,jog
11.8228,5438,0.0451,0.013,-0.0432,0.1809,5.076,1,jog
11.825,5439,0.0451,0.0133,-0.0431,0.1799,5.028,1,jog
11.827,5440,0.0446,0.0131,-0.0426,0.1799,5.014,1,jog
11.8292,5441,0.0448,0.0135,-0.0427,0.1913,4.98,1,jog
11.8313,5442,0.0443,0.0133,-0.0423,0.1913,4.966,1,jog
11.8333,5443,0.0445,0.0137,-0.0423,0.1773,4.927,1,jog
11.8354,5444,0.044,0.0136,-0.0418,0.1773,4.913,1,jog
11.8375,5445,0.0442,0.014,-0.0419,0.1891,4.871,1,jog
11.8396,5446,0.0437,0.0138,-0.0415,0.1891,4.857,1,jog
11.8417,5447,0.0438,0.0142,-0.0415,0.1755,4.796,1,jog
11.8437,5448,0.0434,0.014,-0.041,0.1755,4.782,1,jog
11.8458,5449,0.0436,0.0145,-0.0411,0.1839,4.737,1,jog
11.8479,5450,0.0429,0.0142,-0.0404,0.1839,4.717,1,jog
11.85,5451,0.0432,0.0147,-0.0406,0.1846,4.678,1,jog
11.852,5452,0.0425,0.0145,-0.04,0.1846,4.654,1,jog
11.8541,5453,0.0427,0.0149,-0.04,0.1853,4.611,1,jog
11.8562,5454,0.0423,0.0147,-0.0396,0.1853,4.605,1,jog
11.8583,5455,0.0427,0.0153,-0.0398,0.1962,4.566,1,jog
11.8603,5456,0.042,0.015,-0.0392,0.1962,4.55,1,jog
11.8625,5457,0.0423,0.0155,-0.0394,0.1785,4.514,1,jog
11.8645,5458,0.0416,0.0152,-0.0388,0.1785,4.495,1,jog
11.8667,5459,0.0419,0.0157,-0.0388,0.201,4.448,1,jog
11.8687,5460,0.0414,0.0155,-0.0384,0.201,4.444,1,jog
11.8708,5461,0.0415,0.016,-0.0383,0.1901,4.413,1,jog
11.8729,5462,0.0408,0.0157,-0.0377,0.1901,4.402,1,jog
11.875,5463,0.041,0.0162,-0.0377,0.1923,4.361,1,jog
11.8771,5464,0.0405,0.0159,-0.0373,0.1923,4.354,1,jog
11.8791,5465,0.041,0.0166,-0.0375,0.2054,4.317,1,jog
11.8812,5466,0.0403,0.0162,-0.0369,0.2054,4.311,1,jog
11.8833,5467,0.0404,0.0167,-0.0368,0.1953,4.277,1,jog
11.8853,5468,0.04,0.0165,-0.0364,0.1953,4.269,1,jog
11.8875,5469,0.0402,0.017,-0.0364,0.2024,4.222,1,jog
11.8895,5470,0.0397,0.0168,-0.036,0.2024,4.217,1,jog
11.8916,5471,0.04,0.0172,-0.0361,0.1619,4.184,1,jog
11.8937,5472,0.0393,0.0169,-0.0355,0.1619,4.177,1,jog
11.8958,5473,0.0389,0.0166,-0.0351,0.0,4.172,1,jog
11.8978,5474,0.0382,0.0163,-0.0346,0.0,4.163,1,jog
11.9,5475,0.0377,0.016,-0.0342,0.0,4.159,1,jog
11.9021,5476,0.0373,0.0158,-0.0338,0.0,4.157,1,jog
11.9042,5477,0.0368,0.0155,-0.0334,0.0,4.153,1,jog
11.9062,5478,0.0364,0.0152,-0.033,0.0,4.149,1,jog
11.9083,5479,0.0359,0.015,-0.0326,0.0,4.143,1,jog
11.9104,5480,0.0355,0.0147,-0.0323,0.0,4.139,1,jog
11.9125,5481,0.035,0.0145,-0.0319,0.0,4.137,1,jog
11.9146,5482,0.0346,0.0142,-0.0315,0.0,4.134,1,jog
11.9167,5483,0.0341,0.0139,-0.0311,0.0,4.13,1,jog
11.9188,5484,0.0337,0.0136,-0.0308,0.0,4.126,1,jog
11.9208,5485,0.0332,0.0134,-0.0304,0.0,4.12,1,jog
11.9229,5486,0.0326,0.0129,-0.0299,0.0,4.114,1,jog
11.925,5487,0.0323,0.0128,-0.0297,0.0,4.114,1,jog
11.927,5488,0.0317,0.0124,-0.0292,0.0,4.108,1,jog
11.9292,5489,0.0312,0.0121,-0.0288,0.0,4.104,1,jog
11.9312,5490,0.0308,0.0118,-0.0285,0.0,4.098,1,jog
11.9333,5491,0.0304,0.0115,-0.0281,0.0,4.093,1,jog
11.9353,5492,0.0299,0.0112,-0.0278,0.0,4.091,1,jog
11.9375,5493,0.0295,0.0109,-0.0274,0.0,4.087,1,jog
11.9396,5494,0.0291,0.0106,-0.0271,0.0,4.083,1,jog
11.9417,5495,0.0287,0.0103,-0.0267,0.0,4.078,1,jog
11.9437,5496,0.0282,0.01,-0.0264,0.0,4.074,1,jog
11.9458,5497,0.0278,0.0097,-0.0261,0.0,4.071,1,jog
11.9479,5498,0.0272,0.0093,-0.0256,0.0,4.068,1,jog
11.9501,5499,0.0268,0.0089,-0.0253,0.0,4.065,1,jog
11.9521,5500,0.0264,0.0086,-0.0249,0.0,4.061,1,jog
11.9541,5501,0.026,0.0083,-0.0246,0.0,4.058,1,jog
11.9562,5502,0.0256,0.008,-0.0243,0.0,4.057,1,jog
11.9583,5503,0.0252,0.0077,-0.024,0.0,4.055,1,jog
11.9604,5504,0.0248,0.0073,-0.0237,0.0,4.054,1,jog
11.9625,5505,0.0244,0.007,-0.0234,0.0,4.052,1,jog
11.9645,5506,0.024,0.0067,-0.0231,0.0,4.051,1,jog
11.9666,5507,0.0236,0.0063,-0.0228,0.0,4.05,1,jog
11.9687,5508,0.0233,0.006,-0.0225,0.0,4.05,1,jog
11.9708,5509,0.0227,0.0055,-0.022,0.0,4.049,1,jog
11.9729,5510,0.0223,0.0051,-0.0217,0.0,4.05,1,jog
11.975,5511,0.022,0.0048,-0.0214,0.0,4.051,1,jog
11.9771,5512,0.0216,0.0044,-0.0211,0.0,4.052,1,jog
11.9792,5513,0.0213,0.0041,-0.0209,0.0,4.055,1,jog
11.9813,5514,0.0209,0.0038,-0.0206,0.0,4.058,1,jog
11.9833,5515,0.0208,0.0036,-0.0205,0.0,4.061,1,jog
11.9854,5516,0.0204,0.0031,-0.0202,0.0,4.063,1,jog
11.9875,5517,0.0203,0.0028,-0.0201,0.0,4.063,1,jog
11.9896,5518,0.0201,0.0026,-0.0199,0.0,4.059,1,jog
11.9918,5519,0.0199,0.0023,-0.0198,0.0,4.054,1,jog
11.9938,5520,0.0198,0.0021,-0.0197,0.0,4.048,1,jog
11.996,5521,0.0197,0.0019,-0.0196,0.0,4.036,1,jog
11.998,5522,0.0195,0.0017,-0.0195,0.0,4.028,1,jog
12.0001,5523,0.0194,0.0016,-0.0193,0.0,4.024,1,jog
12.0021,5524,0.0193,0.0014,-0.0192,0.0,4.015,1,jog
12.0042,5525,0.0192,0.0012,-0.0191,0.0,4.003,1,jog
12.0063,5526,0.019,0.0011,-0.019,0.0,4.0,1,jog
12.0084,5527,0.0189,0.0009,-0.0189,0.0,3.992,1,jog
12.0104,5528,0.0188,0.0008,-0.0188,0.0,3.986,1,jog
12.0126,5529,0.0187,0.0007,-0.0187,0.0,3.98,1,jog
12.0146,5530,0.0186,0.0005,-0.0186,0.0,3.974,1,jog
12.017,5531,0.0184,0.0004,-0.0184,0.0,3.967,1,jog
12.019,5532,0.0183,0.0002,-0.0183,0.0,3.961,1,jog
12.0211,5533,0.0182,0.0001,-0.0182,0.0,3.958,1,jog
12.0232,5534,0.0181,0.0,-0.0181,0.0,3.957,1,jog
12.0253,5535,0.018,-0.0001,-0.018,0.0,3.955,1,jog
12.0273,5536,0.0179,-0.0002,-0.0179,0.0,3.955,1,jog
12.0295,5537,0.0179,-0.0002,-0.0179,0.0,3.958,1,jog
12.0315,5538,0.0178,-0.0003,-0.0178,0.0,3.959,1,jog
12.0337,5539,1.0543,1.0493,-0.1021,249.8847,7.938,0,jog
12.0357,5540,1.0542,1.0493,-0.1021,249.8849,7.935,0,jog
12.0379,5541,1.0574,1.0526,-0.1003,3.6412,8.567,0,jog
12.0399,5542,1.0573,1.0525,-0.1002,2.323,8.564,0,jog
12.042,5543,1.0605,1.0557,-0.1005,1.2426,8.655,0,jog
12.044,5544,1.0604,1.0557,-0.1004,2.0955,8.653,0,jog
12.0461,5545,1.0639,1.0591,-0.1007,2.0885,8.687,0,jog
12.0481,5546,1.0639,1.0591,-0.1007,2.0398,8.685,0,jog
12.0502,5547,1.0672,1.0624,-0.1009,1.9031,8.789,0,jog
12.0523,5548,1.0671,1.0624,-0.1009,2.081,8.786,0,jog
12.0543,5549,1.0712,1.0664,-0.1011,2.0352,8.74,0,jog
12.0563,5550,1.0711,1.0663,-0.101,1.9316,8.733,0,jog
12.0584,5551,1.0748,1.07,-0.1012,0.6967,8.727,0,jog
12.0605,5552,1.0747,1.0699,-0.1012,2.0046,8.722,0,jog
12.0625,5553,1.0784,1.0737,-0.1014,1.9334,8.803,0,jog
12.0646,5554,1.0783,1.0736,-0.1013,1.9872,8.794,0,jog
12.0667,5555,1.0823,1.0775,-0.1014,2.0388,8.77,0,jog
12.0688,5556,1.0822,1.0774,-0.1013,1.9584,8.762,0,jog
12.0709,5557,1.0858,1.0811,-0.1015,0.8226,8.838,0,jog
12.0729,5558,1.0857,1.081,-0.1014,1.9865,8.828,0,jog
12.075,5559,1.0895,1.0847,-0.1015,2.0871,8.923,0,jog
12.0771,5560,1.0893,1.0846,-0.1014,1.9895,8.899,0,jog
12.0792,5561,1.0928,1.0881,-0.1015,1.5802,9.004,0,jog
12.0813,5562,1.0927,1.0879,-0.1014,2.0052,8.997,0,jog
12.0833,5563,1.0967,1.092,-0.1014,2.0074,9.037,0,jog
12.0854,5564,1.0964,1.0917,-0.1012,1.9334,9.011,0,jog
12.0876,5565,1.1002,1.0956,-0.1011,1.9984,9.046,0,jog
12.0896,5566,1.1,1.0953,-0.1009,1.9515,9.026,0,jog
12.0917,5567,1.1037,1.0991,-0.1008,1.8912,9.094,0,jog
12.0938,5568,1.1034,1.0988,-0.1006,1.9602,9.071,0,jog
12.0958,5569,1.107,1.1024,-0.1005,1.9323,9.135,0,jog
12.0979,5570,1.1065,1.1019,-0.1001,1.9952,9.083,0,jog
12.1,5571,1.1102,1.1057,-0.0999,1.9841,9.121,0,jog
12.1021,5572,1.1098,1.1053,-0.0996,1.9464,9.107,0,jog
12.1041,5573,1.1135,1.1091,-0.0993,2.0254,9.137,0,jog
12.1062,5574,1.1131,1.1086,-0.099,1.9556,9.105,0,jog
12.1083,5575,1.1171,1.1127,-0.0986,1.9434,9.155,0,jog
12.1104,5576,1.1166,1.1123,-0.0982,1.8836,9.12,0,jog
12.1126,5577,1.1201,1.1158,-0.0979,1.6134,9.286,0,jog
12.1146,5578,1.1194,1.1152,-0.0974,1.9769,9.249,0,jog
12.1167,5579,1.1229,1.1187,-0.0969,2.0006,9.222,0,jog
12.1187,5580,1.1222,1.1181,-0.0963,1.969,9.181,0,jog
12.1208,5581,1.1255,1.1214,-0.0956,1.8718,9.152,0,jog
12.1229,5582,1.1248,1.1208,-0.0951,1.9526,9.129,0,jog
12.1251,5583,1.1289,1.1249,-0.0947,1.9611,9.126,0,jog
12.1271,5584,1.1279,1.124,-0.0939,1.9357,9.054,0,jog
12.1292,5585,1.1314,1.1276,-0.0933,1.7555,9.027,0,jog
12.1312,5586,1.1307,1.1269,-0.0927,1.9755,8.975,0,jog
12.1333,5587,1.1341,1.1304,-0.092,2.0197,8.972,0,jog
12.1354,5588,1.1334,1.1297,-0.0914,1.9764,8.918,0,jog
12.1375,5589,1.1367,1.1331,-0.0907,2.0122,8.861,0,jog
12.1395,5590,1.1359,1.1324,-0.0901,2.0115,8.776,0,jog
12.1417,5591,1.1393,1.1358,-0.0895,1.5546,8.738,0,jog
12.1438,5592,1.1386,1.1351,-0.0889,1.988,8.71,0,jog
12.1458,5593,1.1414,1.138,-0.0878,2.0086,8.601,0,jog
12.1479,5594,1.1405,1.1372,-0.0871,2.0216,8.544,0,jog
12.15,5595,1.1436,1.1403,-0.0862,2.0683,8.428,0,jog
12.1521,5596,1.1426,1.1394,-0.0854,2.0461,8.369,0,jog
12.1541,5597,1.1457,1.1426,-0.0844,2.0452,8.287,0,jog
12.1562,5598,1.1447,1.1416,-0.0836,2.0471,8.258,0,jog
12.1584,5599,1.1476,1.1446,-0.0826,2.0315,8.166,0,jog
12.1604,5600,1.1464,1.1435,-0.0817,2.0643,8.109,0,jog
12.1625,5601,1.1497,1.1469,-0.0806,1.9908,8.091,0,jog
12.1646,5602,1.1487,1.1459,-0.0798,1.9773,8.035,0,jog
12.1667,5603,1.1514,1.1488,-0.0786,0.6853,7.929,0,jog
12.1688,5604,1.1501,1.1475,-0.0777,2.0908,7.875,0,jog
12.1709,5605,1.152,1.1495,-0.0758,2.0795,7.731,0,jog
12.1729,5606,1.1507,1.1482,-0.0748,2.107,7.651,0,jog
12.175,5607,1.1539,1.1515,-0.074,2.0787,7.53,0,jog
12.1771,5608,1.1519,1.1497,-0.0725,2.1262,7.478,0,jog
12.1791,5609,1.1551,1.1529,-0.0716,2.0983,7.336,0,jog
12.1812,5610,1.153,1.1509,-0.0699,2.128,7.259,0,jog
12.1833,5611,1.156,1.1539,-0.0691,1.6974,6.997,0,jog
12.1853,5612,1.1539,1.1519,-0.0675,2.1611,6.923,0,jog
12.1875,5613,1.1561,1.1542,-0.066,2.1101,6.758,0,jog
12.1895,5614,1.1545,1.1527,-0.0648,2.1717,6.711,0,jog
12.1916,5615,1.1568,1.1551,-0.0632,2.125,6.527,0,jog
12.1937,5616,1.1553,1.1536,-0.062,2.1528,6.458,0,jog
12.1959,5617,1.1568,1.1553,-0.0599,2.1334,6.243,0,jog
12.198,5618,1.1551,1.1537,-0.0586,2.17,6.222,0,jog
12.2001,5619,1.1571,1.1557,-0.0569,2.0793,6.037,0,jog
12.2021,5620,1.1554,1.154,-0.0555,2.1723,5.996,0,jog
12.2042,5621,1.1572,1.156,-0.0537,2.1156,5.773,0,jog
12.2063,5622,1.1554,1.1542,-0.0522,2.1902,5.732,0,jog
12.2083,5623,1.157,1.1559,-0.0504,2.0312,5.578,0,jog
12.2104,5624,1.1552,1.1541,-0.049,2.1991,5.541,0,jog
12.2125,5625,1.1569,1.1559,-0.0471,2.159,5.356,0,jog
12.2146,5626,1.1549,1.154,-0.0457,2.1847,5.305,0,jog
12.2167,5627,1.1565,1.1557,-0.0438,1.975,5.143,0,jog
12.2187,5628,1.1547,1.1539,-0.0423,2.2284,5.128,0,jog
12.2209,5629,1.1553,1.1546,-0.0396,2.1855,4.949,0,jog
12.2229,5630,1.1532,1.1526,-0.038,2.2056,4.919,0,jog
12.225,5631,1.1545,1.154,-0.0361,2.2242,4.742,0,jog
12.2271,5632,1.1524,1.1519,-0.0345,2.2306,4.717,0,jog
12.2292,5633,1.1537,1.1532,-0.0325,2.2169,4.592,0,jog
12.2312,5634,1.1516,1.1512,-0.0309,2.2359,4.567,0,jog
12.2334,5635,1.1528,1.1524,-0.0289,2.2531,4.435,0,jog
12.2354,5636,1.1507,1.1503,-0.0273,2.2533,4.401,0,jog
12.2375,5637,1.1516,1.1513,-0.0252,1.0597,4.295,0,jog
12.2396,5638,1.1493,1.1491,-0.0236,2.3271,4.284,0,jog
12.2417,5639,1.15,1.1498,-0.0215,2.2896,4.22,0,jog
12.2438,5640,1.1476,1.1474,-0.0198,2.3207,4.198,0,jog
12.2459,5641,1.1472,1.1471,-0.0169,2.281,4.158,0,jog
12.248,5642,1.1449,1.1448,-0.0153,2.3145,4.138,0,jog
12.2501,5643,1.1469,1.1468,-0.0143,1.8205,4.13,0,jog
12.2521,5644,1.1437,1.1436,-0.012,2.2837,4.108,0,jog
12.2542,5645,1.1446,1.1445,-0.01,2.2173,4.107,0,jog
12.2563,5646,1.1423,1.1423,-0.0085,2.2953,4.085,0,jog
12.2584,5647,1.1442,1.1442,-0.0074,2.1592,4.057,0,jog
12.2605,5648,1.1407,1.1407,-0.005,2.2919,4.019,0,jog
12.2626,5649,1.1415,1.1415,-0.0031,2.2819,3.982,0,jog
12.2646,5650,1.1389,1.1389,-0.0015,2.3071,3.953,0,jog
12.2667,5651,1.1391,1.1391,0.0004,2.2397,3.89,0,jog
12.2687,5652,1.1363,1.1363,0.002,2.282,3.848,0,jog
12.2709,5653,1.1372,1.1372,0.0036,2.3073,3.767,0,jog
12.2729,5654,1.1346,1.1346,0.0051,2.3088,3.741,0,jog
12.2751,5655,1.1362,1.1362,0.0063,2.2887,3.655,0,jog
12.2771,5656,1.1346,1.1346,0.0072,2.2809,3.642,0,jog
12.2792,5657,1.1368,1.1368,0.0079,2.2989,3.594,0,jog
12.2812,5658,1.1335,1.1334,0.0091,2.3112,3.59,0,jog
12.2834,5659,1.1335,1.1335,0.0099,2.2734,3.544,0,jog
12.2854,5660,1.1304,1.1303,0.0105,2.2948,3.531,0,jog
12.2876,5661,1.1304,1.1304,0.0112,2.2819,3.456,0,jog
12.2896,5662,1.1279,1.1278,0.0115,2.3172,3.434,0,jog
12.2918,5663,1.1283,1.1282,0.0122,0.7923,3.419,0,jog
12.2939,5664,1.1252,1.1251,0.0129,2.3866,3.379,0,jog
12.2959,5665,1.1263,1.1262,0.0136,2.2452,3.334,0,jog
12.298,5666,1.1245,1.1244,0.0141,2.306,3.26,0,jog
12.3001,5667,1.1258,1.1257,0.0149,2.3194,3.185,0,jog
12.3021,5668,1.1244,1.1243,0.0155,1.3439,3.154,0,walk
12.3043,5669,1.1266,1.1265,0.0159,1.4001,3.102,0,walk
12.3063,5670,1.1249,1.1248,0.0164,1.3429,3.015,0,walk
12.3083,5671,1.1275,1.1273,0.0167,1.3024,3.007,0,walk
12.3104,5672,1.1264,1.1262,0.0169,1.3388,2.91,0,walk
12.3127,5673,1.1289,1.1288,0.0172,1.3387,2.855,0,walk
12.3147,5674,1.1283,1.1281,0.0174,1.2853,2.816,0,walk
12.3168,5675,1.1306,1.1305,0.0179,1.3179,2.766,0,walk
12.3188,5676,1.1297,1.1295,0.0185,1.3289,2.708,0,walk
12.3209,5677,1.1322,1.1321,0.0189,1.3331,2.639,0,walk
12.323,5678,1.1311,1.1309,0.0196,1.3369,2.618,0,walk
12.325,5679,1.1327,1.1325,0.0203,1.9298,2.52,0,walk
12.3271,5680,1.1319,1.1317,0.0208,1.4692,2.507,0,walk
12.3291,5681,1.1347,1.1345,0.0212,1.3168,2.351,0,walk
12.3312,5682,1.1334,1.1331,0.0219,1.2582,2.342,0,walk
12.3334,5683,1.1349,1.1347,0.0223,2.5833,2.334,0,walk
12.3354,5684,1.134,1.1337,0.0227,1.4226,2.333,0,walk
12.3376,5685,1.1358,1.1356,0.0233,1.3267,2.276,0,walk
12.3396,5686,1.1348,1.1346,0.0237,1.3604,2.283,0,walk
12.3417,5687,1.1367,1.1365,0.0242,1.385,2.224,0,walk
12.3438,5688,1.1357,1.1355,0.0246,1.3408,2.229,0,walk
12.3459,5689,1.1375,1.1372,0.0251,1.3875,2.136,0,walk
12.3479,5690,1.1359,1.1356,0.0257,1.371,2.163,0,walk
12.3501,5691,1.1376,1.1373,0.0261,1.3517,2.099,0,walk
12.3521,5692,1.1365,1.1362,0.0265,1.3774,2.107,0,walk
12.3543,5693,1.1382,1.1378,0.0269,1.376,2.07,0,walk
12.3563,5694,1.1371,1.1368,0.0272,1.383,2.091,0,walk
12.3584,5695,1.1386,1.1383,0.0276,1.3826,2.024,0,walk
12.3604,5696,1.1375,1.1372,0.0279,1.3945,2.048,0,walk
12.3625,5697,1.1396,1.1392,0.0281,1.4003,1.953,0,walk
12.3646,5698,1.1379,1.1375,0.0286,1.3977,1.978,0,walk
12.3667,5699,1.1394,1.139,0.029,1.3889,1.893,0,walk
12.3688,5700,1.1382,1.1378,0.0293,1.3913,1.933,0,walk
12.3708,5701,1.1401,1.1398,0.0295,1.3997,1.871,0,walk
12.3728,5702,1.1377,1.1373,0.0301,1.4114,1.914,0,walk
12.375,5703,1.1389,1.1385,0.0304,1.4176,1.86,0,walk
12.377,5704,1.1376,1.1372,0.0307,1.4313,1.89,0,walk
12.3793,5705,1.139,1.1386,0.0309,1.3674,1.815,0,walk
12.3813,5706,1.1377,1.1373,0.0311,1.3761,1.848,0,walk
12.3834,5707,1.1396,1.1392,0.0313,1.3801,1.766,0,walk
12.3855,5708,1.1376,1.1371,0.0316,1.4033,1.817,0,walk
12.3875,5709,1.1393,1.1389,0.0318,1.4145,1.744,0,walk
12.3896,5710,1.1372,1.1368,0.0322,1.4313,1.814,0,walk
12.3917,5711,1.1382,1.1377,0.0325,1.4468,1.753,0,walk
12.3938,5712,1.1367,1.1363,0.0327,1.4538,1.771,0,walk
12.3958,5713,1.1368,1.1363,0.033,1.493,1.74,0,walk
12.3979,5714,1.1353,1.1348,0.0332,1.4721,1.793,0,walk
12.4,5715,1.1368,1.1363,0.0332,1.4735,1.712,0,walk
12.4022,5716,1.1346,1.1341,0.0334,1.4832,1.747,0,walk
12.4042,5717,1.1353,1.1348,0.0335,1.458,1.682,0,walk
12.4063,5718,1.1337,1.1332,0.0336,1.4739,1.715,0,walk
12.4084,5719,1.1345,1.134,0.0337,1.4745,1.686,0,walk
12.4105,5720,1.1328,1.1323,0.0337,1.4484,1.718,0,walk
12.4126,5721,1.1343,1.1338,0.0337,1.4659,1.635,0,walk
12.4146,5722,1.1318,1.1313,0.0338,1.4687,1.666,0,walk
12.4167,5723,1.1327,1.1322,0.0336,1.4087,1.555,0,walk
12.4188,5724,1.131,1.1305,0.0335,1.3935,1.586,0,walk
12.4209,5725,1.1306,1.1301,0.033,0.4942,1.483,0,walk
12.423,5726,1.1288,1.1283,0.0328,1.463,1.497,0,walk
12.4251,5727,1.1304,1.1299,0.0326,1.403,1.359,0,walk
12.4271,5728,1.1275,1.1271,0.0322,1.4101,1.397,0,walk
12.4293,5729,1.1285,1.128,0.0318,1.3691,1.261,0,walk
12.4313,5730,1.1266,1.1261,0.0315,1.3492,1.284,0,walk
12.4335,5731,1.1272,1.1268,0.0311,1.3714,1.105,0,walk
12.4355,5732,1.1253,1.1249,0.0308,1.3896,1.125,0,walk
12.4377,5733,1.1261,1.1256,0.0304,1.3724,0.989,0,walk
12.4397,5734,1.1242,1.1238,0.0301,1.3982,1.013,0,walk
12.4419,5735,1.1254,1.1251,0.0296,1.2671,0.76,0,walk
12.444,5736,1.1228,1.1224,0.0289,1.2788,0.772,0,walk
12.4461,5737,1.1237,1.1234,0.0283,0.7151,0.606,0,walk
12.4482,5738,1.122,1.1216,0.0278,1.3748,0.615,0,walk
12.4502,5739,1.1228,1.1225,0.0271,1.3926,0.446,0,walk
12.4523,5740,1.121,1.1207,0.0265,1.3852,0.454,0,walk
12.4544,5741,1.1217,1.1214,0.0257,1.3785,0.289,0,walk
12.4565,5742,1.1199,1.1196,0.025,1.4048,0.294,0,walk
12.4587,5743,1.1214,1.1212,0.0247,1.4097,0.138,0,walk
12.4607,5744,1.1188,1.1186,0.0236,1.4439,0.139,0,walk
12.4628,5745,1.1199,1.1196,0.0228,1.4017,0.027,0,walk
12.4649,5746,1.1175,1.1173,0.0215,1.394,0.023,0,walk
12.467,5747,1.1185,1.1183,0.0206,1.3288,0.095,0,walk
12.469,5748,1.117,1.1168,0.0197,1.4157,0.101,0,walk
12.4716,5749,1.118,1.1179,0.0188,1.4031,0.212,0,walk
12.4736,5750,1.1166,1.1165,0.0179,1.4295,0.227,0,walk
12.4761,5751,1.1172,1.1171,0.0163,1.4325,0.31,0,walk
12.4792,5752,1.1184,1.1183,0.0152,1.4191,0.394,0,walk
12.4813,5753,1.1165,1.1164,0.0135,1.4224,0.414,0,walk
12.4834,5754,1.1178,1.1177,0.0124,1.4097,0.513,0,walk
12.4854,5755,1.1166,1.1165,0.0113,1.4284,0.531,0,walk
12.4876,5756,1.1181,1.1181,0.0101,1.4068,0.617,0,walk
12.4896,5757,1.117,1.117,0.009,1.4046,0.637,0,walk
12.4918,5758,1.1186,1.1185,0.0078,1.4004,0.737,0,walk
12.4939,5759,1.1171,1.1171,0.006,1.4203,0.782,0,walk
12.4959,5760,1.1192,1.1192,0.0054,1.394,0.869,0,walk
12.498,5761,1.1178,1.1178,0.0037,1.4187,0.895,0,walk
12.5,5762,1.1195,1.1195,0.0023,1.396,0.998,0,walk
12.5021,5763,1.1186,1.1186,0.001,1.4101,1.022,0,walk
12.5042,5764,1.1204,1.1204,-0.0004,1.3898,1.134,0,walk
12.5063,5765,1.1199,1.1199,-0.0013,1.4038,1.162,0,walk
12.5084,5766,1.1222,1.1222,-0.0019,1.2024,1.291,0,walk
12.5104,5767,1.1216,1.1216,-0.0027,1.4085,1.298,0,walk
12.5125,5768,1.1238,1.1238,-0.0031,1.3769,1.392,0,walk
12.5146,5769,1.1233,1.1233,-0.0034,1.3942,1.388,0,walk
12.5167,5770,1.1253,1.1253,-0.0039,1.3982,1.464,0,walk
12.5187,5771,1.1246,1.1246,-0.0042,1.4077,1.451,0,walk
12.5208,5772,1.1265,1.1265,-0.0047,1.3621,1.499,0,walk
12.5229,5773,1.1252,1.1252,-0.0055,1.3896,1.476,0,walk
12.525,5774,1.1269,1.1269,-0.0061,1.3954,1.51,0,walk
12.5271,5775,1.1259,1.1259,-0.0067,1.4037,1.493,0,walk
12.5292,5776,1.1276,1.1276,-0.0074,1.3751,1.508,0,walk
12.5312,5777,1.1266,1.1265,-0.0081,1.3659,1.491,0,walk
12.5333,5778,1.1282,1.1282,-0.0089,1.3364,1.496,0,walk
12.5353,5779,1.1271,1.127,-0.0096,1.359,1.48,0,walk
12.5375,5780,1.1285,1.1285,-0.0106,1.2087,1.564,0,walk
12.5396,5781,1.1274,1.1273,-0.0113,1.3894,1.551,0,walk
12.5416,5782,1.129,1.1289,-0.012,1.3634,1.616,0,walk
12.5437,5783,1.1279,1.1278,-0.0127,1.3753,1.608,0,walk
12.5458,5784,1.1289,1.1288,-0.0138,1.3636,1.662,0,walk
12.5479,5785,1.1278,1.1277,-0.0146,1.3896,1.659,0,walk
12.55,5786,1.1299,1.1298,-0.015,1.3686,1.684,0,walk
12.5521,5787,1.1281,1.128,-0.0163,1.4009,1.68,0,walk
12.5542,5788,1.1295,1.1293,-0.0173,1.3545,1.703,0,walk
12.5563,5789,1.1281,1.1279,-0.0182,1.3979,1.699,0,walk
12.5583,5790,1.1293,1.1292,-0.0193,1.3757,1.685,0,walk
12.5604,5791,1.1279,1.1277,-0.0204,1.395,1.685,0,walk
12.5625,5792,1.1292,1.129,-0.0214,1.3832,1.709,0,walk
12.5646,5793,1.1279,1.1277,-0.0223,1.3852,1.712,0,walk
12.5667,5794,1.1294,1.1292,-0.0232,1.3523,1.743,0,walk
12.5687,5795,1.1282,1.1279,-0.024,1.3818,1.746,0,walk
12.5708,5796,1.1297,1.1295,-0.025,1.3343,1.786,0,walk
12.5729,5797,1.1279,1.1276,-0.0261,1.3717,1.79,0,walk
12.575,5798,1.1308,1.1304,-0.0262,1.3295,1.818,0,walk
12.577,5799,1.1283,1.1279,-0.0277,1.369,1.824,0,walk
12.5792,5800,1.1305,1.1301,-0.0286,1.2309,2.042,0,walk
12.5812,5801,1.1292,1.1289,-0.0294,1.2151,2.044,0,walk
12.5834,5802,1.1309,1.1305,-0.0304,2.1452,2.186,0,walk
12.5855,5803,1.1296,1.1292,-0.0311,1.3197,2.189,0,walk
12.5876,5804,1.1313,1.1309,-0.032,1.288,2.3,0,walk
12.5896,5805,1.13,1.1295,-0.0326,1.3248,2.304,0,walk
12.5917,5806,1.1316,1.1311,-0.0334,1.3282,2.412,0,walk
12.5938,5807,1.1303,1.1298,-0.034,1.3377,2.417,0,walk
12.5958,5808,1.1313,1.1308,-0.0351,1.3008,2.503,0,walk
12.5979,5809,1.13,1.1294,-0.0357,1.323,2.512,0,walk
12.6,5810,1.1316,1.131,-0.0364,1.3571,2.588,0,walk
12.602,5811,1.1302,1.1296,-0.0369,1.3445,2.592,0,walk
12.6041,5812,1.1316,1.131,-0.0376,1.3201,2.642,0,walk
12.6062,5813,1.1302,1.1296,-0.0381,1.3643,2.65,0,walk
12.6083,5814,1.1317,1.131,-0.0387,1.3522,2.679,0,walk
12.6104,5815,1.1303,1.1296,-0.0392,1.3566,2.693,0,walk
12.6125,5816,1.1318,1.1311,-0.0399,1.3534,2.717,0,walk
12.6145,5817,1.1304,1.1297,-0.0403,1.3463,2.727,0,walk
12.6166,5818,1.1319,1.1312,-0.0409,1.3354,2.749,0,walk
12.6187,5819,1.1305,1.1298,-0.0414,1.3425,2.76,0,walk
12.6209,5820,1.132,1.1312,-0.0419,1.3269,2.789,0,walk
12.6229,5821,1.1297,1.1289,-0.0425,1.3501,2.812,0,walk
12.625,5822,1.1312,1.1304,-0.043,1.3153,2.885,0,walk
12.627,5823,1.1296,1.1288,-0.0433,1.3143,2.891,0,walk
12.6292,5824,1.1311,1.1303,-0.0437,1.3024,3.0,0,walk
12.6312,5825,1.1296,1.1287,-0.044,1.2954,3.013,0,walk
12.6333,5826,1.1311,1.1302,-0.0445,1.316,3.112,0,walk
12.6354,5827,1.1295,1.1286,-0.0448,1.3164,3.133,0,walk
12.6375,5828,1.1306,1.1297,-0.0453,1.0234,3.181,0,walk
12.6395,5829,1.129,1.1281,-0.0456,1.3691,3.188,0,walk
12.6416,5830,1.1304,1.1295,-0.046,1.2924,3.23,0,walk
12.6437,5831,1.1288,1.1279,-0.0462,1.3246,3.245,0,walk
12.6458,5832,1.1302,1.1292,-0.0466,1.2915,3.325,0,walk
12.6478,5833,1.1277,1.1268,-0.0469,1.3175,3.349,0,walk
12.65,5834,1.1292,1.1282,-0.0472,1.3024,3.462,0,walk
12.6521,5835,1.1276,1.1266,-0.0474,1.2909,3.478,0,walk
12.6542,5836,1.129,1.128,-0.0478,1.3051,3.603,0,walk
12.6563,5837,1.1272,1.1262,-0.0479,1.2948,3.621,0,walk
12.6584,5838,1.1286,1.1276,-0.0483,1.308,3.755,0,walk
12.6605,5839,1.1269,1.1259,-0.0484,1.2957,3.773,0,walk
12.6625,5840,1.1283,1.1272,-0.0488,1.2698,3.904,0,walk
12.6646,5841,1.1264,1.1253,-0.0489,1.2741,3.923,0,walk
12.6667,5842,1.1277,1.1266,-0.0492,1.2663,4.053,0,walk
12.6688,5843,1.1258,1.1247,-0.0493,1.289,4.072,0,walk
12.6709,5844,1.126,1.125,-0.0496,1.3022,4.243,0,walk
12.6729,5845,1.1241,1.123,-0.0497,1.293,4.263,0,walk
12.675,5846,1.1259,1.1248,-0.05,1.1861,4.487,0,walk
12.677,5847,1.1239,1.1228,-0.05,1.1671,4.507,0,walk
12.6792,5848,1.1252,1.1241,-0.0504,0.5896,4.662,0,walk
12.6813,5849,1.1232,1.122,-0.0504,1.238,4.694,0,walk
12.6834,5850,1.1254,1.1243,-0.0506,1.2099,4.866,0,walk
12.6855,5851,1.122,1.1208,-0.0505,1.2454,4.887,0,walk
12.6875,5852,1.124,1.1228,-0.0507,1.2375,5.052,0,walk
12.6896,5853,1.12,1.1189,-0.0506,1.2615,5.086,0,walk
12.6917,5854,1.1207,1.1196,-0.0507,1.2548,5.273,0,walk
12.6938,5855,1.1181,1.117,-0.0506,1.2334,5.295,0,walk
12.6959,5856,1.1175,1.1163,-0.0506,1.2452,5.459,0,walk
12.698,5857,1.1146,1.1135,-0.0505,1.2245,5.481,0,walk
12.7001,5858,1.1166,1.1154,-0.0508,1.2424,5.664,0,walk
12.7022,5859,1.1123,1.1112,-0.0506,1.2264,5.704,0,walk
12.7043,5860,1.1127,1.1116,-0.0508,1.2385,5.872,0,walk
12.7063,5861,1.1098,1.1086,-0.0507,1.2344,5.881,0,walk
12.7084,5862,1.1102,1.1091,-0.0509,1.2338,6.059,0,walk
12.7105,5863,1.1074,1.1062,-0.0508,1.227,6.075,0,walk
12.7126,5864,1.1086,1.1074,-0.051,1.1082,6.337,0,walk
12.7147,5865,1.1058,1.1046,-0.0509,1.1186,6.35,0,walk
12.7169,5866,1.1064,1.1052,-0.0511,0.9969,6.518,0,walk
12.7189,5867,1.1022,1.101,-0.0508,1.2016,6.533,0,walk
12.721,5868,1.1032,1.102,-0.0509,1.0904,6.836,0,walk
12.723,5869,1.1003,1.0991,-0.0507,1.1404,6.845,0,walk
12.7251,5870,1.1007,1.0995,-0.0509,1.447,7.022,0,walk
12.7271,5871,1.0978,1.0966,-0.0507,1.212,7.023,0,walk
12.7292,5872,1.0998,1.0987,-0.051,1.2219,7.206,0,walk
12.7313,5873,1.0956,1.0945,-0.0507,1.2235,7.206,0,walk
12.7333,5874,1.0959,1.0947,-0.0507,1.2082,7.402,0,walk
12.7354,5875,1.0929,1.0917,-0.0504,1.2339,7.397,0,walk
12.7375,5876,1.0931,1.0919,-0.0506,0.9658,7.554,0,walk
12.7396,5877,1.0899,1.0887,-0.0502,1.2539,7.549,0,walk
12.7416,5878,1.0898,1.0886,-0.0503,1.2564,7.683,0,walk
12.7437,5879,1.0865,1.0853,-0.0499,1.2475,7.671,0,walk
12.7458,5880,1.0864,1.0852,-0.05,1.2259,7.8,0,walk
12.7479,5881,1.0811,1.08,-0.0493,1.2146,7.783,0,walk
12.7501,5882,1.0809,1.0798,-0.0493,1.2176,7.924,0,walk
12.7521,5883,1.0778,1.0767,-0.049,1.223,7.902,0,walk
12.7543,5884,1.0782,1.077,-0.0491,1.1999,8.037,0,walk
12.7563,5885,1.0749,1.0738,-0.0487,1.1871,7.998,0,walk
12.7584,5886,1.0754,1.0742,-0.0489,1.2084,8.131,0,walk
12.7605,5887,1.072,1.0709,-0.0485,1.1986,8.115,0,walk
12.7627,5888,1.0738,1.0727,-0.0487,1.1709,8.304,0,walk
12.7647,5889,1.0685,1.0675,-0.048,1.1587,8.251,0,walk
12.7668,5890,1.0687,1.0676,-0.048,1.1528,8.418,0,walk
12.7689,5891,1.0634,1.0624,-0.0473,1.1574,8.378,0,walk
12.7711,5892,1.0652,1.0641,-0.0475,1.1704,8.558,0,walk
12.7731,5893,1.0601,1.0591,-0.0469,1.1652,8.494,0,walk
12.7753,5894,1.0603,1.0593,-0.0469,1.1184,8.659,0,walk
12.7773,5895,1.0568,1.0558,-0.0464,1.1308,8.612,0,walk
12.7795,5896,1.0571,1.0561,-0.0465,1.1807,8.772,0,walk
12.7815,5897,1.0537,1.0527,-0.046,1.1664,8.748,0,walk
12.7837,5898,1.0538,1.0528,-0.0461,1.1682,8.897,0,walk
12.7858,5899,1.0503,1.0493,-0.0456,1.1592,8.845,0,walk
12.7879,5900,1.0505,1.0495,-0.0457,1.1689,8.994,0,walk
12.7899,5901,1.0457,1.0447,-0.0452,1.1571,8.94,0,walk
12.792,5902,1.0461,1.0452,-0.0454,1.1443,9.066,0,walk
12.794,5903,1.0429,1.0419,-0.045,1.148,9.009,0,walk
12.7961,5904,1.0448,1.0438,-0.0453,1.1758,9.159,0,walk
12.7982,5905,1.04,1.039,-0.0449,1.1649,9.043,0,walk
12.8003,5906,1.042,1.041,-0.0452,1.1601,9.163,0,walk
12.8024,5907,1.0376,1.0366,-0.0448,1.1614,9.103,0,walk
12.8046,5908,1.0378,1.0368,-0.045,1.1868,9.2,0,walk
12.8067,5909,1.0342,1.0333,-0.0446,1.1765,9.138,0,walk
12.8088,5910,1.0343,1.0333,-0.0448,1.1135,9.175,0,walk
12.8109,5911,1.0291,1.0281,-0.0443,1.1755,9.073,0,walk
12.813,5912,1.0293,1.0284,-0.0446,1.1735,9.164,0,walk
12.815,5913,1.0262,1.0252,-0.0444,1.1664,9.092,0,walk
12.8172,5914,1.0266,1.0256,-0.0448,1.1435,9.134,0,walk
12.8193,5915,1.0235,1.0226,-0.0446,1.1772,9.027,0,walk
12.8214,5916,1.024,1.023,-0.0453,1.1688,9.042,0,walk
12.8235,5917,1.0212,1.0202,-0.0456,1.1837,9.013,0,walk
12.8256,5918,1.0232,1.0222,-0.0463,1.1955,9.067,0,walk
12.8276,5919,1.0198,1.0187,-0.0472,1.1814,9.008,0,walk
12.8298,5920,1.0215,1.0204,-0.0484,1.2048,9.04,0,walk
12.8319,5921,1.0199,1.0187,-0.0491,1.2007,9.017,0,walk
12.8342,5922,1.0222,1.021,-0.0505,1.1491,9.067,0,walk
12.8362,5923,1.0198,1.0186,-0.0514,1.1761,9.041,0,walk
12.8384,5924,1.0207,1.0194,-0.052,1.1819,9.034,0,walk
12.8404,5925,1.018,1.0167,-0.052,1.1931,9.01,0,walk
12.8426,5926,1.0184,1.0171,-0.0523,1.2076,9.046,0,walk
12.8447,5927,1.0152,1.0139,-0.052,1.2175,9.016,0,walk
12.8469,5928,1.0152,1.0138,-0.0521,1.2147,9.034,0,walk
12.8501,5929,1.014,1.0127,-0.0521,1.2211,8.986,0,walk
12.8522,5930,1.0096,1.0083,-0.0518,1.2366,8.924,0,walk
12.8544,5931,1.0112,1.0099,-0.0523,0.9434,8.887,0,walk
12.8564,5932,1.0048,1.0035,-0.0519,1.1919,8.818,0,walk
12.8587,5933,1.0039,1.0025,-0.0521,1.308,8.796,0,walk
12.8607,5934,1.0003,0.999,-0.0518,1.2459,8.721,0,walk
12.8628,5935,1.0003,0.999,-0.052,1.2281,8.679,0,walk
12.8648,5936,0.9976,0.9963,-0.0516,1.2363,8.649,0,walk
12.8669,5937,0.9979,0.9966,-0.0511,1.2314,8.547,0,walk
12.8689,5938,0.9962,0.9949,-0.0505,1.2328,8.475,0,walk
12.871,5939,0.9975,0.9962,-0.0505,1.1992,8.39,0,walk
12.873,5940,0.9953,0.9941,-0.0504,1.2553,8.322,0,walk
12.8752,5941,0.9962,0.9949,-0.0509,1.2517,8.311,0,walk
12.8772,5942,0.9938,0.9925,-0.0511,1.259,8.252,0,walk
12.8794,5943,0.9958,0.9945,-0.0516,1.2502,8.245,0,walk
12.8814,5944,0.9921,0.9907,-0.052,1.2404,8.143,0,walk
12.8835,5945,0.9925,0.991,-0.0531,1.2346,8.122,0,walk
12.8855,5946,0.9897,0.9882,-0.0539,1.2423,8.1,0,walk
12.8876,5947,0.9902,0.9886,-0.0553,1.1509,8.04,0,walk
12.8897,5948,0.9873,0.9857,-0.0561,1.1877,7.998,0,walk
12.8918,5949,0.9875,0.9858,-0.0571,0.5885,7.983,0,walk
12.8939,5950,0.9833,0.9816,-0.0577,1.241,7.944,0,walk
12.896,5951,0.9834,0.9817,-0.0584,1.2895,7.98,0,walk
12.8981,5952,0.9807,0.9789,-0.0586,1.2885,7.942,0,walk
12.9002,5953,0.9813,0.9796,-0.0593,1.1423,8.045,0,walk
12.9023,5954,0.9786,0.9767,-0.0595,1.1736,7.98,0,walk
12.9045,5955,0.9787,0.9768,-0.0601,1.6844,8.032,0,walk
12.9065,5956,0.9758,0.9739,-0.0602,1.2741,7.985,0,walk
12.9086,5957,0.9759,0.974,-0.0608,1.2275,8.034,0,walk
12.9107,5958,0.973,0.9711,-0.061,1.2824,7.962,0,walk
12.9128,5959,0.9731,0.9712,-0.0615,1.2756,8.035,0,walk
12.9149,5960,0.969,0.967,-0.0616,1.2837,7.983,0,walk
12.9169,5961,0.9692,0.9672,-0.062,1.3034,8.065,0,walk
12.919,5962,0.9665,0.9645,-0.0621,1.2986,8.01,0,walk
12.9214,5963,0.9667,0.9646,-0.0628,0.5893,8.026,0,walk
12.9235,5964,0.964,0.962,-0.0629,1.2773,7.965,0,walk
12.9256,5965,0.9643,0.9622,-0.0635,1.3013,8.047,0,walk
12.9276,5966,0.9617,0.9596,-0.0636,1.2734,7.981,0,walk
12.9297,5967,0.9619,0.9597,-0.0643,1.2937,8.047,0,walk
12.9317,5968,0.9593,0.9572,-0.0644,1.3007,7.942,0,walk
12.9338,5969,0.9596,0.9574,-0.0651,1.2891,8.014,0,walk
12.9358,5970,0.9558,0.9536,-0.0653,1.2804,7.936,0,walk
12.938,5971,0.9573,0.955,-0.066,1.1293,8.061,0,walk
12.94,5972,0.9536,0.9513,-0.0663,1.2692,7.94,0,walk
12.9422,5973,0.9551,0.9527,-0.0669,1.3407,8.052,0,walk
12.9443,5974,0.9514,0.949,-0.0673,1.2821,7.882,0,walk
12.9464,5975,0.9517,0.9492,-0.0682,1.0047,7.938,0,walk
12.9484,5976,0.9493,0.9468,-0.0684,1.2866,7.892,0,walk
12.9505,5977,0.9495,0.947,-0.0693,1.3586,7.973,0,walk
12.9526,5978,0.9471,0.9445,-0.0696,1.2959,7.877,0,walk
12.9546,5979,0.9474,0.9448,-0.0705,1.1926,7.893,0,walk
12.9567,5980,0.945,0.9424,-0.0708,1.2864,7.791,0,walk
12.9587,5981,0.9453,0.9426,-0.0717,1.2709,7.933,0,walk
12.9608,5982,0.9429,0.9402,-0.0721,1.2871,7.827,0,walk
12.9629,5983,0.942,0.9392,-0.0732,1.2758,7.829,0,walk
12.965,5984,0.9397,0.9368,-0.0736,1.2835,7.664,0,walk
12.967,5985,0.94,0.937,-0.0745,1.2844,7.745,0,walk
12.9691,5986,0.9376,0.9346,-0.0749,1.2875,7.688,0,walk
12.9711,5987,0.9378,0.9348,-0.0759,1.1369,7.789,0,walk
12.9732,5988,0.9355,0.9324,-0.0763,1.2949,7.672,0,walk
12.9753,5989,0.9357,0.9325,-0.0772,1.4153,7.765,0,walk
12.9773,5990,0.9334,0.9302,-0.0777,1.3086,7.583,0,walk
12.9794,5991,0.9336,0.9303,-0.0786,1.2651,7.668,0,walk
12.9816,5992,0.9313,0.928,-0.079,1.3063,7.606,0,walk
12.9837,5993,0.9315,0.9281,-0.08,1.198,7.682,0,walk
12.9858,5994,0.9293,0.9258,-0.0804,1.2974,7.557,0,walk
12.9879,5995,0.9283,0.9247,-0.0816,1.4017,7.512,0,walk
12.99,5996,0.9261,0.9224,-0.0821,1.293,7.385,0,walk
12.9921,5997,0.9262,0.9225,-0.083,1.3586,7.536,0,walk
12.9941,5998,0.9239,0.9202,-0.0835,1.3123,7.41,0,walk
12.9962,5999,0.9252,0.9214,-0.0841,1.364,7.556,0,walk
12.9983,6000,0.9218,0.9179,-0.0849,1.282,7.306,0,walk
13.0004,6001,0.9219,0.9179,-0.0858,1.4333,7.407,0,walk
13.0025,6002,0.9197,0.9156,-0.0863,1.3114,7.346,0,walk
13.0047,6003,0.9209,0.9168,-0.0869,1.3892,7.513,0,walk
13.0066,6004,0.9175,0.9133,-0.0877,1.2901,7.331,0,walk
13.0088,6005,0.9175,0.9133,-0.0886,1.4593,7.428,0,walk
13.0108,6006,0.9142,0.9098,-0.0894,1.2995,7.193,0,walk
13.0129,6007,0.9143,0.9098,-0.0903,1.335,7.371,0,walk
13.0149,6008,0.912,0.9075,-0.0909,1.3065,7.256,0,walk
13.017,6009,0.912,0.9074,-0.0917,1.4159,7.376,0,walk
13.0191,6010,0.9098,0.9051,-0.0923,1.3189,7.264,0,walk
13.0211,6011,0.9109,0.9061,-0.0929,1.4727,7.385,0,walk
13.0232,6012,0.9075,0.9026,-0.0938,1.2968,7.22,0,walk
13.0253,6013,0.9076,0.9027,-0.0948,0.994,7.398,0,walk
13.0273,6014,0.9054,0.9003,-0.0954,1.2625,7.289,0,walk
13.0294,6015,0.9054,0.9002,-0.0962,1.4656,7.432,0,walk
13.0315,6016,0.9031,0.8979,-0.0968,1.3136,7.325,0,walk
13.0336,6017,0.903,0.8977,-0.0976,1.4827,7.418,0,walk
13.0357,6018,0.9007,0.8953,-0.0982,1.3373,7.313,0,walk
13.0378,6019,0.9006,0.8952,-0.099,1.2124,7.553,0,walk
13.0399,6020,0.8972,0.8916,-0.1,1.2829,7.397,0,walk
13.0421,6021,0.8971,0.8914,-0.1008,1.2642,7.524,0,walk
13.0441,6022,0.8948,0.889,-0.1015,1.3026,7.371,0,walk
13.0463,6023,0.8947,0.8888,-0.1022,1.4614,7.559,0,walk
13.0483,6024,0.8924,0.8864,-0.1029,1.3043,7.508,0,walk
13.0504,6025,0.8921,0.886,-0.1037,0.8154,7.702,0,walk
13.0526,6026,0.8897,0.8836,-0.1044,1.3314,7.599,0,walk
13.0549,6027,0.8895,0.8832,-0.1051,1.5005,7.725,0,walk
13.0569,6028,0.8859,0.8796,-0.1061,1.293,7.572,0,walk
13.0591,6029,0.8857,0.8792,-0.1068,1.3564,7.774,0,walk
13.0611,6030,0.8833,0.8768,-0.1075,1.3142,7.671,0,walk
13.0633,6031,0.8831,0.8764,-0.1082,1.0925,7.844,0,walk
13.0653,6032,0.8807,0.8739,-0.1089,1.3011,7.69,0,walk
13.0674,6033,0.8804,0.8736,-0.1097,1.2398,7.848,0,walk
13.0695,6034,0.878,0.8711,-0.1104,1.2881,7.745,0,walk
13.0717,6035,0.8777,0.8707,-0.1111,1.4539,7.952,0,walk
13.0737,6036,0.8753,0.8682,-0.1118,1.2886,7.849,0,walk
13.0759,6037,0.875,0.8677,-0.1126,1.1816,7.998,0,walk
13.0779,6038,0.8714,0.8639,-0.1137,1.2408,7.797,0,walk
13.0799,6039,0.871,0.8635,-0.1144,1.3385,8.014,0,walk
13.082,6040,0.8686,0.8609,-0.1151,1.2904,7.916,0,walk
13.084,6041,0.8682,0.8605,-0.1159,1.3938,8.068,0,walk
13.0861,6042,0.8658,0.858,-0.1166,1.2847,7.972,0,walk
13.0881,6043,0.8654,0.8574,-0.1174,1.2408,8.059,0,walk
13.0902,6044,0.863,0.8549,-0.1181,1.2985,7.965,0,walk
13.0923,6045,0.8626,0.8543,-0.1188,1.5264,8.139,0,walk
13.0943,6046,0.8602,0.8518,-0.1195,1.2978,8.047,0,walk
13.0963,6047,0.8596,0.8512,-0.1202,1.3458,8.164,0,walk
13.0984,6048,0.8573,0.8487,-0.1209,1.3188,8.029,0,walk
13.1004,6049,0.8569,0.8482,-0.1216,1.2509,8.135,0,walk
13.1025,6050,0.8545,0.8457,-0.1223,1.2884,8.048,0,walk
13.1045,6051,0.8541,0.8452,-0.1229,1.4464,8.195,0,walk
13.1066,6052,0.8517,0.8427,-0.1236,1.2916,8.11,0,walk
13.1086,6053,0.8511,0.842,-0.1243,0.7536,8.239,0,walk
13.1107,6054,0.8488,0.8396,-0.125,1.3165,8.114,0,walk
13.1128,6055,0.8484,0.8391,-0.1257,1.3595,8.23,0,walk
13.1148,6056,0.8461,0.8366,-0.1264,1.27,8.191,0,walk
13.1169,6057,0.8457,0.8361,-0.1271,1.2476,8.309,0,walk
13.119,6058,0.8426,0.8328,-0.1282,1.2545,8.135,0,walk
13.1211,6059,0.8435,0.8336,-0.1284,1.2444,8.287,0,walk
13.1231,6060,0.8406,0.8305,-0.1294,1.2523,8.19,0,walk
13.1253,6061,0.8404,0.8303,-0.13,1.4312,8.314,0,walk
13.1273,6062,0.8386,0.8283,-0.1305,1.3083,8.201,0,walk
13.1295,6063,0.8386,0.8283,-0.131,1.3618,8.263,0,walk
13.1316,6064,0.8367,0.8263,-0.1315,1.2793,8.073,0,walk
13.1337,6065,0.8365,0.8261,-0.1318,1.4964,8.159,0,walk
13.1357,6066,0.8346,0.824,-0.1323,1.2976,8.097,0,walk
13.1379,6067,0.8344,0.8238,-0.1327,1.3426,8.166,0,walk
13.1399,6068,0.8316,0.8208,-0.1333,1.2582,7.989,0,walk
13.1421,6069,0.8318,0.821,-0.1335,1.3384,8.008,0,walk
13.1441,6070,0.8305,0.8196,-0.1338,1.3115,7.895,0,walk
13.1462,6071,0.8311,0.8202,-0.1338,1.369,8.047,0,walk
13.1482,6072,0.83,0.8192,-0.1335,1.3335,7.945,0,walk
13.1504,6073,0.8307,0.8201,-0.1327,1.5743,8.043,0,walk
13.1525,6074,0.8299,0.8193,-0.1321,1.3869,7.925,0,walk
13.1547,6075,0.8309,0.8205,-0.1313,1.348,8.035,0,walk
13.1568,6076,0.8302,0.8199,-0.1307,1.3712,8.003,0,walk
13.1589,6077,0.8315,0.8212,-0.1302,1.3164,8.153,0,walk
13.1609,6078,0.8308,0.8206,-0.1299,1.3405,8.053,0,walk
13.1631,6079,0.8321,0.8219,-0.1298,1.4617,8.207,0,walk
13.1651,6080,0.8316,0.8213,-0.1299,1.3439,8.17,0,walk
13.1672,6081,0.8327,0.8225,-0.1299,1.3266,8.351,0,walk
13.1693,6082,0.8319,0.8216,-0.1303,1.3311,8.307,0,walk
13.1714,6083,0.8326,0.8223,-0.1304,1.5316,8.468,0,walk
13.1735,6084,0.8313,0.821,-0.1309,1.2933,8.442,0,walk
13.1756,6085,0.8317,0.8213,-0.1312,0.5656,8.564,0,walk
13.1776,6086,0.8304,0.8198,-0.1318,1.3127,8.525,0,walk
13.1798,6087,0.8309,0.8204,-0.1319,1.5527,8.67,0,walk
13.1819,6088,0.8295,0.8189,-0.1324,1.2903,8.658,0,walk
13.1841,6089,0.8291,0.8183,-0.1328,0.7589,8.824,0,walk
13.1861,6090,0.8275,0.8167,-0.1333,1.2813,8.803,0,walk
13.1884,6091,0.8278,0.817,-0.1335,1.4368,8.948,0,walk
13.1904,6092,0.8264,0.8155,-0.1339,1.2944,8.937,0,walk
13.1925,6093,0.8268,0.8159,-0.1338,1.3755,9.099,0,walk
13.1946,6094,0.8257,0.8148,-0.1339,1.3189,9.081,0,walk
13.1966,6095,0.8265,0.8157,-0.1336,1.5786,9.251,0,walk
13.1987,6096,0.8259,0.815,-0.1335,1.3585,9.236,0,walk
13.2008,6097,0.8272,0.8164,-0.1331,1.2275,9.407,0,walk
13.2029,6098,0.8268,0.816,-0.133,1.319,9.393,0,walk
13.2051,6099,0.8281,0.8175,-0.1327,1.3867,9.574,0,walk
13.2074,6100,0.829,0.8184,-0.1322,1.321,9.72,0,walk
13.2093,6101,0.8282,0.8175,-0.1322,1.5581,9.7,0,walk
13.2113,6102,0.8271,0.8165,-0.1322,1.3228,9.689,0,walk
13.2134,6103,0.8277,0.8172,-0.1319,1.093,9.872,0,walk
13.2158,6104,0.8283,0.8177,-0.1316,1.3266,10.065,0,walk
13.2176,6105,0.8276,0.8171,-0.1316,1.3565,10.037,0,walk
13.2199,6106,0.8274,0.8169,-0.1314,1.2995,10.186,0,walk
13.2217,6107,0.8259,0.8154,-0.1315,1.5041,10.169,0,walk
13.2237,6108,0.8245,0.8139,-0.1317,1.3028,10.136,0,walk
13.2258,6109,0.8245,0.8139,-0.1321,1.2505,10.314,0,walk
13.2278,6110,0.8228,0.812,-0.1329,1.269,10.263,0,walk
13.2299,6111,0.8221,0.8112,-0.1335,1.1937,10.433,0,walk
13.2319,6112,0.8204,0.8094,-0.1342,1.2564,10.415,0,walk
13.234,6113,0.8206,0.8095,-0.1344,1.5704,10.593,0,walk
13.236,6114,0.8191,0.808,-0.135,1.2831,10.556,0,walk
13.2381,6115,0.8196,0.8084,-0.1352,1.3263,10.703,0,walk
13.2402,6116,0.8184,0.8071,-0.1357,1.2647,10.662,0,walk
13.2422,6117,0.819,0.8077,-0.1359,1.2607,10.878,0,walk
13.2443,6118,0.8179,0.8065,-0.1364,1.2773,10.835,0,walk
13.2463,6119,0.8187,0.8072,-0.1365,1.4408,11.013,0,walk
13.2484,6120,0.8177,0.8061,-0.1369,1.2732,10.94,0,walk
13.2504,6121,0.8185,0.8069,-0.137,1.3136,11.11,0,walk
13.2525,6122,0.8174,0.8058,-0.1374,1.2691,11.084,0,walk
13.2545,6123,0.8182,0.8066,-0.1374,1.2719,11.266,0,walk
13.2566,6124,0.8171,0.8054,-0.1379,1.2675,11.209,0,walk
13.2587,6125,0.8178,0.8061,-0.1378,1.3741,11.348,0,walk
13.2607,6126,0.8166,0.8048,-0.1383,1.258,11.285,0,walk
13.2628,6127,0.8171,0.8053,-0.1382,1.2201,11.472,0,walk
13.2648,6128,0.8156,0.8038,-0.1386,1.2651,11.44,0,walk
13.2669,6129,0.816,0.8042,-0.1385,1.5282,11.607,0,walk
13.2689,6130,0.8136,0.8016,-0.1391,1.2214,11.47,0,walk
13.271,6131,0.8137,0.8018,-0.139,0.94,11.659,0,walk
13.2731,6132,0.812,0.8,-0.1394,1.2464,11.624,0,walk
13.2752,6133,0.8121,0.8001,-0.1393,1.5014,11.791,0,walk
13.2773,6134,0.8104,0.7983,-0.1396,1.2449,11.719,0,walk
13.2795,6135,0.8104,0.7983,-0.1395,1.3627,11.851,0,walk
13.2816,6136,0.8086,0.7964,-0.1398,1.2461,11.776,0,walk
13.2836,6137,0.8087,0.7965,-0.1397,1.0019,11.972,0,walk
13.2857,6138,0.8068,0.7946,-0.14,1.2246,11.934,0,walk
13.2877,6139,0.8068,0.7946,-0.1398,1.5091,12.1,0,walk
13.2898,6140,0.805,0.7927,-0.1401,1.2387,12.022,0,walk
13.2918,6141,0.804,0.7917,-0.14,0.8888,12.158,0,walk
13.2939,6142,0.8021,0.7897,-0.1403,1.2222,12.117,0,walk
13.2959,6143,0.802,0.7897,-0.1401,1.3863,12.339,0,walk
13.298,6144,0.8,0.7876,-0.1404,1.2119,12.257,0,walk
13.3001,6145,0.7998,0.7874,-0.14,1.4994,12.431,0,walk
13.3021,6146,0.7977,0.7853,-0.1402,1.2394,12.305,0,walk
13.3044,6147,0.7986,0.7863,-0.1396,1.4274,12.514,0,walk
13.3064,6148,0.7955,0.7831,-0.14,1.2029,12.429,0,walk
13.3085,6149,0.7953,0.7829,-0.1396,0.7777,12.595,0,walk
13.3106,6150,0.7931,0.7807,-0.1398,1.22,12.509,0,walk
13.3126,6151,0.7929,0.7805,-0.1394,1.3447,12.642,0,walk
13.3147,6152,0.7907,0.7783,-0.1396,1.2054,12.555,0,walk
13.3167,6153,0.7905,0.7781,-0.1392,1.035,12.774,0,walk
13.3188,6154,0.7882,0.7758,-0.1394,1.1803,12.685,0,walk
13.3209,6155,0.7878,0.7755,-0.1389,1.4812,12.873,0,walk
13.3229,6156,0.7843,0.7719,-0.1392,1.1911,12.693,0,walk
13.325,6157,0.7852,0.7729,-0.1385,1.3837,12.911,0,walk
13.327,6158,0.7816,0.7692,-0.1387,1.1707,12.82,0,walk
13.3291,6159,0.7812,0.7689,-0.138,1.5082,13.012,0,walk
13.3312,6160,0.7787,0.7664,-0.1382,1.2174,12.921,0,walk
13.3334,6161,0.7783,0.7661,-0.1375,1.1691,13.111,0,walk
13.3354,6162,0.7758,0.7635,-0.1377,1.1816,12.973,0,walk
13.3375,6163,0.7752,0.7631,-0.1369,1.453,13.177,0,walk
13.3396,6164,0.7726,0.7604,-0.137,1.1973,13.131,0,walk
13.3417,6165,0.772,0.7598,-0.1363,0.6449,13.347,0,walk
13.3437,6166,0.7695,0.7573,-0.1364,1.2072,13.253,0,walk
13.3458,6167,0.7689,0.7568,-0.1356,1.4752,13.381,0,walk
13.3478,6168,0.765,0.7528,-0.1357,1.1681,13.24,0,walk
13.35,6169,0.7651,0.753,-0.1352,0.747,13.713,0,walk
13.3521,6170,0.7625,0.7504,-0.1353,0.993,13.617,0,walk
13.3542,6171,0.7633,0.7514,-0.1346,1.6771,13.876,0,walk
13.3563,6172,0.7594,0.7474,-0.1347,1.1212,13.682,0,walk
13.3584,6173,0.7588,0.7469,-0.1337,1.4168,13.863,0,walk
13.3604,6174,0.7561,0.7442,-0.1337,1.1835,13.812,0,walk
13.3625,6175,0.7556,0.7439,-0.1328,0.9194,13.998,0,walk
13.3646,6176,0.753,0.7412,-0.1329,1.1519,13.894,0,walk
13.3667,6177,0.7524,0.7407,-0.132,0.8982,14.065,0,walk
13.3688,6178,0.7498,0.738,-0.132,1.1612,13.906,0,walk
13.3709,6179,0.7477,0.7362,-0.131,1.4423,13.993,0,walk
13.373,6180,0.745,0.7334,-0.131,1.1572,13.937,0,walk
13.3751,6181,0.7442,0.7327,-0.13,1.338,14.089,0,walk
13.3772,6182,0.7414,0.7299,-0.13,1.1774,13.974,0,walk
13.3793,6183,0.7407,0.7294,-0.1288,1.438,13.999,0,walk
13.3813,6184,0.7379,0.7266,-0.1287,1.1802,13.879,0,walk
13.3833,6185,0.7371,0.726,-0.1276,1.2575,14.04,0,walk
13.3854,6186,0.7344,0.7232,-0.1274,1.1902,13.916,0,walk
13.3875,6187,0.7337,0.7228,-0.1263,1.1738,14.009,0,walk
13.3895,6188,0.731,0.72,-0.1261,1.1665,13.882,0,walk
13.3917,6189,0.7303,0.7195,-0.1249,1.36,13.894,0,walk
13.3938,6190,0.7275,0.7167,-0.1247,1.1714,13.764,0,walk
13.3959,6191,0.7251,0.7145,-0.1232,1.0164,13.803,0,walk
13.398,6192,0.7223,0.7117,-0.123,1.2221,13.67,0,walk
13.4,6193,0.7214,0.7111,-0.1215,1.4985,13.665,0,walk
13.4021,6194,0.7187,0.7084,-0.1213,1.2167,13.464,0,walk
13.4042,6195,0.7192,0.7091,-0.1199,1.3732,13.564,0,walk
13.4063,6196,0.7151,0.7051,-0.1195,1.2346,13.429,0,walk
13.4083,6197,0.7144,0.7045,-0.1181,0.8572,13.456,0,walk
13.4103,6198,0.7117,0.7019,-0.1178,1.1962,13.322,0,walk
13.4126,6199,0.7109,0.7013,-0.1163,1.4654,13.312,0,walk
13.4146,6200,0.7082,0.6986,-0.116,1.2106,13.116,0,walk
13.4167,6201,0.7075,0.6982,-0.1142,1.359,13.152,0,walk
13.4188,6202,0.7048,0.6955,-0.114,1.2128,13.086,0,walk
13.4208,6203,0.7039,0.6948,-0.1124,1.1756,13.051,0,walk
13.4229,6204,0.6998,0.6908,-0.112,1.2364,12.858,0,walk
13.425,6205,0.6991,0.6904,-0.1102,1.3518,12.611,0,walk
13.4271,6206,0.6964,0.6876,-0.11,1.1748,12.486,0,walk
13.4291,6207,0.6968,0.6883,-0.1085,1.5841,12.496,0,walk
13.4312,6208,0.6926,0.6841,-0.1081,1.2231,12.372,0,walk
13.4333,6209,0.6932,0.685,-0.1067,1.0104,12.487,0,walk
13.4353,6210,0.6889,0.6807,-0.1063,1.1654,12.31,0,walk
13.4375,6211,0.6881,0.6801,-0.1048,0.767,12.331,0,walk
13.4396,6212,0.6853,0.6773,-0.1046,1.1343,12.221,0,walk
13.4417,6213,0.6844,0.6766,-0.103,1.3231,12.271,0,walk
13.4438,6214,0.6816,0.6738,-0.1028,1.1876,12.166,0,walk
13.4459,6215,0.6793,0.6717,-0.1012,0.8274,12.136,0,walk
13.448,6216,0.6765,0.6689,-0.101,1.1569,11.993,0,walk
13.45,6217,0.6757,0.6683,-0.0994,1.4087,12.024,0,walk
13.4521,6218,0.6728,0.6655,-0.0993,1.1657,11.979,0,walk
13.4543,6219,0.672,0.6649,-0.0976,1.4091,11.987,0,walk
13.4564,6220,0.6692,0.662,-0.0975,1.1849,11.903,0,walk
13.4584,6221,0.6683,0.6614,-0.0958,1.1638,11.914,0,walk
13.4605,6222,0.6655,0.6586,-0.0957,1.1748,11.803,0,walk
13.4626,6223,0.6661,0.6595,-0.0935,1.2278,11.868,0,walk
13.4646,6224,0.6618,0.6552,-0.0932,1.2313,11.8,0,walk
13.4668,6225,0.6609,0.6546,-0.0913,1.4802,11.812,0,walk
13.4688,6226,0.6581,0.6518,-0.0911,1.2264,11.753,0,walk
13.4709,6227,0.6572,0.651,-0.0895,1.3762,11.68,0,walk
13.473,6228,0.6529,0.6468,-0.0893,1.1336,11.603,0,walk
13.475,6229,0.6533,0.6473,-0.088,1.3281,11.416,0,walk
13.4771,6230,0.6491,0.6431,-0.0878,1.0982,11.339,0,walk
13.4791,6231,0.6482,0.6425,-0.0859,1.3285,11.27,0,walk
13.4812,6232,0.6454,0.6397,-0.0858,1.2158,11.17,0,walk
13.4833,6233,0.6464,0.641,-0.0836,1.2221,11.167,0,walk
13.4853,6234,0.6435,0.638,-0.0838,1.2127,11.093,0,walk
13.4877,6235,0.6439,0.6387,-0.0822,1.3478,11.091,0,walk
13.4897,6236,0.6424,0.6371,-0.0825,1.1628,11.021,0,walk
13.4919,6237,0.6432,0.6381,-0.0809,0.9122,11.039,0,walk
13.4939,6238,0.641,0.6358,-0.0817,1.0504,10.903,0,walk
13.496,6239,0.6416,0.6365,-0.0809,1.0161,10.903,0,walk
13.498,6240,0.6401,0.6348,-0.0823,1.0807,10.848,0,walk
13.5001,6241,0.6401,0.6349,-0.0817,1.1277,10.871,0,walk
13.5022,6242,0.6373,0.6319,-0.0827,1.0805,10.82,0,walk
13.5044,6243,0.638,0.6328,-0.0813,0.9979,10.845,0,walk
13.5064,6244,0.6339,0.6284,-0.0832,0.9562,10.736,0,walk
13.5085,6245,0.6326,0.6272,-0.0822,1.2822,10.764,0,walk
13.5105,6246,0.6288,0.6233,-0.0831,1.0824,10.737,0,walk
13.5126,6247,0.6271,0.6217,-0.0819,1.1452,10.755,0,walk
13.5146,6248,0.6238,0.6183,-0.0826,1.1452,10.756,0,walk
13.5167,6249,0.623,0.6177,-0.081,1.2611,10.807,0,walk
13.5187,6250,0.6192,0.6138,-0.0818,1.1112,10.835,0,walk
13.5209,6251,0.62,0.6149,-0.0798,1.131,10.852,0,walk
13.523,6252,0.6165,0.6113,-0.0804,1.1532,10.933,0,walk
13.5251,6253,0.6164,0.6114,-0.0785,1.4214,10.996,0,walk
13.5272,6254,0.6145,0.6094,-0.0788,1.2199,11.022,0,walk
13.5293,6255,0.6156,0.6108,-0.0766,1.3202,11.001,0,walk
13.5313,6256,0.613,0.6082,-0.0769,1.2488,11.032,0,walk
13.5335,6257,0.6134,0.6088,-0.0748,1.3934,11.069,0,walk
13.5356,6258,0.6118,0.6072,-0.075,1.2629,11.092,0,walk
13.5378,6259,0.6124,0.608,-0.0728,1.4203,11.089,0,walk
13.5398,6260,0.6111,0.6067,-0.073,1.2729,11.094,0,walk
13.542,6261,0.6119,0.6078,-0.0707,1.3544,11.098,0,walk
13.5441,6262,0.6102,0.6061,-0.071,1.2898,11.106,0,walk
13.5462,6263,0.6111,0.6072,-0.0687,1.4054,11.094,0,walk
13.5483,6264,0.6101,0.6062,-0.069,1.3076,11.095,0,walk
13.5505,6265,0.6111,0.6075,-0.0665,1.2315,11.118,0,walk
13.5526,6266,0.6102,0.6065,-0.0668,1.3341,11.114,0,walk
13.5548,6267,0.6118,0.6084,-0.0645,0.9115,11.063,0,walk
13.5568,6268,0.6103,0.6068,-0.0649,1.2704,11.043,0,walk
13.5589,6269,0.6107,0.6075,-0.0627,1.2445,11.088,0,walk
13.561,6270,0.6096,0.6063,-0.0629,1.3171,11.069,0,walk
13.5632,6271,0.6102,0.6071,-0.0606,1.3734,11.074,0,walk
13.5653,6272,0.6089,0.6059,-0.0609,1.3158,11.053,0,walk
13.5675,6273,0.6097,0.6068,-0.0588,1.2949,11.114,0,walk
13.5695,6274,0.6085,0.6056,-0.0592,1.3211,11.083,0,walk
13.5717,6275,0.6093,0.6066,-0.0569,1.4046,11.163,0,walk
13.5738,6276,0.6081,0.6054,-0.0573,1.3269,11.125,0,walk
13.5759,6277,0.6082,0.6057,-0.0551,1.2799,11.18,0,walk
13.578,6278,0.607,0.6044,-0.0554,1.3549,11.11,0,walk
13.5802,6279,0.6072,0.6049,-0.0528,0.2577,10.998,0,walk
13.5829,6280,0.6078,0.6057,-0.0504,1.1265,11.079,0,walk
13.5848,6281,0.6063,0.6042,-0.0507,1.355,11.024,0,walk
13.5876,6282,0.6061,0.6041,-0.0486,1.1478,11.081,0,walk
13.5897,6283,0.6047,0.6027,-0.049,1.3625,10.988,0,walk
13.5917,6284,0.6051,0.6033,-0.0467,1.5204,11.079,0,walk
13.5938,6285,0.6036,0.6018,-0.0471,1.3691,11.046,0,walk
13.5958,6286,0.6041,0.6024,-0.0447,1.4939,11.149,0,walk
13.5979,6287,0.6018,0.6001,-0.0453,1.3583,11.044,0,walk
13.6,6288,0.6029,0.6014,-0.0428,1.1926,11.115,0,walk
13.6021,6289,0.6006,0.599,-0.0434,1.3644,11.002,0,walk
13.6042,6290,0.6017,0.6003,-0.0409,1.5047,11.192,0,walk
13.6062,6291,0.5993,0.5979,-0.0416,1.3541,11.075,0,walk
13.6084,6292,0.5996,0.5983,-0.0393,1.5107,11.165,0,walk
13.6105,6293,0.598,0.5967,-0.0398,1.3692,11.043,0,walk
13.6126,6294,0.5982,0.5971,-0.0375,1.4227,11.164,0,walk
13.6146,6295,0.5966,0.5954,-0.038,1.3646,11.121,0,walk
13.6168,6296,0.5977,0.5966,-0.0356,1.4956,11.252,0,walk
13.6189,6297,0.5952,0.5941,-0.0364,1.3502,11.122,0,walk
13.6209,6298,0.5953,0.5943,-0.0343,1.4756,11.205,0,walk
13.623,6299,0.5928,0.5918,-0.0352,1.3474,11.024,0,walk
13.6251,6300,0.5937,0.5928,-0.0327,1.192,11.158,0,walk
13.6272,6301,0.5911,0.5902,-0.0337,1.3603,11.066,0,walk
13.6293,6302,0.5925,0.5917,-0.0316,0.9316,11.26,0,walk
13.6313,6303,0.5899,0.589,-0.0327,1.1989,11.071,0,walk
13.6334,6304,0.5908,0.59,-0.0304,0.6127,11.158,0,walk
13.6355,6305,0.5881,0.5873,-0.0318,1.2714,11.014,0,walk
13.6377,6306,0.588,0.5872,-0.03,1.1145,11.097,0,walk
13.6398,6307,0.5862,0.5854,-0.031,1.3583,11.001,0,walk
13.6418,6308,0.5863,0.5856,-0.0294,1.2611,11.049,0,walk
13.6439,6309,0.5836,0.5827,-0.0308,1.2253,10.859,0,walk
13.6459,6310,0.5834,0.5827,-0.0291,0.1997,10.942,0,walk
13.648,6311,0.5816,0.5808,-0.0302,1.3362,10.847,0,walk
13.65,6312,0.5816,0.5809,-0.0284,1.483,10.911,0,walk
13.6521,6313,0.5797,0.579,-0.0295,1.3032,10.816,0,walk
13.6542,6314,0.5804,0.5798,-0.0274,1.3707,10.896,0,walk
13.6563,6315,0.5776,0.5769,-0.0292,1.2093,10.756,0,walk
13.6584,6316,0.5784,0.5777,-0.0271,1.3708,10.875,0,walk
13.6605,6317,0.5756,0.5748,-0.0289,1.1796,10.783,0,walk
13.6626,6318,0.5754,0.5748,-0.0276,1.0455,10.867,0,walk
13.6646,6319,0.5736,0.5729,-0.0288,1.2733,10.734,0,walk
13.6667,6320,0.5744,0.5738,-0.0266,1.2045,10.838,0,walk
13.6688,6321,0.5717,0.571,-0.0283,1.2168,10.751,0,walk
13.6708,6322,0.5717,0.5711,-0.0268,0.959,10.829,0,walk
13.6729,6323,0.57,0.5693,-0.0279,1.3017,10.744,0,walk
13.675,6324,0.5691,0.5684,-0.0272,1.2303,10.742,0,walk
13.6771,6325,0.5674,0.5667,-0.0284,1.289,10.657,0,walk
13.6792,6326,0.5674,0.5667,-0.0272,1.1613,10.766,0,walk
13.6812,6327,0.5657,0.565,-0.0285,1.2776,10.68,0,walk
13.6834,6328,0.5665,0.5659,-0.0267,1.4126,10.787,0,walk
13.6854,6329,0.5641,0.5634,-0.0286,1.1444,10.659,0,walk
13.6876,6330,0.5641,0.5635,-0.0269,1.0415,10.651,0,walk
13.6897,6331,0.5626,0.5619,-0.0283,1.3565,10.609,0,walk
13.6918,6332,0.5634,0.5628,-0.0263,1.2918,10.71,0,walk
13.6938,6333,0.5612,0.5604,-0.0284,1.1786,10.583,0,walk
13.696,6334,0.5605,0.5598,-0.028,1.1744,10.562,0,walk
13.698,6335,0.559,0.5583,-0.0294,1.2742,10.478,0,walk
13.7001,6336,0.5592,0.5585,-0.0284,1.4235,10.566,0,walk
13.7022,6337,0.5578,0.557,-0.0299,1.252,10.483,0,walk
13.7043,6338,0.5586,0.5579,-0.0282,1.3423,10.58,0,walk
13.7063,6339,0.5567,0.5558,-0.0305,1.1464,10.417,0,walk
13.7085,6340,0.5568,0.556,-0.0296,0.978,10.483,0,walk
13.7106,6341,0.5556,0.5548,-0.0312,1.2507,10.403,0,walk
13.7127,6342,0.5559,0.5551,-0.0305,0.993,10.528,0,walk
13.7147,6343,0.5548,0.5539,-0.0321,1.2043,10.45,0,walk
13.7169,6344,0.555,0.5541,-0.0312,1.0478,10.508,0,walk
13.719,6345,0.5534,0.5524,-0.0337,1.1694,10.355,0,walk
13.721,6346,0.5543,0.5534,-0.0321,0.9084,10.449,0,walk
13.7231,6347,0.5527,0.5516,-0.0345,1.1203,10.376,0,walk
13.7252,6348,0.5535,0.5526,-0.033,1.1807,10.49,0,walk
13.7272,6349,0.5522,0.551,-0.0358,1.0943,10.344,0,walk
13.7293,6350,0.5526,0.5515,-0.0353,1.4284,10.397,0,walk
13.7313,6351,0.5517,0.5505,-0.037,1.209,10.36,0,walk
13.7335,6352,0.552,0.5508,-0.0363,1.3882,10.434,0,walk
13.7355,6353,0.5511,0.5498,-0.0381,1.2131,10.363,0,walk
13.7376,6354,0.5516,0.5503,-0.0378,0.9096,10.412,0,walk
13.7397,6355,0.5508,0.5494,-0.0397,1.1762,10.339,0,walk
13.7418,6356,0.5514,0.55,-0.0394,1.3675,10.451,0,walk
13.7438,6357,0.5507,0.5491,-0.041,1.1865,10.376,0,walk
13.7461,6358,0.5513,0.5498,-0.0401,1.2287,10.428,0,walk
13.7481,6359,0.55,0.5484,-0.0417,1.1536,10.264,0,walk
13.7502,6360,0.5504,0.5489,-0.0405,0.896,10.311,0,walk
13.7523,6361,0.5494,0.5478,-0.0415,1.2214,10.267,0,walk
13.7544,6362,0.5502,0.5487,-0.0399,1.4376,10.361,0,walk
13.7564,6363,0.5486,0.547,-0.0416,1.0953,10.229,0,walk
13.7585,6364,0.5487,0.5472,-0.0407,0.911,10.254,0,walk
13.7606,6365,0.5475,0.5459,-0.042,1.1726,10.167,0,walk
13.7627,6366,0.5477,0.5461,-0.0412,1.0702,10.265,0,walk
13.7647,6367,0.5464,0.5448,-0.0426,1.1246,10.177,0,walk
13.7668,6368,0.5458,0.5441,-0.0432,1.5221,10.114,0,walk
13.7689,6369,0.5445,0.5427,-0.0447,1.0354,10.03,0,walk
13.771,6370,0.5445,0.5427,-0.0441,1.3898,10.077,0,walk
13.773,6371,0.5432,0.5413,-0.0457,1.0871,9.996,0,walk
13.7751,6372,0.5439,0.542,-0.0445,0.8314,10.043,0,walk
13.7771,6373,0.5419,0.5399,-0.0468,0.9285,9.884,0,walk
13.7792,6374,0.5418,0.5398,-0.0462,1.3861,9.893,0,walk
13.7813,6375,0.5405,0.5383,-0.0477,1.0844,9.854,0,walk
13.7834,6376,0.5404,0.5384,-0.0471,1.216,9.863,0,walk
13.7854,6377,0.5392,0.537,-0.0484,1.0997,9.788,0,walk
13.7876,6378,0.5395,0.5374,-0.0474,0.9976,9.927,0,walk
13.7897,6379,0.5385,0.5363,-0.0484,1.0939,9.863,0,walk
13.7918,6380,0.5388,0.5367,-0.0473,0.5137,9.932,0,walk
13.7938,6381,0.5378,0.5357,-0.0482,1.1402,9.874,0,walk
13.796,6382,0.538,0.5359,-0.0474,0.9226,9.87,0,walk
13.798,6383,0.5371,0.535,-0.0481,1.1357,9.82,0,walk
13.8001,6384,0.538,0.536,-0.0465,1.494,9.902,0,walk
13.8021,6385,0.5364,0.5342,-0.0482,0.9879,9.852,0,walk
13.8043,6386,0.5371,0.535,-0.0467,0.7057,9.913,0,walk
13.8063,6387,0.5352,0.533,-0.0486,0.9594,9.838,0,walk
13.8084,6388,0.5352,0.5331,-0.0479,1.2702,9.865,0,walk
13.8105,6389,0.5339,0.5316,-0.0492,1.0396,9.814,0,walk
13.8126,6390,0.5338,0.5316,-0.0486,0.7926,9.876,0,walk
13.8147,6391,0.5325,0.5301,-0.0499,1.0221,9.825,0,walk
13.8167,6392,0.5324,0.5301,-0.0493,1.1218,9.873,0,walk
13.8188,6393,0.531,0.5286,-0.0506,1.004,9.822,0,walk
13.8208,6394,0.5308,0.5285,-0.05,0.8022,9.881,0,walk
13.8229,6395,0.5287,0.5262,-0.052,0.8915,9.804,0,walk
13.825,6396,0.5292,0.5268,-0.0507,1.2986,9.921,0,walk
13.827,6397,0.5271,0.5244,-0.0527,0.8845,9.843,0,walk
13.8293,6398,0.5268,0.5243,-0.052,1.246,9.862,0,walk
13.8313,6399,0.5254,0.5227,-0.053,1.013,9.788,0,walk
13.8333,6400,0.5251,0.5225,-0.052,1.144,9.837,0,walk
13.8354,6401,0.5236,0.5209,-0.0529,1.0245,9.815,0,walk
13.8375,6402,0.5233,0.5207,-0.052,1.0437,9.898,0,walk
13.8395,6403,0.5218,0.5191,-0.0529,1.0159,9.855,0,walk
13.8416,6404,0.5216,0.519,-0.052,1.0503,9.902,0,walk
13.8437,6405,0.5201,0.5174,-0.053,0.9877,9.861,0,walk
13.8458,6406,0.5198,0.5172,-0.0522,1.1691,9.971,0,walk
13.8478,6407,0.5176,0.5148,-0.0538,0.8645,9.912,0,walk
13.85,6408,0.5173,0.5146,-0.053,1.4023,9.981,0,walk
13.852,6409,0.5158,0.5129,-0.0541,0.9543,9.943,0,walk
13.8543,6410,0.5162,0.5135,-0.0528,1.1915,10.074,0,walk
13.8563,6411,0.5139,0.511,-0.0546,0.8604,10.036,0,walk
13.8584,6412,0.5144,0.5116,-0.0532,1.2886,10.185,0,walk
13.8604,6413,0.512,0.5091,-0.055,0.8446,10.11,0,walk
13.8625,6414,0.5117,0.5089,-0.0544,0.7385,10.22,0,walk
13.8646,6415,0.5102,0.5071,-0.0555,0.9119,10.201,0,walk
13.8668,6416,0.5106,0.5077,-0.0543,0.9868,10.349,0,walk
13.8688,6417,0.5074,0.5042,-0.0567,0.7606,10.269,0,walk
13.8709,6418,0.5077,0.5047,-0.0555,0.7472,10.407,0,walk
13.8729,6419,0.5052,0.502,-0.0573,0.8116,10.323,0,walk
13.875,6420,0.5047,0.5015,-0.0567,1.3135,10.474,0,walk
13.8771,6421,0.503,0.4996,-0.0579,0.893,10.429,0,walk
13.8791,6422,0.5032,0.5,-0.0568,1.2581,10.562,0,walk
13.8812,6423,0.5006,0.4971,-0.0586,0.7981,10.493,0,walk
13.8833,6424,0.4999,0.4965,-0.058,1.2915,10.603,0,walk
13.8853,6425,0.4981,0.4946,-0.0592,0.8847,10.554,0,walk
13.8875,6426,0.4975,0.494,-0.0587,0.8606,10.702,0,walk
13.8895,6427,0.4957,0.4921,-0.0599,0.8701,10.652,0,walk
13.8917,6428,0.4959,0.4925,-0.0587,1.5556,10.803,0,walk
13.8938,6429,0.4933,0.4896,-0.0604,0.7905,10.701,0,walk
13.8959,6430,0.4918,0.4881,-0.0604,0.8894,10.829,0,walk
13.898,6431,0.49,0.4862,-0.0616,0.8585,10.774,0,walk
13.9,6432,0.4894,0.4856,-0.061,1.2335,10.89,0,walk
13.9021,6433,0.4876,0.4836,-0.0621,0.8614,10.834,0,walk
13.9044,6434,0.4879,0.4841,-0.061,0.936,10.98,0,walk
13.9064,6435,0.4853,0.4812,-0.0626,0.7649,10.893,0,walk
13.9085,6436,0.4856,0.4817,-0.0614,1.5142,11.075,0,walk
13.9105,6437,0.483,0.4789,-0.063,0.776,10.985,0,walk
13.9127,6438,0.4833,0.4793,-0.0618,0.8561,11.157,0,walk
13.9147,6439,0.4807,0.4765,-0.0634,0.777,11.034,0,walk
13.9168,6440,0.4802,0.4761,-0.0628,0.9912,11.187,0,walk
13.9189,6441,0.4777,0.4733,-0.0643,0.7589,11.121,0,walk
13.921,6442,0.4771,0.4729,-0.0636,1.0156,11.253,0,walk
13.9231,6443,0.4754,0.471,-0.0646,0.8441,11.184,0,walk
13.9252,6444,0.4749,0.4706,-0.0639,1.179,11.274,0,walk
13.9272,6445,0.4732,0.4688,-0.0649,0.8327,11.239,0,walk
13.9293,6446,0.4735,0.4692,-0.0637,1.2587,11.408,0,walk
13.9313,6447,0.471,0.4665,-0.0651,0.7619,11.296,0,walk
13.9336,6448,0.4705,0.4661,-0.0644,0.9984,11.406,0,walk
13.9356,6449,0.4688,0.4642,-0.0654,0.82,11.29,0,walk
13.9378,6450,0.4683,0.4638,-0.0646,1.323,11.429,0,walk
13.9398,6451,0.4666,0.4619,-0.0656,0.8208,11.387,0,walk
13.9421,6452,0.466,0.4615,-0.0648,0.847,11.521,0,walk
13.9441,6453,0.4634,0.4587,-0.0663,0.7409,11.392,0,walk
13.9462,6454,0.4629,0.4582,-0.0655,1.3877,11.448,0,walk
13.9483,6455,0.4611,0.4563,-0.0664,0.8136,11.36,0,walk
13.9504,6456,0.4606,0.4559,-0.0657,0.8413,11.524,0,walk
13.9524,6457,0.4589,0.4541,-0.0666,0.778,11.432,0,walk
13.9546,6458,0.4592,0.4545,-0.0654,0.7069,11.605,0,walk
13.9567,6459,0.4565,0.4516,-0.0668,0.7445,11.462,0,walk
13.9588,6460,0.4559,0.4511,-0.0659,1.2577,11.551,0,walk
13.9608,6461,0.4542,0.4492,-0.0669,0.793,11.452,0,walk
13.963,6462,0.4527,0.4478,-0.0665,1.1406,11.567,0,walk
13.9651,6463,0.4509,0.4459,-0.0674,0.7792,11.464,0,walk
13.9672,6464,0.4512,0.4463,-0.0662,0.7304,11.583,0,walk
13.9693,6465,0.4486,0.4434,-0.0676,0.7034,11.373,0,walk
13.9714,6466,0.448,0.443,-0.0668,1.416,11.457,0,walk
13.9734,6467,0.4462,0.441,-0.0678,0.752,11.402,0,walk
13.9755,6468,0.4456,0.4405,-0.0669,0.7135,11.469,0,walk
13.9775,6469,0.4438,0.4386,-0.0679,0.7563,11.356,0,walk
13.9797,6470,0.4432,0.4381,-0.067,1.22,11.43,0,walk
13.9818,6471,0.4414,0.4361,-0.068,0.7473,11.257,0,walk
13.9839,6472,0.4408,0.4356,-0.0671,1.1315,11.328,0,walk
13.9859,6473,0.4381,0.4327,-0.0686,0.699,11.21,0,walk
13.9882,6474,0.4375,0.4322,-0.0677,0.7672,11.277,0,walk
13.9903,6475,0.4357,0.4302,-0.0687,0.7277,11.158,0,walk
13.9925,6476,0.4351,0.4298,-0.0678,1.2723,11.183,0,walk
13.9945,6477,0.4333,0.4278,-0.0688,0.722,11.123,0,walk
13.9967,6478,0.4327,0.4273,-0.0679,0.5489,11.168,0,walk
13.9987,6479,0.4309,0.4253,-0.0689,0.7351,11.046,0,walk
14.0009,6480,0.4304,0.425,-0.0681,0.7743,11.13,0,walk
14.0032,6481,0.4289,0.4235,-0.0677,0.6988,11.068,0,walk
14.005,6482,0.4271,0.4215,-0.0686,1.0726,11.008,0,walk
14.0073,6483,0.4265,0.4211,-0.0678,0.7044,11.074,0,walk
14.0091,6484,0.4247,0.4191,-0.0688,0.8757,10.953,0,walk
14.0112,6485,0.4229,0.4172,-0.0698,0.7004,10.775,0,walk
14.0132,6486,0.4224,0.4167,-0.0689,0.7041,10.847,0,walk
14.0153,6487,0.4206,0.4147,-0.0699,0.7044,10.788,0,walk
14.0173,6488,0.42,0.4143,-0.069,1.3977,10.844,0,walk
14.0193,6489,0.4182,0.4123,-0.07,0.7063,10.727,0,walk
14.0214,6490,0.4177,0.4119,-0.0692,0.6797,10.796,0,walk
14.0234,6491,0.4159,0.4099,-0.0702,0.6896,10.624,0,walk
14.0255,6492,0.4154,0.4096,-0.0693,1.313,10.679,0,walk
14.0275,6493,0.4136,0.4076,-0.0703,0.6901,10.622,0,walk
14.0296,6494,0.4132,0.4073,-0.0694,0.722,10.709,0,walk
14.0316,6495,0.4115,0.4054,-0.0705,0.6686,10.597,0,walk
14.0337,6496,0.411,0.405,-0.0696,0.2921,10.657,0,walk
14.0358,6497,0.4093,0.4031,-0.0706,0.6933,10.493,0,walk
14.0378,6498,0.408,0.4019,-0.0702,1.3376,10.562,0,walk
14.0399,6499,0.4063,0.4,-0.0712,0.6937,10.455,0,walk
14.0419,6500,0.4058,0.3997,-0.0704,0.9777,10.535,0,walk
14.044,6501,0.4041,0.3978,-0.0714,0.6798,10.377,0,walk
14.046,6502,0.4037,0.3975,-0.0705,1.2018,10.426,0,walk
14.0481,6503,0.4021,0.3957,-0.0714,0.6745,10.321,0,walk
14.0501,6504,0.4016,0.3954,-0.0704,0.8413,10.437,0,walk
14.0522,6505,0.4,0.3936,-0.0714,0.6765,10.332,0,walk
14.0543,6506,0.3998,0.3935,-0.0703,1.0926,10.403,0,walk
14.0563,6507,0.3983,0.3919,-0.0712,0.6788,10.243,0,walk
14.0583,6508,0.398,0.3918,-0.0701,1.1736,10.377,0,walk
14.0604,6509,0.3966,0.3902,-0.071,0.6782,10.272,0,walk
14.0625,6510,0.3964,0.3902,-0.0699,0.6858,10.328,0,walk
14.0645,6511,0.3949,0.3885,-0.0707,0.6677,10.224,0,walk
14.0668,6512,0.3946,0.3885,-0.0695,1.4084,10.235,0,walk
14.0688,6513,0.393,0.3867,-0.0704,0.6771,10.133,0,walk
14.0709,6514,0.3927,0.3865,-0.0692,0.8915,10.212,0,walk
14.0729,6515,0.3902,0.3838,-0.0704,0.6761,10.112,0,walk
14.075,6516,0.3906,0.3845,-0.0688,0.9271,10.218,0,walk
14.0771,6517,0.3886,0.3823,-0.0696,0.6601,10.038,0,walk
14.0791,6518,0.3893,0.3834,-0.0677,1.2785,10.162,0,walk
14.0812,6519,0.3878,0.3817,-0.0682,0.6744,10.101,0,walk
14.0833,6520,0.388,0.3823,-0.0665,1.2294,10.204,0,walk
14.0853,6521,0.3869,0.381,-0.0671,0.6879,10.162,0,walk
14.0875,6522,0.387,0.3814,-0.0656,0.697,10.294,0,walk
14.0895,6523,0.3857,0.38,-0.0662,0.6649,10.264,0,walk
14.0918,6524,0.3857,0.3802,-0.0647,1.2883,10.416,0,walk
14.0938,6525,0.3843,0.3787,-0.0654,0.6799,10.393,0,walk
14.0959,6526,0.3844,0.379,-0.064,0.6803,10.578,0,walk
14.0979,6527,0.3825,0.377,-0.065,0.6662,10.523,0,walk
14.1,6528,0.3826,0.3773,-0.0636,0.681,10.686,0,walk
14.1021,6529,0.3813,0.3759,-0.0642,0.6598,10.651,0,walk
14.1042,6530,0.3814,0.3762,-0.0627,1.4087,10.801,0,walk
14.1063,6531,0.3801,0.3747,-0.0634,0.6759,10.748,0,walk
14.1083,6532,0.3807,0.3757,-0.0615,1.4098,10.913,0,walk
14.1104,6533,0.3788,0.3736,-0.0624,0.6812,10.876,0,walk
14.1125,6534,0.3789,0.374,-0.0609,0.6829,11.011,0,walk
14.1146,6535,0.3776,0.3726,-0.0615,0.6845,10.97,0,walk
14.1167,6536,0.3778,0.373,-0.0599,0.984,11.044,0,walk
14.1188,6537,0.3765,0.3716,-0.0605,0.6658,10.977,0,walk
14.1209,6538,0.3765,0.3719,-0.059,0.2918,11.081,0,walk
14.1229,6539,0.3746,0.3697,-0.06,0.6714,11.031,0,walk
14.125,6540,0.3746,0.37,-0.0584,1.29,11.177,0,walk
14.1271,6541,0.3732,0.3686,-0.059,0.687,11.124,0,walk
14.1292,6542,0.3733,0.3688,-0.0574,1.0959,11.232,0,walk
14.1312,6543,0.372,0.3674,-0.0581,0.6838,11.173,0,walk
14.1333,6544,0.372,0.3677,-0.0565,0.7459,11.305,0,walk
14.1353,6545,0.3707,0.3662,-0.0572,0.6722,11.242,0,walk
14.1375,6546,0.3707,0.3665,-0.0556,1.3505,11.384,0,walk
14.1395,6547,0.3694,0.3651,-0.0562,0.6821,11.283,0,walk
14.1417,6548,0.3694,0.3654,-0.0545,1.2094,11.42,0,walk
14.1437,6549,0.3681,0.364,-0.0552,0.6834,11.348,0,walk
14.1458,6550,0.3682,0.3643,-0.0535,0.8842,11.541,0,walk
14.1478,6551,0.3663,0.3622,-0.0544,0.674,11.427,0,walk
14.15,6552,0.3664,0.3625,-0.0529,0.6899,11.546,0,walk
14.1521,6553,0.3651,0.3611,-0.0535,0.6684,11.424,0,walk
14.1543,6554,0.3652,0.3615,-0.0518,1.2682,11.566,0,walk
14.1563,6555,0.3639,0.3601,-0.0524,0.6747,11.523,0,walk
14.1584,6556,0.364,0.3605,-0.0508,0.8964,11.675,0,walk
14.1604,6557,0.3628,0.3591,-0.0514,0.6734,11.586,0,walk
14.1625,6558,0.363,0.3596,-0.0497,1.1146,11.694,0,walk
14.1646,6559,0.3617,0.3582,-0.0503,0.664,11.601,0,walk
14.1667,6560,0.362,0.3587,-0.0485,0.9873,11.838,0,walk
14.1687,6561,0.3607,0.3574,-0.0491,0.6643,11.741,0,walk
14.1708,6562,0.3609,0.3578,-0.0475,0.8412,11.906,0,walk
14.1729,6563,0.3591,0.3558,-0.0484,0.6576,11.704,0,walk
14.175,6564,0.3594,0.3564,-0.0467,0.911,11.854,0,walk
14.177,6565,0.3582,0.3551,-0.0473,0.6416,11.749,0,walk
14.1791,6566,0.3584,0.3555,-0.0455,0.5363,11.916,0,walk
14.1812,6567,0.3572,0.3542,-0.0461,0.6692,11.808,0,walk
14.1833,6568,0.3575,0.3547,-0.0445,0.6774,11.918,0,walk
14.1853,6569,0.3563,0.3535,-0.045,0.6408,11.807,0,walk
14.1875,6570,0.3567,0.354,-0.0434,0.9141,11.861,0,walk
14.1896,6571,0.3555,0.3528,-0.044,0.6307,11.746,0,walk
14.1917,6572,0.3559,0.3534,-0.0422,1.3453,11.947,0,walk
14.1937,6573,0.3547,0.3521,-0.0427,0.6456,11.831,0,walk
14.196,6574,0.3551,0.3528,-0.041,0.7578,11.98,0,walk
14.198,6575,0.3534,0.3509,-0.0418,0.6235,11.744,0,walk
14.2002,6576,0.3539,0.3516,-0.0401,0.9706,11.861,0,walk
14.2022,6577,0.3527,0.3504,-0.0406,0.6249,11.801,0,walk
14.2044,6578,0.3537,0.3516,-0.0386,0.8723,11.997,0,walk
14.2065,6579,0.352,0.3498,-0.0394,0.6257,11.815,0,walk
14.2087,6580,0.3525,0.3505,-0.0377,0.6669,11.921,0,walk
14.2108,6581,0.3514,0.3493,-0.0383,0.6211,11.798,0,walk
14.2129,6582,0.3519,0.35,-0.0365,0.9165,11.996,0,walk
14.215,6583,0.3502,0.3482,-0.0374,0.609,11.81,0,walk
14.2171,6584,0.3508,0.349,-0.0356,1.0097,11.986,0,walk
14.2192,6585,0.3497,0.3479,-0.0362,0.5986,11.798,0,walk
14.2213,6586,0.3504,0.3488,-0.0343,0.941,11.974,0,walk
14.2233,6587,0.3494,0.3476,-0.0349,0.5875,11.91,0,walk
14.2253,6588,0.3501,0.3485,-0.033,1.0521,12.091,0,walk
14.2275,6589,0.349,0.3473,-0.0336,0.5887,11.963,0,walk
14.2294,6590,0.3495,0.348,-0.0319,2.121,12.129,0,walk
14.2315,6591,0.3484,0.3469,-0.0325,0.599,11.936,0,walk
14.2335,6592,0.349,0.3477,-0.0307,1.1281,12.092,0,walk
14.2356,6593,0.348,0.3466,-0.0313,0.5951,12.027,0,walk
14.2377,6594,0.3487,0.3474,-0.0295,1.0045,12.183,0,walk
14.2397,6595,0.3476,0.3463,-0.0302,0.5882,12.053,0,walk
14.2418,6596,0.3483,0.3471,-0.0283,1.0512,12.147,0,walk
14.2438,6597,0.3467,0.3454,-0.0293,0.5848,11.951,0,walk
14.2459,6598,0.3474,0.3463,-0.0275,0.6048,12.165,0,walk
14.2479,6599,0.3463,0.3452,-0.0281,0.5846,12.033,0,walk
14.25,6600,0.347,0.346,-0.0263,0.8977,12.182,0,walk
14.252,6601,0.346,0.3449,-0.027,0.5763,11.985,0,walk
14.2541,6602,0.3473,0.3464,-0.0248,0.8211,12.199,0,walk
14.2562,6603,0.3458,0.3448,-0.0258,0.5596,12.001,0,walk
14.2584,6604,0.3466,0.3458,-0.0239,1.158,12.231,0,walk
14.2604,6605,0.3456,0.3447,-0.0246,0.5665,12.099,0,walk
14.2625,6606,0.347,0.3463,-0.0224,0.7498,12.335,0,walk
14.2646,6607,0.3455,0.3447,-0.0234,0.5476,12.07,0,walk
14.2667,6608,0.3465,0.3458,-0.0215,0.8228,12.236,0,walk
14.2687,6609,0.3455,0.3448,-0.0221,0.5385,12.17,0,walk
14.2709,6610,0.346,0.3454,-0.0206,0.7331,12.27,0,walk
14.2729,6611,0.345,0.3443,-0.0213,0.5387,12.137,0,walk
14.275,6612,0.3466,0.3462,-0.0182,1.0024,12.667,0,walk
14.277,6613,0.3451,0.3446,-0.0193,0.6182,12.464,0,walk
14.2791,6614,0.3462,0.3458,-0.0174,2.7283,12.721,0,walk
14.2812,6615,0.3452,0.3447,-0.0181,0.5274,12.585,0,walk
14.2834,6616,0.3464,0.346,-0.0162,0.6681,12.762,0,walk
14.2854,6617,0.3454,0.345,-0.0169,0.5073,12.555,0,walk
14.2875,6618,0.3466,0.3463,-0.015,1.0324,12.703,0,walk
14.2896,6619,0.3456,0.3453,-0.0157,0.5157,12.633,0,walk
14.2917,6620,0.3469,0.3466,-0.0138,0.5187,12.783,0,walk
14.2937,6621,0.3459,0.3456,-0.0146,0.5002,12.641,0,walk
14.2958,6622,0.3471,0.3468,-0.0127,0.5124,12.705,0,walk
14.2979,6623,0.3456,0.3453,-0.0139,0.5146,12.559,0,walk
14.3,6624,0.3468,0.3466,-0.012,0.9133,12.657,0,walk
14.3021,6625,0.3458,0.3456,-0.0128,0.5112,12.51,0,walk
14.3042,6626,0.3475,0.3473,-0.0106,0.5009,12.657,0,walk
14.3063,6627,0.3461,0.3459,-0.0118,0.5069,12.361,0,walk
14.3084,6628,0.3477,0.3476,-0.0096,0.9754,12.51,0,walk
14.3104,6629,0.3463,0.3462,-0.0108,0.5114,12.362,0,walk
14.3125,6630,0.3476,0.3474,-0.009,0.5096,12.421,0,walk
14.3146,6631,0.3466,0.3465,-0.0098,0.4888,12.274,0,walk
14.3167,6632,0.3479,0.3478,-0.008,0.8317,12.318,0,walk
14.3187,6633,0.3469,0.3468,-0.0089,0.4881,12.1,0,walk
14.3208,6634,0.3482,0.3481,-0.0071,0.5548,12.097,0,walk
14.3229,6635,0.3469,0.3468,-0.0083,0.4933,11.954,0,walk
14.325,6636,0.3481,0.348,-0.0067,1.2218,11.913,0,walk
14.327,6637,0.3472,0.3471,-0.0076,0.4611,11.773,0,walk
14.3291,6638,0.3489,0.3489,-0.0056,0.6009,11.761,0,walk
14.3312,6639,0.3476,0.3476,-0.0068,0.4699,11.557,0,walk
14.3333,6640,0.3488,0.3488,-0.0052,0.5956,11.611,0,walk
14.3353,6641,0.3479,0.3479,-0.006,0.469,11.478,0,walk
14.3375,6642,0.3492,0.3491,-0.0045,0.5324,11.424,0,walk
14.3395,6643,0.3483,0.3482,-0.0053,0.4553,11.232,0,walk
14.3417,6644,0.3499,0.3499,-0.0033,1.068,11.251,0,walk
14.3438,6645,0.3486,0.3486,-0.0046,0.4833,11.127,0,walk
14.3458,6646,0.3499,0.3499,-0.0029,0.9068,11.099,0,walk
14.3479,6647,0.3487,0.3486,-0.0042,0.4793,10.925,0,walk
14.3501,6648,0.3504,0.3504,-0.0021,0.6617,10.932,0,walk
14.3521,6649,0.3493,0.3492,-0.0035,0.4819,10.762,0,walk
14.3542,6650,0.3506,0.3506,-0.0018,0.6522,10.817,0,walk
14.3563,6651,0.3498,0.3498,-0.0027,0.4469,10.706,0,walk
14.3584,6652,0.3516,0.3516,-0.0005,0.9462,10.767,0,walk
14.3604,6653,0.3502,0.3502,-0.0019,0.4773,10.551,0,walk
14.3626,6654,0.3516,0.3516,-0.0002,0.4615,10.601,0,walk
14.3646,6655,0.3508,0.3508,-0.0011,0.4346,10.496,0,walk
14.3667,6656,0.3521,0.3521,0.0005,0.7147,10.494,0,walk
14.3688,6657,0.3512,0.3512,-0.0005,0.4372,10.392,0,walk
14.3708,6658,0.3525,0.3525,0.0011,0.4791,10.34,0,walk
14.3729,6659,0.351,0.351,-0.0003,0.4723,10.191,0,walk
14.375,6660,0.3528,0.3528,0.0017,0.6696,10.233,0,walk
14.377,6661,0.3508,0.3508,-0.0004,0.5549,10.137,0,walk
14.3792,6662,0.3523,0.3523,0.0013,0.8219,10.171,0,walk
14.3812,6663,0.35,0.35,-0.001,0.5892,9.99,0,walk
14.3835,6664,0.3509,0.3509,0.0002,0.4116,9.996,0,walk
14.3855,6665,0.3495,0.3495,-0.0007,0.4236,9.955,0,walk
14.3876,6666,0.3504,0.3504,0.0009,0.4385,9.938,0,walk
14.3897,6667,0.3492,0.3492,0.0002,0.4129,9.831,0,walk
14.3918,6668,0.3503,0.3503,0.002,0.4193,9.826,0,walk
14.3938,6669,0.3492,0.3492,0.0014,0.4193,9.795,0,walk
14.396,6670,0.3498,0.3498,0.0028,0.5068,9.779,0,walk
14.398,6671,0.3488,0.3488,0.0023,0.412,9.71,0,walk
14.4001,6672,0.35,0.35,0.0041,0.6576,9.785,0,walk
14.4022,6673,0.349,0.349,0.0034,0.4262,9.767,0,walk
14.4043,6674,0.3507,0.3507,0.0055,0.5746,9.83,0,walk
14.4063,6675,0.3493,0.3492,0.0045,0.4312,9.784,0,walk
14.4084,6676,0.3509,0.3509,0.0065,0.8877,9.832,0,walk
14.4105,6677,0.3494,0.3494,0.0054,0.4339,9.781,0,walk
14.4125,6678,0.3506,0.3505,0.0071,0.9083,9.855,0,walk
14.4146,6679,0.3496,0.3495,0.0063,0.4239,9.832,0,walk
14.4168,6680,0.3507,0.3506,0.0078,0.4384,9.89,0,walk
14.4188,6681,0.349,0.349,0.0065,0.4375,9.846,0,walk
14.421,6682,0.3497,0.3496,0.0081,0.7233,9.769,0,walk
14.423,6683,0.3485,0.3485,0.0072,0.5121,9.757,0,walk
14.4251,6684,0.3495,0.3494,0.0085,1.2284,9.845,0,walk
14.4272,6685,0.3483,0.3482,0.0075,0.4175,9.822,0,walk
14.4295,6686,0.3492,0.3491,0.0088,0.9697,9.904,0,walk
14.4316,6687,0.348,0.3479,0.0079,0.4235,9.868,0,walk
14.4336,6688,0.3489,0.3488,0.009,0.6293,9.95,0,walk
14.4357,6689,0.3477,0.3476,0.008,0.3985,9.938,0,walk
14.4377,6690,0.3486,0.3485,0.0091,0.3881,10.01,0,walk
14.4398,6691,0.3473,0.3472,0.0081,0.4016,9.984,0,walk
14.442,6692,0.3483,0.3482,0.0093,0.8642,10.102,0,walk
14.444,6693,0.3463,0.3462,0.0077,0.4643,10.045,0,walk
14.4461,6694,0.3472,0.3471,0.0087,0.4148,10.145,0,walk
14.4482,6695,0.3458,0.3457,0.0075,0.4116,10.13,0,walk
14.4502,6696,0.3471,0.3469,0.0089,2.4463,10.26,0,walk
14.4523,6697,0.345,0.3449,0.0071,0.496,10.213,0,walk
14.4545,6698,0.3464,0.3463,0.0086,0.5544,10.339,0,walk
14.4565,6699,0.3445,0.3444,0.007,0.4667,10.27,0,walk
14.4586,6700,0.3454,0.3453,0.0081,0.4494,10.409,0,walk
14.4607,6701,0.3442,0.3441,0.0071,0.3998,10.372,0,walk
14.4627,6702,0.345,0.3449,0.0082,0.5898,10.484,0,walk
14.4648,6703,0.3438,0.3438,0.0072,0.4092,10.425,0,walk
14.467,6704,0.345,0.3448,0.0087,1.0021,10.643,0,walk
14.469,6705,0.3432,0.3431,0.0073,0.4397,10.602,0,walk
14.4711,6706,0.344,0.3439,0.0084,2.6492,10.711,0,walk
14.4732,6707,0.3428,0.3427,0.0075,0.4204,10.666,0,walk
14.4752,6708,0.3437,0.3436,0.0086,0.9772,10.759,0,walk
14.4773,6709,0.3425,0.3424,0.0077,0.4175,10.712,0,walk
14.4794,6710,0.3437,0.3436,0.009,0.5409,10.811,0,walk
14.4815,6711,0.3425,0.3424,0.0081,0.3676,10.762,0,walk
14.4836,6712,0.3435,0.3434,0.0094,1.2914,10.905,0,walk
14.4856,6713,0.3423,0.3422,0.0085,0.389,10.854,0,walk
14.4877,6714,0.3432,0.3431,0.0094,2.4829,10.902,0,walk
14.4897,6715,0.342,0.3419,0.0085,0.386,10.848,0,walk
14.4918,6716,0.3427,0.3426,0.0095,0.3482,10.907,0,walk
14.4938,6717,0.3409,0.3408,0.0081,0.4504,10.823,0,walk
14.4959,6718,0.3421,0.342,0.0095,0.4191,10.873,0,walk
14.498,6719,0.3403,0.3402,0.0082,0.4588,10.757,0,walk
14.5,6720,0.3408,0.3407,0.009,1.0079,10.748,0,walk
14.5021,6721,0.3396,0.3395,0.0081,0.4416,10.718,0,walk
14.5042,6722,0.34,0.3399,0.009,0.4442,10.707,0,walk
14.5062,6723,0.3388,0.3387,0.0081,0.4471,10.647,0,walk
14.5083,6724,0.3393,0.3392,0.009,0.9584,10.682,0,walk
14.5104,6725,0.3381,0.338,0.0081,0.4403,10.59,0,walk
14.5126,6726,0.3387,0.3386,0.009,0.4466,10.548,0,walk
14.5146,6727,0.3375,0.3374,0.0081,0.4185,10.517,0,walk
14.5168,6728,0.3385,0.3384,0.0092,2.4897,10.49,0,walk
14.5187,6729,0.3367,0.3366,0.0079,0.4554,10.397,0,walk
14.5209,6730,0.3364,0.3363,0.0083,1.4853,10.251,0,walk
14.523,6731,0.3352,0.3351,0.0074,0.4649,10.188,0,walk
14.525,6732,0.3362,0.3361,0.0087,0.4505,10.205,0,walk
14.5271,6733,0.3344,0.3343,0.0074,0.4703,10.111,0,walk
14.5292,6734,0.3348,0.3347,0.0085,1.4001,10.102,0,walk
14.5313,6735,0.3336,0.3335,0.0076,0.4669,10.009,0,walk
14.5333,6736,0.334,0.3339,0.0086,0.5731,10.012,0,walk
14.5354,6737,0.3328,0.3327,0.0078,0.4586,9.981,0,walk
14.5375,6738,0.3332,0.333,0.0088,0.504,9.96,0,walk
14.5396,6739,0.3319,0.3318,0.008,0.465,9.898,0,walk
14.5417,6740,0.333,0.3328,0.0095,0.94,9.98,0,walk
14.5438,6741,0.3311,0.331,0.0082,0.4932,9.86,0,walk
14.5459,6742,0.3322,0.332,0.01,1.3455,9.987,0,walk
14.5479,6743,0.3297,0.3296,0.0083,0.5675,9.896,0,walk
14.55,6744,0.3314,0.3312,0.0102,2.1683,10.021,0,walk
14.5521,6745,0.3289,0.3288,0.0085,0.535,9.901,0,walk
14.5542,6746,0.3292,0.3291,0.0096,0.8446,9.881,0,walk
14.5562,6747,0.328,0.3279,0.0087,0.4799,9.82,0,walk
14.5584,6748,0.3284,0.3283,0.0099,0.6695,9.875,0,walk
14.5605,6749,0.3272,0.3271,0.009,0.464,9.813,0,walk
14.5626,6750,0.3275,0.3274,0.0101,0.5477,9.827,0,walk
14.5647,6751,0.3263,0.3261,0.0093,0.4739,9.735,0,walk
14.5667,6752,0.3266,0.3264,0.0102,0.9371,9.706,0,walk
14.5688,6753,0.3254,0.3252,0.0094,0.4656,9.675,0,walk
14.5709,6754,0.325,0.3249,0.01,1.2289,9.604,0,walk
14.5729,6755,0.3238,0.3237,0.0092,0.4769,9.541,0,walk
14.575,6756,0.3247,0.3245,0.0104,2.0961,9.546,0,walk
14.5771,6757,0.3228,0.3227,0.0092,0.5013,9.419,0,walk
14.5792,6758,0.323,0.3229,0.0101,1.1818,9.381,0,walk
14.5813,6759,0.3218,0.3217,0.0092,0.4753,9.317,0,walk
14.5834,6760,0.322,0.3219,0.0102,0.6265,9.27,0,walk
14.5854,6761,0.3208,0.3206,0.0093,0.4805,9.205,0,walk
14.5876,6762,0.3209,0.3208,0.0102,0.6562,9.12,0,walk
14.5896,6763,0.3197,0.3196,0.0093,0.4841,9.056,0,walk
14.5917,6764,0.3205,0.3204,0.0107,1.03,9.051,0,walk
14.5938,6765,0.3187,0.3186,0.0094,0.5177,8.955,0,walk
14.5959,6766,0.3189,0.3187,0.0104,0.4874,8.917,0,walk
14.5979,6767,0.317,0.3169,0.009,0.5219,8.792,0,walk
14.6002,6768,0.3173,0.3171,0.0099,0.498,8.761,0,walk
14.6023,6769,0.3161,0.3159,0.009,0.4757,8.7,0,walk
14.6044,6770,0.3162,0.316,0.01,0.6318,8.659,0,walk
14.6064,6771,0.3149,0.3148,0.0091,0.5048,8.601,0,walk
14.6085,6772,0.3151,0.315,0.01,0.4754,8.546,0,walk
14.6105,6773,0.3139,0.3138,0.0091,0.4881,8.489,0,walk
14.6127,6774,0.3142,0.314,0.01,0.4831,8.496,0,walk
14.6147,6775,0.313,0.3128,0.0091,0.476,8.442,0,walk
14.6168,6776,0.3131,0.3129,0.0099,0.7054,8.432,0,walk
14.6189,6777,0.3113,0.3111,0.0086,0.5447,8.329,0,walk
14.621,6778,0.3118,0.3117,0.0103,1.4327,8.151,0,walk
14.623,6779,0.3101,0.3099,0.0089,0.5977,8.101,0,walk
14.6251,6780,0.3102,0.3101,0.0099,1.5985,8.058,0,walk
14.6272,6781,0.309,0.3089,0.009,0.501,8.009,0,walk
14.6293,6782,0.3092,0.309,0.0099,0.5895,7.932,0,walk
14.6313,6783,0.308,0.3079,0.009,0.5017,7.884,0,walk
14.6334,6784,0.3081,0.308,0.0099,0.6644,7.857,0,walk
14.6354,6785,0.3069,0.3068,0.009,0.507,7.81,0,walk
14.6375,6786,0.3074,0.3072,0.0104,0.6851,7.727,0,walk
14.6396,6787,0.3056,0.3054,0.0091,0.6045,7.659,0,walk
14.6418,6788,0.3056,0.3055,0.0101,0.5096,7.581,0,walk
14.6438,6789,0.3039,0.3038,0.0087,0.56,7.517,0,walk
14.6459,6790,0.304,0.3038,0.0096,1.148,7.452,0,walk
14.6479,6791,0.3028,0.3027,0.0087,0.5071,7.409,0,walk
14.65,6792,0.3029,0.3027,0.0097,1.3834,7.345,0,walk
14.6521,6793,0.3018,0.3017,0.0089,0.5181,7.281,0,walk
14.6542,6794,0.302,0.3018,0.01,0.6295,7.213,0,walk
14.6563,6795,0.301,0.3008,0.0092,0.5165,7.191,0,walk
14.6585,6796,0.3012,0.301,0.0103,0.5035,7.122,0,walk
14.6605,6797,0.3001,0.2999,0.0095,0.5071,7.06,0,walk
14.6627,6798,0.3001,0.3,0.0106,0.589,7.004,0,walk
14.6647,6799,0.299,0.2988,0.0099,0.5154,6.984,0,walk
14.6669,6800,0.299,0.2987,0.011,0.9258,6.916,0,walk
14.669,6801,0.2973,0.2971,0.0101,0.5422,6.868,0,walk
14.671,6802,0.2974,0.2972,0.0113,0.5564,6.805,0,walk
14.6731,6803,0.2963,0.2961,0.0107,0.5186,6.798,0,walk
14.6752,6804,0.297,0.2968,0.0122,0.5807,6.793,0,walk
14.6772,6805,0.2953,0.2951,0.0113,0.5155,6.782,0,walk
14.6793,6806,0.2954,0.2952,0.0125,0.8855,6.768,0,walk
14.6813,6807,0.2943,0.294,0.0118,0.5125,6.769,0,walk
14.6834,6808,0.2948,0.2945,0.0133,0.6615,6.741,0,walk
14.6855,6809,0.2929,0.2927,0.0122,0.5671,6.745,0,walk
14.6876,6810,0.293,0.2927,0.0134,0.4875,6.769,0,walk
14.6897,6811,0.2918,0.2915,0.0126,0.4998,6.774,0,walk
14.6918,6812,0.2918,0.2915,0.0138,0.4241,6.779,0,walk
14.6938,6813,0.2899,0.2896,0.0127,0.5359,6.783,0,walk
14.6959,6814,0.2899,0.2896,0.0139,0.6497,6.785,0,walk
14.698,6815,0.2887,0.2884,0.0132,0.5241,6.783,0,walk
14.7,6816,0.2894,0.289,0.0148,1.1186,6.8,0,walk
14.7021,6817,0.2876,0.2873,0.0138,0.5453,6.794,0,walk
14.7042,6818,0.2882,0.2878,0.0152,1.2472,6.79,0,walk
14.7062,6819,0.2865,0.2861,0.0142,0.5445,6.776,0,walk
14.7084,6820,0.2866,0.2862,0.0156,1.1667,6.787,0,walk
14.7105,6821,0.2855,0.2851,0.0149,0.5211,6.774,0,walk
14.7125,6822,0.2856,0.2851,0.0162,0.8245,6.74,0,walk
14.7146,6823,0.2845,0.2841,0.0156,0.5262,6.724,0,walk
14.7169,6824,0.2846,0.2841,0.0169,0.5502,6.703,0,walk
14.719,6825,0.283,0.2825,0.0161,0.5505,6.668,0,walk
14.7211,6826,0.2832,0.2827,0.0174,0.5231,6.69,0,walk
14.7231,6827,0.2821,0.2816,0.0168,0.5055,6.68,0,walk
14.7252,6828,0.2822,0.2816,0.0182,1.1436,6.692,0,walk
14.7272,6829,0.2811,0.2805,0.0176,0.541,6.673,0,walk
14.7293,6830,0.2812,0.2806,0.0189,0.7305,6.689,0,walk
14.7313,6831,0.2801,0.2795,0.0184,0.5116,6.669,0,walk
14.7334,6832,0.2804,0.2797,0.0198,1.0945,6.739,0,walk
14.7354,6833,0.2793,0.2786,0.0192,0.5034,6.717,0,walk
14.7377,6834,0.2795,0.2787,0.0206,0.0513,6.775,0,walk
14.7397,6835,0.2784,0.2777,0.0201,0.5236,6.752,0,walk
14.7418,6836,0.2786,0.2778,0.0215,1.0859,6.775,0,walk
14.7438,6837,0.277,0.2763,0.0207,0.5327,6.749,0,walk
14.7459,6838,0.2776,0.2767,0.0226,1.4417,6.678,0,walk
14.748,6839,0.2761,0.2752,0.0218,0.5802,6.636,0,walk
14.7501,6840,0.2763,0.2753,0.0232,1.3947,6.65,0,walk
14.7522,6841,0.2752,0.2743,0.0226,0.5241,6.605,0,walk
14.7543,6842,0.2754,0.2744,0.0241,1.2798,6.622,0,walk
14.7563,6843,0.2744,0.2734,0.0236,0.5359,6.605,0,walk
14.7585,6844,0.2746,0.2735,0.0251,0.5529,6.612,0,walk
14.7605,6845,0.2736,0.2725,0.0245,0.5307,6.578,0,walk
14.7626,6846,0.2738,0.2725,0.0261,1.4413,6.603,0,walk
14.7647,6847,0.2728,0.2716,0.0256,0.5619,6.568,0,walk
14.7668,6848,0.2732,0.2719,0.0272,0.4966,6.672,0,walk
14.7688,6849,0.2722,0.2709,0.0267,0.4981,6.635,0,walk
14.7709,6850,0.2728,0.2714,0.028,0.4486,6.797,0,walk
14.7729,6851,0.2718,0.2704,0.0275,0.3697,6.739,0,walk
14.775,6852,0.2722,0.2706,0.0291,0.8485,6.8,0,walk
14.7771,6853,0.2712,0.2697,0.0285,0.5311,6.78,0,walk
14.7791,6854,0.272,0.2703,0.0304,0.5361,6.868,0,walk
14.7812,6855,0.2705,0.2689,0.0296,0.5385,6.805,0,walk
14.7834,6856,0.2708,0.269,0.0313,1.4015,6.812,0,walk
14.7854,6857,0.2698,0.268,0.0308,0.5633,6.746,0,walk
14.7875,6858,0.2705,0.2686,0.0327,0.6411,6.769,0,walk
14.7895,6859,0.2691,0.2672,0.0319,0.5712,6.723,0,walk
14.7917,6860,0.2694,0.2673,0.0336,1.1345,6.7,0,walk
14.7937,6861,0.2684,0.2663,0.0331,0.5635,6.653,0,walk
14.7959,6862,0.269,0.2667,0.0347,0.5923,6.657,0,walk
14.7979,6863,0.2675,0.2654,0.0339,0.4923,6.584,0,walk
14.8,6864,0.2681,0.2657,0.0357,1.2371,6.646,0,walk
14.802,6865,0.2671,0.2648,0.0351,0.4954,6.596,0,walk
14.8042,6866,0.2677,0.2652,0.0368,0.5068,6.626,0,walk
14.8062,6867,0.2667,0.2643,0.0362,0.4939,6.551,0,walk
14.8084,6868,0.2672,0.2645,0.0379,0.2579,6.559,0,walk
14.8105,6869,0.2662,0.2636,0.0373,0.514,6.508,0,walk
14.8126,6870,0.2666,0.2638,0.0389,0.5071,6.545,0,walk
14.8146,6871,0.2656,0.2628,0.0384,0.5225,6.494,0,walk
14.8167,6872,0.2665,0.2635,0.0403,1.3584,6.501,0,walk
14.8187,6873,0.265,0.2621,0.0395,0.5419,6.396,0,walk
14.8209,6874,0.2654,0.2622,0.041,0.9643,6.398,0,walk
14.8229,6875,0.2639,0.2608,0.0401,0.5358,6.345,0,walk
14.8251,6876,0.2643,0.261,0.0417,0.8711,6.351,0,walk
14.8271,6877,0.2633,0.2601,0.0411,0.5185,6.299,0,walk
14.8292,6878,0.2638,0.2603,0.0427,0.5397,6.284,0,walk
14.8313,6879,0.2627,0.2593,0.0421,0.5154,6.232,0,walk
14.8335,6880,0.2632,0.2595,0.0437,1.2608,6.25,0,walk
14.8355,6881,0.2621,0.2586,0.0431,0.5216,6.198,0,walk
14.8376,6882,0.2625,0.2587,0.0446,0.1741,6.184,0,walk
14.8396,6883,0.2615,0.2577,0.044,0.5362,6.133,0,walk
14.8417,6884,0.2618,0.2579,0.0454,1.8798,6.049,0,walk
14.8438,6885,0.2608,0.2569,0.0447,0.5181,5.998,0,walk
14.8459,6886,0.2608,0.2567,0.046,1.1631,6.006,0,walk
14.848,6887,0.2597,0.2557,0.0453,0.5029,5.958,0,walk
14.85,6888,0.2603,0.256,0.047,0.994,5.971,0,walk
14.8521,6889,0.2593,0.2551,0.0463,0.4961,5.901,0,walk
14.8542,6890,0.2604,0.2559,0.0482,0.672,5.953,0,walk
14.8563,6891,0.2588,0.2544,0.0472,0.5056,5.908,0,walk
14.8584,6892,0.2593,0.2547,0.0489,0.9148,5.907,0,walk
14.8605,6893,0.2582,0.2537,0.0482,0.5071,5.862,0,walk
14.8626,6894,0.2586,0.2539,0.0494,2.515,5.818,0,walk
14.8647,6895,0.2576,0.2529,0.0487,0.4968,5.775,0,walk
14.8668,6896,0.258,0.2531,0.0502,1.3889,5.778,0,walk
14.8689,6897,0.2564,0.2517,0.0491,0.5164,5.714,0,walk
14.8709,6898,0.2575,0.2524,0.0511,1.1114,5.751,0,walk
14.873,6899,0.2559,0.251,0.05,0.5096,5.668,0,walk
14.875,6900,0.257,0.2517,0.0519,0.4787,5.717,0,walk
14.8771,6901,0.2554,0.2503,0.0508,0.5197,5.655,0,walk
14.8793,6902,0.2559,0.2505,0.0523,0.6529,5.679,0,walk
14.8814,6903,0.2548,0.2495,0.0516,0.5089,5.639,0,walk
14.8834,6904,0.2553,0.2497,0.0532,1.3572,5.683,0,walk
14.8855,6905,0.2542,0.2487,0.0525,0.5202,5.623,0,walk
14.8876,6906,0.2552,0.2494,0.0543,0.9512,5.664,0,walk
14.8897,6907,0.2535,0.2479,0.0532,0.5184,5.604,0,walk
14.8918,6908,0.254,0.248,0.0547,1.3818,5.643,0,walk
14.8939,6909,0.2523,0.2466,0.0536,0.5368,5.583,0,walk
14.8959,6910,0.2528,0.2467,0.0551,0.6852,5.573,0,walk
14.898,6911,0.2517,0.2457,0.0544,0.523,5.511,0,walk
14.9001,6912,0.2521,0.2458,0.0559,0.5281,5.503,0,walk
14.9021,6913,0.2509,0.2448,0.0551,0.5285,5.482,0,walk
14.9043,6914,0.2513,0.2449,0.0566,1.0022,5.479,0,walk
14.9063,6915,0.2502,0.2439,0.0558,0.5415,5.436,0,walk
14.9084,6916,0.2504,0.2438,0.0571,1.8892,5.413,0,walk
14.9104,6917,0.2493,0.2429,0.0563,0.5427,5.37,0,walk
14.9126,6918,0.2497,0.2429,0.0579,1.2752,5.42,0,walk
14.9147,6919,0.2485,0.2419,0.057,0.5401,5.378,0,walk
14.9168,6920,0.249,0.242,0.0586,0.8472,5.407,0,walk
14.9188,6921,0.2472,0.2405,0.0573,0.5429,5.323,0,walk
14.9209,6922,0.2476,0.2405,0.0589,0.9284,5.364,0,walk
14.923,6923,0.2465,0.2395,0.0581,0.5428,5.344,0,walk
14.9256,6924,0.2468,0.2395,0.0596,0.5487,5.372,0,walk
14.9276,6925,0.2456,0.2385,0.0588,0.5489,5.331,0,walk
14.9298,6926,0.246,0.2385,0.0604,0.9831,5.382,0,walk
14.9318,6927,0.2449,0.2375,0.0595,0.5385,5.322,0,walk
14.934,6928,0.2452,0.2374,0.0612,0.7868,5.344,0,walk
14.936,6929,0.2434,0.2359,0.0599,0.5787,5.303,0,walk
14.9381,6930,0.2444,0.2364,0.0619,0.5362,5.373,0,walk
14.9402,6931,0.2426,0.2349,0.0606,0.5513,5.313,0,walk
14.9422,6932,0.2435,0.2353,0.0626,1.3589,5.339,0,walk
14.9443,6933,0.2417,0.2338,0.0613,0.5784,5.284,0,walk
14.9463,6934,0.2422,0.2339,0.0629,0.8128,5.336,0,walk
14.9483,6935,0.2412,0.2331,0.062,0.5696,5.298,0,walk
14.9504,6936,0.2419,0.2334,0.0636,0.6394,5.337,0,walk
14.9525,6937,0.2409,0.2326,0.0627,0.5527,5.273,0,walk
14.9546,6938,0.2413,0.2326,0.0644,1.3559,5.296,0,walk
14.9566,6939,0.2402,0.2317,0.0635,0.5813,5.251,0,walk
14.9588,6940,0.2408,0.2318,0.0651,0.5828,5.273,0,walk
14.9608,6941,0.2397,0.2309,0.0642,0.5478,5.225,0,walk
14.9628,6942,0.2396,0.2305,0.0654,1.0515,5.199,0,walk
14.9649,6943,0.2384,0.2296,0.0644,0.5647,5.175,0,walk
14.967,6944,0.2391,0.2298,0.0662,0.6782,5.18,0,walk
14.969,6945,0.2379,0.2288,0.0652,0.5148,5.131,0,walk
14.9711,6946,0.2389,0.2292,0.0674,1.1801,5.162,0,walk
14.9732,6947,0.237,0.2277,0.0659,0.5765,5.063,0,walk
14.9752,6948,0.2374,0.2276,0.0676,0.7977,5.023,0,walk
14.9773,6949,0.2363,0.2267,0.0668,0.5828,4.998,0,walk
14.9794,6950,0.2368,0.2266,0.0686,0.8024,4.965,0,walk
14.9815,6951,0.2356,0.2257,0.0677,0.5782,4.915,0,walk
14.9836,6952,0.2364,0.2257,0.0704,1.1878,5.045,0,walk
14.9856,6953,0.2344,0.2242,0.0687,0.6876,4.999,0,walk
14.9878,6954,0.2341,0.2235,0.0696,1.7793,4.96,0,walk
14.9899,6955,0.2327,0.2224,0.0684,0.5489,4.901,0,walk
14.9921,6956,0.2331,0.2223,0.0699,1.2175,4.904,0,walk
14.9942,6957,0.2317,0.2212,0.0688,0.5497,4.889,0,walk
14.9962,6958,0.2327,0.2216,0.0711,1.2227,4.887,0,walk
14.9983,6959,0.2307,0.2199,0.0696,0.5981,4.854,0,walk
15.0003,6960,0.2311,0.2198,0.0715,1.214,4.803,0,walk
15.0024,6961,0.2298,0.2187,0.0705,0.586,4.793,0,walk
15.0046,6962,0.2302,0.2185,0.0724,0.7094,4.756,0,walk
15.0066,6963,0.2289,0.2175,0.0714,0.5831,4.751,0,walk
15.0087,6964,0.2294,0.2173,0.0734,1.2992,4.692,0,walk
15.0108,6965,0.2281,0.2163,0.0724,0.5911,4.691,0,walk
15.0128,6966,0.2282,0.2158,0.0742,2.0526,4.56,0,walk
15.0149,6967,0.226,0.2141,0.0726,0.5878,4.561,0,walk
15.017,6968,0.2263,0.2137,0.0745,1.1827,4.497,0,walk
15.0191,6969,0.2248,0.2125,0.0734,0.6129,4.499,0,walk
15.0212,6970,0.225,0.212,0.0753,0.5674,4.399,0,walk
15.0232,6971,0.2235,0.2108,0.0741,0.6162,4.404,0,walk
15.0255,6972,0.2237,0.2104,0.0761,1.1905,4.325,0,walk
15.0275,6973,0.2222,0.2092,0.0749,0.6146,4.327,0,walk
15.0297,6974,0.2225,0.2088,0.0769,1.16,4.248,0,walk
15.0318,6975,0.221,0.2076,0.0758,0.6135,4.254,0,walk
15.0339,6976,0.2206,0.2067,0.0772,0.6763,4.196,0,walk
15.036,6977,0.2191,0.2055,0.0761,0.586,4.203,0,walk
15.0381,6978,0.2195,0.2051,0.0781,1.2127,4.124,0,walk
15.0401,6979,0.2179,0.2039,0.077,0.6088,4.132,0,walk
15.0423,6980,0.2184,0.2036,0.0791,1.0158,4.091,0,walk
15.0443,6981,0.2168,0.2023,0.078,0.6004,4.1,0,walk
15.0464,6982,0.2172,0.202,0.08,0.1239,4.025,0,walk
15.0484,6983,0.2156,0.2007,0.0789,0.6105,4.034,0,walk
15.0505,6984,0.2161,0.2003,0.081,1.182,3.955,0,walk
15.0525,6985,0.2145,0.1991,0.0798,0.6111,3.965,0,walk
15.0546,6986,0.2157,0.1993,0.0825,1.1984,3.873,0,walk
15.0567,6987,0.2133,0.1974,0.0808,0.5376,3.892,0,walk
15.0589,6988,0.2137,0.1969,0.083,0.873,3.798,0,walk
15.0609,6989,0.2112,0.195,0.0812,0.5283,3.808,0,walk
15.0631,6990,0.2116,0.1945,0.0834,1.1635,3.71,0,walk
15.0652,6991,0.21,0.1932,0.0822,0.6193,3.72,0,walk
15.0674,6992,0.2103,0.1926,0.0844,0.4389,3.582,0,walk
15.0694,6993,0.2086,0.1913,0.0832,0.6111,3.596,0,walk
15.0716,6994,0.209,0.1907,0.0855,1.2236,3.462,0,walk
15.0736,6995,0.2073,0.1894,0.0843,0.6055,3.467,0,walk
15.0758,6996,0.2077,0.1888,0.0866,1.0591,3.38,0,walk
15.0778,6997,0.2052,0.1868,0.0848,0.4952,3.393,0,walk
15.08,6998,0.2056,0.1862,0.0872,1.1823,3.278,0,walk
15.0821,6999,0.2039,0.1849,0.086,0.5981,3.286,0,walk
15.0843,7000,0.2044,0.1843,0.0883,0.6812,3.196,0,walk
15.0877,7001,0.2049,0.1837,0.0907,0.9379,3.109,0,walk
15.0897,7002,0.2023,0.1817,0.0889,0.4767,3.121,0,walk
15.0919,7003,0.2027,0.181,0.0913,0.856,3.045,0,walk
15.0939,7004,0.2001,0.1789,0.0895,0.4625,3.056,0,walk
15.0962,7005,0.2005,0.1782,0.0919,0.8883,2.956,0,walk
15.0982,7006,0.1987,0.1768,0.0907,0.5595,2.963,1,walk
15.1004,7007,0.1991,0.176,0.0931,0.903,2.873,1,walk
15.1025,7008,0.1973,0.1746,0.0919,0.55,2.883,1,walk
15.1047,7009,0.1978,0.1739,0.0943,1.1754,2.816,1,walk
15.1068,7010,0.196,0.1724,0.0931,0.5408,2.819,1,walk
15.109,7011,0.1954,0.1709,0.0949,0.1438,2.753,1,walk
15.111,7012,0.1936,0.1694,0.0936,0.5242,2.759,1,walk
15.1131,7013,0.194,0.1686,0.096,1.0657,2.712,1,walk
15.1151,7014,0.1922,0.1671,0.0948,0.5144,2.721,1,walk
15.1174,7015,0.1926,0.1663,0.0973,1.1359,2.666,1,walk
15.1194,7016,0.1907,0.1648,0.0961,0.5092,2.668,1,walk
15.1216,7017,0.1913,0.1639,0.0985,0.8162,2.648,1,walk
15.1237,7018,0.1894,0.1625,0.0973,0.4949,2.653,1,walk
15.1258,7019,0.1899,0.1616,0.0998,0.8292,2.622,1,walk
15.1278,7020,0.187,0.1593,0.0979,0.3644,2.629,1,walk
15.13,7021,0.1875,0.1583,0.1004,1.0152,2.608,1,walk
15.1321,7022,0.1856,0.1568,0.0992,0.4744,2.612,1,walk
15.1343,7023,0.1862,0.1559,0.1017,1.1433,2.608,1,walk
15.1377,7024,0.1867,0.1549,0.1043,0.4068,2.6,1,walk
15.1397,7025,0.1838,0.1526,0.1024,0.3267,2.604,1,walk
15.1419,7026,0.1834,0.1508,0.1043,0.7166,2.612,1,walk
15.144,7027,0.1814,0.1492,0.1031,0.4314,2.615,1,walk
15.1461,7028,0.182,0.1482,0.1056,0.9633,2.618,1,walk
15.1482,7029,0.18,0.1466,0.1043,0.4271,2.621,1,walk
15.1505,7030,0.1806,0.1456,0.1069,1.1701,2.649,1,walk
15.1526,7031,0.1786,0.144,0.1056,0.4213,2.649,1,walk
15.1547,7032,0.1792,0.1429,0.1081,0.9699,2.688,1,walk
15.1568,7033,0.1772,0.1413,0.1069,0.4031,2.688,1,walk
15.159,7034,0.1778,0.1402,0.1093,0.2434,2.726,1,walk
15.1611,7035,0.1748,0.1378,0.1075,0.2474,2.725,1,walk
15.1632,7036,0.1754,0.1367,0.1099,0.9403,2.76,1,walk
15.1653,7037,0.1734,0.1351,0.1087,0.3764,2.758,1,walk
15.1675,7038,0.174,0.1339,0.111,0.2263,2.783,1,walk
15.1695,7039,0.1719,0.1323,0.1098,0.3645,2.781,1,walk
15.1716,7040,0.1726,0.1312,0.1122,1.0478,2.838,1,walk
15.1737,7041,0.1705,0.1295,0.1109,0.3548,2.836,1,walk
15.1758,7042,0.1713,0.1284,0.1133,1.0988,2.879,1,walk
15.1778,7043,0.1682,0.126,0.1115,0.2032,2.876,1,walk
15.1799,7044,0.169,0.1248,0.114,1.1165,2.951,1,walk
15.182,7045,0.167,0.1232,0.1127,0.3422,2.949,1,walk
15.1841,7046,0.1678,0.1221,0.1151,0.5052,3.014,1,walk
15.1861,7047,0.1657,0.1205,0.1138,0.3283,3.013,1,walk
15.1882,7048,0.1664,0.1194,0.116,1.5631,3.078,1,walk
15.1903,7049,0.1644,0.1178,0.1147,0.3097,3.077,1,walk
15.1924,7050,0.1652,0.1167,0.1169,1.186,3.14,1,walk
15.1944,7051,0.1631,0.1151,0.1156,0.3022,3.139,1,walk
15.1966,7052,0.1638,0.1139,0.1178,0.6061,3.188,1,walk
15.1986,7053,0.1618,0.1123,0.1165,0.2948,3.186,1,walk
15.2007,7054,0.1636,0.1119,0.1193,0.9332,3.256,1,walk
15.2028,7055,0.1605,0.1095,0.1174,0.1408,3.257,1,walk
15.205,7056,0.1604,0.1076,0.119,1.1905,3.326,1,walk
15.207,7057,0.1584,0.106,0.1177,0.2741,3.327,1,walk
15.2091,7058,0.1601,0.1055,0.1205,0.5573,3.388,1,walk
15.2112,7059,0.1571,0.1031,0.1185,0.1161,3.393,1,walk
15.2132,7060,0.1579,0.1019,0.1206,0.841,3.448,1,walk
15.2153,7061,0.1559,0.1003,0.1193,0.2545,3.452,1,walk
15.2174,7062,0.1568,0.0992,0.1214,0.973,3.51,1,walk
15.2195,7063,0.1548,0.0977,0.1201,0.2488,3.514,1,walk
15.2216,7064,0.1557,0.0965,0.1222,0.5628,3.572,1,walk
15.2237,7065,0.1538,0.095,0.1209,0.2424,3.581,1,walk
15.2257,7066,0.1546,0.0938,0.1229,0.0858,3.636,1,walk
15.2278,7067,0.1527,0.0923,0.1216,0.2315,3.643,1,walk
15.2299,7068,0.1536,0.0911,0.1236,1.03,3.695,1,walk
15.2319,7069,0.1507,0.0888,0.1217,0.0685,3.706,1,walk
15.234,7070,0.1526,0.0884,0.1244,0.8586,3.73,1,walk
15.236,7071,0.1497,0.0861,0.1225,0.0618,3.746,1,walk
15.2381,7072,0.1507,0.0851,0.1244,0.2678,3.785,1,walk
15.2402,7073,0.1488,0.0835,0.1232,0.2045,3.789,1,walk
15.2423,7074,0.1498,0.0824,0.1251,0.8573,3.83,1,walk
15.2443,7075,0.148,0.0809,0.1239,0.2017,3.834,1,walk
15.2464,7076,0.1499,0.0806,0.1264,0.8144,3.865,1,walk
15.2484,7077,0.1471,0.0785,0.1245,0.0595,3.856,1,walk
15.2505,7078,0.1483,0.0776,0.1264,0.5212,3.869,1,walk
15.2526,7079,0.1467,0.0765,0.1252,0.2757,3.862,1,walk
15.2548,7080,0.1479,0.0761,0.1268,0.7389,3.87,1,walk
15.2568,7081,0.1461,0.0753,0.1251,0.2915,3.879,1,walk
15.2589,7082,0.1462,0.0748,0.1256,0.5478,3.934,1,walk
15.261,7083,0.1444,0.0741,0.1239,0.3136,3.948,1,walk
15.263,7084,0.1455,0.0739,0.1253,0.4948,3.996,1,walk
15.2651,7085,0.1437,0.0732,0.1237,0.2981,4.059,1,walk
15.2672,7086,0.1457,0.0733,0.1259,0.7059,4.111,1,walk
15.2692,7087,0.1432,0.0721,0.1238,0.2026,4.165,1,walk
15.2713,7088,0.1451,0.072,0.1259,1.1302,4.214,1,walk
15.2733,7089,0.1436,0.0711,0.1247,0.2763,4.268,1,walk
15.2754,7090,0.1454,0.071,0.1269,2.3713,4.286,1,walk
15.2774,7091,0.1432,0.0695,0.1251,0.125,4.384,1,walk
15.2795,7092,0.1448,0.0692,0.1272,1.2375,4.387,1,walk
15.2816,7093,0.1433,0.0681,0.1261,0.2532,4.429,1,walk
15.2837,7094,0.1454,0.0681,0.1285,2.2698,4.441,1,walk
15.2857,7095,0.1433,0.0666,0.1269,0.1001,4.494,1,walk
15.2878,7096,0.1447,0.066,0.1287,1.0764,4.528,1,walk
15.2898,7097,0.1432,0.065,0.1277,0.2353,4.552,1,walk
15.292,7098,0.1446,0.0645,0.1294,0.6663,4.531,1,walk
15.294,7099,0.1425,0.0629,0.1278,0.0806,4.558,1,walk
15.2961,7100,0.144,0.0624,0.1298,1.2649,4.554,1,walk
15.2981,7101,0.1426,0.0614,0.1287,0.2337,4.569,1,walk
15.3003,7102,0.1439,0.061,0.1304,2.6466,4.563,1,walk
15.3024,7103,0.1425,0.06,0.1293,0.2246,4.565,1,walk
15.3045,7104,0.1441,0.0595,0.1312,1.2663,4.568,1,walk
15.3066,7105,0.1427,0.0586,0.1302,0.2384,4.565,1,walk
15.3087,7106,0.1439,0.0582,0.1316,2.6064,4.597,1,walk
15.3108,7107,0.1425,0.0572,0.1305,0.2204,4.584,1,walk
15.3129,7108,0.1435,0.0564,0.132,1.2592,4.574,1,walk
15.3149,7109,0.1422,0.0555,0.1309,0.2378,4.56,1,walk
15.3171,7110,0.1433,0.0552,0.1322,2.6002,4.554,1,walk
15.3191,7111,0.142,0.0543,0.1312,0.217,4.536,1,walk
15.3213,7112,0.1437,0.054,0.1332,1.2404,4.492,1,walk
15.3233,7113,0.1424,0.0532,0.1321,0.2342,4.47,1,walk
15.3255,7114,0.1438,0.053,0.1337,2.6582,4.463,1,walk
15.3275,7115,0.1425,0.0521,0.1326,0.2236,4.438,1,walk
15.3297,7116,0.1437,0.0519,0.134,1.1436,4.426,1,walk
15.3318,7117,0.1424,0.051,0.1329,0.2191,4.385,1,walk
15.3339,7118,0.1432,0.0504,0.1341,1.3068,4.347,1,walk
15.3359,7119,0.1419,0.0496,0.1329,0.2183,4.317,1,walk
15.3381,7120,0.1429,0.0494,0.1341,2.5638,4.303,1,walk
15.3401,7121,0.1415,0.0486,0.1329,0.2039,4.272,1,walk
15.3422,7122,0.1432,0.0484,0.1348,1.2599,4.216,1,walk
15.3443,7123,0.1418,0.0476,0.1336,0.2251,4.2,1,walk
15.3464,7124,0.1428,0.0475,0.1346,2.5544,4.167,1,walk
15.3485,7125,0.1414,0.0467,0.1335,0.1948,4.134,1,walk
15.3506,7126,0.1437,0.0469,0.1358,1.2756,4.115,1,walk
15.3526,7127,0.1416,0.0457,0.134,0.0989,4.047,1,walk
15.3547,7128,0.1425,0.0455,0.1351,2.571,4.027,1,walk
15.3568,7129,0.1411,0.0448,0.1338,0.1884,3.993,1,walk
15.3589,7130,0.1427,0.0446,0.1356,1.2732,3.968,1,walk
15.3609,7131,0.1405,0.0435,0.1336,0.094,3.9,1,walk
15.363,7132,0.1424,0.0437,0.1355,2.629,3.89,1,walk
15.3651,7133,0.1402,0.0425,0.1336,0.067,3.856,1,walk
15.3672,7134,0.141,0.0424,0.1345,2.5589,3.801,1,walk
15.3692,7135,0.1395,0.0417,0.1331,0.1609,3.768,1,walk
15.3713,7136,0.1409,0.0416,0.1346,1.2755,3.757,1,walk
15.3733,7137,0.1393,0.0408,0.1332,0.1785,3.711,1,walk
15.3754,7138,0.1403,0.0407,0.1343,2.6256,3.669,1,walk
15.3775,7139,0.1387,0.0399,0.1328,0.1569,3.654,1,walk
15.3795,7140,0.1402,0.0401,0.1343,2.5024,3.593,1,walk
15.3816,7141,0.1378,0.039,0.1321,0.065,3.552,1,walk
15.3838,7142,0.1388,0.0388,0.1332,1.3747,3.506,1,walk
15.3858,7143,0.1371,0.0381,0.1317,0.1473,3.47,1,walk
15.388,7144,0.1377,0.0377,0.1324,1.2934,3.488,1,walk
15.39,7145,0.136,0.0369,0.1309,0.1569,3.468,1,walk
15.3921,7146,0.1371,0.0372,0.132,2.4686,3.503,1,walk
15.3941,7147,0.1346,0.036,0.1297,0.0805,3.475,1,walk
15.3962,7148,0.1363,0.0363,0.1314,1.3796,3.492,1,walk
15.3982,7149,0.1338,0.0352,0.1291,0.1038,3.469,1,walk
15.4003,7150,0.1348,0.0352,0.1301,0.8393,3.483,1,walk
15.4023,7151,0.1331,0.0344,0.1286,0.1233,3.471,1,walk
15.4044,7152,0.134,0.0343,0.1295,0.5099,3.476,1,walk
15.4065,7153,0.1323,0.0336,0.128,0.1273,3.466,1,walk
15.4086,7154,0.1333,0.0336,0.129,1.1226,3.504,1,walk
15.4107,7155,0.1316,0.0329,0.1274,0.1252,3.497,1,walk
15.4127,7156,0.1326,0.0329,0.1284,0.6525,3.513,1,walk
15.4148,7157,0.1309,0.0322,0.1269,0.1271,3.507,1,walk
15.4169,7158,0.131,0.0319,0.1271,0.7256,3.552,1,walk
15.4189,7159,0.1294,0.0312,0.1256,0.1246,3.548,1,walk
15.4211,7160,0.1304,0.0313,0.1266,0.7801,3.585,1,walk
15.4231,7161,0.1287,0.0306,0.125,0.1233,3.584,1,walk
15.4253,7162,0.1296,0.0306,0.1259,0.4802,3.62,1,walk
15.4274,7163,0.1279,0.03,0.1243,0.1197,3.62,1,walk
15.4296,7164,0.1289,0.03,0.1254,1.3553,3.667,1,walk
15.4316,7165,0.1272,0.0294,0.1238,0.128,3.67,1,walk
15.4338,7166,0.1282,0.0295,0.1248,0.8091,3.717,1,walk
15.4358,7167,0.1257,0.0285,0.1224,0.1483,3.72,1,walk
15.438,7168,0.1273,0.0289,0.124,1.1941,3.777,1,walk
15.44,7169,0.1247,0.0279,0.1216,0.1421,3.781,1,walk
15.4421,7170,0.1263,0.0284,0.123,0.7793,3.866,1,walk
15.4442,7171,0.1237,0.0274,0.1206,0.1477,3.871,1,walk
15.4463,7172,0.1253,0.0278,0.1222,1.4083,3.937,1,walk
15.4483,7173,0.1228,0.0269,0.1198,0.1612,3.939,1,walk
15.4504,7174,0.1232,0.0271,0.1202,2.2334,4.039,1,walk
15.4525,7175,0.1215,0.0265,0.1185,0.0736,4.04,1,walk
15.4546,7176,0.1224,0.0265,0.1195,1.4054,4.091,1,walk
15.4567,7177,0.1207,0.0259,0.1179,0.1094,4.093,1,walk
15.4588,7178,0.1216,0.0259,0.1188,0.6862,4.113,1,walk
15.4609,7179,0.119,0.0249,0.1164,0.1607,4.115,1,walk
15.463,7180,0.1207,0.0253,0.1181,0.7585,4.174,1,walk
15.465,7181,0.1182,0.0243,0.1157,0.1569,4.175,1,walk
15.4673,7182,0.12,0.0247,0.1174,1.1911,4.244,1,walk
15.4693,7183,0.1174,0.0237,0.115,0.159,4.245,1,walk
15.4716,7184,0.1184,0.0238,0.116,1.0943,4.287,1,walk
15.4736,7185,0.1167,0.0231,0.1144,0.0938,4.289,1,walk
15.4757,7186,0.1177,0.0233,0.1154,1.0569,4.322,1,walk
15.4778,7187,0.1161,0.0226,0.1138,0.0928,4.324,1,walk
15.4799,7188,0.1169,0.0227,0.1147,1.6315,4.387,1,walk
15.482,7189,0.1144,0.0217,0.1123,0.1606,4.389,1,walk
15.484,7190,0.1164,0.0221,0.1142,1.3362,4.431,1,walk
15.4861,7191,0.1141,0.0212,0.1121,0.1391,4.434,1,walk
15.4882,7192,0.116,0.0217,0.114,1.3835,4.493,1,walk
15.4902,7193,0.1143,0.0209,0.1123,0.0606,4.492,1,walk
15.4925,7194,0.1157,0.0212,0.1138,0.6527,4.547,1,walk
15.4946,7195,0.1146,0.0207,0.1128,0.141,4.545,1,walk
15.4966,7196,0.1162,0.0209,0.1143,1.3453,4.585,1,walk
15.499,7197,0.1178,0.0212,0.1158,0.1258,4.605,1,walk
15.5008,7198,0.1165,0.0207,0.1146,0.9705,4.604,1,walk
15.5032,7199,0.1172,0.0207,0.1154,0.0983,4.645,1,walk
15.5051,7200,0.1158,0.0203,0.114,0.2227,4.643,1,walk
15.5074,7201,0.1172,0.0207,0.1154,0.1498,4.659,1,walk
15.5092,7202,0.1158,0.0204,0.114,1.3225,4.655,1,walk
15.5115,7203,0.1171,0.0209,0.1153,0.1628,4.69,1,walk
15.5133,7204,0.1158,0.0206,0.1139,0.3477,4.68,1,walk
15.5153,7205,0.1144,0.0204,0.1126,0.1752,4.664,1,walk
15.5174,7206,0.1159,0.021,0.114,1.2855,4.682,1,walk
15.5194,7207,0.1146,0.0208,0.1127,0.1867,4.677,1,walk
15.5215,7208,0.1162,0.0215,0.1142,1.2624,4.691,1,walk
15.5235,7209,0.1148,0.0213,0.1129,0.1912,4.68,1,walk
15.5256,7210,0.1164,0.0219,0.1143,0.5848,4.705,1,walk
15.5277,7211,0.115,0.0217,0.1129,0.1844,4.7,1,walk
15.5297,7212,0.1165,0.0223,0.1143,1.2902,4.703,1,walk
15.5318,7213,0.115,0.022,0.1129,0.183,4.694,1,walk
15.5338,7214,0.1166,0.0226,0.1143,0.9897,4.727,1,walk
15.5359,7215,0.1151,0.0223,0.1129,0.1761,4.724,1,walk
15.5379,7216,0.116,0.0227,0.1137,1.1531,4.73,1,walk
15.54,7217,0.1146,0.0223,0.1124,0.1728,4.729,1,walk
15.542,7218,0.1163,0.0228,0.114,0.585,4.757,1,walk
15.5441,7219,0.115,0.0224,0.1128,0.1683,4.758,1,walk
15.5461,7220,0.1167,0.0229,0.1144,0.6375,4.804,1,walk
15.5482,7221,0.1153,0.0225,0.1131,0.1624,4.809,1,walk
15.5503,7222,0.117,0.023,0.1147,1.2905,4.843,1,walk
15.5523,7223,0.1156,0.0225,0.1134,0.1596,4.853,1,walk
15.5543,7224,0.1172,0.023,0.1149,0.4919,4.897,1,walk
15.5565,7225,0.1158,0.0225,0.1136,0.154,4.902,1,walk
15.5586,7226,0.1176,0.0229,0.1153,1.2403,4.946,1,walk
15.5606,7227,0.1161,0.0224,0.114,0.1527,4.955,1,walk
15.5627,7228,0.1179,0.0228,0.1157,1.0451,4.998,1,walk
15.5647,7229,0.1165,0.0223,0.1144,0.1517,5.01,1,walk
15.5668,7230,0.1183,0.0227,0.1161,0.7199,5.057,1,walk
15.5688,7231,0.1162,0.022,0.1141,0.148,5.076,1,walk
15.5709,7232,0.118,0.0224,0.1159,1.1638,5.131,1,walk
15.5729,7233,0.1166,0.0218,0.1145,0.1454,5.152,1,walk
15.575,7234,0.1184,0.0222,0.1163,0.1115,5.211,1,walk
15.577,7235,0.117,0.0217,0.115,0.141,5.218,1,walk
15.5792,7236,0.1187,0.022,0.1167,0.3703,5.307,1,walk
15.5812,7237,0.1174,0.0215,0.1154,0.139,5.322,1,walk
15.5833,7238,0.1192,0.0218,0.1172,1.2709,5.409,1,walk
15.5853,7239,0.1179,0.0213,0.1159,0.1403,5.424,1,walk
15.5875,7240,0.1198,0.0217,0.1178,1.2462,5.483,1,walk
15.5895,7241,0.1184,0.0211,0.1165,0.1461,5.496,1,walk
15.5916,7242,0.1211,0.0218,0.1191,1.2081,5.558,1,walk
15.5936,7243,0.1191,0.021,0.1172,0.131,5.582,1,walk
15.5958,7244,0.1211,0.0214,0.1192,0.6808,5.656,1,walk
15.5978,7245,0.1191,0.0206,0.1173,0.1254,5.666,1,walk
15.6001,7246,0.121,0.021,0.1192,0.5634,5.747,1,walk
15.6021,7247,0.1197,0.0205,0.1179,0.1407,5.755,1,walk
15.6042,7248,0.1217,0.0209,0.1199,1.2003,5.841,1,walk
15.6063,7249,0.1204,0.0203,0.1187,0.1441,5.846,1,walk
15.6084,7250,0.1225,0.0207,0.1207,1.1938,5.923,1,walk
15.6105,7251,0.1211,0.0202,0.1194,0.1441,5.926,1,walk
15.6126,7252,0.1232,0.0206,0.1215,0.6235,6.005,1,walk
15.6146,7253,0.1218,0.02,0.1202,0.141,6.006,1,walk
15.6168,7254,0.1239,0.0204,0.1222,0.9847,6.093,1,walk
15.6188,7255,0.1219,0.0195,0.1203,0.111,6.09,1,walk
15.6211,7256,0.1246,0.0203,0.123,0.9378,6.187,1,walk
15.6232,7257,0.1226,0.0194,0.1211,0.1084,6.179,1,walk
15.6254,7258,0.1254,0.0201,0.1237,1.0033,6.281,1,walk
15.6274,7259,0.1233,0.0192,0.1218,0.106,6.265,1,walk
15.6296,7260,0.1261,0.02,0.1246,1.1856,6.359,1,walk
15.6317,7261,0.1241,0.019,0.1226,0.106,6.347,1,walk
15.6338,7262,0.1262,0.0195,0.1247,0.2633,6.432,1,walk
15.6359,7263,0.1242,0.0185,0.1228,0.1012,6.402,1,walk
15.638,7264,0.1263,0.019,0.1248,1.0593,6.49,1,walk
15.6401,7265,0.1249,0.0184,0.1235,0.1295,6.48,1,walk
15.6422,7266,0.127,0.0188,0.1256,0.7674,6.582,1,walk
15.6443,7267,0.1256,0.0182,0.1243,0.1285,6.561,1,walk
15.6464,7268,0.1277,0.0187,0.1264,1.0846,6.654,1,walk
15.6485,7269,0.1264,0.018,0.1251,0.1289,6.618,1,walk
15.6507,7270,0.1284,0.0185,0.1271,0.5789,6.712,1,walk
15.6528,7271,0.127,0.0179,0.1258,0.1244,6.699,1,walk
15.6548,7272,0.1291,0.0184,0.1278,0.8712,6.793,1,walk
15.6569,7273,0.127,0.0174,0.1258,0.0933,6.747,1,walk
15.659,7274,0.1291,0.0179,0.1279,1.1552,6.814,1,walk
15.6611,7275,0.1277,0.0172,0.1266,0.1259,6.779,1,walk
15.6632,7276,0.1306,0.0181,0.1293,1.0632,6.897,1,walk
15.6653,7277,0.1285,0.0171,0.1274,0.0974,6.842,1,walk
15.6675,7278,0.1306,0.0176,0.1294,0.6264,6.92,1,walk
15.6695,7279,0.1292,0.017,0.1281,0.1224,6.861,1,walk
15.6717,7280,0.1313,0.0175,0.1302,1.0449,6.955,1,walk
15.6737,7281,0.1299,0.0169,0.1288,0.1238,6.933,1,walk
15.6758,7282,0.132,0.0174,0.1308,0.5335,7.011,1,walk
15.6779,7283,0.1299,0.0164,0.1288,0.0966,6.944,1,walk
15.68,7284,0.132,0.0169,0.1309,1.1637,7.011,1,walk
15.6821,7285,0.1305,0.0163,0.1295,0.115,6.963,1,walk
15.6842,7286,0.1326,0.0168,0.1316,1.1227,7.072,1,walk
15.6862,7287,0.1312,0.0161,0.1302,0.1177,7.021,1,walk
15.6883,7288,0.1333,0.0167,0.1322,0.5862,7.114,1,walk
15.6903,7289,0.1318,0.0161,0.1309,0.1131,7.062,1,walk
15.6924,7290,0.134,0.0167,0.1329,1.1307,7.126,1,walk
15.6944,7291,0.1325,0.016,0.1315,0.1147,7.071,1,walk
15.6966,7292,0.1346,0.0166,0.1336,0.654,7.174,1,walk
15.6986,7293,0.1331,0.0159,0.1322,0.1126,7.117,1,walk
15.7007,7294,0.1353,0.0166,0.1343,1.1313,7.215,1,walk
15.7027,7295,0.1338,0.0159,0.1329,0.1161,7.126,1,walk
15.7048,7296,0.1359,0.0165,0.1349,0.374,7.213,1,walk
15.7069,7297,0.1337,0.0155,0.1328,0.1129,7.151,1,walk
15.7091,7298,0.1358,0.0161,0.1349,1.0934,7.239,1,walk
15.7112,7299,0.1343,0.0155,0.1334,0.1101,7.174,1,walk
15.7133,7300,0.1365,0.0161,0.1355,0.9479,7.215,1,walk
15.7153,7301,0.1349,0.0154,0.1341,0.1069,7.149,1,walk
15.7176,7302,0.1371,0.0162,0.1361,0.9599,7.261,1,walk
15.7199,7303,0.1392,0.0169,0.1381,0.0998,7.345,1,walk
15.7217,7304,0.1376,0.0162,0.1366,0.5978,7.276,1,walk
15.7237,7305,0.136,0.0155,0.1352,0.1009,7.172,1,walk
15.7258,7306,0.1384,0.0163,0.1374,1.0368,7.273,1,walk
15.7278,7307,0.136,0.0152,0.1351,0.149,7.201,1,walk
15.7299,7308,0.1381,0.016,0.1372,1.4132,7.268,1,walk
15.732,7309,0.1365,0.0153,0.1356,0.1073,7.194,1,walk
15.734,7310,0.1385,0.0161,0.1376,0.4802,7.225,1,walk
15.7361,7311,0.1369,0.0154,0.136,0.1029,7.149,1,walk
15.7381,7312,0.1391,0.0163,0.1381,1.0048,7.242,1,walk
15.7402,7313,0.1374,0.0157,0.1365,0.113,7.203,1,walk
15.7422,7314,0.1396,0.0166,0.1386,0.6187,7.274,1,walk
15.7443,7315,0.1379,0.0159,0.137,0.1152,7.194,1,walk
15.7463,7316,0.14,0.0168,0.139,0.7025,7.204,1,walk
15.7484,7317,0.1383,0.0162,0.1374,0.1156,7.124,1,walk
15.7505,7318,0.1404,0.0171,0.1394,1.0068,7.206,1,walk
15.7525,7319,0.1387,0.0164,0.1377,0.1206,7.125,1,walk
15.7546,7320,0.1409,0.0174,0.1398,1.0011,7.151,1,walk
15.7567,7321,0.1391,0.0168,0.1381,0.1258,7.03,1,walk
15.7587,7322,0.1412,0.0177,0.1401,0.5995,7.049,1,walk
15.7608,7323,0.1395,0.0171,0.1384,0.1267,7.008,1,walk
15.7628,7324,0.1407,0.0178,0.1396,1.0013,6.975,1,walk
15.7649,7325,0.1389,0.0171,0.1379,0.134,6.895,1,walk
15.767,7326,0.141,0.0182,0.1399,0.7224,6.87,1,walk
15.769,7327,0.1393,0.0175,0.1381,0.1375,6.792,1,walk
15.7711,7328,0.1414,0.0186,0.1401,0.8178,6.834,1,walk
15.7731,7329,0.1396,0.018,0.1384,0.1428,6.757,1,walk
15.7752,7330,0.1417,0.0191,0.1404,0.7309,6.737,1,walk
15.7772,7331,0.1399,0.0185,0.1386,0.1466,6.663,1,walk
15.7793,7332,0.142,0.0196,0.1406,0.651,6.591,1,walk
15.7813,7333,0.1401,0.019,0.1388,0.15,6.518,1,walk
15.7834,7334,0.1421,0.0201,0.1407,0.2563,6.501,1,walk
15.7854,7335,0.1403,0.0195,0.1389,0.151,6.43,1,walk
15.7876,7336,0.1424,0.0206,0.1409,0.8719,6.365,1,walk
15.7897,7337,0.1405,0.02,0.1391,0.159,6.263,1,walk
15.7918,7338,0.1426,0.0211,0.141,0.332,6.187,1,walk
15.7939,7339,0.1397,0.0202,0.1383,0.2517,6.119,1,walk
15.7959,7340,0.1416,0.0214,0.14,1.0618,6.054,1,walk
15.798,7341,0.1398,0.0208,0.1382,0.1581,5.988,1,walk
15.8001,7342,0.1428,0.0223,0.141,0.9239,5.901,1,walk
15.8021,7343,0.1404,0.0217,0.1387,0.2197,5.854,1,walk
15.8042,7344,0.1437,0.023,0.1418,1.1982,5.697,1,walk
15.8063,7345,0.1414,0.0226,0.1396,0.228,5.652,1,walk
15.8084,7346,0.1438,0.0243,0.1417,1.8348,5.645,1,walk
15.8104,7347,0.1425,0.0241,0.1404,0.2215,5.639,1,walk
15.8126,7348,0.1456,0.0258,0.1433,0.9811,5.438,1,walk
15.8146,7349,0.1443,0.0256,0.142,0.2733,5.435,1,walk
15.8167,7350,0.1467,0.027,0.1442,2.884,5.343,1,walk
15.8188,7351,0.145,0.0267,0.1425,0.214,5.345,1,walk
15.821,7352,0.1471,0.0281,0.1444,0.4334,5.258,1,walk
15.823,7353,0.1442,0.0275,0.1416,0.2821,5.265,1,walk
15.8252,7354,0.146,0.0285,0.1432,0.8882,5.193,1,walk
15.8272,7355,0.144,0.028,0.1412,0.1864,5.195,1,walk
15.8294,7356,0.1458,0.0292,0.1428,0.3701,5.103,1,walk
15.8314,7357,0.1438,0.0286,0.1409,0.1781,5.103,1,walk
15.8337,7358,0.1456,0.0298,0.1426,0.4935,4.988,1,walk
15.8357,7359,0.1437,0.0292,0.1407,0.1723,4.987,1,walk
15.8378,7360,0.1456,0.0303,0.1424,0.7714,4.904,1,walk
15.8399,7361,0.1431,0.0295,0.14,0.2047,4.902,1,walk
15.842,7362,0.145,0.0307,0.1418,0.4708,4.809,1,walk
15.8441,7363,0.1434,0.0302,0.1402,0.182,4.801,1,walk
15.8462,7364,0.1455,0.0314,0.1421,1.1018,4.694,1,walk
15.8482,7365,0.1439,0.031,0.1406,0.1964,4.687,1,walk
15.8504,7366,0.1463,0.0322,0.1428,1.0327,4.556,1,walk
15.8524,7367,0.1448,0.0318,0.1413,0.2207,4.547,1,walk
15.8546,7368,0.1471,0.0331,0.1434,1.3146,4.407,1,walk
15.8568,7369,0.1456,0.0327,0.1419,0.2197,4.404,1,walk
15.8588,7370,0.1469,0.0338,0.143,1.3535,4.324,1,walk
15.8609,7371,0.1453,0.0334,0.1415,0.2093,4.319,1,walk
15.863,7372,0.1473,0.0347,0.1432,0.4269,4.229,1,walk
15.865,7373,0.1458,0.0343,0.1417,0.2128,4.224,1,walk
15.8671,7374,0.1478,0.0356,0.1434,0.6262,4.18,1,walk
15.8691,7375,0.1462,0.0352,0.1419,0.2196,4.175,1,walk
15.8712,7376,0.1482,0.0365,0.1436,0.7004,4.132,1,walk
15.8732,7377,0.1467,0.0362,0.1421,0.2189,4.127,1,walk
15.8753,7378,0.1486,0.0375,0.1438,0.1672,4.095,1,walk
15.8773,7379,0.1471,0.0371,0.1423,0.2228,4.09,1,walk
15.8794,7380,0.1489,0.0383,0.1439,0.6489,4.052,1,walk
15.8814,7381,0.1474,0.038,0.1425,0.227,4.047,1,walk
15.8835,7382,0.1494,0.0393,0.1441,0.5125,4.045,1,walk
15.8856,7383,0.1479,0.039,0.1427,0.2299,4.038,1,walk
15.8876,7384,0.1499,0.0403,0.1444,0.9846,4.05,1,walk
15.8897,7385,0.1485,0.04,0.143,0.2398,4.047,1,walk
15.8917,7386,0.1505,0.0413,0.1447,0.6367,4.047,1,walk
15.8938,7387,0.1491,0.0409,0.1433,0.2509,4.041,1,walk
15.8959,7388,0.151,0.0423,0.145,0.6064,4.059,1,walk
15.8979,7389,0.149,0.0418,0.143,0.2102,4.047,1,walk
15.9,7390,0.151,0.0431,0.1447,1.1734,4.071,1,walk
15.9021,7391,0.1497,0.0428,0.1434,0.2567,4.063,1,walk
15.9042,7392,0.1517,0.0441,0.1451,0.3545,4.102,1,walk
15.9063,7393,0.1503,0.0438,0.1438,0.2607,4.095,1,walk
15.9084,7394,0.1523,0.0451,0.1455,0.1012,4.138,1,walk
15.9104,7395,0.151,0.0448,0.1442,0.2651,4.13,1,walk
15.9126,7396,0.153,0.0461,0.1459,0.7208,4.194,1,walk
15.9146,7397,0.1518,0.0458,0.1447,0.2696,4.185,1,walk
15.9167,7398,0.1537,0.0471,0.1463,0.3039,4.252,1,walk
15.9188,7399,0.1525,0.0468,0.1451,0.2745,4.238,1,walk
15.9209,7400,0.1539,0.048,0.1462,0.9717,4.297,1,walk
15.923,7401,0.1526,0.0477,0.145,0.2839,4.292,1,walk
15.9251,7402,0.1546,0.049,0.1466,0.3849,4.361,1,walk
15.9271,7403,0.1534,0.0487,0.1454,0.2839,4.351,1,walk
15.9292,7404,0.1553,0.0499,0.1471,0.9553,4.405,1,walk
15.9312,7405,0.1541,0.0496,0.1459,0.2923,4.394,1,walk
15.9334,7406,0.156,0.0508,0.1475,0.3001,4.478,1,walk
15.9355,7407,0.1549,0.0506,0.1464,0.3005,4.466,1,walk
15.9376,7408,0.1568,0.0518,0.148,0.8764,4.544,1,walk
15.9397,7409,0.1556,0.0515,0.1469,0.2999,4.525,1,walk
15.9418,7410,0.1576,0.0527,0.1485,0.6181,4.586,1,walk
15.9438,7411,0.1558,0.0523,0.1468,0.2465,4.573,1,walk
15.9459,7412,0.1584,0.0535,0.149,0.7375,4.611,1,walk
15.9479,7413,0.1566,0.0531,0.1473,0.2523,4.591,1,walk
15.95,7414,0.1586,0.0543,0.149,0.8697,4.657,1,walk
15.9521,7415,0.1575,0.054,0.1479,0.3179,4.642,1,walk
15.9542,7416,0.1595,0.0552,0.1496,0.6775,4.689,1,walk
15.9563,7417,0.1583,0.0549,0.1485,0.3221,4.675,1,walk
15.9584,7418,0.1604,0.056,0.1503,1.2174,4.725,1,walk
15.9605,7419,0.1592,0.0558,0.1492,0.3318,4.703,1,walk
15.9626,7420,0.1612,0.0569,0.1509,0.1903,4.753,1,walk
15.9647,7421,0.1601,0.0566,0.1498,0.3368,4.738,1,walk
15.9668,7422,0.1621,0.0577,0.1515,0.563,4.781,1,walk
15.9688,7423,0.1604,0.0573,0.1498,0.276,4.76,1,walk
15.9709,7424,0.1629,0.0585,0.1521,0.9209,4.795,1,walk
15.9729,7425,0.1613,0.0581,0.1505,0.2822,4.767,1,walk
15.9751,7426,0.1633,0.0592,0.1522,0.6678,4.769,1,walk
15.9771,7427,0.1622,0.0589,0.1511,0.3511,4.762,1,walk
15.9792,7428,0.1646,0.0601,0.1533,0.5195,4.766,1,walk
15.9813,7429,0.163,0.0597,0.1517,0.2907,4.747,1,walk
15.9835,7430,0.1649,0.0607,0.1533,0.4727,4.722,1,walk
15.9855,7431,0.1638,0.0604,0.1523,0.3611,4.71,1,walk
15.9876,7432,0.1657,0.0614,0.154,1.06,4.709,1,walk
15.9897,7433,0.1647,0.0611,0.1529,0.3699,4.703,1,walk
15.9918,7434,0.1665,0.062,0.1545,0.1809,4.664,1,walk
15.9938,7435,0.1649,0.0617,0.1529,0.3073,4.643,1,walk
15.996,7436,0.1668,0.0626,0.1546,0.8574,4.626,1,walk
15.998,7437,0.1657,0.0624,0.1535,0.3759,4.617,1,walk
16.0002,7438,0.1675,0.0633,0.1551,0.6666,4.599,1,walk
16.0022,7439,0.1665,0.0631,0.1541,0.381,4.591,1,walk
16.0044,7440,0.1685,0.064,0.1558,0.9685,4.487,1,walk
16.0065,7441,0.1674,0.0638,0.1548,0.3854,4.474,1,walk
16.0085,7442,0.1693,0.0648,0.1564,0.5191,4.434,1,walk
16.0106,7443,0.1682,0.0646,0.1553,0.3867,4.43,1,walk
16.0127,7444,0.17,0.0655,0.1569,0.3169,4.357,1,walk
16.0148,7445,0.169,0.0653,0.1559,0.3931,4.349,1,walk
16.0169,7446,0.1708,0.0662,0.1575,1.0952,4.288,1,walk
16.0189,7447,0.1693,0.0659,0.1559,0.3347,4.276,1,walk
16.0211,7448,0.1711,0.0668,0.1575,0.5254,4.228,1,walk
16.0231,7449,0.17,0.0666,0.1565,0.3994,4.221,1,walk
16.0252,7450,0.1718,0.0675,0.158,0.6445,4.147,1,walk
16.0272,7451,0.1708,0.0673,0.157,0.4054,4.135,1,walk
16.0293,7452,0.1726,0.0682,0.1586,0.7157,4.062,1,walk
16.0313,7453,0.1715,0.068,0.1575,0.4027,4.054,1,walk
16.0334,7454,0.1738,0.0689,0.1595,0.2098,4.001,1,walk
16.0354,7455,0.1722,0.0687,0.1579,0.3453,3.989,1,walk
16.0375,7456,0.1739,0.0696,0.1594,0.6081,3.92,1,walk
16.0396,7457,0.1729,0.0694,0.1583,0.4085,3.906,1,walk
16.0417,7458,0.1751,0.0703,0.1604,1.3482,3.838,1,walk
16.0437,7459,0.1735,0.07,0.1588,0.3537,3.828,1,walk
16.046,7460,0.1753,0.0709,0.1604,1.1516,3.742,1,walk
16.048,7461,0.1738,0.0706,0.1588,0.3553,3.727,1,walk
16.0502,7462,0.1755,0.0714,0.1603,0.2689,3.643,1,walk
16.0522,7463,0.1744,0.0712,0.1592,0.4207,3.633,1,walk
16.0543,7464,0.1761,0.072,0.1607,0.7949,3.55,1,walk
16.0563,7465,0.1751,0.0718,0.1596,0.4267,3.54,1,walk
16.0586,7466,0.1772,0.0727,0.1616,0.5333,3.471,1,walk
16.0606,7467,0.1756,0.0725,0.16,0.3585,3.456,1,walk
16.0629,7468,0.1768,0.0732,0.1609,0.8761,3.351,1,walk
16.0649,7469,0.1757,0.073,0.1598,0.4263,3.346,1,walk
16.0671,7470,0.1779,0.0739,0.1618,0.8742,3.275,1,walk
16.0691,7471,0.1763,0.0736,0.1602,0.367,3.263,1,walk
16.0712,7472,0.178,0.0743,0.1617,1.0761,3.15,1,walk
16.0733,7473,0.177,0.0742,0.1607,0.4396,3.139,1,walk
16.0753,7474,0.1787,0.0749,0.1622,0.989,3.059,1,walk
16.0774,7475,0.1776,0.0748,0.1612,0.4392,3.055,1,walk
16.0794,7476,0.1792,0.0754,0.1625,0.9257,2.969,1,walk
16.0815,7477,0.1782,0.0753,0.1615,0.4431,2.964,1,walk
16.0836,7478,0.1802,0.0759,0.1635,1.4364,2.906,1,walk
16.0856,7479,0.1787,0.0756,0.1619,0.3881,2.899,1,walk
16.0877,7480,0.1804,0.0764,0.1634,0.5673,2.824,1,walk
16.0898,7481,0.1794,0.0762,0.1624,0.4497,2.824,1,walk
16.0919,7482,0.1811,0.0769,0.164,1.4017,2.74,1,walk
16.094,7483,0.1794,0.0765,0.1623,0.3679,2.746,1,walk
16.096,7484,0.1807,0.0773,0.1633,2.2523,2.583,1,walk
16.0981,7485,0.1795,0.0769,0.1622,0.3913,2.583,1,walk
16.1001,7486,0.1809,0.0774,0.1635,1.4702,2.495,1,walk
16.1022,7487,0.1797,0.0771,0.1624,0.4119,2.49,1,walk
16.1043,7488,0.1811,0.0775,0.1636,0.7407,2.383,1,walk
16.1064,7489,0.1799,0.0772,0.1625,0.4105,2.381,1,walk
16.1086,7490,0.1819,0.0779,0.1644,0.9165,2.293,1,walk
16.1106,7491,0.1801,0.0773,0.1627,0.3219,2.286,1,walk
16.1127,7492,0.1815,0.0778,0.164,0.5887,2.2,1,walk
16.1148,7493,0.1803,0.0775,0.1628,0.4202,2.195,1,walk
16.1169,7494,0.1811,0.0779,0.1636,1.4261,2.101,1,walk
16.119,7495,0.1801,0.0776,0.1626,0.438,2.095,1,walk
16.1211,7496,0.1815,0.0781,0.1638,0.492,1.992,1,walk
16.1232,7497,0.1805,0.0778,0.1628,0.4433,1.987,1,walk
16.1255,7498,0.1823,0.0786,0.1645,1.1473,1.844,1,walk
16.1275,7499,0.1813,0.0783,0.1635,0.4437,1.837,1,walk
16.1296,7500,0.1828,0.0789,0.1649,1.0933,1.758,1,walk
16.1316,7501,0.1817,0.0786,0.1638,0.4404,1.746,1,walk
16.1337,7502,0.1829,0.0792,0.1648,0.8176,1.613,1,walk
16.1358,7503,0.1814,0.0789,0.1634,0.3854,1.61,1,walk
16.1378,7504,0.1822,0.0794,0.164,1.7979,1.451,1,walk
16.1399,7505,0.1799,0.0788,0.1617,0.274,1.448,1,walk
16.1419,7506,0.1808,0.0791,0.1626,0.6749,1.273,1,walk
16.144,7507,0.1795,0.0787,0.1613,0.398,1.275,1,walk
16.146,7508,0.1807,0.0791,0.1625,1.1652,1.189,1,walk
16.1481,7509,0.1796,0.0787,0.1614,0.4146,1.194,1,walk
16.1501,7510,0.1809,0.0791,0.1627,0.7269,1.111,1,walk
16.1522,7511,0.1798,0.0787,0.1616,0.4125,1.118,1,walk
16.1542,7512,0.181,0.079,0.1628,0.4285,1.038,1,walk
16.1563,7513,0.1798,0.0786,0.1617,0.3999,1.047,1,walk
16.1585,7514,0.1816,0.0791,0.1635,1.4049,0.984,1,walk
16.1605,7515,0.1797,0.0784,0.1617,0.2971,1.004,1,walk
16.1627,7516,0.1808,0.0787,0.1628,0.7918,0.941,1,walk
16.1648,7517,0.1795,0.0782,0.1616,0.3744,0.947,1,walk
16.1669,7518,0.1799,0.0781,0.1621,1.4079,0.901,1,walk
16.169,7519,0.1786,0.0776,0.1608,0.3695,0.913,1,walk
16.1712,7520,0.1796,0.0777,0.1619,0.3602,0.877,1,walk
16.1733,7521,0.1782,0.0772,0.1606,0.3559,0.89,1,walk
16.1754,7522,0.1792,0.0772,0.1617,1.3915,0.849,1,walk
16.1774,7523,0.1778,0.0767,0.1604,0.3561,0.862,1,walk
16.1795,7524,0.1795,0.0771,0.1621,0.53,0.835,1,walk
16.1815,7525,0.1771,0.076,0.1599,0.1991,0.855,1,walk
16.1837,7526,0.1779,0.076,0.1608,0.8727,0.818,1,walk
16.1857,7527,0.1762,0.0752,0.1593,0.3017,0.825,1,walk
16.1878,7528,0.1769,0.0752,0.1602,0.5913,0.822,1,walk
16.1898,7529,0.1745,0.0741,0.1579,0.1829,0.846,1,walk
16.192,7530,0.1754,0.0741,0.159,1.3903,0.843,1,walk
16.194,7531,0.1738,0.0734,0.1576,0.3222,0.86,1,walk
16.1961,7532,0.1747,0.0735,0.1585,1.6515,0.846,1,walk
16.1981,7533,0.1732,0.0728,0.1571,0.3154,0.863,1,walk
16.2002,7534,0.1749,0.0732,0.1588,1.4028,0.856,1,walk
16.2023,7535,0.1727,0.0722,0.1568,0.2076,0.882,1,walk
16.2043,7536,0.1739,0.0723,0.1581,1.3497,0.805,1,walk
16.2064,7537,0.1724,0.0716,0.1568,0.3289,0.823,1,walk
16.2087,7538,0.1741,0.0719,0.1585,1.8772,0.812,1,walk
16.2108,7539,0.1719,0.071,0.1565,0.2133,0.84,1,walk
16.2128,7540,0.1721,0.0707,0.1569,0.6166,0.855,1,walk
16.2149,7541,0.1706,0.07,0.1556,0.3204,0.873,1,walk
16.217,7542,0.1716,0.0701,0.1566,0.837,0.911,1,walk
16.2191,7543,0.1701,0.0695,0.1553,0.3085,0.92,1,walk
16.2212,7544,0.1711,0.0694,0.1564,1.0886,0.933,1,walk
16.2233,7545,0.1696,0.0688,0.155,0.3113,0.952,1,walk
16.2254,7546,0.1706,0.0688,0.1561,0.6152,0.973,1,walk
16.2275,7547,0.1691,0.0681,0.1547,0.3017,0.991,1,walk
16.2296,7548,0.1708,0.0684,0.1565,1.4087,1.003,1,walk
16.2316,7549,0.1686,0.0674,0.1545,0.1839,1.021,1,walk
16.2338,7550,0.1688,0.067,0.1549,0.6063,1.044,1,walk
16.2359,7551,0.1672,0.0663,0.1535,0.2914,1.071,1,walk
16.238,7552,0.1682,0.0663,0.1546,0.8483,1.097,1,walk
16.24,7553,0.1667,0.0656,0.1532,0.289,1.115,1,walk
16.2421,7554,0.1676,0.0655,0.1542,0.5002,1.132,1,walk
16.2441,7555,0.166,0.0648,0.1529,0.285,1.149,1,walk
16.2462,7556,0.1671,0.0647,0.154,1.3802,1.195,1,walk
16.2483,7557,0.1655,0.064,0.1526,0.2896,1.219,1,walk
16.2503,7558,0.1664,0.064,0.1536,1.8604,1.262,1,walk
16.2523,7559,0.1649,0.0632,0.1522,0.2666,1.27,1,walk
16.2545,7560,0.1658,0.0632,0.1533,1.4153,1.327,1,walk
16.2565,7561,0.1643,0.0625,0.1519,0.2707,1.342,1,walk
16.2587,7562,0.166,0.0627,0.1537,1.3135,1.368,1,walk
16.2608,7563,0.1637,0.0617,0.1516,0.1494,1.398,1,walk
16.2629,7564,0.1647,0.0615,0.1527,1.3862,1.437,1,walk
16.2649,7565,0.1623,0.0604,0.1507,0.1493,1.45,1,walk
16.267,7566,0.1641,0.0607,0.1524,0.5575,1.48,1,walk
16.269,7567,0.1618,0.0596,0.1504,0.1357,1.506,1,walk
16.2711,7568,0.1627,0.0596,0.1514,0.5611,1.549,1,walk
16.2732,7569,0.1612,0.0588,0.15,0.2574,1.561,1,walk
16.2753,7570,0.1629,0.0591,0.1519,1.3845,1.562,1,walk
16.2773,7571,0.1606,0.058,0.1498,0.136,1.577,1,walk
16.2795,7572,0.1616,0.0579,0.1509,0.5634,1.598,1,walk
16.2815,7573,0.1601,0.0571,0.1495,0.2558,1.614,1,walk
16.2836,7574,0.1611,0.0572,0.1506,0.8108,1.566,1,walk
16.2857,7575,0.1596,0.0564,0.1493,0.2467,1.57,1,walk
16.2878,7576,0.1609,0.0565,0.1506,1.3266,1.645,1,walk
16.2898,7577,0.1585,0.0554,0.1485,0.1329,1.656,1,walk
16.2919,7578,0.1597,0.0554,0.1498,0.8781,1.726,1,walk
16.294,7579,0.1581,0.0547,0.1484,0.2482,1.733,1,walk
16.2961,7580,0.1598,0.0549,0.1501,1.3669,1.765,1,walk
16.2982,7581,0.1575,0.0538,0.148,0.1168,1.773,1,walk
16.3003,7582,0.1585,0.0536,0.1491,1.4165,1.813,1,walk
16.3024,7583,0.1569,0.0529,0.1477,0.2439,1.819,1,walk
16.3045,7584,0.1579,0.0527,0.1488,0.3335,1.857,1,walk
16.3066,7585,0.1563,0.0519,0.1474,0.2381,1.858,1,walk
16.3087,7586,0.1578,0.0522,0.1489,2.2171,1.889,1,walk
16.3107,7587,0.1555,0.0511,0.1468,0.0909,1.893,1,walk
16.3129,7588,0.1564,0.0509,0.1479,1.4061,1.956,1,walk
16.3149,7589,0.1541,0.0498,0.1458,0.1093,1.96,1,walk
16.3169,7590,0.155,0.0496,0.1468,0.8231,2.031,1,walk
16.319,7591,0.1534,0.0489,0.1454,0.2278,2.032,1,walk
16.3211,7592,0.1545,0.0487,0.1466,1.3705,2.1,1,walk
16.3231,7593,0.1529,0.048,0.1452,0.2301,2.1,1,walk
16.3252,7594,0.1547,0.0482,0.147,0.5801,2.152,1,walk
16.3272,7595,0.1523,0.0472,0.1448,0.1055,2.152,1,walk
16.3293,7596,0.1533,0.047,0.1459,0.687,2.196,1,walk
16.3314,7597,0.1517,0.0463,0.1445,0.2199,2.196,1,walk
16.3335,7598,0.1528,0.0462,0.1457,1.3756,2.242,1,walk
16.3355,7599,0.1512,0.0455,0.1442,0.2194,2.241,1,walk
16.3378,7600,0.1522,0.0454,0.1453,0.3076,2.269,1,walk
16.3398,7601,0.1498,0.0444,0.1431,0.1045,2.268,1,walk
16.342,7602,0.1509,0.0442,0.1443,1.3916,2.321,1,walk
16.344,7603,0.1493,0.0436,0.1428,0.2072,2.32,1,walk
16.3461,7604,0.1504,0.0434,0.144,0.5333,2.353,1,walk
16.3481,7605,0.1488,0.0428,0.1425,0.2082,2.35,1,walk
16.3501,7606,0.1499,0.0427,0.1437,1.2479,2.407,1,walk
16.3522,7607,0.1483,0.042,0.1423,0.2096,2.406,1,walk
16.3543,7608,0.1494,0.0419,0.1434,0.5991,2.421,1,walk
16.3564,7609,0.1478,0.0412,0.1419,0.2055,2.419,1,walk
16.3587,7610,0.1496,0.0413,0.1437,0.4552,2.465,1,walk
16.3607,7611,0.1472,0.0404,0.1415,0.107,2.461,1,walk
16.3628,7612,0.1482,0.0402,0.1426,1.1605,2.484,1,walk
16.3648,7613,0.1457,0.0392,0.1404,0.1103,2.482,1,walk
16.3669,7614,0.1468,0.039,0.1415,1.0842,2.532,1,walk
16.3691,7615,0.1452,0.0384,0.14,0.2084,2.529,1,walk
16.3711,7616,0.1463,0.0383,0.1412,1.0668,2.576,1,walk
16.3732,7617,0.1447,0.0377,0.1397,0.2001,2.574,1,walk
16.3753,7618,0.1458,0.0375,0.1409,0.9488,2.626,1,walk
16.3773,7619,0.1442,0.0369,0.1394,0.2015,2.625,1,walk
16.3794,7620,0.1461,0.0371,0.1414,1.343,2.682,1,walk
16.3814,7621,0.1437,0.0362,0.1391,0.1219,2.68,1,walk
16.3836,7622,0.1448,0.036,0.1403,0.3379,2.717,1,walk
16.3857,7623,0.1432,0.0355,0.1388,0.1968,2.716,1,walk
16.3877,7624,0.1444,0.0354,0.14,1.3613,2.733,1,walk
16.3898,7625,0.1428,0.0348,0.1385,0.198,2.732,1,walk
16.3919,7626,0.1432,0.0344,0.139,0.2318,2.76,1,walk
16.394,7627,0.1416,0.0339,0.1375,0.1954,2.757,1,walk
16.3961,7628,0.1428,0.0337,0.1387,1.2026,2.777,1,walk
16.3981,7629,0.1412,0.0331,0.1372,0.1994,2.775,1,walk
16.4002,7630,0.1424,0.033,0.1385,1.1589,2.814,1,walk
16.4022,7631,0.1409,0.0325,0.1371,0.2221,2.814,1,walk
16.4045,7632,0.1422,0.0322,0.1385,0.8441,2.883,1,walk
16.4065,7633,0.141,0.0318,0.1373,0.2681,2.888,1,walk
16.4086,7634,0.1431,0.0318,0.1395,0.993,2.911,1,walk
16.4107,7635,0.1412,0.0312,0.1377,0.1711,2.935,1,walk
16.4128,7636,0.1427,0.0311,0.1393,1.2924,3.001,1,walk
16.4148,7637,0.1407,0.0305,0.1374,0.1556,3.021,1,walk
16.4169,7638,0.1422,0.0304,0.1389,1.3166,3.088,1,walk
16.419,7639,0.1408,0.0299,0.1375,0.2346,3.108,1,walk
16.4211,7640,0.1428,0.03,0.1396,0.1678,3.172,1,walk
16.4231,7641,0.1405,0.0293,0.1374,0.1477,3.19,1,walk
16.4253,7642,0.1419,0.0292,0.1389,1.3566,3.27,1,walk
16.4273,7643,0.1404,0.0288,0.1374,0.2141,3.286,1,walk
16.4295,7644,0.1416,0.0286,0.1387,0.5452,3.346,1,walk
16.4315,7645,0.14,0.0282,0.1371,0.2052,3.359,1,walk
16.4336,7646,0.1412,0.0281,0.1384,0.7871,3.4,1,walk
16.4357,7647,0.1396,0.0277,0.1368,0.1976,3.41,1,walk
16.4378,7648,0.1408,0.0276,0.1381,0.9121,3.409,1,walk
16.4398,7649,0.1384,0.027,0.1358,0.1537,3.423,1,walk
16.4419,7650,0.1398,0.027,0.1372,1.0947,3.402,1,walk
16.4439,7651,0.1383,0.0266,0.1357,0.22,3.405,1,walk
16.446,7652,0.1405,0.0269,0.1379,1.2484,3.385,1,walk
16.448,7653,0.1384,0.0264,0.1358,0.1684,3.387,1,walk
16.4501,7654,0.1406,0.0265,0.1381,1.3046,3.392,1,walk
16.4521,7655,0.1384,0.0261,0.1359,0.1761,3.39,1,walk
16.4545,7656,0.14,0.0261,0.1375,1.1769,3.4,1,walk
16.4566,7657,0.1385,0.0258,0.1361,0.235,3.397,1,walk
16.4588,7658,0.1408,0.0259,0.1384,0.9325,3.389,1,walk
16.4609,7659,0.1378,0.0253,0.1355,0.2334,3.38,1,walk
16.463,7660,0.1394,0.0253,0.1371,1.2593,3.426,1,walk
16.465,7661,0.138,0.025,0.1357,0.2532,3.423,1,walk
16.4671,7662,0.1395,0.025,0.1373,0.7465,3.431,1,walk
16.4692,7663,0.1381,0.0248,0.1358,0.2532,3.425,1,walk
16.4713,7664,0.1398,0.0247,0.1376,1.2441,3.411,1,walk
16.4733,7665,0.1384,0.0245,0.1362,0.2653,3.404,1,walk
16.4754,7666,0.1401,0.0245,0.1379,0.5886,3.395,1,walk
16.4775,7667,0.1387,0.0243,0.1365,0.2707,3.387,1,walk
16.4796,7668,0.14,0.024,0.1379,1.8472,3.38,1,walk
16.4816,7669,0.1386,0.0238,0.1365,0.2717,3.372,1,walk
16.4838,7670,0.1407,0.0238,0.1386,1.3027,3.194,1,walk
16.4858,7671,0.1385,0.0235,0.1365,0.2587,3.185,1,walk
16.4879,7672,0.141,0.0236,0.139,2.7376,3.107,1,walk
16.4899,7673,0.1389,0.0234,0.1369,0.2424,3.092,1,walk
16.492,7674,0.141,0.0235,0.1391,1.2273,2.924,1,walk
16.4941,7675,0.1396,0.0234,0.1377,0.301,2.908,1,walk
16.4961,7676,0.142,0.0235,0.14,2.7097,2.908,1,walk
16.4982,7677,0.1399,0.0233,0.1379,0.2379,2.897,1,walk
16.5003,7678,0.1421,0.0233,0.1402,1.1503,2.701,1,walk
16.5023,7679,0.1408,0.0232,0.1388,0.3137,2.69,1,walk
16.5045,7680,0.1427,0.0234,0.1408,2.5559,2.594,1,walk
16.5066,7681,0.1413,0.0233,0.1394,0.3003,2.582,1,walk
16.5087,7682,0.144,0.0234,0.1421,1.1954,2.515,1,walk
16.5107,7683,0.142,0.0233,0.1401,0.2665,2.503,1,walk
16.5128,7684,0.1439,0.0233,0.142,0.5314,2.454,1,walk
16.5149,7685,0.1419,0.0232,0.14,0.2678,2.428,1,walk
16.517,7686,0.1439,0.0234,0.142,0.9975,2.35,1,walk
16.5191,7687,0.1426,0.0233,0.1407,0.3127,2.343,1,walk
16.5212,7688,0.1446,0.0234,0.1427,0.9033,2.28,1,walk
16.5232,7689,0.1433,0.0234,0.1414,0.323,2.266,1,walk
16.5253,7690,0.1454,0.0234,0.1435,1.1785,2.185,1,walk
16.5273,7691,0.144,0.0233,0.1421,0.3298,2.163,1,walk
16.5295,7692,0.1461,0.0233,0.1443,1.0533,2.154,1,walk
16.5316,7693,0.1448,0.0233,0.1429,0.3377,2.146,1,walk
16.5336,7694,0.1471,0.0233,0.1452,1.2203,2.037,1,walk
16.5357,7695,0.1457,0.0233,0.1439,0.3464,2.021,1,walk
16.5378,7696,0.148,0.0232,0.1461,0.7847,1.958,1,walk
16.5399,7697,0.146,0.0233,0.1441,0.3136,1.932,1,walk
16.542,7698,0.1481,0.0232,0.1463,0.645,1.864,1,walk
16.544,7699,0.1468,0.0232,0.1449,0.3567,1.847,1,walk
16.5461,7700,0.1497,0.0231,0.1479,1.135,1.775,1,walk
16.5482,7701,0.1476,0.0232,0.1458,0.3294,1.738,1,walk
16.5503,7702,0.1505,0.0229,0.1488,1.0882,1.64,1,walk
16.5523,7703,0.1485,0.0231,0.1467,0.3415,1.622,1,walk
16.5544,7704,0.1507,0.0229,0.1489,0.6874,1.517,1,walk
16.5564,7705,0.1493,0.023,0.1475,0.3774,1.499,1,walk
16.5587,7706,0.1522,0.0227,0.1505,1.1154,1.42,1,walk
16.5607,7707,0.1501,0.0229,0.1484,0.3525,1.383,1,jog
16.5628,7708,0.1523,0.0227,0.1506,1.0871,1.299,1,jog
16.5648,7709,0.1509,0.0229,0.1492,0.3841,1.291,1,jog
16.5669,7710,0.1524,0.0228,0.1507,0.8052,1.227,1,jog
16.569,7711,0.151,0.023,0.1492,0.3841,1.21,1,jog
16.571,7712,0.1538,0.0227,0.1521,1.1714,1.173,1,jog
16.5731,7713,0.1517,0.0229,0.1499,0.3648,1.15,1,jog
16.5752,7714,0.1545,0.0227,0.1529,1.104,1.144,1,jog
16.5772,7715,0.1524,0.023,0.1506,0.3642,1.122,1,jog
16.5793,7716,0.1545,0.0229,0.1528,0.4512,1.123,1,jog
16.5813,7717,0.153,0.023,0.1513,0.3909,1.102,1,jog
16.5835,7718,0.155,0.0229,0.1533,0.0982,1.153,1,jog
16.5856,7719,0.1536,0.0231,0.1518,0.3918,1.147,1,jog
16.5877,7720,0.1555,0.0228,0.1538,0.5308,1.18,1,jog
16.5898,7721,0.1541,0.023,0.1523,0.3947,1.17,1,jog
16.5919,7722,0.1553,0.0229,0.1536,1.5921,1.218,1,jog
16.594,7723,0.1539,0.0231,0.1521,0.3949,1.208,1,jog
16.596,7724,0.1558,0.0229,0.1542,1.0307,1.295,1,jog
16.5981,7725,0.1544,0.0231,0.1526,0.3984,1.287,1,jog
16.6001,7726,0.1564,0.0229,0.1547,0.8825,1.376,1,jog
16.6022,7727,0.1549,0.0231,0.1532,0.3997,1.365,1,jog
16.6043,7728,0.1568,0.0228,0.1552,0.6292,1.46,1,jog
16.6063,7729,0.1553,0.0231,0.1536,0.4004,1.457,1,jog
16.6084,7730,0.158,0.0227,0.1563,0.7645,1.562,1,jog
16.6105,7731,0.1557,0.0231,0.154,0.3723,1.554,1,jog
16.6125,7732,0.1585,0.0228,0.1568,2.2431,1.676,1,jog
16.6146,7733,0.1562,0.0232,0.1545,0.3821,1.668,1,jog
16.6166,7734,0.158,0.023,0.1563,1.2043,1.804,1,jog
16.6187,7735,0.1565,0.0232,0.1548,0.396,1.802,1,jog
16.6209,7736,0.1575,0.0231,0.1558,0.1766,1.94,1,jog
16.6229,7737,0.1559,0.0234,0.1542,0.3913,1.938,1,jog
16.625,7738,0.1576,0.0232,0.1559,0.8246,2.066,1,jog
16.627,7739,0.1561,0.0235,0.1543,0.3851,2.066,1,jog
16.6291,7740,0.1578,0.0233,0.156,1.1944,2.198,1,jog
16.6312,7741,0.1562,0.0235,0.1544,0.3883,2.198,1,jog
16.6333,7742,0.1579,0.0232,0.1562,0.9593,2.285,1,jog
16.6353,7743,0.1563,0.0235,0.1546,0.3903,2.286,1,jog
16.6375,7744,0.1579,0.0233,0.1562,0.8446,2.385,1,jog
16.6395,7745,0.1564,0.0235,0.1546,0.3827,2.386,1,jog
16.6417,7746,0.1579,0.0233,0.1562,0.2286,2.492,1,jog
16.6438,7747,0.1564,0.0235,0.1546,0.3811,2.494,1,jog
16.6459,7748,0.1579,0.0233,0.1562,0.7538,2.593,1,jog
16.6479,7749,0.1556,0.0236,0.1538,0.3533,2.597,1,jog
16.6504,7750,0.157,0.0233,0.1553,0.3434,2.653,1,jog
16.6525,7751,0.1554,0.0235,0.1537,0.3746,2.655,1,jog
16.6551,7752,0.1575,0.0234,0.1557,1.6805,2.56,1,jog
16.6571,7753,0.1543,0.0238,0.1525,0.3814,2.565,1,jog
16.6592,7754,0.1557,0.0236,0.1539,1.807,2.641,1,jog
16.6616,7755,0.157,0.0233,0.1553,0.3593,2.701,1,jog
16.6633,7756,0.1554,0.0235,0.1537,1.1206,2.704,1,jog
16.6653,7757,0.1539,0.0237,0.152,0.3598,2.706,1,jog
16.6674,7758,0.155,0.023,0.1533,0.4349,2.883,1,jog
16.6694,7759,0.1534,0.0232,0.1517,0.3734,2.886,1,jog
16.6715,7760,0.1546,0.0229,0.1529,1.0066,2.93,1,jog
16.6736,7761,0.153,0.023,0.1513,0.3476,2.932,1,jog
16.6756,7762,0.1543,0.0227,0.1526,1.6115,2.976,1,jog
16.6777,7763,0.1527,0.0229,0.1509,0.3451,2.978,1,jog
16.6797,7764,0.1538,0.0227,0.1521,0.9633,3.061,1,jog
16.6818,7765,0.1522,0.0228,0.1505,0.3354,3.063,1,jog
16.6839,7766,0.1526,0.0226,0.1509,0.6751,3.106,1,jog
16.6859,7767,0.151,0.0227,0.1493,0.3341,3.108,1,jog
16.6882,7768,0.152,0.0223,0.1504,0.2467,3.112,1,jog
16.6903,7769,0.1504,0.0224,0.1487,0.3286,3.118,1,jog
16.6924,7770,0.1515,0.0222,0.1498,0.7996,3.174,1,jog
16.6945,7771,0.15,0.0223,0.1483,0.3265,3.176,1,jog
16.6965,7772,0.1512,0.0221,0.1495,0.8161,3.236,1,jog
16.6986,7773,0.1497,0.0221,0.1481,0.3249,3.232,1,jog
16.7006,7774,0.1509,0.0216,0.1494,1.2964,3.222,1,jog
16.7027,7775,0.1495,0.0216,0.1479,0.3277,3.217,1,jog
16.7048,7776,0.1507,0.0213,0.1492,1.0421,3.285,1,jog
16.7069,7777,0.1492,0.0213,0.1476,0.3072,3.271,1,jog
16.709,7778,0.1497,0.0208,0.1482,0.7789,3.3,1,jog
16.7111,7779,0.1483,0.0208,0.1468,0.3234,3.294,1,jog
16.7132,7780,0.1495,0.0203,0.1482,0.3768,3.3,1,jog
16.7152,7781,0.1482,0.0202,0.1468,0.3314,3.288,1,jog
16.7173,7782,0.1495,0.0199,0.1481,1.0315,3.354,1,jog
16.7193,7783,0.1481,0.0199,0.1467,0.3194,3.345,1,jog
16.7214,7784,0.1493,0.0197,0.148,0.9066,3.444,1,jog
16.7234,7785,0.1478,0.0197,0.1465,0.3147,3.437,1,jog
16.7255,7786,0.1494,0.0195,0.1481,2.339,3.388,1,jog
16.7275,7787,0.1479,0.0196,0.1466,0.3242,3.38,1,jog
16.7296,7788,0.149,0.0193,0.1477,3.4062,3.43,1,jog
16.7316,7789,0.1474,0.0194,0.1461,0.305,3.429,1,jog
16.7337,7790,0.1483,0.0192,0.147,0.9204,3.515,1,jog
16.7357,7791,0.1467,0.0193,0.1454,0.2912,3.514,1,jog
16.7378,7792,0.147,0.0189,0.1458,1.9484,3.579,1,jog
16.7399,7793,0.1455,0.019,0.1443,0.3119,3.58,1,jog
16.7419,7794,0.1467,0.0188,0.1455,0.7799,3.695,1,jog
16.744,7795,0.1452,0.0188,0.144,0.3,3.7,1,jog
16.7461,7796,0.1463,0.0185,0.1451,0.7546,3.785,1,jog
16.7481,7797,0.1448,0.0185,0.1436,0.285,3.792,1,jog
16.7502,7798,0.1458,0.0181,0.1447,1.229,3.871,1,jog
16.7522,7799,0.1443,0.0181,0.1431,0.2767,3.878,1,jog
16.7543,7800,0.1452,0.0178,0.1442,0.502,3.982,1,jog
16.7563,7801,0.1437,0.0177,0.1426,0.2687,3.994,1,jog
16.7584,7802,0.1453,0.0173,0.1443,0.4296,4.042,1,jog
16.7604,7803,0.1431,0.0173,0.142,0.2037,4.05,1,jog
16.7625,7804,0.1438,0.017,0.1428,1.1665,4.137,1,jog
16.7646,7805,0.1423,0.0169,0.1413,0.2533,4.146,1,jog
16.7668,7806,0.1432,0.0166,0.1423,1.5093,4.256,1,jog
16.7688,7807,0.141,0.0165,0.14,0.1933,4.268,1,jog
16.7709,7808,0.1419,0.0162,0.1409,0.4163,4.357,1,jog
16.773,7809,0.1404,0.0161,0.1395,0.2568,4.366,1,jog
16.7751,7810,0.1418,0.0158,0.1409,2.3767,4.622,1,jog
16.7771,7811,0.1403,0.0157,0.1394,0.2718,4.636,1,jog
16.7796,7812,0.1416,0.0153,0.1407,0.5045,4.773,1,jog
16.7816,7813,0.1401,0.0153,0.1393,0.2734,4.777,1,jog
16.7838,7814,0.1412,0.015,0.1404,2.5378,4.952,1,jog
16.7858,7815,0.1398,0.0149,0.139,0.256,4.962,1,jog
16.7879,7816,0.1407,0.0145,0.14,0.416,5.05,1,jog
16.79,7817,0.1386,0.0143,0.1379,0.1903,5.07,1,jog
16.792,7818,0.1401,0.0141,0.1394,1.977,5.244,1,jog
16.7941,7819,0.1381,0.014,0.1373,0.1664,5.255,1,jog
16.7962,7820,0.1389,0.0135,0.1383,1.4169,5.322,1,jog
16.7982,7821,0.1376,0.0134,0.1369,0.2626,5.332,1,jog
16.8004,7822,0.1387,0.0131,0.1381,1.9072,5.47,1,jog
16.8024,7823,0.1373,0.013,0.1367,0.2561,5.48,1,jog
16.8045,7824,0.1382,0.0125,0.1376,2.6552,5.567,1,jog
16.8065,7825,0.1368,0.0124,0.1363,0.2557,5.576,1,jog
16.8087,7826,0.1374,0.0122,0.1369,2.9561,5.72,1,jog
16.8107,7827,0.1361,0.0121,0.1356,0.2374,5.733,1,jog
16.8128,7828,0.1368,0.0118,0.1363,1.8956,5.845,1,jog
16.8148,7829,0.1355,0.0117,0.135,0.2437,5.848,1,jog
16.8169,7830,0.1356,0.0115,0.1351,1.1741,6.063,1,jog
16.819,7831,0.1343,0.0114,0.1338,0.2322,6.069,1,jog
16.821,7832,0.1351,0.0109,0.1347,1.3018,6.175,1,jog
16.8231,7833,0.1339,0.0108,0.1334,0.2515,6.178,1,jog
16.8252,7834,0.1346,0.0107,0.1342,1.0534,6.43,1,jog
16.8273,7835,0.1334,0.0106,0.1329,0.2342,6.431,1,jog
16.8294,7836,0.1343,0.0102,0.1339,2.0893,6.63,1,jog
16.8315,7837,0.1331,0.0101,0.1327,0.2508,6.63,1,jog
16.8336,7838,0.1339,0.0098,0.1335,1.7521,6.888,1,jog
16.8356,7839,0.1326,0.0097,0.1322,0.241,6.886,1,jog
16.8377,7840,0.1331,0.0094,0.1328,2.8547,7.325,1,jog
16.8398,7841,0.1319,0.0093,0.1315,0.234,7.322,1,jog
16.8419,7842,0.1323,0.0089,0.132,2.4689,7.512,1,jog
16.8439,7843,0.1311,0.0089,0.1308,0.2463,7.504,1,jog
16.846,7844,0.1324,0.0089,0.1321,2.7467,7.897,1,jog
16.8481,7845,0.1306,0.0088,0.1303,0.1399,7.889,1,jog
16.8501,7846,0.1315,0.0084,0.1312,1.4921,8.109,1,jog
16.8522,7847,0.1302,0.0084,0.13,0.2435,8.098,1,jog
16.8542,7848,0.1312,0.0081,0.131,1.7636,8.371,1,jog
16.8563,7849,0.13,0.0081,0.1297,0.2424,8.351,1,jog
16.8585,7850,0.1315,0.0078,0.1312,0.7591,8.567,1,jog
16.8605,7851,0.1296,0.0077,0.1294,0.1638,8.551,1,jog
16.8625,7852,0.1303,0.0076,0.1301,2.3523,8.859,1,jog
16.8646,7853,0.1291,0.0076,0.1289,0.2217,8.84,1,jog
16.8667,7854,0.1298,0.0074,0.1296,1.9109,9.087,1,jog
16.8688,7855,0.1286,0.0073,0.1284,0.2286,9.065,1,jog
16.8709,7856,0.1299,0.0071,0.1297,0.4722,9.303,1,jog
16.8729,7857,0.1275,0.0071,0.1273,0.1497,9.265,1,jog
16.875,7858,0.1288,0.007,0.1286,1.4333,9.542,1,jog
16.8771,7859,0.127,0.007,0.1268,0.1482,9.483,1,jog
16.8791,7860,0.1283,0.0068,0.1281,0.6113,9.674,1,jog
16.8812,7861,0.1265,0.0068,0.1263,0.1558,9.641,1,jog
16.8833,7862,0.1273,0.0066,0.1271,1.5299,9.875,1,jog
16.8853,7863,0.1261,0.0066,0.1259,0.222,9.838,1,jog
16.8875,7864,0.1268,0.0065,0.1266,0.2614,10.026,0,jog
16.8896,7865,0.1256,0.0065,0.1254,0.2224,9.985,1,jog
16.8917,7866,0.1263,0.0064,0.1261,0.3122,10.217,0,jog
16.8937,7867,0.1251,0.0064,0.1249,0.2224,10.173,0,jog
16.8958,7868,0.1261,0.0064,0.1259,2.121,10.549,0,jog
16.8979,7869,0.1243,0.0065,0.1241,0.1667,10.451,0,jog
16.9,7870,0.1253,0.0061,0.1252,0.9617,10.592,0,jog
16.9021,7871,0.1241,0.0062,0.1239,0.2434,10.566,0,jog
16.9042,7872,0.1248,0.0062,0.1247,2.3926,10.844,0,jog
16.9062,7873,0.1236,0.0062,0.1235,0.2106,10.786,0,jog
16.9084,7874,0.1248,0.0061,0.1247,0.9739,10.996,0,jog
16.9104,7875,0.123,0.0061,0.1228,0.1501,10.873,0,jog
16.9125,7876,0.1236,0.0059,0.1234,0.966,10.988,0,jog
16.9146,7877,0.1223,0.0059,0.1222,0.2154,10.954,0,jog
16.9167,7878,0.1231,0.0059,0.1229,1.5797,11.234,0,jog
16.9187,7879,0.1218,0.006,0.1217,0.2043,11.161,0,jog
16.9208,7880,0.1225,0.0059,0.1224,0.5493,11.298,0,jog
16.9228,7881,0.1206,0.006,0.1205,0.1581,11.18,0,jog
16.9249,7882,0.1211,0.0059,0.121,1.3438,11.391,0,jog
16.927,7883,0.1198,0.006,0.1197,0.2002,11.308,0,jog
16.9291,7884,0.1211,0.0057,0.121,2.2262,11.452,0,jog
16.9311,7885,0.1192,0.0058,0.1191,0.1646,11.279,0,jog
16.9334,7886,0.1204,0.0056,0.1203,0.6551,11.451,0,jog
16.9355,7887,0.1185,0.0058,0.1184,0.1652,11.36,0,jog
16.9375,7888,0.119,0.0058,0.1188,1.5009,11.513,0,jog
16.9396,7889,0.1177,0.0059,0.1175,0.1944,11.417,0,jog
16.9416,7890,0.1183,0.0059,0.1181,2.1604,11.591,0,jog
16.9437,7891,0.117,0.006,0.1168,0.2013,11.442,0,jog
16.9458,7892,0.1165,0.0059,0.1164,2.9121,11.665,0,jog
16.9479,7893,0.1152,0.0061,0.115,0.1953,11.562,0,jog
16.95,7894,0.1157,0.0062,0.1156,1.9726,11.704,0,jog
16.952,7895,0.1144,0.0064,0.1143,0.1934,11.545,0,jog
16.9541,7896,0.1157,0.0064,0.1155,1.5869,11.761,0,jog
16.9561,7897,0.1137,0.0067,0.1135,0.1911,11.652,0,jog
16.9583,7898,0.1151,0.0067,0.1149,1.7086,11.842,0,jog
16.9603,7899,0.1131,0.007,0.1129,0.2036,11.676,0,jog
16.9625,7900,0.1137,0.0072,0.1135,1.0486,11.834,0,jog
16.9646,7901,0.1124,0.0074,0.1122,0.2032,11.664,0,jog
16.9667,7902,0.1129,0.0076,0.1127,0.5171,11.831,0,jog
16.9687,7903,0.1116,0.0078,0.1114,0.2024,11.772,0,jog
16.9715,7904,0.1121,0.008,0.1118,0.3521,11.93,0,jog
16.9736,7905,0.1101,0.0083,0.1098,0.2051,11.752,0,jog
16.9757,7906,0.1107,0.0085,0.1104,2.1933,11.866,0,jog
16.9778,7907,0.1094,0.0088,0.1091,0.2121,11.744,0,jog
16.9799,7908,0.1092,0.0091,0.1088,1.3123,11.912,0,jog
16.9819,7909,0.1079,0.0094,0.1075,0.2087,11.788,0,jog
16.9841,7910,0.1083,0.0096,0.1078,0.9318,11.94,0,jog
16.9862,7911,0.107,0.0099,0.1065,0.2054,11.752,0,jog
16.9882,7912,0.1077,0.0101,0.1072,2.5264,11.964,0,jog
16.9903,7913,0.1065,0.0104,0.106,0.2282,11.9,0,jog
16.9924,7914,0.107,0.0106,0.1064,2.6699,12.065,0,jog
16.9945,7915,0.1058,0.0109,0.1052,0.2156,11.934,0,jog
16.9966,7916,0.1061,0.0111,0.1055,2.5574,12.015,0,jog
16.9986,7917,0.1051,0.0112,0.1045,0.202,11.888,0,jog
17.0008,7918,0.1062,0.0112,0.1056,2.5239,12.208,0,jog
17.0031,7919,0.1068,0.0112,0.1062,0.1971,12.374,0,jog
17.005,7920,0.1064,0.0112,0.1058,2.4762,12.265,0,jog
17.0073,7921,0.1071,0.0113,0.1065,0.1825,12.521,0,jog
17.0092,7922,0.1067,0.0113,0.1061,2.3855,12.47,0,jog
17.0112,7923,0.1054,0.0114,0.1048,0.1939,12.321,0,jog
17.0133,7924,0.1064,0.0114,0.1058,0.3339,12.553,0,jog
17.0153,7925,0.1054,0.0115,0.1048,0.2194,12.457,0,jog
17.0174,7926,0.1059,0.0115,0.1052,3.3123,12.705,0,jog
17.0194,7927,0.1048,0.0115,0.1041,0.1893,12.608,0,jog
17.0215,7928,0.1052,0.0115,0.1045,0.8294,12.772,0,jog
17.0235,7929,0.1041,0.0116,0.1034,0.1838,12.672,0,jog
17.0256,7930,0.1048,0.0116,0.1041,2.4461,12.999,0,jog
17.0276,7931,0.1036,0.0117,0.103,0.1921,12.896,0,jog
17.0297,7932,0.1048,0.0117,0.1042,0.2053,13.207,0,jog
17.0318,7933,0.1031,0.0117,0.1025,0.1695,12.996,0,jog
17.0339,7934,0.1038,0.0117,0.1031,0.8516,13.249,0,jog
17.0359,7935,0.1021,0.0117,0.1014,0.1691,13.138,0,jog
17.038,7936,0.1029,0.0118,0.1022,1.5033,13.428,0,jog
17.04,7937,0.1019,0.0118,0.1012,0.2064,13.317,0,jog
17.0421,7938,0.1028,0.0117,0.1021,1.1785,13.513,0,jog
17.0442,7939,0.1018,0.0118,0.1011,0.2156,13.456,0,jog
17.0463,7940,0.1025,0.0118,0.1018,1.6774,13.701,0,jog
17.0483,7941,0.1015,0.0118,0.1008,0.1981,13.582,0,jog
17.0504,7942,0.102,0.0119,0.1013,2.8255,13.834,0,jog
17.0525,7943,0.1009,0.0119,0.1002,0.1849,13.648,0,jog
17.0545,7944,0.1022,0.0118,0.1015,2.4597,13.97,0,jog
17.0566,7945,0.1012,0.0119,0.1005,0.225,13.906,0,jog
17.0587,7946,0.1026,0.0118,0.1019,3.0499,14.279,0,jog
17.0607,7947,0.1011,0.0119,0.1004,0.1794,14.083,0,jog
17.0628,7948,0.1019,0.0121,0.1012,2.5377,14.343,0,jog
17.0649,7949,0.1004,0.0122,0.0997,0.1598,14.138,0,jog
17.0669,7950,0.1013,0.0124,0.1005,1.0429,14.546,0,jog
17.069,7951,0.1003,0.0125,0.0995,0.1909,14.406,0,jog
17.0711,7952,0.1011,0.0125,0.1003,0.6468,14.65,0,jog
17.0731,7953,0.1001,0.0126,0.0993,0.1979,14.435,0,jog
17.0752,7954,0.101,0.0127,0.1002,1.6397,14.701,0,jog
17.0772,7955,0.1001,0.0127,0.0993,0.2006,14.628,0,jog
17.0793,7956,0.101,0.0128,0.1002,1.0241,14.917,0,jog
17.0813,7957,0.1001,0.0128,0.0993,0.2052,14.767,0,jog
17.0834,7958,0.1011,0.0128,0.1002,0.9482,15.019,0,jog
17.0854,7959,0.1001,0.0128,0.0993,0.214,14.791,0,jog
17.0875,7960,0.1011,0.0127,0.1003,0.5837,15.026,0,jog
17.0895,7961,0.1002,0.0128,0.0994,0.2164,14.948,0,jog
17.0916,7962,0.1012,0.0126,0.1004,1.8721,15.177,0,jog
17.0937,7963,0.1003,0.0127,0.0995,0.2283,15.019,0,jog
17.0959,7964,0.1017,0.0125,0.1009,0.8904,15.3,0,jog
17.0979,7965,0.0999,0.0126,0.0991,0.1856,14.902,0,jog
17.1001,7966,0.1009,0.0125,0.1001,1.3668,15.141,0,jog
17.1021,7967,0.1,0.0125,0.0992,0.2268,15.06,0,jog
17.1042,7968,0.1011,0.0124,0.1003,0.97,15.327,0,jog
17.1062,7969,0.1002,0.0125,0.0994,0.2299,15.165,0,jog
17.1084,7970,0.1014,0.0124,0.1006,2.0974,15.392,0,jog
17.1104,7971,0.1005,0.0125,0.0997,0.2371,15.228,0,jog
17.1125,7972,0.1015,0.0123,0.1008,1.7486,15.515,0,jog
17.1146,7973,0.1007,0.0124,0.0999,0.2348,15.349,0,jog
17.1167,7974,0.1016,0.0123,0.1009,0.1972,15.553,0,jog
17.1188,7975,0.1008,0.0124,0.1,0.2353,15.387,0,jog
17.1209,7976,0.1017,0.0122,0.101,0.6444,15.515,0,jog
17.1229,7977,0.1004,0.0124,0.0997,0.2031,15.348,0,jog
17.125,7978,0.1031,0.0127,0.1024,1.602,16.252,0,jog
17.1271,7979,0.1019,0.0128,0.101,0.2597,16.0,0,jog
17.1292,7980,0.103,0.0129,0.1022,2.9069,16.251,0,jog
17.1313,7981,0.1021,0.013,0.1013,0.2386,15.999,0,jog
17.1334,7982,0.1032,0.013,0.1024,0.5217,16.28,0,jog
17.1354,7983,0.1024,0.0131,0.1015,0.2402,16.195,0,jog
17.1375,7984,0.1038,0.0132,0.1029,1.4869,16.546,0,jog
17.1396,7985,0.1025,0.0133,0.1016,0.2015,16.292,0,jog
17.1417,7986,0.1039,0.0134,0.1031,0.9637,16.665,0,jog
17.1438,7987,0.1026,0.0135,0.1017,0.2053,16.325,0,jog
17.1459,7988,0.1041,0.0135,0.1032,1.1732,16.702,0,jog
17.1479,7989,0.1024,0.0138,0.1015,0.2133,16.444,0,jog
17.1501,7990,0.1035,0.0138,0.1025,0.882,16.734,0,jog
17.1521,7991,0.1026,0.0139,0.1017,0.2394,16.475,0,jog
17.1542,7992,0.1037,0.014,0.1028,1.3015,16.797,0,jog
17.1562,7993,0.1029,0.0141,0.1019,0.2422,16.71,0,jog
17.1585,7994,0.104,0.0141,0.103,0.4052,17.035,0,jog
17.1605,7995,0.1031,0.0142,0.1021,0.2427,16.859,0,jog
17.1626,7996,0.1042,0.0142,0.1032,0.0601,17.163,0,jog
17.1647,7997,0.1033,0.0143,0.1023,0.2428,16.896,0,jog
17.1667,7998,0.1044,0.0142,0.1035,1.2218,17.182,0,jog
17.1688,7999,0.1035,0.0143,0.1026,0.2456,17.092,0,jog
17.1708,8000,0.1042,0.0144,0.1033,0.8527,17.308,0,jog
17.1729,8001,0.1034,0.0145,0.1023,0.2456,17.126,0,jog
17.175,8002,0.1049,0.0144,0.1039,0.6777,17.538,0,jog
17.177,8003,0.1036,0.0146,0.1026,0.216,17.172,0,jog
17.1791,8004,0.1047,0.0145,0.1037,0.9201,17.582,0,jog
17.1812,8005,0.1038,0.0147,0.1028,0.2473,17.397,0,jog
17.1835,8006,0.105,0.0147,0.1039,0.5439,17.736,0,jog
17.1855,8007,0.1041,0.0148,0.103,0.2421,17.552,0,jog
17.1876,8008,0.1053,0.0149,0.1042,1.3706,17.782,0,jog
17.1897,8009,0.1044,0.015,0.1033,0.2458,17.597,0,jog
17.1918,8010,0.1055,0.015,0.1044,0.5123,18.012,0,jog
17.1938,8011,0.1041,0.0152,0.103,0.2162,17.733,0,jog
17.196,8012,0.1057,0.0152,0.1046,0.63,18.148,0,jog
17.198,8013,0.1043,0.0153,0.1032,0.217,17.775,0,jog
17.2002,8014,0.1055,0.0154,0.1043,0.9242,18.085,0,jog
17.2022,8015,0.1045,0.0155,0.1034,0.2411,17.991,0,jog
17.2043,8016,0.1057,0.0156,0.1045,0.6788,18.316,0,jog
17.2063,8017,0.1047,0.0157,0.1036,0.2396,18.128,0,jog
17.2084,8018,0.1059,0.0158,0.1047,0.3644,18.439,0,jog
17.2105,8019,0.1049,0.0158,0.1037,0.2383,18.156,0,jog
17.2126,8020,0.1061,0.016,0.1049,0.9103,18.496,0,jog
17.2147,8021,0.1051,0.016,0.1039,0.2392,18.401,0,jog
17.2168,8022,0.1063,0.0161,0.105,0.4088,18.715,0,jog
17.2188,8023,0.1053,0.0162,0.104,0.239,18.526,0,jog
17.2208,8024,0.106,0.0164,0.1047,0.972,18.658,0,jog
17.2229,8025,0.105,0.0164,0.1037,0.2393,18.467,0,jog
17.2252,8026,0.1062,0.0165,0.1049,0.4068,18.884,0,jog
17.2272,8027,0.1052,0.0166,0.1039,0.2387,18.693,0,jog
17.2295,8028,0.1064,0.0167,0.1051,0.879,19.013,0,jog
17.2315,8029,0.1054,0.0168,0.104,0.2407,18.821,0,jog
17.2337,8030,0.1066,0.0169,0.1053,0.5623,19.039,0,jog
17.2358,8031,0.1056,0.017,0.1042,0.2399,18.846,0,jog
17.238,8032,0.1063,0.0172,0.1049,0.4207,19.162,0,jog
17.2401,8033,0.1052,0.0173,0.1038,0.2379,18.967,0,jog
17.2423,8034,0.1064,0.0174,0.105,0.84,19.273,0,jog
17.2443,8035,0.1054,0.0175,0.1039,0.2392,18.979,0,jog
17.2464,8036,0.1066,0.0176,0.1052,0.8817,19.292,0,jog
17.2484,8037,0.1056,0.0177,0.1041,0.2411,19.194,0,jog
17.2505,8038,0.1067,0.0178,0.1053,0.1905,19.479,0,jog
17.2526,8039,0.1057,0.0179,0.1042,0.2386,19.282,0,jog
17.2546,8040,0.1069,0.018,0.1054,0.7578,19.494,0,jog
17.2567,8041,0.1058,0.0181,0.1043,0.2386,19.297,0,jog
17.2587,8042,0.1071,0.0182,0.1055,0.6328,19.591,0,jog
17.2608,8043,0.106,0.0183,0.1044,0.2378,19.493,0,jog
17.2628,8044,0.1065,0.0184,0.1049,0.7033,19.682,0,jog
17.2649,8045,0.1054,0.0185,0.1038,0.2334,19.388,0,jog
17.2669,8046,0.1066,0.0186,0.105,0.7762,19.63,0,jog
17.269,8047,0.1055,0.0187,0.1038,0.2338,19.533,0,jog
17.271,8048,0.1066,0.0187,0.1049,0.2702,19.785,0,jog
17.2731,8049,0.1054,0.0188,0.1037,0.2288,19.591,0,jog
17.2752,8050,0.1064,0.0188,0.1047,0.3254,19.821,0,jog
17.2772,8051,0.1053,0.0189,0.1036,0.2241,19.532,0,jog
17.2793,8052,0.1064,0.0189,0.1047,2.0533,19.77,0,jog
17.2813,8053,0.1052,0.0189,0.1035,0.2303,19.578,0,jog
17.2833,8054,0.1066,0.0189,0.105,2.4618,19.987,0,jog
17.2854,8055,0.1049,0.0189,0.1032,0.1976,19.701,0,jog
17.2875,8056,0.1058,0.0188,0.1041,1.64,19.913,0,jog
17.2896,8057,0.1046,0.0188,0.1029,0.2176,19.631,0,jog
17.2917,8058,0.1054,0.0189,0.1037,2.0787,19.874,0,jog
17.2937,8059,0.1042,0.0189,0.1025,0.2031,19.782,0,jog
17.2959,8060,0.1051,0.0189,0.1034,1.6677,19.998,0,jog
17.2979,8061,0.1037,0.0192,0.1019,0.2498,19.721,0,jog
17.3001,8062,0.1047,0.019,0.1029,1.4849,19.784,0,jog
17.3021,8063,0.1038,0.019,0.1021,0.261,19.693,0,jog
17.3042,8064,0.1048,0.0193,0.103,2.1899,19.918,0,jog
17.3062,8065,0.104,0.0192,0.1022,0.2144,19.736,0,jog
17.3084,8066,0.1052,0.0192,0.1034,2.4121,19.903,0,jog
17.3104,8067,0.1043,0.0191,0.1025,0.2207,19.723,0,jog
17.3126,8068,0.1053,0.0191,0.1035,1.4293,20.03,0,jog
17.3146,8069,0.1042,0.019,0.1025,0.2023,19.851,0,jog
17.3167,8070,0.1058,0.0192,0.1041,0.5904,20.187,0,jog
17.3188,8071,0.1042,0.019,0.1025,0.1639,19.831,0,jog
17.3209,8072,0.1052,0.019,0.1034,0.7156,20.053,0,jog
17.3229,8073,0.1036,0.0189,0.1018,0.1641,19.877,0,jog
17.325,8074,0.1045,0.019,0.1028,0.9035,20.137,0,jog
17.3271,8075,0.1034,0.0189,0.1017,0.1914,19.965,0,jog
17.3292,8076,0.1042,0.019,0.1025,0.7891,20.109,0,jog
17.3312,8077,0.1031,0.0189,0.1014,0.1929,20.024,0,jog
17.3334,8078,0.1045,0.019,0.1027,0.5182,20.322,0,jog
17.3354,8079,0.1028,0.019,0.1011,0.1656,20.07,0,jog
17.3375,8080,0.1036,0.019,0.1018,0.2712,20.212,0,jog
17.3396,8081,0.1025,0.019,0.1007,0.1988,20.062,0,jog
17.3417,8082,0.1033,0.0191,0.1015,0.1952,20.32,0,jog
17.3438,8083,0.1023,0.0191,0.1005,0.2068,20.178,0,jog
17.3459,8084,0.1026,0.0191,0.1008,0.7081,20.278,0,jog
17.3479,8085,0.1016,0.019,0.0998,0.1976,20.14,0,jog
17.3501,8086,0.1023,0.0191,0.1005,1.4769,20.381,0,jog
17.3521,8087,0.1012,0.0191,0.0994,0.1812,20.242,0,jog
17.3542,8088,0.1019,0.0191,0.1001,1.2469,20.414,0,jog
17.3563,8089,0.1009,0.019,0.0991,0.1851,20.274,0,jog
17.3584,8090,0.1017,0.0186,0.1,2.5808,20.434,0,jog
17.3605,8091,0.1007,0.0185,0.0989,0.2096,20.292,0,jog
17.3627,8092,0.1012,0.019,0.0994,3.032,20.563,0,jog
17.3647,8093,0.1001,0.0189,0.0983,0.148,20.42,0,jog
17.3668,8094,0.101,0.0186,0.0992,2.6074,20.66,0,jog
17.3688,8095,0.0999,0.0185,0.0982,0.1982,20.444,0,jog
17.3709,8096,0.1,0.0188,0.0982,3.0802,20.577,0,jog
17.373,8097,0.0989,0.0187,0.0972,0.1491,20.504,0,jog
17.375,8098,0.0997,0.0188,0.0979,2.6342,20.754,0,jog
17.3771,8099,0.0986,0.0187,0.0968,0.169,20.607,0,jog
17.3791,8100,0.0994,0.0188,0.0976,0.8862,20.769,0,jog
17.3812,8101,0.0983,0.0186,0.0965,0.1719,20.621,0,jog
17.3833,8102,0.099,0.0188,0.0972,1.567,20.916,0,jog
17.3853,8103,0.0979,0.0187,0.0961,0.1598,20.767,0,jog
17.3875,8104,0.0987,0.0189,0.0969,0.6604,21.072,0,jog
17.3895,8105,0.0977,0.0188,0.0959,0.1627,20.922,0,jog
17.3916,8106,0.0984,0.019,0.0965,0.708,21.112,0,jog
17.3937,8107,0.0974,0.0189,0.0955,0.1608,20.959,0,jog
17.3958,8108,0.0981,0.0191,0.0962,0.431,21.296,0,jog
17.3979,8109,0.0965,0.0189,0.0947,0.1325,21.064,0,jog
17.4,8110,0.0972,0.0191,0.0953,0.2336,21.308,0,jog
17.402,8111,0.0962,0.0189,0.0943,0.1614,21.074,0,jog
17.4041,8112,0.097,0.019,0.0951,1.3386,21.315,0,jog
17.4062,8113,0.096,0.0189,0.0941,0.1678,21.236,0,jog
17.4083,8114,0.0972,0.019,0.0953,0.3056,21.534,0,jog
17.4103,8115,0.0957,0.0188,0.0938,0.1305,21.296,0,jog
17.4125,8116,0.0962,0.0192,0.0942,3.1801,21.617,0,jog
17.4146,8117,0.0952,0.0191,0.0932,0.1364,21.377,0,jog
17.4167,8118,0.0958,0.0194,0.0938,2.5534,21.53,0,jog
17.4187,8119,0.0948,0.0192,0.0929,0.1509,21.449,0,jog
17.4208,8120,0.0956,0.0192,0.0936,2.6971,21.692,0,jog
17.4229,8121,0.0941,0.019,0.0922,0.131,21.448,0,jog
17.425,8122,0.0948,0.0191,0.0929,0.9319,21.595,0,jog
17.427,8123,0.0938,0.0189,0.0919,0.1616,21.431,0,jog
17.4293,8124,0.0951,0.0191,0.0931,0.6165,21.765,0,jog
17.4313,8125,0.0936,0.0189,0.0917,0.1242,21.599,0,jog
17.4335,8126,0.0943,0.0189,0.0924,0.2994,21.848,0,jog
17.4356,8127,0.0934,0.0188,0.0915,0.1631,21.682,0,jog
17.4379,8128,0.0941,0.0188,0.0922,0.2682,21.852,0,jog
17.44,8129,0.0926,0.0186,0.0907,0.117,21.684,0,jog
17.4421,8130,0.0931,0.0184,0.0913,0.9318,21.849,0,jog
17.4441,8131,0.0921,0.0183,0.0903,0.158,21.679,0,jog
17.4463,8132,0.0932,0.0184,0.0913,1.4252,21.982,0,jog
17.4483,8133,0.0917,0.0181,0.0899,0.1031,21.641,0,jog
17.4504,8134,0.0923,0.0182,0.0905,0.4387,21.871,0,jog
17.4525,8135,0.0913,0.018,0.0895,0.143,21.785,0,jog
17.4547,8136,0.0925,0.0184,0.0906,0.4756,22.179,0,jog
17.4567,8137,0.0915,0.0182,0.0897,0.1525,22.006,0,jog
17.4589,8138,0.0921,0.0183,0.0903,1.2407,22.168,0,jog
17.4609,8139,0.0907,0.018,0.0889,0.1017,21.908,0,jog
17.4631,8140,0.0911,0.0179,0.0893,1.15,22.148,0,jog
17.4651,8141,0.0901,0.0177,0.0884,0.1433,21.973,0,jog
17.4673,8142,0.0906,0.0178,0.0889,1.0895,22.145,0,jog
17.4694,8143,0.0897,0.0176,0.0879,0.1333,21.883,0,jog
17.4715,8144,0.0901,0.0176,0.0884,0.1277,22.044,0,jog
17.4736,8145,0.0892,0.0174,0.0875,0.1292,21.868,0,jog
17.4756,8146,0.0901,0.0175,0.0884,0.4031,22.19,0,jog
17.4777,8147,0.0887,0.0172,0.087,0.0836,21.924,0,jog
17.4798,8148,0.0892,0.0172,0.0875,0.7469,22.086,0,jog
17.4818,8149,0.0877,0.0169,0.0861,0.0863,21.732,0,jog
17.4839,8150,0.0883,0.0169,0.0866,0.2126,21.89,0,jog
17.486,8151,0.0873,0.0167,0.0857,0.1237,21.8,0,jog
17.4881,8152,0.0878,0.0168,0.0862,0.6874,21.967,0,jog
17.4901,8153,0.0868,0.0165,0.0852,0.1157,21.788,0,jog
17.4923,8154,0.0873,0.0166,0.0857,0.3736,21.949,0,jog
17.4944,8155,0.0863,0.0164,0.0847,0.1139,21.681,0,jog
17.4964,8156,0.0868,0.0164,0.0852,0.4276,21.847,0,jog
17.4985,8157,0.0859,0.0162,0.0843,0.1124,21.757,0,jog
17.5006,8158,0.0863,0.0163,0.0848,0.0133,21.907,0,jog
17.5027,8159,0.0854,0.016,0.0839,0.113,21.725,0,jog
17.5047,8160,0.0859,0.0161,0.0843,0.3892,21.876,0,jog
17.5067,8161,0.0849,0.0158,0.0834,0.1085,21.602,0,jog
17.5088,8162,0.0854,0.0159,0.0839,0.3638,21.741,0,jog
17.5108,8163,0.084,0.0155,0.0825,0.0634,21.556,0,jog
17.5129,8164,0.0844,0.0156,0.0829,0.1543,21.698,0,jog
17.515,8165,0.0834,0.0153,0.082,0.1047,21.511,0,jog
17.517,8166,0.0839,0.0154,0.0825,0.6576,21.569,0,jog
17.5191,8167,0.083,0.0151,0.0816,0.1031,21.381,0,jog
17.5213,8168,0.0834,0.0152,0.082,0.9038,21.505,0,jog
17.5233,8169,0.0824,0.0149,0.0811,0.0958,21.41,0,jog
17.5255,8170,0.0828,0.0149,0.0815,0.5599,21.549,0,jog
17.5276,8171,0.0819,0.0147,0.0806,0.0979,21.359,0,jog
17.5297,8172,0.0822,0.0147,0.0809,0.3791,21.385,0,jog
17.5318,8173,0.0813,0.0145,0.08,0.0941,21.194,0,jog
17.534,8174,0.0812,0.0144,0.0799,0.471,21.312,0,jog
17.5361,8175,0.0803,0.0141,0.079,0.094,21.118,0,jog
17.5382,8176,0.0806,0.0141,0.0794,0.2365,21.236,0,jog
17.5403,8177,0.0797,0.0139,0.0785,0.0928,20.944,0,jog
17.5423,8178,0.0805,0.014,0.0793,0.3006,21.149,0,jog
17.5444,8179,0.0791,0.0136,0.078,0.0506,20.856,0,jog
17.5465,8180,0.0795,0.0136,0.0783,0.3651,21.084,0,jog
17.5485,8181,0.0786,0.0134,0.0774,0.0905,20.888,0,jog
17.5507,8182,0.0789,0.0134,0.0777,0.0634,21.001,0,jog
17.5527,8183,0.078,0.0131,0.0769,0.0892,20.709,0,jog
17.5549,8184,0.0783,0.0131,0.0772,0.2074,20.832,0,jog
17.5569,8185,0.0769,0.0128,0.0759,0.0535,20.638,0,jog
17.5591,8186,0.0777,0.0129,0.0766,0.3547,20.851,0,jog
17.5611,8187,0.0764,0.0126,0.0753,0.053,20.563,0,jog
17.5632,8188,0.0771,0.0127,0.0761,0.3833,20.782,0,jog
17.5653,8189,0.0758,0.0123,0.0748,0.0509,20.402,0,jog
17.5673,8190,0.0761,0.0123,0.0751,0.4449,20.535,0,jog
17.5694,8191,0.0753,0.0121,0.0743,0.0887,20.441,0,jog
17.5715,8192,0.0756,0.012,0.0746,0.34,20.582,0,jog
17.5736,8193,0.0747,0.0118,0.0738,0.086,20.397,0,jog
17.5757,8194,0.075,0.0118,0.074,0.2697,20.441,0,jog
17.5777,8195,0.0741,0.0116,0.0732,0.0829,20.259,0,jog
17.5799,8196,0.0745,0.0115,0.0736,0.9361,20.503,0,jog
17.5819,8197,0.0732,0.0111,0.0723,0.0424,20.232,0,jog
17.584,8198,0.0735,0.0111,0.0727,0.439,20.372,0,jog
17.5861,8199,0.0727,0.0108,0.0719,0.0801,20.106,0,jog
17.5881,8200,0.073,0.0107,0.0722,0.7203,20.256,0,jog
17.5902,8201,0.0722,0.0105,0.0714,0.0844,20.168,0,jog
17.5922,8202,0.0725,0.0104,0.0717,0.2237,20.309,0,jog
17.5943,8203,0.0716,0.0102,0.0709,0.0859,20.134,0,jog
17.5964,8204,0.072,0.0102,0.0713,0.3254,20.2,0,jog
17.5985,8205,0.0713,0.0101,0.0706,0.1257,20.04,0,jog
17.6006,8206,0.0718,0.0102,0.0711,0.5951,20.294,0,jog
17.6027,8207,0.0712,0.0102,0.0704,0.1423,20.145,0,jog
17.6048,8208,0.0717,0.0103,0.071,0.4734,20.249,0,jog
17.6069,8209,0.0707,0.0104,0.07,0.1209,20.113,0,jog
17.6089,8210,0.071,0.0104,0.0702,0.7878,20.094,0,jog
17.611,8211,0.0703,0.0104,0.0695,0.1344,19.967,0,jog
17.613,8212,0.0706,0.0105,0.0698,0.5517,20.083,0,jog
17.6151,8213,0.0699,0.0105,0.0691,0.1233,20.021,0,jog
17.6172,8214,0.0702,0.0104,0.0694,0.2592,20.186,0,jog
17.6193,8215,0.0695,0.0103,0.0688,0.1135,20.066,0,jog
17.6214,8216,0.0699,0.0101,0.0691,1.4621,20.212,0,jog
17.6234,8217,0.0692,0.01,0.0685,0.1123,20.092,0,jog
17.6256,8218,0.0696,0.0097,0.0689,0.8695,20.337,0,jog
17.6277,8219,0.0689,0.0096,0.0682,0.112,20.216,0,jog
17.6297,8220,0.0692,0.0093,0.0686,0.5467,20.333,0,jog
17.6318,8221,0.0685,0.0091,0.0679,0.1088,20.212,0,jog
17.634,8222,0.0695,0.0087,0.069,1.7528,20.478,0,jog
17.6361,8223,0.0685,0.0084,0.068,0.1051,20.293,0,jog
17.6381,8224,0.0689,0.0081,0.0684,2.1153,20.429,0,jog
17.6401,8225,0.0682,0.008,0.0677,0.1238,20.311,0,jog
17.6422,8226,0.0685,0.0077,0.068,1.7855,20.49,0,jog
17.6442,8227,0.0678,0.0076,0.0674,0.1166,20.37,0,jog
17.6463,8228,0.068,0.0074,0.0676,0.1749,20.463,0,jog
17.6483,8229,0.0674,0.0073,0.067,0.114,20.278,0,jog
17.6504,8230,0.0677,0.007,0.0673,0.5903,20.339,0,jog
17.6524,8231,0.0671,0.0069,0.0667,0.1208,20.276,0,jog
17.6545,8232,0.0674,0.0065,0.0671,1.9769,20.345,0,jog
17.6565,8233,0.0669,0.0064,0.0665,0.1333,20.217,0,jog
17.6586,8234,0.0673,0.006,0.067,0.4135,20.277,0,jog
17.6607,8235,0.0667,0.0059,0.0665,0.1399,20.083,0,jog
17.6629,8236,0.0671,0.0055,0.0669,0.6829,20.133,0,jog
17.665,8237,0.0662,0.0053,0.066,0.0881,20.002,0,jog
17.667,8238,0.0666,0.0049,0.0664,0.497,20.036,0,jog
17.6691,8239,0.066,0.0049,0.0658,0.136,19.906,0,jog
17.6712,8240,0.0663,0.0045,0.0661,0.9314,19.819,0,jog
17.6732,8241,0.0657,0.0045,0.0656,0.133,19.688,0,jog
17.6753,8242,0.0661,0.0041,0.0659,1.2054,19.757,0,jog
17.6773,8243,0.0655,0.0041,0.0654,0.1393,19.626,0,jog
17.6793,8244,0.0658,0.0036,0.0657,0.6172,19.618,0,jog
17.6814,8245,0.0652,0.0036,0.0651,0.143,19.489,0,jog
17.6834,8246,0.0654,0.0029,0.0654,2.0776,19.344,0,jog
17.6855,8247,0.0649,0.0029,0.0648,0.157,19.216,0,jog
17.6876,8248,0.0654,0.0024,0.0654,1.1309,19.245,0,jog
17.6896,8249,0.0646,0.0024,0.0646,0.1046,19.118,0,jog
17.6917,8250,0.0649,0.0017,0.0648,1.6329,19.126,0,jog
17.6938,8251,0.0643,0.0017,0.0643,0.1584,19.001,0,jog
17.6958,8252,0.0643,0.0013,0.0643,1.7618,18.853,0,jog
17.6979,8253,0.0638,0.0013,0.0638,0.1483,18.731,0,jog
17.7001,8254,0.0642,0.0007,0.0642,1.8619,18.785,0,jog
17.7022,8255,0.0637,0.0008,0.0637,0.1566,18.664,0,jog
17.7043,8256,0.065,0.0001,0.065,1.258,18.791,0,jog
17.7063,8257,0.0645,0.0001,0.0645,0.1876,18.614,0,jog
17.7084,8258,0.0639,-0.0004,0.0639,1.4514,18.311,0,jog
17.7105,8259,0.0634,-0.0004,0.0634,0.1632,18.252,0,jog
17.7127,8260,0.0648,-0.0009,0.0648,0.7622,18.462,0,jog
17.7147,8261,0.0643,-0.0008,0.0643,0.1809,18.346,0,jog
17.7169,8262,0.0646,-0.0013,0.0646,1.4916,18.247,0,jog
17.7189,8263,0.0638,-0.0012,0.0638,0.1181,18.022,0,jog
17.721,8264,0.0644,-0.0017,0.0644,0.9471,18.047,0,jog
17.723,8265,0.0637,-0.0016,0.0637,0.1221,17.934,0,jog
17.7251,8266,0.0632,-0.0021,0.0632,1.1754,17.765,0,jog
17.7271,8267,0.0628,-0.002,0.0627,0.1601,17.654,0,jog
17.7292,8268,0.0631,-0.0025,0.0631,1.0957,17.549,0,jog
17.7313,8269,0.0626,-0.0024,0.0626,0.1594,17.441,0,jog
17.7333,8270,0.063,-0.0029,0.0629,0.2181,17.345,0,jog
17.7353,8271,0.0625,-0.0028,0.0624,0.1551,17.238,0,jog
17.7375,8272,0.0628,-0.0033,0.0627,0.5295,17.117,0,jog
17.7395,8273,0.0623,-0.0032,0.0622,0.1556,16.959,0,jog
17.7417,8274,0.0625,-0.0037,0.0624,0.5187,16.913,0,jog
17.7438,8275,0.062,-0.0036,0.0619,0.1547,16.861,0,jog
17.7458,8276,0.0621,-0.0042,0.062,1.6239,16.755,0,jog
17.7479,8277,0.0616,-0.0041,0.0615,0.1598,16.651,0,jog
17.7501,8278,0.062,-0.0046,0.0618,0.5941,16.574,0,jog
17.7521,8279,0.0615,-0.0045,0.0613,0.1593,16.474,0,jog
17.7542,8280,0.0619,-0.0051,0.0617,0.9255,16.431,0,jog
17.7562,8281,0.0614,-0.005,0.0612,0.1626,16.381,0,jog
17.7584,8282,0.0618,-0.0057,0.0615,0.813,16.325,0,jog
17.7604,8283,0.0613,-0.0055,0.061,0.1651,16.226,0,jog
17.7626,8284,0.0616,-0.0062,0.0613,0.5457,16.127,0,jog
17.7646,8285,0.0611,-0.006,0.0608,0.1618,16.03,0,jog
17.7667,8286,0.0614,-0.0066,0.0611,0.0287,16.019,0,jog
17.7688,8287,0.0609,-0.0065,0.0606,0.1607,15.923,0,jog
17.7709,8288,0.0615,-0.0072,0.061,2.1232,15.789,0,jog
17.773,8289,0.0609,-0.0071,0.0605,0.1845,15.65,0,jog
17.7751,8290,0.0614,-0.0077,0.0609,2.7508,15.621,0,jog
17.7772,8291,0.0609,-0.0075,0.0604,0.1657,15.576,0,jog
17.7793,8292,0.0612,-0.0082,0.0606,0.6515,15.54,0,jog
17.7813,8293,0.0606,-0.008,0.0601,0.1629,15.45,0,jog
17.7833,8294,0.0611,-0.0086,0.0605,1.5167,15.441,0,jog
17.7854,8295,0.0606,-0.0084,0.06,0.1671,15.311,0,jog
17.7875,8296,0.061,-0.0091,0.0603,0.6527,15.293,0,jog
17.7895,8297,0.0605,-0.0089,0.0598,0.1647,15.25,0,jog
17.7917,8298,0.0608,-0.0095,0.0601,0.5548,15.228,0,jog
17.7937,8299,0.0603,-0.0093,0.0596,0.162,15.144,0,jog
17.7958,8300,0.0608,-0.0101,0.0599,2.5661,15.122,0,jog
17.7978,8301,0.06,-0.0098,0.0592,0.1496,14.997,0,jog
17.8,8302,0.0604,-0.0106,0.0595,0.6652,15.051,0,jog
17.802,8303,0.0598,-0.0103,0.0589,0.1713,14.968,0,jog
17.8041,8304,0.0605,-0.0112,0.0595,0.4703,15.006,0,jog
17.8062,8305,0.0597,-0.0109,0.0587,0.1449,14.841,0,jog
17.8083,8306,0.0601,-0.0116,0.059,0.3638,14.838,0,jog
17.8104,8307,0.0595,-0.0114,0.0584,0.1653,14.756,0,jog
17.8125,8308,0.0598,-0.0119,0.0587,2.301,14.712,0,jog
17.8146,8309,0.0593,-0.0116,0.0581,0.1507,14.629,0,jog
17.8167,8310,0.0597,-0.0124,0.0584,2.6864,14.62,0,jog
17.8187,8311,0.0591,-0.0121,0.0578,0.1671,14.495,0,jog
17.8208,8312,0.0595,-0.0128,0.0581,0.1944,14.482,0,jog
17.8228,8313,0.0586,-0.0124,0.0573,0.1429,14.399,0,jog
17.825,8314,0.0593,-0.0133,0.0578,0.5644,14.436,0,jog
17.827,8315,0.0584,-0.0129,0.0569,0.1432,14.311,0,jog
17.8291,8316,0.0591,-0.0138,0.0574,0.3555,14.336,0,jog
17.8312,8317,0.0581,-0.0134,0.0566,0.143,14.168,0,jog
17.8333,8318,0.0585,-0.0142,0.0568,0.8824,14.168,0,jog
17.8353,8319,0.0579,-0.0139,0.0562,0.1644,14.126,0,jog
17.8375,8320,0.0584,-0.0147,0.0565,1.2025,14.138,0,jog
17.8396,8321,0.0578,-0.0144,0.0559,0.1702,14.054,0,jog
17.8417,8322,0.0581,-0.0152,0.0561,1.0533,14.039,0,jog
17.8437,8323,0.0575,-0.0148,0.0555,0.1624,13.913,0,jog
17.8458,8324,0.0579,-0.0156,0.0557,0.7868,13.907,0,jog
17.8478,8325,0.0569,-0.0151,0.0549,0.1522,13.824,0,jog
17.85,8326,0.0574,-0.016,0.0551,1.5661,13.838,0,jog
17.8521,8327,0.0567,-0.0156,0.0545,0.1718,13.756,0,jog
17.8542,8328,0.0577,-0.017,0.0552,2.5609,13.699,0,jog
17.8562,8329,0.0567,-0.0164,0.0543,0.1831,13.576,0,jog
17.8583,8330,0.0571,-0.0172,0.0545,3.3487,13.602,0,jog
17.8604,8331,0.0564,-0.0168,0.0539,0.1659,13.521,0,jog
17.8626,8332,0.0569,-0.0177,0.0541,1.104,13.537,0,walk
17.8647,8333,0.0562,-0.0173,0.0535,0.1712,13.417,0,walk
17.8667,8334,0.0566,-0.0181,0.0536,0.1209,13.408,0,walk
17.8688,8335,0.0559,-0.0177,0.053,0.1683,13.369,0,walk
17.8708,8336,0.0559,-0.0183,0.0528,0.3792,13.324,0,walk
17.8729,8337,0.0552,-0.0178,0.0522,0.1641,13.247,0,walk
17.8752,8338,0.0557,-0.0187,0.0524,1.5313,13.212,0,walk
17.8772,8339,0.0549,-0.0182,0.0518,0.1713,13.137,0,walk
17.8794,8340,0.0554,-0.0191,0.052,0.6856,13.15,0,walk
17.8815,8341,0.0546,-0.0186,0.0514,0.172,13.113,0,walk
17.8837,8342,0.0551,-0.0196,0.0515,0.4194,13.089,0,walk
17.8858,8343,0.0543,-0.0191,0.0509,0.1719,13.017,0,walk
17.8879,8344,0.0549,-0.0201,0.051,1.5788,12.974,0,walk
17.89,8345,0.0537,-0.0194,0.0501,0.1828,12.904,0,walk
17.8921,8346,0.0542,-0.0203,0.0503,1.2277,12.904,0,walk
17.8942,8347,0.0535,-0.0198,0.0497,0.1741,12.837,0,walk
17.8964,8348,0.0542,-0.0209,0.05,1.5634,12.751,0,walk
17.8984,8349,0.0536,-0.0205,0.0496,0.2038,12.683,0,walk
17.9005,8350,0.0544,-0.0216,0.0499,0.5032,12.688,0,walk
17.9026,8351,0.0538,-0.0212,0.0495,0.1977,12.618,0,walk
17.9047,8352,0.0547,-0.0224,0.0499,1.5327,12.613,0,walk
17.9067,8353,0.0541,-0.0219,0.0494,0.1987,12.507,0,walk
17.9088,8354,0.0546,-0.023,0.0495,1.5719,12.491,0,walk
17.9109,8355,0.054,-0.0225,0.049,0.1828,12.421,0,walk
17.913,8356,0.0547,-0.0237,0.0493,1.2968,12.335,0,walk
17.9151,8357,0.054,-0.0232,0.0488,0.2108,12.266,0,walk
17.9171,8358,0.0549,-0.0245,0.0491,1.7833,12.238,0,walk
17.9192,8359,0.0542,-0.024,0.0486,0.1978,12.171,0,walk
17.9212,8360,0.055,-0.0253,0.0489,0.9732,12.17,0,walk
17.9233,8361,0.0544,-0.0248,0.0484,0.1997,12.073,0,walk
17.9253,8362,0.0553,-0.0262,0.0487,1.4829,12.066,0,walk
17.9274,8363,0.0546,-0.0256,0.0482,0.2046,12.035,0,walk
17.9294,8364,0.0554,-0.0269,0.0484,0.9802,11.99,0,walk
17.9315,8365,0.0547,-0.0264,0.0479,0.1975,11.93,0,walk
17.9335,8366,0.0557,-0.0278,0.0483,1.485,11.853,0,walk
17.9356,8367,0.055,-0.0272,0.0478,0.2061,11.795,0,walk
17.9377,8368,0.056,-0.0287,0.0481,1.3993,11.802,0,walk
17.9397,8369,0.0553,-0.0281,0.0476,0.2106,11.752,0,walk
17.9418,8370,0.0563,-0.0296,0.0479,0.4319,11.721,0,walk
17.9438,8371,0.0556,-0.029,0.0475,0.2071,11.659,0,walk
17.9459,8372,0.0564,-0.0303,0.0476,0.6149,11.618,0,walk
17.9479,8373,0.0557,-0.0297,0.0471,0.2092,11.582,0,walk
17.95,8374,0.057,-0.0313,0.0476,1.0621,11.569,0,walk
17.9521,8375,0.0564,-0.0308,0.0472,0.2151,11.519,0,walk
17.9541,8376,0.0575,-0.0324,0.0475,0.8009,11.487,0,walk
17.9562,8377,0.0568,-0.0319,0.047,0.2052,11.471,0,walk
17.9583,8378,0.058,-0.0335,0.0473,0.7555,11.456,0,walk
17.9604,8379,0.0572,-0.0329,0.0468,0.1966,11.422,0,walk
17.9626,8380,0.0588,-0.0349,0.0474,1.4291,11.398,0,walk
17.9647,8381,0.0576,-0.034,0.0465,0.1919,11.329,0,walk
17.9667,8382,0.0588,-0.0357,0.0468,0.567,11.34,0,walk
17.9688,8383,0.058,-0.0351,0.0462,0.1933,11.305,0,walk
17.9708,8384,0.0588,-0.0364,0.0462,0.4984,11.24,0,walk
17.9729,8385,0.058,-0.0359,0.0456,0.187,11.184,0,walk
17.975,8386,0.0597,-0.0379,0.0462,1.1987,11.193,0,walk
17.977,8387,0.0585,-0.037,0.0453,0.1795,11.135,0,walk
17.9792,8388,0.0594,-0.0384,0.0453,2.167,10.956,0,walk
17.9812,8389,0.0585,-0.0378,0.0447,0.1629,10.917,0,walk
17.9833,8390,0.0598,-0.0395,0.0449,1.3601,10.862,0,walk
17.9853,8391,0.059,-0.0389,0.0443,0.1766,10.801,0,walk
17.9875,8392,0.0602,-0.0406,0.0445,0.8091,10.721,0,walk
17.9895,8393,0.0594,-0.04,0.0439,0.1745,10.701,0,walk
17.9917,8394,0.0607,-0.0418,0.044,1.3974,10.695,0,walk
17.9937,8395,0.0599,-0.0412,0.0434,0.1769,10.654,0,walk
17.9959,8396,0.0613,-0.0431,0.0436,1.4294,10.609,0,walk
17.9978,8397,0.06,-0.0422,0.0427,0.165,10.526,0,walk
18.0,8398,0.0615,-0.0441,0.0428,0.3439,10.503,0,walk
18.002,8399,0.0606,-0.0435,0.0422,0.1727,10.482,0,walk
18.0042,8400,0.0622,-0.0455,0.0424,1.4355,10.468,0,walk
18.0062,8401,0.0613,-0.0449,0.0417,0.1761,10.426,0,walk
18.0083,8402,0.0628,-0.0469,0.0419,0.5242,10.384,0,walk
18.0104,8403,0.062,-0.0463,0.0412,0.1708,10.343,0,walk
18.0127,8404,0.0634,-0.0482,0.0412,0.6436,10.328,0,walk
18.0147,8405,0.0625,-0.0476,0.0406,0.1612,10.286,0,walk
18.0168,8406,0.0639,-0.0494,0.0406,0.4829,10.245,0,walk
18.0188,8407,0.063,-0.0488,0.0399,0.1553,10.182,0,walk
18.0209,8408,0.0646,-0.0507,0.0399,1.232,10.215,0,walk
18.023,8409,0.0632,-0.0498,0.0389,0.1337,10.172,0,walk
18.025,8410,0.065,-0.0519,0.0391,1.1059,10.249,0,walk
18.0271,8411,0.0641,-0.0512,0.0385,0.1577,10.206,0,walk
18.0292,8412,0.066,-0.0535,0.0387,1.2884,10.27,0,walk
18.0312,8413,0.0651,-0.0528,0.038,0.165,10.228,0,walk
18.0333,8414,0.067,-0.0551,0.0381,0.6901,10.269,0,walk
18.0353,8415,0.0661,-0.0545,0.0374,0.1657,10.226,0,walk
18.0375,8416,0.0679,-0.0567,0.0373,0.6294,10.172,0,walk
18.0396,8417,0.067,-0.0561,0.0366,0.1569,10.128,0,walk
18.0417,8418,0.0693,-0.0587,0.0369,1.2312,10.119,0,walk
18.0437,8419,0.068,-0.0578,0.0358,0.1236,10.052,0,walk
18.0459,8420,0.0694,-0.0598,0.0353,0.476,10.009,0,walk
18.0479,8421,0.0685,-0.0591,0.0345,0.1521,9.964,1,walk
18.0501,8422,0.0703,-0.0614,0.0343,0.8238,9.916,1,walk
18.0521,8423,0.0694,-0.0608,0.0335,0.1494,9.849,1,walk
18.0542,8424,0.0714,-0.0632,0.0332,1.252,9.801,1,walk
18.0562,8425,0.0705,-0.0626,0.0325,0.151,9.779,1,walk
18.0583,8426,0.0725,-0.0649,0.0322,0.1614,9.726,1,walk
18.0604,8427,0.0715,-0.0643,0.0314,0.1429,9.681,1,walk
18.0627,8428,0.0737,-0.0668,0.0311,1.2711,9.606,1,walk
18.0647,8429,0.0727,-0.0661,0.0303,0.1457,9.564,1,walk
18.0667,8430,0.0749,-0.0686,0.03,0.3976,9.532,1,walk
18.0688,8431,0.074,-0.0679,0.0292,0.1413,9.49,1,walk
18.071,8432,0.0761,-0.0705,0.0288,0.8892,9.438,1,walk
18.0731,8433,0.0747,-0.0694,0.0277,0.0779,9.357,1,walk
18.0752,8434,0.0769,-0.0719,0.0273,0.9968,9.308,1,walk
18.0772,8435,0.076,-0.0713,0.0265,0.1299,9.288,1,walk
18.0793,8436,0.0783,-0.0737,0.0262,0.9875,9.244,1,walk
18.0813,8437,0.0773,-0.073,0.0254,0.1196,9.205,1,walk
18.0834,8438,0.0796,-0.0756,0.0249,0.5028,9.135,1,walk
18.0854,8439,0.0787,-0.0749,0.0241,0.1269,9.098,1,walk
18.0875,8440,0.081,-0.0775,0.0236,1.2756,9.058,1,walk
18.0896,8441,0.0801,-0.0768,0.0228,0.1243,9.039,1,walk
18.0917,8442,0.0825,-0.0795,0.0222,0.8971,8.987,1,walk
18.0937,8443,0.0816,-0.0787,0.0214,0.1253,8.951,1,walk
18.0958,8444,0.0835,-0.081,0.0204,0.2685,8.85,1,walk
18.0979,8445,0.0826,-0.0802,0.0195,0.1174,8.814,1,walk
18.1,8446,0.0851,-0.083,0.0188,0.9515,8.765,1,walk
18.1021,8447,0.0842,-0.0823,0.0179,0.1283,8.729,1,walk
18.1042,8448,0.0871,-0.0853,0.0177,1.1142,8.684,1,walk
18.1062,8449,0.0857,-0.0842,0.0164,0.0117,8.631,1,walk
18.1084,8450,0.0885,-0.0871,0.0157,1.1571,8.452,1,walk
18.1105,8451,0.0876,-0.0863,0.0148,0.1224,8.417,1,walk
18.1125,8452,0.0906,-0.0894,0.0145,1.1645,8.41,1,walk
18.1146,8453,0.0893,-0.0883,0.0132,0.0063,8.358,1,walk
18.1167,8454,0.0918,-0.0909,0.0126,0.889,8.346,1,walk
18.1188,8455,0.0909,-0.0902,0.0117,0.1136,8.312,1,walk
18.1209,8456,0.0942,-0.0935,0.0116,1.1672,8.524,1,walk
18.123,8457,0.0929,-0.0924,0.0103,0.0444,8.492,1,walk
18.1251,8458,0.0955,-0.095,0.0095,2.1686,8.427,1,walk
18.1272,8459,0.0946,-0.0942,0.0086,0.1253,8.395,1,walk
18.1293,8460,0.0972,-0.0969,0.0077,0.9487,8.314,1,walk
18.1313,8461,0.0964,-0.0961,0.0069,0.1266,8.284,1,walk
18.1334,8462,0.0991,-0.0989,0.006,0.9689,8.256,1,walk
18.1354,8463,0.0982,-0.0981,0.0051,0.1361,8.226,1,walk
18.1375,8464,0.1014,-0.1013,0.0046,1.195,8.217,1,walk
18.1396,8465,0.1002,-0.1001,0.0033,0.0502,8.172,1,walk
18.1417,8466,0.1028,-0.1028,0.0025,0.9675,8.157,1,walk
18.1438,8467,0.102,-0.102,0.0016,0.1383,8.128,1,walk
18.1459,8468,0.1047,-0.1047,0.0006,0.9531,8.145,1,walk
18.148,8469,0.1035,-0.1035,-0.0007,0.0721,8.102,1,walk
18.1501,8470,0.1067,-0.1067,-0.0013,0.8074,8.099,1,walk
18.1521,8471,0.1055,-0.1055,-0.0026,0.0817,8.042,1,walk
18.1542,8472,0.1087,-0.1086,-0.0032,1.2309,8.095,1,walk
18.1563,8473,0.1075,-0.1074,-0.0045,0.0871,8.067,1,walk
18.1584,8474,0.1103,-0.1101,-0.0056,0.9271,8.085,1,walk
18.1605,8475,0.1095,-0.1093,-0.0065,0.1586,8.056,1,walk
18.1626,8476,0.1126,-0.1124,-0.0071,0.4208,8.104,1,walk
18.1647,8477,0.1115,-0.1112,-0.0084,0.1068,8.047,1,walk
18.1667,8478,0.1147,-0.1143,-0.0091,0.9738,8.122,1,walk
18.1688,8479,0.1135,-0.1131,-0.0104,0.1166,8.094,1,walk
18.1709,8480,0.116,-0.1153,-0.012,0.8424,8.129,1,walk
18.1729,8481,0.1152,-0.1145,-0.0129,0.1759,8.1,1,walk
18.175,8482,0.1181,-0.1172,-0.0141,0.8369,8.148,1,walk
18.177,8483,0.1173,-0.1164,-0.015,0.1828,8.118,1,walk
18.1791,8484,0.1205,-0.1195,-0.0157,1.1123,8.22,1,walk
18.1812,8485,0.1195,-0.1183,-0.017,0.1454,8.19,1,walk
18.1833,8486,0.1223,-0.121,-0.0181,0.7388,8.249,1,walk
18.1854,8487,0.1216,-0.1201,-0.019,0.1953,8.2,1,walk
18.1875,8488,0.1244,-0.1227,-0.0201,0.471,8.274,1,walk
18.1896,8489,0.1236,-0.1218,-0.021,0.1949,8.253,1,walk
18.1918,8490,0.1263,-0.1244,-0.0221,1.1272,8.308,1,walk
18.1938,8491,0.1255,-0.1234,-0.0228,0.1731,8.265,1,walk
18.1959,8492,0.1275,-0.1252,-0.0241,0.1007,8.299,1,walk
18.198,8493,0.1265,-0.1241,-0.0247,0.1606,8.285,1,walk
18.2,8494,0.129,-0.1265,-0.0255,1.2091,8.366,1,walk
18.2021,8495,0.1281,-0.1254,-0.0261,0.1656,8.343,1,walk
18.2042,8496,0.1305,-0.1277,-0.027,0.3158,8.405,1,walk
18.2063,8497,0.1297,-0.1268,-0.0275,0.2049,8.384,1,walk
18.2083,8498,0.1324,-0.1293,-0.0281,1.2574,8.465,1,walk
18.2104,8499,0.1316,-0.1285,-0.0286,0.2211,8.444,1,walk
18.2126,8500,0.1345,-0.1314,-0.029,0.3016,8.533,1,walk
18.2146,8501,0.1334,-0.1301,-0.0297,0.1479,8.487,1,walk
18.2168,8502,0.1359,-0.1325,-0.0303,0.8134,8.553,1,walk
18.2188,8503,0.1351,-0.1316,-0.0309,0.2193,8.541,1,walk
18.221,8504,0.1372,-0.1334,-0.0318,0.8925,8.598,1,walk
18.223,8505,0.1363,-0.1324,-0.0324,0.1992,8.571,1,walk
18.2251,8506,0.139,-0.135,-0.0329,0.1837,8.643,1,walk
18.2272,8507,0.1376,-0.1334,-0.0338,0.1272,8.613,1,walk
18.2293,8508,0.1397,-0.1354,-0.0345,0.5747,8.683,1,walk
18.2313,8509,0.1388,-0.1343,-0.0351,0.1889,8.651,1,walk
18.2334,8510,0.1412,-0.1366,-0.0358,1.5598,8.669,1,walk
18.2355,8511,0.1398,-0.1349,-0.0367,0.1502,8.602,1,walk
18.2376,8512,0.1424,-0.1374,-0.0371,1.4745,8.69,1,walk
18.2397,8513,0.1409,-0.1357,-0.0379,0.123,8.661,1,walk
18.2418,8514,0.1435,-0.1383,-0.0383,0.2951,8.753,1,walk
18.2438,8515,0.1421,-0.1366,-0.039,0.1198,8.694,1,walk
18.2459,8516,0.1441,-0.1386,-0.0395,1.0088,8.772,1,walk
18.2479,8517,0.1426,-0.1369,-0.0401,0.1047,8.735,1,walk
18.25,8518,0.1449,-0.1392,-0.0404,1.2247,8.884,1,walk
18.2521,8519,0.1434,-0.1374,-0.0409,0.1072,8.821,1,walk
18.2542,8520,0.1458,-0.1399,-0.0412,1.293,8.906,1,walk
18.2562,8521,0.1442,-0.1381,-0.0417,0.0864,8.81,1,walk
18.2583,8522,0.1467,-0.1405,-0.0422,0.2601,8.839,1,walk
18.2603,8523,0.145,-0.1386,-0.0426,0.0764,8.786,1,walk
18.2626,8524,0.1473,-0.1409,-0.0428,0.9563,8.898,1,walk
18.2646,8525,0.1454,-0.1389,-0.0431,0.0346,8.815,1,walk
18.2667,8526,0.1475,-0.141,-0.0432,0.4174,8.93,1,walk
18.2688,8527,0.1455,-0.1389,-0.0434,0.0001,8.813,1,walk
18.2708,8528,0.1462,-0.1396,-0.0436,1.302,8.899,1,walk
18.273,8529,0.1448,-0.1381,-0.0436,0.1413,8.835,1,walk
18.275,8530,0.147,-0.1403,-0.0437,1.3949,8.965,1,walk
18.2771,8531,0.1449,-0.1381,-0.0438,0.0106,8.865,1,walk
18.2792,8532,0.1464,-0.1397,-0.044,0.3259,8.946,1,walk
18.2812,8533,0.1451,-0.1382,-0.0441,0.1479,8.875,1,walk
18.2833,8534,0.1472,-0.1404,-0.0441,0.6748,9.05,1,walk
18.2853,8535,0.1452,-0.1383,-0.0443,0.0146,8.942,1,walk
18.2875,8536,0.1466,-0.1397,-0.0444,1.354,9.027,1,walk
18.2896,8537,0.1452,-0.1383,-0.0445,0.138,8.913,1,walk
18.2917,8538,0.1466,-0.1397,-0.0446,0.6656,9.006,1,walk
18.2938,8539,0.1453,-0.1383,-0.0447,0.1466,8.966,1,walk
18.2958,8540,0.1462,-0.1391,-0.0448,1.1536,9.008,1,walk
18.2979,8541,0.1449,-0.1377,-0.0449,0.1467,8.925,1,walk
18.3,8542,0.147,-0.14,-0.045,0.8533,9.016,1,walk
18.3021,8543,0.1449,-0.1378,-0.045,0.012,8.847,1,walk
18.3042,8544,0.1471,-0.14,-0.0451,1.1215,8.935,1,walk
18.3062,8545,0.1449,-0.1377,-0.0451,0.0278,8.847,1,walk
18.3084,8546,0.1464,-0.1393,-0.0451,1.3463,8.896,1,walk
18.3105,8547,0.1449,-0.1377,-0.0451,0.1182,8.808,1,walk
18.3126,8548,0.1468,-0.1397,-0.045,1.8695,8.903,1,walk
18.3146,8549,0.1445,-0.1374,-0.045,0.0561,8.767,1,walk
18.3168,8550,0.1456,-0.1385,-0.0448,0.6153,8.916,1,walk
18.3188,8551,0.1441,-0.1369,-0.0448,0.1112,8.823,1,walk
18.3209,8552,0.1452,-0.1381,-0.0447,0.561,8.948,1,walk
18.3229,8553,0.1429,-0.1357,-0.0447,0.0536,8.762,1,walk
18.325,8554,0.1447,-0.1377,-0.0445,1.103,8.946,1,walk
18.327,8555,0.1425,-0.1353,-0.0445,0.0484,8.851,1,walk
18.3291,8556,0.1434,-0.1364,-0.0444,1.1211,8.983,1,walk
18.3312,8557,0.142,-0.1349,-0.0445,0.118,8.887,1,walk
18.3334,8558,0.1431,-0.136,-0.0444,1.3704,8.953,1,walk
18.3354,8559,0.1417,-0.1346,-0.0445,0.1255,8.856,1,walk
18.3376,8560,0.1429,-0.1358,-0.0444,0.6933,8.984,1,walk
18.3397,8561,0.1416,-0.1344,-0.0445,0.1302,8.886,1,walk
18.3418,8562,0.1427,-0.1356,-0.0445,0.6457,8.932,1,walk
18.3438,8563,0.1407,-0.1334,-0.0446,0.0292,8.731,1,walk
18.3459,8564,0.1419,-0.1347,-0.0445,1.4373,8.778,1,walk
18.3479,8565,0.1406,-0.1333,-0.0446,0.1152,8.726,1,walk
18.35,8566,0.1417,-0.1345,-0.0445,0.2976,8.748,1,walk
18.352,8567,0.1403,-0.133,-0.0446,0.1089,8.644,1,walk
18.3541,8568,0.1414,-0.1343,-0.0444,1.1465,8.621,1,walk
18.3562,8569,0.14,-0.1328,-0.0445,0.1063,8.516,1,walk
18.3583,8570,0.141,-0.1339,-0.0443,0.5125,8.577,1,walk
18.3603,8571,0.1396,-0.1324,-0.0443,0.0998,8.472,1,walk
18.3626,8572,0.1414,-0.1343,-0.0441,1.3609,8.539,1,walk
18.3646,8573,0.1392,-0.132,-0.0442,0.0663,8.331,1,walk
18.3668,8574,0.1408,-0.1338,-0.0439,1.2376,8.579,1,walk
18.3689,8575,0.1386,-0.1314,-0.044,0.089,8.477,1,walk
18.3709,8576,0.1396,-0.1325,-0.0438,2.6193,8.5,1,walk
18.373,8577,0.1382,-0.131,-0.0438,0.0918,8.4,1,walk
18.3751,8578,0.1392,-0.1322,-0.0436,0.9253,8.386,1,walk
18.3771,8579,0.1378,-0.1307,-0.0437,0.0896,8.289,1,walk
18.3794,8580,0.1396,-0.1326,-0.0435,1.0181,8.377,1,walk
18.3814,8581,0.1375,-0.1304,-0.0436,0.0576,8.281,1,walk
18.3835,8582,0.1385,-0.1315,-0.0434,0.6293,8.297,1,walk
18.3855,8583,0.1371,-0.13,-0.0435,0.0865,8.203,1,walk
18.3876,8584,0.1382,-0.1312,-0.0433,0.7975,8.182,1,walk
18.3896,8585,0.1368,-0.1297,-0.0434,0.0837,8.091,1,walk
18.3917,8586,0.1378,-0.1308,-0.0432,0.2176,8.161,1,walk
18.3938,8587,0.1363,-0.1293,-0.0433,0.0822,8.071,1,walk
18.3958,8588,0.1366,-0.1297,-0.0431,0.7275,8.06,1,walk
18.3979,8589,0.1352,-0.1281,-0.0432,0.0743,7.93,1,walk
18.4002,8590,0.1362,-0.1293,-0.043,0.6599,7.94,1,walk
18.4022,8591,0.1348,-0.1277,-0.0431,0.0707,7.898,1,walk
18.4043,8592,0.1358,-0.1288,-0.0428,0.9662,7.907,1,walk
18.4063,8593,0.1343,-0.1273,-0.0429,0.0627,7.826,1,walk
18.4084,8594,0.1361,-0.1293,-0.0426,1.3277,7.889,1,walk
18.4105,8595,0.1339,-0.1269,-0.0428,0.0959,7.729,1,walk
18.4127,8596,0.1357,-0.1288,-0.0425,0.1264,7.783,1,walk
18.4147,8597,0.1335,-0.1265,-0.0427,0.1004,7.705,1,walk
18.4168,8598,0.1344,-0.1275,-0.0425,0.0994,7.721,1,walk
18.4189,8599,0.1322,-0.1251,-0.0426,0.1108,7.609,1,walk
18.4209,8600,0.1331,-0.1262,-0.0423,1.002,7.577,1,walk
18.423,8601,0.1316,-0.1246,-0.0424,0.0415,7.506,1,walk
18.425,8602,0.1326,-0.1257,-0.0422,0.7279,7.549,1,walk
18.4271,8603,0.1311,-0.124,-0.0423,0.0382,7.479,1,walk
18.4292,8604,0.1327,-0.1259,-0.042,0.5418,7.516,1,walk
18.4312,8605,0.1304,-0.1234,-0.0422,0.131,7.38,1,walk
18.4334,8606,0.1314,-0.1245,-0.0419,1.3504,7.395,1,walk
18.4355,8607,0.1299,-0.1228,-0.0421,0.0291,7.33,1,walk
18.4375,8608,0.1307,-0.1238,-0.0419,0.6258,7.371,1,walk
18.4396,8609,0.1292,-0.1222,-0.042,0.0309,7.307,1,walk
18.4417,8610,0.1301,-0.1232,-0.0418,1.3894,7.323,1,walk
18.4437,8611,0.1286,-0.1216,-0.0419,0.0241,7.232,1,walk
18.4458,8612,0.1289,-0.1219,-0.0418,1.3112,7.141,1,walk
18.4479,8613,0.1274,-0.1202,-0.042,0.0128,7.111,1,walk
18.45,8614,0.1283,-0.1213,-0.0417,0.8952,7.134,1,walk
18.452,8615,0.1268,-0.1197,-0.0419,0.0196,7.077,1,walk
18.4542,8616,0.1277,-0.1207,-0.0417,0.6111,7.1,1,walk
18.4562,8617,0.1261,-0.119,-0.0419,0.0255,7.016,1,walk
18.4584,8618,0.1269,-0.1199,-0.0416,0.329,7.05,1,walk
18.4604,8619,0.1254,-0.1182,-0.0418,0.0317,7.023,1,walk
18.4626,8620,0.127,-0.12,-0.0415,0.8901,7.105,1,walk
18.4646,8621,0.1246,-0.1174,-0.0418,0.1753,7.026,1,walk
18.4668,8622,0.1256,-0.1185,-0.0416,1.3279,7.021,1,walk
18.4688,8623,0.124,-0.1168,-0.0418,0.0328,6.97,1,walk
18.4709,8624,0.1241,-0.1169,-0.0417,0.76,7.004,1,walk
18.473,8625,0.1226,-0.1151,-0.042,0.0454,6.954,1,walk
18.4751,8626,0.1242,-0.117,-0.0417,0.9446,7.017,1,walk
18.4771,8627,0.1219,-0.1144,-0.0421,0.2054,6.916,1,walk
18.4792,8628,0.1225,-0.115,-0.0424,1.7217,7.094,1,walk
18.4812,8629,0.121,-0.1132,-0.0426,0.0621,7.044,1,walk
18.4833,8630,0.122,-0.1143,-0.0425,1.1265,7.136,1,walk
18.4853,8631,0.1204,-0.1126,-0.0428,0.0624,7.087,1,walk
18.4875,8632,0.1212,-0.1134,-0.0427,1.7648,7.097,1,walk
18.4896,8633,0.1197,-0.1117,-0.043,0.0696,7.03,1,walk
18.4918,8634,0.1206,-0.1127,-0.0428,1.3189,7.114,1,walk
18.4939,8635,0.1191,-0.1111,-0.0431,0.0476,7.094,1,walk
18.4959,8636,0.1202,-0.1124,-0.0427,0.5375,7.13,1,walk
18.498,8637,0.1185,-0.1105,-0.0427,0.0614,7.049,1,walk
18.5001,8638,0.1205,-0.1128,-0.0422,1.3198,7.14,1,walk
18.5021,8639,0.1189,-0.1112,-0.0421,0.054,7.097,1,walk
18.5043,8640,0.1204,-0.1131,-0.0414,0.1058,7.162,1,walk
18.5063,8641,0.1195,-0.1121,-0.0413,0.1268,7.111,1,walk
18.5084,8642,0.1209,-0.1139,-0.0407,0.3131,7.136,1,walk
18.5105,8643,0.1199,-0.1129,-0.0405,0.1211,7.107,1,walk
18.5126,8644,0.1219,-0.1152,-0.04,1.3562,7.188,1,walk
18.5146,8645,0.1202,-0.1134,-0.0398,0.0703,7.097,1,walk
18.5168,8646,0.1214,-0.1149,-0.0392,0.8378,7.102,1,walk
18.5188,8647,0.1193,-0.1127,-0.0391,0.1375,7.04,1,walk
18.521,8648,0.1204,-0.1141,-0.0386,0.9867,7.097,1,walk
18.5231,8649,0.119,-0.1125,-0.0386,0.0382,7.037,1,walk
18.5253,8650,0.12,-0.1138,-0.0382,0.0995,7.037,1,walk
18.5273,8651,0.1185,-0.1122,-0.0382,0.0322,6.98,1,walk
18.5295,8652,0.1204,-0.1143,-0.0377,1.3416,7.102,1,walk
18.5316,8653,0.1182,-0.112,-0.0377,0.1596,7.017,1,walk
18.5337,8654,0.1194,-0.1134,-0.0372,1.3166,7.095,1,walk
18.5357,8655,0.1179,-0.1119,-0.0372,0.0429,7.015,1,walk
18.5379,8656,0.1191,-0.1133,-0.0367,0.2907,7.096,1,walk
18.5401,8657,0.1171,-0.1112,-0.0367,0.1177,7.022,1,walk
18.5421,8658,0.1184,-0.1127,-0.0362,0.7001,7.089,1,walk
18.5442,8659,0.1171,-0.1113,-0.0362,0.0466,7.021,1,walk
18.5462,8660,0.1184,-0.1129,-0.0357,1.2504,7.095,1,walk
18.5483,8661,0.1171,-0.1115,-0.0358,0.0431,7.073,1,walk
18.5503,8662,0.1185,-0.1131,-0.0354,0.8104,7.153,1,walk
18.5524,8663,0.1172,-0.1117,-0.0355,0.0453,7.108,1,walk
18.5545,8664,0.1187,-0.1134,-0.035,1.0624,7.158,1,walk
18.5565,8665,0.1174,-0.112,-0.0351,0.0465,7.113,1,walk
18.5586,8666,0.1189,-0.1137,-0.0347,1.2864,7.204,1,walk
18.5607,8667,0.1176,-0.1124,-0.0348,0.0494,7.181,1,walk
18.5628,8668,0.1198,-0.1148,-0.0344,1.1899,7.292,1,walk
18.5648,8669,0.1174,-0.1121,-0.0346,0.2274,7.201,1,walk
18.5669,8670,0.1189,-0.1138,-0.0342,0.4768,7.236,1,walk
18.569,8671,0.1177,-0.1125,-0.0344,0.0493,7.189,1,walk
18.571,8672,0.1193,-0.1143,-0.0341,1.2485,7.294,1,walk
18.5731,8673,0.1181,-0.113,-0.0342,0.0543,7.247,1,walk
18.5751,8674,0.1197,-0.1149,-0.0339,1.1765,7.315,1,walk
18.5772,8675,0.1185,-0.1136,-0.034,0.0563,7.267,1,walk
18.5793,8676,0.1202,-0.1154,-0.0336,1.0239,7.323,1,walk
18.5813,8677,0.119,-0.1141,-0.0338,0.0488,7.275,1,walk
18.5835,8678,0.1208,-0.1161,-0.0334,1.2149,7.379,1,walk
18.5855,8679,0.1196,-0.1148,-0.0336,0.0573,7.331,1,walk
18.5877,8680,0.1215,-0.1169,-0.0332,1.2315,7.41,1,walk
18.5897,8681,0.1203,-0.1156,-0.0334,0.0601,7.361,1,walk
18.5919,8682,0.1225,-0.1179,-0.0331,1.1329,7.42,1,walk
18.5939,8683,0.1207,-0.116,-0.0334,0.0806,7.345,1,walk
18.596,8684,0.1226,-0.118,-0.0332,2.765,7.427,1,walk
18.5981,8685,0.1214,-0.1167,-0.0334,0.0668,7.377,1,walk
18.6002,8686,0.123,-0.1184,-0.0335,1.6352,7.526,1,walk
18.6023,8687,0.1219,-0.1171,-0.0337,0.0941,7.449,1,walk
18.6043,8688,0.1243,-0.1198,-0.0334,1.0703,7.583,1,walk
18.6063,8689,0.1226,-0.1179,-0.0338,0.0639,7.531,1,walk
18.6084,8690,0.1246,-0.12,-0.0336,1.1654,7.639,1,walk
18.6104,8691,0.1234,-0.1187,-0.0338,0.0711,7.587,1,walk
18.6128,8692,0.1261,-0.1215,-0.0334,1.1906,7.743,1,walk
18.6148,8693,0.1238,-0.1191,-0.034,0.1784,7.609,1,walk
18.6169,8694,0.1258,-0.1212,-0.0338,0.5748,7.757,1,walk
18.619,8695,0.1247,-0.12,-0.0341,0.0818,7.702,1,walk
18.621,8696,0.1267,-0.1221,-0.0339,0.8378,7.807,1,walk
18.6231,8697,0.1256,-0.1209,-0.0342,0.0831,7.723,1,walk
18.6251,8698,0.1277,-0.123,-0.034,0.6245,7.833,1,walk
18.6272,8699,0.1265,-0.1218,-0.0343,0.0853,7.805,1,walk
18.6293,8700,0.1286,-0.124,-0.0342,1.1176,7.901,1,walk
18.6313,8701,0.1275,-0.1227,-0.0345,0.0847,7.843,1,walk
18.6335,8702,0.1301,-0.1256,-0.0342,1.1837,7.979,1,walk
18.6355,8703,0.1285,-0.1237,-0.0347,0.0373,7.861,1,walk
18.6376,8704,0.1305,-0.1259,-0.0345,0.3983,8.047,1,walk
18.6396,8705,0.1294,-0.1246,-0.0349,0.087,7.987,1,walk
18.6417,8706,0.1321,-0.1275,-0.0344,1.0179,8.137,1,walk
18.6437,8707,0.1304,-0.1256,-0.035,0.0485,8.047,1,walk
18.6461,8708,0.1324,-0.1277,-0.035,0.9906,8.095,1,walk
18.6481,8709,0.1308,-0.1258,-0.0355,0.0372,8.003,1,walk
18.6503,8710,0.1326,-0.1278,-0.0355,1.1554,8.177,1,walk
18.6523,8711,0.1315,-0.1265,-0.0359,0.0986,8.115,1,walk
18.6545,8712,0.1337,-0.1288,-0.0358,1.1826,8.262,1,walk
18.6566,8713,0.1325,-0.1275,-0.0361,0.0919,8.168,1,walk
18.6587,8714,0.1347,-0.1298,-0.036,0.0813,8.303,1,walk
18.6607,8715,0.1335,-0.1285,-0.0364,0.0962,8.271,1,walk
18.6629,8716,0.1356,-0.1306,-0.0363,0.2749,8.368,1,walk
18.665,8717,0.1339,-0.1287,-0.0368,0.041,8.271,1,walk
18.6672,8718,0.136,-0.1309,-0.0367,1.1972,8.368,1,walk
18.6692,8719,0.1349,-0.1297,-0.037,0.0985,8.303,1,walk
18.6715,8720,0.137,-0.1319,-0.0369,0.9041,8.485,1,walk
18.6735,8721,0.1358,-0.1306,-0.0372,0.1013,8.418,1,walk
18.6756,8722,0.1379,-0.1328,-0.0371,0.3923,8.531,1,walk
18.6777,8723,0.1367,-0.1315,-0.0375,0.108,8.464,1,walk
18.6798,8724,0.1388,-0.1337,-0.0373,1.0737,8.551,1,walk
18.6818,8725,0.1377,-0.1324,-0.0377,0.1033,8.482,1,walk
18.6839,8726,0.1392,-0.134,-0.0377,1.1397,8.607,1,walk
18.686,8727,0.1381,-0.1327,-0.0381,0.1041,8.536,1,walk
18.688,8728,0.1401,-0.1349,-0.038,0.4437,8.659,1,walk
18.6901,8729,0.139,-0.1336,-0.0384,0.107,8.551,1,walk
18.6922,8730,0.141,-0.1358,-0.0382,1.1738,8.661,1,walk
18.6942,8731,0.1399,-0.1345,-0.0386,0.1059,8.624,1,walk
18.6963,8732,0.1419,-0.1366,-0.0385,0.3502,8.719,1,walk
18.6983,8733,0.1407,-0.1352,-0.0389,0.1077,8.642,1,walk
18.7003,8734,0.1428,-0.1375,-0.0387,1.1723,8.724,1,walk
18.7024,8735,0.1417,-0.1362,-0.0391,0.1023,8.646,1,walk
18.7044,8736,0.1437,-0.1383,-0.039,0.6548,8.732,1,walk
18.7065,8737,0.1425,-0.137,-0.0394,0.1117,8.692,1,walk
18.7085,8738,0.1446,-0.1391,-0.0392,1.0584,8.819,1,walk
18.7106,8739,0.1434,-0.1378,-0.0397,0.1077,8.739,1,walk
18.7127,8740,0.1456,-0.1401,-0.0395,1.1482,8.801,1,walk
18.7147,8741,0.1444,-0.1388,-0.0399,0.1029,8.719,1,walk
18.717,8742,0.1459,-0.1403,-0.0399,0.2118,8.806,1,walk
18.7191,8743,0.1447,-0.1389,-0.0403,0.1028,8.723,1,walk
18.7211,8744,0.1467,-0.1411,-0.0402,0.5822,8.792,1,walk
18.7232,8745,0.1455,-0.1397,-0.0406,0.1092,8.665,1,walk
18.7253,8746,0.1476,-0.1419,-0.0404,1.1455,8.769,1,walk
18.7273,8747,0.1464,-0.1406,-0.0408,0.105,8.683,1,walk
18.7294,8748,0.1485,-0.1429,-0.0406,1.0956,8.804,1,walk
18.7314,8749,0.1473,-0.1415,-0.041,0.1003,8.716,1,walk
18.7335,8750,0.1494,-0.1437,-0.0408,0.5516,8.817,1,walk
18.7356,8751,0.1481,-0.1423,-0.0412,0.1007,8.685,1,walk
18.7378,8752,0.1502,-0.1445,-0.0409,0.3468,8.737,1,walk
18.7398,8753,0.1483,-0.1423,-0.0416,0.0691,8.648,1,walk
18.7419,8754,0.1503,-0.1446,-0.0413,1.102,8.717,1,walk
18.7439,8755,0.149,-0.1431,-0.0417,0.0936,8.628,1,walk
18.746,8756,0.151,-0.1452,-0.0414,0.1786,8.636,1,walk
18.748,8757,0.1497,-0.1438,-0.0418,0.0951,8.546,1,walk
18.7501,8758,0.1518,-0.146,-0.0415,1.0129,8.657,1,walk
18.7521,8759,0.1505,-0.1445,-0.0419,0.087,8.568,1,walk
18.7542,8760,0.1524,-0.1467,-0.0415,0.8935,8.617,1,walk
18.7563,8761,0.1511,-0.1452,-0.0419,0.0945,8.484,1,walk
18.7583,8762,0.1531,-0.1474,-0.0416,1.1158,8.555,1,walk
18.7604,8763,0.1518,-0.1458,-0.042,0.0867,8.511,1,walk
18.7626,8764,0.1545,-0.1488,-0.0415,1.0897,8.568,1,walk
18.7647,8765,0.1525,-0.1465,-0.0421,0.0638,8.438,1,walk
18.7668,8766,0.1539,-0.1481,-0.0419,0.932,8.39,1,walk
18.7689,8767,0.1525,-0.1466,-0.0422,0.0839,8.306,1,walk
18.7709,8768,0.1546,-0.1488,-0.0419,0.7051,8.356,1,walk
18.773,8769,0.1532,-0.1473,-0.0423,0.0938,8.273,1,walk
18.7751,8770,0.1553,-0.1495,-0.042,1.0304,8.309,1,walk
18.7771,8771,0.1539,-0.148,-0.0424,0.0971,8.228,1,walk
18.7792,8772,0.1566,-0.1509,-0.0419,0.1886,8.252,1,walk
18.7813,8773,0.1545,-0.1486,-0.0424,0.068,8.133,1,walk
18.7834,8774,0.1573,-0.1517,-0.0419,0.8448,7.929,1,walk
18.7854,8775,0.156,-0.1501,-0.0422,0.0825,7.852,1,walk
18.7876,8776,0.158,-0.1524,-0.0419,2.7364,7.855,1,walk
18.7896,8777,0.1567,-0.1508,-0.0423,0.1024,7.776,1,walk
18.7918,8778,0.1587,-0.1531,-0.0419,0.7112,7.686,1,walk
18.7938,8779,0.1573,-0.1515,-0.0422,0.1131,7.651,1,walk
18.7959,8780,0.1586,-0.153,-0.0417,0.8582,7.59,1,walk
18.798,8781,0.1571,-0.1515,-0.0418,0.1117,7.515,1,walk
18.8,8782,0.1592,-0.1537,-0.0412,1.0831,7.516,1,walk
18.8021,8783,0.1577,-0.1522,-0.0413,0.1119,7.497,1,walk
18.8042,8784,0.1597,-0.1544,-0.0407,0.1326,7.467,1,walk
18.8063,8785,0.1582,-0.1528,-0.0408,0.1136,7.434,1,walk
18.8084,8786,0.1601,-0.155,-0.0402,0.9169,7.384,1,walk
18.8104,8787,0.1585,-0.1533,-0.0403,0.1067,7.356,1,walk
18.8126,8788,0.1612,-0.1563,-0.0396,1.0387,7.314,1,walk
18.8146,8789,0.1589,-0.1538,-0.0398,0.0846,7.288,1,walk
18.8168,8790,0.1608,-0.156,-0.0392,0.886,7.226,1,walk
18.8188,8791,0.1592,-0.1543,-0.0393,0.1065,7.191,1,walk
18.8209,8792,0.1605,-0.1558,-0.0387,0.6132,7.131,1,walk
18.823,8793,0.1591,-0.1543,-0.0388,0.1372,7.119,1,walk
18.8251,8794,0.1611,-0.1565,-0.0381,1.1208,7.081,1,walk
18.8271,8795,0.1596,-0.155,-0.0382,0.1245,7.057,1,walk
18.8292,8796,0.1616,-0.1572,-0.0375,1.0841,6.952,1,walk
18.8312,8797,0.16,-0.1555,-0.0376,0.1126,6.94,1,walk
18.8334,8798,0.1618,-0.1576,-0.037,0.8389,6.835,1,walk
18.8354,8799,0.1602,-0.1558,-0.037,0.1024,6.811,1,walk
18.8375,8800,0.162,-0.1579,-0.0363,1.0905,6.681,1,walk
18.8396,8801,0.1604,-0.1562,-0.0364,0.1131,6.658,1,walk
18.8417,8802,0.1623,-0.1583,-0.0357,0.536,6.562,1,walk
18.8437,8803,0.1607,-0.1566,-0.0358,0.1171,6.537,1,walk
18.8459,8804,0.1625,-0.1587,-0.0351,0.3799,6.421,1,walk
18.8479,8805,0.1601,-0.1562,-0.0352,0.0976,6.367,1,walk
18.85,8806,0.1619,-0.1582,-0.0344,0.443,6.263,1,walk
18.852,8807,0.1602,-0.1565,-0.0344,0.123,6.249,1,walk
18.8542,8808,0.1618,-0.1582,-0.0338,1.8683,6.126,1,walk
18.8562,8809,0.1601,-0.1565,-0.0337,0.135,6.099,1,walk
18.8584,8810,0.1626,-0.1593,-0.033,1.0634,5.978,1,walk
18.8603,8811,0.1602,-0.1568,-0.0329,0.1206,5.941,1,walk
18.8626,8812,0.1627,-0.1595,-0.0321,0.9267,5.873,1,walk
18.8646,8813,0.1602,-0.157,-0.032,0.1234,5.837,1,walk
18.8668,8814,0.1619,-0.1588,-0.0312,0.6572,5.762,1,walk
18.8688,8815,0.1602,-0.1572,-0.0312,0.146,5.73,1,walk
18.871,8816,0.161,-0.1582,-0.0303,0.4452,5.666,1,walk
18.873,8817,0.1594,-0.1565,-0.0302,0.1444,5.656,1,walk
18.8751,8818,0.1618,-0.1591,-0.0293,0.3203,5.622,1,walk
18.8772,8819,0.1593,-0.1566,-0.0292,0.1232,5.594,1,walk
18.8793,8820,0.1609,-0.1583,-0.0284,0.2722,5.556,1,walk
18.8813,8821,0.1592,-0.1567,-0.0283,0.1566,5.539,1,walk
18.8834,8822,0.1607,-0.1583,-0.0274,0.537,5.6,1,walk
18.8855,8823,0.1591,-0.1567,-0.0273,0.1554,5.583,1,walk
18.8876,8824,0.1606,-0.1584,-0.0264,0.8343,5.624,1,walk
18.8897,8825,0.159,-0.1568,-0.0263,0.1575,5.607,1,walk
18.8918,8826,0.1606,-0.1585,-0.0253,1.067,5.595,1,walk
18.8938,8827,0.1582,-0.1562,-0.0252,0.1385,5.568,1,walk
18.896,8828,0.1597,-0.1578,-0.0242,0.6156,5.601,1,walk
18.898,8829,0.1581,-0.1562,-0.0241,0.1628,5.583,1,walk
18.9001,8830,0.1596,-0.1579,-0.0231,1.1217,5.615,1,walk
18.9022,8831,0.158,-0.1564,-0.023,0.1695,5.587,1,walk
18.9043,8832,0.1594,-0.1579,-0.022,1.37,5.699,1,walk
18.9063,8833,0.1579,-0.1563,-0.0219,0.1677,5.688,1,walk
18.9084,8834,0.1594,-0.158,-0.021,1.1956,5.762,1,walk
18.9105,8835,0.1579,-0.1565,-0.0209,0.178,5.74,1,walk
18.9126,8836,0.1602,-0.1589,-0.02,0.417,5.812,1,walk
18.9147,8837,0.1579,-0.1566,-0.0198,0.1375,5.764,1,walk
18.917,8838,0.1594,-0.1583,-0.0189,0.9909,5.859,1,walk
18.9191,8839,0.1572,-0.156,-0.0187,0.1427,5.832,1,walk
18.9212,8840,0.1587,-0.1577,-0.0178,0.6392,5.902,1,walk
18.9232,8841,0.1572,-0.1562,-0.0177,0.1877,5.873,1,walk
18.9253,8842,0.1595,-0.1586,-0.0168,0.8972,5.947,1,walk
18.9273,8843,0.1572,-0.1563,-0.0167,0.1444,5.899,1,walk
18.9294,8844,0.1587,-0.1579,-0.0158,0.3386,5.967,1,walk
18.9315,8845,0.1572,-0.1564,-0.0158,0.1944,5.932,1,walk
18.9335,8846,0.1588,-0.1581,-0.0147,0.4035,6.201,1,walk
18.9356,8847,0.1573,-0.1566,-0.0146,0.1883,6.144,1,walk
18.9377,8848,0.1589,-0.1583,-0.0138,1.2706,6.23,1,walk
18.9397,8849,0.1574,-0.1568,-0.0137,0.2023,6.21,1,walk
18.9418,8850,0.1591,-0.1586,-0.0128,1.2064,6.181,1,walk
18.9438,8851,0.1569,-0.1563,-0.0127,0.1571,6.116,1,walk
18.9459,8852,0.1585,-0.1581,-0.0119,0.6475,6.132,1,walk
18.948,8853,0.1571,-0.1566,-0.0118,0.2091,6.085,1,walk
18.9501,8854,0.1594,-0.159,-0.0111,0.1358,6.136,1,walk
18.9521,8855,0.1572,-0.1568,-0.011,0.1554,6.087,1,walk
18.9542,8856,0.1587,-0.1584,-0.0103,0.7804,6.144,1,walk
18.9562,8857,0.1572,-0.1569,-0.0102,0.2145,6.093,1,walk
18.9584,8858,0.1588,-0.1586,-0.0096,1.231,6.164,1,walk
18.9604,8859,0.1574,-0.1571,-0.0095,0.223,6.112,1,walk
18.9626,8860,0.1596,-0.1594,-0.0089,0.3176,6.225,1,walk
18.9647,8861,0.1574,-0.1572,-0.0088,0.1591,6.172,1,walk
18.9668,8862,0.159,-0.1588,-0.0082,1.1942,6.237,1,walk
18.9688,8863,0.1575,-0.1573,-0.0081,0.222,6.182,1,walk
18.9709,8864,0.1583,-0.1581,-0.0075,0.2703,6.195,1,walk
18.973,8865,0.1568,-0.1566,-0.0075,0.2256,6.14,1,walk
18.975,8866,0.1582,-0.1581,-0.0069,0.1946,6.218,1,walk
18.9771,8867,0.1568,-0.1566,-0.0069,0.2217,6.162,1,walk
18.9791,8868,0.1583,-0.1582,-0.0063,1.2551,6.238,1,walk
18.9812,8869,0.1568,-0.1567,-0.0063,0.2249,6.152,1,walk
18.9833,8870,0.1583,-0.1582,-0.0058,0.2262,6.189,1,walk
18.9853,8871,0.1568,-0.1567,-0.0058,0.2212,6.161,1,walk
18.9875,8872,0.1583,-0.1582,-0.0053,0.4736,6.22,1,walk
18.9895,8873,0.1568,-0.1567,-0.0053,0.2211,6.162,1,walk
18.9917,8874,0.1583,-0.1582,-0.0048,1.2681,6.185,1,walk
18.9937,8875,0.1568,-0.1567,-0.0047,0.2249,6.099,1,walk
18.9958,8876,0.1582,-0.1581,-0.0043,0.8583,6.065,1,walk
18.9979,8877,0.1559,-0.1558,-0.0043,0.1567,6.007,1,walk
19.0,8878,0.1573,-0.1572,-0.0039,0.7715,6.023,1,walk
19.002,8879,0.1558,-0.1557,-0.0039,0.2176,5.966,1,walk
19.0041,8880,0.1579,-0.1579,-0.0034,1.2911,5.954,1,walk
19.0061,8881,0.1556,-0.1556,-0.0035,0.1578,5.868,1,walk
19.0083,8882,0.1571,-0.157,-0.0031,1.1855,5.862,1,walk
19.0103,8883,0.1555,-0.1555,-0.0031,0.2185,5.805,1,walk
19.0125,8884,0.1575,-0.1575,-0.0027,1.9455,5.757,1,walk
19.0145,8885,0.1551,-0.1551,-0.0027,0.1444,5.646,1,walk
19.0168,8886,0.1564,-0.1564,-0.0024,1.2686,5.535,1,walk
19.0188,8887,0.154,-0.154,-0.0024,0.148,5.481,1,walk
19.0209,8888,0.1562,-0.1562,-0.0019,1.0105,5.503,1,walk
19.0229,8889,0.1538,-0.1538,-0.002,0.1573,5.424,1,walk
19.025,8890,0.1558,-0.1558,-0.0015,2.0047,5.387,1,walk
19.0271,8891,0.1534,-0.1534,-0.0016,0.1421,5.285,1,walk
19.0291,8892,0.1547,-0.1547,-0.0013,1.296,5.247,1,walk
19.0312,8893,0.1531,-0.1531,-0.0013,0.2067,5.223,1,walk
19.0333,8894,0.1541,-0.1541,-0.0009,2.5828,5.103,1,walk
19.0353,8895,0.1525,-0.1525,-0.001,0.1874,5.055,1,walk
19.0375,8896,0.1543,-0.1543,-0.0007,1.2016,4.99,1,walk
19.0395,8897,0.1519,-0.1519,-0.0008,0.1358,4.898,1,walk
19.0417,8898,0.1531,-0.1531,-0.0004,1.1653,4.818,1,walk
19.0438,8899,0.1514,-0.1514,-0.0005,0.1896,4.796,1,walk
19.0459,8900,0.1525,-0.1525,-0.0003,0.6657,4.713,1,walk
19.048,8901,0.15,-0.15,-0.0004,0.1406,4.651,1,walk
19.0501,8902,0.1518,-0.1518,-0.0002,0.2304,4.564,1,walk
19.0521,8903,0.1493,-0.1493,-0.0003,0.1346,4.507,1,walk
19.0542,8904,0.1504,-0.1504,-0.0001,1.1734,4.44,1,walk
19.0563,8905,0.1487,-0.1487,-0.0002,0.176,4.404,1,walk
19.0585,8906,0.1497,-0.1497,-0.0,0.6863,4.304,1,walk
19.0605,8907,0.148,-0.148,-0.0001,0.1753,4.255,1,walk
19.0627,8908,0.1489,-0.1489,-0.0,0.9483,4.175,1,walk
19.0648,8909,0.1472,-0.1472,-0.0001,0.1674,4.161,1,walk
19.0669,8910,0.1474,-0.1474,-0.0002,1.364,4.027,1,walk
19.0689,8911,0.1457,-0.1457,-0.0003,0.1666,4.002,1,walk
19.071,8912,0.1473,-0.1473,-0.0002,1.7526,3.929,1,walk
19.0731,8913,0.1447,-0.1447,-0.0005,0.1275,3.885,1,walk
19.0751,8914,0.1456,-0.1456,-0.0003,0.8457,3.859,1,walk
19.0772,8915,0.1438,-0.1438,-0.0005,0.1419,3.841,1,walk
19.0792,8916,0.1447,-0.1447,-0.0005,0.7006,3.762,1,walk
19.0813,8917,0.1429,-0.1429,-0.0007,0.138,3.741,1,walk
19.0833,8918,0.1436,-0.1436,-0.0007,0.6902,3.691,1,walk
19.0854,8919,0.1418,-0.1418,-0.0009,0.129,3.686,1,walk
19.0875,8920,0.1427,-0.1427,-0.0009,1.3682,3.64,1,walk
19.0895,8921,0.1409,-0.1409,-0.0012,0.1315,3.633,1,walk
19.0917,8922,0.1417,-0.1417,-0.0012,0.1849,3.544,1,walk
19.0938,8923,0.14,-0.14,-0.0014,0.147,3.54,1,walk
19.0959,8924,0.1401,-0.1401,-0.0015,0.7552,3.476,1,walk
19.0979,8925,0.1386,-0.1386,-0.0016,0.1768,3.474,1,walk
19.1,8926,0.1399,-0.1399,-0.0015,1.2433,3.413,1,walk
19.102,8927,0.1386,-0.1386,-0.0016,0.221,3.404,1,walk
19.1042,8928,0.1399,-0.1399,-0.0014,0.4345,3.357,1,walk
19.1062,8929,0.1387,-0.1387,-0.0015,0.2231,3.343,1,walk
19.1083,8930,0.1401,-0.1401,-0.0014,1.1954,3.27,1,walk
19.1103,8931,0.1388,-0.1388,-0.0014,0.2265,3.243,1,walk
19.1125,8932,0.1401,-0.1401,-0.0013,0.5848,3.176,1,walk
19.1146,8933,0.1386,-0.1386,-0.0013,0.2022,3.167,1,walk
19.1167,8934,0.1396,-0.1396,-0.0012,0.6412,3.086,1,walk
19.1188,8935,0.138,-0.138,-0.0012,0.1899,3.062,1,walk
19.1209,8936,0.1383,-0.1383,-0.0012,1.3458,2.96,1,walk
19.123,8937,0.1366,-0.1366,-0.0012,0.182,2.955,1,walk
19.125,8938,0.1374,-0.1374,-0.0012,2.4951,2.892,1,walk
19.1271,8939,0.1357,-0.1357,-0.0012,0.1604,2.881,1,walk
19.1291,8940,0.1375,-0.1375,-0.0012,1.3838,2.847,1,walk
19.1312,8941,0.135,-0.135,-0.0013,0.15,2.842,1,walk
19.1334,8942,0.1359,-0.1359,-0.0013,0.6938,2.791,1,walk
19.1354,8943,0.1343,-0.1343,-0.0014,0.1576,2.789,1,walk
19.1376,8944,0.1353,-0.1353,-0.0014,1.369,2.794,1,walk
19.1396,8945,0.1339,-0.1339,-0.0015,0.1856,2.8,1,walk
19.1418,8946,0.1351,-0.1351,-0.0015,0.5595,2.775,1,walk
19.1438,8947,0.133,-0.133,-0.0016,0.1249,2.788,1,walk
19.1459,8948,0.134,-0.134,-0.0017,0.7667,2.78,1,walk
19.148,8949,0.1326,-0.1325,-0.0019,0.1662,2.795,1,walk
19.1501,8950,0.1337,-0.1337,-0.002,1.3807,2.771,1,walk
19.1521,8951,0.1322,-0.1322,-0.0022,0.1645,2.776,1,walk
19.1542,8952,0.1333,-0.1333,-0.0023,0.388,2.798,1,walk
19.1563,8953,0.1319,-0.1318,-0.0025,0.16,2.809,1,walk
19.1584,8954,0.133,-0.1329,-0.0026,0.5825,2.814,1,walk
19.1605,8955,0.1315,-0.1315,-0.0028,0.1568,2.826,1,walk
19.1626,8956,0.1326,-0.1325,-0.0031,0.6224,2.837,1,walk
19.1646,8957,0.1311,-0.1311,-0.0033,0.1611,2.843,1,walk
19.1668,8958,0.1322,-0.1322,-0.0035,0.9906,2.826,1,walk
19.1689,8959,0.1301,-0.13,-0.0038,0.0788,2.844,1,walk
19.1709,8960,0.1319,-0.1319,-0.0039,1.0502,2.898,1,walk
19.173,8961,0.1298,-0.1298,-0.0042,0.0769,2.916,1,walk
19.175,8962,0.131,-0.1309,-0.0044,0.7985,2.908,1,walk
19.1771,8963,0.1296,-0.1295,-0.0046,0.1567,2.92,1,walk
19.1792,8964,0.1308,-0.1307,-0.0049,0.6821,2.946,1,walk
19.1813,8965,0.1294,-0.1293,-0.0052,0.1607,2.963,1,walk
19.1834,8966,0.1305,-0.1304,-0.0053,0.5964,2.974,1,walk
19.1854,8967,0.1292,-0.129,-0.0056,0.1524,2.985,1,walk
19.1875,8968,0.1304,-0.1302,-0.0058,1.4241,3.028,1,walk
19.1895,8969,0.129,-0.1289,-0.0061,0.1588,3.039,1,walk
19.1917,8970,0.1302,-0.13,-0.0063,0.5831,3.061,1,walk
19.1937,8971,0.1288,-0.1287,-0.0065,0.1555,3.077,1,walk
19.1959,8972,0.1294,-0.1292,-0.007,1.1658,3.099,1,walk
19.198,8973,0.1281,-0.1279,-0.0072,0.16,3.104,1,walk
19.2001,8974,0.1293,-0.1291,-0.0075,0.6458,3.128,1,walk
19.2022,8975,0.128,-0.1277,-0.0077,0.1525,3.139,1,walk
19.2043,8976,0.1292,-0.129,-0.008,1.2498,3.206,1,walk
19.2063,8977,0.1279,-0.1276,-0.0083,0.1555,3.216,1,walk
19.2085,8978,0.1292,-0.1289,-0.0085,0.7922,3.233,1,walk
19.2105,8979,0.1279,-0.1276,-0.0088,0.1552,3.243,1,walk
19.2126,8980,0.1291,-0.1288,-0.0091,0.4887,3.297,1,walk
19.2147,8981,0.1278,-0.1275,-0.0094,0.1579,3.312,1,walk
19.2168,8982,0.1291,-0.1287,-0.0096,1.0241,3.365,1,walk
19.2188,8983,0.1272,-0.1268,-0.01,0.0474,3.375,1,walk
19.2209,8984,0.1291,-0.1287,-0.0102,1.3079,3.443,1,walk
19.223,8985,0.1272,-0.1267,-0.0106,0.0489,3.457,1,walk
19.2251,8986,0.1286,-0.1281,-0.011,1.179,3.483,1,walk
19.2271,8987,0.1273,-0.1268,-0.0113,0.1572,3.497,1,walk
19.2292,8988,0.1292,-0.1287,-0.0114,0.6452,3.58,1,walk
19.2313,8989,0.1273,-0.1268,-0.0118,0.043,3.589,1,walk
19.2334,8990,0.1287,-0.1281,-0.0122,1.3621,3.656,1,walk
19.2355,8991,0.1274,-0.1268,-0.0125,0.1567,3.665,1,walk
19.2376,8992,0.1288,-0.1282,-0.0129,0.5155,3.736,1,walk
19.2396,8993,0.1276,-0.1269,-0.0131,0.1587,3.745,1,walk
19.2417,8994,0.129,-0.1283,-0.0134,0.7273,3.821,1,walk
19.2438,8995,0.1277,-0.127,-0.0137,0.1548,3.831,1,walk
19.2459,8996,0.1292,-0.1284,-0.0141,1.3673,3.897,1,walk
19.248,8997,0.1273,-0.1265,-0.0145,0.0447,3.917,1,walk
19.2501,8998,0.1288,-0.1279,-0.0149,1.2853,3.998,1,walk
19.2521,8999,0.1276,-0.1267,-0.0151,0.1544,4.003,1,walk
19.2543,9000,0.129,-0.128,-0.0155,0.3159,4.08,1,walk
19.2563,9001,0.1277,-0.1268,-0.0158,0.1545,4.09,1,walk
19.2584,9002,0.1291,-0.1281,-0.0161,0.6164,4.171,1,walk
19.2605,9003,0.1279,-0.1268,-0.0164,0.1526,4.187,1,walk
19.2626,9004,0.1291,-0.128,-0.0169,0.9561,4.156,1,walk
19.2647,9005,0.1279,-0.1267,-0.0172,0.1623,4.162,1,walk
19.2667,9006,0.1294,-0.1282,-0.0176,1.15,4.244,1,walk
19.2688,9007,0.1282,-0.1269,-0.0179,0.1521,4.255,1,walk
19.2709,9008,0.1296,-0.1283,-0.0183,0.2031,4.344,1,walk
19.2729,9009,0.1278,-0.1264,-0.0187,0.0313,4.359,1,walk
19.275,9010,0.1293,-0.1279,-0.019,1.2459,4.477,1,walk
19.2771,9011,0.128,-0.1266,-0.0193,0.1477,4.488,1,walk
19.2791,9012,0.1297,-0.1282,-0.0197,1.3033,4.7,1,walk
19.2812,9013,0.1285,-0.127,-0.0199,0.1517,4.715,1,walk
19.2833,9014,0.1308,-0.1293,-0.0202,0.6671,4.941,1,walk
19.2853,9015,0.129,-0.1273,-0.0206,0.0376,4.951,1,walk
19.2876,9016,0.1307,-0.1291,-0.0209,0.8611,5.204,1,walk
19.2896,9017,0.1295,-0.1278,-0.0211,0.1458,5.214,1,walk
19.2917,9018,0.1312,-0.1294,-0.0215,0.6352,5.441,1,walk
19.2938,9019,0.13,-0.1281,-0.0218,0.1501,5.451,1,walk
19.2959,9020,0.131,-0.1291,-0.0223,0.5498,5.624,1,walk
19.298,9021,0.1298,-0.1278,-0.0225,0.145,5.632,1,walk
19.3001,9022,0.1313,-0.1293,-0.0229,0.8198,5.789,1,walk
19.3021,9023,0.1301,-0.128,-0.0232,0.1443,5.798,1,walk
19.3043,9024,0.132,-0.1298,-0.0241,1.0424,5.626,1,walk
19.3063,9025,0.1307,-0.1285,-0.0243,0.1759,5.629,1,walk
19.3085,9026,0.1329,-0.1305,-0.0248,2.3908,5.717,1,walk
19.3105,9027,0.131,-0.1285,-0.0251,0.0186,5.719,1,walk
19.313,9028,0.1325,-0.13,-0.0257,1.3271,5.779,1,walk
19.315,9029,0.1306,-0.128,-0.0261,0.0213,5.778,1,walk
19.3171,9030,0.1321,-0.1294,-0.0266,0.3433,5.866,1,walk
19.3191,9031,0.1308,-0.1281,-0.0268,0.1448,5.864,1,walk
19.3212,9032,0.1325,-0.1296,-0.0275,1.3014,5.865,1,walk
19.3232,9033,0.1312,-0.1282,-0.0277,0.1525,5.86,1,walk
19.3253,9034,0.1327,-0.1297,-0.0282,0.8336,5.915,1,walk
19.3273,9035,0.1314,-0.1283,-0.0284,0.14,5.908,1,walk
19.3294,9036,0.1329,-0.1297,-0.029,0.9433,5.947,1,walk
19.3314,9037,0.1316,-0.1284,-0.0292,0.1462,5.943,1,walk
19.3335,9038,0.1332,-0.1298,-0.0297,1.3268,6.0,1,walk
19.3355,9039,0.1319,-0.1284,-0.0299,0.1416,5.989,1,walk
19.3376,9040,0.1334,-0.1299,-0.0304,0.6739,6.049,1,walk
19.3396,9041,0.1321,-0.1285,-0.0306,0.1428,6.036,1,walk
19.3417,9042,0.1337,-0.1301,-0.0311,1.327,6.082,1,walk
19.3437,9043,0.1324,-0.1287,-0.0313,0.142,6.067,1,walk
19.3458,9044,0.134,-0.1302,-0.0318,0.6705,6.145,1,walk
19.3479,9045,0.132,-0.1281,-0.0321,0.0264,6.11,1,walk
19.35,9046,0.1336,-0.1296,-0.0326,0.8953,6.153,1,walk
19.3521,9047,0.1323,-0.1282,-0.0327,0.1354,6.143,1,walk
19.3542,9048,0.1345,-0.1304,-0.0332,1.1091,6.227,1,walk
19.3562,9049,0.1325,-0.1283,-0.0334,0.0279,6.194,1,walk
19.3583,9050,0.1342,-0.1298,-0.0339,1.0805,6.212,1,walk
19.3603,9051,0.1328,-0.1284,-0.0341,0.1336,6.187,1,walk
19.3626,9052,0.1344,-0.1299,-0.0347,0.8738,6.238,1,walk
19.3646,9053,0.1331,-0.1285,-0.0348,0.142,6.211,1,walk
19.3667,9054,0.1354,-0.1307,-0.0353,1.2455,6.245,1,walk
19.3688,9055,0.1334,-0.1286,-0.0355,0.031,6.187,1,walk
19.3708,9056,0.1351,-0.1302,-0.0361,1.2753,6.209,1,walk
19.3729,9057,0.133,-0.128,-0.0363,0.0361,6.177,1,walk
19.375,9058,0.1347,-0.1295,-0.0369,0.2303,6.169,1,walk
19.377,9059,0.1333,-0.1281,-0.037,0.1368,6.135,1,walk
19.3791,9060,0.1349,-0.1296,-0.0375,1.065,6.123,1,walk
19.3812,9061,0.1336,-0.1282,-0.0376,0.1379,6.088,1,walk
19.3835,9062,0.1359,-0.1304,-0.0383,1.0828,6.08,1,walk
19.3854,9063,0.1339,-0.1283,-0.0384,0.0322,6.044,1,walk
19.3877,9064,0.1356,-0.1299,-0.039,1.3387,6.03,1,walk
19.3897,9065,0.1343,-0.1284,-0.0391,0.1405,5.988,1,walk
19.3919,9066,0.1352,-0.1292,-0.0396,0.6062,5.926,1,walk
19.394,9067,0.1337,-0.1278,-0.0395,0.1522,5.906,1,walk
19.3961,9068,0.1354,-0.1293,-0.04,1.2631,5.878,1,walk
19.3982,9069,0.1339,-0.1279,-0.0398,0.1583,5.85,1,walk
19.4003,9070,0.1356,-0.1295,-0.0403,1.0021,5.832,1,walk
19.4023,9071,0.1342,-0.128,-0.0401,0.1619,5.815,1,walk
19.4044,9072,0.1359,-0.1297,-0.0406,1.2485,5.809,1,walk
19.4065,9073,0.1345,-0.1283,-0.0404,0.1663,5.795,1,walk
19.4086,9074,0.1368,-0.1306,-0.0409,0.6031,5.803,1,walk
19.4106,9075,0.1346,-0.1283,-0.0407,0.111,5.782,1,walk
19.4127,9076,0.1363,-0.1299,-0.0412,1.2724,5.777,1,walk
19.4147,9077,0.1348,-0.1284,-0.041,0.1603,5.767,1,walk
19.4169,9078,0.1366,-0.1301,-0.0416,0.6882,5.757,1,walk
19.4189,9079,0.1354,-0.1289,-0.0415,0.2043,5.747,1,walk
19.421,9080,0.1368,-0.1301,-0.0421,0.869,5.591,1,walk
19.4231,9081,0.1356,-0.1289,-0.042,0.2095,5.581,1,walk
19.4252,9082,0.1375,-0.1307,-0.0426,1.3645,5.575,1,walk
19.4273,9083,0.1363,-0.1294,-0.0425,0.1968,5.564,1,walk
19.4294,9084,0.139,-0.132,-0.0433,1.2071,5.536,1,walk
19.4314,9085,0.1369,-0.13,-0.0431,0.1097,5.514,1,walk
19.4335,9086,0.1385,-0.1315,-0.0436,0.1192,5.503,1,walk
19.4356,9087,0.1366,-0.1296,-0.0432,0.1641,5.488,1,walk
19.4377,9088,0.1381,-0.131,-0.0435,1.2009,5.453,1,walk
19.4398,9089,0.1363,-0.1293,-0.0431,0.1803,5.431,1,walk
19.4419,9090,0.1372,-0.1302,-0.0434,0.1891,5.404,1,walk
19.444,9091,0.1357,-0.1287,-0.0432,0.1834,5.386,1,walk
19.4461,9092,0.1377,-0.1305,-0.0439,1.1861,5.33,1,walk
19.4482,9093,0.1362,-0.129,-0.0437,0.1867,5.296,1,walk
19.4502,9094,0.1382,-0.1309,-0.0443,0.8801,5.267,1,walk
19.4523,9095,0.1367,-0.1294,-0.0441,0.1898,5.255,1,walk
19.4544,9096,0.1396,-0.1321,-0.045,1.1367,5.167,1,walk
19.4564,9097,0.1374,-0.1299,-0.0446,0.1578,5.128,1,walk
19.4585,9098,0.1394,-0.1318,-0.0453,0.8903,5.063,1,walk
19.4605,9099,0.1379,-0.1303,-0.045,0.2028,5.022,1,walk
19.4627,9100,0.1399,-0.1322,-0.0456,1.1674,4.985,1,walk
19.4647,9101,0.1384,-0.1307,-0.0453,0.2082,4.971,1,walk
19.4668,9102,0.1404,-0.1326,-0.0459,0.9367,4.918,1,walk
19.4689,9103,0.138,-0.1304,-0.0453,0.1892,4.875,1,walk
19.4711,9104,0.1401,-0.1323,-0.0459,1.1471,4.838,1,walk
19.4732,9105,0.1385,-0.1308,-0.0455,0.2198,4.809,1,walk
19.4753,9106,0.1405,-0.1327,-0.0461,0.515,4.781,1,walk
19.4773,9107,0.1389,-0.1312,-0.0456,0.2202,4.752,1,walk
19.4794,9108,0.141,-0.1332,-0.0463,1.1164,4.727,1,walk
19.4815,9109,0.1394,-0.1316,-0.0459,0.2332,4.7,1,walk
19.4836,9110,0.1415,-0.1336,-0.0465,0.8503,4.657,1,walk
19.4857,9111,0.1399,-0.1321,-0.0461,0.2381,4.632,1,walk
19.4878,9112,0.1419,-0.134,-0.0467,0.5545,4.63,1,walk
19.4898,9113,0.1395,-0.1318,-0.0459,0.228,4.593,1,walk
19.4919,9114,0.1425,-0.1345,-0.0469,1.1039,4.585,1,walk
19.4939,9115,0.14,-0.1322,-0.0461,0.237,4.54,1,walk
19.496,9116,0.1422,-0.1343,-0.0468,0.9919,4.531,1,walk
19.4981,9117,0.1406,-0.1327,-0.0462,0.2501,4.51,1,walk
19.5002,9118,0.1436,-0.1356,-0.0473,1.0932,4.525,1,walk
19.5022,9119,0.1412,-0.1333,-0.0464,0.2514,4.494,1,walk
19.5043,9120,0.1433,-0.1353,-0.0471,0.1978,4.498,1,walk
19.5063,9121,0.1417,-0.1338,-0.0466,0.2581,4.47,1,walk
19.5084,9122,0.1448,-0.1367,-0.0477,1.0533,4.48,1,walk
19.5104,9123,0.1423,-0.1344,-0.0468,0.2614,4.462,1,walk
19.5126,9124,0.1444,-0.1364,-0.0476,0.7029,4.485,1,walk
19.5146,9125,0.1428,-0.1348,-0.0471,0.2692,4.467,1,walk
19.5167,9126,0.1451,-0.1369,-0.048,1.0591,4.502,1,walk
19.5188,9127,0.1435,-0.1354,-0.0474,0.2823,4.477,1,walk
19.5209,9128,0.1457,-0.1375,-0.0483,1.0278,4.503,1,walk
19.5229,9129,0.1433,-0.1352,-0.0474,0.2681,4.486,1,walk
19.5251,9130,0.1465,-0.1383,-0.0485,1.1365,4.535,1,walk
19.5271,9131,0.144,-0.136,-0.0476,0.2807,4.502,1,walk
19.5293,9132,0.1463,-0.138,-0.0485,0.987,4.536,1,walk
19.5313,9133,0.1446,-0.1365,-0.0478,0.2848,4.528,1,walk
19.5334,9134,0.147,-0.1387,-0.0487,1.1226,4.579,1,walk
19.5354,9135,0.1453,-0.1371,-0.0481,0.2896,4.562,1,walk
19.5376,9136,0.1475,-0.1392,-0.049,0.2774,4.639,1,walk
19.5396,9137,0.1459,-0.1376,-0.0484,0.2927,4.615,1,walk
19.5417,9138,0.1483,-0.1398,-0.0494,1.0987,4.692,1,walk
19.5438,9139,0.1466,-0.1382,-0.0487,0.3007,4.684,1,walk
19.5459,9140,0.148,-0.1395,-0.0493,0.7455,4.772,1,walk
19.5479,9141,0.1463,-0.138,-0.0486,0.2947,4.755,1,walk
19.55,9142,0.1493,-0.1408,-0.0499,0.8059,4.87,1,walk
19.5521,9143,0.1468,-0.1384,-0.0489,0.2902,4.845,1,walk
19.5542,9144,0.149,-0.1405,-0.0498,1.1029,4.979,1,walk
19.5563,9145,0.1473,-0.1389,-0.0491,0.3001,4.962,1,walk
19.5584,9146,0.1495,-0.1408,-0.0501,0.2622,5.12,1,walk
19.5605,9147,0.1477,-0.1392,-0.0494,0.3006,5.095,1,walk
19.5626,9148,0.15,-0.1413,-0.0503,1.3448,5.264,1,walk
19.5647,9149,0.1482,-0.1397,-0.0496,0.302,5.256,1,walk
19.5668,9150,0.1512,-0.1424,-0.0509,0.2373,5.44,1,walk
19.5689,9151,0.1477,-0.1392,-0.0494,0.3724,5.409,1,walk
19.571,9152,0.1498,-0.141,-0.0504,0.2676,5.593,1,walk
19.573,9153,0.148,-0.1394,-0.0497,0.2988,5.578,1,walk
19.5751,9154,0.15,-0.1412,-0.0507,1.0642,5.798,1,walk
19.5771,9155,0.1483,-0.1396,-0.05,0.2982,5.784,1,walk
19.5792,9156,0.1502,-0.1413,-0.0509,0.2899,6.012,1,walk
19.5813,9157,0.1485,-0.1397,-0.0502,0.2953,5.997,1,walk
19.5834,9158,0.1503,-0.1414,-0.0512,0.294,6.22,1,walk
19.5855,9159,0.1486,-0.1397,-0.0504,0.2906,6.206,1,walk
19.5876,9160,0.1519,-0.1428,-0.0518,1.2296,6.348,1,walk
19.5896,9161,0.1492,-0.1403,-0.0507,0.3159,6.326,1,walk
19.5917,9162,0.1511,-0.142,-0.0518,2.4716,6.536,1,walk
19.5938,9163,0.1493,-0.1403,-0.0511,0.295,6.512,1,walk
19.596,9164,0.1502,-0.141,-0.0516,1.4256,6.732,1,walk
19.598,9165,0.1483,-0.1394,-0.0509,0.2786,6.724,1,walk
19.6001,9166,0.1511,-0.1418,-0.0523,1.0252,6.951,1,walk
19.6021,9167,0.1484,-0.1393,-0.0512,0.2781,6.926,1,walk
19.6043,9168,0.1501,-0.1407,-0.0521,1.2206,7.154,1,walk
19.6063,9169,0.1482,-0.1391,-0.0514,0.2711,7.136,1,walk
19.6084,9170,0.1499,-0.1404,-0.0523,0.3547,7.369,1,walk
19.6105,9171,0.148,-0.1388,-0.0516,0.2697,7.351,1,walk
19.6126,9172,0.1495,-0.14,-0.0524,1.522,7.628,1,walk
19.6147,9173,0.1477,-0.1383,-0.0517,0.2544,7.608,1,walk
19.6168,9174,0.1492,-0.1396,-0.0526,1.1918,7.818,1,walk
19.6189,9175,0.1464,-0.1371,-0.0515,0.251,7.796,1,walk
19.6209,9176,0.1489,-0.1392,-0.0528,0.9259,8.029,1,walk
19.623,9177,0.1461,-0.1366,-0.0518,0.2481,7.994,1,walk
19.625,9178,0.1485,-0.1387,-0.053,0.5472,8.208,1,walk
19.6271,9179,0.1457,-0.1361,-0.052,0.2395,8.157,1,walk
19.6293,9180,0.1471,-0.1373,-0.0528,1.299,8.353,1,walk
19.6313,9181,0.1452,-0.1355,-0.0522,0.2343,8.339,1,walk
19.6335,9182,0.1466,-0.1367,-0.053,0.073,8.513,1,walk
19.6355,9183,0.1447,-0.1349,-0.0523,0.2288,8.484,1,walk
19.6376,9184,0.1461,-0.136,-0.0532,0.4474,8.634,1,walk
19.6397,9185,0.1441,-0.1342,-0.0525,0.2226,8.601,1,walk
19.6418,9186,0.1455,-0.1353,-0.0534,0.5802,8.746,1,walk
19.6439,9187,0.1426,-0.1326,-0.0524,0.2215,8.711,1,walk
19.646,9188,0.1459,-0.1355,-0.054,1.2422,8.867,1,walk
19.6481,9189,0.142,-0.1319,-0.0527,0.3558,8.791,1,walk
19.6501,9190,0.1442,-0.1338,-0.0538,1.8582,8.915,1,walk
19.6522,9191,0.1413,-0.131,-0.0529,0.2087,8.85,1,walk
19.6543,9192,0.1425,-0.132,-0.0538,1.2038,8.973,1,walk
19.6563,9193,0.1406,-0.1302,-0.0531,0.1926,8.928,1,walk
19.6584,9194,0.1428,-0.1321,-0.0543,0.9264,9.025,1,walk
19.6604,9195,0.1398,-0.1292,-0.0534,0.2079,8.954,1,walk
19.6626,9196,0.1411,-0.1302,-0.0543,1.0444,8.996,1,walk
19.6646,9197,0.1391,-0.1283,-0.0538,0.17,8.944,1,walk
19.6668,9198,0.1402,-0.1291,-0.0547,0.2736,9.028,1,walk
19.6689,9199,0.1373,-0.1263,-0.0538,0.1989,8.945,1,walk
19.6709,9200,0.1385,-0.1272,-0.0547,1.4706,8.993,1,walk
19.673,9201,0.1365,-0.1253,-0.0541,0.1536,8.905,1,walk
19.675,9202,0.1376,-0.1261,-0.055,0.3714,8.932,1,walk
19.6771,9203,0.1356,-0.1242,-0.0545,0.1447,8.902,1,walk
19.6792,9204,0.1367,-0.125,-0.0554,1.1889,8.938,1,walk
19.6812,9205,0.1347,-0.1231,-0.0549,0.1353,8.877,1,walk
19.6834,9206,0.1359,-0.1239,-0.0558,0.4438,8.901,1,walk
19.6854,9207,0.1339,-0.1219,-0.0553,0.1229,8.807,1,walk
19.6875,9208,0.1349,-0.1227,-0.0562,0.1809,8.824,1,walk
19.6896,9209,0.133,-0.1207,-0.0557,0.1192,8.793,1,walk
19.6917,9210,0.1339,-0.1214,-0.0565,1.0056,8.818,1,walk
19.6938,9211,0.1321,-0.1197,-0.056,0.1303,8.759,1,walk
19.6959,9212,0.133,-0.1203,-0.0567,1.262,8.725,1,walk
19.698,9213,0.1316,-0.1189,-0.0563,0.1961,8.696,1,walk
19.7,9214,0.1332,-0.1203,-0.0571,0.7239,8.72,1,walk
19.7021,9215,0.1317,-0.1189,-0.0566,0.2013,8.662,1,walk
19.7042,9216,0.1333,-0.1203,-0.0574,0.6522,8.662,1,walk
19.7063,9217,0.132,-0.1192,-0.0568,0.2397,8.601,1,walk
19.7084,9218,0.1337,-0.1207,-0.0575,0.4848,8.658,1,walk
19.7104,9219,0.1324,-0.1196,-0.0569,0.2515,8.592,1,walk
19.7126,9220,0.1341,-0.1212,-0.0575,1.255,8.634,1,walk
19.7146,9221,0.1327,-0.1199,-0.0568,0.2298,8.528,1,walk
19.7169,9222,0.1341,-0.1212,-0.0574,0.5837,8.559,1,walk
19.7189,9223,0.1317,-0.119,-0.0563,0.2093,8.487,1,walk
19.721,9224,0.1329,-0.1201,-0.0568,0.4115,8.512,1,walk
19.7231,9225,0.1311,-0.1186,-0.0561,0.189,8.405,1,walk
19.7252,9226,0.1331,-0.1203,-0.0569,0.2554,8.552,1,walk
19.7272,9227,0.1305,-0.118,-0.0558,0.204,8.482,1,walk
19.7293,9228,0.1316,-0.1189,-0.0563,0.8513,8.523,1,walk
19.7313,9229,0.1298,-0.1174,-0.0556,0.1748,8.454,1,walk
19.7333,9230,0.131,-0.1184,-0.0561,1.3145,8.441,1,walk
19.7354,9231,0.1293,-0.1168,-0.0554,0.1793,8.374,1,walk
19.7375,9232,0.1305,-0.1179,-0.0559,1.372,8.445,1,walk
19.7395,9233,0.1289,-0.1164,-0.0552,0.1872,8.38,1,walk
19.7417,9234,0.1301,-0.1176,-0.0558,0.4252,8.426,1,walk
19.7437,9235,0.1285,-0.1161,-0.0551,0.1823,8.337,1,walk
19.7458,9236,0.1297,-0.1171,-0.0556,0.5639,8.403,1,walk
19.7478,9237,0.1273,-0.1149,-0.0547,0.1758,8.345,1,walk
19.75,9238,0.1284,-0.1159,-0.0553,0.1878,8.426,1,walk
19.752,9239,0.1268,-0.1144,-0.0547,0.1661,8.369,1,walk
19.7542,9240,0.128,-0.1155,-0.0552,0.3303,8.409,1,walk
19.7562,9241,0.1267,-0.1143,-0.0547,0.1948,8.351,1,walk
19.7584,9242,0.128,-0.1154,-0.0553,0.9785,8.463,1,walk
19.7605,9243,0.1265,-0.1141,-0.0547,0.1791,8.404,1,walk
19.7626,9244,0.1277,-0.1152,-0.0553,0.6842,8.485,1,walk
19.7647,9245,0.1263,-0.1138,-0.0547,0.1743,8.425,1,walk
19.7668,9246,0.1274,-0.1148,-0.0553,0.7258,8.469,1,walk
19.7688,9247,0.1252,-0.1127,-0.0545,0.136,8.406,1,walk
19.771,9248,0.127,-0.1144,-0.0553,0.8039,8.52,1,walk
19.773,9249,0.1248,-0.1123,-0.0545,0.1336,8.425,1,walk
19.7752,9250,0.1261,-0.1134,-0.055,1.098,8.528,1,walk
19.7772,9251,0.1246,-0.1121,-0.0545,0.1668,8.431,1,walk
19.7794,9252,0.1258,-0.1131,-0.0551,0.5408,8.509,1,walk
19.7814,9253,0.1244,-0.1118,-0.0546,0.1642,8.476,1,walk
19.7836,9254,0.1255,-0.1128,-0.0551,0.5253,8.552,1,walk
19.7856,9255,0.1241,-0.1115,-0.0546,0.1663,8.485,1,walk
19.7878,9256,0.1254,-0.1126,-0.0552,1.3892,8.592,1,walk
19.7898,9257,0.1234,-0.1107,-0.0544,0.1285,8.458,1,walk
19.792,9258,0.1252,-0.1124,-0.0552,0.5475,8.583,1,walk
19.794,9259,0.1232,-0.1105,-0.0545,0.1209,8.516,1,walk
19.7961,9260,0.1244,-0.1116,-0.0549,0.5899,8.594,1,walk
19.7982,9261,0.123,-0.1103,-0.0545,0.1636,8.526,1,walk
19.8003,9262,0.1242,-0.1114,-0.055,1.1031,8.594,1,walk
19.8023,9263,0.1229,-0.1102,-0.0545,0.1667,8.526,1,walk
19.8045,9264,0.1239,-0.1111,-0.0549,1.9669,8.59,1,walk
19.8065,9265,0.1226,-0.1099,-0.0545,0.1615,8.556,1,walk
19.8087,9266,0.1238,-0.111,-0.0549,1.4169,8.629,1,walk
19.8107,9267,0.1225,-0.1098,-0.0545,0.1685,8.561,1,walk
19.8128,9268,0.1238,-0.1109,-0.055,0.9444,8.626,1,walk
19.8149,9269,0.1219,-0.1091,-0.0543,0.1127,8.526,1,walk
19.8169,9270,0.1231,-0.1102,-0.0548,0.0663,8.66,1,walk
19.819,9271,0.1218,-0.109,-0.0543,0.1705,8.594,1,walk
19.821,9272,0.1232,-0.1103,-0.0549,1.4205,8.73,1,walk
19.8231,9273,0.122,-0.1091,-0.0544,0.1742,8.632,1,walk
19.8251,9274,0.1234,-0.1104,-0.055,0.6552,8.757,1,walk
19.8272,9275,0.1221,-0.1093,-0.0545,0.1771,8.725,1,walk
19.8293,9276,0.124,-0.111,-0.0552,1.3935,8.863,1,walk
19.8313,9277,0.1221,-0.1092,-0.0546,0.107,8.767,1,walk
19.8334,9278,0.124,-0.111,-0.0553,1.126,8.901,1,walk
19.8355,9279,0.1221,-0.1092,-0.0547,0.1072,8.774,1,walk
19.8376,9280,0.1233,-0.1103,-0.0551,0.4705,8.859,1,walk
19.8397,9281,0.1221,-0.1091,-0.0547,0.1676,8.827,1,walk
19.8418,9282,0.1233,-0.1103,-0.0551,0.9942,8.912,1,walk
19.8439,9283,0.1214,-0.1085,-0.0545,0.1001,8.816,1,walk
19.8459,9284,0.1233,-0.1102,-0.0552,1.2842,8.958,1,walk
19.848,9285,0.1214,-0.1085,-0.0546,0.1035,8.832,1,walk
19.85,9286,0.1226,-0.1096,-0.055,0.2119,8.959,1,walk
19.8521,9287,0.1214,-0.1085,-0.0546,0.1637,8.897,1,walk
19.8541,9288,0.1227,-0.1096,-0.055,1.4091,8.994,1,walk
19.8562,9289,0.1214,-0.1085,-0.0546,0.1666,8.933,1,walk
19.8585,9290,0.1227,-0.1097,-0.0551,0.7899,9.001,1,walk
19.8606,9291,0.1215,-0.1085,-0.0546,0.168,8.941,1,walk
19.8627,9292,0.1227,-0.1096,-0.0551,0.2942,9.055,1,walk
19.8647,9293,0.1215,-0.1085,-0.0547,0.168,8.995,1,walk
19.8668,9294,0.1227,-0.1096,-0.0551,0.8452,9.083,1,walk
19.8688,9295,0.1209,-0.1079,-0.0544,0.1054,8.963,1,walk
19.8709,9296,0.1221,-0.1091,-0.0549,1.3407,9.047,1,walk
19.873,9297,0.1209,-0.1079,-0.0545,0.1649,9.017,1,walk
19.875,9298,0.1222,-0.1091,-0.0549,1.0386,9.099,1,walk
19.8771,9299,0.1209,-0.108,-0.0545,0.1624,9.038,1,walk
19.8792,9300,0.1221,-0.1091,-0.0548,0.5195,9.113,1,walk
19.8812,9301,0.1208,-0.1079,-0.0544,0.1564,9.022,1,walk
19.8834,9302,0.1221,-0.1091,-0.0548,1.2957,9.089,1,walk
19.8854,9303,0.1208,-0.1079,-0.0544,0.1618,9.058,1,walk
19.8876,9304,0.1221,-0.1091,-0.0548,0.9407,9.121,1,walk
19.8896,9305,0.1208,-0.1079,-0.0543,0.1595,9.058,1,walk
19.8918,9306,0.122,-0.1091,-0.0547,0.748,9.086,1,walk
19.8939,9307,0.1201,-0.1073,-0.054,0.1157,8.992,1,walk
19.8959,9308,0.122,-0.1091,-0.0546,1.033,9.105,1,walk
19.898,9309,0.12,-0.1073,-0.0539,0.1184,9.01,1,walk
19.9001,9310,0.1214,-0.1085,-0.0543,1.3663,9.086,1,walk
19.9021,9311,0.1201,-0.1073,-0.0538,0.1608,8.99,1,walk
19.9042,9312,0.1213,-0.1085,-0.0541,0.9031,9.028,1,walk
19.9062,9313,0.12,-0.1073,-0.0536,0.1514,8.995,1,walk
19.9084,9314,0.1211,-0.1084,-0.054,0.2854,9.014,1,walk
19.9104,9315,0.1198,-0.1072,-0.0535,0.1508,8.948,1,walk
19.9125,9316,0.1216,-0.109,-0.054,0.9403,9.015,1,walk
19.9146,9317,0.1196,-0.1071,-0.0533,0.1271,8.88,1,walk
19.9167,9318,0.1208,-0.1083,-0.0535,1.0263,8.896,1,walk
19.9188,9319,0.1194,-0.107,-0.053,0.1478,8.862,1,walk
19.9209,9320,0.1199,-0.1075,-0.0531,0.5597,8.841,1,walk
19.923,9321,0.1185,-0.1062,-0.0525,0.1504,8.772,1,walk
19.925,9322,0.1204,-0.108,-0.0531,1.4235,8.824,1,walk
19.9271,9323,0.1183,-0.1061,-0.0523,0.1489,8.683,1,walk
19.9293,9324,0.1195,-0.1074,-0.0525,0.9776,8.718,1,walk
19.9313,9325,0.1181,-0.1061,-0.0519,0.1524,8.647,1,walk
19.9334,9326,0.12,-0.1079,-0.0525,0.3489,8.699,1,walk
19.9354,9327,0.1178,-0.1059,-0.0516,0.1592,8.592,1,walk
19.9376,9328,0.1191,-0.1072,-0.0518,1.3842,8.574,1,walk
19.9396,9329,0.1176,-0.1059,-0.0512,0.1597,8.503,1,walk
19.9417,9330,0.1188,-0.1071,-0.0515,0.8043,8.542,1,walk
19.9438,9331,0.1174,-0.1058,-0.0509,0.164,8.472,1,walk
19.9459,9332,0.1178,-0.1064,-0.0507,0.7121,8.472,1,walk
19.9479,9333,0.1164,-0.105,-0.0501,0.161,8.37,1,walk
19.95,9334,0.1182,-0.1069,-0.0505,0.2336,8.436,1,walk
19.952,9335,0.116,-0.1049,-0.0495,0.1897,8.369,1,walk
19.9541,9336,0.1171,-0.106,-0.0496,0.7823,8.375,1,walk
19.9562,9337,0.1156,-0.1047,-0.049,0.1651,8.308,1,walk
19.9583,9338,0.1166,-0.1058,-0.0491,0.2937,8.298,1,walk
19.9604,9339,0.1152,-0.1045,-0.0484,0.1683,8.232,1,walk
19.9626,9340,0.1162,-0.1056,-0.0485,0.2033,8.306,1,walk
19.9648,9341,0.1147,-0.1042,-0.0478,0.1723,8.241,1,walk
19.9668,9342,0.1151,-0.1048,-0.0476,1.4158,8.227,1,walk
19.9689,9343,0.1136,-0.1034,-0.0469,0.1786,8.132,1,walk
19.971,9344,0.1147,-0.1046,-0.047,1.0416,8.16,1,walk
19.973,9345,0.1132,-0.1033,-0.0463,0.1861,8.098,1,walk
19.9751,9346,0.1143,-0.1045,-0.0464,0.6646,8.133,1,walk
19.9771,9347,0.1128,-0.1032,-0.0457,0.1868,8.071,1,walk
19.9793,9348,0.1141,-0.1045,-0.0458,1.3426,8.089,1,walk
19.9813,9349,0.1125,-0.1031,-0.0451,0.1972,8.027,1,walk
19.9834,9350,0.1136,-0.1043,-0.0452,1.2452,8.029,1,walk
19.9855,9351,0.1121,-0.1029,-0.0444,0.192,7.968,1,walk
19.9875,9352,0.1132,-0.1041,-0.0445,0.8734,8.005,1,walk
19.9896,9353,0.1117,-0.1028,-0.0437,0.1934,7.944,1,walk
19.9917,9354,0.1129,-0.104,-0.0439,0.1308,7.96,1,walk
19.9937,9355,0.1117,-0.103,-0.0434,0.1982,7.878,1,walk
19.9959,9356,0.1132,-0.1044,-0.0438,1.3807,7.926,1,walk
19.998,9357,0.1116,-0.1029,-0.043,0.1841,7.88,1,walk
20.0,9358,0.1132,-0.1045,-0.0435,1.3778,7.936,1,walk
20.0021,9359,0.112,-0.1034,-0.043,0.2051,7.876,1,walk
20.0041,9360,0.1135,-0.1049,-0.0434,0.5784,7.914,1,walk
20.0062,9361,0.1122,-0.1037,-0.0429,0.192,7.896,1,walk
20.0084,9362,0.1136,-0.105,-0.0433,0.33,7.958,1,walk
20.0104,9363,0.1122,-0.1038,-0.0427,0.1859,7.908,1,walk
20.0125,9364,0.1135,-0.105,-0.0431,0.7572,7.975,1,walk
20.0146,9365,0.1122,-0.1038,-0.0425,0.1805,7.959,1,walk
20.0169,9366,0.1128,-0.1045,-0.0426,1.3745,7.961,1,walk
20.0189,9367,0.1114,-0.1032,-0.0421,0.1783,7.911,1,walk
20.021,9368,0.1127,-0.1044,-0.0425,0.1597,7.966,1,walk
20.023,9369,0.1113,-0.1031,-0.0419,0.1763,7.948,1,walk
20.0251,9370,0.1134,-0.105,-0.0426,1.3613,8.005,1,walk
20.0272,9371,0.1112,-0.1031,-0.0418,0.2028,7.951,1,walk
20.0294,9372,0.1125,-0.1043,-0.0421,0.6448,7.937,1,walk
20.0314,9373,0.1111,-0.103,-0.0416,0.1787,7.898,1,walk
20.0335,9374,0.1131,-0.1049,-0.0422,0.3641,7.965,1,walk
20.0356,9375,0.111,-0.103,-0.0414,0.1984,7.904,1,walk
20.0376,9376,0.1123,-0.1042,-0.0417,0.3666,7.919,1,walk
20.0397,9377,0.111,-0.1031,-0.0412,0.1889,7.857,1,walk
20.0418,9378,0.1125,-0.1045,-0.0416,1.3553,7.856,1,walk
20.0438,9379,0.1112,-0.1033,-0.0411,0.1937,7.834,1,walk
20.046,9380,0.112,-0.1041,-0.0412,0.5059,7.811,1,walk
20.048,9381,0.1106,-0.1029,-0.0407,0.1929,7.766,1,walk
20.0501,9382,0.1122,-0.1044,-0.0411,1.1901,7.728,1,walk
20.0522,9383,0.111,-0.1034,-0.0405,0.221,7.683,1,walk
20.0542,9384,0.1134,-0.1056,-0.0413,1.3128,7.747,1,walk
20.0563,9385,0.1117,-0.1041,-0.0405,0.2268,7.679,1,walk
20.0584,9386,0.1133,-0.1056,-0.0409,0.8921,7.684,1,walk
20.0605,9387,0.112,-0.1045,-0.0404,0.2099,7.616,1,walk
20.0626,9388,0.1136,-0.106,-0.0408,1.3242,7.607,1,walk
20.0647,9389,0.1123,-0.1049,-0.0403,0.2108,7.583,1,walk
20.0669,9390,0.1133,-0.1058,-0.0405,0.7675,7.571,1,walk
20.0689,9391,0.112,-0.1046,-0.0399,0.212,7.525,1,walk
20.071,9392,0.1136,-0.1062,-0.0404,1.0071,7.49,1,walk
20.073,9393,0.1123,-0.105,-0.0398,0.2136,7.445,1,walk
20.0751,9394,0.1139,-0.1065,-0.0403,0.5813,7.458,1,walk
20.0771,9395,0.1126,-0.1054,-0.0398,0.2165,7.436,1,walk
20.0792,9396,0.1149,-0.1075,-0.0406,1.3544,7.463,1,walk
20.0812,9397,0.113,-0.1058,-0.0397,0.2212,7.395,1,walk
20.0834,9398,0.1153,-0.108,-0.0405,1.0547,7.431,1,walk
20.0854,9399,0.1134,-0.1062,-0.0397,0.2232,7.342,1,walk
20.0876,9400,0.1151,-0.1079,-0.0402,0.9265,7.376,1,walk
20.0896,9401,0.1138,-0.1067,-0.0396,0.2264,7.33,1,walk
20.0917,9402,0.1156,-0.1084,-0.0402,1.0275,7.351,1,walk
20.0938,9403,0.1143,-0.1072,-0.0396,0.2308,7.283,1,walk
20.0959,9404,0.1154,-0.1083,-0.0399,0.4479,7.292,1,walk
20.0979,9405,0.1141,-0.1071,-0.0393,0.2301,7.27,1,walk
20.1,9406,0.1159,-0.1089,-0.0399,1.1977,7.306,1,walk
20.1021,9407,0.1147,-0.1077,-0.0393,0.2352,7.26,1,walk
20.1041,9408,0.1164,-0.1094,-0.0399,0.5885,7.262,1,walk
20.1062,9409,0.1151,-0.1082,-0.0393,0.2355,7.216,1,walk
20.1084,9410,0.117,-0.11,-0.0399,1.2998,7.292,1,walk
20.1104,9411,0.1157,-0.1088,-0.0393,0.242,7.245,1,walk
20.1125,9412,0.1176,-0.1106,-0.0399,1.1747,7.277,1,walk
20.1146,9413,0.1163,-0.1095,-0.0393,0.2451,7.205,1,walk
20.1167,9414,0.1181,-0.1112,-0.0399,0.5684,7.249,1,walk
20.1188,9415,0.1169,-0.1101,-0.0393,0.2437,7.225,1,walk
20.1208,9416,0.1181,-0.1113,-0.0396,1.2862,7.252,1,walk
20.1229,9417,0.1169,-0.1102,-0.039,0.2506,7.202,1,walk
20.125,9418,0.1187,-0.112,-0.0396,0.6256,7.256,1,walk
20.1271,9419,0.1175,-0.1108,-0.039,0.2479,7.205,1,walk
20.1292,9420,0.1193,-0.1126,-0.0395,0.7691,7.288,1,walk
20.1313,9421,0.1181,-0.1115,-0.0389,0.2505,7.235,1,walk
20.1334,9422,0.1201,-0.1134,-0.0396,1.2305,7.303,1,walk
20.1354,9423,0.1188,-0.1122,-0.039,0.2596,7.222,1,walk
20.1375,9424,0.1207,-0.114,-0.0395,0.9526,7.275,1,walk
20.1396,9425,0.1194,-0.1129,-0.0389,0.2555,7.247,1,walk
20.1418,9426,0.1214,-0.1148,-0.0395,1.2521,7.324,1,walk
20.1439,9427,0.1195,-0.1131,-0.0387,0.2537,7.238,1,walk
20.146,9428,0.1214,-0.1149,-0.0391,0.7665,7.297,1,walk
20.148,9429,0.1201,-0.1137,-0.0386,0.2535,7.238,1,walk
20.1501,9430,0.1227,-0.1162,-0.0394,1.2259,7.358,1,walk
20.1522,9431,0.1208,-0.1145,-0.0386,0.2542,7.269,1,walk
20.1543,9432,0.1227,-0.1163,-0.0391,0.5603,7.333,1,walk
20.1564,9433,0.1215,-0.1152,-0.0385,0.2604,7.242,1,walk
20.1584,9434,0.1234,-0.1171,-0.0391,1.1766,7.322,1,walk
20.1605,9435,0.1221,-0.1159,-0.0385,0.2636,7.291,1,walk
20.1627,9436,0.1248,-0.1184,-0.0394,1.1472,7.388,1,walk
20.1647,9437,0.1228,-0.1166,-0.0385,0.2562,7.293,1,walk
20.167,9438,0.1254,-0.1191,-0.0393,0.6113,7.371,1,walk
20.1688,9439,0.1228,-0.1167,-0.0382,0.3044,7.242,1,walk
20.1709,9440,0.1247,-0.1186,-0.0387,0.8478,7.325,1,walk
20.1729,9441,0.1234,-0.1174,-0.0381,0.2621,7.259,1,walk
20.175,9442,0.1255,-0.1193,-0.0387,1.2107,7.347,1,walk
20.1771,9443,0.1241,-0.1182,-0.0381,0.2722,7.247,1,walk
20.1792,9444,0.1261,-0.1201,-0.0387,0.5638,7.303,1,walk
20.1813,9445,0.1248,-0.1188,-0.0381,0.2681,7.269,1,walk
20.1834,9446,0.1268,-0.1208,-0.0387,1.2149,7.349,1,walk
20.1855,9447,0.1255,-0.1196,-0.0381,0.2737,7.282,1,walk
20.1876,9448,0.1275,-0.1215,-0.0386,0.6941,7.346,1,walk
20.1896,9449,0.1261,-0.1202,-0.038,0.2708,7.245,1,walk
20.1918,9450,0.1281,-0.1221,-0.0386,0.6407,7.296,1,walk
20.1938,9451,0.126,-0.1202,-0.0377,0.2652,7.229,1,walk
20.1959,9452,0.1287,-0.1228,-0.0385,1.1164,7.318,1,walk
20.1979,9453,0.1266,-0.1209,-0.0376,0.2682,7.218,1,walk
20.2001,9454,0.1293,-0.1234,-0.0386,1.1814,7.3,1,walk
20.2021,9455,0.1272,-0.1215,-0.0377,0.2738,7.165,1,walk
20.2042,9456,0.1293,-0.1235,-0.0382,0.9887,7.264,1,walk
20.2063,9457,0.1279,-0.1222,-0.0376,0.2762,7.197,1,walk
20.2084,9458,0.1298,-0.124,-0.0382,0.7829,7.264,1,walk
20.2105,9459,0.1283,-0.1227,-0.0376,0.2696,7.197,1,walk
20.2126,9460,0.1311,-0.1253,-0.0385,1.2093,7.245,1,walk
20.2146,9461,0.1289,-0.1234,-0.0375,0.2779,7.146,1,walk
20.217,9462,0.1302,-0.1246,-0.0378,0.5745,7.223,1,walk
20.2191,9463,0.1287,-0.1233,-0.0372,0.2736,7.157,1,walk
20.2211,9464,0.1315,-0.1259,-0.0381,1.175,7.229,1,walk
20.2232,9465,0.1293,-0.1239,-0.0371,0.2822,7.099,1,walk
20.2252,9466,0.1313,-0.1257,-0.0377,0.1828,7.148,1,walk
20.2273,9467,0.1298,-0.1244,-0.0371,0.273,7.115,1,walk
20.2293,9468,0.1327,-0.1271,-0.038,1.067,7.208,1,walk
20.2314,9469,0.1304,-0.125,-0.0371,0.2887,7.11,1,walk
20.2335,9470,0.1324,-0.1269,-0.0377,0.5475,7.124,1,walk
20.2355,9471,0.1309,-0.1255,-0.0371,0.2741,7.059,1,walk
20.2376,9472,0.133,-0.1275,-0.0377,0.9757,7.158,1,walk
20.2397,9473,0.1314,-0.1261,-0.037,0.278,7.094,1,walk
20.2418,9474,0.1335,-0.1281,-0.0376,0.5981,7.161,1,walk
20.2438,9475,0.1319,-0.1266,-0.037,0.2735,7.064,1,walk
20.246,9476,0.134,-0.1286,-0.0375,0.8768,7.11,1,walk
20.248,9477,0.1315,-0.1263,-0.0366,0.2901,7.046,1,walk
20.2501,9478,0.1336,-0.1283,-0.0371,0.6868,7.12,1,walk
20.2522,9479,0.132,-0.1268,-0.0365,0.2703,7.057,1,walk
20.2542,9480,0.134,-0.1288,-0.037,0.9864,7.085,1,walk
20.2563,9481,0.1324,-0.1273,-0.0364,0.2716,7.022,1,walk
20.2583,9482,0.1344,-0.1292,-0.0369,1.0462,7.113,1,walk
20.2604,9483,0.1327,-0.1277,-0.0363,0.2718,7.052,1,walk
20.2627,9484,0.1348,-0.1297,-0.0368,1.1301,7.11,1,walk
20.2648,9485,0.1331,-0.128,-0.0362,0.2733,7.018,1,walk
20.267,9486,0.1342,-0.1292,-0.0364,0.5835,7.03,1,walk
20.269,9487,0.1325,-0.1276,-0.0357,0.2687,6.999,1,walk
20.2711,9488,0.1354,-0.1304,-0.0366,1.0973,7.079,1,walk
20.2731,9489,0.1327,-0.1279,-0.0357,0.3097,6.989,1,walk
20.2752,9490,0.1348,-0.1299,-0.0362,0.9711,7.001,1,walk
20.2772,9491,0.133,-0.1282,-0.0356,0.2696,6.942,1,walk
20.2794,9492,0.1353,-0.1303,-0.0364,1.0107,6.962,1,walk
20.2814,9493,0.1335,-0.1286,-0.0358,0.2875,6.903,1,walk
20.2835,9494,0.1364,-0.1314,-0.0367,2.6348,6.955,1,walk
20.2856,9495,0.1337,-0.1288,-0.0358,0.3129,6.868,1,walk
20.2877,9496,0.1357,-0.1308,-0.0363,0.6828,6.858,1,walk
20.2897,9497,0.1338,-0.129,-0.0357,0.2665,6.803,1,walk
20.2918,9498,0.1359,-0.131,-0.0363,1.0532,6.834,1,walk
20.2939,9499,0.1342,-0.1293,-0.0357,0.2703,6.78,1,walk
20.2959,9500,0.1364,-0.1315,-0.0363,0.8897,6.776,1,walk
20.298,9501,0.1342,-0.1294,-0.0355,0.2835,6.669,1,walk
20.3,9502,0.1367,-0.1319,-0.0361,1.0584,6.674,1,walk
20.3021,9503,0.1353,-0.1306,-0.0355,0.3136,6.615,1,walk
20.3042,9504,0.1379,-0.1331,-0.036,0.8586,6.551,1,walk
20.3062,9505,0.1366,-0.1319,-0.0355,0.3206,6.489,1,walk
20.3083,9506,0.1391,-0.1344,-0.036,0.5086,6.459,1,walk
20.3103,9507,0.1378,-0.1332,-0.0354,0.3211,6.395,1,walk
20.3126,9508,0.1403,-0.1356,-0.0359,0.8808,6.33,1,walk
20.3146,9509,0.1388,-0.1342,-0.0353,0.3066,6.233,1,walk
20.3168,9510,0.142,-0.1373,-0.0361,1.069,6.178,1,walk
20.3188,9511,0.1395,-0.135,-0.0352,0.3135,6.114,1,walk
20.3208,9512,0.1409,-0.1364,-0.0355,0.2386,5.985,1,walk
20.3229,9513,0.1391,-0.1347,-0.0348,0.2908,5.893,1,walk
20.325,9514,0.143,-0.1384,-0.0359,0.4952,5.853,1,walk
20.3271,9515,0.1393,-0.1349,-0.0348,0.4201,5.768,1,walk
20.3292,9516,0.1423,-0.1377,-0.0356,1.0226,5.698,1,walk
20.3313,9517,0.1394,-0.135,-0.0348,0.2972,5.603,1,walk
20.3334,9518,0.1414,-0.1369,-0.0353,0.4548,5.51,1,walk
20.3354,9519,0.1394,-0.1351,-0.0347,0.2588,5.49,1,walk
20.3375,9520,0.1415,-0.137,-0.0353,1.059,5.396,1,walk
20.3396,9521,0.1397,-0.1353,-0.0347,0.2745,5.365,1,walk
20.3417,9522,0.1419,-0.1374,-0.0353,0.3631,5.243,1,walk
20.3437,9523,0.1402,-0.1358,-0.0347,0.2755,5.218,1,walk
20.3459,9524,0.1423,-0.1378,-0.0353,0.7578,5.117,1,walk
20.3479,9525,0.1398,-0.1355,-0.0345,0.2809,5.084,1,walk
20.35,9526,0.142,-0.1376,-0.0351,0.4409,4.968,1,walk
20.352,9527,0.1402,-0.1359,-0.0346,0.2621,4.952,1,walk
20.3542,9528,0.1421,-0.1378,-0.0351,0.4576,4.866,1,walk
20.3562,9529,0.1403,-0.136,-0.0346,0.2485,4.853,1,walk
20.3583,9530,0.1432,-0.1387,-0.0353,0.9352,4.703,1,walk
20.3603,9531,0.1403,-0.136,-0.0346,0.2851,4.688,1,walk
20.3625,9532,0.1421,-0.1377,-0.0351,1.414,4.597,1,walk
20.3645,9533,0.1402,-0.1359,-0.0346,0.2349,4.591,1,walk
20.3671,9534,0.1412,-0.1368,-0.0349,1.0968,4.495,1,walk
20.369,9535,0.1393,-0.135,-0.0344,0.2422,4.492,1,walk
20.3711,9536,0.1412,-0.1368,-0.0349,0.4675,4.416,1,walk
20.3731,9537,0.1393,-0.135,-0.0345,0.2378,4.415,1,walk
20.3753,9538,0.1409,-0.1365,-0.035,1.6447,4.325,1,walk
20.3773,9539,0.1391,-0.1348,-0.0345,0.2269,4.326,1,walk
20.3794,9540,0.1411,-0.1367,-0.035,0.6584,4.302,1,walk
20.3814,9541,0.1393,-0.1349,-0.0345,0.2406,4.305,1,walk
20.3835,9542,0.1405,-0.136,-0.0352,2.0126,4.216,1,walk
20.3856,9543,0.1387,-0.1343,-0.0347,0.2091,4.221,1,walk
20.3876,9544,0.1404,-0.1359,-0.0351,0.5886,4.19,1,walk
20.3897,9545,0.1386,-0.1341,-0.0347,0.2213,4.193,1,walk
20.3918,9546,0.1402,-0.1357,-0.0352,0.6739,4.165,1,walk
20.3939,9547,0.1376,-0.1331,-0.0345,0.2413,4.179,1,walk
20.3959,9548,0.1402,-0.1357,-0.0352,0.7866,4.175,1,walk
20.398,9549,0.1375,-0.1331,-0.0346,0.2402,4.187,1,walk
20.4001,9550,0.1392,-0.1347,-0.0349,0.6106,4.188,1,walk
20.4023,9551,0.1374,-0.133,-0.0345,0.2161,4.197,1,walk
20.4043,9552,0.139,-0.1345,-0.035,0.9365,4.199,1,walk
20.4063,9553,0.1372,-0.1328,-0.0346,0.2125,4.213,1,walk
20.4084,9554,0.1389,-0.1344,-0.035,0.7067,4.236,1,walk
20.4104,9555,0.1372,-0.1327,-0.0346,0.2147,4.241,1,walk
20.4125,9556,0.1388,-0.1343,-0.0351,0.4678,4.257,1,walk
20.4146,9557,0.137,-0.1326,-0.0347,0.213,4.268,1,walk
20.4171,9558,0.1378,-0.1333,-0.0349,0.2681,4.313,1,walk
20.4191,9559,0.136,-0.1316,-0.0345,0.2094,4.325,1,walk
20.4213,9560,0.1376,-0.1331,-0.035,0.4889,4.376,1,walk
20.4233,9561,0.1359,-0.1314,-0.0346,0.2058,4.387,1,walk
20.4254,9562,0.1374,-0.1328,-0.035,0.115,4.428,1,walk
20.4274,9563,0.1357,-0.1312,-0.0346,0.2033,4.44,1,walk
20.4295,9564,0.1372,-0.1326,-0.0351,0.9368,4.524,1,walk
20.4315,9565,0.1355,-0.131,-0.0348,0.2051,4.536,1,walk
20.4336,9566,0.137,-0.1324,-0.0352,0.2365,4.58,1,walk
20.4357,9567,0.1353,-0.1307,-0.0349,0.2003,4.592,1,walk
20.4379,9568,0.1368,-0.1321,-0.0354,0.834,4.634,1,walk
20.4399,9569,0.1342,-0.1296,-0.0348,0.2024,4.658,1,walk
20.442,9570,0.1365,-0.1318,-0.0356,0.2524,4.703,1,walk
20.4441,9571,0.134,-0.1293,-0.035,0.1964,4.715,1,walk
20.4461,9572,0.1354,-0.1307,-0.0355,0.4511,4.751,1,walk
20.4482,9573,0.1337,-0.129,-0.0351,0.1966,4.763,1,walk
20.4502,9574,0.1352,-0.1304,-0.0357,1.0352,4.833,1,walk
20.4523,9575,0.1335,-0.1288,-0.0354,0.2009,4.845,1,walk
20.4543,9576,0.1349,-0.13,-0.0359,1.0825,4.864,1,walk
20.4564,9577,0.1332,-0.1284,-0.0355,0.1912,4.876,1,walk
20.4584,9578,0.1347,-0.1298,-0.0361,1.2578,4.908,1,walk
20.4605,9579,0.133,-0.1281,-0.0357,0.1995,4.921,1,walk
20.4626,9580,0.1345,-0.1295,-0.0363,0.5957,4.962,1,walk
20.4647,9581,0.1328,-0.1279,-0.0359,0.1982,4.975,1,walk
20.4671,9582,0.1334,-0.1283,-0.0363,0.5032,5.016,1,walk
20.4691,9583,0.1318,-0.1268,-0.0359,0.1912,5.029,1,walk
20.4713,9584,0.1332,-0.1281,-0.0365,1.2627,5.042,1,walk
20.4733,9585,0.1316,-0.1265,-0.0362,0.1987,5.061,1,walk
20.4754,9586,0.133,-0.1278,-0.0368,0.6067,5.089,1,walk
20.4775,9587,0.1314,-0.1262,-0.0364,0.197,5.095,1,walk
20.4795,9588,0.1327,-0.1275,-0.037,0.4348,5.089,1,walk
20.4816,9589,0.1311,-0.1259,-0.0366,0.1929,5.101,1,walk
20.4837,9590,0.1325,-0.1271,-0.0372,0.7676,5.12,1,walk
20.4858,9591,0.1309,-0.1256,-0.0369,0.1928,5.131,1,walk
20.4878,9592,0.1323,-0.1268,-0.0375,1.2514,5.121,1,walk
20.4898,9593,0.1299,-0.1245,-0.037,0.1792,5.134,1,walk
20.4919,9594,0.1312,-0.1257,-0.0376,0.5284,5.078,1,walk
20.494,9595,0.1296,-0.1242,-0.0372,0.1947,5.088,1,walk
20.496,9596,0.131,-0.1254,-0.0379,0.6267,5.026,1,walk
20.4981,9597,0.1294,-0.1239,-0.0375,0.1941,5.028,1,walk
20.5001,9598,0.1307,-0.125,-0.0381,0.7092,4.988,1,walk
20.5022,9599,0.1291,-0.1235,-0.0377,0.1883,4.99,1,walk
20.5042,9600,0.1305,-0.1247,-0.0383,1.2889,4.959,1,walk
20.5063,9601,0.1289,-0.1232,-0.0379,0.1958,4.957,1,walk
20.5083,9602,0.1302,-0.1244,-0.0386,0.548,4.914,1,walk
20.5104,9603,0.1286,-0.1228,-0.0382,0.1962,4.913,1,walk
20.5126,9604,0.1307,-0.1247,-0.039,0.1201,4.856,1,walk
20.5147,9605,0.1283,-0.1224,-0.0384,0.1778,4.849,1,walk
20.517,9606,0.1288,-0.1228,-0.0387,0.6377,4.776,1,walk
20.5191,9607,0.1272,-0.1213,-0.0383,0.1919,4.77,1,walk
20.5212,9608,0.1285,-0.1225,-0.0389,0.5579,4.719,1,walk
20.5233,9609,0.1269,-0.1209,-0.0384,0.197,4.713,1,walk
20.5253,9610,0.1282,-0.1221,-0.039,0.7012,4.646,1,walk
20.5274,9611,0.1265,-0.1205,-0.0385,0.1962,4.64,1,walk
20.5296,9612,0.1278,-0.1217,-0.0391,0.443,4.575,1,walk
20.5316,9613,0.1262,-0.1201,-0.0386,0.195,4.569,1,walk
20.5338,9614,0.1274,-0.1212,-0.0392,0.9323,4.5,1,walk
20.5358,9615,0.1258,-0.1197,-0.0387,0.1989,4.494,1,walk
20.538,9616,0.1262,-0.1201,-0.0389,0.5604,4.433,1,walk
20.54,9617,0.1246,-0.1185,-0.0384,0.1979,4.424,1,walk
20.542,9618,0.1258,-0.1196,-0.0389,0.8387,4.354,1,walk
20.5441,9619,0.1241,-0.1181,-0.0384,0.204,4.351,1,walk
20.5462,9620,0.1261,-0.1199,-0.0393,0.8965,4.251,1,walk
20.5482,9621,0.1237,-0.1176,-0.0384,0.22,4.243,1,walk
20.5503,9622,0.1249,-0.1187,-0.0389,0.8399,4.173,1,walk
20.5523,9623,0.1233,-0.1172,-0.0383,0.2117,4.168,1,walk
20.5544,9624,0.1245,-0.1183,-0.0387,0.5593,4.114,1,walk
20.5564,9625,0.1229,-0.1168,-0.0381,0.2155,4.11,1,walk
20.5585,9626,0.124,-0.1179,-0.0385,0.6234,4.035,1,walk
20.5606,9627,0.1224,-0.1164,-0.0379,0.2173,4.032,1,walk
20.5627,9628,0.1235,-0.1174,-0.0383,0.7143,3.973,1,walk
20.5647,9629,0.1219,-0.1159,-0.0377,0.2186,3.971,1,walk
20.567,9630,0.1239,-0.1178,-0.0384,0.9816,3.901,1,walk
20.5691,9631,0.1207,-0.1148,-0.0371,0.3505,3.898,1,walk
20.5711,9632,0.1217,-0.1158,-0.0375,0.5996,3.831,1,walk
20.5732,9633,0.1201,-0.1143,-0.0368,0.2171,3.83,1,walk
20.5752,9634,0.1221,-0.1162,-0.0376,1.3568,3.769,1,walk
20.5773,9635,0.1197,-0.114,-0.0366,0.2534,3.769,1,walk
20.5794,9636,0.1208,-0.115,-0.0369,0.8525,3.694,1,walk
20.5814,9637,0.1193,-0.1136,-0.0362,0.2271,3.694,1,walk
20.5835,9638,0.1215,-0.1157,-0.0371,1.2887,3.619,1,walk
20.5856,9639,0.1192,-0.1136,-0.0361,0.2758,3.62,1,walk
20.5877,9640,0.1204,-0.1147,-0.0365,2.6405,3.529,1,walk
20.5897,9641,0.1188,-0.1133,-0.0358,0.2318,3.529,1,walk
20.5918,9642,0.12,-0.1144,-0.0362,0.9359,3.459,1,walk
20.5938,9643,0.1178,-0.1124,-0.0353,0.2337,3.457,1,walk
20.596,9644,0.1192,-0.1136,-0.0358,0.6164,3.36,1,walk
20.598,9645,0.1179,-0.1124,-0.0354,0.2145,3.363,1,walk
20.6001,9646,0.1193,-0.1137,-0.0361,0.7898,3.294,1,walk
20.6021,9647,0.118,-0.1124,-0.0357,0.2074,3.306,1,walk
20.6042,9648,0.1194,-0.1137,-0.0365,1.3508,3.225,1,walk
20.6062,9649,0.1181,-0.1124,-0.0361,0.2073,3.234,1,walk
20.6084,9650,0.1195,-0.1136,-0.0368,0.6439,3.163,1,walk
20.6104,9651,0.1181,-0.1123,-0.0363,0.208,3.181,1,walk
20.6125,9652,0.1193,-0.1135,-0.0369,0.493,3.098,1,walk
20.6146,9653,0.1179,-0.1121,-0.0364,0.2063,3.116,1,walk
20.6171,9654,0.1183,-0.1125,-0.0367,0.3098,3.058,1,walk
20.6191,9655,0.1168,-0.1111,-0.0362,0.2057,3.076,1,walk
20.6212,9656,0.1181,-0.1122,-0.0367,1.2952,3.017,1,walk
20.6232,9657,0.1166,-0.1108,-0.0362,0.2078,3.033,1,walk
20.6253,9658,0.1178,-0.1119,-0.0367,0.2972,2.971,1,walk
20.6273,9659,0.1163,-0.1105,-0.0362,0.2032,2.985,1,walk
20.6294,9660,0.1175,-0.1116,-0.0367,1.081,2.913,1,walk
20.6314,9661,0.116,-0.1102,-0.0362,0.2055,2.932,1,walk
20.6335,9662,0.1172,-0.1113,-0.0368,0.1886,2.865,1,walk
20.6355,9663,0.1158,-0.1099,-0.0362,0.2025,2.87,1,walk
20.6376,9664,0.1171,-0.1111,-0.0368,1.3539,2.802,1,walk
20.6396,9665,0.1157,-0.1098,-0.0363,0.215,2.812,1,walk
20.6417,9666,0.117,-0.111,-0.0369,0.6545,2.708,1,walk
20.6438,9667,0.1156,-0.1097,-0.0364,0.2115,2.712,1,walk
20.6459,9668,0.1162,-0.1102,-0.0368,1.0659,2.599,1,walk
20.6479,9669,0.115,-0.1091,-0.0363,0.2283,2.601,1,walk
20.65,9670,0.1165,-0.1104,-0.037,0.5876,2.463,1,walk
20.6521,9671,0.1154,-0.1095,-0.0366,0.2506,2.465,1,walk
20.6541,9672,0.1169,-0.1108,-0.0372,1.1362,2.307,1,walk
20.6562,9673,0.1156,-0.1096,-0.0367,0.2258,2.307,1,walk
20.6583,9674,0.1169,-0.1108,-0.0373,0.3719,2.225,1,walk
20.6603,9675,0.1156,-0.1096,-0.0368,0.2165,2.224,1,walk
20.6626,9676,0.1169,-0.1107,-0.0374,0.8112,2.132,1,walk
20.6647,9677,0.1155,-0.1095,-0.0368,0.2195,2.13,1,walk
20.6671,9678,0.1161,-0.11,-0.0372,0.4076,2.064,1,walk
20.6691,9679,0.1147,-0.1087,-0.0366,0.2163,2.061,1,walk
20.6713,9680,0.1161,-0.1099,-0.0372,1.0957,1.98,1,walk
20.6733,9681,0.1147,-0.1087,-0.0367,0.2201,1.975,1,walk
20.6755,9682,0.116,-0.1099,-0.0372,0.1795,1.907,1,walk
20.6775,9683,0.1146,-0.1086,-0.0367,0.219,1.905,1,walk
20.6796,9684,0.116,-0.1099,-0.0373,1.3408,1.853,1,walk
20.6817,9685,0.1147,-0.1086,-0.0367,0.2239,1.849,1,walk
20.6838,9686,0.116,-0.1099,-0.0373,0.3487,1.786,1,walk
20.6858,9687,0.114,-0.108,-0.0365,0.2168,1.777,1,walk
20.688,9688,0.116,-0.1098,-0.0374,0.3981,1.735,1,walk
20.69,9689,0.114,-0.108,-0.0365,0.2138,1.729,1,walk
20.6921,9690,0.1155,-0.1093,-0.0372,1.3696,1.683,1,walk
20.6941,9691,0.1141,-0.1081,-0.0366,0.2286,1.678,1,walk
20.6962,9692,0.1155,-0.1094,-0.0372,0.5791,1.646,1,walk
20.6983,9693,0.1142,-0.1082,-0.0367,0.2291,1.64,1,walk
20.7003,9694,0.1157,-0.1095,-0.0373,0.774,1.613,1,walk
20.7023,9695,0.1144,-0.1083,-0.0368,0.2295,1.607,1,walk
20.7044,9696,0.1158,-0.1096,-0.0374,0.9098,1.599,1,walk
20.7064,9697,0.1145,-0.1085,-0.0368,0.232,1.592,1,walk
20.7085,9698,0.116,-0.1098,-0.0375,0.7387,1.582,1,walk
20.7106,9699,0.1147,-0.1086,-0.0369,0.2355,1.575,1,walk
20.7126,9700,0.1162,-0.1099,-0.0376,0.2482,1.565,1,walk
20.7147,9701,0.1149,-0.1087,-0.037,0.235,1.557,1,walk
20.717,9702,0.1158,-0.1096,-0.0375,1.3406,1.566,1,walk
20.719,9703,0.1145,-0.1084,-0.0369,0.2417,1.553,1,walk
20.7212,9704,0.116,-0.1098,-0.0376,0.7174,1.554,1,walk
20.7232,9705,0.1148,-0.1086,-0.037,0.236,1.55,1,walk
20.7253,9706,0.1163,-0.1101,-0.0377,1.3277,1.565,1,walk
20.7273,9707,0.1151,-0.1089,-0.0371,0.2413,1.555,1,walk
20.7294,9708,0.1172,-0.1109,-0.0381,0.4793,1.561,1,walk
20.7314,9709,0.1153,-0.1091,-0.0373,0.2255,1.54,1,walk
20.7335,9710,0.1169,-0.1105,-0.038,1.2045,1.576,1,walk
20.7355,9711,0.1156,-0.1094,-0.0375,0.2434,1.571,1,walk
20.7376,9712,0.1172,-0.1108,-0.0381,0.6909,1.578,1,walk
20.7397,9713,0.1159,-0.1097,-0.0376,0.2408,1.566,1,walk
20.7417,9714,0.1176,-0.1111,-0.0383,1.315,1.581,1,walk
20.7438,9715,0.1163,-0.11,-0.0378,0.2449,1.569,1,walk
20.7459,9716,0.1172,-0.1108,-0.0382,0.3487,1.612,1,walk
20.7479,9717,0.1159,-0.1097,-0.0376,0.241,1.599,1,walk
20.75,9718,0.1182,-0.1117,-0.0387,1.2969,1.621,1,walk
20.752,9719,0.1163,-0.1099,-0.0379,0.2313,1.593,1,walk
20.7541,9720,0.1186,-0.112,-0.0389,0.669,1.623,1,walk
20.7562,9721,0.1166,-0.1102,-0.038,0.229,1.602,1,walk
20.7583,9722,0.1182,-0.1117,-0.0388,0.6897,1.639,1,walk
20.7604,9723,0.1169,-0.1105,-0.0382,0.2421,1.625,1,walk
20.7626,9724,0.1186,-0.112,-0.039,1.2889,1.67,1,walk
20.7647,9725,0.1172,-0.1108,-0.0384,0.2465,1.647,1,walk
20.7671,9726,0.1195,-0.1128,-0.0395,0.5191,1.675,1,walk
20.769,9727,0.1168,-0.1104,-0.0383,0.287,1.653,1,walk
20.7711,9728,0.1192,-0.1125,-0.0394,1.317,1.703,1,walk
20.7732,9729,0.1172,-0.1107,-0.0385,0.2368,1.682,1,walk
20.7753,9730,0.1188,-0.1121,-0.0393,0.0645,1.699,1,walk
20.7773,9731,0.1174,-0.1109,-0.0387,0.2399,1.686,1,walk
20.7794,9732,0.1191,-0.1123,-0.0395,1.2705,1.746,1,walk
20.7814,9733,0.1177,-0.1111,-0.039,0.2439,1.734,1,walk
20.7836,9734,0.1193,-0.1125,-0.0397,1.178,1.777,1,walk
20.7856,9735,0.1179,-0.1112,-0.0391,0.2327,1.766,1,walk
20.7877,9736,0.1195,-0.1127,-0.0399,1.2618,1.774,1,walk
20.7897,9737,0.1181,-0.1114,-0.0394,0.2401,1.763,1,walk
20.7918,9738,0.1199,-0.1129,-0.0402,1.1141,1.826,1,walk
20.7938,9739,0.1177,-0.111,-0.0393,0.2377,1.811,1,walk
20.7959,9740,0.1192,-0.1123,-0.0402,1.3055,1.833,1,walk
20.7979,9741,0.1178,-0.111,-0.0396,0.2316,1.819,1,walk
20.8,9742,0.1209,-0.1138,-0.041,1.2048,1.906,1,walk
20.8021,9743,0.118,-0.1111,-0.0398,0.3109,1.895,1,walk
20.8041,9744,0.1204,-0.1132,-0.041,1.2506,1.985,1,walk
20.8062,9745,0.1182,-0.1112,-0.0401,0.238,1.976,1,walk
20.8083,9746,0.1198,-0.1126,-0.0409,0.8089,2.008,1,walk
20.8103,9747,0.1183,-0.1112,-0.0403,0.228,2.001,1,walk
20.8125,9748,0.1198,-0.1126,-0.0411,0.7746,2.041,1,walk
20.8146,9749,0.1183,-0.1112,-0.0405,0.226,2.039,1,walk
20.8169,9750,0.1207,-0.1132,-0.0417,1.2576,2.063,1,walk
20.8189,9751,0.1176,-0.1104,-0.0405,0.3232,2.059,1,walk
20.821,9752,0.1192,-0.1118,-0.0414,1.2752,2.099,1,walk
20.8231,9753,0.1177,-0.1104,-0.0408,0.2299,2.099,1,walk
20.8251,9754,0.1199,-0.1124,-0.0419,0.4883,2.098,1,walk
20.8272,9755,0.1176,-0.1102,-0.041,0.2345,2.099,1,walk
20.8293,9756,0.1192,-0.1116,-0.0419,1.2357,2.123,1,walk
20.8313,9757,0.1176,-0.1101,-0.0413,0.2262,2.126,1,walk
20.8334,9758,0.12,-0.1122,-0.0425,1.2956,2.155,1,walk
20.8354,9759,0.1176,-0.11,-0.0416,0.2466,2.158,1,walk
20.8375,9760,0.1192,-0.1114,-0.0425,1.2152,2.176,1,walk
20.8395,9761,0.1176,-0.1099,-0.0419,0.2264,2.18,1,walk
20.8416,9762,0.1199,-0.1119,-0.0431,0.677,2.179,1,walk
20.8437,9763,0.1175,-0.1096,-0.0422,0.2445,2.187,1,walk
20.8458,9764,0.1182,-0.1102,-0.0428,0.9459,2.201,1,walk
20.8479,9765,0.1165,-0.1086,-0.0421,0.2182,2.204,1,walk
20.85,9766,0.1189,-0.1107,-0.0434,1.252,2.205,1,walk
20.852,9767,0.1164,-0.1084,-0.0425,0.26,2.215,1,walk
20.8541,9768,0.1179,-0.1096,-0.0435,0.3211,2.228,1,walk
20.8562,9769,0.1162,-0.108,-0.0428,0.2153,2.234,1,walk
20.8583,9770,0.1185,-0.11,-0.0441,0.7831,2.229,1,walk
20.8604,9771,0.1159,-0.1076,-0.0431,0.2517,2.236,1,walk
20.8625,9772,0.1174,-0.1088,-0.0441,0.5662,2.226,1,walk
20.8646,9773,0.1156,-0.1071,-0.0435,0.2058,2.232,1,walk
20.8667,9774,0.118,-0.1091,-0.0448,1.2431,2.228,1,walk
20.8687,9775,0.1153,-0.1066,-0.0438,0.2617,2.242,1,walk
20.8708,9776,0.1159,-0.107,-0.0446,1.1938,2.246,1,walk
20.8729,9777,0.1141,-0.1053,-0.044,0.2076,2.253,1,walk
20.8751,9778,0.1156,-0.1064,-0.045,0.3475,2.241,1,walk
20.8772,9779,0.1137,-0.1047,-0.0443,0.1995,2.251,1,walk
20.8793,9780,0.1151,-0.1058,-0.0454,0.6142,2.232,1,walk
20.8813,9781,0.1133,-0.104,-0.0447,0.196,2.236,1,walk
20.8835,9782,0.1147,-0.1052,-0.0459,1.1925,2.23,1,walk
20.8855,9783,0.1128,-0.1034,-0.0452,0.1978,2.237,1,walk
20.8877,9784,0.1143,-0.1045,-0.0464,0.4136,2.216,1,walk
20.8897,9785,0.1124,-0.1027,-0.0457,0.1947,2.23,1,walk
20.8918,9786,0.114,-0.1039,-0.0468,1.1569,2.204,1,walk
20.8939,9787,0.1115,-0.1016,-0.0459,0.2502,2.214,1,walk
20.896,9788,0.1133,-0.103,-0.0471,0.7091,2.201,1,walk
20.8981,9789,0.1118,-0.1017,-0.0465,0.2302,2.208,1,walk
20.9003,9790,0.114,-0.1035,-0.0478,1.2071,2.181,1,walk
20.9023,9791,0.1128,-0.1025,-0.0472,0.261,2.179,1,walk
20.9045,9792,0.1151,-0.1044,-0.0486,0.5652,2.135,1,walk
20.9065,9793,0.1141,-0.1034,-0.0481,0.2742,2.124,1,walk
20.9086,9794,0.1162,-0.1052,-0.0494,0.6865,2.042,1,walk
20.9107,9795,0.1148,-0.1039,-0.0487,0.2454,2.035,1,walk
20.9127,9796,0.1167,-0.1055,-0.0498,1.1605,1.987,1,walk
20.9148,9797,0.115,-0.104,-0.0491,0.245,1.97,1,walk
20.9171,9798,0.1159,-0.1047,-0.0498,0.0567,1.883,1,walk
20.9191,9799,0.1141,-0.1031,-0.0489,0.2401,1.875,1,walk
20.9213,9800,0.1159,-0.1045,-0.0501,1.1401,1.812,1,walk
20.9233,9801,0.1141,-0.103,-0.0492,0.259,1.797,1,walk
20.9255,9802,0.1159,-0.1044,-0.0503,0.5684,1.706,1,walk
20.9276,9803,0.1141,-0.1028,-0.0494,0.2492,1.694,1,walk
20.9298,9804,0.116,-0.1044,-0.0507,1.137,1.63,1,walk
20.9319,9805,0.1134,-0.1021,-0.0494,0.2998,1.616,1,walk
20.9339,9806,0.1162,-0.1044,-0.0511,1.0186,1.554,1,walk
20.9359,9807,0.1137,-0.1022,-0.0499,0.286,1.543,1,walk
20.9381,9808,0.1159,-0.1039,-0.0513,1.1168,1.478,1,walk
20.9402,9809,0.1144,-0.1026,-0.0506,0.2596,1.478,1,walk
20.9423,9810,0.1167,-0.1044,-0.052,1.1538,1.41,1,walk
20.9444,9811,0.1153,-0.1032,-0.0514,0.2534,1.413,1,walk
20.9465,9812,0.1175,-0.105,-0.0529,1.084,1.342,1,walk
20.9486,9813,0.116,-0.1036,-0.0522,0.2401,1.343,1,walk
20.9508,9814,0.1182,-0.1052,-0.0538,1.0249,1.272,1,walk
20.9528,9815,0.1166,-0.1038,-0.0532,0.233,1.275,1,walk
20.9549,9816,0.1181,-0.1047,-0.0545,1.1394,1.203,1,walk
20.957,9817,0.1165,-0.1033,-0.0539,0.2273,1.207,1,walk
20.959,9818,0.1187,-0.1049,-0.0556,0.6791,1.134,1,walk
20.9611,9819,0.1172,-0.1035,-0.055,0.2233,1.138,1,walk
20.9631,9820,0.1194,-0.1051,-0.0567,0.7144,1.074,1,walk
20.9652,9821,0.1178,-0.1036,-0.0561,0.2191,1.08,1,walk
20.9673,9822,0.1201,-0.1053,-0.0578,1.0666,1.021,1,walk
20.9693,9823,0.1186,-0.1038,-0.0572,0.2204,1.023,1,walk
20.9713,9824,0.1209,-0.1055,-0.059,0.9477,0.974,1,walk
20.9734,9825,0.1193,-0.104,-0.0584,0.2136,0.977,1,walk
20.9754,9826,0.1217,-0.1057,-0.0603,1.0514,0.931,1,walk
20.9775,9827,0.1201,-0.1043,-0.0597,0.2182,0.936,1,walk
20.9795,9828,0.1225,-0.1059,-0.0615,0.7229,0.893,1,walk
20.9816,9829,0.121,-0.1045,-0.061,0.2108,0.895,1,walk
20.9837,9830,0.1234,-0.1062,-0.0628,1.0508,0.888,1,walk
20.9857,9831,0.1219,-0.1047,-0.0623,0.2129,0.892,1,walk
20.9878,9832,0.1242,-0.1064,-0.0642,0.141,0.87,1,walk
20.9898,9833,0.1219,-0.1042,-0.0634,0.1812,0.875,1,walk
20.9919,9834,0.1243,-0.1058,-0.0652,0.4865,0.868,1,walk
20.9939,9835,0.1228,-0.1044,-0.0647,0.1989,0.871,1,walk
20.996,9836,0.1252,-0.1061,-0.0666,1.1207,0.875,1,walk
20.998,9837,0.1237,-0.1046,-0.0661,0.2021,0.879,1,walk
21.0001,9838,0.1262,-0.1063,-0.0679,0.2231,0.883,1,walk
21.0021,9839,0.1246,-0.1048,-0.0674,0.196,0.885,1,walk
21.0042,9840,0.1276,-0.107,-0.0695,1.1093,0.772,1,walk
21.0063,9841,0.1261,-0.1055,-0.069,0.217,0.775,1,walk
21.0083,9842,0.1284,-0.1071,-0.0709,2.6946,0.81,1,walk
21.0103,9843,0.1269,-0.1056,-0.0704,0.1878,0.815,1,walk
21.0126,9844,0.1293,-0.1073,-0.0722,0.9705,0.863,1,walk
21.0147,9845,0.1278,-0.1058,-0.0717,0.1834,0.865,1,walk
21.0169,9846,0.1307,-0.1079,-0.0737,1.2943,0.987,1,walk
21.019,9847,0.1277,-0.105,-0.0727,0.2092,0.994,1,walk
21.0211,9848,0.1297,-0.1063,-0.0744,0.49,1.125,1,walk
21.0231,9849,0.1283,-0.1049,-0.0739,0.1659,1.129,1,walk
21.0252,9850,0.1304,-0.1062,-0.0756,1.154,1.275,1,walk
21.0272,9851,0.129,-0.1048,-0.0752,0.17,1.279,1,walk
21.0293,9852,0.1311,-0.1062,-0.077,0.9928,1.399,1,walk
21.0313,9853,0.1297,-0.1047,-0.0765,0.1738,1.405,1,walk
21.0334,9854,0.1319,-0.1061,-0.0784,1.1202,1.518,1,walk
21.0354,9855,0.1305,-0.1047,-0.0779,0.1784,1.52,1,walk
21.0375,9856,0.1328,-0.1061,-0.0798,0.9857,1.623,1,walk
21.0395,9857,0.1313,-0.1047,-0.0793,0.1789,1.628,1,walk
21.0425,9858,0.1336,-0.1061,-0.0813,1.0599,1.709,1,walk
21.0436,9859,0.1322,-0.1047,-0.0808,0.1803,1.717,1,walk
21.0458,9860,0.1345,-0.1061,-0.0827,0.4908,1.811,1,walk
21.0478,9861,0.1324,-0.1039,-0.082,0.0901,1.817,1,walk
21.05,9862,0.1362,-0.1068,-0.0844,1.1607,1.883,1,walk
21.052,9863,0.1333,-0.104,-0.0834,0.1616,1.895,1,walk
21.0541,9864,0.1355,-0.1053,-0.0853,1.0563,1.976,1,walk
21.0562,9865,0.1341,-0.1039,-0.0848,0.1724,1.983,1,walk
21.0583,9866,0.1363,-0.1052,-0.0867,0.3875,2.054,1,walk
21.0603,9867,0.1349,-0.1038,-0.0862,0.1738,2.06,1,walk
21.0625,9868,0.1372,-0.1051,-0.0881,1.1434,2.144,1,walk
21.0645,9869,0.1358,-0.1037,-0.0877,0.1761,2.155,1,walk
21.0669,9870,0.1386,-0.1056,-0.0897,0.9501,2.227,1,walk
21.0689,9871,0.1358,-0.1028,-0.0887,0.149,2.238,1,walk
21.0711,9872,0.1379,-0.104,-0.0906,0.8595,2.318,1,walk
21.0731,9873,0.1365,-0.1026,-0.0901,0.1702,2.326,1,walk
21.0752,9874,0.1388,-0.104,-0.0919,1.2141,2.403,1,walk
21.0773,9875,0.1374,-0.1026,-0.0914,0.1724,2.411,1,walk
21.0793,9876,0.1395,-0.1038,-0.0932,1.0173,2.468,1,walk
21.0814,9877,0.1381,-0.1024,-0.0927,0.1788,2.475,1,walk
21.0838,9878,0.1402,-0.1036,-0.0945,0.6424,2.537,1,walk
21.0858,9879,0.1388,-0.1022,-0.094,0.174,2.548,1,walk
21.088,9880,0.1402,-0.1027,-0.0955,0.354,2.589,1,walk
21.09,9881,0.1388,-0.1013,-0.095,0.1618,2.592,1,walk
21.0921,9882,0.1408,-0.1024,-0.0967,0.4271,2.643,1,walk
21.0941,9883,0.1394,-0.101,-0.0961,0.1648,2.649,1,walk
21.0961,9884,0.1415,-0.1022,-0.0978,1.3203,2.669,1,walk
21.0982,9885,0.1401,-0.1008,-0.0973,0.1668,2.674,1,walk
21.1003,9886,0.1421,-0.1019,-0.099,0.5587,2.698,1,walk
21.1023,9887,0.1407,-0.1006,-0.0984,0.169,2.702,1,walk
21.1044,9888,0.1426,-0.1016,-0.1001,0.4788,2.719,1,walk
21.1064,9889,0.1412,-0.1002,-0.0995,0.171,2.723,1,walk
21.1085,9890,0.1431,-0.1013,-0.1011,1.3799,2.712,1,walk
21.1105,9891,0.1418,-0.0999,-0.1006,0.1679,2.715,1,walk
21.1126,9892,0.1436,-0.101,-0.1021,0.257,2.712,1,walk
21.1146,9893,0.1422,-0.0996,-0.1015,0.1664,2.714,1,walk
21.1173,9894,0.1434,-0.1,-0.1027,0.1899,2.71,1,walk
21.1193,9895,0.142,-0.0986,-0.1021,0.1676,2.713,1,walk
21.1214,9896,0.1438,-0.0997,-0.1036,1.2056,2.693,1,walk
21.1235,9897,0.1424,-0.0984,-0.103,0.165,2.694,1,walk
21.1255,9898,0.1442,-0.0995,-0.1045,0.552,2.682,1,walk
21.1276,9899,0.1428,-0.0981,-0.1038,0.1626,2.683,1,walk
21.1296,9900,0.1445,-0.099,-0.1052,1.3359,2.68,1,walk
21.1317,9901,0.1431,-0.0977,-0.1045,0.1619,2.681,1,walk
21.1338,9902,0.1441,-0.0981,-0.1056,1.2822,2.666,1,walk
21.1359,9903,0.1427,-0.0967,-0.1049,0.1551,2.666,1,walk
21.1379,9904,0.1451,-0.0985,-0.1066,0.7871,2.645,1,walk
21.14,9905,0.143,-0.0964,-0.1055,0.0326,2.645,1,walk
21.1421,9906,0.1445,-0.0974,-0.1068,0.9273,2.643,1,walk
21.1441,9907,0.1431,-0.096,-0.1061,0.1528,2.643,1,walk
21.1462,9908,0.1454,-0.0977,-0.1077,1.3056,2.632,1,walk
21.1483,9909,0.1433,-0.0957,-0.1066,0.0389,2.633,1,walk
21.1504,9910,0.145,-0.0969,-0.1079,1.2805,2.635,1,walk
21.1524,9911,0.1436,-0.0956,-0.1071,0.1522,2.635,1,walk
21.1545,9912,0.1451,-0.0966,-0.1083,2.1032,2.63,1,walk
21.1566,9913,0.1437,-0.0953,-0.1075,0.1511,2.63,1,walk
21.1586,9914,0.1451,-0.0963,-0.1086,0.8356,2.624,1,walk
21.1607,9915,0.1437,-0.095,-0.1078,0.1507,2.626,1,walk
21.1628,9916,0.145,-0.0958,-0.1088,1.4839,2.756,1,walk
21.1648,9917,0.1435,-0.0946,-0.1079,0.1545,2.757,1,walk
21.167,9918,0.145,-0.0956,-0.109,1.3786,2.767,1,walk
21.1691,9919,0.1428,-0.0937,-0.1077,0.0578,2.769,1,walk
21.1711,9920,0.1444,-0.0949,-0.1088,1.3746,2.782,1,walk
21.1732,9921,0.1429,-0.0937,-0.1079,0.1538,2.784,1,walk
21.1752,9922,0.1444,-0.0949,-0.1089,0.3441,2.785,1,walk
21.1773,9923,0.143,-0.0937,-0.108,0.1579,2.787,1,walk
21.1793,9924,0.1445,-0.0949,-0.109,0.8686,2.795,1,walk
21.1814,9925,0.1431,-0.0937,-0.1081,0.1542,2.799,1,walk
21.1837,9926,0.1446,-0.0949,-0.1091,0.4141,2.84,1,walk
21.1857,9927,0.1431,-0.0937,-0.1082,0.1561,2.842,1,walk
21.1878,9928,0.1445,-0.0949,-0.1091,0.8091,2.871,1,walk
21.1899,9929,0.1423,-0.093,-0.1077,0.0822,2.87,1,walk
21.1919,9930,0.1437,-0.0941,-0.1085,0.1463,2.892,1,walk
21.194,9931,0.1422,-0.0929,-0.1077,0.1453,2.894,1,walk
21.196,9932,0.1436,-0.094,-0.1085,1.1758,2.941,1,walk
21.1981,9933,0.1421,-0.0928,-0.1077,0.1432,2.952,1,walk
21.2005,9934,0.1436,-0.094,-0.1086,1.2666,3.022,1,walk
21.2025,9935,0.1421,-0.0928,-0.1076,0.1488,3.038,1,walk
21.2049,9936,0.1442,-0.0946,-0.1089,0.8633,3.085,1,walk
21.2069,9937,0.1411,-0.0922,-0.1069,0.2237,3.111,1,walk
21.209,9938,0.1425,-0.0935,-0.1076,0.6919,3.162,1,walk
21.2111,9939,0.1413,-0.0925,-0.1068,0.1914,3.189,1,walk
21.2131,9940,0.1427,-0.0937,-0.1076,1.0864,3.228,1,walk
21.2152,9941,0.1414,-0.0927,-0.1068,0.1901,3.245,1,walk
21.2173,9942,0.1437,-0.0946,-0.1081,1.3167,3.301,1,walk
21.2193,9943,0.1417,-0.0931,-0.1069,0.0917,3.333,1,walk
21.2214,9944,0.1432,-0.0943,-0.1078,0.4076,3.38,1,walk
21.2234,9945,0.1418,-0.0932,-0.1069,0.1648,3.387,1,walk
21.2255,9946,0.1431,-0.0944,-0.1076,0.3359,3.443,1,walk
21.2275,9947,0.1417,-0.0932,-0.1067,0.1535,3.456,1,walk
21.2296,9948,0.143,-0.0943,-0.1074,0.8367,3.512,1,walk
21.2316,9949,0.1414,-0.0931,-0.1064,0.1414,3.517,1,walk
21.2337,9950,0.1427,-0.0943,-0.1071,1.3378,3.56,1,walk
21.2358,9951,0.1412,-0.0931,-0.1061,0.1388,3.567,1,walk
21.2378,9952,0.1423,-0.0942,-0.1068,1.2904,3.62,1,walk
21.2399,9953,0.1409,-0.093,-0.1058,0.1567,3.622,1,walk
21.2419,9954,0.1414,-0.0937,-0.106,0.8953,3.625,1,walk
21.244,9955,0.1401,-0.0926,-0.1051,0.163,3.624,1,walk
21.246,9956,0.1414,-0.0939,-0.1058,1.2891,3.662,1,walk
21.2481,9957,0.14,-0.0928,-0.1049,0.1688,3.659,1,walk
21.2501,9958,0.1413,-0.094,-0.1055,1.0411,3.688,1,walk
21.2522,9959,0.1398,-0.0929,-0.1045,0.1496,3.684,1,walk
21.2543,9960,0.1409,-0.094,-0.105,0.6494,3.716,1,walk
21.2563,9961,0.1394,-0.0928,-0.104,0.1449,3.711,1,walk
21.2584,9962,0.1404,-0.0938,-0.1044,0.6027,3.726,1,walk
21.2604,9963,0.1388,-0.0927,-0.1034,0.1406,3.721,1,walk
21.2625,9964,0.1399,-0.0938,-0.1039,1.2471,3.745,1,walk
21.2646,9965,0.1384,-0.0926,-0.1028,0.1427,3.74,1,walk
21.2668,9966,0.1402,-0.0943,-0.1038,0.8278,3.766,1,walk
21.2688,9967,0.1371,-0.092,-0.1017,0.2375,3.753,1,walk
21.271,9968,0.1382,-0.0931,-0.1022,0.8133,3.779,1,walk
21.273,9969,0.1367,-0.092,-0.1012,0.1414,3.776,1,walk
21.2751,9970,0.1378,-0.093,-0.1016,0.1464,3.818,1,walk
21.2771,9971,0.1362,-0.0919,-0.1006,0.1417,3.813,1,walk
21.2792,9972,0.1374,-0.093,-0.1012,1.3393,3.847,1,walk
21.2813,9973,0.1359,-0.0919,-0.1001,0.1492,3.842,1,walk
21.2835,9974,0.1369,-0.093,-0.1005,1.0164,3.885,1,walk
21.2855,9975,0.1354,-0.0918,-0.0995,0.1381,3.879,1,walk
21.2876,9976,0.1363,-0.0927,-0.0998,1.9909,3.919,1,walk
21.2896,9977,0.1348,-0.0916,-0.0988,0.1368,3.913,1,walk
21.2917,9978,0.1359,-0.0928,-0.0993,1.3807,3.98,1,walk
21.2938,9979,0.1344,-0.0916,-0.0983,0.1437,3.974,1,walk
21.2958,9980,0.1347,-0.0922,-0.0983,0.3163,4.01,1,walk
21.2979,9981,0.1332,-0.091,-0.0973,0.1421,4.005,1,walk
21.3,9982,0.1344,-0.0922,-0.0978,1.4205,4.024,1,walk
21.3021,9983,0.1329,-0.0911,-0.0968,0.1446,4.018,1,walk
21.3043,9984,0.1341,-0.0923,-0.0973,0.3646,4.063,1,walk
21.3064,9985,0.1326,-0.0911,-0.0963,0.1423,4.057,1,walk
21.3084,9986,0.1336,-0.0922,-0.0967,0.7929,4.109,1,walk
21.3105,9987,0.1322,-0.0911,-0.0958,0.141,4.099,1,walk
21.3125,9988,0.1332,-0.0921,-0.0962,0.5036,4.132,1,walk
21.3146,9989,0.1317,-0.091,-0.0952,0.1386,4.128,1,walk
21.3169,9990,0.1328,-0.0921,-0.0957,1.2109,4.186,1,walk
21.3189,9991,0.1307,-0.0904,-0.0943,0.1151,4.174,1,walk
21.321,9992,0.1319,-0.0917,-0.0948,1.1975,4.227,1,walk
21.323,9993,0.1305,-0.0906,-0.0939,0.1431,4.219,1,walk
21.3251,9994,0.1315,-0.0916,-0.0943,2.0286,4.282,1,walk
21.3271,9995,0.1301,-0.0905,-0.0934,0.14,4.273,1,walk
21.3292,9996,0.132,-0.0922,-0.0944,1.3722,4.321,1,walk
21.3313,9997,0.1298,-0.0906,-0.093,0.1153,4.308,1,walk
21.3335,9998,0.1309,-0.0916,-0.0934,1.29,4.373,1,walk
21.3356,9999,0.1294,-0.0905,-0.0925,0.1381,4.364,1,walk
21.3376,10000,0.1305,-0.0916,-0.093,1.3751,4.423,1,walk
21.3397,10001,0.1291,-0.0905,-0.0921,0.1434,4.413,1,walk
21.3418,10002,0.1301,-0.0915,-0.0925,0.9761,4.455,1,walk
21.3438,10003,0.128,-0.0898,-0.0912,0.101,4.434,1,walk
21.3459,10004,0.1293,-0.0911,-0.0918,1.358,4.495,1,walk
21.3479,10005,0.1279,-0.09,-0.0909,0.1421,4.49,1,walk
21.35,10006,0.129,-0.091,-0.0914,2.3556,4.537,1,walk
21.352,10007,0.1276,-0.0899,-0.0905,0.1359,4.526,1,walk
21.3542,10008,0.1285,-0.0908,-0.0909,0.498,4.593,1,walk
21.3563,10009,0.1271,-0.0897,-0.0901,0.1356,4.581,1,walk
21.3584,10010,0.1284,-0.0909,-0.0907,1.3799,4.63,1,walk
21.3604,10011,0.127,-0.0898,-0.0898,0.139,4.624,1,walk
21.3625,10012,0.128,-0.0908,-0.0903,2.5572,4.68,1,walk
21.3646,10013,0.1266,-0.0897,-0.0894,0.1297,4.667,1,walk
21.3668,10014,0.1285,-0.0913,-0.0903,1.4366,4.727,1,walk
21.3688,10015,0.1257,-0.0891,-0.0887,0.2076,4.708,1,walk
21.3709,10016,0.1276,-0.0908,-0.0897,1.3626,4.769,1,walk
21.3729,10017,0.1255,-0.0891,-0.0884,0.1119,4.751,1,walk
21.375,10018,0.1273,-0.0907,-0.0892,1.9437,4.809,1,walk
21.3771,10019,0.1252,-0.089,-0.088,0.0984,4.784,1,walk
21.3792,10020,0.1261,-0.0899,-0.0884,0.6844,4.871,1,walk
21.3812,10021,0.1247,-0.0887,-0.0876,0.1213,4.865,1,walk
21.3835,10022,0.1259,-0.0899,-0.0882,1.4182,4.941,1,walk
21.3855,10023,0.1245,-0.0887,-0.0874,0.1217,4.932,1,walk
21.3876,10024,0.1257,-0.0899,-0.0879,1.1528,5.023,1,walk
21.3897,10025,0.1243,-0.0887,-0.0871,0.1212,5.009,1,walk
21.3917,10026,0.1255,-0.0898,-0.0877,0.2314,5.096,1,walk
21.3938,10027,0.1241,-0.0886,-0.0869,0.1173,5.087,1,walk
21.3959,10028,0.1245,-0.089,-0.087,0.4383,5.173,1,walk
21.398,10029,0.1231,-0.0878,-0.0862,0.1157,5.161,1,walk
21.4,10030,0.1243,-0.0889,-0.0868,1.4204,5.24,1,walk
21.4021,10031,0.1229,-0.0877,-0.086,0.1102,5.236,1,walk
21.4042,10032,0.1239,-0.0888,-0.0865,0.8166,5.331,1,walk
21.4062,10033,0.1225,-0.0875,-0.0857,0.1011,5.324,1,walk
21.4083,10034,0.1235,-0.0884,-0.0862,0.5682,5.416,1,walk
21.4103,10035,0.122,-0.0872,-0.0854,0.0984,5.406,1,walk
21.4125,10036,0.1232,-0.0883,-0.0859,1.3633,5.492,1,walk
21.4146,10037,0.1217,-0.087,-0.0851,0.0993,5.486,1,walk
21.4167,10038,0.1229,-0.0881,-0.0857,0.2581,5.594,1,walk
21.4187,10039,0.1214,-0.0868,-0.0848,0.0958,5.588,1,walk
21.4209,10040,0.1224,-0.0877,-0.0853,0.8549,5.681,1,walk
21.423,10041,0.1202,-0.0858,-0.0841,0.1188,5.673,1,walk
21.4251,10042,0.1213,-0.0868,-0.0847,1.3694,5.79,1,walk
21.4272,10043,0.1198,-0.0855,-0.0839,0.0872,5.781,1,walk
21.4292,10044,0.121,-0.0866,-0.0845,1.3948,5.89,1,walk
21.4313,10045,0.1194,-0.0852,-0.0837,0.0846,5.879,1,walk
21.4334,10046,0.1205,-0.0862,-0.0842,0.9094,6.004,1,walk
21.4355,10047,0.1189,-0.0848,-0.0834,0.077,5.992,1,walk
21.4378,10048,0.12,-0.0858,-0.084,1.1129,6.128,1,walk
21.4398,10049,0.1185,-0.0844,-0.0832,0.0755,6.115,1,walk
21.4419,10050,0.1196,-0.0854,-0.0837,1.2637,6.205,1,walk
21.4439,10051,0.1172,-0.0833,-0.0825,0.1603,6.19,1,walk
21.446,10052,0.1183,-0.0842,-0.0831,0.7102,6.289,1,walk
21.448,10053,0.1167,-0.0828,-0.0823,0.064,6.272,1,walk
21.4501,10054,0.1175,-0.0835,-0.0826,2.2306,6.404,1,walk
21.4522,10055,0.1159,-0.082,-0.0818,0.0447,6.383,1,walk
21.4542,10056,0.1169,-0.083,-0.0824,1.3626,6.518,1,walk
21.4563,10057,0.1153,-0.0815,-0.0816,0.0566,6.496,1,walk
21.4584,10058,0.1164,-0.0824,-0.0822,1.3394,6.591,1,walk
21.4604,10059,0.1147,-0.0809,-0.0814,0.058,6.566,1,walk
21.4626,10060,0.1157,-0.0818,-0.0819,0.7599,6.663,1,walk
21.4646,10061,0.1141,-0.0802,-0.0811,0.0496,6.648,1,walk
21.4667,10062,0.1151,-0.0811,-0.0817,0.9457,6.777,1,walk
21.4687,10063,0.1135,-0.0795,-0.0809,0.0476,6.746,1,walk
21.471,10064,0.1137,-0.0796,-0.0812,1.3344,6.803,1,walk
21.4731,10065,0.1121,-0.078,-0.0804,0.0537,6.766,1,walk
21.4751,10066,0.113,-0.0789,-0.081,0.5094,6.895,1,walk
21.4772,10067,0.1114,-0.0772,-0.0802,0.0498,6.856,1,walk
21.4792,10068,0.1125,-0.0781,-0.081,1.2972,6.985,1,walk
21.4813,10069,0.1109,-0.0765,-0.0802,0.0583,6.921,1,walk
21.4833,10070,0.112,-0.0774,-0.0809,0.6688,7.033,1,walk
21.4854,10071,0.1103,-0.0757,-0.0802,0.0665,7.011,1,walk
21.4875,10072,0.1113,-0.0765,-0.0808,0.4585,7.144,1,walk
21.4896,10073,0.1096,-0.0748,-0.0801,0.0683,7.1,1,walk
21.4917,10074,0.1106,-0.0756,-0.0808,1.254,7.173,1,walk
21.4938,10075,0.1092,-0.0742,-0.0801,0.041,7.127,1,walk
21.4958,10076,0.1102,-0.0751,-0.0806,1.3383,7.234,1,walk
21.4979,10077,0.1089,-0.074,-0.0799,0.0907,7.182,1,walk
21.5,10078,0.1105,-0.0756,-0.0807,0.1164,7.286,1,walk
21.5021,10079,0.1094,-0.0746,-0.0799,0.1236,7.257,1,walk
21.5041,10080,0.1111,-0.0763,-0.0807,0.6055,7.384,1,walk
21.5062,10081,0.11,-0.0755,-0.08,0.1519,7.318,1,walk
21.5083,10082,0.1117,-0.0772,-0.0806,0.683,7.369,1,walk
21.5103,10083,0.1104,-0.0763,-0.0798,0.1326,7.295,1,walk
21.5126,10084,0.1118,-0.0778,-0.0803,1.1831,7.435,1,walk
21.5147,10085,0.1102,-0.0766,-0.0793,0.1185,7.358,1,walk
21.5169,10086,0.1115,-0.0779,-0.0798,0.8309,7.429,1,walk
21.5189,10087,0.1091,-0.0759,-0.0783,0.2225,7.311,1,walk
21.521,10088,0.1103,-0.0771,-0.0789,0.8642,7.468,1,walk
21.523,10089,0.1087,-0.0758,-0.0779,0.1121,7.389,1,walk
21.5251,10090,0.11,-0.0771,-0.0785,0.9273,7.465,1,walk
21.5272,10091,0.1084,-0.0757,-0.0775,0.1122,7.385,1,walk
21.5292,10092,0.1097,-0.0771,-0.0781,1.3039,7.552,1,walk
21.5313,10093,0.1081,-0.0757,-0.0772,0.1166,7.472,1,walk
21.5333,10094,0.1094,-0.077,-0.0778,1.0583,7.585,1,walk
21.5354,10095,0.1078,-0.0756,-0.0768,0.1094,7.467,1,walk
21.5375,10096,0.1093,-0.0771,-0.0775,1.2197,7.588,1,walk
21.5396,10097,0.1078,-0.0758,-0.0766,0.1127,7.551,1,walk
21.5417,10098,0.1092,-0.0772,-0.0773,0.6074,7.693,1,walk
21.5438,10099,0.1077,-0.0759,-0.0764,0.1065,7.621,1,walk
21.5458,10100,0.1093,-0.0774,-0.0772,1.2857,7.746,1,walk
21.5479,10101,0.1071,-0.0755,-0.0759,0.1852,7.635,1,walk
21.55,10102,0.1087,-0.077,-0.0767,0.8247,7.796,1,walk
21.5521,10103,0.1072,-0.0758,-0.0759,0.1068,7.72,1,walk
21.5542,10104,0.1087,-0.0771,-0.0766,1.0019,7.854,1,walk
21.5562,10105,0.1074,-0.076,-0.0758,0.1084,7.738,1,walk
21.5583,10106,0.1091,-0.0776,-0.0766,1.2967,7.935,1,walk
21.5604,10107,0.1077,-0.0764,-0.0759,0.107,7.895,1,walk
21.5625,10108,0.1093,-0.0779,-0.0767,0.4737,8.009,1,walk
21.5646,10109,0.1079,-0.0766,-0.0759,0.1029,7.929,1,walk
21.5667,10110,0.1096,-0.0782,-0.0767,1.1373,8.075,1,walk
21.5688,10111,0.1082,-0.077,-0.076,0.1072,7.952,1,stand
21.5709,10112,0.1098,-0.0785,-0.0767,0.4286,8.111,1,stand
21.5729,10113,0.1077,-0.0767,-0.0756,0.1637,8.028,1,stand
21.575,10114,0.1093,-0.0783,-0.0764,0.578,8.18,1,stand
21.577,10115,0.108,-0.077,-0.0756,0.1016,8.097,1,stand
21.5791,10116,0.1096,-0.0786,-0.0765,0.4913,8.196,1,stand
21.5812,10117,0.1083,-0.0774,-0.0757,0.1048,8.111,1,stand
21.5833,10118,0.11,-0.0791,-0.0765,0.5752,8.293,1,stand
21.5854,10119,0.1086,-0.0779,-0.0758,0.1059,8.207,1,stand
21.5875,10120,0.1103,-0.0794,-0.0766,0.6251,8.349,1,stand
21.5896,10121,0.109,-0.0782,-0.0759,0.1066,8.262,1,stand
21.5917,10122,0.1108,-0.08,-0.0767,0.5334,8.396,1,stand
21.5938,10123,0.1094,-0.0788,-0.076,0.111,8.309,1,stand
21.5959,10124,0.1105,-0.0799,-0.0763,0.6393,8.474,1,stand
21.5979,10125,0.1092,-0.0787,-0.0756,0.1066,8.386,1,stand
21.6,10126,0.1109,-0.0804,-0.0765,0.6494,8.528,1,stand
21.6021,10127,0.1096,-0.0792,-0.0758,0.1089,8.394,1,stand
21.6042,10128,0.1115,-0.081,-0.0766,0.5012,8.555,1,stand
21.6062,10129,0.1102,-0.0798,-0.0759,0.1163,8.51,1,stand
21.6083,10130,0.112,-0.0816,-0.0767,0.6049,8.673,1,stand
21.6104,10131,0.1106,-0.0804,-0.076,0.1112,8.582,1,stand
21.6125,10132,0.1132,-0.0829,-0.0771,0.3109,8.794,1,stand
21.6145,10133,0.1112,-0.0811,-0.0761,0.1578,8.612,1,stand
21.6166,10134,0.1131,-0.0829,-0.0769,0.6544,8.76,1,stand
21.6187,10135,0.1118,-0.0817,-0.0763,0.1167,8.714,1,stand
21.6208,10136,0.1129,-0.0829,-0.0767,0.5764,8.849,1,stand
21.6229,10137,0.1116,-0.0817,-0.076,0.1112,8.756,1,stand
21.625,10138,0.1143,-0.0843,-0.0772,0.1749,8.948,1,stand
21.6271,10139,0.1123,-0.0825,-0.0762,0.1561,8.808,1,stand
21.6291,10140,0.115,-0.0851,-0.0774,0.5428,9.023,1,stand
21.6311,10141,0.113,-0.0833,-0.0764,0.1584,8.929,1,stand
21.6333,10142,0.1149,-0.0851,-0.0772,0.2155,9.062,1,stand
21.6354,10143,0.1136,-0.084,-0.0765,0.1206,8.968,1,stand
21.6375,10144,0.1157,-0.086,-0.0774,0.1548,9.134,1,stand
21.6395,10145,0.1144,-0.0848,-0.0768,0.1331,9.039,1,stand
21.6416,10146,0.1164,-0.0868,-0.0776,0.833,9.271,1,stand
21.6437,10147,0.1151,-0.0856,-0.0769,0.1274,9.177,1,stand
21.6461,10148,0.1166,-0.0871,-0.0775,0.2784,9.313,1,stand
21.6481,10149,0.1152,-0.0859,-0.0768,0.1347,9.172,1,stand
21.6503,10150,0.1173,-0.0879,-0.0777,0.3548,9.354,1,stand
21.6523,10151,0.1159,-0.0867,-0.077,0.13,9.307,1,stand
21.6544,10152,0.118,-0.0887,-0.0779,0.2665,9.475,1,stand
21.6565,10153,0.1167,-0.0875,-0.0772,0.1338,9.381,1,stand
21.6586,10154,0.1189,-0.0897,-0.0781,0.3158,9.52,1,stand
21.6606,10155,0.1175,-0.0884,-0.0774,0.1409,9.426,1,stand
21.6627,10156,0.1197,-0.0905,-0.0783,0.375,9.629,1,stand
21.6648,10157,0.1183,-0.0893,-0.0776,0.1381,9.534,1,stand
21.667,10158,0.1198,-0.0909,-0.0781,0.4692,9.727,1,stand
21.669,10159,0.1184,-0.0896,-0.0774,0.1438,9.585,1,stand
21.6711,10160,0.1205,-0.0917,-0.0781,1.4764,9.786,1,stand
21.6732,10161,0.1191,-0.0904,-0.0774,0.1326,9.738,1,stand
21.6753,10162,0.1212,-0.0925,-0.0783,0.5126,9.932,1,stand
21.6773,10163,0.1198,-0.0912,-0.0776,0.1445,9.835,1,stand
21.6793,10164,0.1224,-0.0936,-0.0788,1.7168,10.016,0,stand
21.6814,10165,0.1202,-0.0917,-0.0777,0.1619,9.821,1,stand
21.6835,10166,0.1223,-0.0938,-0.0785,0.4649,9.901,1,stand
21.6855,10167,0.1208,-0.0924,-0.0778,0.1413,9.851,1,stand
21.6876,10168,0.1231,-0.0946,-0.0787,0.0842,9.953,1,stand
21.6896,10169,0.1216,-0.0933,-0.0779,0.1553,9.851,1,stand
21.6918,10170,0.1246,-0.0963,-0.0791,0.4823,10.124,0,stand
21.6939,10171,0.1217,-0.0936,-0.0777,0.3289,9.866,1,stand
21.696,10172,0.1242,-0.096,-0.0788,0.4367,9.965,1,stand
21.698,10173,0.1227,-0.0946,-0.078,0.1799,9.86,1,stand
21.7001,10174,0.1249,-0.0968,-0.0788,1.7255,10.0,0,stand
21.7021,10175,0.1233,-0.0955,-0.0781,0.158,9.841,1,stand
21.7043,10176,0.1253,-0.0973,-0.0789,1.1844,9.867,1,stand
21.7063,10177,0.1238,-0.096,-0.0782,0.1529,9.759,1,stand
21.7084,10178,0.1261,-0.0983,-0.0789,0.5325,9.798,1,stand
21.7104,10179,0.1245,-0.097,-0.0781,0.17,9.633,1,stand
21.7126,10180,0.1266,-0.099,-0.0789,1.1972,9.679,1,stand
21.7146,10181,0.125,-0.0976,-0.0781,0.1652,9.623,1,stand
21.7169,10182,0.1271,-0.0997,-0.0789,0.4379,9.674,1,stand
21.719,10183,0.1248,-0.0977,-0.0776,0.2222,9.505,1,stand
21.721,10184,0.1268,-0.0997,-0.0784,0.3753,9.49,1,stand
21.723,10185,0.1252,-0.0983,-0.0775,0.1742,9.376,1,stand
21.7251,10186,0.1269,-0.0999,-0.0783,1.3219,9.43,1,stand
21.7272,10187,0.1253,-0.0985,-0.0774,0.1669,9.315,1,stand
21.7292,10188,0.127,-0.1003,-0.0779,0.856,9.344,1,stand
21.7313,10189,0.1254,-0.0989,-0.077,0.1629,9.23,1,stand
21.7333,10190,0.128,-0.1015,-0.0781,0.274,9.258,1,stand
21.7354,10191,0.1256,-0.0994,-0.0766,0.2412,9.087,1,stand
21.7375,10192,0.1275,-0.1014,-0.0772,0.1557,9.135,1,stand
21.7395,10193,0.1258,-0.1001,-0.0763,0.1952,9.021,1,stand
21.7417,10194,0.1276,-0.102,-0.0768,0.7501,9.035,1,stand
21.7437,10195,0.126,-0.1006,-0.0758,0.1954,8.924,1,stand
21.7458,10196,0.1269,-0.1018,-0.0758,0.4168,8.81,1,stand
21.7479,10197,0.1252,-0.1005,-0.0747,0.2057,8.756,1,stand
21.75,10198,0.1271,-0.1025,-0.0752,0.3091,8.796,1,stand
21.752,10199,0.1254,-0.1011,-0.0741,0.2167,8.69,1,stand
21.7541,10200,0.1271,-0.1031,-0.0745,0.1886,8.664,1,stand
21.7562,10201,0.1254,-0.1017,-0.0733,0.2289,8.512,1,stand
21.7583,10202,0.1272,-0.1037,-0.0736,0.3893,8.496,1,stand
21.7603,10203,0.1254,-0.1023,-0.0725,0.236,8.447,1,stand
21.7625,10204,0.1272,-0.1043,-0.0728,0.2142,8.455,1,stand
21.7646,10205,0.1254,-0.1029,-0.0716,0.2408,8.36,1,stand
21.7667,10206,0.1271,-0.1048,-0.0719,0.352,8.311,1,stand
21.7687,10207,0.1254,-0.1035,-0.0708,0.2433,8.221,1,stand
21.7708,10208,0.1261,-0.1047,-0.0703,1.2692,8.217,1,stand
21.7729,10209,0.1243,-0.1033,-0.0692,0.2418,8.131,1,stand
21.775,10210,0.126,-0.1052,-0.0693,0.281,8.13,1,stand
21.7771,10211,0.1242,-0.1039,-0.0681,0.2515,8.048,1,stand
21.7792,10212,0.1267,-0.1063,-0.0689,0.1338,8.052,1,stand
21.7812,10213,0.124,-0.1043,-0.0671,0.3433,7.934,1,stand
21.7833,10214,0.1256,-0.1062,-0.0672,0.3701,7.982,1,stand
21.7854,10215,0.1238,-0.1048,-0.0659,0.2638,7.906,1,stand
21.7875,10216,0.1254,-0.1066,-0.0659,0.4901,7.923,1,stand
21.7895,10217,0.1236,-0.1053,-0.0647,0.27,7.811,1,stand
21.7916,10218,0.1251,-0.1071,-0.0647,0.1939,7.838,1,stand
21.7937,10219,0.1235,-0.1059,-0.0636,0.2591,7.801,1,stand
21.7959,10220,0.1247,-0.1073,-0.0635,0.373,7.795,1,stand
21.7979,10221,0.1235,-0.1063,-0.0628,0.2324,7.708,1,stand
21.8,10222,0.1262,-0.1089,-0.0637,0.2281,7.795,1,stand
21.802,10223,0.1245,-0.1075,-0.0628,0.2054,7.749,1,stand
21.8041,10224,0.1265,-0.1095,-0.0633,0.2831,7.825,1,stand
21.8062,10225,0.1253,-0.1085,-0.0626,0.2309,7.769,1,stand
21.8083,10226,0.1271,-0.1104,-0.063,0.357,7.887,1,stand
21.8103,10227,0.1257,-0.1093,-0.0622,0.2294,7.87,1,stand
21.8125,10228,0.1274,-0.1111,-0.0624,0.4615,7.975,1,stand
21.8146,10229,0.1259,-0.1099,-0.0615,0.2258,7.93,1,stand
21.8169,10230,0.1275,-0.1116,-0.0617,0.2877,8.038,1,stand
21.8191,10231,0.1251,-0.1095,-0.0604,0.2527,8.006,1,stand
21.8211,10232,0.1266,-0.1111,-0.0606,0.3533,8.131,1,stand
21.8232,10233,0.1249,-0.1098,-0.0597,0.2107,8.081,1,stand
21.8252,10234,0.1264,-0.1113,-0.0598,0.2629,8.21,1,stand
21.8273,10235,0.1248,-0.11,-0.059,0.2087,8.192,1,stand
21.8293,10236,0.1262,-0.1115,-0.0591,0.3115,8.355,1,stand
21.8314,10237,0.1246,-0.1102,-0.0583,0.2073,8.316,1,stand
21.8334,10238,0.1261,-0.1117,-0.0584,0.461,8.389,1,stand
21.8355,10239,0.1245,-0.1104,-0.0575,0.2055,8.346,1,stand
21.8375,10240,0.126,-0.1119,-0.0577,0.2765,8.52,1,stand
21.8396,10241,0.1245,-0.1107,-0.0569,0.2122,8.479,1,stand
21.8417,10242,0.126,-0.1124,-0.0571,0.3347,8.624,1,stand
21.8438,10243,0.1246,-0.1111,-0.0563,0.2135,8.579,1,stand
21.8458,10244,0.126,-0.1126,-0.0565,0.5999,8.717,1,stand
21.8479,10245,0.124,-0.111,-0.0553,0.2304,8.668,1,stand
21.85,10246,0.1256,-0.1127,-0.0555,0.346,8.799,1,stand
21.852,10247,0.1244,-0.1117,-0.0548,0.2411,8.748,1,stand
21.8542,10248,0.1259,-0.1133,-0.055,0.0691,8.869,1,stand
21.8562,10249,0.1246,-0.1121,-0.0542,0.2168,8.814,1,stand
21.8583,10250,0.126,-0.1136,-0.0545,0.3104,8.981,1,stand
21.8604,10251,0.1246,-0.1124,-0.0537,0.2108,8.923,1,stand
21.8626,10252,0.126,-0.1138,-0.054,0.2303,9.067,1,stand
21.8646,10253,0.1245,-0.1125,-0.0533,0.2054,8.976,1,stand
21.8667,10254,0.1268,-0.1147,-0.054,0.3036,9.172,1,stand
21.8688,10255,0.1246,-0.1128,-0.053,0.2222,9.109,1,stand
21.871,10256,0.126,-0.1141,-0.0533,1.0566,9.246,1,stand
21.8731,10257,0.1238,-0.1123,-0.0523,0.2112,9.147,1,stand
21.8751,10258,0.1252,-0.1136,-0.0526,0.3988,9.277,1,stand
21.8772,10259,0.1238,-0.1124,-0.0519,0.2065,9.173,1,stand
21.8793,10260,0.1252,-0.1137,-0.0523,0.3753,9.295,1,stand
21.8813,10261,0.1238,-0.1125,-0.0516,0.2118,9.26,1,stand
21.8833,10262,0.1251,-0.1138,-0.052,0.4737,9.388,1,stand
21.8854,10263,0.1237,-0.1126,-0.0514,0.2067,9.315,1,stand
21.8875,10264,0.1252,-0.1139,-0.0518,0.3151,9.395,1,stand
21.8896,10265,0.1238,-0.1127,-0.0512,0.2131,9.32,1,stand
21.8916,10266,0.1251,-0.1139,-0.0516,0.8957,9.487,1,stand
21.8937,10267,0.1237,-0.1127,-0.051,0.208,9.41,1,stand
21.8958,10268,0.1251,-0.114,-0.0515,0.3289,9.52,1,stand
21.8979,10269,0.123,-0.1122,-0.0506,0.1965,9.403,1,stand
21.9,10270,0.1249,-0.1137,-0.0517,0.2983,9.528,1,stand
21.902,10271,0.1236,-0.1125,-0.0511,0.2554,9.448,1,stand
21.9042,10272,0.1249,-0.1137,-0.0516,1.628,9.565,1,stand
21.9062,10273,0.1235,-0.1125,-0.051,0.2156,9.483,1,stand
21.9083,10274,0.1248,-0.1137,-0.0515,0.6721,9.548,1,stand
21.9103,10275,0.1235,-0.1125,-0.0509,0.2107,9.425,1,stand
21.9125,10276,0.125,-0.1138,-0.0518,0.4583,9.483,1,stand
21.9145,10277,0.1236,-0.1126,-0.0511,0.2355,9.399,1,stand
21.9166,10278,0.1256,-0.1143,-0.052,1.4571,9.517,1,stand
21.9187,10279,0.1236,-0.1125,-0.051,0.1876,9.432,1,stand
21.9209,10280,0.1242,-0.1131,-0.0513,0.3669,9.452,1,stand
21.923,10281,0.1229,-0.1119,-0.0507,0.2155,9.325,1,stand
21.9251,10282,0.1242,-0.1131,-0.0514,0.3491,9.402,1,stand
21.9271,10283,0.1229,-0.1119,-0.0507,0.2198,9.359,1,stand
21.9292,10284,0.1242,-0.1131,-0.0514,0.3543,9.408,1,stand
21.9312,10285,0.1229,-0.1119,-0.0508,0.2199,9.322,1,stand
21.9333,10286,0.1241,-0.113,-0.0513,0.6325,9.375,1,stand
21.9354,10287,0.1228,-0.1118,-0.0507,0.2136,9.246,1,stand
21.9376,10288,0.124,-0.1129,-0.0514,0.5968,9.279,1,stand
21.9397,10289,0.1227,-0.1117,-0.0507,0.2162,9.236,1,stand
21.9417,10290,0.1239,-0.1128,-0.0514,0.4763,9.271,1,stand
21.9438,10291,0.1225,-0.1115,-0.0507,0.2154,9.185,1,stand
21.9459,10292,0.1231,-0.112,-0.0511,0.3648,9.128,1,stand
21.9479,10293,0.1218,-0.1108,-0.0505,0.2155,9.042,1,stand
21.95,10294,0.123,-0.1119,-0.0511,0.5128,9.122,1,stand
21.9521,10295,0.1217,-0.1107,-0.0505,0.2094,9.036,1,stand
21.9543,10296,0.1228,-0.1116,-0.0511,0.5476,9.038,1,stand
21.9563,10297,0.1214,-0.1104,-0.0505,0.2066,8.911,1,stand
21.9589,10298,0.1219,-0.1108,-0.0508,0.4615,8.881,1,stand
21.961,10299,0.1205,-0.1096,-0.0502,0.2023,8.839,1,stand
21.9632,10300,0.1216,-0.1105,-0.0508,0.2064,8.834,1,stand
21.9653,10301,0.1202,-0.1092,-0.0502,0.1981,8.751,1,stand
21.9675,10302,0.1212,-0.1101,-0.0507,0.3551,8.71,1,stand
21.9699,10303,0.1223,-0.111,-0.0513,0.2027,8.691,1,stand
21.9717,10304,0.1208,-0.1097,-0.0507,0.4338,8.65,1,stand
21.9749,10305,0.1218,-0.1105,-0.0513,0.1858,8.621,1,stand
21.9758,10306,0.1196,-0.1085,-0.0503,0.6247,8.5,1,stand
21.979,10307,0.1206,-0.1093,-0.0509,0.1938,8.42,1,stand
21.9799,10308,0.1192,-0.108,-0.0503,0.433,8.341,1,stand
21.982,10309,0.1177,-0.1067,-0.0497,0.1816,8.302,1,stand
21.984,10310,0.1186,-0.1075,-0.0502,0.6751,8.325,1,stand
21.9861,10311,0.1171,-0.1061,-0.0496,0.1729,8.249,1,stand
21.9882,10312,0.118,-0.1068,-0.0502,0.6482,8.21,1,stand
21.9902,10313,0.1165,-0.1054,-0.0495,0.171,8.1,1,stand
21.9923,10314,0.1173,-0.1061,-0.05,0.7052,8.074,1,stand
21.9943,10315,0.1158,-0.1048,-0.0494,0.1597,8.039,1,stand
21.9963,10316,0.1166,-0.1054,-0.05,0.7007,8.014,1,stand
21.9984,10317,0.1151,-0.104,-0.0494,0.1668,7.945,1,stand
22.0004,10318,0.1161,-0.1047,-0.0501,0.4372,7.806,1,stand
22.0025,10319,0.1145,-0.1033,-0.0494,0.1708,7.74,1,stand
22.0046,10320,0.1152,-0.1038,-0.0501,1.5171,7.716,1,stand
22.0066,10321,0.1136,-0.1023,-0.0494,0.1537,7.651,1,stand
22.0087,10322,0.1144,-0.1029,-0.0499,0.4953,7.621,1,stand
22.0107,10323,0.1128,-0.1015,-0.0493,0.1503,7.559,1,stand
22.0128,10324,0.1135,-0.1019,-0.0499,0.7237,7.475,1,stand
22.0148,10325,0.1111,-0.0998,-0.0489,0.1733,7.416,1,stand
22.0169,10326,0.1117,-0.1002,-0.0494,0.7684,7.398,1,stand
22.019,10327,0.1101,-0.0987,-0.0487,0.1394,7.342,1,stand
22.021,10328,0.1107,-0.0991,-0.0493,0.5287,7.291,1,stand
22.0231,10329,0.1091,-0.0976,-0.0486,0.1422,7.21,1,stand
22.0251,10330,0.1096,-0.098,-0.0491,0.8589,7.181,1,stand
22.0272,10331,0.108,-0.0965,-0.0484,0.1327,7.155,1,stand
22.0292,10332,0.1085,-0.0968,-0.049,0.662,7.113,1,stand
22.0313,10333,0.1068,-0.0953,-0.0483,0.1317,7.062,1,stand
22.0333,10334,0.1073,-0.0955,-0.0488,0.493,7.011,1,stand
22.0354,10335,0.1056,-0.094,-0.0481,0.1279,6.962,1,stand
22.0375,10336,0.1069,-0.095,-0.0491,0.4868,6.976,1,stand
22.0395,10337,0.1044,-0.0927,-0.048,0.2017,6.929,1,stand
22.0417,10338,0.1048,-0.0929,-0.0485,0.6057,6.929,1,stand
22.0437,10339,0.1031,-0.0913,-0.0478,0.1216,6.884,1,stand
22.0458,10340,0.1034,-0.0914,-0.0483,0.4937,6.848,1,stand
22.0478,10341,0.1008,-0.089,-0.0472,0.2195,6.785,1,stand
22.05,10342,0.1011,-0.0892,-0.0477,0.5438,6.814,1,stand
22.052,10343,0.0993,-0.0875,-0.047,0.118,6.774,1,stand
22.0542,10344,0.0997,-0.0877,-0.0475,0.5022,6.799,1,stand
22.0562,10345,0.0979,-0.086,-0.0467,0.1196,6.741,1,stand
22.0583,10346,0.0991,-0.0869,-0.0477,0.7102,6.754,1,stand
22.0603,10347,0.0963,-0.0843,-0.0465,0.2485,6.698,1,stand
22.0625,10348,0.0966,-0.0844,-0.0472,0.4721,6.704,1,stand
22.0646,10349,0.0948,-0.0826,-0.0464,0.1193,6.668,1,stand
22.0667,10350,0.0951,-0.0827,-0.047,0.5119,6.685,1,stand
22.0688,10351,0.0932,-0.0809,-0.0463,0.1213,6.633,1,stand
22.071,10352,0.0935,-0.0809,-0.0469,0.3313,6.628,1,stand
22.073,10353,0.0906,-0.0782,-0.0458,0.2803,6.594,1,stand
22.0751,10354,0.0909,-0.0781,-0.0464,0.6621,6.582,1,stand
22.0771,10355,0.0889,-0.0763,-0.0457,0.125,6.55,1,stand
22.0792,10356,0.0891,-0.0762,-0.0462,1.244,6.553,1,stand
22.0812,10357,0.0871,-0.0743,-0.0454,0.1327,6.522,1,stand
22.0833,10358,0.0883,-0.0751,-0.0464,0.4796,6.574,1,stand
22.0853,10359,0.0853,-0.0723,-0.0453,0.3247,6.543,1,stand
22.0875,10360,0.0853,-0.072,-0.0458,1.2084,6.589,1,stand
22.0895,10361,0.0833,-0.0701,-0.045,0.1394,6.561,1,stand
22.0917,10362,0.0837,-0.0701,-0.0457,0.5197,6.593,1,stand
22.0937,10363,0.0825,-0.0689,-0.0453,0.0771,6.579,1,stand
22.0962,10364,0.0841,-0.07,-0.0466,0.5165,6.666,1,stand
22.0982,10365,0.0836,-0.0695,-0.0465,0.1883,6.615,1,stand
22.1003,10366,0.0854,-0.0708,-0.0478,0.481,6.675,1,stand
22.1023,10367,0.0849,-0.0704,-0.0476,0.2018,6.634,1,stand
22.1044,10368,0.0864,-0.0714,-0.0486,0.3118,6.73,1,stand
22.1064,10369,0.0856,-0.0707,-0.0483,0.1626,6.686,1,stand
22.1085,10370,0.0869,-0.0716,-0.0492,0.4789,6.749,1,stand
22.1106,10371,0.0859,-0.0707,-0.0487,0.1297,6.679,1,stand
22.1126,10372,0.0874,-0.0718,-0.0499,0.4921,6.769,1,stand
22.1147,10373,0.0855,-0.0701,-0.049,0.1407,6.721,1,stand
22.1167,10374,0.0864,-0.0706,-0.0497,0.5543,6.764,1,stand
22.1188,10375,0.085,-0.0693,-0.0491,0.1046,6.689,1,stand
22.1212,10376,0.0857,-0.0697,-0.0498,0.611,6.753,1,stand
22.1231,10377,0.0834,-0.0677,-0.0488,0.1888,6.703,1,stand
22.1251,10378,0.0842,-0.068,-0.0496,0.466,6.772,1,stand
22.1272,10379,0.0827,-0.0667,-0.0489,0.1048,6.698,1,stand
22.1292,10380,0.0834,-0.0669,-0.0497,0.585,6.719,1,stand
22.1313,10381,0.0819,-0.0656,-0.049,0.1034,6.695,1,stand
22.1333,10382,0.0827,-0.0659,-0.0499,0.4991,6.771,1,stand
22.1354,10383,0.0812,-0.0646,-0.0492,0.1045,6.723,1,stand
22.1378,10384,0.0819,-0.0649,-0.05,1.4975,6.775,1,stand
22.1395,10385,0.0806,-0.0637,-0.0493,0.0912,6.735,1,stand
22.1418,10386,0.0814,-0.0641,-0.0502,0.4873,6.831,1,stand
22.1439,10387,0.0796,-0.0625,-0.0493,0.1405,6.771,1,stand
22.1467,10388,0.0811,-0.0635,-0.0504,1.3366,6.857,1,stand
22.1483,10389,0.0794,-0.062,-0.0496,0.1103,6.78,1,stand
22.1504,10390,0.0811,-0.0632,-0.0508,0.5526,6.885,1,stand
22.1524,10391,0.0792,-0.0615,-0.0499,0.1516,6.846,1,stand
22.1545,10392,0.0801,-0.0619,-0.0508,0.7675,6.959,1,stand
22.1566,10393,0.0788,-0.0607,-0.0502,0.0791,6.919,1,stand
22.1587,10394,0.0796,-0.0615,-0.0506,0.9385,6.818,1,stand
22.1608,10395,0.0784,-0.0603,-0.05,0.0744,6.777,1,stand
22.1628,10396,0.0795,-0.0608,-0.0511,0.6862,6.864,1,stand
22.1649,10397,0.0777,-0.0592,-0.0503,0.1276,6.8,1,stand
22.1669,10398,0.0792,-0.0602,-0.0515,1.3893,6.934,1,stand
22.169,10399,0.0775,-0.0586,-0.0507,0.1185,6.847,1,stand
22.1713,10400,0.0792,-0.0597,-0.052,0.4943,6.926,1,stand
22.1733,10401,0.0775,-0.0582,-0.0513,0.1072,6.882,1,stand
22.1756,10402,0.0786,-0.0588,-0.0522,1.1206,7.001,1,stand
22.1775,10403,0.0775,-0.0578,-0.0517,0.0677,6.957,1,stand
22.1798,10404,0.0787,-0.0584,-0.0527,0.4698,7.058,1,stand
22.1817,10405,0.0776,-0.0574,-0.0522,0.0708,7.013,1,stand
22.1839,10406,0.0788,-0.058,-0.0533,0.5482,7.113,1,stand
22.1859,10407,0.0772,-0.0566,-0.0526,0.0936,7.045,1,stand
22.188,10408,0.0785,-0.0572,-0.0537,0.1924,7.109,1,stand
22.19,10409,0.0774,-0.0562,-0.0533,0.0804,7.062,1,stand
22.1924,10410,0.0787,-0.0569,-0.0543,0.5343,7.163,1,stand
22.1944,10411,0.0776,-0.0559,-0.0539,0.0754,7.115,1,stand
22.1966,10412,0.0789,-0.0566,-0.055,0.4533,7.261,1,stand
22.199,10413,0.0801,-0.0572,-0.0561,0.0978,7.317,1,stand
22.2008,10414,0.0791,-0.0562,-0.0556,0.6908,7.268,1,stand
22.2028,10415,0.0776,-0.0548,-0.0549,0.0794,7.168,1,stand
22.205,10416,0.0789,-0.0555,-0.0561,0.4938,7.243,1,stand
22.2069,10417,0.0779,-0.0545,-0.0556,0.074,7.192,1,stand
22.2091,10418,0.0787,-0.0548,-0.0566,1.2748,7.316,1,stand
22.2111,10419,0.0778,-0.0538,-0.0561,0.0623,7.264,1,stand
22.2131,10420,0.079,-0.0545,-0.0572,0.5602,7.315,1,stand
22.2152,10421,0.0781,-0.0536,-0.0568,0.0705,7.236,1,stand
22.2173,10422,0.0793,-0.0542,-0.0579,0.4852,7.299,1,stand
22.2193,10423,0.0783,-0.0533,-0.0574,0.0675,7.272,1,stand
22.2215,10424,0.0796,-0.054,-0.0585,0.5161,7.304,1,stand
22.2235,10425,0.0787,-0.053,-0.0581,0.0702,7.25,1,stand
22.2257,10426,0.0799,-0.0537,-0.0592,0.351,7.312,1,stand
22.2278,10427,0.079,-0.0528,-0.0588,0.071,7.23,1,stand
22.2299,10428,0.0798,-0.053,-0.0597,0.473,7.253,1,stand
22.2319,10429,0.0789,-0.052,-0.0593,0.0674,7.198,1,stand
22.234,10430,0.0801,-0.0527,-0.0604,0.2657,7.245,1,stand
22.236,10431,0.0792,-0.0518,-0.06,0.0649,7.19,1,stand
22.2381,10432,0.0805,-0.0524,-0.0612,0.4576,7.191,1,stand
22.2402,10433,0.0796,-0.0515,-0.0607,0.069,7.137,1,stand
22.2422,10434,0.0809,-0.0521,-0.0619,0.3572,7.207,1,stand
22.2443,10435,0.08,-0.0512,-0.0615,0.0666,7.152,1,stand
22.2463,10436,0.0814,-0.0519,-0.0627,0.4473,7.203,1,stand
22.2484,10437,0.0805,-0.0509,-0.0623,0.0694,7.149,1,stand
22.2505,10438,0.0818,-0.0515,-0.0635,0.9724,7.156,1,stand
22.2525,10439,0.0809,-0.0506,-0.0631,0.0695,7.102,1,stand
22.2546,10440,0.0823,-0.0513,-0.0644,0.4306,7.163,1,stand
22.2567,10441,0.0814,-0.0504,-0.064,0.0741,7.11,1,stand
22.2588,10442,0.0829,-0.051,-0.0654,0.4466,7.144,1,stand
22.2608,10443,0.0821,-0.0501,-0.0649,0.0755,7.091,1,stand
22.2629,10444,0.083,-0.0503,-0.066,1.1182,7.063,1,stand
22.265,10445,0.0821,-0.0494,-0.0656,0.0693,7.037,1,stand
22.2671,10446,0.0837,-0.0501,-0.067,0.4133,7.084,1,stand
22.2691,10447,0.0828,-0.0491,-0.0666,0.0764,7.032,1,stand
22.2716,10448,0.0842,-0.0497,-0.068,1.062,7.059,1,stand
22.2736,10449,0.0833,-0.0488,-0.0675,0.0722,6.983,1,stand
22.2757,10450,0.0849,-0.0495,-0.069,0.45,7.007,1,stand
22.2778,10451,0.084,-0.0485,-0.0686,0.0759,6.982,1,stand
22.2798,10452,0.0857,-0.0493,-0.0701,0.4186,7.024,1,stand
22.2818,10453,0.0844,-0.0479,-0.0695,0.0273,6.949,1,stand
22.2839,10454,0.0858,-0.0484,-0.0709,1.4073,6.954,1,stand
22.2859,10455,0.085,-0.0475,-0.0705,0.0733,6.905,1,stand
22.288,10456,0.087,-0.0486,-0.0722,0.4422,6.976,1,stand
22.2901,10457,0.0857,-0.0472,-0.0716,0.0238,6.902,1,stand
22.2922,10458,0.0877,-0.0482,-0.0732,0.6468,6.964,1,stand
22.2942,10459,0.0864,-0.0468,-0.0726,0.0231,6.866,1,stand
22.2963,10460,0.0881,-0.0474,-0.0742,0.4061,6.887,1,stand
22.2983,10461,0.0872,-0.0465,-0.0738,0.0835,6.838,1,stand
22.3004,10462,0.0889,-0.0471,-0.0754,0.397,6.893,1,stand
22.3025,10463,0.088,-0.0462,-0.0749,0.084,6.844,1,stand
22.3046,10464,0.09,-0.0472,-0.0767,0.8062,6.889,1,stand
22.3066,10465,0.0887,-0.0458,-0.076,0.0236,6.792,1,stand
22.3087,10466,0.0904,-0.0463,-0.0776,0.3974,6.821,1,stand
22.3107,10467,0.0896,-0.0454,-0.0772,0.0906,6.797,1,stand
22.3128,10468,0.0909,-0.0455,-0.0787,0.3879,6.798,1,stand
22.3149,10469,0.09,-0.0446,-0.0782,0.0902,6.749,1,stand
22.317,10470,0.0917,-0.0451,-0.0798,0.7277,6.744,1,stand
22.319,10471,0.0908,-0.0441,-0.0794,0.0942,6.696,1,stand
22.3211,10472,0.0929,-0.0451,-0.0812,0.4282,6.747,1,stand
22.3231,10473,0.0917,-0.0437,-0.0806,0.0251,6.697,1,stand
22.3252,10474,0.0934,-0.0443,-0.0823,0.3981,6.72,1,stand
22.3273,10475,0.0926,-0.0433,-0.0818,0.0953,6.67,1,stand
22.3294,10476,0.0942,-0.0438,-0.0834,1.1782,6.66,1,stand
22.3314,10477,0.0934,-0.0428,-0.083,0.0948,6.611,1,stand
22.3334,10478,0.0951,-0.0433,-0.0846,0.4393,6.638,1,stand
22.3355,10479,0.0942,-0.0424,-0.0841,0.0982,6.588,1,stand
22.3377,10480,0.096,-0.0429,-0.0859,0.3851,6.594,1,stand
22.3397,10481,0.0951,-0.042,-0.0854,0.0989,6.544,1,stand
22.342,10482,0.0972,-0.0428,-0.0873,0.9213,6.564,1,stand
22.344,10483,0.0955,-0.041,-0.0862,0.1147,6.49,1,stand
22.346,10484,0.0972,-0.0414,-0.0879,0.4425,6.504,1,stand
22.3481,10485,0.0964,-0.0405,-0.0874,0.0976,6.456,1,stand
22.3502,10486,0.0981,-0.041,-0.0892,0.4467,6.451,1,stand
22.3522,10487,0.0973,-0.0401,-0.0886,0.1026,6.381,1,stand
22.3546,10488,0.0989,-0.0404,-0.0903,0.92,6.398,1,stand
22.3563,10489,0.098,-0.0395,-0.0897,0.0822,6.375,1,stand
22.3585,10490,0.1003,-0.0404,-0.0918,0.4142,6.396,1,stand
22.3605,10491,0.099,-0.0391,-0.091,0.0252,6.33,1,stand
22.3627,10492,0.1008,-0.0396,-0.0927,0.5786,6.334,1,stand
22.3648,10493,0.1,-0.0387,-0.0922,0.1013,6.269,1,stand
22.367,10494,0.1014,-0.0387,-0.0938,0.415,6.253,1,stand
22.369,10495,0.1006,-0.0378,-0.0932,0.1102,6.211,1,stand
22.3713,10496,0.1028,-0.0387,-0.0952,0.8908,6.241,1,stand
22.3733,10497,0.1015,-0.0374,-0.0943,0.0347,6.181,1,stand
22.3754,10498,0.1034,-0.0379,-0.0963,0.3398,6.161,1,stand
22.3775,10499,0.1026,-0.037,-0.0957,0.1147,6.124,1,stand
22.3796,10500,0.1046,-0.0376,-0.0977,0.3461,6.137,1,stand
22.3816,10501,0.1038,-0.0367,-0.0971,0.1164,6.101,1,stand
22.3838,10502,0.1059,-0.0373,-0.0991,0.3114,6.107,1,stand
22.3858,10503,0.105,-0.0364,-0.0985,0.1182,6.072,1,stand
22.3879,10504,0.1065,-0.0364,-0.1001,1.3256,6.033,1,stand
22.3899,10505,0.1056,-0.0356,-0.0994,0.1154,6.013,1,stand
22.392,10506,0.108,-0.0364,-0.1017,0.3077,6.01,1,stand
22.394,10507,0.1062,-0.0351,-0.1002,0.0765,5.955,1,stand
22.3961,10508,0.1085,-0.036,-0.1023,0.3861,5.964,1,stand
22.3982,10509,0.1065,-0.0346,-0.1007,0.1153,5.917,1,stand
22.4003,10510,0.1082,-0.0352,-0.1023,0.2961,5.95,1,stand
22.4024,10511,0.1069,-0.0343,-0.1013,0.0956,5.935,1,stand
22.4045,10512,0.1084,-0.0348,-0.1027,1.4699,5.91,1,stand
22.4065,10513,0.1073,-0.0341,-0.1017,0.1077,5.896,1,stand
22.4086,10514,0.1095,-0.035,-0.1037,0.3589,5.873,1,stand
22.4107,10515,0.108,-0.034,-0.1025,0.053,5.865,1,stand
22.4128,10516,0.11,-0.0346,-0.1044,0.3142,5.84,1,stand
22.4148,10517,0.1091,-0.0339,-0.1037,0.1505,5.832,1,stand
22.4169,10518,0.1106,-0.0343,-0.1052,0.2859,5.788,1,stand
22.419,10519,0.1096,-0.0337,-0.1043,0.1574,5.784,1,stand
22.4214,10520,0.1121,-0.0345,-0.1067,0.4571,5.756,1,stand
22.4234,10521,0.1105,-0.0337,-0.1053,0.1095,5.744,1,stand
22.4255,10522,0.1126,-0.0343,-0.1072,0.434,5.712,1,stand
22.4275,10523,0.1115,-0.0337,-0.1063,0.1609,5.707,1,stand
22.4296,10524,0.1135,-0.0343,-0.1082,0.294,5.682,1,stand
22.4316,10525,0.1124,-0.0337,-0.1073,0.1581,5.677,1,stand
22.4337,10526,0.1151,-0.0346,-0.1097,0.6766,5.661,1,stand
22.4358,10527,0.1131,-0.0337,-0.1079,0.1396,5.651,1,stand
22.438,10528,0.1151,-0.0343,-0.1099,0.1967,5.646,1,stand
22.44,10529,0.1132,-0.0334,-0.1082,0.1481,5.639,1,stand
22.4421,10530,0.1155,-0.0342,-0.1104,0.3304,5.641,1,stand
22.4443,10531,0.1144,-0.0336,-0.1093,0.1867,5.626,1,stand
22.4464,10532,0.1167,-0.0344,-0.1115,0.1662,5.631,1,stand
22.4484,10533,0.1155,-0.0338,-0.1105,0.1768,5.618,1,stand
22.4506,10534,0.1179,-0.0345,-0.1127,0.1606,5.638,1,stand
22.4527,10535,0.1168,-0.0339,-0.1117,0.1955,5.623,1,stand
22.4548,10536,0.1193,-0.0347,-0.1141,0.1599,5.656,1,stand
22.4568,10537,0.1182,-0.0341,-0.1131,0.1993,5.632,1,stand
22.459,10538,0.12,-0.0346,-0.1149,0.2478,5.647,1,stand
22.461,10539,0.1187,-0.0341,-0.1137,0.1941,5.637,1,stand
22.4632,10540,0.1209,-0.0347,-0.1159,0.3394,5.67,1,stand
22.4653,10541,0.1196,-0.0342,-0.1146,0.1959,5.649,1,stand
22.4674,10542,0.1219,-0.0348,-0.1168,0.1582,5.666,1,stand
22.4694,10543,0.1205,-0.0343,-0.1155,0.2009,5.644,1,stand
22.4717,10544,0.1225,-0.0349,-0.1174,0.275,5.693,1,stand
22.4741,10545,0.1245,-0.0356,-0.1193,0.2115,5.71,1,stand
22.4758,10546,0.1221,-0.035,-0.117,0.3741,5.671,1,stand
22.4779,10547,0.1205,-0.0345,-0.1155,0.2194,5.63,1,stand
22.48,10548,0.1225,-0.0351,-0.1174,0.1518,5.673,1,stand
22.482,10549,0.121,-0.0347,-0.1159,0.2114,5.658,1,stand
22.4841,10550,0.1231,-0.0353,-0.118,0.1372,5.675,1,stand
22.4861,10551,0.1216,-0.0348,-0.1166,0.2093,5.644,1,stand
22.4887,10552,0.1238,-0.0353,-0.1186,0.1704,5.651,1,stand
22.4918,10553,0.1252,-0.0356,-0.12,0.2384,5.642,1,stand
22.4938,10554,0.1237,-0.0351,-0.1187,0.211,5.625,1,stand
22.496,10555,0.1251,-0.0354,-0.12,0.3961,5.59,1,stand
22.498,10556,0.1237,-0.0348,-0.1187,0.2104,5.555,1,stand
22.5001,10557,0.1271,-0.0359,-0.1219,0.4488,5.461,1,stand
22.5022,10558,0.1249,-0.0352,-0.1198,0.243,5.388,1,stand
22.5043,10559,0.1268,-0.0355,-0.1217,1.6975,5.391,1,stand
22.5064,10560,0.1253,-0.035,-0.1203,0.2089,5.353,1,stand
22.5086,10561,0.127,-0.0351,-0.122,0.7297,5.329,1,stand
22.5107,10562,0.1255,-0.0346,-0.1206,0.2094,5.291,1,stand
22.5129,10563,0.1271,-0.0349,-0.1222,0.9314,5.224,1,stand
22.5149,10564,0.1249,-0.0341,-0.1201,0.1852,5.186,1,stand
22.517,10565,0.1273,-0.0347,-0.1225,0.4008,5.177,1,stand
22.5191,10566,0.125,-0.0339,-0.1203,0.1888,5.12,1,stand
22.5212,10567,0.1267,-0.0342,-0.122,0.1659,5.139,1,stand
22.5233,10568,0.1251,-0.0337,-0.1205,0.1936,5.084,1,stand
22.5254,10569,0.1268,-0.0338,-0.1222,0.2673,5.11,1,stand
22.5274,10570,0.1253,-0.0333,-0.1208,0.1978,5.092,1,stand
22.5295,10571,0.1277,-0.0336,-0.1232,0.3417,5.131,1,stand
22.5315,10572,0.1254,-0.0329,-0.121,0.1808,5.076,1,stand
22.5336,10573,0.1274,-0.0331,-0.123,1.6506,5.152,1,stand
22.5357,10574,0.1251,-0.0323,-0.1209,0.1536,5.078,1,stand
22.5379,10575,0.1268,-0.0324,-0.1226,0.3117,5.174,1,stand
22.54,10576,0.1245,-0.0316,-0.1204,0.184,5.118,1,stand
22.5421,10577,0.1261,-0.0316,-0.122,1.3882,5.211,1,stand
22.5442,10578,0.1245,-0.0311,-0.1206,0.1836,5.154,1,stand
22.5462,10579,0.1254,-0.0307,-0.1216,1.4402,5.293,1,stand
22.5483,10580,0.1238,-0.0302,-0.1201,0.17,5.254,1,stand
22.5504,10581,0.1247,-0.03,-0.1211,0.8375,5.327,1,stand
22.5525,10582,0.1232,-0.0295,-0.1196,0.1502,5.286,1,stand
22.5546,10583,0.1252,-0.0297,-0.1217,0.3741,5.284,1,stand
22.5566,10584,0.1229,-0.0288,-0.1195,0.1491,5.201,1,stand
22.5587,10585,0.1248,-0.029,-0.1214,1.6186,5.205,1,stand
22.5608,10586,0.1224,-0.0281,-0.1192,0.1295,5.162,1,stand
22.5629,10587,0.1241,-0.0282,-0.1209,0.4572,5.097,1,stand
22.5649,10588,0.1218,-0.0274,-0.1187,0.1677,5.028,1,stand
22.567,10589,0.1243,-0.0275,-0.1212,0.4306,4.921,1,stand
22.569,10590,0.122,-0.0266,-0.1191,0.1557,4.827,1,walk
22.5714,10591,0.1239,-0.0268,-0.121,1.105,4.787,1,walk
22.5734,10592,0.1224,-0.0262,-0.1195,0.163,4.738,1,walk
22.5755,10593,0.1241,-0.026,-0.1213,1.4716,4.677,1,walk
22.5775,10594,0.1225,-0.0254,-0.1199,0.1576,4.627,1,walk
22.5796,10595,0.1229,-0.025,-0.1204,2.4659,4.801,1,walk
22.5816,10596,0.1214,-0.0244,-0.1189,0.1042,4.751,1,walk
22.5837,10597,0.1231,-0.0244,-0.1207,1.2812,4.767,1,walk
22.5857,10598,0.1216,-0.0237,-0.1192,0.1447,4.718,1,walk
22.5878,10599,0.1231,-0.0236,-0.1208,1.1839,4.799,1,walk
22.5898,10600,0.1208,-0.0227,-0.1186,0.1397,4.704,1,walk
22.5923,10601,0.1231,-0.0229,-0.1209,0.3663,4.845,1,walk
22.5943,10602,0.1207,-0.0219,-0.1187,0.142,4.799,1,walk
22.5964,10603,0.1221,-0.0217,-0.1202,0.1846,4.975,1,walk
22.5984,10604,0.1205,-0.021,-0.1187,0.1165,4.932,1,walk
22.6005,10605,0.1218,-0.0209,-0.12,0.9642,5.128,1,walk
22.6025,10606,0.1202,-0.0202,-0.1185,0.1028,5.068,1,walk
22.6046,10607,0.1218,-0.0201,-0.1202,1.2491,5.126,1,walk
22.6066,10608,0.1202,-0.0194,-0.1186,0.1159,5.108,1,walk
22.6087,10609,0.1215,-0.0193,-0.12,2.432,5.261,1,walk
22.6107,10610,0.1199,-0.0186,-0.1185,0.0893,5.226,1,walk
22.6128,10611,0.1213,-0.0185,-0.1199,1.3785,5.338,1,walk
22.6148,10612,0.1188,-0.0174,-0.1176,0.1553,5.271,1,walk
22.6169,10613,0.1211,-0.0177,-0.1198,1.224,5.386,1,walk
22.619,10614,0.1186,-0.0166,-0.1174,0.1563,5.355,1,walk
22.6212,10615,0.1207,-0.0167,-0.1196,0.709,5.496,1,walk
22.6232,10616,0.1182,-0.0156,-0.1172,0.1551,5.451,1,walk
22.6253,10617,0.1194,-0.0153,-0.1184,0.1895,5.555,1,walk
22.6273,10618,0.1177,-0.0146,-0.1168,0.0666,5.527,1,walk
22.6295,10619,0.1189,-0.0143,-0.118,0.355,5.649,1,walk
22.6315,10620,0.1171,-0.0135,-0.1163,0.0524,5.635,1,walk
22.6336,10621,0.1182,-0.0132,-0.1175,0.5414,5.745,1,walk
22.6357,10622,0.1165,-0.0124,-0.1158,0.0479,5.718,1,walk
22.6378,10623,0.1175,-0.012,-0.1169,0.4743,5.834,1,walk
22.6398,10624,0.1157,-0.0112,-0.1152,0.0372,5.793,1,walk
22.6421,10625,0.1167,-0.0108,-0.1162,0.235,5.904,1,walk
22.6441,10626,0.114,-0.0095,-0.1136,0.1934,5.876,1,walk
22.6462,10627,0.1158,-0.0096,-0.1154,0.3991,5.998,1,walk
22.6483,10628,0.1131,-0.0082,-0.1128,0.1958,5.955,1,walk
22.6503,10629,0.114,-0.0078,-0.1137,0.8969,6.05,1,walk
22.6524,10630,0.1122,-0.0069,-0.112,0.0344,6.02,1,walk
22.6545,10631,0.113,-0.0065,-0.1128,0.7395,6.122,1,walk
22.6565,10632,0.1113,-0.0055,-0.1111,0.0482,6.107,1,walk
22.6588,10633,0.1121,-0.005,-0.112,1.2843,6.178,1,walk
22.6608,10634,0.1095,-0.0035,-0.1094,0.2435,6.11,1,walk
22.6629,10635,0.1103,-0.003,-0.1102,0.794,6.189,1,walk
22.665,10636,0.1085,-0.002,-0.1085,0.0727,6.171,1,walk
22.6671,10637,0.1103,-0.0019,-0.1103,1.3517,6.228,1,walk
22.6691,10638,0.1077,-0.0003,-0.1077,0.2761,6.17,1,walk
22.6714,10639,0.1094,-0.0003,-0.1094,0.8743,6.249,1,walk
22.6733,10640,0.1068,0.0014,-0.1068,0.3095,6.166,1,walk
22.6755,10641,0.1075,0.002,-0.1075,0.5509,6.256,1,walk
22.6775,10642,0.1058,0.0032,-0.1057,0.1094,6.235,1,walk
22.6796,10643,0.1073,0.0033,-0.1072,0.4715,6.367,1,walk
22.6816,10644,0.1047,0.0051,-0.1046,0.3224,6.3,1,walk
22.6837,10645,0.1054,0.0059,-0.1052,0.494,6.414,1,walk
22.6858,10646,0.1037,0.0071,-0.1034,0.1405,6.346,1,walk
22.6878,10647,0.1045,0.0075,-0.1042,1.1583,6.584,1,walk
22.6899,10648,0.1028,0.0088,-0.1024,0.1613,6.563,1,walk
22.6919,10649,0.1036,0.0093,-0.1032,1.5955,6.651,1,walk
22.694,10650,0.102,0.0102,-0.1015,0.0777,6.558,1,walk
22.696,10651,0.1035,0.0099,-0.103,1.1003,6.617,1,walk
22.6981,10652,0.1027,0.0101,-0.1022,0.1261,6.588,1,walk
22.7001,10653,0.1042,0.0099,-0.1037,1.057,6.626,1,walk
22.7022,10654,0.1033,0.01,-0.1029,0.1374,6.563,1,walk
22.7043,10655,0.1046,0.0096,-0.1041,1.5079,6.609,1,walk
22.7063,10656,0.1035,0.0099,-0.1031,0.0762,6.576,1,walk
22.7084,10657,0.1046,0.0097,-0.1042,1.2564,6.631,1,walk
22.7104,10658,0.1034,0.01,-0.1029,0.036,6.564,1,walk
22.7125,10659,0.1048,0.0097,-0.1044,1.175,6.633,1,walk
22.7146,10660,0.1028,0.0104,-0.1023,0.1304,6.533,1,walk
22.7168,10661,0.1032,0.0104,-0.1027,1.3985,6.495,1,walk
22.7189,10662,0.1018,0.0109,-0.1012,0.0229,6.429,1,walk
22.7211,10663,0.1034,0.0106,-0.1028,2.1425,6.47,1,walk
22.7231,10664,0.1013,0.0113,-0.1007,0.15,6.406,1,walk
22.7252,10665,0.102,0.0113,-0.1014,1.2069,6.492,1,walk
22.7272,10666,0.1007,0.0117,-0.1,0.0088,6.429,1,walk
22.7293,10667,0.1013,0.0117,-0.1007,0.9427,6.507,1,walk
22.7313,10668,0.1,0.012,-0.0993,0.0146,6.447,1,walk
22.7334,10669,0.1003,0.012,-0.0996,2.4076,6.643,1,walk
22.7355,10670,0.099,0.0123,-0.0983,0.0232,6.584,1,walk
22.7375,10671,0.0999,0.0122,-0.0992,0.4525,6.777,1,walk
22.7396,10672,0.0981,0.0125,-0.0973,0.085,6.672,1,walk
22.7418,10673,0.099,0.0123,-0.0982,0.9896,6.9,1,walk
22.7437,10674,0.0973,0.0122,-0.0966,0.0596,6.849,1,walk
22.7459,10675,0.0979,0.0119,-0.0972,1.5893,6.981,1,walk
22.748,10676,0.0963,0.0118,-0.0956,0.0758,6.899,1,walk
22.75,10677,0.0969,0.0115,-0.0962,0.3354,6.985,1,walk
22.7521,10678,0.0958,0.0116,-0.0951,0.0763,6.956,1,walk
22.7541,10679,0.0961,0.0115,-0.0955,2.0261,7.108,1,walk
22.7562,10680,0.0951,0.0116,-0.0943,0.0724,7.048,1,walk
22.7583,10681,0.0959,0.0113,-0.0952,0.7199,7.259,1,walk
22.7603,10682,0.0943,0.0116,-0.0936,0.0446,7.136,1,walk
22.7625,10683,0.0948,0.0114,-0.0942,1.5909,7.275,1,walk
22.7646,10684,0.0938,0.0116,-0.0931,0.0594,7.243,1,walk
22.7667,10685,0.0948,0.0114,-0.0941,0.5853,7.452,1,walk
22.7687,10686,0.0933,0.0117,-0.0925,0.0426,7.356,1,walk
22.7709,10687,0.0932,0.0119,-0.0925,0.9528,7.473,1,walk
22.7729,10688,0.0922,0.012,-0.0914,0.0739,7.408,1,walk
22.775,10689,0.0927,0.0121,-0.0919,0.0603,7.629,1,walk
22.7771,10690,0.0917,0.0123,-0.0909,0.0757,7.563,1,walk
22.7792,10691,0.0921,0.0123,-0.0913,0.4044,7.741,1,walk
22.7812,10692,0.0912,0.0125,-0.0903,0.0756,7.64,1,walk
22.7833,10693,0.0922,0.0124,-0.0913,1.3479,7.787,1,walk
22.7854,10694,0.0908,0.0127,-0.0899,0.0129,7.718,1,walk
22.7875,10695,0.0914,0.0126,-0.0905,1.1717,7.788,1,walk
22.7895,10696,0.0905,0.0128,-0.0896,0.086,7.717,1,walk
22.7916,10697,0.0912,0.0127,-0.0904,1.6459,7.748,1,walk
22.7936,10698,0.0903,0.0128,-0.0894,0.0861,7.641,1,walk
22.7958,10699,0.0911,0.0126,-0.0902,0.8742,7.648,1,walk
22.7978,10700,0.0898,0.0127,-0.0889,0.0259,7.576,1,walk
22.8,10701,0.0906,0.0126,-0.0898,2.2708,7.698,1,walk
22.8021,10702,0.0893,0.0128,-0.0884,0.0099,7.59,1,walk
22.8042,10703,0.0897,0.013,-0.0888,1.2456,7.696,1,walk
22.8062,10704,0.0888,0.0131,-0.0879,0.1128,7.624,1,walk
22.8084,10705,0.0894,0.0131,-0.0884,1.7503,7.809,1,walk
22.8105,10706,0.0885,0.0132,-0.0875,0.1046,7.738,1,walk
22.8127,10707,0.0895,0.0133,-0.0885,0.5073,7.894,1,walk
22.8148,10708,0.0882,0.0134,-0.0872,0.0249,7.75,1,walk
22.8168,10709,0.0883,0.0133,-0.0873,0.6987,7.873,1,walk
22.8189,10710,0.0874,0.0134,-0.0864,0.0974,7.836,1,walk
22.8212,10711,0.0888,0.0133,-0.0878,0.6628,8.011,1,walk
22.8232,10712,0.0872,0.0134,-0.0861,0.0552,7.864,1,walk
22.8253,10713,0.0876,0.0141,-0.0865,0.8795,7.757,1,walk
22.8273,10714,0.0869,0.0141,-0.0857,0.1541,7.682,1,walk
22.8294,10715,0.0869,0.0139,-0.0858,1.2164,7.945,1,walk
22.8315,10716,0.0858,0.014,-0.0846,0.0573,7.869,1,walk
22.8336,10717,0.0867,0.0141,-0.0855,1.4735,7.922,1,walk
22.8356,10718,0.0855,0.0142,-0.0844,0.0458,7.808,1,walk
22.8377,10719,0.0865,0.0146,-0.0852,1.1779,7.748,1,walk
22.8397,10720,0.0857,0.0147,-0.0845,0.1408,7.672,1,walk
22.8418,10721,0.0863,0.0144,-0.085,0.9875,7.702,1,walk
22.8439,10722,0.0851,0.0144,-0.0839,0.034,7.587,1,walk
22.8459,10723,0.0858,0.0144,-0.0846,2.1444,7.838,1,walk
22.8479,10724,0.0844,0.0144,-0.0831,0.0222,7.647,1,walk
22.85,10725,0.0852,0.0145,-0.0839,1.5699,7.688,1,walk
22.8521,10726,0.0841,0.0145,-0.0828,0.0632,7.612,1,walk
22.8543,10727,0.0846,0.0146,-0.0833,0.3534,7.634,1,walk
22.8563,10728,0.0838,0.0146,-0.0826,0.1319,7.559,1,walk
22.8586,10729,0.0848,0.0148,-0.0835,1.5779,7.394,1,walk
22.8607,10730,0.0841,0.0148,-0.0828,0.1415,7.32,1,walk
22.8628,10731,0.0847,0.015,-0.0833,2.2764,7.328,1,walk
22.8648,10732,0.084,0.0149,-0.0826,0.1389,7.254,1,walk
22.8669,10733,0.0839,0.0149,-0.0826,2.045,7.374,1,walk
22.869,10734,0.0829,0.0149,-0.0815,0.0664,7.231,1,walk
22.8711,10735,0.0842,0.0152,-0.0828,1.497,7.076,1,walk
22.8732,10736,0.0832,0.0152,-0.0818,0.0989,7.006,1,walk
22.8753,10737,0.0839,0.0153,-0.0825,2.0855,7.013,1,walk
22.8773,10738,0.0829,0.0152,-0.0815,0.0686,6.91,1,walk
22.8794,10739,0.0837,0.0154,-0.0823,1.1818,6.855,1,walk
22.8815,10740,0.0826,0.0153,-0.0812,0.0731,6.754,1,walk
22.8835,10741,0.0829,0.0153,-0.0815,2.1037,6.929,1,walk
22.8856,10742,0.0819,0.0153,-0.0804,0.0646,6.828,1,walk
22.8877,10743,0.0823,0.0154,-0.0809,1.6969,6.801,1,walk
22.8897,10744,0.0816,0.0153,-0.0802,0.1316,6.702,1,walk
22.892,10745,0.0821,0.0154,-0.0806,0.6384,6.681,1,walk
22.894,10746,0.081,0.0153,-0.0795,0.0717,6.616,1,walk
22.8961,10747,0.0819,0.0156,-0.0804,1.4153,6.424,1,walk
22.8981,10748,0.0812,0.0155,-0.0797,0.1456,6.359,1,walk
22.9002,10749,0.0816,0.0156,-0.0801,1.9563,6.3,1,walk
22.9023,10750,0.0809,0.0155,-0.0794,0.1298,6.236,1,walk
22.9043,10751,0.0813,0.0155,-0.0798,0.7584,6.24,1,walk
22.9064,10752,0.0806,0.0154,-0.0791,0.1283,6.176,1,walk
22.9084,10753,0.0806,0.0152,-0.0792,1.7017,6.348,1,walk
22.9105,10754,0.0799,0.0151,-0.0785,0.1113,6.254,1,walk
22.9125,10755,0.0809,0.0154,-0.0794,1.3211,6.032,1,walk
22.9146,10756,0.0801,0.0153,-0.0787,0.1458,6.001,1,walk
22.9167,10757,0.0806,0.0152,-0.0791,1.8085,5.997,1,walk
22.9187,10758,0.0798,0.0151,-0.0784,0.118,5.936,1,walk
22.9209,10759,0.0804,0.0151,-0.0789,1.1502,5.902,1,walk
22.9229,10760,0.0792,0.0149,-0.0778,0.0715,5.783,1,walk
22.9251,10761,0.0797,0.0149,-0.0783,0.197,5.78,1,walk
22.9271,10762,0.079,0.0148,-0.0775,0.1161,5.721,1,walk
22.9292,10763,0.0798,0.0148,-0.0784,0.8209,5.739,1,walk
22.9313,10764,0.0786,0.0146,-0.0773,0.0676,5.651,1,walk
22.9333,10765,0.0791,0.0149,-0.0777,0.4678,5.487,1,walk
22.9353,10766,0.0784,0.0148,-0.0769,0.1257,5.431,1,walk
22.9375,10767,0.0792,0.0149,-0.0778,1.1004,5.431,1,walk
22.9395,10768,0.078,0.0147,-0.0766,0.0713,5.376,1,walk
22.9418,10769,0.0785,0.0147,-0.0771,0.2999,5.364,1,walk
22.9439,10770,0.0772,0.0145,-0.0758,0.0682,5.258,1,walk
22.9459,10771,0.0777,0.0146,-0.0763,0.8846,5.236,1,walk
22.948,10772,0.0768,0.0145,-0.0755,0.1065,5.186,1,walk
22.95,10773,0.0773,0.0145,-0.0759,0.5626,5.186,1,walk
22.9521,10774,0.0764,0.0143,-0.0751,0.1049,5.137,1,walk
22.9542,10775,0.0768,0.0143,-0.0755,0.7728,5.156,1,walk
22.9562,10776,0.076,0.0141,-0.0747,0.1001,5.089,1,walk
22.9585,10777,0.0769,0.0143,-0.0756,0.9682,5.106,1,walk
22.9605,10778,0.0756,0.014,-0.0743,0.0878,5.064,1,walk
22.9627,10779,0.076,0.014,-0.0747,0.5176,5.089,1,walk
22.9647,10780,0.0752,0.0138,-0.0739,0.1028,5.05,1,walk
22.9668,10781,0.0756,0.0138,-0.0743,0.3434,5.064,1,walk
22.9688,10782,0.0743,0.0135,-0.073,0.0925,4.993,1,walk
22.9711,10783,0.0752,0.0137,-0.0739,0.8992,5.001,1,walk
22.9731,10784,0.0739,0.0134,-0.0726,0.0995,4.967,1,walk
22.9754,10785,0.0743,0.0134,-0.0731,0.7578,4.995,1,walk
22.9774,10786,0.0734,0.0131,-0.0722,0.1031,4.964,1,walk
22.9795,10787,0.0739,0.0132,-0.0727,0.6948,4.961,1,walk
22.9815,10788,0.073,0.013,-0.0718,0.1065,4.933,1,walk
22.9836,10789,0.0735,0.0129,-0.0723,0.7536,4.958,1,walk
22.9856,10790,0.0726,0.0127,-0.0714,0.1049,4.945,1,walk
22.9877,10791,0.073,0.0127,-0.0719,0.3275,4.968,1,walk
22.9898,10792,0.0721,0.0124,-0.071,0.1056,4.943,1,walk
22.9928,10793,0.0722,0.0124,-0.0711,0.7156,4.9,1,walk
22.9955,10794,0.0727,0.0123,-0.0716,0.755,4.936,1,walk
22.9971,10795,0.0714,0.012,-0.0704,0.1016,4.914,1,walk
22.9996,10796,0.0721,0.0121,-0.0711,1.4675,4.922,1,walk
23.0013,10797,0.0714,0.012,-0.0703,0.1105,4.904,1,walk
23.0034,10798,0.0721,0.0121,-0.0711,0.4118,4.951,1,walk
23.0054,10799,0.0714,0.012,-0.0704,0.1093,4.946,1,walk
23.0085,10800,0.0722,0.0121,-0.0711,0.9969,4.972,1,walk
23.0096,10801,0.0714,0.012,-0.0704,0.1106,4.975,1,walk
23.0126,10802,0.0721,0.012,-0.0711,0.8244,5.012,1,walk
23.0137,10803,0.0713,0.0119,-0.0703,0.1045,5.018,1,walk
23.0163,10804,0.072,0.0118,-0.0711,0.9267,5.116,1,walk
23.0178,10805,0.0708,0.0116,-0.0699,0.0933,5.128,1,walk
23.0209,10806,0.0717,0.0116,-0.0707,1.591,5.146,1,walk
23.022,10807,0.0709,0.0115,-0.0699,0.1068,5.155,1,walk
23.0245,10808,0.0716,0.0114,-0.0707,0.6252,5.254,1,walk
23.0262,10809,0.0708,0.0113,-0.0699,0.1026,5.263,1,walk
23.0283,10810,0.0717,0.0112,-0.0708,1.657,5.301,1,walk
23.0304,10811,0.0708,0.0111,-0.07,0.1056,5.31,1,walk
23.0325,10812,0.0716,0.011,-0.0708,0.525,5.433,1,walk
23.0345,10813,0.0708,0.0109,-0.07,0.1019,5.444,1,walk
23.0366,10814,0.0717,0.0108,-0.0709,1.4848,5.462,1,walk
23.0386,10815,0.0709,0.0107,-0.0701,0.107,5.462,1,walk
23.0412,10816,0.0719,0.0107,-0.0711,0.4011,5.535,1,walk
23.0429,10817,0.0707,0.0105,-0.07,0.0987,5.523,1,walk
23.0449,10818,0.0717,0.0105,-0.0709,0.4682,5.607,1,walk
23.047,10819,0.071,0.0104,-0.0702,0.1143,5.602,1,walk
23.0491,10820,0.0721,0.0104,-0.0713,1.125,5.641,1,walk
23.0512,10821,0.0714,0.0103,-0.0706,0.1204,5.631,1,walk
23.0537,10822,0.0725,0.0103,-0.0717,0.474,5.681,1,walk
23.0554,10823,0.0717,0.0102,-0.071,0.1175,5.676,1,walk
23.0575,10824,0.0727,0.0102,-0.072,0.1861,5.774,1,walk
23.0595,10825,0.0719,0.0101,-0.0712,0.1146,5.762,1,walk
23.0625,10826,0.0729,0.0101,-0.0722,0.8451,5.837,1,walk
23.0637,10827,0.0721,0.01,-0.0714,0.116,5.819,1,walk
23.0658,10828,0.0731,0.0099,-0.0725,1.2614,5.849,1,walk
23.0678,10829,0.0719,0.0098,-0.0713,0.112,5.837,1,walk
23.07,10830,0.0729,0.0098,-0.0722,0.7937,5.949,1,walk
23.0721,10831,0.072,0.0097,-0.0714,0.1167,5.936,1,walk
23.0741,10832,0.0731,0.0097,-0.0724,1.6451,5.964,1,walk
23.0762,10833,0.0722,0.0096,-0.0716,0.116,5.951,1,walk
23.0793,10834,0.0731,0.0097,-0.0725,1.0698,6.055,1,walk
23.0804,10835,0.0723,0.0097,-0.0717,0.115,6.041,1,walk
23.0834,10836,0.0733,0.0098,-0.0726,1.4233,6.092,1,walk
23.0845,10837,0.0725,0.0097,-0.0718,0.1173,6.078,1,walk
23.0875,10838,0.0733,0.0098,-0.0727,1.1481,6.196,1,walk
23.0886,10839,0.0725,0.0097,-0.0718,0.1138,6.18,1,walk
23.0917,10840,0.0734,0.0098,-0.0728,1.5486,6.222,1,walk
23.0928,10841,0.0722,0.0096,-0.0715,0.1089,6.207,1,walk
23.0953,10842,0.0731,0.0096,-0.0725,0.816,6.276,1,walk
23.097,10843,0.0722,0.0095,-0.0716,0.1058,6.251,1,walk
23.0996,10844,0.0732,0.0095,-0.0726,1.1515,6.307,1,walk
23.1013,10845,0.0724,0.0094,-0.0717,0.1086,6.299,1,walk
23.1033,10846,0.0733,0.0093,-0.0727,0.915,6.41,1,walk
23.1054,10847,0.0725,0.0092,-0.0719,0.1024,6.392,1,walk
23.1075,10848,0.0735,0.009,-0.0729,1.3599,6.47,1,walk
23.1095,10849,0.0726,0.009,-0.0721,0.1068,6.451,1,walk
23.1128,10850,0.0737,0.0088,-0.0732,0.6982,6.556,1,walk
23.1139,10851,0.0723,0.0087,-0.0718,0.1233,6.536,1,walk
23.1166,10852,0.0734,0.0084,-0.0729,0.933,6.683,1,walk
23.1181,10853,0.0725,0.0083,-0.072,0.1037,6.651,1,walk
23.1202,10854,0.0736,0.008,-0.0731,0.9094,6.781,1,walk
23.1223,10855,0.0727,0.008,-0.0722,0.1067,6.769,1,walk
23.1254,10856,0.0738,0.0077,-0.0734,0.7124,6.903,1,walk
23.1265,10857,0.0729,0.0077,-0.0725,0.1094,6.878,1,walk
23.1286,10858,0.074,0.0074,-0.0736,0.7755,7.026,1,walk
23.1306,10859,0.0731,0.0073,-0.0727,0.1079,6.986,1,walk
23.1327,10860,0.0742,0.007,-0.0738,1.1289,7.165,1,walk
23.1347,10861,0.0733,0.0069,-0.0729,0.1092,7.15,1,walk
23.1368,10862,0.0744,0.0066,-0.0741,1.0926,7.289,1,walk
23.1388,10863,0.0735,0.0065,-0.0732,0.1144,7.259,1,walk
23.1409,10864,0.0742,0.0061,-0.0739,0.7106,7.398,1,walk
23.1429,10865,0.0732,0.006,-0.073,0.1126,7.364,1,walk
23.145,10866,0.0744,0.0056,-0.0742,0.8949,7.535,1,walk
23.147,10867,0.0734,0.0056,-0.0732,0.1158,7.499,1,walk
23.1495,10868,0.0751,0.0052,-0.0749,0.8986,7.685,1,walk
23.1512,10869,0.0737,0.0051,-0.0735,0.1521,7.608,1,walk
23.1533,10870,0.0749,0.0046,-0.0748,1.4386,7.728,1,walk
23.1553,10871,0.074,0.0045,-0.0738,0.1235,7.707,1,walk
23.1584,10872,0.0752,0.0041,-0.0751,0.6046,7.876,1,walk
23.1595,10873,0.0742,0.004,-0.0741,0.1204,7.833,1,walk
23.1617,10874,0.0755,0.0035,-0.0754,1.428,7.963,1,walk
23.1637,10875,0.0745,0.0034,-0.0745,0.1265,7.893,1,walk
23.1658,10876,0.0758,0.0029,-0.0757,0.0341,8.069,1,walk
23.1678,10877,0.0748,0.0029,-0.0748,0.1251,8.044,1,walk
23.1711,10878,0.0757,0.0023,-0.0757,1.4734,8.152,1,walk
23.1721,10879,0.0747,0.0023,-0.0747,0.1325,8.099,1,walk
23.1742,10880,0.076,0.0017,-0.076,0.7142,8.27,1,walk
23.1763,10881,0.075,0.0017,-0.075,0.1272,8.213,1,walk
23.1783,10882,0.0764,0.0011,-0.0764,1.413,8.378,1,walk
23.1803,10883,0.0754,0.001,-0.0754,0.1356,8.319,1,walk
23.1837,10884,0.0768,0.0004,-0.0768,0.2344,8.492,1,walk
23.1858,10885,0.0752,0.0004,-0.0752,0.1828,8.367,1,walk
23.1879,10886,0.0762,-0.0001,-0.0762,1.3877,8.441,1,walk
23.1899,10887,0.0752,-0.0001,-0.0752,0.1422,8.408,1,walk
23.192,10888,0.0765,-0.0006,-0.0765,0.8875,8.59,1,walk
23.194,10889,0.0754,-0.0006,-0.0754,0.1358,8.522,1,walk
23.1961,10890,0.0773,-0.0011,-0.0773,1.0101,8.7,1,walk
23.1982,10891,0.0757,-0.001,-0.0757,0.1839,8.557,1,walk
23.2003,10892,0.0776,-0.0016,-0.0776,0.7976,8.78,1,walk
23.2023,10893,0.076,-0.0015,-0.076,0.186,8.706,1,walk
23.2044,10894,0.0774,-0.0019,-0.0773,1.1151,8.831,1,walk
23.2065,10895,0.0763,-0.0019,-0.0763,0.1406,8.754,1,walk
23.2086,10896,0.0776,-0.0024,-0.0776,0.6697,8.872,1,walk
23.2106,10897,0.0765,-0.0023,-0.0765,0.1358,8.79,1,walk
23.2127,10898,0.0778,-0.0027,-0.0778,0.6481,8.924,1,walk
23.2147,10899,0.0767,-0.0027,-0.0767,0.1358,8.883,1,walk
23.2168,10900,0.078,-0.003,-0.0779,0.5671,9.052,1,walk
23.2188,10901,0.0763,-0.0029,-0.0763,0.1855,8.878,1,walk
23.221,10902,0.0776,-0.0032,-0.0776,1.087,9.0,1,walk
23.2231,10903,0.0765,-0.0031,-0.0764,0.1336,8.909,1,walk
23.2252,10904,0.0783,-0.0035,-0.0782,0.4328,9.148,1,walk
23.2272,10905,0.0766,-0.0034,-0.0765,0.1888,9.008,1,walk
23.2295,10906,0.0779,-0.0037,-0.0779,1.3981,9.107,1,walk
23.2314,10907,0.0768,-0.0035,-0.0767,0.137,8.96,1,walk
23.2335,10908,0.078,-0.0039,-0.0779,0.5581,9.092,1,walk
23.2355,10909,0.0769,-0.0037,-0.0768,0.1306,9.042,1,walk
23.2377,10910,0.0787,-0.0041,-0.0786,0.7264,9.188,1,walk
23.2397,10911,0.0769,-0.0039,-0.0768,0.1907,9.033,1,walk
23.2418,10912,0.0782,-0.0042,-0.0781,0.8037,9.147,1,walk
23.2439,10913,0.0764,-0.0039,-0.0763,0.2001,8.931,1,walk
23.246,10914,0.0782,-0.0043,-0.0781,0.4129,9.067,1,walk
23.248,10915,0.0764,-0.004,-0.0762,0.1995,8.956,1,walk
23.2502,10916,0.0775,-0.0042,-0.0774,0.1053,9.065,1,walk
23.2523,10917,0.0763,-0.004,-0.0762,0.1237,8.951,1,walk
23.2545,10918,0.0774,-0.0043,-0.0773,0.5114,9.03,1,walk
23.2565,10919,0.0762,-0.0041,-0.076,0.1176,8.913,1,walk
23.2587,10920,0.0774,-0.0043,-0.0772,1.4234,8.922,1,walk
23.2607,10921,0.0761,-0.0041,-0.076,0.1245,8.862,1,walk
23.2628,10922,0.0773,-0.0044,-0.0771,0.6741,8.907,1,walk
23.2648,10923,0.076,-0.0042,-0.0759,0.123,8.788,1,walk
23.2673,10924,0.0759,-0.0038,-0.0758,1.9705,8.061,1,walk
23.2694,10925,0.0746,-0.0035,-0.0745,0.0732,8.0,1,walk
23.2716,10926,0.0761,-0.0037,-0.076,1.4571,8.255,1,walk
23.2736,10927,0.0742,-0.0032,-0.0741,0.1877,8.071,1,walk
23.2758,10928,0.074,-0.0015,-0.074,1.173,9.825,1,walk
23.2779,10929,0.0727,-0.0012,-0.0726,0.0719,9.641,1,walk
23.28,10930,0.0728,-0.001,-0.0728,0.8244,9.434,1,walk
23.282,10931,0.0715,-0.0006,-0.0715,0.0898,9.372,1,walk
23.2841,10932,0.0723,-0.0007,-0.0723,0.8334,9.1,1,walk
23.2862,10933,0.071,-0.0003,-0.071,0.0975,8.978,1,walk
23.2883,10934,0.0725,-0.0007,-0.0725,0.9258,8.814,1,walk
23.2903,10935,0.0706,-0.0001,-0.0706,0.2278,8.578,1,walk
23.2927,10936,0.0711,-0.0003,-0.0711,2.4192,8.435,1,walk
23.2959,10937,0.07,0.0001,-0.07,0.3925,8.32,1,walk
23.2967,10938,0.0689,0.0003,-0.0689,2.0,8.205,1,walk
23.2999,10939,0.0679,0.0006,-0.0679,0.0646,8.089,1,walk
23.3008,10940,0.067,0.0007,-0.067,0.059,7.913,1,walk
23.3028,10941,0.0661,0.0008,-0.0661,0.0529,7.853,1,walk
23.3049,10942,0.0647,0.0007,-0.0647,0.03,7.673,1,walk
23.307,10943,0.0638,0.0007,-0.0638,0.0468,7.552,1,walk
23.309,10944,0.0629,0.0008,-0.0629,0.0384,7.37,1,walk
23.3111,10945,0.0619,0.0009,-0.0619,0.0367,7.31,1,walk
23.3132,10946,0.061,0.001,-0.061,0.0424,7.19,1,walk
23.3152,10947,0.0601,0.0011,-0.0601,0.0357,7.071,1,walk
23.3173,10948,0.0592,0.0012,-0.0592,0.0449,6.898,1,walk
23.3193,10949,0.0583,0.0013,-0.0583,0.0385,6.786,1,walk
23.3214,10950,0.0574,0.0014,-0.0574,0.0439,6.73,1,walk
23.3234,10951,0.0566,0.0016,-0.0565,0.0423,6.622,1,walk
23.3255,10952,0.0557,0.0017,-0.0557,0.0444,6.515,1,walk
23.3275,10953,0.0549,0.0019,-0.0548,0.0462,6.357,1,walk
23.3296,10954,0.0541,0.002,-0.0541,0.0529,6.254,1,walk
23.3316,10955,0.0534,0.0021,-0.0533,0.0538,6.204,1,walk
23.3337,10956,0.0527,0.0023,-0.0526,0.0572,6.105,1,walk
23.3357,10957,0.052,0.0024,-0.0519,0.0569,5.962,1,walk
23.3378,10958,0.0514,0.0025,-0.0513,0.0622,5.873,1,walk
23.3399,10959,0.0505,0.0026,-0.0504,0.0276,5.789,1,walk
23.3419,10960,0.0499,0.0026,-0.0498,0.0,5.708,1,walk
23.344,10961,0.0493,0.0027,-0.0493,0.0,5.593,1,walk
23.346,10962,0.0488,0.0027,-0.0487,0.0,5.519,1,walk
23.3481,10963,0.0482,0.0028,-0.0482,0.0,5.483,1,walk
23.3502,10964,0.0477,0.0029,-0.0476,0.0,5.412,1,walk
23.3522,10965,0.0471,0.003,-0.047,0.0,5.343,1,walk
23.3543,10966,0.0466,0.003,-0.0465,0.0,5.275,1,walk
23.3563,10967,0.0461,0.0031,-0.046,0.0,5.176,1,walk
23.3588,10968,0.0456,0.0031,-0.0455,0.0,5.112,1,walk
23.3609,10969,0.0449,0.0032,-0.0448,0.0,5.05,1,walk
23.3629,10970,0.0444,0.0032,-0.0443,0.0,4.99,1,walk
23.365,10971,0.044,0.0032,-0.0439,0.0,4.931,1,walk
23.3671,10972,0.0437,0.0031,-0.0435,0.0,4.845,1,walk
23.3691,10973,0.0433,0.0031,-0.0432,0.0,4.789,1,walk
23.3714,10974,0.0431,0.003,-0.043,0.0,4.789,1,walk
23.3734,10975,0.0425,0.003,-0.0424,0.0,4.707,1,walk
23.3755,10976,0.0422,0.0029,-0.0421,0.0,4.655,1,walk
23.3775,10977,0.0418,0.0029,-0.0417,0.0,4.578,1,walk
23.3796,10978,0.0414,0.0029,-0.0413,0.0,4.529,1,walk
23.3817,10979,0.0411,0.0029,-0.041,0.0,4.481,1,walk
23.3837,10980,0.0407,0.0029,-0.0406,0.0,4.457,1,walk
23.3858,10981,0.0403,0.0029,-0.0402,0.0,4.412,1,walk
23.3879,10982,0.04,0.0029,-0.0399,0.0,4.367,1,walk
23.3899,10983,0.0395,0.0029,-0.0394,0.0,4.284,1,walk
23.3923,10984,0.0392,0.0029,-0.0391,0.0,4.244,1,walk
23.3943,10985,0.0388,0.0029,-0.0387,0.0,4.225,1,walk
23.3964,10986,0.0387,0.0029,-0.0386,0.0,4.206,1,walk
23.3984,10987,0.0382,0.0029,-0.0381,0.0,4.152,1,walk
23.4005,10988,0.0379,0.0029,-0.0378,0.0,4.118,1,walk
23.4027,10989,0.0377,0.0029,-0.0375,0.0,4.07,1,walk
23.405,10990,0.0373,0.0029,-0.0371,0.0,4.025,1,walk
23.407,10991,0.037,0.0028,-0.0369,0.0,4.011,1,walk
23.4091,10992,0.0367,0.0028,-0.0366,0.0,3.984,1,walk
23.4111,10993,0.0365,0.0028,-0.0364,0.0,3.959,1,walk
23.4132,10994,0.0364,0.0028,-0.0363,0.0,3.947,1,walk
23.4152,10995,0.0361,0.0028,-0.0359,0.0,3.903,1,walk
23.4174,10996,0.0358,0.0027,-0.0357,0.0,3.892,1,walk
23.4194,10997,0.0356,0.0027,-0.0355,0.0,3.873,1,walk
23.4216,10998,0.0355,0.0027,-0.0354,0.0,3.864,1,walk
23.4236,10999,0.0352,0.0026,-0.0351,0.0,3.839,1,walk
23.4257,11000,0.0351,0.0026,-0.035,0.0,3.817,1,walk
23.4278,11001,0.0349,0.0026,-0.0348,0.0,3.804,1,walk
23.43,11002,0.0346,0.0025,-0.0345,0.0,3.792,1,walk
23.432,11003,0.0345,0.0025,-0.0344,0.0,3.782,1,walk
23.4341,11004,0.0344,0.0025,-0.0343,0.0,3.777,1,walk
23.4362,11005,0.0342,0.0024,-0.0341,0.0,3.761,1,walk
23.4385,11006,0.034,0.0024,-0.034,0.0,3.754,1,walk
23.442,11007,0.0339,0.0024,-0.0338,0.0,3.751,1,walk
23.444,11008,0.0337,0.0023,-0.0336,0.0,3.742,1,walk
23.4462,11009,0.0335,0.0023,-0.0335,0.0,3.738,1,walk
23.4482,11010,0.0334,0.0022,-0.0334,0.0,3.736,1,walk
23.4503,11011,0.0333,0.0022,-0.0333,0.0,3.736,1,walk
23.4523,11012,0.0332,0.0021,-0.0332,0.0,3.735,1,walk
23.4548,11013,0.0331,0.0021,-0.0331,0.0,3.734,1,walk
23.4568,11014,0.033,0.0021,-0.0329,0.0,3.735,1,walk
23.459,11015,0.0329,0.002,-0.0328,0.0,3.736,1,walk
23.461,11016,0.0328,0.002,-0.0328,0.0,3.736,1,walk
23.4631,11017,0.0327,0.002,-0.0327,0.0,3.737,1,walk
23.4651,11018,0.0327,0.0019,-0.0326,0.0,3.739,1,walk
23.4673,11019,0.0326,0.0019,-0.0325,0.0,3.74,1,walk
23.4693,11020,0.0325,0.0019,-0.0325,0.0,3.743,1,walk
23.4716,11021,0.0325,0.0019,-0.0324,0.0,3.744,1,walk
23.4736,11022,0.0324,0.0018,-0.0323,0.0,3.746,1,walk
23.4758,11023,0.0323,0.0018,-0.0323,0.0,3.748,1,walk
23.4778,11024,0.0322,0.0018,-0.0322,0.0,3.752,1,walk
23.4799,11025,0.0322,0.0017,-0.0321,0.0,3.756,1,walk
23.482,11026,0.0321,0.0017,-0.0321,0.0,3.758,1,walk
23.4841,11027,0.0321,0.0017,-0.0321,0.0,3.759,1,walk
23.4862,11028,0.032,0.0017,-0.032,0.0,3.762,1,walk
23.4883,11029,0.032,0.0016,-0.0319,0.0,3.764,1,walk
23.4903,11030,0.0319,0.0016,-0.0319,0.0,3.768,1,walk
23.4924,11031,0.0319,0.0016,-0.0319,0.0,3.77,1,walk
23.4944,11032,0.0319,0.0016,-0.0318,0.0,3.773,1,walk
23.4965,11033,0.0318,0.0015,-0.0318,0.0,3.774,1,walk
23.4985,11034,0.0318,0.0015,-0.0317,0.0,3.776,1,walk
23.5006,11035,0.0317,0.0015,-0.0317,0.0,3.778,1,walk
23.5026,11036,0.0317,0.0015,-0.0317,0.0,3.782,1,walk
23.5047,11037,0.0317,0.0015,-0.0316,0.0,3.784,1,walk
23.5068,11038,0.0316,0.0014,-0.0316,0.0,3.786,1,walk
23.5089,11039,0.0316,0.0014,-0.0315,0.0,3.788,1,walk
23.5109,11040,0.0315,0.0014,-0.0315,0.0,3.79,1,walk
23.513,11041,0.0315,0.0014,-0.0315,0.0,3.792,1,walk
23.515,11042,0.0315,0.0014,-0.0314,0.0,3.795,1,walk
23.5171,11043,0.0314,0.0014,-0.0314,0.0,3.796,1,walk
23.5191,11044,0.0314,0.0014,-0.0314,0.0,3.797,1,walk
23.5212,11045,0.0314,0.0013,-0.0313,0.0,3.798,1,walk
23.5232,11046,0.0313,0.0013,-0.0313,0.0,3.8,1,walk
23.5253,11047,0.0313,0.0013,-0.0313,0.0,3.802,1,walk
23.5274,11048,0.0313,0.0013,-0.0313,0.0,3.803,1,walk
23.5294,11049,0.0313,0.0013,-0.0312,0.0,3.803,1,walk
23.5315,11050,0.0312,0.0013,-0.0312,0.0,3.804,1,walk
23.5335,11051,0.0312,0.0013,-0.0312,0.0,3.805,1,walk
23.5356,11052,0.0312,0.0013,-0.0312,0.0,3.806,1,walk
23.5377,11053,0.0312,0.0013,-0.0311,0.0,3.807,1,walk
23.5397,11054,0.0311,0.0013,-0.0311,0.0,3.808,1,walk
23.5418,11055,0.0311,0.0013,-0.0311,0.0,3.808,1,walk
23.5438,11056,0.0311,0.0012,-0.0311,0.0,3.808,1,walk
23.546,11057,0.0311,0.0012,-0.0311,0.0,3.809,1,walk
23.548,11058,0.031,0.0012,-0.031,0.0,3.81,1,walk
23.5501,11059,0.031,0.0012,-0.031,0.0,3.81,1,walk
23.5521,11060,0.031,0.0012,-0.031,0.0,3.811,1,walk
23.5543,11061,0.031,0.0012,-0.031,0.0,3.811,1,walk
23.5563,11062,0.031,0.0012,-0.031,0.0,3.811,1,walk
23.5584,11063,0.031,0.0012,-0.0309,0.0,3.811,1,walk
23.5604,11064,0.031,0.0012,-0.0309,0.0,3.812,1,walk
23.5625,11065,0.031,0.0012,-0.0309,0.0,3.812,1,walk
23.5646,11066,0.0309,0.0012,-0.0309,0.0,3.813,1,walk
23.5668,11067,0.0309,0.0012,-0.0309,0.0,3.813,1,walk
23.5688,11068,0.0309,0.0012,-0.0309,0.0,3.813,1,walk
23.571,11069,0.0309,0.0012,-0.0309,0.0,3.813,1,jog
23.573,11070,0.0309,0.0012,-0.0309,0.0,3.814,1,jog
23.5751,11071,0.0309,0.0012,-0.0309,0.0,3.814,1,jog
23.5772,11072,0.0309,0.0012,-0.0308,0.0,3.814,1,jog
23.5793,11073,0.0309,0.0012,-0.0308,0.0,3.814,1,jog
23.5813,11074,0.0309,0.0012,-0.0308,0.0,3.815,1,jog
23.5834,11075,0.0308,0.0012,-0.0308,0.0,3.815,1,jog
23.5856,11076,0.0308,0.0012,-0.0308,0.0,3.815,1,jog
23.5877,11077,0.0308,0.0012,-0.0308,0.0,3.815,1,jog
23.5897,11078,0.0308,0.0012,-0.0308,0.0,3.815,1,jog
23.5919,11079,0.0308,0.0012,-0.0308,0.0,3.815,1,jog
23.5939,11080,0.0308,0.0013,-0.0308,0.0,3.813,1,jog
23.5962,11081,0.0308,0.0013,-0.0307,0.0,3.812,1,jog
23.5982,11082,0.0307,0.0013,-0.0306,0.0,3.811,1,jog
23.6004,11083,0.0305,0.0012,-0.0305,0.0,3.811,1,jog
23.6024,11084,0.0303,0.0012,-0.0303,0.0,3.813,1,jog
23.6045,11085,0.0302,0.0012,-0.0302,0.0,3.814,1,jog
23.6066,11086,0.03,0.0011,-0.03,0.0,3.825,1,jog
23.6089,11087,0.0298,0.0011,-0.0298,0.0,3.832,1,jog
23.6109,11088,0.0298,0.001,-0.0297,0.0,3.84,1,jog
23.613,11089,0.0297,0.001,-0.0297,0.0,3.852,1,jog
23.6151,11090,0.0297,0.001,-0.0296,0.0,3.86,1,jog
23.6171,11091,0.0296,0.001,-0.0296,0.0,3.864,1,jog
23.6192,11092,0.0296,0.001,-0.0296,0.0,3.872,1,jog
23.6215,11093,0.0296,0.001,-0.0296,0.0,3.876,1,jog
23.6234,11094,0.0296,0.001,-0.0296,0.0,3.889,1,jog
23.6255,11095,0.0296,0.001,-0.0296,0.0,3.892,1,jog
23.6276,11096,0.0296,0.001,-0.0296,0.0,3.898,1,jog
23.6296,11097,0.0296,0.0011,-0.0296,0.0,3.902,1,jog
23.6317,11098,0.0296,0.0011,-0.0296,0.0,3.908,1,jog
23.6338,11099,0.0296,0.0011,-0.0296,0.0,3.912,1,jog
23.6358,11100,0.0297,0.0011,-0.0296,0.0,3.913,1,jog
23.6379,11101,0.0297,0.0011,-0.0297,0.0,3.916,1,jog
23.6399,11102,0.0297,0.0011,-0.0297,0.0,3.917,1,jog
23.642,11103,0.0297,0.0011,-0.0297,0.0,3.917,1,jog
23.644,11104,0.0297,0.0011,-0.0297,0.0,3.917,1,jog
23.6461,11105,0.0297,0.0012,-0.0297,0.0,3.917,1,jog
23.6482,11106,0.0297,0.0012,-0.0297,0.0,3.917,1,jog
23.6502,11107,0.0297,0.0012,-0.0297,0.0,3.917,1,jog
23.6523,11108,0.0297,0.0012,-0.0297,0.0,3.917,1,jog
23.6543,11109,0.0297,0.0013,-0.0296,0.0,3.917,1,jog
23.6564,11110,0.0296,0.0013,-0.0296,0.0,3.917,1,jog
23.6587,11111,0.0296,0.0013,-0.0295,0.0,3.917,1,jog
23.6607,11112,0.0295,0.0013,-0.0294,0.0,3.917,1,jog
23.6629,11113,0.0294,0.0014,-0.0293,0.0,3.918,1,jog
23.6649,11114,0.0292,0.0014,-0.0292,0.0,3.919,1,jog
23.667,11115,0.0291,0.0015,-0.0291,0.0,3.919,1,jog
23.669,11116,0.0291,0.0015,-0.029,0.0,3.92,1,jog
23.6711,11117,0.029,0.0016,-0.029,0.0,3.921,1,jog
23.6732,11118,0.029,0.0016,-0.0289,0.0,3.921,1,jog
23.6753,11119,0.0289,0.0017,-0.0289,0.0,3.922,1,jog
23.6774,11120,0.0289,0.0017,-0.0288,0.0,3.923,1,jog
23.6795,11121,0.0288,0.0018,-0.0287,0.0,3.924,1,jog
23.6815,11122,0.0287,0.0018,-0.0287,0.0,3.926,1,jog
23.6836,11123,0.0287,0.0019,-0.0286,0.0,3.927,1,jog
23.6857,11124,0.0286,0.0019,-0.0285,0.0,3.928,1,jog
23.6878,11125,0.0285,0.002,-0.0285,0.0,3.928,1,jog
23.6898,11126,0.0285,0.0021,-0.0284,0.0,3.93,1,jog
23.6919,11127,0.0284,0.0021,-0.0283,0.0,3.931,1,jog
23.6939,11128,0.0283,0.0022,-0.0282,0.0,3.934,1,jog
23.696,11129,0.0282,0.0023,-0.0281,0.0,3.935,1,jog
23.698,11130,0.0281,0.0023,-0.028,0.0,3.936,1,jog
23.7001,11131,0.028,0.0024,-0.0279,0.0,3.937,1,jog
23.7022,11132,0.0279,0.0025,-0.0278,0.0,3.938,1,jog
23.7043,11133,0.0278,0.0026,-0.0277,0.0,3.94,1,jog
23.7063,11134,0.0277,0.0026,-0.0276,0.0,3.942,1,jog
23.7084,11135,0.0276,0.0027,-0.0275,0.0,3.943,1,jog
23.7105,11136,0.0275,0.0028,-0.0274,0.0,3.944,1,jog
23.7127,11137,0.537,-0.1345,-0.5199,119.8952,151.507,0,jog
23.7147,11138,0.5368,-0.1344,-0.5197,119.8947,151.505,0,jog
23.7169,11139,0.5428,-0.1339,-0.5261,4.3175,151.679,0,jog
23.719,11140,0.5427,-0.1338,-0.5259,1.6801,151.677,0,jog
23.7211,11141,0.5426,-0.1337,-0.5258,3.0,151.675,0,jog
23.7231,11142,0.5424,-0.1337,-0.5257,1.8575,151.675,0,jog
23.7252,11143,0.5423,-0.1336,-0.5256,1.8571,151.673,0,jog
23.7273,11144,0.5421,-0.1335,-0.5254,1.856,151.672,0,jog
23.7293,11145,0.542,-0.1334,-0.5253,1.8553,151.67,0,jog
23.7313,11146,0.5418,-0.1333,-0.5252,1.8537,151.667,0,jog
23.7336,11147,0.5417,-0.1332,-0.525,1.855,151.665,0,jog
23.7356,11148,0.5415,-0.1331,-0.5249,1.8518,151.664,0,jog
23.7379,11149,0.5413,-0.133,-0.5247,1.8409,151.66,0,jog
23.7399,11150,0.5411,-0.1329,-0.5245,1.8488,151.657,0,jog
23.742,11151,0.541,-0.1328,-0.5244,1.8615,151.656,0,jog
23.744,11152,0.5407,-0.1327,-0.5242,1.8316,151.649,0,jog
23.7461,11153,0.5405,-0.1326,-0.524,1.8438,151.646,0,jog
23.7481,11154,0.5404,-0.1326,-0.5238,1.8416,151.642,0,jog
23.7502,11155,0.5402,-0.1325,-0.5237,1.84,151.637,0,jog
23.7523,11156,0.5399,-0.1324,-0.5235,1.8376,151.631,0,jog
23.7544,11157,0.5397,-0.1324,-0.5233,1.8357,151.621,0,jog
23.7564,11158,0.5395,-0.1323,-0.523,1.8318,151.618,0,jog
23.7585,11159,0.5393,-0.1323,-0.5228,1.8296,151.61,0,jog
23.7605,11160,0.539,-0.1322,-0.5226,1.8263,151.602,0,jog
23.7629,11161,0.5388,-0.1322,-0.5223,1.8287,151.593,0,jog
23.7649,11162,0.5384,-0.1322,-0.5219,1.7929,151.571,0,jog
23.767,11163,0.5382,-0.1321,-0.5218,1.8408,151.565,0,jog
23.769,11164,0.5378,-0.1321,-0.5213,1.7806,151.552,0,jog
23.7714,11165,0.5375,-0.1321,-0.521,1.8119,151.538,0,jog
23.7734,11166,0.5371,-0.1322,-0.5206,1.7992,151.523,0,jog
23.7755,11167,0.5369,-0.1322,-0.5204,1.8303,151.506,0,jog
23.7776,11168,0.5364,-0.1322,-0.5198,1.7537,151.479,0,jog
23.7796,11169,0.536,-0.1323,-0.5194,1.7848,151.47,0,jog
23.7817,11170,0.5356,-0.1323,-0.519,1.7785,151.449,0,jog
23.7838,11171,0.5352,-0.1324,-0.5185,1.774,151.428,0,jog
23.7858,11172,0.5347,-0.1324,-0.5181,1.768,151.394,0,jog
23.7879,11173,0.5342,-0.1325,-0.5175,1.7622,151.369,0,jog
23.7899,11174,0.5335,-0.1327,-0.5167,1.7029,151.343,0,jog
23.792,11175,0.533,-0.1328,-0.5162,1.7476,151.315,0,jog
23.794,11176,0.5324,-0.1329,-0.5156,1.7392,151.286,0,jog
23.7961,11177,0.5319,-0.133,-0.515,1.734,151.24,0,jog
23.7982,11178,0.5313,-0.1331,-0.5143,1.7262,151.208,0,jog
23.8002,11179,0.5306,-0.1333,-0.5135,1.6994,151.175,0,jog
23.8023,11180,0.5298,-0.1335,-0.5127,1.6784,151.157,0,jog
23.8043,11181,0.529,-0.1338,-0.5118,1.6697,151.121,0,jog
23.8064,11182,0.5281,-0.134,-0.5108,1.6642,151.083,0,jog
23.8085,11183,0.5273,-0.1342,-0.5099,1.6667,151.022,0,jog
23.8105,11184,0.5265,-0.1344,-0.5091,1.6639,150.979,0,jog
23.8126,11185,0.5257,-0.1347,-0.5082,1.6652,150.957,0,jog
23.8146,11186,0.5249,-0.1349,-0.5073,1.662,150.911,0,jog
23.8169,11187,0.5237,-0.1352,-0.506,1.5975,150.813,0,jog
23.8189,11188,0.5229,-0.1354,-0.5051,1.6555,150.762,0,jog
23.821,11189,0.5225,-0.1355,-0.5046,1.7272,150.736,0,jog
23.823,11190,0.5211,-0.1359,-0.5031,1.5352,150.682,0,jog
23.8252,11191,0.5206,-0.1361,-0.5026,1.7169,150.655,0,jog
23.8272,11192,0.5192,-0.1365,-0.5009,1.4981,150.568,0,jog
23.8293,11193,0.5182,-0.1368,-0.4998,1.6004,150.477,0,jog
23.8313,11194,0.5172,-0.1371,-0.4987,1.5936,150.414,0,jog
23.8334,11195,0.5162,-0.1374,-0.4976,1.5989,150.381,0,jog
23.8355,11196,0.5152,-0.1377,-0.4965,1.5935,150.314,0,jog
23.8376,11197,0.5143,-0.138,-0.4954,1.6022,150.246,0,jog
23.8397,11198,0.5133,-0.1383,-0.4943,1.5901,150.14,0,jog
23.8418,11199,0.5122,-0.1386,-0.4931,1.5726,150.068,0,jog
23.8439,11200,0.5105,-0.1392,-0.4912,1.4203,149.994,0,jog
23.8459,11201,0.5093,-0.1396,-0.4898,1.5323,149.917,0,jog
23.848,11202,0.5082,-0.14,-0.4885,1.5288,149.839,0,jog
23.85,11203,0.507,-0.1404,-0.4872,1.5315,149.718,0,jog
23.8521,11204,0.5059,-0.1407,-0.4859,1.5304,149.635,0,jog
23.8542,11205,0.5054,-0.1409,-0.4853,1.6487,149.593,0,jog
23.8562,11206,0.5037,-0.1415,-0.4834,1.4121,149.507,0,jog
23.8585,11207,0.5026,-0.1418,-0.4822,1.5573,149.419,0,jog
23.8605,11208,0.5015,-0.1422,-0.4809,1.5155,149.331,0,jog
23.8627,11209,0.5009,-0.1424,-0.4802,1.6245,149.241,0,jog
23.8647,11210,0.499,-0.1431,-0.478,1.3428,149.103,0,jog
23.8668,11211,0.4977,-0.1436,-0.4765,1.4714,149.056,0,jog
23.8688,11212,0.4958,-0.1443,-0.4743,1.3282,148.912,0,jog
23.8709,11213,0.4945,-0.1448,-0.4728,1.4724,148.814,0,jog
23.873,11214,0.4933,-0.1452,-0.4714,1.4713,148.663,0,jog
23.8753,11215,0.4927,-0.1454,-0.4707,1.6074,148.611,0,jog
23.8773,11216,0.4909,-0.146,-0.4687,1.346,148.506,0,jog
23.8794,11217,0.4903,-0.1462,-0.468,1.5959,148.453,0,jog
23.8814,11218,0.4885,-0.1468,-0.466,1.3412,148.293,0,jog
23.8835,11219,0.4879,-0.1469,-0.4653,1.5904,148.239,0,jog
23.8855,11220,0.4862,-0.1475,-0.4633,1.3376,148.016,0,jog
23.8876,11221,0.485,-0.1479,-0.4619,1.4572,147.896,0,jog
23.8897,11222,0.4837,-0.1482,-0.4604,1.4396,147.835,0,jog
23.892,11223,0.4817,-0.1486,-0.4582,1.345,147.645,0,jog
23.894,11224,0.4803,-0.1486,-0.4567,1.4018,147.468,0,jog
23.8961,11225,0.4788,-0.1484,-0.4552,1.3856,147.362,0,jog
23.8982,11226,0.4773,-0.1482,-0.4537,1.3736,147.311,0,jog
23.9002,11227,0.4758,-0.148,-0.4521,1.3725,147.215,0,jog
23.9023,11228,0.4742,-0.1475,-0.4507,1.3631,147.125,0,jog
23.9044,11229,0.4727,-0.147,-0.4493,1.3701,147.039,0,jog
23.9064,11230,0.4714,-0.1465,-0.4481,1.3967,146.924,0,jog
23.9086,11231,0.4704,-0.1462,-0.4471,1.4529,146.863,0,jog
23.9106,11232,0.4695,-0.1461,-0.4462,1.4726,146.836,0,jog
23.9127,11233,0.4691,-0.146,-0.4458,1.5652,146.811,0,jog
23.9147,11234,0.468,-0.146,-0.4447,1.419,146.744,0,jog
23.9168,11235,0.4673,-0.146,-0.4439,1.5007,146.688,0,jog
23.9188,11236,0.4663,-0.146,-0.4428,1.4338,146.655,0,jog
23.921,11237,0.4659,-0.1461,-0.4425,1.5668,146.64,0,jog
23.9231,11238,0.4649,-0.1462,-0.4413,1.4315,146.599,0,jog
23.9256,11239,0.4642,-0.1464,-0.4405,1.5111,146.563,0,jog
23.9276,11240,0.4634,-0.1466,-0.4396,1.4777,146.541,0,jog
23.9298,11241,0.4627,-0.1468,-0.4388,1.4799,146.53,0,jog
23.9318,11242,0.4615,-0.1471,-0.4374,1.3861,146.499,0,jog
23.9339,11243,0.461,-0.1472,-0.4369,1.5356,146.49,0,jog
23.9359,11244,0.4598,-0.1475,-0.4355,1.3749,146.451,0,jog
23.938,11245,0.4594,-0.1477,-0.435,1.5287,146.442,0,jog
23.9401,11246,0.4581,-0.148,-0.4335,1.3609,146.423,0,jog
23.9422,11247,0.4577,-0.1482,-0.4331,1.5205,146.414,0,jog
23.9442,11248,0.4564,-0.1485,-0.4316,1.3524,146.387,0,jog
23.9463,11249,0.4555,-0.1488,-0.4306,1.4302,146.359,0,jog
23.9483,11250,0.4547,-0.149,-0.4296,1.4251,146.34,0,jog
23.9504,11251,0.4542,-0.1491,-0.4291,1.5051,146.331,0,jog
23.9524,11252,0.4529,-0.1494,-0.4275,1.3336,146.312,0,jog
23.9545,11253,0.4525,-0.1496,-0.427,1.4991,146.302,0,jog
23.9565,11254,0.4511,-0.1499,-0.4255,1.3238,146.272,0,jog
23.9586,11255,0.4502,-0.1501,-0.4245,1.4052,146.241,0,jog
23.9606,11256,0.4493,-0.1502,-0.4234,1.3975,146.219,0,jog
23.9629,11257,0.4484,-0.1504,-0.4224,1.4085,146.208,0,jog
23.9649,11258,0.447,-0.1506,-0.4208,1.297,146.172,0,jog
23.967,11259,0.446,-0.1508,-0.4197,1.3821,146.148,0,jog
23.9691,11260,0.445,-0.1509,-0.4187,1.373,146.109,0,jog
23.9712,11261,0.4441,-0.151,-0.4176,1.3731,146.082,0,jog
23.9733,11262,0.4431,-0.1511,-0.4165,1.3574,146.068,0,jog
23.9755,11263,0.4421,-0.1511,-0.4154,1.3698,146.039,0,jog
23.9774,11264,0.4411,-0.1512,-0.4143,1.3402,146.009,0,jog
23.9795,11265,0.44,-0.1512,-0.4132,1.3457,145.961,0,jog
23.9816,11266,0.439,-0.1512,-0.4121,1.3326,145.927,0,jog
23.9837,11267,0.4379,-0.1512,-0.411,1.3304,145.892,0,jog
23.9857,11268,0.4368,-0.1512,-0.4098,1.3173,145.874,0,jog
23.9878,11269,0.4357,-0.1511,-0.4087,1.3141,145.836,0,jog
23.9898,11270,0.434,-0.151,-0.4069,1.1938,145.757,0,jog
23.9919,11271,0.4329,-0.1509,-0.4057,1.2952,145.715,0,jog
23.9939,11272,0.4317,-0.1507,-0.4046,1.2854,145.671,0,jog
23.9961,11273,0.4311,-0.1507,-0.404,1.3984,145.671,0,jog
23.9981,11274,0.4294,-0.1504,-0.4022,1.1577,145.603,0,jog
24.0002,11275,0.4288,-0.1503,-0.4015,1.3882,145.579,0,jog
24.0023,11276,0.4269,-0.15,-0.3997,1.1468,145.481,0,jog
24.0046,11277,0.4263,-0.1499,-0.3991,1.3764,145.456,0,jog
24.0065,11278,0.4243,-0.1494,-0.3972,1.1013,145.404,0,jog
24.0086,11279,0.423,-0.1491,-0.3959,1.2264,145.35,0,jog
24.0107,11280,0.4216,-0.1487,-0.3946,1.2094,145.295,0,jog
24.0128,11281,0.4203,-0.1483,-0.3932,1.2049,145.238,0,jog
24.0148,11282,0.4189,-0.1479,-0.3919,1.195,145.15,0,jog
24.0169,11283,0.4168,-0.1473,-0.3899,1.0674,145.058,0,jog
24.019,11284,0.4153,-0.1468,-0.3885,1.1719,145.026,0,jog
24.0211,11285,0.4139,-0.1463,-0.3872,1.1744,144.962,0,jog
24.0232,11286,0.4124,-0.1458,-0.3858,1.1569,144.896,0,jog
24.0254,11287,0.4117,-0.1455,-0.3851,1.3082,144.828,0,jog
24.0274,11288,0.4095,-0.1447,-0.383,0.9975,144.723,0,jog
24.0297,11289,0.4079,-0.1441,-0.3816,1.1565,144.688,0,jog
24.0316,11290,0.4064,-0.1435,-0.3802,1.1067,144.616,0,jog
24.0341,11291,0.4049,-0.1429,-0.3788,1.1699,144.543,0,jog
24.0361,11292,0.4025,-0.142,-0.3767,0.9542,144.391,0,jog
24.0384,11293,0.401,-0.1414,-0.3753,1.1308,144.312,0,jog
24.0407,11294,0.3995,-0.1407,-0.3738,1.0987,144.272,0,jog
24.0426,11295,0.3979,-0.1401,-0.3724,1.1075,144.191,0,jog
24.045,11296,0.3964,-0.1395,-0.371,1.0818,144.108,0,jog
24.0467,11297,0.3948,-0.1388,-0.3696,1.0755,144.025,0,jog
24.049,11298,0.3932,-0.1382,-0.3681,1.0694,143.896,0,jog
24.0509,11299,0.3908,-0.1371,-0.366,0.9136,143.763,0,jog
24.0531,11300,0.3892,-0.1365,-0.3645,1.0512,143.718,0,jog
24.0549,11301,0.3877,-0.1358,-0.3631,1.0469,143.627,0,jog
24.057,11302,0.3861,-0.1351,-0.3617,1.0429,143.535,0,jog
24.059,11303,0.3845,-0.1345,-0.3602,1.0375,143.394,0,jog
24.0611,11304,0.3829,-0.1338,-0.3588,1.032,143.298,0,jog
24.0631,11305,0.3813,-0.1332,-0.3573,1.0255,143.25,0,jog
24.0652,11306,0.3797,-0.1325,-0.3559,1.0213,143.152,0,jog
24.0673,11307,0.3781,-0.1318,-0.3544,1.0137,143.052,0,jog
24.0693,11308,0.3765,-0.1312,-0.3529,1.004,142.9,0,jog
24.0713,11309,0.3749,-0.1305,-0.3515,0.9941,142.796,0,jog
24.0734,11310,0.3733,-0.1298,-0.35,0.9945,142.691,0,jog
24.0754,11311,0.3717,-0.1291,-0.3485,0.9851,142.638,0,jog
24.0775,11312,0.3701,-0.1284,-0.3471,0.9781,142.53,0,jog
24.0796,11313,0.3684,-0.1277,-0.3456,0.9727,142.421,0,jog
24.0816,11314,0.3668,-0.127,-0.3441,0.9678,142.254,0,jog
24.0837,11315,0.3651,-0.1263,-0.3426,0.9561,142.141,0,jog
24.0857,11316,0.3635,-0.1256,-0.3411,0.9505,142.084,0,jog
24.0878,11317,0.3618,-0.1248,-0.3396,0.9466,141.968,0,jog
24.0898,11318,0.3594,-0.1237,-0.3374,0.7735,141.792,0,jog
24.0919,11319,0.3577,-0.123,-0.3359,0.9309,141.673,0,jog
24.0939,11320,0.356,-0.1222,-0.3344,0.9234,141.491,0,jog
24.096,11321,0.3544,-0.1215,-0.3329,0.9189,141.368,0,jog
24.0981,11322,0.3527,-0.1207,-0.3314,0.9138,141.306,0,jog
24.1001,11323,0.3511,-0.12,-0.3299,0.9057,141.181,0,jog
24.1021,11324,0.3494,-0.1192,-0.3284,0.9011,141.054,0,jog
24.1042,11325,0.3478,-0.1185,-0.327,0.8965,140.862,0,jog
24.1063,11326,0.3461,-0.1177,-0.3255,0.8915,140.732,0,jog
24.1083,11327,0.3445,-0.1169,-0.324,0.8869,140.6,0,jog
24.1103,11328,0.3428,-0.1162,-0.3225,0.8706,140.534,0,jog
24.1124,11329,0.3412,-0.1154,-0.3211,0.8867,140.401,0,jog
24.1145,11330,0.3395,-0.1146,-0.3196,0.8708,140.266,0,jog
24.1167,11331,0.3379,-0.1138,-0.3182,0.8921,140.061,0,jog
24.1188,11332,0.3363,-0.1131,-0.3167,0.8607,139.923,0,jog
24.121,11333,0.3338,-0.1119,-0.3145,0.7312,139.783,0,jog
24.1231,11334,0.3322,-0.1111,-0.3131,0.8487,139.642,0,jog
24.1252,11335,0.3314,-0.1108,-0.3124,1.01,139.571,0,jog
24.1274,11336,0.329,-0.1096,-0.3102,0.6839,139.358,0,jog
24.1295,11337,0.3274,-0.1088,-0.3088,0.8583,139.145,0,jog
24.1315,11338,0.3257,-0.1081,-0.3073,0.8185,139.003,0,jog
24.1337,11339,0.3249,-0.1077,-0.3066,0.9816,139.003,0,jog
24.1356,11340,0.3223,-0.1066,-0.3042,0.6062,138.788,0,jog
24.1378,11341,0.3205,-0.1059,-0.3025,0.7847,138.561,0,jog
24.1398,11342,0.3188,-0.1054,-0.3009,0.7945,138.405,0,jog
24.1419,11343,0.3173,-0.105,-0.2994,0.8116,138.326,0,jog
24.1439,11344,0.3152,-0.1045,-0.2973,0.6878,138.087,0,jog
24.1461,11345,0.3145,-0.1044,-0.2967,0.9779,138.006,0,jog
24.1481,11346,0.3126,-0.104,-0.2948,0.712,137.673,0,jog
24.1502,11347,0.3111,-0.1036,-0.2933,0.8131,137.589,0,jog
24.1522,11348,0.3096,-0.1032,-0.2919,0.781,137.42,0,jog
24.1544,11349,0.3088,-0.1029,-0.2911,0.9372,137.336,0,jog
24.1564,11350,0.3064,-0.1021,-0.2889,0.6001,136.999,0,jog
24.1586,11351,0.3056,-0.1018,-0.2881,0.9177,136.915,0,jog
24.1606,11352,0.3032,-0.1009,-0.2859,0.5842,136.747,0,jog
24.1628,11353,0.3015,-0.1002,-0.2844,0.7567,136.58,0,jog
24.1648,11354,0.2999,-0.0996,-0.2829,0.7352,136.329,0,jog
24.167,11355,0.2975,-0.0986,-0.2807,0.6022,136.079,0,jog
24.169,11356,0.296,-0.0979,-0.2793,0.7215,135.996,0,jog
24.1714,11357,0.2944,-0.0972,-0.2778,0.7649,135.83,0,jog
24.1734,11358,0.2928,-0.0966,-0.2764,0.7144,135.663,0,jog
24.1758,11359,0.2912,-0.0959,-0.275,0.7623,135.418,0,jog
24.1779,11360,0.289,-0.095,-0.273,0.5738,135.261,0,jog
24.1802,11361,0.2875,-0.0944,-0.2716,0.7541,135.108,0,jog
24.1836,11362,0.2861,-0.0938,-0.2703,0.7896,134.957,0,jog
24.185,11363,0.284,-0.093,-0.2683,0.5785,134.658,0,jog
24.1879,11364,0.2826,-0.0925,-0.267,0.7501,134.583,0,jog
24.1893,11365,0.2812,-0.092,-0.2657,0.715,134.431,0,jog
24.1922,11366,0.2798,-0.0916,-0.2644,0.7894,134.278,0,jog
24.1942,11367,0.2778,-0.0909,-0.2625,0.5764,133.965,0,jog
24.1963,11368,0.2771,-0.0907,-0.2619,0.8393,133.885,0,jog
24.1983,11369,0.2751,-0.09,-0.2599,0.5581,133.724,0,jog
24.2005,11370,0.2737,-0.0896,-0.2586,0.7052,133.56,0,jog
24.2026,11371,0.2723,-0.0891,-0.2573,0.6816,133.395,0,jog
24.2047,11372,0.2709,-0.0887,-0.256,0.6892,133.143,0,jog
24.2067,11373,0.2696,-0.0882,-0.2547,0.6736,132.973,0,jog
24.2088,11374,0.2682,-0.0878,-0.2534,0.6765,132.888,0,jog
24.2109,11375,0.2661,-0.0871,-0.2515,0.5289,132.63,0,jog
24.2129,11376,0.2655,-0.0869,-0.2508,0.7981,132.543,0,jog
24.215,11377,0.2634,-0.0862,-0.2489,0.5243,132.194,0,jog
24.2173,11378,0.2621,-0.0858,-0.2476,0.6845,132.018,0,jog
24.2194,11379,0.2607,-0.0854,-0.2464,0.6533,131.93,0,jog
24.2217,11380,0.2594,-0.085,-0.2451,0.683,131.753,0,jog
24.2244,11381,0.2574,-0.0843,-0.2432,0.541,131.488,0,jog
24.226,11382,0.2561,-0.0839,-0.242,0.6433,131.221,0,jog
24.2294,11383,0.2548,-0.0835,-0.2407,0.7371,131.043,0,jog
24.2314,11384,0.2529,-0.0829,-0.2389,0.503,130.864,0,jog
24.2336,11385,0.2516,-0.0825,-0.2376,0.6432,130.686,0,jog
24.2356,11386,0.2503,-0.0821,-0.2364,0.6229,130.508,0,jog
24.2378,11387,0.249,-0.0818,-0.2352,0.6374,130.24,0,jog
24.2398,11388,0.2471,-0.0812,-0.2334,0.489,129.973,0,jog
24.2419,11389,0.2465,-0.081,-0.2328,0.7424,129.884,0,jog
24.2439,11390,0.2446,-0.0804,-0.231,0.4855,129.706,0,jog
24.246,11391,0.2434,-0.0801,-0.2298,0.6125,129.528,0,jog
24.2481,11392,0.2421,-0.0797,-0.2286,0.6047,129.351,0,jog
24.2503,11393,0.2409,-0.0794,-0.2274,0.6206,129.086,0,jog
24.2523,11394,0.2397,-0.079,-0.2263,0.5928,128.909,0,jog
24.2544,11395,0.2384,-0.0786,-0.2251,0.6061,128.821,0,jog
24.2564,11396,0.2372,-0.0783,-0.2239,0.5922,128.645,0,jog
24.2585,11397,0.2366,-0.0781,-0.2234,0.7136,128.558,0,jog
24.2605,11398,0.2348,-0.0776,-0.2216,0.4674,128.208,0,jog
24.2627,11399,0.2337,-0.0773,-0.2205,0.5941,128.034,0,jog
24.2647,11400,0.2325,-0.0769,-0.2194,0.582,127.947,0,jog
24.2669,11401,0.2313,-0.0766,-0.2183,0.5988,127.773,0,jog
24.269,11402,0.2296,-0.0761,-0.2166,0.4607,127.514,0,jog
24.2711,11403,0.2284,-0.0758,-0.2155,0.5822,127.257,0,jog
24.2731,11404,0.2273,-0.0755,-0.2144,0.5697,127.086,0,jog
24.2756,11405,0.2261,-0.0752,-0.2133,0.6045,127.001,0,jog
24.2776,11406,0.225,-0.0748,-0.2122,0.5653,126.83,0,jog
24.2797,11407,0.2238,-0.0745,-0.2111,0.5683,126.66,0,jog
24.2818,11408,0.2227,-0.0742,-0.21,0.5601,126.491,0,jog
24.2838,11409,0.2216,-0.0739,-0.2089,0.5596,126.239,0,jog
24.2858,11410,0.2199,-0.0735,-0.2073,0.4449,125.987,0,jog
24.2879,11411,0.2194,-0.0733,-0.2068,0.6614,125.987,0,jog
24.29,11412,0.2178,-0.0729,-0.2052,0.4433,125.736,0,jog
24.2921,11413,0.2167,-0.0726,-0.2042,0.5586,125.569,0,jog
24.2942,11414,0.2156,-0.0723,-0.2031,0.5436,125.32,0,jog
24.2963,11415,0.2145,-0.072,-0.2021,0.5461,125.155,0,jog
24.2983,11416,0.2135,-0.0717,-0.2011,0.5394,125.072,0,jog
24.3005,11417,0.2124,-0.0714,-0.2,0.5444,124.907,0,jog
24.3025,11418,0.2113,-0.0711,-0.199,0.5345,124.741,0,jog
24.3046,11419,0.2108,-0.0709,-0.1985,0.6388,124.659,0,jog
24.3067,11420,0.2093,-0.0705,-0.197,0.4283,124.33,0,jog
24.3088,11421,0.2082,-0.0702,-0.196,0.528,124.166,0,jog
24.3108,11422,0.2072,-0.0699,-0.195,0.5233,124.083,0,jog
24.3129,11423,0.2056,-0.0695,-0.1935,0.4254,123.836,0,jog
24.3149,11424,0.2046,-0.0692,-0.1925,0.5171,123.67,0,jog
24.3172,11425,0.2041,-0.0691,-0.1921,0.6221,123.588,0,jog
24.3192,11426,0.2026,-0.0687,-0.1906,0.4123,123.257,0,jog
24.3213,11427,0.2016,-0.0684,-0.1896,0.5167,123.09,0,jog
24.3234,11428,0.2006,-0.0681,-0.1887,0.5035,123.006,0,jog
24.3255,11429,0.1996,-0.0679,-0.1877,0.517,122.839,0,jog
24.3276,11430,0.1986,-0.0676,-0.1867,0.4994,122.67,0,jog
24.3297,11431,0.1976,-0.0673,-0.1858,0.5042,122.502,0,jog
24.3318,11432,0.1966,-0.0671,-0.1848,0.4961,122.249,0,jog
24.3338,11433,0.1956,-0.0668,-0.1839,0.4967,122.079,0,jog
24.3359,11434,0.1942,-0.0664,-0.1824,0.393,121.907,0,jog
24.338,11435,0.1937,-0.0663,-0.182,0.5842,121.821,0,jog
24.34,11436,0.1922,-0.0659,-0.1806,0.389,121.562,0,jog
24.3421,11437,0.1917,-0.0658,-0.1801,0.5777,121.475,0,jog
24.3441,11438,0.1903,-0.0654,-0.1787,0.3836,121.126,0,jog
24.3462,11439,0.1893,-0.0651,-0.1778,0.4769,121.038,0,jog
24.3483,11440,0.1884,-0.0649,-0.1768,0.4729,120.861,0,jog
24.3503,11441,0.1874,-0.0646,-0.1759,0.4718,120.684,0,jog
24.3524,11442,0.1864,-0.0644,-0.175,0.466,120.505,0,jog
24.3544,11443,0.1855,-0.0641,-0.1741,0.4657,120.236,0,jog
24.3565,11444,0.1846,-0.0638,-0.1732,0.4624,120.056,0,jog
24.3586,11445,0.1836,-0.0636,-0.1723,0.4592,119.965,0,jog
24.3606,11446,0.1827,-0.0633,-0.1713,0.4556,119.783,0,jog
24.3629,11447,0.1817,-0.0631,-0.1704,0.4686,119.6,0,jog
24.3649,11448,0.1803,-0.0627,-0.1691,0.3586,119.232,0,jog
24.3671,11449,0.1794,-0.0624,-0.1682,0.4566,119.046,0,jog
24.3691,11450,0.1785,-0.0621,-0.1673,0.443,118.953,0,jog
24.3713,11451,0.1775,-0.0619,-0.1664,0.4512,118.766,0,jog
24.3733,11452,0.1766,-0.0616,-0.1655,0.4313,118.578,0,jog
24.3754,11453,0.1761,-0.0615,-0.1651,0.5287,118.484,0,jog
24.3775,11454,0.1747,-0.061,-0.1637,0.3458,118.105,0,jog
24.3796,11455,0.1738,-0.0608,-0.1628,0.4297,117.915,0,jog
24.3817,11456,0.1729,-0.0605,-0.162,0.4264,117.819,0,jog
24.3838,11457,0.1715,-0.0601,-0.1606,0.3435,117.533,0,jog
24.3859,11458,0.1706,-0.0598,-0.1597,0.4167,117.342,0,jog
24.388,11459,0.1696,-0.0595,-0.1589,0.4186,117.057,0,jog
24.39,11460,0.1687,-0.0592,-0.158,0.4111,116.866,0,jog
24.3921,11461,0.1678,-0.0589,-0.1571,0.4084,116.771,0,jog
24.3941,11462,0.1669,-0.0586,-0.1563,0.4056,116.582,0,jog
24.3962,11463,0.166,-0.0583,-0.1554,0.4039,116.393,0,jog
24.3983,11464,0.1651,-0.058,-0.1545,0.4022,116.112,0,jog
24.4004,11465,0.1642,-0.0577,-0.1537,0.4025,115.925,0,jog
24.4024,11466,0.1633,-0.0574,-0.1528,0.3946,115.832,0,jog
24.4045,11467,0.1624,-0.0571,-0.152,0.3927,115.646,0,jog
24.4066,11468,0.1615,-0.0567,-0.1512,0.3935,115.462,0,jog
24.4087,11469,0.1606,-0.0564,-0.1503,0.3892,115.278,0,jog
24.4107,11470,0.1597,-0.0561,-0.1495,0.3855,115.003,0,jog
24.4128,11471,0.1588,-0.0558,-0.1486,0.382,114.821,0,jog
24.4148,11472,0.1579,-0.0555,-0.1478,0.3758,114.73,0,jog
24.4169,11473,0.1565,-0.055,-0.1466,0.2932,114.459,0,jog
24.419,11474,0.1557,-0.0546,-0.1458,0.3723,114.279,0,jog
24.421,11475,0.1552,-0.0545,-0.1453,0.4575,114.099,0,jog
24.4231,11476,0.1539,-0.054,-0.1441,0.2808,113.831,0,jog
24.4252,11477,0.1539,-0.054,-0.1441,0.5386,113.831,0,jog
24.4273,11478,0.1521,-0.0533,-0.1425,0.1926,113.564,0,jog
24.4294,11479,0.1513,-0.0529,-0.1417,0.3623,113.385,0,jog
24.4314,11480,0.1504,-0.0526,-0.1409,0.3595,113.117,0,jog
24.4336,11481,0.1495,-0.0523,-0.1401,0.3605,112.937,0,jog
24.4356,11482,0.1487,-0.0519,-0.1393,0.3532,112.847,0,jog
24.4377,11483,0.1478,-0.0516,-0.1385,0.3482,112.666,0,jog
24.4398,11484,0.1469,-0.0512,-0.1376,0.3339,112.397,0,jog
24.4419,11485,0.146,-0.0508,-0.1369,0.3427,112.224,0,jog
24.4439,11486,0.1448,-0.0503,-0.1358,0.2793,112.057,0,jog
24.446,11487,0.144,-0.0499,-0.1351,0.3578,111.896,0,jog
24.448,11488,0.1433,-0.0496,-0.1345,0.3625,111.662,0,jog
24.4505,11489,0.1426,-0.0493,-0.1338,0.3823,111.509,0,jog
24.4526,11490,0.1419,-0.049,-0.1332,0.3652,111.434,0,jog
24.4548,11491,0.1412,-0.0487,-0.1326,0.3685,111.286,0,jog
24.4568,11492,0.1405,-0.0484,-0.1319,0.3554,111.068,0,jog
24.4589,11493,0.1398,-0.0481,-0.1313,0.3491,110.923,0,jog
24.4609,11494,0.1387,-0.0477,-0.1303,0.2708,110.778,0,jog
24.4632,11495,0.138,-0.0474,-0.1296,0.3513,110.632,0,jog
24.4653,11496,0.1372,-0.0471,-0.1289,0.3357,110.487,0,jog
24.4674,11497,0.1368,-0.047,-0.1285,0.4083,110.34,0,jog
24.4695,11498,0.1357,-0.0466,-0.1274,0.2555,110.192,0,jog
24.4716,11499,0.1349,-0.0464,-0.1267,0.3298,110.043,0,jog
24.4737,11500,0.1342,-0.0461,-0.126,0.3243,109.893,0,jog
24.4758,11501,0.1338,-0.046,-0.1257,0.3994,109.818,0,jog
24.4778,11502,0.1327,-0.0456,-0.1247,0.2514,109.523,0,jog
24.4799,11503,0.1317,-0.0452,-0.1237,0.2673,109.376,0,jog
24.482,11504,0.1311,-0.0449,-0.1231,0.3311,109.23,0,jog
24.4841,11505,0.1304,-0.0447,-0.1225,0.3324,109.084,0,jog
24.4861,11506,0.1298,-0.0445,-0.1219,0.3269,108.863,0,jog
24.4883,11507,0.1294,-0.0443,-0.1216,0.3922,108.788,0,jog
24.4903,11508,0.1286,-0.0441,-0.1208,0.283,108.638,0,jog
24.4924,11509,0.1281,-0.044,-0.1203,0.3472,108.488,0,jog
24.4944,11510,0.1275,-0.0439,-0.1198,0.3492,108.337,0,jog
24.4966,11511,0.127,-0.0438,-0.1192,0.3437,108.185,0,jog
24.4986,11512,0.1264,-0.0436,-0.1187,0.3251,107.953,0,jog
24.5008,11513,0.1258,-0.0434,-0.1181,0.3272,107.797,0,jog
24.5028,11514,0.1248,-0.043,-0.1172,0.2462,107.64,0,jog
24.5049,11515,0.1245,-0.0429,-0.1169,0.3726,107.561,0,jog
24.5069,11516,0.1235,-0.0425,-0.116,0.2422,107.322,0,jog
24.509,11517,0.1232,-0.0424,-0.1157,0.3691,107.162,0,jog
24.5111,11518,0.1222,-0.042,-0.1148,0.239,106.92,0,jog
24.5131,11519,0.1216,-0.0417,-0.1142,0.3007,106.839,0,jog
24.5152,11520,0.1209,-0.0415,-0.1136,0.2998,106.675,0,jog
24.5173,11521,0.1206,-0.0413,-0.1133,0.3617,106.593,0,jog
24.5193,11522,0.1197,-0.041,-0.1124,0.2316,106.265,0,jog
24.5214,11523,0.1194,-0.0408,-0.1122,0.3578,106.183,0,jog
24.5235,11524,0.1184,-0.0405,-0.1113,0.2332,106.017,0,jog
24.5256,11525,0.1178,-0.0402,-0.1107,0.2966,105.85,0,jog
24.5277,11526,0.1172,-0.04,-0.1102,0.2919,105.684,0,jog
24.5298,11527,0.1166,-0.0398,-0.1096,0.2933,105.517,0,jog
24.5319,11528,0.1157,-0.0394,-0.1088,0.2287,105.183,0,jog
24.534,11529,0.1151,-0.0392,-0.1082,0.2932,105.099,0,jog
24.5361,11530,0.1145,-0.0389,-0.1077,0.2851,104.93,0,jog
24.5381,11531,0.1139,-0.0387,-0.1071,0.2842,104.761,0,jog
24.5402,11532,0.1133,-0.0385,-0.1066,0.2828,104.508,0,jog
24.5423,11533,0.1127,-0.0382,-0.1061,0.2823,104.34,0,jog
24.5443,11534,0.1122,-0.038,-0.1055,0.2807,104.255,0,jog
24.5463,11535,0.1116,-0.0378,-0.105,0.2779,104.085,0,jog
24.5484,11536,0.111,-0.0376,-0.1045,0.2783,103.915,0,jog
24.5504,11537,0.1105,-0.0373,-0.104,0.2774,103.745,0,jog
24.5525,11538,0.1099,-0.0371,-0.1035,0.2761,103.49,0,jog
24.5546,11539,0.1094,-0.0369,-0.1029,0.2754,103.32,0,jog
24.5566,11540,0.1088,-0.0367,-0.1024,0.2746,103.234,0,jog
24.5587,11541,0.1083,-0.0365,-0.1019,0.2737,103.063,0,jog
24.5607,11542,0.1077,-0.0363,-0.1014,0.2721,102.891,0,jog
24.5628,11543,0.1072,-0.0361,-0.1009,0.271,102.635,0,jog
24.5648,11544,0.1067,-0.0358,-0.1005,0.2695,102.464,0,jog
24.5669,11545,0.1059,-0.0355,-0.0997,0.216,102.292,0,jog
24.5689,11546,0.1054,-0.0353,-0.0992,0.2678,102.119,0,jog
24.5711,11547,0.1048,-0.0351,-0.0988,0.2682,101.946,0,jog
24.5731,11548,0.1043,-0.0349,-0.0983,0.2633,101.688,0,jog
24.5752,11549,0.1038,-0.0347,-0.0978,0.2662,101.515,0,jog
24.5772,11550,0.1033,-0.0345,-0.0974,0.2632,101.429,0,jog
24.5793,11551,0.1028,-0.0344,-0.0969,0.2622,101.255,0,jog
24.5814,11552,0.1023,-0.0342,-0.0964,0.2627,101.08,0,jog
24.5836,11553,0.1018,-0.034,-0.096,0.2695,100.907,0,jog
24.5857,11554,0.1013,-0.0338,-0.0955,0.259,100.646,0,jog
24.5878,11555,0.1008,-0.0336,-0.0951,0.261,100.471,0,jog
24.5899,11556,0.1001,-0.0333,-0.0944,0.2094,100.296,0,jog
24.592,11557,0.0999,-0.0332,-0.0942,0.3045,100.208,0,jog
24.5941,11558,0.0992,-0.033,-0.0935,0.2087,99.945,0,jog
24.5962,11559,0.0987,-0.0328,-0.0931,0.2561,99.682,0,jog
24.5982,11560,0.0982,-0.0326,-0.0926,0.2525,99.506,0,jog
24.6004,11561,0.0977,-0.0324,-0.0922,0.2557,99.418,0,jog
24.6025,11562,0.0973,-0.0322,-0.0918,0.2495,99.241,0,jog
24.6046,11563,0.0968,-0.0321,-0.0913,0.2517,99.064,0,jog
24.6066,11564,0.0963,-0.0319,-0.0909,0.2474,98.799,0,jog
24.6088,11565,0.0959,-0.0317,-0.0905,0.2497,98.622,0,jog
24.6108,11566,0.0952,-0.0314,-0.0899,0.2001,98.445,0,jog
24.6129,11567,0.095,-0.0314,-0.0897,0.2894,98.356,0,jog
24.615,11568,0.0943,-0.0311,-0.089,0.1987,98.088,0,jog
24.6171,11569,0.0938,-0.0309,-0.0886,0.2435,97.821,0,jog
24.6192,11570,0.0934,-0.0308,-0.0882,0.2398,97.642,0,jog
24.6213,11571,0.0932,-0.0307,-0.088,0.2824,97.553,0,jog
24.6233,11572,0.0925,-0.0304,-0.0874,0.1929,97.373,0,jog
24.6256,11573,0.0921,-0.0303,-0.0869,0.2448,97.194,0,jog
24.6277,11574,0.0916,-0.0301,-0.0865,0.2341,97.014,0,jog
24.6298,11575,0.0912,-0.0299,-0.0861,0.2342,96.744,0,jog
24.6318,11576,0.0907,-0.0298,-0.0857,0.2317,96.564,0,jog
24.6341,11577,0.0901,-0.0295,-0.0851,0.1952,96.383,0,jog
24.636,11578,0.0896,-0.0293,-0.0847,0.2254,96.201,0,jog
24.6382,11579,0.0892,-0.0292,-0.0843,0.2288,96.02,0,jog
24.6403,11580,0.0887,-0.029,-0.0839,0.2264,95.747,0,jog
24.6424,11581,0.0885,-0.0289,-0.0836,0.2677,95.656,0,jog
24.6444,11582,0.0878,-0.0287,-0.083,0.1782,95.382,0,jog
24.6465,11583,0.0874,-0.0285,-0.0826,0.222,95.29,0,jog
24.6486,11584,0.087,-0.0284,-0.0822,0.2194,95.106,0,jog
24.6513,11585,0.0863,-0.0281,-0.0816,0.2023,94.83,0,jog
24.6545,11586,0.0859,-0.028,-0.0812,0.2164,94.553,0,jog
24.6554,11587,0.0854,-0.0278,-0.0808,0.2121,94.368,0,jog
24.6576,11588,0.085,-0.0276,-0.0803,0.2154,94.275,0,jog
24.6596,11589,0.0845,-0.0275,-0.0799,0.2083,94.089,0,jog
24.6617,11590,0.0841,-0.0273,-0.0795,0.2081,93.903,0,jog
24.6637,11591,0.0836,-0.0272,-0.0791,0.2062,93.716,0,jog
24.6663,11592,0.0832,-0.027,-0.0787,0.2097,93.435,0,jog
24.6679,11593,0.0825,-0.0268,-0.0781,0.1569,93.153,0,jog
24.6701,11594,0.0821,-0.0266,-0.0776,0.2021,93.059,0,jog
24.672,11595,0.0816,-0.0265,-0.0772,0.1956,92.87,0,jog
24.6742,11596,0.0812,-0.0263,-0.0768,0.1998,92.681,0,jog
24.6762,11597,0.0807,-0.0262,-0.0764,0.1928,92.397,0,jog
24.6783,11598,0.0803,-0.026,-0.0759,0.1963,92.207,0,jog
24.6804,11599,0.0798,-0.0259,-0.0755,0.1907,92.018,0,jog
24.6825,11600,0.0794,-0.0257,-0.0751,0.1925,91.923,0,jog
24.6845,11601,0.0789,-0.0256,-0.0747,0.1868,91.734,0,jog
24.6876,11602,0.0785,-0.0254,-0.0742,0.1907,91.545,0,jog
24.6887,11603,0.078,-0.0253,-0.0738,0.1831,91.262,0,jog
24.6914,11604,0.0775,-0.0251,-0.0734,0.1864,91.074,0,jog
24.6929,11605,0.0769,-0.0249,-0.0727,0.1335,90.887,0,jog
24.695,11606,0.0764,-0.0248,-0.0723,0.1792,90.7,0,jog
24.6971,11607,0.0759,-0.0246,-0.0718,0.1769,90.514,0,jog
24.7006,11608,0.0752,-0.0244,-0.0712,0.1848,90.145,0,jog
24.7026,11609,0.0748,-0.0243,-0.0707,0.1713,89.961,0,jog
24.7047,11610,0.0743,-0.0241,-0.0703,0.1713,89.778,0,jog
24.7067,11611,0.0739,-0.024,-0.0699,0.1681,89.687,0,jog
24.7088,11612,0.0734,-0.0238,-0.0694,0.1684,89.506,0,jog
24.7108,11613,0.0727,-0.0236,-0.0688,0.1188,89.235,0,jog
24.7129,11614,0.0722,-0.0235,-0.0683,0.1634,88.966,0,jog
24.715,11615,0.0718,-0.0234,-0.0679,0.1626,88.788,0,jog
24.7176,11616,0.0713,-0.0232,-0.0674,0.1761,88.699,0,jog
24.7195,11617,0.0708,-0.0231,-0.067,0.1553,88.522,0,jog
24.7217,11618,0.0704,-0.023,-0.0665,0.1588,88.345,0,jog
24.7237,11619,0.0699,-0.0228,-0.0661,0.153,88.082,0,jog
24.726,11620,0.0692,-0.0227,-0.0654,0.1163,87.82,0,jog
24.7292,11621,0.0687,-0.0225,-0.0649,0.1701,87.733,0,jog
24.7307,11622,0.0683,-0.0224,-0.0645,0.1496,87.56,0,jog
24.7336,11623,0.0676,-0.0222,-0.0638,0.1421,87.217,0,jog
24.7356,11624,0.0671,-0.0221,-0.0634,0.1435,87.046,0,jog
24.7377,11625,0.0666,-0.0219,-0.0629,0.1318,86.961,0,jog
24.7397,11626,0.0661,-0.0217,-0.0624,0.1309,86.792,0,jog
24.7418,11627,0.0656,-0.0215,-0.062,0.1421,86.622,0,jog
24.7439,11628,0.065,-0.0211,-0.0615,0.1142,86.28,0,jog
24.746,11629,0.0646,-0.0208,-0.0612,0.1551,86.194,0,jog
24.748,11630,0.0642,-0.0206,-0.0608,0.1539,86.022,0,jog
24.7501,11631,0.0639,-0.0204,-0.0605,0.1568,85.849,0,jog
24.7522,11632,0.0635,-0.0202,-0.0602,0.1551,85.588,0,jog
24.7543,11633,0.0632,-0.0201,-0.0599,0.1571,85.414,0,jog
24.7563,11634,0.0629,-0.02,-0.0596,0.1518,85.327,0,jog
24.7584,11635,0.0625,-0.0199,-0.0593,0.1529,85.153,0,jog
24.7605,11636,0.0622,-0.0198,-0.0589,0.1497,84.892,0,jog
24.7626,11637,0.062,-0.0197,-0.0588,0.184,84.805,0,jog
24.7645,11638,0.0615,-0.0196,-0.0583,0.112,84.632,0,jog
24.7667,11639,0.0611,-0.0195,-0.0579,0.152,84.46,0,jog
24.7688,11640,0.0608,-0.0194,-0.0576,0.1466,84.288,0,jog
24.7711,11641,0.0606,-0.0194,-0.0574,0.183,84.117,0,jog
24.7731,11642,0.06,-0.0193,-0.0568,0.083,83.862,0,jog
24.7753,11643,0.0598,-0.0192,-0.0566,0.1785,83.777,0,jog
24.7773,11644,0.0593,-0.0191,-0.0561,0.1138,83.531,0,jog
24.7794,11645,0.059,-0.019,-0.0558,0.1465,83.305,0,jog
24.7815,11646,0.0587,-0.019,-0.0555,0.1466,83.163,0,jog
24.7837,11647,0.0584,-0.0189,-0.0552,0.1503,83.094,0,jog
24.7857,11648,0.0581,-0.0189,-0.055,0.1464,82.96,0,jog
24.7879,11649,0.0577,-0.0188,-0.0545,0.1242,82.701,0,jog
24.7899,11650,0.0574,-0.0187,-0.0543,0.1468,82.638,0,jog
24.792,11651,0.0571,-0.0186,-0.054,0.1486,82.513,0,jog
24.7941,11652,0.0569,-0.0186,-0.0537,0.1465,82.388,0,jog
24.7962,11653,0.0566,-0.0185,-0.0535,0.145,82.263,0,jog
24.7982,11654,0.0563,-0.0184,-0.0532,0.142,82.071,0,jog
24.8003,11655,0.547,0.1375,-0.5295,119.7923,44.485,0,jog
24.8023,11656,0.5468,0.1376,-0.5292,119.7928,44.551,0,jog
24.8045,11657,0.5507,0.1385,-0.533,1.6591,43.165,0,jog
24.8066,11658,0.5505,0.1386,-0.5327,0.7034,43.302,0,jog
24.8087,11659,0.5535,0.1385,-0.5359,2.2591,41.388,0,jog
24.8107,11660,0.5532,0.1386,-0.5356,0.5273,41.53,0,jog
24.8128,11661,0.5543,0.137,-0.5371,1.1103,39.106,0,jog
24.8148,11662,0.5539,0.1371,-0.5366,0.4104,39.253,0,jog
24.8169,11663,0.5558,0.1364,-0.5388,1.3486,36.911,0,jog
24.8189,11664,0.5554,0.1365,-0.5384,0.3869,37.135,0,jog
24.821,11665,0.5582,0.1368,-0.5412,1.1706,35.103,0,jog
24.823,11666,0.5579,0.1369,-0.5409,0.4879,35.257,0,jog
24.8253,11667,0.5599,0.1373,-0.5428,2.0726,33.187,0,jog
24.8273,11668,0.5594,0.1374,-0.5423,0.3999,33.343,0,jog
24.8294,11669,0.5608,0.1378,-0.5436,1.2966,31.793,0,jog
24.8315,11670,0.5605,0.1379,-0.5433,0.4255,31.952,0,jog
24.8336,11671,0.5602,0.138,-0.5429,1.026,32.192,0,jog
24.8356,11672,0.5599,0.1382,-0.5426,0.6577,32.354,0,jog
24.8377,11673,0.5598,0.1382,-0.5424,0.6685,32.354,0,jog
24.8397,11674,0.5593,0.1384,-0.5419,0.6431,32.598,0,jog
24.8419,11675,0.559,0.1386,-0.5415,0.6511,32.762,0,jog
24.8439,11676,0.5585,0.1388,-0.541,0.6354,33.091,0,jog
24.846,11677,0.5581,0.139,-0.5406,0.6427,33.257,0,jog
24.8481,11678,0.5578,0.1391,-0.5402,0.6403,33.34,0,jog
24.8502,11679,0.5575,0.1393,-0.5398,0.6382,33.506,0,jog
24.8522,11680,0.5571,0.1395,-0.5394,0.6353,33.672,0,jog
24.8543,11681,0.5568,0.1396,-0.539,0.6324,33.921,0,jog
24.8563,11682,0.5565,0.1398,-0.5386,0.6299,34.087,0,jog
24.8584,11683,0.5563,0.1399,-0.5384,0.6388,34.17,0,jog
24.8605,11684,0.5558,0.1401,-0.5378,0.6186,34.335,0,jog
24.8626,11685,0.5556,0.1402,-0.5376,0.6352,34.418,0,jog
24.8646,11686,0.5551,0.1405,-0.537,0.6151,34.747,0,jog
24.8668,11687,0.5547,0.1407,-0.5366,0.6213,34.911,0,jog
24.8688,11688,0.5542,0.1409,-0.536,0.6119,35.074,0,jog
24.871,11689,0.5539,0.1411,-0.5356,0.6178,35.237,0,jog
24.873,11690,0.5535,0.1413,-0.5352,0.6155,35.399,0,jog
24.8752,11691,0.5534,0.1414,-0.535,0.6225,35.48,0,jog
24.8772,11692,0.5528,0.1417,-0.5344,0.607,35.799,0,jog
24.8793,11693,0.5527,0.1417,-0.5342,0.6184,35.879,0,jog
24.8814,11694,0.5522,0.142,-0.5336,0.6059,36.037,0,jog
24.8836,11695,0.5518,0.1422,-0.5332,0.6102,36.195,0,jog
24.8856,11696,0.5515,0.1424,-0.5328,0.6083,36.351,0,jog
24.8878,11697,0.5511,0.1426,-0.5324,0.6075,36.583,0,jog
24.8898,11698,0.5506,0.1428,-0.5318,0.6025,36.814,0,jog
24.8919,11699,0.5505,0.1429,-0.5316,0.6106,36.814,0,jog
24.894,11700,0.55,0.1432,-0.531,0.6018,37.042,0,jog
24.8961,11701,0.5498,0.1433,-0.5308,0.6085,37.118,0,jog
24.8981,11702,0.5493,0.1435,-0.5302,0.6009,37.416,0,jog
24.9003,11703,0.549,0.1437,-0.5298,0.6031,37.563,0,jog
24.9023,11704,0.5486,0.1438,-0.5294,0.6022,37.636,0,jog
24.9045,11705,0.5483,0.144,-0.5291,0.6021,37.782,0,jog
24.9065,11706,0.548,0.1442,-0.5287,0.6015,37.927,0,jog
24.9086,11707,0.5477,0.1443,-0.5283,0.6013,38.07,0,jog
24.9107,11708,0.5473,0.1445,-0.5279,0.6008,38.283,0,jog
24.9128,11709,0.547,0.1447,-0.5275,0.6006,38.423,0,jog
24.9148,11710,0.5467,0.1448,-0.5272,0.6004,38.493,0,jog
24.917,11711,0.5462,0.145,-0.5266,0.6,38.702,0,jog
24.9191,11712,0.5459,0.1452,-0.5262,0.6001,38.839,0,jog
24.9211,11713,0.5456,0.1453,-0.5259,0.6,39.043,0,jog
24.9232,11714,0.5453,0.1455,-0.5255,0.6,39.178,0,jog
24.9253,11715,0.5449,0.1456,-0.5251,0.6,39.245,0,jog
24.9273,11716,0.5446,0.1458,-0.5248,0.6001,39.379,0,jog
24.9294,11717,0.5443,0.1459,-0.5244,0.6001,39.511,0,jog
24.9315,11718,0.544,0.146,-0.524,0.6003,39.707,0,jog
24.9336,11719,0.5437,0.1462,-0.5237,0.6004,39.837,0,jog
24.9356,11720,0.5434,0.1463,-0.5233,0.6005,39.901,0,jog
24.9378,11721,0.5431,0.1464,-0.5229,0.6006,40.029,0,jog
24.9398,11722,0.5426,0.1466,-0.5224,0.6028,40.22,0,jog
24.9419,11723,0.5423,0.1467,-0.5221,0.6015,40.407,0,jog
24.9439,11724,0.542,0.1468,-0.5217,0.6019,40.531,0,jog
24.946,11725,0.5417,0.147,-0.5213,0.602,40.592,0,jog
24.9481,11726,0.5414,0.1471,-0.521,0.6024,40.715,0,jog
24.9501,11727,0.5411,0.1472,-0.5206,0.6028,40.837,0,jog
24.9522,11728,0.5407,0.1473,-0.5203,0.6035,41.016,0,jog
24.9542,11729,0.5404,0.1474,-0.5199,0.6039,41.135,0,jog
24.9563,11730,0.5401,0.1475,-0.5196,0.6044,41.253,0,jog
24.9584,11731,0.5398,0.1477,-0.5192,0.6046,41.311,0,jog
24.9604,11732,0.5395,0.1478,-0.5189,0.6053,41.427,0,jog
24.9625,11733,0.5394,0.1478,-0.5187,0.6032,41.485,0,jog
24.9646,11734,0.5389,0.148,-0.5182,0.6097,41.712,0,jog
24.9668,11735,0.5388,0.1481,-0.518,0.6043,41.768,0,jog
24.9688,11736,0.5383,0.1482,-0.5175,0.6109,41.879,0,jog
24.9709,11737,0.5379,0.1484,-0.517,0.6115,42.043,0,jog
24.9731,11738,0.5376,0.1485,-0.5167,0.6094,42.151,0,jog
24.9753,11739,0.5374,0.1486,-0.5165,0.6065,42.204,0,jog
24.9773,11740,0.537,0.1487,-0.516,0.6149,42.415,0,jog
24.9794,11741,0.5367,0.1488,-0.5157,0.6118,42.518,0,jog
24.9815,11742,0.5364,0.1489,-0.5153,0.6124,42.569,0,jog
24.9835,11743,0.5361,0.1491,-0.515,0.6131,42.67,0,jog
24.9856,11744,0.5358,0.1492,-0.5146,0.614,42.769,0,jog
24.9877,11745,0.5355,0.1493,-0.5143,0.6148,42.866,0,jog
24.9897,11746,0.5352,0.1494,-0.514,0.6159,43.007,0,jog
24.9918,11747,0.535,0.1495,-0.5136,0.6166,43.099,0,jog
24.9938,11748,0.5345,0.1497,-0.5131,0.6222,43.189,0,jog
24.9959,11749,0.5344,0.1497,-0.513,0.6139,43.233,0,jog
24.998,11750,0.534,0.1499,-0.5125,0.6239,43.361,0,jog
25.0001,11751,0.5337,0.15,-0.5122,0.6201,43.485,0,jog
25.0021,11752,0.5334,0.1501,-0.5118,0.6212,43.565,0,jog
25.0042,11753,0.5331,0.1503,-0.5115,0.6216,43.604,0,jog
25.0063,11754,0.5329,0.1504,-0.5112,0.6224,43.681,0,jog
25.0084,11755,0.5326,0.1505,-0.5109,0.6227,43.755,0,jog
25.0105,11756,0.5323,0.1506,-0.5106,0.624,43.827,0,jog
25.0126,11757,0.532,0.1507,-0.5102,0.6246,43.931,0,jog
25.0147,11758,0.5318,0.1508,-0.5099,0.6258,43.998,0,jog
25.0168,11759,0.5315,0.151,-0.5096,0.6263,44.062,0,jog
25.0188,11760,0.5311,0.1511,-0.5091,0.6327,44.125,0,jog
25.0212,11761,0.5308,0.1512,-0.5088,0.6267,44.185,0,jog
25.0233,11762,0.5306,0.1514,-0.5085,0.6289,44.243,0,jog
25.0254,11763,0.5304,0.1514,-0.5084,0.6244,44.299,0,jog
25.0274,11764,0.53,0.1516,-0.5079,0.636,44.382,0,jog
25.0295,11765,0.5298,0.1517,-0.5076,0.6304,44.411,0,jog
25.0316,11766,0.5295,0.1518,-0.5073,0.6307,44.47,0,jog
25.0337,11767,0.5292,0.1519,-0.507,0.6305,44.53,0,jog
25.0358,11768,0.5289,0.1519,-0.5067,0.6291,44.623,0,jog
25.0379,11769,0.5284,0.1517,-0.5062,0.619,44.681,0,jog
25.0399,11770,0.5275,0.1512,-0.5054,0.609,44.736,0,jog
25.042,11771,0.5269,0.1508,-0.5048,0.6116,44.788,0,jog
25.0441,11772,0.5262,0.1504,-0.5042,0.6124,44.859,0,jog
25.0461,11773,0.5259,0.1503,-0.504,0.6194,44.88,0,jog
25.0482,11774,0.525,0.1499,-0.5032,0.6137,44.919,0,jog
25.0503,11775,0.5245,0.1497,-0.5027,0.6193,44.952,0,jog
25.0523,11776,0.524,0.1495,-0.5022,0.6202,44.993,0,jog
25.0544,11777,0.5234,0.1493,-0.5017,0.621,45.015,0,jog
25.0565,11778,0.5229,0.1491,-0.5012,0.6213,45.025,0,jog
25.0586,11779,0.5224,0.1489,-0.5007,0.6216,45.042,0,jog
25.0607,11780,0.5218,0.1488,-0.5001,0.6215,45.056,0,jog
25.0627,11781,0.5212,0.1486,-0.4996,0.6215,45.073,0,jog
25.0648,11782,0.5207,0.1484,-0.4991,0.6212,45.078,0,jog
25.0671,11783,0.5198,0.1481,-0.4983,0.6193,45.09,0,jog
25.0691,11784,0.5192,0.1479,-0.4977,0.6205,45.096,0,jog
25.0713,11785,0.5186,0.1477,-0.4971,0.6202,45.104,0,jog
25.0733,11786,0.518,0.1475,-0.4966,0.6194,45.106,0,jog
25.0755,11787,0.5177,0.1473,-0.4963,0.6223,45.108,0,jog
25.0775,11788,0.5167,0.147,-0.4954,0.6158,45.112,0,jog
25.0797,11789,0.5161,0.1467,-0.4948,0.6185,45.116,0,jog
25.0818,11790,0.5155,0.1465,-0.4943,0.6174,45.12,0,jog
25.0839,11791,0.5146,0.1461,-0.4935,0.6136,45.124,0,jog
25.086,11792,0.5141,0.1458,-0.493,0.6161,45.129,0,jog
25.0881,11793,0.5135,0.1455,-0.4924,0.6156,45.136,0,jog
25.0901,11794,0.5129,0.1452,-0.4919,0.6146,45.141,0,jog
25.0922,11795,0.5122,0.1449,-0.4913,0.6141,45.143,0,jog
25.0942,11796,0.5116,0.1445,-0.4908,0.6134,45.148,0,jog
25.0963,11797,0.5113,0.1444,-0.4905,0.6182,45.151,0,jog
25.0983,11798,0.5104,0.1438,-0.4897,0.608,45.157,0,jog
25.1005,11799,0.5098,0.1435,-0.4892,0.612,45.159,0,jog
25.1025,11800,0.5091,0.1431,-0.4886,0.6109,45.159,0,jog
25.1047,11801,0.5085,0.1427,-0.488,0.6108,45.159,0,jog
25.1067,11802,0.5078,0.1423,-0.4874,0.6097,45.157,0,jog
25.1088,11803,0.507,0.1418,-0.4868,0.6094,45.153,0,jog
25.1108,11804,0.506,0.1412,-0.4859,0.6042,45.14,0,jog
25.1129,11805,0.5052,0.1407,-0.4852,0.6083,45.13,0,jog
25.1149,11806,0.5045,0.1403,-0.4846,0.6078,45.125,0,jog
25.117,11807,0.5045,0.1403,-0.4846,0.621,45.125,0,jog
25.1191,11808,0.503,0.1394,-0.4833,0.6007,45.1,0,jog
25.1212,11809,0.5027,0.1391,-0.483,0.6127,45.085,0,jog
25.1232,11810,0.5016,0.1384,-0.4821,0.6025,45.06,0,jog
25.1253,11811,0.5008,0.138,-0.4814,0.6062,45.051,0,jog
25.1273,11812,0.5001,0.1375,-0.4808,0.6056,45.032,0,jog
25.1295,11813,0.4993,0.137,-0.4802,0.6056,45.011,0,jog
25.1315,11814,0.4986,0.1365,-0.4795,0.6049,44.988,0,jog
25.1337,11815,0.4982,0.1363,-0.4792,0.6102,44.964,0,jog
25.1357,11816,0.497,0.1355,-0.4782,0.601,44.925,0,jog
25.1378,11817,0.4963,0.135,-0.4776,0.6041,44.911,0,jog
25.1399,11818,0.4951,0.1343,-0.4766,0.6006,44.868,0,jog
25.142,11819,0.4948,0.134,-0.4763,0.6083,44.853,0,jog
25.144,11820,0.4936,0.1332,-0.4753,0.6003,44.79,0,jog
25.1461,11821,0.4928,0.1327,-0.4746,0.6025,44.756,0,jog
25.1481,11822,0.4921,0.1322,-0.474,0.6022,44.721,0,jog
25.1503,11823,0.4913,0.1316,-0.4733,0.6021,44.703,0,jog
25.1523,11824,0.4905,0.1311,-0.4727,0.6017,44.666,0,jog
25.1544,11825,0.4901,0.1308,-0.4724,0.6057,44.647,0,jog
25.1564,11826,0.489,0.13,-0.4714,0.6,44.567,0,jog
25.1586,11827,0.4882,0.1295,-0.4707,0.6012,44.526,0,jog
25.1606,11828,0.4874,0.1289,-0.4701,0.6008,44.504,0,jog
25.1627,11829,0.4867,0.1283,-0.4694,0.6008,44.461,0,jog
25.1648,11830,0.4859,0.1278,-0.4688,0.6005,44.416,0,jog
25.167,11831,0.4851,0.1272,-0.4681,0.6006,44.37,0,jog
25.169,11832,0.4839,0.1264,-0.4671,0.6005,44.274,0,jog
25.1711,11833,0.4831,0.1258,-0.4665,0.6001,44.224,0,jog
25.1731,11834,0.4823,0.1252,-0.4658,0.6001,44.199,0,jog
25.1753,11835,0.4816,0.1246,-0.4652,0.6001,44.147,0,jog
25.1773,11836,0.4808,0.124,-0.4645,0.6,44.095,0,jog
25.1795,11837,0.48,0.1235,-0.4638,0.6,44.013,0,jog
25.1815,11838,0.4792,0.1229,-0.4632,0.6,43.957,0,jog
25.1837,11839,0.4784,0.1223,-0.4625,0.6,43.929,0,jog
25.1857,11840,0.4776,0.1217,-0.4619,0.6001,43.872,0,jog
25.1879,11841,0.4768,0.1211,-0.4612,0.6,43.813,0,jog
25.19,11842,0.4757,0.1202,-0.4602,0.6031,43.692,0,jog
25.1921,11843,0.4753,0.1199,-0.4599,0.6005,43.66,0,jog
25.1942,11844,0.4741,0.119,-0.4589,0.6038,43.597,0,jog
25.1963,11845,0.4737,0.1187,-0.4586,0.6003,43.565,0,jog
25.1983,11846,0.4725,0.1179,-0.4576,0.6048,43.468,0,jog
25.2007,11847,0.4717,0.1173,-0.4569,0.6005,43.402,0,jog
25.2027,11848,0.471,0.1167,-0.4563,0.6013,43.299,0,jog
25.2049,11849,0.4702,0.1161,-0.4556,0.6013,43.229,0,jog
25.2069,11850,0.469,0.1152,-0.4546,0.6066,43.159,0,jog
25.2091,11851,0.4686,0.1149,-0.4543,0.6,43.123,0,jog
25.2111,11852,0.4675,0.114,-0.4533,0.6077,43.014,0,jog
25.2133,11853,0.4667,0.1134,-0.4527,0.6024,42.902,0,jog
25.2153,11854,0.4659,0.1128,-0.452,0.6032,42.826,0,jog
25.2175,11855,0.4651,0.1122,-0.4514,0.603,42.788,0,jog
25.2195,11856,0.4644,0.1116,-0.4507,0.6038,42.71,0,jog
25.2217,11857,0.4636,0.111,-0.4501,0.6038,42.631,0,jog
25.2249,11858,0.4628,0.1104,-0.4494,0.6045,42.551,0,jog
25.2258,11859,0.462,0.1099,-0.4488,0.6051,42.428,0,jog
25.2278,11860,0.4609,0.109,-0.4478,0.6126,42.345,0,jog
25.2299,11861,0.4601,0.1084,-0.4472,0.6062,42.26,0,jog
25.232,11862,0.4594,0.1078,-0.4465,0.6067,42.174,0,jog
25.234,11863,0.4586,0.1072,-0.4459,0.6072,42.088,0,jog
25.236,11864,0.4579,0.1066,-0.4453,0.6081,41.955,0,jog
25.2381,11865,0.4571,0.106,-0.4446,0.6085,41.865,0,jog
25.2402,11866,0.4563,0.1055,-0.444,0.6091,41.819,0,jog
25.2422,11867,0.4556,0.1049,-0.4434,0.6095,41.727,0,jog
25.2443,11868,0.4548,0.1043,-0.4427,0.6103,41.634,0,jog
25.2463,11869,0.4541,0.1037,-0.4421,0.6111,41.492,0,jog
25.2484,11870,0.4534,0.1031,-0.4415,0.612,41.396,0,jog
25.2504,11871,0.4526,0.1026,-0.4408,0.6123,41.347,0,jog
25.2525,11872,0.4519,0.102,-0.4402,0.6133,41.249,0,jog
25.2546,11873,0.4511,0.1014,-0.4396,0.6138,41.149,0,jog
25.2566,11874,0.4504,0.1008,-0.439,0.6149,41.048,0,jog
25.2587,11875,0.4497,0.1003,-0.4384,0.6157,40.894,0,jog
25.2607,11876,0.4489,0.0997,-0.4377,0.6169,40.79,0,jog
25.2629,11877,0.4482,0.0991,-0.4371,0.6167,40.737,0,jog
25.2649,11878,0.4471,0.0983,-0.4362,0.6292,40.577,0,jog
25.267,11879,0.4464,0.0977,-0.4356,0.6189,40.468,0,jog
25.2691,11880,0.4457,0.0971,-0.435,0.6214,40.303,0,jog
25.2712,11881,0.445,0.0966,-0.4344,0.6215,40.19,0,jog
25.2733,11882,0.4443,0.096,-0.4338,0.623,40.133,0,jog
25.2754,11883,0.4439,0.0957,-0.4335,0.6144,40.076,0,jog
25.2774,11884,0.4429,0.0949,-0.4326,0.6366,39.902,0,jog
25.2796,11885,0.4425,0.0946,-0.4323,0.6162,39.844,0,jog
25.2816,11886,0.4415,0.0937,-0.4314,0.6399,39.604,0,jog
25.2837,11887,0.4408,0.0932,-0.4308,0.6283,39.543,0,jog
25.2858,11888,0.4401,0.0926,-0.4302,0.6305,39.42,0,jog
25.2878,11889,0.4391,0.0918,-0.4294,0.6448,39.232,0,jog
25.2899,11890,0.4384,0.0912,-0.4288,0.6346,39.04,0,jog
25.292,11891,0.4377,0.0906,-0.4282,0.6361,38.91,0,jog
25.294,11892,0.437,0.0901,-0.4276,0.6379,38.778,0,jog
25.2962,11893,0.4363,0.0895,-0.4271,0.6376,38.711,0,jog
25.2982,11894,0.4357,0.0889,-0.4265,0.6405,38.576,0,jog
25.3003,11895,0.435,0.0884,-0.4259,0.6419,38.439,0,jog
25.3023,11896,0.4343,0.0878,-0.4254,0.6444,38.23,0,jog
25.3045,11897,0.4337,0.0872,-0.4248,0.6451,38.089,0,jog
25.3064,11898,0.433,0.0867,-0.4242,0.6487,37.946,0,jog
25.3086,11899,0.4324,0.0861,-0.4237,0.6482,37.873,0,jog
25.3105,11900,0.4317,0.0855,-0.4231,0.6513,37.727,0,jog
25.3127,11901,0.4311,0.085,-0.4226,0.6516,37.579,0,jog
25.3147,11902,0.4304,0.0844,-0.4221,0.6542,37.429,0,jog
25.3169,11903,0.4295,0.0836,-0.4213,0.6704,37.124,0,jog
25.3189,11904,0.4288,0.0831,-0.4207,0.6598,36.969,0,jog
25.321,11905,0.4285,0.0828,-0.4205,0.6465,36.969,0,jog
25.3231,11906,0.4276,0.082,-0.4197,0.6776,36.734,0,jog
25.3253,11907,0.4276,0.082,-0.4197,0.6376,36.734,0,jog
25.3273,11908,0.4263,0.0809,-0.4186,0.697,36.336,0,jog
25.3296,11909,0.426,0.0806,-0.4183,0.6531,36.254,0,jog
25.3317,11910,0.425,0.0799,-0.4175,0.6786,36.088,0,jog
25.3338,11911,0.4244,0.0794,-0.4169,0.6613,35.918,0,jog
25.3358,11912,0.4233,0.0792,-0.4158,0.6377,35.585,0,jog
25.3379,11913,0.4229,0.0792,-0.4154,0.6414,35.504,0,jog
25.3399,11914,0.4217,0.0793,-0.4141,0.6195,35.346,0,jog
25.342,11915,0.4213,0.0793,-0.4137,0.639,35.268,0,jog
25.3441,11916,0.42,0.0794,-0.4124,0.6196,35.039,0,jog
25.3462,11917,0.4197,0.0795,-0.4121,0.6392,34.965,0,jog
25.3482,11918,0.4187,0.0797,-0.411,0.6177,34.679,0,jog
25.3503,11919,0.4181,0.0798,-0.4104,0.6324,34.611,0,jog
25.3523,11920,0.4175,0.0799,-0.4098,0.6362,34.478,0,jog
25.3544,11921,0.4169,0.0799,-0.4092,0.6413,34.349,0,jog
25.3564,11922,0.4163,0.0799,-0.4086,0.6427,34.161,0,jog
25.3586,11923,0.4156,0.0801,-0.4078,0.63,34.036,0,jog
25.3606,11924,0.4148,0.0803,-0.4069,0.6221,33.973,0,jog
25.3627,11925,0.4139,0.0805,-0.406,0.6228,33.845,0,jog
25.3648,11926,0.413,0.0807,-0.405,0.6256,33.647,0,jog
25.3669,11927,0.4115,0.0808,-0.4035,0.6214,33.512,0,jog
25.3689,11928,0.4105,0.0807,-0.4025,0.6394,33.375,0,jog
25.371,11929,0.4096,0.0806,-0.4016,0.6458,33.235,0,jog
25.373,11930,0.4086,0.0803,-0.4006,0.652,33.023,0,jog
25.3752,11931,0.4081,0.0802,-0.4001,0.6615,32.951,0,jog
25.3772,11932,0.4066,0.0798,-0.3987,0.6558,32.808,0,jog
25.3793,11933,0.4056,0.0794,-0.3978,0.6673,32.665,0,jog
25.3813,11934,0.4048,0.079,-0.397,0.6756,32.451,0,jog
25.3834,11935,0.404,0.0786,-0.3962,0.6777,32.307,0,jog
25.3855,11936,0.4031,0.0783,-0.3954,0.676,32.235,0,jog
25.3875,11937,0.4022,0.0779,-0.3946,0.6755,32.09,0,jog
25.3896,11938,0.4013,0.0776,-0.3937,0.6751,31.945,0,jog
25.3918,11939,0.4004,0.0772,-0.3929,0.6757,31.726,0,jog
25.3939,11940,0.3994,0.0769,-0.392,0.6746,31.58,0,jog
25.3959,11941,0.3979,0.0764,-0.3905,0.6698,31.433,0,jog
25.398,11942,0.3969,0.0761,-0.3896,0.6713,31.286,0,jog
25.4001,11943,0.396,0.0759,-0.3886,0.6688,31.14,0,jog
25.4021,11944,0.3949,0.0757,-0.3876,0.6687,30.921,0,jog
25.4042,11945,0.3938,0.0754,-0.3865,0.6679,30.775,0,jog
25.4063,11946,0.3926,0.0751,-0.3854,0.667,30.702,0,jog
25.4083,11947,0.3914,0.0749,-0.3842,0.6676,30.555,0,jog
25.4103,11948,0.3902,0.0746,-0.383,0.6674,30.409,0,jog
25.4125,11949,0.389,0.0743,-0.3818,0.6695,30.189,0,jog
25.4146,11950,0.3878,0.0741,-0.3806,0.6672,30.043,0,jog
25.4169,11951,0.3871,0.074,-0.38,0.6827,29.969,0,jog
25.4189,11952,0.3846,0.0734,-0.3776,0.644,29.749,0,jog
25.421,11953,0.3834,0.0732,-0.3764,0.6706,29.602,0,jog
25.423,11954,0.3822,0.0729,-0.3752,0.6716,29.383,0,jog
25.4252,11955,0.3816,0.0728,-0.3746,0.6866,29.31,0,jog
25.4272,11956,0.3798,0.0724,-0.3728,0.6601,29.092,0,jog
25.4293,11957,0.3786,0.0722,-0.3717,0.6737,29.019,0,jog
25.4313,11958,0.3774,0.0719,-0.3705,0.6738,28.875,0,jog
25.4334,11959,0.3762,0.0717,-0.3693,0.674,28.731,0,jog
25.4354,11960,0.375,0.0715,-0.3682,0.675,28.518,0,jog
25.4376,11961,0.3739,0.0712,-0.367,0.6768,28.376,0,jog
25.4396,11962,0.3727,0.071,-0.3658,0.6742,28.305,0,jog
25.4417,11963,0.3715,0.0708,-0.3646,0.676,28.164,0,jog
25.4438,11964,0.3703,0.0706,-0.3635,0.6748,28.025,0,jog
25.4459,11965,0.3696,0.0705,-0.3629,0.6926,27.955,0,jog
25.4479,11966,0.3672,0.0701,-0.3605,0.6445,27.612,0,jog
25.4501,11967,0.366,0.0699,-0.3593,0.6761,27.544,0,jog
25.4521,11968,0.3648,0.0697,-0.3581,0.6745,27.408,0,jog
25.4542,11969,0.3636,0.0695,-0.3569,0.6761,27.274,0,jog
25.4563,11970,0.3623,0.0693,-0.3556,0.6748,27.14,0,jog
25.4584,11971,0.3611,0.0691,-0.3544,0.6766,26.943,0,jog
25.4605,11972,0.3598,0.0689,-0.3532,0.675,26.813,0,jog
25.4627,11973,0.3586,0.0687,-0.352,0.678,26.748,0,jog
25.4647,11974,0.3573,0.0685,-0.3507,0.674,26.619,0,jog
25.4669,11975,0.3555,0.0682,-0.3489,0.6609,26.428,0,jog
25.469,11976,0.3542,0.068,-0.3476,0.6752,26.241,0,jog
25.4711,11977,0.3529,0.0678,-0.3464,0.6769,26.117,0,jog
25.4732,11978,0.3517,0.0676,-0.3451,0.6749,26.055,0,jog
25.4753,11979,0.351,0.0675,-0.3445,0.6978,25.994,0,jog
25.4773,11980,0.3491,0.0672,-0.3426,0.6556,25.811,0,jog
25.4794,11981,0.3478,0.067,-0.3413,0.6775,25.632,0,jog
25.4815,11982,0.3465,0.0668,-0.34,0.676,25.514,0,jog
25.4836,11983,0.3459,0.0667,-0.3394,0.6988,25.455,0,jog
25.4856,11984,0.344,0.0664,-0.3375,0.6559,25.338,0,jog
25.4878,11985,0.3427,0.0662,-0.3362,0.6786,25.222,0,jog
25.4898,11986,0.3413,0.066,-0.3349,0.6767,25.107,0,jog
25.492,11987,0.3394,0.0656,-0.333,0.6603,24.881,0,jog
25.494,11988,0.3381,0.0654,-0.3317,0.6775,24.769,0,jog
25.4961,11989,0.3367,0.0652,-0.3304,0.6782,24.713,0,jog
25.4982,11990,0.3354,0.0649,-0.3291,0.6777,24.602,0,jog
25.5003,11991,0.3341,0.0647,-0.3278,0.6788,24.492,0,jog
25.5023,11992,0.3328,0.0644,-0.3265,0.6787,24.33,0,jog
25.5044,11993,0.3314,0.0641,-0.3251,0.6809,24.222,0,jog
25.5065,11994,0.3301,0.0639,-0.3238,0.6791,24.169,0,jog
25.5086,11995,0.3287,0.0636,-0.3225,0.6806,24.062,0,jog
25.5106,11996,0.3274,0.0633,-0.3212,0.6798,23.956,0,jog
25.5128,11997,0.3267,0.0632,-0.3205,0.703,23.904,0,jog
25.5148,11998,0.3247,0.0627,-0.3185,0.6608,23.696,0,jog
25.5169,11999,0.3233,0.0624,-0.3172,0.6821,23.592,0,jog
25.5189,12000,0.3213,0.062,-0.3152,0.6614,23.489,0,jog
25.5211,12001,0.3199,0.0616,-0.3139,0.6841,23.386,0,jog
25.5231,12002,0.3185,0.0613,-0.3126,0.6817,23.283,0,jog
25.5253,12003,0.3178,0.0612,-0.3119,0.7056,23.181,0,jog
25.5274,12004,0.3158,0.0607,-0.3099,0.6625,23.029,0,jog
25.5295,12005,0.3144,0.0603,-0.3085,0.6846,22.978,0,jog
25.5316,12006,0.313,0.06,-0.3072,0.6823,22.877,0,jog
25.5337,12007,0.3116,0.0596,-0.3058,0.6852,22.776,0,jog
25.5358,12008,0.3102,0.0593,-0.3045,0.6829,22.625,0,jog
25.5379,12009,0.3081,0.0587,-0.3025,0.6648,22.474,0,jog
25.5399,12010,0.3067,0.0584,-0.3011,0.6824,22.424,0,jog
25.5421,12011,0.3054,0.058,-0.2998,0.6845,22.324,0,jog
25.5441,12012,0.304,0.0577,-0.2984,0.6823,22.224,0,jog
25.5463,12013,0.3026,0.0573,-0.2971,0.6854,22.074,0,jog
25.5483,12014,0.3012,0.057,-0.2957,0.6816,21.974,0,jog
25.5504,12015,0.2998,0.0566,-0.2944,0.6829,21.924,0,jog
25.5525,12016,0.2984,0.0563,-0.2931,0.6816,21.824,0,jog
25.5546,12017,0.297,0.0559,-0.2917,0.6825,21.724,0,jog
25.5566,12018,0.2956,0.0556,-0.2904,0.681,21.624,0,jog
25.5587,12019,0.2949,0.0554,-0.2897,0.7052,21.524,0,jog
25.5608,12020,0.2929,0.0549,-0.2877,0.6197,21.374,0,jog
25.563,12021,0.2915,0.0545,-0.2863,0.683,21.324,0,jog
25.565,12022,0.2894,0.054,-0.2843,0.6078,21.175,0,jog
25.5671,12023,0.7624,0.6125,-0.454,138.3396,61.783,0,jog
25.5691,12024,0.7608,0.612,-0.452,138.3563,61.983,0,jog
25.5712,12025,0.761,0.6153,-0.4477,2.911,59.644,0,jog
25.5733,12026,0.7599,0.615,-0.4464,1.2933,59.694,0,jog
25.5755,12027,0.746,0.6021,-0.4404,1.68,65.867,0,jog
25.5775,12028,0.7444,0.6016,-0.4384,2.659,66.013,0,jog
25.5797,12029,0.7326,0.591,-0.4328,4.2437,77.606,0,jog
25.5818,12030,0.7315,0.5907,-0.4315,2.59,77.752,0,jog
25.5839,12031,0.73,0.5902,-0.4295,1.6785,77.898,0,jog
25.5859,12032,0.7289,0.5899,-0.4282,1.0764,77.946,0,jog
25.5881,12033,0.7279,0.5896,-0.4268,1.0705,78.043,0,jog
25.5901,12034,0.7268,0.5893,-0.4255,1.0754,78.139,0,jog
25.5922,12035,0.8081,0.6403,-0.4931,20.0289,43.781,0,jog
25.5942,12036,0.8071,0.64,-0.4917,19.9967,43.687,0,jog
25.5964,12037,0.8102,0.6434,-0.4925,1.515,47.682,0,jog
25.5984,12038,0.8092,0.6431,-0.4912,0.4676,47.59,0,jog
25.6006,12039,0.8082,0.6428,-0.4899,1.3846,47.5,0,jog
25.6026,12040,0.8071,0.6424,-0.4886,1.0687,47.411,0,jog
25.6052,12041,0.8056,0.642,-0.4866,1.0816,47.237,0,jog
25.6087,12042,0.804,0.6415,-0.4847,1.0507,47.153,0,jog
25.6107,12043,0.803,0.6412,-0.4835,1.0585,47.069,0,jog
25.6128,12044,0.802,0.6408,-0.4822,1.0552,46.986,0,jog
25.6148,12045,0.8005,0.6404,-0.4803,1.0891,46.824,0,jog
25.6169,12046,0.7995,0.64,-0.4791,1.0448,46.744,0,jog
25.619,12047,0.7985,0.6397,-0.4779,1.044,46.704,0,jog
25.6211,12048,0.7975,0.6394,-0.4767,1.0394,46.625,0,jog
25.6232,12049,0.7965,0.639,-0.4755,1.0384,46.547,0,jog
25.6253,12050,0.7956,0.6387,-0.4744,1.0338,46.468,0,jog
25.6273,12051,0.7946,0.6383,-0.4732,1.0304,46.351,0,jog
25.6295,12052,0.7936,0.638,-0.4721,1.0197,46.272,0,jog
25.6316,12053,0.7927,0.6376,-0.471,1.0177,46.233,0,jog
25.6337,12054,0.7922,0.6374,-0.4704,0.9854,46.193,0,jog
25.6358,12055,0.791,0.637,-0.469,1.0483,46.076,0,jog
25.6378,12056,0.79,0.6366,-0.4677,1.0386,45.922,0,jog
25.6399,12057,0.7892,0.6364,-0.4668,1.0077,45.883,0,jog
25.6419,12058,0.7885,0.6362,-0.4659,1.006,45.806,0,jog
25.644,12059,0.7877,0.6358,-0.465,0.997,45.728,0,jog
25.6461,12060,0.7869,0.6355,-0.4641,0.9901,45.608,0,jog
25.6482,12061,0.7861,0.6352,-0.4632,0.9915,45.523,0,jog
25.6503,12062,0.7853,0.6348,-0.4623,0.9839,45.479,0,jog
25.6523,12063,0.7844,0.6344,-0.4614,0.9757,45.387,0,jog
25.6545,12064,0.7835,0.634,-0.4605,0.9712,45.293,0,jog
25.6565,12065,0.7827,0.6336,-0.4595,0.9712,45.145,0,jog
25.6587,12066,0.7822,0.6333,-0.4591,0.9485,45.094,0,jog
25.6608,12067,0.7808,0.6326,-0.4576,0.979,44.991,0,jog
25.663,12068,0.7798,0.6321,-0.4567,0.9517,44.886,0,jog
25.665,12069,0.7783,0.6312,-0.4553,0.9529,44.725,0,jog
25.6672,12070,0.7772,0.6306,-0.4543,0.9286,44.559,0,jog
25.6692,12071,0.7761,0.6297,-0.4536,0.8824,44.447,0,jog
25.6715,12072,0.7749,0.6286,-0.4532,0.8362,44.391,0,jog
25.6735,12073,0.7737,0.6274,-0.4528,0.7978,44.276,0,jog
25.6756,12074,0.7726,0.6261,-0.4525,0.7947,44.159,0,jog
25.6777,12075,0.7714,0.6249,-0.4522,0.793,43.985,0,jog
25.6797,12076,0.7702,0.6238,-0.4518,0.8002,43.928,0,jog
25.6818,12077,0.7691,0.6227,-0.4514,0.8062,43.814,0,jog
25.6839,12078,0.768,0.6217,-0.4509,0.8155,43.702,0,jog
25.686,12079,0.7663,0.6203,-0.4499,0.8049,43.478,0,jog
25.6881,12080,0.7652,0.6195,-0.4492,0.8298,43.366,0,jog
25.6901,12081,0.7642,0.6186,-0.4486,0.8269,43.252,0,jog
25.6923,12082,0.7631,0.6178,-0.448,0.8232,43.194,0,jog
25.6943,12083,0.7619,0.6168,-0.4473,0.8137,43.077,0,jog
25.6964,12084,0.7606,0.6157,-0.4465,0.8063,42.958,0,jog
25.6985,12085,0.7593,0.6146,-0.4458,0.7944,42.776,0,jog
25.7006,12086,0.7579,0.6135,-0.4451,0.7878,42.652,0,jog
25.7027,12087,0.7566,0.6124,-0.4443,0.7823,42.59,0,jog
25.7049,12088,0.7545,0.6106,-0.4432,0.7556,42.398,0,jog
25.7069,12089,0.7531,0.6094,-0.4425,0.7682,42.269,0,jog
25.709,12090,0.7524,0.6088,-0.4421,0.7905,42.203,0,jog
25.7111,12091,0.7503,0.607,-0.441,0.7331,41.934,0,jog
25.7132,12092,0.7496,0.6064,-0.4406,0.7787,41.866,0,jog
25.7152,12093,0.7475,0.6045,-0.4396,0.7243,41.728,0,jog
25.7174,12094,0.746,0.6033,-0.4388,0.7441,41.588,0,jog
25.7194,12095,0.7446,0.6021,-0.4381,0.735,41.375,0,jog
25.7215,12096,0.7432,0.6008,-0.4374,0.7313,41.23,0,jog
25.7236,12097,0.7418,0.5996,-0.4367,0.7259,41.157,0,jog
25.7257,12098,0.7411,0.599,-0.4364,0.7494,41.083,0,jog
25.7278,12099,0.7389,0.5971,-0.4354,0.6933,40.86,0,jog
25.7299,12100,0.7375,0.5958,-0.4347,0.7132,40.71,0,jog
25.7319,12101,0.7354,0.5939,-0.4337,0.6813,40.403,0,jog
25.7341,12102,0.734,0.5926,-0.433,0.7024,40.325,0,jog
25.7361,12103,0.7326,0.5914,-0.4324,0.6957,40.17,0,jog
25.7383,12104,0.7312,0.5901,-0.4317,0.6942,40.013,0,jog
25.7403,12105,0.7298,0.5888,-0.4311,0.6876,39.855,0,jog
25.7424,12106,0.7284,0.5876,-0.4304,0.6831,39.617,0,jog
25.7445,12107,0.727,0.5863,-0.4298,0.6782,39.457,0,jog
25.7466,12108,0.7256,0.5851,-0.4292,0.6776,39.377,0,jog
25.7486,12109,0.7242,0.5838,-0.4285,0.6724,39.217,0,jog
25.7508,12110,0.7228,0.5826,-0.4279,0.6706,39.057,0,jog
25.7528,12111,0.7208,0.5807,-0.427,0.645,38.735,0,jog
25.7549,12112,0.7194,0.5795,-0.4264,0.6597,38.574,0,jog
25.757,12113,0.7181,0.5782,-0.4258,0.6558,38.413,0,jog
25.7591,12114,0.7174,0.5776,-0.4255,0.6735,38.413,0,jog
25.7611,12115,0.7154,0.5758,-0.4246,0.6357,38.172,0,jog
25.7633,12116,0.714,0.5745,-0.424,0.6496,38.012,0,jog
25.7653,12117,0.7127,0.5733,-0.4234,0.6437,37.772,0,jog
25.7676,12118,0.7114,0.5721,-0.4228,0.6431,37.613,0,jog
25.7695,12119,0.71,0.5709,-0.4222,0.6384,37.534,0,jog
25.7716,12120,0.7087,0.5697,-0.4216,0.6382,37.375,0,jog
25.7737,12121,0.7074,0.5685,-0.421,0.6344,37.218,0,jog
25.7759,12122,0.7054,0.5667,-0.4201,0.6221,36.905,0,jog
25.7782,12123,0.7041,0.5655,-0.4196,0.6282,36.75,0,jog
25.78,12124,0.7028,0.5643,-0.419,0.6273,36.672,0,jog
25.7821,12125,0.7015,0.5631,-0.4184,0.6251,36.518,0,jog
25.7841,12126,0.7002,0.5619,-0.4178,0.6234,36.364,0,jog
25.7861,12127,0.6989,0.5607,-0.4173,0.6207,36.136,0,jog
25.7882,12128,0.6976,0.5595,-0.4167,0.6194,35.984,0,jog
25.7903,12129,0.6964,0.5584,-0.4161,0.6176,35.833,0,jog
25.7923,12130,0.6951,0.5572,-0.4155,0.6171,35.758,0,jog
25.7944,12131,0.6938,0.556,-0.4149,0.6153,35.608,0,jog
25.7965,12132,0.6925,0.5549,-0.4144,0.6146,35.459,0,jog
25.7985,12133,0.6913,0.5537,-0.4138,0.6121,35.237,0,jog
25.8006,12134,0.69,0.5526,-0.4132,0.6113,35.089,0,jog
25.8026,12135,0.6887,0.5514,-0.4126,0.61,34.942,0,jog
25.8047,12136,0.6875,0.5503,-0.412,0.6097,34.869,0,jog
25.8067,12137,0.6862,0.5492,-0.4114,0.6085,34.722,0,jog
25.8088,12138,0.6849,0.548,-0.4108,0.6078,34.576,0,jog
25.8108,12139,0.683,0.5463,-0.41,0.6027,34.287,0,jog
25.8129,12140,0.6818,0.5452,-0.4094,0.6053,34.142,0,jog
25.815,12141,0.6805,0.5441,-0.4088,0.6049,34.071,0,jog
25.817,12142,0.6793,0.543,-0.4082,0.6042,33.927,0,jog
25.819,12143,0.678,0.5419,-0.4076,0.6035,33.784,0,jog
25.8211,12144,0.6768,0.5407,-0.407,0.6031,33.642,0,jog
25.8232,12145,0.6755,0.5396,-0.4064,0.6022,33.43,0,jog
25.8253,12146,0.6743,0.5385,-0.4058,0.6019,33.29,0,jog
25.8273,12147,0.6731,0.5375,-0.4051,0.6016,33.22,0,jog
25.8294,12148,0.6718,0.5364,-0.4045,0.6012,33.08,0,jog
25.8314,12149,0.6706,0.5353,-0.4039,0.6009,32.941,0,jog
25.8335,12150,0.6694,0.5342,-0.4033,0.6007,32.802,0,jog
25.8355,12151,0.6681,0.5331,-0.4027,0.6003,32.595,0,jog
25.8377,12152,0.6669,0.532,-0.4021,0.6002,32.458,0,jog
25.8397,12153,0.6657,0.531,-0.4015,0.6001,32.39,0,jog
25.8418,12154,0.6645,0.5299,-0.4009,0.6,32.254,0,jog
25.8438,12155,0.6633,0.5289,-0.4003,0.6,32.118,0,jog
25.846,12156,0.6615,0.5273,-0.3994,0.6004,31.849,0,jog
25.848,12157,0.6603,0.5262,-0.3989,0.6002,31.715,0,jog
25.8502,12158,0.6591,0.5252,-0.3983,0.6002,31.649,0,jog
25.8523,12159,0.658,0.5242,-0.3977,0.6004,31.516,0,jog
25.8544,12160,0.6574,0.5237,-0.3974,0.6001,31.45,0,jog
25.8564,12161,0.6556,0.5221,-0.3965,0.6018,31.252,0,jog
25.8585,12162,0.6545,0.5211,-0.3959,0.6012,31.057,0,jog
25.8605,12163,0.6533,0.5201,-0.3953,0.6016,30.927,0,jog
25.8626,12164,0.6521,0.5191,-0.3948,0.6017,30.863,0,jog
25.8647,12165,0.651,0.5181,-0.3942,0.6021,30.734,0,jog
25.8669,12166,0.6499,0.5171,-0.3936,0.6025,30.606,0,jog
25.8689,12167,0.6487,0.5161,-0.393,0.6031,30.479,0,jog
25.871,12168,0.6476,0.5151,-0.3925,0.6037,30.29,0,jog
25.873,12169,0.6459,0.5136,-0.3916,0.6061,30.102,0,jog
25.8751,12170,0.6448,0.5127,-0.391,0.6048,30.04,0,jog
25.8772,12171,0.6437,0.5117,-0.3905,0.6055,29.915,0,jog
25.8794,12172,0.6425,0.5107,-0.3899,0.6059,29.792,0,jog
25.8815,12173,0.6414,0.5098,-0.3893,0.6071,29.607,0,jog
25.8835,12174,0.6403,0.5088,-0.3888,0.6078,29.485,0,jog
25.8856,12175,0.6392,0.5078,-0.3882,0.6082,29.424,0,jog
25.8876,12176,0.6381,0.5069,-0.3877,0.6089,29.302,0,jog
25.8897,12177,0.6371,0.5059,-0.3871,0.6097,29.18,0,jog
25.8917,12178,0.636,0.505,-0.3866,0.6105,29.058,0,jog
25.8938,12179,0.6349,0.5041,-0.386,0.6117,28.877,0,jog
25.8959,12180,0.6338,0.5031,-0.3855,0.6125,28.756,0,jog
25.8979,12181,0.6322,0.5017,-0.3846,0.615,28.636,0,jog
25.9,12182,0.6311,0.5008,-0.3841,0.6142,28.516,0,jog
25.902,12183,0.6301,0.4999,-0.3835,0.6155,28.336,0,jog
25.9042,12184,0.629,0.499,-0.383,0.6163,28.216,0,jog
25.9063,12185,0.628,0.4981,-0.3824,0.6168,28.157,0,jog
25.9083,12186,0.6269,0.4972,-0.3819,0.6177,28.037,0,jog
25.9104,12187,0.6258,0.4962,-0.3813,0.6186,27.919,0,jog
25.9125,12188,0.6253,0.4958,-0.3811,0.618,27.859,0,jog
25.9145,12189,0.6238,0.4945,-0.3802,0.6217,27.623,0,jog
25.9168,12190,0.6232,0.494,-0.38,0.6205,27.564,0,jog
25.9187,12191,0.6217,0.4927,-0.3791,0.6227,27.446,0,jog
25.9209,12192,0.6201,0.4913,-0.3783,0.6238,27.27,0,jog
25.9229,12193,0.6191,0.4905,-0.3777,0.6243,27.153,0,jog
25.925,12194,0.6185,0.49,-0.3774,0.6252,27.036,0,jog
25.927,12195,0.617,0.4887,-0.3766,0.6261,26.861,0,jog
25.9292,12196,0.6159,0.4879,-0.376,0.6261,26.802,0,jog
25.9313,12197,0.6149,0.487,-0.3754,0.6262,26.682,0,jog
25.9334,12198,0.6138,0.4861,-0.3748,0.6263,26.562,0,jog
25.9354,12199,0.6128,0.4854,-0.374,0.6215,26.382,0,jog
25.9375,12200,0.6118,0.4848,-0.3732,0.6156,26.267,0,jog
25.9396,12201,0.6109,0.4842,-0.3724,0.6124,26.211,0,jog
25.9417,12202,0.6099,0.4837,-0.3716,0.612,26.104,0,jog
25.9437,12203,0.609,0.4832,-0.3707,0.6119,25.954,0,jog
25.9458,12204,0.6081,0.4827,-0.3699,0.6138,25.859,0,jog
25.9479,12205,0.6072,0.4822,-0.3691,0.615,25.814,0,jog
25.95,12206,0.6063,0.4816,-0.3684,0.617,25.725,0,jog
25.952,12207,0.6049,0.4807,-0.3672,0.6126,25.556,0,jog
25.9541,12208,0.6044,0.4803,-0.3668,0.6291,25.515,0,jog
25.9561,12209,0.6028,0.4793,-0.3657,0.6151,25.432,0,jog
25.9584,12210,0.6023,0.4789,-0.3653,0.6316,25.39,0,jog
25.9605,12211,0.6007,0.4777,-0.3641,0.6187,25.264,0,jog
25.9625,12212,0.5996,0.4769,-0.3634,0.6277,25.136,0,jog
25.9646,12213,0.5984,0.4761,-0.3626,0.6289,25.093,0,jog
25.9668,12214,0.5968,0.4748,-0.3615,0.6266,24.961,0,jog
25.9689,12215,0.5957,0.474,-0.3608,0.6324,24.829,0,jog
25.971,12216,0.5945,0.4731,-0.3601,0.6331,24.739,0,jog
25.973,12217,0.5934,0.4722,-0.3593,0.6334,24.694,0,jog
25.9751,12218,0.5923,0.4714,-0.3586,0.634,24.606,0,jog
25.9771,12219,0.5912,0.4705,-0.3579,0.6343,24.519,0,jog
25.9794,12220,0.5901,0.4697,-0.3571,0.6363,24.381,0,jog
25.9815,12221,0.589,0.4689,-0.3564,0.635,24.284,0,jog
25.9835,12222,0.5885,0.4685,-0.356,0.6424,24.284,0,jog
25.9856,12223,0.5869,0.4674,-0.3549,0.6281,24.135,0,jog
25.9876,12224,0.5858,0.4666,-0.3542,0.6359,24.033,0,jog
25.9897,12225,0.5848,0.4658,-0.3535,0.6365,23.876,0,jog
25.992,12226,0.5837,0.4651,-0.3527,0.6382,23.769,0,jog
25.994,12227,0.5822,0.464,-0.3516,0.6272,23.661,0,jog
25.9961,12228,0.5811,0.4633,-0.3508,0.6356,23.551,0,jog
25.9982,12229,0.58,0.4625,-0.35,0.6351,23.384,0,jog
26.0005,12230,0.5789,0.4618,-0.3492,0.6371,23.273,0,jog
26.0025,12231,0.5778,0.461,-0.3483,0.6348,23.16,0,jog
26.0047,12232,0.5772,0.4606,-0.3479,0.6479,23.16,0,jog
26.0067,12233,0.5756,0.4595,-0.3466,0.6235,22.991,0,jog
26.0087,12234,0.5744,0.4587,-0.3457,0.6351,22.879,0,jog
26.0108,12235,0.5733,0.458,-0.3448,0.6362,22.711,0,jog
26.0129,12236,0.5722,0.4573,-0.3439,0.637,22.599,0,jog
26.0149,12237,0.5705,0.4562,-0.3426,0.6236,22.487,0,jog
26.017,12238,0.5699,0.4558,-0.3422,0.6519,22.432,0,jog
26.0191,12239,0.5683,0.4547,-0.3408,0.6236,22.266,0,jog
26.0212,12240,0.5677,0.4544,-0.3404,0.6537,22.156,0,jog
26.0232,12241,0.5661,0.4533,-0.339,0.6239,21.993,0,jog
26.0253,12242,0.565,0.4526,-0.3381,0.6376,21.939,0,jog
26.0273,12243,0.5639,0.4519,-0.3372,0.6374,21.832,0,jog
26.0293,12244,0.5628,0.4512,-0.3363,0.6369,21.725,0,jog
26.0314,12245,0.5617,0.4505,-0.3354,0.6385,21.567,0,jog
26.0335,12246,0.5606,0.4498,-0.3345,0.6389,21.463,0,jog
26.0355,12247,0.5595,0.4492,-0.3336,0.6381,21.411,0,jog
26.0378,12248,0.5584,0.4485,-0.3327,0.6408,21.308,0,jog
26.0398,12249,0.5568,0.4475,-0.3313,0.6226,21.156,0,jog
26.0419,12250,0.5557,0.4468,-0.3303,0.639,21.007,0,jog
26.0439,12251,0.5546,0.4462,-0.3294,0.6387,20.908,0,jog
26.046,12252,0.5535,0.4455,-0.3285,0.638,20.859,0,jog
26.048,12253,0.5524,0.4449,-0.3275,0.6383,20.762,0,jog
26.0501,12254,0.5514,0.4442,-0.3266,0.6384,20.665,0,jog
26.0522,12255,0.5503,0.4436,-0.3256,0.6384,20.57,0,jog
26.0542,12256,0.5492,0.443,-0.3247,0.6387,20.43,0,jog
26.0563,12257,0.5481,0.4423,-0.3237,0.6387,20.337,0,jog
26.0583,12258,0.5471,0.4417,-0.3228,0.6383,20.291,0,jog
26.0604,12259,0.546,0.4411,-0.3218,0.6383,20.199,0,jog
26.0625,12260,0.5449,0.4405,-0.3208,0.6401,20.109,0,jog
26.0646,12261,0.5439,0.4399,-0.3199,0.6393,19.976,0,jog
26.0668,12262,0.5428,0.4392,-0.3189,0.6397,19.888,0,jog
26.0688,12263,0.5418,0.4386,-0.318,0.6384,19.844,0,jog
26.0709,12264,0.5407,0.438,-0.317,0.6386,19.758,0,jog
26.0729,12265,0.5391,0.4371,-0.3155,0.6206,19.63,0,jog
26.0753,12266,0.538,0.4365,-0.3146,0.6443,19.504,0,jog
26.0773,12267,0.537,0.4359,-0.3136,0.6384,19.421,0,jog
26.0794,12268,0.5359,0.4353,-0.3126,0.64,19.338,0,jog
26.0815,12269,0.5349,0.4347,-0.3117,0.6388,19.297,0,jog
26.0836,12270,0.5338,0.4341,-0.3107,0.6398,19.216,0,jog
26.0857,12271,0.5328,0.4335,-0.3097,0.6382,19.136,0,jog
26.0878,12272,0.5317,0.4329,-0.3088,0.6394,19.017,0,jog
26.0898,12273,0.5307,0.4323,-0.3078,0.6387,18.938,0,jog
26.0919,12274,0.5296,0.4317,-0.3068,0.6406,18.899,0,jog
26.094,12275,0.528,0.4308,-0.3054,0.6203,18.783,0,jog
26.0961,12276,0.5275,0.4305,-0.3049,0.6627,18.745,0,jog
26.0981,12277,0.5259,0.4295,-0.3034,0.6211,18.593,0,jog
26.1003,12278,0.5249,0.4289,-0.3025,0.6416,18.518,0,jog
26.1023,12279,0.5238,0.4283,-0.3015,0.6389,18.48,0,jog
26.1045,12280,0.5228,0.4277,-0.3006,0.6422,18.406,0,jog
26.1066,12281,0.5217,0.4271,-0.2996,0.639,18.332,0,jog
26.1087,12282,0.5206,0.4265,-0.2986,0.6407,18.259,0,jog
26.1107,12283,0.5196,0.4258,-0.2977,0.6398,18.15,0,jog
26.1129,12284,0.5185,0.4252,-0.2967,0.6421,18.078,0,jog
26.1149,12285,0.5169,0.4243,-0.2953,0.6209,18.006,0,jog
26.117,12286,0.5159,0.4237,-0.2943,0.6417,17.935,0,jog
26.1191,12287,0.5148,0.423,-0.2934,0.6399,17.864,0,jog
26.1212,12288,0.5137,0.4224,-0.2924,0.6413,17.759,0,jog
26.1233,12289,0.5127,0.4218,-0.2915,0.6404,17.689,0,jog
26.1253,12290,0.5116,0.4211,-0.2905,0.6402,17.654,0,jog
26.1273,12291,0.5106,0.4205,-0.2896,0.6392,17.585,0,jog
26.1294,12292,0.51,0.4202,-0.2891,0.6634,17.55,0,jog
26.1315,12293,0.5084,0.4192,-0.2877,0.6218,17.412,0,jog
26.1336,12294,0.5074,0.4186,-0.2867,0.6413,17.343,0,jog
26.1356,12295,0.5063,0.4179,-0.2858,0.6395,17.308,0,jog
26.1379,12296,0.5053,0.4173,-0.2849,0.6436,17.24,0,jog
26.1399,12297,0.5037,0.4164,-0.2834,0.6206,17.137,0,jog
26.142,12298,0.5032,0.4161,-0.283,0.6629,17.103,0,jog
26.1441,12299,0.5016,0.4151,-0.2815,0.6208,16.967,0,jog
26.1461,12300,0.5011,0.4148,-0.2811,0.663,16.933,0,jog
26.1482,12301,0.4995,0.4139,-0.2797,0.6199,16.865,0,jog
26.1502,12302,0.4985,0.4133,-0.2787,0.6381,16.797,0,jog
26.1523,12303,0.4974,0.4127,-0.2778,0.6377,16.729,0,jog
26.1544,12304,0.4964,0.4121,-0.2768,0.6387,16.626,0,jog
26.1564,12305,0.4954,0.4115,-0.2759,0.6371,16.558,0,jog
26.1586,12306,0.4949,0.4112,-0.2754,0.6616,16.558,0,jog
26.1606,12307,0.4933,0.4103,-0.2739,0.6175,16.457,0,jog
26.1626,12308,0.4923,0.4097,-0.273,0.636,16.389,0,jog
26.1647,12309,0.4913,0.4091,-0.272,0.6359,16.286,0,jog
26.1668,12310,0.4903,0.4085,-0.2711,0.6354,16.218,0,jog
26.1688,12311,0.4893,0.408,-0.2701,0.6346,16.149,0,jog
26.1709,12312,0.4883,0.4074,-0.2691,0.6342,16.115,0,jog
26.1729,12313,0.4868,0.4066,-0.2677,0.6151,16.014,0,jog
26.175,12314,0.4863,0.4063,-0.2672,0.6576,15.98,0,jog
26.1771,12315,0.4848,0.4055,-0.2657,0.6145,15.844,0,jog
26.1792,12316,0.4843,0.4052,-0.2652,0.658,15.81,0,jog
26.1812,12317,0.4828,0.4044,-0.2638,0.6132,15.742,0,jog
26.1833,12318,0.4823,0.4042,-0.2633,0.6563,15.709,0,jog
26.1853,12319,0.4809,0.4034,-0.2618,0.6112,15.609,0,jog
26.1875,12320,0.4804,0.4031,-0.2613,0.6564,15.575,0,jog
26.1895,12321,0.479,0.4024,-0.2598,0.6116,15.443,0,jog
26.1917,12322,0.478,0.4019,-0.2588,0.6301,15.378,0,jog
26.1937,12323,0.4771,0.4014,-0.2578,0.628,15.346,0,jog
26.1958,12324,0.4756,0.4007,-0.2563,0.6111,15.249,0,jog
26.1979,12325,0.4747,0.4002,-0.2553,0.6267,15.186,0,jog
26.2,12326,0.4738,0.3997,-0.2543,0.6273,15.092,0,jog
26.2021,12327,0.4729,0.3993,-0.2533,0.626,15.031,0,jog
26.2044,12328,0.4719,0.3988,-0.2523,0.6309,15.0,0,jog
26.2065,12329,0.471,0.3984,-0.2513,0.6247,14.94,0,jog
26.2085,12330,0.4701,0.398,-0.2503,0.6245,14.88,0,jog
26.2106,12331,0.4692,0.3975,-0.2493,0.6237,14.79,0,jog
26.2127,12332,0.4684,0.3971,-0.2483,0.6255,14.732,0,jog
26.2148,12333,0.4675,0.3967,-0.2473,0.6226,14.703,0,jog
26.2169,12334,0.4666,0.3963,-0.2463,0.6222,14.645,0,jog
26.2189,12335,0.4653,0.3957,-0.2448,0.6059,14.56,0,jog
26.2211,12336,0.4644,0.3953,-0.2438,0.6236,14.477,0,jog
26.2231,12337,0.4636,0.3949,-0.2428,0.6206,14.422,0,jog
26.2252,12338,0.4631,0.3947,-0.2423,0.6451,14.394,0,jog
26.2272,12339,0.4619,0.3942,-0.2408,0.6048,14.341,0,jog
26.2293,12340,0.4615,0.394,-0.2403,0.6442,14.316,0,jog
26.2313,12341,0.4602,0.3934,-0.2388,0.6049,14.244,0,jog
26.2334,12342,0.4593,0.3929,-0.2379,0.6239,14.177,0,jog
26.2354,12343,0.4584,0.3924,-0.237,0.628,14.155,0,jog
26.2376,12344,0.4575,0.3918,-0.2362,0.6312,14.111,0,jog
26.2396,12345,0.4565,0.3911,-0.2353,0.6311,14.067,0,jog
26.2417,12346,0.4555,0.3905,-0.2345,0.6328,13.998,0,jog
26.2438,12347,0.4545,0.3899,-0.2337,0.634,13.951,0,jog
26.2458,12348,0.4532,0.3889,-0.2326,0.6226,13.898,0,jog
26.2479,12349,0.4522,0.3882,-0.2319,0.6363,13.841,0,jog
26.25,12350,0.4513,0.3876,-0.2311,0.6362,13.78,0,jog
26.252,12351,0.4503,0.387,-0.2304,0.6345,13.686,0,jog
26.2542,12352,0.4494,0.3863,-0.2296,0.6348,13.654,0,jog
26.2563,12353,0.4484,0.3856,-0.2288,0.6317,13.589,0,jog
26.2584,12354,0.4479,0.3853,-0.2283,0.6499,13.557,0,jog
26.2604,12355,0.4464,0.3843,-0.2271,0.6159,13.427,0,jog
26.2626,12356,0.4454,0.3837,-0.2263,0.6316,13.395,0,jog
26.2646,12357,0.4444,0.383,-0.2254,0.63,13.331,0,jog
26.2667,12358,0.4433,0.3823,-0.2246,0.6308,13.268,0,jog
26.2688,12359,0.4423,0.3815,-0.2237,0.6297,13.175,0,jog
26.2709,12360,0.4407,0.3805,-0.2224,0.616,13.114,0,jog
26.2729,12361,0.4397,0.3797,-0.2216,0.6298,13.054,0,jog
26.275,12362,0.4386,0.379,-0.2207,0.63,12.995,0,jog
26.2771,12363,0.4376,0.3783,-0.2199,0.6318,12.91,0,jog
26.2792,12364,0.4366,0.3776,-0.2192,0.6358,12.856,0,jog
26.2813,12365,0.4356,0.3769,-0.2184,0.6336,12.831,0,jog
26.2836,12366,0.4346,0.3762,-0.2176,0.6374,12.782,0,jog
26.2857,12367,0.4336,0.3755,-0.2169,0.6333,12.736,0,jog
26.2878,12368,0.4322,0.3745,-0.2158,0.6225,12.65,0,jog
26.2899,12369,0.4312,0.3738,-0.2151,0.635,12.629,0,jog
26.292,12370,0.4303,0.3731,-0.2144,0.6361,12.589,0,jog
26.294,12371,0.4294,0.3725,-0.2137,0.6367,12.549,0,jog
26.2961,12372,0.429,0.3721,-0.2134,0.6525,12.529,0,jog
26.2981,12373,0.4276,0.3711,-0.2124,0.6264,12.451,0,jog
26.3003,12374,0.4267,0.3704,-0.2118,0.6397,12.432,0,jog
26.3023,12375,0.4258,0.3697,-0.2111,0.6385,12.393,0,jog
26.3045,12376,0.4248,0.369,-0.2105,0.6402,12.353,0,jog
26.3065,12377,0.4239,0.3683,-0.2098,0.6389,12.292,0,jog
26.3087,12378,0.4229,0.3675,-0.2092,0.6403,12.251,0,jog
26.3107,12379,0.4219,0.3668,-0.2086,0.6394,12.231,0,jog
26.3128,12380,0.421,0.366,-0.2079,0.6398,12.189,0,jog
26.3148,12381,0.4195,0.3649,-0.207,0.6283,12.126,0,jog
26.317,12382,0.4186,0.3642,-0.2064,0.641,12.062,0,jog
26.319,12383,0.4176,0.3634,-0.2057,0.6404,12.019,0,jog
26.3211,12384,0.4166,0.3626,-0.2051,0.6415,11.998,0,jog
26.3232,12385,0.4157,0.3619,-0.2045,0.6407,11.955,0,jog
26.3253,12386,0.4147,0.3611,-0.2039,0.6418,11.911,0,jog
26.3273,12387,0.4138,0.3604,-0.2033,0.6411,11.868,0,jog
26.3294,12388,0.4128,0.3596,-0.2027,0.6421,11.802,0,jog
26.3315,12389,0.4119,0.3588,-0.2021,0.6419,11.758,0,jog
26.3336,12390,0.4114,0.3585,-0.2018,0.6544,11.736,0,jog
26.3356,12391,0.41,0.3573,-0.201,0.6315,11.693,0,jog
26.3379,12392,0.409,0.3566,-0.2004,0.6445,11.649,0,jog
26.3399,12393,0.4076,0.3554,-0.1995,0.6323,11.561,0,jog
26.342,12394,0.4066,0.3546,-0.199,0.644,11.518,0,jog
26.3441,12395,0.4057,0.3539,-0.1984,0.6433,11.474,0,jog
26.3462,12396,0.4052,0.3535,-0.1981,0.655,11.474,0,jog
26.3482,12397,0.4038,0.3523,-0.1973,0.6334,11.41,0,jog
26.3503,12398,0.4029,0.3516,-0.1967,0.644,11.367,0,jog
26.3523,12399,0.4019,0.3508,-0.1962,0.6442,11.302,0,jog
26.3544,12400,0.401,0.35,-0.1956,0.6445,11.26,0,jog
26.3564,12401,0.4001,0.3493,-0.1951,0.6444,11.239,0,jog
26.3586,12402,0.3991,0.3485,-0.1946,0.6459,11.197,0,jog
26.3607,12403,0.3982,0.3477,-0.194,0.6448,11.155,0,jog
26.3628,12404,0.3973,0.347,-0.1935,0.6455,11.113,0,jog
26.3648,12405,0.3959,0.3458,-0.1927,0.6359,11.03,0,jog
26.367,12406,0.3949,0.345,-0.1922,0.6463,11.009,0,jog
26.369,12407,0.394,0.3443,-0.1916,0.6454,10.968,0,jog
26.3711,12408,0.3931,0.3435,-0.1911,0.6463,10.927,0,jog
26.3732,12409,0.3921,0.3427,-0.1906,0.6458,10.886,0,jog
26.3752,12410,0.3912,0.3419,-0.1901,0.6462,10.826,0,jog
26.3773,12411,0.3903,0.3411,-0.1896,0.6463,10.786,0,jog
26.3794,12412,0.3894,0.3404,-0.1891,0.6468,10.766,0,jog
26.3815,12413,0.3884,0.3396,-0.1886,0.6461,10.726,0,jog
26.3836,12414,0.3875,0.3388,-0.188,0.6469,10.687,0,jog
26.3856,12415,0.3866,0.338,-0.1875,0.6462,10.648,0,jog
26.3878,12416,0.3856,0.3372,-0.187,0.6473,10.589,0,jog
26.3898,12417,0.3847,0.3364,-0.1865,0.6465,10.55,0,jog
26.3919,12418,0.3833,0.3353,-0.1858,0.6381,10.512,0,jog
26.394,12419,0.3823,0.3345,-0.1852,0.6463,10.474,0,jog
26.396,12420,0.3819,0.3341,-0.185,0.6565,10.455,0,jog
26.3981,12421,0.3805,0.3329,-0.1842,0.6374,10.379,0,jog
26.4002,12422,0.3795,0.3321,-0.1837,0.647,10.342,0,jog
26.4023,12423,0.3786,0.3313,-0.1832,0.6463,10.323,0,jog
26.4044,12424,0.3776,0.3305,-0.1827,0.6469,10.286,0,jog
26.4064,12425,0.3767,0.3297,-0.1822,0.6461,10.249,0,jog
26.4085,12426,0.3757,0.3288,-0.1817,0.6466,10.212,0,jog
26.4106,12427,0.3747,0.328,-0.1812,0.646,10.158,0,jog
26.4126,12428,0.3738,0.3272,-0.1807,0.6461,10.122,0,jog
26.4147,12429,0.3728,0.3264,-0.1802,0.6459,10.085,0,jog
26.4168,12430,0.3719,0.3256,-0.1796,0.6459,10.067,0,jog
26.4188,12431,0.3704,0.3244,-0.1789,0.6363,10.014,0,jog
26.4209,12432,0.3699,0.324,-0.1786,0.6555,9.996,0,jog
26.4229,12433,0.3685,0.3227,-0.1778,0.6359,9.924,0,jog
26.425,12434,0.368,0.3223,-0.1776,0.6556,9.906,0,jog
26.4271,12435,0.3665,0.3211,-0.1768,0.6357,9.87,0,jog
26.4292,12436,0.3655,0.3202,-0.1763,0.6456,9.834,0,jog
26.4313,12437,0.3646,0.3194,-0.1758,0.6445,9.799,0,jog
26.4335,12438,0.3636,0.3186,-0.1752,0.6463,9.745,0,jog
26.4356,12439,0.3626,0.3177,-0.1747,0.6443,9.709,0,jog
26.4377,12440,0.3616,0.3169,-0.1742,0.6449,9.692,0,jog
26.4398,12441,0.3606,0.316,-0.1737,0.6439,9.656,0,jog
26.4419,12442,0.3591,0.3148,-0.1729,0.6348,9.602,0,jog
26.4439,12443,0.3581,0.3139,-0.1723,0.6435,9.549,0,jog
26.446,12444,0.8955,0.8881,-0.1144,137.4785,126.342,0,jog
26.4481,12445,0.8941,0.8869,-0.1136,137.4873,126.288,0,jog
26.4502,12446,0.8954,0.8885,-0.111,1.9953,125.76,0,jog
26.4522,12447,0.8945,0.8876,-0.1104,0.3845,125.724,0,jog
26.4544,12448,0.8968,0.8901,-0.1094,2.3518,125.659,0,jog
26.4564,12449,0.8959,0.8892,-0.1089,0.1559,125.606,0,jog
26.4585,12450,0.8981,0.8916,-0.1081,1.1707,125.538,0,jog
26.4606,12451,0.8972,0.8907,-0.1075,0.1713,125.502,0,jog
26.4627,12452,0.8994,0.893,-0.1066,0.9261,125.425,0,jog
26.4648,12453,0.8984,0.8922,-0.1061,0.17,125.389,0,jog
26.4669,12454,0.9007,0.8945,-0.1051,0.3556,125.282,0,jog
26.4689,12455,0.8993,0.8932,-0.1043,0.2055,125.207,0,jog
26.4711,12456,0.9019,0.896,-0.1036,0.0709,125.11,0,jog
26.4731,12457,0.9005,0.8946,-0.1028,0.2137,125.071,0,jog
26.4752,12458,0.9029,0.8971,-0.1018,0.4148,125.003,0,jog
26.4774,12459,0.9019,0.8962,-0.1013,0.1604,124.963,0,jog
26.4793,12460,0.9043,0.8987,-0.1003,0.3147,124.874,0,jog
26.4814,12461,0.9033,0.8978,-0.0998,0.1578,124.812,0,jog
26.4835,12462,0.9056,0.9002,-0.0988,0.3013,124.749,0,jog
26.4855,12463,0.9046,0.8993,-0.0983,0.1582,124.727,0,jog
26.4879,12464,0.9075,0.9023,-0.0976,0.1756,124.704,0,jog
26.4898,12465,0.906,0.9008,-0.0968,0.1918,124.635,0,jog
26.492,12466,0.9079,0.9029,-0.0955,0.6576,124.521,0,jog
26.494,12467,0.9069,0.9019,-0.095,0.1473,124.471,0,jog
26.4961,12468,0.9098,0.9049,-0.0943,0.2342,124.417,0,jog
26.4981,12469,0.9082,0.9033,-0.0935,0.1761,124.339,0,jog
26.5002,12470,0.9109,0.9062,-0.0928,0.3246,124.252,0,jog
26.5022,12471,0.9092,0.9046,-0.0921,0.1727,124.14,0,jog
26.5043,12472,0.9123,0.9077,-0.0914,0.2304,124.096,0,jog
26.5063,12473,0.9105,0.906,-0.0908,0.1796,124.007,0,jog
26.5085,12474,0.9128,0.9084,-0.0898,0.6789,123.961,0,jog
26.5105,12475,0.9116,0.9072,-0.0894,0.1397,123.898,0,jog
26.5126,12476,0.9138,0.9095,-0.0885,0.5104,123.787,0,jog
26.5147,12477,0.9125,0.9082,-0.0881,0.1286,123.687,0,jog
26.5168,12478,0.9148,0.9106,-0.0872,0.1727,123.586,0,jog
26.5189,12479,0.9127,0.9086,-0.0867,0.1541,123.516,0,jog
26.521,12480,0.9157,0.9116,-0.086,0.3627,123.455,0,jog
26.523,12481,0.9135,0.9095,-0.0855,0.1486,123.344,0,jog
26.5252,12482,0.9162,0.9123,-0.0848,0.0911,123.171,0,jog
26.5272,12483,0.914,0.9101,-0.0844,0.1328,123.093,0,jog
26.5296,12484,0.9165,0.9126,-0.0835,0.3428,123.008,0,jog
26.5316,12485,0.915,0.9112,-0.0832,0.1639,122.932,0,jog
26.5338,12486,0.9173,0.9136,-0.0823,0.1379,122.794,0,jog
26.5359,12487,0.9153,0.9116,-0.082,0.1369,122.646,0,jog
26.5381,12488,0.9184,0.9148,-0.0813,0.3614,122.566,0,jog
26.5401,12489,0.9165,0.9129,-0.081,0.1395,122.492,0,jog
26.5423,12490,0.9189,0.9154,-0.0801,0.9074,122.316,0,jog
26.5442,12491,0.9177,0.9142,-0.0799,0.1123,122.203,0,jog
26.5463,12492,0.9206,0.9172,-0.079,0.2098,122.089,0,jog
26.5483,12493,0.9196,0.9162,-0.0787,0.194,122.051,0,jog
26.5504,12494,0.9223,0.919,-0.0777,0.4531,121.885,0,jog
26.5525,12495,0.9213,0.9181,-0.0775,0.1415,121.804,0,jog
26.5546,12496,0.9243,0.9211,-0.0766,0.1788,121.621,0,jog
26.5567,12497,0.9233,0.9201,-0.0765,0.1802,121.536,0,jog
26.5588,12498,0.9261,0.923,-0.0756,0.7493,121.387,0,jog
26.5608,12499,0.925,0.9219,-0.0755,0.1603,121.299,0,jog
26.5629,12500,0.9279,0.9249,-0.0747,0.3105,121.151,0,jog
26.5649,12501,0.9261,0.9231,-0.0747,0.2058,120.964,0,jog
26.5671,12502,0.9289,0.926,-0.0739,0.8929,120.835,0,jog
26.5691,12503,0.9277,0.9247,-0.0741,0.2011,120.736,0,jog
26.5712,12504,0.9311,0.9282,-0.0733,0.3821,120.631,0,jog
26.5732,12505,0.9292,0.9263,-0.0736,0.2289,120.424,0,jog
26.5754,12506,0.932,0.9291,-0.073,0.3741,120.247,0,jog
26.5773,12507,0.9307,0.9278,-0.0733,0.2387,120.192,0,jog
26.5795,12508,0.9333,0.9305,-0.0727,1.1167,119.967,0,jog
26.5815,12509,0.9322,0.9294,-0.0731,0.196,119.855,0,jog
26.5836,12510,0.9352,0.9323,-0.0725,0.3316,119.592,0,jog
26.5857,12511,0.934,0.9311,-0.0728,0.2596,119.473,0,jog
26.5878,12512,0.9367,0.9339,-0.0722,0.4672,119.287,0,jog
26.5898,12513,0.9356,0.9327,-0.0725,0.2279,119.164,0,jog
26.592,12514,0.9376,0.9349,-0.0719,0.4591,118.866,0,jog
26.594,12515,0.9365,0.9337,-0.0721,0.2186,118.671,0,jog
26.5961,12516,0.9394,0.9367,-0.0714,0.2413,118.45,0,jog
26.5982,12517,0.9383,0.9356,-0.0716,0.2597,118.382,0,jog
26.6003,12518,0.9414,0.9387,-0.071,0.4372,118.193,0,jog
26.6023,12519,0.9403,0.9376,-0.0712,0.3213,118.054,0,jog
26.6044,12520,0.9438,0.9412,-0.0704,0.6925,117.932,0,jog
26.6065,12521,0.9422,0.9395,-0.0708,0.321,117.644,0,jog
26.6086,12522,0.9451,0.9425,-0.07,0.9155,117.481,0,jog
26.6106,12523,0.944,0.9414,-0.0703,0.2927,117.406,0,jog
26.6128,12524,0.9471,0.9445,-0.0696,0.507,117.265,0,jog
26.6148,12525,0.946,0.9434,-0.0699,0.3336,117.112,0,jog
26.617,12526,0.9486,0.946,-0.0695,0.9933,116.795,0,jog
26.619,12527,0.9475,0.9449,-0.0698,0.3549,116.637,0,jog
26.6212,12528,0.9505,0.948,-0.0691,0.787,116.583,0,jog
26.6233,12529,0.9495,0.9469,-0.0694,0.3463,116.422,0,jog
26.6254,12530,0.9529,0.9504,-0.0684,1.3466,116.414,0,jog
26.6274,12531,0.9513,0.9488,-0.0689,0.3517,116.086,0,jog
26.6295,12532,0.9544,0.9519,-0.0683,1.306,115.96,0,jog
26.6315,12533,0.9533,0.9508,-0.0686,0.375,115.876,0,jog
26.6337,12534,0.9562,0.9538,-0.0676,2.0533,115.693,0,jog
26.6358,12535,0.9552,0.9527,-0.0679,0.3566,115.523,0,jog
26.6379,12536,0.9575,0.9551,-0.0674,2.4432,115.265,0,jog
26.6399,12537,0.9564,0.954,-0.0677,0.3543,115.091,0,jog
26.642,12538,0.9592,0.9568,-0.067,0.1846,115.105,0,jog
26.6441,12539,0.9581,0.9558,-0.0674,0.3535,114.928,0,jog
26.6462,12540,0.9607,0.9584,-0.0665,1.1628,114.876,0,jog
26.6482,12541,0.9597,0.9574,-0.0669,0.3409,114.698,0,jog
26.6504,12542,0.9637,0.9614,-0.0665,1.7174,114.779,0,jog
26.6524,12543,0.9621,0.9598,-0.067,0.5342,114.507,0,jog
26.6545,12544,0.9649,0.9626,-0.0664,2.5285,114.569,0,jog
26.6566,12545,0.9639,0.9615,-0.0668,0.3971,114.386,0,jog
26.6588,12546,0.9665,0.9643,-0.0658,1.8518,114.29,0,jog
26.6608,12547,0.9655,0.9632,-0.0662,0.4005,114.014,0,jog
26.6629,12548,0.9676,0.9653,-0.0655,1.2287,113.872,0,jog
26.665,12549,0.9665,0.9643,-0.0659,0.403,113.779,0,jog
26.6671,12550,0.9691,0.9669,-0.065,0.3941,113.737,0,jog
26.6691,12551,0.968,0.9658,-0.0654,0.4086,113.551,0,jog
26.6713,12552,0.9705,0.9683,-0.0646,0.1976,113.424,0,jog
26.6733,12553,0.9694,0.9672,-0.065,0.4137,113.237,0,jog
26.6755,12554,0.9718,0.9696,-0.0642,0.4956,113.207,0,jog
26.6776,12555,0.9707,0.9685,-0.0645,0.4088,113.114,0,jog
26.6797,12556,0.9729,0.9708,-0.0638,0.2506,113.086,0,jog
26.6818,12557,0.9718,0.9697,-0.0641,0.4117,112.899,0,jog
26.6839,12558,0.9743,0.9722,-0.0633,0.1821,112.775,0,jog
26.686,12559,0.9726,0.9705,-0.0638,0.4894,112.493,0,jog
26.6881,12560,0.9748,0.9728,-0.0631,0.7165,112.552,0,jog
26.6901,12561,0.9737,0.9716,-0.0634,0.4494,112.365,0,jog
26.6922,12562,0.9759,0.9738,-0.0627,0.7074,112.318,0,jog
26.6943,12563,0.9747,0.9727,-0.0631,0.4553,112.036,0,jog
26.6964,12564,0.9769,0.9749,-0.0623,0.2358,111.981,0,jog
26.6985,12565,0.9757,0.9737,-0.0627,0.4775,111.794,0,jog
26.7006,12566,0.9778,0.9758,-0.0619,0.1518,111.823,0,jog
26.7027,12567,0.9766,0.9746,-0.0623,0.4762,111.635,0,jog
26.7048,12568,0.9787,0.9767,-0.0616,0.5551,111.549,0,jog
26.7068,12569,0.9769,0.9749,-0.0621,0.5301,111.174,0,jog
26.7089,12570,0.9788,0.9769,-0.0614,0.3713,111.108,0,jog
26.711,12571,0.9776,0.9756,-0.0617,0.5041,111.015,0,jog
26.7131,12572,0.9794,0.9775,-0.061,0.3056,110.938,0,jog
26.7151,12573,0.9781,0.9762,-0.0614,0.5003,110.751,0,jog
26.7172,12574,0.9807,0.9788,-0.0605,0.7947,110.749,0,jog
26.7193,12575,0.9787,0.9768,-0.0611,0.5591,110.375,0,jog
26.7214,12576,0.9805,0.9786,-0.0604,0.4821,110.284,0,jog
26.7234,12577,0.9791,0.9773,-0.0607,0.5263,110.191,0,jog
26.7255,12578,0.9809,0.9791,-0.06,0.3918,110.065,0,jog
26.7276,12579,0.9796,0.9777,-0.0604,0.5436,109.879,0,jog
26.7297,12580,0.9813,0.9795,-0.0597,0.571,109.671,0,walk
26.7318,12581,0.9799,0.9781,-0.06,0.5067,109.484,0,walk
26.7339,12582,0.9809,0.9791,-0.0596,0.5624,109.34,0,walk
26.736,12583,0.9795,0.9777,-0.0599,0.5102,109.154,0,walk
26.738,12584,0.9817,0.9799,-0.0591,0.0955,109.112,0,walk
26.7401,12585,0.9796,0.9778,-0.0595,0.5266,108.833,0,walk
26.7422,12586,0.9814,0.9796,-0.0589,0.7654,108.592,0,walk
26.7442,12587,0.9799,0.9781,-0.0592,0.5298,108.406,0,walk
26.7463,12588,0.9814,0.9797,-0.0586,0.7012,108.342,0,walk
26.7484,12589,0.9799,0.9782,-0.0589,0.5067,108.157,0,walk
26.7505,12590,0.9814,0.9797,-0.0582,0.1096,108.001,0,walk
26.7525,12591,0.98,0.9782,-0.0584,0.5261,107.722,0,walk
26.7547,12592,0.9814,0.9797,-0.0578,0.6196,107.553,0,walk
26.7567,12593,0.9799,0.9782,-0.058,0.5243,107.46,0,walk
26.7588,12594,0.9814,0.9797,-0.0573,0.476,107.283,0,walk
26.7608,12595,0.9791,0.9774,-0.0576,0.5464,107.004,0,walk
26.7629,12596,0.9804,0.9788,-0.057,0.421,106.735,0,walk
26.765,12597,0.9789,0.9772,-0.0572,0.535,106.549,0,walk
26.7671,12598,0.9804,0.9787,-0.0566,0.7905,106.448,0,walk
26.7692,12599,0.9789,0.9772,-0.0568,0.5401,106.263,0,walk
26.7713,12600,0.9804,0.9788,-0.0562,0.3186,106.071,0,walk
26.7733,12601,0.9789,0.9773,-0.0565,0.5623,105.792,0,walk
26.7754,12602,0.9803,0.9787,-0.0559,0.6469,105.626,0,walk
26.7774,12603,0.9788,0.9772,-0.0561,0.5594,105.439,0,walk
26.7795,12604,0.9802,0.9786,-0.0556,0.9363,105.354,0,walk
26.7815,12605,0.9786,0.9771,-0.0558,0.5532,105.167,0,walk
26.7836,12606,0.9801,0.9785,-0.0553,0.2005,104.992,0,walk
26.7856,12607,0.9785,0.9769,-0.0555,0.5723,104.711,0,walk
26.7877,12608,0.9799,0.9783,-0.0549,0.7527,104.504,0,walk
26.7898,12609,0.9783,0.9767,-0.0551,0.5672,104.411,0,walk
26.7918,12610,0.9786,0.9771,-0.0545,0.3173,104.137,0,walk
26.7939,12611,0.9769,0.9754,-0.0547,0.5686,103.952,0,walk
26.796,12612,0.9782,0.9767,-0.0541,0.6185,103.692,0,walk
26.7981,12613,0.9765,0.975,-0.0543,0.5805,103.509,0,walk
26.8002,12614,0.9778,0.9764,-0.0537,0.5793,103.438,0,walk
26.8022,12615,0.9762,0.9747,-0.0539,0.593,103.256,0,walk
26.8043,12616,0.9783,0.9769,-0.0532,0.3701,103.191,0,walk
26.8063,12617,0.9758,0.9743,-0.0535,0.6188,102.83,0,walk
26.8084,12618,0.9778,0.9764,-0.0529,0.8663,102.775,0,walk
26.8104,12619,0.9752,0.9738,-0.0532,0.6128,102.596,0,walk
26.8125,12620,0.9773,0.9758,-0.0526,0.5135,102.546,0,walk
26.8146,12621,0.9746,0.9732,-0.0529,0.6193,102.28,0,walk
26.8167,12622,0.9758,0.9744,-0.0523,0.4995,102.149,0,walk
26.8187,12623,0.9744,0.973,-0.0526,0.6245,101.888,0,walk
26.8212,12624,0.9755,0.9741,-0.0523,0.6639,101.759,0,walk
26.8233,12625,0.9743,0.9729,-0.0526,0.6339,101.592,0,walk
26.8254,12626,0.9766,0.9752,-0.0521,0.4084,101.571,0,walk
26.8274,12627,0.9746,0.9732,-0.0525,0.6584,101.251,0,walk
26.8296,12628,0.976,0.9746,-0.052,0.7643,101.155,0,walk
26.8316,12629,0.9744,0.973,-0.0522,0.6338,101.079,0,walk
26.8337,12630,0.9757,0.9743,-0.0515,0.229,100.963,0,walk
26.8358,12631,0.9739,0.9726,-0.0514,0.6172,100.816,0,walk
26.8378,12632,0.975,0.9737,-0.0504,0.9356,100.644,0,walk
26.8399,12633,0.9722,0.971,-0.0497,0.545,100.484,0,walk
26.842,12634,0.9729,0.9717,-0.0487,2.3389,100.578,0,walk
26.844,12635,0.9711,0.9699,-0.0482,0.5361,100.409,0,walk
26.8461,12636,0.9722,0.9711,-0.0471,0.1353,100.233,0,walk
26.8481,12637,0.9704,0.9693,-0.0467,0.592,100.057,0,walk
26.8502,12638,0.9714,0.9703,-0.0457,0.7908,100.052,0,walk
26.8523,12639,0.9696,0.9686,-0.0454,0.5912,99.874,0,walk
26.8543,12640,0.9707,0.9697,-0.0444,0.3556,99.801,0,walk
26.8563,12641,0.969,0.968,-0.0441,0.6123,99.534,0,walk
26.8584,12642,0.9701,0.9691,-0.0433,0.9701,99.469,0,walk
26.8605,12643,0.9684,0.9675,-0.043,0.6081,99.381,0,walk
26.8626,12644,0.9695,0.9686,-0.0421,0.1979,99.331,0,walk
26.8646,12645,0.9679,0.967,-0.0418,0.6199,99.074,0,walk
26.8667,12646,0.969,0.9681,-0.0408,0.6371,99.011,0,walk
26.8688,12647,0.9673,0.9665,-0.0405,0.6166,98.928,0,walk
26.8709,12648,0.9685,0.9677,-0.0395,0.4683,98.902,0,walk
26.8729,12649,0.9659,0.9651,-0.0389,0.5953,98.658,0,walk
26.875,12650,0.9671,0.9663,-0.0377,0.2284,98.561,0,walk
26.8771,12651,0.9654,0.9647,-0.0372,0.6272,98.482,0,walk
26.8792,12652,0.9663,0.9656,-0.0363,2.3214,98.507,0,walk
26.8813,12653,0.9648,0.9642,-0.0359,0.5898,98.366,0,walk
26.8833,12654,0.9663,0.9657,-0.0351,0.2641,98.404,0,walk
26.8853,12655,0.9651,0.9644,-0.0348,0.619,98.213,0,walk
26.8875,12656,0.9665,0.9659,-0.0336,0.0739,98.319,0,walk
26.8896,12657,0.9651,0.9645,-0.0326,0.5638,98.192,0,walk
26.8917,12658,0.9664,0.9659,-0.0309,0.7938,98.234,0,walk
26.8938,12659,0.9649,0.9645,-0.0299,0.5497,98.031,0,walk
26.8959,12660,0.9663,0.9659,-0.0283,0.3246,98.137,0,walk
26.8979,12661,0.9642,0.9638,-0.0269,0.5188,97.924,0,walk
26.9003,12662,0.9652,0.9649,-0.0254,0.3272,97.956,0,walk
26.9021,12663,0.9636,0.9633,-0.0247,0.5846,97.733,0,walk
26.9043,12664,0.9654,0.9651,-0.0237,0.5945,97.782,0,walk
26.9063,12665,0.9629,0.9626,-0.0229,0.5766,97.629,0,walk
26.9084,12666,0.9639,0.9636,-0.0218,0.6309,97.602,0,walk
26.9104,12667,0.9622,0.962,-0.0213,0.6294,97.445,0,walk
26.9126,12668,0.9639,0.9637,-0.0206,1.0087,97.477,0,walk
26.9146,12669,0.9615,0.9613,-0.02,0.6097,97.157,0,walk
26.9168,12670,0.9625,0.9623,-0.0191,0.8099,97.13,0,walk
26.9188,12671,0.9601,0.9599,-0.0186,0.6144,96.968,0,walk
26.921,12672,0.9612,0.961,-0.0177,0.5556,96.945,0,walk
26.923,12673,0.9596,0.9595,-0.0174,0.6436,96.782,0,walk
26.9252,12674,0.9607,0.9606,-0.0165,0.4841,96.673,0,walk
26.9273,12675,0.9592,0.9591,-0.0161,0.6523,96.509,0,walk
26.9294,12676,0.9604,0.9603,-0.0152,0.625,96.579,0,walk
26.9315,12677,0.9589,0.9588,-0.0148,0.6549,96.415,0,walk
26.9337,12678,0.9601,0.96,-0.0139,0.8058,96.407,0,walk
26.9357,12679,0.9586,0.9585,-0.0135,0.654,96.16,0,walk
26.9378,12680,0.9598,0.9597,-0.0126,0.3507,96.145,0,walk
26.9399,12681,0.9576,0.9576,-0.0119,0.6395,95.98,0,walk
26.942,12682,0.9596,0.9595,-0.0112,0.7114,96.045,0,walk
26.9441,12683,0.9574,0.9574,-0.0105,0.6372,95.798,0,walk
26.9461,12684,0.9594,0.9594,-0.0098,0.8055,95.866,0,walk
26.9482,12685,0.9573,0.9572,-0.0091,0.6379,95.536,0,walk
26.9503,12686,0.9586,0.9586,-0.0081,0.5717,95.53,0,walk
26.9523,12687,0.9572,0.9571,-0.0076,0.6682,95.447,0,walk
26.9544,12688,0.9585,0.9585,-0.0067,0.8873,95.407,0,walk
26.9565,12689,0.9571,0.957,-0.0062,0.6648,95.242,0,walk
26.9586,12690,0.9583,0.9583,-0.0052,0.5167,95.143,0,walk
26.9606,12691,0.9569,0.9569,-0.0047,0.672,94.98,0,walk
26.9627,12692,0.9583,0.9583,-0.0037,0.6735,95.01,0,walk
26.9648,12693,0.9568,0.9568,-0.0032,0.6739,94.847,0,walk
26.9669,12694,0.9574,0.9574,-0.0019,0.4226,94.703,0,walk
26.9689,12695,0.956,0.956,-0.0013,0.6819,94.46,0,walk
26.9711,12696,0.958,0.958,-0.0006,0.9096,94.486,0,walk
26.9731,12697,0.9558,0.9558,0.0002,0.6418,94.324,0,walk
26.9752,12698,0.9579,0.9579,0.001,0.4378,94.351,0,walk
26.9773,12699,0.9557,0.9557,0.0018,0.654,94.108,0,walk
26.9795,12700,0.9577,0.9577,0.0026,0.8224,94.101,0,walk
26.9816,12701,0.9555,0.9555,0.0035,0.6419,93.781,0,walk
26.9837,12702,0.9568,0.9568,0.0046,0.8504,93.692,0,walk
26.9857,12703,0.9553,0.9552,0.0053,0.6734,93.611,0,walk
26.9878,12704,0.9565,0.9565,0.0064,0.414,93.521,0,walk
26.9898,12705,0.9542,0.9542,0.0074,0.6449,93.277,0,walk
26.9919,12706,0.9555,0.9554,0.0084,0.9038,93.094,0,walk
26.9939,12707,0.9539,0.9539,0.0091,0.6844,92.93,0,walk
26.996,12708,0.956,0.9559,0.0099,0.5596,93.006,0,walk
26.9981,12709,0.9536,0.9536,0.0108,0.652,92.757,0,walk
27.0002,12710,0.9548,0.9548,0.0119,0.6932,92.644,0,walk
27.0022,12711,0.9532,0.9531,0.0126,0.6943,92.392,0,walk
27.0045,12712,0.9544,0.9543,0.0137,0.7185,92.273,0,walk
27.0065,12713,0.9528,0.9527,0.0143,0.6958,92.102,0,walk
27.0085,12714,0.9541,0.9539,0.0154,0.6996,92.074,0,walk
27.0106,12715,0.9524,0.9523,0.0161,0.6974,91.902,0,walk
27.0127,12716,0.9536,0.9535,0.0172,0.7773,91.787,0,walk
27.0147,12717,0.9519,0.9518,0.0179,0.6975,91.528,0,walk
27.0169,12718,0.9531,0.9529,0.0191,0.4296,91.398,0,walk
27.0189,12719,0.9505,0.9502,0.0202,0.6478,91.222,0,walk
27.0211,12720,0.9516,0.9514,0.0214,0.8703,91.098,0,walk
27.0231,12721,0.9499,0.9496,0.0222,0.6934,90.919,0,walk
27.0252,12722,0.951,0.9507,0.0234,0.6325,90.687,0,walk
27.0273,12723,0.9492,0.9489,0.0242,0.7045,90.505,0,walk
27.0296,12724,0.9512,0.9509,0.025,0.8421,90.471,0,walk
27.0316,12725,0.9486,0.9482,0.0261,0.6576,90.287,0,walk
27.0338,12726,0.9496,0.9493,0.0273,0.3532,90.148,0,walk
27.0358,12727,0.9478,0.9474,0.028,0.7182,89.962,0,walk
27.038,12728,0.9491,0.9487,0.0291,0.9502,89.748,0,walk
27.04,12729,0.9464,0.9459,0.0303,0.6647,89.467,0,walk
27.0421,12730,0.9483,0.9478,0.0311,0.4185,89.485,0,walk
27.0442,12731,0.9455,0.945,0.0323,0.6736,89.202,0,walk
27.0463,12732,0.9467,0.9461,0.0335,0.77,89.062,0,walk
27.0483,12733,0.9448,0.9442,0.0342,0.7253,88.777,0,walk
27.0504,12734,0.9458,0.9452,0.0354,0.6787,88.667,0,walk
27.0524,12735,0.944,0.9433,0.0361,0.7301,88.572,0,walk
27.0546,12736,0.945,0.9442,0.0373,0.8961,88.476,0,walk
27.0567,12737,0.9431,0.9424,0.038,0.7308,88.284,0,walk
27.0588,12738,0.9442,0.9434,0.0391,0.5391,88.185,0,walk
27.0608,12739,0.9414,0.9406,0.0403,0.6889,87.801,0,walk
27.063,12740,0.9426,0.9417,0.0415,0.7719,87.643,0,walk
27.065,12741,0.9408,0.9398,0.0422,0.7377,87.547,0,walk
27.0672,12742,0.942,0.941,0.0435,0.5122,87.374,0,walk
27.0692,12743,0.9402,0.9391,0.0443,0.7502,87.18,0,walk
27.0714,12744,0.9414,0.9403,0.0455,0.9691,86.942,0,walk
27.0734,12745,0.9396,0.9385,0.0462,0.7489,86.748,0,walk
27.0756,12746,0.9411,0.9399,0.0474,0.8493,86.644,0,walk
27.0776,12747,0.9392,0.938,0.0482,0.7493,86.547,0,walk
27.0798,12748,0.9402,0.9389,0.0494,2.1593,86.388,0,walk
27.0818,12749,0.9383,0.937,0.0502,0.7637,86.195,0,walk
27.0839,12750,0.9387,0.9373,0.0518,0.8232,85.877,0,walk
27.086,12751,0.9368,0.9354,0.0526,0.762,85.686,0,walk
27.0881,12752,0.9381,0.9366,0.0539,0.824,85.662,0,walk
27.0901,12753,0.9362,0.9347,0.0547,0.7598,85.472,0,walk
27.0922,12754,0.9375,0.9359,0.0559,0.789,85.339,0,walk
27.0942,12755,0.9356,0.9339,0.0567,0.764,85.058,0,walk
27.0963,12756,0.9371,0.9353,0.058,0.6621,84.976,0,walk
27.0983,12757,0.9351,0.9333,0.0588,0.7716,84.796,0,walk
27.1004,12758,0.9362,0.9343,0.06,0.4835,84.76,0,walk
27.1025,12759,0.9345,0.9325,0.0607,0.7847,84.588,0,walk
27.1045,12760,0.9361,0.9341,0.0618,0.7083,84.485,0,walk
27.1065,12761,0.9346,0.9325,0.0623,0.801,84.25,0,walk
27.1087,12762,0.9362,0.934,0.0636,0.6053,84.16,0,walk
27.1107,12763,0.9348,0.9326,0.0642,0.8066,84.087,0,walk
27.1128,12764,0.9368,0.9345,0.0652,1.1135,84.018,0,walk
27.1148,12765,0.9351,0.9328,0.0661,0.7722,83.819,0,walk
27.1169,12766,0.9378,0.9354,0.0669,0.6813,83.839,0,walk
27.119,12767,0.936,0.9335,0.0678,0.7657,83.603,0,walk
27.1212,12768,0.9386,0.9361,0.0687,0.8355,83.633,0,walk
27.1233,12769,0.9371,0.9345,0.0697,0.7659,83.528,0,walk
27.1254,12770,0.9394,0.9367,0.0709,0.9128,83.534,0,walk
27.1276,12771,0.9384,0.9357,0.0717,0.7923,83.44,0,walk
27.1297,12772,0.9405,0.9377,0.0731,0.4132,83.389,0,walk
27.1317,12773,0.9393,0.9364,0.0739,0.7899,83.302,0,walk
27.1341,12774,0.941,0.938,0.0757,0.9795,83.313,0,walk
27.1369,12775,0.9435,0.9403,0.077,0.7655,83.347,0,walk
27.1389,12776,0.9418,0.9386,0.0782,0.7477,83.205,0,walk
27.142,12777,0.9444,0.9411,0.0791,0.4712,83.266,0,walk
27.1439,12778,0.9417,0.9382,0.0805,0.705,83.165,0,walk
27.1463,12779,0.9436,0.9401,0.0816,0.9086,83.213,0,walk
27.1482,12780,0.942,0.9384,0.0822,0.7911,83.109,0,walk
27.1504,12781,0.9437,0.94,0.0836,0.5882,83.161,0,walk
27.1523,12782,0.9423,0.9385,0.0845,0.7689,83.125,0,walk
27.1544,12783,0.945,0.9411,0.0855,1.0081,83.195,0,walk
27.1565,12784,0.9433,0.9392,0.0874,0.6725,83.09,0,walk
27.1586,12785,0.9458,0.9416,0.0891,0.8152,83.102,0,walk
27.1606,12786,0.9447,0.9404,0.0904,0.7364,83.036,0,walk
27.1628,12787,0.9469,0.9425,0.092,0.6802,83.123,0,walk
27.1648,12788,0.9458,0.9412,0.093,0.747,83.058,0,walk
27.1669,12789,0.948,0.9433,0.0945,0.8147,83.104,0,walk
27.169,12790,0.9463,0.9414,0.0959,0.7042,82.976,0,walk
27.1711,12791,0.9485,0.9435,0.0972,0.7751,83.082,0,walk
27.1733,12792,0.9473,0.9422,0.098,0.7659,83.017,0,walk
27.1754,12793,0.9495,0.9443,0.0993,0.6904,83.07,0,walk
27.1775,12794,0.9482,0.943,0.1001,0.773,82.962,0,walk
27.1796,12795,0.95,0.9446,0.1012,0.9425,83.019,0,walk
27.1817,12796,0.9486,0.9431,0.1019,0.7711,82.972,0,walk
27.1838,12797,0.9508,0.9452,0.1029,0.9097,82.99,0,walk
27.1859,12798,0.9494,0.9438,0.1035,0.7758,82.883,0,walk
27.188,12799,0.9514,0.9456,0.1046,0.7513,82.835,0,walk
27.1901,12800,0.9492,0.9434,0.1055,0.7355,82.64,0,walk
27.1921,12801,0.9512,0.9452,0.1065,0.1835,82.693,0,walk
27.1942,12802,0.9498,0.9438,0.1071,0.788,82.549,0,walk
27.1963,12803,0.9527,0.9466,0.1078,1.1404,82.606,0,walk
27.1983,12804,0.9503,0.944,0.1089,0.7033,82.288,0,walk
27.2004,12805,0.9521,0.9457,0.1102,0.2438,82.265,0,walk
27.2025,12806,0.9503,0.9438,0.111,0.756,82.177,0,walk
27.2046,12807,0.9522,0.9456,0.1122,1.0272,82.138,0,walk
27.2066,12808,0.9506,0.9439,0.113,0.7547,81.954,0,walk
27.2088,12809,0.9532,0.9463,0.1144,0.7351,82.017,0,walk
27.2108,12810,0.9515,0.9445,0.1153,0.7817,81.819,0,walk
27.2128,12811,0.9525,0.9453,0.117,1.873,81.772,0,walk
27.2149,12812,0.9508,0.9435,0.1179,0.7545,81.565,0,walk
27.217,12813,0.9527,0.9452,0.1192,0.8546,81.512,0,walk
27.219,12814,0.951,0.9434,0.1201,0.7545,81.189,0,walk
27.2211,12815,0.9537,0.946,0.121,0.8889,81.241,0,walk
27.2231,12816,0.9511,0.9432,0.1223,0.6966,81.02,0,walk
27.2252,12817,0.953,0.945,0.1237,0.6834,80.955,0,walk
27.2273,12818,0.9513,0.9431,0.1246,0.7591,80.729,0,walk
27.2294,12819,0.9532,0.9449,0.1259,1.0104,80.669,0,walk
27.2314,12820,0.9514,0.9429,0.1268,0.7531,80.322,0,walk
27.2335,12821,0.9533,0.9446,0.128,0.9326,80.259,0,walk
27.2355,12822,0.9514,0.9426,0.1289,0.7491,80.142,0,walk
27.2376,12823,0.9532,0.9443,0.1302,0.8362,80.072,0,walk
27.2397,12824,0.9513,0.9422,0.1311,0.7456,79.837,0,walk
27.2417,12825,0.953,0.9437,0.1323,0.8737,79.649,0,walk
27.2438,12826,0.951,0.9416,0.1333,0.7458,79.411,0,walk
27.2459,12827,0.9517,0.9421,0.1349,0.8516,79.346,0,walk
27.2479,12828,0.9497,0.9399,0.1358,0.7445,79.106,0,walk
27.25,12829,0.9513,0.9414,0.1369,1.0676,79.064,0,walk
27.252,12830,0.9493,0.9393,0.1378,0.7447,78.702,0,walk
27.2543,12831,0.9511,0.9409,0.139,0.7568,78.636,0,walk
27.2563,12832,0.9491,0.9387,0.1398,0.7435,78.515,0,walk
27.2585,12833,0.9509,0.9404,0.141,0.6613,78.444,0,walk
27.2605,12834,0.9489,0.9383,0.1419,0.7535,78.202,0,walk
27.2626,12835,0.9506,0.9398,0.143,0.8807,78.141,0,walk
27.2647,12836,0.9486,0.9376,0.1439,0.7557,77.778,0,walk
27.2667,12837,0.9502,0.9391,0.145,0.8736,77.683,0,walk
27.2688,12838,0.9481,0.9368,0.1459,0.7507,77.563,0,walk
27.2708,12839,0.9497,0.9382,0.1471,0.5614,77.468,0,walk
27.2729,12840,0.9465,0.9348,0.1484,0.7045,77.108,0,walk
27.275,12841,0.9482,0.9363,0.1496,0.8967,76.891,0,walk
27.2771,12842,0.9461,0.934,0.1504,0.7657,76.652,0,walk
27.2792,12843,0.9487,0.9366,0.1512,0.7147,76.76,0,walk
27.2813,12844,0.9456,0.9332,0.1524,0.7155,76.402,0,walk
27.2833,12845,0.9473,0.9348,0.1536,0.8713,76.295,0,walk
27.2853,12846,0.9452,0.9325,0.1544,0.7688,75.939,0,walk
27.2876,12847,0.9469,0.934,0.1556,0.4973,75.795,0,walk
27.2897,12848,0.9448,0.9317,0.1565,0.7835,75.677,0,walk
27.2917,12849,0.9464,0.9331,0.1577,1.0839,75.539,0,walk
27.2938,12850,0.9441,0.9307,0.1585,0.7746,75.304,0,walk
27.2958,12851,0.9446,0.931,0.1601,0.6471,74.914,0,walk
27.2979,12852,0.9424,0.9286,0.161,0.7825,74.68,0,walk
27.3001,12853,0.944,0.93,0.1622,0.9239,74.63,0,walk
27.3021,12854,0.9418,0.9276,0.163,0.7806,74.398,0,walk
27.3043,12855,0.9434,0.929,0.1641,0.9349,74.222,0,walk
27.3063,12856,0.9411,0.9266,0.165,0.774,73.992,0,walk
27.3084,12857,0.9426,0.9278,0.1662,0.4637,73.686,0,walk
27.3105,12858,0.9402,0.9252,0.1671,0.7861,73.459,0,walk
27.3126,12859,0.9416,0.9265,0.1683,1.0532,73.391,0,walk
27.3146,12860,0.9392,0.9238,0.1692,0.7675,73.167,0,walk
27.3168,12861,0.9406,0.925,0.1704,0.8337,72.971,0,walk
27.3188,12862,0.9369,0.9211,0.1717,0.7088,72.53,0,walk
27.3209,12863,0.9383,0.9222,0.173,0.6134,72.345,0,walk
27.323,12864,0.9358,0.9195,0.1739,0.7803,72.237,0,walk
27.3251,12865,0.9371,0.9206,0.1751,1.083,72.032,0,walk
27.3271,12866,0.9347,0.9179,0.176,0.768,71.82,0,walk
27.3294,12867,0.9372,0.9204,0.1768,0.7176,71.738,0,walk
27.3314,12868,0.9336,0.9164,0.1782,0.7044,71.318,0,walk
27.3336,12869,0.9348,0.9174,0.1795,0.943,71.196,0,walk
27.3356,12870,0.9323,0.9147,0.1806,0.7729,70.99,0,walk
27.3377,12871,0.9349,0.9171,0.1814,0.8725,70.879,0,walk
27.3398,12872,0.9313,0.9131,0.1829,0.6887,70.575,0,walk
27.3418,12873,0.9315,0.913,0.1848,0.7815,70.169,0,walk
27.3439,12874,0.9291,0.9103,0.1859,0.7627,70.068,0,walk
27.346,12875,0.9304,0.9113,0.1873,0.5876,69.864,0,walk
27.3481,12876,0.9279,0.9086,0.1885,0.7649,69.664,0,walk
27.3502,12877,0.9291,0.9095,0.19,0.8277,69.478,0,walk
27.3522,12878,0.9268,0.9069,0.1911,0.7755,69.18,0,walk
27.3544,12879,0.928,0.9078,0.1927,0.4841,68.981,0,walk
27.3565,12880,0.9257,0.9052,0.1939,0.785,68.882,0,walk
27.3586,12881,0.9269,0.906,0.1954,1.0359,68.703,0,walk
27.3607,12882,0.9245,0.9034,0.1966,0.783,68.507,0,walk
27.3628,12883,0.9255,0.904,0.1982,0.8279,68.297,0,walk
27.3648,12884,0.922,0.9,0.2001,0.7007,68.004,0,walk
27.3669,12885,0.923,0.9007,0.2018,0.848,67.913,0,walk
27.369,12886,0.9206,0.8979,0.2032,0.7699,67.72,0,walk
27.371,12887,0.9217,0.8987,0.2048,1.0704,67.543,0,walk
27.3731,12888,0.9193,0.8959,0.2062,0.7539,67.256,0,walk
27.3751,12889,0.9205,0.8967,0.208,0.4957,67.086,0,walk
27.3772,12890,0.9181,0.8939,0.2094,0.7605,66.991,0,walk
27.3794,12891,0.9204,0.896,0.2104,1.0281,66.926,0,walk
27.3814,12892,0.9169,0.8919,0.2127,0.6513,66.645,0,walk
27.3835,12893,0.918,0.8926,0.2144,0.803,66.408,0,walk
27.3856,12894,0.9157,0.8898,0.2159,0.7533,66.224,0,walk
27.3876,12895,0.9166,0.8903,0.218,0.6645,66.156,0,walk
27.3897,12896,0.9143,0.8875,0.2195,0.792,65.975,0,walk
27.3918,12897,0.9141,0.8867,0.2221,1.4504,65.805,0,walk
27.3939,12898,0.9118,0.884,0.2237,0.7667,65.542,0,walk
27.396,12899,0.9128,0.8845,0.2255,0.4173,65.431,0,walk
27.398,12900,0.9106,0.8818,0.227,0.791,65.345,0,walk
27.4001,12901,0.9119,0.8828,0.2285,1.2599,65.218,0,walk
27.4022,12902,0.9095,0.8799,0.2302,0.6957,65.049,0,walk
27.4043,12903,0.9108,0.8808,0.2318,0.0856,64.912,0,walk
27.4063,12904,0.9085,0.878,0.2335,0.7283,64.659,0,walk
27.4084,12905,0.9093,0.8784,0.2353,2.0789,64.706,0,walk
27.4105,12906,0.9073,0.8759,0.2367,0.8275,64.539,0,walk
27.4126,12907,0.9083,0.8765,0.2382,1.0787,64.505,0,walk
27.4147,12908,0.9064,0.8741,0.2395,0.8363,64.337,0,walk
27.417,12909,0.9076,0.875,0.2408,1.2802,64.157,0,walk
27.419,12910,0.904,0.8707,0.2431,0.6385,63.905,0,walk
27.4211,12911,0.906,0.8725,0.2441,0.3389,63.988,0,walk
27.4232,12912,0.9019,0.8675,0.2467,0.5976,63.74,0,walk
27.4252,12913,0.9022,0.8672,0.2486,0.4462,63.676,0,walk
27.4273,12914,0.8991,0.8636,0.2503,0.7501,63.432,0,walk
27.4294,12915,0.9008,0.8651,0.2511,1.0753,63.446,0,walk
27.4314,12916,0.897,0.8607,0.2528,0.7177,63.28,0,walk
27.4335,12917,0.898,0.8614,0.2535,0.8687,63.187,0,walk
27.4356,12918,0.8963,0.8596,0.2538,0.9212,62.924,0,walk
27.4376,12919,0.8985,0.8619,0.254,0.8809,62.936,0,walk
27.4397,12920,0.8964,0.8597,0.254,0.9505,62.756,0,walk
27.4418,12921,0.8982,0.8616,0.2538,1.062,62.643,0,walk
27.4439,12922,0.8961,0.8595,0.2534,0.9739,62.278,0,walk
27.446,12923,0.8977,0.8612,0.2531,1.0606,62.172,0,walk
27.448,12924,0.8963,0.8599,0.2526,1.0163,62.077,0,walk
27.4501,12925,0.8984,0.8621,0.2526,0.8396,62.067,0,walk
27.4522,12926,0.8958,0.8595,0.2523,1.0023,61.765,0,walk
27.4543,12927,0.897,0.8607,0.2524,1.0224,61.512,0,walk
27.4563,12928,0.8951,0.8588,0.2524,0.9897,61.403,0,walk
27.4588,12929,0.896,0.8597,0.2526,0.9389,61.249,0,walk
27.4608,12930,0.894,0.8575,0.2527,0.9896,61.024,0,walk
27.4628,12931,0.8936,0.8569,0.2533,0.3116,60.638,0,walk
27.4649,12932,0.8914,0.8545,0.2536,1.0109,60.523,0,walk
27.467,12933,0.8931,0.8562,0.2539,1.119,60.476,0,walk
27.469,12934,0.8897,0.8525,0.2545,0.9489,60.028,0,walk
27.4711,12935,0.8903,0.853,0.255,0.994,59.833,0,walk
27.4731,12936,0.8881,0.8506,0.2553,1.0114,59.723,0,walk
27.4753,12937,0.8887,0.8512,0.2557,1.036,59.57,0,walk
27.4773,12938,0.8866,0.8488,0.256,1.016,59.356,0,walk
27.4795,12939,0.8881,0.8503,0.2564,0.3547,59.292,0,walk
27.4815,12940,0.8846,0.8463,0.2574,0.9569,58.871,0,walk
27.4836,12941,0.8862,0.8478,0.258,1.1719,58.91,0,walk
27.4856,12942,0.8826,0.8437,0.2593,0.895,58.6,0,walk
27.4878,12943,0.8832,0.8439,0.2603,0.4859,58.439,0,walk
27.4898,12944,0.8814,0.842,0.2608,1.0471,58.137,0,walk
27.4919,12945,0.8825,0.8428,0.2617,0.8009,58.084,0,walk
27.4939,12946,0.8803,0.8402,0.2627,1.015,57.787,0,walk
27.496,12947,0.8823,0.8421,0.2634,1.252,57.719,0,walk
27.498,12948,0.88,0.8393,0.2644,0.9898,57.33,0,walk
27.5001,12949,0.8818,0.8409,0.2652,1.019,57.241,0,walk
27.5021,12950,0.8788,0.8374,0.2665,0.9518,57.047,0,walk
27.5044,12951,0.8795,0.8377,0.2678,0.9451,56.908,0,walk
27.5064,12952,0.8775,0.8353,0.2688,1.0249,56.715,0,walk
27.5085,12953,0.8781,0.8356,0.2701,0.3345,56.452,0,walk
27.5106,12954,0.8764,0.8334,0.271,1.0765,56.266,0,walk
27.5126,12955,0.8773,0.8341,0.2721,1.3034,56.234,0,walk
27.5147,12956,0.8758,0.8322,0.2729,1.0607,56.052,0,walk
27.5168,12957,0.8769,0.833,0.2741,0.9211,55.881,0,walk
27.5188,12958,0.8756,0.8313,0.2749,1.0801,55.61,0,walk
27.5209,12959,0.8763,0.8315,0.2766,0.6128,55.482,0,walk
27.5229,12960,0.8753,0.8301,0.2775,1.1096,55.296,0,walk
27.525,12961,0.8778,0.8327,0.2779,1.3167,55.35,0,walk
27.5271,12962,0.8766,0.8307,0.28,1.0059,54.854,0,walk
27.5294,12963,0.8789,0.8328,0.2809,1.2019,54.836,0,walk
27.5314,12964,0.8776,0.8309,0.2825,1.0417,54.631,0,walk
27.5335,12965,0.8792,0.832,0.284,1.1542,54.436,0,walk
27.5355,12966,0.8781,0.8305,0.2852,1.0649,54.221,0,walk
27.5379,12967,0.8787,0.8304,0.2872,0.2279,53.819,0,walk
27.5399,12968,0.8775,0.8288,0.2883,1.1128,53.709,0,walk
27.542,12969,0.8788,0.8297,0.2899,1.1591,53.512,0,walk
27.544,12970,0.8775,0.8279,0.291,1.0851,53.292,0,walk
27.5461,12971,0.8794,0.8295,0.2919,1.0927,53.085,0,walk
27.5481,12972,0.8773,0.8267,0.2935,1.0363,52.76,0,walk
27.5502,12973,0.879,0.8282,0.2944,0.6681,52.712,0,walk
27.5523,12974,0.8767,0.8252,0.2959,1.0749,52.502,0,walk
27.5543,12975,0.8783,0.8267,0.2967,1.4686,52.437,0,walk
27.5563,12976,0.8759,0.8237,0.298,1.0714,52.034,0,walk
27.5584,12977,0.8769,0.8242,0.2993,1.0036,51.875,0,walk
27.5605,12978,0.8753,0.8222,0.3002,1.1243,51.683,0,walk
27.5626,12979,0.876,0.8226,0.3013,1.3075,51.619,0,walk
27.5646,12980,0.8744,0.8206,0.3021,1.1564,51.432,0,walk
27.5667,12981,0.8753,0.8211,0.3034,0.9236,51.257,0,walk
27.5688,12982,0.8737,0.8191,0.3041,1.1424,50.99,0,walk
27.571,12983,0.8737,0.8185,0.3056,1.1989,50.765,0,walk
27.573,12984,0.8721,0.8165,0.3063,1.1731,50.679,0,walk
27.5752,12985,0.873,0.817,0.3075,1.2312,50.51,0,walk
27.5773,12986,0.8714,0.8151,0.3082,1.1612,50.343,0,walk
27.5795,12987,0.8732,0.8166,0.309,1.1792,50.256,0,walk
27.5816,12988,0.8708,0.8138,0.3101,1.0965,49.929,0,walk
27.5838,12989,0.8717,0.8143,0.3112,1.3949,49.771,0,walk
27.5859,12990,0.8694,0.8115,0.3122,1.1206,49.611,0,walk
27.5881,12991,0.8702,0.8119,0.3132,1.032,49.463,0,walk
27.5901,12992,0.8687,0.81,0.3139,1.2064,49.305,0,walk
27.5923,12993,0.8698,0.8107,0.3151,1.0809,49.082,0,walk
27.5943,12994,0.8683,0.8088,0.3158,1.1717,48.926,0,walk
27.5965,12995,0.8692,0.8094,0.3169,1.1674,48.875,0,walk
27.5986,12996,0.8677,0.8075,0.3176,1.204,48.72,0,walk
27.6007,12997,0.8686,0.8081,0.3187,1.2894,48.561,0,walk
27.6027,12998,0.8672,0.8063,0.3194,1.2111,48.331,0,walk
27.6049,12999,0.8683,0.807,0.3206,1.1153,48.186,0,walk
27.6069,13000,0.8662,0.8043,0.3216,1.141,48.035,0,walk
27.609,13001,0.8673,0.805,0.3228,1.1918,47.89,0,walk
27.6111,13002,0.8659,0.8032,0.3234,1.2089,47.741,0,walk
27.6132,13003,0.8668,0.8037,0.3245,0.7809,47.515,0,walk
27.6152,13004,0.8654,0.802,0.3252,1.2499,47.37,0,walk
27.6173,13005,0.8667,0.8028,0.3265,1.1659,47.289,0,walk
27.6193,13006,0.8654,0.8011,0.3272,1.1863,47.145,0,walk
27.6214,13007,0.8663,0.8017,0.3283,0.7853,46.996,0,walk
27.6234,13008,0.865,0.8,0.329,1.2482,46.785,0,walk
27.6255,13009,0.866,0.8006,0.3302,1.007,46.634,0,walk
27.6276,13010,0.8648,0.799,0.3309,1.2447,46.494,0,walk
27.6296,13011,0.8661,0.7999,0.3322,1.281,46.408,0,walk
27.6316,13012,0.8649,0.7983,0.3329,1.197,46.268,0,walk
27.6337,13013,0.8665,0.7997,0.3337,0.3346,46.191,0,walk
27.6358,13014,0.8648,0.7973,0.3348,1.2109,45.912,0,walk
27.6379,13015,0.8659,0.798,0.336,1.1319,45.768,0,walk
27.6399,13016,0.8642,0.7957,0.3371,1.204,45.627,0,walk
27.6421,13017,0.8655,0.7966,0.3384,1.2034,45.45,0,walk
27.6441,13018,0.8644,0.7951,0.3391,1.2152,45.307,0,walk
27.6463,13019,0.8655,0.7958,0.3404,1.2219,45.071,0,walk
27.6483,13020,0.8644,0.7943,0.341,1.2518,44.926,0,walk
27.6504,13021,0.8657,0.7951,0.3425,0.6823,44.747,0,walk
27.6525,13022,0.8646,0.7936,0.3432,1.2519,44.601,0,walk
27.6546,13023,0.866,0.7946,0.3445,1.4837,44.432,0,walk
27.6566,13024,0.8649,0.7931,0.3451,1.2144,44.211,0,walk
27.6587,13025,0.8661,0.7938,0.3464,0.3057,44.044,0,walk
27.6608,13026,0.865,0.7923,0.347,1.2703,43.969,0,walk
27.663,13027,0.8657,0.7924,0.3486,1.2015,43.72,0,walk
27.665,13028,0.8646,0.791,0.3493,1.2523,43.57,0,walk
27.6671,13029,0.866,0.7919,0.3506,1.3251,43.412,0,walk
27.6692,13030,0.8649,0.7904,0.3512,1.2388,43.185,0,walk
27.6713,13031,0.8659,0.791,0.3523,0.2498,43.019,0,walk
27.6733,13032,0.8648,0.7895,0.3529,1.2963,42.943,0,walk
27.6756,13033,0.8662,0.7904,0.3543,1.1381,42.77,0,walk
27.6776,13034,0.8651,0.7889,0.3549,1.2387,42.617,0,walk
27.68,13035,0.8662,0.7897,0.356,1.3961,42.363,0,walk
27.6819,13036,0.8645,0.7874,0.3568,1.2422,42.133,0,walk
27.684,13037,0.8663,0.7889,0.3578,0.9722,42.129,0,walk
27.686,13038,0.8646,0.7867,0.3586,1.227,41.9,0,walk
27.6881,13039,0.8664,0.7883,0.3596,1.3508,41.826,0,walk
27.6901,13040,0.8647,0.786,0.3604,1.2113,41.524,0,walk
27.6922,13041,0.8657,0.7867,0.3614,1.5611,41.367,0,walk
27.6942,13042,0.8645,0.7851,0.3619,1.2874,41.293,0,walk
27.6964,13043,0.8663,0.7867,0.3629,0.9577,41.217,0,walk
27.6984,13044,0.8645,0.7843,0.3636,1.2303,40.998,0,walk
27.7006,13045,0.8658,0.7852,0.3648,1.2976,40.875,0,walk
27.7026,13046,0.8645,0.7836,0.3652,1.2546,40.661,0,walk
27.7047,13047,0.8656,0.7843,0.3662,1.677,40.525,0,walk
27.7068,13048,0.8643,0.7827,0.3666,1.2878,40.455,0,walk
27.7089,13049,0.865,0.7828,0.3681,0.8103,40.279,0,walk
27.7109,13050,0.8638,0.7813,0.3684,1.2435,40.142,0,walk
27.713,13051,0.8652,0.7821,0.3701,0.2537,40.024,0,walk
27.7151,13052,0.864,0.7805,0.3705,1.25,39.888,0,walk
27.7171,13053,0.8647,0.7812,0.3708,0.7708,39.7,0,walk
27.7192,13054,0.8634,0.7796,0.3711,1.3248,39.565,0,walk
27.7212,13055,0.8647,0.7805,0.3722,0.391,39.486,0,walk
27.7233,13056,0.8634,0.7789,0.3725,1.2406,39.285,0,walk
27.7254,13057,0.8649,0.7797,0.3742,0.1062,39.332,0,walk
27.7275,13058,0.8636,0.7781,0.3745,1.25,39.264,0,walk
27.7296,13059,0.8643,0.7788,0.3749,0.8017,39.082,0,walk
27.7317,13060,0.863,0.7772,0.3751,1.3272,38.941,0,walk
27.7337,13061,0.864,0.7778,0.376,0.3181,38.785,0,walk
27.7358,13062,0.8626,0.7762,0.3763,1.3124,38.637,0,walk
27.7379,13063,0.8633,0.7763,0.3776,1.0965,38.598,0,walk
27.7399,13064,0.8616,0.7744,0.3776,1.2462,38.448,0,walk
27.7424,13065,0.8617,0.7745,0.3779,1.2985,38.313,0,walk
27.7444,13066,0.8592,0.7719,0.3773,1.3129,38.192,0,walk
27.7465,13067,0.8608,0.7732,0.3783,0.4438,38.318,0,walk
27.7485,13068,0.8569,0.7694,0.3771,1.2498,38.207,0,walk
27.7506,13069,0.8568,0.7695,0.3767,0.8338,38.113,0,walk
27.7526,13070,0.8544,0.7673,0.376,1.3186,37.973,0,walk
27.7547,13071,0.8557,0.7685,0.3763,0.3114,38.001,0,walk
27.7568,13072,0.8526,0.7656,0.3753,1.3397,37.925,0,walk
27.7589,13073,0.8525,0.7655,0.3752,1.1863,37.907,0,walk
27.761,13074,0.8509,0.764,0.3746,1.3206,37.85,0,walk
27.763,13075,0.8526,0.7654,0.3756,0.5404,37.966,0,walk
27.7651,13076,0.8514,0.7643,0.3751,1.2501,37.921,0,walk
27.7671,13077,0.8531,0.766,0.3756,1.0879,38.042,0,walk
27.7692,13078,0.8522,0.7652,0.3752,1.2776,38.002,0,walk
27.7712,13079,0.8533,0.7666,0.3748,1.1581,37.955,0,walk
27.7733,13080,0.8526,0.766,0.3744,1.4325,37.923,0,walk
27.7754,13081,0.8548,0.7681,0.3751,0.6004,38.017,0,walk
27.7774,13082,0.8538,0.7672,0.3747,1.3268,37.977,0,walk
27.7796,13083,0.856,0.7693,0.3754,1.3085,38.09,0,walk
27.7816,13084,0.855,0.7684,0.375,1.3248,38.055,0,walk
27.7836,13085,0.857,0.7703,0.3757,1.3079,38.156,0,walk
27.7857,13086,0.8564,0.7696,0.3755,1.3079,38.126,0,walk
27.7878,13087,0.8589,0.7717,0.3771,0.3965,38.395,0,walk
27.7899,13088,0.8579,0.7707,0.377,1.2351,38.376,0,walk
27.7919,13089,0.86,0.7725,0.3778,1.0617,38.475,0,walk
27.794,13090,0.8595,0.7719,0.378,1.3063,38.453,0,walk
27.7962,13091,0.8611,0.7735,0.3784,0.7506,38.387,0,walk
27.7983,13092,0.8604,0.7727,0.3786,1.3781,38.351,0,walk
27.8004,13093,0.8625,0.7742,0.3801,0.3072,38.633,0,walk
27.8025,13094,0.8612,0.7729,0.3799,1.22,38.623,0,walk
27.8046,13095,0.8621,0.7738,0.38,1.1093,38.591,0,walk
27.8066,13096,0.8607,0.7724,0.3797,1.3461,38.573,0,walk
27.8087,13097,0.8617,0.7734,0.3801,0.5356,38.608,0,walk
27.8107,13098,0.8606,0.7722,0.3799,1.3566,38.592,0,walk
27.8128,13099,0.8624,0.7737,0.3809,1.0451,38.725,0,walk
27.8148,13100,0.8609,0.772,0.3808,1.2332,38.701,0,walk
27.8169,13101,0.8624,0.7733,0.3817,0.4064,38.788,0,walk
27.8189,13102,0.8614,0.7722,0.3817,1.3086,38.76,0,walk
27.821,13103,0.8637,0.7743,0.3828,1.2444,38.873,0,walk
27.8231,13104,0.8625,0.7728,0.383,1.2508,38.853,0,walk
27.8251,13105,0.865,0.7749,0.3844,0.7778,39.001,0,walk
27.8272,13106,0.8637,0.7734,0.3846,1.2305,38.967,0,walk
27.8293,13107,0.8655,0.7749,0.3854,0.9636,39.012,0,walk
27.8313,13108,0.8645,0.7738,0.3855,1.2842,38.97,0,walk
27.8334,13109,0.8661,0.7751,0.3863,1.2095,39.013,0,walk
27.8355,13110,0.865,0.7739,0.3863,1.2928,38.997,0,walk
27.8377,13111,0.8671,0.7754,0.3879,0.46,39.176,0,walk
27.8397,13112,0.866,0.7742,0.3879,1.222,39.141,0,walk
27.8418,13113,0.8678,0.7757,0.389,1.0372,39.202,0,walk
27.8438,13114,0.8662,0.7739,0.389,1.2408,39.139,0,walk
27.8459,13115,0.8679,0.7753,0.3901,0.8548,39.227,0,walk
27.8479,13116,0.8669,0.7741,0.3901,1.2931,39.182,0,walk
27.85,13117,0.8684,0.7755,0.3908,1.5332,39.182,0,walk
27.8521,13118,0.8674,0.7744,0.3908,1.2844,39.107,0,walk
27.8542,13119,0.8694,0.7759,0.3922,0.4098,39.211,0,walk
27.8563,13120,0.8683,0.7747,0.3921,1.2347,39.184,0,walk
27.8585,13121,0.8699,0.776,0.3931,1.1746,39.24,0,walk
27.8605,13122,0.8688,0.7748,0.393,1.2862,39.181,0,walk
27.8626,13123,0.8705,0.7763,0.3939,1.3756,39.199,0,walk
27.8647,13124,0.8693,0.775,0.3938,1.2582,39.134,0,walk
27.8668,13125,0.8709,0.7765,0.3943,1.4269,39.156,0,walk
27.8688,13126,0.8697,0.7752,0.3941,1.2699,39.088,0,walk
27.8709,13127,0.8707,0.7759,0.3951,0.1591,39.088,0,walk
27.8729,13128,0.8694,0.7746,0.3948,1.2835,38.977,0,walk
27.875,13129,0.871,0.7759,0.3957,1.5031,38.99,0,walk
27.8771,13130,0.8696,0.7745,0.3953,1.2611,38.95,0,walk
27.8793,13131,0.8716,0.7763,0.3962,1.4227,38.978,0,walk
27.8813,13132,0.8693,0.7741,0.3956,1.2853,38.855,0,walk
27.8834,13133,0.8708,0.7754,0.3963,1.3291,38.891,0,walk
27.8855,13134,0.8693,0.774,0.3958,1.239,38.764,0,walk
27.8877,13135,0.8708,0.7752,0.3968,0.1781,38.772,0,walk
27.8897,13136,0.8694,0.7737,0.3964,1.2752,38.728,0,walk
27.8918,13137,0.8698,0.7742,0.3964,0.9293,38.525,0,walk
27.8939,13138,0.8683,0.7728,0.3959,1.3126,38.434,0,walk
27.896,13139,0.8705,0.7748,0.3967,0.9608,38.391,0,walk
27.898,13140,0.8683,0.7728,0.3959,1.2675,38.251,0,walk
27.9001,13141,0.8706,0.7747,0.3972,0.2116,38.381,0,walk
27.9022,13142,0.8683,0.7726,0.3963,1.2748,38.238,0,walk
27.9043,13143,0.8698,0.7738,0.3973,1.3039,38.314,0,walk
27.9063,13144,0.8683,0.7724,0.3967,1.2788,38.164,0,walk
27.9085,13145,0.8697,0.7738,0.3971,1.3417,38.096,0,walk
27.9105,13146,0.8682,0.7724,0.3965,1.2714,38.045,0,walk
27.9126,13147,0.8697,0.7736,0.3974,0.1472,37.999,0,walk
27.9147,13148,0.8681,0.7722,0.3967,1.2981,37.893,0,walk
27.9168,13149,0.8697,0.7736,0.3974,1.427,37.79,0,walk
27.9188,13150,0.8681,0.7722,0.3967,1.2633,37.68,0,walk
27.9209,13151,0.8696,0.7735,0.3974,1.1203,37.702,0,walk
27.9229,13152,0.8671,0.7713,0.3962,1.275,37.532,0,walk
27.925,13153,0.8685,0.7726,0.3968,1.3409,37.454,0,walk
27.927,13154,0.8668,0.7711,0.3959,1.2784,37.276,0,walk
27.9292,13155,0.8696,0.7735,0.3973,0.9494,37.124,0,walk
27.9313,13156,0.867,0.7713,0.396,1.2031,37.002,0,walk
27.9334,13157,0.8684,0.7726,0.3966,1.4842,36.909,0,walk
27.9354,13158,0.8667,0.7711,0.3957,1.284,36.785,0,walk
27.9377,13159,0.8681,0.7724,0.3961,1.3307,36.682,0,walk
27.9398,13160,0.8663,0.7709,0.3951,1.2804,36.489,0,walk
27.942,13161,0.8666,0.7715,0.3947,1.6059,36.379,0,walk
27.944,13162,0.8648,0.77,0.3937,1.2777,36.247,0,walk
27.946,13163,0.8671,0.7719,0.3949,0.1715,36.182,0,walk
27.9481,13164,0.8643,0.7697,0.3932,1.3018,35.979,0,walk
27.9502,13165,0.8666,0.7717,0.3943,1.5081,35.852,0,walk
27.9522,13166,0.8638,0.7694,0.3925,1.2951,35.645,0,walk
27.9543,13167,0.866,0.7715,0.3935,1.3536,35.579,0,walk
27.9563,13168,0.8632,0.7692,0.3917,1.2932,35.44,0,walk
27.9584,13169,0.8644,0.7704,0.392,1.1802,35.287,0,walk
27.9604,13170,0.8625,0.7689,0.3907,1.2894,35.073,0,walk
27.9625,13171,0.8637,0.7701,0.391,1.0824,34.925,0,walk
27.9646,13172,0.8617,0.7686,0.3897,1.2897,34.852,0,walk
27.9667,13173,0.8629,0.7698,0.3899,1.3062,34.683,0,walk
27.9688,13174,0.8609,0.7682,0.3885,1.3103,34.535,0,walk
27.971,13175,0.8612,0.7687,0.3882,1.186,34.207,0,walk
27.9731,13176,0.8591,0.7672,0.3867,1.2888,34.055,0,walk
27.9751,13177,0.8607,0.7686,0.3872,1.2155,34.019,0,walk
27.9772,13178,0.8591,0.7674,0.3862,1.2636,33.865,0,walk
27.9793,13179,0.8609,0.769,0.387,1.2939,33.645,0,walk
27.9813,13180,0.8593,0.7678,0.3859,1.2862,33.397,0,walk
27.9834,13181,0.8612,0.7694,0.3868,1.232,33.241,0,walk
27.9854,13182,0.8595,0.7681,0.3858,1.2259,33.154,0,walk
27.9876,13183,0.8611,0.7693,0.3868,0.4756,32.931,0,walk
27.9897,13184,0.8587,0.7673,0.3855,1.2694,32.752,0,walk
27.9917,13185,0.8596,0.7681,0.386,1.5691,32.491,0,walk
27.9938,13186,0.8572,0.7661,0.3847,1.2276,32.313,0,walk
27.9958,13187,0.8593,0.7675,0.3865,0.1296,32.243,0,walk
27.9979,13188,0.8572,0.7655,0.3858,1.2241,31.979,0,walk
28.0001,13189,0.8591,0.7668,0.3872,1.4662,31.801,0,walk
28.0022,13190,0.8572,0.765,0.3866,1.2012,31.553,0,walk
28.0043,13191,0.859,0.7662,0.3883,0.3095,31.4,0,walk
28.0063,13192,0.8567,0.7642,0.3873,1.2282,31.317,0,walk
28.0084,13193,0.8571,0.7643,0.3879,1.4419,31.12,0,walk
28.0105,13194,0.8541,0.7617,0.3865,1.2239,30.958,0,walk
28.0125,13195,0.8551,0.7623,0.3874,0.6146,30.743,0,walk
28.0146,13196,0.8521,0.7598,0.3858,1.2193,30.587,0,walk
28.0168,13197,0.8542,0.7613,0.3873,1.2977,30.523,0,walk
28.0188,13198,0.8484,0.756,0.385,1.1875,30.372,0,walk
28.021,13199,0.8464,0.7538,0.3849,1.4387,30.048,0,walk
28.023,13200,0.8429,0.7507,0.3834,1.1946,29.909,0,walk
28.0251,13201,0.8435,0.7508,0.3844,0.1527,29.871,0,walk
28.0272,13202,0.8405,0.7482,0.383,1.2174,29.746,0,walk
28.0293,13203,0.8428,0.7499,0.3847,1.7007,29.667,0,walk
28.0313,13204,0.839,0.7465,0.383,1.227,29.453,0,walk
28.0334,13205,0.8406,0.7475,0.3845,0.813,29.403,0,walk
28.0354,13206,0.8383,0.7455,0.3834,1.2167,29.355,0,walk
28.0377,13207,0.8398,0.7465,0.3847,1.68,29.272,0,walk
28.0398,13208,0.8378,0.7448,0.3837,1.229,29.181,0,walk
28.0418,13209,0.8398,0.7464,0.3849,1.6001,29.063,0,walk
28.0439,13210,0.8367,0.7438,0.3834,1.1967,28.926,0,walk
28.046,13211,0.8385,0.745,0.3849,0.4515,28.879,0,walk
28.0481,13212,0.8368,0.7435,0.384,1.2086,28.785,0,walk
28.0501,13213,0.8385,0.7446,0.3856,0.4282,28.772,0,walk
28.0522,13214,0.8364,0.7427,0.3847,1.2525,28.624,0,walk
28.0547,13215,0.838,0.7438,0.3861,1.5723,28.586,0,walk
28.0568,13216,0.8357,0.7417,0.3851,1.2056,28.534,0,walk
28.0588,13217,0.8371,0.7425,0.3865,0.9241,28.477,0,walk
28.0608,13218,0.8336,0.7393,0.3851,1.2204,28.315,0,walk
28.0629,13219,0.8349,0.74,0.3868,0.9069,28.289,0,walk
28.065,13220,0.8331,0.7381,0.3863,1.226,28.18,0,walk
28.0671,13221,0.8353,0.7395,0.3884,1.6097,28.15,0,walk
28.0691,13222,0.8338,0.7378,0.3883,1.1428,28.043,0,walk
28.0713,13223,0.8361,0.7391,0.391,0.1574,28.1,0,walk
28.0733,13224,0.8346,0.7374,0.391,1.1903,27.939,0,walk
28.0754,13225,0.8363,0.7382,0.3931,1.5869,27.918,0,walk
28.0775,13226,0.8341,0.736,0.3926,1.2092,27.808,0,walk
28.0796,13227,0.8365,0.7375,0.3948,0.7407,27.924,0,walk
28.0816,13228,0.8329,0.7339,0.3939,1.2263,27.759,0,walk
28.0837,13229,0.8341,0.7342,0.3957,1.2353,27.783,0,walk
28.0858,13230,0.8316,0.7318,0.3951,1.2345,27.616,0,walk
28.0881,13231,0.8318,0.731,0.3967,1.1935,27.648,0,walk
28.0901,13232,0.8297,0.7289,0.3965,1.2171,27.538,0,walk
28.0925,13233,0.8313,0.7294,0.3987,1.1524,27.592,0,walk
28.0945,13234,0.8294,0.7274,0.3986,1.2469,27.43,0,walk
28.0967,13235,0.8311,0.7279,0.401,0.9899,27.494,0,walk
28.0991,13236,0.8327,0.7286,0.4032,1.2376,27.598,0,walk
28.1008,13237,0.8308,0.7265,0.4031,1.5213,27.493,0,walk
28.1033,13238,0.8312,0.7257,0.4052,1.2254,27.458,0,walk
28.1051,13239,0.8301,0.7246,0.4051,1.0383,27.406,0,walk
28.1084,13240,0.8302,0.7236,0.407,1.1438,27.474,0,walk
28.1099,13241,0.8268,0.72,0.4064,1.2552,27.319,0,walk
28.1127,13242,0.8291,0.7215,0.4085,1.3854,27.476,0,walk
28.1147,13243,0.8257,0.718,0.4078,1.232,27.268,0,walk
28.1168,13244,0.8268,0.7181,0.4097,0.7578,27.345,0,walk
28.1188,13245,0.8232,0.7145,0.4089,1.2581,27.238,0,walk
28.1209,13246,0.8254,0.7157,0.411,1.3457,27.349,0,walk
28.1229,13247,0.8218,0.712,0.4102,1.2538,27.186,0,walk
28.125,13248,0.8227,0.7121,0.412,1.2984,27.182,0,walk
28.1271,13249,0.8203,0.7096,0.4115,1.2807,27.07,0,walk
28.1292,13250,0.8223,0.7107,0.4135,1.2666,27.23,0,walk
28.1313,13251,0.8187,0.707,0.4127,1.2763,27.06,0,walk
28.1334,13252,0.8195,0.7069,0.4145,1.0728,27.069,0,walk
28.1355,13253,0.817,0.7044,0.414,1.3031,26.896,0,walk
28.1378,13254,0.8165,0.7029,0.4155,1.3549,26.898,0,walk
28.1399,13255,0.8139,0.7002,0.415,1.3147,26.838,0,walk
28.142,13256,0.8146,0.6999,0.4167,1.342,26.845,0,walk
28.144,13257,0.812,0.6972,0.4162,1.3106,26.726,0,walk
28.1462,13258,0.8126,0.6969,0.418,1.2994,26.72,0,walk
28.1482,13259,0.8101,0.6942,0.4175,1.302,26.6,0,walk
28.1503,13260,0.8106,0.6937,0.4193,1.1071,26.67,0,walk
28.1523,13261,0.808,0.6909,0.4189,1.3147,26.547,0,walk
28.1545,13262,0.8084,0.6903,0.4206,1.38,26.574,0,walk
28.1565,13263,0.8058,0.6875,0.4202,1.321,26.45,0,walk
28.1587,13264,0.8061,0.6869,0.422,1.1637,26.39,0,walk
28.1608,13265,0.8035,0.684,0.4215,1.3296,26.263,0,walk
28.1629,13266,0.8025,0.6819,0.4231,1.4084,26.258,0,walk
28.165,13267,0.7998,0.679,0.4226,1.3362,26.128,0,walk
28.1671,13268,0.8002,0.6784,0.4244,1.2155,26.114,0,walk
28.1692,13269,0.7976,0.6756,0.424,1.3346,25.916,0,walk
28.1713,13270,0.798,0.6749,0.4257,1.4336,25.895,0,walk
28.1733,13271,0.7955,0.6722,0.4253,1.3562,25.827,0,walk
28.1754,13272,0.796,0.6717,0.4272,1.3186,25.802,0,walk
28.1774,13273,0.7935,0.6689,0.4268,1.327,25.665,0,walk
28.1795,13274,0.7938,0.6681,0.4285,0.5499,25.563,0,walk
28.1815,13275,0.7913,0.6654,0.4282,1.3683,25.425,0,walk
28.1836,13276,0.7917,0.6648,0.4299,1.4288,25.446,0,walk
28.1856,13277,0.7892,0.6621,0.4296,1.3368,25.306,0,walk
28.1877,13278,0.7896,0.6614,0.4314,1.2566,25.24,0,walk
28.1898,13279,0.7872,0.6587,0.4311,1.3579,25.099,0,walk
28.1918,13280,0.7877,0.6581,0.4328,1.3434,24.978,0,walk
28.1938,13281,0.7841,0.6541,0.4324,1.3135,24.837,0,walk
28.196,13282,0.7845,0.6535,0.4341,1.527,24.802,0,walk
28.198,13283,0.7821,0.6508,0.4339,1.3659,24.66,0,walk
28.2001,13284,0.7837,0.6514,0.4357,1.3349,24.726,0,walk
28.2021,13285,0.7801,0.6473,0.4353,1.3361,24.445,0,walk
28.2044,13286,0.7805,0.6467,0.4371,1.3918,24.475,0,walk
28.2065,13287,0.7782,0.644,0.4369,1.3614,24.335,0,walk
28.2087,13288,0.7786,0.6434,0.4386,1.3838,24.279,0,walk
28.2108,13289,0.7763,0.6407,0.4384,1.366,24.139,0,walk
28.2128,13290,0.7757,0.6388,0.4401,1.2778,23.951,0,walk
28.2149,13291,0.7735,0.6362,0.4399,1.3554,23.811,0,walk
28.2169,13292,0.774,0.6357,0.4416,1.4857,23.827,0,walk
28.219,13293,0.7718,0.633,0.4414,1.3504,23.687,0,walk
28.2213,13294,0.7733,0.6338,0.4432,1.3849,23.701,0,walk
28.2233,13295,0.77,0.6298,0.4429,1.3353,23.424,0,walk
28.2255,13296,0.7705,0.6292,0.4447,1.14,23.39,0,walk
28.2275,13297,0.7682,0.6265,0.4446,1.3636,23.321,0,walk
28.2296,13298,0.7698,0.6272,0.4463,1.6312,23.353,0,walk
28.2316,13299,0.7664,0.6232,0.4461,1.3274,23.145,0,walk
28.2338,13300,0.7656,0.621,0.4478,1.1134,22.971,0,walk
28.2359,13301,0.7633,0.6183,0.4477,1.3763,22.836,0,walk
28.238,13302,0.7638,0.6176,0.4494,1.4371,22.87,0,walk
28.2401,13303,0.7615,0.6148,0.4492,1.3629,22.735,0,walk
28.2422,13304,0.763,0.6155,0.451,1.3299,22.764,0,walk
28.2442,13305,0.7597,0.6115,0.4508,1.3351,22.5,0,walk
28.2463,13306,0.7612,0.6121,0.4524,1.4053,22.554,0,walk
28.2483,13307,0.7578,0.6081,0.4522,1.345,22.424,0,walk
28.2504,13308,0.7583,0.6075,0.4538,1.3602,22.417,0,walk
28.2525,13309,0.7561,0.6048,0.4537,1.3703,22.29,0,walk
28.2545,13310,0.7564,0.6041,0.4553,1.0892,22.228,0,walk
28.2566,13311,0.7542,0.6014,0.4551,1.3998,22.107,0,walk
28.2587,13312,0.7558,0.6021,0.4569,1.2827,22.175,0,walk
28.2607,13313,0.7525,0.5981,0.4566,1.3265,22.056,0,walk
28.2628,13314,0.753,0.5976,0.4582,1.5433,22.056,0,walk
28.2648,13315,0.7508,0.595,0.458,1.3794,21.941,0,walk
28.2669,13316,0.7504,0.5933,0.4594,1.4741,21.802,0,walk
28.269,13317,0.7482,0.5907,0.4591,1.3334,21.746,0,walk
28.2711,13318,0.7486,0.5901,0.4606,0.6791,21.751,0,walk
28.2732,13319,0.7464,0.5875,0.4604,1.3991,21.641,0,walk
28.2753,13320,0.7479,0.5882,0.462,1.2548,21.705,0,walk
28.2773,13321,0.7447,0.5843,0.4617,1.3511,21.478,0,walk
28.2794,13322,0.7461,0.5848,0.4633,1.3493,21.561,0,walk
28.2815,13323,0.7427,0.5809,0.4628,1.3732,21.439,0,walk
28.2836,13324,0.7428,0.5801,0.4641,1.4532,21.452,0,walk
28.2857,13325,0.7404,0.5773,0.4636,1.4313,21.322,0,walk
28.2878,13326,0.7402,0.5765,0.4644,1.4686,21.298,0,walk
28.2899,13327,0.7376,0.574,0.4633,1.4437,21.243,0,walk
28.292,13328,0.7363,0.5727,0.4627,1.2972,21.25,0,walk
28.2941,13329,0.734,0.5711,0.4611,1.469,21.114,0,walk
28.2961,13330,0.7343,0.5714,0.4612,1.4853,21.219,0,walk
28.2982,13331,0.7324,0.57,0.4598,1.4473,21.181,0,walk
28.3003,13332,0.7338,0.5711,0.4607,0.9427,21.327,0,walk
28.3023,13333,0.7313,0.5693,0.459,1.4834,21.239,0,walk
28.3044,13334,0.7322,0.5701,0.4595,1.4289,21.358,0,walk
28.3065,13335,0.731,0.5693,0.4584,1.469,21.294,0,walk
28.3086,13336,0.7327,0.5708,0.4595,1.4981,21.466,0,walk
28.3106,13337,0.7312,0.57,0.458,1.4858,21.427,0,walk
28.313,13338,0.7321,0.5711,0.458,0.5607,21.584,0,walk
28.315,13339,0.7314,0.5712,0.4568,1.5397,21.55,0,walk
28.3171,13340,0.733,0.5733,0.4567,1.5368,21.704,0,walk
28.3191,13341,0.7322,0.5738,0.4549,1.514,21.671,0,walk
28.3212,13342,0.7338,0.576,0.4546,1.5318,21.863,0,walk
28.3232,13343,0.7331,0.5766,0.4527,1.5206,21.83,0,walk
28.3253,13344,0.7347,0.5789,0.4525,1.4641,22.015,0,walk
28.3273,13345,0.734,0.5794,0.4506,1.5093,21.975,0,walk
28.3295,13346,0.736,0.5813,0.4513,1.4824,22.206,0,walk
28.3315,13347,0.7345,0.5811,0.4493,1.5078,22.111,0,walk
28.3336,13348,0.7355,0.5818,0.45,1.5309,22.327,0,walk
28.3357,13349,0.7342,0.5804,0.4495,1.4862,22.274,0,walk
28.3378,13350,0.7351,0.5807,0.4507,1.533,22.461,0,walk
28.3399,13351,0.7331,0.5783,0.4505,1.4752,22.353,0,walk
28.3419,13352,0.7347,0.5792,0.452,1.3987,22.557,0,walk
28.344,13353,0.7329,0.5768,0.4522,1.4668,22.471,0,walk
28.3461,13354,0.7345,0.5776,0.4538,1.2492,22.706,0,walk
28.3481,13355,0.7328,0.5752,0.454,1.489,22.615,0,walk
28.3502,13356,0.7348,0.5765,0.4556,1.4926,22.93,0,walk
28.3522,13357,0.7325,0.5738,0.4553,1.3774,22.806,0,walk
28.355,13358,0.7313,0.5726,0.4549,1.7344,22.978,0,walk
28.357,13359,0.7291,0.5709,0.4535,1.516,22.964,0,walk
28.3592,13360,0.7291,0.5709,0.4536,1.399,23.151,0,walk
28.3615,13361,0.7293,0.571,0.4537,1.5137,23.381,0,walk
28.3633,13362,0.7275,0.5698,0.4523,1.6047,23.375,0,walk
28.3653,13363,0.7259,0.5689,0.451,1.52,23.377,0,walk
28.3674,13364,0.7267,0.5697,0.4513,1.3928,23.603,0,walk
28.3694,13365,0.7256,0.569,0.4503,1.5274,23.608,0,walk
28.3715,13366,0.7269,0.5701,0.451,1.5339,23.868,0,walk
28.3735,13367,0.726,0.5695,0.4502,1.4962,23.887,0,walk
28.3756,13368,0.7274,0.5705,0.4512,1.5235,24.161,0,walk
28.3777,13369,0.7266,0.5696,0.4512,1.4929,24.171,0,walk
28.3798,13370,0.7281,0.5701,0.4528,1.2491,24.415,0,walk
28.3818,13371,0.7274,0.569,0.4531,1.5033,24.417,0,walk
28.3838,13372,0.7286,0.569,0.4552,1.4854,24.675,0,walk
28.3859,13373,0.7287,0.5687,0.4556,1.4609,24.655,0,walk
28.3879,13374,0.7318,0.571,0.4577,1.0465,24.886,0,walk
28.39,13375,0.733,0.5721,0.4582,1.5166,24.877,0,walk
28.392,13376,0.7364,0.575,0.4601,1.5614,25.113,0,walk
28.3941,13377,0.7374,0.5759,0.4605,1.4976,25.097,0,walk
28.3962,13378,0.7399,0.5779,0.4621,1.4886,25.352,0,walk
28.3982,13379,0.7396,0.5777,0.4618,1.5037,25.349,0,walk
28.4003,13380,0.7412,0.5788,0.4631,1.4857,25.571,0,walk
28.4023,13381,0.7404,0.578,0.4627,1.4858,25.579,0,walk
28.4044,13382,0.7418,0.5788,0.464,1.405,25.846,0,walk
28.4064,13383,0.7409,0.5779,0.4637,1.496,25.86,0,walk
28.4085,13384,0.7425,0.5787,0.4651,1.5604,26.094,0,walk
28.4106,13385,0.7418,0.5778,0.4651,1.4724,26.109,0,walk
28.4126,13386,0.7434,0.5786,0.4667,1.3772,26.335,0,walk
28.4147,13387,0.7427,0.5777,0.4668,1.4747,26.354,0,walk
28.4167,13388,0.7443,0.5785,0.4684,1.5321,26.571,0,walk
28.4188,13389,0.7436,0.5775,0.4684,1.4641,26.576,0,walk
28.4211,13390,0.7455,0.5786,0.47,1.2288,26.795,0,walk
28.4231,13391,0.744,0.5766,0.4702,1.4822,26.811,0,walk
28.4251,13392,0.7456,0.5772,0.4719,1.4861,27.024,0,walk
28.4272,13393,0.7447,0.5761,0.4719,1.4605,27.027,0,walk
28.4293,13394,0.746,0.5766,0.4734,1.3272,27.216,0,walk
28.4313,13395,0.7451,0.5754,0.4734,1.4767,27.217,0,walk
28.4335,13396,0.7464,0.5759,0.4748,1.5812,27.517,0,walk
28.4355,13397,0.7455,0.5747,0.4748,1.4697,27.515,0,walk
28.4378,13398,0.7469,0.5754,0.4763,1.4502,27.708,0,walk
28.4398,13399,0.746,0.5742,0.4762,1.4426,27.7,0,walk
28.442,13400,0.7474,0.5748,0.4777,1.4556,27.92,0,walk
28.444,13401,0.746,0.5731,0.4776,1.4424,27.906,0,walk
28.4462,13402,0.7475,0.5738,0.4791,1.4414,28.097,0,walk
28.4483,13403,0.7466,0.5726,0.4791,1.4244,28.077,0,walk
28.4505,13404,0.7486,0.5739,0.4806,1.228,28.271,0,walk
28.4525,13405,0.7473,0.5722,0.4806,1.4384,28.247,0,walk
28.4546,13406,0.7493,0.5734,0.4824,1.4577,28.416,0,walk
28.4567,13407,0.7493,0.5731,0.4827,1.4547,28.397,0,walk
28.4588,13408,0.7517,0.5746,0.4847,1.4189,28.558,0,walk
28.4608,13409,0.7516,0.5739,0.4852,1.4447,28.52,0,walk
28.463,13410,0.7538,0.5754,0.4871,1.3453,28.723,0,walk
28.4651,13411,0.7533,0.5744,0.4874,1.4464,28.682,0,walk
28.4672,13412,0.7553,0.5754,0.4893,1.4931,28.884,0,walk
28.4693,13413,0.7548,0.5745,0.4895,1.4325,28.837,0,walk
28.4715,13414,0.7566,0.5754,0.4913,1.4248,29.015,0,walk
28.4736,13415,0.7559,0.5743,0.4914,1.4353,28.998,0,walk
28.4758,13416,0.7575,0.575,0.4932,1.4536,29.169,0,walk
28.4779,13417,0.7563,0.5733,0.4933,1.4454,29.116,0,walk
28.48,13418,0.7581,0.5743,0.4949,0.5539,29.311,0,walk
28.4821,13419,0.7569,0.5726,0.495,1.4959,29.254,0,walk
28.4842,13420,0.7583,0.5731,0.4967,1.54,29.462,0,walk
28.4867,13421,0.7599,0.5735,0.4985,1.4591,29.671,0,walk
28.4886,13422,0.759,0.5723,0.4985,1.3317,29.63,0,walk
28.4918,13423,0.7602,0.5723,0.5003,1.4986,29.765,0,walk
28.4929,13424,0.7593,0.5711,0.5004,1.433,29.722,0,walk
28.4954,13425,0.7613,0.5723,0.5021,1.427,29.909,0,walk
28.4971,13426,0.7601,0.5705,0.5023,1.4353,29.842,0,walk
28.4992,13427,0.7616,0.571,0.504,1.4581,30.0,0,walk
28.5012,13428,0.7608,0.5698,0.5041,1.4359,29.929,0,walk
28.5043,13429,0.7625,0.5704,0.506,1.4118,30.079,0,walk
28.5054,13430,0.7616,0.5692,0.5061,1.4152,30.054,0,walk
28.5075,13431,0.7633,0.5697,0.508,1.4093,30.184,0,walk
28.5095,13432,0.7624,0.5685,0.5081,1.4073,30.132,0,walk
28.5116,13433,0.7644,0.5689,0.5105,0.6826,30.494,0,walk
28.5136,13434,0.7635,0.5676,0.5106,1.3713,30.412,0,walk
28.5158,13435,0.7651,0.5682,0.5125,0.8975,30.557,0,walk
28.5178,13436,0.7638,0.5662,0.5127,1.409,30.469,0,walk
28.5203,13437,0.7656,0.5668,0.5147,1.3026,30.631,0,walk
28.522,13438,0.7647,0.5654,0.5148,1.3779,30.536,0,walk
28.5241,13439,0.7662,0.5657,0.5167,0.4739,30.654,0,walk
28.5261,13440,0.7652,0.5643,0.5168,1.4445,30.587,0,walk
28.5293,13441,0.7669,0.5648,0.5187,1.4472,30.743,0,walk
28.5303,13442,0.7659,0.5633,0.5189,1.4074,30.674,0,walk
28.5334,13443,0.7677,0.5638,0.521,1.3236,30.825,0,walk
28.5345,13444,0.7667,0.5624,0.5212,1.3749,30.712,0,walk
28.5377,13445,0.7684,0.5627,0.5233,1.1559,30.822,0,walk
28.5387,13446,0.7675,0.5613,0.5235,1.3969,30.782,0,walk
28.5408,13447,0.7692,0.5617,0.5256,1.4071,30.9,0,walk
28.5428,13448,0.7679,0.5594,0.526,1.3681,30.775,0,walk
28.5453,13449,0.7696,0.5598,0.528,1.4332,30.91,0,walk
28.547,13450,0.7686,0.5583,0.5283,1.391,30.782,0,walk
28.5501,13451,0.7704,0.5587,0.5304,1.3227,30.885,0,walk
28.5512,13452,0.7694,0.5571,0.5307,1.3811,30.84,0,walk
28.5542,13453,0.7711,0.5574,0.5329,1.2516,30.931,0,walk
28.5553,13454,0.7702,0.5559,0.5331,1.391,30.84,0,walk
28.558,13455,0.772,0.5562,0.5353,1.3838,30.971,0,walk
28.5595,13456,0.771,0.5546,0.5356,1.368,30.827,0,walk
28.5627,13457,0.7727,0.5548,0.5377,1.4849,30.91,0,walk
28.5637,13458,0.7717,0.5532,0.538,1.3972,30.862,0,walk
28.5664,13459,0.7734,0.5534,0.5403,1.2178,30.957,0,walk
28.5679,13460,0.7719,0.5509,0.5407,1.3525,30.808,0,walk
28.57,13461,0.7738,0.5512,0.5431,1.3696,30.868,0,walk
28.572,13462,0.7729,0.5496,0.5434,1.3498,30.769,0,walk
28.5747,13463,0.7747,0.5499,0.5456,1.4307,30.915,0,walk
28.5763,13464,0.7738,0.5484,0.5459,1.3805,30.817,0,walk
28.5783,13465,0.7759,0.5491,0.5482,1.3281,30.874,0,walk
28.5803,13466,0.7754,0.548,0.5486,1.3721,30.78,0,walk
28.5834,13467,0.7776,0.5488,0.5509,1.4127,30.847,0,walk
28.5846,13468,0.7771,0.5476,0.5513,1.379,30.757,0,walk
28.5866,13469,0.7791,0.5481,0.5537,1.2034,30.851,0,walk
28.5887,13470,0.7785,0.547,0.554,1.3643,30.764,0,walk
28.5908,13471,0.7806,0.5477,0.5562,1.4477,30.854,0,walk
28.5928,13472,0.78,0.5466,0.5565,1.3859,30.733,0,walk
28.595,13473,0.782,0.5473,0.5585,1.5204,30.813,0,walk
28.5969,13474,0.7808,0.5453,0.5589,1.3923,30.735,0,walk
28.5991,13475,0.7832,0.5466,0.5609,1.3361,30.852,0,walk
28.6011,13476,0.7821,0.5449,0.5611,1.3616,30.742,0,walk
28.6033,13477,0.7843,0.5457,0.5633,1.3272,30.818,0,walk
28.6053,13478,0.7835,0.5445,0.5634,1.3272,30.75,0,walk
28.6074,13479,0.7855,0.5452,0.5654,1.3796,30.876,0,walk
28.6095,13480,0.7846,0.5439,0.5655,1.3637,30.812,0,walk
28.6127,13481,0.7864,0.5442,0.5677,1.2853,30.901,0,walk
28.6138,13482,0.7855,0.5427,0.5679,1.3414,30.836,0,walk
28.6159,13483,0.7874,0.5429,0.5702,1.319,30.935,0,walk
28.6179,13484,0.7865,0.5416,0.5703,1.2412,30.903,0,walk
28.62,13485,0.7882,0.5422,0.5721,2.6047,31.004,0,walk
28.622,13486,0.7873,0.5409,0.5722,1.3955,30.942,0,walk
28.6251,13487,0.7895,0.542,0.574,1.211,31.047,0,walk
28.6263,13488,0.7881,0.5399,0.5741,1.3864,30.905,0,walk
28.6302,13489,0.7896,0.5403,0.5758,1.418,30.998,0,walk
28.6322,13490,0.7876,0.538,0.5752,1.4099,30.832,0,walk
28.6344,13491,0.7891,0.5387,0.5766,1.0236,30.823,0,walk
28.6376,13492,0.791,0.5399,0.5781,1.3849,30.952,0,walk
28.6397,13493,0.7896,0.5386,0.5773,1.3386,30.872,0,walk
28.6417,13494,0.7915,0.5397,0.5789,1.3697,30.956,0,walk
28.6438,13495,0.7905,0.5388,0.5785,1.3441,30.911,0,walk
28.646,13496,0.7924,0.5398,0.5801,1.3989,31.055,0,walk
28.648,13497,0.7909,0.5382,0.5795,1.334,30.984,0,walk
28.6501,13498,0.7927,0.5392,0.5811,1.2785,31.082,0,walk
28.6522,13499,0.7917,0.5382,0.5807,1.3624,31.03,0,walk
28.6543,13500,0.7936,0.5391,0.5824,1.3392,31.16,0,walk
28.6563,13501,0.7926,0.5379,0.5821,1.3422,31.102,0,walk
28.6583,13502,0.7944,0.5388,0.5837,1.4162,31.192,0,walk
28.6604,13503,0.7935,0.5378,0.5834,1.3402,31.089,0,walk
28.6625,13504,0.7953,0.5388,0.585,1.1074,31.133,0,walk
28.6646,13505,0.7945,0.5379,0.5847,1.3761,31.094,0,walk
28.6667,13506,0.7965,0.5389,0.5865,1.325,31.199,0,walk
28.6688,13507,0.7954,0.5376,0.5862,1.3216,31.108,0,walk
28.6709,13508,0.7974,0.5386,0.588,1.3901,31.209,0,walk
28.6729,13509,0.7962,0.5372,0.5876,1.3047,30.992,0,walk
28.6752,13510,0.798,0.5381,0.5893,1.0581,31.083,0,walk
28.6772,13511,0.7968,0.537,0.5887,1.3353,30.974,0,walk
28.6794,13512,0.7982,0.5377,0.59,1.5033,31.011,0,walk
28.6815,13513,0.7969,0.5364,0.5893,1.3575,30.837,0,walk
28.6836,13514,0.7986,0.5372,0.5909,1.2706,30.929,0,walk
28.6856,13515,0.7972,0.536,0.5902,1.2877,30.868,0,walk
28.6877,13516,0.7989,0.5368,0.5917,1.3239,30.928,0,walk
28.6897,13517,0.7976,0.5355,0.5911,1.294,30.803,0,walk
28.6918,13518,0.7984,0.5358,0.592,0.787,30.692,0,walk
28.6939,13519,0.7971,0.5347,0.5911,1.3396,30.556,0,walk
28.6961,13520,0.7986,0.5357,0.5923,1.2961,30.629,0,walk
28.6982,13521,0.7973,0.5347,0.5914,1.3475,30.489,0,walk
28.7003,13522,0.7992,0.5359,0.5929,1.2828,30.591,0,walk
28.7023,13523,0.7979,0.5351,0.5918,1.2647,30.452,0,walk
28.7044,13524,0.7995,0.5363,0.5929,0.5255,30.394,0,walk
28.7065,13525,0.7982,0.5356,0.5919,1.3206,30.248,0,walk
28.7086,13526,0.8006,0.5374,0.5935,1.3722,30.436,0,walk
28.7106,13527,0.7988,0.5361,0.5921,1.2997,30.218,0,walk
28.7128,13528,0.8011,0.5381,0.5934,1.2461,30.382,0,walk
28.7148,13529,0.7998,0.5375,0.5922,1.1654,30.158,0,walk
28.7169,13530,0.8006,0.5388,0.5921,2.5049,30.031,0,walk
28.719,13531,0.7992,0.5385,0.5905,1.3552,29.953,0,walk
28.721,13532,0.8007,0.5402,0.591,1.3579,29.951,0,walk
28.7231,13533,0.7994,0.5399,0.5895,1.3287,29.789,0,walk
28.7252,13534,0.8011,0.5415,0.5903,1.2309,29.727,0,walk
28.7272,13535,0.7998,0.5412,0.5888,1.3406,29.562,0,walk
28.7293,13536,0.8021,0.5431,0.5903,1.2548,29.616,0,walk
28.7313,13537,0.8002,0.5428,0.5879,1.3504,29.445,0,walk
28.7335,13538,0.8021,0.5447,0.5888,1.343,29.457,0,walk
28.7356,13539,0.8007,0.5446,0.587,1.308,29.196,0,walk
28.7377,13540,0.8026,0.5468,0.5875,1.3831,29.2,0,walk
28.7397,13541,0.8014,0.5467,0.5861,1.2759,29.11,0,walk
28.7418,13542,0.8042,0.5493,0.5873,1.164,29.21,0,walk
28.7439,13543,0.8023,0.5494,0.5847,1.1684,28.928,0,walk
28.746,13544,0.8046,0.5517,0.5857,2.7207,28.992,0,walk
28.748,13545,0.8026,0.5521,0.5826,1.3464,28.604,0,walk
28.7501,13546,0.8045,0.5547,0.5827,1.2283,28.684,0,walk
28.7521,13547,0.8033,0.5551,0.5806,1.3014,28.478,0,walk
28.7542,13548,0.8052,0.5576,0.5809,1.2608,28.469,0,walk
28.7562,13549,0.8043,0.5578,0.5794,1.3168,28.153,0,walk
28.7583,13550,0.8062,0.5602,0.5798,1.2559,28.072,0,walk
28.7605,13551,0.8051,0.5607,0.5777,1.3556,27.962,0,walk
28.7626,13552,0.8071,0.5635,0.5779,1.3645,27.917,0,walk
28.7646,13553,0.8061,0.5639,0.5761,1.3145,27.69,0,walk
28.7668,13554,0.8085,0.5666,0.5767,1.381,27.655,0,walk
28.7689,13555,0.8072,0.5671,0.5744,1.2896,27.187,0,walk
28.771,13556,0.8096,0.5696,0.5754,1.2068,27.238,0,walk
28.773,13557,0.8088,0.5698,0.574,1.2893,26.998,0,walk
28.7751,13558,0.8114,0.5723,0.5751,1.2996,26.934,0,walk
28.7772,13559,0.8105,0.5726,0.5736,1.28,26.69,0,walk
28.7792,13560,0.8128,0.5751,0.5744,1.3616,26.51,0,walk
28.7813,13561,0.8121,0.5752,0.5733,1.2781,26.26,0,walk
28.7834,13562,0.8148,0.5775,0.5748,1.2231,26.335,0,walk
28.7854,13563,0.8141,0.5775,0.5738,1.2694,26.085,0,walk
28.7876,13564,0.8169,0.5798,0.5754,1.2529,26.132,0,walk
28.7896,13565,0.8157,0.5799,0.5737,1.2931,25.754,0,walk
28.7917,13566,0.8182,0.5821,0.5749,1.3321,25.57,0,walk
28.7937,13567,0.8174,0.5821,0.5738,1.2943,25.315,0,walk
28.7958,13568,0.8192,0.5844,0.5741,1.259,25.221,0,walk
28.7979,13569,0.8179,0.5845,0.5721,1.3009,24.965,0,walk
28.8001,13570,0.8198,0.5868,0.5725,1.284,24.871,0,walk
28.8021,13571,0.8186,0.587,0.5705,1.3084,24.495,0,walk
28.8042,13572,0.8204,0.5898,0.5702,1.2706,24.436,0,walk
28.8062,13573,0.8187,0.5902,0.5673,1.2983,24.315,0,walk
28.8083,13574,0.8204,0.5931,0.5669,1.1717,24.216,0,walk
28.8103,13575,0.8188,0.5937,0.564,1.3059,23.871,0,walk
28.8126,13576,0.8208,0.5967,0.5636,1.1646,23.702,0,walk
28.8146,13577,0.8194,0.5972,0.561,1.2743,23.594,0,walk
28.8167,13578,0.8214,0.6,0.5609,0.9933,23.488,0,walk
28.8188,13579,0.8201,0.6005,0.5586,1.3117,23.28,0,walk
28.8209,13580,0.8227,0.6029,0.5598,1.2183,23.217,0,walk
28.8229,13581,0.8205,0.6036,0.5558,1.3529,22.925,0,walk
28.825,13582,0.8227,0.6062,0.5563,1.2917,22.815,0,walk
28.827,13583,0.8216,0.6066,0.5541,1.3261,22.625,0,walk
28.8292,13584,0.8239,0.6093,0.5546,1.2812,22.432,0,walk
28.8313,13585,0.8227,0.6098,0.5523,1.311,22.246,0,walk
28.8333,13586,0.8259,0.6127,0.5538,1.1659,22.257,0,walk
28.8353,13587,0.8245,0.6133,0.5511,1.2505,22.072,0,walk
28.8376,13588,0.8267,0.616,0.5514,2.7037,21.972,0,walk
28.8396,13589,0.8259,0.6164,0.5497,1.3278,21.783,0,walk
28.8417,13590,0.8286,0.6187,0.5512,1.3269,21.682,0,walk
28.8438,13591,0.8278,0.6192,0.5494,1.3666,21.389,0,walk
28.8459,13592,0.8306,0.6221,0.5503,1.2564,21.238,0,walk
28.8479,13593,0.8302,0.6225,0.5493,1.2685,21.043,0,walk
28.8501,13594,0.8335,0.6255,0.5509,1.2159,20.852,0,walk
28.8521,13595,0.8336,0.6259,0.5505,1.2398,20.591,0,walk
28.8542,13596,0.8377,0.6291,0.5532,1.1328,20.482,0,walk
28.8563,13597,0.838,0.6295,0.5531,1.1544,20.329,0,walk
28.8583,13598,0.8413,0.6321,0.5552,2.7294,20.253,0,walk
28.8604,13599,0.8415,0.6325,0.5551,1.325,20.112,0,walk
28.8625,13600,0.8451,0.6351,0.5576,1.2218,20.065,0,walk
28.8645,13601,0.8456,0.6357,0.5576,1.2371,19.874,0,walk
28.8668,13602,0.8494,0.6385,0.5602,1.1697,19.719,0,walk
28.8688,13603,0.8494,0.6389,0.5597,1.2494,19.613,0,walk
28.8709,13604,0.8497,0.6425,0.5561,0.676,19.502,0,walk
28.8729,13605,0.8467,0.6434,0.5503,1.1161,19.388,0,walk
28.875,13606,0.8472,0.6471,0.5469,1.2174,19.274,0,walk
28.8771,13607,0.8446,0.6484,0.5412,1.0648,19.174,0,walk
28.8792,13608,0.8468,0.6515,0.5409,1.1087,19.06,0,walk
28.8813,13609,0.8439,0.6535,0.534,1.0001,18.916,0,walk
28.8834,13610,0.8461,0.6574,0.5327,1.2207,18.846,0,walk
28.8854,13611,0.8448,0.6585,0.5292,1.122,18.744,0,walk
28.8875,13612,0.8471,0.662,0.5285,0.6556,18.608,0,walk
28.8896,13613,0.8461,0.6629,0.5258,1.1814,18.451,0,walk
28.8917,13614,0.8489,0.6656,0.5268,1.2496,18.394,0,walk
28.8938,13615,0.8477,0.6667,0.5236,1.1858,18.284,0,walk
28.8963,13616,0.8506,0.6697,0.5244,1.157,18.251,0,walk
28.8983,13617,0.8495,0.6704,0.5218,1.163,18.104,0,walk
28.9005,13618,0.8519,0.673,0.5224,2.5504,17.989,0,walk
28.9026,13619,0.8512,0.6732,0.5209,1.2846,17.896,0,walk
28.9047,13620,0.8538,0.6758,0.5218,1.255,17.816,0,walk
28.9067,13621,0.8528,0.6761,0.5198,1.1943,17.744,0,walk
28.9088,13622,0.8553,0.6783,0.521,2.2046,17.536,0,walk
28.9108,13623,0.8542,0.6785,0.5191,1.2633,17.431,0,walk
28.913,13624,0.8571,0.6813,0.5202,1.1882,17.295,0,walk
28.915,13625,0.8565,0.6813,0.519,1.1434,17.216,0,walk
28.9171,13626,0.8592,0.6839,0.5201,1.1492,17.226,0,walk
28.9192,13627,0.8586,0.6839,0.519,1.1995,17.143,0,walk
28.9213,13628,0.8612,0.6864,0.5202,1.2271,17.111,0,walk
28.9233,13629,0.8606,0.6864,0.5191,1.2166,17.021,0,walk
28.9254,13630,0.8635,0.6891,0.5203,1.0525,16.899,0,walk
28.9275,13631,0.8628,0.6891,0.5193,1.1592,16.8,0,walk
28.9296,13632,0.8655,0.6917,0.5204,0.8507,16.776,0,walk
28.9316,13633,0.8649,0.6917,0.5193,1.1805,16.674,0,walk
28.9338,13634,0.8675,0.6943,0.5201,1.1611,16.524,0,walk
28.9359,13635,0.8669,0.6943,0.5191,1.1343,16.361,0,walk
28.9379,13636,0.8695,0.6967,0.5202,0.5451,16.286,0,walk
28.94,13637,0.8688,0.6967,0.5191,1.2068,16.173,0,walk
28.942,13638,0.8714,0.6992,0.5201,0.6266,16.189,0,walk
28.9441,13639,0.8708,0.6992,0.519,1.1667,16.072,0,walk
28.9461,13640,0.8735,0.7015,0.5205,1.2616,16.048,0,walk
28.9482,13641,0.8725,0.7014,0.5189,1.2053,15.804,0,walk
28.9503,13642,0.8749,0.7037,0.5199,1.2906,15.719,0,walk
28.9523,13643,0.8742,0.7036,0.5188,1.2194,15.591,0,walk
28.9543,13644,0.8765,0.7058,0.5198,1.2661,15.572,0,walk
28.9564,13645,0.8758,0.7057,0.5187,1.2419,15.441,0,walk
28.9584,13646,0.878,0.7078,0.5196,1.3361,15.302,0,walk
28.9605,13647,0.8773,0.7077,0.5186,1.2559,15.097,0,walk
28.9625,13648,0.8791,0.7094,0.5191,2.5744,14.69,0,walk
28.9646,13649,0.8784,0.7093,0.5181,1.3505,14.548,0,walk
28.9667,13650,0.8801,0.7112,0.5184,1.3399,14.47,0,walk
28.9688,13651,0.8795,0.7112,0.5174,1.2636,14.323,0,walk
28.9708,13652,0.882,0.7131,0.519,1.2941,14.259,0,walk
28.9729,13653,0.881,0.713,0.5175,1.2475,13.956,0,walk
28.975,13654,0.8832,0.7151,0.5183,0.5468,13.888,0,walk
28.977,13655,0.8825,0.715,0.5173,1.2163,13.73,0,walk
28.9792,13656,0.8847,0.717,0.5182,1.3073,13.722,0,walk
28.9813,13657,0.884,0.7169,0.5172,1.2193,13.561,0,walk
28.9834,13658,0.8861,0.7188,0.5182,1.3134,13.477,0,walk
28.9854,13659,0.8852,0.7181,0.5177,1.2464,13.233,0,walk
28.9875,13660,0.8871,0.7192,0.5193,1.3228,13.112,0,walk
28.9896,13661,0.8863,0.7185,0.519,1.2705,13.035,0,walk
28.9916,13662,0.8882,0.7197,0.5206,1.1769,12.964,0,walk
28.9937,13663,0.8873,0.7187,0.5203,1.2761,12.819,0,walk
28.9959,13664,0.8892,0.7198,0.522,1.2519,12.707,0,walk
28.9979,13665,0.8878,0.7184,0.5215,1.2539,12.519,0,walk
29.0,13666,0.8901,0.72,0.5233,1.3464,12.598,0,walk
29.002,13667,0.8888,0.719,0.5225,1.2803,12.427,0,walk
29.0042,13668,0.8908,0.7205,0.5239,0.9489,12.431,0,walk
29.0063,13669,0.89,0.7199,0.5233,1.238,12.291,0,walk
29.0083,13670,0.892,0.7213,0.5248,1.3251,12.285,0,walk
29.0103,13671,0.8913,0.7209,0.5242,1.2375,12.247,0,walk
29.0125,13672,0.8933,0.7223,0.5256,1.3519,12.272,0,walk
29.0146,13673,0.8926,0.7219,0.525,1.263,12.214,0,walk
29.0167,13674,0.8947,0.7235,0.5263,0.9389,12.269,0,walk
29.0188,13675,0.8938,0.723,0.5254,1.2417,12.218,0,walk
29.0208,13676,0.8959,0.7247,0.5268,1.344,12.303,0,walk
29.0229,13677,0.8954,0.7245,0.5262,1.2544,12.283,0,walk
29.025,13678,0.8979,0.7263,0.5279,1.2698,12.39,0,walk
29.027,13679,0.8971,0.726,0.5271,1.2519,12.381,0,walk
29.0295,13680,0.8994,0.7277,0.5285,1.2252,12.507,0,walk
29.0317,13681,0.8989,0.7275,0.528,1.2505,12.514,0,walk
29.0339,13682,0.9011,0.7292,0.5294,1.3674,12.635,0,walk
29.0359,13683,0.9005,0.729,0.5287,1.2695,12.675,0,walk
29.038,13684,0.903,0.7308,0.5303,1.1798,12.81,0,walk
29.04,13685,0.9024,0.7307,0.5295,1.2485,12.869,0,walk
29.0421,13686,0.9047,0.7325,0.5309,1.3578,12.993,0,walk
29.0441,13687,0.9043,0.7324,0.5304,1.2692,13.04,0,walk
29.0462,13688,0.9065,0.7341,0.5319,1.2414,13.182,0,walk
29.0483,13689,0.9062,0.734,0.5314,1.2826,13.267,0,walk
29.0503,13690,0.9085,0.7358,0.5329,1.1684,13.446,0,walk
29.0524,13691,0.9082,0.7357,0.5325,1.2731,13.478,0,walk
29.0544,13692,0.9107,0.7375,0.5343,1.3779,13.596,0,walk
29.0565,13693,0.9103,0.7373,0.5338,1.2926,13.702,0,walk
29.0586,13694,0.9126,0.739,0.5354,1.2902,13.887,0,walk
29.0606,13695,0.9123,0.7389,0.5352,1.3089,14.004,0,walk
29.0627,13696,0.9146,0.7405,0.5368,1.1953,14.169,0,walk
29.0648,13697,0.9143,0.7403,0.5366,1.3305,14.254,0,walk
29.0668,13698,0.9166,0.7419,0.5384,1.4109,14.435,0,walk
29.0689,13699,0.9164,0.7417,0.5383,1.3399,14.524,0,walk
29.0709,13700,0.9188,0.7433,0.5401,1.262,14.732,0,walk
29.073,13701,0.9186,0.7431,0.5401,1.3458,14.825,0,walk
29.075,13702,0.9212,0.7447,0.5422,1.351,15.106,0,walk
29.0771,13703,0.9211,0.7445,0.5422,1.3265,15.153,0,walk
29.0792,13704,0.9233,0.7458,0.5442,0.6579,15.319,0,walk
29.0812,13705,0.9231,0.7455,0.5443,1.425,15.416,0,walk
29.0833,13706,0.9253,0.7468,0.5464,1.2118,15.635,0,walk
29.0854,13707,0.9251,0.7463,0.5465,1.3936,15.682,0,walk
29.0876,13708,0.9273,0.7476,0.5486,1.2911,15.844,0,walk
29.0897,13709,0.9271,0.7472,0.5488,1.3716,15.935,0,walk
29.0918,13710,0.929,0.7481,0.5509,1.4218,16.161,0,walk
29.0938,13711,0.9288,0.7477,0.551,1.4243,16.244,0,walk
29.0959,13712,0.931,0.7489,0.553,1.3511,16.31,0,walk
29.098,13713,0.9307,0.7485,0.5532,1.4117,16.389,0,walk
29.1001,13714,0.9331,0.7498,0.5553,1.3877,16.512,0,walk
29.1021,13715,0.9329,0.7495,0.5555,1.3978,16.619,0,walk
29.1043,13716,0.9352,0.7509,0.5575,1.4298,16.612,0,walk
29.1063,13717,0.9349,0.7503,0.5578,1.4206,16.677,0,walk
29.1084,13718,0.9372,0.7516,0.5599,1.3473,16.74,0,walk
29.1104,13719,0.937,0.7512,0.5601,1.4074,16.799,0,walk
29.1125,13720,0.9393,0.7526,0.5621,1.4479,16.823,0,walk
29.1146,13721,0.939,0.7522,0.5622,1.4437,16.926,0,walk
29.1167,13722,0.9411,0.7533,0.564,1.2606,16.95,0,walk
29.1187,13723,0.9407,0.7528,0.5641,1.4648,17.017,0,walk
29.121,13724,0.943,0.7543,0.5659,1.4543,17.024,0,walk
29.123,13725,0.9425,0.7536,0.5661,1.4624,17.101,0,walk
29.1251,13726,0.9447,0.7548,0.5681,1.4526,17.056,0,walk
29.1272,13727,0.9445,0.7545,0.5682,1.4371,17.086,0,walk
29.1292,13728,0.9466,0.7557,0.57,1.0356,17.1,0,walk
29.1313,13729,0.9464,0.7554,0.5702,1.4748,17.121,0,walk
29.1334,13730,0.9485,0.7567,0.572,1.4927,17.057,0,walk
29.1355,13731,0.9483,0.7562,0.5722,1.49,17.084,0,walk
29.1375,13732,0.9504,0.7574,0.5742,1.4601,17.081,0,walk
29.1396,13733,0.9503,0.7571,0.5744,1.4785,17.098,0,walk
29.1417,13734,0.9525,0.7584,0.5763,1.0554,17.046,0,walk
29.1438,13735,0.9524,0.7581,0.5765,1.4558,17.053,0,walk
29.1459,13736,0.9545,0.7592,0.5785,1.4517,17.012,0,walk
29.148,13737,0.9544,0.759,0.5787,1.4934,17.017,0,walk
29.15,13738,0.9567,0.7603,0.5807,1.3842,16.939,0,walk
29.1521,13739,0.9566,0.76,0.5809,1.4641,16.939,0,walk
29.1541,13740,0.9588,0.7612,0.583,1.4403,16.879,0,walk
29.1562,13741,0.9587,0.761,0.5832,1.4935,16.883,0,walk
29.1583,13742,0.9608,0.7621,0.5851,0.8505,16.781,0,walk
29.1604,13743,0.9608,0.762,0.5853,1.5049,16.781,0,walk
29.1626,13744,0.9632,0.7633,0.5876,1.4157,16.716,0,walk
29.1647,13745,0.9633,0.7632,0.5878,1.4733,16.713,0,walk
29.167,13746,0.9656,0.7644,0.59,1.3018,16.615,0,walk
29.1691,13747,0.9656,0.7642,0.5903,1.4873,16.613,0,walk
29.1711,13748,0.9679,0.7654,0.5924,1.4447,16.531,0,walk
29.1732,13749,0.9679,0.7652,0.5926,1.4967,16.528,0,walk
29.1753,13750,0.9701,0.7664,0.5948,1.4918,16.445,0,walk
29.1773,13751,0.9701,0.7662,0.5951,1.4932,16.442,0,walk
29.1794,13752,0.9724,0.7673,0.5973,1.5,16.334,0,walk
29.1814,13753,0.9724,0.7671,0.5976,1.5089,16.331,0,walk
29.1836,13754,0.9747,0.7685,0.5995,1.1752,16.278,0,walk
29.1856,13755,0.9747,0.7682,0.6,1.4653,16.268,0,walk
29.1877,13756,0.977,0.7692,0.6024,1.158,16.263,0,walk
29.1897,13757,0.977,0.7688,0.6029,1.5372,16.257,0,walk
29.1918,13758,0.9791,0.7698,0.605,1.127,16.174,0,walk
29.1939,13759,0.9791,0.7696,0.6054,1.5474,16.162,0,walk
29.1959,13760,0.9812,0.7707,0.6074,1.4588,16.051,0,walk
29.198,13761,0.9813,0.7703,0.6079,1.554,16.042,0,walk
29.2001,13762,0.9834,0.7714,0.6099,1.5251,15.986,0,walk
29.2021,13763,0.9834,0.7711,0.6104,1.5366,15.965,0,walk
29.2042,13764,0.9856,0.7721,0.6126,1.5216,15.914,0,walk
29.2062,13765,0.9857,0.7719,0.613,1.5271,15.911,0,walk
29.2083,13766,0.9879,0.7729,0.6153,1.5259,15.841,0,walk
29.2103,13767,0.9879,0.7727,0.6156,1.5241,15.847,0,walk
29.2126,13768,0.9901,0.7737,0.6179,1.5147,15.831,0,walk
29.2146,13769,0.9902,0.7735,0.6183,1.5323,15.835,0,walk
29.2167,13770,0.9925,0.7745,0.6206,1.5054,15.822,0,walk
29.2187,13771,0.9926,0.7741,0.6212,1.5375,15.832,0,walk
29.221,13772,0.9948,0.7752,0.6235,1.3873,15.822,0,walk
29.223,13773,0.9949,0.775,0.6239,1.5184,15.824,0,walk
29.2251,13774,0.9972,0.7762,0.626,1.4849,15.821,0,walk
29.2272,13775,0.9973,0.7758,0.6266,1.5263,15.825,0,walk
29.2294,13776,0.9996,0.777,0.6289,1.4446,15.825,0,walk
29.2315,13777,0.9997,0.7767,0.6293,1.5093,15.824,0,walk
29.2337,13778,1.0021,0.7779,0.6317,2.4589,15.787,0,jog
29.2358,13779,1.0022,0.7775,0.6323,2.395,15.794,0,jog
29.2379,13780,1.0046,0.7788,0.6345,2.3456,15.794,0,jog
29.2399,13781,1.0047,0.7785,0.6351,2.3941,15.796,0,jog
29.242,13782,1.0071,0.7796,0.6375,2.4587,15.789,0,jog
29.244,13783,1.0071,0.7794,0.6379,2.3966,15.789,0,jog
29.2461,13784,1.0096,0.7806,0.6403,2.3363,15.813,0,jog
29.2482,13785,1.0097,0.7804,0.6407,2.38,15.811,0,jog
29.2502,13786,1.0121,0.7815,0.6431,2.4248,15.815,0,jog
29.2523,13787,1.0122,0.7813,0.6435,2.3838,15.812,0,jog
29.2544,13788,1.0147,0.7825,0.6461,2.4511,15.821,0,jog
29.2564,13789,1.0148,0.7823,0.6464,2.3877,15.814,0,jog
29.2585,13790,1.0173,0.7835,0.6488,2.4134,15.822,0,jog
29.2605,13791,1.0174,0.7832,0.6493,2.3877,15.817,0,jog
29.2627,13792,1.02,0.7845,0.6519,2.219,15.815,0,jog
29.2648,13793,1.0201,0.7842,0.6524,2.3629,15.805,0,jog
29.2668,13794,1.0228,0.7855,0.655,2.4054,15.813,0,jog
29.2689,13795,1.0228,0.7853,0.6553,2.3457,15.81,0,jog
29.271,13796,1.0254,0.7866,0.6578,2.229,15.886,0,jog
29.273,13797,1.0255,0.7864,0.6582,2.3523,15.881,0,jog
29.2751,13798,1.028,0.7877,0.6605,2.3921,15.948,0,jog
29.2771,13799,1.0281,0.7875,0.661,2.385,15.939,0,jog
29.2793,13800,1.0306,0.7886,0.6634,2.3743,16.03,0,jog
29.2814,13801,1.0306,0.7884,0.6637,2.3894,16.027,0,jog
29.2834,13802,1.0331,0.7896,0.6662,2.4632,16.133,0,jog
29.2855,13803,1.0331,0.7894,0.6665,2.4004,16.131,0,jog
29.2877,13804,1.0355,0.7905,0.6689,2.3736,16.252,0,jog
29.2897,13805,1.0356,0.7903,0.6693,2.4077,16.253,0,jog
29.2919,13806,1.0381,0.7914,0.6717,2.4308,16.376,0,jog
29.294,13807,1.0381,0.7913,0.672,2.3927,16.379,0,jog
29.2961,13808,1.0405,0.7924,0.6744,2.2843,16.498,0,jog
29.2982,13809,1.0406,0.7923,0.6746,2.3963,16.502,0,jog
29.3003,13810,1.043,0.7935,0.6769,2.3495,16.613,0,jog
29.3023,13811,1.043,0.7933,0.6772,2.4011,16.621,0,jog
29.3045,13812,1.0455,0.7945,0.6796,2.423,16.731,0,jog
29.3066,13813,1.0455,0.7943,0.6798,2.389,16.739,0,jog
29.3086,13814,1.048,0.7955,0.6822,2.3738,16.862,0,jog
29.3107,13815,1.0479,0.7953,0.6824,2.3895,16.871,0,jog
29.3128,13816,1.0504,0.7963,0.685,2.4091,16.966,0,jog
29.3148,13817,1.0504,0.7962,0.6851,2.4031,16.971,0,jog
29.317,13818,1.0526,0.7973,0.6873,1.0178,16.937,0,jog
29.319,13819,1.0526,0.7971,0.6874,2.4384,16.942,0,jog
29.3211,13820,1.055,0.7982,0.6899,2.3907,17.045,0,jog
29.3231,13821,1.055,0.7981,0.69,2.4104,17.05,0,jog
29.3252,13822,1.0575,0.7992,0.6925,2.4265,17.178,0,jog
29.3273,13823,1.0575,0.7991,0.6926,2.4031,17.179,0,jog
29.3294,13824,1.0599,0.8003,0.695,2.2889,17.28,0,jog
29.3315,13825,1.0599,0.8001,0.6952,2.409,17.282,0,jog
29.3336,13826,1.0624,0.8013,0.6976,2.4041,17.379,0,jog
29.3356,13827,1.0624,0.8011,0.6978,2.4161,17.381,0,jog
29.3378,13828,1.0648,0.8023,0.7002,2.179,17.489,0,jog
29.3398,13829,1.0648,0.8021,0.7004,2.4166,17.491,0,jog
29.3419,13830,1.0673,0.8033,0.7027,2.455,17.577,0,jog
29.3439,13831,1.0673,0.8031,0.7029,2.4156,17.579,0,jog
29.3462,13832,1.0697,0.8043,0.7053,2.4593,17.688,0,jog
29.3482,13833,1.0698,0.8042,0.7055,2.4162,17.689,0,jog
29.3504,13834,1.0722,0.8053,0.7079,2.4457,17.777,0,jog
29.3525,13835,1.0722,0.8052,0.7081,2.4099,17.778,0,jog
29.3546,13836,1.0748,0.8064,0.7105,2.3132,17.889,0,jog
29.3567,13837,1.0748,0.8063,0.7106,2.3994,17.889,0,jog
29.3588,13838,1.0773,0.8075,0.7131,2.413,17.978,0,jog
29.3609,13839,1.0773,0.8073,0.7133,2.407,17.979,0,jog
29.363,13840,1.0798,0.8085,0.7158,2.3908,18.066,0,jog
29.365,13841,1.0798,0.8084,0.7159,2.4007,18.067,0,jog
29.3672,13842,1.0824,0.8096,0.7184,2.4142,18.161,0,jog
29.3692,13843,1.0824,0.8096,0.7185,2.3912,18.162,0,jog
29.3714,13844,1.0852,0.811,0.721,2.0831,18.232,0,jog
29.3735,13845,1.0852,0.8109,0.7211,2.3407,18.233,0,jog
29.3756,13846,1.0878,0.8122,0.7237,2.3306,18.302,0,jog
29.3776,13847,1.0878,0.8121,0.7238,2.376,18.303,0,jog
29.3798,13848,1.0905,0.8134,0.7264,2.3949,18.374,0,jog
29.3819,13849,1.0905,0.8132,0.7265,2.3846,18.376,0,jog
29.384,13850,1.0932,0.8145,0.7291,2.3903,18.451,0,jog
29.3861,13851,1.0932,0.8144,0.7292,2.3794,18.452,0,jog
29.3883,13852,1.0958,0.8157,0.7318,2.4006,18.518,0,jog
29.3903,13853,1.0959,0.8156,0.7319,2.3864,18.52,0,jog
29.3926,13854,1.0985,0.8169,0.7345,2.3787,18.575,0,jog
29.3945,13855,1.0985,0.8168,0.7346,2.3797,18.577,0,jog
29.3967,13856,1.1012,0.818,0.7372,2.3895,18.612,0,jog
29.3991,13857,1.1038,0.8192,0.7399,2.3863,18.664,0,jog
29.4008,13858,1.1039,0.8191,0.7399,2.405,18.666,0,jog
29.4028,13859,1.1039,0.8191,0.7401,2.3899,18.67,0,jog
29.4049,13860,1.1066,0.8203,0.7427,2.3337,18.736,0,jog
29.4069,13861,1.1066,0.8202,0.7428,2.3871,18.738,0,jog
29.409,13862,1.1092,0.8214,0.7454,2.4209,18.761,0,jog
29.411,13863,1.1092,0.8213,0.7455,2.4099,18.764,0,jog
29.4131,13864,1.1119,0.8225,0.7481,2.4238,18.814,0,jog
29.4151,13865,1.1119,0.8225,0.7482,2.3993,18.817,0,jog
29.4172,13866,1.1145,0.8236,0.7508,2.4331,18.854,0,jog
29.4193,13867,1.1145,0.8235,0.7509,2.4159,18.857,0,jog
29.4214,13868,1.1171,0.8247,0.7536,2.4228,18.895,0,jog
29.4234,13869,1.1171,0.8246,0.7536,2.4162,18.899,0,jog
29.4254,13870,1.1198,0.8258,0.7563,2.3884,18.95,0,jog
29.4274,13871,1.1198,0.8257,0.7564,2.4073,18.953,0,jog
29.4296,13872,1.1225,0.8269,0.7591,2.3997,18.99,0,jog
29.4318,13873,1.1225,0.8268,0.7591,2.4144,18.993,0,jog
29.4338,13874,1.1251,0.8279,0.7618,2.4262,19.029,0,jog
29.4359,13875,1.1251,0.8279,0.762,2.4236,19.034,0,jog
29.438,13876,1.1278,0.829,0.7647,2.4382,19.071,0,jog
29.44,13877,1.1278,0.8289,0.7648,2.4153,19.076,0,jog
29.4421,13878,1.1307,0.8302,0.7676,2.3748,19.199,0,jog
29.4441,13879,1.1307,0.8302,0.7677,2.3692,19.204,0,jog
29.4462,13880,1.1334,0.8313,0.7704,1.6486,19.22,0,jog
29.4483,13881,1.1334,0.8312,0.7705,2.4257,19.222,0,jog
29.4503,13882,1.136,0.8323,0.7732,2.4273,19.23,0,jog
29.4523,13883,1.1361,0.8323,0.7733,2.4312,19.233,0,jog
29.4544,13884,1.1388,0.8334,0.7761,2.4131,19.238,0,jog
29.4565,13885,1.1388,0.8334,0.7761,2.4193,19.242,0,jog
29.4585,13886,1.1415,0.8344,0.7789,2.4317,19.259,0,jog
29.4606,13887,1.1415,0.8344,0.779,2.4321,19.262,0,jog
29.4626,13888,1.1442,0.8355,0.7818,2.4113,19.252,0,jog
29.4647,13889,1.1442,0.8354,0.7819,2.4254,19.257,0,jog
29.4668,13890,1.147,0.8365,0.7848,2.4066,19.26,0,jog
29.4689,13891,1.147,0.8365,0.7848,2.4246,19.263,0,jog
29.4709,13892,1.1498,0.8375,0.7878,2.3965,19.258,0,jog
29.473,13893,1.1498,0.8375,0.7878,2.428,19.262,0,jog
29.4751,13894,1.1526,0.8385,0.7907,2.3948,19.257,0,jog
29.4771,13895,1.1526,0.8385,0.7908,2.4306,19.265,0,jog
29.4793,13896,1.1553,0.8395,0.7937,2.4292,19.272,0,jog
29.4814,13897,1.1554,0.8395,0.7938,2.4348,19.276,0,jog
29.4835,13898,1.1582,0.8406,0.7968,2.4215,19.277,0,jog
29.4855,13899,1.1582,0.8406,0.7969,2.422,19.284,0,jog
29.4876,13900,1.1611,0.8416,0.7999,2.3278,19.265,0,jog
29.4897,13901,1.1611,0.8416,0.8,2.4269,19.267,0,jog
29.4918,13902,1.164,0.8426,0.8031,2.429,19.253,0,jog
29.4938,13903,1.164,0.8426,0.8031,2.4224,19.26,0,jog
29.4959,13904,1.167,0.8437,0.8063,2.3872,19.244,0,jog
29.498,13905,1.167,0.8437,0.8063,2.4129,19.245,0,jog
29.5001,13906,1.1699,0.8447,0.8094,2.362,19.23,0,jog
29.5021,13907,1.1699,0.8447,0.8095,2.4283,19.231,0,jog
29.5042,13908,1.1728,0.8457,0.8126,2.3894,19.194,0,jog
29.5063,13909,1.1729,0.8457,0.8127,2.4225,19.193,0,jog
29.5084,13910,1.1758,0.8467,0.8159,2.375,19.167,0,jog
29.5105,13911,1.1759,0.8468,0.8159,2.4211,19.165,0,jog
29.5126,13912,1.1788,0.8478,0.8191,2.3551,19.127,0,jog
29.5146,13913,1.1789,0.8478,0.8191,2.4291,19.122,0,jog
29.5167,13914,1.1818,0.8488,0.8224,2.3586,19.082,0,jog
29.5187,13915,1.1819,0.8488,0.8224,2.4294,19.079,0,jog
29.5208,13916,1.1849,0.8498,0.8257,2.3684,19.043,0,jog
29.5229,13917,1.1849,0.8498,0.8257,2.4238,19.036,0,jog
29.525,13918,1.1879,0.8508,0.829,2.3717,19.001,0,jog
29.5271,13919,1.1879,0.8509,0.829,2.4311,18.999,0,jog
29.5292,13920,1.1909,0.8519,0.8322,2.3905,18.968,0,jog
29.5312,13921,1.1909,0.8519,0.8322,2.4273,18.963,0,jog
29.5335,13922,1.1945,0.8532,0.836,2.2624,18.802,0,jog
29.5355,13923,1.1946,0.8533,0.836,2.3043,18.798,0,jog
29.5377,13924,1.1977,0.8543,0.8394,1.0458,18.766,0,jog
29.5397,13925,1.1977,0.8543,0.8394,2.4168,18.762,0,jog
29.5418,13926,1.2008,0.8553,0.8428,2.37,18.732,0,jog
29.5439,13927,1.2008,0.8554,0.8428,2.4161,18.726,0,jog
29.5461,13928,1.2039,0.8564,0.8462,2.3728,18.716,0,jog
29.5481,13929,1.204,0.8564,0.8462,2.4108,18.711,0,jog
29.5502,13930,1.2071,0.8574,0.8496,2.373,18.692,0,jog
29.5523,13931,1.2071,0.8574,0.8496,2.4141,18.686,0,jog
29.5544,13932,1.2101,0.8583,0.853,2.3123,18.659,0,jog
29.5564,13933,1.2102,0.8584,0.853,2.4282,18.655,0,jog
29.5584,13934,1.2132,0.8593,0.8564,2.3864,18.637,0,jog
29.5606,13935,1.2132,0.8593,0.8564,2.4343,18.632,0,jog
29.5628,13936,1.2162,0.8601,0.8598,2.3736,18.614,0,jog
29.5648,13937,1.2162,0.8602,0.8598,2.4394,18.61,0,jog
29.5669,13938,1.2192,0.8611,0.8632,2.3727,18.605,0,jog
29.569,13939,1.2193,0.8611,0.8632,2.4351,18.602,0,jog
29.5711,13940,1.2223,0.8619,0.8666,2.3746,18.601,0,jog
29.5732,13941,1.2223,0.8619,0.8666,2.4411,18.598,0,jog
29.5753,13942,1.2253,0.8627,0.8701,2.3326,18.635,0,jog
29.5774,13943,1.2253,0.8627,0.8701,2.444,18.631,0,jog
29.5795,13944,1.2283,0.8635,0.8736,2.3524,18.666,0,jog
29.5815,13945,1.2283,0.8635,0.8736,2.4316,18.662,0,jog
29.5838,13946,1.2314,0.8643,0.8771,2.4001,18.717,0,jog
29.5858,13947,1.2314,0.8643,0.877,2.4438,18.716,0,jog
29.5879,13948,1.2344,0.8651,0.8806,2.3929,18.781,0,jog
29.5899,13949,1.2344,0.8651,0.8806,2.4298,18.779,0,jog
29.592,13950,1.2375,0.8659,0.8841,2.324,18.86,0,jog
29.5941,13951,1.2375,0.8659,0.8841,2.4285,18.859,0,jog
29.5962,13952,1.2406,0.8667,0.8877,2.421,18.943,0,jog
29.5982,13953,1.2406,0.8667,0.8876,2.4331,18.942,0,jog
29.6003,13954,1.2435,0.8674,0.8911,2.3886,18.997,0,jog
29.6023,13955,1.2435,0.8674,0.8911,2.4615,18.997,0,jog
29.6044,13956,1.2465,0.8681,0.8946,2.3758,19.095,0,jog
29.6064,13957,1.2465,0.8681,0.8946,2.4486,19.094,0,jog
29.6085,13958,1.2495,0.8687,0.8981,2.372,19.195,0,jog
29.6106,13959,1.2495,0.8687,0.8981,2.4474,19.196,0,jog
29.6126,13960,1.2525,0.8694,0.9016,2.3844,19.313,0,jog
29.6147,13961,1.2525,0.8694,0.9016,2.451,19.313,0,jog
29.6168,13962,1.2555,0.87,0.9051,2.3795,19.437,0,jog
29.6188,13963,1.2554,0.87,0.9051,2.4589,19.439,0,jog
29.6209,13964,1.2584,0.8706,0.9086,2.3781,19.569,0,jog
29.623,13965,1.2584,0.8706,0.9086,2.466,19.569,0,jog
29.625,13966,1.2614,0.8712,0.9122,2.3989,19.705,0,jog
29.6271,13967,1.2614,0.8712,0.9122,2.4543,19.706,0,jog
29.6292,13968,1.2643,0.8718,0.9157,2.415,19.845,0,jog
29.6313,13969,1.2643,0.8718,0.9157,2.457,19.847,0,jog
29.6336,13970,1.2673,0.8723,0.9192,2.3967,19.976,0,jog
29.6357,13971,1.2673,0.8723,0.9192,2.4654,19.978,0,jog
29.6378,13972,1.2702,0.8729,0.9228,2.3711,20.109,0,jog
29.6398,13973,1.2702,0.8729,0.9227,2.4694,20.114,0,jog
29.6419,13974,1.2731,0.8734,0.9262,2.478,20.254,0,jog
29.644,13975,1.2731,0.8734,0.9262,2.4754,20.257,0,jog
29.646,13976,1.276,0.8739,0.9298,2.3844,20.375,0,jog
29.6481,13977,1.276,0.8739,0.9297,2.4748,20.38,0,jog
29.6502,13978,1.2788,0.8743,0.9332,2.4772,20.499,0,jog
29.6522,13979,1.2788,0.8743,0.9332,2.4865,20.501,0,jog
29.6543,13980,1.2816,0.8748,0.9367,2.3638,20.617,0,jog
29.6563,13981,1.2816,0.8748,0.9367,2.4909,20.621,0,jog
29.6584,13982,1.2844,0.8752,0.9401,2.51,20.736,0,jog
29.6604,13983,1.2844,0.8752,0.9401,2.4912,20.74,0,jog
29.6627,13984,1.2873,0.8759,0.9433,1.9284,21.027,0,jog
29.6647,13985,1.2873,0.8759,0.9433,2.4624,21.032,0,jog
29.6669,13986,1.29,0.8763,0.9468,1.8593,21.133,0,jog
29.6689,13987,1.29,0.8763,0.9467,2.5037,21.143,0,jog
29.6709,13988,1.2927,0.8767,0.95,2.4193,21.211,0,jog
29.673,13989,1.2927,0.8767,0.95,2.5109,21.216,0,jog
29.6751,13990,1.2955,0.8771,0.9534,2.3527,21.318,0,jog
29.6772,13991,1.2955,0.8771,0.9534,2.4972,21.325,0,jog
29.6794,13992,1.2982,0.8774,0.9568,2.3913,21.421,0,jog
29.6814,13993,1.2982,0.8774,0.9568,2.518,21.424,0,jog
29.6835,13994,1.3008,0.8777,0.9601,2.5883,21.524,0,jog
29.6856,13995,1.3008,0.8777,0.96,2.5461,21.532,0,jog
29.6877,13996,1.3034,0.878,0.9633,2.4832,21.643,0,jog
29.6897,13997,1.3034,0.878,0.9633,2.5315,21.648,0,jog
29.6918,13998,1.3061,0.8783,0.9666,2.5329,21.742,0,jog
29.6938,13999,1.3061,0.8783,0.9666,2.5215,21.747,0,jog
29.6959,14000,1.3085,0.8781,0.97,1.0162,21.868,0,jog
29.6979,14001,1.3084,0.8781,0.97,2.6146,21.882,0,jog
29.7001,14002,1.3112,0.8785,0.9733,1.9714,21.963,0,jog
29.7021,14003,1.3111,0.8785,0.9733,2.5088,21.966,0,jog
29.7042,14004,1.3137,0.8789,0.9765,2.5408,22.031,0,jog
29.7063,14005,1.3137,0.8789,0.9764,2.5356,22.04,0,jog
29.7084,14006,1.316,0.879,0.9794,2.0428,22.077,0,jog
29.7104,14007,1.316,0.879,0.9794,2.6015,22.083,0,jog
29.7125,14008,1.3186,0.8794,0.9826,2.5357,22.118,0,jog
29.7146,14009,1.3186,0.8794,0.9826,2.526,22.124,0,jog
29.7166,14010,1.3212,0.8797,0.9857,2.5047,22.181,0,jog
29.7187,14011,1.3212,0.8797,0.9857,2.5288,22.19,0,jog
29.721,14012,1.3236,0.88,0.9887,2.5238,22.225,0,jog
29.723,14013,1.3236,0.88,0.9887,2.5563,22.232,0,jog
29.7251,14014,1.3259,0.8802,0.9916,2.5827,22.286,0,jog
29.7272,14015,1.3259,0.8802,0.9916,2.5967,22.299,0,jog
29.7293,14016,1.3285,0.8807,0.9946,2.5662,22.356,0,jog
29.7313,14017,1.3284,0.8807,0.9946,2.5283,22.359,0,jog
29.7335,14018,1.3311,0.8812,0.9977,2.5319,22.391,0,jog
29.7355,14019,1.3311,0.8812,0.9976,2.5067,22.4,0,jog
29.7376,14020,1.3336,0.8817,1.0006,2.542,22.408,0,jog
29.7396,14021,1.3336,0.8817,1.0005,2.5347,22.414,0,jog
29.7418,14022,1.336,0.8821,1.0033,2.5598,22.428,0,jog
29.7438,14023,1.336,0.8821,1.0033,2.5471,22.437,0,jog
29.7461,14024,1.3383,0.8826,1.0061,2.5638,22.464,0,jog
29.7481,14025,1.3383,0.8826,1.0061,2.555,22.476,0,jog
29.7502,14026,1.3407,0.8831,1.0088,2.5629,22.501,0,jog
29.7523,14027,1.3407,0.8831,1.0088,2.5472,22.507,0,jog
29.7544,14028,1.3428,0.8834,1.0113,1.9396,22.473,0,jog
29.7565,14029,1.3428,0.8834,1.0113,2.6111,22.485,0,jog
29.7586,14030,1.3452,0.8839,1.014,2.5544,22.536,0,jog
29.7606,14031,1.3452,0.8839,1.014,2.5579,22.542,0,jog
29.7627,14032,1.3474,0.8843,1.0167,2.5426,22.577,0,jog
29.7648,14033,1.3474,0.8843,1.0166,2.5759,22.585,0,jog
29.767,14034,1.3497,0.8847,1.0193,2.5204,22.614,0,jog
29.769,14035,1.3497,0.8847,1.0193,2.5815,22.619,0,jog
29.7711,14036,1.3518,0.8849,1.0219,2.5393,22.652,0,jog
29.7732,14037,1.3518,0.885,1.0219,2.6053,22.658,0,jog
29.7753,14038,1.3539,0.8852,1.0244,2.627,22.657,0,jog
29.7773,14039,1.3539,0.8852,1.0244,2.6182,22.662,0,jog
29.7794,14040,1.356,0.8855,1.027,2.5499,22.666,0,jog
29.7815,14041,1.356,0.8855,1.027,2.6019,22.674,0,jog
29.7838,14042,1.3582,0.8859,1.0296,2.5915,22.693,0,jog
29.7858,14043,1.3582,0.8859,1.0295,2.5945,22.705,0,jog
29.7879,14044,1.3603,0.8862,1.032,2.6089,22.721,0,jog
29.79,14045,1.3603,0.8862,1.032,2.614,22.728,0,jog
29.792,14046,1.3624,0.8866,1.0345,2.6092,22.738,0,jog
29.794,14047,1.3624,0.8866,1.0345,2.5949,22.747,0,jog
29.7961,14048,1.3645,0.887,1.0369,2.5944,22.778,0,jog
29.7981,14049,1.3645,0.887,1.0369,2.601,22.782,0,jog
29.8002,14050,1.3667,0.8874,1.0395,2.5686,22.811,0,jog
29.8023,14051,1.3667,0.8874,1.0395,2.5811,22.816,0,jog
29.8043,14052,1.3689,0.8878,1.0419,2.5402,22.82,0,jog
29.8063,14053,1.3689,0.8878,1.0419,2.6014,22.822,0,jog
29.8084,14054,1.371,0.8882,1.0444,2.6294,22.88,0,jog
29.8105,14055,1.371,0.8882,1.0444,2.5986,22.883,0,jog
29.8126,14056,1.3731,0.8886,1.0469,2.5714,22.915,0,jog
29.8146,14057,1.3731,0.8886,1.0468,2.59,22.921,0,jog
29.8168,14058,1.3752,0.889,1.0492,2.5605,22.989,0,jog
29.8189,14059,1.3752,0.889,1.0492,2.5968,22.992,0,jog
29.8209,14060,1.3774,0.8895,1.0517,2.5295,23.063,0,jog
29.823,14061,1.3774,0.8895,1.0517,2.5778,23.067,0,jog
29.825,14062,1.3795,0.89,1.054,2.6263,23.147,0,jog
29.8271,14063,1.3795,0.89,1.054,2.5952,23.148,0,jog
29.8292,14064,1.3817,0.8905,1.0564,2.5636,23.25,0,jog
29.8313,14065,1.3817,0.8905,1.0564,2.5784,23.251,0,jog
29.8335,14066,1.3838,0.891,1.0588,2.4784,23.343,0,jog
29.8355,14067,1.3838,0.891,1.0588,2.5935,23.345,0,jog
29.8376,14068,1.3861,0.8916,1.0613,2.5191,23.4,0,jog
29.8397,14069,1.3861,0.8916,1.0613,2.5401,23.4,0,jog
29.8417,14070,1.3883,0.8921,1.0637,2.4695,23.484,0,jog
29.8438,14071,1.3883,0.8922,1.0637,2.5725,23.485,0,jog
29.8458,14072,1.3905,0.8929,1.066,2.166,23.645,0,jog
29.8479,14073,1.3905,0.8929,1.066,2.5541,23.646,0,jog
29.85,14074,1.3927,0.8935,1.0683,2.4743,23.8,0,jog
29.852,14075,1.3927,0.8935,1.0683,2.5597,23.8,0,jog
29.8541,14076,1.3947,0.894,1.0704,2.4254,24.014,0,jog
29.8562,14077,1.3947,0.894,1.0704,2.6106,24.014,0,jog
29.8583,14078,1.3966,0.8944,1.0726,2.5498,24.104,0,jog
29.8604,14079,1.3966,0.8944,1.0726,2.6357,24.104,0,jog
29.8633,14080,1.3985,0.8949,1.0747,2.593,24.228,0,jog
29.8645,14081,1.3985,0.8949,1.0747,2.6228,24.228,0,jog
29.8668,14082,1.4007,0.8955,1.0771,2.5953,24.371,0,jog
29.8688,14083,1.4007,0.8955,1.0771,2.5649,24.371,0,jog
29.8709,14084,1.4029,0.8961,1.0794,2.5175,24.55,0,jog
29.8729,14085,1.4029,0.8961,1.0794,2.5715,24.55,0,jog
29.875,14086,1.4048,0.8966,1.0816,2.5578,24.695,0,jog
29.8771,14087,1.4048,0.8966,1.0816,2.6122,24.695,0,jog
29.8794,14088,1.4068,0.897,1.0837,2.5719,24.875,0,jog
29.8815,14089,1.4068,0.897,1.0837,2.613,24.875,0,jog
29.8837,14090,1.4088,0.8976,1.0859,2.562,25.054,0,jog
29.8857,14091,1.4088,0.8976,1.0859,2.5993,25.054,0,jog
29.8881,14092,1.4108,0.8981,1.088,2.5438,25.238,0,jog
29.8901,14093,1.4108,0.8981,1.088,2.6107,25.238,0,jog
29.8922,14094,1.4128,0.8987,1.0901,2.5562,25.441,0,jog
29.8942,14095,1.4128,0.8987,1.0901,2.6017,25.441,0,jog
29.8963,14096,1.4147,0.8992,1.0922,2.5923,25.658,0,jog
29.8983,14097,1.4147,0.8992,1.0922,2.6255,25.658,0,jog
29.9004,14098,1.4166,0.8996,1.0943,2.5848,25.881,0,jog
29.9025,14099,1.4166,0.8996,1.0943,2.6158,25.881,0,jog
29.9045,14100,1.4186,0.9002,1.0964,2.621,26.085,0,jog
29.9066,14101,1.4186,0.9002,1.0964,2.6017,26.085,0,jog
29.9086,14102,1.4206,0.9007,1.0985,2.5399,26.298,0,jog
29.9107,14103,1.4206,0.9007,1.0985,2.612,26.298,0,jog
29.9127,14104,1.4226,0.9013,1.1007,2.5575,26.509,0,jog
29.9148,14105,1.4226,0.9013,1.1007,2.5915,26.509,0,jog
29.9168,14106,1.4247,0.9019,1.1028,2.523,26.734,0,jog
29.9189,14107,1.4247,0.9019,1.1028,2.5942,26.734,0,jog
29.921,14108,1.4267,0.9024,1.1051,2.5793,26.942,0,jog
29.923,14109,1.4267,0.9024,1.1051,2.5909,26.942,0,jog
29.9251,14110,1.4288,0.903,1.1073,2.6009,27.17,0,jog
29.9271,14111,1.4288,0.903,1.1073,2.5786,27.17,0,jog
29.9292,14112,1.4309,0.9036,1.1095,2.5602,27.385,0,jog
29.9312,14113,1.4309,0.9036,1.1095,2.584,27.385,0,jog
29.9333,14114,1.4329,0.9042,1.1116,2.5816,27.583,0,jog
29.9354,14115,1.4329,0.9042,1.1116,2.5944,27.583,0,jog
29.9376,14116,1.4351,0.9048,1.1139,2.5383,27.782,0,jog
29.9396,14117,1.4351,0.9048,1.1139,2.5722,27.782,0,jog
29.9417,14118,1.4372,0.9054,1.1162,2.5633,27.996,0,jog
29.9437,14119,1.4372,0.9054,1.1162,2.5692,27.996,0,jog
29.9459,14120,1.4394,0.906,1.1185,2.5527,28.196,0,jog
29.9479,14121,1.4394,0.906,1.1185,2.5769,28.196,0,jog
29.95,14122,1.4416,0.9066,1.1208,2.5785,28.4,0,jog
29.9521,14123,1.4416,0.9066,1.1208,2.5591,28.4,0,jog
29.9543,14124,1.4435,0.9071,1.1229,2.5569,28.56,0,jog
29.9563,14125,1.4435,0.9071,1.1229,2.6074,28.56,0,jog
29.9584,14126,1.4457,0.9077,1.1252,2.5785,28.742,0,jog
29.9605,14127,1.4457,0.9077,1.1252,2.5614,28.742,0,jog
29.9626,14128,1.4479,0.9083,1.1275,2.5079,28.905,0,jog
29.9646,14129,1.4479,0.9083,1.1275,2.5746,28.905,0,jog
29.9668,14130,1.45,0.9089,1.1298,2.5961,29.053,0,jog
29.9688,14131,1.45,0.9089,1.1298,2.5795,29.053,0,jog
29.9709,14132,1.4521,0.9095,1.132,2.5756,29.203,0,jog
29.9729,14133,1.4521,0.9095,1.132,2.57,29.203,0,jog
29.9751,14134,1.4543,0.91,1.1343,2.5058,29.336,0,jog
29.9772,14135,1.4543,0.91,1.1343,2.5787,29.336,0,jog
29.9793,14136,1.4563,0.9106,1.1365,2.5398,29.469,0,jog
29.9813,14137,1.4563,0.9106,1.1365,2.583,29.469,0,jog
29.9834,14138,1.4585,0.9112,1.1388,2.5233,29.575,0,jog
29.9854,14139,1.4585,0.9112,1.1388,2.5771,29.574,0,jog
29.9875,14140,1.4606,0.9117,1.1411,2.586,29.707,0,jog
29.9896,14141,1.4606,0.9117,1.1411,2.5789,29.707,0,jog
29.9917,14142,1.4627,0.9123,1.1434,2.5445,29.813,0,jog
29.9938,14143,1.4627,0.9123,1.1434,2.5684,29.813,0,jog
29.9958,14144,1.465,0.9129,1.1457,2.5396,29.9,0,jog
29.9979,14145,1.465,0.9129,1.1457,2.5559,29.9,0,jog
30.0,14146,1.4672,0.9135,1.1481,2.5798,29.992,0,jog
30.002,14147,1.4672,0.9135,1.1481,2.5541,29.992,0,jog
30.0041,14148,1.4694,0.9141,1.1504,2.5004,30.09,0,jog
30.0062,14149,1.4694,0.9141,1.1504,2.5596,30.09,0,jog
30.0086,14150,1.4716,0.9147,1.1528,2.5477,30.157,0,jog
30.0106,14151,1.4716,0.9147,1.1528,2.5557,30.157,0,jog
30.0127,14152,1.4739,0.9154,1.1551,2.4989,30.229,0,jog
30.0147,14153,1.4739,0.9154,1.1551,2.5498,30.229,0,jog
30.0168,14154,1.4762,0.916,1.1576,2.4558,30.301,0,jog
30.0188,14155,1.4762,0.916,1.1576,2.5373,30.301,0,jog
30.0209,14156,1.4785,0.9167,1.16,2.572,30.371,0,jog
30.0229,14157,1.4785,0.9167,1.16,2.531,30.371,0,jog
30.0251,14158,1.4809,0.9174,1.1624,2.4777,30.434,0,jog
30.0271,14159,1.4809,0.9174,1.1624,2.5271,30.434,0,jog
30.0292,14160,1.4832,0.9181,1.1649,2.5291,30.517,0,jog
30.0312,14161,1.4832,0.9181,1.1649,2.5183,30.517,0,jog
30.0334,14162,1.4857,0.9188,1.1674,2.5029,30.576,0,jog
30.0354,14163,1.4857,0.9188,1.1674,2.5125,30.576,0,jog
30.0375,14164,1.4881,0.9196,1.1699,2.5171,30.65,0,jog
30.0396,14165,1.4881,0.9196,1.1699,2.5029,30.65,0,jog
30.0417,14166,1.4905,0.9203,1.1724,2.4749,30.726,0,jog
30.0438,14167,1.4905,0.9203,1.1724,2.5154,30.726,0,jog
30.0458,14168,1.493,0.9211,1.175,2.5039,30.81,0,jog
30.0479,14169,1.493,0.9211,1.175,2.5004,30.81,0,jog
30.05,14170,1.4957,0.9221,1.1776,2.4678,30.871,0,jog
30.052,14171,1.4957,0.9221,1.1776,2.4385,30.871,0,jog
30.0541,14172,1.4981,0.9229,1.1801,2.451,30.94,0,jog
30.0562,14173,1.4981,0.9229,1.1801,2.4969,30.94,0,jog
30.0583,14174,1.5006,0.9237,1.1826,2.5009,30.991,0,jog
30.0604,14175,1.5006,0.9237,1.1826,2.4928,30.991,0,jog
30.0625,14176,1.5032,0.9245,1.1853,2.4132,31.061,0,jog
30.0645,14177,1.5032,0.9245,1.1853,2.4834,31.061,0,jog
30.0667,14178,1.5057,0.9254,1.1878,2.4896,31.14,0,jog
30.0688,14179,1.5057,0.9254,1.1878,2.4764,31.14,0,jog
30.0709,14180,1.5083,0.9261,1.1905,2.3806,31.186,0,jog
30.0729,14181,1.5083,0.9261,1.1905,2.4749,31.186,0,jog
30.075,14182,1.5109,0.927,1.1931,2.4084,31.248,0,jog
30.0771,14183,1.5109,0.927,1.1931,2.4688,31.248,0,jog
30.0792,14184,1.5135,0.9279,1.1957,2.4149,31.317,0,jog
30.0812,14185,1.5135,0.9279,1.1957,2.4707,31.317,0,jog
30.0834,14186,1.5161,0.9287,1.1983,2.4491,31.399,0,jog
30.0854,14187,1.5161,0.9287,1.1983,2.4715,31.399,0,jog
30.0875,14188,1.5187,0.9296,1.2009,2.487,31.505,0,jog
30.0896,14189,1.5187,0.9296,1.2009,2.4733,31.505,0,jog
30.0916,14190,1.5213,0.9303,1.2037,2.3642,31.562,0,jog
30.0937,14191,1.5213,0.9303,1.2037,2.4737,31.562,0,jog
30.0958,14192,1.524,0.9311,1.2064,2.4969,31.668,0,jog
30.0979,14193,1.524,0.9311,1.2064,2.4536,31.668,0,jog
30.1,14194,1.5266,0.932,1.2091,2.4537,31.766,0,jog
30.102,14195,1.5266,0.932,1.2091,2.4621,31.766,0,jog
30.1041,14196,1.5294,0.9328,1.2119,2.4093,31.898,0,jog
30.1062,14197,1.5294,0.9328,1.2119,2.4442,31.898,0,jog
30.1083,14198,1.5319,0.934,1.2143,1.248,31.9,0,jog
30.1104,14199,1.5319,0.934,1.2143,2.4445,31.9,0,jog
30.1125,14200,1.5347,0.9345,1.2173,1.4873,32.213,0,jog
30.1145,14201,1.5347,0.9345,1.2173,2.4724,32.213,0,jog
30.1166,14202,1.5375,0.9355,1.2202,1.9432,32.419,0,jog
30.1187,14203,1.5375,0.9355,1.2202,2.4106,32.419,0,jog
30.1209,14204,1.5405,0.9366,1.2231,2.394,32.539,0,jog
30.1229,14205,1.5405,0.9366,1.2231,2.3818,32.539,0,jog
30.125,14206,1.5433,0.9375,1.2259,2.4253,32.727,0,jog
30.127,14207,1.5433,0.9375,1.2259,2.4336,32.727,0,jog
30.1291,14208,1.5461,0.9384,1.2287,2.381,32.925,0,jog
30.1312,14209,1.5461,0.9384,1.2287,2.4376,32.925,0,jog
30.1334,14210,1.5489,0.9393,1.2316,2.3746,33.13,0,jog
30.1354,14211,1.5489,0.9393,1.2316,2.4214,33.13,0,jog
30.1375,14212,1.5516,0.9402,1.2344,2.4842,33.236,0,jog
30.1395,14213,1.5516,0.9402,1.2344,2.4419,33.236,0,jog
30.1417,14214,1.5544,0.941,1.2372,2.3757,33.391,0,jog
30.1437,14215,1.5544,0.941,1.2372,2.437,33.391,0,jog
30.1458,14216,1.5572,0.942,1.24,2.4875,33.58,0,jog
30.1479,14217,1.5572,0.942,1.24,2.4308,33.58,0,jog
30.15,14218,1.56,0.9429,1.2428,2.4101,33.759,0,jog
30.152,14219,1.56,0.9429,1.2428,2.4306,33.759,0,jog
30.1541,14220,1.5628,0.9438,1.2456,2.4064,33.944,0,jog
30.1562,14221,1.5628,0.9438,1.2456,2.4289,33.944,0,jog
30.1583,14222,1.5655,0.9447,1.2484,2.4269,34.134,0,jog
30.1603,14223,1.5655,0.9447,1.2484,2.4321,34.134,0,jog
30.1624,14224,1.5684,0.9456,1.2513,2.4025,34.327,0,jog
30.1645,14225,1.5684,0.9456,1.2513,2.4044,34.327,0,jog
30.1667,14226,1.5713,0.9466,1.2541,2.4291,34.505,0,jog
30.1687,14227,1.5713,0.9466,1.2541,2.4114,34.505,0,jog
30.1709,14228,1.5742,0.9476,1.257,2.4204,34.684,0,jog
30.173,14229,1.5742,0.9476,1.257,2.4046,34.684,0,jog
30.1751,14230,1.5771,0.9486,1.2598,2.3591,34.859,0,jog
30.1771,14231,1.5771,0.9486,1.2598,2.4057,34.859,0,jog
30.1792,14232,1.58,0.9497,1.2627,2.4368,35.07,0,jog
30.1812,14233,1.58,0.9497,1.2627,2.3858,35.07,0,jog
30.1834,14234,1.583,0.9508,1.2657,2.3214,35.24,0,jog
30.1854,14235,1.583,0.9508,1.2657,2.3789,35.24,0,jog
30.1876,14236,1.5859,0.9519,1.2685,2.4349,35.435,0,jog
30.1897,14237,1.5859,0.9519,1.2685,2.3897,35.435,0,jog
30.1918,14238,1.589,0.953,1.2715,2.333,35.63,0,jog
30.1938,14239,1.589,0.953,1.2715,2.3644,35.63,0,jog
30.1959,14240,1.592,0.9541,1.2744,2.4227,35.832,0,jog
30.198,14241,1.592,0.9541,1.2744,2.3659,35.832,0,jog
30.2,14242,1.595,0.9553,1.2773,2.3445,36.007,0,jog
30.2021,14243,1.595,0.9553,1.2773,2.373,36.007,0,jog
30.2042,14244,1.5981,0.9565,1.2803,2.3624,36.219,0,jog
30.2062,14245,1.5981,0.9565,1.2803,2.35,36.219,0,jog
30.2083,14246,1.6013,0.9577,1.2833,2.3385,36.4,0,jog
30.2103,14247,1.6013,0.9577,1.2833,2.3365,36.4,0,jog
30.2125,14248,1.6044,0.9589,1.2863,2.3106,36.602,0,jog
30.2145,14249,1.6044,0.9589,1.2863,2.3437,36.602,0,jog
30.2167,14250,1.6075,0.9602,1.2892,2.3811,36.817,0,jog
30.2187,14251,1.6075,0.9602,1.2892,2.3321,36.817,0,jog
30.2209,14252,1.6107,0.9615,1.2923,2.2756,37.008,0,jog
30.2229,14253,1.6107,0.9615,1.2923,2.3282,37.008,0,jog
30.225,14254,1.6139,0.9628,1.2953,2.3762,37.219,0,jog
30.2271,14255,1.6139,0.9628,1.2953,2.3238,37.219,0,jog
30.2291,14256,1.6171,0.9641,1.2983,2.3412,37.408,0,jog
30.2312,14257,1.6171,0.9641,1.2983,2.319,37.408,0,jog
30.2334,14258,1.6205,0.9654,1.3015,2.1968,37.622,0,jog
30.2354,14259,1.6205,0.9654,1.3015,1.3169,37.622,0,walk
30.2378,14260,1.6235,0.9667,1.3043,1.182,37.76,0,walk
30.2399,14261,1.6235,0.9667,1.3043,1.3828,37.76,0,walk
30.2421,14262,1.6266,0.968,1.3072,1.3434,37.915,0,walk
30.2441,14263,1.6266,0.968,1.3072,1.3526,37.915,0,walk
30.2462,14264,1.6298,0.9693,1.3102,1.3008,38.143,0,walk
30.2483,14265,1.6298,0.9693,1.3102,1.3338,38.143,0,walk
30.2504,14266,1.6331,0.9707,1.3133,1.2819,38.326,0,walk
30.2524,14267,1.6331,0.9707,1.3133,1.3191,38.326,0,walk
30.2545,14268,1.6364,0.9721,1.3163,1.4117,38.543,0,walk
30.2565,14269,1.6364,0.9721,1.3163,1.3195,38.543,0,walk
30.2586,14270,1.6396,0.9735,1.3194,1.2573,38.735,0,walk
30.2606,14271,1.6396,0.9735,1.3194,1.3306,38.735,0,walk
30.2627,14272,1.643,0.9749,1.3226,1.2967,38.947,0,walk
30.2648,14273,1.643,0.9749,1.3226,1.2982,38.947,0,walk
30.2668,14274,1.6463,0.9762,1.3256,1.327,39.162,0,walk
30.2689,14275,1.6463,0.9762,1.3256,1.3236,39.162,0,walk
30.271,14276,1.6496,0.9776,1.3287,1.2833,39.326,0,walk
30.273,14277,1.6496,0.9776,1.3287,1.3272,39.326,0,walk
30.2751,14278,1.6529,0.979,1.3318,1.3645,39.504,0,walk
30.2772,14279,1.6529,0.979,1.3318,1.315,39.504,0,walk
30.2792,14280,1.6562,0.9804,1.3349,1.271,39.655,0,walk
30.2813,14281,1.6562,0.9804,1.3349,1.317,39.655,0,walk
30.2835,14282,1.6595,0.9818,1.338,1.3617,39.82,0,walk
30.2855,14283,1.6595,0.9818,1.338,1.3097,39.82,0,walk
30.2876,14284,1.6629,0.9832,1.3411,1.2416,39.972,0,walk
30.2897,14285,1.6629,0.9832,1.3411,1.2995,39.972,0,walk
30.2919,14286,1.6663,0.9846,1.3442,1.3391,40.105,0,walk
30.2939,14287,1.6663,0.9846,1.3442,1.3097,40.105,0,walk
30.2961,14288,1.6696,0.986,1.3473,1.3528,40.191,0,walk
30.2981,14289,1.6696,0.986,1.3473,1.312,40.191,0,walk
30.3002,14290,1.6728,0.9874,1.3503,1.2467,40.258,0,walk
30.3023,14291,1.6728,0.9874,1.3503,1.325,40.258,0,walk
30.3044,14292,1.6761,0.9888,1.3533,1.4049,40.329,0,walk
30.3064,14293,1.676,0.9888,1.3533,1.3272,40.329,0,walk
30.3086,14294,1.6793,0.9901,1.3563,1.3008,40.402,0,walk
30.3106,14295,1.6793,0.9901,1.3563,1.3272,40.402,0,walk
30.3128,14296,1.6826,0.9915,1.3594,1.2923,40.465,0,walk
30.3148,14297,1.6826,0.9915,1.3594,1.3218,40.465,0,walk
30.3169,14298,1.6858,0.9929,1.3624,1.3364,40.53,0,walk
30.319,14299,1.6858,0.9929,1.3624,1.3166,40.53,0,walk
30.321,14300,1.6891,0.9943,1.3654,1.3607,40.564,0,walk
30.3231,14301,1.6891,0.9943,1.3654,1.3239,40.564,0,walk
30.3251,14302,1.6923,0.9958,1.3684,1.3241,40.589,0,walk
30.3272,14303,1.6923,0.9958,1.3684,1.3113,40.589,0,walk
30.3293,14304,1.6956,0.9972,1.3714,1.3137,40.571,0,walk
30.3313,14305,1.6956,0.9972,1.3714,1.3107,40.571,0,walk
30.3334,14306,1.6989,0.9987,1.3744,1.2827,40.567,0,walk
30.3355,14307,1.6989,0.9987,1.3744,1.3097,40.567,0,walk
30.3375,14308,1.7024,1.0002,1.3777,1.186,40.473,0,walk
30.3396,14309,1.7024,1.0002,1.3777,1.2708,40.473,0,walk
30.3417,14310,1.7057,1.0017,1.3806,1.1032,40.471,0,walk
30.3437,14311,1.7057,1.0017,1.3806,1.3066,40.471,0,walk
30.346,14312,1.7089,1.0031,1.3835,1.2585,40.465,0,walk
30.348,14313,1.7089,1.0031,1.3835,1.3233,40.465,0,walk
30.3501,14314,1.712,1.0044,1.3864,1.293,40.461,0,walk
30.3522,14315,1.712,1.0044,1.3864,1.3618,40.461,0,walk
30.3543,14316,1.7151,1.0057,1.3893,1.3367,40.445,0,walk
30.3563,14317,1.7151,1.0057,1.3893,1.3509,40.445,0,walk
30.3585,14318,1.7182,1.0071,1.3921,1.4491,40.447,0,walk
30.3606,14319,1.7182,1.0071,1.3921,1.3434,40.447,0,walk
30.3627,14320,1.7212,1.0084,1.3949,1.2926,40.441,0,walk
30.3647,14321,1.7212,1.0084,1.3949,1.3563,40.441,0,walk
30.3668,14322,1.7243,1.0098,1.3976,1.4582,40.448,0,walk
30.3689,14323,1.7243,1.0098,1.3976,1.3513,40.448,0,walk
30.371,14324,1.7272,1.0111,1.4004,1.3211,40.453,0,walk
30.373,14325,1.7272,1.0111,1.4004,1.3678,40.453,0,walk
30.3751,14326,1.7302,1.0124,1.4031,1.3501,40.486,0,walk
30.3772,14327,1.7302,1.0124,1.4031,1.3655,40.486,0,walk
30.3793,14328,1.7332,1.0138,1.4058,1.3992,40.509,0,walk
30.3813,14329,1.7332,1.0138,1.4058,1.3655,40.509,0,walk
30.3835,14330,1.7361,1.015,1.4085,1.2982,40.597,0,walk
30.3855,14331,1.7361,1.015,1.4085,1.3933,40.597,0,walk
30.3877,14332,1.7391,1.0165,1.4111,1.2378,40.612,0,walk
30.3897,14333,1.7391,1.0165,1.4111,1.353,40.612,0,walk
30.3918,14334,1.742,1.0179,1.4136,1.3341,40.656,0,walk
30.3938,14335,1.742,1.0179,1.4136,1.36,40.656,0,walk
30.396,14336,1.7448,1.0194,1.4161,1.4252,40.762,0,walk
30.398,14337,1.7448,1.0194,1.4161,1.3769,40.762,0,walk
30.4001,14338,1.7477,1.0206,1.4187,1.2575,40.777,0,walk
30.4021,14339,1.7477,1.0206,1.4187,1.3854,40.777,0,walk
30.4042,14340,1.7505,1.0221,1.4211,1.0592,40.858,0,walk
30.4062,14341,1.7505,1.0221,1.4211,1.3908,40.858,0,walk
30.4083,14342,1.7533,1.0234,1.4236,1.3151,40.893,0,walk
30.4103,14343,1.7533,1.0234,1.4236,1.3929,40.893,0,walk
30.4125,14344,1.756,1.0247,1.426,1.4791,40.984,0,walk
30.4145,14345,1.756,1.0247,1.426,1.4167,40.984,0,walk
30.4168,14346,1.7585,1.026,1.4282,1.5016,41.111,0,walk
30.4188,14347,1.7585,1.026,1.4282,1.4318,41.111,0,walk
30.4209,14348,1.7613,1.0272,1.4308,1.3169,41.121,0,walk
30.423,14349,1.7613,1.0272,1.4308,1.4129,41.121,0,walk
30.4252,14350,1.7639,1.0285,1.4331,1.2888,41.229,0,walk
30.4272,14351,1.7639,1.0285,1.4331,1.4293,41.229,0,walk
30.4294,14352,1.7666,1.0298,1.4354,1.3895,41.299,0,walk
30.4315,14353,1.7666,1.0298,1.4354,1.4083,41.299,0,walk
30.4336,14354,1.7692,1.0307,1.4379,1.1592,41.468,0,walk
30.4357,14355,1.7692,1.0307,1.4379,1.4761,41.468,0,walk
30.4379,14356,1.7717,1.032,1.4401,1.2479,41.56,0,walk
30.4398,14357,1.7717,1.032,1.4401,1.4328,41.56,0,walk
30.442,14358,1.7743,1.0333,1.4423,1.4369,41.662,0,walk
30.444,14359,1.7743,1.0333,1.4423,1.4385,41.662,0,walk
30.4462,14360,1.7767,1.0346,1.4444,1.4418,41.754,0,walk
30.4482,14361,1.7767,1.0346,1.4444,1.4537,41.754,0,walk
30.4503,14362,1.7791,1.0358,1.4465,1.4665,41.86,0,walk
30.4523,14363,1.7791,1.0358,1.4465,1.4672,41.86,0,walk
30.4545,14364,1.7816,1.037,1.4487,1.4612,41.979,0,walk
30.4566,14365,1.7816,1.037,1.4487,1.4669,41.979,0,walk
30.4587,14366,1.7839,1.0382,1.4507,1.4927,42.088,0,walk
30.4607,14367,1.7839,1.0382,1.4507,1.4759,42.088,0,walk
30.4629,14368,1.7863,1.0394,1.4527,1.4826,42.184,0,walk
30.4649,14369,1.7863,1.0394,1.4527,1.4842,42.184,0,walk
30.4671,14370,1.7886,1.0406,1.4548,1.4666,42.27,0,walk
30.4691,14371,1.7886,1.0406,1.4548,1.4734,42.27,0,walk
30.4712,14372,1.7909,1.0417,1.4568,1.4886,42.389,0,walk
30.4732,14373,1.7909,1.0417,1.4568,1.5107,42.389,0,walk
30.4753,14374,1.7931,1.0427,1.4587,1.513,42.491,0,walk
30.4773,14375,1.7931,1.0427,1.4587,1.5179,42.491,0,walk
30.4794,14376,1.7952,1.0437,1.4607,1.5053,42.591,0,walk
30.4815,14377,1.7952,1.0437,1.4607,1.5247,42.591,0,walk
30.4836,14378,1.7975,1.0448,1.4626,1.5438,42.72,0,walk
30.4856,14379,1.7975,1.0448,1.4626,1.5109,42.72,0,walk
30.4878,14380,1.7996,1.0458,1.4645,1.5221,42.835,0,walk
30.4899,14381,1.7996,1.0458,1.4645,1.5418,42.835,0,walk
30.492,14382,1.8017,1.0467,1.4664,1.5037,42.963,0,walk
30.494,14383,1.8017,1.0467,1.4664,1.5495,42.963,0,walk
30.4961,14384,1.8037,1.0476,1.4683,1.5969,43.094,0,walk
30.4981,14385,1.8037,1.0476,1.4683,1.5545,43.094,0,walk
30.5002,14386,1.8057,1.0485,1.4702,1.5313,43.237,0,walk
30.5023,14387,1.8057,1.0485,1.4702,1.5669,43.237,0,walk
30.5045,14388,1.8077,1.0494,1.4719,1.6038,43.386,0,walk
30.5065,14389,1.8077,1.0494,1.4719,1.5771,43.386,0,walk
30.5086,14390,1.8098,1.0505,1.4737,1.5396,43.516,0,walk
30.5107,14391,1.8098,1.0505,1.4737,1.5161,43.516,0,walk
30.5129,14392,1.8117,1.0514,1.4754,1.5383,43.631,0,walk
30.5149,14393,1.8117,1.0514,1.4754,1.5782,43.631,0,walk
30.517,14394,1.8137,1.0522,1.4773,1.528,43.755,0,walk
30.519,14395,1.8137,1.0522,1.4773,1.5815,43.755,0,walk
30.5212,14396,1.8156,1.0529,1.4791,1.5742,43.915,0,walk
30.5232,14397,1.8156,1.0529,1.4791,1.6079,43.915,0,walk
30.5253,14398,1.8175,1.0537,1.4809,1.635,44.035,0,walk
30.5273,14399,1.8175,1.0537,1.4809,1.5985,44.035,0,walk
30.5294,14400,1.8192,1.0542,1.4826,1.5807,44.136,0,walk
30.5315,14401,1.8192,1.0542,1.4826,1.6475,44.136,0,walk
30.5336,14402,1.8211,1.055,1.4844,1.6506,44.307,0,walk
30.5356,14403,1.8211,1.055,1.4844,1.5879,44.307,0,walk
30.5377,14404,1.8228,1.0555,1.4861,1.4814,44.452,0,walk
30.5397,14405,1.8228,1.0555,1.4861,1.6588,44.452,0,walk
30.5418,14406,1.8246,1.0561,1.4878,1.6437,44.614,0,walk
30.5438,14407,1.8246,1.0561,1.4878,1.6357,44.614,0,walk
30.5459,14408,1.8263,1.0566,1.4896,1.6071,44.776,0,walk
30.5479,14409,1.8263,1.0566,1.4896,1.6442,44.776,0,walk
30.55,14410,1.8281,1.0572,1.4914,1.6687,44.924,0,walk
30.5521,14411,1.8281,1.0572,1.4914,1.6365,44.924,0,walk
30.5542,14412,1.8298,1.0578,1.4931,1.6503,45.053,0,walk
30.5563,14413,1.8298,1.0578,1.4931,1.6334,45.053,0,walk
30.5583,14414,1.8315,1.0584,1.4948,1.6402,45.191,0,walk
30.5604,14415,1.8315,1.0584,1.4948,1.6428,45.191,0,walk
30.5626,14416,1.8332,1.0589,1.4965,1.6341,45.291,0,walk
30.5646,14417,1.8332,1.0589,1.4965,1.6496,45.291,0,walk
30.5669,14418,1.8349,1.0596,1.4981,1.6918,45.418,0,walk
30.569,14419,1.8349,1.0596,1.4981,1.6469,45.418,0,walk
30.5711,14420,1.8366,1.0601,1.4997,1.6169,45.532,0,walk
30.5732,14421,1.8366,1.0601,1.4997,1.6568,45.532,0,walk
30.5753,14422,1.8382,1.0607,1.5013,1.6722,45.626,0,walk
30.5773,14423,1.8382,1.0607,1.5013,1.6665,45.626,0,walk
30.5794,14424,1.8398,1.0612,1.5029,1.6735,45.762,0,walk
30.5815,14425,1.8398,1.0612,1.5029,1.6724,45.762,0,walk
30.5838,14426,1.8414,1.0618,1.5045,1.6552,45.863,0,walk
30.5857,14427,1.8414,1.0618,1.5045,1.6554,45.863,0,walk
30.5878,14428,1.8429,1.0622,1.506,1.6853,45.984,0,walk
30.5899,14429,1.8429,1.0622,1.506,1.6908,45.984,0,walk
30.592,14430,1.8444,1.0627,1.5075,1.6892,46.095,0,walk
30.594,14431,1.8444,1.0627,1.5075,1.6944,46.095,0,walk
30.5962,14432,1.8458,1.0632,1.5089,1.7178,46.196,0,walk
30.5982,14433,1.8458,1.0632,1.5089,1.6956,46.196,0,walk
30.6003,14434,1.8472,1.0636,1.5103,1.6829,46.295,0,walk
30.6023,14435,1.8472,1.0636,1.5103,1.7247,46.295,0,walk
30.6044,14436,1.849,1.064,1.5122,1.5897,46.234,0,walk
30.6065,14437,1.849,1.064,1.5122,1.6432,46.234,0,walk
30.6085,14438,1.8503,1.0644,1.5135,1.003,46.287,0,walk
30.6106,14439,1.8503,1.0644,1.5135,1.7326,46.287,0,walk
30.6127,14440,1.8517,1.0647,1.5149,1.7202,46.342,0,walk
30.6148,14441,1.8517,1.0647,1.5149,1.7235,46.342,0,walk
30.6169,14442,1.8531,1.0651,1.5163,1.7189,46.424,0,walk
30.619,14443,1.8531,1.0651,1.5163,1.7123,46.424,0,walk
30.6211,14444,1.8544,1.0656,1.5177,1.7169,46.495,0,walk
30.6231,14445,1.8544,1.0656,1.5177,1.7171,46.495,0,walk
30.6252,14446,1.8558,1.066,1.5192,1.702,46.554,0,walk
30.6273,14447,1.8558,1.066,1.5192,1.7138,46.554,0,walk
30.6293,14448,1.8572,1.0662,1.5206,1.704,46.606,0,walk
30.6313,14449,1.8572,1.0662,1.5206,1.738,46.606,0,walk
30.6335,14450,1.8585,1.0666,1.522,1.7467,46.677,0,walk
30.6355,14451,1.8585,1.0666,1.522,1.7215,46.677,0,walk
30.6377,14452,1.8598,1.067,1.5233,1.7262,46.722,0,walk
30.6397,14453,1.8598,1.067,1.5233,1.7355,46.722,0,walk
30.6418,14454,1.8611,1.0673,1.5247,1.74,46.755,0,walk
30.6439,14455,1.8611,1.0673,1.5247,1.7352,46.755,0,walk
30.646,14456,1.8625,1.0676,1.5261,1.714,46.813,0,walk
30.6481,14457,1.8625,1.0676,1.5261,1.7316,46.813,0,walk
30.6502,14458,1.8636,1.0678,1.5274,1.7395,46.857,0,walk
30.6523,14459,1.8636,1.0678,1.5274,1.7721,46.857,0,walk
30.6544,14460,1.8649,1.0681,1.5287,1.7582,46.934,0,walk
30.6564,14461,1.8649,1.0681,1.5287,1.7555,46.934,0,walk
30.6585,14462,1.8661,1.0682,1.5301,1.7216,46.959,0,walk
30.6606,14463,1.8661,1.0682,1.5301,1.7727,46.959,0,walk
30.6626,14464,1.8673,1.0684,1.5314,1.8063,47.01,0,walk
30.6647,14465,1.8673,1.0684,1.5314,1.7624,47.01,0,walk
30.6668,14466,1.8685,1.0686,1.5328,1.7376,47.067,0,walk
30.6689,14467,1.8685,1.0686,1.5328,1.7731,47.067,0,walk
30.6709,14468,1.8697,1.0688,1.5341,1.7837,47.112,0,walk
30.673,14469,1.8697,1.0688,1.5341,1.7518,47.112,0,walk
30.675,14470,1.8706,1.069,1.535,1.3405,46.997,0,walk
30.6771,14471,1.8706,1.069,1.535,1.8352,46.997,0,walk
30.6792,14472,1.8718,1.0692,1.5363,1.7222,47.035,0,walk
30.6812,14473,1.8718,1.0692,1.5363,1.7612,47.035,0,walk
30.6835,14474,1.8729,1.0695,1.5376,1.8063,47.063,0,walk
30.6857,14475,1.8729,1.0695,1.5376,1.7626,47.063,0,walk
30.6877,14476,1.874,1.0697,1.5387,1.7753,47.087,0,walk
30.6897,14477,1.874,1.0697,1.5387,1.7988,47.087,0,walk
30.6918,14478,1.8752,1.07,1.54,1.7459,47.1,0,walk
30.6939,14479,1.8752,1.07,1.54,1.7581,47.1,0,walk
30.696,14480,1.8764,1.0701,1.5413,1.7288,47.118,0,walk
30.6981,14481,1.8764,1.0701,1.5413,1.7696,47.118,0,walk
30.7004,14482,1.8775,1.0702,1.5426,1.79,47.137,0,walk
30.7023,14483,1.8775,1.0702,1.5426,1.7916,47.137,0,walk
30.7044,14484,1.8788,1.0705,1.544,1.7652,47.133,0,walk
30.7064,14485,1.8788,1.0705,1.544,1.743,47.133,0,walk
30.7085,14486,1.8803,1.0709,1.5456,1.6762,47.27,0,walk
30.7106,14487,1.8803,1.0709,1.5456,1.6979,47.27,0,walk
30.7126,14488,1.8817,1.0709,1.5472,1.4749,47.404,0,walk
30.7147,14489,1.8817,1.0709,1.5472,1.7533,47.404,0,walk
30.7169,14490,1.883,1.0711,1.5486,1.6978,47.49,0,walk
30.7189,14491,1.883,1.0711,1.5486,1.7475,47.49,0,walk
30.7211,14492,1.8841,1.0712,1.55,1.7592,47.577,0,walk
30.7231,14493,1.8841,1.0712,1.55,1.7843,47.577,0,walk
30.7251,14494,1.8853,1.0712,1.5513,1.7511,47.657,0,walk
30.7272,14495,1.8853,1.0712,1.5513,1.7922,47.657,0,walk
30.7293,14496,1.8864,1.0713,1.5526,1.82,47.716,0,walk
30.7314,14497,1.8864,1.0713,1.5526,1.788,47.716,0,walk
30.7334,14498,1.8874,1.0714,1.5539,1.7959,47.807,0,walk
30.7355,14499,1.8874,1.0714,1.5539,1.8128,47.807,0,walk
30.7377,14500,1.8885,1.0714,1.5552,1.7828,47.895,0,walk
30.7397,14501,1.8885,1.0714,1.5552,1.793,47.895,0,walk
30.7418,14502,1.8896,1.0713,1.5565,1.7638,47.978,0,walk
30.7439,14503,1.8896,1.0713,1.5565,1.8113,47.978,0,walk
30.7459,14504,1.8907,1.0713,1.5579,1.7898,48.071,0,walk
30.748,14505,1.8907,1.0713,1.5579,1.8083,48.071,0,walk
30.75,14506,1.8919,1.0713,1.5594,1.7938,48.152,0,walk
30.7521,14507,1.8919,1.0713,1.5594,1.7849,48.152,0,walk
30.7542,14508,1.8931,1.0713,1.5608,1.7931,48.263,0,walk
30.7563,14509,1.8931,1.0713,1.5608,1.7813,48.263,0,walk
30.7583,14510,1.8942,1.0715,1.5621,1.842,48.392,0,walk
30.7605,14511,1.8942,1.0715,1.5621,1.7811,48.392,0,walk
30.7635,14512,1.8954,1.0717,1.5633,1.7893,48.488,0,walk
30.7649,14513,1.8954,1.0717,1.5633,1.7707,48.488,0,walk
30.767,14514,1.8966,1.0718,1.5647,1.7321,48.567,0,walk
30.769,14515,1.8966,1.0718,1.5647,1.7765,48.567,0,walk
30.7711,14516,1.8977,1.0719,1.5659,1.8054,48.664,0,walk
30.7731,14517,1.8977,1.0719,1.5659,1.7937,48.664,0,walk
30.7752,14518,1.8989,1.072,1.5674,1.7197,48.753,0,walk
30.7773,14519,1.8989,1.072,1.5674,1.7733,48.753,0,walk
30.7793,14520,1.9001,1.072,1.5688,1.7786,48.854,0,walk
30.7813,14521,1.9001,1.072,1.5688,1.78,48.854,0,walk
30.7834,14522,1.9013,1.072,1.5703,1.744,48.975,0,walk
30.7855,14523,1.9013,1.072,1.5703,1.7754,48.974,0,walk
30.7876,14524,1.9026,1.072,1.5718,1.7563,49.141,0,walk
30.7896,14525,1.9026,1.072,1.5718,1.7851,49.141,0,walk
30.7917,14526,1.9037,1.072,1.5732,1.8401,49.243,0,walk
30.7938,14527,1.9037,1.072,1.5732,1.7855,49.243,0,walk
30.7959,14528,1.9049,1.0721,1.5746,1.7674,49.365,0,walk
30.798,14529,1.9049,1.0721,1.5746,1.7852,49.365,0,walk
30.8,14530,1.9061,1.0721,1.576,1.7934,49.491,0,walk
30.8021,14531,1.9061,1.0721,1.576,1.7821,49.491,0,walk
30.8042,14532,1.9073,1.0722,1.5774,1.7707,49.619,0,walk
30.8063,14533,1.9073,1.0722,1.5774,1.7809,49.619,0,walk
30.8084,14534,1.9084,1.0723,1.5786,1.8472,49.699,0,walk
30.8104,14535,1.9084,1.0723,1.5786,1.7895,49.699,0,walk
30.8126,14536,1.9095,1.0723,1.58,1.7418,49.811,0,walk
30.8147,14537,1.9095,1.0723,1.58,1.806,49.811,0,walk
30.8168,14538,1.9107,1.0723,1.5814,1.7948,49.91,0,walk
30.8188,14539,1.9107,1.0723,1.5814,1.7799,49.91,0,walk
30.8209,14540,1.9118,1.0723,1.5828,1.7242,50.073,0,walk
30.8229,14541,1.9118,1.0723,1.5828,1.7945,50.073,0,walk
30.8253,14542,1.913,1.0723,1.5843,1.8192,50.181,0,walk
30.8273,14543,1.913,1.0723,1.5843,1.7773,50.181,0,walk
30.8295,14544,1.9143,1.0722,1.5858,1.7078,50.365,0,walk
30.8315,14545,1.9143,1.0722,1.5858,1.7808,50.365,0,walk
30.8336,14546,1.9155,1.0723,1.5873,1.8296,50.485,0,walk
30.8357,14547,1.9155,1.0723,1.5873,1.7757,50.485,0,walk
30.8378,14548,1.9168,1.0723,1.5888,1.7716,50.638,0,walk
30.8398,14549,1.9168,1.0723,1.5888,1.7754,50.638,0,walk
30.8419,14550,1.918,1.0722,1.5903,1.7248,50.765,0,walk
30.8439,14551,1.918,1.0722,1.5903,1.7838,50.765,0,walk
30.8461,14552,1.9192,1.0723,1.5917,1.8349,50.888,0,walk
30.8482,14553,1.9192,1.0723,1.5917,1.7741,50.888,0,walk
30.8503,14554,1.9205,1.0723,1.5933,1.7354,51.03,0,walk
30.8524,14555,1.9205,1.0723,1.5933,1.7709,51.03,0,walk
30.8545,14556,1.9216,1.0724,1.5946,1.8612,51.081,0,walk
30.8565,14557,1.9216,1.0724,1.5946,1.7889,51.081,0,walk
30.8586,14558,1.9229,1.0724,1.5961,1.7336,51.18,0,walk
30.8606,14559,1.9229,1.0724,1.5961,1.7654,51.18,0,walk
30.8628,14560,1.9242,1.0724,1.5976,1.7198,51.31,0,walk
30.8648,14561,1.9242,1.0724,1.5976,1.7746,51.31,0,walk
30.8669,14562,1.9255,1.0724,1.5992,1.7648,51.412,0,walk
30.869,14563,1.9255,1.0724,1.5992,1.75,51.412,0,walk
30.8711,14564,1.9268,1.0724,1.6008,1.7093,51.573,0,walk
30.8731,14565,1.9268,1.0724,1.6008,1.7726,51.573,0,walk
30.8752,14566,1.9282,1.0724,1.6025,1.7315,51.709,0,walk
30.8772,14567,1.9282,1.0724,1.6025,1.7481,51.709,0,walk
30.8793,14568,1.93,1.0727,1.6044,1.7428,51.943,0,walk
30.8813,14569,1.93,1.0727,1.6044,1.6584,51.943,0,walk
30.8834,14570,1.9314,1.0727,1.6061,1.3945,52.078,0,walk
30.8854,14571,1.9314,1.0727,1.6061,1.7517,52.078,0,walk
30.8876,14572,1.9328,1.0728,1.6078,1.7364,52.206,0,walk
30.8896,14573,1.9328,1.0728,1.6078,1.733,52.206,0,walk
30.8917,14574,1.9343,1.0728,1.6096,1.6762,52.367,0,walk
30.8938,14575,1.9343,1.0728,1.6096,1.7368,52.367,0,walk
30.8959,14576,1.9357,1.0729,1.6111,1.6954,52.469,0,walk
30.8979,14577,1.9357,1.0729,1.6111,1.7337,52.469,0,walk
30.9001,14578,1.9372,1.0729,1.613,1.5345,52.635,0,walk
30.9022,14579,1.9372,1.0729,1.613,1.7407,52.635,0,walk
30.9044,14580,1.9388,1.0727,1.6149,1.7035,52.819,0,walk
30.9064,14581,1.9388,1.0727,1.6149,1.7385,52.819,0,walk
30.9084,14582,1.9402,1.0725,1.6168,1.7055,52.974,0,walk
30.9105,14583,1.9402,1.0725,1.6168,1.761,52.974,0,walk
30.9126,14584,1.9417,1.0724,1.6187,1.781,53.1,0,walk
30.9147,14585,1.9417,1.0724,1.6187,1.754,53.1,0,walk
30.9169,14586,1.9428,1.073,1.6196,0.6775,52.83,0,walk
30.9189,14587,1.9428,1.073,1.6196,1.745,52.83,0,walk
30.921,14588,1.9442,1.0728,1.6214,1.1482,52.92,0,walk
30.9231,14589,1.9442,1.0728,1.6214,1.7576,52.92,0,walk
30.9251,14590,1.9456,1.0729,1.623,1.7941,53.021,0,walk
30.9272,14591,1.9456,1.0729,1.623,1.7495,53.021,0,walk
30.9293,14592,1.947,1.0727,1.6248,1.562,53.077,0,walk
30.9313,14593,1.947,1.0727,1.6248,1.7742,53.077,0,walk
30.9334,14594,1.9483,1.0726,1.6265,1.8571,53.122,0,walk
30.9355,14595,1.9483,1.0726,1.6265,1.7608,53.122,0,walk
30.9377,14596,1.9498,1.0724,1.6284,1.6046,53.255,0,walk
30.9397,14597,1.9498,1.0724,1.6284,1.7736,53.255,0,walk
30.9422,14598,1.9512,1.0721,1.6302,1.7913,53.366,0,walk
30.9443,14599,1.9512,1.0721,1.6302,1.7725,53.366,0,walk
30.9467,14600,1.9526,1.0718,1.6321,1.712,53.475,0,walk
30.9487,14601,1.9526,1.0718,1.6321,1.7788,53.475,0,walk
30.9509,14602,1.9539,1.0715,1.6339,1.7731,53.612,0,walk
30.9545,14603,1.9554,1.0712,1.6358,1.7859,53.705,0,walk
30.9566,14604,1.9554,1.0712,1.6358,1.7632,53.705,0,walk
30.9589,14605,1.9567,1.0711,1.6375,1.8669,53.75,0,walk
30.961,14606,1.9567,1.0711,1.6375,1.7807,53.75,0,walk
30.9631,14607,1.9581,1.0705,1.6396,1.3863,53.911,0,walk
30.9651,14608,1.9581,1.0705,1.6396,1.8031,53.911,0,walk
30.9673,14609,1.9595,1.0701,1.6415,1.874,54.023,0,walk
30.9693,14610,1.9595,1.0701,1.6415,1.7898,54.023,0,walk
30.9715,14611,1.9609,1.0698,1.6434,1.7716,54.16,0,walk
30.9736,14612,1.9609,1.0697,1.6434,1.7778,54.16,0,walk
30.9757,14613,1.9626,1.0696,1.6455,1.7765,54.436,0,walk
30.9778,14614,1.9626,1.0696,1.6455,1.7155,54.436,0,walk
30.9799,14615,1.964,1.0693,1.6473,1.7135,54.571,0,walk
30.982,14616,1.964,1.0693,1.6473,1.7824,54.571,0,walk
30.9848,14617,1.9654,1.0689,1.6493,1.6696,54.678,0,walk
30.988,14618,1.9668,1.0684,1.6513,1.7995,54.816,0,walk
30.9889,14619,1.9668,1.0684,1.6513,1.7916,54.816,0,walk
30.9909,14620,1.9683,1.068,1.6533,1.767,54.945,0,walk
30.993,14621,1.9683,1.068,1.6533,1.7759,54.945,0,walk
30.995,14622,1.9697,1.0676,1.6553,1.7935,55.066,0,walk
30.9971,14623,1.9697,1.0676,1.6553,1.7882,55.066,0,walk
30.9992,14624,1.9711,1.0672,1.6572,1.7944,55.182,0,walk
31.0013,14625,1.9711,1.0672,1.6572,1.7874,55.182,0,walk
31.0033,14626,1.9726,1.0668,1.6593,1.713,55.291,0,walk
31.0054,14627,1.9726,1.0668,1.6593,1.767,55.291,0,walk
31.0075,14628,1.9741,1.0661,1.6615,1.4839,55.477,0,walk
31.0095,14629,1.9741,1.0661,1.6615,1.813,55.477,0,walk
31.0116,14630,1.9756,1.0655,1.6636,1.8872,55.618,0,walk
31.0137,14631,1.9756,1.0655,1.6636,1.7954,55.618,0,walk
31.0158,14632,1.9771,1.065,1.6657,1.7822,55.807,0,walk
31.0179,14633,1.9771,1.065,1.6657,1.7839,55.807,0,walk
31.02,14634,1.9786,1.0644,1.6679,1.7631,55.918,0,walk
31.022,14635,1.9786,1.0644,1.6679,1.7838,55.918,0,walk
31.0242,14636,1.9802,1.0642,1.67,1.8398,56.074,0,walk
31.0263,14637,1.9802,1.0642,1.67,1.7357,56.074,0,walk
31.0283,14638,1.9817,1.0637,1.672,1.7402,56.144,0,walk
31.0304,14639,1.9817,1.0637,1.672,1.7892,56.144,0,walk
31.0325,14640,1.9832,1.0627,1.6744,1.1836,56.434,0,walk
31.0346,14641,1.9832,1.0627,1.6744,1.8346,56.434,0,walk
31.0378,14642,1.9847,1.062,1.6766,1.8948,56.634,0,walk
31.0386,14643,1.9847,1.062,1.6766,1.8098,56.634,0,walk
31.0409,14644,1.9865,1.0616,1.679,1.8238,56.732,0,walk
31.0429,14645,1.9865,1.0616,1.679,1.7187,56.732,0,walk
31.0459,14646,1.9881,1.0609,1.6814,1.4151,56.945,0,walk
31.047,14647,1.9881,1.0609,1.6814,1.783,56.945,0,walk
31.05,14648,1.9898,1.0604,1.6837,1.9162,57.05,0,walk
31.0512,14649,1.9898,1.0604,1.6837,1.7641,57.05,0,walk
31.0544,14650,1.9911,1.0598,1.6856,1.9024,57.033,0,walk
31.0563,14651,1.9911,1.0598,1.6856,1.8268,57.033,0,walk
31.0584,14652,1.9925,1.0592,1.6876,1.8,57.016,0,walk
31.0605,14653,1.9925,1.0592,1.6876,1.8045,57.016,0,walk
31.0631,14654,1.9938,1.0583,1.6898,1.5449,57.046,0,walk
31.0651,14655,1.9938,1.0583,1.6898,1.8403,57.046,0,walk
31.0676,14656,1.9952,1.0575,1.6919,1.8497,57.062,0,walk
31.0695,14657,1.9952,1.0575,1.6919,1.8358,57.062,0,walk
31.0718,14658,1.9966,1.0566,1.6941,1.7385,57.086,0,walk
31.0738,14659,1.9966,1.0566,1.6941,1.8451,57.086,0,walk
31.0761,14660,1.998,1.0553,1.6966,1.5208,57.202,0,walk
31.0795,14661,1.9995,1.054,1.6991,1.7998,57.31,0,walk
31.0815,14662,1.9995,1.054,1.6991,1.8781,57.31,0,walk
31.0838,14663,2.0011,1.052,1.7022,1.1468,57.759,0,walk
31.0859,14664,2.0011,1.052,1.7022,1.9526,57.759,0,walk
31.0881,14665,2.0024,1.0506,1.7046,1.4566,57.944,0,walk
31.0901,14666,2.0024,1.0506,1.7046,1.9182,57.944,0,walk
31.0924,14667,2.0039,1.0489,1.7075,1.6088,58.195,0,walk
31.0943,14668,2.0039,1.0489,1.7075,1.9028,58.195,0,walk
31.0966,14669,2.0054,1.0483,1.7096,1.2087,58.09,0,walk
31.0986,14670,2.0054,1.0483,1.7096,1.8071,58.09,0,walk
31.1008,14671,2.0067,1.0466,1.7122,0.7565,58.34,0,walk
31.1028,14672,2.0067,1.0466,1.7122,1.9412,58.34,0,walk
31.1052,14673,2.0082,1.0453,1.7147,1.9842,58.438,0,walk
31.1076,14674,2.0096,1.0441,1.7171,1.8805,58.489,0,walk
31.1093,14675,2.0096,1.0441,1.7171,1.8522,58.489,0,walk
31.1117,14676,2.011,1.0429,1.7195,1.8674,58.591,0,walk
31.1134,14677,2.011,1.0429,1.7195,1.8891,58.591,0,walk
31.1158,14678,2.0124,1.0416,1.7219,1.8835,58.707,0,walk
31.1176,14679,2.0124,1.0416,1.7219,1.7438,58.707,0,walk
31.1199,14680,2.0138,1.0402,1.7243,1.9021,58.859,0,walk
31.1217,14681,2.0138,1.0402,1.7243,1.7203,58.859,0,walk
31.1237,14682,2.0138,1.0402,1.7243,1.8987,58.859,0,walk
31.1259,14683,2.0152,1.0389,1.7268,1.9325,58.986,0,walk
31.1282,14684,2.0167,1.0378,1.7292,1.8283,59.112,0,walk
31.1301,14685,2.0167,1.0378,1.7292,1.9755,59.112,0,walk
31.1324,14686,2.0181,1.0364,1.7317,1.9046,59.306,0,walk
31.1343,14687,2.0181,1.0364,1.7317,1.4584,59.306,0,walk
31.1366,14688,2.0195,1.035,1.7341,1.8905,59.441,0,walk
31.1388,14689,2.0195,1.035,1.7341,1.8537,59.441,0,walk
31.1416,14690,2.0208,1.0336,1.7365,1.891,59.575,0,walk
31.1429,14691,2.0208,1.0336,1.7365,1.9069,59.575,0,walk
31.145,14692,2.0218,1.0317,1.7388,1.0087,59.392,0,walk
31.1471,14693,2.0218,1.0317,1.7388,2.019,59.392,0,walk
31.1504,14694,2.0229,1.0302,1.741,2.1336,59.399,0,walk
31.1525,14695,2.0229,1.0302,1.741,1.9476,59.399,0,walk
31.1547,14696,2.024,1.0285,1.7432,1.7095,59.446,0,walk
31.1567,14697,2.024,1.0285,1.7432,1.9825,59.446,0,walk
31.1588,14698,2.025,1.0267,1.7454,1.9119,59.474,0,walk
31.1609,14699,2.025,1.0267,1.7454,1.9917,59.474,0,walk
31.1633,14700,2.026,1.025,1.7477,1.9546,59.502,0,walk
31.1653,14701,2.026,1.025,1.7477,1.9818,59.502,0,walk
31.1675,14702,2.0276,1.0236,1.7502,1.9665,59.713,0,walk
31.1695,14703,2.0276,1.0236,1.7502,1.8696,59.713,0,walk
31.1717,14704,2.0287,1.0219,1.7525,1.4101,59.779,0,walk
31.1738,14705,2.0287,1.0219,1.7525,1.9705,59.779,0,walk
31.1759,14706,2.0298,1.0202,1.7548,1.8552,59.89,0,walk
31.1779,14707,2.0298,1.0202,1.7548,1.9632,59.89,0,walk
31.1802,14708,2.0311,1.0187,1.7571,2.1055,59.982,0,walk
31.1822,14709,2.0311,1.0187,1.7571,1.9202,59.982,0,walk
31.1845,14710,2.0322,1.0171,1.7594,1.8152,60.106,0,walk
31.1879,14711,2.0335,1.0155,1.7617,1.9472,60.271,0,walk
31.1885,14712,2.0335,1.0155,1.7617,1.8162,60.271,0,walk
31.1909,14713,2.0347,1.0138,1.7642,1.9387,60.453,0,walk
31.1926,14714,2.0347,1.0138,1.7642,1.8561,60.453,0,walk
31.195,14715,2.0359,1.0122,1.7664,1.958,60.637,0,walk
31.1968,14716,2.0359,1.0122,1.7664,1.9948,60.637,0,walk
31.1991,14717,2.0373,1.0108,1.7688,1.8836,60.78,0,walk
31.2009,14718,2.0373,1.0108,1.7688,2.0256,60.78,0,walk
31.2033,14719,2.0385,1.0092,1.7712,1.9349,60.953,0,walk
31.205,14720,2.0385,1.0092,1.7712,1.6101,60.953,0,walk
31.207,14721,2.0385,1.0092,1.7712,1.9297,60.953,0,walk
31.2091,14722,2.0398,1.0075,1.7736,1.7099,61.136,0,walk
31.2111,14723,2.0398,1.0075,1.7736,1.9556,61.136,0,walk
31.2132,14724,2.041,1.0057,1.776,1.9341,61.31,0,walk
31.2153,14725,2.041,1.0057,1.776,1.9603,61.31,0,walk
31.2174,14726,2.0421,1.004,1.7782,2.0083,61.469,0,walk
31.2193,14727,2.0421,1.004,1.7782,1.9752,61.469,0,walk
31.2214,14728,2.0433,1.0025,1.7805,2.0642,61.574,0,walk
31.2235,14729,2.0433,1.0025,1.7805,1.9141,61.574,0,walk
31.2255,14730,2.0445,1.0007,1.7828,1.5696,61.726,0,walk
31.2276,14731,2.0445,1.0007,1.7828,1.9643,61.726,0,walk
31.2297,14732,2.0456,0.999,1.7851,1.9669,61.865,0,walk
31.2317,14733,2.0456,0.999,1.7851,1.9751,61.865,0,walk
31.2338,14734,2.0466,0.9972,1.7872,1.9395,62.025,0,walk
31.2358,14735,2.0466,0.9972,1.7872,1.9821,62.025,0,walk
31.2379,14736,2.0476,0.9954,1.7894,1.8737,62.173,0,walk
31.2399,14737,2.0476,0.9954,1.7894,2.0005,62.173,0,walk
31.2421,14738,2.0485,0.9933,1.7915,1.7832,62.328,0,walk
31.2441,14739,2.0485,0.9933,1.7915,2.0397,62.328,0,walk
31.2462,14740,2.0494,0.9913,1.7937,2.0196,62.51,0,walk
31.2482,14741,2.0494,0.9913,1.7937,2.0381,62.51,0,walk
31.2504,14742,2.0504,0.9893,1.7959,1.9261,62.735,0,walk
31.2524,14743,2.0504,0.9893,1.7959,2.0153,62.735,0,walk
31.2547,14744,2.0513,0.9874,1.7981,2.1276,62.896,0,walk
31.2566,14745,2.0513,0.9874,1.7981,2.0151,62.896,0,walk
31.2588,14746,2.0522,0.9855,1.8002,1.9998,63.06,0,walk
31.2608,14747,2.0522,0.9855,1.8002,2.0099,63.06,0,walk
31.263,14748,2.0531,0.9836,1.8022,2.0399,63.22,0,walk
31.265,14749,2.0531,0.9836,1.8022,2.0109,63.22,0,walk
31.2673,14750,2.0541,0.9818,1.8043,1.9551,63.39,0,walk
31.2693,14751,2.0541,0.9818,1.8043,2.009,63.39,0,walk
31.2715,14752,2.0549,0.98,1.8062,2.0545,63.573,0,walk
31.2734,14753,2.0549,0.98,1.8062,2.0095,63.573,0,walk
31.2757,14754,2.0558,0.9781,1.8083,1.909,63.741,0,walk
31.2777,14755,2.0558,0.9781,1.8083,2.0102,63.741,0,walk
31.2798,14756,2.0567,0.9764,1.8101,2.1248,63.919,0,walk
31.2819,14757,2.0567,0.9764,1.8101,2.0122,63.919,0,walk
31.284,14758,2.0577,0.9746,1.8122,1.8532,64.114,0,walk
31.2861,14759,2.0577,0.9746,1.8122,1.9929,64.114,0,walk
31.2882,14760,2.0585,0.9727,1.8142,2.0124,64.263,0,walk
31.2902,14761,2.0585,0.9727,1.8142,2.0153,64.263,0,walk
31.2924,14762,2.0593,0.971,1.816,2.1133,64.429,0,walk
31.2945,14763,2.0593,0.971,1.816,2.0231,64.429,0,walk
31.2966,14764,2.06,0.9692,1.8178,1.9857,64.587,0,walk
31.2986,14765,2.06,0.9692,1.8178,2.0228,64.587,0,walk
31.3008,14766,2.0609,0.9673,1.8198,1.7925,64.833,0,walk
31.3028,14767,2.0609,0.9673,1.8198,2.0232,64.833,0,walk
31.3049,14768,2.0616,0.9655,1.8216,2.25,65.011,0,walk
31.3069,14769,2.0616,0.9655,1.8216,2.0247,65.011,0,walk
31.3091,14770,2.0623,0.9638,1.8233,2.0183,65.194,0,walk
31.3111,14771,2.0623,0.9638,1.8233,2.0307,65.194,0,walk
31.3133,14772,2.0631,0.962,1.825,1.9808,65.378,0,walk
31.3154,14773,2.0631,0.962,1.825,2.0218,65.378,0,walk
31.3175,14774,2.0637,0.9603,1.8267,2.0621,65.568,0,walk
31.3195,14775,2.0637,0.9603,1.8267,2.0273,65.568,0,walk
31.3217,14776,2.0645,0.9586,1.8284,1.95,65.742,0,walk
31.3237,14777,2.0645,0.9586,1.8284,2.0175,65.742,0,walk
31.3259,14778,2.0652,0.957,1.8301,2.095,65.944,0,walk
31.3283,14779,2.0659,0.9554,1.8317,2.0154,66.134,0,walk
31.33,14780,2.0659,0.9554,1.8317,1.9697,66.134,0,walk
31.3324,14781,2.0662,0.9532,1.8332,2.1416,66.069,0,walk
31.3341,14782,2.0662,0.9532,1.8332,0.9404,66.069,0,walk
31.3366,14783,2.0669,0.9517,1.8348,1.9926,66.262,0,walk
31.3383,14784,2.0669,0.9517,1.8348,2.1555,66.262,0,walk
31.3403,14785,2.0669,0.9517,1.8348,2.0007,66.262,0,walk
31.3423,14786,2.0677,0.9502,1.8364,1.9765,66.473,0,walk
31.3444,14787,2.0677,0.9502,1.8364,1.9889,66.473,0,walk
31.3465,14788,2.0684,0.9488,1.838,2.045,66.68,0,walk
31.3485,14789,2.0684,0.9488,1.838,1.9869,66.68,0,walk
31.3506,14790,2.0692,0.9474,1.8396,1.9155,66.887,0,walk
31.3526,14791,2.0692,0.9474,1.8396,1.9841,66.887,0,walk
31.3547,14792,2.0699,0.9461,1.8411,2.0648,67.096,0,walk
31.3567,14793,2.0699,0.9461,1.8411,1.9753,67.096,0,walk
31.3588,14794,2.0706,0.9447,1.8426,1.919,67.286,0,walk
31.3608,14795,2.0706,0.9447,1.8426,1.9852,67.286,0,walk
31.3629,14796,2.0713,0.9434,1.844,2.0019,67.483,0,walk
31.3649,14797,2.0713,0.9434,1.844,1.9834,67.483,0,walk
31.3673,14798,2.0721,0.942,1.8455,1.9578,67.666,0,walk
31.3694,14799,2.0721,0.942,1.8455,1.9792,67.666,0,walk
31.3717,14800,2.0728,0.9407,1.847,1.9453,67.845,0,walk
31.3744,14801,2.0735,0.9395,1.8484,1.9673,68.099,0,walk
31.3758,14802,2.0735,0.9395,1.8484,2.1003,68.099,0,walk
31.3778,14803,2.0735,0.9395,1.8484,1.9696,68.099,0,walk
31.3799,14804,2.0742,0.9383,1.8499,1.8598,68.271,0,walk
31.3819,14805,2.0742,0.9383,1.8499,1.9705,68.271,0,walk
31.384,14806,2.0749,0.937,1.8513,1.9883,68.442,0,walk
31.3861,14807,2.0749,0.937,1.8513,1.974,68.442,0,walk
31.3881,14808,2.0757,0.9357,1.8528,1.9036,68.633,0,walk
31.3902,14809,2.0757,0.9357,1.8528,1.9675,68.633,0,walk
31.3922,14810,2.0763,0.9346,1.8541,2.1062,68.817,0,walk
31.3943,14811,2.0763,0.9346,1.8541,1.9655,68.817,0,walk
31.3963,14812,2.077,0.9334,1.8555,1.892,68.994,0,walk
31.3984,14813,2.077,0.9334,1.8555,1.9706,68.994,0,walk
31.4004,14814,2.0777,0.9323,1.8568,1.9725,69.175,0,walk
31.4025,14815,2.0777,0.9323,1.8568,1.9666,69.175,0,walk
31.4046,14816,2.0784,0.9311,1.8582,1.9223,69.35,0,walk
31.4066,14817,2.0784,0.9311,1.8582,1.9633,69.35,0,walk
31.4087,14818,2.0791,0.93,1.8596,1.9705,69.541,0,walk
31.4107,14819,2.0791,0.93,1.8596,1.9641,69.541,0,walk
31.4128,14820,2.0798,0.9289,1.8609,1.9927,69.743,0,walk
31.4148,14821,2.0798,0.9289,1.8609,1.9618,69.743,0,walk
31.4169,14822,2.0805,0.9277,1.8622,1.9377,69.936,0,walk
31.419,14823,2.0805,0.9277,1.8622,1.963,69.936,0,walk
31.4212,14824,2.0812,0.9266,1.8635,1.9369,70.156,0,walk
31.4233,14825,2.0812,0.9266,1.8635,1.9556,70.156,0,walk
31.4255,14826,2.0819,0.9256,1.8648,1.9934,70.366,0,walk
31.4275,14827,2.0819,0.9256,1.8648,1.9602,70.366,0,walk
31.4299,14828,2.0825,0.9245,1.866,1.9476,70.573,0,walk
31.432,14829,2.0825,0.9245,1.866,1.9735,70.573,0,walk
31.4343,14830,2.0832,0.9235,1.8673,1.9546,70.814,0,walk
31.4366,14831,2.0838,0.9225,1.8685,1.9593,71.042,0,walk
31.4383,14832,2.0838,0.9225,1.8685,1.9965,71.042,0,walk
31.4404,14833,2.0838,0.9225,1.8685,1.9599,71.042,0,walk
31.4424,14834,2.0845,0.9214,1.8698,1.9265,71.288,0,walk
31.4445,14835,2.0845,0.9214,1.8698,1.9577,71.288,0,walk
31.4466,14836,2.0851,0.9204,1.8709,1.9663,71.539,0,walk
31.4486,14837,2.0851,0.9204,1.8709,1.9649,71.539,0,walk
31.4507,14838,2.0857,0.9194,1.8721,1.9695,71.785,0,walk
31.4527,14839,2.0857,0.9194,1.8721,1.9682,71.785,0,walk
31.4548,14840,2.0863,0.9185,1.8733,1.9561,72.048,0,walk
31.4568,14841,2.0863,0.9185,1.8733,1.9576,72.048,0,walk
31.4589,14842,2.0869,0.9175,1.8744,1.9504,72.316,0,walk
31.4609,14843,2.0869,0.9175,1.8744,1.9594,72.316,0,walk
31.463,14844,2.0875,0.9166,1.8755,1.9689,72.592,0,walk
31.465,14845,2.0875,0.9166,1.8755,1.9581,72.592,0,walk
31.4671,14846,2.0881,0.9157,1.8766,1.9608,72.865,0,walk
31.4691,14847,2.0881,0.9157,1.8766,1.96,72.865,0,walk
31.4712,14848,2.0887,0.9148,1.8778,1.9481,73.143,0,walk
31.4733,14849,2.0887,0.9148,1.8778,1.9599,73.143,0,walk
31.4753,14850,2.0894,0.9139,1.879,1.9271,73.444,0,walk
31.4774,14851,2.0894,0.9139,1.879,1.9356,73.444,0,walk
31.4794,14852,2.0901,0.9129,1.8802,1.8745,73.7,0,walk
31.4815,14853,2.0901,0.9129,1.8802,1.9497,73.7,0,walk
31.4835,14854,2.0907,0.912,1.8813,1.9844,73.941,0,walk
31.4856,14855,2.0907,0.912,1.8813,1.9667,73.941,0,walk
31.4877,14856,2.0913,0.911,1.8824,1.9461,74.204,0,walk
31.4897,14857,2.0913,0.911,1.8824,1.9628,74.204,0,walk
31.4918,14858,2.0918,0.91,1.8835,1.975,74.472,0,walk
31.4938,14859,2.0918,0.91,1.8835,1.9688,74.472,0,walk
31.4961,14860,2.0925,0.9092,1.8846,1.9731,74.787,0,walk
31.4982,14861,2.0925,0.9092,1.8846,1.9439,74.787,0,walk
31.5003,14862,2.0931,0.9084,1.8857,1.9717,75.115,0,walk
31.5023,14863,2.0931,0.9084,1.8857,1.9412,75.115,0,walk
31.5047,14864,2.0938,0.9077,1.8868,1.9276,75.463,0,walk
31.5067,14865,2.0938,0.9077,1.8868,1.9297,75.463,0,walk
31.509,14866,2.0944,0.9069,1.8879,1.9321,75.817,0,walk
31.511,14867,2.0944,0.9069,1.8879,1.9333,75.817,0,walk
31.5131,14868,2.0951,0.9062,1.8889,1.9218,76.185,0,walk
31.5151,14869,2.0951,0.9062,1.8889,1.9355,76.185,0,walk
31.5173,14870,2.0957,0.9055,1.89,1.9258,76.552,0,walk
31.5193,14871,2.0957,0.9055,1.89,1.9265,76.552,0,walk
31.5217,14872,2.0963,0.9048,1.8911,1.9446,76.898,0,walk
31.524,14873,2.097,0.904,1.8921,1.9372,77.243,0,walk
31.5258,14874,2.097,0.904,1.8921,1.8905,77.243,0,walk
31.5279,14875,2.097,0.904,1.8921,1.9363,77.243,0,walk
31.5299,14876,2.0976,0.9032,1.8932,1.9272,77.581,0,walk
31.532,14877,2.0976,0.9032,1.8932,1.9363,77.581,0,walk
31.534,14878,2.0983,0.9024,1.8944,1.9013,77.916,0,walk
31.5361,14879,2.0983,0.9024,1.8944,1.9269,77.916,0,walk
31.5382,14880,2.099,0.9016,1.8955,1.9083,78.24,0,walk
31.5402,14881,2.099,0.9016,1.8955,1.9323,78.24,0,walk
31.5423,14882,2.0997,0.9008,1.8966,1.9442,78.558,0,walk
31.5443,14883,2.0997,0.9008,1.8966,1.9398,78.558,0,walk
31.5464,14884,2.1004,0.9,1.8978,1.903,78.889,0,walk
31.5484,14885,2.1004,0.9,1.8978,1.9323,78.889,0,walk
31.5505,14886,2.1011,0.8991,1.899,1.9055,79.196,0,walk
31.5525,14887,2.1011,0.8991,1.899,1.9348,79.196,0,walk
31.5546,14888,2.1018,0.8983,1.9002,1.9283,79.516,0,walk
31.5566,14889,2.1018,0.8983,1.9002,1.9314,79.516,0,walk
31.5588,14890,2.1025,0.8974,1.9013,1.9368,79.839,0,walk
31.5607,14891,2.1025,0.8974,1.9013,1.9341,79.839,0,walk
31.563,14892,2.1032,0.8965,1.9025,1.8752,80.168,0,walk
31.565,14893,2.1032,0.8965,1.9025,1.9268,80.168,0,walk
31.5672,14894,2.104,0.8957,1.9038,1.9516,80.503,0,walk
31.5692,14895,2.104,0.8957,1.9038,1.9207,80.503,0,walk
31.5714,14896,2.1046,0.8949,1.9049,1.9179,80.813,0,walk
31.5734,14897,2.1046,0.8949,1.9049,1.935,80.813,0,walk
31.5755,14898,2.1054,0.894,1.9061,1.9088,81.132,0,walk
31.5775,14899,2.1054,0.894,1.9061,1.9269,81.132,0,walk
31.5797,14900,2.1061,0.8932,1.9073,1.8952,81.455,0,walk
31.5818,14901,2.1061,0.8932,1.9073,1.9286,81.455,0,walk
31.5839,14902,2.1069,0.8923,1.9086,1.9048,81.771,0,walk
31.586,14903,2.1069,0.8923,1.9086,1.9219,81.771,0,walk
31.5883,14904,2.1077,0.8914,1.9099,1.9137,82.093,0,walk
31.5903,14905,2.1077,0.8914,1.9099,1.9175,82.093,0,walk
31.5924,14906,2.1084,0.8905,1.9111,1.8842,82.397,0,walk
31.5945,14907,2.1084,0.8905,1.9111,1.93,82.397,0,walk
31.5966,14908,2.1092,0.8896,1.9124,1.9386,82.711,0,walk
31.5987,14909,2.1092,0.8896,1.9124,1.9237,82.711,0,walk
31.6007,14910,2.1101,0.8886,1.9138,1.8178,82.994,0,walk
31.6028,14911,2.1101,0.8886,1.9138,1.9114,82.994,0,walk
31.6049,14912,2.1108,0.8877,1.9151,1.9645,83.266,0,walk
31.6069,14913,2.1108,0.8877,1.9151,1.9322,83.266,0,walk
31.6089,14914,2.1116,0.8867,1.9164,1.8881,83.56,0,walk
31.611,14915,2.1116,0.8867,1.9164,1.9329,83.56,0,walk
31.613,14916,2.1125,0.8857,1.9179,1.8543,83.874,0,walk
31.6151,14917,2.1125,0.8857,1.9179,1.9159,83.874,0,walk
31.6172,14918,2.1134,0.8847,1.9193,1.9353,84.205,0,walk
31.6193,14919,2.1134,0.8847,1.9193,1.9107,84.205,0,walk
31.6214,14920,2.1141,0.8836,1.9206,1.8486,84.477,0,walk
31.6234,14921,2.1141,0.8836,1.9206,1.9413,84.477,0,walk
31.6256,14922,2.1151,0.8824,1.9222,1.8563,84.776,0,walk
31.6276,14923,2.1151,0.8824,1.9222,1.9227,84.776,0,walk
31.6298,14924,2.1159,0.8815,1.9235,2.0399,85.068,0,walk
31.6318,14925,2.1159,0.8815,1.9235,1.9192,85.068,0,walk
31.6339,14926,2.1168,0.8807,1.9249,1.9841,85.442,0,walk
31.636,14927,2.1168,0.8807,1.9249,1.8881,85.442,0,walk
31.6382,14928,2.1174,0.8797,1.926,1.7024,85.821,0,walk
31.6402,14929,2.1174,0.8797,1.926,1.9592,85.821,0,walk
31.6423,14930,2.1183,0.8787,1.9275,1.8487,86.106,0,walk
31.6443,14931,2.1183,0.8787,1.9275,1.9133,86.106,0,walk
31.6464,14932,2.1192,0.8779,1.9287,2.0348,86.397,0,walk
31.6485,14933,2.1192,0.8779,1.9287,1.892,86.397,0,walk
31.6506,14934,2.1201,0.877,1.9302,1.6971,86.691,0,walk
31.6526,14935,2.1201,0.877,1.9302,1.8973,86.691,0,walk
31.6548,14936,2.121,0.8761,1.9316,1.899,86.977,0,walk
31.6568,14937,2.121,0.8761,1.9316,1.8947,86.977,0,walk
31.6589,14938,2.1219,0.8751,1.9331,1.8386,87.264,0,walk
31.6609,14939,2.1219,0.8751,1.9331,1.9027,87.264,0,walk
31.6631,14940,2.1229,0.8741,1.9346,1.858,87.561,0,walk
31.6651,14941,2.1229,0.8741,1.9346,1.9072,87.561,0,walk
31.6673,14942,2.1238,0.8731,1.936,1.9015,87.849,0,walk
31.6693,14943,2.1238,0.8731,1.936,1.9131,87.849,0,walk
31.6715,14944,2.1246,0.8721,1.9374,1.9623,88.158,0,walk
31.6736,14945,2.1246,0.8721,1.9374,1.9151,88.158,0,walk
31.6757,14946,2.1255,0.871,1.9389,1.7142,88.445,0,walk
31.6778,14947,2.1255,0.871,1.9389,1.9216,88.445,0,walk
31.6799,14948,2.1265,0.8698,1.9404,1.9258,88.75,0,walk
31.6819,14949,2.1265,0.8698,1.9404,1.9146,88.75,0,walk
31.684,14950,2.1274,0.8687,1.9419,1.8803,89.039,0,walk
31.6861,14951,2.1274,0.8687,1.9419,1.925,89.039,0,walk
31.6884,14952,2.1283,0.8676,1.9435,1.9003,89.347,0,walk
31.6903,14953,2.1283,0.8676,1.9435,1.9138,89.347,0,walk
31.6924,14954,2.1292,0.8663,1.945,1.8065,89.639,0,walk
31.6944,14955,2.1292,0.8663,1.945,1.9328,89.639,0,walk
31.6966,14956,2.1301,0.8651,1.9466,1.9392,89.947,0,walk
31.6986,14957,2.1301,0.8651,1.9466,1.924,89.947,0,walk
31.7007,14958,2.1311,0.8638,1.9482,1.8746,90.255,0,walk
31.7027,14959,2.1311,0.8638,1.9482,1.9234,90.255,0,walk
31.7049,14960,2.132,0.8625,1.9498,1.8806,90.553,0,walk
31.707,14961,2.132,0.8625,1.9498,1.9327,90.553,0,walk
31.7091,14962,2.133,0.8612,1.9514,1.8911,90.873,0,walk
31.7115,14963,2.1339,0.8599,1.953,1.9297,91.192,0,walk
31.7133,14964,2.1339,0.8599,1.953,1.8944,91.192,0,walk
31.7153,14965,2.1339,0.8599,1.953,1.929,91.192,0,walk
31.7175,14966,2.1349,0.8586,1.9546,1.9164,91.532,0,walk
31.7195,14967,2.1349,0.8586,1.9546,1.9336,91.532,0,walk
31.7216,14968,2.1358,0.8572,1.9563,1.8603,91.85,0,walk
31.7237,14969,2.1358,0.8572,1.9563,1.9354,91.85,0,walk
31.7258,14970,2.1368,0.8558,1.9579,1.9105,92.179,0,walk
31.7278,14971,2.1368,0.8558,1.9579,1.9408,92.179,0,walk
31.7299,14972,2.1377,0.8544,1.9595,1.9456,92.509,0,walk
31.7319,14973,2.1377,0.8544,1.9595,1.9451,92.509,0,walk
31.734,14974,2.1386,0.853,1.9611,1.8981,92.844,0,walk
31.7361,14975,2.1386,0.853,1.9611,1.9484,92.844,0,walk
31.7385,14976,2.1396,0.8515,1.9628,1.8547,93.194,0,walk
31.7403,14977,2.1396,0.8515,1.9628,2.9186,93.194,0,jog
31.7424,14978,2.1405,0.8501,1.9644,2.9412,93.534,0,jog
31.7444,14979,2.1405,0.8501,1.9644,2.9266,93.534,0,jog
31.7465,14980,2.1414,0.8487,1.9661,2.9009,93.895,0,jog
31.7486,14981,2.1414,0.8487,1.9661,2.9189,93.895,0,jog
31.7507,14982,2.1423,0.8471,1.9677,2.7931,94.231,0,jog
31.7527,14983,2.1423,0.8471,1.9677,2.9314,94.231,0,jog
31.7548,14984,2.1433,0.8456,1.9695,2.8596,94.579,0,jog
31.7569,14985,2.1433,0.8456,1.9695,2.9203,94.579,0,jog
31.7589,14986,2.1443,0.8441,1.9711,2.9542,94.938,0,jog
31.761,14987,2.1443,0.8441,1.9711,2.9201,94.938,0,jog
31.763,14988,2.1453,0.8426,1.9729,2.7684,95.297,0,jog
31.7651,14989,2.1453,0.8426,1.9729,2.9112,95.297,0,jog
31.7672,14990,2.1464,0.841,1.9747,2.8463,95.657,0,jog
31.7692,14991,2.1464,0.841,1.9747,2.9126,95.657,0,jog
31.7713,14992,2.1474,0.8394,1.9765,2.9022,96.023,0,jog
31.7733,14993,2.1474,0.8394,1.9765,2.9077,96.023,0,jog
31.7754,14994,2.1485,0.8379,1.9784,2.8163,96.377,0,jog
31.7775,14995,2.1485,0.8379,1.9784,2.9009,96.377,0,jog
31.7796,14996,2.1495,0.8362,1.9802,2.7771,96.722,0,jog
31.7816,14997,2.1495,0.8362,1.9802,2.9188,96.722,0,jog
31.7837,14998,2.1507,0.8348,1.9821,3.0293,97.122,0,jog
31.7857,14999,2.1507,0.8348,1.9821,2.8824,97.122,0,jog
31.7878,15000,2.1518,0.8333,1.9839,2.7362,97.494,0,jog
31.7899,15001,2.1518,0.8333,1.9839,2.899,97.494,0,jog
31.7919,15002,2.1529,0.8317,1.9858,2.7972,97.878,0,jog
31.794,15003,2.1529,0.8317,1.9858,2.8832,97.878,0,jog
31.796,15004,2.1541,0.8301,1.9877,2.79,98.232,0,jog
31.7981,15005,2.1541,0.8301,1.9877,2.8868,98.232,0,jog
31.8001,15006,2.1553,0.8286,1.9897,2.8797,98.576,0,jog
31.8022,15007,2.1553,0.8286,1.9897,2.8881,98.576,0,jog
31.8043,15008,2.1565,0.8269,1.9916,2.7769,98.922,0,jog
31.8063,15009,2.1565,0.8269,1.9916,2.8802,98.922,0,jog
31.8084,15010,2.1577,0.8253,1.9937,2.855,99.279,0,jog
31.8105,15011,2.1577,0.8253,1.9937,2.8736,99.279,0,jog
31.8127,15012,2.159,0.8237,1.9957,2.8069,99.632,0,jog
31.8147,15013,2.159,0.8237,1.9957,2.8731,99.632,0,jog
31.8168,15014,2.1602,0.8221,1.9977,2.85,99.973,0,jog
31.8188,15015,2.1602,0.8221,1.9977,2.88,99.973,0,jog
31.8209,15016,2.1615,0.8204,1.9998,2.7874,100.306,0,jog
31.8229,15017,2.1615,0.8204,1.9998,2.8688,100.306,0,jog
31.8251,15018,2.1629,0.8188,2.0019,2.801,100.653,0,jog
31.8271,15019,2.1629,0.8188,2.0019,2.8635,100.653,0,jog
31.8292,15020,2.1642,0.8172,2.004,2.8961,100.971,0,jog
31.8312,15021,2.1642,0.8172,2.004,2.861,100.971,0,jog
31.8334,15022,2.1655,0.8156,2.0061,2.7722,101.32,0,jog
31.8355,15023,2.1655,0.8156,2.0061,2.8524,101.32,0,jog
31.8378,15024,2.1669,0.8139,2.0083,2.7722,101.656,0,jog
31.8399,15025,2.1669,0.8139,2.0083,2.8514,101.656,0,jog
31.8422,15026,2.1683,0.8122,2.0104,2.8551,101.985,0,jog
31.8442,15027,2.1683,0.8122,2.0104,2.8566,101.985,0,jog
31.8464,15028,2.1697,0.8106,2.0126,2.7368,102.327,0,jog
31.8484,15029,2.1697,0.8106,2.0126,2.8486,102.327,0,jog
31.8506,15030,2.1712,0.8089,2.0148,2.8457,102.679,0,jog
31.8526,15031,2.1712,0.8089,2.0148,2.8383,102.679,0,jog
31.8548,15032,2.1726,0.8073,2.0171,2.7843,103.018,0,jog
31.8568,15033,2.1726,0.8073,2.0171,2.84,103.018,0,jog
31.8589,15034,2.1741,0.8056,2.0193,2.7808,103.379,0,jog
31.861,15035,2.1741,0.8056,2.0193,2.8405,103.379,0,jog
31.8631,15036,2.1755,0.8039,2.0215,2.8447,103.714,0,jog
31.8651,15037,2.1755,0.8039,2.0215,2.8448,103.714,0,jog
31.8673,15038,2.1769,0.8023,2.0236,2.8392,104.035,0,jog
31.8693,15039,2.1769,0.8023,2.0236,2.8486,104.035,0,jog
31.8716,15040,2.1783,0.8006,2.0258,2.7707,104.379,0,jog
31.8736,15041,2.1783,0.8006,2.0258,2.8422,104.379,0,jog
31.8758,15042,2.1797,0.799,2.0279,2.857,104.698,0,jog
31.8779,15043,2.1797,0.799,2.0279,2.8555,104.698,0,jog
31.88,15044,2.1811,0.7973,2.0301,2.7997,105.026,0,jog
31.8823,15045,2.1824,0.7957,2.0322,2.8564,105.331,0,jog
31.8842,15046,2.1824,0.7957,2.0322,2.84,105.331,0,jog
31.8866,15047,2.1837,0.7941,2.0342,2.862,105.633,0,jog
31.8885,15048,2.1837,0.7941,2.0342,2.8433,105.633,0,jog
31.8917,15049,2.1851,0.7924,2.0363,2.8072,105.946,0,jog
31.8938,15050,2.1851,0.7924,2.0363,2.8591,105.946,0,jog
31.8959,15051,2.1864,0.7907,2.0384,2.8232,106.228,0,jog
31.8979,15052,2.1864,0.7907,2.0384,2.8504,106.228,0,jog
31.9,15053,2.1878,0.7891,2.0406,2.7719,106.507,0,jog
31.9021,15054,2.1878,0.7891,2.0406,2.8548,106.507,0,jog
31.9042,15055,2.1891,0.7875,2.0426,2.9352,106.767,0,jog
31.9062,15056,2.1891,0.7875,2.0426,2.857,106.767,0,jog
31.9084,15057,2.1902,0.7859,2.0443,3.0525,106.981,0,jog
31.9104,15058,2.1902,0.7859,2.0443,2.9031,106.981,0,jog
31.9125,15059,2.1914,0.7844,2.0463,2.7533,107.279,0,jog
31.9145,15060,2.1914,0.7844,2.0463,2.8593,107.279,0,jog
31.9168,15061,2.1927,0.7829,2.0482,2.8271,107.576,0,jog
31.9188,15062,2.1927,0.7829,2.0482,2.8549,107.576,0,jog
31.9209,15063,2.194,0.7814,2.0501,2.8739,107.844,0,jog
31.9229,15064,2.194,0.7814,2.0501,2.8583,107.844,0,jog
31.925,15065,2.1952,0.78,2.052,2.9058,108.084,0,jog
31.9271,15066,2.1952,0.78,2.052,2.8534,108.084,0,jog
31.9292,15067,2.1965,0.7784,2.0539,2.6445,108.347,0,jog
31.9312,15068,2.1965,0.7784,2.0539,2.8612,108.347,0,jog
31.9337,15069,2.1978,0.7769,2.0559,2.8612,108.635,0,jog
31.9358,15070,2.1978,0.7769,2.0559,2.8543,108.635,0,jog
31.938,15071,2.199,0.7754,2.0578,2.7689,108.905,0,jog
31.94,15072,2.199,0.7754,2.0578,2.8679,108.905,0,jog
31.9421,15073,2.2003,0.774,2.0597,2.9016,109.208,0,jog
31.9441,15074,2.2003,0.774,2.0597,2.8418,109.208,0,jog
31.9463,15075,2.2015,0.7725,2.0615,2.7307,109.489,0,jog
31.9483,15076,2.2015,0.7725,2.0615,2.8699,109.489,0,jog
31.9504,15077,2.2028,0.771,2.0634,2.8839,109.784,0,jog
31.9524,15078,2.2028,0.771,2.0634,2.8519,109.784,0,jog
31.9545,15079,2.204,0.7693,2.0653,2.3347,109.98,0,jog
31.9565,15080,2.204,0.7693,2.0653,2.8812,109.98,0,jog
31.9586,15081,2.2052,0.7679,2.0671,3.0498,110.268,0,jog
31.9606,15082,2.2052,0.7679,2.0671,2.8692,110.268,0,jog
31.9627,15083,2.2063,0.7663,2.0689,2.7772,110.559,0,jog
31.9648,15084,2.2063,0.7663,2.0689,2.8782,110.559,0,jog
31.9669,15085,2.2074,0.7648,2.0707,2.8673,110.654,0,jog
31.9689,15086,2.2074,0.7648,2.0707,2.8957,110.654,0,jog
31.971,15087,2.2086,0.7632,2.0725,2.7993,110.93,0,jog
31.9731,15088,2.2086,0.7632,2.0725,2.8754,110.93,0,jog
31.9751,15089,2.2097,0.7618,2.0742,3.0009,111.176,0,jog
31.9839,15090,2.2119,0.7588,2.0777,2.8423,111.72,0,jog
31.9859,15091,2.2119,0.7588,2.0777,2.8705,111.72,0,jog
31.9881,15092,2.2131,0.7574,2.0795,2.822,112.008,0,jog
31.9901,15093,2.2131,0.7574,2.0795,2.8634,112.008,0,jog
31.9922,15094,2.2143,0.756,2.0812,2.9087,112.286,0,jog
31.9942,15095,2.2143,0.756,2.0812,2.8649,112.286,0,jog
31.9963,15096,2.2155,0.7547,2.083,2.8106,112.579,0,jog
31.9983,15097,2.2155,0.7547,2.083,2.8474,112.579,0,jog
32.0006,15098,2.2167,0.7534,2.0848,2.8798,112.879,0,jog
32.0027,15099,2.2167,0.7534,2.0848,2.847,112.879,0,jog
32.0048,15100,2.218,0.752,2.0866,2.7319,113.177,0,jog
32.0068,15101,2.218,0.752,2.0866,2.8405,113.176,0,jog
32.0089,15102,2.2192,0.7507,2.0884,2.892,113.482,0,jog
32.0109,15103,2.2192,0.7507,2.0884,2.8412,113.48,0,jog
32.013,15104,2.2205,0.7494,2.0902,2.7412,113.783,0,jog
32.015,15105,2.2205,0.7494,2.0902,2.8378,113.781,0,jog
32.0171,15106,2.2218,0.7482,2.092,2.8902,114.087,0,jog
32.0191,15107,2.2218,0.7482,2.092,2.827,114.086,0,jog
32.0212,15108,2.2231,0.7469,2.0938,2.6618,114.374,0,jog
32.0233,15109,2.2231,0.747,2.0939,2.8276,114.373,0,jog
32.0253,15110,2.2244,0.7458,2.0956,2.9051,114.669,0,jog
32.0273,15111,2.2244,0.7458,2.0956,2.8258,114.669,0,jog
32.0294,15112,2.2257,0.7442,2.0976,2.0571,115.111,0,jog
32.0314,15113,2.2257,0.7442,2.0976,2.8536,115.111,0,jog
32.0335,15114,2.2269,0.7429,2.0993,3.0426,115.439,0,jog
32.0355,15115,2.2269,0.7429,2.0993,2.8355,115.439,0,jog
32.0377,15116,2.2282,0.7416,2.1011,2.779,115.755,0,jog
32.0397,15117,2.2282,0.7416,2.1011,2.8288,115.754,0,jog
32.0419,15118,2.2294,0.7405,2.1029,2.8906,116.047,0,jog
32.0439,15119,2.2294,0.7405,2.1029,2.8305,116.046,0,jog
32.046,15120,2.2307,0.7392,2.1047,2.7259,116.337,0,jog
32.048,15121,2.2307,0.7392,2.1047,2.8241,116.337,0,jog
32.0501,15122,2.2319,0.738,2.1064,2.7843,116.62,0,jog
32.0521,15123,2.2319,0.738,2.1064,2.8423,116.62,0,jog
32.0542,15124,2.2332,0.7367,2.1082,2.7981,116.889,0,jog
32.0563,15125,2.2332,0.7367,2.1082,2.8301,116.889,0,jog
32.0585,15126,2.2344,0.7354,2.1099,2.7526,117.178,0,jog
32.0605,15127,2.2344,0.7354,2.1099,2.8369,117.177,0,jog
32.0626,15128,2.2357,0.7342,2.1117,2.887,117.424,0,jog
32.0647,15129,2.2357,0.7342,2.1117,2.8258,117.423,0,jog
32.0669,15130,2.2369,0.733,2.1134,2.802,117.667,0,jog
32.0689,15131,2.2369,0.733,2.1134,2.832,117.667,0,jog
32.071,15132,2.2381,0.7319,2.1151,2.9011,117.877,0,jog
32.073,15133,2.2381,0.7319,2.1151,2.8164,117.877,0,jog
32.0751,15134,2.2393,0.7307,2.1167,2.6379,118.126,0,jog
32.0771,15135,2.2393,0.7307,2.1167,2.8405,118.125,0,jog
32.0795,15136,2.2405,0.7297,2.1184,2.8717,118.338,0,jog
32.0815,15137,2.2405,0.7297,2.1184,2.8216,118.338,0,jog
32.0837,15138,2.2417,0.7286,2.12,2.7896,118.609,0,jog
32.0858,15139,2.2417,0.7286,2.12,2.8335,118.609,0,jog
32.088,15140,2.2428,0.7276,2.1215,2.9174,118.826,0,jog
32.0901,15141,2.2428,0.7276,2.1215,2.8302,118.826,0,jog
32.0922,15142,2.244,0.7266,2.1231,2.7384,119.077,0,jog
32.0942,15143,2.244,0.7266,2.1231,2.8299,119.077,0,jog
32.0963,15144,2.2452,0.7256,2.1247,2.8104,119.292,0,jog
32.0983,15145,2.2452,0.7256,2.1247,2.8139,119.292,0,jog
32.1004,15146,2.2467,0.7241,2.1269,1.9469,119.327,0,jog
32.1024,15147,2.2467,0.7241,2.1269,2.7944,119.327,0,jog
32.1045,15148,2.248,0.7231,2.1285,2.3152,119.537,0,jog
32.1065,15149,2.248,0.7231,2.1285,2.8104,119.537,0,jog
32.1086,15150,2.2492,0.7221,2.1302,2.8135,119.764,0,jog
32.1106,15151,2.2492,0.7221,2.1302,2.8046,119.764,0,jog
32.1127,15152,2.2505,0.7209,2.1319,2.4789,120.02,0,jog
32.1148,15153,2.2505,0.7209,2.1319,2.8259,120.02,0,jog
32.1168,15154,2.2517,0.7199,2.1335,2.9155,120.247,0,jog
32.1189,15155,2.2517,0.7199,2.1335,2.8098,120.247,0,jog
32.121,15156,2.2529,0.7189,2.1351,2.7971,120.48,0,jog
32.1231,15157,2.2529,0.7189,2.1351,2.816,120.48,0,jog
32.1252,15158,2.2541,0.718,2.1367,2.8571,120.67,0,jog
32.1272,15159,2.2541,0.718,2.1367,2.8108,120.67,0,jog
32.1294,15160,2.2553,0.717,2.1383,2.6215,120.9,0,jog
32.1314,15161,2.2553,0.717,2.1383,2.8181,120.9,0,jog
32.1335,15162,2.2565,0.7161,2.1399,2.873,121.128,0,jog
32.1355,15163,2.2565,0.7161,2.1399,2.8039,121.128,0,jog
32.1377,15164,2.2577,0.7151,2.1415,2.6947,121.34,0,jog
32.1398,15165,2.2577,0.7151,2.1415,2.8108,121.34,0,jog
32.1419,15166,2.2589,0.7141,2.1431,2.8388,121.566,0,jog
32.144,15167,2.2589,0.7141,2.1431,2.8098,121.566,0,jog
32.146,15168,2.2601,0.7132,2.1447,2.7918,121.782,0,jog
32.1481,15169,2.2601,0.7132,2.1447,2.8082,121.782,0,jog
32.1501,15170,2.2613,0.7123,2.1461,2.8659,121.974,0,jog
32.1522,15171,2.2613,0.7123,2.1461,2.8222,121.974,0,jog
32.1542,15172,2.2625,0.7115,2.1477,2.7919,122.199,0,jog
32.1563,15173,2.2625,0.7115,2.1477,2.8048,122.199,0,jog
32.1585,15174,2.2636,0.7106,2.1492,2.8097,122.408,0,jog
32.1606,15175,2.2636,0.7106,2.1492,2.802,122.408,0,jog
32.1628,15176,2.2648,0.7098,2.1507,2.7782,122.652,0,jog
32.1648,15177,2.2648,0.7098,2.1507,2.8099,122.652,0,jog
32.167,15178,2.266,0.709,2.1522,2.8285,122.875,0,jog
32.169,15179,2.266,0.709,2.1522,2.8089,122.875,0,jog
32.1711,15180,2.2671,0.7081,2.1537,2.7572,123.133,0,jog
32.1732,15181,2.2671,0.7081,2.1537,2.8158,123.133,0,jog
32.1753,15182,2.2682,0.7073,2.1551,2.8097,123.408,0,jog
32.1773,15183,2.2682,0.7073,2.1551,2.8185,123.408,0,jog
32.1794,15184,2.2693,0.7063,2.1565,2.6193,123.676,0,jog
32.1815,15185,2.2693,0.7063,2.1565,2.8356,123.676,0,jog
32.1835,15186,2.2703,0.7053,2.158,2.7989,123.981,0,jog
32.1856,15187,2.2703,0.7053,2.158,2.8361,123.981,0,jog
32.1878,15188,2.2714,0.7044,2.1594,2.8655,124.293,0,jog
32.1898,15189,2.2714,0.7044,2.1594,2.8427,124.293,0,jog
32.1919,15190,2.2723,0.7033,2.1608,2.604,124.642,0,jog
32.194,15191,2.2723,0.7033,2.1608,2.8654,124.642,0,jog
32.196,15192,2.2732,0.7023,2.162,2.9683,124.905,0,jog
32.1981,15193,2.2732,0.7023,2.162,2.8651,124.905,0,jog
32.2002,15194,2.2741,0.7014,2.1633,2.8977,125.187,0,jog
32.2022,15195,2.2741,0.7014,2.1633,2.866,125.187,0,jog
32.2043,15196,2.2749,0.7004,2.1644,2.7518,125.451,0,jog
32.2063,15197,2.2749,0.7004,2.1644,2.8885,125.451,0,jog
32.2084,15198,2.2757,0.6995,2.1656,2.9355,125.721,0,jog
32.2105,15199,2.2757,0.6995,2.1656,2.88,125.721,0,jog
32.2126,15200,2.2767,0.6987,2.1668,2.8552,126.016,0,jog
32.2147,15201,2.2767,0.6987,2.1668,2.8511,126.016,0,jog
32.2168,15202,2.2769,0.698,2.1673,1.0877,126.197,0,jog
32.2189,15203,2.2769,0.698,2.1673,2.9831,126.197,0,jog
32.2211,15204,2.2776,0.6971,2.1683,2.5707,126.449,0,jog
32.2231,15205,2.2776,0.6971,2.1683,2.9007,126.449,0,jog
32.2252,15206,2.2783,0.6962,2.1693,2.868,126.693,0,jog
32.2273,15207,2.2783,0.6962,2.1693,2.8999,126.693,0,jog
32.2296,15208,2.279,0.6952,2.1704,2.7249,126.938,0,jog
32.2316,15209,2.279,0.6952,2.1704,2.9077,126.938,0,jog
32.2337,15210,2.2797,0.6942,2.1714,2.9325,127.163,0,jog
32.2358,15211,2.2797,0.6942,2.1714,2.9067,127.163,0,jog
32.2379,15212,2.2803,0.6933,2.1724,2.9463,127.376,0,jog
32.2399,15213,2.2803,0.6933,2.1724,2.9169,127.376,0,jog
32.2419,15214,2.2809,0.6924,2.1733,2.9651,127.568,0,jog
32.244,15215,2.2809,0.6924,2.1733,2.9244,127.568,0,jog
32.2461,15216,2.2815,0.6914,2.1742,2.8046,127.751,0,jog
32.2481,15217,2.2815,0.6914,2.1742,2.9194,127.751,0,jog
32.2502,15218,2.2821,0.6905,2.1752,2.9005,127.924,0,jog
32.2522,15219,2.2821,0.6905,2.1752,2.9181,127.924,0,jog
32.2543,15220,2.2827,0.6896,2.176,2.9666,128.063,0,jog
32.2563,15221,2.2827,0.6896,2.176,2.9298,128.062,0,jog
32.2584,15222,2.2832,0.6886,2.1769,2.8733,128.214,0,jog
32.2604,15223,2.2832,0.6886,2.1769,2.9328,128.214,0,jog
32.2626,15224,2.2838,0.6877,2.1778,2.9074,128.331,0,jog
32.2646,15225,2.2838,0.6877,2.1778,2.9349,128.331,0,jog
32.2669,15226,2.2843,0.6867,2.1786,2.9561,128.431,0,jog
32.2689,15227,2.2843,0.6867,2.1786,2.9407,128.431,0,jog
32.2711,15228,2.2848,0.6859,2.1794,2.9803,128.518,0,jog
32.2731,15229,2.2848,0.6859,2.1794,2.939,128.518,0,jog
32.2752,15230,2.2852,0.6849,2.1802,2.7247,128.597,0,jog
32.2773,15231,2.2852,0.6849,2.1802,2.9474,128.597,0,jog
32.2794,15232,2.2857,0.6839,2.181,2.9967,128.667,0,jog
32.2814,15233,2.2857,0.6839,2.181,2.9509,128.667,0,jog
32.2836,15234,2.2861,0.683,2.1817,2.9775,128.692,0,jog
32.2857,15235,2.2861,0.683,2.1817,2.9508,128.692,0,jog
32.2879,15236,2.2865,0.682,2.1824,2.7721,128.741,0,jog
32.29,15237,2.2865,0.682,2.1824,2.9621,128.741,0,jog
32.2923,15238,2.287,0.681,2.1832,2.9578,128.785,0,jog
32.2943,15239,2.287,0.681,2.1832,2.959,128.785,0,jog
32.2964,15240,2.2873,0.6801,2.1839,3.0223,128.789,0,jog
32.2985,15241,2.2873,0.6801,2.1839,2.9656,128.789,0,jog
32.3006,15242,2.2877,0.6792,2.1846,2.9149,128.777,0,jog
32.3026,15243,2.2877,0.6792,2.1846,2.9588,128.777,0,jog
32.3047,15244,2.2881,0.6782,2.1853,2.8256,128.782,0,jog
32.3068,15245,2.2881,0.6782,2.1853,2.9642,128.782,0,jog
32.3089,15246,2.2884,0.6773,2.1859,3.0378,128.769,0,jog
32.3109,15247,2.2884,0.6773,2.1859,2.978,128.769,0,jog
32.313,15248,2.2888,0.6763,2.1866,2.8508,128.765,0,jog
32.315,15249,2.2888,0.6763,2.1866,2.9592,128.765,0,jog
32.3171,15250,2.2892,0.6753,2.1873,2.955,128.743,0,jog
32.3191,15251,2.2892,0.6753,2.1873,2.9746,128.743,0,jog
32.3213,15252,2.2894,0.6743,2.1879,2.9492,128.721,0,jog
32.3233,15253,2.2894,0.6743,2.1879,2.9961,128.721,0,jog
32.3254,15254,2.2897,0.6733,2.1885,2.9981,128.687,0,jog
32.3274,15255,2.2897,0.6733,2.1885,2.9708,128.687,0,jog
32.3295,15256,2.2901,0.6722,2.1892,2.77,128.706,0,jog
32.3316,15257,2.2901,0.6722,2.1892,2.9721,128.706,0,jog
32.3337,15258,2.2904,0.6712,2.1899,3.0374,128.715,0,jog
32.3358,15259,2.2904,0.6712,2.1899,2.9824,128.715,0,jog
32.3379,15260,2.2907,0.6701,2.1905,2.8202,128.754,0,jog
32.3399,15261,2.2907,0.6701,2.1905,2.9809,128.754,0,jog
32.3421,15262,2.291,0.6691,2.1911,3.0491,128.772,0,jog
32.3442,15263,2.291,0.6691,2.1911,2.9934,128.772,0,jog
32.3464,15264,2.2913,0.6681,2.1918,2.9629,128.787,0,jog
32.3485,15265,2.2913,0.6681,2.1918,2.978,128.787,0,jog
32.3507,15266,2.2916,0.667,2.1924,2.8396,128.814,0,jog
32.3527,15267,2.2916,0.667,2.1924,2.9902,128.814,0,jog
32.3551,15268,2.2919,0.6658,2.193,2.9048,128.856,0,jog
32.3574,15269,2.2921,0.6647,2.1936,2.9945,128.884,0,jog
32.3594,15270,2.2921,0.6647,2.1936,3.0416,128.884,0,jog
32.3626,15271,2.2924,0.6636,2.1942,2.9719,128.902,0,jog
32.3645,15272,2.2924,0.6636,2.1942,2.9984,128.902,0,jog
32.367,15273,2.2926,0.6624,2.1948,2.9103,128.945,0,jog
32.369,15274,2.2926,0.6624,2.1948,3.0015,128.945,0,jog
32.3713,15275,2.2928,0.6613,2.1954,3.0091,128.993,0,jog
32.3733,15276,2.2928,0.6613,2.1954,3.0046,128.993,0,jog
32.3755,15277,2.2931,0.6601,2.196,2.9412,129.035,0,jog
32.3776,15278,2.2931,0.6601,2.196,3.0042,129.035,0,jog
32.3799,15279,2.2933,0.6589,2.1966,2.9188,129.097,0,jog
32.382,15280,2.2933,0.6589,2.1966,3.0115,129.097,0,jog
32.3842,15281,2.2935,0.6577,2.1972,3.0364,129.153,0,jog
32.3866,15282,2.2937,0.6565,2.1978,3.0153,129.197,0,jog
32.3884,15283,2.2937,0.6565,2.1978,2.9806,129.197,0,jog
32.3904,15284,2.2937,0.6565,2.1978,3.0147,129.197,0,jog
32.3924,15285,2.2939,0.6552,2.1983,2.8993,129.275,0,jog
32.3945,15286,2.2939,0.6552,2.1983,3.014,129.275,0,jog
32.3965,15287,2.2941,0.654,2.1989,2.9957,129.334,0,jog
32.3986,15288,2.2941,0.654,2.1989,3.0158,129.334,0,jog
32.4006,15289,2.2943,0.6527,2.1995,2.9904,129.396,0,jog
32.4027,15290,2.2943,0.6527,2.1995,3.0201,129.396,0,jog
32.4048,15291,2.2944,0.6514,2.2,2.9982,129.458,0,jog
32.4068,15292,2.2944,0.6514,2.2,3.0299,129.458,0,jog
32.4089,15293,2.2946,0.6501,2.2006,2.9023,129.555,0,jog
32.4109,15294,2.2946,0.6501,2.2006,3.0219,129.555,0,jog
32.413,15295,2.2948,0.6489,2.2011,3.0839,129.616,0,jog
32.415,15296,2.2948,0.6489,2.2011,3.0221,129.616,0,jog
32.4171,15297,2.2949,0.6477,2.2016,3.0895,129.631,0,jog
32.4192,15298,2.2949,0.6477,2.2016,3.0131,129.631,0,jog
32.4212,15299,2.2952,0.6465,2.2022,2.8392,129.696,0,jog
32.4233,15300,2.2952,0.6465,2.2022,3.0017,129.696,0,jog
32.4255,15301,2.2953,0.6452,2.2028,2.7734,129.791,0,jog
32.4275,15302,2.2953,0.6452,2.2028,3.0312,129.791,0,jog
32.4297,15303,2.2954,0.6438,2.2033,2.9259,129.871,0,jog
32.4317,15304,2.2954,0.6438,2.2033,3.0482,129.871,0,jog
32.4338,15305,2.2955,0.6424,2.2038,2.9612,129.992,0,jog
32.4359,15306,2.2955,0.6424,2.2038,3.0371,129.992,0,jog
32.438,15307,2.2957,0.641,2.2044,3.0532,130.08,0,jog
32.44,15308,2.2957,0.641,2.2044,3.0383,130.08,0,jog
32.4422,15309,2.2958,0.6395,2.2049,2.9305,130.182,0,jog
32.4443,15310,2.2958,0.6395,2.2049,3.0462,130.182,0,jog
32.4467,15311,2.2959,0.638,2.2055,2.9602,130.292,0,jog
32.449,15312,2.296,0.6366,2.206,3.0474,130.413,0,jog
32.4508,15313,2.296,0.6366,2.206,3.0574,130.413,0,jog
32.4529,15314,2.296,0.6366,2.206,3.0476,130.413,0,jog
32.455,15315,2.2961,0.6351,2.2065,2.9477,130.515,0,jog
32.4573,15316,2.2962,0.6335,2.207,3.061,130.62,0,jog
32.4591,15317,2.2962,0.6335,2.207,2.9522,130.62,0,jog
32.4612,15318,2.2962,0.6335,2.207,3.0593,130.62,0,jog
32.4633,15319,2.2963,0.6319,2.2076,3.0398,130.725,0,jog
32.4653,15320,2.2963,0.6319,2.2076,3.0539,130.725,0,jog
32.4674,15321,2.2963,0.6304,2.2081,2.9985,130.824,0,jog
32.4695,15322,2.2963,0.6304,2.2081,3.0628,130.824,0,jog
32.4719,15323,2.2964,0.6288,2.2087,3.0331,130.938,0,jog
32.4747,15324,2.2968,0.6268,2.2096,2.3706,131.064,0,jog
32.4766,15325,2.2968,0.6268,2.2096,3.0472,131.064,0,jog
32.4795,15326,2.2968,0.6251,2.21,2.9556,131.149,0,jog
32.4806,15327,2.2968,0.6251,2.21,3.082,131.149,0,jog
32.4827,15328,2.2967,0.6235,2.2105,3.1052,131.242,0,jog
32.4847,15329,2.2967,0.6235,2.2105,3.0837,131.242,0,jog
32.4868,15330,2.2967,0.6217,2.211,2.8243,131.322,0,jog
32.4888,15331,2.2967,0.6217,2.211,3.0863,131.322,0,jog
32.4909,15332,2.2967,0.6198,2.2115,2.7362,131.378,0,jog
32.4929,15333,2.2967,0.6198,2.2115,3.1108,131.378,0,jog
32.495,15334,2.2967,0.6182,2.2119,3.2614,131.436,0,jog
32.4971,15335,2.2967,0.6182,2.2119,3.0748,131.436,0,jog
32.4991,15336,2.2966,0.6165,2.2123,2.7903,131.497,0,jog
32.5012,15337,2.2966,0.6165,2.2123,3.0895,131.497,0,jog
32.5033,15338,2.2966,0.6147,2.2128,2.9275,131.598,0,jog
32.5053,15339,2.2966,0.6147,2.2128,3.0991,131.598,0,jog
32.5075,15340,2.2965,0.613,2.2132,3.0335,131.69,0,jog
32.5096,15341,2.2965,0.613,2.2132,3.0916,131.69,0,jog
32.5117,15342,2.2965,0.6111,2.2137,2.8949,131.788,0,jog
32.5137,15343,2.2965,0.6111,2.2137,3.1095,131.788,0,jog
32.5158,15344,2.2964,0.6093,2.2141,3.1496,131.867,0,jog
32.5178,15345,2.2964,0.6093,2.2141,3.1061,131.867,0,jog
32.5199,15346,2.2963,0.6074,2.2145,2.9307,131.929,0,jog
32.522,15347,2.2963,0.6074,2.2145,3.1093,131.929,0,jog
32.5241,15348,2.2962,0.6054,2.2149,3.0279,131.989,0,jog
32.5262,15349,2.2962,0.6054,2.2149,3.1205,131.989,0,jog
32.5291,15350,2.2961,0.6036,2.2154,3.1678,132.044,0,jog
32.5303,15351,2.2961,0.6036,2.2154,3.1054,132.044,0,jog
32.533,15352,2.296,0.6016,2.2158,2.7283,132.097,0,jog
32.5345,15353,2.296,0.6016,2.2158,3.1254,132.097,0,jog
32.5367,15354,2.2959,0.5995,2.2162,3.0758,132.115,0,jog
32.5387,15355,2.2959,0.5995,2.2162,3.1337,132.115,0,jog
32.5408,15356,2.2957,0.5974,2.2166,2.9006,132.122,0,jog
32.5429,15357,2.2957,0.5974,2.2166,3.153,132.122,0,jog
32.5452,15358,2.2955,0.5953,2.2169,3.1215,132.124,0,jog
32.5473,15359,2.2955,0.5953,2.2169,3.1495,132.124,0,jog
32.5493,15360,2.2953,0.5931,2.2174,2.9772,132.13,0,jog
32.5513,15361,2.2953,0.5931,2.2174,3.1431,132.13,0,jog
32.5534,15362,2.2952,0.5909,2.2178,3.1282,132.137,0,jog
32.5555,15363,2.2952,0.5909,2.2178,3.1435,132.137,0,jog
32.5587,15364,2.295,0.5887,2.2182,3.0629,132.151,0,jog
32.5597,15365,2.295,0.5887,2.2182,3.1464,132.151,0,jog
32.5617,15366,2.2949,0.5865,2.2186,3.0398,132.155,0,jog
32.5638,15367,2.2949,0.5865,2.2186,3.1471,132.155,0,jog
32.5658,15368,2.2947,0.5843,2.2191,3.0643,132.137,0,jog
32.5679,15369,2.2947,0.5843,2.2191,3.1477,132.137,0,jog
32.57,15370,2.2946,0.582,2.2195,3.0524,132.11,0,jog
32.572,15371,2.2946,0.582,2.2195,3.1477,132.11,0,jog
32.5741,15372,2.2943,0.5797,2.2199,2.9826,132.105,0,jog
32.5762,15373,2.2943,0.5797,2.2199,3.1714,132.105,0,jog
32.5783,15374,2.2942,0.5775,2.2203,3.2225,132.09,0,jog
32.5804,15375,2.2942,0.5775,2.2203,3.1289,132.09,0,jog
32.5824,15376,2.2941,0.5753,2.2208,2.8462,132.076,0,jog
32.5845,15377,2.2941,0.5753,2.2208,3.1542,132.076,0,jog
32.5866,15378,2.2939,0.5729,2.2212,2.9414,132.024,0,jog
32.5887,15379,2.2939,0.5729,2.2212,3.1624,132.024,0,jog
32.5908,15380,2.2936,0.5704,2.2215,2.8599,131.991,0,jog
32.5928,15381,2.2936,0.5704,2.2215,3.1901,131.991,0,jog
32.5949,15382,2.2934,0.568,2.2219,3.2379,131.953,0,jog
32.597,15383,2.2934,0.568,2.2219,3.1709,131.953,0,jog
32.6001,15384,2.2931,0.5655,2.2223,2.839,131.918,0,jog
32.6012,15385,2.2931,0.5655,2.2223,3.1922,131.918,0,jog
32.6044,15386,2.2929,0.563,2.2227,3.1857,131.891,0,jog
32.6064,15387,2.2929,0.563,2.2227,3.1859,131.891,0,jog
32.6085,15388,2.2926,0.5605,2.223,3.1981,131.849,0,jog
32.6106,15389,2.2926,0.5605,2.223,3.1838,131.849,0,jog
32.6127,15390,2.2923,0.5579,2.2233,2.8319,131.834,0,jog
32.6147,15391,2.2923,0.5579,2.2233,3.2038,131.834,0,jog
32.6169,15392,2.292,0.5554,2.2237,3.1776,131.802,0,jog
32.619,15393,2.292,0.5554,2.2237,3.1942,131.802,0,jog
32.6212,15394,2.2916,0.5527,2.224,3.0065,131.777,0,jog
32.6232,15395,2.2916,0.5527,2.224,3.2171,131.777,0,jog
32.6254,15396,2.2912,0.5501,2.2242,3.1042,131.762,0,jog
32.6274,15397,2.2912,0.5501,2.2242,3.2212,131.762,0,jog
32.6296,15398,2.291,0.5475,2.2246,3.2535,131.782,0,jog
32.6316,15399,2.291,0.5475,2.2246,3.1941,131.782,0,jog
32.6338,15400,2.2905,0.5447,2.2248,2.5181,131.744,0,jog
32.6358,15401,2.2905,0.5447,2.2248,3.2489,131.744,0,jog
32.6381,15402,2.29,0.5418,2.225,2.987,131.728,0,jog
32.6402,15403,2.29,0.5418,2.225,3.254,131.728,0,jog
32.6425,15404,2.2896,0.5391,2.2252,3.3425,131.728,0,jog
32.6445,15405,2.2896,0.5391,2.2252,3.2364,131.728,0,jog
32.6467,15406,2.289,0.5361,2.2254,2.6174,131.699,0,jog
32.6488,15407,2.289,0.5361,2.2254,3.2851,131.699,0,jog
32.6509,15408,2.2885,0.5333,2.2255,3.4128,131.704,0,jog
32.6543,15409,2.288,0.5305,2.2256,3.2606,131.705,0,jog
32.655,15410,2.288,0.5305,2.2256,3.0047,131.705,0,jog
32.6571,15411,2.288,0.5305,2.2256,3.2568,131.705,0,jog
32.6591,15412,2.2874,0.5276,2.2257,3.0157,131.692,0,jog
32.6612,15413,2.2874,0.5276,2.2257,3.2791,131.692,0,jog
32.6632,15414,2.2869,0.5248,2.2259,3.3632,131.732,0,jog
32.6653,15415,2.2869,0.5248,2.2259,3.2398,131.732,0,jog
32.6673,15416,2.2863,0.5218,2.226,2.5233,131.711,0,jog
32.6694,15417,2.2863,0.5218,2.226,3.2882,131.711,0,jog
32.6714,15418,2.2857,0.5188,2.226,3.0855,131.698,0,jog
32.6735,15419,2.2857,0.5188,2.226,3.2953,131.698,0,jog
32.6756,15420,2.2849,0.5157,2.226,3.0847,131.682,0,jog
32.6776,15421,2.2849,0.5157,2.226,3.3181,131.682,0,jog
32.6797,15422,2.2842,0.5125,2.226,3.0527,131.669,0,jog
32.6817,15423,2.2842,0.5125,2.226,3.3232,131.669,0,jog
32.6838,15424,2.2835,0.5093,2.2259,3.2814,131.661,0,jog
32.6858,15425,2.2835,0.5093,2.2259,3.3264,131.661,0,jog
32.6879,15426,2.2827,0.5061,2.2259,2.9648,131.619,0,jog
32.69,15427,2.2827,0.5061,2.2259,3.3442,131.619,0,jog
32.6923,15428,2.2819,0.5028,2.2258,3.2156,131.596,0,jog
32.6942,15429,2.2819,0.5028,2.2258,3.3408,131.595,0,jog
32.6965,15430,2.2811,0.4994,2.2258,3.1125,131.551,0,jog
32.6985,15431,2.2811,0.4994,2.2258,3.3517,131.551,0,jog
32.7007,15432,2.2802,0.4961,2.2256,3.3241,131.484,0,jog
32.7027,15433,2.2802,0.4961,2.2256,3.3632,131.484,0,jog
32.7049,15434,2.2794,0.4927,2.2255,3.1303,131.429,0,jog
32.7069,15435,2.2794,0.4927,2.2255,3.3606,131.429,0,jog
32.709,15436,2.2784,0.4893,2.2253,3.2453,131.355,0,jog
32.7111,15437,2.2784,0.4893,2.2253,3.3876,131.355,0,jog
32.7132,15438,2.2775,0.4859,2.225,3.2418,131.299,0,jog
32.7153,15439,2.2775,0.4859,2.2251,3.3805,131.299,0,jog
32.7174,15440,2.2765,0.4824,2.2248,3.2014,131.219,0,jog
32.7194,15441,2.2765,0.4824,2.2248,3.3881,131.219,0,jog
32.7215,15442,2.2756,0.4789,2.2246,3.2142,131.122,0,jog
32.7235,15443,2.2756,0.4789,2.2246,3.3882,131.122,0,jog
32.7257,15444,2.2746,0.4754,2.2244,3.3215,131.041,0,jog
32.7278,15445,2.2746,0.4754,2.2244,3.3865,131.041,0,jog
32.7299,15446,2.2736,0.4718,2.2241,2.9263,130.939,0,jog
32.7319,15447,2.2736,0.4718,2.2241,3.4047,130.939,0,jog
32.734,15448,2.2726,0.4682,2.2238,3.4123,130.851,0,jog
32.736,15449,2.2726,0.4682,2.2238,3.3998,130.851,0,jog
32.7381,15450,2.2716,0.4646,2.2235,3.2394,130.76,0,jog
32.7402,15451,2.2716,0.4646,2.2235,3.4056,130.76,0,jog
32.7424,15452,2.2705,0.4611,2.2232,2.4426,130.65,0,walk
32.7444,15453,2.2705,0.4611,2.2232,2.4996,130.65,0,walk
32.7466,15454,2.2694,0.4575,2.2228,2.3921,130.56,0,walk
32.7487,15455,2.2694,0.4575,2.2228,2.4945,130.56,0,walk
32.7507,15456,2.2683,0.4539,2.2225,2.3987,130.461,0,walk
32.7528,15457,2.2683,0.4539,2.2225,2.5048,130.461,0,walk
32.7549,15458,2.2672,0.4503,2.2221,2.4453,130.38,0,walk
32.7569,15459,2.2672,0.4503,2.2221,2.5026,130.38,0,walk
32.759,15460,2.2662,0.4467,2.2217,2.4042,130.309,0,walk
32.761,15461,2.2662,0.4467,2.2217,2.4961,130.309,0,walk
32.7631,15462,2.265,0.443,2.2213,2.3702,130.243,0,walk
32.7652,15463,2.265,0.443,2.2213,2.5153,130.243,0,walk
32.7674,15464,2.2639,0.4394,2.2209,2.3932,130.208,0,walk
32.7694,15465,2.2639,0.4394,2.2209,2.5159,130.208,0,walk
32.7716,15466,2.2627,0.4358,2.2204,2.5434,130.227,0,walk
32.7736,15467,2.2627,0.4358,2.2204,2.5117,130.227,0,walk
32.7758,15468,2.2616,0.4322,2.2199,2.4494,130.285,0,walk
32.7778,15469,2.2616,0.4322,2.2199,2.504,130.285,0,walk
32.7799,15470,2.2606,0.4288,2.2195,2.5331,130.347,0,walk
32.782,15471,2.2606,0.4288,2.2195,2.4745,130.347,0,walk
32.7841,15472,2.2595,0.4252,2.2191,2.2793,130.428,0,walk
32.7862,15473,2.2595,0.4252,2.2191,2.4928,130.428,0,walk
32.7884,15474,2.2583,0.4217,2.2186,2.4388,130.524,0,walk
32.7907,15475,2.2572,0.4182,2.2181,2.4993,130.625,0,walk
32.7926,15476,2.2572,0.4182,2.2181,2.4792,130.625,0,walk
32.7949,15477,2.2559,0.4148,2.2175,2.5022,130.692,0,walk
32.7968,15478,2.2559,0.4148,2.2175,2.5006,130.692,0,walk
32.8003,15479,2.2546,0.4113,2.2168,2.3819,130.645,0,walk
32.8023,15480,2.2546,0.4113,2.2168,2.5343,130.645,0,walk
32.8047,15481,2.2534,0.4078,2.2162,2.4931,130.754,0,walk
32.8068,15482,2.2534,0.4078,2.2162,2.5068,130.754,0,walk
32.8089,15483,2.2522,0.4044,2.2156,2.4844,130.866,0,walk
32.8109,15484,2.2522,0.4044,2.2156,2.506,130.866,0,walk
32.813,15485,2.251,0.401,2.2149,2.5676,131.004,0,walk
32.815,15486,2.251,0.401,2.2149,2.4899,131.004,0,walk
32.817,15487,2.2497,0.3976,2.2143,2.2862,131.115,0,walk
32.8191,15488,2.2497,0.3976,2.2143,2.4975,131.115,0,walk
32.8215,15489,2.2485,0.3944,2.2137,2.5773,131.25,0,walk
32.8236,15490,2.2485,0.3944,2.2137,2.4757,131.25,0,walk
32.8257,15491,2.2473,0.3911,2.213,2.3367,131.356,0,walk
32.8278,15492,2.2473,0.3911,2.213,2.4817,131.356,0,walk
32.83,15493,2.2461,0.3879,2.2124,2.5293,131.457,0,walk
32.832,15494,2.2461,0.3879,2.2124,2.4684,131.457,0,walk
32.8341,15495,2.245,0.3848,2.2118,2.391,131.565,0,walk
32.8362,15496,2.245,0.3848,2.2118,2.4645,131.565,0,walk
32.8384,15497,2.2438,0.3816,2.2112,2.4557,131.7,0,walk
32.8404,15498,2.2438,0.3816,2.2112,2.449,131.7,0,walk
32.8425,15499,2.2427,0.3786,2.2106,2.4265,131.797,0,walk
32.8446,15500,2.2427,0.3786,2.2106,2.4401,131.797,0,walk
32.8466,15501,2.2416,0.3754,2.2099,2.2689,131.875,0,walk
32.8487,15502,2.2416,0.3754,2.2099,2.453,131.875,0,walk
32.8507,15503,2.2405,0.3724,2.2094,2.4721,131.954,0,walk
32.8528,15504,2.2405,0.3724,2.2094,2.4358,131.954,0,walk
32.8549,15505,2.2394,0.3694,2.2088,2.4618,132.023,0,walk
32.8569,15506,2.2394,0.3694,2.2088,2.4223,132.023,0,walk
32.859,15507,2.2384,0.3664,2.2082,2.3274,132.084,0,walk
32.861,15508,2.2384,0.3664,2.2082,2.4207,132.084,0,walk
32.8631,15509,2.2373,0.3635,2.2076,2.4559,132.118,0,walk
32.8651,15510,2.2373,0.3635,2.2076,2.4079,132.118,0,walk
32.8673,15511,2.2363,0.3605,2.2071,2.2229,132.16,0,walk
32.8693,15512,2.2363,0.3605,2.2071,2.4107,132.16,0,walk
32.872,15513,2.2354,0.3576,2.2066,2.4613,132.204,0,walk
32.8752,15514,2.2344,0.3547,2.206,2.1539,132.243,0,walk
32.8763,15515,2.2344,0.3547,2.206,2.407,132.243,0,walk
32.8783,15516,2.2334,0.3518,2.2055,2.4475,132.253,0,walk
32.8803,15517,2.2334,0.3518,2.2055,2.3867,132.253,0,walk
32.8836,15518,2.2325,0.3489,2.205,2.292,132.274,0,walk
32.8857,15519,2.2325,0.3489,2.205,2.3894,132.274,0,walk
32.8879,15520,2.2315,0.346,2.2045,2.3572,132.3,0,walk
32.8901,15521,2.2315,0.346,2.2045,2.3926,132.3,0,walk
32.8923,15522,2.2306,0.3431,2.2041,2.3321,132.313,0,walk
32.8943,15523,2.2306,0.3431,2.2041,2.3776,132.313,0,walk
32.8963,15524,2.2297,0.3402,2.2036,2.3562,132.341,0,walk
32.8984,15525,2.2297,0.3402,2.2036,2.3789,132.341,0,walk
32.9005,15526,2.2288,0.3372,2.2031,2.1574,132.314,0,walk
32.9025,15527,2.2288,0.3372,2.2031,2.3792,132.314,0,walk
32.9045,15528,2.2279,0.3343,2.2027,2.4047,132.334,0,walk
32.9067,15529,2.2279,0.3343,2.2027,2.3712,132.334,0,walk
32.9087,15530,2.227,0.3322,2.2021,2.3661,132.579,0,walk
32.9107,15531,2.227,0.3322,2.2021,2.3048,132.579,0,walk
32.9128,15532,2.2261,0.3293,2.2016,1.137,132.566,0,walk
32.9149,15533,2.2261,0.3293,2.2016,2.3691,132.566,0,walk
32.9169,15534,2.2253,0.3264,2.2012,2.2421,132.563,0,walk
32.919,15535,2.2253,0.3264,2.2012,2.3746,132.563,0,walk
32.921,15536,2.2245,0.3235,2.2009,2.3365,132.56,0,walk
32.9231,15537,2.2245,0.3235,2.2009,2.3403,132.56,0,walk
32.9252,15538,2.2237,0.3208,2.2005,2.4258,132.577,0,walk
32.9272,15539,2.2237,0.3208,2.2005,2.3429,132.577,0,walk
32.9293,15540,2.223,0.318,2.2001,2.2744,132.618,0,walk
32.9313,15541,2.223,0.318,2.2001,2.3294,132.618,0,walk
32.9334,15542,2.2224,0.3152,2.1999,2.2646,132.65,0,walk
32.9354,15543,2.2224,0.3152,2.1999,2.3054,132.65,0,walk
32.9376,15544,2.2217,0.3125,2.1996,2.2657,132.682,0,walk
32.9397,15545,2.2217,0.3125,2.1996,2.3095,132.682,0,walk
32.942,15546,2.2211,0.3098,2.1994,2.2296,132.723,0,walk
32.944,15547,2.2211,0.3098,2.1994,2.3021,132.723,0,walk
32.9461,15548,2.2205,0.3071,2.1992,2.3529,132.75,0,walk
32.9481,15549,2.2205,0.3071,2.1992,2.2946,132.75,0,walk
32.9502,15550,2.2201,0.3037,2.1993,1.3363,132.64,0,walk
32.9523,15551,2.2201,0.3037,2.1993,2.3319,132.64,0,walk
32.9544,15552,2.2195,0.301,2.199,2.3259,132.665,0,walk
32.9564,15553,2.2195,0.301,2.199,2.3044,132.665,0,walk
32.9586,15554,2.2189,0.2981,2.1988,2.0687,132.704,0,walk
32.9607,15555,2.2189,0.2981,2.1988,2.3031,132.704,0,walk
32.9628,15556,2.2184,0.2955,2.1986,2.4265,132.755,0,walk
32.9648,15557,2.2184,0.2955,2.1986,2.2761,132.755,0,walk
32.9669,15558,2.2178,0.2928,2.1984,2.1445,132.799,0,walk
32.969,15559,2.2178,0.2928,2.1984,2.2781,132.799,0,walk
32.971,15560,2.2173,0.2902,2.1982,2.2302,132.838,0,walk
32.9731,15561,2.2173,0.2902,2.1982,2.2795,132.838,0,walk
32.9755,15562,2.2168,0.2874,2.198,2.1678,132.904,0,walk
32.9776,15563,2.2168,0.2874,2.198,2.2807,132.904,0,walk
32.9797,15564,2.2162,0.2848,2.1979,2.3061,132.925,0,walk
32.9817,15565,2.2162,0.2848,2.1978,2.2724,132.925,0,walk
32.9838,15566,2.2158,0.2822,2.1977,2.3008,132.999,0,walk
32.9859,15567,2.2158,0.2822,2.1977,2.2503,132.999,0,walk
32.9879,15568,2.2152,0.2796,2.1975,2.1181,133.039,0,walk
32.99,15569,2.2152,0.2796,2.1975,2.2663,133.039,0,walk
32.9921,15570,2.2148,0.2771,2.1974,2.2399,133.105,0,walk
32.9942,15571,2.2148,0.2771,2.1974,2.2448,133.105,0,walk
32.9962,15572,2.2144,0.2746,2.1973,2.2856,133.153,0,walk
32.9983,15573,2.2144,0.2746,2.1973,2.2325,133.153,0,walk
33.0003,15574,2.2139,0.272,2.1971,1.8656,133.192,0,walk
33.0024,15575,2.2139,0.272,2.1971,2.2622,133.192,0,walk
33.0049,15576,2.2134,0.2694,2.1969,2.2944,133.236,0,walk
33.0068,15577,2.2134,0.2694,2.1969,2.2495,133.236,0,walk
33.0091,15578,2.213,0.2668,2.1969,2.1634,133.274,0,walk
33.0112,15579,2.213,0.2668,2.1969,2.2358,133.274,0,walk
33.0133,15580,2.2126,0.2644,2.1967,2.2979,133.319,0,walk
33.0153,15581,2.2126,0.2644,2.1967,2.2326,133.319,0,walk
33.0175,15582,2.2121,0.2617,2.1966,1.9613,133.361,0,walk
33.0195,15583,2.2121,0.2617,2.1966,2.2471,133.361,0,walk
33.0218,15584,2.2117,0.2592,2.1964,2.3044,133.389,0,walk
33.0238,15585,2.2117,0.2592,2.1964,2.2396,133.389,0,walk
33.0259,15586,2.2114,0.2571,2.1964,2.3692,133.528,0,walk
33.0283,15587,2.211,0.2544,2.1963,2.259,133.572,0,walk
33.03,15588,2.211,0.2544,2.1963,1.1058,133.572,0,walk
33.0325,15589,2.2107,0.2519,2.1963,2.207,133.568,0,walk
33.0341,15590,2.2107,0.2519,2.1963,2.3457,133.568,0,walk
33.0362,15591,2.2107,0.2519,2.1963,2.2103,133.568,0,walk
33.0383,15592,2.2103,0.2494,2.1962,2.0994,133.585,0,walk
33.0403,15593,2.2103,0.2494,2.1962,2.213,133.585,0,walk
33.0423,15594,2.2099,0.2469,2.1961,2.2182,133.596,0,walk
33.0444,15595,2.2099,0.2469,2.1961,2.2236,133.596,0,walk
33.0464,15596,2.2096,0.2444,2.1961,2.1261,133.608,0,walk
33.0485,15597,2.2096,0.2444,2.1961,2.2043,133.608,0,walk
33.0506,15598,2.2093,0.242,2.196,2.2255,133.647,0,walk
33.0526,15599,2.2093,0.242,2.196,2.2064,133.647,0,walk
33.0547,15600,2.2089,0.2395,2.1959,1.9849,133.653,0,walk
33.0568,15601,2.2089,0.2395,2.1959,2.2183,133.653,0,walk
33.0588,15602,2.2086,0.2371,2.1959,2.3201,133.676,0,walk
33.0609,15603,2.2086,0.2371,2.1959,2.1929,133.676,0,walk
33.0629,15604,2.2083,0.2346,2.1958,1.9648,133.702,0,walk
33.0651,15605,2.2083,0.2346,2.1958,2.2032,133.702,0,walk
33.0672,15606,2.208,0.2321,2.1958,2.1349,133.714,0,walk
33.0693,15607,2.208,0.2321,2.1958,2.2087,133.714,0,walk
33.0714,15608,2.2077,0.2297,2.1957,2.2953,133.725,0,walk
33.0735,15609,2.2077,0.2297,2.1957,2.1905,133.725,0,walk
33.0756,15610,2.2079,0.2268,2.1962,1.5309,134.027,0,walk
33.0776,15611,2.2079,0.2268,2.1962,2.1664,134.027,0,walk
33.0798,15612,2.2076,0.2244,2.1961,2.1162,134.064,0,walk
33.0819,15613,2.2076,0.2244,2.1961,2.1879,134.064,0,walk
33.0842,15614,2.2073,0.2219,2.1961,1.9819,134.054,0,walk
33.0867,15615,2.207,0.2195,2.1961,2.1681,134.098,0,walk
33.0885,15616,2.207,0.2195,2.1961,2.3189,134.098,0,walk
33.0918,15617,2.2068,0.217,2.1961,1.9494,134.11,0,walk
33.0939,15618,2.2068,0.217,2.1961,2.1961,134.11,0,walk
33.0961,15619,2.2065,0.2147,2.196,2.3428,134.133,0,walk
33.0981,15620,2.2065,0.2147,2.196,2.1608,134.133,0,walk
33.1003,15621,2.2063,0.2122,2.1961,1.6984,134.156,0,walk
33.1023,15622,2.2063,0.2122,2.1961,2.1861,134.156,0,walk
33.1045,15623,2.2061,0.2098,2.1961,2.2137,134.178,0,walk
33.1065,15624,2.2061,0.2098,2.1961,2.1828,134.178,0,walk
33.1087,15625,2.2058,0.2073,2.196,2.1201,134.18,0,walk
33.1107,15626,2.2058,0.2073,2.196,2.1867,134.18,0,walk
33.1128,15627,2.2056,0.2048,2.1961,2.0693,134.197,0,walk
33.1149,15628,2.2056,0.2048,2.1961,2.1807,134.197,0,walk
33.117,15629,2.2054,0.2023,2.1961,2.0675,134.219,0,walk
33.119,15630,2.2054,0.2023,2.1961,2.1836,134.219,0,walk
33.1211,15631,2.2052,0.1998,2.1961,2.2148,134.233,0,walk
33.1231,15632,2.2052,0.1998,2.1961,2.1679,134.233,0,walk
33.1253,15633,2.2049,0.1973,2.1961,2.0836,134.227,0,walk
33.1273,15634,2.2049,0.1973,2.1961,2.1831,134.227,0,walk
33.1294,15635,2.2048,0.1949,2.1961,2.1384,134.227,0,walk
33.1315,15636,2.2048,0.1949,2.1961,2.1628,134.227,0,walk
33.1337,15637,2.2046,0.1923,2.1962,1.9241,134.228,0,walk
33.1357,15638,2.2046,0.1923,2.1962,2.178,134.228,0,walk
33.1378,15639,2.2044,0.1899,2.1962,2.2089,134.239,0,walk
33.1398,15640,2.2044,0.1899,2.1962,2.1634,134.239,0,walk
33.1421,15641,2.2043,0.1874,2.1963,2.0731,134.251,0,walk
33.1441,15642,2.2043,0.1874,2.1963,2.1684,134.251,0,walk
33.1462,15643,2.2041,0.1848,2.1963,1.9359,134.236,0,walk
33.1483,15644,2.2041,0.1848,2.1963,2.1789,134.236,0,walk
33.1504,15645,2.204,0.1823,2.1964,2.2851,134.229,0,walk
33.1524,15646,2.2039,0.1823,2.1964,2.1595,134.229,0,walk
33.1546,15647,2.2038,0.1797,2.1964,1.8523,134.218,0,walk
33.1567,15648,2.2038,0.1797,2.1964,2.1792,134.218,0,walk
33.1588,15649,2.2036,0.1772,2.1965,2.2975,134.177,0,walk
33.1608,15650,2.2036,0.1772,2.1965,2.1644,134.177,0,walk
33.163,15651,2.2035,0.1745,2.1965,1.6814,134.17,0,walk
33.165,15652,2.2035,0.1745,2.1965,2.1831,134.17,0,walk
33.1672,15653,2.2032,0.1719,2.1965,2.2794,134.119,0,walk
33.1693,15654,2.2032,0.1719,2.1965,2.1922,134.119,0,walk
33.1714,15655,2.203,0.1693,2.1965,2.1997,134.055,0,walk
33.1735,15656,2.203,0.1693,2.1965,2.1748,134.055,0,walk
33.1756,15657,2.2029,0.1666,2.1966,1.7938,134.021,0,walk
33.1776,15658,2.2029,0.1666,2.1966,2.1907,134.021,0,walk
33.1797,15659,2.2028,0.1639,2.1967,2.2228,134.005,0,walk
33.1818,15660,2.2028,0.1639,2.1967,2.1682,134.005,0,walk
33.1839,15661,2.2027,0.1613,2.1968,2.239,133.983,0,walk
33.186,15662,2.2027,0.1613,2.1968,2.1605,133.983,0,walk
33.1881,15663,2.2026,0.1587,2.1969,1.976,133.983,0,walk
33.1903,15664,2.2026,0.1587,2.1969,2.1647,133.983,0,walk
33.1923,15665,2.2025,0.1561,2.1969,2.1948,133.942,0,walk
33.1944,15666,2.2025,0.1561,2.1969,2.1651,133.942,0,walk
33.1965,15667,2.2024,0.1535,2.197,2.0573,133.945,0,walk
33.1986,15668,2.2024,0.1535,2.197,2.1565,133.945,0,walk
33.2007,15669,2.2023,0.1509,2.1972,2.0735,133.944,0,walk
33.2027,15670,2.2023,0.1509,2.1972,2.1531,133.944,0,walk
33.2048,15671,2.2023,0.1482,2.1973,1.9953,133.932,0,walk
33.2069,15672,2.2023,0.1482,2.1973,2.1607,133.932,0,walk
33.209,15673,2.2023,0.1457,2.1975,2.2273,133.997,0,walk
33.211,15674,2.2023,0.1457,2.1975,2.1174,133.997,0,walk
33.2131,15675,2.2023,0.143,2.1976,1.6777,133.997,0,walk
33.2152,15676,2.2023,0.143,2.1976,2.1602,133.997,0,walk
33.2173,15677,2.2022,0.1402,2.1978,1.926,133.994,0,walk
33.2193,15678,2.2022,0.1402,2.1978,2.1692,133.994,0,walk
33.2216,15679,2.2022,0.1374,2.1979,2.1674,133.978,0,walk
33.2236,15680,2.2022,0.1374,2.1979,2.1678,133.978,0,walk
33.2258,15681,2.2021,0.1346,2.198,2.0057,133.962,0,walk
33.2278,15682,2.2021,0.1346,2.198,2.1694,133.962,0,walk
33.23,15683,2.2021,0.1318,2.1982,2.0642,133.952,0,walk
33.2321,15684,2.2021,0.1318,2.1982,2.1697,133.952,0,walk
33.2343,15685,2.2021,0.1289,2.1983,2.0316,133.944,0,walk
33.2375,15686,2.2021,0.1261,2.1985,2.1673,133.938,0,walk
33.2387,15687,2.2021,0.1261,2.1985,2.163,133.938,0,walk
33.2408,15688,2.2019,0.1232,2.1984,1.8729,133.855,0,walk
33.2428,15689,2.2019,0.1232,2.1984,2.2075,133.855,0,walk
33.2449,15690,2.2018,0.1202,2.1985,2.0616,133.839,0,walk
33.2469,15691,2.2018,0.1202,2.1985,2.1828,133.839,0,walk
33.2495,15692,2.2018,0.1174,2.1987,2.2724,133.815,0,walk
33.2512,15693,2.2018,0.1174,2.1987,2.1586,133.815,0,walk
33.2533,15694,2.2018,0.1144,2.1989,1.806,133.819,0,walk
33.2553,15695,2.2018,0.1144,2.1989,2.1737,133.819,0,walk
33.2574,15696,2.2019,0.1114,2.1991,2.0447,133.837,0,walk
33.2595,15697,2.2019,0.1114,2.1991,2.1735,133.837,0,walk
33.2616,15698,2.2019,0.1086,2.1993,2.2832,133.838,0,walk
33.2636,15699,2.2019,0.1086,2.1993,2.1534,133.838,0,walk
33.2658,15700,2.202,0.1056,2.1994,1.8479,133.837,0,walk
33.2679,15701,2.202,0.1056,2.1994,2.1723,133.837,0,walk
33.2709,15702,2.202,0.1026,2.1996,2.0826,133.842,0,walk
33.272,15703,2.202,0.1026,2.1996,2.1726,133.842,0,walk
33.2741,15704,2.2021,0.0995,2.1998,2.0095,133.857,0,walk
33.2762,15705,2.2021,0.0995,2.1998,2.1729,133.857,0,walk
33.2783,15706,2.2021,0.0965,2.2,2.1072,133.861,0,walk
33.2803,15707,2.2021,0.0965,2.2,2.1703,133.861,0,walk
33.2835,15708,2.2022,0.0934,2.2002,2.0063,133.891,0,walk
33.2846,15709,2.2022,0.0934,2.2002,2.1736,133.891,0,walk
33.2866,15710,2.2023,0.0903,2.2004,2.0181,133.911,0,walk
33.2887,15711,2.2023,0.0903,2.2004,2.1783,133.911,0,walk
33.2908,15712,2.2024,0.0873,2.2006,2.2336,133.922,0,walk
33.2928,15713,2.2024,0.0873,2.2006,2.1635,133.922,0,walk
33.295,15714,2.2025,0.0842,2.2009,2.0211,133.948,0,walk
33.297,15715,2.2025,0.0842,2.2009,2.1643,133.948,0,walk
33.3004,15716,2.2026,0.0812,2.2011,2.0879,133.977,0,walk
33.3013,15717,2.2026,0.0812,2.2011,2.1631,133.977,0,walk
33.3033,15718,2.2027,0.0781,2.2013,2.114,134.013,0,walk
33.3054,15719,2.2027,0.0781,2.2013,2.1566,134.013,0,walk
33.3075,15720,2.2028,0.075,2.2015,1.9641,134.041,0,walk
33.3095,15721,2.2028,0.075,2.2015,2.1598,134.041,0,walk
33.3116,15722,2.203,0.0719,2.2018,2.0558,134.084,0,walk
33.3136,15723,2.203,0.0719,2.2018,2.1604,134.084,0,walk
33.3164,15724,2.2031,0.0688,2.202,2.1239,134.108,0,walk
33.318,15725,2.2031,0.0688,2.202,2.1568,134.108,0,walk
33.32,15726,2.2034,0.0656,2.2024,1.8462,134.216,0,walk
33.3221,15727,2.2034,0.0656,2.2024,2.1532,134.216,0,walk
33.3241,15728,2.2035,0.0625,2.2027,2.2665,134.249,0,walk
33.3262,15729,2.2035,0.0625,2.2027,2.1529,134.249,0,walk
33.3283,15730,2.2038,0.0594,2.203,2.1094,134.292,0,walk
33.3303,15731,2.2038,0.0594,2.203,2.1384,134.292,0,walk
33.3335,15732,2.204,0.0562,2.2032,1.7268,134.333,0,walk
33.3346,15733,2.204,0.0562,2.2032,2.1693,134.333,0,walk
33.3366,15734,2.2042,0.053,2.2035,2.2736,134.371,0,walk
33.3387,15735,2.2042,0.053,2.2035,2.144,134.371,0,walk
33.3418,15736,2.2044,0.0499,2.2039,2.0116,134.407,0,walk
33.3429,15737,2.2044,0.0499,2.2039,2.1414,134.407,0,walk
33.345,15738,2.2047,0.0467,2.2042,1.9107,134.451,0,walk
33.3471,15739,2.2047,0.0467,2.2042,2.1512,134.451,0,walk
33.3491,15740,2.2049,0.0435,2.2045,2.0923,134.484,0,walk
33.3511,15741,2.2049,0.0435,2.2045,2.1452,134.484,0,walk
33.3533,15742,2.2052,0.0403,2.2048,2.0826,134.52,0,walk
33.3553,15743,2.2052,0.0403,2.2048,2.1431,134.52,0,walk
33.3575,15744,2.2055,0.0371,2.2052,2.088,134.562,0,walk
33.3595,15745,2.2055,0.0371,2.2052,2.1302,134.562,0,walk
33.3616,15746,2.2058,0.0338,2.2055,1.8207,134.604,0,walk
33.3637,15747,2.2058,0.0338,2.2055,2.1481,134.604,0,walk
33.3659,15748,2.2061,0.0305,2.2059,2.0214,134.614,0,walk
33.3679,15749,2.2061,0.0305,2.2059,2.1546,134.614,0,walk
33.37,15750,2.2064,0.0273,2.2063,2.1068,134.681,0,walk
33.372,15751,2.2064,0.0273,2.2063,2.1365,134.681,0,walk
33.3741,15752,2.2068,0.024,2.2066,2.0713,134.74,0,walk
33.3762,15753,2.2068,0.024,2.2066,2.1333,134.74,0,walk
33.3783,15754,2.2071,0.0207,2.207,1.9475,134.789,0,walk
33.3803,15755,2.2071,0.0207,2.207,2.139,134.789,0,walk
33.3838,15756,2.2074,0.0174,2.2074,2.0712,134.819,0,walk
33.3847,15757,2.2074,0.0174,2.2074,2.1436,134.819,0,walk
33.3868,15758,2.2078,0.0141,2.2078,1.9917,134.895,0,walk
33.3888,15759,2.2078,0.0141,2.2078,2.1378,134.895,0,walk
33.391,15760,2.2082,0.0108,2.2082,2.0196,134.98,0,walk
33.393,15761,2.2082,0.0108,2.2082,2.1336,134.98,0,walk
33.3951,15762,2.2086,0.0075,2.2086,2.132,135.038,0,walk
33.3971,15763,2.2086,0.0075,2.2086,2.1255,135.038,0,walk
33.3992,15764,2.209,0.0042,2.209,2.0665,135.099,0,walk
33.4013,15765,2.209,0.0042,2.209,2.1247,135.099,0,walk
33.4033,15766,2.209,0.0016,2.209,2.445,135.39,0,walk
33.4054,15767,2.209,0.0016,2.209,2.0984,135.39,0,walk
33.4075,15768,2.2095,-0.0019,2.2095,1.2022,135.487,0,walk
33.4096,15769,2.2095,-0.0019,2.2095,2.1356,135.487,0,walk
33.4116,15770,2.2099,-0.0053,2.2099,2.0186,135.564,0,walk
33.4137,15771,2.2099,-0.0053,2.2099,2.1373,135.564,0,walk
33.4158,15772,2.2104,-0.0088,2.2104,1.8884,135.675,0,walk
33.4179,15773,2.2104,-0.0088,2.2104,2.1429,135.675,0,walk
33.4208,15774,2.2109,-0.0124,2.2109,1.9921,135.786,0,walk
33.4222,15775,2.2109,-0.0124,2.2109,2.1423,135.786,0,walk
33.4243,15776,2.2114,-0.016,2.2113,2.0479,135.879,0,walk
33.4264,15777,2.2114,-0.016,2.2113,2.1401,135.879,0,walk
33.4284,15778,2.212,-0.0196,2.2119,1.8345,135.982,0,walk
33.4305,15779,2.212,-0.0196,2.2119,2.15,135.982,0,walk
33.4325,15780,2.2126,-0.0233,2.2124,2.1201,136.086,0,walk
33.4346,15781,2.2126,-0.0233,2.2124,2.1346,136.086,0,walk
33.4366,15782,2.2131,-0.027,2.213,1.8273,136.188,0,walk
33.4387,15783,2.2131,-0.027,2.213,2.1525,136.188,0,walk
33.4408,15784,2.2137,-0.0306,2.2135,2.1916,136.29,0,walk
33.4429,15785,2.2137,-0.0306,2.2135,2.1342,136.29,0,walk
33.445,15786,2.2144,-0.0344,2.2141,1.8397,136.396,0,walk
33.447,15787,2.2144,-0.0344,2.2141,2.1455,136.396,0,walk
33.4492,15788,2.215,-0.0382,2.2147,1.9357,136.475,0,walk
33.4513,15789,2.215,-0.0382,2.2147,2.1524,136.475,0,walk
33.4533,15790,2.2156,-0.042,2.2152,2.0884,136.552,0,walk
33.4553,15791,2.2156,-0.042,2.2152,2.1452,136.552,0,walk
33.4574,15792,2.2163,-0.0458,2.2158,1.9506,136.636,0,walk
33.4595,15793,2.2163,-0.0458,2.2158,2.1497,136.636,0,walk
33.4616,15794,2.217,-0.0496,2.2164,2.085,136.719,0,walk
33.4637,15795,2.217,-0.0496,2.2164,2.1361,136.719,0,walk
33.4659,15796,2.2177,-0.0534,2.2171,1.9713,136.796,0,walk
33.4679,15797,2.2177,-0.0534,2.2171,2.1386,136.796,0,walk
33.47,15798,2.2184,-0.0573,2.2177,1.9711,136.854,0,walk
33.4721,15799,2.2184,-0.0573,2.2177,2.1468,136.854,0,walk
33.4741,15800,2.2191,-0.0611,2.2182,2.0924,136.901,0,walk
33.4762,15801,2.2191,-0.0611,2.2182,2.1422,136.901,0,walk
33.4783,15802,2.2198,-0.065,2.2189,1.9574,136.957,0,walk
33.4804,15803,2.2198,-0.065,2.2189,2.1352,136.957,0,walk
33.4824,15804,2.2206,-0.0688,2.2195,2.0737,137.0,0,walk
33.4845,15805,2.2206,-0.0688,2.2195,2.1382,137.0,0,walk
33.4866,15806,2.2214,-0.0726,2.2202,2.036,137.037,0,walk
33.4887,15807,2.2214,-0.0726,2.2202,2.1221,137.037,0,walk
33.4908,15808,2.2222,-0.0765,2.2208,2.0199,137.048,0,walk
33.4929,15809,2.2222,-0.0765,2.2208,2.1221,137.048,0,walk
33.495,15810,2.2229,-0.0802,2.2215,2.1179,137.062,0,walk
33.4971,15811,2.2229,-0.0802,2.2215,2.1108,137.062,0,walk
33.4993,15812,2.2238,-0.0841,2.2222,1.9274,137.059,0,walk
33.5013,15813,2.2238,-0.0841,2.2222,2.1142,137.059,0,walk
33.5034,15814,2.2245,-0.0879,2.2228,2.0121,137.051,0,walk
33.5055,15815,2.2245,-0.0879,2.2228,2.1176,137.051,0,walk
33.5085,15816,2.2254,-0.0917,2.2235,1.9866,137.034,0,walk
33.5105,15817,2.2254,-0.0917,2.2235,2.108,137.034,0,walk
33.5126,15818,2.2267,-0.0961,2.2246,1.55,136.824,0,walk
33.5147,15819,2.2267,-0.0961,2.2246,2.1286,136.824,0,walk
33.5169,15820,2.2275,-0.0998,2.2253,2.6653,136.763,0,walk
33.5189,15821,2.2275,-0.0998,2.2253,2.0893,136.763,0,walk
33.5211,15822,2.2284,-0.1035,2.226,1.9466,136.705,0,walk
33.5231,15823,2.2284,-0.1035,2.226,2.0873,136.705,0,walk
33.5253,15824,2.2292,-0.1072,2.2266,1.9369,136.629,0,walk
33.5273,15825,2.2292,-0.1072,2.2266,2.0964,136.629,0,walk
33.5294,15826,2.2301,-0.1109,2.2273,2.0939,136.562,0,walk
33.5315,15827,2.2301,-0.1109,2.2273,2.0756,136.562,0,walk
33.5336,15828,2.231,-0.1145,2.228,2.0194,136.465,0,walk
33.5356,15829,2.231,-0.1145,2.228,2.0682,136.465,0,walk
33.5377,15830,2.2317,-0.1181,2.2286,2.0491,136.36,0,walk
33.5398,15831,2.2317,-0.1181,2.2286,2.0718,136.36,0,walk
33.542,15832,2.2326,-0.1217,2.2293,1.9151,136.267,0,walk
33.544,15833,2.2326,-0.1217,2.2293,2.0699,136.267,0,walk
33.5461,15834,2.2335,-0.1254,2.23,1.9513,136.193,0,walk
33.5482,15835,2.2335,-0.1254,2.23,2.0591,136.193,0,walk
33.5504,15836,2.2343,-0.1289,2.2306,2.155,136.085,0,walk
33.5525,15837,2.2343,-0.1289,2.2306,2.0561,136.085,0,walk
33.5547,15838,2.2352,-0.1325,2.2313,1.9113,136.028,0,walk
33.5567,15839,2.2352,-0.1325,2.2313,2.047,136.028,0,walk
33.5589,15840,2.2359,-0.1359,2.2318,2.0861,135.928,0,walk
33.5609,15841,2.2359,-0.1359,2.2318,2.0624,135.928,0,walk
33.563,15842,2.237,-0.1395,2.2326,1.8836,135.861,0,walk
33.5651,15843,2.237,-0.1395,2.2326,2.0273,135.861,0,walk
33.5677,15844,2.2378,-0.1429,2.2332,2.2439,135.786,0,walk
33.5702,15845,2.2386,-0.1462,2.2338,2.0336,135.723,0,walk
33.5721,15846,2.2386,-0.1462,2.2338,1.8977,135.723,0,walk
33.5753,15847,2.2394,-0.1496,2.2344,2.0272,135.674,0,walk
33.5763,15848,2.2394,-0.1496,2.2344,2.0163,135.674,0,walk
33.5784,15849,2.2403,-0.1528,2.2351,2.0565,135.634,0,walk
33.5804,15850,2.2403,-0.1528,2.2351,2.0016,135.634,0,walk
33.5826,15851,2.2411,-0.1561,2.2356,1.883,135.612,0,walk
33.5846,15852,2.2411,-0.1561,2.2356,2.009,135.612,0,walk
33.5866,15853,2.242,-0.1594,2.2363,1.8834,135.587,0,walk
33.5887,15854,2.242,-0.1594,2.2363,1.9986,135.587,0,walk
33.5909,15855,2.2429,-0.1626,2.237,2.0677,135.56,0,walk
33.5929,15856,2.2429,-0.1626,2.237,1.9803,135.56,0,walk
33.5961,15857,2.2438,-0.1658,2.2377,1.814,135.559,0,walk
33.5972,15858,2.2438,-0.1658,2.2377,1.981,135.559,0,walk
33.5993,15859,2.2448,-0.1689,2.2384,2.0563,135.546,0,walk
33.6013,15860,2.2448,-0.1689,2.2384,1.9615,135.546,0,walk
33.6034,15861,2.2458,-0.1721,2.2392,1.8439,135.542,0,walk
33.6054,15862,2.2458,-0.1721,2.2392,1.9588,135.542,0,walk
33.6075,15863,2.2468,-0.1752,2.24,1.9371,135.557,0,walk
33.6096,15864,2.2468,-0.1752,2.24,1.946,135.557,0,walk
33.6126,15865,2.2478,-0.1782,2.2407,1.958,135.55,0,walk
33.6137,15866,2.2478,-0.1782,2.2407,1.9438,135.55,0,walk
33.6169,15867,2.2488,-0.1813,2.2415,1.79,135.584,0,walk
33.618,15868,2.2488,-0.1813,2.2415,1.9439,135.584,0,walk
33.62,15869,2.2497,-0.1843,2.2422,2.0648,135.603,0,walk
33.6221,15870,2.2497,-0.1843,2.2422,1.9294,135.603,0,walk
33.6241,15871,2.2507,-0.1873,2.2429,1.8562,135.603,0,walk
33.6262,15872,2.2507,-0.1873,2.2429,1.9321,135.603,0,walk
33.6283,15873,2.2517,-0.1902,2.2436,1.9175,135.642,0,walk
33.6303,15874,2.2517,-0.1902,2.2436,1.9193,135.642,0,walk
33.6337,15875,2.2525,-0.1931,2.2442,1.8663,135.65,0,walk
33.6347,15876,2.2525,-0.1931,2.2442,1.933,135.65,0,walk
33.6368,15877,2.2534,-0.196,2.2449,1.8459,135.692,0,walk
33.6388,15878,2.2534,-0.196,2.2449,1.9198,135.692,0,walk
33.642,15879,2.2543,-0.1988,2.2456,1.9753,135.719,0,walk
33.643,15880,2.2543,-0.1988,2.2456,1.9133,135.719,0,walk
33.6451,15881,2.2552,-0.2016,2.2462,1.7173,135.784,0,walk
33.6472,15882,2.2552,-0.2016,2.2462,1.925,135.784,0,walk
33.6492,15883,2.2561,-0.2045,2.2468,1.9129,135.811,0,walk
33.6513,15884,2.2561,-0.2045,2.2468,1.9164,135.811,0,walk
33.6533,15885,2.257,-0.2073,2.2475,1.8275,135.842,0,walk
33.6554,15886,2.257,-0.2073,2.2474,1.9111,135.842,0,walk
33.6575,15887,2.2578,-0.2101,2.248,1.7865,135.876,0,walk
33.6595,15888,2.2578,-0.2101,2.248,1.924,135.876,0,walk
33.6616,15889,2.2587,-0.2129,2.2486,1.9214,135.909,0,walk
33.6636,15890,2.2587,-0.2129,2.2486,1.912,135.909,0,walk
33.6657,15891,2.2595,-0.2156,2.2492,1.9056,135.936,0,walk
33.6678,15892,2.2595,-0.2156,2.2492,1.9107,135.936,0,walk
33.67,15893,2.2603,-0.2185,2.2497,1.6779,135.989,0,walk
33.672,15894,2.2603,-0.2185,2.2497,1.9189,135.989,0,walk
33.6741,15895,2.2611,-0.2212,2.2503,2.0059,136.002,0,walk
33.6762,15896,2.2611,-0.2212,2.2503,1.909,136.002,0,walk
33.6782,15897,2.2619,-0.224,2.2508,1.6642,136.059,0,walk
33.6803,15898,2.2619,-0.224,2.2508,1.9248,136.059,0,walk
33.6825,15899,2.2627,-0.2268,2.2513,1.9639,136.089,0,walk
33.6845,15900,2.2627,-0.2268,2.2513,1.9116,136.089,0,walk
33.6867,15901,2.2635,-0.2295,2.2518,1.7355,136.136,0,walk
33.6888,15902,2.2635,-0.2295,2.2518,1.9206,136.136,0,walk
33.6908,15903,2.2642,-0.2323,2.2522,1.8925,136.165,0,walk
33.6929,15904,2.2642,-0.2323,2.2522,1.9213,136.165,0,walk
33.695,15905,2.2649,-0.235,2.2527,1.8576,136.195,0,walk
33.697,15906,2.2649,-0.235,2.2527,1.9201,136.195,0,walk
33.6991,15907,2.2656,-0.2378,2.2531,1.749,136.227,0,walk
33.7012,15908,2.2656,-0.2378,2.2531,1.9249,136.227,0,walk
33.7033,15909,2.2663,-0.2406,2.2535,1.9038,136.256,0,walk
33.7053,15910,2.2663,-0.2406,2.2535,1.9223,136.256,0,walk
33.7075,15911,2.267,-0.2433,2.2539,1.8841,136.298,0,walk
33.7095,15912,2.267,-0.2433,2.2539,1.9219,136.298,0,walk
33.7117,15913,2.2677,-0.246,2.2543,1.8619,136.313,0,walk
33.7137,15914,2.2677,-0.246,2.2543,1.9162,136.313,0,walk
33.716,15915,2.2684,-0.2486,2.2547,2.029,136.325,0,walk
33.7181,15916,2.2684,-0.2486,2.2547,1.9024,136.325,0,walk
33.7201,15917,2.269,-0.2511,2.255,1.8448,136.293,0,walk
33.7222,15918,2.269,-0.2511,2.255,1.9065,136.293,0,walk
33.7242,15919,2.2697,-0.2538,2.2555,1.6248,136.367,0,walk
33.7263,15920,2.2697,-0.2538,2.2555,1.9076,136.367,0,walk
33.7283,15921,2.2704,-0.2565,2.2559,1.9117,136.388,0,walk
33.7304,15922,2.2704,-0.2565,2.2559,1.9007,136.388,0,walk
33.7324,15923,2.2711,-0.2592,2.2563,1.8005,136.403,0,walk
33.7345,15924,2.2711,-0.2592,2.2563,1.9076,136.403,0,walk
33.7366,15925,2.2718,-0.2618,2.2567,1.8854,136.421,0,walk
33.7386,15926,2.2718,-0.2618,2.2567,1.8937,136.421,0,walk
33.7417,15927,2.2724,-0.2644,2.257,1.8427,136.41,0,walk
33.7428,15928,2.2724,-0.2644,2.257,1.9056,136.41,0,walk
33.7459,15929,2.2731,-0.2669,2.2574,1.93,136.405,0,walk
33.747,15930,2.2731,-0.2669,2.2574,1.8847,136.405,0,walk
33.7491,15931,2.2738,-0.2694,2.2578,1.8476,136.379,0,walk
33.7512,15932,2.2738,-0.2694,2.2578,1.8848,136.379,0,walk
33.7533,15933,2.2744,-0.272,2.2581,1.7363,136.345,0,walk
33.7553,15934,2.2744,-0.272,2.2581,1.8991,136.345,0,walk
33.7585,15935,2.275,-0.2744,2.2584,1.9989,136.309,0,walk
33.7595,15936,2.275,-0.2744,2.2584,1.8715,136.309,0,walk
33.7616,15937,2.2756,-0.2769,2.2587,1.6341,136.282,0,walk
33.7637,15938,2.2756,-0.2769,2.2587,1.8904,136.282,0,walk
33.7658,15939,2.2763,-0.2794,2.259,1.8323,136.242,0,walk
33.7679,15940,2.2763,-0.2794,2.259,1.8837,136.242,0,walk
33.7709,15941,2.2769,-0.2819,2.2594,1.8461,136.177,0,walk
33.772,15942,2.2769,-0.2819,2.2594,1.8829,136.177,0,walk
33.775,15943,2.2775,-0.2842,2.2597,1.9827,136.128,0,walk
33.7762,15944,2.2775,-0.2842,2.2597,1.8696,136.128,0,walk
33.7788,15945,2.278,-0.2867,2.2599,1.6357,136.043,0,walk
33.7803,15946,2.278,-0.2867,2.2599,1.8852,136.043,0,walk
33.7834,15947,2.2786,-0.289,2.2602,1.9124,135.971,0,walk
33.7846,15948,2.2786,-0.289,2.2602,1.8669,135.971,0,walk
33.7875,15949,2.2792,-0.2914,2.2605,1.7669,135.885,0,walk
33.7887,15950,2.2792,-0.2914,2.2605,1.8777,135.885,0,walk
33.7917,15951,2.2798,-0.2938,2.2608,1.8258,135.811,0,walk
33.7938,15952,2.2798,-0.2938,2.2608,1.8683,135.811,0,walk
33.7959,15953,2.2803,-0.2962,2.261,1.7703,135.715,0,walk
33.798,15954,2.2803,-0.2962,2.261,1.8766,135.715,0,walk
33.8001,15955,2.2809,-0.2985,2.2613,1.8699,135.646,0,walk
33.8021,15956,2.2809,-0.2985,2.2613,1.8674,135.646,0,walk
33.8042,15957,2.2815,-0.3009,2.2615,1.8632,135.53,0,walk
33.8063,15958,2.2815,-0.3009,2.2615,1.8601,135.53,0,walk
33.8084,15959,2.282,-0.3033,2.2618,1.6325,135.452,0,walk
33.8104,15960,2.282,-0.3033,2.2618,1.8749,135.452,0,walk
33.8126,15961,2.2826,-0.3056,2.262,1.9261,135.36,0,walk
33.8146,15962,2.2826,-0.3056,2.262,1.8624,135.36,0,walk
33.8167,15963,2.2831,-0.3079,2.2623,1.7591,135.241,0,walk
33.8188,15964,2.2831,-0.3079,2.2623,1.8599,135.241,0,walk
33.8208,15965,2.2837,-0.3102,2.2625,1.8829,135.154,0,walk
33.8229,15966,2.2837,-0.3102,2.2625,1.8556,135.154,0,walk
33.8249,15967,2.2843,-0.3126,2.2628,1.6982,135.056,0,walk
33.827,15968,2.2843,-0.3126,2.2628,1.8542,135.056,0,walk
33.8291,15969,2.2849,-0.3149,2.263,1.7474,134.983,0,walk
33.8312,15970,2.2849,-0.3149,2.263,1.8634,134.983,0,walk
33.8335,15971,2.2854,-0.3172,2.2632,1.8238,134.881,0,walk
33.8355,15972,2.2854,-0.3172,2.2632,1.8654,134.881,0,walk
33.8376,15973,2.2859,-0.3196,2.2635,1.8031,134.814,0,walk
33.8397,15974,2.2859,-0.3196,2.2635,1.8555,134.814,0,walk
33.8419,15975,2.2865,-0.3219,2.2637,1.7401,134.721,0,walk
33.8439,15976,2.2865,-0.3219,2.2637,1.8624,134.721,0,walk
33.846,15977,2.287,-0.3243,2.2639,1.7586,134.644,0,walk
33.848,15978,2.287,-0.3243,2.2639,1.8663,134.644,0,walk
33.8501,15979,2.2876,-0.3268,2.2641,1.5847,134.499,0,walk
33.8521,15980,2.2876,-0.3268,2.2641,1.8797,134.499,0,walk
33.8542,15981,2.2879,-0.3292,2.2641,1.7868,134.345,0,walk
33.8562,15982,2.2879,-0.3292,2.2641,1.9023,134.345,0,walk
33.8584,15983,2.2886,-0.3315,2.2645,2.0723,134.197,0,walk
33.8604,15984,2.2886,-0.3315,2.2645,1.8226,134.197,0,walk
33.8625,15985,2.2891,-0.3339,2.2646,1.2877,134.145,0,walk
33.8647,15986,2.2891,-0.3339,2.2646,1.8718,134.145,0,walk
33.8668,15987,2.2896,-0.3362,2.2648,1.8136,134.112,0,walk
33.8689,15988,2.2896,-0.3362,2.2648,1.8705,134.112,0,walk
33.8709,15989,2.2902,-0.3386,2.265,1.8873,134.072,0,walk
33.873,15990,2.2902,-0.3386,2.265,1.8492,134.072,0,walk
33.875,15991,2.2907,-0.341,2.2652,1.7184,134.027,0,walk
33.8771,15992,2.2907,-0.341,2.2652,1.8579,134.027,0,walk
33.8791,15993,2.2913,-0.3433,2.2655,1.8643,134.023,0,walk
33.8812,15994,2.2913,-0.3433,2.2655,1.8385,134.023,0,walk
33.8835,15995,2.2918,-0.3457,2.2656,1.4615,133.971,0,walk
33.8856,15996,2.2918,-0.3457,2.2656,1.8757,133.971,0,walk
33.8878,15997,2.2924,-0.3481,2.2658,1.8857,133.936,0,walk
33.8899,15998,2.2924,-0.3481,2.2658,1.8657,133.936,0,walk
33.892,15999,2.2929,-0.3506,2.2659,1.7023,133.91,0,walk
33.8941,16000,2.2929,-0.3506,2.2659,1.869,133.91,0,walk
33.8962,16001,2.2934,-0.3529,2.2661,1.991,133.894,0,walk
33.8982,16002,2.2934,-0.3529,2.2661,1.8467,133.894,0,walk
33.9003,16003,2.294,-0.3554,2.2663,1.4456,133.886,0,walk
33.9023,16004,2.294,-0.3554,2.2663,1.8736,133.886,0,walk
33.9044,16005,2.2945,-0.3578,2.2664,1.9681,133.893,0,walk
33.9064,16006,2.2945,-0.3578,2.2664,1.8537,133.893,0,walk
33.9085,16007,2.2951,-0.3603,2.2666,1.6764,133.912,0,walk
33.9106,16008,2.2951,-0.3603,2.2666,1.8565,133.912,0,walk
33.9127,16009,2.2956,-0.3627,2.2668,1.7208,133.94,0,walk
33.9147,16010,2.2956,-0.3627,2.2668,1.8635,133.94,0,walk
33.9167,16011,2.2962,-0.3652,2.267,1.7684,133.978,0,walk
33.9188,16012,2.2962,-0.3652,2.267,1.8646,133.978,0,walk
33.9209,16013,2.2967,-0.3677,2.2671,1.6964,134.001,0,walk
33.9229,16014,2.2967,-0.3677,2.2671,1.8751,134.001,0,walk
33.9251,16015,2.2973,-0.3702,2.2672,1.9246,134.053,0,walk
33.9271,16016,2.2973,-0.3702,2.2672,1.856,134.053,0,walk
33.9292,16017,2.2978,-0.3727,2.2674,1.5791,134.11,0,walk
33.9313,16018,2.2978,-0.3727,2.2674,1.8692,134.11,0,walk
33.9333,16019,2.2984,-0.3752,2.2675,1.8615,134.16,0,walk
33.9354,16020,2.2984,-0.3752,2.2675,1.8644,134.16,0,walk
33.9375,16021,2.2989,-0.3778,2.2676,1.6486,134.216,0,walk
33.9396,16022,2.2989,-0.3778,2.2676,1.876,134.216,0,walk
33.9417,16023,2.2994,-0.3802,2.2678,1.995,134.27,0,walk
33.9437,16024,2.2994,-0.3802,2.2678,1.8561,134.27,0,walk
33.9459,16025,2.3,-0.3828,2.2679,1.5631,134.338,0,walk
33.9479,16026,2.3,-0.3828,2.2679,1.8688,134.338,0,walk
33.9502,16027,2.3006,-0.3854,2.2681,1.7853,134.415,0,walk
33.9522,16028,2.3006,-0.3854,2.2681,1.8689,134.415,0,walk
33.9543,16029,2.3011,-0.388,2.2682,1.7237,134.506,0,walk
33.9563,16030,2.3011,-0.388,2.2682,1.8738,134.506,0,walk
33.9584,16031,2.3017,-0.3906,2.2683,1.8181,134.568,0,walk
33.9605,16032,2.3017,-0.3906,2.2683,1.8697,134.568,0,walk
33.9625,16033,2.3023,-0.3932,2.2684,1.8012,134.657,0,walk
33.9646,16034,2.3023,-0.3932,2.2684,1.8671,134.657,0,walk
33.9667,16035,2.3028,-0.3958,2.2686,1.7547,134.726,0,walk
33.9687,16036,2.3028,-0.3958,2.2686,1.8667,134.726,0,walk
33.9709,16037,2.3034,-0.3984,2.2687,1.765,134.816,0,walk
33.973,16038,2.3034,-0.3984,2.2687,1.865,134.816,0,walk
33.9751,16039,2.304,-0.4011,2.2688,1.7238,134.885,0,walk
33.9772,16040,2.304,-0.4011,2.2688,1.8731,134.885,0,walk
33.9792,16041,2.3046,-0.4037,2.269,1.808,134.975,0,walk
33.9813,16042,2.3046,-0.4037,2.269,1.8647,134.975,0,walk
33.9834,16043,2.3052,-0.4064,2.2691,1.661,135.057,0,walk
33.9854,16044,2.3052,-0.4064,2.2691,1.8745,135.057,0,walk
33.9875,16045,2.3058,-0.4091,2.2692,1.7908,135.153,0,walk
33.9895,16046,2.3058,-0.4091,2.2692,1.8701,135.153,0,walk
33.9917,16047,2.3064,-0.4118,2.2693,1.8355,135.222,0,walk
33.9938,16048,2.3064,-0.4118,2.2693,1.8719,135.222,0,walk
33.9958,16049,2.307,-0.4143,2.2695,1.9562,135.288,0,walk
33.9979,16050,2.307,-0.4143,2.2695,1.8465,135.288,0,walk
34.0001,16051,2.3076,-0.417,2.2696,1.4525,135.39,0,walk
34.0022,16052,2.3076,-0.417,2.2696,1.8741,135.39,0,walk
34.0042,16053,2.3082,-0.4198,2.2697,1.7217,135.487,0,walk
34.0063,16054,2.3082,-0.4198,2.2697,1.8778,135.487,0,walk
34.0085,16055,2.3088,-0.4224,2.2698,1.9909,135.573,0,walk
34.0105,16056,2.3088,-0.4224,2.2698,1.8563,135.573,0,walk
34.0126,16057,2.3094,-0.4252,2.2699,1.5284,135.659,0,walk
34.0146,16058,2.3094,-0.4252,2.2699,1.8745,135.659,0,walk
34.0167,16059,2.31,-0.4279,2.27,1.9171,135.769,0,walk
34.0188,16060,2.31,-0.4279,2.27,1.8578,135.769,0,walk
34.0208,16061,2.3106,-0.4306,2.2701,1.6105,135.859,0,walk
34.0228,16062,2.3106,-0.4306,2.2701,1.8701,135.859,0,walk
34.0251,16063,2.3112,-0.4333,2.2703,1.9626,135.949,0,walk
34.0271,16064,2.3112,-0.4333,2.2702,1.852,135.949,0,walk
34.0292,16065,2.3118,-0.436,2.2703,1.6359,136.031,0,walk
34.0312,16066,2.3118,-0.436,2.2703,1.8682,136.031,0,walk
34.0333,16067,2.3124,-0.4387,2.2704,1.7488,136.127,0,walk
34.0354,16068,2.3124,-0.4387,2.2704,1.8594,136.127,0,walk
34.0375,16069,2.313,-0.4415,2.2705,1.5978,136.225,0,walk
34.0396,16070,2.313,-0.4415,2.2705,1.8809,136.225,0,walk
34.0418,16071,2.3136,-0.4442,2.2706,1.9047,136.312,0,walk
34.0438,16072,2.3136,-0.4442,2.2706,1.8555,136.312,0,walk
34.046,16073,2.3142,-0.4469,2.2706,1.787,136.39,0,walk
34.048,16074,2.3142,-0.4469,2.2706,1.8649,136.39,0,walk
34.0501,16075,2.3148,-0.4498,2.2707,1.5725,136.478,0,walk
34.0521,16076,2.3148,-0.4498,2.2707,1.8768,136.478,0,walk
34.0542,16077,2.3154,-0.4525,2.2708,1.9424,136.552,0,walk
34.0563,16078,2.3154,-0.4525,2.2708,1.855,136.552,0,walk
34.0585,16079,2.316,-0.4554,2.2708,1.3611,136.647,0,walk
34.0605,16080,2.316,-0.4554,2.2708,1.8926,136.647,0,walk
34.0626,16081,2.3166,-0.4582,2.2708,2.073,136.712,0,walk
34.0647,16082,2.3166,-0.4582,2.2708,1.8633,136.712,0,walk
34.0668,16083,2.3172,-0.461,2.2709,1.6861,136.802,0,walk
34.0688,16084,2.3172,-0.461,2.2709,1.869,136.802,0,walk
34.071,16085,2.3178,-0.4638,2.2709,1.6109,136.865,0,walk
34.073,16086,2.3178,-0.4638,2.2709,1.8845,136.865,0,walk
34.0751,16087,2.3183,-0.4667,2.2709,1.8685,136.936,0,walk
34.0772,16088,2.3183,-0.4667,2.2709,1.878,136.936,0,walk
34.0793,16089,2.3189,-0.4696,2.2708,1.4857,137.015,0,walk
34.0813,16090,2.3189,-0.4696,2.2708,1.8992,137.015,0,walk
34.0834,16091,2.3194,-0.4725,2.2708,1.9705,137.077,0,walk
34.0855,16092,2.3194,-0.4725,2.2708,1.8902,137.077,0,walk
34.0876,16093,2.3199,-0.4754,2.2707,1.7041,137.149,0,walk
34.0896,16094,2.3199,-0.4754,2.2707,1.8961,137.149,0,walk
34.0918,16095,2.3204,-0.4784,2.2706,1.8081,137.201,0,walk
34.0939,16096,2.3204,-0.4784,2.2706,1.895,137.201,0,walk
34.096,16097,2.321,-0.4813,2.2705,1.7788,137.258,0,walk
34.098,16098,2.321,-0.4813,2.2705,1.8953,137.258,0,walk
34.1001,16099,2.3215,-0.4842,2.2704,1.7234,137.311,0,walk
34.1022,16100,2.3215,-0.4842,2.2704,1.9013,137.311,0,walk
34.1044,16101,2.322,-0.4872,2.2703,1.8208,137.34,0,walk
34.1064,16102,2.322,-0.4872,2.2703,1.8986,137.34,0,walk
34.1085,16103,2.3225,-0.4901,2.2702,1.812,137.375,0,walk
34.1106,16104,2.3225,-0.4901,2.2702,1.8963,137.375,0,walk
34.1127,16105,2.323,-0.4931,2.2701,1.7236,137.394,0,walk
34.1148,16106,2.323,-0.4931,2.27,1.8992,137.394,0,walk
34.1169,16107,2.3235,-0.4961,2.2699,1.8725,137.416,0,walk
34.119,16108,2.3235,-0.4961,2.2699,1.8959,137.416,0,walk
34.1211,16109,2.324,-0.4991,2.2698,1.6533,137.436,0,walk
34.1232,16110,2.324,-0.4991,2.2698,1.9066,137.436,0,walk
34.1253,16111,2.3245,-0.5021,2.2696,1.7617,137.451,0,walk
34.1273,16112,2.3245,-0.5021,2.2696,1.9088,137.451,0,walk
34.1294,16113,2.3249,-0.5051,2.2694,1.9185,137.458,0,walk
34.1315,16114,2.3249,-0.5051,2.2694,1.904,137.458,0,walk
34.1336,16115,2.3254,-0.5082,2.2692,1.4977,137.452,0,walk
34.1357,16116,2.3254,-0.5082,2.2692,1.9235,137.452,0,walk
34.1379,16117,2.3258,-0.5113,2.269,1.8894,137.472,0,walk
34.1399,16118,2.3258,-0.5113,2.2689,1.9203,137.472,0,walk
34.1422,16119,2.3263,-0.5144,2.2687,1.7999,137.484,0,walk
34.1442,16120,2.3263,-0.5144,2.2687,1.9246,137.484,0,walk
34.1463,16121,2.3267,-0.5176,2.2684,1.6459,137.467,0,walk
34.1483,16122,2.3267,-0.5176,2.2684,1.93,137.467,0,walk
34.1505,16123,2.3272,-0.5208,2.2682,1.6564,137.439,0,walk
34.1525,16124,2.3272,-0.5208,2.2682,1.9453,137.439,0,walk
34.1546,16125,2.3276,-0.5239,2.2679,2.0744,137.434,0,walk
34.1567,16126,2.3276,-0.5239,2.2679,1.9251,137.434,0,walk
34.1588,16127,2.3277,-0.5276,2.2671,0.1294,137.232,0,walk
34.1608,16128,2.3277,-0.5276,2.2671,2.0767,137.232,0,walk
34.1629,16129,2.3281,-0.5309,2.2667,2.4525,137.199,0,walk
34.1649,16130,2.3281,-0.5309,2.2667,1.95,137.199,0,walk
34.167,16131,2.3285,-0.5341,2.2664,1.9271,137.176,0,walk
34.1691,16132,2.3285,-0.5341,2.2664,1.9441,137.176,0,walk
34.1712,16133,2.3288,-0.5374,2.266,1.591,137.15,0,walk
34.1732,16134,2.3288,-0.5374,2.266,1.9627,137.15,0,walk
34.1753,16135,2.3292,-0.5407,2.2656,1.824,137.129,0,walk
34.1773,16136,2.3292,-0.5407,2.2656,1.9566,137.129,0,walk
34.1795,16137,2.3296,-0.5441,2.2651,1.6539,137.107,0,walk
34.1815,16138,2.3296,-0.5441,2.2651,1.9787,137.107,0,walk
34.1836,16139,2.3298,-0.5475,2.2646,1.9045,137.081,0,walk
34.1856,16140,2.3298,-0.5475,2.2646,1.9765,137.081,0,walk
34.1879,16141,2.3302,-0.5509,2.2641,1.6597,137.045,0,walk
34.19,16142,2.3302,-0.5509,2.2641,1.9897,137.045,0,walk
34.1922,16143,2.3304,-0.5543,2.2635,1.9666,136.998,0,walk
34.1943,16144,2.3304,-0.5543,2.2635,1.987,136.998,0,walk
34.1965,16145,2.3307,-0.5577,2.263,1.923,136.962,0,walk
34.1985,16146,2.3307,-0.5577,2.263,1.9767,136.962,0,walk
34.2009,16147,2.331,-0.5614,2.2624,1.2467,136.864,0,walk
34.2032,16148,2.3312,-0.565,2.2617,2.0194,136.803,0,walk
34.205,16149,2.3312,-0.565,2.2617,2.055,136.803,0,walk
34.2073,16150,2.3315,-0.5685,2.2611,2.0088,136.752,0,walk
34.2091,16151,2.3315,-0.5685,2.2611,2.0085,136.752,0,walk
34.2112,16152,2.3315,-0.5685,2.2611,2.0088,136.752,0,walk
34.2132,16153,2.3316,-0.5721,2.2603,1.7435,136.691,0,walk
34.2153,16154,2.3316,-0.5721,2.2603,2.0262,136.691,0,walk
34.2173,16155,2.3317,-0.5757,2.2595,1.6396,136.638,0,walk
34.2194,16156,2.3317,-0.5757,2.2595,2.0424,136.638,0,walk
34.2214,16157,2.3318,-0.5794,2.2587,1.8784,136.576,0,walk
34.2235,16158,2.3318,-0.5794,2.2587,2.045,136.576,0,walk
34.2256,16159,2.332,-0.5829,2.258,2.0993,136.543,0,walk
34.2276,16160,2.332,-0.5829,2.258,2.0216,136.543,0,walk
34.2297,16161,2.3321,-0.5866,2.2571,1.6313,136.508,0,walk
34.2317,16162,2.3321,-0.5866,2.2571,2.0436,136.508,0,walk
34.2338,16163,2.3323,-0.5903,2.2563,1.8811,136.467,0,walk
34.2358,16164,2.3323,-0.5903,2.2563,2.0376,136.467,0,walk
34.2379,16165,2.3324,-0.594,2.2555,1.8124,136.42,0,walk
34.2399,16166,2.3324,-0.594,2.2555,2.0489,136.42,0,walk
34.242,16167,2.3324,-0.5977,2.2545,1.8031,136.414,0,walk
34.244,16168,2.3324,-0.5977,2.2545,2.0591,136.414,0,walk
34.2461,16169,2.3325,-0.6013,2.2536,1.989,136.391,0,walk
34.2481,16170,2.3325,-0.6013,2.2536,2.0504,136.391,0,walk
34.2502,16171,2.3325,-0.6052,2.2526,1.4715,136.363,0,walk
34.2523,16172,2.3325,-0.6052,2.2526,2.0811,136.363,0,walk
34.2543,16173,2.3325,-0.6088,2.2517,2.3699,136.377,0,walk
34.2563,16174,2.3325,-0.6088,2.2517,2.044,136.377,0,walk
34.2584,16175,2.3325,-0.6126,2.2506,1.6166,136.376,0,walk
34.2605,16176,2.3325,-0.6126,2.2506,2.0675,136.376,0,walk
34.2626,16177,2.3324,-0.6163,2.2495,1.7434,136.379,0,walk
34.2646,16178,2.3324,-0.6163,2.2495,2.084,136.379,0,walk
34.2667,16179,2.3324,-0.6202,2.2485,1.8775,136.408,0,walk
34.2688,16180,2.3324,-0.6202,2.2485,2.0813,136.408,0,walk
34.2709,16181,2.3323,-0.6239,2.2473,2.1422,136.443,0,walk
34.273,16182,2.3323,-0.6239,2.2473,2.0713,136.443,0,walk
34.2751,16183,2.3322,-0.6276,2.2462,1.9413,136.479,0,walk
34.2772,16184,2.3322,-0.6276,2.2462,2.0676,136.479,0,walk
34.2794,16185,2.3323,-0.6311,2.2453,2.329,136.553,0,walk
34.2814,16186,2.3323,-0.6311,2.2453,2.0051,136.553,0,walk
34.2836,16187,2.3322,-0.6347,2.2442,1.1819,136.658,0,walk
34.2857,16188,2.3322,-0.6347,2.2442,2.0636,136.658,0,walk
34.2879,16189,2.3323,-0.6382,2.2432,2.2878,136.773,0,walk
34.29,16190,2.3323,-0.6382,2.2432,2.0051,136.773,0,walk
34.292,16191,2.3322,-0.6417,2.2422,1.5868,136.902,0,walk
34.2941,16192,2.3322,-0.6417,2.2422,2.0339,136.902,0,walk
34.2962,16193,2.3321,-0.6451,2.2411,2.207,137.074,0,walk
34.2982,16194,2.3321,-0.6451,2.2411,2.0073,137.074,0,walk
34.3006,16195,2.3322,-0.6487,2.2402,1.6448,137.206,0,walk
34.3026,16196,2.3322,-0.6487,2.2402,2.0088,137.206,0,walk
34.3047,16197,2.3321,-0.6525,2.239,1.114,137.345,0,walk
34.3067,16198,2.3321,-0.6525,2.239,2.0677,137.345,0,walk
34.3088,16199,2.3321,-0.6559,2.2379,2.4965,137.474,0,walk
34.3109,16200,2.3321,-0.6559,2.2379,2.0032,137.474,0,walk
34.313,16201,2.3318,-0.6599,2.2365,0.4513,137.441,0,walk
34.3151,16202,2.3318,-0.6599,2.2365,2.1322,137.441,0,walk
34.3173,16203,2.3317,-0.6635,2.2353,2.5763,137.556,0,walk
34.3193,16204,2.3317,-0.6635,2.2353,2.0437,137.556,0,walk
34.3216,16205,2.3316,-0.6669,2.2342,2.2724,137.658,0,walk
34.3236,16206,2.3316,-0.6669,2.2342,2.0086,137.658,0,walk
34.326,16207,2.3315,-0.6703,2.2331,1.9853,137.78,0,walk
34.3294,16208,2.3314,-0.6738,2.232,1.7092,137.89,0,walk
34.3308,16209,2.3314,-0.6738,2.232,2.0153,137.89,0,walk
34.3336,16210,2.3314,-0.677,2.2309,2.1919,138.0,0,walk
34.3356,16211,2.3314,-0.677,2.2309,1.9799,138.0,0,walk
34.3378,16212,2.3313,-0.6804,2.2298,1.6635,138.109,0,walk
34.3398,16213,2.3313,-0.6804,2.2298,1.9909,138.109,0,walk
34.3422,16214,2.3312,-0.6838,2.2286,1.7681,138.196,0,walk
34.3442,16215,2.3312,-0.6838,2.2286,2.0017,138.196,0,walk
34.3463,16216,2.3311,-0.6869,2.2276,2.4274,138.326,0,walk
34.3483,16217,2.3311,-0.6869,2.2276,1.9463,138.326,0,walk
34.3504,16218,2.331,-0.6902,2.2265,1.4064,138.412,0,walk
34.3525,16219,2.331,-0.6902,2.2265,1.9721,138.412,0,walk
34.3545,16220,2.3309,-0.6934,2.2254,2.044,138.505,0,walk
34.3566,16221,2.3309,-0.6934,2.2254,1.962,138.505,0,walk
34.3589,16222,2.3309,-0.6967,2.2243,1.7047,138.58,0,walk
34.361,16223,2.3309,-0.6967,2.2243,1.9642,138.58,0,walk
34.3633,16224,2.3309,-0.6999,2.2233,1.999,138.66,0,walk
34.3653,16225,2.3309,-0.6999,2.2233,1.9488,138.66,0,walk
34.3675,16226,2.3307,-0.703,2.2222,2.0182,138.752,0,walk
34.3696,16227,2.3307,-0.703,2.2222,1.9463,138.752,0,walk
34.3718,16228,2.3307,-0.7063,2.2211,1.6314,138.811,0,walk
34.3743,16229,2.3307,-0.7092,2.2202,1.8873,138.909,0,walk
34.3759,16230,2.3307,-0.7092,2.2202,2.3642,138.909,0,walk
34.3783,16231,2.3306,-0.7124,2.2191,1.9441,138.967,0,walk
34.38,16232,2.3306,-0.7124,2.2191,1.2862,138.967,0,walk
34.382,16233,2.3306,-0.7124,2.2191,1.9337,138.967,0,walk
34.3841,16234,2.3306,-0.7154,2.2181,2.0852,139.038,0,walk
34.3861,16235,2.3306,-0.7154,2.2181,1.916,139.038,0,walk
34.3882,16236,2.3306,-0.7183,2.2171,1.9783,139.119,0,walk
34.3903,16237,2.3306,-0.7183,2.2171,1.8901,139.119,0,walk
34.3923,16238,2.3304,-0.7212,2.216,1.6681,139.196,0,walk
34.3943,16239,2.3304,-0.7212,2.216,1.9066,139.196,0,walk
34.3964,16240,2.3304,-0.7242,2.215,1.7155,139.241,0,walk
34.3984,16241,2.3304,-0.7242,2.215,1.8997,139.241,0,walk
34.4005,16242,2.3304,-0.7272,2.214,1.8889,139.288,0,walk
34.4025,16243,2.3304,-0.7272,2.214,1.8919,139.288,0,walk
34.4046,16244,2.33,-0.7296,2.2128,2.6111,139.43,0,walk
34.4066,16245,2.33,-0.7296,2.2128,1.8886,139.43,0,walk
34.4087,16246,2.33,-0.7325,2.2118,1.4844,139.48,0,walk
34.4108,16247,2.33,-0.7325,2.2118,1.868,139.48,0,walk
34.4128,16248,2.33,-0.7353,2.2109,1.7871,139.554,0,walk
34.4149,16249,2.33,-0.7353,2.2109,1.8572,139.554,0,walk
34.4169,16250,2.3304,-0.7386,2.2102,1.2719,139.517,0,walk
34.419,16251,2.3304,-0.7386,2.2102,1.8694,139.517,0,walk
34.4212,16252,2.3305,-0.7414,2.2094,2.5311,139.578,0,walk
34.4232,16253,2.3305,-0.7414,2.2094,1.8439,139.578,0,walk
34.4255,16254,2.3305,-0.7442,2.2085,1.8844,139.642,0,walk
34.4276,16255,2.3305,-0.7442,2.2085,1.8361,139.642,0,walk
34.4298,16256,2.3307,-0.747,2.2077,1.6945,139.7,0,walk
34.4318,16257,2.3307,-0.747,2.2077,1.83,139.7,0,walk
34.4339,16258,2.3307,-0.7497,2.2069,1.9323,139.78,0,walk
34.436,16259,2.3307,-0.7497,2.2069,1.8189,139.78,0,walk
34.4381,16260,2.3309,-0.7524,2.2061,1.6474,139.824,0,walk
34.4401,16261,2.3309,-0.7524,2.2061,1.8136,139.824,0,walk
34.4422,16262,2.331,-0.7551,2.2053,1.7876,139.909,0,walk
34.4442,16263,2.331,-0.7551,2.2053,1.8114,139.909,0,walk
34.4463,16264,2.3312,-0.7578,2.2046,1.7949,139.956,0,walk
34.4483,16265,2.3312,-0.7578,2.2046,1.7935,139.956,0,walk
34.4504,16266,2.3314,-0.7605,2.2039,1.5778,140.044,0,walk
34.4525,16267,2.3314,-0.7605,2.2039,1.7948,140.044,0,walk
34.4546,16268,2.3316,-0.7632,2.2031,1.6924,140.114,0,walk
34.4566,16269,2.3316,-0.7632,2.2031,1.8009,140.114,0,walk
34.4588,16270,2.3318,-0.7658,2.2024,1.9997,140.19,0,walk
34.4608,16271,2.3318,-0.7658,2.2024,1.7679,140.19,0,walk
34.4628,16272,2.332,-0.7685,2.2018,1.4145,140.282,0,walk
34.4649,16273,2.332,-0.7685,2.2018,1.7798,140.282,0,walk
34.4669,16274,2.3323,-0.7712,2.2011,1.8098,140.37,0,walk
34.469,16275,2.3323,-0.7712,2.2011,1.772,140.369,0,walk
34.4711,16276,2.3325,-0.7739,2.2004,1.5278,140.453,0,walk
34.4731,16277,2.3325,-0.7739,2.2004,1.7776,140.452,0,walk
34.4752,16278,2.3328,-0.7764,2.1998,1.9684,140.538,0,walk
34.4772,16279,2.3328,-0.7764,2.1998,1.7521,140.537,0,walk
34.4793,16280,2.333,-0.779,2.1991,1.5641,140.655,0,walk
34.4813,16281,2.333,-0.779,2.1991,1.7648,140.654,0,walk
34.4834,16282,2.3333,-0.7815,2.1985,1.8609,140.739,0,walk
34.4855,16283,2.3333,-0.7815,2.1985,1.7411,140.738,0,walk
34.4876,16284,2.3335,-0.784,2.1979,1.6123,140.855,0,walk
34.4897,16285,2.3335,-0.784,2.1979,1.7426,140.855,0,walk
34.492,16286,2.3337,-0.7866,2.1972,1.4998,140.962,0,walk
34.494,16287,2.3337,-0.7866,2.1972,1.7571,140.962,0,walk
34.4961,16288,2.334,-0.789,2.1965,1.923,141.086,0,walk
34.4982,16289,2.334,-0.789,2.1965,1.734,141.086,0,walk
34.5003,16290,2.3342,-0.7914,2.196,1.8041,141.221,0,walk
34.5023,16291,2.3342,-0.7914,2.196,1.7163,141.221,0,walk
34.5044,16292,2.3344,-0.7938,2.1953,1.5449,141.359,0,walk
34.5064,16293,2.3344,-0.7938,2.1953,1.7236,141.359,0,walk
34.5086,16294,2.3347,-0.7963,2.1947,1.418,141.499,0,walk
34.5106,16295,2.3347,-0.7963,2.1947,1.7362,141.499,0,walk
34.5128,16296,2.3349,-0.7987,2.194,1.96,141.634,0,walk
34.5149,16297,2.3349,-0.7987,2.194,1.7164,141.634,0,walk
34.517,16298,2.3352,-0.8012,2.1934,1.4087,141.79,0,walk
34.5191,16299,2.3352,-0.8012,2.1934,1.7228,141.79,0,walk
34.5212,16300,2.3354,-0.8035,2.1928,1.9636,141.944,0,walk
34.5232,16301,2.3354,-0.8035,2.1928,1.704,141.944,0,walk
34.5254,16302,2.3356,-0.8059,2.1922,1.4558,142.122,0,walk
34.5274,16303,2.3356,-0.8059,2.1922,1.7133,142.122,0,walk
34.5295,16304,2.3359,-0.8082,2.1916,1.7292,142.303,0,walk
34.5316,16305,2.3359,-0.8082,2.1916,1.7035,142.303,0,walk
34.5337,16306,2.3361,-0.8104,2.191,1.8853,142.466,0,walk
34.5357,16307,2.3361,-0.8104,2.191,1.6823,142.466,0,walk
34.5378,16308,2.3364,-0.8128,2.1904,1.2477,142.676,0,walk
34.5398,16309,2.3364,-0.8128,2.1904,1.7035,142.676,0,walk
34.5422,16310,2.3366,-0.8149,2.1899,1.9902,142.868,0,walk
34.5442,16311,2.3366,-0.8149,2.1899,1.6722,142.868,0,walk
34.5465,16312,2.3369,-0.8172,2.1893,1.3815,143.079,0,walk
34.5485,16313,2.3369,-0.8172,2.1893,1.685,143.079,0,walk
34.5507,16314,2.3371,-0.8195,2.1887,1.5888,143.299,0,walk
34.5528,16315,2.3371,-0.8195,2.1887,1.6901,143.299,0,walk
34.5548,16316,2.3374,-0.8216,2.1882,1.9699,143.533,0,walk
34.5569,16317,2.3374,-0.8216,2.1882,1.6473,143.533,0,walk
34.5589,16318,2.3376,-0.8237,2.1877,1.5068,143.755,0,walk
34.561,16319,2.3376,-0.8237,2.1877,1.6556,143.755,0,walk
34.5631,16320,2.3379,-0.8259,2.1871,1.438,143.973,0,walk
34.5651,16321,2.3379,-0.8259,2.1871,1.6618,143.973,0,walk
34.5673,16322,2.3381,-0.8281,2.1865,1.3457,144.21,0,walk
34.5693,16323,2.3381,-0.8281,2.1865,1.6787,144.21,0,walk
34.5716,16324,2.3384,-0.8303,2.186,1.8413,144.428,0,walk
34.5736,16325,2.3384,-0.8303,2.186,1.652,144.428,0,walk
34.5757,16326,2.3386,-0.8323,2.1855,1.764,144.633,0,walk
34.5777,16327,2.3386,-0.8323,2.1855,1.6435,144.633,0,walk
34.5798,16328,2.3389,-0.8345,2.185,1.2916,144.861,0,walk
34.5818,16329,2.3389,-0.8345,2.185,1.6566,144.861,0,walk
34.5839,16330,2.3392,-0.8366,2.1844,1.7726,145.079,0,walk
34.5859,16331,2.3392,-0.8366,2.1844,1.6435,145.079,0,walk
34.588,16332,2.3394,-0.8387,2.1839,1.4933,145.29,0,walk
34.59,16333,2.3394,-0.8387,2.1839,1.6464,145.29,0,walk
34.5922,16334,2.3397,-0.8407,2.1835,1.7381,145.486,0,walk
34.5942,16335,2.3397,-0.8407,2.1835,1.6262,145.486,0,walk
34.5963,16336,2.34,-0.8429,2.1829,1.3175,145.704,0,walk
34.5983,16337,2.34,-0.8429,2.1829,1.6477,145.704,0,walk
34.6004,16338,2.3402,-0.8448,2.1824,1.8502,145.914,0,walk
34.6025,16339,2.3402,-0.8448,2.1824,1.6316,145.914,0,walk
34.6045,16340,2.3405,-0.847,2.1819,1.3579,146.105,0,walk
34.6066,16341,2.3405,-0.847,2.1819,1.6304,146.105,0,walk
34.6088,16342,2.3408,-0.8489,2.1814,1.8656,146.287,0,walk
34.6108,16343,2.3408,-0.8489,2.1814,1.6172,146.287,0,walk
34.6129,16344,2.3411,-0.8511,2.1809,1.1074,146.479,0,walk
34.615,16345,2.3411,-0.8511,2.1809,1.6415,146.479,0,walk
34.6171,16346,2.3414,-0.8531,2.1804,1.9453,146.64,0,walk
34.6192,16347,2.3414,-0.8531,2.1804,1.6198,146.64,0,walk
34.6212,16348,2.3417,-0.8552,2.18,1.4454,146.836,0,walk
34.6233,16349,2.3417,-0.8552,2.18,1.6142,146.836,0,walk
34.6253,16350,2.342,-0.8573,2.1795,1.4258,147.017,0,walk
34.6274,16351,2.342,-0.8573,2.1795,1.6265,147.017,0,walk
34.6295,16352,2.3423,-0.8594,2.179,1.4688,147.189,0,walk
34.6315,16353,2.3423,-0.8594,2.179,1.631,147.189,0,walk
34.6338,16354,2.3427,-0.8615,2.1785,1.6515,147.332,0,walk
34.6358,16355,2.3427,-0.8615,2.1785,1.6146,147.332,0,walk
34.638,16356,2.343,-0.8637,2.178,1.3072,147.525,0,walk
34.6401,16357,2.343,-0.8637,2.178,1.6341,147.525,0,walk
34.6422,16358,2.3434,-0.8658,2.1776,1.7259,147.671,0,walk
34.6443,16359,2.3434,-0.8658,2.1776,1.6082,147.671,0,walk
34.6464,16360,2.3437,-0.8679,2.1771,1.5867,147.835,0,walk
34.6484,16361,2.3437,-0.8679,2.1771,1.6143,147.835,0,walk
34.6505,16362,2.3441,-0.8701,2.1766,1.3602,147.97,0,walk
34.6526,16363,2.3441,-0.8701,2.1766,1.6191,147.97,0,walk
34.6546,16364,2.3444,-0.8721,2.1762,1.7853,148.1,0,walk
34.6567,16365,2.3444,-0.8721,2.1762,1.6012,148.1,0,walk
34.6588,16366,2.3449,-0.8743,2.1758,1.3099,148.266,0,walk
34.6608,16367,2.3449,-0.8743,2.1758,1.6084,148.266,0,walk
34.663,16368,2.3452,-0.8765,2.1753,1.5189,148.408,0,walk
34.665,16369,2.3452,-0.8765,2.1753,1.616,148.408,0,walk
34.6671,16370,2.3456,-0.8786,2.1748,1.5681,148.547,0,walk
34.6692,16371,2.3456,-0.8786,2.1748,1.6083,148.547,0,walk
34.6712,16372,2.346,-0.8808,2.1744,1.4446,148.668,0,walk
34.6733,16373,2.346,-0.8808,2.1744,1.611,148.668,0,walk
34.6754,16374,2.3464,-0.8829,2.1739,1.6286,148.782,0,walk
34.6774,16375,2.3464,-0.8829,2.1739,1.6058,148.782,0,walk
34.6795,16376,2.3469,-0.8851,2.1735,1.4817,148.905,0,walk
34.6816,16377,2.3469,-0.8851,2.1735,1.5975,148.905,0,walk
34.6838,16378,2.3472,-0.8872,2.1731,1.7444,149.038,0,walk
34.6859,16379,2.3472,-0.8872,2.1731,1.5906,149.038,0,walk
34.688,16380,2.3477,-0.8895,2.1727,1.1459,149.151,0,walk
34.69,16381,2.3477,-0.8895,2.1727,1.6112,149.151,0,walk
34.6921,16382,2.3481,-0.8916,2.1722,1.759,149.269,0,walk
34.6941,16383,2.3481,-0.8916,2.1722,1.5996,149.269,0,walk
34.6963,16384,2.3485,-0.8939,2.1717,1.2378,149.401,0,walk
34.6983,16385,2.3485,-0.8939,2.1717,1.6178,149.401,0,walk
34.7005,16386,2.3489,-0.896,2.1713,1.9379,149.474,0,walk
34.7025,16387,2.3489,-0.896,2.1713,1.5848,149.474,0,walk
34.7047,16388,2.3493,-0.8982,2.1708,1.2112,149.624,0,walk
34.7067,16389,2.3493,-0.8982,2.1708,1.6016,149.624,0,walk
34.7092,16390,2.3498,-0.9004,2.1704,1.542,149.737,0,walk
34.7115,16391,2.3502,-0.9026,2.17,1.602,149.84,0,walk
34.7133,16392,2.3502,-0.9026,2.17,1.5202,149.84,0,walk
34.7154,16393,2.3502,-0.9026,2.17,1.6007,149.84,0,walk
34.7174,16394,2.3506,-0.9049,2.1695,1.459,149.95,0,walk
34.7195,16395,2.3506,-0.9049,2.1695,1.6006,149.95,0,walk
34.7215,16396,2.351,-0.907,2.169,1.669,150.05,0,walk
34.7236,16397,2.351,-0.907,2.169,1.5966,150.05,0,walk
34.7256,16398,2.3514,-0.9093,2.1685,1.2898,150.165,0,walk
34.7278,16399,2.3514,-0.9093,2.1685,1.6048,150.165,0,walk
34.7297,16400,2.3519,-0.9115,2.1681,1.6422,150.3,0,walk
34.7318,16401,2.3519,-0.9115,2.1681,1.594,150.3,0,walk
34.7339,16402,2.3523,-0.9138,2.1676,1.3821,150.406,0,walk
34.7359,16403,2.3523,-0.9138,2.1676,1.6007,150.406,0,walk
34.738,16404,2.3528,-0.916,2.1671,1.716,150.522,0,walk
34.74,16405,2.3528,-0.916,2.1671,1.5882,150.522,0,walk
34.7421,16406,2.3531,-0.9183,2.1666,1.1067,150.653,0,walk
34.7441,16407,2.3531,-0.9183,2.1666,1.6186,150.653,0,walk
34.7462,16408,2.3536,-0.9206,2.1661,1.665,150.778,0,walk
34.7483,16409,2.3536,-0.9206,2.1661,1.6016,150.778,0,walk
34.7503,16410,2.354,-0.9227,2.1656,1.7674,150.91,0,walk
34.7523,16411,2.354,-0.9227,2.1656,1.5816,150.91,0,walk
34.7544,16412,2.3544,-0.925,2.1651,1.2742,151.021,0,walk
34.7564,16413,2.3544,-0.925,2.1651,1.5972,151.021,0,walk
34.7585,16414,2.3548,-0.9273,2.1646,1.3875,151.138,0,walk
34.7605,16415,2.3548,-0.9273,2.1646,1.602,151.138,0,walk
34.7627,16416,2.3552,-0.9295,2.164,1.6542,151.267,0,walk
34.7647,16417,2.3552,-0.9295,2.164,1.5978,151.267,0,walk
34.7669,16418,2.3556,-0.9317,2.1635,1.6182,151.36,0,walk
34.7689,16419,2.3556,-0.9317,2.1635,1.5906,151.36,0,walk
34.771,16420,2.356,-0.9339,2.163,1.3628,151.47,0,walk
34.7731,16421,2.356,-0.9339,2.163,1.5945,151.47,0,walk
34.7751,16422,2.3565,-0.9364,2.1624,1.097,151.591,0,walk
34.7772,16423,2.3565,-0.9364,2.1624,1.619,151.591,0,walk
34.7793,16424,2.3569,-0.9386,2.1619,2.0463,151.791,0,walk
34.7813,16425,2.3569,-0.9386,2.1619,1.5882,151.791,0,walk
34.7835,16426,2.3573,-0.9409,2.1614,1.4615,151.901,0,walk
34.7855,16427,2.3573,-0.9409,2.1614,1.5899,151.901,0,walk
34.7876,16428,2.3577,-0.9432,2.1608,1.3922,152.032,0,walk
34.7897,16429,2.3577,-0.9432,2.1608,1.5914,152.032,0,walk
34.7919,16430,2.3581,-0.9454,2.1603,1.5351,152.167,0,walk
34.7939,16431,2.3581,-0.9454,2.1603,1.5895,152.167,0,walk
34.7959,16432,2.3586,-0.9478,2.1598,1.3558,152.302,0,walk
34.798,16433,2.3586,-0.9478,2.1598,1.5963,152.302,0,walk
34.8,16434,2.359,-0.9501,2.1592,1.6602,152.441,0,walk
34.8021,16435,2.359,-0.9501,2.1592,1.5957,152.441,0,walk
34.8042,16436,2.3594,-0.9523,2.1587,1.6655,152.526,0,walk
34.8062,16437,2.3594,-0.9523,2.1587,1.5759,152.526,0,walk
34.8084,16438,2.3598,-0.9548,2.158,0.8388,152.65,0,walk
34.8105,16439,2.3598,-0.9548,2.158,1.6264,152.65,0,walk
34.8126,16440,2.3604,-0.9573,2.1575,1.5989,152.775,0,walk
34.8147,16441,2.3604,-0.9573,2.1575,1.608,152.775,0,walk
34.8168,16442,2.3608,-0.9598,2.1569,1.7399,152.911,0,walk
34.8188,16443,2.3608,-0.9598,2.1569,1.5991,152.911,0,walk
34.8209,16444,2.3612,-0.9621,2.1564,1.7323,153.028,0,walk
34.823,16445,2.3612,-0.9621,2.1564,1.5876,153.028,0,walk
34.825,16446,2.3616,-0.9643,2.1558,1.5386,153.119,0,walk
34.8271,16447,2.3616,-0.9643,2.1558,1.5837,153.119,0,walk
34.8291,16448,2.362,-0.9665,2.1552,1.7553,153.244,0,walk
34.8312,16449,2.362,-0.9665,2.1552,1.569,153.244,0,walk
34.8335,16450,2.3624,-0.9687,2.1547,1.3621,153.376,0,walk
34.8356,16451,2.3624,-0.9687,2.1547,1.5711,153.376,0,walk
34.8377,16452,2.3629,-0.9711,2.1541,1.3073,153.564,0,walk
34.8397,16453,2.3629,-0.9711,2.1541,1.5839,153.564,0,walk
34.8419,16454,2.3633,-0.9735,2.1535,1.3254,153.69,0,walk
34.8439,16455,2.3633,-0.9735,2.1535,1.5912,153.69,0,walk
34.846,16456,2.3639,-0.9759,2.153,1.5822,153.794,0,walk
34.848,16457,2.3639,-0.9759,2.153,1.5784,153.794,0,walk
34.8501,16458,2.3644,-0.9783,2.1525,1.3258,153.928,0,walk
34.8521,16459,2.3644,-0.9783,2.1525,1.5858,153.928,0,walk
34.8543,16460,2.3649,-0.9808,2.1519,1.5109,154.044,0,walk
34.8563,16461,2.3649,-0.9808,2.1519,1.5878,154.044,0,walk
34.8586,16462,2.3654,-0.9831,2.1514,1.6997,154.133,0,walk
34.8607,16463,2.3654,-0.9831,2.1514,1.5663,154.133,0,walk
34.8628,16464,2.366,-0.9855,2.1509,1.4254,154.243,0,walk
34.8648,16465,2.366,-0.9855,2.1509,1.567,154.243,0,walk
34.8669,16466,2.3665,-0.9879,2.1504,1.4011,154.328,0,walk
34.8689,16467,2.3665,-0.9879,2.1504,1.5699,154.328,0,walk
34.871,16468,2.3671,-0.9904,2.15,1.3917,154.444,0,walk
34.873,16469,2.3671,-0.9904,2.15,1.5686,154.444,0,walk
34.8752,16470,2.3677,-0.993,2.1494,1.2911,154.551,0,walk
34.8771,16471,2.3677,-0.993,2.1494,1.5846,154.551,0,walk
34.8793,16472,2.3683,-0.9954,2.149,1.6692,154.681,0,walk
34.8813,16473,2.3683,-0.9954,2.149,1.5575,154.681,0,walk
34.8834,16474,2.3689,-0.998,2.1484,1.2629,154.791,0,walk
34.8855,16475,2.3689,-0.998,2.1484,1.5776,154.791,0,walk
34.8876,16476,2.3695,-1.0005,2.148,1.5429,154.902,0,walk
34.8896,16477,2.3695,-1.0005,2.148,1.5659,154.902,0,walk
34.8917,16478,2.3702,-1.003,2.1475,1.5541,155.018,0,walk
34.8938,16479,2.3702,-1.003,2.1475,1.0459,155.018,0,stand
34.896,16480,2.3708,-1.0055,2.1471,0.9741,155.115,0,stand
34.8981,16481,2.3708,-1.0055,2.1471,1.0549,155.115,0,stand
34.9001,16482,2.3715,-1.008,2.1466,0.9591,155.237,0,stand
34.9022,16483,2.3715,-1.008,2.1466,1.0613,155.237,0,stand
34.9042,16484,2.3721,-1.0105,2.1462,1.1194,155.334,0,stand
34.9063,16485,2.3721,-1.0105,2.1462,1.0398,155.334,0,stand
34.9083,16486,2.3728,-1.0131,2.1456,0.812,155.471,0,stand
34.9104,16487,2.3728,-1.0131,2.1456,1.0726,155.471,0,stand
34.9126,16488,2.3735,-1.0156,2.1453,1.1555,155.595,0,stand
34.9147,16489,2.3735,-1.0156,2.1453,1.032,155.595,0,stand
34.9167,16490,2.3742,-1.0181,2.1448,0.9328,155.716,0,stand
34.9188,16491,2.3742,-1.0181,2.1448,1.0514,155.716,0,stand
34.9209,16492,2.3749,-1.0206,2.1444,0.9991,155.861,0,stand
34.9229,16493,2.3749,-1.0206,2.1444,1.0369,155.861,0,stand
34.925,16494,2.3756,-1.0232,2.1439,0.9051,155.977,0,stand
34.927,16495,2.3756,-1.0232,2.1439,1.058,155.977,0,stand
34.9292,16496,2.3763,-1.0258,2.1435,1.0278,156.098,0,stand
34.9312,16497,2.3763,-1.0258,2.1435,1.0463,156.098,0,stand
34.9334,16498,2.377,-1.0284,2.1431,1.0169,156.213,0,stand
34.9355,16499,2.377,-1.0284,2.1431,1.0478,156.213,0,stand
34.9376,16500,2.3778,-1.031,2.1426,0.9471,156.349,0,stand
34.9397,16501,2.3778,-1.031,2.1426,1.0548,156.349,0,stand
34.9417,16502,2.3785,-1.0336,2.1421,0.9765,156.482,0,stand
34.9438,16503,2.3785,-1.0336,2.1421,1.0635,156.482,0,stand
34.9459,16504,2.3792,-1.0362,2.1417,1.0592,156.609,0,stand
34.948,16505,2.3792,-1.0362,2.1417,1.0501,156.609,0,stand
34.9501,16506,2.3799,-1.0389,2.1412,0.9293,156.746,0,stand
34.9521,16507,2.3799,-1.0389,2.1412,1.0646,156.746,0,stand
34.9542,16508,2.3807,-1.0415,2.1407,1.053,156.874,0,stand
34.9563,16509,2.3807,-1.0415,2.1407,1.0521,156.874,0,stand
34.9584,16510,2.3814,-1.0442,2.1403,0.9677,157.009,0,stand
34.9604,16511,2.3814,-1.0442,2.1403,1.0563,157.009,0,stand
34.9625,16512,2.3822,-1.0469,2.1399,1.0533,157.135,0,stand
34.9646,16513,2.3822,-1.0469,2.1399,1.0484,157.135,0,stand
34.9667,16514,2.383,-1.0496,2.1394,0.8561,157.278,0,stand
34.9688,16515,2.383,-1.0496,2.1394,1.0756,157.278,0,stand
34.9709,16516,2.3837,-1.0524,2.1388,1.0443,157.427,0,stand
34.973,16517,2.3837,-1.0524,2.1388,1.0751,157.427,0,stand
34.975,16518,2.3845,-1.0551,2.1383,1.0127,157.571,0,stand
34.9771,16519,2.3845,-1.0551,2.1383,1.0712,157.571,0,stand
34.9792,16520,2.3853,-1.0579,2.1379,1.0865,157.707,0,stand
34.9812,16521,2.3853,-1.0579,2.1379,1.0567,157.706,0,stand
34.9835,16522,2.3861,-1.0607,2.1374,0.916,157.854,0,stand
34.9856,16523,2.3861,-1.0607,2.1374,1.0732,157.854,0,stand
34.9877,16524,2.3869,-1.0635,2.1369,1.0568,157.99,0,stand
34.9898,16525,2.3869,-1.0635,2.1369,1.0687,157.99,0,stand
34.9919,16526,2.3878,-1.0663,2.1364,0.9809,158.14,0,stand
34.9939,16527,2.3878,-1.0663,2.1364,1.0736,158.14,0,stand
34.9962,16528,2.3886,-1.0692,2.1359,0.9287,158.283,0,stand
34.9982,16529,2.3886,-1.0692,2.1359,1.0918,158.283,0,stand
35.0003,16530,2.3895,-1.0722,2.1354,1.0676,158.431,0,stand
35.0024,16531,2.3895,-1.0722,2.1354,1.0835,158.431,0,stand
35.0045,16532,2.3903,-1.075,2.135,1.0875,158.593,0,stand
35.0066,16533,2.3903,-1.075,2.135,1.0677,158.593,0,stand
35.0086,16534,2.3912,-1.0778,2.1346,1.0885,158.748,0,stand
35.0107,16535,2.3912,-1.0778,2.1346,1.0518,158.748,0,stand
35.0127,16536,2.3922,-1.0807,2.1341,0.8899,158.908,0,stand
35.0148,16537,2.3922,-1.0807,2.1341,1.0711,158.908,0,stand
35.0169,16538,2.3931,-1.0837,2.1337,0.9813,159.095,0,stand
35.0189,16539,2.3931,-1.0837,2.1337,1.0762,159.095,0,stand
35.021,16540,2.394,-1.0867,2.1332,0.9647,159.243,0,stand
35.0231,16541,2.394,-1.0867,2.1332,1.088,159.242,0,stand
35.0252,16542,2.3949,-1.0897,2.1327,1.0489,159.429,0,stand
35.0272,16543,2.3949,-1.0896,2.1327,1.0844,159.427,0,stand
35.0292,16544,2.3958,-1.0926,2.1322,1.0484,159.578,0,stand
35.0313,16545,2.3958,-1.0926,2.1322,1.081,159.575,0,stand
35.0336,16546,2.3968,-1.0955,2.1317,1.0306,159.742,0,stand
35.0357,16547,2.3968,-1.0955,2.1317,1.0781,159.742,0,stand
35.0378,16548,2.3977,-1.0986,2.1312,0.9383,159.899,0,stand
35.0398,16549,2.3977,-1.0986,2.1312,1.094,159.898,0,stand
35.0419,16550,2.3986,-1.1016,2.1307,1.0681,160.059,0,stand
35.044,16551,2.3986,-1.1016,2.1307,1.0884,160.058,0,stand
35.0462,16552,2.3999,-1.1049,2.1304,0.9138,160.312,0,stand
35.0483,16553,2.3999,-1.1049,2.1304,1.0969,160.311,0,stand
35.0504,16554,2.4005,-1.108,2.1296,0.5575,160.295,0,stand
35.0524,16555,2.4005,-1.108,2.1296,1.1572,160.295,0,stand
35.0545,16556,2.4018,-1.1111,2.1294,1.2003,160.626,0,stand
35.0565,16557,2.4018,-1.1111,2.1294,1.0318,160.626,0,stand
35.0587,16558,2.4025,-1.1141,2.1286,0.2408,160.599,0,stand
