time_s,frame,position_error_m,x_error_m,y_error_m,velocity_error_ms,heading_error_deg,gait
0.4279,1,0.0,0.0,-0.0,0.0079,100.669,stand
0.433,2,0.0001,0.0,-0.0001,0.0088,100.656,stand
0.4372,3,0.0001,0.0,-0.0001,0.0102,100.648,stand
0.4402,4,0.0002,0.0001,-0.0001,0.012,100.64,stand
0.4484,5,0.0003,0.0001,-0.0002,0.0083,100.623,stand
0.4526,6,0.0003,0.0001,-0.0003,0.0072,100.612,stand
0.4592,7,0.0004,0.0002,-0.0003,0.0098,100.599,stand
0.4697,8,0.0006,0.0003,-0.0005,0.0231,100.56,stand
0.4712,9,0.0006,0.0003,-0.0005,0.0231,100.556,stand
0.4803,10,0.0007,0.0004,-0.0006,0.0098,100.538,stand
0.4833,11,0.0009,0.0005,-0.0008,0.0204,100.511,stand
0.4877,12,0.001,0.0005,-0.0008,0.0101,100.495,stand
0.4902,13,0.001,0.0005,-0.0008,0.008,100.491,stand
0.4927,14,0.001,0.0005,-0.0008,0.008,100.491,stand
0.4978,15,0.0011,0.0006,-0.001,0.0132,100.448,stand
0.5002,16,0.0012,0.0006,-0.001,0.0132,100.431,stand
0.5035,17,0.0012,0.0006,-0.001,0.0119,100.415,stand
0.5081,18,0.0013,0.0007,-0.0011,0.0099,100.393,stand
0.5103,19,0.0013,0.0007,-0.0011,0.0087,100.367,stand
0.5129,20,0.0013,0.0007,-0.0011,0.0087,100.34,stand
0.5169,21,0.0014,0.0008,-0.0012,0.0108,100.331,stand
0.5175,22,0.0014,0.0008,-0.0012,0.0108,100.299,stand
0.5204,23,0.0015,0.0008,-0.0012,0.0138,100.276,stand
0.5243,24,0.0015,0.0008,-0.0013,0.0117,100.263,stand
0.527,25,0.0016,0.0009,-0.0013,0.0098,100.189,stand
0.5293,26,0.0016,0.0009,-0.0013,0.0098,100.166,stand
0.5353,27,0.0017,0.0009,-0.0014,0.0128,100.099,stand
0.5381,28,0.0017,0.0009,-0.0014,0.0128,100.058,stand
0.5417,29,0.0018,0.0009,-0.0015,0.0108,100.012,stand
0.5457,30,0.0018,0.001,-0.0015,0.0152,99.982,stand
0.549,31,0.0019,0.001,-0.0016,0.0152,99.899,stand
0.5521,32,0.0019,0.001,-0.0016,0.0117,99.823,stand
0.5549,33,0.0019,0.001,-0.0016,0.0117,99.767,stand
0.5576,34,0.002,0.001,-0.0017,0.0209,99.728,stand
0.561,35,0.002,0.0011,-0.0017,0.0105,99.643,stand
0.5629,36,0.0021,0.0011,-0.0017,0.0105,99.6,stand
0.5656,37,0.0021,0.0011,-0.0018,0.0127,99.591,stand
0.5675,38,0.0021,0.0011,-0.0018,0.0127,99.478,stand
0.5709,39,0.0022,0.0012,-0.0018,0.0088,99.431,stand
0.5728,40,0.0022,0.0012,-0.0019,0.0127,99.349,stand
0.5759,41,0.0022,0.0012,-0.0019,0.0127,99.324,stand
0.5803,42,0.0023,0.0013,-0.0019,0.0116,99.186,stand
0.5841,43,0.0024,0.0013,-0.0021,0.0275,99.089,stand
0.5877,44,0.0025,0.0013,-0.0021,0.0114,99.03,stand
0.5883,45,0.0025,0.0013,-0.0021,0.0114,98.913,stand
0.5913,46,0.0025,0.0013,-0.0022,0.0133,98.911,stand
0.5935,47,0.0026,0.0014,-0.0022,0.0133,98.758,stand
0.5985,48,0.0027,0.0015,-0.0023,0.0097,98.619,stand
0.6047,49,0.0028,0.0015,-0.0023,0.0134,98.525,stand
0.6058,50,0.0028,0.0016,-0.0023,0.0134,98.389,stand
0.6121,51,0.003,0.0017,-0.0024,0.0115,98.355,stand
0.6172,52,0.0032,0.0019,-0.0025,0.0141,98.033,stand
0.6193,53,0.0032,0.002,-0.0026,0.0141,97.88,stand
0.6226,54,0.0033,0.002,-0.0026,0.0097,97.87,stand
0.6264,55,0.0034,0.0021,-0.0027,0.0097,97.591,stand
0.6313,56,0.0036,0.0022,-0.0028,0.0108,97.424,stand
0.634,57,0.0037,0.0023,-0.0028,0.0108,97.254,stand
0.6365,58,0.0037,0.0024,-0.0029,0.0098,97.164,stand
0.6391,59,0.0039,0.0025,-0.003,0.0103,96.979,stand
0.6424,60,0.0039,0.0025,-0.003,0.0103,96.934,stand
0.6448,61,0.004,0.0026,-0.003,0.0116,96.753,stand
0.6499,62,0.0042,0.0028,-0.0031,0.0124,96.512,stand
0.6523,63,0.0043,0.0029,-0.0031,0.0113,96.373,stand
0.6551,64,0.0044,0.003,-0.0032,0.0113,96.278,stand
0.6577,65,0.0045,0.0031,-0.0032,0.0144,96.126,stand
0.6609,66,0.0046,0.0031,-0.0034,0.0151,96.079,stand
0.6645,67,0.0047,0.0032,-0.0035,0.0094,95.874,stand
0.6667,68,0.0048,0.0032,-0.0035,0.0094,95.715,stand
0.6688,69,0.0048,0.0032,-0.0036,0.0127,95.715,stand
0.6712,70,0.0048,0.0032,-0.0036,0.0127,95.498,stand
0.6741,71,0.0049,0.0032,-0.0037,0.0119,95.271,stand
0.6756,72,0.0049,0.0032,-0.0037,0.0119,95.215,stand
0.6781,73,0.0049,0.0032,-0.0037,0.0097,95.038,stand
0.6807,74,0.005,0.0033,-0.0038,0.0157,94.92,stand
0.6835,75,0.005,0.0033,-0.0038,0.0157,94.862,stand
0.6863,76,0.005,0.0033,-0.0038,0.01,94.57,stand
0.6882,77,0.005,0.0033,-0.0038,0.01,94.409,stand
0.6903,78,0.005,0.0033,-0.0038,0.015,94.349,stand
0.6928,79,0.005,0.0033,-0.0038,0.015,94.202,stand
0.6957,80,0.005,0.0033,-0.0038,0.011,94.159,stand
0.6988,81,0.005,0.0032,-0.0038,0.0133,93.966,stand
0.702,82,0.005,0.0032,-0.0038,0.0149,93.737,stand
0.7045,83,0.005,0.0032,-0.0038,0.0149,93.737,stand
0.7077,84,0.005,0.0032,-0.0039,0.015,93.492,stand
0.7117,85,0.0051,0.0032,-0.0039,0.0129,93.446,stand
0.7132,86,0.005,0.0032,-0.0039,0.0129,93.248,stand
0.7163,87,0.0051,0.0032,-0.0039,0.0188,93.242,stand
0.7193,88,0.0051,0.0032,-0.004,0.015,92.982,stand
0.7208,89,0.0051,0.0032,-0.0039,0.015,92.929,stand
0.724,90,0.0051,0.0032,-0.004,0.0165,92.705,stand
0.726,91,0.0051,0.0032,-0.0039,0.0165,92.48,stand
0.7297,92,0.0052,0.0033,-0.004,0.0176,92.423,stand
0.7329,93,0.0052,0.0033,-0.0041,0.0194,92.182,stand
0.7348,94,0.0052,0.0033,-0.004,0.0194,92.005,stand
0.7395,95,0.0053,0.0033,-0.0042,0.0169,91.944,stand
0.7427,96,0.0053,0.0033,-0.0041,0.0169,91.582,stand
0.7466,97,0.0053,0.0033,-0.0042,0.0222,91.392,stand
0.7478,98,0.0054,0.0033,-0.0043,0.0204,91.208,stand
0.751,99,0.0054,0.0033,-0.0042,0.0204,91.084,stand
0.7542,100,0.0054,0.0033,-0.0043,0.0277,90.889,stand
0.7576,101,0.0055,0.0033,-0.0044,0.0336,90.563,stand
0.7617,102,0.0056,0.0033,-0.0045,0.0253,90.493,stand
0.7625,103,0.0056,0.0033,-0.0045,0.0253,90.243,stand
0.7658,104,0.0057,0.0033,-0.0046,0.0448,90.124,stand
0.7677,105,0.0057,0.0033,-0.0046,0.0448,89.998,stand
0.7709,106,0.0057,0.0033,-0.0047,0.0153,89.732,stand
0.7737,107,0.0058,0.0033,-0.0047,0.0237,89.655,stand
0.7768,108,0.0058,0.0033,-0.0048,0.0289,89.328,stand
0.7796,109,0.0058,0.0033,-0.0048,0.0289,89.203,stand
0.7829,110,0.0058,0.0032,-0.0049,0.0222,88.998,stand
0.7839,111,0.0058,0.0033,-0.0048,0.0222,88.936,stand
0.7875,112,0.0059,0.0032,-0.0049,0.0209,88.667,stand
0.7915,113,0.0059,0.0032,-0.005,0.0191,88.577,stand
0.7935,114,0.0059,0.0032,-0.0049,0.0191,88.264,stand
0.7985,115,0.006,0.0032,-0.0051,0.0199,88.032,stand
0.8008,116,0.0059,0.0032,-0.005,0.0199,87.72,stand
0.8034,117,0.006,0.0031,-0.0051,0.0194,87.568,stand
0.8059,118,0.006,0.0031,-0.0051,0.0202,87.349,stand
0.8079,119,0.006,0.0031,-0.0051,0.0202,87.224,stand
0.8117,120,0.006,0.0031,-0.0052,0.0218,87.132,stand
0.8162,121,0.006,0.003,-0.0051,0.0176,86.605,stand
0.8189,122,0.006,0.003,-0.0052,0.024,86.516,stand
0.8205,123,0.006,0.003,-0.0052,0.024,86.392,stand
0.8249,124,0.006,0.0029,-0.0053,0.0341,86.122,stand
0.8259,125,0.006,0.0029,-0.0052,0.0341,86.06,stand
0.8296,126,0.006,0.0029,-0.0053,0.0222,85.844,stand
0.8316,127,0.006,0.0028,-0.0053,0.0312,85.622,stand
0.8334,128,0.006,0.0028,-0.0053,0.0312,85.434,stand
0.8377,129,0.006,0.0028,-0.0054,0.0207,85.279,stand
0.8383,130,0.006,0.0028,-0.0053,0.0207,85.09,stand
0.8405,131,0.0061,0.0028,-0.0054,0.0276,84.936,stand
0.8454,132,0.0061,0.0027,-0.0054,0.0234,84.712,stand
0.848,133,0.0061,0.0027,-0.0054,0.0233,84.36,stand
0.8502,134,0.0061,0.0027,-0.0054,0.0233,84.36,stand
0.8532,135,0.0061,0.0027,-0.0054,0.0232,84.019,stand
0.8552,136,0.006,0.0027,-0.0054,0.0232,83.891,stand
0.8584,137,0.0061,0.0027,-0.0055,0.03,83.726,stand
0.8622,138,0.0061,0.0027,-0.0055,0.0228,83.503,stand
0.8625,139,0.0061,0.0027,-0.0055,0.0228,83.439,stand
0.8655,140,0.0062,0.0027,-0.0055,0.0235,83.27,stand
0.8685,141,0.0062,0.0027,-0.0056,0.028,82.979,stand
0.8704,142,0.0061,0.0027,-0.0055,0.028,82.786,stand
0.8728,143,0.006,0.0028,-0.0053,0.0536,82.457,stand
0.8753,144,0.0059,0.0028,-0.0052,0.0536,82.327,stand
0.8799,145,0.006,0.0027,-0.0053,0.0394,82.102,stand
0.8825,146,0.006,0.0027,-0.0054,0.0313,81.923,stand
0.883,147,0.006,0.0027,-0.0053,0.0313,81.663,stand
0.8857,148,0.006,0.0027,-0.0054,0.027,81.547,stand
0.8877,149,0.0059,0.0027,-0.0053,0.027,81.351,stand
0.8939,150,0.006,0.0026,-0.0054,0.0302,81.161,stand
0.8977,151,0.0059,0.0025,-0.0054,0.0274,80.657,stand
0.8995,152,0.0059,0.0026,-0.0053,0.0274,80.46,stand
0.9028,153,0.0059,0.0025,-0.0053,0.029,80.267,stand
0.9061,154,0.0059,0.0025,-0.0053,0.0261,80.028,stand
0.9086,155,0.0058,0.0025,-0.0052,0.0261,79.699,stand
0.9119,156,0.0057,0.0025,-0.0052,0.0283,79.451,stand
0.9153,157,0.0057,0.0024,-0.0052,0.0221,79.279,stand
0.9168,158,0.0057,0.0025,-0.0051,0.0221,79.148,stand
0.921,159,0.0056,0.0024,-0.0051,0.0229,78.904,stand
0.9214,160,0.0056,0.0025,-0.005,0.0229,78.774,stand
0.9241,161,0.0056,0.0025,-0.005,0.0217,78.473,stand
0.9261,162,0.0055,0.0025,-0.005,0.0217,78.344,stand
0.9289,163,0.0056,0.0024,-0.005,0.03,78.293,stand
0.9317,164,0.0056,0.0024,-0.005,0.0255,77.92,stand
0.9337,165,0.0055,0.0024,-0.005,0.0255,77.856,stand
0.9377,166,0.0055,0.0024,-0.0049,0.0223,77.484,stand
0.9401,167,0.0055,0.0024,-0.005,0.0236,77.37,stand
0.9445,168,0.0055,0.0024,-0.005,0.026,77.054,stand
0.9472,169,0.0056,0.0024,-0.005,0.0223,76.744,stand
0.9494,170,0.0057,0.0025,-0.0051,0.0223,76.616,stand
0.9526,171,0.006,0.0025,-0.0054,0.0251,76.384,stand
0.954,172,0.0063,0.0025,-0.0058,0.0251,76.214,stand
0.9578,173,0.0066,0.0024,-0.0061,0.0274,76.062,stand
0.9597,174,0.0068,0.0025,-0.0064,0.0274,75.906,stand
0.9627,175,0.0071,0.0025,-0.0066,0.0212,75.761,stand
0.9653,176,0.0073,0.0025,-0.0068,0.0212,75.56,stand
0.9668,177,0.0073,0.0025,-0.0069,0.0212,75.511,stand
0.97,178,0.0074,0.0025,-0.007,0.0247,75.226,stand
0.9736,179,0.0075,0.0025,-0.0071,0.022,75.134,stand
0.9756,180,0.0075,0.0025,-0.0071,0.022,74.992,stand
0.9804,181,0.0076,0.0024,-0.0072,0.027,74.769,stand
0.981,182,0.0076,0.0024,-0.0072,0.027,74.675,stand
0.9838,183,0.0076,0.0024,-0.0072,0.027,74.532,stand
0.9877,184,0.0076,0.0024,-0.0072,0.0345,74.462,stand
0.9881,185,0.0076,0.0024,-0.0072,0.0345,74.271,stand
0.992,186,0.0077,0.0024,-0.0073,0.0295,74.238,stand
0.993,187,0.0076,0.0023,-0.0072,0.0295,74.051,stand
0.9964,188,0.0076,0.0023,-0.0073,0.0255,73.832,stand
0.9986,189,0.0077,0.0023,-0.0074,0.0287,73.66,stand
1.0011,190,0.0077,0.0023,-0.0074,0.0287,73.613,stand
1.0043,191,0.0078,0.0023,-0.0075,0.0289,73.484,stand
1.0073,192,0.0078,0.0023,-0.0075,0.0257,73.217,stand
1.0095,193,0.0078,0.0024,-0.0074,0.0257,73.121,stand
1.0131,194,0.0079,0.0024,-0.0075,0.0281,72.845,stand
1.0163,195,0.008,0.0024,-0.0076,0.0309,72.776,stand
1.0192,196,0.0081,0.0023,-0.0077,0.0271,72.557,stand
1.0204,197,0.0081,0.0023,-0.0077,0.0271,72.457,stand
1.0247,198,0.0082,0.0023,-0.0078,0.0252,72.331,stand
1.0285,199,0.0083,0.0023,-0.008,0.0283,72.107,stand
1.0289,200,0.0083,0.0023,-0.008,0.0283,72.056,stand
1.0315,201,0.0084,0.0023,-0.0081,0.032,71.879,stand
1.0333,202,0.0084,0.0023,-0.0081,0.032,71.774,stand
1.0377,203,0.0088,0.002,-0.0086,0.1468,71.77,stand
1.0382,204,0.0088,0.0019,-0.0086,0.1468,71.664,stand
1.0436,205,0.009,0.002,-0.0088,0.0346,71.436,stand
1.0468,206,0.0092,0.002,-0.009,0.0384,71.156,stand
1.0497,207,0.0094,0.002,-0.0091,0.0396,71.044,stand
1.0535,208,0.0095,0.002,-0.0093,0.0422,70.884,stand
1.0539,209,0.0095,0.002,-0.0093,0.0422,70.776,stand
1.0573,210,0.0094,0.0023,-0.0091,0.0951,70.43,stand
1.0599,211,0.0096,0.0023,-0.0093,0.0416,70.307,stand
1.0627,212,0.0096,0.0023,-0.0094,0.0416,70.088,stand
1.0664,213,0.0098,0.0023,-0.0095,0.0348,69.846,stand
1.0692,214,0.01,0.0024,-0.0097,0.0346,69.77,stand
1.0707,215,0.01,0.0023,-0.0097,0.0346,69.66,stand
1.0736,216,0.0101,0.0023,-0.0099,0.0389,69.477,stand
1.0755,217,0.0102,0.0023,-0.0099,0.0389,69.366,stand
1.0787,218,0.0103,0.0023,-0.0101,0.0414,69.132,stand
1.0829,219,0.0105,0.0023,-0.0102,0.0333,69.056,stand
1.0835,220,0.0105,0.0023,-0.0102,0.0333,68.831,stand
1.0864,221,0.0108,0.0019,-0.0106,0.1232,68.888,stand
1.0889,222,0.011,0.0019,-0.0108,0.0317,68.713,stand
1.0918,223,0.011,0.0019,-0.0108,0.0317,68.599,stand
1.0941,224,0.011,0.0018,-0.0108,0.0317,68.484,stand
1.0995,225,0.011,0.002,-0.0108,0.0293,67.937,stand
1.1012,226,0.011,0.002,-0.0108,0.0293,67.822,stand
1.1036,227,0.0111,0.002,-0.0109,0.0359,67.632,stand
1.1085,228,0.0112,0.0019,-0.011,0.0277,67.498,stand
1.1131,229,0.0113,0.0018,-0.0112,0.0424,67.193,stand
1.1169,230,0.0114,0.0017,-0.0113,0.0307,66.875,stand
1.1174,231,0.0114,0.0016,-0.0113,0.0307,66.815,stand
1.121,232,0.0115,0.0016,-0.0114,0.0271,66.546,stand
1.123,233,0.0115,0.0015,-0.0114,0.0277,66.408,stand
1.1262,234,0.0115,0.0014,-0.0114,0.0277,66.348,stand
1.1315,235,0.0117,0.0013,-0.0116,0.0246,66.064,stand
1.1365,236,0.0117,0.0012,-0.0116,0.0261,65.618,stand
1.1394,237,0.0117,0.0011,-0.0117,0.0276,65.418,stand
1.1425,238,0.0117,0.001,-0.0117,0.0276,65.168,stand
1.1471,239,0.0121,0.0006,-0.0121,0.1361,65.138,stand
1.1491,240,0.0122,0.0006,-0.0122,0.0297,65.01,stand
1.151,241,0.0121,0.0005,-0.0121,0.0297,64.756,stand
1.1538,242,0.0119,0.0008,-0.0119,0.1371,64.826,stand
1.1575,243,0.012,0.0007,-0.012,0.0434,64.582,stand
1.1612,244,0.0121,0.0007,-0.0121,0.0475,64.333,stand
1.1666,245,0.0123,0.0006,-0.0123,0.0559,64.088,stand
1.1671,246,0.0122,0.0006,-0.0122,0.0559,63.83,stand
1.17,247,0.0124,0.0006,-0.0124,0.053,63.783,stand
1.172,248,0.0124,0.0005,-0.0124,0.053,63.524,stand
1.1753,249,0.0125,0.0006,-0.0125,0.0475,63.419,stand
1.1786,250,0.0127,0.0006,-0.0127,0.0546,63.244,stand
1.1796,251,0.0127,0.0006,-0.0127,0.0546,63.114,stand
1.1829,252,0.0129,0.0006,-0.0129,0.0542,63.007,stand
1.1876,253,0.013,0.0006,-0.013,0.0563,62.705,stand
1.191,254,0.0132,0.0006,-0.0132,0.0535,62.665,stand
1.1951,255,0.0134,0.0006,-0.0134,0.0563,62.225,stand
1.1976,256,0.0136,0.0006,-0.0136,0.0612,62.121,stand
1.2003,257,0.0136,0.0006,-0.0136,0.0612,61.859,stand
1.2036,258,0.0138,0.0006,-0.0138,0.0491,61.748,stand
1.2063,259,0.0139,0.0006,-0.0139,0.0472,61.57,stand
1.2082,260,0.0139,0.0006,-0.0139,0.0472,61.439,stand
1.2124,261,0.0141,0.0006,-0.0141,0.0437,61.2,stand
1.2129,262,0.0141,0.0006,-0.0141,0.0437,61.136,stand
1.2164,263,0.0143,0.0006,-0.0143,0.0454,61.083,stand
1.2172,264,0.0143,0.0006,-0.0143,0.0454,60.891,stand
1.2202,265,0.0145,0.0007,-0.0144,0.0437,60.715,stand
1.2214,266,0.0145,0.0007,-0.0144,0.0437,60.589,stand
1.2246,267,0.0146,0.0006,-0.0146,0.0461,60.54,stand
1.2287,268,0.0148,0.0007,-0.0148,0.0438,60.3,stand
1.2291,269,0.0148,0.0007,-0.0148,0.0438,60.175,stand
1.2318,270,0.015,0.0007,-0.015,0.0457,59.999,stand
1.2339,271,0.015,0.0007,-0.015,0.0457,59.938,stand
1.2364,272,0.0152,0.0006,-0.0152,0.0453,59.766,stand
1.2385,273,0.0153,0.0006,-0.0152,0.0453,59.645,stand
1.2413,274,0.0154,0.0006,-0.0154,0.0433,59.41,stand
1.2435,275,0.0155,0.0006,-0.0154,0.0433,59.351,stand
1.2493,276,0.0159,0.0006,-0.0159,0.0417,59.019,stand
1.2522,277,0.016,0.0008,-0.016,0.0357,58.854,stand
1.2545,278,0.016,0.0008,-0.016,0.0357,58.854,stand
1.2569,279,0.0163,0.0008,-0.0163,0.0382,58.578,stand
1.259,280,0.0164,0.0007,-0.0164,0.0382,58.409,stand
1.2625,281,0.0167,0.0005,-0.0167,0.0396,58.299,stand
1.2654,282,0.017,0.0005,-0.017,0.0599,58.116,stand
1.2675,283,0.017,0.0004,-0.017,0.0599,57.947,stand
1.2703,284,0.0172,0.0003,-0.0172,0.0417,57.965,stand
1.2729,285,0.0174,0.0002,-0.0174,0.0409,57.686,stand
1.2753,286,0.0174,0.0002,-0.0174,0.0409,57.574,stand
1.2785,287,0.0175,0.0001,-0.0175,0.0386,57.466,stand
1.2794,288,0.0175,0.0001,-0.0175,0.0386,57.355,stand
1.2821,289,0.0177,-0.0,-0.0177,0.0532,57.195,stand
1.2841,290,0.0176,-0.0,-0.0176,0.0532,57.14,stand
1.2871,291,0.0177,-0.0,-0.0177,0.0398,56.876,stand
1.2923,292,0.0179,-0.0001,-0.0179,0.0363,56.826,stand
1.2937,293,0.018,-0.0002,-0.018,0.0429,56.685,stand
1.2979,294,0.0181,-0.0003,-0.0181,0.0446,56.503,stand
1.301,295,0.018,-0.0003,-0.018,0.0446,56.336,stand
1.3043,296,0.0181,-0.0004,-0.0181,0.0404,56.17,stand
1.3074,297,0.0182,-0.0005,-0.0182,0.0408,56.04,stand
1.3083,298,0.0182,-0.0005,-0.0182,0.0408,55.956,stand
1.3123,299,0.0184,-0.0005,-0.0184,0.0507,55.917,stand
1.3142,300,0.0186,-0.0006,-0.0186,0.0517,55.742,stand
1.3165,301,0.0186,-0.0006,-0.0186,0.0517,55.608,stand
1.3202,302,0.0188,-0.0007,-0.0188,0.0479,55.567,stand
1.3211,303,0.0187,-0.0007,-0.0187,0.0479,55.429,stand
1.324,304,0.0189,-0.0008,-0.0188,0.0416,55.246,stand
1.3262,305,0.0188,-0.0008,-0.0188,0.0416,55.198,stand
1.3296,306,0.019,-0.0009,-0.019,0.0471,55.042,stand
1.3327,307,0.0191,-0.001,-0.0191,0.0537,54.98,stand
1.3354,308,0.0192,-0.0011,-0.0192,0.0347,54.729,stand
1.338,309,0.0192,-0.0011,-0.0192,0.0347,54.628,stand
1.3412,310,0.0193,-0.0013,-0.0193,0.0528,54.466,stand
1.3429,311,0.0193,-0.0013,-0.0193,0.0528,54.363,stand
1.3482,312,0.0194,-0.0014,-0.0194,0.0489,54.183,stand
1.3499,313,0.0195,-0.0016,-0.0195,0.06,53.898,stand
1.3531,314,0.0195,-0.0016,-0.0195,0.06,53.845,stand
1.3562,315,0.0198,-0.0021,-0.0197,0.0652,53.463,stand
1.3583,316,0.0198,-0.0021,-0.0197,0.0652,53.463,stand
1.361,317,0.0199,-0.0023,-0.0198,0.0598,53.213,stand
1.3627,318,0.0199,-0.0023,-0.0198,0.0598,53.104,stand
1.3659,319,0.02,-0.0026,-0.0199,0.0656,53.007,stand
1.3705,320,0.0201,-0.0028,-0.0199,0.0608,52.686,stand
1.3708,321,0.0201,-0.0028,-0.0199,0.0608,52.631,stand
1.3737,322,0.0203,-0.0031,-0.0201,0.0764,52.408,stand
1.3759,323,0.0203,-0.0031,-0.0201,0.0764,52.298,stand
1.3791,324,0.0204,-0.0033,-0.0201,0.0579,52.142,stand
1.3811,325,0.0206,-0.0035,-0.0203,0.0667,51.868,stand
1.3836,326,0.0206,-0.0035,-0.0203,0.0667,51.756,stand
1.3869,327,0.0207,-0.0038,-0.0204,0.0759,51.529,stand
1.39,328,0.0209,-0.0041,-0.0205,0.0879,51.374,stand
1.3921,329,0.0209,-0.0041,-0.0205,0.0879,51.204,stand
1.3967,330,0.0211,-0.0044,-0.0206,0.0768,50.924,stand
1.4007,331,0.0213,-0.0047,-0.0207,0.077,50.687,stand
1.4018,332,0.0215,-0.0049,-0.0209,0.0565,50.392,stand
1.404,333,0.0215,-0.0049,-0.0209,0.0565,50.22,stand
1.4065,334,0.0216,-0.0052,-0.021,0.0814,50.036,stand
1.4085,335,0.0216,-0.0052,-0.021,0.0814,49.978,stand
1.4122,336,0.0218,-0.0055,-0.0212,0.0832,49.744,stand
1.4165,337,0.022,-0.0058,-0.0212,0.0879,49.508,stand
1.4201,338,0.0222,-0.0061,-0.0213,0.0859,49.224,stand
1.4212,339,0.0222,-0.0061,-0.0213,0.0859,48.99,stand
1.4241,340,0.0224,-0.0064,-0.0215,0.0929,48.851,stand
1.426,341,0.0224,-0.0065,-0.0215,0.0929,48.615,stand
1.4282,342,0.0226,-0.0068,-0.0216,0.0965,48.448,stand
1.4302,343,0.0226,-0.0068,-0.0216,0.0965,48.27,stand
1.433,344,0.0229,-0.0071,-0.0217,0.0998,48.066,stand
1.4354,345,0.0231,-0.0075,-0.0218,0.0953,47.775,stand
1.4391,346,0.0233,-0.0079,-0.0219,0.1061,47.551,stand
1.4415,347,0.0232,-0.0079,-0.0219,0.1061,47.309,stand
1.4445,348,0.0234,-0.0083,-0.0219,0.1047,47.063,stand
1.451,349,0.0237,-0.0087,-0.022,0.1132,46.719,stand
1.453,350,0.0239,-0.0091,-0.0221,0.1138,46.318,stand
1.456,351,0.0241,-0.0096,-0.0222,0.1112,46.091,stand
1.4594,352,0.0241,-0.0095,-0.0221,0.1112,45.779,stand
1.4631,353,0.0243,-0.01,-0.0221,0.1159,45.655,stand
1.4665,354,0.0245,-0.0105,-0.0221,0.1174,45.15,stand
1.47,355,0.0247,-0.011,-0.0221,0.1375,44.806,stand
1.4709,356,0.0247,-0.011,-0.0221,0.1375,44.615,stand
1.4746,357,0.0249,-0.0115,-0.0222,0.1171,44.476,stand
1.4753,358,0.0249,-0.0115,-0.0221,0.1171,44.22,stand
1.4797,359,0.0252,-0.0119,-0.0222,0.1182,43.966,stand
1.4808,360,0.0253,-0.0124,-0.0221,0.1162,43.62,stand
1.4829,361,0.0253,-0.0124,-0.0221,0.1162,43.49,stand
1.4876,362,0.0255,-0.0128,-0.022,0.1158,43.006,stand
1.4906,363,0.0257,-0.0132,-0.022,0.1034,42.78,stand
1.4938,364,0.0256,-0.0132,-0.022,0.1034,42.52,stand
1.4968,365,0.0258,-0.0137,-0.0219,0.117,42.105,stand
1.5029,366,0.0261,-0.0146,-0.0216,0.1137,41.643,stand
1.5042,367,0.0261,-0.0146,-0.0216,0.1137,41.382,stand
1.5063,368,0.0262,-0.015,-0.0215,0.1101,40.957,stand
1.5084,369,0.0262,-0.015,-0.0215,0.1101,40.827,stand
1.5134,370,0.0264,-0.0154,-0.0215,0.108,40.6,stand
1.5148,371,0.0266,-0.0158,-0.0214,0.1003,40.362,stand
1.517,372,0.0265,-0.0157,-0.0214,0.1003,39.912,stand
1.52,373,0.0267,-0.0162,-0.0213,0.1153,39.701,stand
1.5238,374,0.0269,-0.0166,-0.0211,0.1154,39.334,stand
1.5242,375,0.0268,-0.0166,-0.0211,0.1154,39.145,stand
1.5292,376,0.027,-0.0169,-0.021,0.0858,38.846,stand
1.5319,377,0.0272,-0.0172,-0.021,0.0863,38.565,stand
1.5324,378,0.0271,-0.0172,-0.021,0.0863,38.32,stand
1.5344,379,0.0271,-0.0172,-0.021,0.0863,38.259,stand
1.5379,380,0.0278,-0.0177,-0.0214,0.1834,37.999,stand
1.5421,381,0.0279,-0.018,-0.0213,0.1004,37.487,stand
1.5481,382,0.0281,-0.0187,-0.0209,0.0954,36.927,stand
1.5515,383,0.028,-0.0187,-0.0209,0.0954,36.81,stand
1.5547,384,0.0283,-0.0191,-0.0208,0.0991,36.369,stand
1.558,385,0.0287,-0.0196,-0.0209,0.0942,36.007,stand
1.5625,386,0.0289,-0.0201,-0.0208,0.0888,35.717,stand
1.5647,387,0.0292,-0.0205,-0.0208,0.0961,35.438,stand
1.5668,388,0.0293,-0.0206,-0.0209,0.0961,35.351,stand
1.5689,389,0.0294,-0.0209,-0.0207,0.0951,35.067,stand
1.571,390,0.0295,-0.0209,-0.0207,0.0951,34.984,stand
1.5742,391,0.0295,-0.0213,-0.0205,0.0899,34.663,stand
1.5776,392,0.0296,-0.0216,-0.0203,0.0852,34.478,stand
1.5794,393,0.0296,-0.0216,-0.0203,0.0852,34.321,stand
1.5831,394,0.0297,-0.0218,-0.0201,0.084,34.142,stand
1.5839,395,0.0297,-0.0218,-0.0201,0.084,33.987,stand
1.5864,396,0.0298,-0.022,-0.0201,0.0791,33.889,stand
1.591,397,0.0298,-0.0223,-0.0198,0.0868,33.643,stand
1.5916,398,0.0298,-0.0222,-0.0198,0.0868,33.57,stand
1.5941,399,0.0299,-0.0225,-0.0196,0.0774,33.352,stand
1.6,400,0.0299,-0.0228,-0.0194,0.0735,33.09,stand
1.6049,401,0.0301,-0.0232,-0.0193,0.1099,32.824,stand
1.6062,402,0.0303,-0.0235,-0.0191,0.095,32.529,stand
1.609,403,0.0303,-0.0235,-0.0191,0.095,32.529,stand
1.6122,404,0.0303,-0.0237,-0.0189,0.0962,32.263,stand
1.6154,405,0.0305,-0.0241,-0.0186,0.1066,32.039,stand
1.6173,406,0.0304,-0.0241,-0.0186,0.1066,31.894,stand
1.6196,407,0.0307,-0.0245,-0.0184,0.1273,31.783,stand
1.6216,408,0.0307,-0.0245,-0.0184,0.1273,31.636,stand
1.6244,409,0.0306,-0.0248,-0.0179,0.1458,31.447,stand
1.629,410,0.0307,-0.0252,-0.0175,0.134,31.053,stand
1.6333,411,0.0309,-0.0257,-0.0172,0.1362,30.845,stand
1.6341,412,0.0309,-0.0257,-0.0172,0.1362,30.658,stand
1.6372,413,0.031,-0.0261,-0.0168,0.1134,30.427,stand
1.6414,414,0.0311,-0.0264,-0.0164,0.1401,30.042,stand
1.6419,415,0.0311,-0.0264,-0.0164,0.1401,29.968,stand
1.6467,416,0.0312,-0.0268,-0.0159,0.1344,29.647,stand
1.648,417,0.0312,-0.0271,-0.0155,0.1253,29.395,stand
1.6526,418,0.0312,-0.0273,-0.015,0.1346,29.017,stand
1.6543,419,0.0312,-0.0274,-0.015,0.1346,29.017,stand
1.6562,420,0.0312,-0.0277,-0.0145,0.135,28.695,stand
1.6581,421,0.0312,-0.0277,-0.0145,0.135,28.659,stand
1.6607,422,0.0313,-0.028,-0.0141,0.1133,28.424,stand
1.6627,423,0.0313,-0.028,-0.0141,0.1133,28.278,stand
1.6658,424,0.0314,-0.0282,-0.0137,0.1134,28.015,stand
1.6678,425,0.0314,-0.0282,-0.0137,0.1134,27.905,stand
1.6707,426,0.0315,-0.0285,-0.0133,0.1059,27.718,stand
1.6742,427,0.0314,-0.0281,-0.0139,0.5224,27.805,stand
1.6748,428,0.0314,-0.0282,-0.0139,0.5224,27.769,stand
1.6786,429,0.0315,-0.0283,-0.0137,0.1715,27.583,stand
1.6831,430,0.0315,-0.0284,-0.0136,0.144,27.254,stand
1.6836,431,0.0315,-0.0284,-0.0136,0.144,27.11,stand
1.6867,432,0.0315,-0.0285,-0.0135,0.1479,26.918,stand
1.6913,433,0.0317,-0.0287,-0.0134,0.2105,26.678,stand
1.6949,434,0.0318,-0.0289,-0.0132,0.1545,26.477,stand
1.6984,435,0.0319,-0.0291,-0.0129,0.1434,26.156,stand
1.7028,436,0.032,-0.0294,-0.0126,0.1106,25.84,stand
1.7059,437,0.032,-0.0296,-0.0121,0.1114,25.534,stand
1.7084,438,0.032,-0.0296,-0.0121,0.1114,25.534,stand
1.7123,439,0.032,-0.0298,-0.0117,0.1097,25.216,stand
1.7147,440,0.0321,-0.0301,-0.0111,0.1303,24.849,stand
1.7165,441,0.0321,-0.0301,-0.0111,0.1303,24.777,stand
1.7203,442,0.0321,-0.0303,-0.0105,0.1415,24.44,stand
1.7246,443,0.0322,-0.0306,-0.01,0.1541,24.211,stand
1.7249,444,0.0322,-0.0307,-0.01,0.1541,24.103,stand
1.7291,445,0.0323,-0.031,-0.0094,0.1583,23.765,stand
1.7315,446,0.0323,-0.0311,-0.0086,0.3672,23.452,stand
1.7335,447,0.0323,-0.0311,-0.0086,0.3672,23.38,stand
1.7364,448,0.0324,-0.0314,-0.008,0.1572,23.121,stand
1.739,449,0.0324,-0.0316,-0.0074,0.1436,22.773,stand
1.7411,450,0.0324,-0.0316,-0.0074,0.1436,22.773,stand
1.7436,451,0.0323,-0.0316,-0.0068,0.1266,22.464,stand
1.7473,452,0.0323,-0.0316,-0.0068,0.1266,22.393,stand
1.7525,453,0.0322,-0.0317,-0.0052,0.1259,21.714,stand
1.7556,454,0.0322,-0.0318,-0.0045,0.1408,21.438,stand
1.7578,455,0.0322,-0.0318,-0.0045,0.1408,21.438,stand
1.7619,456,0.0323,-0.032,-0.0042,0.0892,21.177,stand
1.7624,457,0.0323,-0.032,-0.0041,0.0892,21.039,stand
1.766,458,0.0324,-0.0323,-0.0035,0.1592,20.773,stand
1.7669,459,0.0324,-0.0323,-0.0034,0.1592,20.739,stand
1.7694,460,0.0326,-0.0324,-0.0027,0.165,20.408,stand
1.7713,461,0.0326,-0.0324,-0.0027,0.165,20.374,stand
1.775,462,0.0327,-0.0326,-0.002,0.173,19.979,stand
1.7777,463,0.0327,-0.0327,-0.0013,0.1654,19.711,stand
1.7795,464,0.0327,-0.0327,-0.0013,0.1654,19.645,stand
1.7836,465,0.0328,-0.0328,-0.0005,0.1845,19.255,stand
1.7867,466,0.0333,-0.0333,-0.0005,0.41,19.1,stand
1.7886,467,0.0333,-0.0333,-0.0005,0.41,19.002,stand
1.7918,468,0.0334,-0.0334,0.0,0.1532,18.8,stand
1.794,469,0.0335,-0.0335,0.0007,0.1602,18.483,stand
1.7963,470,0.0335,-0.0335,0.0007,0.1602,18.419,stand
1.8007,471,0.0336,-0.0335,0.0014,0.1873,18.147,stand
1.8038,472,0.0337,-0.0336,0.0022,0.2008,17.902,stand
1.8068,473,0.0341,-0.034,0.003,0.4878,17.631,stand
1.8103,474,0.0359,-0.0354,0.0062,1.8055,16.733,stand
1.8124,475,0.0359,-0.0354,0.0062,1.8055,16.704,stand
1.8161,476,0.0361,-0.0354,0.007,0.4708,16.119,stand
1.8167,477,0.0361,-0.0354,0.007,0.4708,16.064,stand
1.8204,478,0.0364,-0.0354,0.0083,0.3759,15.794,stand
1.8228,479,0.0366,-0.0355,0.0089,0.165,15.563,stand
1.8251,480,0.0366,-0.0355,0.0089,0.165,15.512,stand
1.8288,481,0.0369,-0.0357,0.0092,0.1578,15.364,stand
1.8294,482,0.0369,-0.0357,0.0092,0.1578,15.316,stand
1.8317,483,0.0368,-0.0355,0.0097,0.2324,15.225,stand
1.8338,484,0.0368,-0.0356,0.0097,0.2324,15.156,stand
1.8368,485,0.0367,-0.0352,0.0104,0.2643,15.079,stand
1.8389,486,0.0367,-0.0352,0.0104,0.2643,15.013,stand
1.8433,487,0.0363,-0.0346,0.011,0.491,14.825,stand
1.8468,488,0.0363,-0.0346,0.011,0.491,14.745,stand
1.8509,489,0.0362,-0.0343,0.0114,0.1564,14.701,stand
1.8522,490,0.0363,-0.0343,0.012,0.1772,14.554,stand
1.8548,491,0.0364,-0.0343,0.012,0.1772,14.518,stand
1.8581,492,0.0369,-0.0347,0.0125,1.0923,14.363,stand
1.8632,493,0.0384,-0.0358,0.014,0.7301,13.928,stand
1.8667,494,0.0389,-0.0356,0.0157,0.7767,13.481,stand
1.8674,495,0.0389,-0.0356,0.0157,0.7767,13.397,stand
1.8701,496,0.0393,-0.0356,0.0167,0.2331,13.19,stand
1.872,497,0.0393,-0.0356,0.0167,0.2331,13.15,stand
1.8746,498,0.0396,-0.0355,0.0176,0.2269,12.943,stand
1.8784,499,0.04,-0.0355,0.0183,0.2548,12.821,stand
1.8804,500,0.04,-0.0355,0.0183,0.2548,12.748,stand
1.8839,501,0.0402,-0.0357,0.0186,0.4314,12.873,stand
1.8872,502,0.0407,-0.0358,0.0193,0.1739,12.687,stand
1.8899,503,0.0413,-0.0358,0.0205,0.2917,12.454,stand
1.8935,504,0.0419,-0.0357,0.0218,0.2962,12.231,stand
1.8949,505,0.0418,-0.0357,0.0218,0.2962,12.221,stand
1.8981,506,0.0424,-0.0355,0.0231,0.3016,11.977,stand
1.9023,507,0.043,-0.0355,0.0242,0.279,11.79,stand
1.9059,508,0.0436,-0.0355,0.0254,0.2628,11.603,stand
1.9081,509,0.0436,-0.0355,0.0254,0.2628,11.603,stand
1.9108,510,0.0443,-0.0355,0.0265,0.2911,11.391,stand
1.9129,511,0.0443,-0.0355,0.0265,0.2911,11.375,stand
1.9166,512,0.0449,-0.0353,0.0277,0.2884,11.179,stand
1.92,513,0.0456,-0.0353,0.029,0.3184,10.945,stand
1.922,514,0.0456,-0.0353,0.029,0.3184,10.937,stand
1.9254,515,0.0464,-0.0352,0.0303,0.3021,10.733,stand
1.9292,516,0.0473,-0.0353,0.0315,0.3333,10.527,stand
1.9322,517,0.0482,-0.0353,0.0329,0.3265,10.328,stand
1.9353,518,0.0491,-0.0352,0.0342,0.3248,10.096,stand
1.9368,519,0.0491,-0.0352,0.0342,0.3248,10.068,stand
1.9422,520,0.05,-0.0351,0.0356,0.335,9.853,stand
1.9472,521,0.0513,-0.0353,0.0372,0.4355,9.521,stand
1.9516,522,0.0526,-0.0346,0.0397,0.3461,9.154,stand
1.954,523,0.0526,-0.0346,0.0397,0.3461,9.135,stand
1.9572,524,0.0537,-0.0343,0.0412,0.3799,8.966,stand
1.9582,525,0.0537,-0.0343,0.0412,0.3799,8.956,stand
1.9616,526,0.054,-0.0341,0.0418,0.9043,9.068,stand
1.9625,527,0.054,-0.0341,0.0418,0.9043,9.03,stand
1.9661,528,0.0551,-0.034,0.0434,0.3853,8.788,stand
1.9699,529,0.0571,-0.0343,0.0457,1.3071,8.293,stand
1.9703,530,0.0571,-0.0343,0.0457,1.3071,8.284,stand
1.9745,531,0.0579,-0.0339,0.047,0.3533,8.182,stand
1.9749,532,0.0579,-0.0339,0.047,0.3533,8.155,stand
1.9787,533,0.0593,-0.0339,0.0487,0.5228,7.906,stand
1.9829,534,0.0605,-0.0338,0.0502,0.5301,7.653,stand
1.9879,535,0.0621,-0.0337,0.0521,0.8197,7.268,stand
1.9886,536,0.062,-0.0337,0.0521,0.8197,7.252,stand
1.9909,537,0.0624,-0.033,0.0529,0.9688,7.411,stand
1.9932,538,0.0636,-0.0329,0.0544,0.3766,7.247,stand
1.9961,539,0.0636,-0.0329,0.0544,0.3766,7.239,stand
2.0006,540,0.0653,-0.0329,0.0564,1.0468,6.825,stand
2.0036,541,0.066,-0.0323,0.0576,0.8811,6.861,stand
2.0089,542,0.0679,-0.0324,0.0597,1.232,6.525,stand
2.0112,543,0.0677,-0.0323,0.0595,1.232,6.486,stand
2.0152,544,0.069,-0.0321,0.0611,0.4055,6.307,stand
2.0162,545,0.0703,-0.0317,0.0627,0.4395,6.184,stand
2.019,546,0.0716,-0.0313,0.0644,0.4288,6.069,stand
2.0209,547,0.0715,-0.0313,0.0643,0.4288,6.052,stand
2.0245,548,0.0729,-0.0311,0.0659,0.4402,5.95,stand
2.025,549,0.0728,-0.0311,0.0658,0.4402,5.942,stand
2.0285,550,0.0742,-0.0307,0.0676,0.4548,5.814,stand
2.0307,551,0.074,-0.0306,0.0674,0.4548,5.797,stand
2.0336,552,0.0755,-0.0304,0.069,0.4321,5.68,stand
2.0368,553,0.077,-0.03,0.0709,0.4903,5.555,stand
2.0395,554,0.0785,-0.0297,0.0727,0.4718,5.431,stand
2.0422,555,0.0783,-0.0296,0.0725,0.4718,5.413,stand
2.0456,556,0.0798,-0.0292,0.0743,0.4917,5.256,stand
2.0497,557,0.0814,-0.0289,0.0762,0.5069,5.114,stand
2.0555,558,0.0829,-0.0285,0.0778,0.5166,4.937,stand
2.0565,559,0.0846,-0.0283,0.0797,0.5251,4.8,stand
2.0589,560,0.0844,-0.0282,0.0796,0.5251,4.774,stand
2.0621,561,0.0863,-0.028,0.0817,0.53,4.653,stand
2.0647,562,0.088,-0.0277,0.0836,0.5485,4.479,stand
2.0674,563,0.0876,-0.0276,0.0832,0.5485,4.453,stand
2.0706,564,0.0894,-0.0273,0.0852,0.5498,4.324,stand
2.0728,565,0.0914,-0.0271,0.0872,0.5553,4.173,stand
2.0748,566,0.0912,-0.0271,0.087,0.5553,4.148,stand
2.0791,567,0.0928,-0.0268,0.0888,0.5423,3.9,stand
2.0816,568,0.0947,-0.0266,0.0909,0.5861,3.711,stand
2.0831,569,0.0945,-0.0266,0.0906,0.5861,3.702,stand
2.0866,570,0.0965,-0.0264,0.0928,0.5811,3.548,stand
2.0891,571,0.0984,-0.0261,0.0948,0.5859,3.391,stand
2.0913,572,0.0981,-0.0261,0.0946,0.5859,3.376,stand
2.0946,573,0.1001,-0.0258,0.0967,0.6074,3.22,stand
2.098,574,0.1019,-0.0256,0.0986,0.6115,3.039,stand
2.1005,575,0.1014,-0.0255,0.0982,0.6115,3.018,stand
2.1041,576,0.1037,-0.0254,0.1006,0.6158,2.86,stand
2.1047,577,0.1032,-0.0253,0.1001,0.6158,2.847,stand
2.1074,578,0.1054,-0.025,0.1024,0.6405,2.692,stand
2.1099,579,0.1074,-0.0248,0.1045,0.6321,2.531,stand
2.1122,580,0.107,-0.0248,0.1041,0.6321,2.513,stand
2.1146,581,0.1092,-0.0245,0.1064,0.6427,2.362,stand
2.1166,582,0.1087,-0.0244,0.1059,0.6427,2.345,stand
2.1198,583,0.1106,-0.0243,0.1079,0.6388,2.182,stand
2.1237,584,0.1129,-0.0242,0.1103,0.6549,2.038,stand
2.1287,585,0.1147,-0.0239,0.1122,0.6694,1.894,stand
2.1336,586,0.1162,-0.0234,0.1138,0.6551,1.81,stand
2.134,587,0.1152,-0.0233,0.1128,0.6551,1.79,stand
2.1367,588,0.1174,-0.0229,0.1152,0.6828,1.735,stand
2.14,589,0.1197,-0.0225,0.1176,0.7238,1.637,stand
2.142,590,0.1187,-0.0223,0.1166,0.7238,1.619,stand
2.1454,591,0.1205,-0.0219,0.1185,0.663,1.508,stand
2.149,592,0.123,-0.0221,0.121,0.7444,1.316,stand
2.1519,593,0.1253,-0.0222,0.1234,0.6977,1.155,stand
2.1551,594,0.1246,-0.0224,0.1226,0.6977,1.15,stand
2.1584,595,0.1268,-0.0225,0.1248,0.6968,0.969,stand
2.1621,596,0.1284,-0.0228,0.1264,0.6903,0.809,stand
2.1665,597,0.1304,-0.023,0.1284,0.6767,0.661,walk
2.1668,598,0.1296,-0.0231,0.1275,0.6767,0.666,walk
2.1704,599,0.1319,-0.0232,0.1299,0.7058,0.502,walk
2.1712,600,0.1311,-0.0232,0.129,0.7058,0.507,walk
2.175,601,0.1333,-0.0233,0.1312,0.6987,0.353,walk
2.1757,602,0.1327,-0.0233,0.1306,0.6987,0.355,walk
2.1787,603,0.1346,-0.0233,0.1326,0.7069,0.234,walk
2.1838,604,0.1364,-0.0234,0.1344,0.7833,0.036,walk
2.1867,605,0.1381,-0.0234,0.1361,0.7162,0.085,walk
2.1902,606,0.1405,-0.0235,0.1385,0.742,0.239,walk
2.1922,607,0.1392,-0.0235,0.1372,0.742,0.246,walk
2.1949,608,0.1419,-0.0234,0.14,0.7348,0.347,walk
2.1985,609,0.1438,-0.0235,0.1419,0.7322,0.458,walk
2.2017,610,0.1451,-0.0234,0.1432,0.649,0.352,walk
2.2045,611,0.1443,-0.0234,0.1424,0.649,0.364,walk
2.2085,612,0.1466,-0.0235,0.1447,0.7308,0.448,walk
2.2107,613,0.1489,-0.0236,0.147,0.7416,0.558,walk
2.2126,614,0.1483,-0.0236,0.1465,0.7416,0.562,walk
2.2163,615,0.1509,-0.0237,0.149,0.7462,0.671,walk
2.2172,616,0.1501,-0.0238,0.1482,0.7462,0.683,walk
2.2201,617,0.1529,-0.0239,0.1511,0.7577,0.794,walk
2.2245,618,0.1549,-0.0241,0.153,0.7372,0.906,walk
2.2252,619,0.1541,-0.0242,0.1521,0.7372,0.917,walk
2.229,620,0.1566,-0.0241,0.1548,0.6988,0.929,walk
2.2298,621,0.1558,-0.0243,0.1539,0.6988,0.936,walk
2.234,622,0.1587,-0.0248,0.1567,0.8431,1.154,walk
2.2344,623,0.1579,-0.0249,0.1559,0.8431,1.168,walk
2.2372,624,0.1604,-0.0251,0.1585,0.7553,1.276,walk
2.2409,625,0.1628,-0.0254,0.1608,0.7593,1.41,walk
2.2413,626,0.1622,-0.0255,0.1602,0.7593,1.414,walk
2.2491,627,0.1677,-0.026,0.1657,0.7464,1.666,walk
2.2525,628,0.1693,-0.0265,0.1672,0.758,1.809,walk
2.2549,629,0.1685,-0.0267,0.1663,0.758,1.822,walk
2.2584,630,0.1708,-0.0271,0.1687,0.7541,1.972,walk
2.2617,631,0.173,-0.0276,0.1707,0.7663,2.128,walk
2.265,632,0.1751,-0.0278,0.1729,0.8048,2.262,walk
2.2672,633,0.1744,-0.0281,0.1721,0.8048,2.268,walk
2.27,634,0.1769,-0.0284,0.1746,0.7412,2.424,walk
2.2733,635,0.1795,-0.0287,0.1772,0.7467,2.592,walk
2.275,636,0.1785,-0.0291,0.1761,0.7467,2.604,walk
2.2786,637,0.1816,-0.0295,0.1792,0.8168,2.876,walk
2.2792,638,0.1809,-0.0298,0.1784,0.8168,2.882,walk
2.2834,639,0.1833,-0.0301,0.1808,0.7134,3.079,walk
2.2841,640,0.1826,-0.0304,0.18,0.7134,3.084,walk
2.2876,641,0.1848,-0.0309,0.1822,0.7178,3.268,walk
2.2906,642,0.1872,-0.0313,0.1846,0.7027,3.444,walk
2.2922,643,0.1864,-0.0315,0.1837,0.7027,3.45,walk
2.2962,644,0.1891,-0.0319,0.1864,0.705,3.671,walk
2.3009,645,0.1909,-0.0325,0.1881,0.6851,3.87,walk
2.3029,646,0.1925,-0.0332,0.1896,0.6879,4.092,walk
2.3045,647,0.192,-0.0334,0.1891,0.6879,4.1,walk
2.308,648,0.1945,-0.0337,0.1915,0.6657,4.296,walk
2.3118,649,0.1959,-0.0344,0.1929,0.6643,4.522,walk
2.3142,650,0.1954,-0.0346,0.1923,0.6643,4.527,walk
2.3182,651,0.2,-0.0351,0.1969,0.6405,4.973,walk
2.32,652,0.1987,-0.0356,0.1955,0.6405,4.989,walk
2.3236,653,0.2004,-0.036,0.1972,0.6224,5.222,walk
2.3257,654,0.1999,-0.0362,0.1966,0.6224,5.23,walk
2.3289,655,0.2019,-0.0364,0.1986,0.6267,5.452,walk
2.33,656,0.2011,-0.0367,0.1977,0.6267,5.462,walk
2.3327,657,0.2031,-0.0368,0.1997,0.6075,5.712,walk
2.3355,658,0.205,-0.0372,0.2016,0.5894,5.938,walk
2.3375,659,0.2042,-0.0375,0.2007,0.5894,5.942,walk
2.3411,660,0.2057,-0.0379,0.2022,0.5688,6.201,walk
2.3421,661,0.2051,-0.0381,0.2016,0.5688,6.203,walk
2.3457,662,0.2069,-0.0385,0.2033,0.5677,6.432,walk
2.3507,663,0.2078,-0.0392,0.2041,0.5542,6.684,walk
2.3519,664,0.2097,-0.0393,0.206,0.5923,6.973,walk
2.3544,665,0.2094,-0.0394,0.2057,0.5923,6.973,walk
2.3574,666,0.2104,-0.0399,0.2066,0.5914,7.225,walk
2.3625,667,0.2119,-0.0403,0.2081,0.5826,7.493,walk
2.3631,668,0.2111,-0.0406,0.2071,0.5826,7.489,walk
2.367,669,0.2128,-0.0407,0.2088,0.5695,7.732,walk
2.3675,670,0.2122,-0.041,0.2082,0.5695,7.726,walk
2.3698,671,0.2142,-0.041,0.2102,0.5665,7.969,walk
2.3718,672,0.2133,-0.0414,0.2092,0.5665,7.963,walk
2.375,673,0.2144,-0.0417,0.2103,0.567,8.21,walk
2.3782,674,0.2163,-0.0416,0.2123,0.5618,8.456,walk
2.3802,675,0.2151,-0.0421,0.211,0.5618,8.437,walk
2.3833,676,0.2168,-0.0422,0.2127,0.5727,8.666,walk
2.3855,677,0.2181,-0.0425,0.214,0.5902,8.992,walk
2.3876,678,0.2175,-0.0427,0.2133,0.5902,8.979,walk
2.3912,679,0.2185,-0.043,0.2142,0.5356,9.194,walk
2.3933,680,0.2202,-0.0429,0.216,0.6068,9.394,walk
2.3963,681,0.2196,-0.0432,0.2153,0.6068,9.368,walk
2.4007,682,0.2203,-0.0433,0.216,0.5999,9.526,walk
2.4037,683,0.2215,-0.0431,0.2173,0.5806,9.718,walk
2.4072,684,0.2231,-0.0431,0.2189,0.5775,9.9,walk
2.4098,685,0.2239,-0.0432,0.2197,0.5491,10.093,walk
2.4129,686,0.2229,-0.0436,0.2186,0.5491,10.07,walk
2.4165,687,0.2241,-0.0436,0.2198,0.5609,10.236,walk
2.4186,688,0.2251,-0.0436,0.2209,0.5316,10.424,walk
2.4209,689,0.2241,-0.044,0.2198,0.5316,10.373,walk
2.4249,690,0.2253,-0.0439,0.221,0.4822,10.486,walk
2.427,691,0.226,-0.0441,0.2217,0.5331,10.66,walk
2.4292,692,0.2253,-0.0444,0.2209,0.5331,10.647,walk
2.4318,693,0.2266,-0.0441,0.2223,0.5468,10.84,walk
2.4332,694,0.2259,-0.0443,0.2216,0.5468,10.826,walk
2.4355,695,0.2273,-0.0444,0.2229,0.5263,11.041,walk
2.4376,696,0.2266,-0.0446,0.2221,0.5263,10.996,walk
2.4413,697,0.2277,-0.0443,0.2234,0.5066,11.294,walk
2.4417,698,0.227,-0.0446,0.2226,0.5066,11.258,walk
2.4467,699,0.2281,-0.0445,0.2237,0.5241,11.4,walk
2.4493,700,0.2272,-0.0443,0.2229,0.5403,11.515,walk
2.4509,701,0.226,-0.0445,0.2216,0.5403,11.472,walk
2.4539,702,0.2274,-0.0441,0.2231,0.5331,11.66,walk
2.458,703,0.2271,-0.0438,0.2228,0.5295,11.816,walk
2.4602,704,0.225,-0.0441,0.2207,0.5295,11.777,walk
2.4649,705,0.2276,-0.0432,0.2235,0.5302,12.16,walk
2.4671,706,0.2254,-0.0436,0.2211,0.5302,12.11,walk
2.4705,707,0.226,-0.0434,0.2218,0.5352,12.298,walk
2.4739,708,0.2266,-0.0431,0.2224,0.5334,12.456,walk
2.4757,709,0.2256,-0.0433,0.2214,0.5334,12.451,walk
2.4788,710,0.2261,-0.0431,0.2219,0.5351,12.646,walk
2.4838,711,0.2259,-0.0431,0.2217,0.5308,12.806,walk
2.4866,712,0.2256,-0.0434,0.2214,0.5106,12.931,walk
2.4886,713,0.2245,-0.0437,0.2202,0.5106,12.924,walk
2.4923,714,0.2243,-0.0437,0.22,0.5342,13.072,walk
2.4956,715,0.2257,-0.0432,0.2215,0.5208,13.248,walk
2.4977,716,0.2235,-0.0436,0.2192,0.5208,13.188,walk
2.5024,717,0.2246,-0.0431,0.2204,0.5183,13.471,walk
2.5063,718,0.2254,-0.0428,0.2213,0.5253,13.656,walk
2.5093,719,0.2224,-0.0431,0.2182,0.5253,13.553,walk
2.5133,720,0.2226,-0.0429,0.2185,0.5297,13.671,walk
2.5156,721,0.2226,-0.0425,0.2185,0.5071,13.842,walk
2.5181,722,0.2234,-0.0421,0.2194,0.537,13.992,walk
2.52,723,0.2221,-0.0422,0.218,0.537,13.968,walk
2.5233,724,0.2227,-0.0417,0.2187,0.5236,14.161,walk
2.5247,725,0.2207,-0.0418,0.2167,0.5236,14.058,walk
2.5285,726,0.2215,-0.0413,0.2176,0.5645,14.275,walk
2.5295,727,0.2193,-0.0414,0.2154,0.5645,14.196,walk
2.5316,728,0.2201,-0.041,0.2162,0.5684,14.386,walk
2.5348,729,0.2199,-0.0404,0.2162,0.5641,14.581,walk
2.5373,730,0.2177,-0.0405,0.2139,0.5641,14.469,walk
2.5401,731,0.2182,-0.0401,0.2145,0.544,14.706,walk
2.5415,732,0.2167,-0.0401,0.2129,0.544,14.621,walk
2.5442,733,0.2164,-0.0396,0.2128,0.5551,14.825,walk
2.5466,734,0.2156,-0.0396,0.2119,0.5551,14.796,walk
2.5513,735,0.2153,-0.0392,0.2117,0.5387,14.944,walk
2.5544,736,0.2142,-0.0387,0.2107,0.5514,15.084,walk
2.555,737,0.2127,-0.0388,0.2091,0.5514,15.054,walk
2.5585,738,0.2117,-0.0383,0.2082,0.5452,15.153,walk
2.5606,739,0.2123,-0.0378,0.2089,0.5683,15.371,walk
2.5668,740,0.2105,-0.0374,0.2072,0.5425,15.469,walk
2.5678,741,0.209,-0.0375,0.2056,0.5425,15.377,walk
2.5715,742,0.2082,-0.0369,0.2049,0.6078,15.621,walk
2.5749,743,0.2087,-0.0363,0.2056,0.5593,15.789,walk
2.5787,744,0.2086,-0.0358,0.2055,0.5769,15.977,walk
2.5792,745,0.2062,-0.0358,0.2031,0.5769,15.851,walk
2.5825,746,0.2076,-0.0353,0.2046,0.5643,16.104,walk
2.5853,747,0.2067,-0.0347,0.2037,0.5911,16.206,walk
2.5869,748,0.2043,-0.0347,0.2013,0.5911,16.078,walk
2.5901,749,0.2048,-0.0342,0.2019,0.5503,16.302,walk
2.5919,750,0.2031,-0.0342,0.2002,0.5503,16.237,walk
2.5948,751,0.2029,-0.0337,0.2001,0.5648,16.362,walk
2.5968,752,0.2013,-0.0337,0.1984,0.5648,16.329,walk
2.6022,753,0.2038,-0.0333,0.2011,0.5148,16.738,walk
2.6029,754,0.2005,-0.0333,0.1978,0.5148,16.608,walk
2.607,755,0.2011,-0.0329,0.1984,0.5488,16.809,walk
2.6087,756,0.1986,-0.0328,0.1959,0.5488,16.68,walk
2.6122,757,0.1974,-0.0324,0.1948,0.542,16.784,walk
2.6139,758,0.1958,-0.0324,0.1931,0.542,16.72,walk
2.616,759,0.1964,-0.0319,0.1937,0.5686,16.894,walk
2.6182,760,0.1969,-0.0315,0.1944,0.5656,17.002,walk
2.6202,761,0.1944,-0.0315,0.1919,0.5656,16.938,walk
2.6234,762,0.1962,-0.0306,0.1938,0.7076,17.034,walk
2.6253,763,0.1929,-0.0305,0.1905,0.7076,16.906,walk
2.6291,764,0.1936,-0.0296,0.1914,0.6712,17.049,walk
2.6325,765,0.1935,-0.029,0.1913,0.6067,17.164,walk
2.6351,766,0.1921,-0.0285,0.19,0.5304,17.093,walk
2.6372,767,0.1913,-0.0284,0.1892,0.5304,17.062,walk
2.6404,768,0.1912,-0.0277,0.1892,0.6315,17.224,walk
2.6423,769,0.1886,-0.0277,0.1866,0.6315,17.101,walk
2.6459,770,0.1885,-0.0269,0.1866,0.6324,17.273,walk
2.6489,771,0.188,-0.0263,0.1862,0.7546,17.484,walk
2.6507,772,0.1863,-0.0262,0.1845,0.7546,17.394,walk
2.6537,773,0.1863,-0.0255,0.1846,0.6562,17.542,walk
2.6578,774,0.1871,-0.0249,0.1855,0.6384,17.698,walk
2.6586,775,0.1846,-0.0248,0.1829,0.6384,17.578,walk
2.6642,776,0.1837,-0.0242,0.1821,0.6408,17.691,walk
2.6673,777,0.1832,-0.0237,0.1816,0.533,17.672,walk
2.6681,778,0.1832,-0.0231,0.1817,0.6601,17.818,walk
2.6702,779,0.1814,-0.023,0.18,0.6601,17.729,walk
2.674,780,0.1823,-0.0224,0.1809,0.6649,17.89,walk
2.676,781,0.1789,-0.0224,0.1775,0.6649,17.772,walk
2.6791,782,0.1793,-0.0218,0.178,0.8001,17.96,walk
2.6837,783,0.1791,-0.0216,0.1778,0.5782,17.913,walk
2.6856,784,0.1792,-0.0212,0.1779,0.669,17.942,walk
2.6876,785,0.1774,-0.0212,0.1761,0.669,17.852,walk
2.6902,786,0.1786,-0.0211,0.1774,0.7411,17.832,walk
2.6921,787,0.176,-0.0211,0.1747,0.7411,17.773,walk
2.6961,788,0.1774,-0.0205,0.1762,0.6036,17.887,walk
2.6989,789,0.1766,-0.0201,0.1755,0.686,17.929,walk
2.7013,790,0.1775,-0.0196,0.1765,0.6906,17.991,walk
2.7035,791,0.1749,-0.0197,0.1738,0.6906,17.932,walk
2.7083,792,0.1749,-0.0192,0.1739,0.6951,17.975,walk
2.7088,793,0.1723,-0.0193,0.1712,0.6951,17.917,walk
2.7129,794,0.1741,-0.0188,0.1731,0.7048,18.022,walk
2.7139,795,0.1706,-0.019,0.1695,0.7048,17.904,walk
2.718,796,0.1706,-0.0186,0.1695,0.6771,17.944,walk
2.7189,797,0.1715,-0.0181,0.1705,0.6935,18.085,walk
2.7209,798,0.1688,-0.0182,0.1678,0.6935,17.967,walk
2.724,799,0.1689,-0.0178,0.1679,0.7151,18.048,walk
2.7282,800,0.1706,-0.0174,0.1697,0.6575,18.138,walk
2.7286,801,0.1679,-0.0175,0.167,0.6575,18.079,walk
2.7331,802,0.1662,-0.0172,0.1653,0.699,18.04,walk
2.7362,803,0.168,-0.0166,0.1672,0.6942,18.195,walk
2.7378,804,0.1662,-0.0167,0.1654,0.6942,18.107,walk
2.7421,805,0.1645,-0.0164,0.1637,0.7084,18.116,walk
2.7454,806,0.1637,-0.016,0.163,0.7038,18.166,walk
2.7489,807,0.1649,-0.0155,0.1642,0.7224,18.183,walk
2.7536,808,0.1652,-0.0151,0.1645,0.7841,18.281,walk
2.7541,809,0.1631,-0.0152,0.1624,0.7841,18.181,walk
2.7585,810,0.1638,-0.0146,0.1632,0.7383,18.241,walk
2.7625,811,0.1645,-0.014,0.1639,0.7446,18.224,walk
2.763,812,0.1631,-0.0141,0.1624,0.7446,18.187,walk
2.7669,813,0.1628,-0.0135,0.1622,0.7412,18.161,walk
2.7693,814,0.164,-0.013,0.1634,0.7313,18.18,walk
2.7708,815,0.1622,-0.0131,0.1617,0.7313,18.143,walk
2.7737,816,0.1624,-0.0125,0.162,0.7149,18.127,walk
2.7759,817,0.1607,-0.0126,0.1602,0.7149,18.093,walk
2.7788,818,0.1609,-0.012,0.1605,0.7457,18.076,walk
2.7846,819,0.165,-0.0105,0.1646,0.7393,18.297,walk
2.7872,820,0.1589,-0.0107,0.1586,0.7393,18.082,walk
2.7908,821,0.1611,-0.0099,0.1608,0.7543,18.161,walk
2.7913,822,0.1587,-0.0101,0.1583,0.7543,18.053,walk
2.7958,823,0.1592,-0.0094,0.1589,0.736,18.143,walk
2.7965,824,0.1577,-0.0096,0.1574,0.736,18.07,walk
2.8007,825,0.1576,-0.0085,0.1574,0.7791,18.328,walk
2.8043,826,0.1592,-0.0078,0.159,0.7702,18.42,walk
2.8096,827,0.1592,-0.0073,0.159,0.7671,18.43,walk
2.8109,828,0.1592,-0.0067,0.1591,0.7733,18.479,walk
2.8138,829,0.157,-0.0069,0.1568,0.7733,18.414,walk
2.817,830,0.1586,-0.0063,0.1585,0.7833,18.509,walk
2.8182,831,0.1603,-0.0056,0.1602,0.7976,18.607,walk
2.8209,832,0.1581,-0.0059,0.158,0.7976,18.52,walk
2.8243,833,0.1598,-0.0053,0.1597,0.7978,18.638,walk
2.8286,834,0.1587,-0.005,0.1586,0.7942,18.656,walk
2.8329,835,0.1605,-0.0044,0.1604,0.8004,18.735,walk
2.8332,836,0.1584,-0.0047,0.1583,0.8004,18.691,walk
2.8365,837,0.1609,-0.004,0.1609,0.8087,18.824,walk
2.8374,838,0.1588,-0.0043,0.1588,0.8087,18.737,walk
2.8395,839,0.1607,-0.0037,0.1606,0.8076,18.872,walk
2.8418,840,0.1593,-0.0039,0.1593,0.8076,18.807,walk
2.8446,841,0.1612,-0.0032,0.1612,0.8145,18.922,walk
2.8485,842,0.1617,-0.0028,0.1617,0.8044,19.002,walk
2.8515,843,0.1623,-0.0024,0.1623,0.8164,19.112,walk
2.854,844,0.1603,-0.0027,0.1603,0.8164,19.027,walk
2.8584,845,0.1623,-0.002,0.1623,0.833,19.161,walk
2.8594,846,0.161,-0.0022,0.161,0.833,19.14,walk
2.865,847,0.1618,-0.0018,0.1618,0.8508,19.218,walk
2.8685,848,0.166,-0.0004,0.166,0.8636,19.496,walk
2.869,849,0.1641,-0.0007,0.1641,0.8636,19.413,walk
2.8716,850,0.1634,-0.0008,0.1634,0.8636,19.413,walk
2.8741,851,0.1643,-0.0003,0.1643,0.8717,19.48,walk
2.8786,852,0.1653,0.0002,0.1653,0.8829,19.566,walk
2.8821,853,0.1676,0.0009,0.1676,0.886,19.709,walk
2.8858,854,0.1686,0.0015,0.1686,0.896,19.767,walk
2.8874,855,0.1666,0.0011,0.1666,0.896,19.726,walk
2.8918,856,0.169,0.0019,0.169,0.9111,19.822,walk
2.8922,857,0.1671,0.0016,0.1671,0.9111,19.781,walk
2.8955,858,0.1695,0.0024,0.1695,0.9229,19.865,walk
2.8984,859,0.1714,0.0032,0.1714,0.9634,19.962,walk
2.9041,860,0.1727,0.0039,0.1727,0.9734,20.028,walk
2.9045,861,0.1708,0.0035,0.1707,0.9734,19.943,walk
2.9066,862,0.1739,0.0046,0.1738,0.9453,20.056,walk
2.9087,863,0.1719,0.0043,0.1719,0.9453,20.013,walk
2.9132,864,0.1731,0.0049,0.173,0.9405,20.041,walk
2.9153,865,0.1749,0.0058,0.1748,0.9552,20.058,walk
2.9198,866,0.1767,0.0066,0.1766,0.9405,20.121,walk
2.9213,867,0.1747,0.0063,0.1746,0.9405,20.031,walk
2.925,868,0.1771,0.0072,0.177,0.951,20.11,walk
2.9255,869,0.1758,0.007,0.1757,0.951,20.041,walk
2.929,870,0.1783,0.0079,0.1781,0.9628,20.112,walk
2.9296,871,0.177,0.0077,0.1768,0.9628,20.064,walk
2.9335,872,0.1795,0.0086,0.1793,0.9667,20.086,walk
2.9356,873,0.182,0.0095,0.1818,0.9689,20.141,walk
2.9372,874,0.1793,0.0091,0.179,0.9689,20.015,walk
2.9412,875,0.1818,0.0101,0.1815,0.9639,20.058,walk
2.9421,876,0.1797,0.0097,0.1794,0.9639,19.952,walk
2.9459,877,0.1823,0.0108,0.1819,0.9931,19.979,walk
2.9515,878,0.188,0.0128,0.1876,0.9743,19.973,walk
2.9523,879,0.1845,0.0123,0.1841,0.9743,19.831,walk
2.9561,880,0.1863,0.0131,0.1858,0.9747,19.824,walk
2.9585,881,0.1841,0.0128,0.1837,0.9747,19.705,walk
2.9634,882,0.1873,0.0138,0.1868,0.9691,19.719,walk
2.9652,883,0.1868,0.0143,0.1863,0.9655,19.598,walk
2.9687,884,0.1885,0.0151,0.1879,0.96,19.502,walk
2.9708,885,0.187,0.0149,0.1864,0.96,19.47,walk
2.9746,886,0.1879,0.0157,0.1873,0.9728,19.318,walk
2.9773,887,0.1903,0.0166,0.1896,0.9692,19.286,walk
2.9792,888,0.1881,0.0163,0.1874,0.9692,19.155,walk
2.9832,889,0.1904,0.0172,0.1896,0.946,19.112,walk
2.9862,890,0.1919,0.018,0.1911,0.9555,19.024,walk
2.9878,891,0.1896,0.0177,0.1888,0.9555,18.956,walk
2.9918,892,0.1903,0.0184,0.1894,0.9374,18.834,walk
2.9944,893,0.1924,0.0195,0.1914,0.9377,18.758,walk
2.9967,894,0.1901,0.0192,0.1891,0.9377,18.688,walk
3.0005,895,0.1922,0.0201,0.1911,0.9185,18.612,walk
3.0018,896,0.1934,0.021,0.1923,0.9092,18.587,walk
3.0042,897,0.191,0.0207,0.1899,0.9092,18.448,walk
3.007,898,0.1946,0.0219,0.1934,0.9108,18.456,walk
3.0093,899,0.1906,0.0214,0.1894,0.9108,18.284,walk
3.015,900,0.1969,0.0238,0.1955,0.8841,18.36,walk
3.0199,901,0.1939,0.0242,0.1924,0.8844,18.145,walk
3.0216,902,0.1914,0.0239,0.1899,0.8844,18.079,walk
3.025,903,0.1941,0.025,0.1925,0.8893,18.11,walk
3.0276,904,0.1942,0.0258,0.1925,0.86,17.999,walk
3.0311,905,0.1944,0.0266,0.1925,0.8867,17.883,walk
3.0329,906,0.1927,0.0264,0.1908,0.8867,17.82,walk
3.0379,907,0.1944,0.0275,0.1924,0.8447,17.87,walk
3.0383,908,0.1909,0.0272,0.189,0.8447,17.717,walk
3.0415,909,0.1918,0.0281,0.1897,0.8473,17.733,walk
3.0465,910,0.1935,0.0291,0.1913,0.8366,17.735,walk
3.0478,911,0.1935,0.0299,0.1911,0.8384,17.756,walk
3.05,912,0.1919,0.0298,0.1896,0.8384,17.668,walk
3.0529,913,0.1933,0.0307,0.1909,0.8265,17.701,walk
3.055,914,0.1922,0.0306,0.1897,0.8265,17.677,walk
3.0583,915,0.1949,0.0316,0.1924,0.8223,17.772,walk
3.064,916,0.1953,0.0323,0.1926,0.8117,17.765,walk
3.0662,917,0.1961,0.033,0.1933,0.8136,17.823,walk
3.0693,918,0.1994,0.0339,0.1965,0.8189,17.945,walk
3.0722,919,0.1987,0.0343,0.1957,0.8027,17.961,walk
3.0745,920,0.1958,0.0339,0.1928,0.8027,17.898,walk
3.0775,921,0.1976,0.0346,0.1945,0.8047,17.999,walk
3.0793,922,0.1952,0.0343,0.1922,0.8047,17.933,walk
3.0827,923,0.1969,0.0351,0.1938,0.8007,18.023,walk
3.0838,924,0.1953,0.0349,0.1922,0.8007,17.97,walk
3.0874,925,0.1954,0.0354,0.1921,0.7941,18.001,walk
3.0912,926,0.1971,0.0361,0.1938,0.7955,18.072,walk
3.0922,927,0.1949,0.0358,0.1916,0.7955,17.992,walk
3.0963,928,0.1959,0.0364,0.1925,0.7876,18.012,walk
3.0998,929,0.1959,0.0371,0.1924,0.7748,18.023,walk
3.1045,930,0.1951,0.0376,0.1914,0.767,17.944,walk
3.1078,931,0.1975,0.0385,0.1937,0.7892,17.974,walk
3.115,932,0.1968,0.0399,0.1927,0.7609,17.875,walk
3.1173,933,0.1944,0.0398,0.1903,0.7609,17.772,walk
3.1202,934,0.1969,0.0406,0.1927,0.7809,17.763,walk
3.1239,935,0.197,0.0414,0.1926,0.7739,17.675,walk
3.1244,936,0.1955,0.0413,0.1911,0.7739,17.648,walk
3.1268,937,0.1972,0.0421,0.1926,0.7638,17.611,walk
3.1294,938,0.1964,0.0421,0.1918,0.7638,17.557,walk
3.1319,939,0.1965,0.0429,0.1918,0.7522,17.471,walk
3.1336,940,0.1951,0.0429,0.1903,0.7522,17.389,walk
3.1368,941,0.1961,0.0437,0.1911,0.7724,17.319,walk
3.1392,942,0.1977,0.0445,0.1927,0.762,17.227,walk
3.1418,943,0.1963,0.0445,0.1912,0.762,17.173,walk
3.1439,944,0.1973,0.0454,0.192,0.755,17.098,walk
3.1468,945,0.1951,0.0454,0.1898,0.755,16.989,walk
3.1498,946,0.1967,0.0462,0.1912,0.7385,16.915,walk
3.1525,947,0.1977,0.047,0.192,0.7419,16.765,walk
3.1544,948,0.1956,0.0471,0.1898,0.7419,16.711,walk
3.1591,949,0.1972,0.0479,0.1913,0.7383,16.578,walk
3.1646,950,0.2006,0.0495,0.1944,0.7348,16.408,walk
3.165,951,0.1972,0.0496,0.1908,0.7348,16.275,walk
3.1678,952,0.1958,0.0497,0.1894,0.7348,16.196,walk
3.1702,953,0.1968,0.0505,0.1902,0.7286,16.08,walk
3.1747,954,0.1978,0.0513,0.191,0.7143,15.914,walk
3.1769,955,0.1994,0.0521,0.1925,0.7139,15.809,walk
3.1785,956,0.1974,0.0522,0.1904,0.7139,15.732,walk
3.1838,957,0.199,0.053,0.1918,0.7048,15.622,walk
3.1843,958,0.1964,0.0531,0.1891,0.7048,15.519,walk
3.1867,959,0.1987,0.0539,0.1912,0.7116,15.442,walk
3.1916,960,0.1989,0.0547,0.1913,0.6938,15.311,walk
3.1924,961,0.197,0.0548,0.1892,0.6938,15.209,walk
3.196,962,0.1986,0.0556,0.1906,0.7011,15.124,walk
3.1968,963,0.1973,0.0556,0.1893,0.7011,15.073,walk
3.1998,964,0.1982,0.0564,0.19,0.693,14.906,walk
3.2043,965,0.1998,0.0572,0.1915,0.7048,14.817,walk
3.2049,966,0.1979,0.0573,0.1894,0.7048,14.717,walk
3.2087,967,0.1989,0.058,0.1903,0.717,14.545,walk
3.2112,968,0.2006,0.0587,0.1918,0.7051,14.418,walk
3.2172,969,0.199,0.0596,0.1898,0.6952,14.185,walk
3.2199,970,0.2,0.0604,0.1906,0.7083,14.066,walk
3.2213,971,0.1987,0.0604,0.1893,0.7083,14.017,walk
3.2238,972,0.2009,0.0611,0.1914,0.6877,13.953,walk
3.2257,973,0.199,0.0612,0.1893,0.6877,13.858,walk
3.2281,974,0.2012,0.0618,0.1915,0.7052,13.781,walk
3.2302,975,0.1987,0.0619,0.1888,0.7052,13.711,walk
3.233,976,0.2002,0.0627,0.1901,0.6709,13.567,walk
3.236,977,0.2011,0.0634,0.1909,0.6899,13.472,walk
3.2375,978,0.1998,0.0634,0.1895,0.6899,13.406,walk
3.2404,979,0.2014,0.0641,0.1909,0.6825,13.298,walk
3.2424,980,0.1994,0.0642,0.1888,0.6825,13.255,walk
3.2455,981,0.2003,0.0649,0.1895,0.6905,13.114,walk
3.25,982,0.2006,0.0657,0.1895,0.6833,12.989,walk
3.2542,983,0.2,0.0664,0.1887,0.652,12.819,walk
3.2566,984,0.2014,0.0672,0.1898,0.6402,12.69,walk
3.2585,985,0.2001,0.0673,0.1885,0.6402,12.65,walk
3.2628,986,0.2021,0.0679,0.1904,0.6451,12.501,walk
3.2659,987,0.2009,0.0687,0.1888,0.6416,12.305,walk
3.2695,988,0.201,0.0693,0.1887,0.6653,12.163,walk
3.2714,989,0.1997,0.0694,0.1872,0.6653,12.144,walk
3.2742,990,0.2004,0.07,0.1878,0.6618,12.034,walk
3.2773,991,0.2025,0.0705,0.1899,0.6795,11.987,walk
3.2794,992,0.1999,0.0706,0.187,0.6795,11.933,walk
3.2821,993,0.2013,0.0711,0.1884,0.6838,11.832,walk
3.2839,994,0.2,0.0711,0.1869,0.6838,11.797,walk
3.2869,995,0.2017,0.0717,0.1885,0.7473,11.778,walk
3.2915,996,0.2008,0.0724,0.1872,0.7558,11.649,walk
3.2943,997,0.2021,0.0731,0.1885,0.6627,11.618,walk
3.2968,998,0.2001,0.0731,0.1862,0.6627,11.584,walk
3.2998,999,0.2014,0.0736,0.1875,0.6626,11.515,walk
3.3025,1000,0.202,0.0741,0.1879,0.6569,11.475,walk
3.3045,1001,0.1999,0.0741,0.1857,0.6569,11.407,walk
3.3084,1002,0.2012,0.0744,0.1869,0.6718,11.362,walk
3.314,1003,0.2017,0.0748,0.1873,0.6544,11.272,walk
3.3171,1004,0.2002,0.0749,0.1856,0.6817,11.219,walk
3.318,1005,0.2014,0.0751,0.1869,0.6706,11.182,walk
3.3204,1006,0.2007,0.0751,0.1861,0.6706,11.148,walk
3.3221,1007,0.1978,0.075,0.1831,0.6706,11.097,walk
3.3248,1008,0.1996,0.0754,0.1848,0.6136,11.081,walk
3.3295,1009,0.1978,0.0757,0.1828,0.6234,10.963,walk
3.3318,1010,0.1991,0.076,0.1841,0.6795,10.911,walk
3.3334,1011,0.1977,0.0759,0.1825,0.6795,10.878,walk
3.3372,1012,0.199,0.0763,0.1838,0.6863,10.869,walk
3.3382,1013,0.1968,0.0761,0.1815,0.6863,10.805,walk
3.341,1014,0.1981,0.0764,0.1828,0.6782,10.807,walk
3.3447,1015,0.1987,0.0767,0.1833,0.6877,10.761,walk
3.3464,1016,0.1966,0.0766,0.1811,0.6877,10.732,walk
3.3493,1017,0.1981,0.0769,0.1826,0.6949,10.674,walk
3.3515,1018,0.1989,0.0772,0.1833,0.6802,10.655,walk
3.3542,1019,0.1969,0.077,0.1812,0.6802,10.595,walk
3.3584,1020,0.1969,0.0771,0.1812,0.7037,10.519,walk
3.3615,1021,0.1985,0.0772,0.1829,0.739,10.464,walk
3.3656,1022,0.198,0.0771,0.1823,0.6445,10.392,walk
3.3672,1023,0.1974,0.077,0.1817,0.6445,10.371,walk
3.3695,1024,0.1982,0.0771,0.1826,0.676,10.299,walk
3.3715,1025,0.1969,0.0769,0.1813,0.676,10.279,walk
3.3751,1026,0.1969,0.0768,0.1813,0.7052,10.216,walk
3.3777,1027,0.1982,0.077,0.1826,0.6903,10.213,walk
3.3795,1028,0.1966,0.0767,0.181,0.6903,10.195,walk
3.3823,1029,0.1971,0.0768,0.1815,0.6796,10.185,walk
3.3842,1030,0.1955,0.0766,0.1799,0.6796,10.169,walk
3.3872,1031,0.1959,0.0766,0.1804,0.6683,10.127,walk
3.3898,1032,0.1973,0.0767,0.1817,0.6949,10.15,walk
3.3919,1033,0.1951,0.0764,0.1796,0.6949,10.103,walk
3.3952,1034,0.1965,0.0765,0.181,0.7025,10.11,walk
3.3963,1035,0.195,0.0762,0.1795,0.7025,10.089,walk
3.4002,1036,0.1956,0.0762,0.1801,0.6836,10.053,walk
3.4011,1037,0.1949,0.076,0.1794,0.6836,10.053,walk
3.404,1038,0.1977,0.0764,0.1823,0.7115,10.066,walk
3.4082,1039,0.1961,0.0758,0.1809,0.7055,10.031,walk
3.4088,1040,0.1947,0.0755,0.1794,0.7055,10.004,walk
3.4144,1041,0.1953,0.0754,0.1802,0.717,9.987,walk
3.4161,1042,0.1952,0.0751,0.1802,0.7126,9.952,walk
3.4183,1043,0.1966,0.0751,0.1817,0.7025,9.916,walk
3.4206,1044,0.1944,0.0745,0.1795,0.7025,9.898,walk
3.4238,1045,0.1957,0.0745,0.181,0.7166,9.896,walk
3.4257,1046,0.1936,0.0739,0.1789,0.7166,9.861,walk
3.4279,1047,0.195,0.0738,0.1805,0.7443,9.875,walk
3.4327,1048,0.1955,0.0736,0.1812,0.6798,9.827,walk
3.4331,1049,0.1934,0.073,0.179,0.6798,9.809,walk
3.4373,1050,0.1947,0.0729,0.1806,0.7116,9.798,walk
3.4376,1051,0.1933,0.0725,0.1792,0.7116,9.781,walk
3.4402,1052,0.1946,0.0722,0.1807,0.8806,10.09,walk
3.4422,1053,0.1932,0.0717,0.1793,0.8806,10.064,walk
3.4454,1054,0.194,0.0715,0.1803,0.7522,10.058,walk
3.4491,1055,0.1954,0.0714,0.1819,0.7132,10.037,walk
3.4506,1056,0.1933,0.0708,0.1798,0.7132,10.003,walk
3.4538,1057,0.194,0.0704,0.1808,0.7479,9.986,walk
3.4578,1058,0.1955,0.0703,0.1824,0.7224,9.944,walk
3.4588,1059,0.1933,0.0696,0.1804,0.7224,9.927,walk
3.4632,1060,0.1942,0.0691,0.1815,0.8082,9.755,walk
3.4656,1061,0.1943,0.0685,0.1818,0.734,9.713,walk
3.4671,1062,0.1929,0.0681,0.1804,0.734,9.697,walk
3.471,1063,0.1946,0.0679,0.1823,0.7894,9.708,walk
3.4747,1064,0.1946,0.0674,0.1826,0.7151,9.623,walk
3.4754,1065,0.1932,0.067,0.1812,0.7151,9.615,walk
3.4796,1066,0.1932,0.0662,0.1815,0.7368,9.529,walk
3.4836,1067,0.1941,0.0658,0.1827,0.7687,9.474,walk
3.4869,1068,0.195,0.0653,0.1838,0.7601,9.423,walk
3.4878,1069,0.1936,0.0649,0.1824,0.7601,9.401,walk
3.4909,1070,0.1945,0.0644,0.1835,0.7518,9.365,walk
3.4938,1071,0.1954,0.064,0.1846,0.7629,9.29,walk
3.4965,1072,0.1933,0.0633,0.1826,0.7629,9.275,walk
3.4999,1073,0.1942,0.0629,0.1838,0.7637,9.221,walk
3.5041,1074,0.1959,0.0626,0.1856,0.766,9.176,walk
3.5046,1075,0.1938,0.0619,0.1836,0.766,9.156,walk
3.5077,1076,0.1955,0.0616,0.1855,0.7899,9.111,walk
3.5112,1077,0.1964,0.0612,0.1866,0.7513,9.048,walk
3.5162,1078,0.196,0.0602,0.1865,0.7789,8.981,walk
3.5212,1079,0.1941,0.0589,0.1849,0.7648,8.871,walk
3.5243,1080,0.1963,0.0588,0.1873,0.7501,8.817,walk
3.5262,1081,0.1965,0.058,0.1878,0.7625,8.763,walk
3.5285,1082,0.1951,0.0576,0.1864,0.7625,8.757,walk
3.5311,1083,0.1967,0.0572,0.1882,0.7607,8.68,walk
3.5344,1084,0.1953,0.0568,0.1868,0.7607,8.666,walk
3.5372,1085,0.1948,0.0559,0.1866,0.7906,8.597,walk
3.5403,1086,0.1972,0.0558,0.1892,0.771,8.529,walk
3.5423,1087,0.1943,0.055,0.1864,0.771,8.497,walk
3.5462,1088,0.196,0.0546,0.1883,0.7845,8.412,walk
3.5486,1089,0.1964,0.0538,0.1888,0.8052,8.358,walk
3.5501,1090,0.1949,0.0534,0.1874,0.8052,8.349,walk
3.5531,1091,0.1974,0.0531,0.1902,0.8227,8.311,walk
3.5557,1092,0.1982,0.0522,0.1912,0.9356,8.046,walk
3.5587,1093,0.1975,0.052,0.1905,0.9356,8.046,walk
3.5611,1094,0.1991,0.0515,0.1923,0.9379,7.812,walk
3.564,1095,0.1961,0.0507,0.1894,0.9379,7.769,walk
3.5678,1096,0.197,0.0499,0.1906,0.8001,7.804,walk
3.571,1097,0.1968,0.0491,0.1906,0.8777,7.569,walk
3.574,1098,0.1978,0.0485,0.1918,0.8063,7.472,walk
3.5759,1099,0.1963,0.0482,0.1904,0.8063,7.46,walk
3.578,1100,0.1989,0.0478,0.193,0.8217,7.395,walk
3.5813,1101,0.1999,0.0472,0.1943,0.829,7.292,walk
3.5828,1102,0.1984,0.0469,0.1928,0.829,7.254,walk
3.5871,1103,0.2001,0.0468,0.1946,0.7809,7.089,walk
3.5877,1104,0.1978,0.0463,0.1924,0.7809,7.05,walk
3.5906,1105,0.1997,0.0458,0.1944,0.8575,6.982,walk
3.5956,1106,0.1992,0.0448,0.1941,0.8298,6.785,walk
3.5986,1107,0.2003,0.0442,0.1953,0.8429,6.624,walk
3.6002,1108,0.1979,0.0438,0.193,0.8429,6.597,walk
3.6042,1109,0.2,0.0432,0.1953,0.9123,6.478,walk
3.6063,1110,0.2012,0.0426,0.1966,0.8709,6.334,walk
3.6081,1111,0.1988,0.0422,0.1942,0.8709,6.282,walk
3.6141,1112,0.2016,0.0419,0.1972,0.8883,6.173,walk
3.6182,1113,0.2024,0.0401,0.1984,0.8806,5.878,walk
3.6206,1114,0.2,0.0398,0.196,0.8806,5.83,walk
3.6227,1115,0.2021,0.0392,0.1982,0.9172,5.725,walk
3.6247,1116,0.2004,0.039,0.1966,0.9172,5.69,walk
3.627,1117,0.2017,0.0383,0.1981,0.9407,5.59,walk
3.6294,1118,0.2001,0.0381,0.1965,0.9407,5.558,walk
3.6321,1119,0.2022,0.0375,0.1987,0.9285,5.44,walk
3.6341,1120,0.1997,0.0372,0.1962,0.9285,5.41,walk
3.6371,1121,0.201,0.0364,0.1977,0.9523,5.331,walk
3.6399,1122,0.2041,0.0359,0.2009,0.9707,5.254,walk
3.6418,1123,0.2016,0.0356,0.1985,0.9707,5.216,walk
3.6459,1124,0.2038,0.0348,0.2008,0.9715,5.162,walk
3.6463,1125,0.2014,0.0346,0.1984,0.9715,5.124,walk
3.6492,1126,0.2036,0.0338,0.2007,0.9669,5.069,walk
3.6539,1127,0.2053,0.033,0.2027,0.9582,4.999,walk
3.6543,1128,0.2036,0.0327,0.2009,0.9582,4.985,walk
3.6583,1129,0.2062,0.032,0.2037,0.9666,4.937,walk
3.6615,1130,0.2083,0.0312,0.2059,0.977,4.897,walk
3.6661,1131,0.2095,0.0303,0.2073,0.9756,4.871,walk
3.6676,1132,0.2069,0.03,0.2047,0.9756,4.882,walk
3.6703,1133,0.2094,0.0292,0.2074,0.9914,4.858,walk
3.6745,1134,0.2098,0.028,0.2079,1.0544,4.959,walk
3.6789,1135,0.2115,0.0271,0.2097,0.9882,4.964,walk
3.68,1136,0.2091,0.027,0.2074,0.9882,4.975,walk
3.6829,1137,0.2122,0.0262,0.2106,0.9793,4.97,walk
3.6869,1138,0.2129,0.0253,0.2114,0.97,5.007,walk
3.6873,1139,0.2113,0.0252,0.2098,0.97,5.009,walk
3.6914,1140,0.2136,0.0244,0.2122,0.9666,5.043,walk
3.694,1141,0.2145,0.0235,0.2132,0.9613,5.086,walk
3.6961,1142,0.2124,0.0234,0.2111,0.9613,5.084,walk
3.7007,1143,0.2133,0.0227,0.2121,0.9607,5.134,walk
3.7042,1144,0.2163,0.022,0.2152,0.9455,5.2,walk
3.7054,1145,0.2178,0.0213,0.2168,0.9514,5.282,walk
3.7077,1146,0.2162,0.0213,0.2152,0.9514,5.279,walk
3.7108,1147,0.2176,0.0207,0.2166,0.919,5.34,walk
3.7154,1148,0.2175,0.0201,0.2166,0.9631,5.448,walk
3.7183,1149,0.2189,0.0195,0.218,0.9272,5.559,walk
3.7221,1150,0.2187,0.019,0.2179,0.9067,5.663,walk
3.7241,1151,0.2172,0.0191,0.2163,0.9067,5.645,walk
3.7278,1152,0.219,0.0184,0.2183,0.8658,5.757,walk
3.7297,1153,0.2168,0.0186,0.216,0.8658,5.729,walk
3.7325,1154,0.2187,0.0177,0.218,0.942,5.648,walk
3.7368,1155,0.2192,0.0171,0.2186,0.9016,5.706,walk
3.7378,1156,0.2177,0.0172,0.2171,0.9016,5.697,walk
3.7411,1157,0.2202,0.0165,0.2196,0.8148,5.851,walk
3.7457,1158,0.2211,0.0161,0.2205,0.9898,5.997,walk
3.7461,1159,0.2181,0.0165,0.2175,0.9898,5.948,walk
3.7504,1160,0.2193,0.0159,0.2187,0.8697,6.08,walk
3.7526,1161,0.2205,0.0155,0.2199,0.8586,6.184,walk
3.7578,1162,0.2224,0.0148,0.2219,0.8731,6.3,walk
3.7583,1163,0.2195,0.0152,0.2189,0.8731,6.253,walk
3.7634,1164,0.2191,0.0149,0.2186,0.8605,6.338,walk
3.7667,1165,0.221,0.0143,0.2206,0.8567,6.447,walk
3.7697,1166,0.2221,0.0138,0.2217,0.8411,6.522,walk
3.7723,1167,0.2231,0.0134,0.2227,0.8193,6.617,walk
3.7746,1168,0.2209,0.0138,0.2205,0.8193,6.589,walk
3.7788,1169,0.2227,0.0132,0.2223,0.836,6.662,walk
3.7795,1170,0.2205,0.0136,0.2201,0.836,6.603,walk
3.7817,1171,0.2223,0.0131,0.2219,0.8192,6.681,walk
3.7838,1172,0.2208,0.0134,0.2204,0.8192,6.634,walk
3.787,1173,0.2218,0.013,0.2215,0.8219,6.684,walk
3.79,1174,0.2236,0.0125,0.2233,0.8175,6.667,walk
3.7919,1175,0.2214,0.0129,0.221,0.8175,6.634,walk
3.795,1176,0.2215,0.0127,0.2212,0.7903,6.594,walk
3.7971,1177,0.2201,0.0129,0.2197,0.7903,6.577,walk
3.8005,1178,0.2224,0.0124,0.222,0.7684,6.601,walk
3.8035,1179,0.2218,0.0124,0.2214,0.7793,6.544,walk
3.8081,1180,0.2211,0.0124,0.2207,0.7703,6.481,walk
3.814,1181,0.2234,0.0119,0.2231,0.7704,6.486,walk
3.8179,1182,0.2228,0.0119,0.2224,0.7694,6.392,walk
3.8192,1183,0.222,0.012,0.2217,0.7582,6.301,walk
3.8214,1184,0.2205,0.0123,0.2202,0.7582,6.25,walk
3.8246,1185,0.2213,0.0121,0.221,0.762,6.208,walk
3.8285,1186,0.222,0.0119,0.2217,0.7398,6.126,walk
3.8293,1187,0.2205,0.0122,0.2201,0.7398,6.093,walk
3.8315,1188,0.2226,0.0119,0.2223,0.7202,6.079,walk
3.8341,1189,0.2218,0.012,0.2215,0.7202,6.063,walk
3.8371,1190,0.2225,0.0119,0.2222,0.7403,5.978,walk
3.8418,1191,0.2202,0.0123,0.2198,0.7483,5.854,walk
3.8456,1192,0.2209,0.0122,0.2205,0.7352,5.729,walk
3.8461,1193,0.2193,0.0125,0.219,0.7352,5.715,walk
3.8505,1194,0.2207,0.0122,0.2204,0.7386,5.629,walk
3.8522,1195,0.2213,0.0122,0.221,0.711,5.583,walk
3.8542,1196,0.2205,0.0123,0.2202,0.711,5.571,walk
3.8572,1197,0.2204,0.0124,0.22,0.7356,5.465,walk
3.8593,1198,0.218,0.0128,0.2176,0.7356,5.422,walk
3.8635,1199,0.2203,0.0125,0.2199,0.7551,5.371,walk
3.8673,1200,0.2177,0.013,0.2173,0.7249,5.276,walk
3.8701,1201,0.218,0.0129,0.2176,0.6698,5.263,walk
3.873,1202,0.2201,0.0126,0.2197,0.7128,5.229,walk
3.8753,1203,0.2169,0.0131,0.2165,0.7128,5.199,walk
3.8789,1204,0.2174,0.013,0.217,0.7278,5.184,walk
3.8818,1205,0.2187,0.0128,0.2183,0.7056,5.172,walk
3.884,1206,0.2171,0.013,0.2167,0.7056,5.159,walk
3.8871,1207,0.2166,0.013,0.2163,0.7062,5.127,walk
3.89,1208,0.2178,0.0128,0.2174,0.6933,5.14,walk
3.8916,1209,0.2153,0.0131,0.2149,0.6933,5.118,walk
3.8943,1210,0.2165,0.0129,0.2161,0.7039,5.121,walk
3.8965,1211,0.214,0.0132,0.2136,0.7039,5.101,walk
3.9003,1212,0.2143,0.013,0.2139,0.6895,5.134,walk
3.9023,1213,0.2153,0.0128,0.2149,0.6678,5.159,walk
3.9045,1214,0.2128,0.0131,0.2124,0.6678,5.144,walk
3.9088,1215,0.2128,0.0129,0.2124,0.6363,5.175,walk
3.9123,1216,0.2141,0.0127,0.2138,0.7428,5.22,walk
3.9133,1217,0.2116,0.0129,0.2112,0.7428,5.205,walk
3.9171,1218,0.2109,0.0128,0.2105,0.6791,5.232,walk
3.9199,1219,0.2109,0.0126,0.2106,0.653,5.303,walk
3.9235,1220,0.2109,0.0124,0.2105,0.6301,5.35,walk
3.925,1221,0.2083,0.0125,0.2079,0.6301,5.339,walk
3.9291,1222,0.2091,0.0123,0.2087,0.6256,5.368,walk
3.9332,1223,0.2095,0.0121,0.2092,0.7406,5.501,walk
3.9337,1224,0.2069,0.0123,0.2065,0.7406,5.476,walk
3.937,1225,0.2078,0.012,0.2075,0.6542,5.568,walk
3.9381,1226,0.2052,0.0121,0.2049,0.6542,5.541,walk
3.9415,1227,0.2052,0.0119,0.2049,0.6386,5.641,walk
3.9447,1228,0.2059,0.0116,0.2056,0.6047,5.736,walk
3.9468,1229,0.2034,0.0117,0.203,0.6047,5.724,walk
3.9499,1230,0.2054,0.0115,0.2051,0.7034,5.818,walk
3.9528,1231,0.2047,0.0115,0.2044,0.637,5.912,walk
3.9543,1232,0.2035,0.0117,0.2031,0.637,5.899,walk
3.9585,1233,0.2048,0.0115,0.2045,0.6261,6.0,walk
3.9593,1234,0.2029,0.0118,0.2025,0.6261,5.95,walk
3.9627,1235,0.2034,0.0116,0.203,0.6333,6.025,walk
3.9664,1236,0.2045,0.0114,0.2042,0.6536,6.128,walk
3.9693,1237,0.2039,0.0114,0.2036,0.6299,6.223,walk
3.9726,1238,0.2041,0.0113,0.2037,0.6155,6.291,walk
3.9752,1239,0.2008,0.0116,0.2005,0.6155,6.225,walk
3.9785,1240,0.2009,0.0115,0.2006,0.6259,6.328,walk
3.9805,1241,0.1993,0.0116,0.199,0.6259,6.298,walk
3.9836,1242,0.2002,0.0115,0.1998,0.6073,6.451,walk
3.9858,1243,0.2011,0.0114,0.2008,0.6219,6.557,walk
3.9879,1244,0.1987,0.0116,0.1984,0.6219,6.516,walk
3.9913,1245,0.198,0.0115,0.1977,0.5822,6.638,walk
3.9954,1246,0.1991,0.0114,0.1988,0.6138,6.791,walk
3.9959,1247,0.1976,0.0115,0.1973,0.6138,6.781,walk
3.9994,1248,0.1986,0.0113,0.1983,0.6074,6.912,walk
4.0023,1249,0.1981,0.0112,0.1978,0.6204,7.012,walk
4.0049,1250,0.1959,0.0113,0.1955,0.6204,6.977,walk
4.0085,1251,0.1969,0.0111,0.1966,0.6171,7.129,walk
4.0091,1252,0.1947,0.0112,0.1943,0.6171,7.094,walk
4.0135,1253,0.1964,0.0109,0.1961,0.6053,7.202,walk
4.0174,1254,0.1938,0.0107,0.1935,0.6133,7.294,walk
4.0204,1255,0.1941,0.0105,0.1938,0.6177,7.39,walk
4.0233,1256,0.1952,0.0101,0.1949,0.6109,7.474,walk
4.0267,1257,0.1948,0.0099,0.1946,0.6195,7.559,walk
4.0294,1258,0.1927,0.0099,0.1924,0.6195,7.541,walk
4.032,1259,0.193,0.0095,0.1927,0.585,7.611,walk
4.0341,1260,0.1915,0.0095,0.1913,0.585,7.603,walk
4.0377,1261,0.1933,0.0093,0.1931,0.5949,7.71,walk
4.0383,1262,0.1912,0.0092,0.191,0.5949,7.693,walk
4.0413,1263,0.193,0.009,0.1928,0.6142,7.77,walk
4.0434,1264,0.1926,0.0086,0.1924,0.5795,7.835,walk
4.0464,1265,0.1905,0.0085,0.1903,0.5795,7.802,walk
4.0508,1266,0.1916,0.0083,0.1915,0.6026,7.917,walk
4.0518,1267,0.192,0.008,0.1919,0.5927,7.979,walk
4.054,1268,0.1907,0.0079,0.1905,0.5927,7.955,walk
4.057,1269,0.1918,0.0077,0.1916,0.6014,8.03,walk
4.0589,1270,0.1897,0.0076,0.1896,0.6014,8.0,walk
4.0612,1271,0.1884,0.0075,0.1882,0.6014,7.992,walk
4.0667,1272,0.1919,0.007,0.1918,0.6031,8.135,walk
4.07,1273,0.191,0.0067,0.1909,0.5972,8.216,walk
4.0704,1274,0.189,0.0066,0.1889,0.5972,8.203,walk
4.0736,1275,0.1894,0.0062,0.1893,0.5712,8.224,walk
4.0761,1276,0.1887,0.0062,0.1886,0.5712,8.218,walk
4.079,1277,0.1878,0.0058,0.1877,0.5976,8.285,walk
4.0831,1278,0.1894,0.0058,0.1893,0.549,8.473,walk
4.0834,1279,0.1874,0.0057,0.1873,0.549,8.449,walk
4.0856,1280,0.1885,0.0054,0.1884,0.5834,8.51,walk
4.0877,1281,0.1871,0.0053,0.1871,0.5834,8.504,walk
4.0906,1282,0.1875,0.0051,0.1875,0.5797,8.558,walk
4.0953,1283,0.1886,0.0048,0.1885,0.5734,8.619,walk
4.096,1284,0.1859,0.0047,0.1858,0.5734,8.598,walk
4.0996,1285,0.187,0.0045,0.1869,0.5899,8.691,walk
4.1004,1286,0.1856,0.0045,0.1856,0.5899,8.675,walk
4.1035,1287,0.1859,0.0042,0.1859,0.5632,8.74,walk
4.1056,1288,0.1846,0.0041,0.1845,0.5632,8.725,walk
4.1092,1289,0.1842,0.0039,0.1842,0.5739,8.802,walk
4.1134,1290,0.1846,0.0036,0.1846,0.5842,8.862,walk
4.1174,1291,0.1849,0.0034,0.1849,0.5652,8.957,walk
4.1188,1292,0.1852,0.0032,0.1852,0.5759,9.061,walk
4.121,1293,0.1845,0.0032,0.1845,0.5759,9.05,walk
4.1234,1294,0.1841,0.0031,0.1841,0.5645,9.191,walk
4.125,1295,0.1827,0.003,0.1827,0.5645,9.172,walk
4.1283,1296,0.1837,0.0028,0.1837,0.5847,9.266,walk
4.1294,1297,0.1823,0.0028,0.1823,0.5847,9.259,walk
4.1332,1298,0.1832,0.0027,0.1832,0.5637,9.389,walk
4.1379,1299,0.1835,0.0025,0.1835,0.5858,9.496,walk
4.1387,1300,0.1807,0.0025,0.1807,0.5858,9.463,walk
4.1414,1301,0.1808,0.0022,0.1808,0.5591,9.55,walk
4.1458,1302,0.1817,0.002,0.1817,0.5603,9.604,walk
4.1464,1303,0.1795,0.0019,0.1795,0.5603,9.563,walk
4.1506,1304,0.1804,0.0017,0.1804,0.5653,9.657,walk
4.1517,1305,0.1805,0.0015,0.1805,0.5373,9.763,walk
4.1542,1306,0.179,0.0015,0.179,0.5373,9.737,walk
4.1585,1307,0.179,0.0013,0.179,0.5432,9.799,walk
4.159,1308,0.1775,0.0013,0.1775,0.5432,9.772,walk
4.1623,1309,0.1783,0.0011,0.1783,0.549,9.895,walk
4.1649,1310,0.1753,0.0011,0.1753,0.549,9.835,walk
4.1696,1311,0.1754,0.0009,0.1754,0.5539,9.887,walk
4.1722,1312,0.1776,0.0005,0.1776,0.5438,10.12,walk
4.1742,1313,0.1746,0.0005,0.1746,0.5438,10.068,walk
4.1778,1314,0.1745,0.0004,0.1745,0.546,10.164,walk
4.1801,1315,0.1737,0.0004,0.1737,0.546,10.146,walk
4.1829,1316,0.1737,0.0003,0.1737,0.5495,10.246,walk
4.1866,1317,0.1737,0.0003,0.1737,0.5709,10.332,walk
4.1883,1318,0.1705,0.0004,0.1705,0.5709,10.23,walk
4.1906,1319,0.1711,0.0002,0.1711,0.5172,10.366,walk
4.1942,1320,0.1716,0.0001,0.1716,0.525,10.461,walk
4.1963,1321,0.1684,0.0002,0.1684,0.525,10.395,walk
4.2005,1322,0.1689,0.0001,0.1689,0.5096,10.485,walk
4.2036,1323,0.1687,0.0,0.1687,0.5515,10.624,walk
4.2081,1324,0.165,0.0002,0.165,0.5271,10.617,walk
4.2121,1325,0.1664,0.0001,0.1664,0.5448,10.812,walk
4.2187,1326,0.1641,-0.0006,0.1641,0.5298,10.785,walk
4.2214,1327,0.1633,-0.0006,0.1633,0.5298,10.761,walk
4.2245,1328,0.162,-0.0003,0.162,0.507,10.875,walk
4.2277,1329,0.1608,0.0007,0.1608,0.4278,11.281,walk
4.2297,1330,0.1582,0.0009,0.1582,0.4278,11.21,walk
4.232,1331,0.1588,0.0009,0.1588,0.5524,11.355,walk
4.2341,1332,0.1561,0.0012,0.1561,0.5524,11.307,walk
4.2363,1333,0.1574,0.0012,0.1574,0.5195,11.491,walk
4.2385,1334,0.1548,0.0015,0.1548,0.5195,11.419,walk
4.2415,1335,0.1544,0.0016,0.1544,0.5567,11.533,walk
4.2449,1336,0.1549,0.0016,0.1548,0.5086,11.682,walk
4.2459,1337,0.1534,0.0017,0.1534,0.5086,11.658,walk
4.2487,1338,0.155,0.0016,0.155,0.5391,11.844,walk
4.2507,1339,0.1532,0.0017,0.1532,0.5391,11.784,walk
4.2535,1340,0.1535,0.0017,0.1535,0.5141,11.922,walk
4.2565,1341,0.1544,0.0011,0.1544,0.7267,12.07,walk
4.2583,1342,0.1524,0.0012,0.1524,0.7267,12.039,walk
4.2624,1343,0.1533,0.0011,0.1533,0.5411,12.248,walk
4.2638,1344,0.152,0.0012,0.152,0.5411,12.24,walk
4.2666,1345,0.1512,0.0012,0.1512,0.5039,12.463,walk
4.2705,1346,0.1504,0.0012,0.1504,0.5495,12.688,walk
4.2729,1347,0.1519,0.0012,0.1519,0.56,12.944,walk
4.2748,1348,0.1495,0.0013,0.1495,0.56,12.902,walk
4.2797,1349,0.1508,0.0012,0.1508,0.5144,13.158,walk
4.2836,1350,0.1476,0.0015,0.1476,0.5308,13.455,walk
4.2862,1351,0.1467,0.0016,0.1467,0.5075,13.682,walk
4.2891,1352,0.1473,0.0016,0.1473,0.514,13.936,walk
4.2915,1353,0.1451,0.0017,0.1451,0.514,13.869,walk
4.2957,1354,0.1453,0.0018,0.1452,0.5144,14.116,walk
4.3,1355,0.1454,0.002,0.1454,0.5113,14.377,walk
4.3006,1356,0.1434,0.0021,0.1434,0.5113,14.316,walk
4.3039,1357,0.1441,0.0023,0.1441,0.4984,14.517,walk
4.305,1358,0.1427,0.0024,0.1427,0.4984,14.495,walk
4.3085,1359,0.1426,0.0027,0.1426,0.5142,14.694,walk
4.3105,1360,0.1426,0.0029,0.1426,0.534,14.916,walk
4.3126,1361,0.1411,0.0031,0.1411,0.534,14.847,walk
4.3191,1362,0.1419,0.0033,0.1419,0.5492,15.12,walk
4.3231,1363,0.1414,0.0039,0.1414,0.5659,15.557,walk
4.3268,1364,0.1406,0.0045,0.1405,0.5042,15.825,walk
4.3291,1365,0.1392,0.0047,0.1391,0.5042,15.773,walk
4.3317,1366,0.1386,0.0052,0.1385,0.5468,16.035,walk
4.3334,1367,0.1372,0.0054,0.1371,0.5468,15.981,walk
4.3379,1368,0.1371,0.0057,0.137,0.6575,16.009,walk
4.3416,1369,0.1367,0.0063,0.1365,0.5687,16.282,walk
4.3446,1370,0.1376,0.0066,0.1375,0.5569,16.554,walk
4.3459,1371,0.1356,0.0069,0.1354,0.5569,16.497,walk
4.3501,1372,0.1366,0.0071,0.1364,0.5714,16.748,walk
4.3507,1373,0.1352,0.0073,0.135,0.5714,16.719,walk
4.3539,1374,0.1355,0.0076,0.1353,0.5628,16.918,walk
4.355,1375,0.1342,0.0078,0.1339,0.5628,16.86,walk
4.3585,1376,0.136,0.0079,0.1357,0.5947,17.145,walk
4.3591,1377,0.134,0.0082,0.1337,0.5947,17.027,walk
4.3625,1378,0.1356,0.0082,0.1354,0.5667,17.298,walk
4.3658,1379,0.133,0.0086,0.1327,0.5667,17.179,walk
4.3707,1380,0.1358,0.0088,0.1355,0.5833,17.631,walk
4.3742,1381,0.1349,0.0091,0.1346,0.5794,17.758,walk
4.3776,1382,0.1349,0.0097,0.1345,0.7756,18.339,walk
4.3807,1383,0.1336,0.0099,0.1332,0.7756,18.249,walk
4.3835,1384,0.134,0.0103,0.1336,0.5802,18.536,walk
4.3869,1385,0.1338,0.0109,0.1333,0.5557,18.776,walk
4.3897,1386,0.1349,0.0113,0.1344,0.5797,19.073,walk
4.3912,1387,0.133,0.0116,0.1325,0.5797,19.012,walk
4.3955,1388,0.1334,0.012,0.1328,0.5494,19.205,walk
4.3962,1389,0.1321,0.0122,0.1315,0.5494,19.174,walk
4.3993,1390,0.1337,0.0124,0.1331,0.5375,19.452,walk
4.4021,1391,0.1334,0.0129,0.1328,0.5542,19.652,walk
4.4038,1392,0.1322,0.013,0.1315,0.5542,19.557,walk
4.408,1393,0.1332,0.0132,0.1325,0.5478,19.819,walk
4.4087,1394,0.1313,0.0134,0.1306,0.5478,19.755,walk
4.411,1395,0.1323,0.0137,0.1316,0.5557,19.981,walk
4.4135,1396,0.1304,0.0139,0.1296,0.5557,19.916,walk
4.4185,1397,0.1295,0.0142,0.1287,0.5477,20.054,walk
4.4225,1398,0.1305,0.0143,0.1297,0.5641,20.299,walk
4.4233,1399,0.1309,0.0145,0.1301,0.5549,20.576,walk
4.4254,1400,0.1296,0.0146,0.1288,0.5549,20.477,walk
4.4279,1401,0.1306,0.0147,0.1297,0.5398,20.755,walk
4.43,1402,0.1286,0.0149,0.1278,0.5398,20.622,walk
4.4337,1403,0.1297,0.0149,0.1288,0.5629,20.918,walk
4.436,1404,0.13,0.0151,0.1291,0.5424,21.097,walk
4.4379,1405,0.128,0.0152,0.1271,0.5424,21.032,walk
4.4413,1406,0.1303,0.0152,0.1294,0.5487,21.353,walk
4.4459,1407,0.1303,0.0156,0.1294,0.6681,21.513,walk
4.4463,1408,0.1277,0.0158,0.1267,0.6681,21.35,walk
4.4499,1409,0.1273,0.0159,0.1263,0.5388,21.537,walk
4.4525,1410,0.1282,0.016,0.1272,0.5405,21.775,walk
4.454,1411,0.1275,0.016,0.1265,0.5405,21.743,walk
4.4583,1412,0.1277,0.0161,0.1267,0.5287,21.95,walk
4.4589,1413,0.1264,0.0162,0.1253,0.5287,21.886,walk
4.4621,1414,0.1273,0.0163,0.1263,0.5527,22.169,walk
4.4666,1415,0.1268,0.0164,0.1257,0.5201,22.336,walk
4.47,1416,0.1255,0.0165,0.1244,0.5208,22.452,walk
4.4731,1417,0.1263,0.0165,0.1252,0.5258,22.629,walk
4.4756,1418,0.1236,0.0165,0.1225,0.5258,22.533,walk
4.4783,1419,0.1243,0.0165,0.1232,0.5292,22.723,walk
4.4831,1420,0.1224,0.0166,0.1212,0.5327,22.854,walk
4.4871,1421,0.1231,0.0166,0.122,0.527,23.122,walk
4.4876,1422,0.1217,0.0165,0.1206,0.527,23.056,walk
4.4915,1423,0.1224,0.0165,0.1213,0.5134,23.237,walk
4.4923,1424,0.1203,0.0164,0.1191,0.5134,23.17,walk
4.4948,1425,0.1216,0.0164,0.1205,0.5106,23.399,walk
4.4979,1426,0.1215,0.0164,0.1204,0.5018,23.61,walk
4.4999,1427,0.1186,0.0162,0.1175,0.5018,23.436,walk
4.5037,1428,0.1199,0.0162,0.1188,0.5083,23.694,walk
4.5045,1429,0.1177,0.0161,0.1166,0.5083,23.588,walk
4.5083,1430,0.1182,0.016,0.1171,0.4939,23.803,walk
4.511,1431,0.1172,0.0159,0.1161,0.5037,23.957,walk
4.5131,1432,0.1157,0.0158,0.1146,0.5037,23.92,walk
4.5187,1433,0.1161,0.0157,0.1151,0.4812,24.121,walk
4.5223,1434,0.1163,0.0155,0.1153,0.5051,24.533,walk
4.523,1435,0.114,0.0153,0.1129,0.5051,24.459,walk
4.5255,1436,0.1124,0.0152,0.1114,0.5051,24.346,walk
4.5279,1437,0.1121,0.0151,0.1111,0.4911,24.592,walk
4.53,1438,0.1097,0.0149,0.1087,0.4911,24.44,walk
4.5337,1439,0.1109,0.0148,0.1099,0.4807,24.732,walk
4.5342,1440,0.1085,0.0146,0.1076,0.4807,24.616,walk
4.5369,1441,0.1097,0.0146,0.1087,0.4937,24.925,walk
4.5403,1442,0.1085,0.0143,0.1076,0.4944,25.113,walk
4.5419,1443,0.1062,0.014,0.1053,0.4944,25.038,walk
4.5452,1444,0.1058,0.0138,0.1049,0.476,25.246,walk
4.5503,1445,0.1062,0.0137,0.1053,0.4805,25.582,walk
4.5507,1446,0.1043,0.0136,0.1034,0.4805,25.469,walk
4.5529,1447,0.1051,0.0137,0.1042,0.4871,25.737,walk
4.5577,1448,0.1055,0.0138,0.1046,0.4894,26.032,walk
4.5581,1449,0.1038,0.0138,0.1028,0.4894,25.905,walk
4.5626,1450,0.1039,0.0138,0.103,0.4608,26.111,walk
4.5639,1451,0.1027,0.0138,0.1017,0.4608,26.068,walk
4.5701,1452,0.1033,0.0138,0.1024,0.47,26.591,walk
4.5736,1453,0.1026,0.0137,0.1017,0.4851,26.828,walk
4.5753,1454,0.1006,0.0136,0.0997,0.4851,26.742,walk
4.5784,1455,0.1012,0.0136,0.1002,0.4593,27.004,walk
4.5835,1456,0.101,0.0135,0.1001,0.4431,27.304,walk
4.5845,1457,0.1002,0.0134,0.0993,0.4618,27.556,walk
4.5869,1458,0.0989,0.0134,0.098,0.4618,27.435,walk
4.5913,1459,0.0994,0.0133,0.0985,0.4507,27.746,walk
4.5918,1460,0.0976,0.0132,0.0967,0.4507,27.637,walk
4.5948,1461,0.0983,0.013,0.0974,0.4768,28.021,walk
4.5968,1462,0.0964,0.0129,0.0955,0.4768,27.88,walk
4.6001,1463,0.0976,0.0128,0.0967,0.4363,28.227,walk
4.6033,1464,0.0969,0.0127,0.0961,0.4535,28.521,walk
4.6081,1465,0.0962,0.0124,0.0954,0.4351,28.812,walk
4.6088,1466,0.0943,0.0123,0.0935,0.4351,28.671,walk
4.6109,1467,0.0954,0.0123,0.0946,0.4202,29.051,walk
4.613,1468,0.0936,0.0121,0.0928,0.4202,28.909,walk
4.6164,1469,0.0941,0.0121,0.0933,0.4164,29.29,walk
4.6201,1470,0.0928,0.0119,0.0921,0.4359,29.547,walk
4.6232,1471,0.0934,0.0118,0.0926,0.425,29.84,walk
4.6268,1472,0.0933,0.0116,0.0926,0.4156,30.174,walk
4.6292,1473,0.0916,0.0114,0.0908,0.4156,30.027,jog
4.6329,1474,0.0915,0.0111,0.0908,0.4149,30.287,jog
4.6335,1475,0.0898,0.0109,0.0891,0.4149,30.137,jog
4.6359,1476,0.0903,0.0108,0.0896,0.4104,30.488,jog
4.6379,1477,0.0886,0.0106,0.0879,0.4104,30.334,jog
4.6414,1478,0.0896,0.0107,0.089,0.3861,30.691,jog
4.6422,1479,0.0879,0.0105,0.0873,0.3861,30.574,jog
4.6455,1480,0.0885,0.0103,0.0879,0.4104,30.888,jog
4.6465,1481,0.0874,0.0102,0.0868,0.4104,30.848,jog
4.6501,1482,0.0873,0.01,0.0868,0.3962,31.076,jog
4.6526,1483,0.0873,0.0098,0.0867,0.388,31.405,jog
4.6543,1484,0.0867,0.0098,0.0862,0.388,31.325,jog
4.6585,1485,0.0872,0.0097,0.0867,0.387,31.683,jog
4.6626,1486,0.0856,0.0093,0.0851,0.395,31.816,jog
4.6633,1487,0.0845,0.0092,0.0841,0.395,31.693,jog
4.6656,1488,0.0846,0.0092,0.0841,0.2646,31.981,jog
4.669,1489,0.0855,0.0089,0.085,0.4869,32.314,jog
4.671,1490,0.0839,0.0088,0.0835,0.4869,32.23,jog
4.6753,1491,0.0844,0.0086,0.084,0.3815,32.495,jog
4.6762,1492,0.0829,0.0085,0.0824,0.3815,32.411,jog
4.6796,1493,0.083,0.0085,0.0825,0.2738,32.638,jog
4.6832,1494,0.0819,0.0082,0.0814,0.3573,32.813,jog
4.6871,1495,0.0823,0.0081,0.0819,0.3562,33.118,jog
4.6875,1496,0.0808,0.008,0.0804,0.3562,33.033,jog
4.6912,1497,0.0808,0.0078,0.0804,0.3858,33.282,jog
4.6954,1498,0.0808,0.0076,0.0804,0.3562,33.592,jog
4.6968,1499,0.0792,0.0075,0.0789,0.3562,33.42,jog
4.7001,1500,0.0787,0.0074,0.0783,0.3481,33.636,jog
4.7029,1501,0.0791,0.0073,0.0788,0.3489,34.007,jog
4.7046,1502,0.0781,0.0072,0.0778,0.3489,33.92,jog
4.7071,1503,0.0781,0.0071,0.0778,0.3615,34.169,jog
4.7091,1504,0.0771,0.007,0.0767,0.3615,34.125,jog
4.7123,1505,0.077,0.0069,0.0767,0.3534,34.355,jog
4.7155,1506,0.0774,0.0068,0.0771,0.3377,34.727,jog
4.7187,1507,0.0764,0.0068,0.0761,0.3377,34.595,jog
4.7196,1508,0.0763,0.0067,0.076,0.3236,34.895,jog
4.7224,1509,0.0766,0.0067,0.0763,0.3312,35.179,jog
4.7243,1510,0.0751,0.0066,0.0748,0.3312,35.09,jog
4.7287,1511,0.0755,0.0065,0.0753,0.3468,35.378,jog
4.7297,1512,0.074,0.0065,0.0738,0.3468,35.287,jog
4.733,1513,0.0744,0.0064,0.0742,0.3351,35.559,jog
4.7337,1514,0.0734,0.0064,0.0731,0.3351,35.466,jog
4.7365,1515,0.0732,0.0064,0.073,0.3178,35.782,jog
4.741,1516,0.0736,0.0063,0.0733,0.3233,36.065,jog
4.7415,1517,0.0721,0.0063,0.0718,0.3233,35.969,jog
4.7449,1518,0.0724,0.0063,0.0722,0.3276,36.254,jog
4.7458,1519,0.0714,0.0063,0.0712,0.3276,36.155,jog
4.7508,1520,0.0718,0.0062,0.0715,0.3191,36.525,jog
4.7519,1521,0.0711,0.0062,0.0708,0.3163,36.699,jog
4.7539,1522,0.07,0.0062,0.0698,0.3163,36.648,jog
4.7577,1523,0.0694,0.0062,0.0691,0.32,36.824,jog
4.759,1524,0.0684,0.0062,0.0681,0.32,36.772,jog
4.7622,1525,0.0681,0.0063,0.0678,0.3063,36.991,jog
4.7666,1526,0.0674,0.0064,0.0671,0.3086,37.2,jog
4.7724,1527,0.0666,0.0065,0.0663,0.2998,37.42,jog
4.7755,1528,0.0658,0.0066,0.0655,0.3009,37.636,jog
4.7785,1529,0.0661,0.0067,0.0657,0.2975,37.955,jog
4.7812,1530,0.0652,0.0069,0.0649,0.2926,38.156,jog
4.7839,1531,0.0642,0.007,0.0638,0.2926,38.038,jog
4.7878,1532,0.0629,0.0073,0.0625,0.2965,38.243,jog
4.7915,1533,0.0621,0.0076,0.0616,0.2841,38.362,jog
4.7944,1534,0.0622,0.0078,0.0617,0.2853,38.732,jog
4.7962,1535,0.0607,0.008,0.0601,0.2853,38.542,jog
4.8003,1536,0.0614,0.0081,0.0608,0.2881,38.921,jog
4.8024,1537,0.0605,0.0085,0.0599,0.2814,39.092,jog
4.8041,1538,0.0589,0.0088,0.0583,0.2814,38.83,jog
4.8076,1539,0.059,0.009,0.0583,0.2702,39.124,jog
4.8087,1540,0.058,0.0092,0.0573,0.2702,39.058,jog
4.8125,1541,0.0571,0.0097,0.0563,0.2763,39.159,jog
4.8199,1542,0.0588,0.0097,0.0579,0.2636,40.005,jog
4.8213,1543,0.0552,0.0107,0.0542,0.2636,39.543,jog
4.8236,1544,0.0548,0.0111,0.0537,0.2683,39.702,jog
4.8259,1545,0.0543,0.0112,0.0531,0.2683,39.637,jog
4.8288,1546,0.0534,0.0117,0.052,0.2697,39.805,jog
4.8334,1547,0.0534,0.012,0.052,0.2592,40.095,jog
4.8337,1548,0.0519,0.0125,0.0504,0.2592,39.964,jog
4.8375,1549,0.051,0.0131,0.0493,0.2556,40.12,jog
4.8418,1550,0.0506,0.0135,0.0487,0.2581,40.278,jog
4.845,1551,0.0501,0.0139,0.0482,0.2504,40.568,jog
4.8478,1552,0.0502,0.014,0.0481,0.2403,40.848,jog
4.85,1553,0.0482,0.0145,0.046,0.2403,40.469,jog
4.8528,1554,0.0485,0.0145,0.0463,0.2406,40.822,jog
4.855,1555,0.0477,0.0146,0.0454,0.2406,40.606,jog
4.8577,1556,0.0484,0.0145,0.0461,0.2327,40.964,jog
4.8612,1557,0.0484,0.0145,0.0462,0.2206,41.209,jog
4.8638,1558,0.0472,0.0146,0.0449,0.2206,41.026,jog
4.8713,1559,0.0467,0.0146,0.0444,0.2244,41.613,jog
4.8717,1560,0.046,0.0147,0.0436,0.2244,41.483,jog
4.8748,1561,0.0456,0.0147,0.0432,0.2137,41.788,jog
4.8785,1562,0.0453,0.0146,0.0428,0.2108,42.042,jog
4.8795,1563,0.0445,0.0147,0.042,0.2108,41.955,jog
4.8828,1564,0.0449,0.0145,0.0425,0.2168,42.252,jog
4.8836,1565,0.0438,0.0147,0.0413,0.2168,42.164,jog
4.8876,1566,0.0435,0.0146,0.0409,0.214,42.356,jog
4.8899,1567,0.0432,0.0145,0.0406,0.2085,42.634,jog
4.8919,1568,0.0425,0.0146,0.0399,0.2085,42.501,jog
4.8957,1569,0.0422,0.0144,0.0397,0.2062,42.729,jog
4.8997,1570,0.0413,0.0144,0.0386,0.1906,42.84,jog
4.9037,1571,0.0412,0.0142,0.0387,0.2067,43.094,jog
4.9042,1572,0.0402,0.0143,0.0376,0.2067,42.952,jog
4.9081,1573,0.0402,0.0141,0.0376,0.2,43.183,jog
4.911,1574,0.0395,0.0139,0.0369,0.2019,43.322,jog
4.9127,1575,0.0388,0.014,0.0362,0.2019,43.273,jog
4.919,1576,0.0388,0.0137,0.0362,0.1981,43.44,jog
4.9207,1577,0.0384,0.0135,0.0359,0.1983,43.65,jog
4.9239,1578,0.037,0.0133,0.0345,0.1976,43.597,jog
4.9269,1579,0.0369,0.013,0.0345,0.2018,43.846,jog
4.9291,1580,0.0362,0.013,0.0338,0.2018,43.741,jog
4.9326,1581,0.0355,0.0127,0.0332,0.2023,43.817,jog
4.9334,1582,0.0349,0.0127,0.0325,0.2023,43.658,jog
4.9365,1583,0.0348,0.0124,0.0325,0.2016,43.825,jog
4.9399,1584,0.0344,0.012,0.0322,0.199,43.977,jog
4.9412,1585,0.0334,0.0121,0.0312,0.199,43.814,jog
4.9452,1586,0.0327,0.0116,0.0306,0.2118,43.802,jog
4.9479,1587,0.0326,0.0112,0.0306,0.2075,43.991,jog
4.951,1588,0.0313,0.0112,0.0293,0.2075,43.77,jog
4.954,1589,0.0309,0.0107,0.029,0.2007,43.778,jog
4.9577,1590,0.0308,0.0103,0.029,0.2038,43.886,jog
4.9581,1591,0.0302,0.0103,0.0284,0.2038,43.83,jog
4.9627,1592,0.0297,0.0098,0.028,0.2787,43.737,jog
4.9661,1593,0.0292,0.0092,0.0277,0.2082,43.838,jog
4.9697,1594,0.0281,0.0086,0.0267,0.2091,43.766,jog
4.9727,1595,0.0277,0.008,0.0265,0.3304,43.892,jog
4.9754,1596,0.0268,0.008,0.0256,0.3304,43.662,jog
4.9786,1597,0.0266,0.0073,0.0256,0.2125,43.725,jog
4.9819,1598,0.0261,0.0066,0.0252,0.2091,43.711,jog
4.984,1599,0.0251,0.0065,0.0243,0.2091,43.595,jog
4.986,1600,0.025,0.0058,0.0243,0.2272,43.577,jog
4.9881,1601,0.0241,0.0057,0.0234,0.2272,43.46,jog
4.992,1602,0.024,0.0049,0.0235,0.2358,43.418,jog
4.9956,1603,0.0236,0.0041,0.0232,0.231,43.393,jog
4.9965,1604,0.0226,0.004,0.0223,0.231,43.213,jog
5.0005,1605,0.0225,0.0032,0.0222,0.22,43.218,jog
5.003,1606,0.0217,0.0023,0.0216,0.2274,43.113,jog
5.0051,1607,0.0208,0.0021,0.0207,0.2274,42.992,jog
5.0085,1608,0.0211,0.0013,0.021,0.2478,43.09,jog
5.0134,1609,0.0201,0.0003,0.0201,0.2303,42.921,jog
5.0154,1610,0.0198,-0.0006,0.0197,0.2232,42.811,jog
5.0177,1611,0.0194,-0.0007,0.0194,0.2232,42.75,jog
5.0217,1612,0.0188,-0.0016,0.0187,0.2167,42.635,jog
5.0256,1613,0.0186,-0.0032,0.0183,0.3546,42.214,jog
5.0268,1614,0.0181,-0.0042,0.0176,0.2345,42.076,jog
5.0293,1615,0.0172,-0.0045,0.0166,0.2345,41.825,jog
5.0325,1616,0.0171,-0.0055,0.0162,0.2304,41.809,jog
5.0345,1617,0.0165,-0.0056,0.0155,0.2304,41.683,jog
5.0376,1618,0.0164,-0.0066,0.0151,0.2301,41.611,jog
5.0401,1619,0.0168,-0.0076,0.015,0.2413,41.749,jog
5.0417,1620,0.0162,-0.0077,0.0143,0.2413,41.559,jog
5.0459,1621,0.0164,-0.0088,0.0139,0.2549,41.654,jog
5.0486,1622,0.0165,-0.01,0.0131,0.2586,41.537,jog
5.0522,1623,0.0167,-0.0112,0.0123,0.2637,41.559,jog
5.0542,1624,0.0163,-0.0114,0.0116,0.2637,41.368,jog
5.0583,1625,0.017,-0.0125,0.0115,0.2599,41.509,jog
5.0625,1626,0.017,-0.0139,0.0099,0.2536,41.242,jog
5.0689,1627,0.0188,-0.0158,0.0102,0.2545,41.501,jog
5.0727,1628,0.0192,-0.0174,0.008,0.2529,41.131,jog
5.0751,1629,0.0189,-0.0178,0.0065,0.2529,40.874,jog
5.0789,1630,0.0199,-0.0189,0.0062,0.2572,40.903,jog
5.0797,1631,0.0198,-0.0191,0.0054,0.2572,40.838,jog
5.0835,1632,0.0209,-0.0202,0.0051,0.2652,40.806,jog
5.084,1633,0.0209,-0.0205,0.0039,0.2652,40.677,jog
5.0876,1634,0.0221,-0.0218,0.0037,0.2859,40.636,jog
5.0891,1635,0.0232,-0.023,0.0034,0.2838,40.68,jog
5.0911,1636,0.0234,-0.0233,0.0022,0.2838,40.551,jog
5.0947,1637,0.0246,-0.0246,0.0018,0.2897,40.529,jog
5.0963,1638,0.0249,-0.0249,0.0005,0.2897,40.399,jog
5.0994,1639,0.0263,-0.0263,-0.0003,0.289,40.301,jog
5.1014,1640,0.0265,-0.0265,-0.0012,0.289,40.236,jog
5.1046,1641,0.0278,-0.0277,-0.002,0.2648,40.105,jog
5.1082,1642,0.0291,-0.029,-0.0024,0.2913,40.204,jog
5.1112,1643,0.0306,-0.0304,-0.0033,0.2909,40.086,jog
5.1131,1644,0.0312,-0.0308,-0.005,0.2909,39.828,jog
5.1166,1645,0.0325,-0.0321,-0.005,0.305,39.945,jog
5.1196,1646,0.0343,-0.0337,-0.0064,0.3136,39.86,jog
5.1239,1647,0.0364,-0.0354,-0.0083,0.3032,39.719,jog
5.1272,1648,0.0378,-0.0368,-0.0087,0.3002,39.839,jog
5.1294,1649,0.0387,-0.0372,-0.0106,0.3002,39.588,jog
5.1336,1650,0.0405,-0.0388,-0.0117,0.319,39.51,jog
5.1341,1651,0.041,-0.039,-0.0126,0.319,39.386,jog
5.1381,1652,0.0429,-0.0407,-0.0137,0.3235,39.463,jog
5.1402,1653,0.0442,-0.042,-0.0138,0.3132,39.526,jog
5.1421,1654,0.0452,-0.0425,-0.0156,0.3132,39.356,jog
5.1455,1655,0.0469,-0.0441,-0.0159,0.377,39.274,jog
5.1484,1656,0.0482,-0.0455,-0.016,0.317,39.381,jog
5.1507,1657,0.0484,-0.0455,-0.0165,0.317,39.095,jog
5.1544,1658,0.0496,-0.0468,-0.0164,0.3187,39.227,jog
5.1559,1659,0.0507,-0.048,-0.0165,0.2902,39.259,jog
5.1584,1660,0.0509,-0.0481,-0.0169,0.2902,39.022,jog
5.1607,1661,0.0522,-0.0494,-0.0169,0.3116,39.178,jog
5.1638,1662,0.0534,-0.0506,-0.0169,0.3123,39.272,jog
5.1669,1663,0.054,-0.0509,-0.0178,0.3123,38.976,jog
5.1694,1664,0.0542,-0.0511,-0.0182,0.3123,38.918,jog
5.1739,1665,0.0558,-0.0526,-0.0187,0.3285,38.823,jog
5.1774,1666,0.0583,-0.0553,-0.0185,0.3344,39.195,jog
5.1778,1667,0.0586,-0.0555,-0.019,0.3344,38.973,jog
5.1806,1668,0.0599,-0.0568,-0.0189,0.3329,39.121,jog
5.1833,1669,0.0602,-0.057,-0.0194,0.3329,38.957,jog
5.1876,1670,0.0618,-0.0585,-0.0198,0.3499,38.982,walk
5.188,1671,0.0619,-0.0586,-0.02,0.3499,38.831,walk
5.192,1672,0.0635,-0.0602,-0.0203,0.3576,38.923,walk
5.1956,1673,0.0648,-0.0615,-0.0203,0.3297,39.006,walk
5.1963,1674,0.0651,-0.0617,-0.0208,0.3297,38.841,walk
5.199,1675,0.0667,-0.0633,-0.021,0.3801,38.897,walk
5.2005,1676,0.0668,-0.0633,-0.0212,0.3801,38.858,walk
5.2043,1677,0.0683,-0.0649,-0.0213,0.3657,38.904,walk
5.2073,1678,0.0697,-0.0662,-0.0218,0.2958,38.661,walk
5.2084,1679,0.0699,-0.0663,-0.0221,0.2958,38.581,walk
5.2121,1680,0.0717,-0.0681,-0.0223,0.3836,38.591,walk
5.2197,1681,0.0747,-0.0713,-0.0222,0.3868,38.799,walk
5.2233,1682,0.0767,-0.0731,-0.0231,0.3513,38.454,walk
5.2253,1683,0.0771,-0.0734,-0.0235,0.3513,38.32,walk
5.2285,1684,0.0787,-0.075,-0.0239,0.3623,38.124,walk
5.2329,1685,0.0807,-0.077,-0.0241,0.4307,38.185,walk
5.2364,1686,0.0825,-0.0789,-0.0242,0.4266,38.116,walk
5.2381,1687,0.0828,-0.0791,-0.0244,0.4266,37.973,walk
5.2411,1688,0.0848,-0.0812,-0.0246,0.4585,38.019,walk
5.2422,1689,0.085,-0.0813,-0.0248,0.4585,37.874,walk
5.2456,1690,0.0868,-0.0832,-0.0247,0.4483,37.917,walk
5.2465,1691,0.087,-0.0834,-0.0249,0.4483,37.82,walk
5.2488,1692,0.0889,-0.0854,-0.0249,0.4779,37.89,walk
5.2507,1693,0.0892,-0.0856,-0.0251,0.4779,37.693,walk
5.2539,1694,0.0912,-0.0876,-0.0252,0.4613,37.667,walk
5.257,1695,0.0932,-0.0897,-0.0254,0.4648,37.545,walk
5.2587,1696,0.0933,-0.0897,-0.0254,0.4648,37.545,walk
5.2618,1697,0.0954,-0.0919,-0.0257,0.4751,37.412,walk
5.2672,1698,0.0975,-0.094,-0.0259,0.4736,37.273,walk
5.2691,1699,0.0978,-0.0942,-0.0261,0.4736,37.069,walk
5.2737,1700,0.1022,-0.0987,-0.0264,0.505,36.926,walk
5.2769,1701,0.1023,-0.0988,-0.0265,0.505,36.823,walk
5.2779,1702,0.1046,-0.1011,-0.0267,0.5365,36.825,walk
5.2804,1703,0.1068,-0.1034,-0.027,0.5214,36.673,walk
5.2829,1704,0.107,-0.1035,-0.0271,0.5214,36.57,walk
5.2868,1705,0.1094,-0.1059,-0.0274,0.5465,36.459,walk
5.2886,1706,0.1094,-0.1059,-0.0274,0.5465,36.407,walk
5.2912,1707,0.1118,-0.1083,-0.0277,0.5452,36.35,walk
5.2942,1708,0.1143,-0.1108,-0.0281,0.5543,36.123,walk
5.2957,1709,0.1144,-0.1109,-0.0282,0.5543,36.071,walk
5.2989,1710,0.1169,-0.1133,-0.0285,0.5696,35.885,walk
5.301,1711,0.117,-0.1134,-0.0286,0.5696,35.833,walk
5.3048,1712,0.1195,-0.1159,-0.0289,0.565,35.659,walk
5.3058,1713,0.122,-0.1184,-0.0293,0.599,35.584,walk
5.3076,1714,0.1221,-0.1185,-0.0294,0.599,35.532,walk
5.311,1715,0.1246,-0.121,-0.0298,0.5868,35.399,walk
5.313,1716,0.1248,-0.1212,-0.0299,0.5868,35.191,walk
5.3165,1717,0.1274,-0.1237,-0.0303,0.6038,35.158,walk
5.32,1718,0.1302,-0.1265,-0.0308,0.6328,34.984,walk
5.324,1719,0.133,-0.1292,-0.0314,0.6237,34.735,walk
5.3269,1720,0.1358,-0.1319,-0.032,0.63,34.658,walk
5.3291,1721,0.1358,-0.132,-0.032,0.63,34.554,walk
5.3319,1722,0.1387,-0.1348,-0.0327,0.658,34.423,walk
5.3343,1723,0.1389,-0.1349,-0.0328,0.658,34.216,walk
5.3377,1724,0.1417,-0.1377,-0.0334,0.6664,34.197,walk
5.3407,1725,0.1446,-0.1406,-0.034,0.6497,34.008,walk
5.3448,1726,0.1479,-0.1439,-0.034,0.7894,34.19,walk
5.3462,1727,0.1481,-0.1441,-0.0342,0.7894,33.984,walk
5.3497,1728,0.1511,-0.1469,-0.0351,0.678,33.82,walk
5.353,1729,0.1541,-0.1499,-0.0359,0.7038,33.759,walk
5.3562,1730,0.1572,-0.1528,-0.0367,0.7002,33.632,walk
5.3582,1731,0.1573,-0.1529,-0.0369,0.7002,33.529,walk
5.3603,1732,0.1604,-0.1559,-0.0378,0.7082,33.495,walk
5.363,1733,0.1604,-0.1559,-0.0378,0.7082,33.39,walk
5.3666,1734,0.1639,-0.1592,-0.0386,0.8599,33.393,walk
5.3687,1735,0.1641,-0.1594,-0.0388,0.8599,33.13,walk
5.3738,1736,0.1705,-0.1655,-0.0407,0.7354,33.158,walk
5.3767,1737,0.1735,-0.1683,-0.0422,0.7163,32.891,walk
5.3797,1738,0.1736,-0.1683,-0.0423,0.7163,32.785,walk
5.3834,1739,0.177,-0.1717,-0.0429,0.8201,32.947,walk
5.3841,1740,0.1771,-0.1718,-0.0431,0.8201,32.84,walk
5.3866,1741,0.1803,-0.1749,-0.044,0.7595,32.91,walk
5.3897,1742,0.1836,-0.178,-0.0451,0.7649,32.989,walk
5.3919,1743,0.1837,-0.1781,-0.0453,0.7649,32.829,walk
5.3946,1744,0.1868,-0.1808,-0.0469,0.7264,32.743,walk
5.3965,1745,0.1869,-0.1808,-0.047,0.7264,32.529,walk
5.4,1746,0.1899,-0.1838,-0.0478,0.7165,32.893,walk
5.403,1747,0.1933,-0.187,-0.049,0.795,32.835,walk
5.4069,1748,0.1966,-0.1901,-0.0504,0.7801,32.85,walk
5.4084,1749,0.1967,-0.1901,-0.0505,0.7801,32.744,walk
5.411,1750,0.2001,-0.1933,-0.0518,0.7909,32.799,walk
5.413,1751,0.2001,-0.1933,-0.0519,0.7909,32.747,walk
5.4172,1752,0.2035,-0.1964,-0.0532,0.7947,32.801,walk
5.4205,1753,0.2068,-0.1995,-0.0544,0.7916,32.926,walk
5.4237,1754,0.2101,-0.2026,-0.0557,0.7732,32.988,walk
5.429,1755,0.2134,-0.2056,-0.0571,0.7715,32.957,walk
5.4333,1756,0.2167,-0.2087,-0.0584,0.8062,33.132,walk
5.4339,1757,0.2168,-0.2087,-0.0585,0.8062,33.082,walk
5.4361,1758,0.2199,-0.2117,-0.0597,0.7648,33.207,walk
5.4381,1759,0.22,-0.2117,-0.0598,0.7648,33.105,walk
5.4413,1760,0.2231,-0.2146,-0.0609,0.7737,33.354,walk
5.4442,1761,0.226,-0.2173,-0.0621,0.7597,33.438,walk
5.4457,1762,0.2257,-0.2169,-0.0623,0.7597,33.277,walk
5.4494,1763,0.2282,-0.2191,-0.0637,0.7616,33.498,walk
5.4503,1764,0.2277,-0.2186,-0.0638,0.7616,33.356,walk
5.4529,1765,0.2306,-0.2213,-0.065,0.7587,33.61,walk
5.455,1766,0.2297,-0.2203,-0.0652,0.7587,33.437,walk
5.4582,1767,0.2322,-0.2224,-0.0665,0.7505,33.661,walk
5.4611,1768,0.2349,-0.2249,-0.0678,0.7661,33.83,walk
5.4632,1769,0.2344,-0.2243,-0.0681,0.7661,33.757,walk
5.4689,1770,0.2366,-0.2262,-0.0694,0.7518,33.845,walk
5.4733,1771,0.2419,-0.231,-0.0718,0.75,34.288,walk
5.4757,1772,0.2417,-0.2308,-0.0718,0.75,34.256,walk
5.479,1773,0.2435,-0.2323,-0.0729,0.7335,34.404,walk
5.4833,1774,0.2455,-0.2342,-0.0739,0.7331,34.577,walk
5.4841,1775,0.2435,-0.2321,-0.0735,0.7331,34.422,walk
5.4883,1776,0.2456,-0.234,-0.0744,0.7342,34.598,walk
5.4902,1777,0.2474,-0.2357,-0.0754,0.7187,34.729,walk
5.4916,1778,0.2468,-0.235,-0.0753,0.7187,34.641,walk
5.4951,1779,0.249,-0.2369,-0.0765,0.6643,34.855,walk
5.4996,1780,0.2507,-0.2384,-0.0775,0.7061,34.92,walk
5.5001,1781,0.2499,-0.2375,-0.0775,0.7061,34.733,walk
5.5046,1782,0.2518,-0.2393,-0.0786,0.6935,34.91,walk
5.5082,1783,0.2538,-0.2411,-0.0796,0.7067,34.988,walk
5.5092,1784,0.2529,-0.24,-0.0795,0.7067,34.789,walk
5.5123,1785,0.2547,-0.2416,-0.0806,0.6845,34.93,walk
5.5152,1786,0.2568,-0.2435,-0.0816,0.6752,35.022,walk
5.5196,1787,0.2589,-0.2454,-0.0825,0.6918,35.171,walk
5.5232,1788,0.2602,-0.2464,-0.0835,0.6751,35.187,walk
5.5257,1789,0.2582,-0.2443,-0.0834,0.6751,34.916,walk
5.5288,1790,0.2596,-0.2456,-0.0843,0.6704,34.92,walk
5.5325,1791,0.2615,-0.2473,-0.0852,0.6786,35.066,walk
5.533,1792,0.2601,-0.2457,-0.0851,0.6786,34.841,walk
5.5356,1793,0.2618,-0.2473,-0.086,0.6644,34.95,walk
5.5391,1794,0.263,-0.2483,-0.0869,0.6497,35.037,walk
5.541,1795,0.2615,-0.2466,-0.0868,0.6497,34.808,walk
5.5459,1796,0.2625,-0.2475,-0.0876,0.6581,34.851,walk
5.5486,1797,0.2641,-0.2488,-0.0885,0.6396,35.002,walk
5.5503,1798,0.2618,-0.2465,-0.0884,0.6396,34.71,walk
5.5544,1799,0.2629,-0.2473,-0.0892,0.6518,34.81,walk
5.5561,1800,0.2644,-0.2486,-0.09,0.6485,34.827,walk
5.5577,1801,0.2633,-0.2474,-0.09,0.6485,34.709,walk
5.5619,1802,0.2643,-0.2482,-0.0907,0.6574,34.781,walk
5.5654,1803,0.2644,-0.2481,-0.0915,0.6394,34.757,walk
5.5723,1804,0.2645,-0.248,-0.0921,0.6469,34.652,walk
5.5756,1805,0.264,-0.2472,-0.0928,0.6476,34.604,walk
5.5765,1806,0.2647,-0.2477,-0.0934,0.6399,34.567,walk
5.5792,1807,0.2628,-0.2456,-0.0933,0.6399,34.448,walk
5.5815,1808,0.2641,-0.2468,-0.094,0.6375,34.476,walk
5.5836,1809,0.2628,-0.2454,-0.094,0.6375,34.417,walk
5.5862,1810,0.2634,-0.2458,-0.0946,0.6359,34.398,walk
5.5881,1811,0.262,-0.2443,-0.0945,0.6359,34.278,walk
5.5915,1812,0.2632,-0.2454,-0.0951,0.6468,34.403,walk
5.5935,1813,0.2638,-0.2458,-0.0957,0.6516,34.36,walk
5.5957,1814,0.2631,-0.2451,-0.0956,0.6516,34.3,walk
5.5991,1815,0.2629,-0.2447,-0.0961,0.649,34.273,walk
5.6039,1816,0.2633,-0.245,-0.0966,0.6144,34.363,walk
5.6044,1817,0.2612,-0.2427,-0.0965,0.6144,34.126,walk
5.6076,1818,0.2617,-0.2431,-0.097,0.6353,34.158,walk
5.609,1819,0.2603,-0.2416,-0.0969,0.6353,34.04,walk
5.6117,1820,0.2615,-0.2427,-0.0974,0.6422,34.203,walk
5.6175,1821,0.2611,-0.2421,-0.0978,0.6195,34.177,walk
5.6198,1822,0.2615,-0.2423,-0.0983,0.6176,34.151,walk
5.6236,1823,0.2611,-0.2418,-0.0986,0.6249,34.147,walk
5.6286,1824,0.2606,-0.2411,-0.099,0.6077,34.193,walk
5.6293,1825,0.2584,-0.2387,-0.0988,0.6077,33.963,walk
5.6326,1826,0.2602,-0.2405,-0.0994,0.6286,34.174,walk
5.6334,1827,0.2579,-0.2381,-0.0992,0.6286,33.945,walk
5.6379,1828,0.259,-0.239,-0.0997,0.6233,34.046,walk
5.6408,1829,0.2575,-0.2374,-0.1,0.5917,33.981,walk
5.6449,1830,0.2585,-0.2382,-0.1004,0.6086,34.148,walk
5.6489,1831,0.2578,-0.2373,-0.1007,0.5931,34.153,walk
5.65,1832,0.2555,-0.2348,-0.1006,0.5931,33.927,walk
5.6545,1833,0.2563,-0.2356,-0.1011,0.5913,34.089,walk
5.6549,1834,0.2532,-0.2322,-0.1009,0.5913,33.807,walk
5.658,1835,0.2533,-0.2322,-0.1013,0.6029,33.918,walk
5.6609,1836,0.2553,-0.2341,-0.1018,0.6892,34.048,walk
5.663,1837,0.2529,-0.2316,-0.1016,0.6892,33.879,walk
5.6665,1838,0.2535,-0.2319,-0.1022,0.5158,33.944,walk
5.6702,1839,0.2526,-0.2308,-0.1027,0.5702,34.011,walk
5.6756,1840,0.2511,-0.2289,-0.1032,0.5978,33.972,walk
5.6774,1841,0.2511,-0.2287,-0.1036,0.5896,33.971,walk
5.6791,1842,0.2487,-0.2261,-0.1036,0.5896,33.857,walk
5.6829,1843,0.2495,-0.2267,-0.1041,0.5723,33.915,walk
5.6837,1844,0.2479,-0.2249,-0.1041,0.5723,33.857,walk
5.6868,1845,0.2487,-0.2257,-0.1046,0.6125,33.981,walk
5.6878,1846,0.2471,-0.2239,-0.1045,0.6125,33.865,walk
5.6909,1847,0.2477,-0.2243,-0.1051,0.5501,34.108,walk
5.6934,1848,0.2477,-0.224,-0.1057,0.5903,34.099,walk
5.6963,1849,0.2453,-0.2213,-0.1057,0.5903,33.923,walk
5.6992,1850,0.2443,-0.2198,-0.1065,0.5388,33.971,walk
5.7036,1851,0.2441,-0.2193,-0.1072,0.5624,33.971,walk
5.7044,1852,0.2425,-0.2175,-0.1073,0.5624,33.912,walk
5.7083,1853,0.2424,-0.217,-0.108,0.5728,33.927,walk
5.7115,1854,0.2432,-0.2175,-0.1087,0.5819,34.062,walk
5.7122,1855,0.2407,-0.2148,-0.1088,0.5819,33.945,walk
5.7171,1856,0.2422,-0.2161,-0.1095,0.559,34.08,walk
5.7179,1857,0.239,-0.2124,-0.1097,0.559,33.905,walk
5.7226,1858,0.2414,-0.2143,-0.1112,0.591,34.213,walk
5.7254,1859,0.239,-0.2115,-0.1113,0.591,34.097,walk
5.726,1860,0.2374,-0.2096,-0.1115,0.591,33.926,walk
5.7291,1861,0.2366,-0.2082,-0.1125,0.5919,33.964,walk
5.7322,1862,0.2375,-0.2087,-0.1134,0.59,34.126,walk
5.7343,1863,0.2351,-0.2058,-0.1137,0.59,33.958,walk
5.7378,1864,0.2368,-0.2073,-0.1145,0.6009,34.169,walk
5.7401,1865,0.2361,-0.2059,-0.1155,0.583,34.205,walk
5.7423,1866,0.2342,-0.2037,-0.1157,0.583,34.099,walk
5.7455,1867,0.2354,-0.2046,-0.1164,0.5604,34.201,walk
5.748,1868,0.2366,-0.2056,-0.1171,0.5728,34.404,walk
5.7499,1869,0.2348,-0.2035,-0.1171,0.5728,34.203,walk
5.7526,1870,0.2358,-0.2043,-0.1177,0.5719,34.358,walk
5.7542,1871,0.2337,-0.202,-0.1176,0.5719,34.212,walk
5.7574,1872,0.2346,-0.2028,-0.1181,0.5806,34.41,walk
5.7583,1873,0.2333,-0.2013,-0.1178,0.5806,34.264,walk
5.7619,1874,0.235,-0.203,-0.1184,0.5886,34.462,walk
5.7642,1875,0.2345,-0.2023,-0.1186,0.5541,34.559,walk
5.7674,1876,0.2316,-0.1992,-0.1181,0.5541,34.347,walk
5.77,1877,0.2323,-0.1998,-0.1187,0.5396,34.585,walk
5.7726,1878,0.2332,-0.2005,-0.1191,0.5747,34.635,walk
5.7752,1879,0.2302,-0.1973,-0.1186,0.5747,34.471,walk
5.778,1880,0.231,-0.198,-0.119,0.6011,34.511,walk
5.7801,1881,0.2286,-0.1955,-0.1186,0.6011,34.351,walk
5.7829,1882,0.2303,-0.1971,-0.1192,0.614,34.51,walk
5.7853,1883,0.2295,-0.1961,-0.1192,0.6084,34.491,walk
5.7879,1884,0.228,-0.1945,-0.1188,0.6084,34.44,walk
5.791,1885,0.2282,-0.1948,-0.1189,0.608,34.417,walk
5.7961,1886,0.2264,-0.1929,-0.1186,0.6219,34.304,walk
5.799,1887,0.2275,-0.1939,-0.119,0.616,34.437,walk
5.8018,1888,0.2279,-0.1942,-0.1193,0.6202,34.452,walk
5.8043,1889,0.2259,-0.192,-0.1189,0.6202,34.26,walk
5.8076,1890,0.2263,-0.1923,-0.1193,0.6212,34.305,walk
5.811,1891,0.2274,-0.1933,-0.1198,0.623,34.322,walk
5.8132,1892,0.2246,-0.1902,-0.1193,0.623,34.127,walk
5.8164,1893,0.2264,-0.192,-0.12,0.6322,34.212,walk
5.8229,1894,0.2287,-0.1941,-0.121,0.6553,34.286,walk
5.8235,1895,0.2252,-0.1904,-0.1203,0.6553,34.04,walk
5.828,1896,0.225,-0.19,-0.1205,0.6362,34.006,walk
5.8298,1897,0.2237,-0.1886,-0.1203,0.6362,33.858,walk
5.8327,1898,0.2242,-0.189,-0.1206,0.6371,33.866,walk
5.837,1899,0.2234,-0.1881,-0.1207,0.6549,33.756,walk
5.8402,1900,0.2247,-0.1892,-0.1211,0.6438,33.704,walk
5.8418,1901,0.2234,-0.1878,-0.1209,0.6438,33.607,walk
5.8459,1902,0.2247,-0.1891,-0.1213,0.6653,33.665,walk
5.8464,1903,0.2227,-0.1871,-0.1209,0.6653,33.474,walk
5.8494,1904,0.2234,-0.1877,-0.1212,0.6564,33.472,walk
5.8543,1905,0.2234,-0.1875,-0.1214,0.6458,33.346,walk
5.8563,1906,0.2248,-0.1889,-0.1219,0.6822,33.406,walk
5.8579,1907,0.2236,-0.1876,-0.1216,0.6822,33.268,walk
5.8619,1908,0.2237,-0.1876,-0.1218,0.6722,33.235,walk
5.8641,1909,0.2224,-0.1863,-0.1215,0.6722,33.1,walk
5.8684,1910,0.2226,-0.1864,-0.1217,0.6731,32.998,walk
5.8734,1911,0.2242,-0.1879,-0.1223,0.6778,32.942,walk
5.8767,1912,0.2242,-0.1879,-0.1223,0.6778,32.942,walk
5.8807,1913,0.2254,-0.1891,-0.1228,0.7001,32.884,walk
5.8831,1914,0.2248,-0.1884,-0.1226,0.7001,32.843,walk
5.8881,1915,0.225,-0.1886,-0.1227,0.6929,32.752,walk
5.8885,1916,0.2232,-0.1868,-0.1222,0.6929,32.59,walk
5.8911,1917,0.2253,-0.1889,-0.1229,0.6905,32.651,walk
5.8955,1918,0.2254,-0.1889,-0.123,0.6616,32.64,walk
5.8959,1919,0.2242,-0.1877,-0.1226,0.6616,32.561,walk
5.8993,1920,0.2244,-0.1878,-0.1228,0.6811,32.546,walk
5.9031,1921,0.226,-0.1895,-0.1232,0.7291,32.576,walk
5.9051,1922,0.2235,-0.187,-0.1225,0.7291,32.42,walk
5.9076,1923,0.2258,-0.1893,-0.1232,0.7445,32.455,walk
5.912,1924,0.2262,-0.1897,-0.1233,0.743,32.399,walk
5.9138,1925,0.2243,-0.1878,-0.1227,0.743,32.322,walk
5.9178,1926,0.226,-0.1895,-0.1232,0.7419,32.32,walk
5.9204,1927,0.2257,-0.1892,-0.1231,0.7491,32.197,walk
5.9261,1928,0.2268,-0.1903,-0.1233,0.768,32.235,walk
5.9291,1929,0.2273,-0.1909,-0.1234,0.7869,32.176,walk
5.9295,1930,0.226,-0.1896,-0.123,0.7869,32.097,walk
5.9335,1931,0.2277,-0.1913,-0.1235,0.7635,32.085,walk
5.9339,1932,0.2264,-0.19,-0.1231,0.7635,32.045,walk
5.937,1933,0.2281,-0.1918,-0.1235,0.7743,32.072,walk
5.9401,1934,0.2292,-0.1929,-0.1238,0.7778,32.029,walk
5.9422,1935,0.2266,-0.1903,-0.123,0.7778,31.868,walk
5.9453,1936,0.2282,-0.192,-0.1234,0.7758,31.902,walk
5.9472,1937,0.2292,-0.193,-0.1236,0.7616,31.918,walk
5.9492,1938,0.2279,-0.1917,-0.1231,0.7616,31.836,walk
5.952,1939,0.2296,-0.1935,-0.1236,0.7799,31.911,walk
5.9548,1940,0.2275,-0.1915,-0.1229,0.7799,31.747,walk
5.9575,1941,0.2286,-0.1926,-0.1231,0.7865,31.783,walk
5.9603,1942,0.2303,-0.1944,-0.1235,0.8018,31.814,walk
5.9619,1943,0.229,-0.1931,-0.123,0.8018,31.772,walk
5.9665,1944,0.2308,-0.1949,-0.1235,0.8008,31.809,walk
5.9671,1945,0.228,-0.1922,-0.1226,0.8008,31.638,walk
5.972,1946,0.2305,-0.1948,-0.1232,0.8175,31.71,walk
5.9769,1947,0.2313,-0.1959,-0.123,0.8288,31.613,walk
5.9795,1948,0.2292,-0.1939,-0.1223,0.8288,31.435,walk
5.983,1949,0.2318,-0.1965,-0.1229,0.8331,31.523,walk
5.9837,1950,0.2296,-0.1945,-0.1221,0.8331,31.433,walk
5.9886,1951,0.2314,-0.1963,-0.1225,0.7888,31.427,walk
5.9896,1952,0.2317,-0.1969,-0.1223,0.8467,31.385,walk
5.9917,1953,0.2303,-0.1955,-0.1217,0.8467,31.292,walk
5.9958,1954,0.2314,-0.1968,-0.1218,0.85,31.344,walk
5.9996,1955,0.2325,-0.1979,-0.1219,0.8262,31.283,walk
5.9999,1956,0.231,-0.1965,-0.1214,0.8262,31.236,walk
6.0039,1957,0.232,-0.1977,-0.1213,0.8345,31.193,walk
6.007,1958,0.233,-0.1989,-0.1212,0.8483,31.257,walk
6.0088,1959,0.2307,-0.1968,-0.1204,0.8483,31.063,walk
6.0114,1960,0.2326,-0.1989,-0.1206,0.8699,31.133,walk
6.0136,1961,0.2303,-0.1968,-0.1197,0.8699,30.939,walk
6.0191,1962,0.234,-0.2008,-0.1202,0.8571,31.099,walk
6.0245,1963,0.2328,-0.2,-0.1192,0.8685,30.962,walk
6.028,1964,0.2332,-0.2006,-0.119,0.8715,30.922,walk
6.0302,1965,0.2332,-0.2006,-0.119,0.8715,30.922,walk
6.0353,1966,0.2369,-0.2046,-0.1193,0.8659,31.053,walk
6.0402,1967,0.2373,-0.2053,-0.1189,0.8847,31.01,walk
6.0433,1968,0.2354,-0.2039,-0.1176,0.8726,30.824,walk
6.0457,1969,0.2332,-0.2019,-0.1167,0.8726,30.731,walk
6.0502,1970,0.2346,-0.2036,-0.1166,0.9014,30.739,stand
6.0538,1971,0.2345,-0.2039,-0.1159,0.9053,30.736,stand
6.0583,1972,0.2366,-0.2061,-0.1162,0.8974,30.887,stand
6.0589,1973,0.2344,-0.2041,-0.1152,0.8974,30.738,stand
6.0613,1974,0.2373,-0.2071,-0.1158,0.9269,30.872,stand
6.0634,1975,0.2341,-0.2043,-0.1143,0.9269,30.726,stand
6.0669,1976,0.2353,-0.2058,-0.1141,0.9247,30.839,stand
6.0708,1977,0.2365,-0.2073,-0.1139,0.9162,30.895,stand
6.0752,1978,0.2378,-0.2089,-0.1137,0.9469,31.01,stand
6.0759,1979,0.2354,-0.2067,-0.1126,0.9469,30.864,stand
6.0784,1980,0.2376,-0.2091,-0.1128,0.9525,31.017,stand
6.0811,1981,0.2393,-0.2109,-0.113,0.9568,31.064,stand
6.0834,1982,0.2378,-0.2095,-0.1124,0.9568,31.028,stand
6.0872,1983,0.238,-0.2099,-0.1121,0.9572,31.02,stand
6.0907,1984,0.2411,-0.2131,-0.1128,0.959,31.178,stand
6.0919,1985,0.2389,-0.211,-0.112,0.959,31.104,stand
6.0947,1986,0.2412,-0.2134,-0.1124,0.953,31.161,stand
6.097,1987,0.239,-0.2113,-0.1116,0.953,31.079,stand
6.1004,1988,0.2398,-0.2123,-0.1114,0.9729,31.086,stand
6.1034,1989,0.2421,-0.2147,-0.1118,0.9621,31.12,stand
6.1062,1990,0.2435,-0.2163,-0.1119,0.9665,31.16,stand
6.1082,1991,0.241,-0.214,-0.1109,0.9665,30.976,stand
6.1123,1992,0.2432,-0.2163,-0.1113,0.9669,31.109,stand
6.1127,1993,0.2415,-0.2147,-0.1106,0.9669,30.968,stand
6.1165,1994,0.2438,-0.2171,-0.1109,0.9925,31.01,stand
6.1193,1995,0.2443,-0.2179,-0.1105,0.9915,30.993,stand
6.1221,1996,0.2407,-0.2145,-0.1091,0.9915,30.845,stand
6.1249,1997,0.2429,-0.2169,-0.1094,1.0024,30.693,stand
6.1274,1998,0.2451,-0.2192,-0.1097,0.9869,30.747,stand
6.1299,1999,0.2442,-0.2183,-0.1093,0.9869,30.695,stand
6.134,2000,0.2437,-0.2183,-0.1084,1.0475,30.531,stand
6.1376,2001,0.245,-0.2198,-0.1082,0.9991,30.413,stand
6.1407,2002,0.2462,-0.2212,-0.1081,0.9962,30.372,stand
6.1434,2003,0.2465,-0.2217,-0.1076,0.9823,30.228,stand
6.1459,2004,0.2437,-0.2192,-0.1065,0.9823,30.012,stand
6.1486,2005,0.246,-0.2216,-0.1069,1.036,30.021,stand
6.1507,2006,0.2433,-0.219,-0.1058,1.036,29.804,stand
6.1548,2007,0.2453,-0.2212,-0.106,0.9666,29.767,stand
6.1552,2008,0.2425,-0.2186,-0.1049,0.9666,29.551,stand
6.158,2009,0.2445,-0.2208,-0.1051,0.982,29.496,stand
6.1611,2010,0.2456,-0.2221,-0.1049,0.9925,29.443,stand
6.1627,2011,0.2437,-0.2203,-0.1041,0.9925,29.282,stand
6.1672,2012,0.2429,-0.2199,-0.1033,0.9898,29.066,stand
6.1694,2013,0.2451,-0.2221,-0.1036,0.9922,29.054,stand
6.1713,2014,0.2432,-0.2204,-0.1029,0.9922,28.896,stand
6.1759,2015,0.2434,-0.2209,-0.1024,0.9759,28.77,stand
6.1789,2016,0.2445,-0.2221,-0.1022,0.9554,28.605,stand
6.1849,2017,0.2465,-0.2242,-0.1025,0.9618,28.591,stand
6.1892,2018,0.2455,-0.2237,-0.1011,0.9375,28.121,stand
6.1917,2019,0.2455,-0.2237,-0.1011,0.9375,28.121,stand
6.1949,2020,0.2455,-0.2239,-0.1006,0.9292,27.961,stand
6.1979,2021,0.2457,-0.2242,-0.1005,0.9489,27.782,stand
6.1997,2022,0.2439,-0.2225,-0.0998,0.9489,27.634,stand
6.2013,2023,0.242,-0.2208,-0.0991,0.9489,27.535,stand
6.2041,2024,0.2448,-0.2236,-0.0994,0.9225,27.651,stand
6.2079,2025,0.2456,-0.2246,-0.0992,0.8874,27.481,stand
6.2085,2026,0.2428,-0.2221,-0.0982,0.8874,27.335,stand
6.2116,2027,0.2437,-0.2231,-0.098,0.9039,27.311,stand
6.2153,2028,0.2453,-0.2249,-0.098,0.8829,27.26,stand
6.2172,2029,0.2417,-0.2215,-0.0967,0.8829,27.118,stand
6.2208,2030,0.2425,-0.2224,-0.0965,0.882,26.989,stand
6.2228,2031,0.2441,-0.2242,-0.0966,0.8702,27.042,stand
6.2255,2032,0.2414,-0.2216,-0.0956,0.8702,26.859,stand
6.229,2033,0.242,-0.2225,-0.0953,0.8574,26.812,stand
6.2322,2034,0.2437,-0.2242,-0.0954,0.8577,26.857,stand
6.2365,2035,0.2435,-0.2242,-0.0949,0.8586,26.797,stand
6.2393,2036,0.2431,-0.2241,-0.0944,0.8254,26.744,stand
6.2421,2037,0.2395,-0.2206,-0.0931,0.8254,26.616,stand
6.2454,2038,0.2409,-0.2222,-0.0931,0.8218,26.601,stand
6.2503,2039,0.2404,-0.2219,-0.0925,0.7929,26.554,stand
6.2529,2040,0.2399,-0.2216,-0.0919,0.7923,26.541,stand
6.2544,2041,0.2381,-0.2199,-0.0913,0.7923,26.418,stand
6.258,2042,0.2396,-0.2214,-0.0914,0.819,26.534,stand
6.2599,2043,0.2401,-0.2221,-0.0914,0.819,26.5,stand
6.2619,2044,0.2373,-0.2194,-0.0906,0.819,26.419,stand
6.2652,2045,0.2398,-0.2218,-0.0911,0.8208,26.534,stand
6.2685,2046,0.2394,-0.2214,-0.0909,0.8098,26.485,stand
6.271,2047,0.2365,-0.2187,-0.0901,0.8098,26.324,stand
6.2747,2048,0.2389,-0.221,-0.0906,0.7985,26.429,stand
6.2753,2049,0.2351,-0.2173,-0.0896,0.7985,26.27,stand
6.2793,2050,0.2385,-0.2206,-0.0905,0.8174,26.406,stand
6.283,2051,0.236,-0.2182,-0.0899,0.7892,26.269,stand
6.2868,2052,0.2355,-0.2177,-0.0897,0.8102,26.261,stand
6.2911,2053,0.2329,-0.2151,-0.0893,0.7955,26.106,stand
6.2941,2054,0.2343,-0.2164,-0.0898,0.8013,26.183,stand
6.2963,2055,0.2323,-0.2144,-0.0893,0.8013,26.063,stand
6.2992,2056,0.2336,-0.2156,-0.0898,0.7854,26.104,stand
6.3013,2057,0.2296,-0.2117,-0.089,0.7854,25.903,stand
6.3045,2058,0.2298,-0.2118,-0.0893,0.7748,25.89,stand
6.308,2059,0.229,-0.2108,-0.0895,0.7665,25.784,stand
6.3104,2060,0.2303,-0.212,-0.09,0.8057,25.74,stand
6.312,2061,0.2283,-0.21,-0.0897,0.8057,25.659,stand
6.3162,2062,0.2295,-0.211,-0.0903,0.78,25.67,stand
6.3182,2063,0.2265,-0.2079,-0.0899,0.78,25.509,stand
6.3217,2064,0.2276,-0.2088,-0.0906,0.7719,25.5,stand
6.3249,2065,0.2257,-0.2066,-0.0909,0.7603,25.324,stand
6.3292,2066,0.2258,-0.2065,-0.0915,0.7761,25.22,stand
6.3345,2067,0.225,-0.2053,-0.092,0.782,25.053,stand
6.3358,2068,0.225,-0.205,-0.0927,0.7566,24.967,stand
6.338,2069,0.2219,-0.2018,-0.0924,0.7566,24.816,stand
6.3412,2070,0.2232,-0.2028,-0.0932,0.76,24.784,stand
6.3461,2071,0.2234,-0.2027,-0.0938,0.7547,24.612,stand
6.3471,2072,0.2245,-0.2037,-0.0942,0.7539,24.567,stand
6.3496,2073,0.2225,-0.2018,-0.0936,0.7539,24.457,stand
6.353,2074,0.2241,-0.2035,-0.0939,0.7472,24.389,stand
6.3545,2075,0.2218,-0.2013,-0.0931,0.7472,24.246,stand
6.3576,2076,0.2234,-0.2029,-0.0934,0.7414,24.251,stand
6.3617,2077,0.2228,-0.2026,-0.0928,0.7401,24.073,stand
6.3639,2078,0.2212,-0.2011,-0.0921,0.7401,24.033,stand
6.3687,2079,0.224,-0.2038,-0.093,0.7641,23.904,stand
6.3702,2080,0.2222,-0.2021,-0.0924,0.7641,23.783,stand
6.3728,2081,0.2254,-0.2051,-0.0935,0.7769,23.811,stand
6.3753,2082,0.2199,-0.1998,-0.0917,0.7769,23.613,stand
6.3788,2083,0.2201,-0.2,-0.0919,0.721,23.496,stand
6.3838,2084,0.2194,-0.1992,-0.0918,0.7196,23.384,stand
6.3858,2085,0.2205,-0.2003,-0.0923,0.7245,23.365,stand
6.3892,2086,0.2217,-0.2014,-0.0928,0.722,23.301,stand
6.3913,2087,0.2182,-0.198,-0.0916,0.722,23.17,stand
6.3938,2088,0.2186,-0.1983,-0.0919,0.7175,23.126,stand
6.3958,2089,0.2168,-0.1966,-0.0914,0.7175,23.036,stand
6.3993,2090,0.2176,-0.1973,-0.0917,0.7499,23.033,stand
6.4005,2091,0.2161,-0.1959,-0.0912,0.7499,22.945,stand
6.4027,2092,0.2178,-0.1974,-0.0919,0.732,22.949,stand
6.4046,2093,0.2164,-0.1961,-0.0914,0.732,22.862,stand
6.4075,2094,0.2178,-0.1974,-0.092,0.7048,22.825,stand
6.411,2095,0.2186,-0.198,-0.0924,0.7279,22.811,stand
6.4126,2096,0.2162,-0.1957,-0.0918,0.7279,22.724,stand
6.4168,2097,0.2177,-0.197,-0.0925,0.7349,22.698,stand
6.4175,2098,0.2153,-0.1947,-0.0919,0.7349,22.611,stand
6.4206,2099,0.216,-0.1952,-0.0924,0.7227,22.516,stand
6.4251,2100,0.2175,-0.1966,-0.0931,0.7385,22.509,stand
6.4256,2101,0.2152,-0.1943,-0.0925,0.7385,22.392,stand
6.4291,2102,0.2153,-0.1942,-0.0929,0.7347,22.299,stand
6.4349,2103,0.2176,-0.1963,-0.0938,0.7281,22.292,stand
6.4382,2104,0.2155,-0.1942,-0.0936,0.7348,22.144,stand
6.4411,2105,0.2172,-0.1957,-0.0944,0.7495,22.062,stand
6.4456,2106,0.2174,-0.1957,-0.0947,0.7141,22.0,stand
6.4461,2107,0.2153,-0.1936,-0.0941,0.7141,21.886,stand
6.4497,2108,0.2183,-0.1964,-0.0953,0.7281,21.908,stand
6.4541,2109,0.2172,-0.1952,-0.0953,0.7191,21.727,stand
6.4569,2110,0.2176,-0.1954,-0.0957,0.738,21.66,stand
6.4587,2111,0.2162,-0.1941,-0.0953,0.738,21.606,stand
6.4615,2112,0.2179,-0.1956,-0.0962,0.7311,21.624,stand
6.4663,2113,0.2189,-0.1964,-0.0967,0.7076,21.599,stand
6.4687,2114,0.2186,-0.196,-0.0969,0.7204,21.525,stand
6.4715,2115,0.2167,-0.1941,-0.0963,0.7204,21.474,stand
6.4743,2116,0.2178,-0.195,-0.097,0.7309,21.437,stand
6.4792,2117,0.2195,-0.1965,-0.0978,0.7201,21.439,stand
6.4805,2118,0.2176,-0.1946,-0.0973,0.7201,21.342,stand
6.485,2119,0.2181,-0.195,-0.0977,0.7362,21.281,stand
6.4892,2120,0.2193,-0.196,-0.0983,0.7308,21.273,stand
6.4911,2121,0.2196,-0.1961,-0.0986,0.6767,21.293,stand
6.4943,2122,0.2213,-0.1977,-0.0995,0.7306,21.316,stand
6.4963,2123,0.2189,-0.1953,-0.0987,0.7306,21.201,stand
6.4997,2124,0.2213,-0.1976,-0.0998,0.7496,21.23,stand
6.5043,2125,0.2228,-0.1986,-0.1011,0.9584,20.784,stand
6.5049,2126,0.2204,-0.1962,-0.1004,0.9584,20.694,stand
6.5088,2127,0.2229,-0.1984,-0.1014,0.7502,20.693,stand
6.5092,2128,0.221,-0.1967,-0.1009,0.7502,20.648,stand
6.512,2129,0.2223,-0.1977,-0.1016,0.7486,20.611,stand
6.5148,2130,0.2248,-0.2,-0.1026,0.7653,20.641,stand
6.5186,2131,0.2255,-0.2005,-0.1032,0.7724,20.598,stand
6.5211,2132,0.2237,-0.1988,-0.1026,0.7724,20.51,stand
6.5263,2133,0.2275,-0.2021,-0.1044,0.7594,20.55,stand
6.5289,2134,0.2263,-0.2009,-0.104,0.7594,20.484,stand
6.5344,2135,0.2246,-0.1992,-0.1038,0.788,20.41,stand
6.538,2136,0.226,-0.2003,-0.1046,0.7863,20.391,stand
6.5423,2137,0.2273,-0.2015,-0.1053,0.7828,20.417,stand
6.5455,2138,0.2274,-0.2014,-0.1056,0.7789,20.357,stand
6.5496,2139,0.2294,-0.2032,-0.1066,0.802,20.385,stand
6.5501,2140,0.2275,-0.2014,-0.1059,0.802,20.337,stand
6.5542,2141,0.2283,-0.2019,-0.1066,0.8086,20.318,walk
6.5568,2142,0.2303,-0.2037,-0.1075,0.804,20.356,walk
6.5585,2143,0.229,-0.2025,-0.1071,0.804,20.28,walk
6.562,2144,0.2311,-0.2043,-0.1082,0.8254,20.312,walk
6.563,2145,0.2292,-0.2025,-0.1075,0.8254,20.208,walk
6.567,2146,0.2313,-0.2042,-0.1085,0.8213,20.238,walk
6.5674,2147,0.23,-0.203,-0.1081,0.8213,20.211,walk
6.5711,2148,0.2321,-0.2049,-0.1091,0.8401,20.217,walk
6.5739,2149,0.2329,-0.2054,-0.1097,0.8385,20.224,walk
6.5757,2150,0.2316,-0.2042,-0.1092,0.8385,20.14,walk
6.5793,2151,0.2336,-0.2059,-0.1103,0.8247,20.189,walk
6.5814,2152,0.2316,-0.2041,-0.1095,0.8247,20.073,walk
6.5867,2153,0.237,-0.2088,-0.1122,0.8172,20.269,walk
6.5901,2154,0.2357,-0.2074,-0.112,0.8249,20.168,walk
6.5925,2155,0.2337,-0.2055,-0.1112,0.8249,20.107,walk
6.5953,2156,0.2356,-0.2072,-0.1123,0.8202,20.137,walk
6.5991,2157,0.2369,-0.2082,-0.1131,0.8231,20.196,walk
6.5995,2158,0.2356,-0.207,-0.1125,0.8231,20.104,walk
6.6033,2159,0.2376,-0.2087,-0.1136,0.8336,20.182,walk
6.6059,2160,0.2382,-0.2091,-0.1141,0.8407,20.161,walk
6.6084,2161,0.2361,-0.2072,-0.1132,0.8407,20.069,walk
6.6122,2162,0.2381,-0.2089,-0.1143,0.8338,20.161,walk
6.6127,2163,0.2367,-0.2076,-0.1137,0.8338,20.069,walk
6.6157,2164,0.2387,-0.2093,-0.1147,0.8237,20.095,walk
6.6177,2165,0.2366,-0.2074,-0.1138,0.8237,20.003,walk
6.6214,2166,0.2393,-0.2097,-0.1152,0.841,20.097,walk
6.6245,2167,0.2398,-0.2102,-0.1155,0.813,20.124,walk
6.6282,2168,0.2403,-0.2107,-0.1157,0.8192,20.202,walk
6.6311,2169,0.2408,-0.211,-0.1159,0.7912,20.255,walk
6.6351,2170,0.2379,-0.2085,-0.1146,0.7912,20.133,walk
6.6388,2171,0.2405,-0.2108,-0.1159,0.8056,20.253,walk
6.64,2172,0.2411,-0.2113,-0.1163,0.8317,20.238,walk
6.6436,2173,0.2433,-0.213,-0.1174,0.8365,20.201,walk
6.6462,2174,0.24,-0.2102,-0.1158,0.8365,20.064,walk
6.6487,2175,0.2422,-0.2121,-0.1169,0.853,20.114,walk
6.6508,2176,0.2408,-0.2109,-0.1162,0.853,20.044,walk
6.6538,2177,0.2429,-0.2128,-0.1172,0.8498,20.052,walk
6.6567,2178,0.2445,-0.2141,-0.118,0.8789,20.021,walk
6.6584,2179,0.2424,-0.2123,-0.1169,0.8789,19.979,walk
6.6611,2180,0.2445,-0.2142,-0.118,0.8564,19.935,walk
6.6626,2181,0.2431,-0.2129,-0.1172,0.8564,19.914,walk
6.6659,2182,0.2452,-0.2148,-0.1184,0.8799,19.876,walk
6.6668,2183,0.2437,-0.2135,-0.1175,0.8799,19.837,walk
6.6715,2184,0.2459,-0.2153,-0.1186,0.8762,19.835,walk
6.6725,2185,0.2465,-0.2159,-0.1189,0.88,19.776,walk
6.675,2186,0.2443,-0.2141,-0.1177,0.88,19.719,walk
6.6792,2187,0.2473,-0.2166,-0.1193,0.8857,19.716,walk
6.6822,2188,0.2471,-0.2163,-0.1195,0.9085,19.643,walk
6.6863,2189,0.2475,-0.2165,-0.1199,0.888,19.548,walk
6.6897,2190,0.2496,-0.2182,-0.1212,0.898,19.497,walk
6.692,2191,0.2475,-0.2164,-0.12,0.898,19.426,walk
6.6948,2192,0.2485,-0.2172,-0.1208,0.9258,19.299,walk
6.6993,2193,0.251,-0.2192,-0.1223,0.9357,19.244,walk
6.7036,2194,0.2514,-0.2195,-0.1226,0.9292,19.086,walk
6.7046,2195,0.2493,-0.2178,-0.1213,0.9292,19.0,walk
6.708,2196,0.2533,-0.221,-0.1238,0.9618,18.971,walk
6.7088,2197,0.2503,-0.2185,-0.122,0.9618,18.882,walk
6.7123,2198,0.2512,-0.2192,-0.1227,0.974,18.693,walk
6.7155,2199,0.2544,-0.2217,-0.1248,0.9732,18.618,walk
6.7171,2200,0.2512,-0.2191,-0.1229,0.9732,18.463,walk
6.7202,2201,0.2529,-0.2204,-0.124,0.9861,18.301,walk
6.7238,2202,0.2562,-0.2231,-0.1261,1.021,18.229,walk
6.7264,2203,0.2573,-0.2237,-0.127,1.0376,18.045,walk
6.7291,2204,0.254,-0.2211,-0.125,1.0376,17.919,walk
6.7325,2205,0.2575,-0.2238,-0.1273,1.0468,17.869,walk
6.7378,2206,0.2518,-0.2192,-0.1238,1.0468,17.65,walk
6.7417,2207,0.2596,-0.2252,-0.129,1.0507,17.513,walk
6.7424,2208,0.2563,-0.2226,-0.127,1.0507,17.388,walk
6.7448,2209,0.259,-0.2246,-0.1289,1.0647,17.305,walk
6.7472,2210,0.2616,-0.2267,-0.1307,1.0583,17.204,walk
6.7499,2211,0.26,-0.2253,-0.1297,1.0583,17.111,walk
6.7531,2212,0.2623,-0.227,-0.1314,1.1762,16.85,walk
6.7555,2213,0.2642,-0.2284,-0.1328,1.0839,16.723,walk
6.7582,2214,0.2609,-0.2257,-0.1308,1.0839,16.601,walk
6.762,2215,0.2636,-0.2277,-0.1328,1.0977,16.526,walk
6.763,2216,0.2611,-0.2257,-0.1312,1.0977,16.466,walk
6.7668,2217,0.263,-0.2271,-0.1327,1.0847,16.351,walk
6.7693,2218,0.2657,-0.229,-0.1347,1.089,16.33,walk
6.7716,2219,0.2632,-0.227,-0.1331,1.089,16.211,walk
6.7752,2220,0.266,-0.229,-0.1352,1.1112,16.279,walk
6.779,2221,0.2674,-0.2302,-0.1361,1.1918,16.176,walk
6.7821,2222,0.2684,-0.2308,-0.1371,1.0922,16.116,walk
6.7849,2223,0.2658,-0.2288,-0.1354,1.0922,16.058,walk
6.7891,2224,0.2711,-0.2324,-0.1396,1.0788,16.058,walk
6.7915,2225,0.2702,-0.2317,-0.1391,1.0788,16.0,walk
6.7953,2226,0.2702,-0.2314,-0.1395,1.076,15.925,walk
6.7978,2227,0.2728,-0.2332,-0.1415,1.069,15.968,walk
6.7995,2228,0.2702,-0.2311,-0.1399,1.069,15.91,walk
6.8025,2229,0.2718,-0.2321,-0.1413,1.0582,15.887,walk
6.8043,2230,0.27,-0.2308,-0.1402,1.0582,15.858,walk
6.8076,2231,0.2725,-0.2324,-0.1422,1.0519,15.881,walk
6.8086,2232,0.2707,-0.2311,-0.1411,1.0519,15.824,walk
6.8115,2233,0.2732,-0.2327,-0.1431,1.0655,15.886,walk
6.8153,2234,0.2747,-0.2336,-0.1446,1.0421,15.9,walk
6.8172,2235,0.2711,-0.2308,-0.1422,1.0421,15.814,walk
6.8211,2236,0.2717,-0.231,-0.1431,1.0487,15.808,walk
6.8248,2237,0.2749,-0.2332,-0.1457,1.0276,15.948,walk
6.8255,2238,0.2722,-0.2311,-0.1439,1.0276,15.836,walk
6.829,2239,0.2736,-0.2319,-0.1453,1.0323,15.913,walk
6.8324,2240,0.275,-0.2326,-0.1466,1.0173,15.939,walk
6.8368,2241,0.2744,-0.2319,-0.1468,1.0071,15.927,walk
6.8418,2242,0.2739,-0.2311,-0.1469,0.9997,15.927,walk
6.8454,2243,0.2759,-0.2324,-0.1486,0.9723,16.057,walk
6.8462,2244,0.2731,-0.2303,-0.1468,0.9723,15.952,walk
6.8492,2245,0.276,-0.2322,-0.1491,0.9416,16.084,walk
6.8543,2246,0.2769,-0.2326,-0.1502,0.9266,16.182,walk
6.8548,2247,0.2731,-0.2297,-0.1478,0.9266,16.053,walk
6.8569,2248,0.2759,-0.2315,-0.15,0.9213,16.208,walk
6.8591,2249,0.273,-0.2293,-0.1482,0.9213,16.107,walk
6.8619,2250,0.2739,-0.2296,-0.1493,0.9261,16.161,walk
6.8662,2251,0.2757,-0.2308,-0.1508,0.9174,16.198,walk
6.8671,2252,0.2728,-0.2285,-0.1491,0.9174,16.148,walk
6.8725,2253,0.2736,-0.2288,-0.15,0.9021,16.138,walk
6.8746,2254,0.2733,-0.2282,-0.1503,0.8917,16.107,walk
6.8781,2255,0.273,-0.2277,-0.1506,0.9019,16.079,walk
6.8798,2256,0.2721,-0.2269,-0.15,0.9019,16.054,walk
6.883,2257,0.2727,-0.2271,-0.1509,0.8761,16.058,walk
6.8894,2258,0.2732,-0.2272,-0.1517,0.8604,16.019,walk
6.8913,2259,0.2707,-0.2248,-0.1508,0.8652,15.928,walk
6.8939,2260,0.2711,-0.2248,-0.1515,0.8467,15.867,walk
6.8965,2261,0.2691,-0.2232,-0.1504,0.8467,15.843,walk
6.8997,2262,0.2685,-0.2223,-0.1505,0.8453,15.771,walk
6.9041,2263,0.2667,-0.2205,-0.1501,0.8297,15.687,walk
6.9077,2264,0.268,-0.2211,-0.1514,0.8227,15.681,walk
6.908,2265,0.266,-0.2194,-0.1503,0.8227,15.608,walk
6.911,2266,0.2682,-0.2209,-0.1521,0.8113,15.63,walk
6.9129,2267,0.2641,-0.2174,-0.1499,0.8113,15.557,walk
6.9152,2268,0.2663,-0.2189,-0.1517,0.8072,15.524,walk
6.9173,2269,0.2632,-0.2162,-0.1501,0.8072,15.475,walk
6.9205,2270,0.2644,-0.2168,-0.1514,0.8088,15.414,walk
6.9215,2271,0.2623,-0.215,-0.1503,0.8088,15.366,walk
6.9251,2272,0.2635,-0.2155,-0.1516,0.793,15.377,walk
6.9257,2273,0.2614,-0.2136,-0.1505,0.793,15.305,walk
6.9289,2274,0.2615,-0.2132,-0.1513,0.8019,15.263,walk
6.9318,2275,0.2627,-0.2138,-0.1526,0.8041,15.22,walk
6.937,2276,0.2595,-0.2105,-0.1518,0.7972,15.094,walk
6.9399,2277,0.2596,-0.21,-0.1526,0.7878,15.084,walk
6.9421,2278,0.2566,-0.2074,-0.1511,0.7878,15.007,walk
6.9454,2279,0.2582,-0.2084,-0.1524,0.7892,15.009,walk
6.9467,2280,0.2566,-0.2071,-0.1514,0.7892,14.953,walk
6.9504,2281,0.2583,-0.2083,-0.1527,0.7915,14.947,walk
6.9531,2282,0.2576,-0.2078,-0.1522,0.7947,14.868,walk
6.955,2283,0.256,-0.2067,-0.1511,0.7947,14.829,walk
6.9581,2284,0.2585,-0.2085,-0.1528,0.7844,14.84,walk
6.9604,2285,0.2588,-0.2089,-0.1528,0.7566,14.804,walk
6.962,2286,0.2574,-0.2079,-0.1518,0.7566,14.777,walk
6.9648,2287,0.2598,-0.2097,-0.1534,0.777,14.783,walk
6.967,2288,0.2574,-0.2079,-0.1517,0.777,14.668,walk
6.9708,2289,0.2579,-0.2083,-0.1522,0.7845,14.597,walk
6.9734,2290,0.2573,-0.2077,-0.1519,0.7818,14.526,walk
6.9755,2291,0.2554,-0.2063,-0.1506,0.7818,14.441,walk
6.9787,2292,0.2566,-0.2071,-0.1515,0.7626,14.459,walk
6.9796,2293,0.2546,-0.2056,-0.1502,0.7626,14.379,walk
6.9869,2294,0.258,-0.208,-0.1527,0.7603,14.356,walk
6.9876,2295,0.2533,-0.2043,-0.1497,0.7603,14.257,walk
6.9913,2296,0.2546,-0.2053,-0.1506,0.7604,14.231,walk
6.9918,2297,0.2528,-0.2039,-0.1495,0.7604,14.208,walk
6.9948,2298,0.2532,-0.2041,-0.1499,0.7378,14.169,walk
6.9968,2299,0.2515,-0.2027,-0.1487,0.7378,14.129,walk
6.9993,2300,0.2537,-0.2044,-0.1503,0.7378,14.185,walk
7.004,2301,0.2538,-0.2044,-0.1504,0.7393,14.155,walk
7.0046,2302,0.2516,-0.2028,-0.149,0.7393,14.077,walk
7.0083,2303,0.2515,-0.2026,-0.149,0.7298,14.042,walk
7.011,2304,0.2529,-0.2036,-0.15,0.7279,14.067,walk
7.0131,2305,0.2513,-0.2023,-0.149,0.7279,14.048,walk
7.0164,2306,0.251,-0.202,-0.149,0.7295,14.027,walk
7.019,2307,0.2532,-0.2036,-0.1505,0.7311,14.075,walk
7.0209,2308,0.2508,-0.2017,-0.149,0.7311,14.0,walk
7.0234,2309,0.2519,-0.2025,-0.1498,0.6568,13.998,walk
7.0255,2310,0.2495,-0.2006,-0.1484,0.6568,13.924,walk
7.0288,2311,0.2509,-0.2016,-0.1494,0.7211,13.942,walk
7.032,2312,0.2516,-0.2021,-0.1499,0.7385,13.918,walk
7.037,2313,0.2501,-0.2008,-0.1491,0.7355,13.87,walk
7.0398,2314,0.2511,-0.2016,-0.1497,0.7767,13.876,walk
7.0427,2315,0.2503,-0.201,-0.1492,0.7767,13.859,walk
7.0454,2316,0.25,-0.2006,-0.1491,0.6394,13.92,walk
7.0467,2317,0.2485,-0.1995,-0.1482,0.6394,13.903,walk
7.0491,2318,0.25,-0.2006,-0.1492,0.7029,13.955,walk
7.0512,2319,0.2478,-0.1988,-0.1478,0.7029,13.905,walk
7.0549,2320,0.2491,-0.1998,-0.1488,0.6746,13.95,walk
7.0575,2321,0.2492,-0.1998,-0.1489,0.7041,13.981,walk
7.0619,2322,0.2507,-0.2009,-0.1499,0.6978,14.032,walk
7.0651,2323,0.2499,-0.2002,-0.1496,0.6696,14.125,walk
7.0667,2324,0.2485,-0.1991,-0.1487,0.6696,14.11,walk
7.0701,2325,0.2499,-0.2001,-0.1498,0.6761,14.249,walk
7.0723,2326,0.2509,-0.2008,-0.1504,0.7274,14.243,walk
7.0748,2327,0.2502,-0.2003,-0.15,0.7274,14.243,walk
7.0781,2328,0.2505,-0.2005,-0.1502,0.7249,14.231,walk
7.0809,2329,0.2507,-0.2006,-0.1503,0.711,14.238,walk
7.0835,2330,0.2487,-0.199,-0.1491,0.711,14.211,walk
7.0911,2331,0.2498,-0.1998,-0.1499,0.7062,14.269,walk
7.0958,2332,0.2507,-0.2005,-0.1505,0.7097,14.328,walk
7.0962,2333,0.2487,-0.1989,-0.1493,0.7097,14.277,walk
7.1003,2334,0.2503,-0.2001,-0.1503,0.7038,14.323,walk
7.1025,2335,0.2513,-0.2009,-0.1509,0.7187,14.36,walk
7.1045,2336,0.2493,-0.1993,-0.1497,0.7187,14.335,walk
7.1072,2337,0.2501,-0.2,-0.1502,0.6857,14.381,walk
7.1091,2338,0.2488,-0.1989,-0.1494,0.6857,14.358,walk
7.1112,2339,0.251,-0.2006,-0.1508,0.7017,14.372,walk
7.1132,2340,0.249,-0.1991,-0.1496,0.7017,14.35,walk
7.1165,2341,0.25,-0.1999,-0.1502,0.7257,14.366,walk
7.121,2342,0.2516,-0.2011,-0.1512,0.6996,14.4,walk
7.1216,2343,0.2495,-0.1995,-0.1499,0.6996,14.355,walk
7.1243,2344,0.2519,-0.2014,-0.1514,0.7444,14.417,walk
7.1278,2345,0.2522,-0.2016,-0.1514,0.7038,14.443,walk
7.1303,2346,0.2494,-0.1995,-0.1497,0.7038,14.396,walk
7.1348,2347,0.2496,-0.1996,-0.1498,0.7019,14.354,walk
7.1394,2348,0.2529,-0.2022,-0.1518,0.7233,14.364,walk
7.1422,2349,0.2508,-0.2006,-0.1505,0.7233,14.311,walk
7.1457,2350,0.2518,-0.2015,-0.151,0.7621,14.337,walk
7.1465,2351,0.2504,-0.2004,-0.1501,0.7621,14.295,walk
7.1496,2352,0.2513,-0.2012,-0.1507,0.732,14.253,walk
7.1547,2353,0.2529,-0.2024,-0.1516,0.7064,14.253,walk
7.1553,2354,0.25,-0.2002,-0.1498,0.7064,14.192,walk
7.1589,2355,0.2517,-0.2015,-0.1507,0.7388,14.183,walk
7.1618,2356,0.2525,-0.2023,-0.1512,0.7316,14.134,walk
7.1628,2357,0.2511,-0.2012,-0.1502,0.7316,14.118,walk
7.1662,2358,0.2526,-0.2024,-0.1512,0.7234,14.054,walk
7.1671,2359,0.2512,-0.2013,-0.1502,0.7234,14.037,walk
7.1704,2360,0.2521,-0.202,-0.1507,0.7571,13.985,walk
7.1727,2361,0.2529,-0.2028,-0.1512,0.7377,13.952,walk
7.1752,2362,0.2507,-0.2011,-0.1497,0.7377,13.88,walk
7.1799,2363,0.2509,-0.2013,-0.1498,0.7904,13.79,walk
7.1829,2364,0.2518,-0.202,-0.1502,0.7567,13.748,walk
7.1851,2365,0.2502,-0.2009,-0.1492,0.7567,13.691,walk
7.1879,2366,0.2518,-0.2022,-0.1501,0.7448,13.665,walk
7.1911,2367,0.2518,-0.2023,-0.1499,0.7564,13.607,walk
7.1943,2368,0.2519,-0.2024,-0.1499,0.7781,13.517,walk
7.1972,2369,0.2543,-0.2044,-0.1514,0.7895,13.504,walk
7.1999,2370,0.2527,-0.2032,-0.1503,0.7895,13.446,walk
7.2023,2371,0.2528,-0.2034,-0.1501,0.7865,13.395,walk
7.2044,2372,0.2504,-0.2016,-0.1485,0.7865,13.316,walk
7.2089,2373,0.2519,-0.2029,-0.1494,0.7772,13.304,walk
7.2104,2374,0.2529,-0.2037,-0.1499,0.8249,13.201,walk
7.2124,2375,0.2505,-0.2019,-0.1482,0.8249,13.12,walk
7.2152,2376,0.2522,-0.2033,-0.1491,0.8042,13.084,walk
7.2178,2377,0.2505,-0.2021,-0.148,0.8042,13.063,walk
7.2209,2378,0.2506,-0.2023,-0.1478,0.8046,12.953,walk
7.2252,2379,0.2513,-0.2031,-0.1481,0.7927,12.923,walk
7.2258,2380,0.2497,-0.2019,-0.1469,0.7927,12.883,walk
7.2287,2381,0.2514,-0.2033,-0.1478,0.8079,12.873,walk
7.2321,2382,0.2522,-0.2041,-0.1482,0.8208,12.806,walk
7.2344,2383,0.2506,-0.2029,-0.147,0.8208,12.786,walk
7.2409,2384,0.2505,-0.2033,-0.1464,0.7985,12.693,walk
7.2435,2385,0.2518,-0.2044,-0.1471,0.8243,12.691,walk
7.2459,2386,0.2512,-0.204,-0.1466,0.8243,12.673,walk
7.2488,2387,0.2527,-0.2053,-0.1474,0.8234,12.659,walk
7.2508,2388,0.2507,-0.2038,-0.146,0.8234,12.602,walk
7.2545,2389,0.2528,-0.2056,-0.1472,0.8449,12.55,walk
7.2565,2390,0.2541,-0.2067,-0.1477,0.8495,12.518,walk
7.2584,2391,0.2518,-0.2051,-0.1461,0.8495,12.483,walk
7.2615,2392,0.2539,-0.2069,-0.1473,0.8705,12.519,walk
7.2628,2393,0.2525,-0.2058,-0.1463,0.8705,12.487,walk
7.2659,2394,0.2539,-0.207,-0.147,0.8668,12.503,walk
7.2712,2395,0.2551,-0.2081,-0.1476,0.8558,12.494,walk
7.2719,2396,0.252,-0.2057,-0.1456,0.8558,12.441,walk
7.2756,2397,0.2531,-0.2067,-0.1461,0.8593,12.439,walk
7.2776,2398,0.2558,-0.2089,-0.1477,0.8531,12.455,walk
7.2796,2399,0.2534,-0.2071,-0.1461,0.8531,12.42,walk
7.2828,2400,0.2561,-0.2092,-0.1477,0.8578,12.441,walk
7.2837,2401,0.2536,-0.2074,-0.146,0.8578,12.403,walk
7.2923,2402,0.2575,-0.2107,-0.1482,0.877,12.417,walk
7.2936,2403,0.257,-0.2105,-0.1475,0.8542,12.384,walk
7.2962,2404,0.2546,-0.2087,-0.1459,0.8542,12.349,walk
7.2999,2405,0.2559,-0.2099,-0.1465,0.8671,12.311,walk
7.3008,2406,0.2545,-0.2089,-0.1454,0.8671,12.292,walk
7.3047,2407,0.2552,-0.2097,-0.1455,0.8756,12.231,walk
7.3079,2408,0.2572,-0.2114,-0.1465,0.8693,12.253,walk
7.3109,2409,0.2585,-0.2126,-0.147,0.8808,12.208,walk
7.3124,2410,0.2569,-0.2115,-0.1459,0.8808,12.187,walk
7.3155,2411,0.2589,-0.2132,-0.1469,0.8725,12.161,walk
7.3177,2412,0.2557,-0.2109,-0.1447,0.8725,12.096,walk
7.3202,2413,0.2585,-0.2132,-0.1462,0.8679,12.103,walk
7.323,2414,0.2605,-0.215,-0.1472,0.8819,12.099,walk
7.3252,2415,0.2566,-0.212,-0.1444,0.8819,11.99,walk
7.329,2416,0.257,-0.2126,-0.1443,0.8687,11.952,walk
7.3318,2417,0.2599,-0.2151,-0.1459,0.9003,11.982,walk
7.3346,2418,0.2575,-0.2134,-0.1442,0.9003,11.938,walk
7.3377,2419,0.2596,-0.2151,-0.1452,0.8665,11.907,walk
7.341,2420,0.2594,-0.2153,-0.1446,0.8963,11.866,walk
7.3439,2421,0.2607,-0.2166,-0.1451,0.8893,11.907,walk
7.346,2422,0.2584,-0.2149,-0.1435,0.8893,11.819,walk
7.349,2423,0.2598,-0.2162,-0.144,0.8962,11.843,walk
7.3545,2424,0.2613,-0.2177,-0.1446,0.9218,11.841,walk
7.3572,2425,0.2628,-0.2191,-0.1451,0.9071,11.886,walk
7.3592,2426,0.2597,-0.2168,-0.143,0.9071,11.798,walk
7.3624,2427,0.2612,-0.2182,-0.1435,0.8994,11.796,walk
7.3662,2428,0.2619,-0.2191,-0.1435,0.9034,11.798,walk
7.3691,2429,0.2641,-0.221,-0.1447,0.8977,11.852,walk
7.3713,2430,0.2619,-0.2193,-0.1431,0.8977,11.764,walk
7.3749,2431,0.2642,-0.2214,-0.1442,0.9246,11.846,walk
7.3757,2432,0.2627,-0.2203,-0.1431,0.9246,11.824,walk
7.3781,2433,0.2643,-0.2218,-0.1438,0.9161,11.856,walk
7.3828,2434,0.2666,-0.2238,-0.1449,0.9224,11.9,walk
7.3833,2435,0.2644,-0.2221,-0.1434,0.9224,11.812,walk
7.3874,2436,0.2661,-0.2237,-0.144,0.9374,11.868,walk
7.3912,2437,0.2662,-0.2241,-0.1436,0.9193,11.871,walk
7.3946,2438,0.268,-0.2258,-0.1444,0.9832,11.944,walk
7.3985,2439,0.2698,-0.2275,-0.1451,0.9632,11.977,walk
7.4,2440,0.2676,-0.2258,-0.1436,0.9632,11.931,walk
7.4044,2441,0.2694,-0.2275,-0.1443,0.957,11.927,walk
7.4051,2442,0.2679,-0.2264,-0.1433,0.957,11.904,walk
7.4085,2443,0.2698,-0.2282,-0.144,0.994,11.964,walk
7.4106,2444,0.2732,-0.231,-0.1458,0.9808,12.05,walk
7.4127,2445,0.271,-0.2294,-0.1443,0.9808,12.004,walk
7.4166,2446,0.2722,-0.2306,-0.1447,1.0201,11.978,walk
7.4194,2447,0.2748,-0.2329,-0.1459,0.9789,12.076,walk
7.4212,2448,0.2726,-0.2313,-0.1444,0.9789,11.986,walk
7.4242,2449,0.2754,-0.2337,-0.1457,1.0296,12.092,walk
7.4254,2450,0.274,-0.2326,-0.1447,1.0296,12.048,walk
7.4288,2451,0.2761,-0.2346,-0.1456,1.0609,12.028,walk
7.4308,2452,0.2789,-0.2371,-0.1469,1.019,12.134,walk
7.4334,2453,0.2767,-0.2354,-0.1454,1.019,12.047,walk
7.4367,2454,0.2794,-0.2378,-0.1467,1.0219,12.12,walk
7.4409,2455,0.28,-0.2386,-0.1466,1.0431,12.106,walk
7.4437,2456,0.2822,-0.2406,-0.1474,1.0486,12.117,walk
7.4459,2457,0.2807,-0.2394,-0.1464,1.0486,12.097,walk
7.4493,2458,0.2835,-0.2419,-0.1478,1.0485,12.108,stand
7.452,2459,0.2849,-0.2433,-0.1483,1.0674,12.098,stand
7.4559,2460,0.2864,-0.2448,-0.1487,1.0785,12.13,stand
7.4585,2461,0.2849,-0.2436,-0.1477,1.0785,12.071,stand
7.4615,2462,0.2861,-0.2448,-0.148,1.032,12.057,stand
7.464,2463,0.2892,-0.2476,-0.1495,1.1219,11.958,stand
7.4675,2464,0.2861,-0.2451,-0.1476,1.1219,11.902,stand
7.4711,2465,0.2898,-0.2483,-0.1494,1.0706,11.887,stand
7.4748,2466,0.2903,-0.249,-0.1493,1.0698,11.809,stand
7.4753,2467,0.2888,-0.2477,-0.1484,1.0698,11.791,stand
7.4792,2468,0.2916,-0.2502,-0.1497,1.0686,11.724,stand
7.48,2469,0.29,-0.249,-0.1488,1.0686,11.707,stand
7.4831,2470,0.2913,-0.2502,-0.1492,1.0743,11.589,stand
7.487,2471,0.2948,-0.2532,-0.151,1.044,11.561,stand
7.4911,2472,0.2916,-0.2506,-0.1491,1.044,11.494,stand
7.495,2473,0.2963,-0.2547,-0.1513,1.0678,11.274,stand
7.4982,2474,0.2981,-0.2564,-0.1521,1.0432,11.159,stand
7.5003,2475,0.2964,-0.255,-0.1512,1.0432,11.143,stand
7.5041,2476,0.2957,-0.2545,-0.1506,1.0479,10.948,stand
7.5067,2477,0.2983,-0.2568,-0.1518,1.0266,10.827,stand
7.5084,2478,0.2966,-0.2553,-0.1509,1.0266,10.811,stand
7.512,2479,0.2983,-0.2569,-0.1517,1.0394,10.627,stand
7.513,2480,0.2966,-0.2554,-0.1508,1.0394,10.611,stand
7.5156,2481,0.3008,-0.259,-0.1529,1.0088,10.504,stand
7.5202,2482,0.3015,-0.2596,-0.1532,1.0132,10.272,stand
7.5238,2483,0.3012,-0.2594,-0.1531,0.9832,10.063,stand
7.5255,2484,0.2994,-0.2579,-0.1522,0.9832,10.032,stand
7.5283,2485,0.3017,-0.2598,-0.1535,0.9745,9.898,stand
7.5303,2486,0.2982,-0.2567,-0.1518,0.9745,9.837,stand
7.536,2487,0.3013,-0.2593,-0.1533,0.963,9.706,stand
7.5386,2488,0.2998,-0.258,-0.1528,0.9619,9.506,stand
7.5413,2489,0.3003,-0.2583,-0.1531,0.9479,9.337,stand
7.5449,2490,0.3027,-0.2605,-0.1542,0.9542,9.208,stand
7.5458,2491,0.3012,-0.2592,-0.1534,0.9542,9.172,stand
7.549,2492,0.3028,-0.2607,-0.154,0.93,9.055,stand
7.5522,2493,0.3046,-0.2624,-0.1546,0.9302,8.953,stand
7.5548,2494,0.3027,-0.2609,-0.1535,0.9302,8.911,stand
7.5583,2495,0.3051,-0.2631,-0.1545,0.9182,8.801,stand
7.5609,2496,0.3062,-0.2642,-0.1547,0.9026,8.716,stand
7.5624,2497,0.3048,-0.2631,-0.1539,0.9026,8.678,stand
7.5664,2498,0.3054,-0.2638,-0.1539,0.9178,8.551,stand
7.5715,2499,0.3057,-0.2641,-0.154,0.8956,8.479,stand
7.5738,2500,0.3076,-0.2658,-0.1549,0.8904,8.426,stand
7.5757,2501,0.3051,-0.2636,-0.1536,0.8904,8.391,stand
7.5779,2502,0.307,-0.2653,-0.1545,0.8839,8.347,stand
7.5799,2503,0.3053,-0.2638,-0.1537,0.8839,8.332,stand
7.5832,2504,0.3056,-0.2641,-0.1538,0.8785,8.293,stand
7.5865,2505,0.3067,-0.265,-0.1544,0.8719,8.268,stand
7.5937,2506,0.3065,-0.2648,-0.1543,0.8746,8.232,stand
7.5947,2507,0.3078,-0.266,-0.1549,0.8519,8.221,stand
7.5973,2508,0.3092,-0.2671,-0.1557,0.857,8.24,stand
7.5997,2509,0.3084,-0.2664,-0.1553,0.857,8.222,stand
7.6043,2510,0.3073,-0.2654,-0.155,0.8534,8.193,stand
7.6074,2511,0.3101,-0.2677,-0.1565,0.8511,8.22,stand
7.6108,2512,0.3106,-0.268,-0.1569,0.845,8.225,stand
7.6128,2513,0.3083,-0.2659,-0.1559,0.845,8.198,stand
7.6158,2514,0.3096,-0.267,-0.1567,0.8539,8.215,stand
7.6178,2515,0.3081,-0.2656,-0.1561,0.8539,8.187,stand
7.6205,2516,0.3101,-0.2673,-0.1573,0.8498,8.218,stand
7.6225,2517,0.3113,-0.2682,-0.1581,0.838,8.229,stand
7.6244,2518,0.3099,-0.2668,-0.1575,0.838,8.22,stand
7.6295,2519,0.3104,-0.2672,-0.1581,0.8468,8.201,stand
7.6315,2520,0.3117,-0.2682,-0.1589,0.835,8.207,stand
7.6336,2521,0.3103,-0.2668,-0.1584,0.835,8.179,stand
7.639,2522,0.313,-0.2691,-0.1599,0.8348,8.198,stand
7.6409,2523,0.3121,-0.2681,-0.1599,0.829,8.16,stand
7.6446,2524,0.3127,-0.2684,-0.1605,0.8218,8.153,stand
7.6472,2525,0.3154,-0.2706,-0.162,0.825,8.135,stand
7.6491,2526,0.3126,-0.268,-0.1609,0.825,8.089,stand
7.6519,2527,0.3146,-0.2696,-0.1621,0.8208,8.09,stand
7.6559,2528,0.3159,-0.2706,-0.163,0.8187,8.021,stand
7.6582,2529,0.3131,-0.268,-0.162,0.8187,7.995,stand
7.662,2530,0.3151,-0.2695,-0.1632,0.803,7.965,stand
7.6624,2531,0.3137,-0.2682,-0.1627,0.803,7.957,stand
7.6662,2532,0.3156,-0.2697,-0.1639,0.7827,7.896,stand
7.6668,2533,0.3142,-0.2684,-0.1633,0.7827,7.872,stand
7.6707,2534,0.3148,-0.2687,-0.1641,0.8055,7.817,stand
7.6732,2535,0.3167,-0.2702,-0.1653,0.7874,7.763,stand
7.6748,2536,0.3154,-0.2689,-0.1648,0.7874,7.755,stand
7.6774,2537,0.3166,-0.2698,-0.1658,0.7862,7.675,stand
7.6794,2538,0.3153,-0.2685,-0.1653,0.7862,7.669,stand
7.684,2539,0.3172,-0.27,-0.1666,0.791,7.591,stand
7.6891,2540,0.3171,-0.2695,-0.167,0.7652,7.509,stand
7.6904,2541,0.3176,-0.2697,-0.1678,0.7759,7.427,stand
7.6935,2542,0.3195,-0.2711,-0.169,0.7636,7.376,stand
7.6956,2543,0.3188,-0.2705,-0.1687,0.7636,7.376,stand
7.6982,2544,0.3193,-0.2706,-0.1695,0.7521,7.28,stand
7.6996,2545,0.318,-0.2693,-0.169,0.7521,7.275,stand
7.7047,2546,0.3191,-0.2701,-0.17,0.7503,7.199,stand
7.7056,2547,0.3204,-0.2709,-0.171,0.7792,7.025,stand
7.7076,2548,0.3191,-0.2697,-0.1705,0.7792,7.014,stand
7.7112,2549,0.3209,-0.2711,-0.1717,0.7589,6.898,stand
7.7127,2550,0.3189,-0.2692,-0.171,0.7589,6.888,stand
7.7161,2551,0.3201,-0.2699,-0.1721,0.7575,6.799,stand
7.7195,2552,0.3213,-0.2707,-0.173,0.7564,6.685,stand
7.7213,2553,0.3193,-0.2688,-0.1723,0.7564,6.68,stand
7.7242,2554,0.3205,-0.2696,-0.1733,0.7529,6.594,stand
7.7266,2555,0.323,-0.2715,-0.1749,0.7535,6.496,stand
7.7292,2556,0.321,-0.2696,-0.1741,0.7535,6.485,stand
7.7321,2557,0.3221,-0.2703,-0.1752,0.7466,6.381,stand
7.7339,2558,0.3208,-0.2691,-0.1746,0.7466,6.372,stand
7.7389,2559,0.3205,-0.2685,-0.175,0.7324,6.251,stand
7.7429,2560,0.3216,-0.2691,-0.176,0.7212,6.112,stand
7.7454,2561,0.3219,-0.2692,-0.1766,0.7184,5.926,stand
7.7486,2562,0.323,-0.2698,-0.1776,0.7489,5.827,stand
7.7518,2563,0.3254,-0.2717,-0.1791,0.7338,5.735,stand
7.755,2564,0.3227,-0.2692,-0.178,0.7338,5.716,stand
7.7582,2565,0.3225,-0.2686,-0.1784,0.7411,5.592,stand
7.7606,2566,0.3249,-0.2705,-0.18,0.7512,5.524,stand
7.7622,2567,0.3229,-0.2686,-0.1792,0.7512,5.502,stand
7.7666,2568,0.3253,-0.2705,-0.1807,0.7452,5.398,stand
7.7671,2569,0.3226,-0.268,-0.1795,0.7452,5.367,stand
7.7694,2570,0.325,-0.27,-0.181,0.7534,5.268,stand
7.7715,2571,0.323,-0.2681,-0.1801,0.7534,5.241,stand
7.7743,2572,0.3254,-0.2699,-0.1816,0.7399,5.154,stand
7.7777,2573,0.3257,-0.2699,-0.1822,0.7368,5.026,stand
7.7792,2574,0.3236,-0.268,-0.1812,0.7368,5.011,stand
7.7835,2575,0.3252,-0.2693,-0.1824,0.7306,4.926,stand
7.7841,2576,0.3231,-0.2674,-0.1814,0.7306,4.91,stand
7.7888,2577,0.3233,-0.2674,-0.1818,0.7401,4.802,stand
7.7922,2578,0.3235,-0.2673,-0.1823,0.725,4.693,stand
7.7961,2579,0.3237,-0.2672,-0.1827,0.75,4.617,stand
7.7987,2580,0.3253,-0.2685,-0.1837,0.7308,4.535,stand
7.8003,2581,0.3239,-0.2672,-0.183,0.7308,4.528,stand
7.8035,2582,0.3255,-0.2685,-0.1841,0.7423,4.443,stand
7.806,2583,0.3264,-0.2691,-0.1848,0.75,4.372,stand
7.8093,2584,0.3235,-0.2665,-0.1833,0.75,4.342,stand
7.8119,2585,0.3259,-0.2685,-0.1848,0.756,4.324,stand
7.8163,2586,0.326,-0.2684,-0.1851,0.7433,4.274,stand
7.8173,2587,0.3238,-0.2665,-0.1839,0.7433,4.265,stand
7.8211,2588,0.3254,-0.2678,-0.1849,0.7436,4.216,stand
7.8231,2589,0.3256,-0.2678,-0.1852,0.7599,4.208,stand
7.8251,2590,0.3241,-0.2665,-0.1844,0.7599,4.202,stand
7.8273,2591,0.3264,-0.2684,-0.1858,0.744,4.199,stand
7.8293,2592,0.3242,-0.2665,-0.1846,0.744,4.189,stand
7.832,2593,0.3266,-0.2683,-0.1862,0.767,4.193,stand
7.8341,2594,0.3236,-0.2658,-0.1845,0.767,4.186,stand
7.838,2595,0.3268,-0.2684,-0.1863,0.7641,4.2,stand
7.8426,2596,0.3253,-0.2672,-0.1857,0.7477,4.198,stand
7.8457,2597,0.3262,-0.2678,-0.1862,0.7459,4.215,stand
7.8492,2598,0.326,-0.2676,-0.1863,0.7623,4.266,stand
7.8537,2599,0.3258,-0.2673,-0.1864,0.7634,4.331,stand
7.8586,2600,0.3262,-0.2675,-0.1868,0.7762,4.403,stand
7.8592,2601,0.3249,-0.2664,-0.186,0.7762,4.411,stand
7.8619,2602,0.3274,-0.2684,-0.1876,0.7802,4.464,stand
7.8652,2603,0.3286,-0.2693,-0.1882,0.7565,4.536,stand
7.8668,2604,0.3266,-0.2677,-0.187,0.7565,4.558,stand
7.8704,2605,0.3276,-0.2685,-0.1878,0.7692,4.61,stand
7.871,2606,0.3269,-0.2679,-0.1873,0.7692,4.625,stand
7.8738,2607,0.3279,-0.2687,-0.1881,0.7801,4.703,stand
7.8753,2608,0.3264,-0.2674,-0.1872,0.7801,4.722,stand
7.878,2609,0.3296,-0.2699,-0.1891,0.7713,4.768,stand
7.8802,2610,0.3257,-0.2667,-0.1869,0.7713,4.796,stand
7.8823,2611,0.3273,-0.268,-0.188,0.7978,4.854,stand
7.8854,2612,0.329,-0.2693,-0.189,0.7902,4.877,stand
7.8906,2613,0.3293,-0.2694,-0.1893,0.7976,4.92,stand
7.8937,2614,0.3289,-0.269,-0.1893,0.7939,4.936,stand
7.896,2615,0.3267,-0.2672,-0.188,0.7939,4.935,stand
7.8992,2616,0.3285,-0.2686,-0.1892,0.8071,5.002,stand
7.9022,2617,0.3303,-0.27,-0.1903,0.7813,5.037,stand
7.9039,2618,0.3284,-0.2685,-0.1891,0.7813,5.034,stand
7.908,2619,0.3298,-0.2696,-0.1899,0.7996,5.067,stand
7.909,2620,0.3284,-0.2685,-0.1891,0.7996,5.065,stand
7.9126,2621,0.3302,-0.27,-0.1901,0.7935,5.105,stand
7.9149,2622,0.3312,-0.2708,-0.1908,0.7916,5.154,stand
7.9168,2623,0.329,-0.269,-0.1894,0.7916,5.142,stand
7.9208,2624,0.3292,-0.2692,-0.1895,0.7914,5.167,stand
7.9237,2625,0.3311,-0.2707,-0.1906,0.8125,5.219,stand
7.9258,2626,0.3288,-0.269,-0.1892,0.8125,5.212,stand
7.9287,2627,0.3307,-0.2705,-0.1903,0.8102,5.252,stand
7.9315,2628,0.3318,-0.2713,-0.1909,0.8104,5.281,stand
7.9341,2629,0.3295,-0.2696,-0.1895,0.8104,5.261,stand
7.9372,2630,0.3322,-0.2717,-0.1911,0.8288,5.299,stand
7.9406,2631,0.3326,-0.2721,-0.1914,0.834,5.287,stand
7.9435,2632,0.3331,-0.2725,-0.1917,0.8428,5.27,stand
7.9459,2633,0.3309,-0.2708,-0.1902,0.8428,5.256,stand
7.9485,2634,0.3329,-0.2723,-0.1915,0.8462,5.255,stand
7.9507,2635,0.3307,-0.2706,-0.1901,0.8462,5.239,stand
7.954,2636,0.3327,-0.2722,-0.1914,0.8532,5.213,stand
7.958,2637,0.3333,-0.2727,-0.1917,0.8575,5.179,stand
7.9583,2638,0.3318,-0.2716,-0.1907,0.8575,5.152,stand
7.962,2639,0.3339,-0.2732,-0.192,0.859,5.16,stand
7.9631,2640,0.3317,-0.2715,-0.1906,0.859,5.132,stand
7.9662,2641,0.3331,-0.2726,-0.1914,0.8592,5.1,stand
7.9694,2642,0.3358,-0.2747,-0.1932,0.8603,5.109,stand
7.9713,2643,0.333,-0.2725,-0.1913,0.8603,5.07,stand
7.974,2644,0.3357,-0.2747,-0.193,0.854,5.056,stand
7.9768,2645,0.3363,-0.2752,-0.1933,0.8472,5.016,stand
7.9787,2646,0.3349,-0.2741,-0.1924,0.8472,4.984,stand
7.983,2647,0.3363,-0.2752,-0.1933,0.8689,4.979,stand
7.9878,2648,0.3376,-0.2762,-0.1941,0.8558,4.93,stand
7.9935,2649,0.339,-0.2773,-0.1951,0.8618,4.823,stand
7.9953,2650,0.3369,-0.2756,-0.1937,0.8618,4.8,stand
7.9987,2651,0.3382,-0.2767,-0.1946,0.8633,4.736,stand
8.0018,2652,0.3397,-0.2777,-0.1956,0.8849,4.707,stand
8.0042,2653,0.3375,-0.2761,-0.1942,0.8849,4.662,stand
8.0073,2654,0.3404,-0.2783,-0.1961,0.8712,4.613,stand
8.0093,2655,0.3375,-0.2761,-0.1942,0.8712,4.569,stand
8.0133,2656,0.3397,-0.2777,-0.1957,0.8924,4.565,stand
8.0145,2657,0.3412,-0.2788,-0.1967,0.8763,4.471,stand
8.0166,2658,0.3397,-0.2777,-0.1958,0.8763,4.46,stand
8.0208,2659,0.3413,-0.2787,-0.1969,0.8978,4.397,stand
8.0252,2660,0.3427,-0.2798,-0.1979,0.8707,4.321,stand
8.0291,2661,0.3412,-0.2786,-0.1971,0.8931,4.237,stand
8.0331,2662,0.3427,-0.2796,-0.1981,0.8907,4.157,stand
8.0386,2663,0.3449,-0.2812,-0.1998,0.898,4.117,stand
8.041,2664,0.3442,-0.2805,-0.1994,0.895,4.004,stand
8.0447,2665,0.3464,-0.2821,-0.2011,0.9108,3.96,stand
8.047,2666,0.3434,-0.2798,-0.1992,0.9108,3.929,stand
8.0514,2667,0.3442,-0.2801,-0.1999,0.9052,3.862,stand
8.0594,2668,0.3456,-0.2809,-0.2014,0.9118,3.737,stand
8.0627,2669,0.3472,-0.2819,-0.2027,0.9395,3.675,stand
8.0651,2670,0.3479,-0.2822,-0.2035,0.9257,3.59,stand
8.0673,2671,0.3463,-0.281,-0.2025,0.9257,3.588,stand
8.0708,2672,0.3485,-0.2823,-0.2044,0.9318,3.568,walk
8.074,2673,0.3492,-0.2826,-0.2052,0.9357,3.46,walk
8.0755,2674,0.3477,-0.2814,-0.2042,0.9357,3.457,walk
8.0786,2675,0.3492,-0.2823,-0.2056,0.9643,3.413,walk
8.0819,2676,0.3516,-0.2837,-0.2076,0.9683,3.36,walk
8.0838,2677,0.3499,-0.2824,-0.2066,0.9683,3.36,walk
8.0877,2678,0.3514,-0.2832,-0.2081,0.9686,3.315,walk
8.0898,2679,0.3481,-0.2806,-0.2061,0.9686,3.317,walk
8.0926,2680,0.3505,-0.2821,-0.208,0.9838,3.261,walk
8.0954,2681,0.3529,-0.2836,-0.2101,1.0032,3.228,walk
8.0985,2682,0.3529,-0.2831,-0.2107,1.0223,3.192,walk
8.1004,2683,0.3512,-0.2817,-0.2097,1.0223,3.196,walk
8.1034,2684,0.3546,-0.2839,-0.2123,1.0298,3.157,walk
8.1086,2685,0.3528,-0.282,-0.212,1.0372,3.114,walk
8.1116,2686,0.3554,-0.2835,-0.2142,1.06,3.076,walk
8.1126,2687,0.3536,-0.2821,-0.2132,1.06,3.079,walk
8.1163,2688,0.3544,-0.2821,-0.2145,1.0615,3.035,walk
8.1202,2689,0.3569,-0.2836,-0.2168,1.0598,3.009,walk
8.1205,2690,0.3552,-0.2821,-0.2158,1.0598,3.013,walk
8.1249,2691,0.3559,-0.2819,-0.2172,1.0656,2.987,walk
8.1275,2692,0.3585,-0.2833,-0.2196,1.0779,2.968,walk
8.1292,2693,0.3557,-0.281,-0.2181,1.0779,2.97,walk
8.1332,2694,0.3564,-0.2809,-0.2195,1.0835,2.952,walk
8.1375,2695,0.359,-0.2822,-0.2219,1.0791,2.942,walk
8.1412,2696,0.3587,-0.2812,-0.2227,1.0663,2.941,walk
8.1454,2697,0.3623,-0.2834,-0.2258,1.0956,2.949,walk
8.1481,2698,0.3613,-0.2819,-0.226,1.0883,2.975,walk
8.1502,2699,0.3598,-0.2807,-0.225,1.0883,2.978,walk
8.1545,2700,0.3618,-0.2817,-0.227,1.1093,3.015,walk
8.1571,2701,0.365,-0.2837,-0.2297,1.0809,3.028,walk
8.1603,2702,0.3669,-0.2846,-0.2315,1.0646,3.004,walk
8.1629,2703,0.3654,-0.2835,-0.2305,1.0646,2.979,walk
8.167,2704,0.3683,-0.2851,-0.2331,1.0878,3.02,walk
8.1672,2705,0.3658,-0.2832,-0.2315,1.0878,2.985,walk
8.1702,2706,0.3677,-0.2841,-0.2334,1.0875,3.029,walk
8.1723,2707,0.366,-0.2828,-0.2322,1.0875,3.007,walk
8.1759,2708,0.3677,-0.2837,-0.2338,1.0726,3.049,walk
8.1785,2709,0.3702,-0.2851,-0.2361,1.0459,3.12,walk
8.1816,2710,0.3718,-0.2859,-0.2376,1.0438,3.178,walk
8.1834,2711,0.3692,-0.2841,-0.2358,1.0438,3.169,walk
8.1869,2712,0.3718,-0.2855,-0.2381,1.0611,3.273,walk
8.1899,2713,0.3726,-0.2857,-0.2392,1.0201,3.368,walk
8.1936,2714,0.3752,-0.2871,-0.2415,1.0191,3.493,walk
8.1965,2715,0.3715,-0.2844,-0.239,1.0191,3.488,walk
8.1987,2716,0.3748,-0.2864,-0.2418,1.0168,3.607,walk
8.2006,2717,0.3727,-0.2848,-0.2404,1.0168,3.606,walk
8.2034,2718,0.3745,-0.2856,-0.2423,1.0124,3.771,walk
8.2054,2719,0.373,-0.2844,-0.2413,1.0124,3.77,walk
8.209,2720,0.3763,-0.2864,-0.2441,1.0116,3.901,walk
8.2118,2721,0.3765,-0.286,-0.2449,0.9802,4.028,walk
8.2165,2722,0.3767,-0.2854,-0.2458,0.966,4.21,walk
8.2192,2723,0.3792,-0.2868,-0.248,0.9778,4.35,walk
8.2211,2724,0.377,-0.2851,-0.2466,0.9778,4.351,walk
8.2248,2725,0.3794,-0.2864,-0.2488,0.9493,4.497,walk
8.2256,2726,0.3779,-0.2853,-0.2479,0.9493,4.497,walk
8.2285,2727,0.3796,-0.286,-0.2496,0.9362,4.613,walk
8.232,2728,0.382,-0.2874,-0.2517,0.9653,4.701,walk
8.234,2729,0.3799,-0.2858,-0.2503,0.9653,4.704,walk
8.2362,2730,0.3824,-0.2872,-0.2525,0.9428,4.749,walk
8.2397,2731,0.3839,-0.2878,-0.254,0.8965,4.832,walk
8.2423,2732,0.3811,-0.2857,-0.2522,0.8965,4.836,walk
8.2456,2733,0.3827,-0.2864,-0.2538,0.8881,4.932,walk
8.2498,2734,0.3844,-0.2873,-0.2553,0.9153,4.944,walk
8.2505,2735,0.383,-0.2863,-0.2544,0.9153,4.948,walk
8.2549,2736,0.3854,-0.2876,-0.2565,0.9006,4.987,walk
8.2579,2737,0.3875,-0.289,-0.2582,1.0249,4.868,walk
8.261,2738,0.3878,-0.2889,-0.2588,0.888,4.862,walk
8.2624,2739,0.3865,-0.2879,-0.2579,0.888,4.864,walk
8.2656,2740,0.388,-0.2887,-0.2592,0.8331,4.888,walk
8.2677,2741,0.3866,-0.2877,-0.2583,0.8331,4.89,walk
8.2718,2742,0.3888,-0.2889,-0.2601,0.8383,4.906,walk
8.2754,2743,0.3898,-0.2894,-0.2611,0.8761,4.894,walk
8.2788,2744,0.3905,-0.2896,-0.2619,0.8093,4.927,walk
8.2839,2745,0.3919,-0.2904,-0.2632,0.8259,4.906,walk
8.285,2746,0.3928,-0.2908,-0.264,0.8383,4.924,walk
8.2878,2747,0.3909,-0.2894,-0.2627,0.8383,4.943,walk
8.2946,2748,0.3933,-0.2908,-0.2648,0.8592,4.939,walk
8.2977,2749,0.3945,-0.2915,-0.2659,0.7723,4.923,walk
8.3001,2750,0.3926,-0.2901,-0.2645,0.7723,4.947,walk
8.3035,2751,0.3938,-0.2908,-0.2656,0.7705,4.952,walk
8.307,2752,0.3962,-0.2924,-0.2674,0.8851,4.916,walk
8.309,2753,0.3942,-0.291,-0.266,0.8851,4.93,walk
8.3119,2754,0.3959,-0.292,-0.2673,0.8691,4.912,walk
8.3146,2755,0.397,-0.2927,-0.2682,0.739,4.9,walk
8.3166,2756,0.3957,-0.2917,-0.2673,0.739,4.922,walk
8.3202,2757,0.3986,-0.2937,-0.2694,0.8568,4.892,walk
8.3209,2758,0.3959,-0.2918,-0.2675,0.8568,4.921,walk
8.3254,2759,0.398,-0.2932,-0.2691,0.8328,4.879,walk
8.3277,2760,0.399,-0.2938,-0.27,0.732,4.944,walk
8.3292,2761,0.397,-0.2924,-0.2686,0.732,4.973,walk
8.3337,2762,0.3978,-0.293,-0.2691,0.8424,4.933,walk
8.3379,2763,0.3987,-0.2935,-0.2698,0.8664,4.908,walk
8.3422,2764,0.4007,-0.2949,-0.2713,0.8184,4.865,walk
8.3464,2765,0.4017,-0.2956,-0.2721,0.9188,4.815,walk
8.3469,2766,0.3997,-0.2941,-0.2706,0.9188,4.827,walk
8.3498,2767,0.4006,-0.2948,-0.2712,0.7269,4.898,walk
8.3526,2768,0.4016,-0.2955,-0.2719,0.5732,5.09,walk
8.3546,2769,0.3994,-0.294,-0.2704,0.5732,5.11,walk
8.358,2770,0.4009,-0.2951,-0.2714,0.7053,5.159,walk
8.3619,2771,0.401,-0.2953,-0.2714,0.7126,5.237,walk
8.3623,2772,0.3996,-0.2943,-0.2703,0.7126,5.245,walk
8.3651,2773,0.4006,-0.2951,-0.271,0.7743,5.293,walk
8.367,2774,0.3992,-0.2941,-0.2699,0.7743,5.303,walk
8.3692,2775,0.4009,-0.2953,-0.2711,0.767,5.318,walk
8.3712,2776,0.3994,-0.2943,-0.27,0.767,5.326,walk
8.375,2777,0.4011,-0.2956,-0.2711,0.7772,5.382,walk
8.3777,2778,0.4013,-0.2959,-0.2711,0.7814,5.416,walk
8.3791,2779,0.3998,-0.2949,-0.27,0.7814,5.417,walk
8.3834,2780,0.4015,-0.2961,-0.2711,0.7671,5.456,walk
8.3841,2781,0.3992,-0.2946,-0.2694,0.7671,5.456,walk
8.3873,2782,0.4016,-0.2964,-0.271,0.7864,5.506,walk
8.3896,2783,0.3985,-0.2943,-0.2687,0.7864,5.502,walk
8.3943,2784,0.401,-0.2961,-0.2704,0.7848,5.537,walk
8.3979,2785,0.4034,-0.2981,-0.2718,0.7816,5.609,walk
8.3983,2786,0.401,-0.2965,-0.2699,0.7816,5.597,walk
8.4007,2787,0.3994,-0.2955,-0.2687,0.7816,5.593,walk
8.4035,2788,0.4,-0.2962,-0.2689,0.7559,5.624,walk
8.4086,2789,0.399,-0.2957,-0.2678,0.7344,5.645,walk
8.4122,2790,0.4007,-0.2971,-0.2688,0.8195,5.866,walk
8.4131,2791,0.3982,-0.2955,-0.2669,0.8195,5.841,walk
8.4161,2792,0.3995,-0.2967,-0.2676,0.7245,5.925,walk
8.4174,2793,0.3978,-0.2956,-0.2662,0.7245,5.911,walk
8.42,2794,0.3984,-0.2963,-0.2664,0.7661,5.958,walk
8.4222,2795,0.3967,-0.2952,-0.265,0.7661,5.933,walk
8.4252,2796,0.399,-0.297,-0.2665,0.7621,5.994,walk
8.429,2797,0.3987,-0.2972,-0.2658,0.7511,6.021,walk
8.4319,2798,0.3984,-0.2973,-0.2652,0.7616,6.08,walk
8.4341,2799,0.3966,-0.2962,-0.2638,0.7616,6.071,walk
8.4369,2800,0.3971,-0.2969,-0.2637,0.7453,6.112,walk
8.443,2801,0.3985,-0.2981,-0.2644,0.7588,6.187,walk
8.4453,2802,0.3971,-0.2976,-0.2629,0.7532,6.191,walk
8.4481,2803,0.3982,-0.2986,-0.2635,0.7473,6.244,walk
8.4505,2804,0.3962,-0.2972,-0.2619,0.7473,6.233,walk
8.4537,2805,0.398,-0.2987,-0.263,0.7589,6.31,walk
8.4585,2806,0.399,-0.2996,-0.2635,0.7431,6.379,walk
8.4592,2807,0.3961,-0.2976,-0.2613,0.7431,6.374,walk
8.4618,2808,0.3977,-0.2988,-0.2623,0.744,6.456,walk
8.4651,2809,0.3993,-0.3001,-0.2634,0.7567,6.534,walk
8.4665,2810,0.3969,-0.2985,-0.2616,0.7567,6.53,walk
8.4704,2811,0.3984,-0.2997,-0.2625,0.7435,6.584,walk
8.4709,2812,0.3967,-0.2986,-0.2613,0.7435,6.579,walk
8.475,2813,0.3982,-0.2998,-0.2621,0.7595,6.664,walk
8.4779,2814,0.398,-0.2998,-0.2618,0.7535,6.727,walk
8.4789,2815,0.3964,-0.2987,-0.2606,0.7535,6.713,walk
8.4816,2816,0.3971,-0.2993,-0.2609,0.7549,6.75,walk
8.4835,2817,0.3954,-0.2981,-0.2598,0.7549,6.73,walk
8.4883,2818,0.3969,-0.2993,-0.2606,0.7562,6.798,walk
8.4901,2819,0.3977,-0.3,-0.261,0.7514,6.851,walk
8.4949,2820,0.3993,-0.3013,-0.2619,0.7471,6.894,walk
8.4977,2821,0.3975,-0.3004,-0.2603,0.7412,6.873,walk
8.5003,2822,0.3952,-0.299,-0.2585,0.7412,6.848,walk
8.5037,2823,0.396,-0.2997,-0.2588,0.7511,6.835,walk
8.5075,2824,0.3975,-0.301,-0.2596,0.7479,6.897,walk
8.5099,2825,0.3975,-0.3013,-0.2593,0.7677,6.895,walk
8.5118,2826,0.3967,-0.3008,-0.2587,0.7677,6.895,walk
8.5162,2827,0.3951,-0.3,-0.257,0.7536,6.843,walk
8.5192,2828,0.3967,-0.3013,-0.2579,0.7626,6.84,walk
8.5216,2829,0.3943,-0.2998,-0.2561,0.7626,6.809,walk
8.5247,2830,0.3967,-0.3016,-0.2576,0.7535,6.834,walk
8.529,2831,0.3967,-0.302,-0.2573,0.7643,6.815,walk
8.5297,2832,0.3944,-0.3004,-0.2555,0.7643,6.751,walk
8.5337,2833,0.3944,-0.3008,-0.2552,0.7511,6.722,walk
8.5372,2834,0.3959,-0.302,-0.256,0.7432,6.754,walk
8.5401,2835,0.3959,-0.3023,-0.2557,0.7391,6.73,walk
8.5441,2836,0.3929,-0.3002,-0.2534,0.7391,6.681,walk
8.5482,2837,0.3954,-0.3025,-0.2546,0.7751,6.616,walk
8.5507,2838,0.3946,-0.302,-0.254,0.7751,6.583,walk
8.5534,2839,0.3963,-0.3034,-0.2549,0.7701,6.561,walk
8.5585,2840,0.3943,-0.3023,-0.2531,0.7694,6.472,walk
8.5622,2841,0.396,-0.3038,-0.2541,0.779,6.461,walk
8.5627,2842,0.3945,-0.3028,-0.2529,0.779,6.43,walk
8.5662,2843,0.3947,-0.3032,-0.2528,0.7719,6.384,walk
8.5706,2844,0.3965,-0.3047,-0.2537,0.7905,6.382,walk
8.5712,2845,0.3943,-0.3032,-0.2521,0.7905,6.336,walk
8.5747,2846,0.3961,-0.3047,-0.253,0.7845,6.348,walk
8.5755,2847,0.3946,-0.3037,-0.2519,0.7845,6.333,walk
8.5787,2848,0.3963,-0.3052,-0.2529,0.7734,6.325,walk
8.5827,2849,0.3974,-0.3061,-0.2533,0.7845,6.33,walk
8.5832,2850,0.3952,-0.3046,-0.2517,0.7845,6.272,walk
8.5875,2851,0.3969,-0.3061,-0.2527,0.7829,6.301,walk
8.5914,2852,0.3973,-0.3066,-0.2526,0.7881,6.285,walk
8.5948,2853,0.3968,-0.3066,-0.2519,0.7831,6.276,walk
8.599,2854,0.3972,-0.3072,-0.2518,0.8029,6.282,walk
8.6006,2855,0.3958,-0.3062,-0.2508,0.8029,6.268,walk
8.6034,2856,0.3983,-0.3082,-0.2523,0.7862,6.312,stand
8.6086,2857,0.3986,-0.3087,-0.2522,0.7912,6.312,stand
8.6117,2858,0.3976,-0.3083,-0.2511,0.7964,6.326,stand
8.6163,2859,0.3994,-0.3098,-0.2521,0.7968,6.367,stand
8.6172,2860,0.3965,-0.3077,-0.25,0.7968,6.309,stand
8.6203,2861,0.3978,-0.3089,-0.2507,0.8583,6.359,stand
8.624,2862,0.3998,-0.3105,-0.2518,0.8194,6.435,stand
8.6267,2863,0.4002,-0.3111,-0.2518,0.818,6.474,stand
8.6287,2864,0.3988,-0.31,-0.2508,0.818,6.459,stand
8.6326,2865,0.3992,-0.3105,-0.2508,0.8189,6.502,stand
8.6347,2866,0.3977,-0.3095,-0.2498,0.8189,6.487,stand
8.6371,2867,0.3996,-0.3111,-0.2509,0.821,6.584,stand
8.6418,2868,0.3993,-0.311,-0.2504,0.8175,6.629,stand
8.6452,2869,0.4026,-0.3136,-0.2525,0.8057,6.792,stand
8.6484,2870,0.4015,-0.313,-0.2515,0.816,6.856,stand
8.6522,2871,0.4027,-0.3139,-0.2522,0.821,6.945,stand
8.6543,2872,0.4004,-0.3123,-0.2506,0.821,6.893,stand
8.6576,2873,0.4008,-0.3127,-0.2508,0.8377,6.957,stand
8.6593,2874,0.3993,-0.3116,-0.2498,0.8377,6.945,stand
8.6619,2875,0.402,-0.3137,-0.2514,0.838,7.077,stand
8.6662,2876,0.4024,-0.3141,-0.2515,0.8301,7.191,stand
8.6666,2877,0.4008,-0.3129,-0.2505,0.8301,7.154,stand
8.6697,2878,0.4027,-0.3144,-0.2517,0.8315,7.296,stand
8.6715,2879,0.4004,-0.3126,-0.2501,0.8315,7.247,stand
8.6755,2880,0.4023,-0.3141,-0.2513,0.8353,7.393,stand
8.6765,2881,0.4033,-0.315,-0.2519,0.8231,7.492,stand
8.6786,2882,0.4017,-0.3138,-0.2509,0.8231,7.48,stand
8.6828,2883,0.402,-0.314,-0.251,0.8422,7.569,stand
8.6858,2884,0.4038,-0.3155,-0.252,0.8205,7.762,stand
8.6878,2885,0.4013,-0.3136,-0.2505,0.8205,7.714,stand
8.6925,2886,0.4024,-0.3144,-0.2511,0.8432,7.842,stand
8.6961,2887,0.4018,-0.3139,-0.2508,0.8581,7.933,stand
8.7001,2888,0.4037,-0.3154,-0.252,0.8734,8.055,stand
8.7007,2889,0.4012,-0.3134,-0.2505,0.8734,8.031,stand
8.7034,2890,0.403,-0.3148,-0.2517,0.853,8.133,stand
8.7062,2891,0.404,-0.3155,-0.2524,0.8552,8.258,stand
8.7086,2892,0.4015,-0.3134,-0.2509,0.8552,8.207,stand
8.7118,2893,0.4034,-0.315,-0.252,0.889,8.344,stand
8.7143,2894,0.4044,-0.3157,-0.2527,0.8772,8.482,stand
8.7159,2895,0.4027,-0.3143,-0.2517,0.8772,8.443,stand
8.7182,2896,0.4037,-0.315,-0.2525,0.8804,8.582,stand
8.7209,2897,0.4019,-0.3136,-0.2515,0.8804,8.556,stand
8.724,2898,0.4028,-0.3142,-0.2521,0.8585,8.7,stand
8.7259,2899,0.401,-0.3127,-0.2511,0.8585,8.672,stand
8.7284,2900,0.402,-0.3134,-0.2518,0.8894,8.78,stand
8.7319,2901,0.4031,-0.3142,-0.2526,0.9192,8.915,stand
8.7334,2902,0.4013,-0.3126,-0.2516,0.9192,8.9,stand
8.7369,2903,0.4023,-0.3134,-0.2523,0.9138,8.984,stand
8.7443,2904,0.4061,-0.3163,-0.2547,0.8901,9.286,stand
8.7482,2905,0.4045,-0.315,-0.2538,0.9248,9.366,stand
8.7499,2906,0.4023,-0.3131,-0.2525,0.9248,9.337,stand
8.7529,2907,0.4046,-0.3152,-0.2537,0.9102,9.448,stand
8.755,2908,0.4026,-0.3136,-0.2524,0.9102,9.411,stand
8.7582,2909,0.4044,-0.3153,-0.2532,0.9263,9.504,stand
8.7625,2910,0.4055,-0.3164,-0.2536,0.982,9.575,stand
8.7655,2911,0.407,-0.3177,-0.2544,0.9326,9.628,stand
8.7676,2912,0.4053,-0.3163,-0.2534,0.9326,9.605,stand
8.7723,2913,0.4121,-0.3219,-0.2572,0.9034,9.867,stand
8.775,2914,0.4062,-0.3172,-0.2538,0.9034,9.733,stand
8.7791,2915,0.4085,-0.319,-0.2551,0.9524,9.797,stand
8.7819,2916,0.4092,-0.3196,-0.2555,0.9586,9.829,stand
8.7837,2917,0.4075,-0.3183,-0.2545,0.9586,9.768,stand
8.7872,2918,0.4097,-0.3201,-0.2558,0.9251,9.859,stand
8.7899,2919,0.4066,-0.3175,-0.254,0.9251,9.787,stand
8.7941,2920,0.4128,-0.3226,-0.2575,0.9393,9.935,stand
8.7965,2921,0.4089,-0.3194,-0.2553,0.9393,9.845,stand
8.7995,2922,0.4111,-0.3212,-0.2566,0.9202,9.922,stand
8.8013,2923,0.4127,-0.3225,-0.2576,0.9226,9.98,stand
8.8034,2924,0.4114,-0.3214,-0.2568,0.9226,9.966,stand
8.806,2925,0.414,-0.3235,-0.2583,0.9172,10.062,stand
8.8088,2926,0.4121,-0.322,-0.2572,0.9172,10.032,stand
8.8116,2927,0.4137,-0.3233,-0.2581,0.9184,10.067,stand
8.8164,2928,0.4144,-0.3237,-0.2587,0.8789,10.046,stand
8.8172,2929,0.4128,-0.3224,-0.2579,0.8789,10.015,stand
8.8211,2930,0.415,-0.3241,-0.2591,0.8836,10.072,stand
8.8251,2931,0.4157,-0.3246,-0.2596,0.9156,10.072,stand
8.8257,2932,0.4142,-0.3233,-0.2588,0.9156,10.041,stand
8.8284,2933,0.4164,-0.3252,-0.2601,0.9092,10.056,stand
8.8317,2934,0.4178,-0.3263,-0.2609,0.8994,10.057,stand
8.8335,2935,0.4163,-0.325,-0.2601,0.8994,10.011,stand
8.8379,2936,0.4178,-0.3262,-0.261,0.9042,9.969,stand
8.8388,2937,0.4156,-0.3243,-0.2598,0.9042,9.909,stand
8.8423,2938,0.4163,-0.3249,-0.2603,0.9016,9.841,stand
8.8461,2939,0.4172,-0.3258,-0.2606,0.978,9.636,stand
8.851,2940,0.4193,-0.3276,-0.2618,0.8753,9.551,stand
8.852,2941,0.421,-0.3288,-0.2629,0.9546,9.326,stand
8.8549,2942,0.4188,-0.3268,-0.2618,0.9546,9.273,stand
8.857,2943,0.4217,-0.3294,-0.2633,0.8811,9.271,stand
8.8591,2944,0.4188,-0.3268,-0.2618,0.8811,9.208,stand
8.862,2945,0.4209,-0.3287,-0.2629,0.871,9.173,stand
8.8663,2946,0.4208,-0.3285,-0.263,0.861,9.043,stand
8.8702,2947,0.4229,-0.3302,-0.2642,0.8626,8.944,stand
8.8706,2948,0.4215,-0.329,-0.2635,0.8626,8.933,stand
8.8735,2949,0.4235,-0.3306,-0.2646,0.8356,8.903,stand
8.8755,2950,0.4213,-0.3288,-0.2635,0.8356,8.883,stand
8.8794,2951,0.4231,-0.3303,-0.2645,0.7989,8.801,stand
8.883,2952,0.422,-0.3293,-0.2639,0.7677,8.701,stand
8.8858,2953,0.4243,-0.3314,-0.265,0.7851,8.637,stand
8.888,2954,0.4222,-0.3295,-0.2639,0.7851,8.62,stand
8.8912,2955,0.4237,-0.331,-0.2645,0.74,8.564,stand
8.8978,2956,0.4262,-0.3333,-0.2655,0.7373,8.542,stand
8.8989,2957,0.4233,-0.3308,-0.2641,0.7373,8.514,stand
8.9004,2958,0.4219,-0.3296,-0.2634,0.7373,8.501,stand
8.9034,2959,0.4224,-0.33,-0.2637,0.6568,8.467,stand
8.9061,2960,0.424,-0.3314,-0.2645,0.7429,8.46,stand
8.909,2961,0.4226,-0.3302,-0.2637,0.7429,8.454,stand
8.913,2962,0.4221,-0.3297,-0.2635,0.7425,8.457,stand
8.9156,2963,0.4228,-0.3304,-0.2638,0.7056,8.52,stand
8.9185,2964,0.424,-0.3314,-0.2645,0.6636,8.715,stand
8.9211,2965,0.4226,-0.3301,-0.2638,0.6636,8.71,stand
8.9237,2966,0.4226,-0.3302,-0.2637,0.7092,8.775,stand
8.9253,2967,0.4211,-0.3289,-0.263,0.7092,8.77,stand
8.9285,2968,0.4226,-0.3303,-0.2637,0.7101,8.902,stand
8.9304,2969,0.4204,-0.3284,-0.2626,0.7101,8.885,stand
8.9337,2970,0.4212,-0.329,-0.263,0.7193,9.03,stand
8.9377,2971,0.4226,-0.3303,-0.2636,0.6886,9.172,stand
8.9385,2972,0.4204,-0.3283,-0.2625,0.6886,9.16,stand
8.9441,2973,0.4251,-0.3325,-0.2649,0.645,9.473,stand
8.9465,2974,0.4206,-0.3286,-0.2625,0.645,9.423,stand
8.9496,2975,0.4226,-0.3303,-0.2635,0.6543,9.556,stand
8.9508,2976,0.4196,-0.3278,-0.2619,0.6543,9.521,stand
8.9534,2977,0.42,-0.3282,-0.262,0.6486,9.644,stand
8.9589,2978,0.4203,-0.3286,-0.2622,0.6394,9.746,stand
8.9594,2979,0.4181,-0.3266,-0.2609,0.6394,9.725,stand
8.9631,2980,0.4199,-0.3282,-0.2619,0.6235,9.837,stand
8.966,2981,0.4178,-0.3265,-0.2607,0.6188,9.915,stand
8.969,2982,0.4189,-0.3274,-0.2612,0.6229,10.014,stand
8.9716,2983,0.4165,-0.3255,-0.2599,0.6229,9.973,stand
8.9747,2984,0.4182,-0.327,-0.2607,0.5975,10.072,stand
8.9788,2985,0.4168,-0.3259,-0.2598,0.6094,10.119,stand
8.9812,2986,0.4167,-0.326,-0.2597,0.5698,10.173,stand
8.9831,2987,0.4143,-0.324,-0.2582,0.5698,10.109,stand
8.989,2988,0.415,-0.3246,-0.2586,0.5616,10.172,stand
8.9915,2989,0.4133,-0.3233,-0.2574,0.556,10.182,stand
8.9951,2990,0.4124,-0.3227,-0.2568,0.5919,10.184,stand
8.9976,2991,0.4123,-0.3226,-0.2567,0.5798,10.222,stand
9.0,2992,0.4114,-0.3219,-0.2562,0.5798,10.204,stand
9.0042,2993,0.4104,-0.3212,-0.2554,0.5687,10.213,stand
9.0073,2994,0.4102,-0.3211,-0.2552,0.5617,10.265,stand
9.0095,2995,0.4068,-0.3185,-0.253,0.5617,10.193,stand
9.0129,2996,0.4074,-0.3191,-0.2533,0.5539,10.232,stand
9.0141,2997,0.408,-0.3196,-0.2536,0.5646,10.304,stand
9.0161,2998,0.4054,-0.3176,-0.2519,0.5646,10.269,stand
9.0202,2999,0.4061,-0.3183,-0.2522,0.583,10.35,stand
9.0205,3000,0.4044,-0.3169,-0.2511,0.583,10.298,stand
9.0235,3001,0.405,-0.3175,-0.2514,0.5702,10.39,stand
9.0257,3002,0.4024,-0.3156,-0.2496,0.5702,10.32,stand
9.0289,3003,0.403,-0.3161,-0.25,0.5716,10.419,stand
9.0318,3004,0.4019,-0.3154,-0.2491,0.5872,10.46,stand
9.0336,3005,0.4001,-0.3141,-0.2479,0.5872,10.443,stand
9.0373,3006,0.3989,-0.3133,-0.2469,0.5706,10.493,stand
9.0401,3007,0.3995,-0.3138,-0.2472,0.5774,10.577,stand
9.044,3008,0.4001,-0.3143,-0.2475,0.5698,10.653,stand
9.0463,3009,0.3964,-0.3115,-0.2452,0.5698,10.569,stand
9.0483,3010,0.3975,-0.3122,-0.246,0.576,10.627,stand
9.0505,3011,0.3961,-0.3112,-0.2452,0.576,10.617,stand
9.054,3012,0.3971,-0.3119,-0.2459,0.5765,10.715,stand
9.0567,3013,0.3967,-0.3115,-0.2457,0.5684,10.798,stand
9.0591,3014,0.396,-0.3109,-0.2452,0.5684,10.798,stand
9.0622,3015,0.3945,-0.3098,-0.2444,0.5494,10.882,stand
9.066,3016,0.396,-0.3108,-0.2454,0.5486,10.971,stand
9.0692,3017,0.3951,-0.31,-0.245,0.5389,11.054,stand
9.0708,3018,0.3926,-0.308,-0.2434,0.5389,11.037,stand
9.0736,3019,0.3932,-0.3084,-0.2439,0.5451,11.125,stand
9.0755,3020,0.3915,-0.3071,-0.2428,0.5451,11.111,stand
9.0785,3021,0.392,-0.3073,-0.2433,0.5154,11.212,stand
9.081,3022,0.3909,-0.3064,-0.2427,0.5213,11.276,stand
9.0826,3023,0.3893,-0.3051,-0.2418,0.5213,11.265,stand
9.0856,3024,0.3897,-0.3054,-0.2421,0.4998,11.36,stand
9.0876,3025,0.3874,-0.3036,-0.2407,0.4998,11.323,stand
9.0928,3026,0.3885,-0.3043,-0.2415,0.6068,11.164,stand
9.0978,3027,0.3892,-0.3048,-0.2421,0.521,11.19,stand
9.1002,3028,0.3865,-0.3027,-0.2403,0.521,11.12,stand
9.1011,3029,0.385,-0.3016,-0.2393,0.521,11.102,stand
9.104,3030,0.3856,-0.3021,-0.2397,0.5078,11.117,walk
9.1086,3031,0.3846,-0.3013,-0.239,0.4913,11.087,walk
9.109,3032,0.3831,-0.3001,-0.238,0.4913,11.028,walk
9.1119,3033,0.3828,-0.2999,-0.2379,0.5057,11.001,walk
9.1146,3034,0.3826,-0.2997,-0.2378,0.4873,10.963,walk
9.1164,3035,0.381,-0.2985,-0.2368,0.4873,10.943,walk
9.1204,3036,0.3815,-0.2988,-0.2372,0.4904,10.921,walk
9.121,3037,0.38,-0.2977,-0.2362,0.4904,10.881,walk
9.125,3038,0.379,-0.2969,-0.2356,0.4895,10.832,walk
9.1292,3039,0.3772,-0.2955,-0.2345,0.4907,10.756,walk
9.133,3040,0.3778,-0.2958,-0.235,0.494,10.771,walk
9.1334,3041,0.3763,-0.2947,-0.234,0.494,10.731,walk
9.1383,3042,0.3745,-0.2933,-0.2329,0.4818,10.674,walk
9.1422,3043,0.3743,-0.2931,-0.2328,0.4779,10.679,walk
9.1459,3044,0.3748,-0.2934,-0.2333,0.4943,10.657,walk
9.1466,3045,0.3726,-0.2917,-0.2318,0.4943,10.617,walk
9.1504,3046,0.3724,-0.2914,-0.2318,0.4879,10.606,walk
9.1523,3047,0.3736,-0.2922,-0.2328,0.4775,10.623,walk
9.1537,3048,0.3714,-0.2906,-0.2313,0.4775,10.583,walk
9.1582,3049,0.3719,-0.2909,-0.2317,0.4792,10.513,walk
9.1607,3050,0.3701,-0.2895,-0.2305,0.438,10.412,walk
9.1622,3051,0.3686,-0.2884,-0.2296,0.438,10.391,walk
9.1667,3052,0.3683,-0.288,-0.2295,0.4674,10.326,walk
9.171,3053,0.368,-0.2877,-0.2294,0.4505,10.328,walk
9.1747,3054,0.3676,-0.2873,-0.2293,0.4575,10.285,walk
9.1781,3055,0.365,-0.2852,-0.2278,0.4548,10.207,walk
9.1795,3056,0.3636,-0.2841,-0.2268,0.4548,10.145,walk
9.1833,3057,0.3626,-0.2834,-0.2261,0.4494,10.094,walk
9.1863,3058,0.3629,-0.2836,-0.2264,0.4374,10.126,walk
9.1882,3059,0.3607,-0.282,-0.225,0.4374,10.084,walk
9.192,3060,0.3611,-0.2822,-0.2254,0.4535,10.101,walk
9.1925,3061,0.3597,-0.2811,-0.2244,0.4535,10.08,walk
9.1955,3062,0.3594,-0.2807,-0.2245,0.4862,10.067,walk
9.2005,3063,0.3584,-0.2798,-0.224,0.4725,10.101,walk
9.2034,3064,0.3575,-0.2789,-0.2237,0.4969,10.132,walk
9.2086,3065,0.3567,-0.2781,-0.2233,0.5023,10.169,walk
9.2093,3066,0.3552,-0.277,-0.2223,0.5023,10.148,walk
9.2121,3067,0.3551,-0.2768,-0.2224,0.5166,10.203,walk
9.2157,3068,0.3557,-0.277,-0.2231,0.518,10.335,walk
9.2165,3069,0.3542,-0.2759,-0.2222,0.518,10.292,walk
9.2202,3070,0.3557,-0.2768,-0.2234,0.5392,10.402,walk
9.2264,3071,0.3563,-0.2767,-0.2245,0.5444,10.645,walk
9.2286,3072,0.3533,-0.2745,-0.2225,0.5444,10.556,walk
9.229,3073,0.3511,-0.2728,-0.2211,0.5444,10.468,walk
9.2325,3074,0.3526,-0.2736,-0.2224,0.5526,10.618,walk
9.2354,3075,0.3518,-0.2727,-0.2222,0.5528,10.702,walk
9.2371,3076,0.3495,-0.271,-0.2207,0.5528,10.658,walk
9.2446,3077,0.3501,-0.2708,-0.2219,0.5649,10.935,walk
9.2465,3078,0.3478,-0.2691,-0.2204,0.5649,10.848,walk
9.2501,3079,0.3469,-0.268,-0.2202,0.5507,10.942,walk
9.2528,3080,0.3469,-0.2677,-0.2206,0.5944,11.055,walk
9.257,3081,0.346,-0.2668,-0.2204,0.5752,11.195,walk
9.2587,3082,0.3444,-0.2655,-0.2194,0.5752,11.132,walk
9.2618,3083,0.3452,-0.2658,-0.2203,0.5804,11.297,walk
9.2657,3084,0.345,-0.2653,-0.2206,0.5739,11.404,walk
9.2674,3085,0.3418,-0.2628,-0.2185,0.5739,11.322,walk
9.2703,3086,0.3424,-0.2629,-0.2194,0.5827,11.474,walk
9.2717,3087,0.3408,-0.2616,-0.2183,0.5827,11.454,walk
9.2756,3088,0.3397,-0.2605,-0.2181,0.5729,11.572,walk
9.279,3089,0.3412,-0.2613,-0.2195,0.5812,11.739,walk
9.2798,3090,0.3387,-0.2593,-0.2179,0.5812,11.658,walk
9.2828,3091,0.3384,-0.2587,-0.2182,0.5825,11.828,walk
9.2851,3092,0.3391,-0.2589,-0.219,0.5872,11.964,walk
9.2878,3093,0.3365,-0.2568,-0.2174,0.5872,11.924,walk
9.2932,3094,0.3379,-0.2575,-0.2188,0.5884,12.087,walk
9.2963,3095,0.3332,-0.2533,-0.2164,0.5923,12.157,walk
9.2997,3096,0.3328,-0.2525,-0.2168,0.5918,12.279,walk
9.3045,3097,0.3316,-0.251,-0.2166,0.6054,12.409,walk
9.306,3098,0.333,-0.2517,-0.2181,0.5994,12.612,walk
9.3091,3099,0.3293,-0.2487,-0.2159,0.5994,12.534,walk
9.3129,3100,0.328,-0.2471,-0.2156,0.605,12.646,walk
9.3163,3101,0.3276,-0.2462,-0.2161,0.6187,12.766,walk
9.3193,3102,0.3281,-0.2461,-0.217,0.6072,12.932,walk
9.3208,3103,0.3252,-0.2437,-0.2153,0.6072,12.854,walk
9.3239,3104,0.3247,-0.2428,-0.2157,0.6112,12.981,walk
9.3268,3105,0.3243,-0.2417,-0.2161,0.6208,13.103,walk
9.3292,3106,0.3233,-0.2409,-0.2156,0.6208,13.103,walk
9.3325,3107,0.3208,-0.2382,-0.2149,0.6256,13.172,walk
9.3373,3108,0.3213,-0.2379,-0.2159,0.6188,13.3,walk
9.3378,3109,0.3182,-0.2353,-0.2142,0.6188,13.259,walk
9.3425,3110,0.3187,-0.235,-0.2153,0.6283,13.39,walk
9.3463,3111,0.3168,-0.2327,-0.215,0.639,13.47,walk
9.3504,3112,0.3163,-0.2317,-0.2154,0.643,13.579,walk
9.3515,3113,0.3173,-0.2318,-0.2167,0.6343,13.746,walk
9.3541,3114,0.3147,-0.2299,-0.2149,0.6343,13.654,walk
9.3568,3115,0.3166,-0.2308,-0.2168,0.648,13.796,walk
9.3588,3116,0.3148,-0.2294,-0.2155,0.648,13.715,walk
9.3609,3117,0.3152,-0.2293,-0.2163,0.6144,13.83,walk
9.363,3118,0.3138,-0.2282,-0.2153,0.6144,13.8,walk
9.3662,3119,0.3146,-0.2284,-0.2164,0.6061,13.914,walk
9.3703,3120,0.3146,-0.2278,-0.2169,0.6081,14.09,walk
9.3707,3121,0.3128,-0.2266,-0.2157,0.6081,14.001,walk
9.3737,3122,0.3135,-0.2266,-0.2166,0.6083,14.181,walk
9.3756,3123,0.3108,-0.2247,-0.2147,0.6083,14.066,walk
9.3793,3124,0.3097,-0.2234,-0.2145,0.6166,14.14,walk
9.3827,3125,0.3095,-0.2227,-0.215,0.6257,14.248,walk
9.3856,3126,0.3103,-0.2227,-0.2161,0.6419,14.316,walk
9.388,3127,0.3094,-0.222,-0.2155,0.6419,14.316,walk
9.3905,3128,0.3061,-0.2197,-0.2132,0.6419,14.193,walk
9.3995,3129,0.3082,-0.2193,-0.2166,0.6808,14.293,walk
9.4027,3130,0.3077,-0.2182,-0.217,0.6779,14.292,walk
9.4032,3131,0.3053,-0.2164,-0.2153,0.6779,14.202,walk
9.4063,3132,0.305,-0.2154,-0.2159,0.5509,14.156,walk
9.4105,3133,0.3052,-0.2149,-0.2167,0.661,14.206,walk
9.4122,3134,0.3029,-0.2132,-0.2152,0.661,14.118,walk
9.4168,3135,0.3034,-0.2128,-0.2162,0.7102,14.195,walk
9.4196,3136,0.3039,-0.2125,-0.2173,0.6978,14.18,walk
9.4215,3137,0.3017,-0.2108,-0.2158,0.6978,14.094,walk
9.4253,3138,0.3024,-0.2106,-0.217,0.5821,14.098,walk
9.4258,3139,0.3009,-0.2095,-0.216,0.5821,14.035,walk
9.4286,3140,0.3028,-0.2101,-0.218,0.6636,14.074,walk
9.4333,3141,0.3025,-0.2091,-0.2186,0.6851,14.089,walk
9.4377,3142,0.3001,-0.2066,-0.2177,0.6683,14.008,walk
9.4421,3143,0.2995,-0.2053,-0.218,0.5844,13.966,walk
9.4447,3144,0.2999,-0.2048,-0.219,0.6406,13.944,walk
9.4476,3145,0.3002,-0.2043,-0.22,0.6395,13.972,walk
9.4523,3146,0.3018,-0.2046,-0.2219,0.5976,13.98,walk
9.455,3147,0.2991,-0.2026,-0.22,0.5976,13.92,walk
9.4561,3148,0.2987,-0.2016,-0.2204,0.6239,13.883,walk
9.4593,3149,0.2967,-0.2002,-0.219,0.6239,13.805,walk
9.4626,3150,0.2977,-0.2001,-0.2204,0.6117,13.824,walk
9.4634,3151,0.2964,-0.1991,-0.2195,0.6117,13.805,walk
9.4668,3152,0.2979,-0.1995,-0.2212,0.5796,13.873,walk
9.4714,3153,0.2976,-0.1985,-0.2217,0.6109,13.879,walk
9.4717,3154,0.2956,-0.1971,-0.2203,0.6109,13.804,walk
9.4748,3155,0.2972,-0.1974,-0.2222,0.5913,13.893,walk
9.4777,3156,0.2967,-0.1963,-0.2224,0.5545,13.913,walk
9.4792,3157,0.2954,-0.1954,-0.2215,0.5545,13.895,walk
9.4822,3158,0.2957,-0.1948,-0.2225,0.5932,13.925,walk
9.4856,3159,0.2959,-0.1941,-0.2234,0.5784,14.004,walk
9.4875,3160,0.294,-0.1927,-0.222,0.5784,13.932,walk
9.4908,3161,0.294,-0.192,-0.2226,0.5199,14.031,walk
9.494,3162,0.2942,-0.1913,-0.2235,0.5649,14.097,walk
9.4967,3163,0.2922,-0.1899,-0.2221,0.5649,14.045,walk
9.5,3164,0.2931,-0.1897,-0.2234,0.5616,14.159,walk
9.5037,3165,0.2937,-0.1893,-0.2246,0.5133,14.291,walk
9.5066,3166,0.2926,-0.1877,-0.2245,0.5592,14.324,walk
9.5133,3167,0.2909,-0.1857,-0.2239,0.5505,14.33,walk
9.5143,3168,0.2909,-0.1849,-0.2245,0.5068,14.466,walk
9.517,3169,0.2896,-0.184,-0.2236,0.5068,14.416,walk
9.5191,3170,0.2897,-0.1833,-0.2243,0.5399,14.522,walk
9.5211,3171,0.2884,-0.1825,-0.2234,0.5399,14.471,walk
9.5248,3172,0.2899,-0.1827,-0.2251,0.5558,14.579,walk
9.5255,3173,0.288,-0.1814,-0.2237,0.5558,14.546,walk
9.5298,3174,0.288,-0.1806,-0.2243,0.5034,14.649,walk
9.5329,3175,0.2882,-0.1799,-0.2251,0.5564,14.735,walk
9.5369,3176,0.2877,-0.1785,-0.2256,0.5864,14.797,walk
9.5419,3177,0.2876,-0.1778,-0.2261,0.4928,14.867,walk
9.5425,3178,0.2851,-0.1762,-0.2241,0.4928,14.797,walk
9.5459,3179,0.2865,-0.1764,-0.2257,0.5335,14.909,walk
9.5495,3180,0.2857,-0.1753,-0.2257,0.4847,15.027,walk
9.5524,3181,0.2852,-0.1743,-0.2257,0.5221,15.038,walk
9.5543,3182,0.2852,-0.1743,-0.2257,0.5221,15.038,walk
9.5612,3183,0.2845,-0.1732,-0.2257,0.4917,15.085,walk
9.5627,3184,0.2864,-0.1737,-0.2277,0.4994,15.219,walk
9.5685,3185,0.2811,-0.1699,-0.2239,0.4867,15.155,walk
9.5695,3186,0.2809,-0.1692,-0.2242,0.4842,15.228,walk
9.5729,3187,0.2821,-0.1693,-0.2256,0.4738,15.352,walk
9.581,3188,0.2784,-0.1666,-0.223,0.4521,15.366,walk
9.5846,3189,0.2784,-0.1659,-0.2236,0.6019,15.34,walk
9.5869,3190,0.277,-0.1651,-0.2225,0.6019,15.289,walk
9.5942,3191,0.2762,-0.1638,-0.2224,0.4417,15.507,walk
9.5964,3192,0.2734,-0.1623,-0.22,0.4417,15.375,walk
9.5999,3193,0.275,-0.163,-0.2214,0.3943,15.619,walk
9.6022,3194,0.2731,-0.1617,-0.2201,0.4439,15.694,walk
9.6059,3195,0.2717,-0.1606,-0.2191,0.3909,15.813,walk
9.6087,3196,0.2702,-0.1599,-0.2178,0.3909,15.76,walk
9.6123,3197,0.2687,-0.1588,-0.2168,0.3834,15.894,walk
9.6131,3198,0.2672,-0.158,-0.2155,0.3834,15.867,walk
9.6161,3199,0.2681,-0.1581,-0.2165,0.4511,16.112,walk
9.6175,3200,0.2659,-0.157,-0.2146,0.4511,16.007,walk
9.6203,3201,0.266,-0.1568,-0.2149,0.4262,16.242,walk
9.6223,3202,0.2637,-0.1557,-0.2129,0.4262,16.137,walk
9.6255,3203,0.2639,-0.1555,-0.2132,0.4321,16.368,walk
9.6283,3204,0.263,-0.1549,-0.2126,0.3658,16.584,walk
9.6304,3205,0.2607,-0.1539,-0.2105,0.3658,16.505,walk
9.6338,3206,0.2614,-0.154,-0.2112,0.3595,16.8,walk
9.6356,3207,0.2603,-0.1532,-0.2104,0.3244,17.033,walk
9.637,3208,0.258,-0.1522,-0.2083,0.3244,16.981,walk
9.6397,3209,0.2578,-0.152,-0.2082,0.3415,17.207,walk
9.6438,3210,0.2559,-0.151,-0.2065,0.3138,17.432,walk
9.6465,3211,0.2536,-0.15,-0.2045,0.3138,17.325,walk
9.6495,3212,0.2544,-0.1503,-0.2052,0.3447,17.601,walk
9.6549,3213,0.2532,-0.1496,-0.2042,0.33,17.823,walk
9.658,3214,0.2519,-0.1489,-0.2032,0.3101,18.079,walk
9.6585,3215,0.2499,-0.148,-0.2014,0.3101,18.009,walk
9.6628,3216,0.2487,-0.1473,-0.2004,0.3654,18.25,walk
9.6662,3217,0.2487,-0.1472,-0.2005,0.3469,18.524,walk
9.6694,3218,0.2472,-0.1464,-0.1992,0.341,18.756,walk
9.6713,3219,0.245,-0.1454,-0.1972,0.341,18.726,walk
9.6759,3220,0.244,-0.1449,-0.1963,0.3431,18.99,walk
9.6791,3221,0.2423,-0.1441,-0.1948,0.349,19.183,walk
9.6817,3222,0.2412,-0.1435,-0.1939,0.3131,19.432,walk
9.6835,3223,0.2396,-0.1427,-0.1924,0.3131,19.413,walk
9.6869,3224,0.2395,-0.1427,-0.1923,0.3651,19.653,walk
9.6907,3225,0.2386,-0.1423,-0.1915,0.3404,19.862,walk
9.6939,3226,0.2364,-0.1413,-0.1896,0.3387,20.046,walk
9.6981,3227,0.2359,-0.1411,-0.189,0.337,20.227,walk
9.7,3228,0.234,-0.1403,-0.1872,0.337,20.177,walk
9.7046,3229,0.2324,-0.1397,-0.1857,0.3155,20.36,walk
9.7057,3230,0.2323,-0.1398,-0.1855,0.3331,20.549,walk
9.7084,3231,0.23,-0.1388,-0.1834,0.3331,20.492,walk
9.7123,3232,0.2298,-0.1388,-0.1832,0.3149,20.702,walk
9.7151,3233,0.2281,-0.1382,-0.1815,0.3209,20.844,walk
9.7169,3234,0.2267,-0.1375,-0.1802,0.3209,20.785,walk
9.7197,3235,0.2264,-0.1375,-0.1799,0.3039,20.981,walk
9.7222,3236,0.2254,-0.1371,-0.1789,0.2939,21.169,walk
9.7252,3237,0.2224,-0.1358,-0.1761,0.2939,21.075,walk
9.7277,3238,0.2223,-0.1359,-0.1759,0.3227,21.234,walk
9.7298,3239,0.2208,-0.1353,-0.1745,0.3227,21.17,walk
9.7332,3240,0.2213,-0.1357,-0.1748,0.3341,21.418,walk
9.7361,3241,0.2196,-0.1351,-0.1731,0.3088,21.536,walk
9.7366,3242,0.2182,-0.1345,-0.1718,0.3088,21.503,walk
9.7395,3243,0.2179,-0.1345,-0.1715,0.2952,21.699,walk
9.7434,3244,0.2161,-0.1338,-0.1697,0.2739,21.863,walk
9.7461,3245,0.2132,-0.1325,-0.1671,0.2739,21.761,walk
9.7493,3246,0.2122,-0.1322,-0.1659,0.2858,21.81,walk
9.7522,3247,0.2114,-0.1321,-0.165,0.3445,22.105,walk
9.7551,3248,0.21,-0.1315,-0.1637,0.3445,22.036,walk
9.7583,3249,0.2096,-0.1313,-0.1634,0.2678,22.221,walk
9.7606,3250,0.208,-0.1307,-0.1618,0.2981,22.368,walk
9.7637,3251,0.2058,-0.1297,-0.1598,0.2981,22.297,walk
9.7669,3252,0.2063,-0.1302,-0.16,0.2916,22.546,walk
9.769,3253,0.2054,-0.13,-0.159,0.3001,22.797,walk
9.7704,3254,0.2033,-0.129,-0.1571,0.3001,22.65,walk
9.7732,3255,0.2032,-0.129,-0.1571,0.3361,22.976,walk
9.7749,3256,0.2018,-0.1283,-0.1558,0.3361,22.864,walk
9.7787,3257,0.2009,-0.1281,-0.1548,0.2997,23.129,walk
9.7813,3258,0.2,-0.1279,-0.1537,0.2892,23.288,walk
9.7833,3259,0.1979,-0.1269,-0.1518,0.2892,23.172,walk
9.7863,3260,0.197,-0.1266,-0.1509,0.2926,23.411,walk
9.7884,3261,0.1955,-0.1259,-0.1496,0.2926,23.372,walk
9.7928,3262,0.194,-0.1253,-0.1481,0.311,23.559,walk
9.796,3263,0.1931,-0.1248,-0.1473,0.2872,23.692,walk
9.8,3264,0.1918,-0.1242,-0.1461,0.3755,23.947,walk
9.8026,3265,0.1917,-0.1243,-0.1459,0.3175,24.185,walk
9.8063,3266,0.1902,-0.1237,-0.1445,0.3247,24.376,stand
9.8096,3267,0.1888,-0.123,-0.1432,0.3247,24.335,stand
9.8108,3268,0.1883,-0.1229,-0.1427,0.4035,24.546,stand
9.8139,3269,0.1862,-0.1218,-0.1408,0.4035,24.464,stand
9.8164,3270,0.1862,-0.1219,-0.1408,0.3494,24.74,stand
9.8189,3271,0.1854,-0.1214,-0.14,0.3095,25.057,stand
9.8209,3272,0.1839,-0.1207,-0.1388,0.3095,24.974,stand
9.8237,3273,0.1832,-0.1202,-0.1382,0.3437,25.262,stand
9.8257,3274,0.1818,-0.1194,-0.137,0.3437,25.135,stand
9.8283,3275,0.1825,-0.1201,-0.1374,0.3602,25.4,stand
9.8324,3276,0.1811,-0.1192,-0.1363,0.3487,25.683,stand
9.8333,3277,0.1789,-0.118,-0.1344,0.3487,25.554,stand
9.8355,3278,0.1796,-0.1184,-0.1351,0.3558,25.884,stand
9.8375,3279,0.1774,-0.1172,-0.1332,0.3558,25.713,stand
9.8425,3280,0.1773,-0.1171,-0.1332,0.3373,26.053,stand
9.8444,3281,0.1758,-0.1162,-0.1319,0.3407,26.253,stand
9.8464,3282,0.1736,-0.1149,-0.1301,0.3407,26.123,stand
9.8494,3283,0.1735,-0.1148,-0.13,0.3331,26.447,stand
9.8545,3284,0.1712,-0.1133,-0.1283,0.3563,26.655,stand
9.8561,3285,0.1711,-0.113,-0.1285,0.361,26.966,stand
9.8589,3286,0.1688,-0.1116,-0.1266,0.361,26.794,stand
9.8622,3287,0.1686,-0.1112,-0.1267,0.3333,27.119,stand
9.863,3288,0.1663,-0.1098,-0.1249,0.3333,26.947,stand
9.8663,3289,0.1661,-0.1094,-0.125,0.3345,27.258,stand
9.8694,3290,0.1659,-0.1089,-0.1251,0.3543,27.46,stand
9.8711,3291,0.1628,-0.107,-0.1227,0.3543,27.33,stand
9.8732,3292,0.1634,-0.107,-0.1234,0.35,27.645,stand
9.8752,3293,0.161,-0.1055,-0.1216,0.35,27.471,stand
9.8792,3294,0.1592,-0.104,-0.1205,0.3707,27.639,stand
9.883,3295,0.1587,-0.1034,-0.1204,0.3022,27.926,stand
9.8833,3296,0.157,-0.1023,-0.1192,0.3022,27.795,stand
9.8868,3297,0.1581,-0.1025,-0.1204,0.4871,28.124,stand
9.8887,3298,0.1548,-0.1003,-0.1179,0.4871,27.949,stand
9.8927,3299,0.1548,-0.1002,-0.118,0.4633,28.127,stand
9.8937,3300,0.154,-0.0992,-0.1177,0.4171,28.285,stand
9.8967,3301,0.1514,-0.0975,-0.1158,0.4171,28.197,stand
9.8999,3302,0.1505,-0.0965,-0.1154,0.4039,28.392,stand
9.9028,3303,0.1499,-0.0962,-0.1149,0.4786,28.838,stand
9.9061,3304,0.1489,-0.0945,-0.1152,0.5189,28.776,stand
9.9087,3305,0.1463,-0.0927,-0.1132,0.5189,28.602,stand
9.9119,3306,0.1462,-0.0921,-0.1136,0.4194,28.928,stand
9.9128,3307,0.1445,-0.0909,-0.1123,0.4194,28.798,stand
9.9158,3308,0.1444,-0.0904,-0.1126,0.4245,29.063,stand
9.9198,3309,0.1421,-0.0889,-0.1109,0.5521,29.733,stand
9.9248,3310,0.1394,-0.0863,-0.1095,0.4554,29.929,stand
9.9276,3311,0.1393,-0.0857,-0.1098,0.4381,30.365,stand
9.9292,3312,0.1365,-0.0837,-0.1079,0.4381,30.193,stand
9.9319,3313,0.1366,-0.0829,-0.1086,0.4985,30.683,stand
9.9338,3314,0.1348,-0.0815,-0.1073,0.4985,30.554,stand
9.9368,3315,0.1335,-0.0797,-0.1071,0.4128,30.816,stand
9.9395,3316,0.1331,-0.0785,-0.1075,0.3993,31.021,stand
9.9503,3317,0.1355,-0.0788,-0.1102,0.4193,31.826,stand
9.9507,3318,0.129,-0.074,-0.1056,0.4193,31.396,stand
9.9535,3319,0.1291,-0.0737,-0.106,0.4048,31.561,stand
9.9622,3320,0.1276,-0.0721,-0.1052,0.3684,31.783,stand
9.9639,3321,0.1269,-0.0718,-0.1047,0.3684,31.733,stand
9.9669,3322,0.1272,-0.0712,-0.1054,1.1529,31.905,stand
9.9695,3323,0.127,-0.0705,-0.1056,0.4615,32.107,stand
9.9715,3324,0.1256,-0.0697,-0.1045,0.4615,31.955,stand
9.9748,3325,0.126,-0.0695,-0.1052,0.4566,32.199,stand
9.979,3326,0.126,-0.0691,-0.1054,0.5037,32.423,stand
9.9795,3327,0.124,-0.0679,-0.1038,0.5037,32.226,stand
9.9833,3328,0.1241,-0.0676,-0.1041,0.511,32.518,stand
9.9868,3329,0.1249,-0.0678,-0.1048,0.5138,32.844,stand
9.9875,3330,0.1229,-0.0667,-0.1032,0.5138,32.749,stand
9.9904,3331,0.1231,-0.0666,-0.1035,0.5655,33.027,stand
9.9927,3332,0.1219,-0.0659,-0.1025,0.5655,32.985,stand
9.9962,3333,0.1216,-0.0656,-0.1024,0.5372,33.249,stand
9.9991,3334,0.1227,-0.0659,-0.1035,0.5719,33.659,stand
10.0036,3335,0.1233,-0.0659,-0.1042,0.6189,33.891,stand
10.0061,3336,0.1235,-0.0657,-0.1046,0.5487,34.089,stand
10.0095,3337,0.1211,-0.0643,-0.1027,0.5487,33.913,stand
10.0116,3338,0.1221,-0.0642,-0.1038,0.592,34.217,stand
10.0152,3339,0.1228,-0.0641,-0.1048,0.4991,34.526,stand
10.0171,3340,0.1204,-0.0626,-0.1028,0.4991,34.344,stand
10.02,3341,0.1212,-0.0624,-0.1039,0.5415,34.523,stand
10.0212,3342,0.12,-0.0616,-0.103,0.5415,34.429,stand
10.0244,3343,0.1202,-0.0612,-0.1035,0.5027,34.67,stand
10.0291,3344,0.1203,-0.0606,-0.104,0.4698,34.904,stand
10.0298,3345,0.1192,-0.0598,-0.103,0.4698,34.808,stand
10.0336,3346,0.1199,-0.0596,-0.104,0.4755,34.964,stand
10.0362,3347,0.1194,-0.0586,-0.104,0.4392,35.146,stand
10.0381,3348,0.1177,-0.0576,-0.1026,0.4392,34.95,stand
10.0416,3349,0.1183,-0.0573,-0.1035,0.4486,35.161,stand
10.0442,3350,0.1184,-0.0566,-0.104,0.4329,35.239,stand
10.0469,3351,0.1173,-0.0559,-0.1031,0.4329,35.19,stand
10.0502,3352,0.1174,-0.0554,-0.1035,0.4242,35.318,stand
10.0506,3353,0.1163,-0.0547,-0.1026,0.4242,35.268,stand
10.0536,3354,0.1175,-0.0547,-0.104,0.4374,35.427,stand
10.0593,3355,0.1159,-0.0531,-0.103,0.394,35.411,stand
10.0625,3356,0.116,-0.0525,-0.1034,0.42,35.561,stand
10.0629,3357,0.115,-0.0519,-0.1026,0.42,35.408,stand
10.066,3358,0.1155,-0.0515,-0.1034,0.3973,35.575,stand
10.0691,3359,0.1156,-0.051,-0.1037,0.3848,35.745,stand
10.0709,3360,0.1141,-0.05,-0.1025,0.3848,35.539,stand
10.0752,3361,0.1133,-0.0489,-0.1022,0.4162,35.525,stand
10.0782,3362,0.1143,-0.0489,-0.1033,0.3806,35.758,stand
10.082,3363,0.1142,-0.0481,-0.1035,0.4326,35.803,stand
10.0838,3364,0.1127,-0.0472,-0.1023,0.4326,35.698,stand
10.0875,3365,0.1133,-0.047,-0.1031,0.384,35.797,stand
10.0883,3366,0.1119,-0.0461,-0.102,0.384,35.692,stand
10.0926,3367,0.1117,-0.0454,-0.102,0.3981,35.703,stand
10.0959,3368,0.1119,-0.0448,-0.1025,0.4316,35.789,stand
10.0988,3369,0.1125,-0.0447,-0.1032,0.3792,35.959,stand
10.1007,3370,0.1116,-0.0441,-0.1025,0.3792,35.906,stand
10.1039,3371,0.1121,-0.044,-0.1032,0.3641,36.011,stand
10.1093,3372,0.1103,-0.0425,-0.1018,0.3865,35.943,stand
10.1125,3373,0.11,-0.0419,-0.1018,0.3741,35.942,stand
10.1166,3374,0.1098,-0.0413,-0.1018,0.3757,36.01,stand
10.1208,3375,0.1105,-0.0412,-0.1025,0.385,36.174,stand
10.1211,3376,0.1092,-0.0405,-0.1014,0.385,36.07,stand
10.1235,3377,0.1103,-0.0405,-0.1026,0.509,36.23,stand
10.1255,3378,0.1095,-0.04,-0.1019,0.509,36.178,stand
10.1276,3379,0.1102,-0.04,-0.1027,0.3888,36.339,stand
10.1296,3380,0.1094,-0.0395,-0.102,0.3888,36.183,stand
10.1322,3381,0.1105,-0.0398,-0.1031,0.373,36.427,stand
10.1342,3382,0.1088,-0.0388,-0.1017,0.373,36.217,stand
10.1369,3383,0.1093,-0.0386,-0.1023,0.3315,36.44,stand
10.1397,3384,0.11,-0.0385,-0.103,0.3596,36.686,stand
10.1417,3385,0.1087,-0.0378,-0.1019,0.3596,36.527,stand
10.1483,3386,0.1102,-0.0385,-0.1033,0.5376,37.293,stand
10.1542,3387,0.1083,-0.0371,-0.1018,0.3594,37.171,stand
10.1547,3388,0.1071,-0.0364,-0.1007,0.3594,36.953,stand
10.158,3389,0.1077,-0.0363,-0.1014,0.3506,37.216,stand
10.161,3390,0.108,-0.0358,-0.1019,0.6733,37.235,stand
10.163,3391,0.1072,-0.0354,-0.1012,0.6733,37.179,stand
10.1661,3392,0.1071,-0.035,-0.1012,0.3377,37.302,stand
10.1705,3393,0.1063,-0.0342,-0.1007,0.3311,37.42,stand
10.1732,3394,0.1065,-0.0342,-0.1009,0.3346,37.594,stand
10.1753,3395,0.1052,-0.0336,-0.0997,0.3346,37.477,stand
10.1781,3396,0.1057,-0.0335,-0.1002,0.3133,37.654,stand
10.1801,3397,0.1044,-0.0329,-0.0991,0.3133,37.535,stand
10.1831,3398,0.1044,-0.0326,-0.0992,0.3202,37.654,stand
10.1857,3399,0.1048,-0.0326,-0.0996,0.2987,37.938,stand
10.1872,3400,0.1039,-0.0322,-0.0988,0.2987,37.754,stand
10.1903,3401,0.1043,-0.0321,-0.0992,0.3071,37.988,stand
10.193,3402,0.103,-0.0316,-0.098,0.3071,37.865,stand
10.1965,3403,0.1025,-0.0312,-0.0976,0.3011,37.958,stand
10.1997,3404,0.1023,-0.0309,-0.0975,0.2896,38.058,stand
10.2042,3405,0.1026,-0.0308,-0.0979,0.2938,38.355,stand
10.205,3406,0.1013,-0.0303,-0.0967,0.2938,38.108,stand
10.2089,3407,0.1007,-0.0298,-0.0961,0.2794,38.19,stand
10.2116,3408,0.1009,-0.0297,-0.0964,0.2791,38.427,stand
10.2135,3409,0.0996,-0.0292,-0.0952,0.2791,38.244,stand
10.2163,3410,0.0993,-0.0289,-0.095,0.2618,38.388,stand
10.2192,3411,0.0995,-0.0287,-0.0952,0.267,38.631,stand
10.2208,3412,0.099,-0.0286,-0.0948,0.267,38.511,stand
10.2245,3413,0.0987,-0.0282,-0.0946,0.2619,38.708,stand
10.225,3414,0.0978,-0.0279,-0.0937,0.2619,38.529,stand
10.2288,3415,0.098,-0.0277,-0.094,0.2701,38.718,stand
10.2335,3416,0.0973,-0.0272,-0.0934,0.2645,38.756,stand
10.2338,3417,0.0959,-0.0269,-0.0921,0.2645,38.638,stand
10.2368,3418,0.0956,-0.0266,-0.0919,0.2651,38.737,stand
10.2425,3419,0.0957,-0.0263,-0.0921,0.2541,38.935,stand
10.2447,3420,0.0941,-0.0256,-0.0906,0.2679,38.856,stand
10.2466,3421,0.0932,-0.0254,-0.0897,0.2679,38.682,stand
10.2496,3422,0.0934,-0.0252,-0.09,0.2664,38.861,stand
10.2522,3423,0.0934,-0.0249,-0.09,0.2522,38.942,stand
10.2557,3424,0.0924,-0.025,-0.089,0.2591,39.169,stand
10.2582,3425,0.0917,-0.0249,-0.0882,0.2591,39.12,stand
10.2624,3426,0.0915,-0.0246,-0.0881,0.2646,39.206,stand
10.2631,3427,0.0902,-0.0243,-0.0869,0.2646,39.067,stand
10.2661,3428,0.0904,-0.0242,-0.0871,0.255,39.221,stand
10.2688,3429,0.09,-0.0239,-0.0868,0.2441,39.316,stand
10.2704,3430,0.0892,-0.0237,-0.086,0.2441,39.225,stand
10.2729,3431,0.0893,-0.0235,-0.0861,0.2497,39.399,stand
10.2754,3432,0.088,-0.0233,-0.0848,0.2497,39.262,stand
10.2788,3433,0.0886,-0.0233,-0.0855,0.262,39.486,stand
10.2796,3434,0.0873,-0.023,-0.0842,0.262,39.348,stand
10.2836,3435,0.0874,-0.0228,-0.0844,0.255,39.452,stand
10.2872,3436,0.0867,-0.0225,-0.0837,0.2557,39.46,stand
10.2875,3437,0.0859,-0.0224,-0.0829,0.2557,39.318,stand
10.2904,3438,0.086,-0.0221,-0.0831,0.2557,39.41,stand
10.2925,3439,0.0848,-0.0219,-0.0819,0.2557,39.267,stand
10.2947,3440,0.0854,-0.0218,-0.0826,0.2619,39.398,stand
10.2977,3441,0.0858,-0.0213,-0.0831,0.5935,39.319,stand
10.3003,3442,0.0838,-0.0211,-0.0811,0.5935,39.026,stand
10.3047,3443,0.0839,-0.021,-0.0813,0.2428,39.064,stand
10.306,3444,0.0837,-0.0207,-0.0811,0.2545,39.089,stand
10.3091,3445,0.0824,-0.0205,-0.0798,0.2545,38.987,jog
10.3116,3446,0.0826,-0.0203,-0.0801,0.2598,39.022,jog
10.3143,3447,0.0824,-0.02,-0.08,0.2858,39.135,jog
10.3165,3448,0.0811,-0.0197,-0.0787,0.2858,38.926,jog
10.3206,3449,0.0813,-0.0195,-0.0789,0.2477,38.969,jog
10.3215,3450,0.0799,-0.0193,-0.0776,0.2477,38.809,jog
10.3246,3451,0.0796,-0.019,-0.0773,0.2535,38.869,jog
10.3278,3452,0.0798,-0.0187,-0.0775,0.2605,38.845,jog
10.3293,3453,0.0785,-0.0185,-0.0762,0.2605,38.737,jog
10.3327,3454,0.0776,-0.0182,-0.0754,0.4385,38.256,jog
10.3361,3455,0.0777,-0.018,-0.0756,0.2789,38.336,jog
10.3375,3456,0.0764,-0.0178,-0.0743,0.2789,38.116,jog
10.3417,3457,0.0755,-0.0174,-0.0735,0.2473,37.967,jog
10.3465,3458,0.0755,-0.0172,-0.0735,0.2328,37.895,jog
10.3498,3459,0.0746,-0.0169,-0.0727,0.2487,37.722,jog
10.3506,3460,0.0733,-0.0166,-0.0714,0.2487,37.611,jog
10.3547,3461,0.0724,-0.0162,-0.0705,0.2452,37.437,jog
10.3577,3462,0.0724,-0.016,-0.0706,0.2529,37.41,jog
10.3613,3463,0.0719,-0.0157,-0.0702,0.2589,37.286,jog
10.3635,3464,0.0701,-0.0153,-0.0684,0.2589,37.063,jog
10.3659,3465,0.0697,-0.015,-0.0681,0.2777,37.053,jog
10.3694,3466,0.0698,-0.0147,-0.0682,0.2815,37.009,jog
10.3709,3467,0.0684,-0.0144,-0.0669,0.2815,36.898,jog
10.3751,3468,0.0685,-0.0141,-0.067,0.2517,36.882,jog
10.3778,3469,0.0675,-0.0136,-0.0661,0.2286,36.887,jog
10.3794,3470,0.0666,-0.0134,-0.0652,0.2286,36.719,jog
10.3827,3471,0.0666,-0.0131,-0.0653,0.2586,36.845,jog
10.385,3472,0.0662,-0.0127,-0.065,0.2581,36.821,jog
10.3872,3473,0.0648,-0.0124,-0.0636,0.2581,36.709,jog
10.392,3474,0.0653,-0.0121,-0.0641,0.2468,36.872,jog
10.3926,3475,0.0634,-0.0117,-0.0623,0.2468,36.647,jog
10.3961,3476,0.0639,-0.0114,-0.0628,0.2355,36.847,jog
10.3968,3477,0.0625,-0.0111,-0.0615,0.2355,36.62,jog
10.4002,3478,0.0629,-0.0108,-0.062,0.2442,36.881,jog
10.4025,3479,0.0615,-0.01,-0.0606,0.2338,36.87,jog
10.4049,3480,0.0605,-0.0098,-0.0597,0.2338,36.699,jog
10.4084,3481,0.0605,-0.0094,-0.0598,0.2463,36.868,jog
10.4111,3482,0.0596,-0.0086,-0.0589,0.2507,36.928,jog
10.4127,3483,0.0591,-0.0085,-0.0585,0.2507,36.87,jog
10.4153,3484,0.0586,-0.0079,-0.0581,0.2585,37.05,jog
10.4172,3485,0.0572,-0.0075,-0.0567,0.2585,36.817,jog
10.4205,3486,0.0567,-0.0068,-0.0563,0.2687,37.007,jog
10.4236,3487,0.0567,-0.0062,-0.0564,0.2667,37.15,jog
10.4255,3488,0.0552,-0.0059,-0.0549,0.2667,36.973,jog
10.4303,3489,0.0548,-0.0051,-0.0546,0.2849,37.18,jog
10.4332,3490,0.0534,-0.0038,-0.0532,0.6756,36.865,jog
10.4335,3491,0.0524,-0.0036,-0.0522,0.6756,36.805,jog
10.4364,3492,0.0518,-0.0028,-0.0518,0.2948,36.816,jog
10.4392,3493,0.0518,-0.0021,-0.0517,0.2934,36.989,jog
10.4425,3494,0.0497,-0.0015,-0.0497,0.2934,36.685,jog
10.4462,3495,0.0502,-0.001,-0.0502,0.3081,36.92,jog
10.4473,3496,0.0499,-0.0002,-0.0499,0.4101,36.835,jog
10.4499,3497,0.0483,0.0002,-0.0483,0.4101,36.713,jog
10.4546,3498,0.048,0.0009,-0.048,0.2374,36.668,jog
10.4553,3499,0.0459,0.0015,-0.0459,0.2374,36.424,jog
10.4587,3500,0.0451,0.0023,-0.045,0.2446,36.421,jog
10.4612,3501,0.0448,0.003,-0.0447,0.2657,36.332,jog
10.465,3502,0.044,0.0038,-0.0439,0.2482,36.233,jog
10.4665,3503,0.0424,0.0043,-0.0422,0.2482,36.052,jog
10.4702,3504,0.0421,0.0049,-0.0418,0.2325,35.988,jog
10.4714,3505,0.0405,0.0054,-0.0401,0.2325,35.868,jog
10.4746,3506,0.0407,0.0059,-0.0403,0.2548,35.852,jog
10.4789,3507,0.0394,0.0069,-0.0387,0.2934,35.635,jog
10.4792,3508,0.0378,0.0075,-0.037,0.2934,35.397,jog
10.4824,3509,0.0376,0.0082,-0.0366,0.2604,35.365,jog
10.4851,3510,0.0367,0.0091,-0.0356,0.2639,35.133,jog
10.4873,3511,0.0357,0.0095,-0.0344,0.2639,35.074,jog
10.4917,3512,0.0349,0.0105,-0.0333,0.2855,34.843,jog
10.4957,3513,0.0328,0.0121,-0.0305,0.271,34.503,jog
10.4986,3514,0.0322,0.0131,-0.0294,0.2841,34.41,jog
10.5017,3515,0.0326,0.0136,-0.0296,0.2754,34.395,jog
10.5046,3516,0.0313,0.0144,-0.0278,0.2754,34.167,jog
10.5065,3517,0.0304,0.0158,-0.026,0.2273,33.996,jog
10.509,3518,0.0297,0.0164,-0.0248,0.2273,33.94,jog
10.5111,3519,0.0297,0.0172,-0.0243,0.2337,33.881,jog
10.5132,3520,0.0288,0.0181,-0.0224,0.2337,33.661,jog
10.5174,3521,0.0284,0.0187,-0.0213,0.8126,33.79,jog
10.5204,3522,0.0283,0.0204,-0.0197,0.2777,33.731,jog
10.5234,3523,0.0287,0.0213,-0.0192,0.2601,33.736,jog
10.5255,3524,0.0283,0.0224,-0.0173,0.2601,33.525,jog
10.5279,3525,0.0288,0.0233,-0.0169,0.2539,33.594,jog
10.5298,3526,0.0287,0.024,-0.0156,0.2539,33.439,jog
10.5326,3527,0.0293,0.0253,-0.0147,0.3166,33.41,jog
10.5359,3528,0.0299,0.0262,-0.0143,0.3096,33.334,jog
10.5381,3529,0.03,0.0274,-0.0123,0.3096,33.232,jog
10.5409,3530,0.0309,0.0288,-0.0113,0.2855,33.166,jog
10.543,3531,0.0312,0.0296,-0.01,0.2855,33.117,jog
10.5462,3532,0.032,0.0305,-0.0098,0.3222,33.079,jog
10.5527,3533,0.0334,0.0318,-0.01,0.3537,33.162,jog
10.5532,3534,0.0334,0.0322,-0.0091,0.3537,32.954,jog
10.5565,3535,0.034,0.0326,-0.0095,0.3155,32.911,jog
10.5587,3536,0.034,0.0328,-0.009,0.3155,32.857,jog
10.5627,3537,0.0347,0.0334,-0.0092,0.3359,32.843,jog
10.5631,3538,0.0348,0.0337,-0.0087,0.3359,32.687,jog
10.5667,3539,0.0353,0.0341,-0.0091,0.3637,32.802,jog
10.5676,3540,0.0355,0.0344,-0.0086,0.3637,32.648,jog
10.5705,3541,0.036,0.0349,-0.009,0.3118,32.758,jog
10.5737,3542,0.0367,0.0356,-0.0091,0.3326,32.721,jog
10.5758,3543,0.0369,0.036,-0.0082,0.3326,32.572,jog
10.5792,3544,0.0376,0.0365,-0.0088,0.3393,32.668,jog
10.58,3545,0.0378,0.0369,-0.008,0.3393,32.522,jog
10.5834,3546,0.0384,0.0374,-0.0086,0.3417,32.589,jog
10.5849,3547,0.039,0.0378,-0.0093,0.3658,32.711,jog
10.5876,3548,0.0391,0.0382,-0.0087,0.3658,32.573,jog
10.5906,3549,0.0397,0.0386,-0.0094,0.301,32.645,jog
10.593,3550,0.0398,0.0388,-0.0088,0.301,32.571,jog
10.5987,3551,0.0407,0.0393,-0.0108,0.3867,32.826,jog
10.5994,3552,0.0407,0.0394,-0.0102,0.3867,32.686,jog
10.6042,3553,0.0411,0.0396,-0.011,0.3533,32.714,jog
10.6052,3554,0.0411,0.0396,-0.0108,0.3533,32.68,jog
10.6098,3555,0.0416,0.04,-0.0113,0.3441,32.72,jog
10.6132,3556,0.0422,0.0406,-0.0118,0.3651,32.726,jog
10.6167,3557,0.0429,0.0411,-0.0124,0.3698,32.799,jog
10.6194,3558,0.0436,0.0416,-0.0131,0.3911,32.821,jog
10.6199,3559,0.0439,0.042,-0.0127,0.3911,32.711,jog
10.6228,3560,0.0444,0.0423,-0.0135,0.3462,32.802,jog
10.6242,3561,0.0446,0.0426,-0.0132,0.3462,32.764,jog
10.627,3562,0.0453,0.0431,-0.0139,0.3365,32.743,jog
10.6303,3563,0.0459,0.0436,-0.0146,0.3573,32.841,jog
10.6325,3564,0.0463,0.044,-0.0142,0.3573,32.685,jog
10.6369,3565,0.047,0.0446,-0.015,0.3576,32.649,jog
10.641,3566,0.0478,0.0452,-0.0158,0.3809,32.693,jog
10.6414,3567,0.0481,0.0455,-0.0156,0.3809,32.532,jog
10.6444,3568,0.0488,0.0459,-0.0164,0.3225,32.616,jog
10.6486,3569,0.0495,0.0464,-0.0172,0.3463,32.601,jog
10.6515,3570,0.0504,0.0471,-0.018,0.3641,32.511,jog
10.6543,3571,0.0508,0.0476,-0.0178,0.3641,32.387,jog
10.6584,3572,0.0514,0.0479,-0.0188,0.351,32.399,jog
10.661,3573,0.0523,0.0485,-0.0196,0.3421,32.368,jog
10.6631,3574,0.0527,0.049,-0.0195,0.3421,32.202,jog
10.6662,3575,0.0535,0.0495,-0.0203,0.3425,32.115,jog
10.6686,3576,0.0542,0.0498,-0.0212,0.3482,32.182,jog
10.6709,3577,0.0545,0.0503,-0.0212,0.3482,32.056,jog
10.6739,3578,0.0551,0.0505,-0.0221,0.3147,32.157,jog
10.6761,3579,0.0556,0.051,-0.022,0.3147,31.946,jog
10.6798,3580,0.0566,0.0513,-0.0238,0.4237,32.144,jog
10.6839,3581,0.0572,0.052,-0.0238,0.4721,31.922,jog
10.6843,3582,0.0575,0.0524,-0.0238,0.4721,31.751,jog
10.687,3583,0.0586,0.0527,-0.0256,0.4284,32.019,jog
10.6903,3584,0.0593,0.053,-0.0265,0.3451,32.057,jog
10.6943,3585,0.0604,0.0537,-0.0275,0.3223,32.016,jog
10.6961,3586,0.0606,0.0539,-0.0276,0.3223,31.887,jog
10.7004,3587,0.0615,0.0544,-0.0286,0.3398,31.969,jog
10.7039,3588,0.0623,0.0549,-0.0296,0.3092,31.94,jog
10.7045,3589,0.0627,0.0552,-0.0296,0.3092,31.853,jog
10.7093,3590,0.0633,0.0555,-0.0306,0.2819,31.948,jog
10.7133,3591,0.0646,0.0563,-0.0316,0.3461,31.782,jog
10.7151,3592,0.0656,0.0567,-0.033,0.5711,32.076,jog
10.7166,3593,0.0659,0.057,-0.033,0.5711,31.944,jog
10.7195,3594,0.0666,0.0573,-0.0341,0.2699,32.142,jog
10.7208,3595,0.0669,0.0575,-0.0341,0.2699,32.054,jog
10.7234,3596,0.0678,0.058,-0.0351,0.23,32.109,jog
10.7258,3597,0.0681,0.0583,-0.0351,0.23,32.064,jog
10.7287,3598,0.0687,0.0588,-0.0355,0.7716,31.873,jog
10.7315,3599,0.0695,0.0589,-0.0369,0.4675,32.173,jog
10.733,3600,0.0699,0.0593,-0.037,0.4675,32.037,jog
10.7369,3601,0.0705,0.0594,-0.038,0.2827,32.167,jog
10.7397,3602,0.0712,0.0598,-0.0388,0.2283,32.179,jog
10.7414,3603,0.0715,0.0601,-0.0388,0.2283,32.133,jog
10.7447,3604,0.0723,0.0603,-0.0399,0.2489,32.202,jog
10.7467,3605,0.0727,0.0607,-0.0399,0.2489,32.109,jog
10.7499,3606,0.0733,0.0608,-0.0408,0.2147,32.229,jog
10.7543,3607,0.0742,0.0612,-0.0419,0.2333,32.348,jog
10.7548,3608,0.0744,0.0615,-0.042,0.2333,32.254,jog
10.758,3609,0.0752,0.0617,-0.043,0.2352,32.455,jog
10.761,3610,0.0758,0.0619,-0.0439,0.2045,32.703,jog
10.7648,3611,0.0768,0.0625,-0.0446,0.2024,32.762,jog
10.767,3612,0.077,0.0627,-0.0446,0.2024,32.762,jog
10.7704,3613,0.0778,0.0632,-0.0453,0.1901,32.827,jog
10.7712,3614,0.0781,0.0636,-0.0454,0.1901,32.778,jog
10.7744,3615,0.0786,0.0638,-0.0459,0.2044,32.906,jog
10.7753,3616,0.0789,0.0641,-0.046,0.2044,32.807,jog
10.7794,3617,0.0797,0.0647,-0.0466,0.2196,32.871,jog
10.7834,3618,0.0802,0.065,-0.0471,0.1979,33.002,jog
10.7837,3619,0.0805,0.0653,-0.0471,0.1979,32.952,jog
10.7865,3620,0.0812,0.0657,-0.0477,0.2104,33.05,jog
10.7899,3621,0.0818,0.066,-0.0483,0.2084,33.168,jog
10.7919,3622,0.0822,0.0665,-0.0484,0.2084,32.964,jog
10.7995,3623,0.0835,0.0673,-0.0495,0.1617,33.149,jog
10.7999,3624,0.0841,0.068,-0.0496,0.1617,32.894,jog
10.8039,3625,0.0849,0.0685,-0.0501,0.1726,32.923,jog
10.8068,3626,0.0855,0.0689,-0.0506,0.1672,33.003,jog
10.8141,3627,0.0873,0.0704,-0.0516,0.1572,32.914,jog
10.8164,3628,0.0878,0.071,-0.0516,0.1572,32.813,jog
10.819,3629,0.0884,0.0714,-0.0521,0.1807,32.896,jog
10.8206,3630,0.0887,0.0718,-0.0522,0.1807,32.745,jog
10.8245,3631,0.0897,0.0726,-0.0527,0.1729,32.779,jog
10.8278,3632,0.0903,0.073,-0.0531,0.1606,32.8,jog
10.8296,3633,0.0908,0.0736,-0.0532,0.1606,32.7,jog
10.8322,3634,0.0914,0.0741,-0.0536,0.1831,32.727,jog
10.8341,3635,0.092,0.0747,-0.0537,0.1831,32.627,jog
10.8364,3636,0.0926,0.0751,-0.0542,0.1979,32.662,jog
10.8384,3637,0.0929,0.0755,-0.0542,0.1979,32.61,jog
10.842,3638,0.0932,0.0755,-0.0546,0.2093,32.813,jog
10.8462,3639,0.094,0.0763,-0.0548,0.2062,32.632,jog
10.8468,3640,0.0938,0.0764,-0.0545,0.2062,32.526,jog
10.8501,3641,0.0938,0.0763,-0.0546,0.2178,32.628,jog
10.8532,3642,0.0936,0.0762,-0.0544,0.2305,32.639,jog
10.8543,3643,0.0934,0.0762,-0.0541,0.2305,32.594,jog
10.8595,3644,0.0932,0.076,-0.0538,0.2405,32.549,jog
10.8633,3645,0.0931,0.076,-0.0538,0.2252,32.596,jog
10.8669,3646,0.0932,0.076,-0.0539,0.224,32.698,jog
10.8694,3647,0.0933,0.0759,-0.0542,0.2461,32.831,jog
10.8713,3648,0.0929,0.0757,-0.0539,0.2461,32.718,jog
10.8747,3649,0.093,0.0755,-0.0542,0.2465,32.857,jog
10.8756,3650,0.0928,0.0754,-0.0541,0.2465,32.819,jog
10.8795,3651,0.0928,0.0753,-0.0544,0.2372,32.895,jog
10.8801,3652,0.0925,0.0751,-0.0541,0.2372,32.776,jog
10.8829,3653,0.0929,0.0751,-0.0546,0.2337,32.957,jog
10.8866,3654,0.0927,0.0748,-0.0547,0.2707,32.949,jog
10.8885,3655,0.0924,0.0746,-0.0545,0.2707,32.867,jog
10.8912,3656,0.0924,0.0745,-0.0547,0.2282,32.92,jog
10.895,3657,0.0926,0.0744,-0.0551,0.2333,33.072,jog
10.8969,3658,0.0922,0.0741,-0.0548,0.2333,32.913,jog
10.8998,3659,0.0923,0.074,-0.0551,0.2315,32.966,jog
10.9022,3660,0.0922,0.0737,-0.0553,0.2385,33.062,jog
10.9043,3661,0.0918,0.0735,-0.0551,0.2385,32.901,jog
10.9074,3662,0.092,0.0734,-0.0555,0.2521,33.022,jog
10.9104,3663,0.0917,0.0729,-0.0556,0.2054,33.008,jog
10.9134,3664,0.0909,0.0724,-0.055,0.2054,32.837,jog
10.9162,3665,0.0907,0.0719,-0.0552,0.2415,32.923,jog
10.9203,3666,0.0911,0.0717,-0.0562,0.3424,33.042,jog
10.9208,3667,0.0905,0.0713,-0.0558,0.3424,32.863,jog
10.9241,3668,0.0904,0.0709,-0.056,0.2614,32.978,jog
10.9261,3669,0.0895,0.0704,-0.0554,0.2614,32.747,jog
10.9294,3670,0.0894,0.07,-0.0556,0.2587,32.868,jog
10.9301,3671,0.0889,0.0697,-0.0553,0.2587,32.726,jog
10.9329,3672,0.0888,0.0692,-0.0555,0.2581,32.787,jog
10.9355,3673,0.0884,0.0687,-0.0557,0.2658,32.872,jog
10.9376,3674,0.0879,0.0683,-0.0553,0.2658,32.727,jog
10.9416,3675,0.0874,0.0677,-0.0553,0.2657,32.805,jog
10.9422,3676,0.087,0.0674,-0.0549,0.2657,32.657,jog
10.9458,3677,0.0864,0.0667,-0.0549,0.2745,32.754,jog
10.949,3678,0.0861,0.0662,-0.0551,0.2576,32.796,jog
10.9517,3679,0.0854,0.0654,-0.0549,0.2483,32.851,jog
10.954,3680,0.0846,0.0649,-0.0543,0.2483,32.648,jog
10.9572,3681,0.0843,0.0643,-0.0545,0.2592,32.819,jog
10.9602,3682,0.0837,0.0636,-0.0544,0.2796,32.834,jog
10.9664,3683,0.0828,0.0627,-0.0541,0.2712,32.93,jog
10.9669,3684,0.082,0.0622,-0.0534,0.2712,32.723,jog
10.9695,3685,0.0816,0.0616,-0.0535,0.2257,32.916,jog
10.9712,3686,0.0808,0.0611,-0.0529,0.2257,32.708,jog
10.9745,3687,0.0807,0.0606,-0.0533,0.2458,32.934,jog
10.9781,3688,0.0792,0.0593,-0.0524,0.2376,32.928,jog
10.98,3689,0.0789,0.0591,-0.0522,0.2376,32.875,jog
10.9832,3690,0.0785,0.0585,-0.0523,0.2436,33.002,jog
10.9867,3691,0.0777,0.0577,-0.0521,0.2425,33.196,jog
10.9873,3692,0.0769,0.0572,-0.0514,0.2425,32.985,jog
10.9906,3693,0.0762,0.0563,-0.0513,0.2128,33.189,jog
10.9927,3694,0.0757,0.056,-0.0508,0.2128,33.03,jog
10.9966,3695,0.0746,0.055,-0.0504,0.2296,33.139,jog
10.9997,3696,0.0743,0.0544,-0.0506,0.3935,33.188,jog
11.0024,3697,0.0738,0.0537,-0.0506,0.2555,33.337,jog
11.0043,3698,0.073,0.0533,-0.0499,0.2555,33.23,jog
11.0087,3699,0.0722,0.0525,-0.0497,0.2507,33.335,jog
11.0116,3700,0.0715,0.0517,-0.0494,0.2448,33.528,jog
11.0155,3701,0.071,0.051,-0.0495,0.2829,33.691,jog
11.019,3702,0.0695,0.0499,-0.0484,0.237,33.643,jog
11.021,3703,0.0689,0.0496,-0.0479,0.237,33.589,jog
11.0248,3704,0.0682,0.0488,-0.0477,0.2873,33.693,jog
11.0272,3705,0.0678,0.0482,-0.0477,0.276,33.961,jog
11.0293,3706,0.0667,0.0478,-0.0466,0.276,33.741,jog
11.0327,3707,0.0665,0.0472,-0.0469,0.2744,33.997,jog
11.0335,3708,0.0658,0.047,-0.046,0.2744,33.776,jog
11.0358,3709,0.0653,0.0463,-0.0461,0.3059,34.064,jog
11.0379,3710,0.0648,0.0461,-0.0455,0.3059,33.953,jog
11.0409,3711,0.0646,0.0456,-0.0458,0.2617,34.154,jog
11.0464,3712,0.0635,0.0447,-0.045,0.2911,34.266,jog
11.0479,3713,0.0625,0.044,-0.0444,0.2838,34.37,jog
11.0501,3714,0.0617,0.0438,-0.0435,0.2838,34.146,jog
11.0529,3715,0.0613,0.0432,-0.0435,0.2863,34.37,jog
11.0551,3716,0.0608,0.0431,-0.0429,0.2863,34.314,jog
11.0606,3717,0.0606,0.0421,-0.0435,0.2733,34.789,jog
11.0644,3718,0.0586,0.0412,-0.0416,0.298,34.742,jog
11.0673,3719,0.0578,0.0411,-0.0407,0.298,34.514,jog
11.0699,3720,0.058,0.0407,-0.0412,0.2697,34.81,jog
11.0711,3721,0.0569,0.0406,-0.0399,0.2697,34.581,jog
11.0744,3722,0.0571,0.0401,-0.0406,0.3127,34.922,jog
11.0799,3723,0.056,0.0396,-0.0396,0.2677,34.924,jog
11.0809,3724,0.0551,0.039,-0.0389,0.3051,35.092,jog
11.0828,3725,0.0546,0.039,-0.0382,0.3051,34.916,jog
11.0871,3726,0.0536,0.0385,-0.0374,0.7544,34.911,jog
11.0914,3727,0.0534,0.038,-0.0374,0.4885,35.139,jog
11.0919,3728,0.0528,0.038,-0.0366,0.4885,35.08,jog
11.0968,3729,0.0522,0.0376,-0.0362,0.4139,35.154,jog
11.0995,3730,0.0517,0.0371,-0.0359,0.4489,35.314,jog
11.1021,3731,0.0508,0.0368,-0.0351,0.5287,35.465,jog
11.1048,3732,0.0503,0.0368,-0.0342,0.5287,35.289,jog
11.1084,3733,0.0497,0.0364,-0.0338,0.4614,35.511,jog
11.1153,3734,0.0492,0.0358,-0.0338,0.4372,35.854,jog
11.116,3735,0.0478,0.0358,-0.0316,0.4372,35.564,jog
11.1189,3736,0.0472,0.0355,-0.0311,0.448,35.791,jog
11.1209,3737,0.0463,0.0355,-0.0297,0.448,35.561,jog
11.1245,3738,0.046,0.0352,-0.0295,0.4053,35.808,jog
11.125,3739,0.0454,0.0353,-0.0286,0.4053,35.635,jog
11.1295,3740,0.0454,0.0349,-0.029,0.4622,35.974,jog
11.1301,3741,0.0443,0.035,-0.0271,0.4622,35.687,jog
11.1328,3742,0.0439,0.0347,-0.0269,0.4162,35.982,jog
11.1367,3743,0.0436,0.0344,-0.0268,0.3907,36.118,jog
11.137,3744,0.0428,0.0345,-0.0253,0.3907,36.005,jog
11.1407,3745,0.0424,0.0342,-0.0252,0.4491,36.254,jog
11.1415,3746,0.0419,0.0342,-0.0242,0.4491,36.092,jog
11.1443,3747,0.0419,0.0339,-0.0246,0.4499,36.385,jog
11.1464,3748,0.041,0.034,-0.023,0.4499,36.171,jog
11.1493,3749,0.0411,0.0336,-0.0237,0.4427,36.469,jog
11.1506,3750,0.0406,0.0335,-0.0229,0.4427,36.302,jog
11.1527,3751,0.0405,0.0331,-0.0234,0.5011,36.618,jog
11.1548,3752,0.0402,0.0329,-0.023,0.5011,36.447,jog
11.158,3753,0.0401,0.0324,-0.0236,0.4924,36.747,jog
11.1648,3754,0.0399,0.0319,-0.024,0.5064,36.895,jog
11.1664,3755,0.0394,0.0314,-0.0238,0.5434,36.903,jog
11.1693,3756,0.0395,0.0311,-0.0244,0.4958,37.161,jog
11.1708,3757,0.0391,0.0311,-0.0238,0.4958,36.989,jog
11.1746,3758,0.0393,0.0308,-0.0244,0.5547,37.312,jog
11.1756,3759,0.0389,0.0308,-0.0237,0.5547,37.087,jog
11.1792,3760,0.0392,0.0306,-0.0245,0.515,37.454,jog
11.1814,3761,0.0392,0.0304,-0.0247,0.5094,37.529,jog
11.1835,3762,0.0388,0.0304,-0.0242,0.5094,37.367,jog
11.1873,3763,0.0392,0.0302,-0.025,0.5529,37.68,jog
11.1878,3764,0.039,0.0302,-0.0247,0.5529,37.524,jog
11.1906,3765,0.0392,0.0299,-0.0254,0.4466,37.814,jog
11.1926,3766,0.039,0.03,-0.0249,0.4466,37.633,jog
11.1952,3767,0.0393,0.0298,-0.0255,0.5502,37.835,jog
11.1983,3768,0.0396,0.0296,-0.0263,0.4781,38.127,jog
11.2004,3769,0.0394,0.0297,-0.0259,0.4781,37.967,jog
11.2033,3770,0.0398,0.0295,-0.0267,0.4647,38.234,jog
11.2081,3771,0.0401,0.0294,-0.0273,0.426,38.337,jog
11.2085,3772,0.0399,0.0295,-0.0269,0.426,38.256,jog
11.2143,3773,0.0404,0.0294,-0.0277,0.4539,38.415,jog
11.2186,3774,0.0415,0.0293,-0.0293,0.3918,38.724,jog
11.2211,3775,0.0412,0.0296,-0.0286,0.3918,38.413,jog
11.2239,3776,0.0418,0.0297,-0.0293,0.4038,38.523,jog
11.2287,3777,0.0423,0.0298,-0.03,0.3695,38.495,jog
11.2333,3778,0.043,0.0301,-0.0307,0.3855,38.407,jog
11.2371,3779,0.0437,0.0301,-0.0316,0.3628,38.54,jog
11.2377,3780,0.0436,0.0302,-0.0315,0.3628,38.392,jog
11.241,3781,0.0443,0.0305,-0.0322,0.3462,38.304,jog
11.2435,3782,0.0451,0.0306,-0.0331,0.295,38.365,jog
11.2462,3783,0.045,0.0308,-0.0329,0.295,38.212,jog
11.2489,3784,0.0458,0.031,-0.0338,0.3566,38.211,jog
11.251,3785,0.0458,0.0311,-0.0336,0.3566,38.108,jog
11.2542,3786,0.0466,0.0314,-0.0345,0.3155,38.045,jog
11.2575,3787,0.0475,0.0317,-0.0354,0.336,37.934,jog
11.2582,3788,0.0476,0.0318,-0.0353,0.336,37.882,jog
11.262,3789,0.0485,0.0322,-0.0362,0.3217,37.737,jog
11.2652,3790,0.0494,0.0328,-0.0369,0.3095,37.491,jog
11.2686,3791,0.0503,0.0331,-0.0379,0.2943,37.495,jog
11.2707,3792,0.0504,0.0334,-0.0378,0.2943,37.229,jog
11.2744,3793,0.0514,0.0338,-0.0386,0.3034,37.182,jog
11.2749,3794,0.0514,0.034,-0.0386,0.3034,36.968,jog
11.2781,3795,0.0524,0.0344,-0.0395,0.2792,36.909,jog
11.2818,3796,0.0535,0.035,-0.0404,0.2886,36.681,jog
11.2838,3797,0.0535,0.0352,-0.0403,0.2886,36.574,jog
11.2872,3798,0.0545,0.0357,-0.0411,0.2427,36.39,jog
11.2899,3799,0.0555,0.0363,-0.042,0.2571,36.241,jog
11.2913,3800,0.0556,0.0365,-0.0419,0.2571,36.08,jog
11.2946,3801,0.0565,0.037,-0.0428,0.2429,35.989,jog
11.2956,3802,0.0566,0.0371,-0.0427,0.2429,35.936,jog
11.3001,3803,0.0576,0.0378,-0.0435,0.2399,35.729,jog
11.3039,3804,0.0585,0.038,-0.0445,0.2891,35.798,jog
11.3046,3805,0.0586,0.0383,-0.0444,0.2891,35.586,jog
11.3082,3806,0.0595,0.0386,-0.0453,0.3262,35.682,jog
11.3089,3807,0.0596,0.0388,-0.0453,0.3262,35.524,jog
11.3136,3808,0.0606,0.0393,-0.0462,0.342,35.44,jog
11.317,3809,0.0615,0.0393,-0.0473,0.4436,35.673,jog
11.32,3810,0.0625,0.0398,-0.0482,0.4546,35.633,jog
11.3239,3811,0.0634,0.0398,-0.0493,0.531,35.824,jog
11.3243,3812,0.0635,0.0402,-0.0491,0.531,35.617,jog
11.327,3813,0.0644,0.0403,-0.0503,0.5253,35.805,jog
11.3293,3814,0.0645,0.0405,-0.0501,0.5253,35.65,jog
11.3334,3815,0.0654,0.0406,-0.0513,0.6433,35.832,jog
11.337,3816,0.0664,0.0407,-0.0524,0.642,36.072,jog
11.3375,3817,0.0664,0.041,-0.0522,0.642,35.914,jog
11.3413,3818,0.0673,0.041,-0.0535,0.6432,36.154,jog
11.3436,3819,0.0691,0.0416,-0.0551,1.3539,36.181,jog
11.3464,3820,0.0691,0.042,-0.0549,1.3539,36.075,jog
11.3501,3821,0.07,0.0419,-0.0561,0.6684,36.297,jog
11.3527,3822,0.071,0.0422,-0.0572,0.8914,36.543,jog
11.3545,3823,0.071,0.0424,-0.057,0.8914,36.381,jog
11.358,3824,0.0721,0.0423,-0.0583,0.8383,36.726,jog
11.3612,3825,0.0731,0.0426,-0.0594,0.8356,36.911,jog
11.3654,3826,0.0741,0.0429,-0.0604,0.8999,37.133,jog
11.3681,3827,0.0751,0.0433,-0.0614,0.7714,37.344,jog
11.3705,3828,0.075,0.0437,-0.0609,0.7714,37.119,jog
11.3745,3829,0.0762,0.0438,-0.0623,0.9305,37.441,jog
11.3748,3830,0.0761,0.0441,-0.062,0.9305,37.385,jog
11.3776,3831,0.0771,0.0441,-0.0633,0.7858,37.644,jog
11.3799,3832,0.077,0.0445,-0.0628,0.7858,37.53,jog
11.3823,3833,0.0782,0.0445,-0.0643,0.8236,37.808,jog
11.3844,3834,0.078,0.0451,-0.0636,0.8236,37.636,jog
11.3875,3835,0.0791,0.0451,-0.065,0.8081,37.981,jog
11.3917,3836,0.0801,0.0455,-0.0659,0.716,38.106,jog
11.392,3837,0.0799,0.046,-0.0653,0.716,37.872,jog
11.3956,3838,0.0809,0.0462,-0.0664,0.7005,38.125,jog
11.3994,3839,0.082,0.0464,-0.0676,0.7137,38.311,jog
11.4003,3840,0.0818,0.0468,-0.067,0.7137,38.194,jog
11.4037,3841,0.0828,0.0469,-0.0682,0.6558,38.401,jog
11.4084,3842,0.0837,0.0472,-0.0692,0.5687,38.581,jog
11.409,3843,0.0834,0.0476,-0.0685,0.5687,38.348,jog
11.4119,3844,0.0845,0.0478,-0.0697,0.6794,38.615,jog
11.4148,3845,0.0854,0.0482,-0.0705,0.5471,38.644,jog
11.4172,3846,0.0851,0.0487,-0.0698,0.5471,38.529,jog
11.4203,3847,0.0863,0.0485,-0.0714,0.6099,38.837,jog
11.4239,3848,0.087,0.049,-0.0719,0.5445,38.912,jog
11.426,3849,0.0866,0.0497,-0.0709,0.5445,38.627,jog
11.429,3850,0.0878,0.0498,-0.0722,0.596,38.791,jog
11.433,3851,0.0888,0.05,-0.0734,0.5326,38.863,jog
11.4339,3852,0.0884,0.0505,-0.0726,0.5326,38.75,jog
11.4371,3853,0.0895,0.0507,-0.0737,0.511,38.807,jog
11.4407,3854,0.0902,0.0511,-0.0744,0.518,38.915,jog
11.4418,3855,0.09,0.0514,-0.0738,0.518,38.74,jog
11.446,3856,0.0908,0.0516,-0.0747,0.5407,38.833,jog
11.4497,3857,0.0903,0.0508,-0.0746,0.4857,38.785,jog
11.4526,3858,0.0909,0.0504,-0.0756,0.5133,38.88,jog
11.4546,3859,0.0899,0.05,-0.0747,0.5133,38.737,jog
11.4577,3860,0.0903,0.0493,-0.0756,0.4939,38.877,jog
11.464,3861,0.091,0.0488,-0.0768,0.4895,38.988,jog
11.4677,3862,0.0908,0.0481,-0.077,0.4928,38.976,jog
11.4706,3863,0.0909,0.0475,-0.0775,0.514,38.945,jog
11.4742,3864,0.0916,0.0471,-0.0786,0.4845,39.087,jog
11.4781,3865,0.0942,0.0476,-0.0813,2.282,39.705,jog
11.4808,3866,0.0947,0.0474,-0.0819,0.5456,39.721,jog
11.4827,3867,0.0941,0.0474,-0.0814,0.5456,39.673,jog
11.4861,3868,0.0953,0.0472,-0.0828,0.5675,39.766,jog
11.4883,3869,0.0942,0.0471,-0.0816,0.5675,39.62,jog
11.4912,3870,0.0949,0.0467,-0.0826,0.4925,39.661,jog
11.4943,3871,0.0956,0.0463,-0.0836,0.4518,39.809,jog
11.4962,3872,0.0948,0.0463,-0.0828,0.4518,39.661,jog
11.5003,3873,0.0961,0.046,-0.0844,0.5163,39.748,jog
11.5041,3874,0.0959,0.0457,-0.0843,0.4378,39.444,jog
11.5069,3875,0.0968,0.0456,-0.0855,0.4333,39.422,jog
11.509,3876,0.0964,0.0455,-0.085,0.4333,39.264,jog
11.5116,3877,0.0975,0.0455,-0.0862,0.4427,39.138,jog
11.5163,3878,0.0981,0.0454,-0.087,0.4385,38.832,jog
11.5187,3879,0.0984,0.0452,-0.0874,0.3724,38.541,jog
11.521,3880,0.0976,0.045,-0.0866,0.3724,38.431,jog
11.5238,3881,0.0987,0.045,-0.0879,0.391,38.234,jog
11.5259,3882,0.0979,0.0448,-0.0871,0.391,38.012,jog
11.5293,3883,0.0982,0.0446,-0.0875,0.3914,37.647,jog
11.5333,3884,0.0991,0.0445,-0.0885,0.3857,37.427,jog
11.5366,3885,0.099,0.0441,-0.0887,0.3759,36.96,jog
11.5406,3886,0.1,0.0441,-0.0898,0.426,36.818,jog
11.5416,3887,0.0992,0.0437,-0.089,0.426,36.652,jog
11.5452,3888,0.1001,0.0437,-0.09,0.3969,36.364,jog
11.5461,3889,0.0992,0.0433,-0.0892,0.3969,36.254,jog
11.5494,3890,0.1005,0.0433,-0.0907,0.4314,36.136,jog
11.5522,3891,0.1007,0.0429,-0.0911,0.3941,35.857,jog
11.5539,3892,0.1001,0.0427,-0.0906,0.3941,35.748,jog
11.5568,3893,0.101,0.0425,-0.0916,0.4059,35.551,jog
11.5589,3894,0.1001,0.0421,-0.0908,0.4059,35.444,jog
11.5638,3895,0.101,0.042,-0.0918,0.4121,35.259,jog
11.565,3896,0.1013,0.0416,-0.0923,0.4257,35.03,jog
11.5683,3897,0.1018,0.0413,-0.093,0.3897,34.947,jog
11.5702,3898,0.1008,0.0409,-0.0922,0.3897,34.738,jog
11.5741,3899,0.1016,0.0408,-0.0931,0.4015,34.611,jog
11.5755,3900,0.1007,0.0403,-0.0922,0.4015,34.456,jog
11.5783,3901,0.1012,0.0401,-0.0929,0.413,34.397,jog
11.5802,3902,0.1005,0.0398,-0.0923,0.413,34.295,jog
11.5833,3903,0.1016,0.0398,-0.0935,0.3972,34.189,jog
11.5861,3904,0.1016,0.0394,-0.0936,0.3732,33.988,jog
11.5876,3905,0.101,0.0391,-0.0931,0.3732,33.887,jog
11.5903,3906,0.1017,0.039,-0.0939,0.4056,33.861,jog
11.5923,3907,0.1007,0.0386,-0.093,0.4056,33.659,jog
11.5946,3908,0.1017,0.0386,-0.0941,0.3946,33.59,jog
11.5965,3909,0.1007,0.0382,-0.0932,0.3946,33.44,jog
11.5998,3910,0.1009,0.038,-0.0935,0.3798,33.323,jog
11.6029,3911,0.1015,0.038,-0.0942,0.403,33.229,jog
11.6046,3912,0.1005,0.0375,-0.0933,0.403,33.029,jog
11.6076,3913,0.1008,0.0374,-0.0936,0.4026,32.893,jog
11.6098,3914,0.1001,0.0371,-0.0929,0.4026,32.743,jog
11.6153,3915,0.1016,0.0374,-0.0945,0.3962,32.618,jog
11.6158,3916,0.1002,0.0368,-0.0932,0.3962,32.369,jog
11.6186,3917,0.1004,0.0367,-0.0934,0.3977,32.225,jog
11.6206,3918,0.0997,0.0364,-0.0928,0.3977,32.076,jog
11.6244,3919,0.0997,0.0363,-0.0929,0.3857,31.935,jog
11.6262,3920,0.1,0.0363,-0.0932,0.3859,31.739,jog
11.629,3921,0.0993,0.0361,-0.0925,0.3859,31.64,jog
11.6299,3922,0.0986,0.0358,-0.0918,0.3859,31.591,jog
11.6333,3923,0.0989,0.0358,-0.0922,0.371,31.4,jog
11.6365,3924,0.0983,0.0356,-0.0916,0.7349,31.606,jog
11.6412,3925,0.0987,0.0355,-0.092,0.4047,31.508,jog
11.6432,3926,0.0967,0.0348,-0.0902,0.4047,31.265,jog
11.6467,3927,0.0969,0.0348,-0.0904,0.3605,31.226,jog
11.6497,3928,0.0963,0.0345,-0.0899,0.3601,30.989,jog
11.6522,3929,0.0964,0.0345,-0.0901,0.3306,30.939,jog
11.6547,3930,0.0952,0.034,-0.0889,0.3306,30.746,jog
11.6578,3931,0.0955,0.034,-0.0892,0.3655,30.703,jog
11.66,3932,0.0942,0.0336,-0.088,0.3655,30.511,jog
11.6646,3933,0.0935,0.0332,-0.0874,0.3339,30.33,jog
11.6675,3934,0.0935,0.0331,-0.0875,0.3104,30.273,jog
11.6701,3935,0.0922,0.0326,-0.0863,0.2782,29.959,jog
11.6737,3936,0.0924,0.0325,-0.0865,0.3401,29.919,jog
11.6757,3937,0.091,0.032,-0.0852,0.3401,29.726,jog
11.68,3938,0.0912,0.0319,-0.0854,0.3329,29.707,jog
11.6818,3939,0.0906,0.0317,-0.0849,0.2754,29.494,jog
11.6832,3940,0.0892,0.0312,-0.0836,0.2754,29.398,jog
11.6881,3941,0.0892,0.0311,-0.0836,0.2911,29.252,jog
11.6917,3942,0.0878,0.0305,-0.0824,0.3515,29.052,jog
11.6925,3943,0.0868,0.0302,-0.0814,0.3515,28.956,jog
11.696,3944,0.0864,0.0299,-0.081,0.3291,28.882,jog
11.6981,3945,0.0862,0.0298,-0.0809,0.2585,28.728,jog
11.7004,3946,0.0846,0.0293,-0.0794,0.2585,28.633,jog
11.7045,3947,0.0835,0.0289,-0.0783,0.319,28.417,jog
11.7075,3948,0.083,0.0286,-0.078,0.3659,28.373,jog
11.7096,3949,0.082,0.0283,-0.0769,0.3659,28.236,jog
11.7118,3950,0.0819,0.0281,-0.0769,0.3083,28.179,jog
11.7159,3951,0.0806,0.0277,-0.0757,0.2932,27.949,jog
11.7182,3952,0.081,0.0277,-0.0761,0.3121,27.974,jog
11.7203,3953,0.0787,0.0271,-0.0739,0.3121,27.755,jog
11.7233,3954,0.0786,0.0269,-0.0739,0.3464,27.714,jog
11.7249,3955,0.0775,0.0266,-0.0727,0.3464,27.628,jog
11.7279,3956,0.0772,0.0264,-0.0726,0.2904,27.477,jog
11.73,3957,0.0748,0.0258,-0.0702,0.2904,27.308,jog
11.7324,3958,0.0745,0.0256,-0.07,0.3113,27.224,jog
11.7359,3959,0.0743,0.0255,-0.0698,0.3372,27.186,jog
11.7375,3960,0.0724,0.025,-0.068,0.3372,27.022,jog
11.7402,3961,0.0722,0.0248,-0.0678,0.3256,26.969,jog
11.7415,3962,0.071,0.0245,-0.0666,0.3256,26.891,jog
11.7465,3963,0.0709,0.0244,-0.0666,0.3217,26.802,jog
11.747,3964,0.0693,0.0238,-0.0651,0.3217,26.65,jog
11.7507,3965,0.069,0.0235,-0.0649,0.3152,26.567,jog
11.7535,3966,0.0693,0.0233,-0.0653,0.3317,26.418,jog
11.7539,3967,0.0684,0.0228,-0.0644,0.3317,26.332,jog
11.7581,3968,0.0687,0.0227,-0.0648,0.3113,26.188,jog
11.7588,3969,0.068,0.0225,-0.0642,0.3113,26.144,jog
11.7637,3970,0.0673,0.0221,-0.0636,0.3384,25.867,jog
11.7676,3971,0.0676,0.0221,-0.0638,0.3334,25.796,jog
11.7692,3972,0.067,0.022,-0.0633,0.3342,25.612,jog
11.7727,3973,0.0667,0.0219,-0.063,0.3188,25.423,jog
11.7753,3974,0.0655,0.0216,-0.0618,0.3188,25.342,jog
11.7793,3975,0.0658,0.0217,-0.0621,0.3538,25.199,jog
11.7798,3976,0.065,0.0215,-0.0613,0.3538,25.16,jog
11.7832,3977,0.0647,0.0215,-0.061,0.3353,25.001,jog
11.786,3978,0.0644,0.0216,-0.0607,0.3392,24.904,jog
11.7877,3979,0.0636,0.0214,-0.0599,0.3392,24.801,jog
11.79,3980,0.0638,0.0215,-0.06,0.3438,24.746,jog
11.792,3981,0.0627,0.0213,-0.0589,0.3438,24.633,jog
11.7969,3982,0.0633,0.0215,-0.0595,0.3339,24.597,jog
11.798,3983,0.063,0.0215,-0.0592,0.3917,24.496,jog
11.8001,3984,0.0626,0.0215,-0.0588,0.3917,24.474,jog
11.8031,3985,0.0621,0.0216,-0.0583,0.3619,24.382,jog
11.8077,3986,0.0617,0.0217,-0.0578,0.3466,24.284,jog
11.8098,3987,0.0607,0.0215,-0.0568,0.3466,24.245,jog
11.8153,3988,0.0604,0.0219,-0.0563,0.3833,24.102,jog
11.8193,3989,0.06,0.0221,-0.0558,0.3833,23.992,jog
11.8214,3990,0.0593,0.022,-0.0551,0.3833,23.971,jog
11.8248,3991,0.0603,0.0224,-0.056,0.4089,23.969,jog
11.829,3992,0.0594,0.0226,-0.055,0.3743,23.851,jog
11.8297,3993,0.0584,0.0224,-0.0539,0.3743,23.761,jog
11.8317,3994,0.0586,0.0228,-0.054,0.3806,23.732,jog
11.8338,3995,0.0579,0.0227,-0.0533,0.3806,23.685,jog
11.8362,3996,0.0584,0.0231,-0.0536,0.3616,23.606,jog
11.839,3997,0.0579,0.0233,-0.0529,0.3757,23.503,jog
11.8408,3998,0.0575,0.0233,-0.0526,0.3757,23.479,jog
11.8437,3999,0.0575,0.0236,-0.0524,0.4054,23.365,jog
11.8453,4000,0.0565,0.0235,-0.0514,0.4054,23.315,jog
11.8494,4001,0.0567,0.0239,-0.0514,0.3857,23.225,jog
11.8498,4002,0.056,0.0238,-0.0507,0.3857,23.174,jog
11.8532,4003,0.0563,0.0242,-0.0508,0.417,23.132,jog
11.8543,4004,0.0554,0.0241,-0.0498,0.417,23.028,jog
11.8564,4005,0.0555,0.0245,-0.0498,0.3698,22.981,jog
11.8584,4006,0.0549,0.0245,-0.0492,0.3698,22.901,jog
11.8636,4007,0.0551,0.0249,-0.0492,0.3979,22.84,jog
11.866,4008,0.054,0.0252,-0.0478,0.3769,22.648,jog
11.8687,4009,0.0542,0.0257,-0.0478,0.4116,22.549,jog
11.8713,4010,0.0539,0.0257,-0.0475,0.4116,22.521,jog
11.8745,4011,0.0532,0.0261,-0.0463,0.3973,22.348,jog
11.8795,4012,0.0525,0.0265,-0.0453,0.4093,22.181,jog
11.8821,4013,0.0527,0.027,-0.0452,0.4249,22.108,jog
11.8836,4014,0.0521,0.027,-0.0445,0.4249,22.079,jog
11.8865,4015,0.052,0.0275,-0.0441,0.4145,21.929,jog
11.8904,4016,0.0522,0.0281,-0.044,0.4359,21.886,jog
11.8914,4017,0.0514,0.028,-0.0431,0.4359,21.768,jog
11.8935,4018,0.0516,0.0286,-0.0429,0.4302,21.707,jog
11.8957,4019,0.051,0.0286,-0.0422,0.4302,21.618,jog
11.8997,4020,0.051,0.0292,-0.0418,0.4308,21.531,jog
11.9035,4021,0.0507,0.0298,-0.041,0.4355,21.343,jog
11.9039,4022,0.0504,0.0298,-0.0406,0.4355,21.313,jog
11.9086,4023,0.0506,0.0304,-0.0405,0.4375,21.245,jog
11.909,4024,0.0496,0.0305,-0.0392,0.4375,21.097,jog
11.9125,4025,0.0501,0.0311,-0.0393,0.4586,21.035,jog
11.9144,4026,0.0491,0.0312,-0.038,0.4586,20.916,jog
11.9198,4027,0.0502,0.0325,-0.0382,0.4874,20.822,jog
11.9202,4028,0.0493,0.0326,-0.0369,0.4874,20.703,jog
11.9255,4029,0.0495,0.0333,-0.0366,0.4546,20.612,jog
11.9262,4030,0.0494,0.0341,-0.0358,0.4797,20.454,jog
11.929,4031,0.0492,0.0341,-0.0355,0.4797,20.424,jog
11.9326,4032,0.0493,0.0349,-0.0348,0.5,20.281,jog
11.9343,4033,0.0485,0.0351,-0.0335,0.5,20.16,jog
11.9371,4034,0.0489,0.0359,-0.0332,0.4854,20.068,jog
11.9403,4035,0.0493,0.0367,-0.0329,0.5188,20.004,jog
11.9417,4036,0.0488,0.0369,-0.0319,0.5188,19.912,jog
11.9448,4037,0.0492,0.0377,-0.0316,0.5115,19.791,jog
11.9482,4038,0.0495,0.0386,-0.031,0.5072,19.688,jog
11.9495,4039,0.049,0.0388,-0.03,0.5072,19.565,jog
11.9541,4040,0.0491,0.0396,-0.029,0.4057,19.407,jog
11.958,4041,0.0487,0.0398,-0.0281,0.0,19.313,jog
11.9608,4042,0.0483,0.0401,-0.0268,0.0,19.186,jog
11.9632,4043,0.0479,0.0404,-0.0258,0.0,19.123,jog
11.9681,4044,0.0476,0.0406,-0.0249,0.0,18.995,jog
11.9691,4045,0.0474,0.0409,-0.0239,0.0,18.931,jog
11.9715,4046,0.0473,0.041,-0.0236,0.0,18.867,jog
11.9745,4047,0.0471,0.0413,-0.0227,0.0,18.802,jog
11.9792,4048,0.047,0.0416,-0.0218,0.0,18.673,jog
11.9798,4049,0.0468,0.0419,-0.0209,0.0,18.608,jog
11.9833,4050,0.0468,0.0421,-0.0203,0.0,18.51,jog
11.9861,4051,0.0467,0.0426,-0.0191,0.0,18.411,jog
11.9879,4052,0.0467,0.0428,-0.0185,0.0,18.312,jog
11.992,4053,0.0467,0.0431,-0.018,0.0,18.246,jog
11.9924,4054,0.0467,0.0434,-0.0171,0.0,18.146,jog
11.9957,4055,0.0467,0.0437,-0.0166,0.0,18.113,jog
11.9986,4056,0.0468,0.0441,-0.0158,0.0,18.015,jog
12.0002,4057,0.047,0.0445,-0.015,0.0,17.884,jog
12.0035,4058,0.0471,0.0448,-0.0145,0.0,17.852,jog
12.0066,4059,0.0472,0.0451,-0.0139,0.0,17.756,jog
12.0084,4060,0.0475,0.0457,-0.0129,0.0,17.661,jog
12.0143,4061,0.0477,0.0461,-0.0122,0.0,17.536,jog
12.0208,4062,0.0483,0.0471,-0.0108,0.0,17.386,jog
12.0215,4063,0.0488,0.0478,-0.0099,0.0,17.24,jog
12.0245,4064,0.0489,0.048,-0.0097,0.0,17.212,jog
12.0264,4065,0.0495,0.0487,-0.0088,0.0,17.1,jog
12.0287,4066,0.0498,0.0491,-0.0084,0.0,17.073,jog
12.0323,4067,0.0501,0.0494,-0.008,0.0,17.018,jog
12.0355,4068,0.0507,0.0502,-0.0071,0.0,16.912,jog
12.037,4069,0.0512,0.0508,-0.0065,0.0,16.806,jog
12.041,4070,0.0515,0.0512,-0.0061,0.0,16.778,jog
12.0419,4071,0.052,0.0517,-0.0055,0.0,16.66,jog
12.0458,4072,0.0522,0.0519,-0.0053,0.0,16.66,jog
12.0476,4073,0.052,0.0518,-0.0047,0.0,16.543,jog
12.0511,4074,0.0518,0.0516,-0.0045,0.0,16.492,jog
12.0527,4075,0.0511,0.0509,-0.004,0.0,16.406,jog
12.0552,4076,0.0506,0.0505,-0.0037,0.0,16.37,jog
12.0582,4077,0.0504,0.0503,-0.0034,0.0,16.307,jog
12.063,4078,0.0503,0.0502,-0.0032,0.0,16.292,jog
12.0656,4079,0.0503,0.0502,-0.003,0.0,16.251,jog
12.0705,4080,0.0505,0.0504,-0.0025,0.0,16.161,jog
12.074,4081,0.0505,0.0505,-0.0024,0.0,16.124,jog
12.0746,4082,0.0506,0.0506,-0.0022,0.0,16.112,jog
12.0775,4083,0.0508,0.0508,-0.0021,0.0,16.063,jog
12.0802,4084,0.0509,0.0508,-0.002,0.0,16.063,jog
12.0831,4085,0.051,0.051,-0.0018,0.0,16.014,jog
12.0858,4086,0.0513,0.0512,-0.0016,0.0,15.964,jog
12.0874,4087,0.0514,0.0513,-0.0015,0.0,15.952,jog
12.0903,4088,0.0515,0.0514,-0.0014,0.0,15.914,jog
12.0924,4089,0.0516,0.0515,-0.0013,0.0,15.875,jog
12.0958,4090,1.1047,1.1014,-0.0856,269.8974,3.95,jog
12.1005,4091,1.108,1.1048,-0.0838,0.9413,3.273,jog
12.101,4092,1.108,1.1048,-0.0838,0.9413,3.233,jog
12.105,4093,1.1112,1.108,-0.084,0.7925,3.099,jog
12.108,4094,1.1147,1.1115,-0.0844,0.8507,3.019,jog
12.1106,4095,1.118,1.1148,-0.0847,0.8067,2.885,jog
12.115,4096,1.118,1.1147,-0.0847,0.8067,2.844,jog
12.1191,4097,1.1255,1.1223,-0.0851,0.892,2.808,jog
12.1214,4098,1.1254,1.1222,-0.0851,0.892,2.765,jog
12.1245,4099,1.129,1.1258,-0.0854,0.9084,2.653,jog
12.1294,4100,1.1329,1.1296,-0.0855,0.9643,2.609,jog
12.1299,4101,1.1326,1.1294,-0.0856,0.9643,2.581,jog
12.1332,4102,1.1362,1.133,-0.0859,0.9115,2.439,jog
12.1363,4103,1.1399,1.1366,-0.0861,0.9252,2.324,jog
12.1373,4104,1.1396,1.1363,-0.0862,0.9252,2.268,jog
12.1409,4105,1.1429,1.1397,-0.0866,0.8932,2.094,jog
12.1438,4106,1.1469,1.1436,-0.0867,0.9977,2.019,jog
12.1457,4107,1.1466,1.1434,-0.0868,0.9977,2.005,jog
12.1502,4108,1.1505,1.1472,-0.0869,0.9799,1.902,jog
12.1535,4109,1.1539,1.1506,-0.0872,0.97,1.757,jog
12.1572,4110,1.1574,1.1541,-0.0875,0.9382,1.642,jog
12.1576,4111,1.1571,1.1538,-0.0876,0.9382,1.616,jog
12.1606,4112,1.161,1.1577,-0.0878,0.9903,1.511,jog
12.1651,4113,1.1642,1.1609,-0.0881,0.9929,1.376,jog
12.1675,4114,1.1639,1.1605,-0.0882,0.9929,1.364,jog
12.1706,4115,1.1679,1.1646,-0.0883,1.0866,1.215,jog
12.1733,4116,1.1716,1.1683,-0.0886,0.9768,1.019,jog
12.1747,4117,1.1713,1.1679,-0.0887,0.9768,0.984,jog
12.1789,4118,1.1749,1.1715,-0.0889,1.002,0.949,jog
12.1795,4119,1.1745,1.1712,-0.089,1.002,0.926,jog
12.1829,4120,1.1784,1.175,-0.0891,1.0182,0.834,jog
12.1838,4121,1.178,1.1746,-0.0893,1.0182,0.812,jog
12.1881,4122,1.1816,1.1782,-0.0895,1.0593,0.75,jog
12.1913,4123,1.185,1.1816,-0.0898,1.0086,0.661,jog
12.1952,4124,1.1888,1.1854,-0.0898,1.0197,0.619,jog
12.1957,4125,1.1884,1.1849,-0.09,1.0197,0.609,jog
12.1998,4126,1.192,1.1886,-0.0901,0.9882,0.584,jog
12.2033,4127,1.1952,1.1918,-0.0905,1.0119,0.538,jog
12.2038,4128,1.1948,1.1913,-0.0907,1.0119,0.513,jog
12.2082,4129,1.1984,1.195,-0.0908,0.9967,0.528,jog
12.2125,4130,1.2012,1.1978,-0.0911,0.9801,0.51,jog
12.2132,4131,1.2008,1.1973,-0.0913,0.9801,0.502,jog
12.218,4132,1.2041,1.2006,-0.0913,0.9901,0.498,jog
12.2227,4133,1.2107,1.2072,-0.0916,1.1068,0.422,jog
12.2254,4134,1.2102,1.2067,-0.0918,1.1068,0.403,jog
12.228,4135,1.2136,1.2101,-0.0917,0.9683,0.475,jog
12.23,4136,1.2125,1.209,-0.0922,0.9683,0.443,jog
12.2335,4137,1.2158,1.2123,-0.0921,0.9624,0.499,jog
12.2376,4138,1.2188,1.2153,-0.0921,0.9515,0.57,jog
12.238,4139,1.2179,1.2144,-0.0925,0.9515,0.558,jog
12.2415,4140,1.2215,1.218,-0.0922,0.9527,0.669,jog
12.2424,4141,1.2206,1.2171,-0.0926,0.9527,0.652,jog
12.2459,4142,1.223,1.2195,-0.0929,0.9044,0.836,jog
12.2489,4143,1.2261,1.2226,-0.0928,0.9152,0.972,jog
12.2502,4144,1.2254,1.2219,-0.0931,0.9152,0.956,jog
12.2545,4145,1.2286,1.225,-0.093,0.9357,1.083,jog
12.2572,4146,1.2306,1.227,-0.0932,0.916,1.209,jog
12.2599,4147,1.2335,1.23,-0.0932,0.9019,1.348,jog
12.2637,4148,1.2328,1.2293,-0.0935,0.9019,1.334,jog
12.2705,4149,1.237,1.2334,-0.0938,0.8731,1.596,jog
12.2729,4150,1.2395,1.2359,-0.0938,0.89,1.734,jog
12.2752,4151,1.2387,1.2351,-0.0941,0.89,1.726,jog
12.2783,4152,1.2405,1.2369,-0.0944,0.8394,1.843,jog
12.2802,4153,1.2397,1.2361,-0.0947,0.8394,1.84,jog
12.2844,4154,1.2415,1.2379,-0.0949,0.8654,1.958,jog
12.2873,4155,1.2436,1.24,-0.095,0.831,2.085,jog
12.2917,4156,1.2461,1.2425,-0.0949,0.8258,2.193,jog
12.2922,4157,1.2448,1.2411,-0.0954,0.8258,2.186,jog
12.2957,4158,1.2467,1.2431,-0.0955,0.805,2.289,jog
12.3004,4159,1.2488,1.2451,-0.0954,0.734,2.368,jog
12.3009,4160,1.2474,1.2437,-0.0959,0.734,2.364,jog
12.3037,4161,1.249,1.2453,-0.096,0.732,2.399,jog
12.307,4162,1.251,1.2473,-0.0958,0.7422,2.394,jog
12.3088,4163,1.2501,1.2464,-0.0962,0.7422,2.393,jog
12.311,4164,1.2517,1.2479,-0.0965,0.7451,2.384,jog
12.3136,4165,1.2502,1.2464,-0.097,0.7451,2.382,jog
12.3175,4166,1.2523,1.2485,-0.0969,0.7564,2.357,jog
12.3203,4167,1.2532,1.2495,-0.0973,0.7381,2.356,jog
12.3231,4168,1.2547,1.2509,-0.0975,0.7356,2.378,jog
12.3264,4169,1.2531,1.2493,-0.0981,0.7356,2.376,jog
12.3291,4170,1.2541,1.2502,-0.0986,0.7527,2.409,jog
12.3321,4171,1.2565,1.2526,-0.0985,0.726,2.46,jog
12.3339,4172,1.2549,1.251,-0.099,0.726,2.46,jog
12.3367,4173,1.2564,1.2524,-0.0993,0.764,2.526,jog
12.3404,4174,1.2576,1.2537,-0.0996,0.7257,2.568,jog
12.3421,4175,1.2559,1.2519,-0.1002,0.7257,2.575,jog
12.3448,4176,1.2578,1.2538,-0.1003,0.7494,2.621,jog
12.3468,4177,1.2567,1.2527,-0.1007,0.7494,2.626,jog
12.3492,4178,1.2586,1.2546,-0.1006,0.732,2.664,jog
12.351,4179,1.2575,1.2534,-0.1009,0.732,2.654,jog
12.354,4180,1.2579,1.2539,-0.101,0.6568,2.629,jog
12.3575,4181,1.2599,1.2559,-0.101,0.7376,2.63,jog
12.3582,4182,1.2589,1.2548,-0.1011,0.7376,2.604,jog
12.3609,4183,1.2607,1.2567,-0.1011,0.7036,2.61,jog
12.3632,4184,1.2591,1.255,-0.1014,0.7036,2.576,jog
12.3683,4185,1.2644,1.2603,-0.1011,0.7172,2.569,jog
12.3714,4186,1.2614,1.2573,-0.1016,0.7172,2.533,jog
12.3747,4187,1.261,1.2569,-0.1021,0.7659,2.528,jog
12.3772,4188,1.2624,1.2583,-0.1022,0.7147,2.524,walk
12.3788,4189,1.2609,1.2568,-0.1024,0.7147,2.519,walk
12.3834,4190,1.2623,1.2581,-0.1026,0.7043,2.562,walk
12.3861,4191,1.261,1.2568,-0.103,0.574,2.628,walk
12.3878,4192,1.2596,1.2553,-0.1033,0.574,2.626,walk
12.391,4193,1.2614,1.2572,-0.1034,0.7848,2.768,walk
12.394,4194,1.2613,1.257,-0.104,0.5991,2.773,walk
12.3954,4195,1.2601,1.2558,-0.1042,0.5991,2.778,walk
12.3982,4196,1.2616,1.2573,-0.1042,0.6789,2.841,walk
12.4002,4197,1.2597,1.2554,-0.1045,0.6789,2.846,walk
12.4038,4198,1.2607,1.2564,-0.1047,0.6957,2.923,walk
12.4073,4199,1.2622,1.2578,-0.1048,0.6606,3.036,walk
12.4079,4200,1.2603,1.2559,-0.1051,0.6606,3.051,walk
12.4107,4201,1.2617,1.2573,-0.1051,0.6591,3.136,walk
12.4165,4202,1.2618,1.2574,-0.1052,0.6544,3.21,walk
12.4198,4203,1.2613,1.2568,-0.1055,0.6357,3.334,walk
12.4234,4204,1.2619,1.2575,-0.1056,0.6311,3.462,walk
12.4249,4205,1.26,1.2556,-0.1057,0.6311,3.473,walk
12.4288,4206,1.2614,1.2569,-0.1057,0.6384,3.595,walk
12.4295,4207,1.2601,1.2557,-0.1058,0.6384,3.611,walk
12.4317,4208,1.2614,1.2569,-0.1058,0.6154,3.693,walk
12.4337,4209,1.2601,1.2556,-0.1058,0.6154,3.71,walk
12.4368,4210,1.2619,1.2575,-0.1057,0.6019,3.801,walk
12.4412,4211,1.2621,1.2576,-0.1058,0.6484,3.947,walk
12.4421,4212,1.2595,1.2551,-0.1058,0.6484,3.965,walk
12.4451,4213,1.2602,1.2557,-0.1058,0.6241,4.072,walk
12.4473,4214,1.2589,1.2545,-0.1058,0.6241,4.078,walk
12.4517,4215,1.2618,1.2574,-0.1056,0.5733,4.289,walk
12.4536,4216,1.2606,1.2562,-0.1056,0.5733,4.296,walk
12.4565,4217,1.261,1.2566,-0.1055,0.5494,4.405,walk
12.4579,4218,1.2603,1.2559,-0.1054,0.5494,4.411,walk
12.4601,4219,1.2607,1.2563,-0.1054,0.5344,4.529,walk
12.4635,4220,1.2588,1.2544,-0.1053,0.5344,4.542,walk
12.4696,4221,1.2603,1.2559,-0.1052,0.5715,4.753,walk
12.4717,4222,1.2585,1.2541,-0.105,0.5715,4.779,walk
12.4742,4223,1.2589,1.2545,-0.1049,0.55,4.891,walk
12.4763,4224,1.2603,1.2559,-0.1049,0.6334,5.054,walk
12.4788,4225,1.2584,1.2541,-0.1047,0.6334,5.067,walk
12.4839,4226,1.2595,1.2551,-0.1047,0.5537,5.242,walk
12.4849,4227,1.2596,1.2552,-0.1046,0.6135,5.42,walk
12.4872,4228,1.2577,1.2534,-0.1044,0.6135,5.448,walk
12.4914,4229,1.2593,1.255,-0.1044,0.6765,5.633,walk
12.4921,4230,1.2575,1.2532,-0.1041,0.6765,5.653,walk
12.4958,4231,1.2589,1.2546,-0.1041,0.6353,5.855,walk
12.4966,4232,1.2577,1.2534,-0.1039,0.6353,5.861,walk
12.4997,4233,1.2584,1.2541,-0.1037,0.6305,6.034,walk
12.5011,4234,1.2572,1.2529,-0.1035,0.6305,6.046,walk
12.5038,4235,1.2603,1.2561,-0.1037,0.7539,6.313,walk
12.5081,4236,1.2606,1.2563,-0.1035,0.652,6.511,walk
12.5109,4237,1.2602,1.2559,-0.1032,0.6384,6.719,walk
12.5134,4238,1.259,1.2547,-0.103,0.6384,6.723,walk
12.5159,4239,1.2603,1.2561,-0.1029,0.6221,6.902,walk
12.5217,4240,1.2598,1.2556,-0.1024,0.5953,7.072,walk
12.5236,4241,1.2606,1.2565,-0.1022,0.6462,7.186,walk
12.5253,4242,1.2588,1.2546,-0.1019,0.6462,7.19,walk
12.5286,4243,1.2601,1.256,-0.1018,0.6128,7.304,walk
12.5318,4244,1.2608,1.2567,-0.1015,0.6039,7.407,walk
12.5338,4245,1.2589,1.2549,-0.1012,0.6039,7.405,walk
12.5373,4246,1.2597,1.2556,-0.1009,0.6164,7.473,walk
12.538,4247,1.2585,1.2544,-0.1007,0.6164,7.469,walk
12.5416,4248,1.2592,1.2552,-0.1005,0.618,7.537,walk
12.5454,4249,1.2605,1.2565,-0.1003,0.6076,7.602,walk
12.5459,4250,1.2593,1.2553,-0.1001,0.6076,7.598,walk
12.549,4251,1.26,1.2561,-0.0998,0.6328,7.656,walk
12.5505,4252,1.2588,1.2549,-0.0996,0.6328,7.651,walk
12.5536,4253,1.2608,1.2568,-0.0995,0.6213,7.724,walk
12.5561,4254,1.2609,1.257,-0.0992,0.6259,7.777,walk
12.5576,4255,1.2597,1.2558,-0.0989,0.6259,7.758,walk
12.5597,4256,1.2584,1.2545,-0.0987,0.6259,7.744,walk
12.5703,4257,1.2619,1.258,-0.0983,0.6146,7.988,walk
12.5712,4258,1.2594,1.2555,-0.0978,0.6146,7.946,walk
12.5754,4259,1.2607,1.2569,-0.0977,0.6295,8.032,walk
12.5765,4260,1.2614,1.2576,-0.0975,0.6176,8.086,walk
12.5786,4261,1.2595,1.2558,-0.0971,0.6176,8.058,walk
12.5836,4262,1.2597,1.2559,-0.0967,0.6485,8.084,walk
12.5843,4263,1.2584,1.2547,-0.0965,0.6485,8.054,walk
12.5879,4264,1.2604,1.2567,-0.0964,0.6323,8.102,walk
12.5885,4265,1.2584,1.2548,-0.096,0.6323,8.081,walk
12.5916,4266,1.2593,1.2557,-0.0958,0.6729,8.061,walk
12.5948,4267,1.2608,1.2572,-0.0956,0.6761,8.071,walk
12.5965,4268,1.2589,1.2553,-0.0953,0.6761,8.024,walk
12.5993,4269,1.2602,1.2566,-0.0953,0.6355,8.119,walk
12.6041,4270,1.261,1.2574,-0.0951,0.6531,8.141,walk
12.6063,4271,1.2611,1.2575,-0.0948,0.6452,8.156,walk
12.6083,4272,1.2591,1.2556,-0.0944,0.6452,8.131,walk
12.6129,4273,1.2611,1.2576,-0.0944,0.6451,8.129,walk
12.6157,4274,1.2605,1.257,-0.0939,0.6405,8.103,walk
12.6183,4275,1.2612,1.2577,-0.0937,0.6485,8.037,walk
12.6208,4276,1.2592,1.2557,-0.0934,0.6485,8.009,walk
12.6254,4277,1.2599,1.2564,-0.0932,0.6552,7.976,walk
12.6259,4278,1.2585,1.2551,-0.093,0.6552,7.962,walk
12.6296,4279,1.2586,1.2552,-0.0927,0.6659,7.935,walk
12.6322,4280,1.2601,1.2566,-0.0926,0.6768,7.946,walk
12.634,4281,1.2587,1.2553,-0.0924,0.6768,7.904,walk
12.6371,4282,1.2588,1.2555,-0.0921,0.6902,7.876,walk
12.6404,4283,1.2616,1.2583,-0.0922,0.8381,8.077,walk
12.6417,4284,1.2596,1.2562,-0.0919,0.8381,8.045,walk
12.6452,4285,1.2611,1.2577,-0.0921,0.707,8.133,walk
12.6476,4286,1.2612,1.2579,-0.0921,0.7158,8.189,walk
12.6496,4287,1.2598,1.2565,-0.092,0.7158,8.149,walk
12.6526,4288,1.2608,1.2574,-0.0921,0.7039,8.223,walk
12.6546,4289,1.2595,1.2561,-0.0921,0.7039,8.205,walk
12.6581,4290,1.2599,1.2566,-0.0922,0.7245,8.253,walk
12.6609,4291,1.2615,1.2581,-0.0922,0.7054,8.316,walk
12.6644,4292,1.2596,1.2562,-0.0922,0.7054,8.293,walk
12.6678,4293,1.2605,1.2571,-0.0922,0.6804,8.319,walk
12.6696,4294,1.2619,1.2585,-0.0923,0.6865,8.329,walk
12.6714,4295,1.2597,1.2563,-0.0921,0.6865,8.311,walk
12.6753,4296,1.2625,1.2592,-0.0922,0.7014,8.326,walk
12.6758,4297,1.2594,1.256,-0.092,0.7014,8.306,walk
12.6792,4298,1.2592,1.2558,-0.0918,0.7037,8.29,walk
12.6831,4299,1.2589,1.2556,-0.0917,0.7027,8.271,walk
12.6879,4300,1.2597,1.2563,-0.0917,0.7312,8.287,walk
12.6914,4301,1.2599,1.2565,-0.0917,0.7476,8.331,walk
12.6922,4302,1.2585,1.2552,-0.0916,0.7476,8.304,walk
12.696,4303,1.2602,1.2569,-0.0917,0.722,8.375,walk
12.6967,4304,1.2589,1.2556,-0.0917,0.722,8.331,walk
12.7004,4305,1.261,1.2577,-0.0919,0.6669,8.35,walk
12.7035,4306,1.2607,1.2574,-0.092,0.7193,8.304,walk
12.7078,4307,1.261,1.2576,-0.0923,0.7315,8.302,walk
12.7128,4308,1.2597,1.2563,-0.0927,0.759,8.315,walk
12.7197,4309,1.2614,1.2579,-0.093,0.7532,8.408,walk
12.7235,4310,1.2633,1.2598,-0.0937,0.7714,8.526,walk
12.724,4311,1.2612,1.2577,-0.0939,0.7714,8.494,walk
12.7268,4312,1.2622,1.2587,-0.0942,0.759,8.541,walk
12.73,4313,1.2601,1.2565,-0.0944,0.759,8.508,walk
12.7337,4314,1.2611,1.2575,-0.0948,0.7511,8.573,walk
12.7363,4315,1.2626,1.259,-0.0952,0.8788,8.736,walk
12.7381,4316,1.2605,1.2569,-0.0954,0.8788,8.703,walk
12.7418,4317,1.2624,1.2588,-0.0958,0.8049,8.803,walk
12.7427,4318,1.261,1.2574,-0.0959,0.8049,8.752,walk
12.7452,4319,1.2643,1.2607,-0.0962,0.7984,8.913,walk
12.7487,4320,1.2641,1.2604,-0.0967,0.7825,8.98,walk
12.7502,4321,1.262,1.2583,-0.0968,0.7825,8.945,walk
12.7543,4322,1.2626,1.2588,-0.0973,0.8074,9.008,walk
12.7571,4323,1.2646,1.2608,-0.0977,0.8167,9.131,walk
12.7607,4324,1.2658,1.262,-0.0982,0.8129,9.23,walk
12.7628,4325,1.2645,1.2606,-0.0983,0.8129,9.212,walk
12.7668,4326,1.2664,1.2625,-0.0988,0.8037,9.305,walk
12.7689,4327,1.2663,1.2624,-0.0994,0.8084,9.388,walk
12.7727,4328,1.2681,1.2641,-0.0999,0.9255,9.568,walk
12.7756,4329,1.2653,1.2613,-0.1002,0.9255,9.467,walk
12.7791,4330,1.268,1.264,-0.1006,0.8287,9.629,walk
12.78,4331,1.266,1.2619,-0.1008,0.8287,9.546,walk
12.7826,4332,1.2677,1.2636,-0.1012,0.9102,9.798,walk
12.7841,4333,1.2663,1.2622,-0.1013,0.9102,9.733,walk
12.7874,4334,1.2676,1.2635,-0.1019,0.8198,9.862,walk
12.7902,4335,1.2696,1.2654,-0.1024,0.8103,10.0,walk
12.7923,4336,1.2675,1.2633,-0.1026,0.8103,9.909,walk
12.7943,4337,1.2694,1.2652,-0.103,0.8032,10.087,walk
12.7965,4338,1.268,1.2638,-0.1031,0.8032,10.017,walk
12.7996,4339,1.2698,1.2656,-0.1037,0.7755,10.158,walk
12.8022,4340,1.2709,1.2667,-0.1043,0.7774,10.208,walk
12.8036,4341,1.2695,1.2652,-0.1043,0.7774,10.184,walk
12.8077,4342,1.2701,1.2657,-0.105,0.8096,10.214,walk
12.8113,4343,1.272,1.2676,-0.1055,0.8029,10.352,walk
12.8136,4344,1.2692,1.2648,-0.1057,0.8029,10.254,walk
12.8171,4345,1.2699,1.2654,-0.1063,0.8397,10.291,walk
12.8205,4346,1.2712,1.2667,-0.1069,0.8254,10.405,walk
12.8234,4347,1.2733,1.2688,-0.1075,0.8631,10.537,walk
12.8259,4348,1.2712,1.2667,-0.1076,0.8631,10.489,walk
12.8287,4349,1.2741,1.2695,-0.1081,0.8634,10.664,walk
12.8316,4350,1.2748,1.2702,-0.1087,0.8572,10.794,walk
12.8336,4351,1.2727,1.268,-0.1088,0.8572,10.7,walk
12.8374,4352,1.2749,1.2703,-0.1093,0.8964,10.908,walk
12.8401,4353,1.2756,1.2709,-0.1098,0.8592,11.003,walk
12.8415,4354,1.2742,1.2695,-0.1098,0.8592,10.98,walk
12.8458,4355,1.2749,1.2701,-0.1103,0.8644,11.068,walk
12.848,4356,1.277,1.2722,-0.1108,0.8649,11.275,walk
12.8514,4357,1.2785,1.2736,-0.1113,0.8777,11.371,walk
12.8534,4358,1.2763,1.2714,-0.1113,0.8777,11.307,walk
12.8563,4359,1.2784,1.2735,-0.1117,0.857,11.445,walk
12.858,4360,1.2769,1.272,-0.1117,0.857,11.424,walk
12.8624,4361,1.2783,1.2733,-0.1122,0.863,11.492,walk
12.8686,4362,1.2788,1.2738,-0.1126,0.8452,11.57,walk
12.8714,4363,1.2777,1.2727,-0.1129,0.8429,11.603,walk
12.8747,4364,1.2782,1.2732,-0.1133,0.8542,11.633,walk
12.8778,4365,1.2794,1.2744,-0.1138,0.8416,11.69,walk
12.8809,4366,1.2806,1.2755,-0.1142,0.8421,11.733,walk
12.8832,4367,1.2782,1.2731,-0.114,0.8421,11.659,walk
12.8874,4368,1.2801,1.275,-0.1144,0.8225,11.72,walk
12.8906,4369,1.2811,1.2759,-0.1147,0.8176,11.719,walk
12.8925,4370,1.2779,1.2728,-0.1145,0.8176,11.664,walk
12.8957,4371,1.2797,1.2746,-0.1148,0.83,11.67,walk
12.8968,4372,1.2781,1.2729,-0.1147,0.83,11.634,walk
12.9003,4373,1.2799,1.2748,-0.115,0.8399,11.644,walk
12.9009,4374,1.2775,1.2723,-0.1148,0.8399,11.591,walk
12.9035,4375,1.2808,1.2756,-0.1153,0.8131,11.639,walk
12.9067,4376,1.2808,1.2756,-0.1154,0.8078,11.605,walk
12.9088,4377,1.2784,1.2732,-0.1151,0.8078,11.57,walk
12.9126,4378,1.2808,1.2756,-0.1154,0.8028,11.584,walk
12.9136,4379,1.2775,1.2723,-0.115,0.8028,11.516,walk
12.9181,4380,1.2808,1.2756,-0.1156,0.7936,11.44,walk
12.9205,4381,1.2799,1.2747,-0.1154,0.7936,11.423,walk
12.9233,4382,1.2798,1.2746,-0.1154,0.8092,11.352,walk
12.9272,4383,1.2797,1.2745,-0.1153,0.8099,11.286,walk
12.93,4384,1.2771,1.272,-0.1149,0.8099,11.255,walk
12.9337,4385,1.2778,1.2726,-0.115,0.7897,11.218,walk
12.9372,4386,1.2783,1.2731,-0.115,0.7821,11.192,walk
12.9409,4387,1.278,1.2729,-0.1148,0.7898,11.167,walk
12.9413,4388,1.2765,1.2713,-0.1146,0.7898,11.123,walk
12.9449,4389,1.2782,1.273,-0.1149,0.7705,11.133,walk
12.9457,4390,1.2769,1.2717,-0.1148,0.7705,11.078,walk
12.948,4391,1.2789,1.2737,-0.1151,0.8049,11.042,walk
12.9506,4392,1.2768,1.2716,-0.1149,0.8049,10.955,walk
12.9537,4393,1.2784,1.2732,-0.1152,0.763,10.977,walk
12.9566,4394,1.2792,1.274,-0.1153,0.7461,10.957,walk
12.9581,4395,1.2785,1.2733,-0.1152,0.7461,10.933,walk
12.9602,4396,1.2798,1.2746,-0.1155,0.8805,11.003,walk
12.9626,4397,1.2777,1.2725,-0.1152,0.8805,10.932,walk
12.9663,4398,1.2792,1.274,-0.1155,0.7459,10.959,walk
12.9724,4399,1.2783,1.2731,-0.1155,0.7367,10.961,walk
12.9745,4400,1.2788,1.2735,-0.1157,0.7244,10.994,walk
12.9775,4401,1.2775,1.2723,-0.1155,0.7235,11.044,walk
12.98,4402,1.2759,1.2707,-0.1153,0.7235,10.983,walk
12.984,4403,1.2771,1.2718,-0.1157,0.7152,11.046,walk
12.9882,4404,1.2743,1.269,-0.1154,0.7159,11.03,walk
12.991,4405,1.2763,1.271,-0.1158,0.6855,11.146,walk
12.9941,4406,1.2768,1.2715,-0.1159,0.6884,11.259,walk
12.9955,4407,1.2744,1.2692,-0.1156,0.6884,11.197,walk
13.0,4408,1.2741,1.2688,-0.1156,0.6846,11.303,walk
13.0031,4409,1.2745,1.2692,-0.1157,0.6693,11.428,walk
13.005,4410,1.2722,1.2669,-0.1153,0.6693,11.373,walk
13.0079,4411,1.2741,1.2689,-0.1157,0.6627,11.506,walk
13.0114,4412,1.2745,1.2692,-0.1158,0.6505,11.654,walk
13.0144,4413,1.2741,1.2688,-0.1158,0.6491,11.765,walk
13.0173,4414,1.2733,1.2681,-0.1156,0.6491,11.753,walk
13.0192,4415,1.273,1.2677,-0.1156,0.6425,11.883,walk
13.0209,4416,1.2722,1.267,-0.1154,0.6425,11.883,walk
13.0238,4417,1.2726,1.2674,-0.1155,0.6374,11.996,walk
13.0268,4418,1.273,1.2678,-0.1156,0.6286,12.164,walk
13.0296,4419,1.2715,1.2663,-0.1152,0.6286,12.127,walk
13.0337,4420,1.2719,1.2666,-0.1153,0.6121,12.318,walk
13.037,4421,1.2707,1.2655,-0.1149,0.6006,12.467,walk
13.0377,4422,1.2693,1.2641,-0.1145,0.6006,12.442,walk
13.0415,4423,1.2704,1.2652,-0.1147,0.5979,12.612,walk
13.0422,4424,1.2682,1.2631,-0.1141,0.5979,12.586,walk
13.0443,4425,1.27,1.2648,-0.1144,0.5967,12.761,walk
13.0465,4426,1.2679,1.2628,-0.1138,0.5967,12.735,walk
13.0487,4427,1.269,1.2638,-0.1139,0.5992,12.903,walk
13.0508,4428,1.2676,1.2625,-0.1135,0.5992,12.875,walk
13.0545,4429,1.2686,1.2635,-0.1135,0.5752,13.076,walk
13.0549,4430,1.2672,1.2621,-0.1131,0.5752,13.035,walk
13.058,4431,1.2689,1.2638,-0.1133,0.5772,13.23,walk
13.0609,4432,1.2685,1.2635,-0.1129,0.5703,13.399,walk
13.0628,4433,1.2665,1.2615,-0.1122,0.5703,13.371,walk
13.0681,4434,1.2697,1.2647,-0.1124,0.547,13.774,walk
13.0709,4435,1.2664,1.2615,-0.1113,0.547,13.701,walk
13.0755,4436,1.2667,1.2618,-0.1109,0.561,13.908,walk
13.0788,4437,1.265,1.2602,-0.1098,0.5447,14.051,walk
13.0815,4438,1.2659,1.2612,-0.1095,0.5362,14.238,walk
13.0838,4439,1.264,1.2593,-0.1089,0.5362,14.207,walk
13.0877,4440,1.2644,1.2598,-0.1085,0.5783,14.375,walk
13.0907,4441,1.2648,1.2602,-0.1079,0.5421,14.594,walk
13.0917,4442,1.2635,1.2589,-0.1075,0.5421,14.544,walk
13.0955,4443,1.2644,1.2598,-0.107,0.5192,14.778,walk
13.0999,4444,1.2641,1.2596,-0.1062,0.5283,14.985,walk
13.1004,4445,1.2622,1.2578,-0.1055,0.5283,14.95,walk
13.1033,4446,1.2631,1.2588,-0.1051,0.5318,15.128,walk
13.1074,4447,1.2635,1.2592,-0.1044,0.5311,15.383,walk
13.1079,4448,1.2622,1.258,-0.1039,0.5311,15.329,walk
13.1111,4449,1.2618,1.2576,-0.103,0.4973,15.57,walk
13.1132,4450,1.2606,1.2564,-0.1025,0.4973,15.515,walk
13.1184,4451,1.2642,1.26,-0.1022,0.5108,16.029,walk
13.1212,4452,1.2611,1.257,-0.101,0.5108,15.934,walk
13.124,4453,1.2607,1.2568,-0.1,0.5066,16.132,walk
13.1267,4454,1.261,1.2571,-0.0993,0.5142,16.354,walk
13.1294,4455,1.261,1.2571,-0.0993,0.5142,16.354,walk
13.1338,4456,1.2595,1.2557,-0.0977,0.5152,16.491,walk
13.1361,4457,1.2598,1.256,-0.097,0.5068,16.659,walk
13.1377,4458,1.2585,1.2548,-0.0964,0.5068,16.639,walk
13.1403,4459,1.2594,1.2557,-0.0959,0.4977,16.843,walk
13.1423,4460,1.2575,1.2539,-0.0951,0.4977,16.8,walk
13.1451,4461,1.2578,1.2542,-0.0943,0.5014,16.962,walk
13.1481,4462,1.2591,1.2556,-0.0941,0.4798,17.169,walk
13.1499,4463,1.2567,1.2533,-0.093,0.4798,17.077,walk
13.1526,4464,1.2575,1.2541,-0.0923,0.4879,17.274,walk
13.1546,4465,1.2562,1.2529,-0.0918,0.4879,17.227,walk
13.1574,4466,1.2563,1.253,-0.0909,0.4629,17.338,walk
13.1624,4467,1.257,1.2538,-0.0903,0.4816,17.509,walk
13.1666,4468,1.2566,1.2534,-0.0891,0.4739,17.598,walk
13.1671,4469,1.2541,1.251,-0.088,0.4739,17.468,walk
13.1714,4470,1.2535,1.2505,-0.0868,0.447,17.574,walk
13.1748,4471,1.2536,1.2507,-0.0859,0.4821,17.716,walk
13.1772,4472,1.2543,1.2514,-0.0852,0.4536,17.829,walk
13.1801,4473,1.2518,1.249,-0.0841,0.4536,17.744,walk
13.1842,4474,1.2524,1.2497,-0.0835,0.4582,17.855,walk
13.1853,4475,1.2524,1.2497,-0.0826,0.4474,18.024,walk
13.188,4476,1.2512,1.2485,-0.0821,0.4474,17.934,walk
13.1915,4477,1.2506,1.248,-0.0809,0.4691,18.026,walk
13.194,4478,1.2512,1.2486,-0.0802,0.4555,18.144,walk
13.1964,4479,1.2494,1.2468,-0.0794,0.4555,18.081,walk
13.1999,4480,1.2506,1.2481,-0.0789,0.4588,18.239,walk
13.2037,4481,1.2499,1.2475,-0.0777,0.4426,18.306,walk
13.204,4482,1.2487,1.2463,-0.0772,0.4426,18.21,walk
13.2076,4483,1.2487,1.2464,-0.0762,0.4662,18.354,walk
13.2084,4484,1.2474,1.2451,-0.0757,0.4662,18.258,walk
13.2107,4485,1.2479,1.2457,-0.0749,0.437,18.382,walk
13.2127,4486,1.2467,1.2445,-0.0744,0.437,18.351,walk
13.217,4487,1.246,1.2438,-0.0732,0.4428,18.402,walk
13.2197,4488,1.2459,1.2439,-0.0722,0.4562,18.486,walk
13.2231,4489,1.2441,1.242,-0.0714,0.4562,18.392,walk
13.2254,4490,1.2445,1.2425,-0.0707,0.425,18.505,walk
13.228,4491,1.2444,1.2424,-0.0698,0.4278,18.626,walk
13.2311,4492,1.2443,1.2424,-0.0687,0.4541,18.74,walk
13.2343,4493,1.2418,1.24,-0.0677,0.4541,18.589,walk
13.2371,4494,1.2435,1.2417,-0.0675,0.4106,18.737,walk
13.2413,4495,1.2415,1.2398,-0.0658,0.4626,18.748,walk
13.2438,4496,1.2414,1.2397,-0.0649,0.4488,18.81,walk
13.2456,4497,1.2399,1.2382,-0.0646,0.4488,18.774,walk
13.2508,4498,1.2393,1.2376,-0.0641,0.4462,18.854,walk
13.254,4499,1.2379,1.2362,-0.0637,0.4438,18.9,walk
13.2565,4500,1.2365,1.2349,-0.0633,0.429,19.004,walk
13.2581,4501,1.2351,1.2334,-0.0632,0.429,18.984,walk
13.2619,4502,1.2362,1.2346,-0.0629,0.461,19.142,walk
13.2685,4503,1.2351,1.2335,-0.0623,0.443,19.26,walk
13.2707,4504,1.2328,1.2312,-0.0614,0.4641,19.325,walk
13.2732,4505,1.2332,1.2317,-0.0608,0.4413,19.517,walk
13.2756,4506,1.2312,1.2297,-0.0605,0.4413,19.457,walk
13.2797,4507,1.2309,1.2295,-0.0598,0.4452,19.644,walk
13.2808,4508,1.2286,1.2272,-0.0595,0.4452,19.592,walk
13.2858,4509,1.2306,1.2292,-0.0587,0.4467,19.941,walk
13.2901,4510,1.2279,1.2265,-0.0581,0.4645,20.061,walk
13.2918,4511,1.2258,1.2244,-0.0579,0.4645,19.968,walk
13.2957,4512,1.2264,1.225,-0.0573,0.45,20.16,walk
13.299,4513,1.2259,1.2246,-0.0567,0.474,20.261,walk
13.3008,4514,1.2242,1.2229,-0.0565,0.474,20.178,walk
13.3037,4515,1.2245,1.2232,-0.0558,0.4584,20.328,walk
13.3072,4516,1.2253,1.224,-0.0553,0.4714,20.492,walk
13.3091,4517,1.2229,1.2217,-0.055,0.4714,20.369,walk
13.312,4518,1.2236,1.2224,-0.0545,0.4779,20.496,walk
13.3151,4519,1.2242,1.223,-0.054,0.4729,20.701,walk
13.319,4520,1.223,1.2218,-0.0535,0.4832,20.766,walk
13.3218,4521,1.221,1.2199,-0.0534,0.4832,20.631,walk
13.3267,4522,1.2243,1.2231,-0.0524,0.5025,21.082,walk
13.3292,4523,1.2198,1.2187,-0.0524,0.5025,20.84,walk
13.3339,4524,1.2204,1.2193,-0.0519,0.4811,21.065,walk
13.3349,4525,1.2205,1.2194,-0.0514,0.498,21.163,walk
13.3371,4526,1.2192,1.2181,-0.0514,0.498,21.092,walk
13.34,4527,1.2192,1.2181,-0.0508,0.4988,21.228,walk
13.3414,4528,1.2179,1.2169,-0.0509,0.4988,21.156,walk
13.344,4529,1.2186,1.2176,-0.0504,0.4951,21.391,walk
13.3461,4530,1.2167,1.2157,-0.0504,0.4951,21.244,walk
13.3499,4531,1.2174,1.2164,-0.0499,0.5145,21.45,walk
13.3528,4532,1.2168,1.2158,-0.0494,0.4988,21.596,walk
13.3545,4533,1.2162,1.2152,-0.0494,0.4988,21.558,walk
13.3576,4534,1.2157,1.2147,-0.0489,0.5123,21.711,walk
13.3603,4535,1.2164,1.2154,-0.0483,0.5209,21.854,walk
13.363,4536,1.2157,1.2148,-0.0483,0.5209,21.816,walk
13.3675,4537,1.2152,1.2143,-0.0477,0.5454,21.952,walk
13.3688,4538,1.2147,1.2137,-0.0471,0.5165,22.052,walk
13.3711,4539,1.2127,1.2118,-0.0472,0.5165,21.897,walk
13.374,4540,1.2135,1.2126,-0.0466,0.5313,22.122,walk
13.3765,4541,1.2137,1.2128,-0.0461,0.5383,22.228,walk
13.379,4542,1.2124,1.2115,-0.0462,0.5383,22.188,walk
13.3821,4543,1.2131,1.2123,-0.0455,0.5286,22.386,walk
13.3867,4544,1.2114,1.2106,-0.045,0.5629,22.367,walk
13.3896,4545,1.2128,1.212,-0.0442,0.5445,22.61,walk
13.3916,4546,1.2102,1.2094,-0.0443,0.5445,22.487,walk
13.3945,4547,1.211,1.2103,-0.0436,0.5658,22.646,walk
13.3975,4548,1.2112,1.2105,-0.0428,0.5825,22.86,walk
13.4001,4549,1.2086,1.2079,-0.0429,0.5825,22.693,walk
13.4027,4550,1.2093,1.2086,-0.0422,0.5408,22.918,walk
13.4047,4551,1.208,1.2073,-0.0422,0.5408,22.791,walk
13.4075,4552,1.2089,1.2082,-0.0414,0.5828,23.017,walk
13.4133,4553,1.2084,1.2077,-0.041,0.7303,23.325,walk
13.4164,4554,1.208,1.2073,-0.0403,0.5774,23.418,walk
13.4174,4555,1.2066,1.2059,-0.0404,0.5774,23.375,walk
13.4206,4556,1.2075,1.2068,-0.0394,0.6062,23.524,walk
13.4235,4557,1.2077,1.2071,-0.0386,0.6036,23.724,walk
13.4258,4558,1.2057,1.2051,-0.0386,0.6036,23.55,walk
13.4312,4559,1.2088,1.2082,-0.0368,0.6066,24.032,walk
13.4339,4560,1.2047,1.2041,-0.037,0.6066,23.77,walk
13.4378,4561,1.2048,1.2042,-0.036,0.5908,23.862,walk
13.4405,4562,1.2049,1.2043,-0.035,0.6015,23.933,walk
13.4425,4563,1.2028,1.2022,-0.035,0.6015,23.847,walk
13.4462,4564,1.2021,1.2016,-0.034,0.5887,23.853,walk
13.4506,4565,1.2022,1.2017,-0.033,0.6044,23.944,walk
13.4516,4566,1.2037,1.2032,-0.032,0.6012,24.103,walk
13.4543,4567,1.2008,1.2003,-0.032,0.6012,23.933,walk
13.4583,4568,1.2014,1.201,-0.0309,0.5852,24.02,walk
13.459,4569,1.1999,1.1995,-0.0309,0.5852,23.978,walk
13.4618,4570,1.2013,1.2009,-0.0296,0.6079,24.022,walk
13.4673,4571,1.1996,1.1993,-0.0284,0.603,23.981,walk
13.4678,4572,1.1974,1.1971,-0.0284,0.603,23.898,walk
13.471,4573,1.1965,1.1962,-0.0273,0.5925,23.854,walk
13.4749,4574,1.1963,1.196,-0.026,0.6014,23.895,walk
13.4782,4575,1.197,1.1968,-0.0245,0.6913,23.939,walk
13.4815,4576,1.196,1.1958,-0.023,0.6214,23.872,walk
13.4869,4577,1.1944,1.1942,-0.0215,0.6868,23.614,walk
13.4896,4578,1.1934,1.1932,-0.0202,0.6145,23.567,walk
13.4943,4579,1.1932,1.1931,-0.0189,0.6362,23.585,walk
13.4958,4580,1.1908,1.1907,-0.0188,0.6362,23.506,walk
13.4979,4581,1.1914,1.1913,-0.0177,0.6127,23.581,walk
13.5006,4582,1.189,1.1889,-0.0176,0.6127,23.504,walk
13.504,4583,1.1903,1.1902,-0.0162,0.6373,23.532,walk
13.5046,4584,1.1879,1.1878,-0.0161,0.6373,23.456,walk
13.5078,4585,1.1893,1.1892,-0.0148,0.6269,23.501,walk
13.5105,4586,1.1882,1.1881,-0.0132,0.6445,23.512,walk
13.5133,4587,1.1857,1.1856,-0.0132,0.6445,23.365,walk
13.5173,4588,1.1837,1.1836,-0.0115,0.6555,23.28,walk
13.5208,4589,1.1842,1.1842,-0.0099,0.6556,23.335,walk
13.5257,4590,1.184,1.184,-0.0077,0.7523,23.294,walk
13.5279,4591,1.1828,1.1828,-0.0058,0.6806,23.229,walk
13.5301,4592,1.1802,1.1802,-0.0056,0.6806,23.16,walk
13.5343,4593,1.1814,1.1814,-0.0041,0.6165,23.136,walk
13.5352,4594,1.179,1.179,-0.0026,0.5556,22.779,walk
13.5374,4595,1.1782,1.1782,-0.0026,0.5556,22.712,walk
13.5401,4596,1.1786,1.1786,-0.0007,0.681,22.635,walk
13.5418,4597,1.176,1.176,-0.0005,0.681,22.537,walk
13.5445,4598,1.1762,1.1762,0.0017,0.8132,22.501,walk
13.5464,4599,1.1748,1.1748,0.0016,0.8132,22.392,walk
13.5505,4600,1.175,1.175,0.0034,0.717,22.385,walk
13.551,4601,1.1736,1.1736,0.0034,0.717,22.268,walk
13.5535,4602,1.1762,1.1762,0.0051,0.7438,22.356,walk
13.5563,4603,1.1759,1.1759,0.0071,0.7526,22.228,walk
13.558,4604,1.1739,1.1738,0.0071,0.7526,22.149,walk
13.5616,4605,1.175,1.175,0.0091,0.7696,22.102,walk
13.5625,4606,1.1736,1.1735,0.0091,0.7696,22.062,walk
13.5655,4607,1.1752,1.1752,0.011,0.7395,22.075,walk
13.5674,4608,1.1721,1.1721,0.011,0.7395,21.919,walk
13.5708,4609,1.1721,1.1721,0.0131,0.7663,21.815,walk
13.5749,4610,1.1729,1.1728,0.0152,0.7549,21.811,walk
13.5755,4611,1.1704,1.1703,0.0152,0.7549,21.702,walk
13.5781,4612,1.1712,1.171,0.0174,0.7898,21.632,walk
13.5822,4613,1.171,1.1709,0.0196,0.7687,21.564,walk
13.5841,4614,1.1677,1.1676,0.0196,0.7687,21.433,walk
13.5873,4615,1.1685,1.1683,0.0219,0.7843,21.371,walk
13.589,4616,1.1692,1.169,0.0243,0.7961,21.32,walk
13.5913,4617,1.1669,1.1667,0.0244,0.7961,21.206,walk
13.5942,4618,1.1678,1.1675,0.0268,0.7903,21.198,walk
13.5957,4619,1.1664,1.1661,0.0269,0.7903,21.119,walk
13.6001,4620,1.1649,1.1646,0.0296,0.8026,20.978,walk
13.6026,4621,1.1657,1.1653,0.0323,0.8197,20.949,walk
13.6042,4622,1.1642,1.1637,0.0324,0.8197,20.875,walk
13.6076,4623,1.1641,1.1636,0.0352,0.8202,20.809,walk
13.611,4624,1.1649,1.1643,0.0381,0.863,20.76,walk
13.613,4625,1.1618,1.1612,0.0384,0.863,20.688,walk
13.6165,4626,1.1619,1.1612,0.0412,0.8276,20.57,walk
13.6196,4627,1.1628,1.1619,0.0439,0.8249,20.561,walk
13.6216,4628,1.1605,1.1596,0.0441,0.8249,20.515,walk
13.6247,4629,1.1606,1.1596,0.0469,0.814,20.448,walk
13.6299,4630,1.1613,1.1603,0.0496,0.7975,20.525,walk
13.6317,4631,1.1607,1.1595,0.0526,0.8232,20.511,walk
13.6337,4632,1.1585,1.1573,0.0528,0.8232,20.467,walk
13.6368,4633,1.1586,1.1572,0.0558,0.835,20.496,walk
13.641,4634,1.1569,1.1554,0.0592,0.8391,20.325,walk
13.645,4635,1.1578,1.1561,0.0622,0.847,20.41,walk
13.6455,4636,1.1564,1.1547,0.0624,0.847,20.344,walk
13.6501,4637,1.1572,1.1554,0.0652,0.8205,20.443,walk
13.6534,4638,1.1559,1.1539,0.0685,0.8259,20.509,walk
13.6546,4639,1.1546,1.1525,0.0687,0.8259,20.463,walk
13.6579,4640,1.1555,1.1532,0.0716,0.8426,20.565,walk
13.6611,4641,1.1549,1.1525,0.0748,0.8248,20.639,walk
13.6626,4642,1.1536,1.1511,0.075,0.8248,20.569,walk
13.6679,4643,1.1538,1.1512,0.0781,0.8365,20.711,walk
13.6709,4644,1.1534,1.1505,0.0813,0.8372,20.785,walk
13.6747,4645,1.1542,1.1512,0.0842,0.8261,20.917,walk
13.6755,4646,1.1516,1.1485,0.0847,0.8261,20.843,walk
13.6797,4647,1.1512,1.1479,0.0879,0.8391,20.917,walk
13.6829,4648,1.1515,1.1478,0.091,0.8251,20.985,walk
13.6863,4649,1.1509,1.1471,0.0943,0.8109,21.086,walk
13.6902,4650,1.1529,1.1488,0.0969,0.8362,21.273,walk
13.6925,4651,1.151,1.1468,0.0974,0.8362,21.22,walk
13.6953,4652,1.1506,1.1462,0.1006,0.8106,21.217,walk
13.6985,4653,1.1508,1.1461,0.1037,0.8012,21.292,walk
13.7005,4654,1.1489,1.1441,0.1041,0.8012,21.179,walk
13.7034,4655,1.1493,1.1443,0.1072,0.8254,21.236,walk
13.7063,4656,1.1502,1.1449,0.1102,0.7979,21.309,walk
13.7078,4657,1.1489,1.1436,0.1105,0.7979,21.28,walk
13.7112,4658,1.1493,1.1437,0.1137,0.8341,21.322,walk
13.713,4659,1.1481,1.1424,0.114,0.8341,21.292,walk
13.717,4660,1.1489,1.1429,0.1169,0.7773,21.378,walk
13.7198,4661,1.1479,1.1416,0.1203,0.7735,21.394,walk
13.7216,4662,1.1467,1.1404,0.1206,0.7735,21.334,walk
13.7249,4663,1.147,1.1403,0.1236,0.7637,21.418,walk
13.7294,4664,1.1473,1.1403,0.1268,0.8093,21.506,walk
13.7355,4665,1.1467,1.1389,0.1334,0.7714,21.567,walk
13.7383,4666,1.1449,1.137,0.1339,0.7714,21.505,walk
13.7418,4667,1.1451,1.1369,0.1368,0.7215,21.532,walk
13.7455,4668,1.1459,1.1373,0.1396,0.7122,21.649,walk
13.7501,4669,1.1455,1.1365,0.1432,0.8279,21.641,walk
13.7506,4670,1.1437,1.1346,0.1437,0.8279,21.511,walk
13.7535,4671,1.145,1.1356,0.1465,0.7522,21.621,walk
13.757,4672,1.1445,1.1347,0.1497,0.7059,21.635,walk
13.7584,4673,1.1428,1.1328,0.1502,0.7059,21.568,walk
13.7621,4674,1.1435,1.1332,0.153,0.7098,21.596,walk
13.763,4675,1.1417,1.1313,0.1535,0.7098,21.492,walk
13.7676,4676,1.1424,1.1316,0.1564,0.7061,21.596,walk
13.7704,4677,1.1418,1.1307,0.1595,0.6803,21.603,walk
13.775,4678,1.142,1.1304,0.1623,0.6723,21.626,walk
13.7755,4679,1.1402,1.1285,0.1628,0.6723,21.554,walk
13.7787,4680,1.142,1.1299,0.1654,0.7163,21.689,walk
13.7814,4681,1.1408,1.1283,0.1687,0.6795,21.642,walk
13.7899,4682,1.1403,1.1268,0.1745,0.6616,21.629,walk
13.793,4683,1.1379,1.1243,0.1752,0.6616,21.518,walk
13.7962,4684,1.1378,1.1238,0.1781,0.6571,21.516,walk
13.7995,4685,1.1371,1.1227,0.181,0.6331,21.526,walk
13.8042,4686,1.1365,1.1215,0.1838,0.6401,21.566,walk
13.8063,4687,1.1359,1.1205,0.1867,0.6439,21.552,walk
13.8083,4688,1.1347,1.1192,0.187,0.6439,21.446,walk
13.8111,4689,1.1353,1.1193,0.1895,0.6181,21.509,walk
13.813,4690,1.1335,1.1174,0.1899,0.6181,21.405,walk
13.8169,4691,1.1335,1.117,0.1925,0.6298,21.475,walk
13.8209,4692,1.134,1.1171,0.1949,0.6103,21.532,walk
13.8214,4693,1.1322,1.1152,0.1954,0.6103,21.465,walk
13.8245,4694,1.1328,1.1154,0.1977,0.6109,21.507,walk
13.8294,4695,1.1327,1.1149,0.1999,0.539,21.551,walk
13.8342,4696,1.1321,1.1138,0.2025,0.6162,21.479,walk
13.8374,4697,1.1309,1.1121,0.2052,0.5974,21.44,walk
13.8383,4698,1.1291,1.1102,0.2056,0.5974,21.31,walk
13.841,4699,1.1291,1.1097,0.2081,0.6263,21.327,walk
13.8457,4700,1.1303,1.1106,0.2104,0.6349,21.377,walk
13.8461,4701,1.1285,1.1086,0.2106,0.6349,21.226,walk
13.8503,4702,1.1275,1.1074,0.2122,0.6535,21.327,walk
13.8533,4703,1.127,1.1066,0.2137,0.6166,21.341,walk
13.8545,4704,1.1254,1.105,0.2133,0.6166,21.315,walk
13.8575,4705,1.125,1.1043,0.2147,0.6065,21.324,walk
13.8618,4706,1.1246,1.1036,0.2163,0.6194,21.371,walk
13.8645,4707,1.1241,1.1028,0.2179,0.5967,21.42,walk
13.8663,4708,1.122,1.1007,0.2176,0.5967,21.346,walk
13.8708,4709,1.1211,1.0995,0.2194,0.6115,21.376,walk
13.8732,4710,1.1216,1.0996,0.2213,0.5861,21.444,walk
13.8773,4711,1.1235,1.1011,0.2232,0.5893,21.542,walk
13.88,4712,1.1188,1.0963,0.2229,0.5893,21.385,walk
13.882,4713,1.1189,1.0962,0.2245,0.563,21.499,walk
13.8856,4714,1.1182,1.0951,0.2257,0.5667,21.53,walk
13.8872,4715,1.1157,1.0927,0.225,0.5667,21.462,walk
13.89,4716,1.1152,1.092,0.2264,0.5702,21.485,walk
13.892,4717,1.1139,1.0907,0.2261,0.5702,21.408,walk
13.8954,4718,1.1144,1.0908,0.2277,0.5625,21.477,walk
13.8964,4719,1.1132,1.0897,0.2276,0.5625,21.394,walk
13.9006,4720,1.1127,1.0888,0.2291,0.5552,21.405,walk
13.9035,4721,1.1129,1.0887,0.2307,0.5538,21.456,walk
13.906,4722,1.1136,1.0891,0.2324,0.5563,21.495,walk
13.9081,4723,1.112,1.0875,0.2322,0.5563,21.434,walk
13.912,4724,1.1115,1.0866,0.2337,0.5688,21.404,walk
13.9169,4725,1.1109,1.0857,0.2352,0.5624,21.425,walk
13.9214,4726,1.1102,1.0848,0.2366,0.5782,21.463,walk
13.9227,4727,1.1109,1.0851,0.2381,0.5604,21.547,walk
13.9253,4728,1.109,1.0832,0.2376,0.5604,21.45,walk
13.929,4729,1.1095,1.0835,0.2391,0.5496,21.552,walk
13.9316,4730,1.1087,1.0824,0.2402,0.527,21.578,walk
13.9358,4731,1.1079,1.0813,0.2413,0.5327,21.617,walk
13.9394,4732,1.109,1.0821,0.2429,0.5314,21.74,walk
13.9416,4733,1.1065,1.0797,0.2422,0.5314,21.638,walk
13.9445,4734,1.1063,1.0792,0.2435,0.537,21.682,walk
13.9462,4735,1.1044,1.0774,0.243,0.537,21.613,walk
13.9494,4736,1.1061,1.0787,0.2446,0.5078,21.785,walk
13.9521,4737,1.1046,1.077,0.2454,0.5313,21.788,walk
13.9542,4738,1.1027,1.0752,0.2449,0.5313,21.647,walk
13.9579,4739,1.1025,1.0747,0.246,0.5273,21.758,walk
13.9603,4740,1.1029,1.0748,0.2474,0.5306,21.822,walk
13.9619,4741,1.101,1.073,0.2468,0.5306,21.75,walk
13.9663,4742,1.1014,1.0731,0.2481,0.5228,21.844,walk
13.9674,4743,1.0995,1.0713,0.2475,0.5228,21.771,walk
13.9709,4744,1.1006,1.0721,0.2491,0.5416,21.917,walk
13.9716,4745,1.0987,1.0702,0.2485,0.5416,21.77,walk
13.9747,4746,1.0991,1.0703,0.2498,0.5282,21.936,walk
13.9782,4747,1.0989,1.0699,0.2509,0.5298,22.003,walk
13.981,4748,1.0993,1.07,0.2522,0.5262,22.165,walk
13.9843,4749,1.0954,1.0663,0.251,0.5262,21.938,walk
13.9877,4750,1.0959,1.0664,0.2523,0.5351,22.019,walk
13.992,4751,1.0956,1.0659,0.2534,0.5348,22.148,walk
13.995,4752,1.0947,1.0648,0.2543,0.533,22.141,walk
14.0002,4753,1.0918,1.0617,0.2546,0.539,22.124,walk
14.0028,4754,1.0929,1.0625,0.2561,0.5309,22.302,walk
14.0049,4755,1.0909,1.0606,0.2555,0.5309,22.142,walk
14.0077,4756,1.0913,1.0607,0.2569,0.539,22.289,walk
14.0119,4757,1.0911,1.0602,0.258,0.5464,22.336,walk
14.0129,4758,1.0891,1.0583,0.2574,0.5464,22.255,walk
14.0167,4759,1.0881,1.057,0.2583,0.5393,22.311,walk
14.0212,4760,1.0885,1.0571,0.2597,0.5476,22.421,walk
14.0217,4761,1.0865,1.0551,0.2591,0.5476,22.339,walk
14.0248,4762,1.0862,1.0546,0.2603,0.5584,22.389,walk
14.0291,4763,1.086,1.054,0.2614,0.5348,22.477,walk
14.0297,4764,1.0846,1.0527,0.261,0.5348,22.353,walk
14.033,4765,1.0843,1.0522,0.2622,0.5617,22.462,walk
14.0377,4766,1.0833,1.0509,0.2631,0.5481,22.434,walk
14.0403,4767,1.0823,1.0496,0.2641,0.5579,22.458,walk
14.0439,4768,1.0821,1.0491,0.2653,0.5658,22.566,walk
14.0461,4769,1.0814,1.0484,0.2651,0.5658,22.525,walk
14.0504,4770,1.0788,1.0456,0.2657,0.558,22.467,walk
14.0548,4771,1.0793,1.0457,0.2671,0.5742,22.551,walk
14.0566,4772,1.079,1.0451,0.2683,0.5656,22.637,walk
14.0582,4773,1.0767,1.0429,0.2677,0.5656,22.518,walk
14.0622,4774,1.0757,1.0416,0.2687,0.5767,22.526,walk
14.067,4775,1.0761,1.0416,0.2702,0.5818,22.629,walk
14.0677,4776,1.0738,1.0394,0.2696,0.5818,22.512,walk
14.0714,4777,1.0742,1.0395,0.271,0.5854,22.622,walk
14.0749,4778,1.0722,1.0372,0.2718,0.5747,22.622,walk
14.0796,4779,1.0702,1.0349,0.2727,0.5919,22.606,walk
14.0838,4780,1.069,1.0333,0.2738,0.5817,22.642,walk
14.0877,4781,1.0694,1.0333,0.2753,0.6017,22.773,walk
14.0909,4782,1.069,1.0326,0.2765,0.601,22.823,walk
14.0913,4783,1.0665,1.0302,0.2759,0.601,22.748,walk
14.096,4784,1.0651,1.0285,0.277,0.5897,22.733,walk
14.0994,4785,1.0638,1.0268,0.2782,0.6149,22.762,walk
14.1024,4786,1.0641,1.0267,0.2796,0.5884,22.91,walk
14.1044,4787,1.0615,1.0242,0.279,0.5884,22.764,walk
14.1085,4788,1.0619,1.0241,0.2805,0.6113,22.845,walk
14.1092,4789,1.0593,1.0216,0.2799,0.6113,22.773,walk
14.1118,4790,1.0596,1.0215,0.2815,0.61,22.834,walk
14.1152,4791,1.0599,1.0214,0.283,0.615,22.974,walk
14.1222,4792,1.0567,1.0179,0.2838,0.6259,22.949,walk
14.1263,4793,1.0552,1.016,0.2849,0.6107,22.934,walk
14.1276,4794,1.0537,1.0141,0.2862,0.63,22.96,walk
14.1312,4795,1.055,1.0149,0.288,0.6297,23.105,walk
14.1351,4796,1.0516,1.0112,0.2889,0.6329,23.053,walk
14.1379,4797,1.0489,1.0085,0.2883,0.6329,22.95,walk
14.1412,4798,1.0501,1.0093,0.2902,0.6505,23.077,walk
14.1449,4799,1.0492,1.0079,0.2915,0.657,23.091,walk
14.1508,4800,1.0472,1.0056,0.2922,0.6517,23.043,walk
14.1527,4801,1.0474,1.0054,0.2938,0.6606,23.086,walk
14.1545,4802,1.0454,1.0034,0.2932,0.6606,23.003,walk
14.1583,4803,1.0461,1.0037,0.295,0.653,23.084,walk
14.1589,4804,1.0447,1.0023,0.2946,0.653,23.042,walk
14.1619,4805,1.0448,1.002,0.2961,0.6489,23.054,walk
14.1658,4806,1.0455,1.0022,0.2978,0.67,23.197,walk
14.1665,4807,1.0431,0.9999,0.2971,0.67,23.03,walk
14.17,4808,1.0421,0.9985,0.2984,0.6766,23.05,walk
14.1734,4809,1.0418,0.9977,0.2998,0.6681,23.144,walk
14.1754,4810,1.04,0.996,0.2993,0.6681,23.027,walk
14.179,4811,1.0415,0.997,0.3013,0.6883,23.105,walk
14.1828,4812,1.0395,0.9946,0.3023,0.6675,23.107,walk
14.1859,4813,1.0384,0.993,0.3036,0.6801,23.161,walk
14.1896,4814,1.0382,0.9923,0.3052,0.6896,23.219,walk
14.192,4815,1.0366,0.9908,0.3048,0.6896,23.187,walk
14.1955,4816,1.0358,0.9895,0.3063,0.6664,23.195,walk
14.1962,4817,1.0342,0.9879,0.3059,0.6664,23.165,walk
14.2006,4818,1.0357,0.9888,0.308,0.6835,23.341,walk
14.2017,4819,1.0355,0.9881,0.3098,0.6969,23.429,walk
14.2043,4820,1.0323,0.9849,0.3091,0.6969,23.311,walk
14.2082,4821,1.033,0.985,0.311,0.6984,23.483,walk
14.2087,4822,1.0314,0.9834,0.3107,0.6984,23.454,walk
14.2118,4823,1.0312,0.9828,0.3124,0.6766,23.537,walk
14.215,4824,1.0312,0.9821,0.3142,0.6881,23.706,walk
14.2168,4825,1.0296,0.9805,0.314,0.6881,23.621,walk
14.2209,4826,1.0303,0.9807,0.3159,0.6887,23.832,walk
14.2244,4827,1.028,0.9778,0.3174,0.7155,23.91,walk
14.2272,4828,1.0289,0.978,0.3194,0.7145,24.112,walk
14.2318,4829,1.0304,0.9789,0.3216,0.6872,24.347,walk
14.2381,4830,1.029,0.9769,0.3232,0.714,24.461,walk
14.2401,4831,1.0268,0.9741,0.3248,0.6996,24.515,walk
14.2421,4832,1.0237,0.971,0.3244,0.6996,24.401,walk
14.2451,4833,1.0246,0.9713,0.3264,0.6864,24.592,walk
14.2501,4834,1.0241,0.9701,0.3282,0.6962,24.671,walk
14.2521,4835,1.0243,0.9696,0.3302,0.7208,24.872,walk
14.2544,4836,1.0221,0.9674,0.3299,0.7208,24.753,walk
14.2574,4837,1.0231,0.9677,0.332,0.7189,24.989,walk
14.2603,4838,1.0235,0.9674,0.3341,0.7263,25.106,walk
14.2618,4839,1.022,0.9659,0.3339,0.7263,25.075,walk
14.2661,4840,1.023,0.9662,0.3361,0.7196,25.239,walk
14.2669,4841,1.0208,0.964,0.3358,0.7196,25.176,walk
14.2706,4842,1.0219,0.9644,0.338,0.7127,25.402,walk
14.2714,4843,1.0197,0.9621,0.3378,0.7127,25.273,walk
14.2752,4844,1.0193,0.961,0.3398,0.7145,25.401,walk
14.2791,4845,1.0191,0.96,0.3419,0.751,25.567,walk
14.2826,4846,1.0212,0.9614,0.3443,0.7678,25.834,walk
14.2858,4847,1.0203,0.9597,0.3464,0.7711,25.969,walk
14.288,4848,1.0196,0.959,0.3464,0.7711,25.934,walk
14.291,4849,1.0185,0.9571,0.3484,0.7082,26.051,walk
14.2943,4850,1.0205,0.9583,0.3507,0.7362,26.301,walk
14.296,4851,1.0176,0.9553,0.3506,0.7362,26.154,walk
14.2998,4852,1.0182,0.9551,0.3528,0.7522,26.366,walk
14.3016,4853,1.0195,0.9556,0.3552,0.7581,26.543,walk
14.3043,4854,1.0173,0.9533,0.3551,0.7581,26.467,walk
14.3078,4855,1.0186,0.9538,0.3575,0.7474,26.632,walk
14.3087,4856,1.0172,0.9523,0.3574,0.7474,26.555,walk
14.3124,4857,1.0171,0.9513,0.3597,0.7536,26.681,walk
14.315,4858,1.0185,0.9519,0.3621,0.7738,26.883,walk
14.3169,4859,1.0171,0.9504,0.362,0.7738,26.844,walk
14.3206,4860,1.0171,0.9495,0.3645,0.7904,26.945,walk
14.325,4861,1.0186,0.9502,0.367,0.8101,27.208,walk
14.3254,4862,1.0165,0.948,0.3669,0.8101,27.051,walk
14.3288,4863,1.0174,0.948,0.3695,0.8159,27.23,walk
14.3377,4864,1.0203,0.9488,0.3754,0.999,27.996,walk
14.3386,4865,1.0168,0.945,0.3753,0.999,27.794,walk
14.3411,4866,1.0185,0.9457,0.3779,0.828,28.036,walk
14.3458,4867,1.0195,0.9458,0.3806,0.8435,28.268,walk
14.3462,4868,1.0174,0.9435,0.3805,0.8435,28.101,walk
14.3499,4869,1.0191,0.9443,0.3832,0.8463,28.346,walk
14.3542,4870,1.0187,0.9428,0.3858,0.8423,28.423,walk
14.355,4871,1.0173,0.9413,0.3859,0.8423,28.292,walk
14.358,4872,1.0197,0.9428,0.3885,0.8271,28.529,walk
14.3603,4873,1.0207,0.9428,0.3911,0.826,28.686,walk
14.3623,4874,1.0186,0.9405,0.3911,0.826,28.505,walk
14.3669,4875,1.0195,0.9405,0.3937,0.8188,28.635,walk
14.3677,4876,1.0181,0.9389,0.3937,0.8188,28.495,walk
14.3699,4877,1.0198,0.9396,0.3963,0.8268,28.672,walk
14.372,4878,1.0184,0.9381,0.3964,0.8268,28.578,walk
14.3752,4879,1.0201,0.9388,0.3989,0.8199,28.642,walk
14.3765,4880,1.0217,0.9395,0.4015,0.8225,28.785,walk
14.379,4881,1.0196,0.9372,0.4016,0.8225,28.591,walk
14.3843,4882,1.0199,0.9364,0.4041,0.8239,28.535,walk
14.3883,4883,1.0215,0.9371,0.4066,0.7935,28.535,walk
14.3906,4884,1.0203,0.9347,0.4089,0.7954,28.359,walk
14.3936,4885,1.0225,0.9361,0.4114,0.7834,28.48,walk
14.3957,4886,1.0197,0.933,0.4113,0.7834,28.226,walk
14.3984,4887,1.0211,0.9336,0.4136,0.7706,28.253,walk
14.4001,4888,1.019,0.9313,0.4136,0.7706,28.051,walk
14.4042,4889,1.0205,0.9318,0.416,0.7783,28.084,walk
14.4058,4890,1.0221,0.9325,0.4185,0.8192,28.028,walk
14.4079,4891,1.0199,0.9302,0.4184,0.8192,27.93,walk
14.411,4892,1.0208,0.93,0.4208,0.8142,27.857,walk
14.4129,4893,1.0194,0.9285,0.4207,0.8142,27.809,walk
14.4162,4894,1.0203,0.9284,0.4232,0.8331,27.732,walk
14.4181,4895,1.0182,0.9261,0.423,0.8331,27.639,walk
14.4202,4896,1.0213,0.9284,0.4257,0.8502,27.756,walk
14.4224,4897,1.0216,0.9276,0.4281,0.8461,27.676,walk
14.4246,4898,1.0202,0.9261,0.428,0.8461,27.542,walk
14.4293,4899,1.0212,0.9261,0.4304,0.8458,27.556,walk
14.4301,4900,1.0198,0.9246,0.4302,0.8458,27.47,walk
14.4344,4901,1.0214,0.9253,0.4326,0.8308,27.441,walk
14.4383,4902,1.0203,0.923,0.4348,0.8425,27.323,walk
14.4411,4903,1.0226,0.9245,0.4372,0.8156,27.361,walk
14.4445,4904,1.022,0.9229,0.4392,0.821,27.228,walk
14.4463,4905,1.0199,0.9207,0.4388,0.821,27.039,walk
14.4504,4906,1.023,0.9229,0.4412,0.8151,27.1,walk
14.4531,4907,1.0218,0.9213,0.4417,0.798,26.986,walk
14.456,4908,1.0212,0.9204,0.4424,0.8034,26.915,walk
14.4576,4909,1.0195,0.9189,0.4416,0.8034,26.828,walk
14.4601,4910,1.0199,0.9187,0.4428,0.7985,26.891,walk
14.4623,4911,1.0182,0.9172,0.4421,0.7985,26.82,walk
14.4655,4912,1.0188,0.9171,0.4436,0.8032,26.856,walk
14.4674,4913,1.0172,0.9157,0.443,0.8032,26.793,walk
14.4721,4914,1.0207,0.9177,0.4468,0.7798,26.876,walk
14.4747,4915,1.0177,0.9148,0.4459,0.7798,26.813,walk
14.4789,4916,1.0183,0.9147,0.4475,0.7741,26.805,walk
14.4795,4917,1.0167,0.9132,0.447,0.7741,26.782,walk
14.4839,4918,1.0185,0.9141,0.4491,0.7317,26.68,walk
14.4911,4919,1.0167,0.9115,0.4506,0.7502,26.665,walk
14.4941,4920,1.017,0.9111,0.4517,0.7561,26.657,walk
14.4964,4921,1.0151,0.9093,0.4511,0.7561,26.596,walk
14.4992,4922,1.0167,0.9103,0.4529,0.7378,26.597,walk
14.5045,4923,1.0178,0.9107,0.4546,0.764,26.642,walk
14.5048,4924,1.016,0.9089,0.454,0.764,26.573,walk
14.5081,4925,1.0165,0.9087,0.4555,0.7512,26.526,walk
14.5109,4926,1.0178,0.9094,0.4571,0.6873,26.636,walk
14.5124,4927,1.0165,0.9081,0.4567,0.6873,26.526,walk
14.5172,4928,1.0178,0.9088,0.4583,0.7017,26.631,walk
14.518,4929,1.0158,0.9069,0.4576,0.7017,26.52,walk
14.5215,4930,1.0166,0.9071,0.4589,0.706,26.527,walk
14.5246,4931,1.0173,0.9072,0.4602,0.6953,26.563,walk
14.5288,4932,1.0183,0.9076,0.4619,0.788,26.747,walk
14.5293,4933,1.0163,0.9057,0.4611,0.788,26.595,walk
14.5344,4934,1.0169,0.9057,0.4623,0.6618,26.671,walk
14.5387,4935,1.0155,0.904,0.4627,0.6848,26.6,walk
14.5416,4936,1.0165,0.9044,0.4641,0.7634,26.607,walk
14.5448,4937,1.0173,0.9047,0.4654,0.7144,26.643,walk
14.5492,4938,1.0186,0.9054,0.4667,0.655,26.691,walk
14.55,4939,1.0159,0.903,0.4655,0.655,26.53,walk
14.5539,4940,1.0178,0.9042,0.4671,0.6319,26.617,walk
14.5548,4941,1.0158,0.9024,0.4663,0.6319,26.454,walk
14.5575,4942,1.0175,0.9036,0.4678,0.6179,26.491,walk
14.5609,4943,1.0171,0.9028,0.4684,0.5803,26.374,walk
14.5628,4944,1.0151,0.901,0.4676,0.5803,26.29,walk
14.5658,4945,1.016,0.9014,0.4687,0.5709,26.255,walk
14.5708,4946,1.0163,0.9012,0.4697,0.6033,26.18,walk
14.5712,4947,1.0136,0.8988,0.4685,0.6033,26.005,walk
14.5739,4948,1.0146,0.8994,0.4697,0.6067,25.937,walk
14.5759,4949,1.0133,0.8981,0.4691,0.6067,25.893,walk
14.5792,4950,1.0127,0.8973,0.4695,0.5415,25.674,walk
14.5832,4951,1.0135,0.8976,0.4706,0.5579,25.607,walk
14.5878,4952,1.0123,0.8961,0.4709,0.5658,25.397,walk
14.5909,4953,1.0118,0.8952,0.4716,0.6011,25.267,walk
14.5939,4954,1.0134,0.8962,0.4732,0.5914,25.287,walk
14.5965,4955,1.0107,0.8937,0.4719,0.5914,25.057,walk
14.5995,4956,1.0108,0.8934,0.4729,0.5842,25.005,walk
14.6048,4957,1.0096,0.8918,0.4733,0.6052,24.887,walk
14.6079,4958,1.0092,0.8908,0.4743,0.6626,24.812,walk
14.6106,4959,1.0101,0.8911,0.4755,0.5982,24.844,walk
14.6124,4960,1.0079,0.8892,0.4746,0.5982,24.751,walk
14.6167,4961,1.0072,0.8881,0.4753,0.5868,24.636,walk
14.6197,4962,1.0081,0.8883,0.4766,0.6093,24.582,walk
14.6216,4963,1.0059,0.8863,0.4757,0.6093,24.489,walk
14.6246,4964,1.0059,0.8858,0.4767,0.5904,24.381,walk
14.6292,4965,1.0066,0.886,0.4779,0.5718,24.367,walk
14.63,4966,1.0044,0.884,0.4769,0.5718,24.23,walk
14.6339,4967,1.0036,0.8827,0.4775,0.5864,24.028,walk
14.6393,4968,1.0034,0.8821,0.4783,0.537,23.976,walk
14.6406,4969,1.0024,0.8807,0.4788,0.5576,23.795,walk
14.6438,4970,1.0037,0.8814,0.4802,0.5556,23.727,walk
14.646,4971,0.9998,0.8779,0.4786,0.5556,23.557,walk
14.6485,4972,1.0011,0.8785,0.48,0.5391,23.484,walk
14.6505,4973,0.9987,0.8763,0.479,0.5391,23.359,walk
14.654,4974,0.9976,0.8748,0.4795,0.557,23.192,walk
14.6567,4975,0.9989,0.8754,0.481,0.5515,23.177,walk
14.6583,4976,0.9964,0.8732,0.48,0.5515,23.058,walk
14.6623,4977,0.9952,0.8716,0.4804,0.5484,22.941,walk
14.6651,4978,0.9956,0.8714,0.4815,0.538,22.845,walk
14.6675,4979,0.9939,0.8699,0.4808,0.538,22.77,walk
14.6705,4980,0.9934,0.8689,0.4815,0.545,22.689,walk
14.6735,4981,0.993,0.868,0.4823,0.5502,22.649,walk
14.6751,4982,0.9904,0.8657,0.4812,0.5502,22.503,walk
14.6775,4983,0.9906,0.8653,0.4822,0.5241,22.475,walk
14.6795,4984,0.9889,0.8637,0.4815,0.5241,22.44,walk
14.682,4985,0.9892,0.8633,0.4829,0.5838,22.18,walk
14.6842,4986,0.9874,0.8616,0.4822,0.5838,22.11,walk
14.6905,4987,0.9906,0.8634,0.4855,0.5349,22.112,walk
14.691,4988,0.9852,0.8585,0.4833,0.5349,21.868,walk
14.6935,4989,0.9843,0.8577,0.4829,0.5349,21.834,walk
14.6965,4990,0.9836,0.8565,0.4836,0.539,21.76,walk
14.7002,4991,0.9798,0.8524,0.4832,0.518,21.462,walk
14.7063,4992,0.979,0.8505,0.4849,0.5166,21.237,walk
14.7085,4993,0.9762,0.8479,0.4837,0.5166,21.169,walk
14.7121,4994,0.9743,0.8456,0.484,0.528,20.981,walk
14.7151,4995,0.9743,0.845,0.4851,0.5297,20.922,walk
14.717,4996,0.9724,0.8432,0.4843,0.5297,20.825,walk
14.7201,4997,0.9714,0.8417,0.485,0.5259,20.733,walk
14.7215,4998,0.9695,0.8399,0.4842,0.5259,20.638,walk
14.7246,4999,0.9694,0.8393,0.4852,0.5234,20.56,walk
14.7279,5000,0.9684,0.8377,0.4859,0.5257,20.438,walk
14.7293,5001,0.9654,0.8349,0.4847,0.5257,20.378,walk
14.7329,5002,0.9653,0.8341,0.4858,0.5166,20.256,walk
14.7351,5003,0.9622,0.8313,0.4846,0.5166,20.197,walk
14.7405,5004,0.9612,0.8291,0.4863,0.538,20.043,walk
14.7441,5005,0.9599,0.8272,0.4869,0.5139,19.892,walk
14.7457,5006,0.9584,0.8259,0.4862,0.5139,19.793,walk
14.7496,5007,0.9573,0.8243,0.4868,0.5403,19.677,walk
14.7537,5008,0.9576,0.8239,0.488,0.5321,19.611,walk
14.7574,5009,0.9561,0.8219,0.4885,0.53,19.471,walk
14.7578,5010,0.9544,0.8203,0.4878,0.53,19.435,walk
14.7615,5011,0.953,0.8184,0.4883,0.5427,19.313,walk
14.7642,5012,0.9531,0.8178,0.4894,0.5093,19.208,walk
14.7669,5013,0.9504,0.8154,0.4883,0.5093,19.104,walk
14.7703,5014,0.9497,0.8141,0.4891,0.546,19.066,walk
14.7752,5015,0.948,0.8118,0.4895,0.5218,18.907,walk
14.7757,5016,0.9461,0.8102,0.4887,0.5218,18.813,walk
14.779,5017,0.9461,0.8095,0.4898,0.5169,18.746,walk
14.7797,5018,0.9443,0.8078,0.489,0.5169,18.687,walk
14.783,5019,0.9435,0.8064,0.4897,0.5365,18.671,walk
14.7854,5020,0.9416,0.8047,0.489,0.5365,18.589,walk
14.7885,5021,0.9398,0.8023,0.4894,0.5338,18.523,walk
14.7939,5022,0.939,0.8009,0.4901,0.5273,18.527,walk
14.7948,5023,0.9383,0.7996,0.491,0.56,18.531,walk
14.7986,5024,0.9366,0.7973,0.4915,0.5439,18.538,walk
14.8012,5025,0.9339,0.7947,0.4905,0.5439,18.502,walk
14.8047,5026,0.9331,0.7933,0.4914,0.5568,18.491,walk
14.8075,5027,0.9333,0.7925,0.4929,0.573,18.399,walk
14.8091,5028,0.9305,0.7899,0.4919,0.573,18.348,walk
14.8119,5029,0.9316,0.7902,0.4935,0.5431,18.376,walk
14.8149,5030,0.9309,0.7886,0.4946,0.5564,18.392,walk
14.8173,5031,0.9273,0.7852,0.4932,0.5564,18.311,walk
14.8201,5032,0.9293,0.7863,0.4953,0.5532,18.351,walk
14.8237,5033,0.9268,0.783,0.4958,0.5684,18.351,walk
14.8259,5034,0.9241,0.7804,0.4949,0.5684,18.32,walk
14.8287,5035,0.9246,0.78,0.4964,0.6029,18.397,walk
14.8336,5036,0.9238,0.7785,0.4973,0.6853,18.555,walk
14.8365,5037,0.9224,0.7762,0.4983,0.5852,18.61,walk
14.8421,5038,0.9209,0.7739,0.4992,0.5743,18.657,walk
14.8426,5039,0.9183,0.7713,0.4983,0.5743,18.594,walk
14.8456,5040,0.9178,0.7698,0.4998,0.6058,18.612,walk
14.8493,5041,0.9181,0.7691,0.5014,0.5906,18.608,walk
14.8502,5042,0.9155,0.7666,0.5006,0.5906,18.575,walk
14.8526,5043,0.9168,0.7667,0.5026,0.6101,18.581,walk
14.8546,5044,0.9142,0.7642,0.5018,0.6101,18.513,walk
14.8571,5045,0.9148,0.7638,0.5034,0.6234,18.571,walk
14.8591,5046,0.9122,0.7613,0.5026,0.6234,18.5,walk
14.862,5047,0.912,0.76,0.5041,0.6357,18.55,walk
14.8662,5048,0.9135,0.7605,0.5061,0.6218,18.611,walk
14.8704,5049,0.9115,0.7574,0.507,0.6013,18.574,walk
14.8749,5050,0.9103,0.7552,0.5082,0.5884,18.558,walk
14.8754,5051,0.9077,0.7526,0.5075,0.5884,18.475,walk
14.879,5052,0.9074,0.7512,0.509,0.6037,18.444,walk
14.8822,5053,0.9078,0.7506,0.5107,0.5757,18.455,walk
14.8866,5054,0.9066,0.7483,0.5119,0.5903,18.424,walk
14.8893,5055,0.9055,0.746,0.5132,0.5845,18.393,walk
14.8921,5056,0.903,0.7435,0.5125,0.5845,18.346,walk
14.8962,5057,0.9035,0.7429,0.5143,0.6018,18.341,walk
14.8966,5058,0.9011,0.7403,0.5137,0.6018,18.267,walk
14.8996,5059,0.9007,0.7388,0.5152,0.5913,18.204,walk
14.9044,5060,0.9011,0.7381,0.5168,0.5426,18.145,walk
14.9047,5061,0.8986,0.7356,0.5162,0.5426,18.068,walk
14.9068,5062,0.8993,0.7351,0.518,0.6174,18.074,walk
14.909,5063,0.8976,0.7333,0.5176,0.6174,18.048,walk
14.9121,5064,0.8983,0.7329,0.5195,0.6297,18.031,walk
14.9142,5065,0.8982,0.7315,0.5212,0.6339,18.053,walk
14.9163,5066,0.8958,0.7289,0.5207,0.6339,17.949,walk
14.9208,5067,0.8957,0.7276,0.5224,0.6372,17.94,walk
14.9215,5068,0.8941,0.7258,0.5221,0.6372,17.862,walk
14.9237,5069,0.8961,0.7269,0.524,0.5391,17.884,walk
14.9257,5070,0.8929,0.7235,0.5233,0.5391,17.805,walk
14.9296,5071,0.8927,0.722,0.525,0.6013,17.726,walk
14.933,5072,0.8918,0.7198,0.5266,0.6377,17.681,walk
14.9354,5073,0.8902,0.718,0.5263,0.6377,17.655,walk
14.9418,5074,0.89,0.7152,0.5298,0.6301,17.615,walk
14.9444,5075,0.8892,0.7128,0.5315,0.6486,17.596,walk
14.9477,5076,0.8899,0.7122,0.5335,0.6201,17.579,walk
14.9503,5077,0.8867,0.7087,0.5328,0.6201,17.499,walk
14.9547,5078,0.8874,0.7081,0.5349,0.6357,17.476,walk
14.9581,5079,0.8858,0.7048,0.5365,0.6313,17.37,walk
14.9607,5080,0.8856,0.7032,0.5383,0.6194,17.348,walk
14.9627,5081,0.8841,0.7015,0.5381,0.6194,17.292,walk
14.9656,5082,0.8847,0.7007,0.5401,0.6314,17.246,walk
14.9678,5083,0.8824,0.6981,0.5397,0.6314,17.189,walk
14.9726,5084,0.8852,0.6983,0.5439,0.6331,17.217,walk
14.9729,5085,0.8828,0.6957,0.5435,0.6331,17.16,walk
14.975,5086,0.8805,0.6931,0.543,0.6331,17.044,walk
14.9795,5087,0.8812,0.6924,0.5451,0.6392,17.087,walk
14.9807,5088,0.8812,0.6908,0.5471,0.6473,17.052,walk
14.9834,5089,0.8797,0.6891,0.5468,0.6473,17.023,walk
14.9894,5090,0.8796,0.6874,0.5487,0.6336,16.974,walk
14.9922,5091,0.878,0.6841,0.5504,0.6493,16.919,walk
14.9972,5092,0.8764,0.6806,0.5521,0.6509,16.835,walk
14.9985,5093,0.8764,0.6791,0.5541,0.6491,16.867,walk
15.002,5094,0.8764,0.6774,0.5561,0.6576,16.819,walk
15.0051,5095,0.8733,0.674,0.5554,0.6576,16.709,walk
15.0085,5096,0.8749,0.674,0.5577,0.6576,16.753,walk
15.011,5097,0.8741,0.6716,0.5596,0.6591,16.726,walk
15.0144,5098,0.8749,0.6708,0.5618,0.6715,16.721,walk
15.0149,5099,0.8734,0.669,0.5614,0.6715,16.695,walk
15.0173,5100,0.8711,0.6665,0.5609,0.6715,16.597,walk
15.0208,5101,0.8735,0.6675,0.5634,0.6627,16.664,walk
15.0214,5102,0.8704,0.6641,0.5627,0.6627,16.57,walk
15.0252,5103,0.8713,0.6633,0.5649,0.674,16.593,walk
15.0296,5104,0.871,0.6612,0.5669,0.7323,16.559,walk
15.0307,5105,0.8712,0.6597,0.569,0.6793,16.573,walk
15.0332,5106,0.8689,0.6572,0.5684,0.6793,16.491,walk
15.0379,5107,0.8683,0.6548,0.5703,0.6744,16.42,walk
15.0417,5108,0.8685,0.6532,0.5724,0.6787,16.391,walk
15.044,5109,0.8702,0.653,0.5753,0.7831,16.544,walk
15.0477,5110,0.87,0.6512,0.577,0.6962,16.457,walk
15.0506,5111,0.8661,0.6477,0.5749,0.6962,16.313,walk
15.0537,5112,0.8668,0.6473,0.5765,0.7123,16.291,walk
15.0559,5113,0.8664,0.646,0.5774,0.7134,16.265,walk
15.0586,5114,0.8636,0.6438,0.5756,0.7134,16.248,walk
15.0612,5115,0.8633,0.6424,0.5767,0.7232,16.201,walk
15.0633,5116,0.8615,0.6409,0.5757,0.7232,16.192,walk
15.0659,5117,0.8615,0.6396,0.5771,0.7191,16.144,walk
15.0681,5118,0.8598,0.6382,0.5762,0.7191,16.141,walk
15.0723,5119,0.8608,0.6376,0.5784,0.7521,16.072,walk
15.0732,5120,0.8608,0.6361,0.58,0.6881,15.931,walk
15.0753,5121,0.8592,0.6347,0.5791,0.6881,15.91,walk
15.0782,5122,0.8603,0.6342,0.5813,0.7562,15.837,walk
15.0807,5123,0.8605,0.6331,0.5828,0.7348,15.696,walk
15.0835,5124,0.8582,0.6312,0.5815,0.7348,15.674,walk
15.0908,5125,0.859,0.629,0.5851,0.7685,15.4,walk
15.0942,5126,0.8589,0.6273,0.5867,0.7813,15.242,walk
15.0973,5127,0.8596,0.6263,0.5888,0.7911,15.11,walk
15.0999,5128,0.8575,0.6244,0.5877,0.7911,15.008,walk
15.1028,5129,0.8584,0.6235,0.5899,0.8076,14.88,walk
15.105,5130,0.8571,0.6224,0.5892,0.8076,14.829,walk
15.108,5131,0.858,0.6215,0.5914,0.7921,14.663,walk
15.1105,5132,0.8589,0.6207,0.5937,0.8086,14.529,walk
15.1122,5133,0.8575,0.6195,0.5929,0.8086,14.48,walk
15.116,5134,0.859,0.6191,0.5954,0.8202,14.311,walk
15.1211,5135,0.8597,0.6181,0.5975,0.8224,14.139,walk
15.1216,5136,0.8568,0.6157,0.5958,0.8224,14.074,walk
15.1246,5137,0.8583,0.6153,0.5984,0.8323,13.905,walk
15.1276,5138,0.8589,0.6142,0.6004,0.8255,13.719,walk
15.1292,5139,0.8567,0.6125,0.5991,0.8255,13.644,walk
15.1336,5140,0.8582,0.612,0.6016,0.8391,13.482,walk
15.1342,5141,0.8567,0.6109,0.6007,0.8391,13.426,walk
15.1381,5142,0.8575,0.6099,0.6027,0.8449,13.294,walk
15.1415,5143,0.859,0.6095,0.6054,0.8894,13.11,walk
15.142,5144,0.8568,0.6078,0.6039,0.8894,13.072,walk
15.1449,5145,0.8591,0.608,0.607,0.87,12.959,walk
15.1477,5146,0.8585,0.6059,0.6082,0.8778,12.768,walk
15.1504,5147,0.8563,0.6043,0.6067,0.8778,12.709,walk
15.1541,5148,0.8578,0.6038,0.6093,0.8789,12.583,walk
15.1546,5149,0.8563,0.6027,0.6083,0.8789,12.522,walk
15.1578,5150,0.8579,0.6023,0.6109,0.8818,12.398,walk
15.1588,5151,0.8564,0.6012,0.6099,0.8818,12.357,walk
15.1625,5152,0.8565,0.5996,0.6115,0.8859,12.178,walk
15.1663,5153,0.8581,0.5992,0.6142,0.8978,12.041,walk
15.171,5154,0.8581,0.5976,0.6158,0.8886,11.902,walk
15.1713,5155,0.8558,0.596,0.6142,0.8886,11.814,walk
15.1753,5156,0.8566,0.595,0.6163,0.8906,11.716,walk
15.1775,5157,0.8582,0.5945,0.619,0.9079,11.588,walk
15.1796,5158,0.8559,0.5929,0.6174,0.9079,11.541,walk
15.1837,5159,0.8575,0.5924,0.62,0.9041,11.447,walk
15.1885,5160,0.8568,0.5903,0.621,0.9051,11.289,walk
15.1936,5161,0.8584,0.5881,0.6253,0.9248,11.138,walk
15.1956,5162,0.8561,0.5864,0.6237,0.9248,11.04,walk
15.1992,5163,0.856,0.5847,0.6252,0.9203,10.926,walk
15.2023,5164,0.8591,0.5853,0.6289,0.9159,10.932,walk
15.2049,5165,0.8552,0.5825,0.6261,0.9159,10.806,walk
15.2074,5166,0.8567,0.5819,0.6287,0.9163,10.757,walk
15.2099,5167,0.8566,0.5801,0.6302,0.9272,10.683,walk
15.2121,5168,0.855,0.579,0.6291,0.9272,10.633,walk
15.2164,5169,0.8565,0.5784,0.6317,0.9272,10.648,walk
15.2168,5170,0.8549,0.5772,0.6306,0.9272,10.573,walk
15.2216,5171,0.8571,0.5771,0.6337,0.9068,10.587,walk
15.2235,5172,0.856,0.5747,0.6345,0.9089,10.501,walk
15.2252,5173,0.8552,0.5741,0.6339,0.9089,10.476,walk
15.2285,5174,0.854,0.5716,0.6345,0.8986,10.386,walk
15.234,5175,0.8536,0.5696,0.6358,0.8993,10.354,walk
15.2366,5176,0.8541,0.5682,0.6376,0.9031,10.354,walk
15.2389,5177,0.8515,0.5664,0.6358,0.9031,10.267,walk
15.2428,5178,0.8528,0.5656,0.6383,0.9183,10.322,walk
15.2466,5179,0.8505,0.5622,0.6382,0.8938,10.245,walk
15.2496,5180,0.8526,0.5621,0.641,0.8565,10.291,walk
15.2524,5181,0.8519,0.56,0.642,0.8667,10.298,walk
15.2545,5182,0.8492,0.558,0.6401,0.8667,10.226,walk
15.2587,5183,0.8493,0.5564,0.6416,0.8536,10.224,walk
15.2618,5184,0.8484,0.5542,0.6425,0.8502,10.244,walk
15.2659,5185,0.8495,0.5533,0.6447,0.8636,10.263,walk
15.2665,5186,0.8467,0.5512,0.6427,0.8636,10.233,walk
15.2719,5187,0.8476,0.5502,0.6448,0.8357,10.263,walk
15.274,5188,0.8456,0.5471,0.6448,0.8258,10.228,walk
15.2784,5189,0.8455,0.5454,0.6461,0.8301,10.257,walk
15.2787,5190,0.8436,0.544,0.6447,0.8301,10.231,walk
15.282,5191,0.8444,0.543,0.6467,0.8177,10.245,walk
15.2841,5192,0.8414,0.5408,0.6446,0.8177,10.22,walk
15.2866,5193,0.8412,0.539,0.6458,0.7993,10.219,walk
15.2938,5194,0.8427,0.5369,0.6495,0.7975,10.241,walk
15.2948,5195,0.8386,0.5339,0.6467,0.7975,10.195,walk
15.2966,5196,0.8365,0.5324,0.6452,0.7975,10.172,walk
15.2999,5197,0.8372,0.5314,0.647,0.7803,10.192,walk
15.3007,5198,0.8351,0.5298,0.6455,0.7803,10.159,walk
15.3039,5199,0.8347,0.5279,0.6465,0.7817,10.169,walk
15.3088,5200,0.8353,0.5268,0.6482,0.7728,10.166,walk
15.3092,5201,0.831,0.5236,0.6452,0.7728,10.123,walk
15.312,5202,0.8326,0.5232,0.6476,0.7657,10.136,walk
15.3148,5203,0.831,0.5205,0.6477,0.7572,10.12,walk
15.3169,5204,0.8288,0.5189,0.6462,0.7572,10.088,walk
15.3191,5205,0.8293,0.5178,0.6478,0.7482,10.1,walk
15.3212,5206,0.826,0.5154,0.6456,0.7482,10.058,walk
15.3248,5207,0.8265,0.5142,0.6471,0.7428,10.062,walk
15.3255,5208,0.8243,0.5126,0.6456,0.7428,10.03,walk
15.3288,5209,0.8248,0.5114,0.6471,0.7306,10.035,walk
15.3298,5210,0.8225,0.5097,0.6455,0.7306,10.024,walk
15.3319,5211,0.8236,0.5089,0.6475,0.8688,9.984,walk
15.3342,5212,0.8208,0.5068,0.6456,0.8688,9.96,walk
15.3378,5213,0.8231,0.5072,0.6483,0.6678,9.952,walk
15.3424,5214,0.8221,0.5049,0.6489,0.7894,9.835,walk
15.3463,5215,0.8192,0.5011,0.648,0.711,9.712,walk
15.3497,5216,0.8189,0.4995,0.6489,0.7152,9.626,walk
15.3541,5217,0.8196,0.4988,0.6503,0.7014,9.576,walk
15.3548,5218,0.8166,0.4969,0.6481,0.7014,9.504,walk
15.3581,5219,0.8166,0.4957,0.6489,0.7376,9.434,walk
15.3616,5220,0.8172,0.4953,0.6501,0.6605,9.388,walk
15.3635,5221,0.8139,0.4933,0.6473,0.6605,9.317,walk
15.3661,5222,0.8143,0.4926,0.6484,0.7376,9.283,walk
15.3694,5223,0.8159,0.4928,0.6503,0.6124,9.282,walk
15.3714,5224,0.8129,0.4911,0.6478,0.6124,9.202,walk
15.3746,5225,0.8149,0.4912,0.6503,0.7518,9.185,walk
15.3777,5226,0.8139,0.4897,0.6501,0.6045,9.118,walk
15.3793,5227,0.8113,0.488,0.6481,0.6045,9.081,walk
15.3836,5228,0.8124,0.4874,0.6499,0.7686,9.031,walk
15.3859,5229,0.8113,0.4856,0.6499,0.6727,8.968,walk
15.3921,5230,0.8083,0.4825,0.6484,0.635,8.895,walk
15.3946,5231,0.8082,0.4813,0.6493,0.705,8.84,walk
15.3978,5232,0.8095,0.4813,0.6509,0.5711,8.858,walk
15.4001,5233,0.8068,0.4794,0.6489,0.5711,8.817,walk
15.404,5234,0.807,0.4781,0.65,0.7483,8.791,walk
15.4046,5235,0.8043,0.4762,0.6481,0.7483,8.756,walk
15.408,5236,0.8047,0.4756,0.6491,0.561,8.748,walk
15.4088,5237,0.803,0.4743,0.6479,0.561,8.725,walk
15.4119,5238,0.8031,0.4731,0.649,0.7293,8.708,walk
15.4147,5239,0.8037,0.4725,0.6501,0.5786,8.685,walk
15.4162,5240,0.8011,0.4706,0.6483,0.5786,8.673,walk
15.4191,5241,0.8022,0.47,0.6501,0.7332,8.665,walk
15.4208,5242,0.8005,0.4687,0.649,0.7332,8.654,walk
15.4237,5243,0.8013,0.4681,0.6504,0.6342,8.656,walk
15.4256,5244,0.7989,0.4663,0.6486,0.6342,8.637,walk
15.4288,5245,0.7994,0.4657,0.6498,0.5672,8.611,walk
15.4313,5246,0.7998,0.4645,0.6511,0.7324,8.614,walk
15.434,5247,0.7974,0.4627,0.6494,0.7324,8.606,walk
15.4362,5248,0.7975,0.4616,0.6503,0.6291,8.576,walk
15.443,5249,0.799,0.4604,0.653,0.6339,8.492,walk
15.4456,5250,0.7967,0.4586,0.6514,0.6339,8.484,walk
15.446,5251,0.7944,0.4568,0.6499,0.6339,8.467,walk
15.4492,5252,0.795,0.4558,0.6514,0.7451,8.5,walk
15.4545,5253,0.7931,0.4534,0.6507,0.4708,8.523,walk
15.4576,5254,0.7933,0.4523,0.6517,0.6274,8.538,walk
15.4606,5255,0.7943,0.4519,0.6533,0.6311,8.549,walk
15.4623,5256,0.7929,0.4507,0.6523,0.6311,8.544,walk
15.4661,5257,0.7931,0.4496,0.6533,0.6138,8.537,walk
15.4691,5258,0.7934,0.4485,0.6544,0.6319,8.577,walk
15.4708,5259,0.7912,0.4468,0.653,0.6319,8.551,walk
15.4747,5260,0.7908,0.4451,0.6537,0.6272,8.541,walk
15.4789,5261,0.7919,0.4446,0.6553,0.6322,8.577,walk
15.4792,5262,0.7898,0.4429,0.6539,0.6322,8.562,walk
15.4833,5263,0.7916,0.443,0.656,0.634,8.584,walk
15.484,5264,0.7894,0.4412,0.6546,0.634,8.567,walk
15.4864,5265,0.7912,0.4413,0.6566,0.6116,8.594,walk
15.4908,5266,0.7902,0.4391,0.657,0.6564,8.595,walk
15.4936,5267,0.7907,0.438,0.6583,0.6331,8.601,walk
15.4962,5268,0.7879,0.4357,0.6565,0.6331,8.561,walk
15.5018,5269,0.7912,0.4359,0.6603,0.5759,8.69,walk
15.503,5270,0.7884,0.4335,0.6586,0.5759,8.636,walk
15.505,5271,0.7864,0.4318,0.6573,0.5759,8.614,walk
15.508,5272,0.7881,0.4319,0.6592,0.5956,8.657,walk
15.5101,5273,0.7882,0.431,0.6599,0.5222,8.733,walk
15.5129,5274,0.7861,0.4292,0.6586,0.5222,8.688,walk
15.5165,5275,0.7873,0.4287,0.6603,0.6305,8.727,walk
15.5173,5276,0.7852,0.4269,0.659,0.6305,8.683,walk
15.5212,5277,0.7864,0.4264,0.6607,0.632,8.681,walk
15.5252,5278,0.7861,0.4247,0.6615,0.6125,8.696,walk
15.5257,5279,0.7847,0.4235,0.6606,0.6125,8.674,walk
15.5284,5280,0.7852,0.4224,0.6619,0.6238,8.71,walk
15.5307,5281,0.7863,0.422,0.6635,0.6344,8.73,walk
15.5333,5282,0.7843,0.4202,0.6623,0.6344,8.698,walk
15.537,5283,0.7855,0.4198,0.664,0.6445,8.708,walk
15.5426,5284,0.7846,0.4175,0.6642,0.6015,8.716,walk
15.5452,5285,0.7845,0.4159,0.6652,0.6641,8.712,walk
15.5502,5286,0.785,0.4149,0.6664,0.628,8.747,walk
15.5507,5287,0.783,0.4131,0.6651,0.628,8.701,walk
15.5548,5288,0.7842,0.4127,0.6668,0.6287,8.744,walk
15.5567,5289,0.7841,0.4111,0.6677,0.6578,8.737,walk
15.5582,5290,0.7834,0.4105,0.6673,0.6578,8.725,walk
15.5622,5291,0.7841,0.4095,0.6686,0.6655,8.698,walk
15.5626,5292,0.7827,0.4083,0.6678,0.6655,8.685,walk
15.5666,5293,0.784,0.4079,0.6695,0.6567,8.689,walk
15.5673,5294,0.782,0.4061,0.6682,0.6567,8.662,walk
15.571,5295,0.7827,0.4051,0.6696,0.6822,8.629,walk
15.5735,5296,0.7833,0.4041,0.671,0.6679,8.644,walk
15.5752,5297,0.7819,0.403,0.6701,0.6679,8.601,walk
15.5791,5298,0.7827,0.402,0.6715,0.689,8.602,walk
15.5828,5299,0.7828,0.4005,0.6726,0.7016,8.554,walk
15.5889,5300,0.7842,0.4001,0.6744,0.6989,8.581,walk
15.5923,5301,0.7829,0.3974,0.6746,0.7158,8.491,walk
15.5935,5302,0.7845,0.3971,0.6765,0.7217,8.506,walk
15.5966,5303,0.7817,0.3947,0.6747,0.7217,8.445,walk
15.5994,5304,0.7832,0.3944,0.6767,0.7352,8.443,walk
15.6039,5305,0.7841,0.3935,0.6782,0.7329,8.41,walk
15.6043,5306,0.782,0.3917,0.6768,0.7329,8.38,walk
15.6075,5307,0.7842,0.392,0.6792,0.7318,8.393,walk
15.6103,5308,0.7837,0.39,0.6797,0.7461,8.365,walk
15.6125,5309,0.7822,0.3888,0.6788,0.7461,8.324,walk
15.6164,5310,0.7838,0.3886,0.6807,0.7309,8.347,walk
15.6171,5311,0.7816,0.3868,0.6792,0.7309,8.294,walk
15.6212,5312,0.7833,0.3866,0.6813,0.7647,8.317,walk
15.6215,5313,0.7819,0.3854,0.6803,0.7647,8.28,walk
15.6245,5314,0.7843,0.3857,0.6828,0.7719,8.296,walk
15.6285,5315,0.7831,0.3833,0.6829,0.7716,8.27,walk
15.6318,5316,0.7842,0.3826,0.6845,0.7818,8.29,walk
15.6339,5317,0.7827,0.3814,0.6835,0.7818,8.259,walk
15.6369,5318,0.7837,0.3807,0.685,0.7699,8.284,walk
15.641,5319,0.7839,0.3794,0.686,0.764,8.311,walk
15.645,5320,0.7842,0.3782,0.687,0.788,8.304,walk
15.6478,5321,0.785,0.3777,0.6882,0.8036,8.318,walk
15.6491,5322,0.7842,0.3773,0.6875,0.8036,8.318,walk
15.654,5323,0.7852,0.3771,0.6888,0.8195,8.341,walk
15.6546,5324,0.783,0.376,0.6869,0.8195,8.332,walk
15.6574,5325,0.7856,0.3766,0.6895,0.8145,8.393,walk
15.6593,5326,0.7828,0.3751,0.6871,0.8145,8.395,walk
15.6624,5327,0.7853,0.3757,0.6897,0.8098,8.468,walk
15.6654,5328,0.7859,0.375,0.6906,0.8237,8.554,walk
15.6667,5329,0.7845,0.3742,0.6895,0.8237,8.556,walk
15.6701,5330,0.7851,0.3734,0.6906,0.8352,8.642,walk
15.6738,5331,0.787,0.3735,0.6927,0.8305,8.72,walk
15.6757,5332,0.7848,0.3722,0.6909,0.8305,8.725,walk
15.6785,5333,0.7859,0.372,0.6923,0.8365,8.812,walk
15.6818,5334,0.7877,0.3722,0.6942,0.8368,8.908,walk
15.6836,5335,0.786,0.3714,0.6928,0.8368,8.906,walk
15.6869,5336,0.7862,0.3708,0.6933,0.8404,8.996,walk
15.6895,5337,0.7874,0.3706,0.6948,0.8543,9.079,walk
15.6924,5338,0.7854,0.3695,0.6931,0.8543,9.049,walk
15.6957,5339,0.7882,0.3701,0.6959,0.8424,9.138,walk
15.6985,5340,0.7885,0.3694,0.6966,0.8489,9.191,walk
15.7025,5341,0.7901,0.3694,0.6984,0.8471,9.278,walk
15.706,5342,0.7911,0.369,0.6997,0.8547,9.345,walk
15.7087,5343,0.7891,0.3679,0.6981,0.8547,9.318,walk
15.7122,5344,0.7905,0.368,0.6996,0.8396,9.383,walk
15.7158,5345,0.7919,0.368,0.7012,0.8399,9.478,walk
15.7162,5346,0.7905,0.3673,0.7,0.8399,9.433,walk
15.7192,5347,0.7933,0.3681,0.7028,0.8636,9.534,walk
15.7212,5348,0.7906,0.3667,0.7004,0.8636,9.472,walk
15.7241,5349,0.7921,0.3668,0.702,0.8688,9.559,walk
15.7274,5350,0.7943,0.3673,0.7042,0.8646,9.643,walk
15.7294,5351,0.7922,0.3663,0.7024,0.8646,9.594,walk
15.7334,5352,0.793,0.3661,0.7034,0.8697,9.645,walk
15.7373,5353,0.7958,0.367,0.7062,0.858,9.749,walk
15.7378,5354,0.7938,0.366,0.7044,0.858,9.697,walk
15.7421,5355,0.796,0.3666,0.7065,0.868,9.799,walk
15.7427,5356,0.7939,0.3656,0.7047,0.868,9.745,walk
15.7466,5357,0.7948,0.3655,0.7057,0.8737,9.825,walk
15.75,5358,0.7956,0.3655,0.7067,0.8672,9.895,walk
15.7528,5359,0.7979,0.3661,0.7089,0.8833,10.001,walk
15.7549,5360,0.7965,0.3655,0.7077,0.8833,9.945,walk
15.7575,5361,0.7987,0.3661,0.7099,0.8795,10.039,walk
15.7603,5362,0.8004,0.3665,0.7116,0.9024,10.137,walk
15.7627,5363,0.7984,0.3655,0.7097,0.9024,10.098,walk
15.7664,5364,0.8,0.3659,0.7114,0.8922,10.166,walk
15.7672,5365,0.7986,0.3653,0.7102,0.8922,10.146,walk
15.7711,5366,0.8009,0.366,0.7124,0.9015,10.257,walk
15.7743,5367,0.8026,0.3664,0.7141,0.9052,10.313,walk
15.7785,5368,0.8023,0.3659,0.714,0.9206,10.354,walk
15.7805,5369,0.8009,0.3653,0.7128,0.9206,10.29,walk
15.784,5370,0.8033,0.3661,0.715,0.9017,10.4,walk
15.7878,5371,0.8045,0.3663,0.7163,0.969,10.484,walk
15.7923,5372,0.8063,0.3668,0.718,0.9311,10.58,walk
15.7947,5373,0.8073,0.367,0.7191,0.9202,10.634,walk
15.7967,5374,0.8052,0.3661,0.7172,0.9202,10.542,walk
15.7998,5375,0.8085,0.3673,0.7202,0.9615,10.69,walk
15.8041,5376,0.8096,0.3676,0.7214,0.954,10.746,walk
15.8045,5377,0.8075,0.3666,0.7195,0.954,10.697,walk
15.8082,5378,0.8101,0.3675,0.7219,0.9522,10.777,walk
15.8091,5379,0.808,0.3665,0.7201,0.9522,10.703,walk
15.8125,5380,0.8105,0.3674,0.7225,0.9604,10.775,walk
15.8162,5381,0.8124,0.368,0.7243,0.9644,10.782,walk
15.8205,5382,0.8135,0.3682,0.7255,0.9592,10.781,walk
15.8227,5383,0.8161,0.3691,0.7279,0.9744,10.818,walk
15.8247,5384,0.8133,0.3677,0.7254,0.9744,10.717,walk
15.8276,5385,0.8159,0.3686,0.7279,0.9767,10.786,walk
15.8291,5386,0.8144,0.3679,0.7266,0.9767,10.736,walk
15.8314,5387,0.8163,0.3685,0.7284,0.986,10.743,walk
15.8349,5388,0.8182,0.369,0.7302,0.9849,10.703,walk
15.8384,5389,0.8152,0.3675,0.7277,0.9849,10.632,walk
15.8415,5390,0.817,0.368,0.7295,0.9834,10.578,walk
15.845,5391,0.8203,0.3693,0.7325,0.9726,10.573,walk
15.8499,5392,0.8207,0.3691,0.733,0.992,10.488,walk
15.8504,5393,0.8184,0.3679,0.731,0.992,10.402,walk
15.8533,5394,0.8209,0.3687,0.7334,0.982,10.352,walk
15.8549,5395,0.8194,0.3679,0.7321,0.982,10.332,walk
15.8591,5396,0.821,0.3684,0.7337,0.9512,10.254,walk
15.862,5397,0.8234,0.3692,0.736,0.9747,10.204,walk
15.8665,5398,0.8244,0.369,0.7372,1.0118,9.973,walk
15.8668,5399,0.822,0.3678,0.7352,1.0118,9.937,walk
15.8704,5400,0.8245,0.3689,0.7373,0.9765,9.908,walk
15.8751,5401,0.8232,0.3676,0.7366,1.0775,9.617,walk
15.8789,5402,0.8256,0.3684,0.7388,0.9651,9.493,walk
15.8793,5403,0.8239,0.3675,0.7374,0.9651,9.447,walk
15.8834,5404,0.8263,0.3684,0.7396,0.9865,9.344,walk
15.8864,5405,0.8268,0.3682,0.7403,0.9454,9.193,walk
15.8902,5406,0.8273,0.368,0.741,0.9608,9.044,walk
15.8947,5407,0.8269,0.3674,0.7409,0.9576,8.861,walk
15.8967,5408,0.8252,0.3664,0.7394,0.9576,8.848,walk
15.8999,5409,0.8273,0.3671,0.7414,0.9255,8.725,walk
15.9039,5410,0.8266,0.3663,0.741,0.9114,8.586,walk
15.9071,5411,0.8286,0.3669,0.7429,0.9331,8.447,walk
15.9087,5412,0.8259,0.3654,0.7407,0.9331,8.424,walk
15.9119,5413,0.8272,0.3655,0.7421,1.0138,8.265,walk
15.9152,5414,0.8293,0.3662,0.7441,0.9698,8.109,walk
15.917,5415,0.8257,0.364,0.7411,0.9698,8.058,walk
15.9191,5416,0.8294,0.3657,0.7444,0.9255,7.986,walk
15.9212,5417,0.8257,0.3636,0.7414,0.9255,7.948,walk
15.9234,5418,0.8275,0.3641,0.7431,0.907,7.855,walk
15.9255,5419,0.8257,0.363,0.7416,0.907,7.828,walk
15.9278,5420,0.8284,0.3641,0.7441,0.8963,7.777,walk
15.9299,5421,0.8256,0.3624,0.7418,0.8963,7.76,walk
15.9338,5422,0.8273,0.363,0.7434,0.8771,7.697,walk
15.9374,5423,0.825,0.3611,0.7418,0.8589,7.623,walk
15.9395,5424,0.8265,0.3615,0.7433,0.8243,7.58,walk
15.9431,5425,0.824,0.36,0.7412,0.8243,7.548,walk
15.9467,5426,0.8254,0.3604,0.7426,0.8714,7.521,walk
15.9499,5427,0.8275,0.3612,0.7445,0.8617,7.528,walk
15.9527,5428,0.8274,0.3607,0.7446,0.8536,7.473,walk
15.9545,5429,0.8259,0.3599,0.7434,0.8536,7.432,walk
15.9569,5430,0.8286,0.3612,0.7457,0.8349,7.441,walk
15.9589,5431,0.8264,0.36,0.7438,0.8349,7.396,walk
15.9615,5432,0.8283,0.3609,0.7456,0.8419,7.408,walk
15.9662,5433,0.8294,0.3613,0.7466,0.838,7.389,walk
15.967,5434,0.8271,0.3601,0.7446,0.838,7.338,walk
15.971,5435,0.8262,0.3595,0.744,0.825,7.307,walk
15.9745,5436,0.8296,0.3611,0.7469,0.8234,7.376,walk
15.9773,5437,0.8286,0.3603,0.7461,0.8044,7.371,walk
15.9788,5438,0.8268,0.3593,0.7447,0.8044,7.355,walk
15.9814,5439,0.8284,0.3599,0.7461,0.8132,7.385,walk
15.9835,5440,0.8258,0.3584,0.7439,0.8132,7.344,walk
15.9861,5441,0.824,0.3574,0.7425,0.8132,7.33,walk
15.9919,5442,0.8254,0.3575,0.7439,0.7852,7.405,walk
15.9957,5443,0.8268,0.358,0.7453,0.7627,7.478,walk
16.0,5444,0.8249,0.3564,0.7439,0.7698,7.527,walk
16.0056,5445,0.8255,0.3563,0.7447,0.7614,7.571,walk
16.0068,5446,0.8253,0.3556,0.7447,0.7452,7.596,walk
16.0095,5447,0.8236,0.3546,0.7434,0.7452,7.576,walk
16.0141,5448,0.8266,0.3554,0.7463,0.763,7.699,walk
16.0152,5449,0.825,0.3543,0.745,0.763,7.681,walk
16.0167,5450,0.8233,0.3532,0.7437,0.763,7.675,walk
16.0212,5451,0.8241,0.353,0.7446,0.7607,7.719,walk
16.0252,5452,0.8239,0.3523,0.7448,0.7481,7.767,walk
16.0257,5453,0.8223,0.3512,0.7436,0.7481,7.752,walk
16.0286,5454,0.8238,0.3515,0.7451,0.7435,7.792,walk
16.0378,5455,0.8244,0.3504,0.7463,0.7358,7.818,walk
16.0415,5456,0.8243,0.3495,0.7465,0.7292,7.807,walk
16.0421,5457,0.822,0.348,0.7447,0.7292,7.785,walk
16.0466,5458,0.8219,0.3471,0.745,0.7162,7.755,walk
16.05,5459,0.8218,0.3461,0.7454,0.7173,7.748,walk
16.0544,5460,0.8217,0.3451,0.7457,0.7016,7.69,walk
16.0585,5461,0.8224,0.3446,0.7466,0.707,7.67,walk
16.0619,5462,0.823,0.3442,0.7476,0.7023,7.632,walk
16.0627,5463,0.8208,0.3426,0.7459,0.7023,7.613,walk
16.0663,5464,0.8231,0.3432,0.7481,0.7307,7.512,walk
16.0686,5465,0.823,0.3422,0.7485,0.7039,7.46,walk
16.0711,5466,0.8201,0.3401,0.7462,0.7039,7.434,walk
16.0732,5467,0.8222,0.3407,0.7483,0.6918,7.362,walk
16.0752,5468,0.82,0.3391,0.7466,0.6918,7.334,walk
16.0784,5469,0.8215,0.3391,0.7482,0.6958,7.277,walk
16.0825,5470,0.8221,0.3386,0.7492,0.6895,7.204,walk
16.0831,5471,0.82,0.337,0.7475,0.6895,7.183,walk
16.0868,5472,0.8221,0.3375,0.7496,0.6835,7.11,walk
16.0897,5473,0.8213,0.3359,0.7495,0.6855,7.008,walk
16.092,5474,0.8199,0.3348,0.7484,0.6855,7.001,walk
16.0964,5475,0.8205,0.3343,0.7493,0.6642,6.918,walk
16.0976,5476,0.8218,0.3342,0.7508,0.6622,6.851,walk
16.1002,5477,0.819,0.3321,0.7486,0.6622,6.813,walk
16.1037,5478,0.8203,0.332,0.7501,0.6693,6.742,walk
16.1079,5479,0.821,0.3314,0.7512,0.6817,6.637,walk
16.1083,5480,0.8189,0.3298,0.7496,0.6817,6.615,walk
16.111,5481,0.821,0.3303,0.7516,0.6591,6.541,walk
16.113,5482,0.8189,0.3287,0.75,0.6591,6.527,walk
16.1169,5483,0.8188,0.3275,0.7504,0.6589,6.416,walk
16.1212,5484,0.82,0.3274,0.7518,0.6389,6.346,walk
16.1224,5485,0.8206,0.3268,0.7527,0.6434,6.241,walk
16.1243,5486,0.8185,0.3252,0.7511,0.6434,6.217,walk
16.1274,5487,0.819,0.3245,0.752,0.6407,6.139,walk
16.1294,5488,0.8176,0.3234,0.7509,0.6407,6.128,walk
16.1322,5489,0.8189,0.3232,0.7524,0.6422,6.007,walk
16.1338,5490,0.8175,0.3222,0.7513,0.6422,6.002,walk
16.1378,5491,0.8188,0.322,0.7528,0.6515,5.913,walk
16.1412,5492,0.8192,0.3213,0.7536,0.6144,5.821,walk
16.1452,5493,0.8176,0.3188,0.7529,0.6212,5.729,walk
16.1501,5494,0.8168,0.3171,0.7527,0.6447,5.627,walk
16.1578,5495,0.816,0.3152,0.7527,0.6537,5.511,walk
16.1612,5496,0.8156,0.3142,0.7527,0.5678,5.324,walk
16.1663,5497,0.8173,0.3132,0.7549,0.6188,5.104,walk
16.1698,5498,0.8145,0.311,0.7527,0.6188,5.078,walk
16.1749,5499,0.8147,0.309,0.7538,0.6154,4.863,walk
16.1789,5500,0.8164,0.3093,0.7555,0.5777,4.775,walk
16.1831,5501,0.8146,0.307,0.7545,0.5685,4.635,walk
16.1836,5502,0.8131,0.3059,0.7534,0.5685,4.612,walk
16.1884,5503,0.8153,0.3064,0.7555,0.6772,4.465,walk
16.1905,5504,0.815,0.3051,0.7558,0.6304,4.361,walk
16.1924,5505,0.8121,0.303,0.7535,0.6304,4.338,walk
16.1957,5506,0.8132,0.3028,0.7548,0.613,4.19,walk
16.2013,5507,0.8105,0.3001,0.7529,0.5733,3.992,walk
16.206,5508,0.8124,0.2994,0.7552,0.605,3.697,walk
16.2085,5509,0.8124,0.2994,0.7552,0.605,3.697,walk
16.2121,5510,0.8097,0.2966,0.7534,0.6047,3.578,walk
16.217,5511,0.8092,0.2953,0.7534,0.5968,3.479,walk
16.221,5512,0.808,0.2934,0.7528,0.6031,3.401,walk
16.2236,5513,0.8089,0.2932,0.7539,0.5875,3.327,walk
16.2253,5514,0.8074,0.2922,0.7527,0.5875,3.324,walk
16.2288,5515,0.8077,0.2914,0.7533,0.6071,3.259,walk
16.2313,5516,0.8087,0.2911,0.7545,0.592,3.203,walk
16.2328,5517,0.8072,0.2901,0.7532,0.592,3.204,walk
16.2358,5518,0.8082,0.2898,0.7545,0.6087,3.156,walk
16.2392,5519,0.8084,0.289,0.755,0.596,3.126,walk
16.2397,5520,0.8069,0.288,0.7538,0.596,3.126,walk
16.2422,5521,0.8046,0.2865,0.7519,0.596,3.122,walk
16.2453,5522,0.8048,0.2858,0.7524,0.5988,3.06,walk
16.2501,5523,0.8051,0.2853,0.7528,0.5944,3.041,walk
16.2542,5524,0.8048,0.2847,0.7528,0.614,3.035,walk
16.2548,5525,0.8035,0.2841,0.7516,0.614,3.051,walk
16.2583,5526,0.8039,0.2839,0.752,0.5777,3.058,walk
16.2602,5527,0.805,0.284,0.7532,0.6002,3.054,walk
16.2619,5528,0.8036,0.2834,0.752,0.6002,3.091,walk
16.2655,5529,0.8049,0.2833,0.7534,0.6511,3.0,walk
16.2664,5530,0.8028,0.2823,0.7515,0.6511,3.055,walk
16.2686,5531,0.8044,0.2825,0.7532,0.5923,3.058,walk
16.2719,5532,0.8012,0.2809,0.7503,0.5923,3.11,walk
16.2746,5533,0.802,0.2807,0.7512,0.5897,3.1,walk
16.2772,5534,0.8019,0.2802,0.7514,0.5996,3.154,walk
16.2789,5535,0.8003,0.2794,0.7499,0.5996,3.184,walk
16.2827,5536,0.7995,0.2784,0.7495,0.5967,3.205,walk
16.2858,5537,0.8004,0.2783,0.7505,0.5963,3.221,walk
16.2898,5538,0.7966,0.2763,0.7472,0.5963,3.245,walk
16.2935,5539,0.7988,0.2761,0.7495,0.5987,3.257,walk
16.2961,5540,0.7967,0.275,0.7477,0.5987,3.263,walk
16.2997,5541,0.7978,0.2749,0.749,0.5999,3.272,walk
16.3034,5542,0.7983,0.2745,0.7496,0.5985,3.282,walk
16.3065,5543,0.7976,0.2735,0.7492,0.6278,3.309,walk
16.3089,5544,0.7969,0.2731,0.7486,0.6278,3.309,walk
16.312,5545,0.7959,0.2722,0.7479,0.5827,3.332,walk
16.3166,5546,0.7977,0.2726,0.7496,0.6037,3.372,walk
16.3168,5547,0.7956,0.2716,0.7478,0.6037,3.368,walk
16.3213,5548,0.7959,0.2713,0.7483,0.6087,3.383,walk
16.3251,5549,0.7943,0.2701,0.747,0.6267,3.4,walk
16.328,5550,0.7954,0.2701,0.7481,0.6105,3.422,walk
16.3297,5551,0.7947,0.2698,0.7475,0.6105,3.42,walk
16.3336,5552,0.7944,0.2693,0.7473,0.6058,3.444,walk
16.3358,5553,0.7948,0.2691,0.7479,0.6261,3.439,walk
16.3396,5554,0.7934,0.2685,0.7466,0.6261,3.432,walk
16.343,5555,0.795,0.2685,0.7483,0.6294,3.376,walk
16.3456,5556,0.7929,0.2677,0.7464,0.6294,3.365,walk
16.3487,5557,0.7944,0.268,0.7478,0.6865,3.429,walk
16.3507,5558,0.7923,0.2672,0.7458,0.6865,3.416,walk
16.3538,5559,0.7935,0.2674,0.7472,0.655,3.472,walk
16.3567,5560,0.7932,0.2669,0.747,0.6048,3.486,walk
16.3583,5561,0.7918,0.2664,0.7457,0.6048,3.483,walk
16.3613,5562,0.7923,0.2662,0.7462,0.62,3.502,walk
16.3633,5563,0.7909,0.2657,0.7449,0.62,3.497,walk
16.3664,5564,0.7913,0.2654,0.7454,0.61,3.514,walk
16.3711,5565,0.7921,0.2655,0.7463,0.5561,3.539,walk
16.3715,5566,0.79,0.2647,0.7444,0.5561,3.519,walk
16.3745,5567,0.7904,0.2644,0.7449,0.6222,3.569,walk
16.3781,5568,0.7915,0.2644,0.746,0.6147,3.622,walk
16.3823,5569,0.7913,0.2639,0.746,0.6414,3.672,walk
16.3846,5570,0.7884,0.2629,0.7433,0.6414,3.639,walk
16.3892,5571,0.7907,0.263,0.7457,0.6291,3.707,walk
16.3916,5572,0.79,0.2627,0.745,0.6291,3.699,walk
16.3962,5573,0.7898,0.2622,0.745,0.6557,3.716,walk
16.3976,5574,0.7902,0.262,0.7455,0.6319,3.73,walk
16.4004,5575,0.7873,0.2609,0.7428,0.6319,3.689,walk
16.4042,5576,0.7885,0.2609,0.7441,0.6501,3.736,walk
16.4049,5577,0.787,0.2603,0.7427,0.6501,3.71,walk
16.4077,5578,0.7882,0.2603,0.744,0.6493,3.728,walk
16.4121,5579,0.7887,0.2601,0.7446,0.6713,3.76,walk
16.4125,5580,0.7865,0.2592,0.7426,0.6713,3.733,walk
16.4151,5581,0.7877,0.2592,0.7438,0.6548,3.742,walk
16.4169,5582,0.7855,0.2583,0.7418,0.6548,3.706,walk
16.421,5583,0.7865,0.2582,0.7429,0.6534,3.744,walk
16.4215,5584,0.785,0.2576,0.7415,0.6534,3.718,walk
16.4239,5585,0.7861,0.2574,0.7428,0.6564,3.735,walk
16.4258,5586,0.7846,0.2569,0.7413,0.6564,3.718,walk
16.4289,5587,0.7849,0.2564,0.7419,0.6559,3.738,walk
16.4324,5588,0.7853,0.2559,0.7424,0.6628,3.765,walk
16.433,5589,0.7837,0.2553,0.741,0.6628,3.75,walk
16.4371,5590,0.7833,0.2545,0.7408,0.6628,3.776,walk
16.4411,5591,0.7837,0.254,0.7414,0.6736,3.816,walk
16.4446,5592,0.784,0.2535,0.7419,0.6593,3.843,walk
16.4463,5593,0.7816,0.2526,0.7397,0.6593,3.823,walk
16.4507,5594,0.7835,0.2527,0.7417,0.6769,3.836,walk
16.4529,5595,0.783,0.2519,0.7414,0.6707,3.852,walk
16.4591,5596,0.7808,0.2502,0.7397,0.6775,3.859,walk
16.4595,5597,0.7792,0.2496,0.7381,0.6775,3.857,walk
16.4627,5598,0.7795,0.2489,0.7386,0.6874,3.894,walk
16.4665,5599,0.7786,0.2476,0.7382,0.6849,3.951,walk
16.4708,5600,0.7796,0.2471,0.7394,0.6699,3.968,walk
16.4713,5601,0.777,0.2461,0.737,0.6699,3.97,walk
16.4749,5602,0.7779,0.2456,0.7382,0.6673,4.011,walk
16.4756,5603,0.7762,0.2449,0.7366,0.6673,4.013,walk
16.479,5604,0.7773,0.2444,0.7379,0.7033,4.067,walk
16.4816,5605,0.7765,0.2432,0.7375,0.6915,4.119,walk
16.483,5606,0.7747,0.2424,0.7358,0.6915,4.128,walk
16.4891,5607,0.7731,0.2408,0.7347,0.7159,4.209,walk
16.4935,5608,0.7779,0.2411,0.7395,0.6888,4.286,walk
16.4959,5609,0.7733,0.2392,0.7354,0.6888,4.309,walk
16.499,5610,0.7733,0.2384,0.7357,0.6918,4.313,walk
16.5019,5611,0.7724,0.2371,0.7351,0.6971,4.304,walk
16.5051,5612,0.7696,0.2359,0.7325,0.6971,4.326,walk
16.5084,5613,0.7706,0.2355,0.7337,0.7105,4.311,walk
16.5092,5614,0.7677,0.2342,0.7311,0.7105,4.332,walk
16.5123,5615,0.7678,0.2332,0.7315,0.7233,4.348,walk
16.5151,5616,0.7688,0.2327,0.7327,0.7326,4.375,walk
16.5171,5617,0.7659,0.2314,0.7301,0.7326,4.386,walk
16.5211,5618,0.7649,0.2299,0.7295,0.7287,4.4,walk
16.5236,5619,0.7659,0.2291,0.7308,0.7459,4.466,walk
16.5251,5620,0.7639,0.2282,0.729,0.7459,4.476,walk
16.5279,5621,0.7649,0.2275,0.7303,0.7387,4.494,walk
16.5299,5622,0.7619,0.2261,0.7276,0.7387,4.514,walk
16.533,5623,0.763,0.2253,0.729,0.7714,4.518,walk
16.5351,5624,0.7641,0.2245,0.7303,0.7689,4.517,walk
16.5391,5625,0.76,0.2226,0.7267,0.7689,4.536,walk
16.5423,5626,0.7595,0.221,0.7266,0.6847,4.55,walk
16.5454,5627,0.7629,0.2211,0.7301,0.8545,4.385,walk
16.5482,5628,0.7623,0.2195,0.73,0.7762,4.311,walk
16.5514,5629,0.7608,0.2189,0.7287,0.7762,4.304,walk
16.5553,5630,0.762,0.2183,0.7301,0.8596,4.131,walk
16.5569,5631,0.7619,0.2174,0.7303,0.7418,4.106,walk
16.5588,5632,0.7604,0.2169,0.7288,0.7418,4.089,walk
16.5626,5633,0.7616,0.2163,0.7302,0.8792,3.878,walk
16.5651,5634,0.7625,0.2157,0.7313,0.8013,3.78,walk
16.5672,5635,0.76,0.2149,0.729,0.8013,3.751,walk
16.5709,5636,0.7625,0.2148,0.7316,0.8084,3.681,walk
16.5738,5637,0.7622,0.2138,0.7316,0.7849,3.61,walk
16.5754,5638,0.7596,0.2129,0.7291,0.7849,3.581,walk
16.5783,5639,0.7603,0.2123,0.7301,0.8135,3.497,walk
16.5831,5640,0.7609,0.2115,0.7309,0.8119,3.437,walk
16.5866,5641,0.7608,0.2104,0.7311,0.8284,3.353,walk
16.5887,5642,0.7583,0.2096,0.7287,0.8284,3.341,walk
16.5909,5643,0.7608,0.2093,0.7314,0.83,3.346,walk
16.5935,5644,0.7627,0.2087,0.7335,0.8642,3.248,walk
16.5958,5645,0.7602,0.2079,0.7313,0.8642,3.247,walk
16.6005,5646,0.7604,0.2067,0.7318,0.8605,3.21,walk
16.6034,5647,0.7605,0.2054,0.7323,0.8544,3.156,walk
16.6061,5648,0.7607,0.204,0.7329,0.8667,3.099,walk
16.6081,5649,0.7591,0.2034,0.7314,0.8667,3.102,walk
16.611,5650,0.761,0.2026,0.7336,0.8836,3.015,walk
16.613,5651,0.7587,0.2017,0.7314,0.8836,3.023,walk
16.6166,5652,0.7614,0.2011,0.7343,0.8769,2.939,walk
16.6215,5653,0.7618,0.1996,0.7351,0.8867,2.878,walk
16.6221,5654,0.7588,0.1985,0.7323,0.8867,2.889,walk
16.6252,5655,0.76,0.1973,0.7339,0.8857,2.828,walk
16.6279,5656,0.762,0.1965,0.7362,0.882,2.795,walk
16.6294,5657,0.7606,0.1959,0.7349,0.882,2.804,walk
16.6323,5658,0.7626,0.195,0.7372,0.8826,2.787,walk
16.6346,5659,0.7604,0.1942,0.7352,0.8826,2.8,walk
16.638,5660,0.7618,0.1931,0.7369,0.8768,2.805,walk
16.6408,5661,0.7631,0.192,0.7385,0.8705,2.83,walk
16.6426,5662,0.7617,0.1914,0.7372,0.8705,2.833,walk
16.6456,5663,0.7643,0.1908,0.7401,0.8532,2.9,walk
16.6486,5664,0.7649,0.1893,0.7411,0.8672,2.962,walk
16.6508,5665,0.7628,0.1885,0.7392,0.8672,2.973,walk
16.6547,5666,0.7642,0.1874,0.7409,0.8588,3.048,walk
16.6584,5667,0.7655,0.1861,0.7426,0.8627,3.153,jog
16.6606,5668,0.7663,0.1847,0.7437,0.8633,3.26,jog
16.6621,5669,0.765,0.1842,0.7425,0.8633,3.27,jog
16.6664,5670,0.767,0.1832,0.7448,0.8608,3.379,jog
16.6671,5671,0.7651,0.1824,0.743,0.8608,3.386,jog
16.6701,5672,0.767,0.1815,0.7452,0.8448,3.503,jog
16.6728,5673,0.7692,0.1806,0.7476,0.8703,3.631,jog
16.675,5674,0.7666,0.1796,0.7453,0.8703,3.647,jog
16.6779,5675,0.7686,0.1787,0.7475,0.8348,3.788,jog
16.6799,5676,0.7667,0.178,0.7458,0.8348,3.801,jog
16.6831,5677,0.7692,0.1773,0.7485,0.8166,3.943,jog
16.6856,5678,0.7705,0.1762,0.7501,0.8039,4.079,jog
16.6875,5679,0.7686,0.1755,0.7483,0.8039,4.091,jog
16.6911,5680,0.7705,0.1746,0.7505,0.8106,4.225,jog
16.6939,5681,0.7712,0.1731,0.7515,0.8118,4.326,jog
16.6976,5682,0.773,0.1722,0.7536,0.7973,4.426,jog
16.7007,5683,0.77,0.1711,0.7507,0.7973,4.441,jog
16.7035,5684,0.7724,0.1704,0.7533,0.7864,4.549,jog
16.7067,5685,0.7723,0.1689,0.7537,0.7832,4.661,jog
16.7094,5686,0.7705,0.1682,0.7519,0.7832,4.673,jog
16.7121,5687,0.7716,0.167,0.7534,0.7708,4.733,jog
16.7162,5688,0.7732,0.1663,0.7551,0.705,4.647,jog
16.72,5689,0.7736,0.165,0.7558,0.7423,4.733,jog
16.7204,5690,0.7724,0.1646,0.7547,0.7423,4.739,jog
16.7237,5691,0.7735,0.1635,0.756,0.7468,4.805,jog
16.7252,5692,0.7723,0.1631,0.7549,0.7468,4.815,jog
16.7284,5693,0.7737,0.1618,0.7566,0.7384,4.994,jog
16.7328,5694,0.7734,0.1603,0.7566,0.7035,5.053,jog
16.7354,5695,0.7749,0.1594,0.7584,0.714,5.105,jog
16.7378,5696,0.7731,0.1588,0.7566,0.714,5.112,jog
16.7419,5697,0.774,0.1578,0.7577,0.6862,5.204,jog
16.7454,5698,0.7748,0.1568,0.7588,0.6869,5.252,jog
16.7485,5699,0.7749,0.1555,0.7591,0.668,5.267,jog
16.7505,5700,0.7731,0.155,0.7574,0.668,5.278,jog
16.7548,5701,0.7744,0.1542,0.7589,0.6526,5.331,jog
16.7561,5702,0.7751,0.1534,0.7598,0.6476,5.399,jog
16.759,5703,0.7726,0.1526,0.7574,0.6476,5.405,jog
16.7619,5704,0.7733,0.1515,0.7583,0.6698,5.412,jog
16.7649,5705,0.7753,0.151,0.7604,0.6656,5.492,jog
16.7666,5706,0.7734,0.1505,0.7586,0.6656,5.494,jog
16.7711,5707,0.7748,0.1497,0.7602,0.6687,5.551,jog
16.7717,5708,0.7729,0.1492,0.7583,0.6687,5.55,jog
16.7751,5709,0.7741,0.1483,0.7598,0.6548,5.566,jog
16.7779,5710,0.7741,0.1473,0.76,0.6493,5.642,jog
16.7809,5711,0.7748,0.1464,0.7608,0.6524,5.736,jog
16.7825,5712,0.7735,0.1461,0.7596,0.6524,5.733,jog
16.7859,5713,0.7752,0.1455,0.7614,0.7554,5.681,jog
16.7883,5714,0.7726,0.1448,0.7589,0.7554,5.668,jog
16.7917,5715,0.7751,0.1444,0.7616,0.6491,5.723,jog
16.7923,5716,0.7725,0.1438,0.759,0.6491,5.703,jog
16.7957,5717,0.7736,0.1432,0.7603,0.6252,5.775,jog
16.8006,5718,0.7742,0.1423,0.761,0.6672,5.825,jog
16.8039,5719,0.7727,0.1411,0.7597,0.6451,5.896,jog
16.8058,5720,0.7714,0.1409,0.7584,0.6451,5.876,jog
16.8099,5721,0.7742,0.1398,0.7615,0.6299,6.013,jog
16.8122,5722,0.7715,0.1393,0.7588,0.6299,5.978,jog
16.8163,5723,0.7718,0.1386,0.7593,0.6169,6.051,jog
16.8172,5724,0.7704,0.1384,0.7579,0.6169,6.036,jog
16.8211,5725,0.77,0.1376,0.7576,0.5989,6.048,jog
16.8251,5726,0.7716,0.1372,0.7593,0.5681,6.119,jog
16.8254,5727,0.7694,0.1369,0.7572,0.5681,6.102,jog
16.8282,5728,0.7696,0.1363,0.7575,0.5874,6.165,jog
16.8302,5729,0.7682,0.1361,0.756,0.5874,6.156,jog
16.8326,5730,0.7698,0.1358,0.7577,0.5748,6.232,jog
16.8359,5731,0.7704,0.1353,0.7584,0.6951,6.443,jog
16.8379,5732,0.7689,0.1351,0.757,0.6951,6.434,jog
16.8408,5733,0.7701,0.1346,0.7582,0.6613,6.532,jog
16.8436,5734,0.7703,0.1342,0.7585,0.5949,6.675,jog
16.846,5735,0.7674,0.1339,0.7556,0.5949,6.626,jog
16.8488,5736,0.7676,0.1333,0.7559,0.5835,6.665,jog
16.8511,5737,0.7662,0.1332,0.7545,0.5835,6.658,jog
16.8552,5738,0.7657,0.1328,0.7541,0.5278,6.808,jog
16.8597,5739,0.769,0.1321,0.7576,0.5991,6.98,jog
16.8602,5740,0.7667,0.132,0.7552,0.5991,6.974,jog
16.8627,5741,0.7656,0.1319,0.7541,0.5991,6.973,jog
16.8661,5742,0.7671,0.1315,0.7558,0.5332,7.054,jog
16.871,5743,0.7661,0.131,0.7548,0.4657,7.184,jog
16.8716,5744,0.7642,0.1308,0.7529,0.4657,7.18,jog
16.8752,5745,0.7654,0.1305,0.7542,0.4873,7.283,jog
16.879,5746,0.764,0.1302,0.7528,0.4987,7.481,jog
16.8798,5747,0.7626,0.1301,0.7514,0.4987,7.475,jog
16.8829,5748,0.7632,0.1297,0.7521,0.5257,7.572,jog
16.8871,5749,0.7621,0.1294,0.7511,0.4934,7.804,jog
16.8877,5750,0.7606,0.1294,0.7495,0.4934,7.799,jog
16.8921,5751,0.7612,0.129,0.7502,0.5472,7.98,jog
16.8926,5752,0.7591,0.1289,0.7481,0.5472,7.966,jog
16.8958,5753,0.7591,0.1285,0.7481,0.5007,8.189,jog
16.8979,5754,0.7594,0.1283,0.7485,0.4294,8.619,jog
16.9017,5755,0.7602,0.128,0.7493,0.5761,8.784,jog
16.9044,5756,0.7579,0.1281,0.747,0.5761,8.762,jog
16.9067,5757,0.7576,0.1282,0.7466,0.5215,9.11,jog
16.9089,5758,0.7553,0.1283,0.7443,0.5215,9.071,jog
16.9116,5759,0.7558,0.128,0.7449,0.5254,9.274,jog
16.9129,5760,0.7535,0.1281,0.7425,0.5254,9.246,jog
16.9167,5761,0.7556,0.1279,0.7447,0.5392,9.531,jog
16.9174,5762,0.7526,0.128,0.7416,0.5392,9.473,jog
16.9212,5763,0.7531,0.1278,0.7422,0.5133,9.651,jog
16.9224,5764,0.7534,0.1278,0.7425,0.4566,9.944,jog
16.9244,5765,0.7511,0.1279,0.7402,0.4566,9.913,jog
16.9286,5766,0.7515,0.1278,0.7406,0.4781,10.141,jog
16.9313,5767,0.7504,0.1277,0.7394,0.4626,10.325,jog
16.9328,5768,0.7489,0.1277,0.7379,0.4626,10.291,jog
16.9364,5769,0.7478,0.1278,0.7368,0.4758,10.512,jog
16.9386,5770,0.7463,0.1278,0.7352,0.4758,10.495,jog
16.943,5771,0.7486,0.1275,0.7377,0.4855,10.917,jog
16.9454,5772,0.7448,0.1277,0.7338,0.4855,10.843,jog
16.9505,5773,0.7452,0.1276,0.7342,0.4724,11.034,jog
16.951,5774,0.743,0.1277,0.7319,0.4724,10.996,jog
16.9536,5775,0.7426,0.1276,0.7316,0.4666,11.172,jog
16.9555,5776,0.7411,0.1277,0.73,0.4666,11.153,jog
16.9593,5777,0.7403,0.1278,0.7292,0.5392,11.496,jog
16.9626,5778,0.7403,0.1275,0.7292,0.5578,11.606,jog
16.965,5779,0.7415,0.1276,0.7304,0.4752,11.919,jog
16.9667,5780,0.7392,0.1276,0.7281,0.4752,11.876,jog
16.969,5781,0.7395,0.1275,0.7284,0.4428,12.051,jog
16.9711,5782,0.7373,0.1276,0.7262,0.4428,12.008,jog
16.9748,5783,0.7368,0.1274,0.7257,0.4484,12.1,jog
16.9785,5784,0.7373,0.1274,0.7262,0.4894,12.427,jog
16.979,5785,0.7358,0.1275,0.7247,0.4894,12.36,jog
16.9813,5786,0.7362,0.1274,0.7251,0.4694,12.562,jog
16.9835,5787,0.734,0.1274,0.7228,0.4694,12.517,jog
16.9885,5788,0.7342,0.1273,0.7231,0.4311,12.698,jog
16.9935,5789,0.7349,0.1269,0.7238,0.4533,13.007,jog
16.994,5790,0.7319,0.1269,0.7208,0.4533,12.936,jog
16.9972,5791,0.7321,0.1269,0.721,0.4179,13.11,jog
16.9997,5792,0.7291,0.1269,0.7179,0.4179,13.038,jog
17.0019,5793,0.7294,0.1268,0.7183,0.452,13.236,jog
17.0062,5794,0.7278,0.1266,0.7167,0.3655,13.462,jog
17.0098,5795,0.7263,0.1266,0.7152,0.3655,13.412,jog
17.0107,5796,0.724,0.1266,0.7129,0.3655,13.362,jog
17.0149,5797,0.7262,0.1266,0.715,0.4562,13.803,jog
17.0172,5798,0.7231,0.1266,0.7119,0.4562,13.727,jog
17.0204,5799,0.7228,0.1265,0.7116,0.4796,13.871,jog
17.0236,5800,0.7223,0.1264,0.7112,0.4494,14.091,jog
17.0252,5801,0.72,0.1264,0.7088,0.4494,14.015,jog
17.029,5802,0.7203,0.1264,0.7091,0.4407,14.247,jog
17.0298,5803,0.7187,0.1263,0.7075,0.4407,14.172,jog
17.0326,5804,0.7181,0.1263,0.7069,0.4181,14.398,jog
17.0381,5805,0.7184,0.1262,0.7073,0.4558,14.618,jog
17.0391,5806,0.7153,0.1261,0.7041,0.4558,14.522,jog
17.041,5807,0.7147,0.1259,0.7035,0.421,14.766,jog
17.0445,5808,0.7147,0.1259,0.7036,0.395,14.973,jog
17.0463,5809,0.714,0.1258,0.7028,0.395,14.949,jog
17.0496,5810,0.712,0.1256,0.7008,0.4831,15.176,jog
17.0547,5811,0.7113,0.1254,0.7002,0.4203,15.426,jog
17.0558,5812,0.7089,0.1252,0.6977,0.4203,15.336,jog
17.0585,5813,0.7079,0.125,0.6968,0.3579,15.548,jog
17.0618,5814,0.7075,0.1248,0.6964,0.4932,15.884,jog
17.0652,5815,0.7076,0.1247,0.6966,0.4309,16.156,jog
17.0674,5816,0.7044,0.1244,0.6933,0.4309,16.067,jog
17.0699,5817,0.7046,0.1242,0.6936,0.4663,16.384,jog
17.072,5818,0.7021,0.124,0.6911,0.4663,16.339,jog
17.0752,5819,0.7032,0.1238,0.6922,0.4614,16.672,jog
17.079,5820,0.7021,0.1235,0.6912,0.3612,16.923,jog
17.0799,5821,0.6996,0.1232,0.6887,0.3612,16.833,jog
17.0833,5822,0.6986,0.1228,0.6877,0.3697,17.099,jog
17.0839,5823,0.6968,0.1226,0.686,0.3697,17.031,jog
17.0868,5824,0.6978,0.1224,0.687,0.4448,17.385,jog
17.0881,5825,0.6952,0.1221,0.6844,0.4448,17.34,jog
17.0908,5826,0.6952,0.1218,0.6845,0.4309,17.635,jog
17.0937,5827,0.6952,0.1214,0.6845,0.4325,17.974,jog
17.0964,5828,0.6935,0.1212,0.6828,0.4325,17.906,jog
17.0996,5829,0.6918,0.1206,0.6812,0.458,18.238,jog
17.1017,5830,0.6909,0.1199,0.6804,0.4638,18.51,jog
17.11,5831,0.6872,0.1189,0.6768,0.4244,18.732,jog
17.1119,5832,0.685,0.1182,0.6747,0.3764,19.011,jog
17.1144,5833,0.6863,0.1179,0.6761,0.5489,19.435,jog
17.1172,5834,0.6816,0.117,0.6715,0.5489,19.315,jog
17.1201,5835,0.6816,0.1165,0.6716,0.4746,19.705,jog
17.1221,5836,0.6788,0.1159,0.6688,0.4746,19.631,jog
17.1253,5837,0.6777,0.1155,0.6678,0.4238,20.017,jog
17.1287,5838,0.6785,0.1155,0.6686,0.4371,20.493,jog
17.1295,5839,0.6756,0.1148,0.6658,0.4371,20.391,jog
17.1329,5840,0.6735,0.114,0.6638,0.4225,20.673,jog
17.1352,5841,0.6734,0.1136,0.6637,0.4461,21.032,jog
17.1377,5842,0.6714,0.1131,0.6618,0.4461,21.006,jog
17.1418,5843,0.6713,0.1126,0.6618,0.4518,21.368,jog
17.1425,5844,0.6684,0.1119,0.659,0.4518,21.319,jog
17.1457,5845,0.6703,0.1118,0.6609,0.4517,21.722,jog
17.1476,5846,0.6687,0.111,0.6595,0.4541,22.014,jog
17.1507,5847,0.6675,0.1109,0.6582,0.4541,21.932,jog
17.1546,5848,0.6669,0.1107,0.6576,0.4768,22.192,jog
17.1557,5849,0.6649,0.1106,0.6557,0.4768,22.123,jog
17.1608,5850,0.6666,0.1102,0.6575,0.4657,22.741,walk
17.1632,5851,0.6646,0.1101,0.6554,0.4657,22.631,walk
17.1641,5852,0.6642,0.1097,0.6551,0.4772,22.987,walk
17.1665,5853,0.6626,0.1095,0.6535,0.4772,22.875,walk
17.171,5854,0.6622,0.109,0.6531,0.5167,23.271,walk
17.1715,5855,0.6605,0.1087,0.6515,0.5167,23.159,walk
17.1749,5856,0.6606,0.1083,0.6517,0.4629,23.454,walk
17.1756,5857,0.659,0.1081,0.65,0.4629,23.417,walk
17.1793,5858,0.6574,0.1075,0.6486,0.4545,23.639,walk
17.1827,5859,0.6576,0.107,0.6488,0.4576,23.91,walk
17.1834,5860,0.6559,0.1068,0.6471,0.4576,23.84,walk
17.1875,5861,0.6573,0.1069,0.6486,0.7787,24.792,walk
17.1881,5862,0.6549,0.1066,0.6462,0.7787,24.69,walk
17.1907,5863,0.6569,0.1065,0.6482,0.4815,25.109,walk
17.1929,5864,0.6538,0.1061,0.6451,0.4815,24.952,walk
17.1963,5865,0.6528,0.1055,0.6442,0.481,25.281,walk
17.1996,5866,0.6531,0.1052,0.6446,0.4426,25.687,walk
17.2053,5867,0.6527,0.1047,0.6442,0.4505,26.026,walk
17.2079,5868,0.6507,0.1038,0.6423,0.4623,26.339,walk
17.2104,5869,0.6495,0.103,0.6413,0.4703,26.71,walk
17.2131,5870,0.6479,0.1026,0.6397,0.4703,26.62,walk
17.2158,5871,0.6476,0.102,0.6395,0.4868,27.054,walk
17.2179,5872,0.6461,0.1016,0.638,0.4868,26.992,walk
17.2209,5873,0.6466,0.1012,0.6386,0.4847,27.4,walk
17.2236,5874,0.6462,0.1005,0.6384,0.4757,27.819,walk
17.225,5875,0.644,0.0999,0.6362,0.4757,27.692,walk
17.2276,5876,0.6445,0.0994,0.6368,0.4882,28.126,walk
17.2295,5877,0.6431,0.099,0.6354,0.4882,28.029,walk
17.2329,5878,0.6436,0.0985,0.6361,0.4975,28.45,walk
17.2365,5879,0.6428,0.0976,0.6353,0.4967,28.821,walk
17.2369,5880,0.6414,0.0972,0.6339,0.4967,28.788,walk
17.24,5881,0.642,0.0967,0.6347,0.5037,29.189,walk
17.2426,5882,0.6399,0.0961,0.6326,0.5037,29.122,walk
17.2457,5883,0.6398,0.0955,0.6326,0.4998,29.509,walk
17.2496,5884,0.6398,0.0948,0.6328,0.5186,29.914,walk
17.2545,5885,0.6398,0.0942,0.6329,0.5058,30.353,walk
17.2554,5886,0.6371,0.0933,0.6302,0.5058,30.175,walk
17.259,5887,0.6371,0.0927,0.6303,0.5049,30.611,walk
17.2623,5888,0.6365,0.0918,0.6298,0.5147,30.962,walk
17.2646,5889,0.6373,0.0914,0.6307,0.5187,31.4,walk
17.2673,5890,0.6353,0.0907,0.6287,0.5187,31.288,walk
17.2708,5891,0.636,0.0903,0.6296,0.5105,31.711,walk
17.274,5892,0.6362,0.0897,0.6298,0.5226,32.087,walk
17.2767,5893,0.6356,0.0888,0.6294,0.5194,32.434,walk
17.2788,5894,0.6343,0.0884,0.6281,0.5194,32.356,walk
17.2814,5895,0.6352,0.088,0.629,0.5357,32.828,walk
17.2829,5896,0.6338,0.0876,0.6278,0.5357,32.709,walk
17.2868,5897,0.6334,0.0867,0.6274,0.532,33.102,walk
17.2932,5898,0.6345,0.0857,0.6287,0.5422,33.919,walk
17.2954,5899,0.6319,0.0848,0.6261,0.5422,33.757,walk
17.3006,5900,0.6328,0.0844,0.6271,0.5391,34.143,walk
17.3029,5901,0.6324,0.0835,0.6268,0.5456,34.521,walk
17.3053,5902,0.6304,0.0828,0.6249,0.5456,34.356,walk
17.3098,5903,0.6329,0.0823,0.6276,0.5447,35.265,walk
17.3105,5904,0.6309,0.0816,0.6256,0.5447,35.099,walk
17.3126,5905,0.6296,0.0811,0.6243,0.5447,35.058,walk
17.3162,5906,0.6305,0.0807,0.6253,0.5551,35.441,walk
17.3171,5907,0.6285,0.0801,0.6234,0.5551,35.357,walk
17.3205,5908,0.6295,0.0797,0.6244,0.5616,35.723,walk
17.3239,5909,0.629,0.0788,0.6241,0.5392,36.08,walk
17.3273,5910,0.6286,0.0779,0.6237,0.5461,36.304,walk
17.3294,5911,0.6272,0.0775,0.6224,0.5461,36.261,walk
17.3332,5912,0.6287,0.0773,0.6239,0.5307,36.621,walk
17.3373,5913,0.6274,0.0762,0.6228,0.5137,36.868,walk
17.3376,5914,0.6261,0.0757,0.6215,0.5137,36.733,walk
17.3424,5915,0.6269,0.0752,0.6224,0.5431,37.118,walk
17.3434,5916,0.6269,0.0746,0.6224,0.4858,37.342,walk
17.3457,5917,0.6248,0.0739,0.6204,0.4858,37.248,walk
17.35,5918,0.6255,0.0733,0.6211,0.5019,37.507,walk
17.3536,5919,0.6239,0.0723,0.6197,0.4709,37.691,walk
17.3546,5920,0.6225,0.0718,0.6184,0.4709,37.64,walk
17.3602,5921,0.6224,0.0711,0.6183,0.4763,37.836,walk
17.362,5922,0.6215,0.0699,0.6176,0.4698,37.965,walk
17.3645,5923,0.6219,0.0697,0.618,0.4451,38.265,walk
17.3667,5924,0.6205,0.0692,0.6167,0.4451,38.21,walk
17.3705,5925,0.6192,0.0682,0.6154,0.5322,38.371,walk
17.3733,5926,0.6198,0.0679,0.6161,0.4866,38.596,walk
17.3753,5927,0.6177,0.0672,0.614,0.4866,38.48,walk
17.3797,5928,0.6176,0.0668,0.614,0.5025,38.669,walk
17.3814,5929,0.6183,0.0664,0.6147,0.4959,39.007,walk
17.383,5930,0.6168,0.066,0.6133,0.4959,38.825,walk
17.3872,5931,0.6167,0.0656,0.6132,0.4868,39.136,walk
17.3877,5932,0.6152,0.0652,0.6118,0.4868,38.948,walk
17.3925,5933,0.6135,0.0643,0.6102,0.4645,39.029,walk
17.3954,5934,0.6139,0.0641,0.6106,0.4514,39.282,walk
17.3996,5935,0.6143,0.0638,0.611,0.4452,39.597,walk
17.4001,5936,0.6113,0.063,0.6081,0.4452,39.334,walk
17.4044,5937,0.6116,0.0628,0.6084,0.4345,39.466,walk
17.4112,5938,0.6128,0.0624,0.6096,0.4199,40.021,walk
17.4133,5939,0.6067,0.061,0.6036,0.4199,39.42,walk
17.4161,5940,0.6062,0.0606,0.6031,0.4269,39.598,walk
17.4207,5941,0.6073,0.0602,0.6043,0.4957,39.836,walk
17.421,5942,0.6042,0.0596,0.6013,0.4957,39.637,walk
17.4255,5943,0.6035,0.0596,0.6005,0.3865,39.78,walk
17.4291,5944,0.6038,0.0592,0.6009,0.4813,40.03,walk
17.433,5945,0.6015,0.0589,0.5986,0.3967,40.051,walk
17.4335,5946,0.5999,0.0586,0.5971,0.3967,39.855,walk
17.4376,5947,0.5986,0.0583,0.5957,0.438,39.99,walk
17.4406,5948,0.5996,0.0584,0.5967,0.4406,40.308,walk
17.4425,5949,0.5964,0.0579,0.5936,0.4406,40.051,walk
17.4448,5950,0.5965,0.0579,0.5937,0.419,40.293,walk
17.4473,5951,0.5967,0.058,0.5939,0.4455,40.685,walk
17.4497,5952,0.5953,0.0578,0.5925,0.4455,40.494,walk
17.4543,5953,0.5951,0.058,0.5922,0.4228,40.793,walk
17.4551,5954,0.5932,0.0578,0.5904,0.4228,40.63,walk
17.4599,5955,0.5937,0.058,0.5909,0.4266,40.896,walk
17.4629,5956,0.5929,0.0581,0.59,0.4223,41.121,walk
17.4636,5957,0.5909,0.058,0.5881,0.4223,41.04,walk
17.4666,5958,0.5913,0.058,0.5885,0.4363,41.319,walk
17.4697,5959,0.5909,0.058,0.5881,0.4221,41.582,walk
17.474,5960,0.5892,0.0581,0.5863,0.3648,41.948,walk
17.4758,5961,0.5877,0.058,0.5848,0.3648,41.833,walk
17.4788,5962,0.5868,0.0581,0.584,0.3981,42.07,walk
17.4799,5963,0.5842,0.0577,0.5813,0.3981,41.909,walk
17.483,5964,0.585,0.0578,0.5822,0.4221,42.316,walk
17.4852,5965,0.5841,0.0576,0.5812,0.405,42.539,walk
17.488,5966,0.5811,0.0571,0.5782,0.405,42.367,walk
17.4925,5967,0.5814,0.0571,0.5786,0.4135,42.741,walk
17.4954,5968,0.5798,0.0567,0.5771,0.4088,42.931,walk
17.4999,5969,0.5802,0.0567,0.5774,0.3974,43.21,walk
17.5046,5970,0.5791,0.0564,0.5764,0.35,43.348,walk
17.5053,5971,0.5767,0.0562,0.5739,0.35,43.146,walk
17.5079,5972,0.5775,0.0563,0.5748,0.3631,43.481,walk
17.5109,5973,0.5764,0.0563,0.5736,0.3684,43.674,walk
17.5132,5974,0.5743,0.0562,0.5715,0.3684,43.568,walk
17.5167,5975,0.5742,0.0566,0.5714,0.5067,43.92,walk
17.5198,5976,0.5744,0.0568,0.5715,0.3804,44.232,walk
17.5208,5977,0.5729,0.0568,0.5701,0.3804,44.178,walk
17.5257,5978,0.5722,0.0567,0.5694,0.3401,44.285,walk
17.5269,5979,0.5716,0.0568,0.5687,0.3524,44.521,walk
17.5289,5980,0.5701,0.0568,0.5673,0.3524,44.355,walk
17.5313,5981,0.5695,0.0569,0.5666,0.3417,44.579,walk
17.5333,5982,0.5681,0.0569,0.5652,0.3417,44.41,walk
17.5366,5983,0.5674,0.057,0.5645,0.3406,44.619,walk
17.5411,5984,0.5654,0.0571,0.5625,0.3606,44.615,walk
17.5434,5985,0.5662,0.0573,0.5633,0.3547,44.951,walk
17.5455,5986,0.5641,0.0572,0.5612,0.3547,44.719,walk
17.5483,5987,0.5642,0.0575,0.5613,0.3448,45.006,walk
17.5502,5988,0.5621,0.0574,0.5592,0.3448,44.771,walk
17.553,5989,0.5628,0.0576,0.5599,0.3299,45.052,walk
17.5562,5990,0.5615,0.0579,0.5585,0.3456,45.161,walk
17.5594,5991,0.5588,0.0578,0.5558,0.3456,44.982,walk
17.5628,5992,0.5582,0.058,0.5552,0.338,45.074,walk
17.5669,5993,0.5576,0.0583,0.5545,0.3421,45.225,walk
17.5703,5994,0.5569,0.0585,0.5539,0.3322,45.426,walk
17.5729,5995,0.5556,0.0587,0.5525,0.3279,45.446,walk
17.5768,5996,0.5543,0.0589,0.5511,0.3323,45.536,walk
17.5791,5997,0.5523,0.0588,0.5491,0.3323,45.41,walk
17.5818,5998,0.5522,0.0591,0.5491,0.3212,45.597,walk
17.5838,5999,0.5509,0.059,0.5477,0.3212,45.407,walk
17.5864,6000,0.5508,0.0593,0.5476,0.3141,45.672,walk
17.5916,6001,0.5501,0.0595,0.5468,0.3039,45.728,walk
17.5925,6002,0.5473,0.0593,0.5441,0.3039,45.599,walk
17.5949,6003,0.5472,0.0595,0.544,0.3069,45.649,walk
17.5983,6004,0.5471,0.0597,0.5439,0.3044,45.896,walk
17.6001,6005,0.5451,0.0596,0.5418,0.3044,45.632,walk
17.6036,6006,0.5442,0.0597,0.5409,0.2918,45.803,walk
17.6101,6007,0.5434,0.0598,0.5401,0.2984,45.862,walk
17.6139,6008,0.5404,0.0598,0.5371,0.2928,45.767,walk
17.6151,6009,0.5387,0.0599,0.5354,0.29,45.814,walk
17.6189,6010,0.5378,0.0599,0.5344,0.2893,45.989,walk
17.6204,6011,0.5363,0.0598,0.533,0.2893,45.786,walk
17.6244,6012,0.5354,0.0598,0.532,0.2859,45.966,walk
17.6252,6013,0.5339,0.0597,0.5305,0.2859,45.763,walk
17.6287,6014,0.5344,0.0599,0.531,0.2891,46.017,walk
17.6317,6015,0.5326,0.0598,0.5292,0.2761,46.142,walk
17.6335,6016,0.5303,0.0596,0.527,0.2761,45.872,walk
17.6376,6017,0.5299,0.0596,0.5266,0.2709,46.124,walk
17.6381,6018,0.5276,0.0594,0.5243,0.2709,45.855,walk
17.6404,6019,0.5273,0.0594,0.5239,0.2832,46.123,walk
17.6433,6020,0.5269,0.0595,0.5235,0.2761,46.24,walk
17.6459,6021,0.5261,0.0594,0.5228,0.2761,46.174,walk
17.6477,6022,0.5241,0.0592,0.5208,0.2775,46.234,walk
17.6505,6023,0.5216,0.0589,0.5183,0.2775,46.103,walk
17.654,6024,0.5202,0.0587,0.5169,0.268,46.157,walk
17.661,6025,0.5166,0.0582,0.5133,0.269,46.418,jog
17.6645,6026,0.516,0.0581,0.5127,0.274,46.541,jog
17.6665,6027,0.5135,0.0577,0.5102,0.274,46.412,jog
17.6702,6028,0.51,0.0572,0.5068,0.2285,46.202,jog
17.6746,6029,0.5101,0.0571,0.5069,0.244,46.441,jog
17.6751,6030,0.5065,0.0566,0.5033,0.244,46.183,jog
17.6788,6031,0.5057,0.0564,0.5025,0.2337,46.341,jog
17.6797,6032,0.5039,0.0562,0.5007,0.2337,46.147,jog
17.6824,6033,0.5031,0.0559,0.5,0.2554,46.408,jog
17.6867,6034,0.5015,0.0554,0.4984,0.2701,46.455,jog
17.6889,6035,0.4998,0.055,0.4967,0.2524,46.558,jog
17.6907,6036,0.498,0.0548,0.4949,0.2524,46.427,jog
17.6923,6037,0.4951,0.0544,0.4921,0.2524,46.296,jog
17.6965,6038,0.4931,0.0535,0.4902,0.4578,46.359,jog
17.6998,6039,0.4913,0.053,0.4884,0.2751,46.41,jog
17.7019,6040,0.4903,0.0526,0.4875,0.2305,46.582,jog
17.7048,6041,0.4874,0.0522,0.4846,0.2305,46.318,jog
17.7081,6042,0.4864,0.0518,0.4836,0.2198,46.466,jog
17.7171,6043,0.4805,0.0504,0.4779,0.2587,46.257,jog
17.7182,6044,0.4786,0.0497,0.476,0.2592,46.315,jog
17.7206,6045,0.4756,0.0492,0.473,0.2592,46.056,jog
17.7255,6046,0.4734,0.0484,0.4709,0.2523,46.105,jog
17.726,6047,0.4703,0.048,0.4679,0.2523,45.849,jog
17.7287,6048,0.4692,0.0473,0.4668,0.2504,45.95,jog
17.7332,6049,0.4648,0.0463,0.4625,0.2265,45.74,jog
17.738,6050,0.4636,0.0456,0.4614,0.2423,45.685,jog
17.7398,6051,0.4613,0.0447,0.4591,0.2412,45.682,jog
17.7417,6052,0.4582,0.0442,0.4561,0.2412,45.438,jog
17.7442,6053,0.4572,0.0434,0.4552,0.2814,45.424,jog
17.7463,6054,0.4557,0.0433,0.4537,0.2814,45.24,jog
17.7499,6055,0.4539,0.0426,0.4519,0.2339,45.081,jog
17.7541,6056,0.4527,0.0417,0.4507,0.2511,45.027,jog
17.7574,6057,0.4517,0.041,0.4498,0.2238,44.999,jog
17.7603,6058,0.4496,0.0401,0.4478,0.2801,44.797,jog
17.7626,6059,0.4489,0.0401,0.4471,0.2801,44.672,jog
17.7662,6060,0.4485,0.0393,0.4467,0.5535,44.794,jog
17.7668,6061,0.447,0.0391,0.4452,0.5535,44.606,jog
17.7706,6062,0.4444,0.0384,0.4427,0.2307,44.294,jog
17.7742,6063,0.4445,0.0377,0.4429,0.5372,44.433,jog
17.7748,6064,0.4418,0.0375,0.4402,0.5372,44.309,jog
17.7788,6065,0.4397,0.0368,0.4381,0.2224,44.083,jog
17.7813,6066,0.4375,0.036,0.4361,0.2493,44.046,jog
17.7832,6067,0.4366,0.0359,0.4351,0.2493,43.929,jog
17.7873,6068,0.4326,0.035,0.4312,0.1702,43.643,jog
17.7879,6069,0.4306,0.0348,0.4292,0.1702,43.535,jog
17.7922,6070,0.4296,0.034,0.4283,0.2534,43.542,jog
17.7957,6071,0.4278,0.033,0.4265,0.2453,43.35,jog
17.7998,6072,0.4239,0.0317,0.4227,0.2317,43.091,jog
17.8004,6073,0.421,0.0312,0.4199,0.2317,42.896,jog
17.8044,6074,0.4197,0.0302,0.4187,0.2181,42.907,jog
17.8092,6075,0.4166,0.0287,0.4156,0.2508,42.763,jog
17.8106,6076,0.4145,0.0274,0.4136,0.256,42.694,jog
17.8133,6077,0.4107,0.0265,0.4098,0.256,42.452,jog
17.8164,6078,0.4096,0.0254,0.4088,0.2698,42.462,jog
17.8192,6079,0.4085,0.0242,0.4077,0.2659,42.362,jog
17.8211,6080,0.4047,0.0233,0.404,0.2659,42.169,jog
17.8257,6081,0.4036,0.0221,0.403,0.2604,42.169,jog
17.826,6082,0.4008,0.0213,0.4002,0.2604,41.975,jog
17.829,6083,0.3988,0.0199,0.3983,0.2546,41.916,jog
17.8326,6084,0.398,0.0184,0.3976,0.3864,41.777,jog
17.8336,6085,0.3962,0.0179,0.3958,0.3864,41.729,jog
17.8361,6086,0.3952,0.0166,0.3949,0.2778,41.645,jog
17.8381,6087,0.3934,0.0161,0.3931,0.2778,41.548,jog
17.8417,6088,0.3923,0.0148,0.392,0.2601,41.505,jog
17.8438,6089,0.3895,0.013,0.3893,0.2993,41.386,jog
17.8458,6090,0.3878,0.0125,0.3876,0.2993,41.337,jog
17.8503,6091,0.3859,0.0108,0.3857,0.2847,41.205,jog
17.8507,6092,0.3841,0.0103,0.384,0.2847,41.155,jog
17.8537,6093,0.3822,0.0087,0.3821,0.2688,41.017,jog
17.8596,6094,0.3813,0.0071,0.3812,0.3294,41.07,jog
17.864,6095,0.3785,0.0037,0.3785,0.3143,40.99,jog
17.8645,6096,0.375,0.0026,0.375,0.3143,40.732,jog
17.867,6097,0.3733,0.0021,0.3733,0.3143,40.68,jog
17.8697,6098,0.3715,0.0003,0.3715,0.3048,40.55,jog
17.8718,6099,0.3698,-0.0003,0.3698,0.3048,40.497,jog
17.8757,6100,0.3688,-0.0017,0.3688,0.2634,40.389,jog
17.8789,6101,0.3654,-0.0041,0.3654,0.3165,40.193,jog
17.8818,6102,0.3645,-0.0058,0.3645,0.3157,40.1,jog
17.8838,6103,0.362,-0.0067,0.3619,0.3157,39.991,jog
17.8866,6104,0.3611,-0.0083,0.361,0.3206,39.903,jog
17.8886,6105,0.3586,-0.0093,0.3585,0.3206,39.792,jog
17.8924,6106,0.3578,-0.011,0.3576,0.3229,39.689,jog
17.8954,6107,0.3553,-0.0134,0.3551,0.3353,39.545,jog
17.8967,6108,0.3537,-0.014,0.3534,0.3353,39.43,jog
17.8999,6109,0.3521,-0.0162,0.3517,0.3545,39.41,jog
17.9041,6110,0.3488,-0.0189,0.3483,0.3306,39.189,jog
17.9074,6111,0.3481,-0.0207,0.3475,0.3393,39.091,jog
17.9108,6112,0.3457,-0.0234,0.345,0.3654,38.955,jog
17.9134,6113,0.3449,-0.0237,0.3441,0.3654,38.897,jog
17.9168,6114,0.3428,-0.0266,0.3418,0.4467,38.749,jog
17.9176,6115,0.3412,-0.0273,0.3402,0.4467,38.576,jog
17.9202,6116,0.3398,-0.0296,0.3385,0.3572,38.528,jog
17.9249,6117,0.3383,-0.0319,0.3368,0.3742,38.395,jog
17.9296,6118,0.3346,-0.0353,0.3327,0.3735,38.125,jog
17.9327,6119,0.3339,-0.0373,0.3318,0.3611,38.14,jog
17.9357,6120,0.3325,-0.0398,0.3302,0.3895,37.995,jog
17.9369,6121,0.331,-0.0405,0.3286,0.3895,37.94,jog
17.9426,6122,0.3297,-0.043,0.3269,0.3971,37.805,jog
17.9457,6123,0.3277,-0.0459,0.3245,0.4012,37.631,jog
17.9461,6124,0.3255,-0.047,0.3221,0.4012,37.519,jog
17.9501,6125,0.325,-0.0493,0.3213,0.4326,37.415,jog
17.9547,6126,0.3231,-0.0523,0.3189,0.406,37.259,jog
17.9554,6127,0.321,-0.0534,0.3165,0.406,37.146,jog
17.9583,6128,0.3213,-0.0555,0.3165,0.4461,37.105,jog
17.9637,6129,0.3188,-0.0589,0.3133,0.4298,36.807,jog
17.967,6130,0.3172,-0.0621,0.311,0.4588,36.701,jog
17.969,6131,0.3167,-0.0644,0.3101,0.4263,36.549,jog
17.9705,6132,0.3146,-0.0656,0.3077,0.4263,36.434,jog
17.9749,6133,0.314,-0.0687,0.3064,0.5226,36.255,jog
17.9756,6134,0.3127,-0.0694,0.3049,0.5226,36.196,jog
17.9782,6135,0.3126,-0.072,0.3042,0.4833,36.026,jog
17.9802,6136,0.3106,-0.0731,0.3019,0.4833,35.908,jog
17.9831,6137,0.3105,-0.0757,0.3011,0.4956,35.794,jog
17.9864,6138,0.3098,-0.0788,0.2997,0.5135,35.729,jog
17.9881,6139,0.3079,-0.0799,0.2974,0.5135,35.489,jog
17.9911,6140,0.3072,-0.0828,0.2959,0.4934,35.384,jog
17.9931,6141,0.306,-0.0835,0.2944,0.4934,35.201,jog
17.9994,6142,0.3062,-0.089,0.293,0.5398,35.002,jog
17.9999,6143,0.305,-0.0897,0.2915,0.5398,34.88,jog
18.0026,6144,0.3051,-0.0924,0.2908,0.5306,34.834,jog
18.0046,6145,0.3033,-0.0934,0.2886,0.5306,34.652,jog
18.0068,6146,0.3041,-0.0957,0.2886,0.5363,34.59,jog
18.0098,6147,0.3017,-0.0971,0.2856,0.5363,34.352,jog
18.012,6148,0.3005,-0.0977,0.2842,0.5363,34.176,jog
18.0177,6149,0.3001,-0.1039,0.2815,0.5602,33.858,jog
18.0196,6150,0.3005,-0.1067,0.2809,0.5622,33.821,jog
18.0228,6151,0.3015,-0.1092,0.281,0.5822,33.759,jog
18.0256,6152,0.2988,-0.1108,0.2775,0.5822,33.489,jog
18.0289,6153,0.2994,-0.1137,0.277,0.5831,33.362,jog
18.0297,6154,0.2984,-0.1143,0.2756,0.5831,33.311,jog
18.0333,6155,0.2985,-0.1174,0.2744,0.5807,33.101,jog
18.0341,6156,0.2975,-0.1181,0.273,0.5807,33.053,jog
18.0371,6157,0.2982,-0.121,0.2725,0.5941,32.984,jog
18.0384,6158,0.2972,-0.1216,0.2712,0.5941,32.838,jog
18.0424,6159,0.2965,-0.1247,0.269,0.5125,32.473,jog
18.0447,6160,0.2977,-0.1272,0.2692,0.59,32.407,jog
18.0474,6161,0.2975,-0.1297,0.2678,0.5923,32.275,jog
18.0497,6162,0.2956,-0.1297,0.2656,0.5923,32.156,jog
18.0537,6163,0.296,-0.1321,0.2649,0.6115,32.089,jog
18.0595,6164,0.2955,-0.1347,0.263,0.6344,31.973,jog
18.0642,6165,0.2951,-0.1403,0.2596,0.659,31.895,jog
18.067,6166,0.2938,-0.1405,0.258,0.659,31.877,jog
18.0704,6167,0.2945,-0.1434,0.2572,0.6539,31.872,jog
18.0724,6168,0.295,-0.1463,0.2562,0.6393,31.863,jog
18.0753,6169,0.2936,-0.1467,0.2544,0.6393,31.854,jog
18.0795,6170,0.2941,-0.1496,0.2532,0.6381,31.843,jog
18.0818,6171,0.2947,-0.1526,0.2521,0.6565,31.914,jog
18.084,6172,0.2938,-0.1528,0.2509,0.6565,31.907,jog
18.088,6173,0.2938,-0.156,0.249,0.691,32.015,jog
18.0915,6174,0.2953,-0.1591,0.2487,0.7257,32.14,jog
18.0955,6175,0.2962,-0.1623,0.2478,0.7318,32.193,jog
18.096,6176,0.2949,-0.1625,0.2461,0.7318,32.187,jog
18.0999,6177,0.2966,-0.1654,0.2462,0.7099,32.173,jog
18.1039,6178,0.297,-0.1685,0.2446,0.7356,32.192,jog
18.1046,6179,0.2957,-0.1686,0.2429,0.7356,32.172,jog
18.1084,6180,0.297,-0.1716,0.2424,0.7332,32.168,jog
18.1118,6181,0.297,-0.1747,0.2402,0.7402,32.126,jog
18.1155,6182,0.2983,-0.1777,0.2396,0.7609,32.115,jog
18.1186,6183,0.2983,-0.1806,0.2374,0.7496,32.064,jog
18.1212,6184,0.2978,-0.1806,0.2368,0.7496,32.045,jog
18.1243,6185,0.2984,-0.1836,0.2352,0.7798,32.003,jog
18.1295,6186,0.2993,-0.1866,0.234,0.7749,31.946,jog
18.1318,6187,0.2997,-0.1893,0.2323,0.7776,31.885,jog
18.1334,6188,0.2982,-0.189,0.2307,0.7776,31.856,jog
18.1377,6189,0.2986,-0.1917,0.229,0.7791,31.77,jog
18.1416,6190,0.2991,-0.1944,0.2274,0.775,31.698,jog
18.1448,6191,0.3,-0.1973,0.226,0.7944,31.649,jog
18.1474,6192,0.301,-0.2002,0.2248,0.8024,31.57,jog
18.1495,6193,0.3,-0.1999,0.2237,0.8024,31.53,jog
18.154,6194,0.3014,-0.203,0.2228,0.8082,31.495,jog
18.1548,6195,0.2998,-0.2024,0.2211,0.8082,31.409,jog
18.1599,6196,0.3011,-0.2054,0.2202,0.7967,31.357,jog
18.1642,6197,0.3039,-0.2115,0.2183,0.8065,31.183,walk
18.1667,6198,0.3008,-0.2104,0.2149,0.8065,31.06,walk
18.1708,6199,0.3024,-0.2137,0.2139,0.8848,30.856,walk
18.1753,6200,0.3016,-0.2159,0.2105,0.8365,30.688,walk
18.1793,6201,0.3019,-0.2184,0.2084,0.8173,30.598,walk
18.1828,6202,0.3032,-0.2217,0.2069,1.0862,30.773,walk
18.1852,6203,0.304,-0.2244,0.2051,0.8189,30.622,walk
18.1873,6204,0.3028,-0.2239,0.2039,0.8189,30.592,walk
18.191,6205,0.3042,-0.2268,0.2027,0.8218,30.465,walk
18.1936,6206,0.3044,-0.2293,0.2003,0.8434,30.33,walk
18.1956,6207,0.3033,-0.2288,0.199,0.8434,30.299,walk
18.1982,6208,0.3048,-0.2319,0.1978,0.8622,30.242,walk
18.2001,6209,0.3031,-0.2312,0.196,0.8622,30.114,walk
18.204,6210,0.3045,-0.2341,0.1948,0.8259,30.109,walk
18.2046,6211,0.3034,-0.2336,0.1936,0.8259,30.011,walk
18.2092,6212,0.3048,-0.2365,0.1923,0.8392,29.975,walk
18.2112,6213,0.3051,-0.239,0.1897,0.8501,29.851,walk
18.2148,6214,0.3054,-0.2414,0.1871,0.8542,29.78,walk
18.2176,6215,0.3035,-0.2404,0.1853,0.8542,29.709,walk
18.2211,6216,0.3037,-0.2426,0.1826,0.8574,29.613,walk
18.2252,6217,0.3051,-0.2455,0.1812,0.8447,29.601,walk
18.2257,6218,0.3039,-0.2448,0.18,0.8447,29.49,walk
18.229,6219,0.3047,-0.2473,0.1779,0.8514,29.504,walk
18.2315,6220,0.3056,-0.2499,0.1759,0.8556,29.427,walk
18.2331,6221,0.3043,-0.2492,0.1746,0.8556,29.388,walk
18.2372,6222,0.3045,-0.2513,0.1719,0.855,29.32,walk
18.2411,6223,0.306,-0.2542,0.1704,0.8592,29.356,walk
18.2415,6224,0.3047,-0.2534,0.1692,0.8592,29.233,walk
18.2443,6225,0.3056,-0.2558,0.1671,0.8561,29.24,walk
18.2463,6226,0.3042,-0.2551,0.1658,0.8561,29.114,walk
18.2489,6227,0.3057,-0.2577,0.1644,0.8285,29.14,walk
18.2513,6228,0.3072,-0.2604,0.1629,0.8422,29.197,walk
18.2539,6229,0.3058,-0.2596,0.1616,0.8422,29.068,walk
18.2582,6230,0.3066,-0.2618,0.1595,0.8263,29.087,walk
18.2592,6231,0.3045,-0.2605,0.1576,0.8263,28.913,walk
18.2644,6232,0.3088,-0.2665,0.1559,0.8254,29.069,walk
18.2656,6233,0.306,-0.2647,0.1534,0.8254,28.85,walk
18.2679,6234,0.3046,-0.2638,0.1521,0.8254,28.806,walk
18.2709,6235,0.3046,-0.2654,0.1494,0.8252,28.679,walk
18.2747,6236,0.3045,-0.2669,0.1466,0.7984,28.603,walk
18.2792,6237,0.3058,-0.2692,0.1452,0.7962,28.65,walk
18.2797,6238,0.3036,-0.2677,0.1432,0.7962,28.475,walk
18.2838,6239,0.3043,-0.2696,0.1411,0.7988,28.484,walk
18.2867,6240,0.3048,-0.2713,0.139,0.7781,28.416,walk
18.292,6241,0.3053,-0.2729,0.1369,0.757,28.44,walk
18.2926,6242,0.3028,-0.2711,0.1348,0.757,28.291,walk
18.2956,6243,0.3042,-0.2733,0.1336,0.7007,28.212,walk
18.2985,6244,0.3056,-0.2754,0.1325,0.7593,28.195,walk
18.3002,6245,0.3044,-0.2744,0.1317,0.7593,28.11,walk
18.3035,6246,0.3058,-0.2764,0.1307,0.7444,28.04,walk
18.3082,6247,0.3075,-0.2787,0.13,0.7415,28.107,walk
18.3094,6248,0.3052,-0.2767,0.1288,0.7415,27.881,walk
18.3141,6249,0.306,-0.2781,0.1277,0.6973,27.913,walk
18.3182,6250,0.3095,-0.2825,0.1263,0.7312,27.984,walk
18.3193,6251,0.3075,-0.2808,0.1253,0.7312,27.807,walk
18.3214,6252,0.3056,-0.2792,0.1243,0.7312,27.721,walk
18.3248,6253,0.3063,-0.2804,0.1231,0.713,27.693,walk
18.3291,6254,0.3075,-0.2822,0.1223,0.6905,27.796,walk
18.3294,6255,0.3055,-0.2804,0.1214,0.6905,27.636,walk
18.3329,6256,0.3062,-0.2815,0.1206,0.7072,27.664,walk
18.3349,6257,0.3077,-0.2832,0.1201,0.7171,27.789,walk
18.3369,6258,0.3059,-0.2814,0.1197,0.7171,27.676,walk
18.3408,6259,0.3068,-0.2827,0.1192,0.7046,27.709,walk
18.3452,6260,0.3072,-0.2834,0.1185,0.682,27.728,walk
18.3462,6261,0.3061,-0.2824,0.1181,0.682,27.688,walk
18.3494,6262,0.3071,-0.2839,0.1173,0.6945,27.726,walk
18.3537,6263,0.3082,-0.2853,0.1165,0.6937,27.73,walk
18.3545,6264,0.3071,-0.2844,0.1159,0.6937,27.645,walk
18.3603,6265,0.3088,-0.2864,0.1153,0.7049,27.766,walk
18.3648,6266,0.3099,-0.2886,0.1129,0.7114,27.687,walk
18.3671,6267,0.3083,-0.2873,0.112,0.7114,27.517,walk
18.3702,6268,0.3107,-0.2899,0.1118,0.7284,27.612,walk
18.3742,6269,0.3113,-0.2909,0.1106,0.674,27.629,walk
18.3758,6270,0.3098,-0.2897,0.1098,0.674,27.545,walk
18.3786,6271,0.3109,-0.2911,0.109,0.6543,27.574,walk
18.3813,6272,0.3125,-0.293,0.1085,0.654,27.75,walk
18.3831,6273,0.311,-0.2918,0.1077,0.654,27.585,walk
18.3861,6274,0.3127,-0.2937,0.1073,0.6509,27.735,walk
18.3906,6275,0.3138,-0.2951,0.1067,0.617,27.881,walk
18.3913,6276,0.3124,-0.2939,0.1059,0.617,27.718,walk
18.3945,6277,0.314,-0.2958,0.1055,0.635,27.889,walk
18.3962,6278,0.3127,-0.2946,0.1047,0.635,27.728,walk
18.3993,6279,0.3139,-0.2961,0.1041,0.6367,27.825,walk
18.402,6280,0.3155,-0.298,0.1037,0.6361,27.851,walk
18.4047,6281,0.3147,-0.2972,0.1032,0.6361,27.771,walk
18.4084,6282,0.316,-0.2989,0.1027,0.6575,27.841,walk
18.4104,6283,0.3143,-0.2974,0.1017,0.6575,27.682,walk
18.4152,6284,0.3174,-0.3009,0.101,0.6526,27.741,walk
18.4175,6285,0.3174,-0.3009,0.101,0.6526,27.741,walk
18.4193,6286,0.3187,-0.3024,0.1006,0.6297,27.696,walk
18.4213,6287,0.3174,-0.3013,0.0999,0.6297,27.617,walk
18.4242,6288,0.3188,-0.3029,0.0995,0.6481,27.579,walk
18.4262,6289,0.318,-0.3022,0.099,0.6481,27.54,walk
18.4296,6290,0.3204,-0.3048,0.0989,0.7997,27.773,walk
18.4328,6291,0.3214,-0.306,0.0983,0.6389,27.782,walk
18.4358,6292,0.3232,-0.3079,0.0981,0.6437,27.8,walk
18.4378,6293,0.322,-0.3068,0.0974,0.6437,27.724,walk
18.441,6294,0.3238,-0.3088,0.0973,0.6532,27.784,walk
18.4442,6295,0.3248,-0.31,0.0968,0.6443,27.745,walk
18.4462,6296,0.3236,-0.309,0.0961,0.6443,27.597,walk
18.4497,6297,0.325,-0.3105,0.0958,0.6504,27.641,walk
18.4539,6298,0.3264,-0.3121,0.0955,0.636,27.609,walk
18.4572,6299,0.3278,-0.3136,0.0952,0.6449,27.657,walk
18.4609,6300,0.3284,-0.3145,0.0946,0.6439,27.57,walk
18.4642,6301,0.3298,-0.316,0.0944,0.6466,27.517,walk
18.4666,6302,0.3286,-0.3149,0.0938,0.6466,27.444,walk
18.4698,6303,0.3305,-0.317,0.0938,0.6735,27.438,walk
18.4718,6304,0.3293,-0.3158,0.0932,0.6735,27.365,walk
18.4758,6305,0.3308,-0.3174,0.093,0.6553,27.311,walk
18.479,6306,0.3322,-0.319,0.0928,0.6451,27.33,walk
18.4799,6307,0.3314,-0.3182,0.0925,0.6451,27.219,walk
18.4831,6308,0.3332,-0.3201,0.0925,0.6509,27.222,walk
18.484,6309,0.332,-0.319,0.092,0.6509,27.109,walk
18.4874,6310,0.3338,-0.3209,0.092,0.6483,27.149,walk
18.4908,6311,0.3352,-0.3224,0.0919,0.6401,27.069,walk
18.4944,6312,0.3367,-0.3239,0.0918,0.6612,27.074,walk
18.4961,6313,0.335,-0.3224,0.0912,0.6612,26.882,walk
18.499,6314,0.3364,-0.3238,0.0911,0.6395,26.878,walk
18.5038,6315,0.3387,-0.3261,0.0913,0.6578,26.878,walk
18.5045,6316,0.337,-0.3246,0.0907,0.6578,26.76,walk
18.5091,6317,0.339,-0.3266,0.0907,0.6979,26.64,walk
18.5121,6318,0.3401,-0.3278,0.0906,0.6764,26.641,walk
18.5176,6319,0.3406,-0.3285,0.0903,0.6559,26.44,walk
18.5214,6320,0.3407,-0.3286,0.0898,0.644,26.327,walk
18.5248,6321,0.342,-0.33,0.0899,0.646,26.273,walk
18.5282,6322,0.3439,-0.3319,0.09,0.6791,26.264,walk
18.5301,6323,0.3421,-0.3302,0.0895,0.6791,26.101,walk
18.5328,6324,0.3444,-0.3324,0.0898,0.6563,26.145,walk
18.5383,6325,0.3448,-0.333,0.0896,0.661,26.026,walk
18.539,6326,0.3461,-0.3344,0.0893,0.5664,26.212,walk
18.5417,6327,0.3452,-0.3335,0.089,0.5664,26.087,walk
18.5462,6328,0.3451,-0.3336,0.0887,0.6883,25.954,walk
18.5488,6329,0.3473,-0.3357,0.089,0.6409,25.97,walk
18.5516,6330,0.3487,-0.3371,0.0891,0.6818,26.012,walk
18.5542,6331,0.3482,-0.3366,0.089,0.6818,25.929,walk
18.5563,6332,0.3485,-0.337,0.0889,0.6681,25.798,walk
18.5641,6333,0.3507,-0.3392,0.089,0.6778,25.776,walk
18.5666,6334,0.3492,-0.3377,0.0887,0.6778,25.614,walk
18.5698,6335,0.3504,-0.339,0.0888,0.6709,25.641,walk
18.5729,6336,0.3523,-0.3408,0.0891,0.6914,25.631,walk
18.5746,6337,0.3507,-0.3393,0.0888,0.6914,25.551,walk
18.5779,6338,0.3526,-0.3412,0.0891,0.6947,25.568,walk
18.5796,6339,0.3511,-0.3396,0.0888,0.6947,25.449,walk
18.5837,6340,0.3529,-0.3415,0.0891,0.7009,25.489,walk
18.5855,6341,0.3542,-0.3428,0.0893,0.6888,25.459,walk
18.5874,6342,0.3526,-0.3412,0.089,0.6888,25.295,walk
18.5917,6343,0.355,-0.3436,0.0894,0.7057,25.375,walk
18.5962,6344,0.3538,-0.3424,0.0889,0.7275,25.269,walk
18.5981,6345,0.3555,-0.3441,0.0891,0.7094,25.276,walk
18.5996,6346,0.3548,-0.3435,0.089,0.7094,25.245,walk
18.602,6347,0.3559,-0.3445,0.0891,0.711,25.272,walk
18.6046,6348,0.354,-0.3427,0.0887,0.711,25.217,walk
18.6087,6349,0.3558,-0.3445,0.089,0.7265,25.256,walk
18.6105,6350,0.354,-0.3427,0.0888,0.7265,25.204,walk
18.6143,6351,0.3552,-0.3439,0.0891,0.7275,25.226,walk
18.6155,6352,0.3565,-0.3451,0.0894,0.7346,25.292,walk
18.6184,6353,0.3584,-0.347,0.0898,0.7486,25.352,walk
18.6208,6354,0.3567,-0.3452,0.0896,0.7486,25.302,walk
18.6237,6355,0.3587,-0.3473,0.0899,0.7559,25.361,walk
18.6257,6356,0.3571,-0.3457,0.0897,0.7559,25.312,walk
18.6297,6357,0.3585,-0.347,0.0899,0.7408,25.318,walk
18.6318,6358,0.3605,-0.349,0.0902,0.7581,25.421,walk
18.6335,6359,0.3588,-0.3473,0.09,0.7581,25.32,walk
18.6367,6360,0.3602,-0.3487,0.0902,0.7668,25.352,walk
18.6407,6361,0.3622,-0.3507,0.0907,0.7763,25.45,walk
18.6412,6362,0.3604,-0.3489,0.0905,0.7763,25.32,walk
18.6437,6363,0.3625,-0.3509,0.091,0.7941,25.414,walk
18.6458,6364,0.3619,-0.3503,0.0909,0.7941,25.379,walk
18.6491,6365,0.3635,-0.3518,0.0914,0.8131,25.394,walk
18.65,6366,0.3617,-0.35,0.0914,0.8131,25.235,walk
18.6522,6367,0.3647,-0.353,0.0919,0.876,25.368,walk
18.6543,6368,0.3629,-0.3511,0.0918,0.876,25.201,walk
18.6593,6369,0.3643,-0.3524,0.0923,0.7926,25.223,walk
18.6604,6370,0.363,-0.351,0.0922,0.7926,25.094,walk
18.6641,6371,0.3645,-0.3526,0.0924,0.701,25.25,walk
18.6672,6372,0.3643,-0.3523,0.0928,0.7985,25.191,walk
18.6701,6373,0.3649,-0.3528,0.0934,0.8182,25.131,walk
18.6736,6374,0.3669,-0.3547,0.0939,0.8423,25.27,walk
18.6755,6375,0.3648,-0.3525,0.094,0.8423,25.093,walk
18.6795,6376,0.3667,-0.3544,0.0945,0.8253,25.223,walk
18.6831,6377,0.368,-0.3555,0.095,0.8288,25.207,walk
18.6839,6378,0.3658,-0.3532,0.0951,0.8288,25.12,walk
18.6872,6379,0.367,-0.3543,0.0957,0.8269,25.112,walk
18.6918,6380,0.3682,-0.3554,0.0963,0.8355,25.18,walk
18.6926,6381,0.366,-0.3531,0.0964,0.8355,25.007,walk
18.6961,6382,0.3666,-0.3535,0.097,0.8487,25.001,walk
18.6998,6383,0.3686,-0.3554,0.0976,0.8399,25.173,walk
18.702,6384,0.3699,-0.3566,0.0983,0.8716,25.182,walk
18.7047,6385,0.3677,-0.3543,0.0985,0.8716,25.096,walk
18.709,6386,0.3696,-0.3561,0.0989,0.821,25.108,walk
18.7102,6387,0.3674,-0.3538,0.0991,0.821,25.024,walk
18.7154,6388,0.3697,-0.3559,0.1003,0.8782,25.144,walk
18.7186,6389,0.371,-0.357,0.101,0.8587,25.258,walk
18.7209,6390,0.3688,-0.3547,0.1012,0.8587,25.092,walk
18.7239,6391,0.3715,-0.3573,0.1017,0.835,25.212,walk
18.7259,6392,0.3686,-0.3542,0.102,0.835,25.046,walk
18.7295,6393,0.3706,-0.3561,0.1027,0.8549,25.157,walk
18.7313,6394,0.3727,-0.358,0.1034,0.8577,25.33,walk
18.733,6395,0.3712,-0.3565,0.1035,0.8577,25.207,walk
18.7357,6396,0.3725,-0.3576,0.1043,0.8387,25.305,walk
18.7374,6397,0.371,-0.356,0.1044,0.8387,25.181,walk
18.7417,6398,0.3716,-0.3563,0.1054,0.853,25.205,walk
18.7458,6399,0.3737,-0.3583,0.1061,0.8733,25.318,walk
18.7461,6400,0.3716,-0.356,0.1064,0.8733,25.195,walk
18.7495,6401,0.3736,-0.3579,0.1072,0.8438,25.307,walk
18.7507,6402,0.3722,-0.3563,0.1074,0.8438,25.266,walk
18.7539,6403,0.3742,-0.3583,0.1081,0.8578,25.327,walk
18.7546,6404,0.3728,-0.3567,0.1084,0.8578,25.286,walk
18.7585,6405,0.3749,-0.3586,0.1092,0.8435,25.334,walk
18.76,6406,0.3734,-0.3571,0.1094,0.8435,25.253,walk
18.7651,6407,0.3763,-0.3595,0.1113,0.8521,25.411,walk
18.7687,6408,0.3742,-0.3572,0.1117,0.8521,25.249,walk
18.7722,6409,0.3787,-0.3613,0.1135,0.9015,25.48,walk
18.7744,6410,0.3766,-0.359,0.1139,0.9015,25.399,walk
18.7778,6411,0.3789,-0.361,0.1149,0.8785,25.488,walk
18.7796,6412,0.3768,-0.3587,0.1153,0.8785,25.328,walk
18.7826,6413,0.3783,-0.36,0.1164,0.8664,25.402,walk
18.7876,6414,0.3792,-0.3605,0.1176,0.8854,25.434,walk
18.7883,6415,0.3779,-0.359,0.1179,0.8854,25.354,walk
18.7927,6416,0.3803,-0.3612,0.1189,0.9078,25.401,walk
18.7976,6417,0.3849,-0.3655,0.1209,0.8901,25.612,walk
18.7986,6418,0.3823,-0.3624,0.1216,0.8901,25.454,walk
18.8001,6419,0.381,-0.3609,0.122,0.8901,25.375,walk
18.8024,6420,0.3847,-0.3646,0.1227,0.9001,25.534,walk
18.8043,6421,0.382,-0.3615,0.1234,0.9001,25.377,walk
18.8083,6422,0.385,-0.3644,0.1243,0.8855,25.479,walk
18.8091,6423,0.383,-0.3621,0.1248,0.8855,25.322,walk
18.814,6424,0.3849,-0.3636,0.1261,0.9202,25.36,walk
18.8176,6425,0.3859,-0.3642,0.1276,0.8851,25.341,walk
18.8193,6426,0.3877,-0.3656,0.1289,0.9092,25.421,walk
18.8213,6427,0.3857,-0.3634,0.1294,0.9092,25.263,walk
18.824,6428,0.3888,-0.3664,0.1303,0.9107,25.324,walk
18.8269,6429,0.3901,-0.3672,0.1318,0.9352,25.288,walk
18.8286,6430,0.3888,-0.3656,0.1322,0.9352,25.208,walk
18.8319,6431,0.3913,-0.3679,0.1333,0.9116,25.259,walk
18.8336,6432,0.3893,-0.3656,0.1338,0.9116,25.097,walk
18.8358,6433,0.3918,-0.3679,0.1349,0.9158,25.176,walk
18.8378,6434,0.3905,-0.3664,0.1353,0.9158,25.053,walk
18.8403,6435,0.3929,-0.3685,0.1363,0.8999,25.075,walk
18.8424,6436,0.391,-0.3663,0.1369,0.8999,24.992,walk
18.8454,6437,0.395,-0.3701,0.138,1.1244,24.744,walk
18.8493,6438,0.3955,-0.3701,0.1396,0.9201,24.614,walk
18.8502,6439,0.3943,-0.3686,0.14,0.9201,24.529,walk
18.8539,6440,0.3974,-0.3716,0.1408,0.9154,24.554,walk
18.8546,6441,0.3954,-0.3693,0.1414,0.9154,24.384,walk
18.8592,6442,0.3979,-0.3716,0.1424,0.9228,24.33,walk
18.8613,6443,0.396,-0.3693,0.143,0.9228,24.203,walk
18.8655,6444,0.3986,-0.3717,0.1441,0.941,24.204,walk
18.8667,6445,0.3992,-0.3717,0.1457,0.9267,23.956,walk
18.8704,6446,0.4005,-0.3725,0.1472,0.9286,23.784,walk
18.873,6447,0.4031,-0.3748,0.1483,0.9336,23.673,walk
18.8748,6448,0.4018,-0.3733,0.1487,0.9336,23.632,walk
18.8793,6449,0.4025,-0.3734,0.1503,0.9358,23.35,walk
18.883,6450,0.4051,-0.3757,0.1514,0.9358,23.246,walk
18.8834,6451,0.4039,-0.3742,0.1518,0.9358,23.206,walk
18.8863,6452,0.4063,-0.3764,0.153,0.9062,23.077,walk
18.8883,6453,0.4044,-0.3742,0.1535,0.9062,23.005,walk
18.8914,6454,0.4065,-0.3759,0.1546,0.9281,22.807,walk
18.8954,6455,0.409,-0.3783,0.1555,0.9313,22.698,walk
18.8957,6456,0.4077,-0.3769,0.1554,0.9313,22.608,walk
18.8984,6457,0.41,-0.3792,0.156,0.939,22.478,walk
18.9005,6458,0.4078,-0.3769,0.1558,0.939,22.341,walk
18.9041,6459,0.4087,-0.3777,0.1562,0.9313,22.109,walk
18.907,6460,0.411,-0.3799,0.1569,0.9221,21.944,walk
18.9086,6461,0.4097,-0.3785,0.1568,0.9221,21.906,walk
18.9115,6462,0.4121,-0.3808,0.1575,0.9128,21.716,walk
18.914,6463,0.4101,-0.3787,0.1574,0.9128,21.605,walk
18.9177,6464,0.4106,-0.379,0.1579,0.8536,21.402,walk
18.9208,6465,0.4117,-0.38,0.1585,0.8888,21.204,walk
18.9248,6466,0.4129,-0.381,0.159,0.8897,21.007,walk
18.9279,6467,0.4141,-0.3821,0.1595,0.885,20.864,walk
18.93,6468,0.4118,-0.3797,0.1594,0.885,20.806,walk
18.9337,6469,0.4124,-0.38,0.1602,0.8763,20.661,walk
18.9369,6470,0.4137,-0.3812,0.1609,0.8641,20.56,walk
18.9402,6471,0.4159,-0.3831,0.1617,0.8552,20.477,walk
18.942,6472,0.4139,-0.381,0.1617,0.8552,20.434,walk
18.9446,6473,0.4153,-0.3822,0.1624,0.8315,20.424,walk
18.9465,6474,0.414,-0.3808,0.1624,0.8315,20.405,walk
18.9497,6475,0.4167,-0.3834,0.1632,0.84,20.443,walk
18.9518,6476,0.4175,-0.384,0.1639,0.8508,20.381,walk
18.9541,6477,0.4169,-0.3833,0.1639,0.8508,20.362,walk
18.9562,6478,0.4177,-0.3839,0.1646,0.8263,20.326,walk
18.9595,6479,0.4156,-0.3818,0.1643,0.8263,20.247,walk
18.9618,6480,0.419,-0.385,0.1652,0.8305,20.298,walk
18.9646,6481,0.4187,-0.3845,0.1656,0.8042,20.329,walk
18.9687,6482,0.4199,-0.3856,0.1662,0.8202,20.383,walk
18.9713,6483,0.4171,-0.3827,0.1658,0.8202,20.299,walk
18.9747,6484,0.4182,-0.3837,0.1663,0.8052,20.297,walk
18.9772,6485,0.4201,-0.3855,0.167,0.8112,20.397,walk
18.98,6486,0.4173,-0.3826,0.1665,0.8112,20.287,walk
18.983,6487,0.419,-0.3843,0.1671,0.7931,20.364,walk
18.9875,6488,0.4201,-0.3853,0.1676,0.794,20.378,walk
18.988,6489,0.4187,-0.3838,0.1673,0.794,20.356,walk
18.9906,6490,0.4204,-0.3855,0.1679,0.7739,20.395,walk
18.994,6491,0.4215,-0.3864,0.1684,0.8088,20.61,walk
18.9958,6492,0.4194,-0.3842,0.168,0.8088,20.541,walk
18.9999,6493,0.4211,-0.3859,0.1686,0.7919,20.622,walk
19.0006,6494,0.419,-0.3837,0.1681,0.7919,20.576,walk
19.0045,6495,0.4208,-0.3855,0.1686,0.7937,20.52,walk
19.0078,6496,0.4211,-0.3858,0.1688,0.7902,20.535,walk
19.0098,6497,0.4189,-0.3836,0.1684,0.7902,20.467,walk
19.0138,6498,0.4206,-0.3852,0.1688,0.7695,20.475,walk
19.017,6499,0.42,-0.3846,0.1687,0.751,20.47,walk
19.0206,6500,0.4201,-0.3848,0.1687,0.7707,20.553,walk
19.0249,6501,0.4202,-0.3849,0.1687,0.746,20.607,walk
19.0267,6502,0.4218,-0.3865,0.169,0.7571,20.661,walk
19.0291,6503,0.4196,-0.3842,0.1685,0.7571,20.619,walk
19.0328,6504,0.4211,-0.3858,0.1688,0.7387,20.678,walk
19.0371,6505,0.4218,-0.3865,0.1689,0.7202,20.743,walk
19.0374,6506,0.4195,-0.3842,0.1684,0.7202,20.66,walk
19.0421,6507,0.4211,-0.3858,0.1686,0.7548,20.772,walk
19.0427,6508,0.4188,-0.3836,0.1682,0.7548,20.691,walk
19.046,6509,0.4195,-0.3843,0.1682,0.7349,20.745,walk
19.0492,6510,0.4217,-0.3865,0.1686,0.7265,20.821,walk
19.0534,6511,0.4194,-0.3842,0.1681,0.7428,20.76,walk
19.057,6512,0.4207,-0.3856,0.1682,0.7103,20.763,walk
19.0618,6513,0.4205,-0.3855,0.1681,0.7159,20.734,walk
19.0658,6514,0.4188,-0.3838,0.1677,0.7212,20.65,walk
19.0692,6515,0.4202,-0.3852,0.1678,0.7294,20.65,walk
19.0715,6516,0.4179,-0.3829,0.1674,0.7294,20.561,walk
19.0745,6517,0.419,-0.3841,0.1675,0.6687,20.517,walk
19.0792,6518,0.4186,-0.3837,0.1674,0.686,20.346,walk
19.0833,6519,0.4176,-0.3827,0.1672,0.7332,20.274,walk
19.0838,6520,0.4161,-0.3811,0.1669,0.7332,20.25,walk
19.0866,6521,0.4164,-0.3814,0.167,0.6693,20.138,walk
19.0911,6522,0.4176,-0.3827,0.1671,0.7145,20.098,walk
19.0915,6523,0.4152,-0.3803,0.1667,0.7145,20.046,walk
19.0956,6524,0.417,-0.3821,0.1671,0.654,19.922,walk
19.0959,6525,0.4138,-0.3788,0.1666,0.654,19.841,walk
19.0988,6526,0.4156,-0.3806,0.1668,0.6482,19.772,walk
19.1009,6527,0.4123,-0.3773,0.1663,0.6482,19.659,walk
19.1039,6528,0.4134,-0.3784,0.1665,0.6869,19.566,walk
19.1067,6529,0.4144,-0.3795,0.1665,0.6699,19.437,walk
19.1093,6530,0.4128,-0.3778,0.1663,0.6699,19.407,walk
19.1126,6531,0.412,-0.377,0.1661,0.6463,19.208,walk
19.1153,6532,0.4113,-0.3763,0.166,0.6651,19.033,walk
19.119,6533,0.4113,-0.3763,0.1659,0.6468,18.902,walk
19.1216,6534,0.4087,-0.3737,0.1656,0.6468,18.771,walk
19.1248,6535,0.4096,-0.3746,0.1656,0.6504,18.655,walk
19.1289,6536,0.4096,-0.3747,0.1655,0.671,18.462,walk
19.1331,6537,0.4077,-0.3728,0.1651,0.6224,18.23,walk
19.1335,6538,0.4059,-0.3709,0.1649,0.6224,18.161,walk
19.1373,6539,0.4067,-0.3717,0.165,0.6415,18.111,walk
19.1394,6540,0.4066,-0.3716,0.1649,0.6416,17.908,walk
19.1421,6541,0.403,-0.3679,0.1645,0.6416,17.766,walk
19.1454,6542,0.4054,-0.3704,0.1647,0.6149,17.729,walk
19.1489,6543,0.4034,-0.3684,0.1644,0.6509,17.549,walk
19.1521,6544,0.4023,-0.3672,0.1642,0.6398,17.32,walk
19.154,6545,0.4004,-0.3653,0.164,0.6398,17.213,walk
19.1569,6546,0.4,-0.365,0.1638,0.6157,17.077,walk
19.1591,6547,0.3973,-0.3621,0.1636,0.6157,16.934,walk
19.1645,6548,0.4013,-0.3664,0.1638,0.6288,16.803,walk
19.1673,6549,0.3948,-0.3595,0.1632,0.6288,16.591,walk
19.1706,6550,0.3954,-0.3602,0.1632,0.6382,16.429,walk
19.1727,6551,0.3951,-0.3598,0.1631,0.6352,16.312,walk
19.1751,6552,0.3942,-0.3589,0.163,0.6352,16.277,walk
19.1793,6553,0.3937,-0.3584,0.1629,0.6136,16.079,walk
19.1796,6554,0.3909,-0.3554,0.1627,0.6136,16.013,walk
19.1826,6555,0.3906,-0.3552,0.1625,0.6559,15.834,walk
19.1857,6556,0.3903,-0.3548,0.1625,0.5975,15.658,walk
19.1877,6557,0.3888,-0.3533,0.1624,0.5975,15.631,walk
19.1921,6558,0.3899,-0.3545,0.1623,0.6281,15.528,walk
19.1952,6559,0.3903,-0.355,0.1623,0.6033,15.438,walk
19.1955,6560,0.3883,-0.3528,0.1622,0.6033,15.365,walk
19.1983,6561,0.3893,-0.3539,0.1621,0.6192,15.35,walk
19.1999,6562,0.3877,-0.3523,0.1619,0.6192,15.305,walk
19.2044,6563,0.3877,-0.3524,0.1615,0.6178,15.25,walk
19.205,6564,0.386,-0.3507,0.1611,0.6178,15.216,walk
19.2084,6565,0.3849,-0.3499,0.1604,0.5884,15.158,walk
19.2116,6566,0.3856,-0.3509,0.16,0.6315,15.114,walk
19.2158,6567,0.3838,-0.3493,0.159,0.6171,15.07,walk
19.2229,6568,0.3825,-0.3485,0.1577,0.5935,14.994,walk
19.2256,6569,0.3817,-0.3477,0.1575,0.5935,14.994,walk
19.2308,6570,0.3797,-0.346,0.1566,0.6049,14.913,walk
19.2328,6571,0.3795,-0.346,0.156,0.6105,14.91,walk
19.2353,6572,0.3793,-0.346,0.1555,0.614,14.861,walk
19.2379,6573,0.3769,-0.3436,0.155,0.614,14.838,walk
19.2413,6574,0.3768,-0.3437,0.1545,0.6024,14.803,walk
19.2438,6575,0.3775,-0.3445,0.1542,0.6054,14.789,walk
19.2466,6576,0.3742,-0.3413,0.1535,0.6054,14.716,walk
19.2492,6577,0.3749,-0.3422,0.1532,0.6154,14.737,walk
19.2521,6578,0.3748,-0.3423,0.1527,0.6066,14.7,walk
19.2541,6579,0.374,-0.3415,0.1526,0.6066,14.683,walk
19.2569,6580,0.3732,-0.3409,0.1519,0.6101,14.602,walk
19.2589,6581,0.3724,-0.3401,0.1517,0.6101,14.602,walk
19.2612,6582,0.3732,-0.3411,0.1515,0.6125,14.579,walk
19.2633,6583,0.3701,-0.338,0.1509,0.6125,14.504,walk
19.2665,6584,0.3702,-0.3383,0.1504,0.6199,14.477,walk
19.2686,6585,0.3687,-0.3368,0.1501,0.6199,14.457,walk
19.2729,6586,0.3726,-0.3411,0.1499,0.6078,14.494,walk
19.2732,6587,0.3696,-0.3382,0.1493,0.6078,14.412,walk
19.2754,6588,0.3682,-0.3367,0.149,0.6078,14.369,walk
19.2789,6589,0.3691,-0.3378,0.1487,0.6197,14.349,walk
19.2817,6590,0.3686,-0.3375,0.1481,0.6271,14.326,walk
19.2834,6591,0.3671,-0.3361,0.1479,0.6271,14.303,walk
19.286,6592,0.3681,-0.3373,0.1475,0.6381,14.276,walk
19.2875,6593,0.3667,-0.3359,0.1472,0.6381,14.209,walk
19.2905,6594,0.3683,-0.3377,0.1471,0.6191,14.265,walk
19.2925,6595,0.3656,-0.3349,0.1466,0.6191,14.173,walk
19.2957,6596,0.3673,-0.3369,0.1463,0.6425,14.208,walk
19.2998,6597,0.367,-0.3368,0.1457,0.6395,14.172,walk
19.3002,6598,0.3649,-0.3347,0.1454,0.6395,14.126,walk
19.3041,6599,0.366,-0.336,0.1451,0.6385,14.128,walk
19.3049,6600,0.3647,-0.3347,0.1448,0.6385,14.082,walk
19.3072,6601,0.3658,-0.336,0.1445,0.6512,14.115,walk
19.3094,6602,0.3638,-0.3341,0.1441,0.6512,14.021,walk
19.3128,6603,0.3643,-0.3348,0.1437,0.6645,14.045,walk
19.3175,6604,0.3655,-0.3362,0.1433,0.6488,14.042,walk
19.3187,6605,0.3659,-0.3369,0.1429,0.6402,14.042,walk
19.3228,6606,0.3668,-0.338,0.1425,0.5989,13.954,walk
19.3232,6607,0.3643,-0.3354,0.142,0.5989,13.86,walk
19.3262,6608,0.3643,-0.3354,0.142,0.5989,13.86,walk
19.3302,6609,0.3636,-0.335,0.1414,0.6645,13.815,walk
19.3336,6610,0.3629,-0.3345,0.1407,0.6531,13.772,walk
19.337,6611,0.3642,-0.336,0.1404,0.6605,13.839,walk
19.338,6612,0.3623,-0.3341,0.1401,0.6605,13.792,walk
19.3421,6613,0.365,-0.3371,0.14,0.7232,13.994,walk
19.3426,6614,0.3625,-0.3345,0.1396,0.7232,13.877,walk
19.3453,6615,0.3639,-0.3362,0.1392,0.7173,14.075,walk
19.3498,6616,0.3648,-0.3374,0.1389,0.7293,14.225,walk
19.3506,6617,0.363,-0.3355,0.1386,0.7293,14.178,walk
19.3543,6618,0.3644,-0.3372,0.1382,0.7188,14.321,walk
19.3577,6619,0.364,-0.337,0.1376,0.714,14.368,walk
19.3597,6620,0.3628,-0.3357,0.1374,0.714,14.345,walk
19.3652,6621,0.3643,-0.3379,0.136,0.7765,14.149,walk
19.3682,6622,0.3655,-0.3394,0.1355,0.6729,14.189,walk
19.3705,6623,0.3636,-0.3375,0.1352,0.6729,14.116,walk
19.3742,6624,0.3643,-0.3385,0.1346,0.6994,14.103,walk
19.3751,6625,0.363,-0.3372,0.1344,0.6994,14.079,walk
19.3795,6626,0.3636,-0.3381,0.1338,0.6797,14.073,walk
19.3809,6627,0.3649,-0.3397,0.1332,0.7076,14.054,walk
19.3832,6628,0.363,-0.3378,0.1329,0.7076,13.958,walk
19.3868,6629,0.3643,-0.3393,0.1324,0.686,13.999,walk
19.3877,6630,0.363,-0.3381,0.1322,0.686,13.928,walk
19.3898,6631,0.3642,-0.3396,0.1317,0.6903,13.928,walk
19.3924,6632,0.3623,-0.3377,0.1314,0.6903,13.881,walk
19.3958,6633,0.3629,-0.3386,0.1307,0.7034,13.854,walk
19.3981,6634,0.3642,-0.3401,0.1302,0.7016,13.909,walk
19.4,6635,0.3622,-0.3382,0.1299,0.7016,13.817,walk
19.4031,6636,0.3629,-0.3391,0.1292,0.7199,13.825,walk
19.4066,6637,0.3642,-0.3407,0.1287,0.7194,13.852,walk
19.4086,6638,0.3622,-0.3387,0.1283,0.7194,13.807,walk
19.4132,6639,0.3629,-0.3396,0.1277,0.7166,13.78,walk
19.4168,6640,0.3635,-0.3405,0.127,0.7198,13.83,walk
19.4215,6641,0.3614,-0.3387,0.1259,0.7275,13.706,walk
19.4247,6642,0.3633,-0.341,0.1253,0.7301,13.77,walk
19.4292,6643,0.3632,-0.3412,0.1245,0.7298,13.708,walk
19.4334,6644,0.3624,-0.3407,0.1234,0.7505,13.651,walk
19.434,6645,0.361,-0.3393,0.1232,0.7505,13.607,walk
19.4369,6646,0.3622,-0.3408,0.1225,0.7293,13.609,walk
19.4402,6647,0.3627,-0.3417,0.1217,0.7371,13.562,walk
19.4457,6648,0.3624,-0.3417,0.1206,0.7366,13.486,walk
19.4462,6649,0.3595,-0.3388,0.1201,0.7366,13.421,walk
19.4499,6650,0.36,-0.3397,0.1192,0.7578,13.359,walk
19.4524,6651,0.3604,-0.3404,0.1183,0.7381,13.341,walk
19.4541,6652,0.3589,-0.3389,0.118,0.7381,13.278,walk
19.4581,6653,0.3586,-0.339,0.1169,0.7535,13.199,walk
19.4637,6654,0.3605,-0.3413,0.1162,0.7612,13.193,walk
19.4677,6655,0.3587,-0.3399,0.1147,0.7833,13.071,walk
19.4711,6656,0.3567,-0.3383,0.1131,0.7592,12.984,walk
19.4736,6657,0.3579,-0.3398,0.1122,0.7771,12.931,walk
19.4756,6658,0.3563,-0.3383,0.1118,0.7771,12.892,walk
19.4792,6659,0.3582,-0.3406,0.111,0.773,12.887,walk
19.4822,6660,0.3568,-0.3396,0.1094,0.736,12.634,walk
19.4849,6661,0.357,-0.3402,0.1082,0.7548,12.596,walk
19.4873,6662,0.3545,-0.3378,0.1077,0.7548,12.522,walk
19.4912,6663,0.3557,-0.3394,0.1066,0.8073,12.482,walk
19.4919,6664,0.3533,-0.337,0.1061,0.8073,12.416,walk
19.4957,6665,0.3554,-0.3395,0.1051,0.7914,12.411,walk
19.4963,6666,0.3533,-0.3374,0.1046,0.7914,12.347,walk
19.4998,6667,0.3549,-0.3394,0.1034,0.8217,12.311,walk
19.5007,6668,0.3536,-0.3382,0.1032,0.8217,12.254,walk
19.5042,6669,0.3551,-0.3401,0.1021,0.8114,12.223,walk
19.5068,6670,0.356,-0.3414,0.1008,0.8273,12.101,walk
19.5086,6671,0.354,-0.3394,0.1005,0.8273,12.031,walk
19.5119,6672,0.3548,-0.3406,0.0993,0.8252,11.978,walk
19.5145,6673,0.3554,-0.3417,0.0979,0.8689,11.832,walk
19.517,6674,0.3538,-0.34,0.0977,0.8689,11.763,walk
19.5213,6675,0.3542,-0.3408,0.0965,0.8416,11.68,walk
19.5247,6676,0.3547,-0.3417,0.0952,0.8532,11.607,walk
19.5291,6677,0.352,-0.3393,0.0937,0.8551,11.427,walk
19.5318,6678,0.3535,-0.3412,0.0925,0.867,11.415,walk
19.5334,6679,0.3519,-0.3396,0.0923,0.867,11.363,walk
19.5373,6680,0.3534,-0.3415,0.0911,0.8583,11.332,walk
19.5401,6681,0.3543,-0.3428,0.0898,0.8913,11.276,walk
19.5418,6682,0.3522,-0.3407,0.0896,0.8913,11.25,walk
19.5461,6683,0.3519,-0.3408,0.088,0.8924,11.183,walk
19.5484,6684,0.3543,-0.3436,0.0868,0.8777,11.168,walk
19.5505,6685,0.3522,-0.3415,0.0864,0.8777,11.143,walk
19.5528,6686,0.354,-0.3436,0.085,0.8983,11.109,walk
19.5553,6687,0.355,-0.345,0.0834,0.9006,11.096,walk
19.5575,6688,0.3535,-0.3436,0.0832,0.9006,11.07,walk
19.56,6689,0.3521,-0.3422,0.0829,0.9006,11.032,walk
19.5692,6690,0.3561,-0.3474,0.078,0.9367,10.999,walk
19.5716,6691,0.3533,-0.3447,0.0775,0.9367,10.933,walk
19.5744,6692,0.3543,-0.3461,0.0757,0.907,10.948,walk
19.5796,6693,0.3554,-0.3477,0.0738,0.9483,10.946,walk
19.58,6694,0.3541,-0.3464,0.0735,0.9483,10.933,walk
19.5827,6695,0.3553,-0.348,0.0717,0.9369,10.922,walk
19.586,6696,0.3573,-0.3504,0.07,0.9758,10.966,walk
19.5877,6697,0.3553,-0.3484,0.0696,0.9758,10.911,walk
19.59,6698,0.3572,-0.3507,0.0679,0.9388,10.934,walk
19.5921,6699,0.3552,-0.3487,0.0675,0.9388,10.893,walk
19.5963,6700,0.3565,-0.3504,0.0657,0.957,10.919,walk
19.5999,6701,0.3571,-0.3514,0.0636,0.9412,10.957,walk
19.6027,6702,0.3591,-0.3538,0.0618,0.9775,11.024,walk
19.6044,6703,0.3572,-0.3518,0.0614,0.9775,10.982,walk
19.6083,6704,0.3578,-0.3529,0.0594,0.9501,11.054,walk
19.614,6705,0.3631,-0.3588,0.0559,0.9558,11.287,walk
19.6152,6706,0.3605,-0.3562,0.0555,0.9558,11.246,walk
19.6189,6707,0.3611,-0.3572,0.0534,0.9374,11.366,walk
19.6213,6708,0.3592,-0.3552,0.0531,0.9374,11.312,walk
19.6242,6709,0.3613,-0.3576,0.0513,0.9612,11.483,walk
19.6255,6710,0.36,-0.3563,0.0511,0.9612,11.456,walk
19.6299,6711,0.3626,-0.3592,0.0494,0.9431,11.62,walk
19.6319,6712,0.3625,-0.3595,0.0472,0.9243,11.76,walk
19.6334,6713,0.3613,-0.3582,0.047,0.9243,11.733,walk
19.6376,6714,0.3625,-0.3597,0.0451,0.9263,11.92,walk
19.6414,6715,0.3637,-0.3612,0.0431,0.9105,12.121,walk
19.6418,6716,0.3624,-0.3599,0.0429,0.9105,12.108,walk
19.645,6717,0.3642,-0.3619,0.0411,0.9039,12.313,walk
19.6481,6718,0.3653,-0.3632,0.0391,1.1197,12.401,walk
19.6497,6719,0.3641,-0.362,0.0389,1.1197,12.374,walk
19.6541,6720,0.3652,-0.3634,0.0369,0.9116,12.559,walk
19.6567,6721,0.3657,-0.364,0.035,0.8678,12.763,walk
19.6585,6722,0.3644,-0.3627,0.0349,0.8678,12.723,walk
19.6617,6723,0.3662,-0.3647,0.033,0.902,12.944,walk
19.6643,6724,0.3666,-0.3653,0.0312,0.8633,13.13,walk
19.6673,6725,0.3647,-0.3634,0.0311,0.8633,13.089,walk
19.6697,6726,0.367,-0.3658,0.0294,0.8538,13.319,walk
19.6724,6727,0.3679,-0.3669,0.0277,0.8086,13.588,walk
19.6749,6728,0.366,-0.365,0.0276,0.8086,13.532,walk
19.6793,6729,0.3657,-0.3648,0.0259,0.8356,13.704,walk
19.6819,6730,0.368,-0.3672,0.0242,0.8346,13.934,walk
19.684,6731,0.366,-0.3652,0.0241,0.8346,13.889,walk
19.6868,6732,0.3676,-0.3669,0.0225,0.8085,14.101,walk
19.6912,6733,0.3679,-0.3673,0.0209,0.817,14.247,walk
19.6916,6734,0.3666,-0.366,0.0209,0.817,14.231,walk
19.6963,6735,0.3674,-0.3669,0.0193,0.8,14.368,walk
19.6975,6736,0.369,-0.3685,0.0177,0.794,14.548,walk
19.6995,6737,0.367,-0.3666,0.0177,0.794,14.496,walk
19.7024,6738,0.3685,-0.3681,0.0162,0.7851,14.64,walk
19.704,6739,0.3665,-0.3661,0.0163,0.7851,14.585,walk
19.7072,6740,0.3674,-0.3671,0.0147,0.8072,14.665,walk
19.7093,6741,0.366,-0.3658,0.0148,0.8072,14.625,walk
19.7133,6742,0.3674,-0.3672,0.0134,0.7508,14.77,walk
19.7165,6743,0.3682,-0.368,0.0119,0.7817,14.832,walk
19.721,6744,0.3669,-0.3668,0.0107,0.7657,14.822,walk
19.7254,6745,0.3684,-0.3683,0.0093,0.7733,14.917,walk
19.729,6746,0.3683,-0.3683,0.008,0.7532,14.936,walk
19.7295,6747,0.3663,-0.3662,0.0082,0.7532,14.842,walk
19.7328,6748,0.367,-0.3669,0.0069,0.7643,14.899,walk
19.7367,6749,0.3676,-0.3676,0.0057,0.7489,14.886,walk
19.7374,6750,0.3662,-0.3661,0.0059,0.7489,14.861,walk
19.7417,6751,0.3668,-0.3668,0.0047,0.7575,14.856,walk
19.7425,6752,0.3654,-0.3654,0.0048,0.7575,14.83,walk
19.7457,6753,0.366,-0.366,0.0037,0.7488,14.811,walk
19.7499,6754,0.3658,-0.3658,0.0027,0.7357,14.81,walk
19.7527,6755,0.3662,-0.3662,0.0018,0.7095,14.815,walk
19.7541,6756,0.3648,-0.3647,0.002,0.7095,14.763,walk
19.7571,6757,0.3661,-0.3661,0.0009,0.7541,14.765,walk
19.7598,6758,0.3681,-0.3681,-0.0003,0.7285,14.821,walk
19.7629,6759,0.3643,-0.3643,0.0003,0.7285,14.689,walk
19.7661,6760,0.3663,-0.3663,-0.0009,0.7276,14.777,walk
19.7682,6761,0.3625,-0.3625,-0.0002,0.7276,14.618,walk
19.772,6762,0.3629,-0.3629,-0.001,0.7097,14.629,walk
19.7754,6763,0.3641,-0.3641,-0.0019,0.7157,14.686,walk
19.7781,6764,0.3637,-0.3637,-0.0025,0.7131,14.684,walk
19.7801,6765,0.3614,-0.3614,-0.002,0.7131,14.633,walk
19.7831,6766,0.3617,-0.3617,-0.0027,0.6948,14.627,walk
19.7873,6767,0.3627,-0.3627,-0.0036,0.6811,14.784,walk
19.7878,6768,0.3611,-0.3611,-0.0032,0.6811,14.733,walk
19.7912,6769,0.3629,-0.3629,-0.0042,0.6816,14.794,walk
19.7959,6770,0.3629,-0.3629,-0.0048,0.6988,14.789,walk
19.7963,6771,0.3605,-0.3605,-0.0043,0.6988,14.713,walk
19.7992,6772,0.3626,-0.3625,-0.0054,0.7109,14.8,walk
19.8005,6773,0.3606,-0.3606,-0.0049,0.7109,14.768,walk
19.8039,6774,0.3619,-0.3618,-0.0058,0.6941,14.832,walk
19.8066,6775,0.3616,-0.3616,-0.0062,0.6789,14.902,walk
19.8083,6776,0.3603,-0.3602,-0.0059,0.6789,14.89,walk
19.8144,6777,0.3615,-0.3614,-0.0068,0.6681,14.993,walk
19.8157,6778,0.3606,-0.3606,-0.0074,0.6556,15.061,walk
19.8194,6779,0.3604,-0.3603,-0.008,0.6623,15.153,walk
19.8226,6780,0.3614,-0.3613,-0.0089,0.6601,15.282,walk
19.8249,6781,0.3592,-0.3591,-0.0084,0.6601,15.232,walk
19.8299,6782,0.3601,-0.3599,-0.0092,0.6327,15.355,walk
19.8309,6783,0.3592,-0.3591,-0.0095,0.6305,15.444,walk
19.833,6784,0.3568,-0.3567,-0.0089,0.6305,15.381,walk
19.8377,6785,0.3561,-0.3559,-0.0092,0.639,15.48,walk
19.8408,6786,0.357,-0.3568,-0.0099,0.6211,15.605,walk
19.8419,6787,0.3547,-0.3546,-0.0093,0.6211,15.528,walk
19.8464,6788,0.3571,-0.357,-0.0103,0.6207,15.67,walk
19.8495,6789,0.3552,-0.355,-0.0101,0.6373,15.717,walk
19.8537,6790,0.3542,-0.354,-0.0098,0.6166,15.761,walk
19.8568,6791,0.355,-0.3549,-0.0103,0.5996,15.882,walk
19.8583,6792,0.3528,-0.3527,-0.0096,0.5996,15.783,walk
19.8617,6793,0.3536,-0.3535,-0.0101,0.6097,15.927,walk
19.8657,6794,0.352,-0.3518,-0.0097,0.5573,15.929,walk
19.8689,6795,0.352,-0.3519,-0.0099,0.5953,15.963,walk
19.8719,6796,0.3497,-0.3496,-0.0092,0.5953,15.908,walk
19.8752,6797,0.3506,-0.3504,-0.0096,0.601,15.991,walk
19.8781,6798,0.3499,-0.3497,-0.0095,0.5883,16.075,walk
19.881,6799,0.3494,-0.3492,-0.0095,0.6395,16.136,walk
19.8831,6800,0.3479,-0.3478,-0.009,0.6395,16.107,walk
19.8863,6801,0.3496,-0.3495,-0.0098,0.6383,16.267,walk
19.888,6802,0.3467,-0.3466,-0.0088,0.6383,16.123,walk
19.8912,6803,0.349,-0.3488,-0.0097,0.5939,16.294,walk
19.8933,6804,0.3484,-0.3483,-0.0096,0.6009,16.343,walk
19.8962,6805,0.3455,-0.3454,-0.0086,0.6009,16.255,walk
19.8992,6806,0.3456,-0.3455,-0.0087,0.5793,16.285,walk
19.9038,6807,0.3457,-0.3456,-0.0088,0.5851,16.374,walk
19.9045,6808,0.3443,-0.3442,-0.0083,0.5851,16.284,walk
19.9083,6809,0.3452,-0.3451,-0.0087,0.5956,16.426,walk
19.9088,6810,0.3437,-0.3436,-0.0082,0.5956,16.366,walk
19.9117,6811,0.3439,-0.3438,-0.0083,0.5838,16.404,walk
19.9155,6812,0.3441,-0.344,-0.0084,0.6016,16.473,walk
19.9197,6813,0.3437,-0.3436,-0.0082,0.6032,16.542,walk
19.9227,6814,0.3439,-0.3438,-0.0084,0.5934,16.566,walk
19.9256,6815,0.3411,-0.341,-0.0073,0.5934,16.445,walk
19.9287,6816,0.342,-0.342,-0.0076,0.5928,16.563,walk
19.9336,6817,0.3423,-0.3423,-0.0078,0.606,16.586,walk
19.9366,6818,0.342,-0.3419,-0.0076,0.6103,16.637,walk
19.9386,6819,0.3392,-0.3392,-0.0066,0.6103,16.484,walk
19.9421,6820,0.3402,-0.3401,-0.0069,0.5914,16.588,walk
19.9457,6821,0.3405,-0.3404,-0.007,0.6041,16.593,walk
19.9478,6822,0.3402,-0.3401,-0.0068,0.608,16.626,walk
19.95,6823,0.3381,-0.3381,-0.006,0.608,16.503,walk
19.953,6824,0.3392,-0.3391,-0.0063,0.6068,16.594,walk
19.9561,6825,0.3395,-0.3395,-0.0063,0.6121,16.584,walk
19.9577,6826,0.3382,-0.3381,-0.0058,0.6121,16.553,walk
19.963,6827,0.3393,-0.3393,-0.0062,0.6352,16.631,walk
19.9678,6828,0.337,-0.337,-0.0051,0.6138,16.519,walk
19.9702,6829,0.3367,-0.3367,-0.0049,0.6024,16.45,walk
19.9733,6830,0.3354,-0.3353,-0.0044,0.6024,16.419,walk
19.9757,6831,0.3357,-0.3357,-0.0044,0.6069,16.397,walk
19.9797,6832,0.3362,-0.3361,-0.0044,0.6156,16.42,walk
19.9822,6833,0.3358,-0.3358,-0.0041,0.5986,16.381,walk
19.9856,6834,0.3376,-0.3376,-0.0047,0.6264,16.438,walk
19.9881,6835,0.3342,-0.3342,-0.0034,0.6264,16.287,walk
19.9909,6836,0.3354,-0.3354,-0.0037,0.6343,16.268,walk
19.9945,6837,0.3358,-0.3358,-0.0037,0.6185,16.295,walk
19.9965,6838,0.3351,-0.3351,-0.0034,0.6185,16.266,walk
19.9998,6839,0.335,-0.3349,-0.0032,0.6425,16.209,walk
20.0037,6840,0.3341,-0.3341,-0.0028,0.6464,16.143,walk
20.0066,6841,0.3352,-0.3352,-0.0031,0.6341,16.218,walk
20.0083,6842,0.3332,-0.3332,-0.0023,0.6341,16.109,walk
20.0112,6843,0.3318,-0.3318,-0.0018,0.6341,16.055,walk
20.0162,6844,0.3346,-0.3346,-0.0026,0.6246,16.148,walk
20.0196,6845,0.3343,-0.3343,-0.0023,0.6186,16.158,walk
20.0251,6846,0.3332,-0.3332,-0.0019,0.6123,16.135,walk
20.0256,6847,0.3311,-0.3311,-0.0011,0.6123,16.033,walk
20.0292,6848,0.3329,-0.3329,-0.0017,0.6361,16.116,walk
20.0297,6849,0.3307,-0.3307,-0.001,0.6361,16.016,walk
20.0338,6850,0.3326,-0.3326,-0.0016,0.6423,16.083,walk
20.0368,6851,0.3315,-0.3315,-0.0012,0.6372,16.028,walk
20.04,6852,0.3312,-0.3312,-0.0012,0.6619,16.01,walk
20.0415,6853,0.3297,-0.3297,-0.0007,0.6619,15.986,walk
20.0448,6854,0.3307,-0.3307,-0.0011,0.6253,16.006,walk
20.0477,6855,0.331,-0.331,-0.0012,0.6291,16.025,walk
20.0504,6856,0.328,-0.328,-0.0004,0.6291,15.905,walk
20.0533,6857,0.3289,-0.3289,-0.0007,0.6155,15.958,walk
20.0546,6858,0.3274,-0.3274,-0.0003,0.6155,15.886,walk
20.0575,6859,0.3276,-0.3276,-0.0006,0.6339,15.936,walk
20.0602,6860,0.3287,-0.3287,-0.0012,0.6646,15.963,walk
20.0646,6861,0.3274,-0.3274,-0.0011,0.6498,15.918,walk
20.0672,6862,0.3259,-0.3259,-0.0007,0.6498,15.894,walk
20.0692,6863,0.3268,-0.3268,-0.0012,0.6376,15.919,walk
20.0711,6864,0.3245,-0.3245,-0.0006,0.6376,15.871,walk
20.0754,6865,0.3262,-0.3262,-0.0014,0.6347,15.947,walk
20.0799,6866,0.3233,-0.3233,-0.001,0.6627,15.804,walk
20.0832,6867,0.3227,-0.3227,-0.0013,0.6535,15.797,walk
20.0874,6868,0.3238,-0.3238,-0.0019,0.6748,15.848,walk
20.0912,6869,0.3232,-0.3232,-0.0022,0.6625,15.774,walk
20.0917,6870,0.3218,-0.3218,-0.0019,0.6625,15.751,walk
20.0945,6871,0.3231,-0.3231,-0.0026,0.6573,15.752,walk
20.0965,6872,0.3212,-0.3211,-0.0023,0.6573,15.709,walk
20.099,6873,0.3224,-0.3224,-0.0029,0.6535,15.699,walk
20.1009,6874,0.3204,-0.3204,-0.0024,0.6535,15.632,walk
20.1036,6875,0.3224,-0.3224,-0.0032,0.6839,15.648,walk
20.1056,6876,0.3231,-0.3231,-0.0036,0.6808,15.618,walk
20.108,6877,0.3218,-0.3218,-0.0033,0.6808,15.592,walk
20.1111,6878,0.3231,-0.3231,-0.0039,0.6985,15.542,walk
20.1153,6879,0.3212,-0.3212,-0.0039,0.7118,15.471,walk
20.1188,6880,0.3215,-0.3215,-0.0044,0.6873,15.438,walk
20.1216,6881,0.3191,-0.3191,-0.0039,0.6873,15.33,walk
20.1251,6882,0.3186,-0.3186,-0.0042,0.707,15.263,walk
20.1278,6883,0.3198,-0.3197,-0.0049,0.7112,15.295,walk
20.1301,6884,0.3174,-0.3174,-0.0044,0.7112,15.197,walk
20.1332,6885,0.3194,-0.3194,-0.0052,0.7164,15.206,walk
20.1359,6886,0.3198,-0.3198,-0.0058,0.7131,15.196,walk
20.138,6887,0.3168,-0.3168,-0.0052,0.7131,15.113,walk
20.1412,6888,0.3174,-0.3174,-0.0058,0.7266,15.124,walk
20.1438,6889,0.3195,-0.3195,-0.0067,0.7284,15.145,walk
20.1467,6890,0.3166,-0.3166,-0.0061,0.7284,15.09,walk
20.1494,6891,0.3172,-0.3171,-0.0068,0.7371,15.072,walk
20.1527,6892,0.3186,-0.3185,-0.0077,0.7457,15.119,walk
20.1544,6893,0.3164,-0.3163,-0.0073,0.7457,15.045,walk
20.1569,6894,0.3177,-0.3176,-0.0082,0.7242,15.103,walk
20.1591,6895,0.3155,-0.3154,-0.0079,0.7242,15.027,walk
20.1654,6896,0.3205,-0.3203,-0.0099,0.7325,15.161,walk
20.1674,6897,0.3161,-0.3159,-0.0093,0.7325,15.064,walk
20.1713,6898,0.316,-0.3159,-0.0101,0.7596,15.067,walk
20.1735,6899,0.3168,-0.3166,-0.0109,0.7688,15.108,walk
20.1756,6900,0.3154,-0.3152,-0.0107,0.7688,15.049,walk
20.18,6901,0.3161,-0.3159,-0.0116,0.7413,15.103,walk
20.181,6902,0.3169,-0.3166,-0.0125,0.7723,15.126,walk
20.1832,6903,0.3154,-0.3152,-0.0123,0.7723,15.107,walk
20.1873,6904,0.3169,-0.3167,-0.0132,0.7556,15.178,walk
20.19,6905,0.317,-0.3167,-0.014,0.7625,15.229,walk
20.1917,6906,0.3156,-0.3153,-0.0138,0.7625,15.17,walk
20.195,6907,0.3172,-0.3169,-0.0149,0.7916,15.271,walk
20.1981,6908,0.3166,-0.3162,-0.0156,0.7576,15.282,walk
20.2009,6909,0.3152,-0.3148,-0.0154,0.7576,15.224,walk
20.204,6910,0.3161,-0.3157,-0.0164,0.7869,15.318,walk
20.2068,6911,0.317,-0.3165,-0.0172,0.7613,15.386,walk
20.2089,6912,0.3163,-0.3158,-0.0171,0.7613,15.367,walk
20.2133,6913,0.3151,-0.3146,-0.0178,0.7861,15.375,walk
20.2172,6914,0.3174,-0.3169,-0.0189,0.7795,15.499,walk
20.2184,6915,0.3184,-0.3178,-0.0198,0.7853,15.568,walk
20.221,6916,0.3163,-0.3157,-0.0196,0.7853,15.532,walk
20.2255,6917,0.3173,-0.3166,-0.0205,0.7949,15.588,walk
20.2303,6918,0.3154,-0.3147,-0.0211,0.7798,15.624,walk
20.234,6919,0.3178,-0.317,-0.0221,0.7822,15.705,walk
20.2372,6920,0.3182,-0.3173,-0.0229,0.8102,15.806,walk
20.2413,6921,0.3192,-0.3183,-0.0238,0.8021,15.861,walk
20.2417,6922,0.3171,-0.3162,-0.0236,0.8021,15.81,walk
20.2459,6923,0.3189,-0.3179,-0.0246,0.812,15.923,walk
20.2487,6924,0.3192,-0.3182,-0.0254,0.8083,15.988,walk
20.2507,6925,0.3171,-0.3161,-0.0251,0.8083,15.955,walk
20.2538,6926,0.3181,-0.3171,-0.026,0.8037,16.007,walk
20.2567,6927,0.3199,-0.3188,-0.027,0.8129,16.113,walk
20.2582,6928,0.3178,-0.3167,-0.0267,0.8129,16.047,walk
20.2628,6929,0.3196,-0.3184,-0.0277,0.8283,16.146,walk
20.2634,6930,0.3175,-0.3163,-0.0274,0.8283,16.08,walk
20.2665,6931,0.3186,-0.3174,-0.0283,0.8391,16.179,walk
20.2697,6932,0.3204,-0.3191,-0.0292,0.8069,16.262,walk
20.2718,6933,0.3182,-0.3169,-0.0289,0.8069,16.228,walk
20.2754,6934,0.3202,-0.3188,-0.0299,0.8461,16.291,walk
20.2782,6935,0.3206,-0.3191,-0.0306,0.8336,16.363,walk
20.2829,6936,0.3203,-0.3188,-0.0312,0.8541,16.377,walk
20.2858,6937,0.3215,-0.3199,-0.032,0.8392,16.453,walk
20.288,6938,0.3207,-0.3192,-0.0318,0.8392,16.414,walk
20.2912,6939,0.3206,-0.3189,-0.0324,0.8821,16.439,walk
20.2944,6940,0.3218,-0.32,-0.0332,0.8588,16.51,walk
20.2964,6941,0.3202,-0.3186,-0.0329,0.8588,16.445,walk
20.2996,6942,0.3223,-0.3205,-0.0338,0.8854,16.533,walk
20.3014,6943,0.3244,-0.3225,-0.0346,0.8809,16.641,walk
20.3038,6944,0.3221,-0.3202,-0.0342,0.8809,16.549,walk
20.3085,6945,0.3241,-0.3222,-0.0351,0.8806,16.635,walk
20.3089,6946,0.3218,-0.3199,-0.0346,0.8806,16.538,walk
20.3127,6947,0.3223,-0.3204,-0.035,0.8849,16.574,walk
20.317,6948,0.3227,-0.3208,-0.0355,0.8883,16.618,walk
20.3196,6949,0.3248,-0.3228,-0.0363,0.8946,16.66,walk
20.3211,6950,0.3224,-0.3204,-0.0357,0.8946,16.606,walk
20.3262,6951,0.3253,-0.3232,-0.0367,0.904,16.699,walk
20.3311,6952,0.3262,-0.3241,-0.0375,0.9173,16.654,walk
20.3338,6953,0.3246,-0.3225,-0.0371,0.9173,16.625,walk
20.3359,6954,0.3259,-0.3237,-0.0376,0.9243,16.605,stand
20.3379,6955,0.3234,-0.3213,-0.037,0.9243,16.544,stand
20.3405,6956,0.3266,-0.3243,-0.0382,1.0064,16.531,stand
20.3438,6957,0.3278,-0.3255,-0.0387,0.9266,16.518,stand
20.3457,6958,0.3253,-0.3231,-0.038,0.9266,16.423,stand
20.3501,6959,0.3266,-0.3243,-0.0384,0.9432,16.434,stand
20.3506,6960,0.3249,-0.3226,-0.0379,0.9432,16.37,stand
20.3537,6961,0.327,-0.3247,-0.0386,0.9498,16.331,stand
20.3571,6962,0.3282,-0.3259,-0.0389,0.9268,16.315,stand
20.3587,6963,0.3256,-0.3234,-0.0382,0.9268,16.187,stand
20.3612,6964,0.3278,-0.3255,-0.0388,0.9501,16.156,stand
20.3639,6965,0.33,-0.3276,-0.0394,0.9672,16.152,stand
20.3663,6966,0.3265,-0.3242,-0.0383,0.9672,16.026,stand
20.3693,6967,0.3295,-0.3271,-0.0391,0.9505,15.996,stand
20.3713,6968,0.3259,-0.3237,-0.038,0.9505,15.871,stand
20.375,6969,0.3271,-0.3249,-0.0382,0.954,15.747,stand
20.3786,6970,0.3293,-0.327,-0.0387,0.962,15.664,stand
20.3818,6971,0.3314,-0.329,-0.0393,0.9548,15.599,stand
20.3842,6972,0.326,-0.3238,-0.0374,0.9548,15.39,stand
20.3869,6973,0.328,-0.3258,-0.0379,0.9377,15.291,stand
20.3915,6974,0.3304,-0.3282,-0.0385,0.9501,15.218,stand
20.3943,6975,0.3317,-0.3294,-0.0388,0.9474,15.068,stand
20.3962,6976,0.329,-0.3268,-0.038,0.9474,14.975,stand
20.3989,6977,0.3314,-0.3292,-0.0387,0.9563,14.899,stand
20.4008,6978,0.33,-0.3277,-0.0383,0.9563,14.855,stand
20.4042,6979,0.3307,-0.3285,-0.0386,0.9435,14.724,stand
20.4064,6980,0.3329,-0.3306,-0.0393,0.9398,14.623,stand
20.4091,6981,0.3306,-0.3283,-0.0388,0.9398,14.582,stand
20.4124,6982,0.3327,-0.3303,-0.0395,0.9301,14.483,stand
20.4151,6983,0.3339,-0.3315,-0.0399,0.9201,14.364,stand
20.4186,6984,0.336,-0.3335,-0.0405,0.9379,14.2,stand
20.419,6985,0.3343,-0.3319,-0.0402,0.9379,14.178,stand
20.4217,6986,0.3317,-0.3294,-0.0396,0.9379,14.144,stand
20.4254,6987,0.332,-0.3296,-0.0397,0.8941,14.017,stand
20.428,6988,0.334,-0.3316,-0.0404,0.9207,13.901,stand
20.4303,6989,0.3315,-0.3291,-0.0397,0.9207,13.862,stand
20.433,6990,0.3344,-0.3319,-0.0405,0.9113,13.774,stand
20.4374,6991,0.3354,-0.3329,-0.0409,0.8589,13.644,stand
20.4377,6992,0.333,-0.3305,-0.0403,0.8589,13.618,stand
20.4413,6993,0.3353,-0.3328,-0.0409,0.9388,13.55,stand
20.4421,6994,0.3329,-0.3305,-0.0403,0.9388,13.52,stand
20.4469,6995,0.3335,-0.331,-0.0408,0.7657,13.361,stand
20.4498,6996,0.3337,-0.3312,-0.0409,0.8496,13.255,stand
20.4537,6997,0.3356,-0.333,-0.0414,0.849,13.204,stand
20.4541,6998,0.3333,-0.3307,-0.0408,0.849,13.131,stand
20.4573,6999,0.3359,-0.3334,-0.0415,0.8513,13.105,stand
20.4586,7000,0.3336,-0.3311,-0.041,0.8513,13.049,stand
20.463,7001,0.3339,-0.3314,-0.041,0.832,12.989,stand
20.4655,7002,0.3357,-0.3332,-0.0416,0.8188,12.944,stand
20.4684,7003,0.3368,-0.3342,-0.0419,0.8211,12.899,stand
20.4709,7004,0.3346,-0.332,-0.0413,0.8211,12.821,stand
20.4752,7005,0.3341,-0.3316,-0.0412,0.8099,12.729,stand
20.4804,7006,0.3352,-0.3326,-0.0416,0.7983,12.713,stand
20.483,7007,0.3362,-0.3336,-0.0419,0.7903,12.679,stand
20.4857,7008,0.3379,-0.3353,-0.0424,0.7773,12.688,stand
20.4883,7009,0.3343,-0.3317,-0.0415,0.7773,12.588,stand
20.4918,7010,0.3353,-0.3327,-0.0418,0.7805,12.575,stand
20.4955,7011,0.337,-0.3344,-0.0424,0.7649,12.593,stand
20.4962,7012,0.3349,-0.3323,-0.0418,0.7649,12.512,stand
20.4986,7013,0.3373,-0.3346,-0.0426,0.7678,12.521,stand
20.5005,7014,0.3352,-0.3325,-0.042,0.7678,12.46,stand
20.5029,7015,0.3369,-0.3342,-0.0426,0.7545,12.458,stand
20.5049,7016,0.3347,-0.3321,-0.0421,0.7545,12.396,stand
20.5083,7017,0.3357,-0.333,-0.0425,0.7474,12.378,stand
20.5103,7018,0.3374,-0.3346,-0.0431,0.7509,12.367,stand
20.5154,7019,0.3375,-0.3348,-0.0433,0.7238,12.315,stand
20.5181,7020,0.3385,-0.3357,-0.0437,0.7452,12.271,stand
20.5205,7021,0.3364,-0.3336,-0.0432,0.7452,12.185,stand
20.5226,7022,0.3381,-0.3352,-0.0438,0.7417,12.185,stand
20.5254,7023,0.336,-0.3332,-0.0433,0.7417,12.098,stand
20.5302,7024,0.3368,-0.334,-0.0437,0.7175,12.082,stand
20.5353,7025,0.3415,-0.3385,-0.0453,0.7341,12.031,stand
20.5378,7026,0.3373,-0.3344,-0.0442,0.7341,11.9,stand
20.5415,7027,0.3381,-0.3352,-0.0447,0.713,11.838,stand
20.5423,7028,0.3361,-0.3332,-0.0442,0.713,11.75,stand
20.5461,7029,0.3383,-0.3353,-0.045,0.7137,11.751,stand
20.5491,7030,0.3384,-0.3354,-0.0453,0.7206,11.626,stand
20.5537,7031,0.3378,-0.3348,-0.0455,0.7157,11.452,stand
20.5541,7032,0.3365,-0.3334,-0.0452,0.7157,11.409,stand
20.5575,7033,0.3379,-0.3348,-0.0459,0.7149,11.32,stand
20.5584,7034,0.3365,-0.3335,-0.0455,0.7149,11.254,stand
20.5614,7035,0.338,-0.3348,-0.0462,0.6926,11.168,stand
20.5644,7036,0.3387,-0.3355,-0.0467,0.7151,11.094,stand
20.5668,7037,0.3366,-0.3334,-0.0462,0.7151,11.029,stand
20.5691,7038,0.3381,-0.3348,-0.0469,0.7118,10.947,stand
20.5712,7039,0.3359,-0.3327,-0.0464,0.7118,10.862,stand
20.5736,7040,0.3373,-0.334,-0.0471,0.6964,10.787,stand
20.576,7041,0.3359,-0.3326,-0.0468,0.6964,10.725,stand
20.5801,7042,0.3358,-0.3325,-0.0471,0.6984,10.58,stand
20.5838,7043,0.3357,-0.3323,-0.0475,0.6958,10.472,stand
20.5867,7044,0.337,-0.3336,-0.0482,0.7003,10.352,stand
20.5899,7045,0.3369,-0.3334,-0.0486,0.6904,10.239,stand
20.5917,7046,0.3354,-0.3319,-0.0482,0.6904,10.184,stand
20.597,7047,0.336,-0.3324,-0.0488,0.697,10.082,stand
20.6002,7048,0.3357,-0.3321,-0.0492,0.6939,9.943,stand
20.6034,7049,0.3355,-0.3318,-0.0496,0.6906,9.812,stand
20.6079,7050,0.3359,-0.3321,-0.0503,0.6821,9.682,stand
20.6084,7051,0.3336,-0.3299,-0.0498,0.6821,9.62,stand
20.6147,7052,0.3376,-0.3336,-0.0516,0.6899,9.474,stand
20.6152,7053,0.3337,-0.3298,-0.0508,0.6899,9.4,stand
20.6176,7054,0.3321,-0.3282,-0.0504,0.6899,9.386,stand
20.6208,7055,0.3347,-0.3308,-0.0515,0.6656,9.314,stand
20.6244,7056,0.3318,-0.3278,-0.0515,0.667,9.149,stand
20.6301,7057,0.3329,-0.3287,-0.0522,0.6725,9.054,stand
20.6342,7058,0.3314,-0.3272,-0.0525,0.6501,8.925,stand
20.6359,7059,0.3316,-0.3273,-0.0531,0.678,8.839,stand
20.6376,7060,0.3291,-0.3249,-0.0526,0.678,8.792,stand
20.6408,7061,0.33,-0.3257,-0.0534,0.65,8.707,stand
20.6438,7062,0.3303,-0.3259,-0.0541,0.7286,8.588,stand
20.6456,7063,0.3278,-0.3233,-0.0537,0.7286,8.557,stand
20.6495,7064,0.3286,-0.3241,-0.0544,0.6437,8.455,stand
20.6533,7065,0.3277,-0.3231,-0.055,0.6525,8.336,stand
20.6536,7066,0.3259,-0.3213,-0.0547,0.6525,8.326,stand
20.656,7067,0.3267,-0.322,-0.0554,0.6375,8.205,stand
20.6581,7068,0.324,-0.3193,-0.055,0.6375,8.167,stand
20.6616,7069,0.3257,-0.3209,-0.0559,0.6409,8.089,stand
20.6623,7070,0.323,-0.3182,-0.0555,0.6409,8.052,stand
20.6662,7071,0.3229,-0.3179,-0.0562,0.6572,7.922,stand
20.6672,7072,0.321,-0.3161,-0.056,0.6572,7.913,stand
20.6706,7073,0.3227,-0.3177,-0.057,0.6575,7.807,stand
20.6726,7074,0.3216,-0.3164,-0.0576,0.645,7.669,stand
20.6756,7075,0.3187,-0.3135,-0.0572,0.645,7.635,stand
20.6789,7076,0.3184,-0.3131,-0.0579,0.6415,7.534,stand
20.6818,7077,0.3182,-0.3127,-0.0587,0.6564,7.433,stand
20.6853,7078,0.3178,-0.3122,-0.0595,0.6379,7.331,stand
20.6873,7079,0.3149,-0.3093,-0.0591,0.6379,7.316,stand
20.6901,7080,0.3156,-0.3098,-0.06,0.648,7.21,stand
20.6918,7081,0.3138,-0.3081,-0.0598,0.648,7.205,stand
20.6945,7082,0.3147,-0.3088,-0.0607,0.6315,7.109,stand
20.6965,7083,0.3123,-0.3064,-0.0603,0.6315,7.09,stand
20.6994,7084,0.3129,-0.3069,-0.061,0.6628,6.995,stand
20.702,7085,0.3144,-0.3082,-0.0618,0.6411,6.848,stand
20.7035,7086,0.3132,-0.3071,-0.0615,0.6411,6.834,stand
20.7076,7087,0.3146,-0.3084,-0.0624,0.6536,6.673,stand
20.7092,7088,0.3118,-0.3057,-0.0616,0.6536,6.622,stand
20.7127,7089,0.3127,-0.3064,-0.0624,0.6373,6.43,stand
20.7164,7090,0.3127,-0.3063,-0.0629,0.6496,6.22,stand
20.7169,7091,0.311,-0.3046,-0.0624,0.6496,6.187,stand
20.7213,7092,0.31,-0.3037,-0.0626,0.6419,6.044,stand
20.7244,7093,0.3109,-0.3044,-0.0633,0.647,5.94,stand
20.7285,7094,0.3101,-0.3035,-0.0636,0.643,5.821,stand
20.7326,7095,0.3076,-0.301,-0.0636,0.6524,5.662,stand
20.7354,7096,0.3094,-0.3026,-0.0645,0.6413,5.587,stand
20.7381,7097,0.3053,-0.2986,-0.0636,0.6413,5.546,stand
20.7413,7098,0.3065,-0.2997,-0.0644,0.6584,5.493,stand
20.744,7099,0.3069,-0.3,-0.065,0.6545,5.411,stand
20.7458,7100,0.3054,-0.2985,-0.0647,0.6545,5.406,stand
20.7501,7101,0.3065,-0.2994,-0.0656,0.6479,5.35,stand
20.7506,7102,0.3041,-0.2971,-0.0651,0.6479,5.34,stand
20.753,7103,0.3045,-0.2973,-0.0659,0.6644,5.279,stand
20.7562,7104,0.3056,-0.2982,-0.0668,0.6627,5.251,stand
20.7582,7105,0.3033,-0.2959,-0.0664,0.6627,5.232,stand
20.7616,7106,0.3036,-0.2961,-0.0672,0.6645,5.199,stand
20.7636,7107,0.3021,-0.2946,-0.067,0.6645,5.186,stand
20.7665,7108,0.3033,-0.2956,-0.0679,0.6721,5.18,stand
20.7688,7109,0.3038,-0.2959,-0.0687,0.6727,5.162,stand
20.7715,7110,0.3015,-0.2936,-0.0684,0.6727,5.153,stand
20.7748,7111,0.3019,-0.2939,-0.0692,0.6642,5.128,stand
20.7798,7112,0.3033,-0.295,-0.0702,0.6964,5.145,stand
20.7811,7113,0.3031,-0.2947,-0.0709,0.6757,5.131,stand
20.7837,7114,0.3009,-0.2925,-0.0706,0.6757,5.122,stand
20.7864,7115,0.3015,-0.2929,-0.0715,0.6918,5.128,stand
20.7904,7116,0.3022,-0.2934,-0.0724,0.6865,5.129,stand
20.7925,7117,0.3,-0.2912,-0.072,0.6865,5.109,stand
20.7955,7118,0.3014,-0.2924,-0.0731,0.6972,5.152,stand
20.7997,7119,0.3007,-0.2915,-0.0737,0.6945,5.147,stand
20.8022,7120,0.3022,-0.2928,-0.0748,0.7117,5.166,stand
20.8037,7121,0.3008,-0.2914,-0.0745,0.7117,5.161,stand
20.8072,7122,0.3022,-0.2926,-0.0756,0.7037,5.204,stand
20.8083,7123,0.3001,-0.2906,-0.0752,0.7037,5.195,stand
20.8118,7124,0.301,-0.2912,-0.0762,0.7188,5.205,stand
20.8167,7125,0.3025,-0.2925,-0.0773,0.712,5.238,stand
20.8176,7126,0.2997,-0.2897,-0.0768,0.712,5.217,stand
20.8212,7127,0.3019,-0.2917,-0.078,0.715,5.262,stand
20.825,7128,0.3015,-0.291,-0.0787,0.7337,5.302,stand
20.8254,7129,0.3002,-0.2897,-0.0785,0.7337,5.294,stand
20.8297,7130,0.3017,-0.291,-0.0796,0.714,5.318,stand
20.8323,7131,0.302,-0.2911,-0.0804,0.7429,5.36,stand
20.8365,7132,0.3029,-0.2918,-0.0814,0.7283,5.388,walk
20.8393,7133,0.3033,-0.2919,-0.0823,0.7542,5.445,walk
20.8419,7134,0.3019,-0.2905,-0.0821,0.7542,5.435,walk
20.8449,7135,0.3022,-0.2906,-0.0829,0.7219,5.478,walk
20.8468,7136,0.3008,-0.2892,-0.0826,0.7219,5.475,walk
20.85,7137,0.3012,-0.2893,-0.0835,0.7496,5.487,walk
20.8539,7138,0.3036,-0.2915,-0.0848,0.7668,5.555,walk
20.8542,7139,0.3016,-0.2895,-0.0844,0.7668,5.545,walk
20.8581,7140,0.3025,-0.2902,-0.0854,0.7276,5.571,walk
20.861,7141,0.3036,-0.291,-0.0864,0.7616,5.648,walk
20.8634,7142,0.3016,-0.289,-0.086,0.7616,5.642,walk
20.8665,7143,0.3026,-0.2899,-0.087,0.7689,5.731,walk
20.8706,7144,0.3043,-0.2913,-0.0881,0.7472,5.762,walk
20.8711,7145,0.303,-0.29,-0.0878,0.7472,5.758,walk
20.8749,7146,0.3046,-0.2914,-0.0889,0.7493,5.799,walk
20.8783,7147,0.305,-0.2915,-0.0898,0.7658,5.812,walk
20.8865,7148,0.305,-0.2911,-0.0912,0.7549,5.828,walk
20.8898,7149,0.3061,-0.2919,-0.0923,0.7822,5.844,walk
20.8922,7150,0.3033,-0.2892,-0.0916,0.7822,5.824,walk
20.8952,7151,0.3051,-0.2907,-0.0928,0.7932,5.848,walk
20.8979,7152,0.3062,-0.2915,-0.0938,0.8054,5.844,walk
20.9001,7153,0.3049,-0.2902,-0.0935,0.8054,5.839,walk
20.9045,7154,0.3059,-0.291,-0.0944,0.7851,5.814,walk
20.9048,7155,0.3045,-0.2896,-0.0941,0.7851,5.808,walk
20.908,7156,0.3048,-0.2897,-0.0949,0.7965,5.783,walk
20.9109,7157,0.3067,-0.2912,-0.0961,0.8138,5.774,walk
20.913,7158,0.3052,-0.2899,-0.0957,0.8138,5.753,walk
20.9176,7159,0.307,-0.2913,-0.0969,0.8059,5.742,walk
20.9208,7160,0.3073,-0.2914,-0.0977,0.7988,5.701,walk
20.9216,7161,0.3052,-0.2893,-0.097,0.7988,5.685,walk
20.9248,7162,0.3069,-0.2907,-0.0982,0.7957,5.641,walk
20.927,7163,0.3079,-0.2915,-0.0992,0.813,5.616,walk
20.9339,7164,0.3083,-0.2916,-0.1,0.8279,5.577,walk
20.9376,7165,0.3063,-0.2895,-0.0999,0.816,5.491,walk
20.9411,7166,0.3065,-0.2895,-0.1005,0.8116,5.417,walk
20.9448,7167,0.309,-0.2917,-0.102,0.8347,5.404,walk
20.9468,7168,0.306,-0.2889,-0.1009,0.8347,5.355,walk
20.9501,7169,0.3077,-0.2903,-0.1021,0.8278,5.316,walk
20.9529,7170,0.308,-0.2904,-0.1027,0.8364,5.231,walk
20.9543,7171,0.3072,-0.2896,-0.1024,0.8364,5.231,walk
20.9574,7172,0.3082,-0.2904,-0.1033,0.8347,5.173,walk
20.9601,7173,0.3093,-0.2912,-0.1042,0.8529,5.129,walk
20.9629,7174,0.3069,-0.289,-0.1032,0.8529,5.093,walk
20.9672,7175,0.3063,-0.2884,-0.1034,0.8491,5.014,walk
20.9708,7176,0.3089,-0.2905,-0.1049,0.8392,4.945,walk
20.9715,7177,0.3065,-0.2884,-0.1039,0.8392,4.919,walk
20.9737,7178,0.3084,-0.2899,-0.1051,0.8677,4.871,walk
20.9757,7179,0.3068,-0.2885,-0.1044,0.8677,4.862,walk
20.9791,7180,0.3078,-0.2893,-0.1052,0.8556,4.775,walk
20.9813,7181,0.3062,-0.2878,-0.1045,0.8556,4.767,walk
20.9862,7182,0.3116,-0.2924,-0.1077,0.8642,4.624,walk
20.991,7183,0.3119,-0.2925,-0.1083,0.8928,4.543,walk
20.9936,7184,0.3101,-0.2907,-0.1078,0.8934,4.431,walk
20.9958,7185,0.3094,-0.2901,-0.1075,0.8934,4.431,walk
21.0,7186,0.3111,-0.2914,-0.1089,0.9024,4.362,walk
21.0003,7187,0.3091,-0.2896,-0.108,0.9024,4.364,walk
21.0042,7188,0.3114,-0.2915,-0.1095,0.9081,4.304,walk
21.005,7189,0.3095,-0.2897,-0.1087,0.9081,4.317,walk
21.0081,7190,0.3112,-0.2911,-0.11,0.9243,4.253,walk
21.0124,7191,0.3135,-0.2929,-0.1116,0.9271,4.195,walk
21.0128,7192,0.3121,-0.2917,-0.111,0.9271,4.201,walk
21.0166,7193,0.3144,-0.2935,-0.1126,0.9375,4.141,walk
21.0191,7194,0.3143,-0.2933,-0.1132,0.9361,4.098,walk
21.023,7195,0.3157,-0.2943,-0.1144,0.934,4.044,walk
21.0252,7196,0.3133,-0.2921,-0.1133,0.934,4.061,walk
21.0288,7197,0.3163,-0.2945,-0.1153,0.943,4.004,walk
21.0294,7198,0.3139,-0.2924,-0.1141,0.943,4.019,walk
21.0335,7199,0.3152,-0.2934,-0.1153,0.9379,3.978,walk
21.037,7200,0.3159,-0.2937,-0.1162,0.9586,3.942,walk
21.0404,7201,0.3167,-0.2942,-0.1171,0.9469,3.902,walk
21.0436,7202,0.3198,-0.2968,-0.1191,0.9637,3.893,walk
21.0462,7203,0.3163,-0.2938,-0.1173,0.9637,3.893,walk
21.049,7204,0.3188,-0.2957,-0.119,0.946,3.864,walk
21.0507,7205,0.3174,-0.2945,-0.1182,0.946,3.863,walk
21.0546,7206,0.3189,-0.2957,-0.1194,0.9356,3.847,walk
21.0559,7207,0.3212,-0.2975,-0.121,0.9652,3.842,walk
21.0582,7208,0.3189,-0.2955,-0.1198,0.9652,3.835,walk
21.0624,7209,0.3195,-0.2959,-0.1205,0.9477,3.828,walk
21.0666,7210,0.3223,-0.2982,-0.1223,1.0763,3.704,walk
21.0669,7211,0.3199,-0.2961,-0.121,1.0763,3.698,walk
21.0711,7212,0.3228,-0.2985,-0.123,0.9319,3.727,walk
21.0747,7213,0.3219,-0.2975,-0.1228,0.9227,3.751,walk
21.0831,7214,0.3241,-0.2992,-0.1246,0.8499,3.978,walk
21.087,7215,0.323,-0.2981,-0.1244,0.8774,4.107,walk
21.0893,7216,0.3257,-0.3002,-0.1263,0.883,4.22,walk
21.0919,7217,0.3226,-0.2976,-0.1246,0.883,4.204,walk
21.0958,7218,0.3231,-0.2978,-0.1253,0.8993,4.298,walk
21.0979,7219,0.3251,-0.2994,-0.1268,0.9048,4.394,walk
21.1006,7220,0.3228,-0.2974,-0.1255,0.9048,4.379,walk
21.1035,7221,0.3249,-0.299,-0.1271,0.9101,4.452,walk
21.1085,7222,0.3239,-0.298,-0.1269,0.903,4.518,walk
21.1128,7223,0.326,-0.2996,-0.1285,0.9261,4.572,walk
21.1142,7224,0.3272,-0.3004,-0.1295,0.8832,4.636,walk
21.1169,7225,0.3256,-0.2991,-0.1287,0.8832,4.623,walk
21.1205,7226,0.326,-0.2993,-0.1293,0.8724,4.678,walk
21.1217,7227,0.3245,-0.298,-0.1284,0.8724,4.665,walk
21.125,7228,0.3272,-0.3001,-0.1304,0.9012,4.738,walk
21.1297,7229,0.3275,-0.3002,-0.1309,0.8583,4.788,walk
21.1307,7230,0.3244,-0.2976,-0.1292,0.8583,4.769,walk
21.1341,7231,0.327,-0.2996,-0.131,0.862,4.837,walk
21.1371,7232,0.3259,-0.2986,-0.1307,0.8854,4.874,walk
21.1397,7233,0.3277,-0.2999,-0.1321,0.8469,4.923,walk
21.1413,7234,0.3262,-0.2986,-0.1312,0.8469,4.913,walk
21.1452,7235,0.3279,-0.2999,-0.1326,0.8474,4.951,walk
21.1484,7236,0.3281,-0.2999,-0.1331,0.8339,4.965,walk
21.1503,7237,0.3258,-0.298,-0.1317,0.8339,4.943,walk
21.1533,7238,0.3267,-0.2986,-0.1326,0.8118,4.971,walk
21.1559,7239,0.3284,-0.2999,-0.1339,0.8401,4.97,walk
21.1575,7240,0.3269,-0.2986,-0.133,0.8401,4.964,walk
21.1615,7241,0.3285,-0.2998,-0.1343,0.8165,4.968,walk
21.162,7242,0.327,-0.2985,-0.1334,0.8165,4.956,walk
21.1651,7243,0.3277,-0.299,-0.1342,0.7922,4.951,walk
21.1669,7244,0.3261,-0.2977,-0.1333,0.7922,4.939,walk
21.1698,7245,0.3269,-0.2982,-0.134,0.7967,4.904,walk
21.1725,7246,0.3285,-0.2993,-0.1352,0.7868,4.889,walk
21.1752,7247,0.3253,-0.2967,-0.1334,0.7868,4.866,walk
21.1795,7248,0.3252,-0.2965,-0.1336,0.7721,4.842,walk
21.1859,7249,0.3298,-0.3,-0.1369,0.7738,4.797,walk
21.1867,7250,0.3258,-0.2967,-0.1346,0.7738,4.774,walk
21.1895,7251,0.3279,-0.2983,-0.1361,0.7296,4.764,walk
21.1915,7252,0.3246,-0.2956,-0.1342,0.7296,4.744,walk
21.1953,7253,0.3261,-0.2967,-0.1354,0.7685,4.725,walk
21.1963,7254,0.3237,-0.2946,-0.134,0.7685,4.713,walk
21.1988,7255,0.3251,-0.2957,-0.1351,0.7569,4.689,walk
21.2015,7256,0.3263,-0.2966,-0.1361,0.7238,4.679,walk
21.2035,7257,0.3239,-0.2945,-0.1347,0.7238,4.674,walk
21.2073,7258,0.3235,-0.2941,-0.1349,0.7476,4.656,walk
21.2115,7259,0.325,-0.2952,-0.136,0.7816,4.657,walk
21.214,7260,0.3246,-0.2947,-0.1361,0.7212,4.649,walk
21.2165,7261,0.3221,-0.2925,-0.1348,0.7212,4.648,walk
21.2212,7262,0.3233,-0.2934,-0.1357,0.7137,4.641,walk
21.2231,7263,0.3217,-0.2919,-0.1352,0.6698,4.774,walk
21.2252,7264,0.32,-0.2904,-0.1343,0.6698,4.775,walk
21.2279,7265,0.3212,-0.2913,-0.1353,0.7195,4.788,walk
21.2348,7266,0.3216,-0.2915,-0.1358,0.7374,4.803,walk
21.2382,7267,0.3175,-0.2878,-0.134,0.7297,4.825,walk
21.2411,7268,0.3196,-0.2894,-0.1355,0.7318,4.831,walk
21.2441,7269,0.3198,-0.2895,-0.136,0.7273,4.881,walk
21.2461,7270,0.3162,-0.2863,-0.1342,0.7273,4.892,walk
21.2501,7271,0.3155,-0.2855,-0.1343,0.7173,4.928,walk
21.2538,7272,0.3166,-0.2862,-0.1352,0.7013,4.959,walk
21.2546,7273,0.3147,-0.2846,-0.1343,0.7013,4.961,walk
21.2577,7274,0.3158,-0.2854,-0.1352,0.71,5.009,walk
21.2622,7275,0.3159,-0.2853,-0.1358,0.7223,5.063,walk
21.2627,7276,0.3131,-0.2828,-0.1346,0.7223,5.072,walk
21.2665,7277,0.3142,-0.2835,-0.1355,0.716,5.112,walk
21.2692,7278,0.3133,-0.2824,-0.1355,0.6888,5.154,walk
21.2707,7279,0.3114,-0.2807,-0.1347,0.6888,5.156,walk
21.2736,7280,0.3121,-0.2812,-0.1355,0.6512,5.19,walk
21.2754,7281,0.3093,-0.2786,-0.1343,0.6512,5.193,walk
21.2806,7282,0.3102,-0.2792,-0.1352,0.7039,5.243,walk
21.2856,7283,0.311,-0.2794,-0.1367,0.68,5.321,walk
21.2881,7284,0.3052,-0.274,-0.1345,0.68,5.328,walk
21.2913,7285,0.3055,-0.274,-0.1351,0.6842,5.372,walk
21.2951,7286,0.3053,-0.2736,-0.1354,0.7166,5.411,walk
21.2986,7287,0.3073,-0.2752,-0.1366,0.6749,5.455,walk
21.3004,7288,0.304,-0.2724,-0.135,0.6749,5.451,walk
21.3032,7289,0.3046,-0.2728,-0.1354,0.6546,5.448,walk
21.3071,7290,0.3061,-0.2741,-0.1363,0.6796,5.473,walk
21.308,7291,0.3042,-0.2725,-0.1351,0.6796,5.455,walk
21.3114,7292,0.3055,-0.2737,-0.1359,0.6804,5.453,walk
21.3121,7293,0.304,-0.2724,-0.135,0.6804,5.441,walk
21.3166,7294,0.3051,-0.2733,-0.1357,0.6547,5.44,walk
21.3172,7295,0.3026,-0.2711,-0.1344,0.6547,5.413,walk
21.3207,7296,0.3044,-0.2726,-0.1354,0.6414,5.407,walk
21.3216,7297,0.3018,-0.2704,-0.1341,0.6414,5.38,walk
21.3251,7298,0.3028,-0.2711,-0.1347,0.6543,5.367,walk
21.3258,7299,0.301,-0.2696,-0.1339,0.6543,5.341,walk
21.329,7300,0.3028,-0.2711,-0.1349,0.6545,5.37,walk
21.3327,7301,0.3021,-0.2704,-0.1347,0.6569,5.35,walk
21.3369,7302,0.2996,-0.2682,-0.1336,0.641,5.327,walk
21.3399,7303,0.2998,-0.2682,-0.1339,0.6628,5.337,walk
21.3422,7304,0.2989,-0.2675,-0.1335,0.6628,5.327,walk
21.3453,7305,0.2991,-0.2676,-0.1336,0.6356,5.338,walk
21.3486,7306,0.2982,-0.2668,-0.1333,0.5827,5.354,walk
21.3532,7307,0.2975,-0.2661,-0.1329,0.6474,5.392,walk
21.3547,7308,0.2962,-0.2651,-0.1323,0.6474,5.378,walk
21.3577,7309,0.2967,-0.2654,-0.1326,0.6378,5.405,walk
21.3626,7310,0.2971,-0.2657,-0.133,0.6498,5.404,walk
21.363,7311,0.2955,-0.2643,-0.1323,0.6498,5.396,walk
21.3664,7312,0.2966,-0.2652,-0.133,0.6431,5.422,walk
21.3673,7313,0.2943,-0.2631,-0.1319,0.6431,5.407,walk
21.3708,7314,0.2945,-0.2632,-0.1322,0.6149,5.435,walk
21.3745,7315,0.2954,-0.2639,-0.1328,0.6037,5.459,walk
21.3758,7316,0.2931,-0.2619,-0.1317,0.6037,5.435,walk
21.3792,7317,0.2942,-0.2626,-0.1325,0.6235,5.485,walk
21.3815,7318,0.2911,-0.2599,-0.1311,0.6235,5.453,walk
21.3855,7319,0.2931,-0.2616,-0.1322,0.6564,5.509,walk
21.3871,7320,0.2926,-0.261,-0.1322,0.6028,5.545,walk
21.3893,7321,0.293,-0.2613,-0.1326,0.6387,5.582,walk
21.3919,7322,0.293,-0.2613,-0.1326,0.6387,5.582,walk
21.3945,7323,0.2926,-0.2608,-0.1326,0.6026,5.623,walk
21.3963,7324,0.2904,-0.2588,-0.1316,0.6026,5.607,walk
21.4001,7325,0.2922,-0.2603,-0.1327,0.6154,5.656,walk
21.4005,7326,0.29,-0.2583,-0.1317,0.6154,5.641,walk
21.4041,7327,0.291,-0.2591,-0.1324,0.5905,5.671,walk
21.4061,7328,0.2916,-0.2595,-0.1329,0.6621,5.729,walk
21.4077,7329,0.2901,-0.2582,-0.1322,0.6621,5.708,walk
21.412,7330,0.2912,-0.2591,-0.1329,0.6011,5.753,walk
21.4126,7331,0.289,-0.2571,-0.1319,0.6011,5.734,walk
21.4171,7332,0.29,-0.2579,-0.1326,0.5781,5.806,walk
21.42,7333,0.2899,-0.2577,-0.1328,0.6586,5.844,walk
21.4233,7334,0.2902,-0.2578,-0.1331,0.5842,5.901,walk
21.4252,7335,0.2873,-0.2553,-0.1318,0.5842,5.88,walk
21.4284,7336,0.2878,-0.2556,-0.1322,0.6251,5.935,walk
21.4309,7337,0.2864,-0.2544,-0.1316,0.6251,5.93,walk
21.4358,7338,0.2877,-0.2554,-0.1324,0.6538,5.985,walk
21.4369,7339,0.2873,-0.2551,-0.1323,0.6007,6.033,walk
21.44,7340,0.2876,-0.2552,-0.1327,0.577,6.124,walk
21.4424,7341,0.2855,-0.2533,-0.1317,0.577,6.11,walk
21.4459,7342,0.286,-0.2537,-0.1321,0.6449,6.19,walk
21.4499,7343,0.2874,-0.2548,-0.1329,0.6557,6.281,walk
21.4502,7344,0.2852,-0.2529,-0.1319,0.6557,6.276,walk
21.4539,7345,0.2865,-0.2539,-0.1326,0.6397,6.36,walk
21.4547,7346,0.285,-0.2527,-0.1319,0.6397,6.355,walk
21.4581,7347,0.2862,-0.2536,-0.1326,0.6243,6.452,walk
21.4589,7348,0.2841,-0.2517,-0.1316,0.6243,6.444,walk
21.4619,7349,0.2853,-0.2528,-0.1323,0.6456,6.529,walk
21.4653,7350,0.2857,-0.2531,-0.1326,0.6237,6.623,walk
21.4672,7351,0.2843,-0.2519,-0.1319,0.6237,6.62,walk
21.4713,7352,0.2839,-0.2515,-0.1318,0.6036,6.711,walk
21.4735,7353,0.2852,-0.2526,-0.1325,0.6581,6.797,walk
21.4752,7354,0.283,-0.2506,-0.1314,0.6581,6.789,walk
21.4786,7355,0.2842,-0.2517,-0.132,0.6507,6.898,walk
21.4812,7356,0.282,-0.2498,-0.1309,0.6507,6.889,walk
21.4869,7357,0.2828,-0.2504,-0.1314,0.6557,7.098,walk
21.4902,7358,0.2826,-0.2502,-0.1313,0.6727,7.203,walk
21.493,7359,0.2838,-0.2512,-0.1319,0.6482,7.328,walk
21.4955,7360,0.283,-0.2506,-0.1316,0.6482,7.323,walk
21.5004,7361,0.2827,-0.2503,-0.1314,0.6561,7.448,walk
21.5034,7362,0.2808,-0.2487,-0.1304,0.6763,7.521,walk
21.5081,7363,0.2812,-0.249,-0.1306,0.6524,7.606,walk
21.5085,7364,0.2796,-0.2476,-0.1298,0.6524,7.598,walk
21.5108,7365,0.2805,-0.2485,-0.1302,0.6013,7.742,walk
21.5129,7366,0.2789,-0.2471,-0.1293,0.6013,7.716,walk
21.516,7367,0.2785,-0.2468,-0.129,0.6636,7.833,walk
21.5183,7368,0.2805,-0.2485,-0.13,0.6799,7.931,walk
21.5209,7369,0.2772,-0.2458,-0.1282,0.6799,7.888,walk
21.5244,7370,0.28,-0.2482,-0.1295,0.666,8.025,walk
21.5276,7371,0.2778,-0.2464,-0.1282,0.665,8.111,walk
21.5299,7372,0.2761,-0.245,-0.1273,0.665,8.098,walk
21.5358,7373,0.28,-0.2485,-0.1292,0.6686,8.33,walk
21.5387,7374,0.2741,-0.2435,-0.1258,0.6686,8.23,walk
21.5417,7375,0.2744,-0.2439,-0.1259,0.7149,8.355,walk
21.5443,7376,0.2757,-0.245,-0.1263,0.714,8.479,walk
21.5459,7377,0.2739,-0.2435,-0.1253,0.714,8.464,walk
21.5489,7378,0.2742,-0.2439,-0.1252,0.7117,8.579,walk
21.5509,7379,0.2724,-0.2425,-0.1242,0.7117,8.563,walk
21.5537,7380,0.2725,-0.2427,-0.124,0.6768,8.636,walk
21.5581,7381,0.2738,-0.2439,-0.1244,0.7293,8.775,walk
21.5624,7382,0.2722,-0.2427,-0.1232,0.7189,8.878,walk
21.563,7383,0.2704,-0.2412,-0.1221,0.7189,8.827,walk
21.5668,7384,0.2706,-0.2415,-0.1219,0.714,8.981,walk
21.5701,7385,0.2707,-0.2418,-0.1217,0.7095,9.069,walk
21.5724,7386,0.27,-0.2415,-0.1208,0.7239,9.194,walk
21.5749,7387,0.27,-0.2415,-0.1208,0.7239,9.194,walk
21.5793,7388,0.2693,-0.2411,-0.12,0.7227,9.309,walk
21.5824,7389,0.2676,-0.2399,-0.1185,0.7299,9.415,walk
21.5868,7390,0.2658,-0.2387,-0.117,0.7379,9.517,walk
21.5904,7391,0.2658,-0.2389,-0.1165,0.7551,9.651,walk
21.5941,7392,0.2668,-0.2399,-0.1168,0.7234,9.783,walk
21.5956,7393,0.2654,-0.2388,-0.1159,0.7234,9.77,walk
21.5999,7394,0.2671,-0.2403,-0.1165,0.7461,9.927,walk
21.6027,7395,0.2664,-0.2398,-0.116,0.7368,10.097,walk
21.6045,7396,0.2648,-0.2385,-0.1152,0.7368,10.07,walk
21.6072,7397,0.2664,-0.2398,-0.116,0.761,10.297,walk
21.6092,7398,0.264,-0.2377,-0.1147,0.761,10.265,walk
21.6122,7399,0.2671,-0.2405,-0.1162,0.7662,10.464,walk
21.6168,7400,0.2643,-0.2381,-0.1148,0.7348,10.628,walk
21.6195,7401,0.2657,-0.2394,-0.1154,0.7626,10.887,walk
21.621,7402,0.2632,-0.2372,-0.1141,0.7626,10.852,walk
21.6249,7403,0.2646,-0.2384,-0.1148,0.7524,11.036,walk
21.6257,7404,0.2629,-0.2369,-0.1139,0.7524,11.005,walk
21.6288,7405,0.2644,-0.2383,-0.1146,0.7786,11.21,walk
21.6312,7406,0.2619,-0.2361,-0.1132,0.7786,11.173,walk
21.6367,7407,0.2648,-0.2388,-0.1144,0.7715,11.597,walk
21.6397,7408,0.2639,-0.2381,-0.1138,0.768,11.752,walk
21.6422,7409,0.2623,-0.2367,-0.1129,0.768,11.736,stand
21.6458,7410,0.2639,-0.2382,-0.1135,0.787,11.91,stand
21.6464,7411,0.2615,-0.2362,-0.1122,0.787,11.875,stand
21.65,7412,0.264,-0.2384,-0.1133,0.7718,12.086,stand
21.6506,7413,0.2619,-0.2367,-0.1121,0.7718,12.013,stand
21.6545,7414,0.2638,-0.2385,-0.1128,0.7976,12.258,stand
21.655,7415,0.2616,-0.2366,-0.1115,0.7976,12.18,stand
21.6579,7416,0.2633,-0.2382,-0.1121,0.7901,12.413,stand
21.6608,7417,0.2641,-0.239,-0.1123,0.7753,12.56,stand
21.6646,7418,0.2643,-0.2394,-0.1122,0.8195,12.725,stand
21.6668,7419,0.2628,-0.238,-0.1113,0.8195,12.682,stand
21.6694,7420,0.2645,-0.2396,-0.112,0.7989,12.912,stand
21.671,7421,0.2629,-0.2383,-0.1111,0.7989,12.845,stand
21.6746,7422,0.2648,-0.24,-0.1118,0.8233,13.057,stand
21.6755,7423,0.2625,-0.238,-0.1106,0.8233,13.012,stand
21.679,7424,0.2635,-0.239,-0.1109,0.8048,13.182,stand
21.6813,7425,0.2619,-0.2377,-0.1101,0.8048,13.135,stand
21.6845,7426,0.2622,-0.2381,-0.1099,0.8069,13.29,stand
21.6872,7427,0.2635,-0.2392,-0.1103,0.8505,13.526,stand
21.6906,7428,0.2654,-0.2411,-0.111,0.8425,13.717,stand
21.6915,7429,0.2639,-0.2398,-0.1102,0.8425,13.693,stand
21.6941,7430,0.2673,-0.2429,-0.1117,0.8273,13.919,stand
21.6964,7431,0.2636,-0.2396,-0.1098,0.8273,13.799,stand
21.6995,7432,0.2657,-0.2416,-0.1106,0.8718,14.033,stand
21.7006,7433,0.2642,-0.2403,-0.1099,0.8718,13.984,stand
21.704,7434,0.2662,-0.2422,-0.1106,0.8427,14.239,stand
21.7048,7435,0.2648,-0.2409,-0.1099,0.8427,14.166,stand
21.707,7436,0.2669,-0.2429,-0.1107,0.8837,14.419,stand
21.709,7437,0.2647,-0.241,-0.1096,0.8837,14.321,stand
21.7114,7438,0.2668,-0.2429,-0.1104,0.8564,14.548,stand
21.7136,7439,0.2654,-0.2417,-0.1096,0.8564,14.523,stand
21.7172,7440,0.2661,-0.2424,-0.1097,0.8737,14.687,stand
21.7207,7441,0.2699,-0.2458,-0.1113,0.907,14.968,stand
21.7215,7442,0.267,-0.2433,-0.1098,0.907,14.845,stand
21.7236,7443,0.2692,-0.2454,-0.1107,0.8832,15.07,stand
21.7258,7444,0.2677,-0.2441,-0.11,0.8832,14.996,stand
21.7293,7445,0.2701,-0.2464,-0.1108,0.932,15.306,stand
21.7325,7446,0.2709,-0.2473,-0.1108,0.8975,15.503,stand
21.7361,7447,0.2718,-0.2481,-0.111,0.9003,15.666,stand
21.7378,7448,0.2711,-0.2475,-0.1106,0.9003,15.666,stand
21.7399,7449,0.2723,-0.2487,-0.1111,0.831,15.792,stand
21.7421,7450,0.2709,-0.2474,-0.1104,0.831,15.766,stand
21.7448,7451,0.2732,-0.2495,-0.1112,0.8829,15.864,stand
21.7475,7452,0.2749,-0.2511,-0.1118,0.9265,16.014,stand
21.7503,7453,0.272,-0.2486,-0.1104,0.9265,15.879,stand
21.754,7454,0.2745,-0.2509,-0.1113,0.9486,16.177,stand
21.7548,7455,0.2731,-0.2497,-0.1106,0.9486,16.095,stand
21.7568,7456,0.2757,-0.252,-0.1118,0.9897,16.19,stand
21.7588,7457,0.2743,-0.2508,-0.1112,0.9897,16.162,stand
21.7614,7458,0.276,-0.2524,-0.1117,0.9232,16.295,stand
21.7635,7459,0.2745,-0.2511,-0.111,0.9232,16.267,stand
21.7674,7460,0.2766,-0.2529,-0.112,0.8508,16.261,stand
21.7707,7461,0.2777,-0.2541,-0.1122,0.9648,16.293,stand
21.7742,7462,0.2793,-0.2555,-0.1127,0.9026,16.392,stand
21.7763,7463,0.2764,-0.2529,-0.1114,0.9026,16.247,stand
21.7813,7464,0.2809,-0.2571,-0.1132,0.898,16.449,stand
21.7856,7465,0.2813,-0.2573,-0.1136,0.8118,16.472,stand
21.7885,7466,0.2798,-0.256,-0.1129,0.8118,16.385,stand
21.7896,7467,0.281,-0.2571,-0.1133,0.8245,16.469,stand
21.792,7468,0.2787,-0.2551,-0.1123,0.8245,16.354,stand
21.7955,7469,0.2815,-0.2577,-0.1135,0.867,16.496,stand
21.8,7470,0.2822,-0.2583,-0.1137,0.8919,16.457,stand
21.8006,7471,0.2799,-0.2562,-0.1127,0.8919,16.399,stand
21.8028,7472,0.2819,-0.258,-0.1136,0.8651,16.441,stand
21.8049,7473,0.2804,-0.2566,-0.1129,0.8651,16.412,stand
21.8081,7474,0.2824,-0.2585,-0.1137,0.8731,16.431,stand
21.8112,7475,0.2837,-0.2597,-0.1143,0.8888,16.521,stand
21.8128,7476,0.2814,-0.2576,-0.1133,0.8888,16.408,stand
21.8154,7477,0.2834,-0.2594,-0.1141,0.8716,16.43,stand
21.8174,7478,0.281,-0.2572,-0.1131,0.8716,16.348,stand
21.8208,7479,0.2838,-0.2598,-0.1143,0.8742,16.403,stand
21.8228,7480,0.2841,-0.2601,-0.1144,0.8757,16.426,stand
21.8253,7481,0.2817,-0.2578,-0.1135,0.8757,16.318,stand
21.8293,7482,0.2836,-0.2596,-0.1143,0.8667,16.38,stand
21.8299,7483,0.2819,-0.258,-0.1136,0.8667,16.3,stand
21.8336,7484,0.282,-0.2581,-0.1137,0.8366,16.306,stand
21.8384,7485,0.2838,-0.2597,-0.1144,0.8532,16.31,stand
21.8419,7486,0.283,-0.2589,-0.1142,0.8308,16.264,stand
21.8451,7487,0.2847,-0.2605,-0.1149,0.8354,16.298,stand
21.8501,7488,0.2846,-0.2603,-0.115,0.8196,16.286,stand
21.8506,7489,0.2811,-0.257,-0.1138,0.8196,16.182,stand
21.8536,7490,0.2817,-0.2575,-0.1141,0.803,16.231,stand
21.8586,7491,0.2823,-0.2581,-0.1145,0.8041,16.225,stand
21.8589,7492,0.2796,-0.2555,-0.1136,0.8041,16.174,stand
21.8621,7493,0.2801,-0.2559,-0.1139,0.7991,16.185,stand
21.8674,7494,0.2815,-0.2572,-0.1146,0.7804,16.278,stand
21.8702,7495,0.2811,-0.2566,-0.1146,0.7876,16.305,stand
21.8714,7496,0.2783,-0.2539,-0.1138,0.7876,16.255,stand
21.8745,7497,0.2786,-0.2542,-0.1141,0.7814,16.291,stand
21.8769,7498,0.2799,-0.2554,-0.1147,0.781,16.405,stand
21.8796,7499,0.2771,-0.2526,-0.1139,0.781,16.306,stand
21.8856,7500,0.2773,-0.2527,-0.1142,0.7646,16.413,stand
21.8896,7501,0.2785,-0.2537,-0.115,0.7374,16.659,stand
21.8921,7502,0.2743,-0.2495,-0.1138,0.7374,16.524,stand
21.8958,7503,0.275,-0.2502,-0.1141,0.7356,16.612,stand
21.8994,7504,0.2764,-0.2516,-0.1146,0.7319,16.733,stand
21.8999,7505,0.275,-0.2503,-0.114,0.7319,16.707,stand
21.9041,7506,0.276,-0.2513,-0.1142,0.7274,16.781,stand
21.9068,7507,0.2762,-0.2515,-0.114,0.7018,16.865,stand
21.9083,7508,0.2747,-0.2502,-0.1134,0.7018,16.833,stand
21.911,7509,0.276,-0.2515,-0.1138,0.7114,16.915,stand
21.9129,7510,0.2744,-0.25,-0.1131,0.7114,16.883,stand
21.9155,7511,0.2755,-0.2511,-0.1134,0.6977,16.986,stand
21.9174,7512,0.273,-0.2487,-0.1125,0.6977,16.922,stand
21.9205,7513,0.275,-0.2506,-0.1132,0.6993,17.054,stand
21.9244,7514,0.2743,-0.25,-0.1129,0.6812,17.163,stand
21.9253,7515,0.2717,-0.2476,-0.112,0.6812,17.043,stand
21.9277,7516,0.2739,-0.2495,-0.1128,0.7183,17.271,stand
21.9297,7517,0.2713,-0.2471,-0.1119,0.7183,17.183,stand
21.9328,7518,0.2724,-0.2481,-0.1124,0.6804,17.299,stand
21.9385,7519,0.271,-0.2468,-0.1119,0.6764,17.363,stand
21.9401,7520,0.2715,-0.2472,-0.1122,0.6834,17.509,stand
21.9417,7521,0.2707,-0.2464,-0.1119,0.6834,17.463,stand
21.9449,7522,0.2702,-0.2459,-0.1119,0.6649,17.597,stand
21.9477,7523,0.2714,-0.247,-0.1125,0.685,17.72,stand
21.9505,7524,0.2682,-0.2439,-0.1115,0.685,17.63,stand
21.9532,7525,0.2693,-0.2449,-0.1121,0.6531,17.789,stand
21.9548,7526,0.2685,-0.2441,-0.1118,0.6531,17.789,stand
21.9582,7527,0.2677,-0.2433,-0.1118,0.6715,17.861,stand
21.9615,7528,0.2703,-0.2454,-0.1133,0.8,18.081,stand
21.9624,7529,0.268,-0.2432,-0.1126,0.8,17.988,stand
21.9665,7530,0.2684,-0.2434,-0.1131,0.6528,18.098,stand
21.9671,7531,0.2676,-0.2426,-0.1129,0.6528,18.051,stand
21.9705,7532,0.2679,-0.2428,-0.1133,0.6402,18.126,stand
21.9741,7533,0.2685,-0.243,-0.1142,0.7005,18.195,stand
21.9747,7534,0.2669,-0.2415,-0.1137,0.7005,18.146,stand
21.9772,7535,0.268,-0.2424,-0.1144,0.6384,18.282,stand
21.9798,7536,0.2657,-0.2402,-0.1138,0.6384,18.208,stand
21.984,7537,0.2676,-0.2418,-0.1148,0.6428,18.331,stand
21.9848,7538,0.2646,-0.2389,-0.1139,0.6428,18.232,stand
21.9876,7539,0.2658,-0.2398,-0.1147,0.6546,18.319,stand
21.9908,7540,0.267,-0.2407,-0.1156,0.6451,18.429,stand
21.9941,7541,0.2652,-0.2387,-0.1155,0.6344,18.417,stand
21.9962,7542,0.2637,-0.2372,-0.1151,0.6344,18.34,stand
21.9995,7543,0.2648,-0.2381,-0.1159,0.6238,18.408,stand
22.0014,7544,0.2626,-0.2359,-0.1153,0.6238,18.331,stand
22.0035,7545,0.2637,-0.2368,-0.1161,0.6263,18.401,stand
22.0067,7546,0.2642,-0.237,-0.1168,0.6405,18.439,stand
22.0087,7547,0.2628,-0.2356,-0.1164,0.6405,18.388,stand
22.0127,7548,0.2646,-0.2371,-0.1175,0.6274,18.485,stand
22.0131,7549,0.2618,-0.2343,-0.1166,0.6274,18.381,stand
22.0176,7550,0.2614,-0.2337,-0.1171,0.6043,18.364,stand
22.0206,7551,0.2619,-0.2339,-0.1177,0.6172,18.408,stand
22.0247,7552,0.2629,-0.2347,-0.1185,0.6017,18.435,stand
22.0288,7553,0.2625,-0.2341,-0.1189,0.5896,18.414,stand
22.0296,7554,0.2604,-0.232,-0.1183,0.5896,18.31,stand
22.0351,7555,0.2639,-0.2348,-0.1203,0.5757,18.4,stand
22.0376,7556,0.2597,-0.2307,-0.1191,0.5757,18.22,stand
22.0421,7557,0.2607,-0.2315,-0.12,0.5834,18.208,stand
22.0453,7558,0.261,-0.2315,-0.1205,0.5727,18.257,stand
22.046,7559,0.2589,-0.2295,-0.1199,0.5727,18.157,stand
22.0502,7560,0.2599,-0.2301,-0.1207,0.5647,18.169,stand
22.0508,7561,0.2578,-0.2281,-0.1201,0.5647,18.095,stand
22.0537,7562,0.258,-0.2281,-0.1206,0.5602,18.043,stand
22.0565,7563,0.259,-0.2287,-0.1215,0.5626,18.065,stand
22.0581,7564,0.2569,-0.2267,-0.1209,0.5626,17.969,stand
22.0612,7565,0.258,-0.2275,-0.1218,0.6074,17.908,stand
22.0626,7566,0.2567,-0.2261,-0.1214,0.6074,17.837,stand
22.0674,7567,0.2575,-0.2267,-0.1222,0.5437,17.8,stand
22.0687,7568,0.2578,-0.2267,-0.1227,0.5621,17.763,stand
22.071,7569,0.2557,-0.2247,-0.1221,0.5621,17.717,stand
22.0746,7570,0.2552,-0.2239,-0.1225,0.5449,17.61,stand
22.0774,7571,0.2561,-0.2245,-0.1232,0.5346,17.627,stand
22.0798,7572,0.254,-0.2225,-0.1225,0.5346,17.537,stand
22.0842,7573,0.2549,-0.223,-0.1234,0.5473,17.519,stand
22.0878,7574,0.255,-0.2229,-0.1239,0.5332,17.453,stand
22.0884,7575,0.2523,-0.2203,-0.123,0.5332,17.385,stand
22.092,7576,0.2524,-0.2201,-0.1235,0.5308,17.302,stand
22.0957,7577,0.2518,-0.2193,-0.1238,0.5327,17.232,stand
22.099,7578,0.2519,-0.2191,-0.1244,0.534,17.223,stand
22.101,7579,0.2506,-0.2178,-0.1239,0.534,17.151,stand
22.104,7580,0.2513,-0.2183,-0.1246,0.5253,17.148,stand
22.1081,7581,0.2506,-0.2174,-0.1248,0.5082,17.079,stand
22.1085,7582,0.2492,-0.216,-0.1243,0.5082,17.03,stand
22.1121,7583,0.2499,-0.2165,-0.125,0.5176,17.054,stand
22.113,7584,0.2485,-0.2151,-0.1244,0.5176,16.978,stand
22.1173,7585,0.2486,-0.215,-0.1248,0.5292,16.992,stand
22.1203,7586,0.2471,-0.2133,-0.1247,0.5067,16.895,stand
22.1245,7587,0.2464,-0.2124,-0.1249,0.5291,16.787,stand
22.1272,7588,0.2464,-0.2122,-0.1253,0.5348,16.76,stand
22.1292,7589,0.245,-0.2108,-0.1247,0.5348,16.705,stand
22.1334,7590,0.2456,-0.2112,-0.1254,0.5253,16.708,stand
22.1371,7591,0.2448,-0.2103,-0.1255,0.5292,16.619,stand
22.141,7592,0.2432,-0.2086,-0.125,0.5051,16.532,stand
22.1436,7593,0.2438,-0.2089,-0.1257,0.5239,16.543,walk
22.1463,7594,0.2416,-0.2069,-0.1246,0.5239,16.434,walk
22.1499,7595,0.2421,-0.2072,-0.1252,0.4946,16.481,walk
22.1544,7596,0.2396,-0.2048,-0.1243,0.5142,16.366,walk
22.1568,7597,0.2401,-0.2051,-0.1248,0.5152,16.43,walk
22.1586,7598,0.2378,-0.2031,-0.1237,0.5152,16.351,walk
22.1623,7599,0.2384,-0.2035,-0.1242,0.5212,16.418,walk
22.1631,7600,0.2361,-0.2015,-0.123,0.5212,16.367,walk
22.1673,7601,0.2374,-0.2024,-0.1239,0.5057,16.433,walk
22.1703,7602,0.2356,-0.2008,-0.1232,0.5239,16.416,walk
22.1732,7603,0.2362,-0.2011,-0.1238,0.5238,16.506,walk
22.1747,7604,0.2338,-0.1991,-0.1225,0.5238,16.409,walk
22.1788,7605,0.2344,-0.1995,-0.123,0.5262,16.477,walk
22.1795,7606,0.232,-0.1975,-0.1217,0.5262,16.383,walk
22.1842,7607,0.2325,-0.1978,-0.1223,0.5215,16.473,walk
22.1856,7608,0.2315,-0.1968,-0.122,0.5369,16.499,walk
22.1892,7609,0.2329,-0.1977,-0.1231,0.541,16.546,walk
22.1923,7610,0.2282,-0.1939,-0.1204,0.541,16.383,walk
22.196,7611,0.2291,-0.1944,-0.1213,0.5436,16.487,walk
22.1968,7612,0.2278,-0.1932,-0.1206,0.5436,16.431,walk
22.2,7613,0.2285,-0.1936,-0.1213,0.5059,16.515,walk
22.204,7614,0.2279,-0.193,-0.1213,0.5354,16.572,walk
22.2048,7615,0.2266,-0.1919,-0.1206,0.5354,16.559,walk
22.2085,7616,0.2273,-0.1923,-0.1212,0.5018,16.625,walk
22.2125,7617,0.2268,-0.1918,-0.1211,0.5456,16.699,walk
22.213,7618,0.2254,-0.1906,-0.1203,0.5456,16.674,walk
22.2166,7619,0.2253,-0.1903,-0.1205,0.5201,16.787,walk
22.2216,7620,0.2236,-0.1891,-0.1194,0.5181,16.682,walk
22.2237,7621,0.2235,-0.1888,-0.1196,0.5618,16.748,walk
22.2269,7622,0.2233,-0.1885,-0.1197,0.5183,16.874,walk
22.2295,7623,0.2209,-0.1865,-0.1183,0.5183,16.826,walk
22.2317,7624,0.2215,-0.1868,-0.119,0.5538,16.893,walk
22.2357,7625,0.2205,-0.1859,-0.1186,0.5198,16.985,walk
22.2393,7626,0.2198,-0.1852,-0.1183,0.5315,17.08,walk
22.2419,7627,0.219,-0.1846,-0.1179,0.5315,17.06,walk
22.246,7628,0.2191,-0.1845,-0.1182,0.5563,17.12,walk
22.2468,7629,0.2168,-0.1827,-0.1168,0.5563,17.031,walk
22.2516,7630,0.2157,-0.1817,-0.1163,0.5502,17.023,walk
22.2554,7631,0.2167,-0.1824,-0.1169,0.5466,17.17,walk
22.2564,7632,0.2175,-0.183,-0.1176,0.5542,17.266,walk
22.259,7633,0.2153,-0.1812,-0.1162,0.5542,17.215,walk
22.2616,7634,0.2159,-0.1816,-0.1168,0.5401,17.243,walk
22.2636,7635,0.2137,-0.1798,-0.1154,0.5401,17.191,walk
22.2673,7636,0.2129,-0.179,-0.1152,0.5605,17.182,walk
22.2707,7637,0.2131,-0.179,-0.1156,0.4641,17.305,walk
22.2714,7638,0.2116,-0.1778,-0.1147,0.4641,17.223,walk
22.2736,7639,0.2123,-0.1783,-0.1153,0.5533,17.271,walk
22.2757,7640,0.2108,-0.1771,-0.1144,0.5533,17.244,walk
22.2789,7641,0.2107,-0.1769,-0.1145,0.5279,17.249,walk
22.282,7642,0.2114,-0.1773,-0.1151,0.5477,17.307,walk
22.2847,7643,0.2084,-0.1749,-0.1132,0.5477,17.195,walk
22.288,7644,0.2083,-0.1748,-0.1133,0.5354,17.198,walk
22.2917,7645,0.2082,-0.1746,-0.1134,0.548,17.22,walk
22.2943,7646,0.2081,-0.1744,-0.1136,0.5332,17.207,walk
22.2987,7647,0.2073,-0.1736,-0.1133,0.5532,17.176,walk
22.3005,7648,0.2051,-0.1719,-0.1119,0.5532,17.119,walk
22.3032,7649,0.2057,-0.1723,-0.1125,0.5322,17.129,walk
22.3052,7650,0.2035,-0.1705,-0.1111,0.5322,17.071,walk
22.3083,7651,0.2058,-0.1721,-0.1128,0.5681,17.177,walk
22.3102,7652,0.2049,-0.1713,-0.1124,0.5352,17.117,walk
22.3133,7653,0.2027,-0.1696,-0.111,0.5352,17.058,walk
22.3155,7654,0.2035,-0.1701,-0.1118,0.5809,17.058,walk
22.3175,7655,0.2013,-0.1683,-0.1104,0.5809,16.999,walk
22.3204,7656,0.2021,-0.1688,-0.1112,0.5856,16.997,walk
22.3216,7657,0.2007,-0.1677,-0.1103,0.5856,16.938,walk
22.3246,7658,0.2014,-0.168,-0.111,0.5518,16.985,walk
22.3278,7659,0.2015,-0.1679,-0.1114,0.5993,16.965,walk
22.3297,7660,0.2,-0.1668,-0.1105,0.5993,16.935,walk
22.3336,7661,0.1986,-0.1654,-0.1098,0.5571,16.862,walk
22.3362,7662,0.1994,-0.1659,-0.1107,0.5967,16.876,walk
22.3382,7663,0.1972,-0.1642,-0.1093,0.5967,16.755,walk
22.3413,7664,0.1974,-0.1641,-0.1097,0.6186,16.756,walk
22.3479,7665,0.1975,-0.1637,-0.1106,0.6121,16.72,walk
22.3501,7666,0.196,-0.1625,-0.1096,0.6121,16.689,walk
22.353,7667,0.1953,-0.1617,-0.1095,0.5802,16.62,walk
22.3564,7668,0.1969,-0.1626,-0.111,0.6121,16.658,walk
22.3585,7669,0.1939,-0.1603,-0.1091,0.6121,16.532,walk
22.3618,7670,0.1955,-0.1613,-0.1106,0.6163,16.58,walk
22.3626,7671,0.1933,-0.1595,-0.1091,0.6163,16.485,walk
22.3666,7672,0.1925,-0.1586,-0.109,0.5839,16.458,walk
22.3686,7673,0.1941,-0.1595,-0.1106,0.6141,16.503,walk
22.3713,7674,0.191,-0.1571,-0.1086,0.6141,16.375,walk
22.374,7675,0.191,-0.1568,-0.1091,0.621,16.323,walk
22.3776,7676,0.1917,-0.1569,-0.1102,0.5948,16.36,walk
22.379,7677,0.1894,-0.1551,-0.1086,0.5948,16.234,walk
22.384,7678,0.1902,-0.1553,-0.1097,0.6152,16.278,walk
22.3859,7679,0.1902,-0.155,-0.1103,0.6368,16.258,walk
22.3879,7680,0.1878,-0.1531,-0.1088,0.6368,16.134,walk
22.3904,7681,0.1877,-0.1526,-0.1093,0.5948,16.137,walk
22.3936,7682,0.1884,-0.1527,-0.1104,0.6204,16.098,walk
22.3963,7683,0.1852,-0.1502,-0.1083,0.6204,16.008,walk
22.4,7684,0.1851,-0.1497,-0.109,0.6397,15.946,walk
22.4042,7685,0.1833,-0.1477,-0.1084,0.6025,15.87,walk
22.4072,7686,0.184,-0.1478,-0.1096,0.6392,15.903,walk
22.409,7687,0.1823,-0.1465,-0.1085,0.6392,15.847,walk
22.4123,7688,0.1831,-0.1465,-0.1097,0.6435,15.805,walk
22.4166,7689,0.1819,-0.1451,-0.1097,0.6085,15.758,walk
22.4172,7690,0.1793,-0.1431,-0.108,0.6085,15.705,walk
22.4211,7691,0.18,-0.1431,-0.1093,0.6549,15.669,walk
22.4215,7692,0.1782,-0.1417,-0.1081,0.6549,15.617,walk
22.4248,7693,0.179,-0.1417,-0.1094,0.664,15.638,walk
22.4294,7694,0.178,-0.1403,-0.1095,0.6778,15.537,walk
22.4298,7695,0.1762,-0.1389,-0.1084,0.6778,15.512,walk
22.434,7696,0.1777,-0.1395,-0.1101,0.6373,15.537,walk
22.4367,7697,0.1748,-0.1365,-0.1091,0.6855,15.403,walk
22.4392,7698,0.1747,-0.1357,-0.1099,0.7073,15.388,walk
22.4416,7699,0.1728,-0.1343,-0.1088,0.7073,15.317,walk
22.4447,7700,0.1736,-0.1342,-0.1102,0.7219,15.334,walk
22.4477,7701,0.1734,-0.1333,-0.1109,0.6814,15.28,walk
22.452,7702,0.1712,-0.1307,-0.1105,0.702,15.185,walk
22.4536,7703,0.1692,-0.1292,-0.1093,0.702,15.139,walk
22.456,7704,0.17,-0.129,-0.1108,0.7321,15.142,walk
22.4586,7705,0.168,-0.1274,-0.1096,0.7321,15.075,walk
22.4618,7706,0.1679,-0.1264,-0.1105,0.7364,15.072,walk
22.4638,7707,0.1648,-0.1239,-0.1087,0.7364,14.984,walk
22.4684,7708,0.168,-0.1248,-0.1125,0.6752,14.929,walk
22.4706,7709,0.1629,-0.1206,-0.1095,0.6752,14.799,walk
22.4732,7710,0.1635,-0.1201,-0.1109,0.699,14.76,walk
22.4749,7711,0.1614,-0.1184,-0.1096,0.699,14.696,walk
22.4787,7712,0.161,-0.1171,-0.1105,0.7209,14.628,walk
22.4795,7713,0.1589,-0.1153,-0.1093,0.7209,14.566,walk
22.4838,7714,0.1594,-0.1146,-0.1108,0.7213,14.502,walk
22.4844,7715,0.1562,-0.1119,-0.109,0.7213,14.461,walk
22.4881,7716,0.1558,-0.1103,-0.11,0.751,14.379,walk
22.4924,7717,0.1542,-0.1077,-0.1103,0.7656,14.263,walk
22.4957,7718,0.1557,-0.1078,-0.1124,0.7727,14.195,walk
22.4984,7719,0.1569,-0.1075,-0.1142,0.814,14.158,walk
22.5081,7720,0.1597,-0.1076,-0.1181,0.8403,14.033,walk
22.5086,7721,0.1573,-0.1058,-0.1163,0.8403,13.903,walk
22.5126,7722,0.1576,-0.1051,-0.1175,0.8559,13.82,walk
22.5169,7723,0.1601,-0.1058,-0.1202,0.8488,13.869,walk
22.5175,7724,0.1568,-0.1035,-0.1178,0.8488,13.737,walk
22.5213,7725,0.1577,-0.1031,-0.1193,0.8647,13.704,walk
22.5247,7726,0.1575,-0.1021,-0.1199,0.85,13.662,walk
22.5282,7727,0.1582,-0.1016,-0.1213,0.8626,13.666,walk
22.5291,7728,0.1565,-0.1005,-0.1199,0.8626,13.599,walk
22.5335,7729,0.1589,-0.1011,-0.1226,0.8459,13.638,walk
22.535,7730,0.1553,-0.0988,-0.1198,0.8459,13.555,walk
22.5389,7731,0.1595,-0.0995,-0.1246,0.8601,13.631,walk
22.5393,7732,0.1579,-0.0985,-0.1234,0.8601,13.578,walk
22.5418,7733,0.1563,-0.0976,-0.1221,0.8601,13.561,walk
22.5464,7734,0.1573,-0.0973,-0.1236,0.8646,13.536,walk
22.5472,7735,0.1557,-0.0963,-0.1223,0.8646,13.518,walk
22.5493,7736,0.1566,-0.0959,-0.1238,0.8624,13.496,walk
22.5524,7737,0.16,-0.097,-0.1273,0.8707,13.536,walk
22.5564,7738,0.1585,-0.0949,-0.1269,0.8533,13.455,walk
22.5583,7739,0.1561,-0.0934,-0.1251,0.8533,13.377,walk
22.5622,7740,0.1585,-0.0937,-0.1278,1.0157,13.262,walk
22.5637,7741,0.1592,-0.093,-0.1292,0.8042,13.224,walk
22.5668,7742,0.1569,-0.0914,-0.1275,0.8042,13.185,walk
22.5709,7743,0.1567,-0.09,-0.1283,0.7766,13.105,walk
22.5749,7744,0.1581,-0.0898,-0.1302,0.7564,13.076,walk
22.5752,7745,0.1559,-0.0884,-0.1284,0.7564,13.002,walk
22.5792,7746,0.1567,-0.0877,-0.1298,0.7771,12.977,walk
22.5804,7747,0.1552,-0.0868,-0.1287,0.7771,12.923,walk
22.5853,7748,0.1605,-0.0877,-0.1344,0.7741,13.024,walk
22.5857,7749,0.1576,-0.0859,-0.1321,0.7741,12.954,walk
22.5882,7750,0.1561,-0.085,-0.131,0.7741,12.92,walk
22.5914,7751,0.1563,-0.0838,-0.1319,0.7706,12.909,walk
22.5973,7752,0.1554,-0.0821,-0.1319,0.6652,12.919,walk
22.5985,7753,0.157,-0.0818,-0.134,0.7919,13.001,walk
22.6051,7754,0.1579,-0.0811,-0.1355,0.7499,13.083,walk
22.6082,7755,0.1554,-0.0784,-0.1342,0.595,13.148,walk
22.6121,7756,0.1558,-0.0776,-0.135,0.5923,13.193,walk
22.617,7757,0.1571,-0.0773,-0.1368,0.6913,13.196,walk
22.6175,7758,0.1546,-0.0758,-0.1347,0.6913,13.132,walk
22.6206,7759,0.1552,-0.0751,-0.1358,0.6382,13.094,walk
22.6235,7760,0.157,-0.075,-0.1379,0.8102,13.042,walk
22.6251,7761,0.1551,-0.0739,-0.1364,0.8102,12.995,walk
22.6282,7762,0.1569,-0.0736,-0.1386,0.8831,12.895,walk
22.6302,7763,0.155,-0.0725,-0.137,0.8831,12.834,walk
22.6329,7764,0.1572,-0.0726,-0.1394,0.8407,12.803,walk
22.6364,7765,0.1577,-0.0716,-0.1405,0.7845,12.714,walk
22.6403,7766,0.159,-0.0716,-0.142,0.55,12.962,walk
22.6421,7767,0.1565,-0.0702,-0.1399,0.55,12.889,walk
22.6459,7768,0.1573,-0.0695,-0.1411,0.8129,12.873,walk
22.6516,7769,0.1578,-0.0687,-0.1421,0.7587,12.961,walk
22.656,7770,0.1619,-0.0687,-0.1466,0.7256,13.292,walk
22.6585,7771,0.1589,-0.0671,-0.144,0.7256,13.224,walk
22.6619,7772,0.1593,-0.0664,-0.1448,0.6982,13.408,walk
22.6664,7773,0.1612,-0.0663,-0.1469,0.7954,13.478,walk
22.6671,7774,0.1587,-0.0651,-0.1448,0.7954,13.422,walk
22.6707,7775,0.161,-0.0654,-0.1471,0.7085,13.598,walk
22.6732,7776,0.1616,-0.0649,-0.148,0.7345,13.687,walk
22.6749,7777,0.1603,-0.0643,-0.1469,0.7345,13.672,walk
22.6789,7778,0.1622,-0.0643,-0.1488,0.7439,13.759,walk
22.6791,7779,0.1603,-0.0634,-0.1472,0.7439,13.714,walk
22.6844,7780,0.162,-0.0634,-0.1491,0.7124,13.855,walk
22.6885,7781,0.1605,-0.0619,-0.1481,0.7035,13.876,walk
22.6917,7782,0.1627,-0.0621,-0.1504,0.6855,14.008,walk
22.6957,7783,0.163,-0.0615,-0.151,0.6837,14.079,walk
22.6964,7784,0.1611,-0.0606,-0.1493,0.6837,14.044,walk
22.7002,7785,0.1632,-0.0608,-0.1514,0.663,14.17,walk
22.7064,7786,0.1659,-0.0606,-0.1544,0.6327,14.373,walk
22.7072,7787,0.1627,-0.0592,-0.1515,0.6327,14.281,walk
22.7111,7788,0.164,-0.0592,-0.153,0.6381,14.365,walk
22.7136,7789,0.1615,-0.0581,-0.1506,0.6381,14.287,walk
22.7154,7790,0.1627,-0.0581,-0.152,0.6178,14.401,walk
22.7179,7791,0.1607,-0.0573,-0.1502,0.6178,14.32,walk
22.7218,7792,0.1607,-0.0567,-0.1504,0.6397,14.362,walk
22.7251,7793,0.1619,-0.0567,-0.1517,0.6173,14.413,walk
22.7293,7794,0.1612,-0.0559,-0.1512,0.6507,14.381,walk
22.7301,7795,0.1599,-0.0554,-0.15,0.6507,14.36,walk
22.7335,7796,0.1604,-0.0551,-0.1506,0.6208,14.37,walk
22.7368,7797,0.1622,-0.0554,-0.1524,0.6003,14.48,walk
22.739,7798,0.1618,-0.0548,-0.1522,0.5787,14.543,walk
22.7419,7799,0.1596,-0.0541,-0.1502,0.5787,14.497,walk
22.7454,7800,0.1606,-0.054,-0.1513,0.5769,14.587,walk
22.7501,7801,0.1604,-0.0538,-0.1511,0.6351,14.778,walk
22.7512,7802,0.1582,-0.053,-0.1491,0.6351,14.732,walk
22.7561,7803,0.1622,-0.0538,-0.1531,0.5763,14.953,walk
22.7566,7804,0.1586,-0.0526,-0.1496,0.5763,14.839,walk
22.759,7805,0.1571,-0.0521,-0.1482,0.5763,14.77,walk
22.7612,7806,0.158,-0.0521,-0.1492,0.5854,14.844,walk
22.7632,7807,0.1558,-0.0514,-0.1471,0.5854,14.751,walk
22.7677,7808,0.1566,-0.0515,-0.1478,0.5433,14.871,walk
22.7709,7809,0.1566,-0.0513,-0.148,0.5661,14.899,walk
22.7714,7810,0.1544,-0.0507,-0.1458,0.5661,14.852,walk
22.7746,7811,0.1566,-0.0512,-0.148,0.5319,14.989,walk
22.7784,7812,0.1553,-0.0507,-0.1468,0.6236,14.874,walk
22.7787,7813,0.1538,-0.0503,-0.1453,0.6236,14.827,walk
22.7832,7814,0.1538,-0.0501,-0.1454,0.5617,14.862,walk
22.786,7815,0.152,-0.0495,-0.1438,0.5275,14.892,walk
22.789,7816,0.1533,-0.0497,-0.145,0.4994,15.038,walk
22.7906,7817,0.1517,-0.0493,-0.1435,0.4994,15.014,walk
22.7933,7818,0.1511,-0.049,-0.1429,0.4131,15.142,walk
22.7958,7819,0.149,-0.0485,-0.1409,0.4131,15.093,walk
22.7985,7820,0.1494,-0.0485,-0.1413,0.3941,15.246,walk
22.8065,7821,0.1478,-0.0478,-0.1398,0.4133,15.55,walk
22.8088,7822,0.1465,-0.0475,-0.1386,0.4133,15.501,walk
22.8122,7823,0.1449,-0.0468,-0.1371,0.409,15.598,walk
22.8142,7824,0.145,-0.0465,-0.1373,0.3615,15.794,walk
22.817,7825,0.1443,-0.0463,-0.1366,0.3615,15.78,walk
22.8198,7826,0.1437,-0.046,-0.1361,0.3559,15.964,walk
22.8215,7827,0.1415,-0.0454,-0.134,0.3559,15.921,walk
22.8245,7828,0.141,-0.0451,-0.1336,0.4134,16.092,walk
22.8288,7829,0.1412,-0.045,-0.1338,0.393,16.284,walk
22.8294,7830,0.1389,-0.0444,-0.1316,0.393,16.234,walk
22.8333,7831,0.1389,-0.0442,-0.1317,0.3739,16.461,walk
22.8341,7832,0.1366,-0.0436,-0.1295,0.3739,16.407,walk
22.8376,7833,0.1373,-0.0436,-0.1303,0.3678,16.642,walk
22.8398,7834,0.1366,-0.0432,-0.1296,0.3533,16.804,walk
22.8416,7835,0.1366,-0.0432,-0.1296,0.3533,16.804,walk
22.8458,7836,0.1339,-0.0422,-0.127,0.372,16.869,walk
22.8467,7837,0.1325,-0.0419,-0.1257,0.372,16.794,walk
22.8524,7838,0.1344,-0.0419,-0.1277,0.4204,17.009,walk
22.8554,7839,0.1299,-0.0407,-0.1233,0.4204,16.85,walk
22.8564,7840,0.1301,-0.0406,-0.1236,0.4261,16.847,walk
22.8587,7841,0.1286,-0.0402,-0.1221,0.4261,16.792,walk
22.8621,7842,0.1277,-0.0397,-0.1213,0.3343,16.894,walk
22.8662,7843,0.1266,-0.039,-0.1204,0.3042,17.024,walk
22.8666,7844,0.1251,-0.0386,-0.1189,0.3042,16.967,walk
22.8693,7845,0.1249,-0.0382,-0.1189,0.3528,17.103,walk
22.8713,7846,0.1227,-0.0376,-0.1168,0.3528,17.046,walk
22.8746,7847,0.1225,-0.0372,-0.1167,0.3507,17.153,walk
22.8772,7848,0.1216,-0.0368,-0.1159,0.3342,17.327,walk
22.8787,7849,0.1201,-0.0363,-0.1145,0.3342,17.269,walk
22.8831,7850,0.1193,-0.0358,-0.1138,0.3341,17.328,walk
22.886,7851,0.118,-0.0345,-0.1129,0.3542,17.274,walk
22.8876,7852,0.1159,-0.0339,-0.1108,0.3542,17.158,walk
22.8903,7853,0.115,-0.0337,-0.1099,0.2129,17.429,walk
22.8925,7854,0.1128,-0.033,-0.1079,0.2129,17.312,walk
22.8962,7855,0.1112,-0.032,-0.1064,0.322,17.286,walk
22.9006,7856,0.1112,-0.0312,-0.1067,0.4079,17.311,walk
22.9019,7857,0.1104,-0.0308,-0.1061,0.3371,17.263,walk
22.9039,7858,0.1097,-0.0305,-0.1054,0.3371,17.234,walk
22.9068,7859,0.1076,-0.0297,-0.1034,0.2169,17.37,walk
22.9086,7860,0.1062,-0.0292,-0.1021,0.2169,17.312,walk
22.9122,7861,0.1058,-0.0286,-0.1019,0.2981,17.361,walk
22.913,7862,0.1037,-0.0279,-0.0999,0.2981,17.246,walk
22.9167,7863,0.1034,-0.0273,-0.0998,0.2964,17.315,walk
22.9204,7864,0.1029,-0.0264,-0.0995,0.4147,17.145,walk
22.9213,7865,0.1009,-0.0257,-0.0975,0.4147,17.087,walk
22.924,7866,0.1006,-0.025,-0.0974,0.3085,17.046,walk
22.9282,7867,0.0992,-0.0243,-0.0962,0.2059,17.18,walk
22.9302,7868,0.0964,-0.0233,-0.0936,0.2059,17.066,walk
22.9335,7869,0.0966,-0.0224,-0.094,0.4194,16.86,walk
22.9369,7870,0.0956,-0.0216,-0.0932,0.2814,16.845,walk
22.9413,7871,0.0947,-0.0206,-0.0924,0.2999,16.745,walk
22.9417,7872,0.0927,-0.0199,-0.0905,0.2999,16.689,walk
22.9459,7873,0.092,-0.0193,-0.0899,0.1991,16.78,walk
22.9465,7874,0.09,-0.0185,-0.088,0.1991,16.724,walk
22.9504,7875,0.0897,-0.0179,-0.0879,0.2973,16.679,jog
22.9511,7876,0.0877,-0.0171,-0.0861,0.2973,16.624,jog
22.9544,7877,0.0875,-0.0164,-0.086,0.3064,16.613,jog
22.9564,7878,0.0876,-0.0155,-0.0863,0.396,16.404,jog
22.9586,7879,0.0857,-0.0147,-0.0844,0.396,16.349,jog
22.9626,7880,0.0861,-0.0143,-0.0849,0.3052,16.332,jog
22.9633,7881,0.0835,-0.0132,-0.0824,0.3052,16.25,jog
22.9672,7882,0.0833,-0.0125,-0.0824,0.3145,16.204,jog
22.9699,7883,0.0815,-0.0115,-0.0807,0.2621,16.358,jog
22.9715,7884,0.0802,-0.0109,-0.0795,0.2621,16.277,jog
22.9742,7885,0.0799,-0.0097,-0.0793,0.4325,16.063,jog
22.9782,7886,0.0798,-0.0091,-0.0792,0.3292,16.066,jog
22.9826,7887,0.0771,-0.0072,-0.0768,0.3472,15.935,jog
22.9848,7888,0.0759,-0.0066,-0.0756,0.3472,15.856,jog
22.9885,7889,0.0758,-0.0059,-0.0756,0.3491,15.857,jog
22.9905,7890,0.0752,-0.0049,-0.075,0.3446,15.801,jog
22.9955,7891,0.0745,-0.0035,-0.0744,0.3434,15.671,jog
22.9959,7892,0.0726,-0.0026,-0.0726,0.3434,15.569,jog
22.999,7893,0.072,-0.0014,-0.072,0.3528,15.547,jog
23.0028,7894,0.072,-0.0006,-0.072,0.3461,15.516,jog
23.0089,7895,0.0696,0.0016,-0.0696,0.3587,15.399,jog
23.0096,7896,0.0678,0.0026,-0.0678,0.3587,15.327,jog
23.0136,7897,0.0673,0.0039,-0.0672,0.3618,15.305,jog
23.0167,7898,0.0669,0.0051,-0.0667,0.3593,15.276,jog
23.0175,7899,0.0657,0.0059,-0.0654,0.3593,15.253,jog
23.0211,7900,0.0659,0.0068,-0.0655,0.3705,15.224,jog
23.0246,7901,0.066,0.0077,-0.0656,0.3628,15.244,jog
23.0251,7902,0.0638,0.0093,-0.0631,0.3628,15.156,jog
23.0276,7903,0.0646,0.0099,-0.0638,0.367,15.186,jog
23.0297,7904,0.0629,0.0111,-0.062,0.367,15.142,jog
23.0318,7905,0.0632,0.0121,-0.062,0.3828,15.102,jog
23.0339,7906,0.0622,0.013,-0.0608,0.3828,15.081,jog
23.0375,7907,0.0625,0.014,-0.0609,0.3734,15.078,jog
23.0394,7908,0.0624,0.0155,-0.0604,0.3813,15.077,jog
23.041,7909,0.0609,0.0169,-0.0585,0.3813,14.993,jog
23.0455,7910,0.0609,0.0184,-0.0581,0.3859,15.004,jog
23.0489,7911,0.0614,0.0195,-0.0582,0.3895,14.99,jog
23.0523,7912,0.0607,0.0221,-0.0565,0.4038,14.892,jog
23.0556,7913,0.0616,0.0227,-0.0573,0.3892,14.931,jog
23.0585,7914,0.0594,0.0257,-0.0536,0.3892,14.806,jog
23.0625,7915,0.0598,0.0274,-0.0532,0.4111,14.77,jog
23.0653,7916,0.0603,0.0292,-0.0528,0.4164,14.778,jog
23.0671,7917,0.0595,0.0307,-0.0509,0.4164,14.694,jog
23.0707,7918,0.0604,0.032,-0.0512,0.4279,14.678,jog
23.0732,7919,0.0608,0.0343,-0.0502,0.4361,14.629,jog
23.0752,7920,0.0605,0.0355,-0.049,0.4361,14.607,jog
23.0788,7921,0.0612,0.0372,-0.0486,0.4333,14.61,jog
23.082,7922,0.0623,0.0385,-0.049,0.4661,14.603,jog
23.0839,7923,0.062,0.0403,-0.0472,0.4661,14.52,jog
23.0879,7924,0.0631,0.0422,-0.0469,0.4462,14.564,jog
23.09,7925,0.0642,0.0434,-0.0474,0.478,14.538,jog
23.0916,7926,0.0641,0.0446,-0.046,0.478,14.498,jog
23.0956,7927,0.0652,0.0449,-0.0472,0.4659,14.574,jog
23.0962,7928,0.0648,0.0459,-0.0457,0.4659,14.492,jog
23.1006,7929,0.0658,0.0463,-0.0467,0.4969,14.484,jog
23.1064,7930,0.0677,0.0471,-0.0485,0.4796,14.53,jog
23.1075,7931,0.067,0.0478,-0.0469,0.4796,14.425,jog
23.112,7932,0.0675,0.0486,-0.0469,0.5024,14.366,jog
23.1129,7933,0.0671,0.049,-0.0459,0.5024,14.34,jog
23.1163,7934,0.068,0.0494,-0.0468,0.4998,14.327,jog
23.1192,7935,0.0687,0.0501,-0.047,0.4868,14.386,jog
23.1208,7936,0.0682,0.0508,-0.0455,0.4868,14.287,jog
23.1238,7937,0.069,0.0512,-0.0462,0.4946,14.35,jog
23.1269,7938,0.0693,0.0519,-0.046,0.5166,14.272,jog
23.1289,7939,0.0686,0.0523,-0.0445,0.5166,14.225,jog
23.133,7940,0.0692,0.0528,-0.0447,0.4788,14.281,jog
23.136,7941,0.0697,0.0532,-0.045,0.514,14.241,jog
23.1378,7942,0.0692,0.0534,-0.044,0.514,14.22,jog
23.1415,7943,0.0696,0.0541,-0.0439,0.4804,14.25,jog
23.1441,7944,0.0705,0.0545,-0.0448,0.4977,14.256,jog
23.1461,7945,0.0699,0.0548,-0.0435,0.4977,14.217,jog
23.151,7946,0.071,0.0551,-0.0447,0.4619,14.318,jog
23.1549,7947,0.0706,0.0557,-0.0433,0.5101,14.258,jog
23.1578,7948,0.071,0.0559,-0.0437,0.4998,14.263,jog
23.1618,7949,0.0715,0.0561,-0.0443,0.519,14.296,jog
23.1626,7950,0.071,0.0562,-0.0434,0.519,14.235,jog
23.1669,7951,0.0714,0.0562,-0.044,0.5403,14.323,jog
23.1674,7952,0.0709,0.0562,-0.0431,0.5403,14.263,jog
23.1705,7953,0.0715,0.0562,-0.0442,0.5498,14.327,jog
23.1727,7954,0.0719,0.0561,-0.045,0.5581,14.412,jog
23.1757,7955,0.0712,0.0562,-0.0437,0.5581,14.33,jog
23.1785,7956,0.0717,0.056,-0.0449,0.5621,14.478,jog
23.1798,7957,0.0712,0.056,-0.044,0.5621,14.417,jog
23.1829,7958,0.0716,0.0558,-0.0448,0.5711,14.529,jog
23.1869,7959,0.0719,0.0556,-0.0457,0.5722,14.604,jog
23.1906,7960,0.0723,0.0553,-0.0465,0.5791,14.737,jog
23.1912,7961,0.0715,0.0553,-0.0454,0.5791,14.654,jog
23.1955,7962,0.0723,0.0549,-0.047,0.5832,14.86,jog
23.196,7963,0.0713,0.0548,-0.0455,0.5832,14.756,jog
23.201,7964,0.0722,0.0545,-0.0472,0.5974,14.925,jog
23.2042,7965,0.0719,0.0541,-0.0474,0.6012,15.023,jog
23.2062,7966,0.0725,0.0536,-0.0488,0.6122,15.171,jog
23.2084,7967,0.0714,0.0535,-0.0473,0.6122,15.087,jog
23.2121,7968,0.0715,0.0529,-0.048,0.6133,15.187,jog
23.215,7969,0.0724,0.0524,-0.0499,0.652,15.348,jog
23.2172,7970,0.0715,0.0523,-0.0489,0.652,15.264,jog
23.2207,7971,0.0716,0.0517,-0.0496,0.6263,15.392,jog
23.2245,7972,0.0723,0.051,-0.0512,0.6737,15.527,jog
23.2252,7973,0.0714,0.0509,-0.0501,0.6737,15.464,jog
23.2284,7974,0.0724,0.0503,-0.052,0.6489,15.668,jog
23.2317,7975,0.0726,0.0495,-0.053,0.6848,15.77,jog
23.2335,7976,0.0723,0.0495,-0.0527,0.6848,15.75,jog
23.2363,7977,0.0724,0.0487,-0.0535,0.6569,15.942,jog
23.2389,7978,0.0729,0.0479,-0.0549,0.7002,16.053,jog
23.2409,7979,0.0723,0.0478,-0.0542,0.7002,16.033,jog
23.2453,7980,0.0731,0.0471,-0.0559,0.6839,16.204,jog
23.246,7981,0.0718,0.0468,-0.0545,0.6839,16.143,jog
23.2511,7982,0.0722,0.0461,-0.0555,0.6924,16.232,jog
23.2534,7983,0.0727,0.0454,-0.0568,0.6615,16.401,jog
23.2559,7984,0.0737,0.0448,-0.0585,0.6615,16.594,jog
23.2586,7985,0.0727,0.0446,-0.0575,0.6615,16.512,jog
23.2622,7986,0.0737,0.044,-0.0591,0.6598,16.752,jog
23.2629,7987,0.0727,0.0438,-0.0581,0.6598,16.67,jog
23.2675,7988,0.0735,0.0432,-0.0594,0.6682,16.83,jog
23.2696,7989,0.0741,0.0425,-0.0607,0.6619,16.984,jog
23.2748,7990,0.0748,0.0419,-0.062,0.6573,17.16,jog
23.2752,7991,0.0739,0.0417,-0.0609,0.6573,17.077,jog
23.2781,7992,0.0749,0.0412,-0.0626,0.636,17.31,jog
23.2801,7993,0.0739,0.0411,-0.0615,0.636,17.227,jog
23.2824,7994,0.0754,0.0406,-0.0635,0.6524,17.439,jog
23.2843,7995,0.0744,0.0405,-0.0624,0.6524,17.355,jog
23.2877,7996,0.0758,0.04,-0.0644,0.6424,17.573,jog
23.2917,7997,0.0763,0.0394,-0.0653,0.6582,17.704,jog
23.2923,7998,0.0753,0.0393,-0.0642,0.6582,17.64,jog
23.2958,7999,0.0764,0.0388,-0.0658,0.645,17.807,jog
23.2972,8000,0.0776,0.0383,-0.0675,0.6425,17.982,jog
23.2999,8001,0.0769,0.0382,-0.0667,0.6425,17.939,jog
23.3066,8002,0.0766,0.0376,-0.0668,0.6455,18.003,jog
23.3106,8003,0.0793,0.0366,-0.0704,0.6188,18.369,jog
23.3129,8004,0.0775,0.0365,-0.0683,0.6188,18.254,jog
23.3175,8005,0.0782,0.036,-0.0694,0.6039,18.436,jog
23.3189,8006,0.0794,0.0355,-0.071,0.6318,18.515,jog
23.3212,8007,0.0779,0.0355,-0.0694,0.6318,18.418,jog
23.3243,8008,0.079,0.0348,-0.0709,0.6333,18.507,jog
23.3273,8009,0.0798,0.0347,-0.0719,0.4484,17.972,jog
23.3289,8010,0.0783,0.0347,-0.0701,0.4484,17.869,jog
23.3326,8011,0.0793,0.0344,-0.0714,0.5382,18.133,jog
23.3369,8012,0.0785,0.0359,-0.0699,0.5815,19.876,jog
23.3395,8013,0.0795,0.0356,-0.0711,0.5274,19.771,jog
23.341,8014,0.0787,0.0356,-0.0701,0.5274,19.716,jog
23.345,8015,0.0796,0.0352,-0.0714,0.5551,19.537,jog
23.3459,8016,0.0783,0.0352,-0.0699,0.5551,19.425,jog
23.3502,8017,0.0796,0.0346,-0.0717,0.5804,19.293,jog
23.352,8018,0.0779,0.0347,-0.0697,0.5804,19.178,jog
23.3566,8019,0.0784,0.0343,-0.0705,0.0,19.065,jog
23.3598,8020,0.0767,0.0343,-0.0686,0.0,18.95,jog
23.3602,8021,0.0754,0.0344,-0.0671,0.0,18.834,jog
23.3627,8022,0.075,0.0344,-0.0666,0.0,18.805,jog
23.3647,8023,0.0741,0.0344,-0.0656,0.0,18.776,jog
23.3668,8024,0.0728,0.0344,-0.0641,0.0,18.661,jog
23.3708,8025,0.0723,0.0345,-0.0636,0.0,18.633,jog
23.3727,8026,0.0706,0.0345,-0.0616,0.0,18.519,jog
23.3742,8027,0.0692,0.0345,-0.06,0.0,18.462,jog
23.3789,8028,0.0683,0.0345,-0.059,0.0,18.378,jog
23.3818,8029,0.0661,0.0346,-0.0563,0.0,18.266,jog
23.3834,8030,0.0652,0.0346,-0.0553,0.0,18.182,jog
23.3873,8031,0.0643,0.0346,-0.0542,0.0,18.155,jog
23.3881,8032,0.0629,0.0346,-0.0526,0.0,18.042,jog
23.3909,8033,0.0621,0.0345,-0.0515,0.0,18.014,jog
23.3953,8034,0.0599,0.0345,-0.0489,0.0,17.874,jog
23.3988,8035,0.059,0.0345,-0.0479,0.0,17.791,jog
23.4019,8036,0.0576,0.0345,-0.0461,0.0,17.69,jog
23.4043,8037,0.0565,0.0344,-0.0449,0.0,17.646,jog
23.4072,8038,0.0555,0.0344,-0.0436,0.0,17.584,jog
23.4107,8039,0.0545,0.0344,-0.0423,0.0,17.509,jog
23.4127,8040,0.0539,0.0344,-0.0415,0.0,17.491,jog
23.415,8041,0.0532,0.0344,-0.0406,0.0,17.438,jog
23.417,8042,0.0522,0.0344,-0.0392,0.0,17.386,jog
23.4193,8043,0.0515,0.0345,-0.0383,0.0,17.351,jog
23.4213,8044,0.0509,0.0345,-0.0374,0.0,17.334,jog
23.4243,8045,0.0499,0.0346,-0.036,0.0,17.265,jog
23.4285,8046,0.0493,0.0346,-0.0351,0.0,17.247,jog
23.429,8047,0.0487,0.0347,-0.0342,0.0,17.194,jog
23.433,8048,0.0481,0.0347,-0.0333,0.0,17.176,jog
23.4336,8049,0.0473,0.0348,-0.032,0.0,17.101,jog
23.4381,8050,0.0465,0.0349,-0.0307,0.0,17.062,jog
23.4399,8051,0.0458,0.035,-0.0295,0.0,16.98,jog
23.4415,8052,0.0453,0.035,-0.0287,0.0,16.958,jog
23.4456,8053,0.0444,0.0352,-0.0272,0.0,16.87,jog
23.4508,8054,0.0438,0.0353,-0.026,0.0,16.777,jog
23.4533,8055,0.0432,0.0354,-0.0249,0.0,16.729,jog
23.4567,8056,0.0429,0.0355,-0.0241,0.0,16.657,jog
23.4576,8057,0.0422,0.0357,-0.0225,0.0,16.562,jog
23.4611,8058,0.0416,0.036,-0.021,0.0,16.49,jog
23.4632,8059,0.0414,0.0361,-0.0202,0.0,16.418,jog
23.4668,8060,0.041,0.0363,-0.0191,0.0,16.37,jog
23.4699,8061,0.0408,0.0365,-0.0183,0.0,16.299,jog
23.4717,8062,0.0405,0.0367,-0.0172,0.0,16.252,jog
23.4748,8063,0.0404,0.0368,-0.0168,0.0,16.229,jog
23.4777,8064,0.0402,0.0371,-0.0154,0.0,16.113,jog
23.4794,8065,0.0401,0.0374,-0.0143,0.0,16.067,jog
23.4832,8066,0.04,0.0376,-0.0136,0.0,15.998,jog
23.484,8067,0.0399,0.0379,-0.0126,0.0,15.952,jog
23.4869,8068,0.0399,0.038,-0.0122,0.0,15.929,jog
23.4887,8069,0.04,0.0384,-0.0112,0.0,15.862,jog
23.492,8070,0.04,0.0387,-0.0102,0.0,15.772,jog
23.4959,8071,0.0401,0.0389,-0.0095,0.0,15.727,jog
23.4962,8072,0.0402,0.0393,-0.0085,0.0,15.66,jog
23.4995,8073,0.0404,0.0397,-0.0076,0.0,15.616,jog
23.5019,8074,0.0406,0.04,-0.007,0.0,15.572,jog
23.5074,8075,0.041,0.0407,-0.0054,0.0,15.44,jog
23.5084,8076,0.0412,0.041,-0.0048,0.0,15.396,jog
23.5115,8077,0.0416,0.0414,-0.0039,0.0,15.352,jog
23.5143,8078,0.042,0.0419,-0.0031,0.0,15.264,jog
23.5167,8079,0.0421,0.042,-0.0028,0.0,15.264,jog
23.5213,8080,0.0425,0.0425,-0.0019,0.0,15.176,jog
23.5217,8081,0.043,0.043,-0.0011,0.0,15.132,jog
23.5241,8082,0.0433,0.0433,-0.0005,0.0,15.066,jog
23.5259,8083,0.0438,0.0438,0.0003,0.0,15.022,jog
23.5285,8084,0.044,0.044,0.0006,0.0,15.0,jog
23.5334,8085,0.0451,0.0451,0.0021,0.0,14.847,jog
23.5378,8086,0.0459,0.0458,0.0032,0.0,14.781,jog
23.5414,8087,0.0463,0.0462,0.0037,0.0,14.715,jog
23.5418,8088,0.0468,0.0466,0.0042,0.0,14.693,jog
23.545,8089,0.0476,0.0474,0.0051,0.0,14.582,jog
23.548,8090,0.0481,0.0478,0.0056,0.0,14.56,jog
23.5526,8091,0.049,0.0486,0.0066,0.0,14.449,jog
23.5557,8092,0.05,0.0494,0.0075,0.0,14.36,jog
23.5582,8093,0.0508,0.0501,0.0082,0.0,14.316,jog
23.5613,8094,0.0513,0.0505,0.0086,0.0,14.249,jog
23.5626,8095,0.0518,0.051,0.0091,0.0,14.204,jog
23.5654,8096,0.0523,0.0514,0.0095,0.0,14.181,jog
23.5675,8097,0.0531,0.0521,0.0102,0.0,14.114,jog
23.5705,8098,0.054,0.0529,0.0108,0.0,14.024,jog
23.573,8099,0.0545,0.0533,0.0112,0.0,13.979,jog
23.5746,8100,0.0551,0.0538,0.0116,0.0,13.956,jog
23.5775,8101,0.0556,0.0543,0.0121,0.0,13.888,jog
23.5796,8102,0.0565,0.0551,0.0127,0.0,13.843,jog
23.5816,8103,0.0571,0.0556,0.0131,0.0,13.776,jog
23.5837,8104,0.0577,0.0561,0.0135,0.0,13.754,jog
23.5875,8105,0.0583,0.0566,0.0139,0.0,13.687,jog
23.5896,8106,0.0596,0.0577,0.0147,0.0,13.62,jog
23.5917,8107,0.0602,0.0583,0.0151,0.0,13.554,jog
23.5958,8108,0.0611,0.0591,0.0157,0.0,13.51,jog
23.5967,8109,0.0618,0.0597,0.0161,0.0,13.444,jog
23.5995,8110,0.0628,0.0605,0.0167,0.0,13.4,jog
23.6018,8111,0.0634,0.0611,0.0171,0.0,13.357,jog
23.6045,8112,0.0644,0.062,0.0177,0.0,13.292,jog
23.6093,8113,0.0644,0.062,0.0177,0.0,13.292,jog
23.6109,8114,0.0662,0.0635,0.0186,0.0,13.185,jog
23.6133,8115,0.0676,0.0647,0.0194,0.0,13.1,jog
23.6166,8116,0.0683,0.0654,0.0198,0.0,13.037,jog
23.6199,8117,0.0694,0.0663,0.0204,0.0,12.995,jog
23.6217,8118,0.0705,0.0673,0.021,0.0,12.913,jog
23.625,8119,0.0709,0.0677,0.0212,0.0,12.892,jog
23.6272,8120,0.0724,0.069,0.022,0.0,12.81,jog
23.6288,8121,0.0732,0.0697,0.0224,0.0,12.79,jog
23.6334,8122,0.0744,0.0708,0.023,0.0,12.71,jog
23.634,8123,0.0752,0.0715,0.0234,0.0,12.69,jog
23.6371,8124,0.0764,0.0726,0.024,0.0,12.61,jog
23.638,8125,0.0772,0.0733,0.0244,0.0,12.571,jog
23.6416,8126,0.0781,0.0741,0.0248,0.0,12.551,jog
23.6442,8127,0.0789,0.0748,0.0252,0.0,12.492,jog
23.6465,8128,0.0806,0.0763,0.026,0.0,12.415,jog
23.6494,8129,0.0815,0.0771,0.0264,0.0,12.396,jog
23.6516,8130,0.0829,0.0783,0.027,0.0,12.339,jog
23.6574,8131,0.0833,0.0787,0.0272,0.0,12.301,jog
23.661,8132,0.087,0.082,0.0289,0.0,12.171,jog
23.6639,8133,0.0884,0.0833,0.0295,0.0,12.098,jog
23.6664,8134,0.0889,0.0838,0.0297,0.0,12.079,jog
23.6713,8135,0.0908,0.0855,0.0305,0.0,12.007,jog
23.6743,8136,0.0933,0.0878,0.0316,0.0,11.919,jog
23.6771,8137,0.0943,0.0887,0.032,0.0,11.884,jog
23.6786,8138,0.0958,0.0901,0.0327,0.0,11.849,jog
23.6825,8139,0.0969,0.091,0.0331,0.0,11.797,jog
23.6875,8140,0.099,0.093,0.034,0.0,11.73,jog
23.6879,8141,0.1005,0.0944,0.0347,0.0,11.699,jog
23.6917,8142,0.1019,0.0956,0.0352,0.0,11.644,jog
23.6925,8143,0.1025,0.0962,0.0355,0.0,11.629,jog
23.6959,8144,0.1031,0.0967,0.0358,0.0,11.581,jog
23.6985,8145,0.1034,0.0969,0.036,0.0,11.526,jog
23.7007,8146,0.1038,0.0972,0.0362,0.0,11.487,jog
23.7056,8147,0.104,0.0974,0.0364,0.0,11.424,jog
23.7076,8148,0.1045,0.0979,0.0366,0.0,11.337,jog
23.7109,8149,0.1049,0.0983,0.0368,0.0,11.292,jog
23.7128,8150,0.1054,0.0987,0.037,0.0,11.222,jog
23.7159,8151,0.1057,0.0989,0.0371,0.0,11.151,jog
23.7213,8152,0.1061,0.0993,0.0373,0.0,11.102,jog
23.723,8153,0.1067,0.0999,0.0376,0.0,10.952,jog
23.7246,8154,0.1068,0.1,0.0377,0.0,10.952,jog
23.7272,8155,0.107,0.1001,0.0378,0.0,10.849,jog
23.7288,8156,0.1072,0.1002,0.0379,0.0,10.822,jog
23.7327,8157,0.1072,0.1003,0.0379,0.0,10.744,jog
23.7335,8158,0.1071,0.1002,0.0378,0.0,10.67,jog
23.737,8159,0.1069,0.1,0.0376,0.0,10.622,jog
23.7377,8160,0.1066,0.0998,0.0374,0.0,10.598,jog
23.7415,8161,0.1061,0.0995,0.037,0.0,10.505,jog
23.7444,8162,0.1059,0.0993,0.0369,0.0,10.44,jog
23.7462,8163,0.1057,0.0991,0.0367,0.0,10.398,jog
23.749,8164,0.1056,0.099,0.0366,0.0,10.338,jog
23.7513,8165,0.1054,0.0988,0.0365,0.0,10.282,jog
23.7565,8166,0.105,0.0985,0.0364,0.0,10.197,jog
23.7602,8167,0.1048,0.0983,0.0363,0.0,10.135,jog
23.7626,8168,0.1046,0.0981,0.0362,0.0,10.107,jog
23.7662,8169,0.1042,0.0978,0.036,0.0,10.053,jog
23.7684,8170,0.104,0.0976,0.0359,0.0,10.04,jog
23.7729,8171,0.4585,-0.0398,-0.4568,233.4104,145.424,jog
23.7752,8172,0.4589,-0.0405,-0.4572,233.4104,145.503,jog
23.779,8173,0.4655,-0.0403,-0.4638,1.5771,145.699,jog
23.7815,8174,0.4659,-0.0408,-0.4641,0.0,145.738,jog
23.783,8175,0.4659,-0.0409,-0.4641,0.0,145.747,jog
23.7859,8176,0.4662,-0.0413,-0.4644,0.0,145.774,jog
23.7881,8177,0.4665,-0.0416,-0.4646,0.0,145.791,jog
23.7908,8178,0.4666,-0.0419,-0.4648,0.0,145.808,jog
23.7935,8179,0.4668,-0.0421,-0.4649,0.0,145.832,jog
23.7952,8180,0.467,-0.0424,-0.4651,0.0,145.84,jog
23.7987,8181,0.4672,-0.0427,-0.4653,0.0,145.864,jog
23.8015,8182,0.4676,-0.0432,-0.4656,0.0,145.886,jog
23.8043,8183,0.468,-0.0438,-0.4659,0.0,145.914,jog
23.8072,8184,0.4683,-0.0442,-0.4662,0.0,145.941,jog
23.8101,8185,0.4686,-0.0446,-0.4665,0.0,145.953,jog
23.8126,8186,0.4688,-0.0449,-0.4666,0.0,145.971,jog
23.8151,8187,0.469,-0.0452,-0.4668,0.0,145.976,jog
23.817,8188,0.4692,-0.0455,-0.467,0.0,145.992,jog
23.821,8189,0.4696,-0.0461,-0.4673,0.0,146.007,jog
23.8236,8190,0.4699,-0.0465,-0.4676,0.0,146.024,jog
23.8251,8191,0.4701,-0.0468,-0.4678,0.0,146.029,jog
23.8288,8192,0.4704,-0.0472,-0.468,0.0,146.043,jog
23.831,8193,0.4706,-0.0475,-0.4682,0.0,146.047,jog
23.8335,8194,0.4709,-0.048,-0.4685,0.0,146.059,jog
23.8374,8195,0.4713,-0.0485,-0.4688,0.0,146.066,jog
23.8413,8196,0.4715,-0.0488,-0.4689,0.0,146.072,jog
23.8418,8197,0.4717,-0.0491,-0.4691,0.0,146.075,jog
23.8447,8198,0.4719,-0.0494,-0.4693,0.0,146.076,jog
23.8482,8199,0.4721,-0.0498,-0.4695,0.0,146.08,jog
23.85,8200,0.4724,-0.0502,-0.4697,0.0,146.081,jog
23.8563,8201,0.4726,-0.0505,-0.4699,0.0,146.081,jog
23.8603,8202,0.4732,-0.0515,-0.4704,0.0,146.076,jog
23.8628,8203,0.4734,-0.0518,-0.4705,0.0,146.072,jog
23.8638,8204,0.4735,-0.052,-0.4707,0.0,146.068,jog
23.866,8205,0.4738,-0.0524,-0.4709,0.0,146.063,jog
23.871,8206,0.4739,-0.0526,-0.471,0.0,146.055,jog
23.8713,8207,0.4741,-0.0529,-0.4711,0.0,146.048,jog
23.8745,8208,0.4743,-0.0533,-0.4713,0.0,146.033,jog
23.879,8209,0.4744,-0.0535,-0.4714,0.0,146.028,jog
23.8795,8210,0.4746,-0.0538,-0.4715,0.0,146.01,jog
23.8832,8211,0.4747,-0.054,-0.4716,0.0,145.999,jog
23.8839,8212,0.4748,-0.0542,-0.4717,0.0,145.994,jog
23.8877,8213,0.475,-0.0547,-0.4718,0.0,145.964,jog
23.8908,8214,0.4751,-0.0548,-0.4719,0.0,145.958,jog
23.8917,8215,0.4752,-0.055,-0.472,0.0,145.938,jog
23.8939,8216,0.4752,-0.0551,-0.472,0.0,145.93,jog
23.896,8217,0.4753,-0.0554,-0.4721,0.0,145.916,jog
23.8998,8218,0.4754,-0.0556,-0.4721,0.0,145.893,jog
23.9006,8219,0.4755,-0.0559,-0.4722,0.0,145.877,jog
23.9074,8220,0.4756,-0.0564,-0.4723,0.0,145.816,jog
23.9112,8221,0.4757,-0.0568,-0.4723,0.0,145.767,jog
23.9142,8222,0.4757,-0.057,-0.4723,0.0,145.735,jog
23.9167,8223,0.4757,-0.0571,-0.4723,0.0,145.735,jog
23.9211,8224,0.4757,-0.0573,-0.4723,0.0,145.691,jog
23.9215,8225,0.4757,-0.0575,-0.4722,0.0,145.667,jog
23.9246,8226,0.4757,-0.0577,-0.4722,0.0,145.619,jog
23.9273,8227,0.4757,-0.0578,-0.4721,0.0,145.606,jog
23.9289,8228,0.4756,-0.0579,-0.4721,0.0,145.567,jog
23.9328,8229,0.4756,-0.0581,-0.472,0.0,145.541,jog
23.9331,8230,0.4755,-0.0582,-0.4719,0.0,145.5,jog
23.9372,8231,0.4755,-0.0584,-0.4719,0.0,145.472,jog
23.9378,8232,0.4754,-0.0585,-0.4718,0.0,145.457,jog
23.9404,8233,0.4753,-0.0586,-0.4717,0.0,145.398,jog
23.9426,8234,0.4752,-0.0587,-0.4716,0.0,145.383,jog
23.9457,8235,0.4751,-0.0589,-0.4714,0.0,145.32,jog
23.9497,8236,0.475,-0.059,-0.4713,0.0,145.287,jog
23.9532,8237,0.4748,-0.0592,-0.4711,0.0,145.219,jog
23.9577,8238,0.4744,-0.0594,-0.4707,0.0,145.129,jog
23.9608,8239,0.4742,-0.0595,-0.4704,0.0,145.052,jog
23.964,8240,0.4739,-0.0597,-0.4702,0.0,145.012,jog
23.9661,8241,0.4738,-0.0597,-0.47,0.0,144.95,jog
23.9708,8242,0.4735,-0.0598,-0.4697,0.0,144.886,jog
23.9711,8243,0.4732,-0.0599,-0.4694,0.0,144.842,jog
23.9741,8244,0.4731,-0.06,-0.4692,0.0,144.798,jog
23.9773,8245,0.4728,-0.0601,-0.4689,0.0,144.705,jog
23.9792,8246,0.4724,-0.0601,-0.4686,0.0,144.657,jog
23.9827,8247,0.4721,-0.0602,-0.4682,0.0,144.558,jog
23.9881,8248,0.4716,-0.0603,-0.4677,0.0,144.459,jog
23.99,8249,0.4714,-0.0603,-0.4675,0.0,144.435,jog
23.9918,8250,0.4709,-0.0604,-0.467,0.0,144.338,jog
23.9951,8251,0.47,-0.0603,-0.4661,0.0,144.288,jog
24.0003,8252,0.469,-0.0601,-0.4651,0.0,144.205,jog
24.0026,8253,0.468,-0.06,-0.4641,0.0,144.081,jog
24.0053,8254,0.467,-0.0601,-0.4631,0.0,143.945,jog
24.0096,8255,0.4659,-0.0603,-0.4619,0.0,143.798,jog
24.0123,8256,0.4654,-0.0604,-0.4615,0.0,143.682,jog
24.0154,8257,0.4649,-0.0605,-0.461,0.0,143.643,jog
24.0177,8258,0.464,-0.0607,-0.46,0.0,143.48,jog
24.0213,8259,0.463,-0.061,-0.459,0.0,143.269,jog
24.0252,8260,0.4628,-0.061,-0.4587,0.0,143.269,jog
24.028,8261,0.4614,-0.0614,-0.4573,0.0,143.006,jog
24.0298,8262,0.4609,-0.0615,-0.4568,0.0,142.916,jog
24.0328,8263,0.4603,-0.0616,-0.4562,0.0,142.871,jog
24.0358,8264,0.4595,-0.0618,-0.4553,0.0,142.735,jog
24.0378,8265,0.4586,-0.062,-0.4544,0.0,142.572,jog
24.0403,8266,0.4578,-0.0621,-0.4535,0.0,142.497,jog
24.0424,8267,0.4572,-0.0622,-0.453,0.0,142.388,jog
24.0455,8268,0.4566,-0.0623,-0.4524,0.0,142.352,jog
24.0498,8269,0.4557,-0.0625,-0.4514,0.0,142.205,jog
24.0504,8270,0.4548,-0.0627,-0.4505,0.0,142.128,jog
24.0554,8271,0.4541,-0.0628,-0.4498,0.0,142.009,jog
24.0577,8272,0.4528,-0.0631,-0.4484,0.0,141.842,jog
24.0625,8273,0.4514,-0.0633,-0.447,0.0,141.712,jog
24.0629,8274,0.4507,-0.0635,-0.4462,0.0,141.577,jog
24.0662,8275,0.4492,-0.0637,-0.4447,0.0,141.437,jog
24.0688,8276,0.4488,-0.0638,-0.4443,0.0,141.342,jog
24.0731,8277,0.4469,-0.0641,-0.4423,0.0,141.095,jog
24.0754,8278,0.4457,-0.0643,-0.441,0.0,140.994,jog
24.0781,8279,0.4448,-0.0644,-0.4402,0.0,140.839,jog
24.0825,8280,0.4432,-0.0646,-0.4384,0.0,140.681,jog
24.0875,8281,0.4406,-0.065,-0.4358,0.0,140.356,jog
24.0896,8282,0.4397,-0.0651,-0.4349,0.0,140.189,jog
24.0916,8283,0.4388,-0.0652,-0.4339,0.0,140.133,jog
24.0956,8284,0.4374,-0.0654,-0.4325,0.0,139.905,jog
24.0962,8285,0.4365,-0.0655,-0.4316,0.0,139.847,jog
24.0998,8286,0.4356,-0.0656,-0.4306,0.0,139.731,jog
24.1005,8287,0.4346,-0.0657,-0.4297,0.0,139.556,jog
24.1047,8288,0.4337,-0.0658,-0.4287,0.0,139.497,jog
24.1081,8289,0.4318,-0.0659,-0.4267,0.0,139.2,jog
24.1089,8290,0.4308,-0.066,-0.4257,0.0,139.14,jog
24.1129,8291,0.4298,-0.0661,-0.4247,0.0,138.959,jog
24.1143,8292,0.4283,-0.0663,-0.4231,0.0,138.838,jog
24.1163,8293,0.4268,-0.0664,-0.4216,0.0,138.595,jog
24.1209,8294,0.4242,-0.0666,-0.4189,0.0,138.29,jog
24.1238,8295,0.4231,-0.0667,-0.4179,0.0,138.228,jog
24.1256,8296,0.4221,-0.0668,-0.4168,0.0,138.106,jog
24.1289,8297,0.421,-0.0668,-0.4157,0.0,137.922,jog
24.1319,8298,0.4194,-0.0669,-0.414,0.0,137.799,jog
24.1335,8299,0.4178,-0.067,-0.4124,0.0,137.553,jog
24.1359,8300,0.4167,-0.0671,-0.4113,0.0,137.492,jog
24.1379,8301,0.415,-0.0672,-0.4096,0.0,137.246,jog
24.1415,8302,0.4139,-0.0673,-0.4084,0.0,137.185,jog
24.1442,8303,0.4122,-0.0674,-0.4067,0.0,136.939,jog
24.146,8304,0.4106,-0.0675,-0.405,0.0,136.816,jog
24.1498,8305,0.4088,-0.0676,-0.4032,0.0,136.632,jog
24.1539,8306,0.4077,-0.0676,-0.402,0.0,136.449,jog
24.1583,8307,0.4042,-0.0678,-0.3985,0.0,136.144,jog
24.1609,8308,0.4036,-0.0678,-0.3979,0.0,136.083,jog
24.164,8309,0.4006,-0.0679,-0.3948,0.0,135.779,jog
24.1664,8310,0.3989,-0.068,-0.393,0.0,135.536,jog
24.1707,8311,0.397,-0.0681,-0.3912,0.0,135.414,jog
24.1711,8312,0.3958,-0.0681,-0.3899,0.0,135.231,jog
24.1749,8313,0.3946,-0.0682,-0.3887,0.0,135.17,jog
24.1777,8314,0.3927,-0.0682,-0.3868,0.0,134.926,jog
24.1796,8315,0.3909,-0.0683,-0.3849,0.0,134.804,jog
24.1831,8316,0.389,-0.0684,-0.3829,0.0,134.559,jog
24.1852,8317,0.3877,-0.0684,-0.3816,0.0,134.498,jog
24.1953,8318,0.3839,-0.0685,-0.3777,0.0,134.19,jog
24.1989,8319,0.38,-0.0686,-0.3737,0.0,133.693,jog
24.2048,8320,0.376,-0.0686,-0.3697,0.0,133.38,jog
24.2145,8321,0.3699,-0.0686,-0.3635,0.0,132.811,jog
24.2177,8322,0.3672,-0.0686,-0.3607,0.0,132.555,jog
24.2263,8323,0.363,-0.0685,-0.3565,0.0,132.105,jog
24.2308,8324,0.3573,-0.0682,-0.3508,0.0,131.652,jog
24.2335,8325,0.3552,-0.0681,-0.3486,0.0,131.521,jog
24.2372,8326,0.353,-0.0679,-0.3464,0.0,131.261,jog
24.2429,8327,0.3523,-0.0679,-0.3457,0.0,131.067,jog
24.2486,8328,0.3457,-0.0673,-0.3391,0.0,130.619,jog
24.252,8329,0.3427,-0.0668,-0.3361,0.0,130.367,jog
24.2609,8330,0.3366,-0.0658,-0.3301,0.0,129.803,jog
24.2675,8331,0.332,-0.0651,-0.3256,0.0,129.492,jog
24.2695,8332,0.3289,-0.0645,-0.3225,0.0,129.183,jog
24.2737,8333,0.3243,-0.0637,-0.318,0.0,128.876,jog
24.277,8334,0.3219,-0.0632,-0.3157,0.0,128.633,jog
24.2798,8335,0.3196,-0.0627,-0.3134,0.0,128.452,jog
24.2834,8336,0.318,-0.0623,-0.3119,0.0,128.332,jog
24.2841,8337,0.3157,-0.0617,-0.3096,0.0,128.211,jog
24.2881,8338,0.3133,-0.0611,-0.3073,0.0,128.03,jog
24.2932,8339,0.3118,-0.0607,-0.3058,0.0,127.848,jog
24.2948,8340,0.3087,-0.06,-0.3028,0.0,127.665,jog
24.2978,8341,0.3057,-0.0594,-0.2999,0.0,127.418,jog
24.3002,8342,0.3038,-0.059,-0.298,0.0,127.236,jog
24.3041,8343,0.3032,-0.0589,-0.2975,0.0,127.178,jog
24.3046,8344,0.3015,-0.0585,-0.2957,0.0,127.015,jog
24.307,8345,0.3002,-0.0582,-0.2945,0.0,126.865,jog
24.309,8346,0.299,-0.058,-0.2933,0.0,126.818,jog
24.3123,8347,0.2963,-0.0573,-0.2907,0.0,126.592,jog
24.3149,8348,0.2949,-0.0569,-0.2893,0.0,126.504,jog
24.3165,8349,0.2934,-0.0566,-0.2879,0.0,126.416,jog
24.3207,8350,0.292,-0.0562,-0.2865,0.0,126.372,jog
24.3213,8351,0.2897,-0.0557,-0.2843,0.0,126.24,jog
24.3252,8352,0.2883,-0.0554,-0.2829,0.0,126.106,jog
24.3291,8353,0.2853,-0.0548,-0.28,0.0,125.969,jog
24.3295,8354,0.2839,-0.0545,-0.2786,0.0,125.829,jog
24.3317,8355,0.2832,-0.0544,-0.2779,0.0,125.829,jog
24.3338,8356,0.281,-0.0539,-0.2758,0.0,125.639,jog
24.3376,8357,0.2803,-0.0538,-0.2751,0.0,125.639,jog
24.3419,8358,0.2768,-0.053,-0.2717,0.0,125.416,jog
24.3426,8359,0.2748,-0.0526,-0.2697,0.0,125.229,jog
24.3446,8360,0.2734,-0.0523,-0.2683,0.0,125.182,jog
24.3467,8361,0.2727,-0.0521,-0.2676,0.0,125.084,jog
24.3497,8362,0.2706,-0.0517,-0.2657,0.0,124.985,jog
24.3543,8363,0.2689,-0.0514,-0.264,0.0,124.784,jog
24.355,8364,0.2672,-0.0511,-0.2623,0.0,124.681,jog
24.358,8365,0.266,-0.0508,-0.2611,0.0,124.526,jog
24.3617,8366,0.2626,-0.05,-0.2578,0.0,124.262,jog
24.3644,8367,0.2612,-0.0497,-0.2565,0.0,124.209,jog
24.3663,8368,0.2592,-0.0492,-0.2544,0.0,123.993,jog
24.3707,8369,0.2564,-0.0485,-0.2518,0.0,123.83,jog
24.3734,8370,0.255,-0.0481,-0.2504,0.0,123.666,jog
24.3752,8371,0.253,-0.0476,-0.2484,0.0,123.556,jog
24.3792,8372,0.2509,-0.0471,-0.2465,0.0,123.335,jog
24.3819,8373,0.2489,-0.0466,-0.2445,0.0,123.223,jog
24.3837,8374,0.2475,-0.0463,-0.2432,0.0,123.056,jog
24.3873,8375,0.2462,-0.0459,-0.2419,0.0,123.0,jog
24.3908,8376,0.2435,-0.0453,-0.2393,0.0,122.72,jog
24.3965,8377,0.2389,-0.0441,-0.2348,0.0,122.38,jog
24.3995,8378,0.2376,-0.0438,-0.2335,0.0,122.21,jog
24.404,8379,0.2349,-0.0431,-0.2309,0.0,121.981,jog
24.4062,8380,0.233,-0.0427,-0.2291,0.0,121.866,jog
24.409,8381,0.2304,-0.042,-0.2265,0.0,121.575,jog
24.4118,8382,0.2298,-0.0419,-0.2259,0.0,121.517,jog
24.4161,8383,0.2278,-0.0414,-0.224,0.0,121.399,jog
24.4166,8384,0.2259,-0.041,-0.2222,0.0,121.162,jog
24.4215,8385,0.2234,-0.0404,-0.2197,0.0,120.922,jog
24.4246,8386,0.2221,-0.0401,-0.2185,0.0,120.862,jog
24.4254,8387,0.2202,-0.0396,-0.2166,0.0,120.618,jog
24.4285,8388,0.2189,-0.0393,-0.2154,0.0,120.557,jog
24.4297,8389,0.2177,-0.0391,-0.2141,0.0,120.372,jog
24.4331,8390,0.2164,-0.0388,-0.2129,0.0,120.248,jog
24.434,8391,0.2151,-0.0385,-0.2117,0.0,120.185,jog
24.4388,8392,0.2139,-0.0382,-0.2104,0.0,119.997,jog
24.4412,8393,0.2107,-0.0376,-0.2073,0.0,119.68,jog
24.4437,8394,0.2088,-0.0372,-0.2055,0.0,119.552,jog
24.4461,8395,0.2082,-0.037,-0.2049,0.0,119.424,jog
24.4497,8396,0.205,-0.0364,-0.2018,0.0,119.101,jog
24.4516,8397,0.2037,-0.0362,-0.2005,0.0,119.036,jog
24.4585,8398,0.1999,-0.0354,-0.1967,0.0,118.642,jog
24.4611,8399,0.198,-0.0351,-0.1949,0.0,118.375,jog
24.4641,8400,0.1967,-0.0348,-0.1936,0.0,118.308,jog
24.467,8401,0.1948,-0.0345,-0.1917,0.0,118.04,jog
24.4709,8402,0.1928,-0.0342,-0.1897,0.0,117.904,jog
24.4715,8403,0.1908,-0.0338,-0.1878,0.0,117.634,jog
24.4748,8404,0.1895,-0.0336,-0.1865,0.0,117.566,jog
24.4756,8405,0.1882,-0.0334,-0.1852,0.0,117.362,jog
24.4793,8406,0.1869,-0.0332,-0.1839,0.0,117.294,jog
24.4819,8407,0.1842,-0.0328,-0.1812,0.0,116.955,jog
24.4839,8408,0.1828,-0.0326,-0.1799,0.0,116.887,jog
24.4861,8409,0.1815,-0.0324,-0.1786,0.0,116.683,jog
24.4898,8410,0.1794,-0.0321,-0.1765,0.0,116.547,jog
24.4961,8411,0.1767,-0.0317,-0.1738,0.0,116.275,jog
24.4966,8412,0.1739,-0.0313,-0.171,0.0,116.004,jog
24.5004,8413,0.1725,-0.0311,-0.1696,0.0,115.869,jog
24.5054,8414,0.1689,-0.0306,-0.1661,0.0,115.531,jog
24.5089,8415,0.1652,-0.0301,-0.1625,0.0,115.195,jog
24.5128,8416,0.1622,-0.0298,-0.1594,0.0,114.926,jog
24.5152,8417,0.1607,-0.0296,-0.1579,0.0,114.725,jog
24.5171,8418,0.1584,-0.0293,-0.1556,0.0,114.59,jog
24.5209,8419,0.1568,-0.0291,-0.1541,0.0,114.456,jog
24.5214,8420,0.1553,-0.0289,-0.1526,0.0,114.255,jog
24.5251,8421,0.1545,-0.0288,-0.1518,0.0,114.188,jog
24.5289,8422,0.1506,-0.0283,-0.1479,0.0,113.919,jog
24.5294,8423,0.1491,-0.0282,-0.1464,0.0,113.716,jog
24.5322,8424,0.1475,-0.028,-0.1448,0.0,113.581,jog
24.5355,8425,0.1452,-0.0277,-0.1425,0.0,113.446,jog
24.5377,8426,0.1428,-0.0274,-0.1401,0.0,113.174,jog
24.5407,8427,0.1404,-0.0271,-0.1377,0.0,112.97,jog
24.5452,8428,0.1388,-0.0269,-0.1361,0.0,112.834,jog
24.5482,8429,0.1338,-0.0264,-0.1312,0.0,112.495,jog
24.5507,8430,0.133,-0.0263,-0.1304,0.0,112.428,jog
24.554,8431,0.1296,-0.026,-0.127,0.0,112.16,jog
24.5558,8432,0.1279,-0.0258,-0.1253,0.0,111.961,jog
24.5579,8433,0.1263,-0.0256,-0.1236,0.0,111.895,jog
24.5604,8434,0.1237,-0.0254,-0.1211,0.0,111.632,jog
24.562,8435,0.122,-0.0252,-0.1194,0.0,111.503,jog
24.5656,8436,0.1203,-0.0251,-0.1177,0.0,111.438,jog
24.5665,8437,0.1186,-0.0249,-0.116,0.0,111.245,jog
24.5704,8438,0.1169,-0.0248,-0.1142,0.0,111.181,jog
24.5711,8439,0.1143,-0.0246,-0.1116,0.0,110.926,jog
24.5743,8440,0.1116,-0.0244,-0.109,0.0,110.801,jog
24.5768,8441,0.1099,-0.0242,-0.1072,0.0,110.613,jog
24.5784,8442,0.1081,-0.0241,-0.1054,0.0,110.551,jog
24.5822,8443,0.1063,-0.024,-0.1035,0.0,110.427,jog
24.5831,8444,0.1036,-0.0238,-0.1008,0.0,110.242,jog
24.587,8445,0.1027,-0.0238,-0.0999,0.0,110.181,jog
24.5906,8446,0.0984,-0.0234,-0.0956,0.0,109.818,jog
24.5939,8447,0.0963,-0.0233,-0.0934,0.0,109.573,jog
24.5967,8448,0.0952,-0.0234,-0.0922,0.0,109.449,jog
24.6006,8449,0.0939,-0.0236,-0.0909,0.0,109.196,jog
24.6043,8450,0.0936,-0.0237,-0.0906,0.0,109.068,jog
24.6064,8451,0.0927,-0.0239,-0.0895,0.0,108.81,jog
24.6089,8452,0.0921,-0.024,-0.0889,0.0,108.746,jog
24.6119,8453,0.091,-0.024,-0.0878,0.0,108.493,jog
24.6146,8454,0.0898,-0.0239,-0.0866,0.0,108.371,jog
24.6163,8455,0.0884,-0.0239,-0.0851,0.0,108.192,jog
24.6193,8456,0.0874,-0.0238,-0.0842,0.0,108.016,jog
24.6212,8457,0.086,-0.0235,-0.0827,0.0,107.899,jog
24.6234,8458,0.0855,-0.0235,-0.0822,0.0,107.784,jog
24.6254,8459,0.0841,-0.0232,-0.0808,0.0,107.669,jog
24.6277,8460,0.0832,-0.023,-0.0799,0.0,107.498,jog
24.6301,8461,0.0818,-0.0228,-0.0786,0.0,107.386,jog
24.633,8462,0.0814,-0.0227,-0.0781,0.0,107.275,jog
24.636,8463,0.0798,-0.0224,-0.0766,0.0,107.065,jog
24.6382,8464,0.079,-0.0221,-0.0758,0.0,106.969,jog
24.6415,8465,0.0783,-0.0218,-0.0752,0.0,106.788,jog
24.6454,8466,0.0774,-0.0214,-0.0744,0.0,106.619,jog
24.6488,8467,0.0769,-0.0213,-0.0739,0.0,106.578,jog
24.6508,8468,0.0761,-0.0211,-0.0731,0.0,106.417,jog
24.6542,8469,0.0756,-0.0211,-0.0726,0.0,106.377,jog
24.6588,8470,0.0746,-0.021,-0.0716,0.0,106.178,jog
24.6593,8471,0.0737,-0.0209,-0.0707,0.0,106.098,jog
24.6621,8472,0.0727,-0.0208,-0.0696,0.0,105.976,jog
24.6665,8473,0.0723,-0.0208,-0.0693,0.0,105.936,jog
24.6673,8474,0.071,-0.0207,-0.0679,0.0,105.729,jog
24.6709,8475,0.0703,-0.0207,-0.0672,0.0,105.687,jog
24.6729,8476,0.0697,-0.0207,-0.0665,0.0,105.561,jog
24.6744,8477,0.0687,-0.0207,-0.0655,0.0,105.476,jog
24.6775,8478,0.0681,-0.0208,-0.0649,0.0,105.346,jog
24.6795,8479,0.0672,-0.0208,-0.0639,0.0,105.26,jog
24.6833,8480,0.0667,-0.0209,-0.0633,0.0,105.128,jog
24.6839,8481,0.0661,-0.0209,-0.0627,0.0,105.084,jog
24.6867,8482,0.0656,-0.021,-0.0622,0.0,104.995,jog
24.6893,8483,0.0646,-0.0211,-0.061,0.0,104.815,jog
24.6916,8484,0.0643,-0.0211,-0.0607,0.0,104.769,jog
24.696,8485,0.0636,-0.0212,-0.0599,0.0,104.586,jog
24.6966,8486,0.0629,-0.0213,-0.0591,0.0,104.446,jog
24.6996,8487,0.0622,-0.0214,-0.0584,0.0,104.352,jog
24.7024,8488,0.0617,-0.0215,-0.0579,0.0,104.257,jog
24.7046,8489,0.0611,-0.0216,-0.0572,0.0,104.065,jog
24.7082,8490,0.0607,-0.0217,-0.0567,0.0,104.016,jog
24.709,8491,0.0601,-0.0219,-0.056,0.0,103.82,jog
24.7115,8492,0.0597,-0.022,-0.0555,0.0,103.771,jog
24.7156,8493,0.0593,-0.0221,-0.0551,0.0,103.621,jog
24.7204,8494,0.0581,-0.0224,-0.0536,0.0,103.265,jog
24.724,8495,0.0577,-0.0225,-0.0532,0.0,103.213,jog
24.7257,8496,0.0572,-0.0227,-0.0525,0.0,103.006,jog
24.7286,8497,0.0568,-0.0229,-0.0519,0.0,102.901,jog
24.7337,8498,0.0564,-0.023,-0.0515,0.0,102.742,jog
24.735,8499,0.0558,-0.0233,-0.0507,0.0,102.582,jog
24.7381,8500,0.0555,-0.0234,-0.0504,0.0,102.421,jog
24.7416,8501,0.0549,-0.0237,-0.0496,0.0,102.258,jog
24.7437,8502,0.0545,-0.0239,-0.049,0.0,102.039,jog
24.747,8503,0.0541,-0.0241,-0.0485,0.0,101.873,jog
24.7501,8504,0.0536,-0.0244,-0.0477,0.0,101.707,jog
24.754,8505,0.0534,-0.0245,-0.0475,0.0,101.595,jog
24.7576,8506,0.0529,-0.0248,-0.0468,0.0,101.427,jog
24.758,8507,0.0526,-0.025,-0.0462,0.0,101.201,jog
24.7612,8508,0.0525,-0.0251,-0.0461,0.0,101.144,jog
24.7639,8509,0.052,-0.0254,-0.0454,0.0,100.917,jog
24.766,8510,0.0517,-0.0257,-0.0448,0.0,100.802,jog
24.7702,8511,0.0515,-0.0258,-0.0446,0.0,100.745,jog
24.7709,8512,0.0512,-0.026,-0.0441,0.0,100.515,jog
24.7749,8513,0.051,-0.0262,-0.0438,0.0,100.457,jog
24.7786,8514,0.0506,-0.0266,-0.0431,0.0,100.225,jog
24.7789,8515,0.0503,-0.0269,-0.0425,0.0,99.991,jog
24.7827,8516,0.0501,-0.0271,-0.0422,0.0,99.933,jog
24.7859,8517,0.0499,-0.0274,-0.0417,0.0,99.697,jog
24.7881,8518,0.0496,-0.0277,-0.0412,0.0,99.519,jog
24.7938,8519,0.0491,-0.0283,-0.0401,0.0,99.161,jog
24.7962,8520,0.0489,-0.0286,-0.0396,0.0,99.04,jog
24.7993,8521,0.0486,-0.0289,-0.0391,0.0,98.797,jog
24.804,8522,0.0486,-0.029,-0.0389,0.0,98.737,jog
24.8072,8523,0.0482,-0.0296,-0.038,0.0,98.431,jog
24.8093,8524,0.048,-0.03,-0.0375,0.0,98.184,jog
24.812,8525,0.0478,-0.0303,-0.037,0.0,98.059,jog
24.8147,8526,0.0477,-0.0305,-0.0367,0.0,97.872,jog
24.8162,8527,0.0476,-0.0307,-0.0364,0.0,97.747,jog
24.8189,8528,0.0475,-0.0309,-0.0361,0.0,97.684,jog
24.821,8529,0.0474,-0.0312,-0.0357,0.0,97.495,jog
24.8251,8530,0.0472,-0.0317,-0.035,0.0,97.177,jog
24.8289,8531,0.0471,-0.032,-0.0346,0.0,97.049,jog
24.8327,8532,0.0471,-0.0323,-0.0343,0.0,96.856,jog
24.8332,8533,0.047,-0.0326,-0.0339,0.0,96.727,jog
24.838,8534,0.047,-0.0328,-0.0336,0.0,96.533,jog
24.8392,8535,0.0469,-0.0332,-0.0332,0.0,96.403,jog
24.8416,8536,0.0469,-0.0335,-0.0329,0.0,96.143,jog
24.8459,8537,0.0469,-0.0338,-0.0325,0.0,96.013,jog
24.8466,8538,0.0469,-0.0341,-0.0322,0.0,95.819,jog
24.8508,8539,0.0469,-0.0343,-0.032,0.0,95.755,jog
24.8527,8540,0.0469,-0.0346,-0.0317,0.0,95.498,jog
24.8549,8541,0.047,-0.035,-0.0314,0.0,95.37,jog
24.8578,8542,0.047,-0.0352,-0.0312,0.0,95.18,jog
24.8607,8543,0.5215,0.1204,-0.5074,120.66,31.371,jog
24.8625,8544,0.5211,0.12,-0.5071,120.66,31.62,jog
24.8656,8545,0.5251,0.1206,-0.511,1.0078,30.161,jog
24.8673,8546,0.5247,0.1203,-0.5108,1.0078,30.407,jog
24.8706,8547,0.5277,0.1197,-0.5139,0.8457,28.405,jog
24.8733,8548,0.5288,0.1179,-0.5155,0.9657,25.957,jog
24.8747,8549,0.5286,0.1176,-0.5153,0.9657,26.137,jog
24.8785,8550,0.5304,0.1165,-0.5174,0.7853,23.839,jog
24.8809,8551,0.5331,0.1163,-0.5203,0.7777,21.812,jog
24.8826,8552,0.5329,0.1161,-0.5201,0.7777,21.87,jog
24.8866,8553,0.5347,0.116,-0.522,0.6328,19.953,jog
24.889,8554,0.5344,0.1157,-0.5217,0.6328,20.07,jog
24.8921,8555,0.5356,0.1155,-0.523,0.5063,18.659,jog
24.8953,8556,0.5355,0.1154,-0.523,0.0,18.659,jog
24.8972,8557,0.5352,0.1155,-0.5226,0.0,18.889,jog
24.9009,8558,0.535,0.1159,-0.5223,0.0,19.096,jog
24.9054,8559,0.5348,0.1166,-0.5219,0.0,19.281,jog
24.909,8560,0.5347,0.1168,-0.5218,0.0,19.41,jog
24.912,8561,0.5346,0.1169,-0.5216,0.0,19.493,jog
24.9149,8562,0.5344,0.117,-0.5215,0.0,19.653,jog
24.9163,8563,0.5343,0.117,-0.5213,0.0,19.769,jog
24.9203,8564,0.5342,0.1169,-0.5212,0.0,19.844,jog
24.921,8565,0.5341,0.1168,-0.5211,0.0,19.956,jog
24.925,8566,0.534,0.1168,-0.5211,0.0,19.993,jog
24.9253,8567,0.5339,0.1167,-0.521,0.0,20.103,jog
24.9282,8568,0.5338,0.1166,-0.5209,0.0,20.139,jog
24.9328,8569,0.5336,0.1164,-0.5207,0.0,20.32,jog
24.9335,8570,0.5335,0.1163,-0.5206,0.0,20.392,jog
24.9376,8571,0.5333,0.1162,-0.5204,0.0,20.532,jog
24.9396,8572,0.5332,0.1162,-0.5204,0.0,20.566,jog
24.9425,8573,0.533,0.1161,-0.5202,0.0,20.702,jog
24.9459,8574,0.533,0.1161,-0.5202,0.0,20.702,jog
24.9505,8575,0.5328,0.116,-0.52,0.0,20.868,jog
24.9539,8576,0.5327,0.116,-0.5199,0.0,20.966,jog
24.9544,8577,0.5325,0.116,-0.5197,0.0,21.063,jog
24.9581,8578,0.5324,0.1159,-0.5196,0.0,21.16,jog
24.9589,8579,0.5323,0.1159,-0.5195,0.0,21.193,jog
24.961,8580,0.5321,0.1158,-0.5193,0.0,21.322,jog
24.9631,8581,0.5319,0.1158,-0.5192,0.0,21.355,jog
24.9668,8582,0.5318,0.1159,-0.519,0.0,21.486,jog
24.971,8583,0.5317,0.1159,-0.5189,0.0,21.551,jog
24.9717,8584,0.5315,0.116,-0.5187,0.0,21.649,jog
24.975,8585,0.5315,0.116,-0.5187,0.0,21.682,jog
24.9788,8586,0.5313,0.1161,-0.5184,0.0,21.78,jog
24.9792,8587,0.5311,0.1162,-0.5183,0.0,21.91,jog
24.9827,8588,0.531,0.1164,-0.5181,0.0,21.975,jog
24.9865,8589,0.5308,0.1165,-0.5179,0.0,22.103,jog
24.9934,8590,0.5305,0.1168,-0.5175,0.0,22.26,jog
24.9958,8591,0.5303,0.1169,-0.5173,0.0,22.415,jog
25.0003,8592,0.5301,0.1171,-0.517,0.0,22.536,jog
25.0052,8593,0.5299,0.1173,-0.5168,0.0,22.595,jog
25.0084,8594,0.5297,0.1175,-0.5165,0.0,22.741,jog
25.0089,8595,0.5295,0.1176,-0.5163,0.0,22.77,jog
25.0125,8596,0.5293,0.1177,-0.5161,0.0,22.882,jog
25.0155,8597,0.5291,0.1179,-0.5158,0.0,22.937,jog
25.0175,8598,0.5289,0.118,-0.5156,0.0,23.045,jog
25.021,8599,0.5288,0.1181,-0.5154,0.0,23.072,jog
25.0236,8600,0.5285,0.1182,-0.5151,0.0,23.176,jog
25.025,8601,0.5284,0.1183,-0.515,0.0,23.202,jog
25.028,8602,0.528,0.1185,-0.5145,0.0,23.328,jog
25.0301,8603,0.5278,0.1185,-0.5143,0.0,23.352,jog
25.0333,8604,0.5275,0.1186,-0.514,0.0,23.45,jog
25.0363,8605,0.5273,0.1187,-0.5138,0.0,23.474,jog
25.0391,8606,0.527,0.1188,-0.5135,0.0,23.567,jog
25.0422,8607,0.5268,0.1189,-0.5133,0.0,23.59,jog
25.0443,8608,0.5264,0.119,-0.5128,0.0,23.703,jog
25.0463,8609,0.5262,0.1191,-0.5126,0.0,23.725,jog
25.0506,8610,0.5257,0.1191,-0.5121,0.0,23.834,jog
25.0527,8611,0.5255,0.1192,-0.5118,0.0,23.855,jog
25.0552,8612,0.5251,0.1192,-0.5114,0.0,23.938,jog
25.0584,8613,0.5248,0.1193,-0.511,0.0,23.978,jog
25.0609,8614,0.5245,0.1193,-0.5107,0.0,24.038,jog
25.0629,8615,0.5242,0.1193,-0.5105,0.0,24.057,jog
25.0663,8616,0.5237,0.1194,-0.5099,0.0,24.153,jog
25.0703,8617,0.5234,0.1194,-0.5096,0.0,24.172,jog
25.0717,8618,0.5229,0.1194,-0.5091,0.0,24.246,jog
25.0747,8619,0.5226,0.1194,-0.5088,0.0,24.264,jog
25.0777,8620,0.522,0.1194,-0.5082,0.0,24.352,jog
25.0797,8621,0.5217,0.1194,-0.5078,0.0,24.369,jog
25.0824,8622,0.5212,0.1194,-0.5073,0.0,24.436,jog
25.0853,8623,0.5208,0.1194,-0.507,0.0,24.452,jog
25.0897,8624,0.52,0.1193,-0.5061,0.0,24.532,jog
25.0939,8625,0.5194,0.1193,-0.5055,0.0,24.593,jog
25.0961,8626,0.5187,0.1192,-0.5048,0.0,24.637,jog
25.0984,8627,0.5185,0.1192,-0.5046,0.0,24.651,jog
25.1006,8628,0.5179,0.1192,-0.504,0.0,24.706,jog
25.1032,8629,0.5175,0.1191,-0.5036,0.0,24.72,jog
25.1053,8630,0.5168,0.1191,-0.5029,0.0,24.771,jog
25.1082,8631,0.5162,0.119,-0.5023,0.0,24.796,jog
25.1111,8632,0.5158,0.119,-0.5019,0.0,24.832,jog
25.1127,8633,0.5153,0.1189,-0.5014,0.0,24.843,jog
25.1162,8634,0.5149,0.1188,-0.501,0.0,24.866,jog
25.1184,8635,0.5142,0.1188,-0.5003,0.0,24.897,jog
25.121,8636,0.5132,0.1187,-0.4993,0.0,24.946,jog
25.124,8637,0.5128,0.1186,-0.4989,0.0,24.956,jog
25.1264,8638,0.512,0.1185,-0.4981,0.0,24.99,jog
25.1288,8639,0.512,0.1185,-0.4981,0.0,24.99,jog
25.1316,8640,0.511,0.1184,-0.4971,0.0,25.021,jog
25.1331,8641,0.5102,0.1183,-0.4963,0.0,25.035,jog
25.1377,8642,0.5099,0.1182,-0.4961,0.0,25.042,jog
25.1384,8643,0.5089,0.1181,-0.495,0.0,25.067,jog
25.1415,8644,0.508,0.118,-0.4941,0.0,25.087,jog
25.1468,8645,0.5075,0.1179,-0.4936,0.0,25.092,jog
25.1488,8646,0.506,0.1177,-0.4921,0.0,25.11,jog
25.1506,8647,0.5054,0.1176,-0.4915,0.0,25.118,jog
25.1544,8648,0.5051,0.1175,-0.4912,0.0,25.12,jog
25.1549,8649,0.5042,0.1174,-0.4903,0.0,25.122,jog
25.1587,8650,0.5032,0.1173,-0.4894,0.0,25.124,jog
25.1621,8651,0.5023,0.1172,-0.4884,0.0,25.123,jog
25.1659,8652,0.501,0.117,-0.4871,0.0,25.116,jog
25.1664,8653,0.5003,0.1169,-0.4864,0.0,25.113,jog
25.1705,8654,0.4996,0.1168,-0.4858,0.0,25.104,jog
25.1729,8655,0.4982,0.1166,-0.4844,0.0,25.091,jog
25.1756,8656,0.4975,0.1165,-0.4837,0.0,25.076,jog
25.1786,8657,0.4961,0.1163,-0.4822,0.0,25.051,jog
25.1812,8658,0.4953,0.1162,-0.4815,0.0,25.037,jog
25.1827,8659,0.4946,0.1161,-0.4808,0.0,25.029,jog
25.1861,8660,0.4935,0.116,-0.4796,0.0,24.996,jog
25.1908,8661,0.4915,0.1158,-0.4777,0.0,24.946,jog
25.1943,8662,0.4901,0.1156,-0.4762,0.0,24.9,jog
25.1972,8663,0.4898,0.1157,-0.4759,0.0,24.888,jog
25.1997,8664,0.4887,0.1159,-0.4747,0.0,24.849,jog
25.2053,8665,0.4881,0.1159,-0.4741,0.0,24.841,jog
25.2077,8666,0.4866,0.1159,-0.4726,0.0,24.796,jog
25.2102,8667,0.4851,0.1158,-0.4711,0.0,24.768,jog
25.2125,8668,0.4844,0.1156,-0.4704,0.0,24.76,jog
25.2157,8669,0.4836,0.1155,-0.4696,0.0,24.738,jog
25.2175,8670,0.4824,0.1153,-0.4684,0.0,24.723,jog
25.2213,8671,0.4815,0.1151,-0.4675,0.0,24.696,jog
25.2217,8672,0.4806,0.1149,-0.4667,0.0,24.686,jog
25.2244,8673,0.4793,0.1146,-0.4654,0.0,24.638,jog
25.2288,8674,0.478,0.1144,-0.4641,0.0,24.611,jog
25.232,8675,0.4766,0.1141,-0.4628,0.0,24.566,jog
25.2337,8676,0.4753,0.1138,-0.4615,0.0,24.498,jog
25.2367,8677,0.4744,0.1136,-0.4606,0.0,24.478,jog
25.2389,8678,0.4732,0.1134,-0.4594,0.0,24.388,jog
25.2433,8679,0.4716,0.113,-0.4579,0.0,24.278,jog
25.2458,8680,0.4713,0.113,-0.4575,0.0,24.278,jog
25.2489,8681,0.4696,0.1127,-0.4559,0.0,24.119,jog
25.2511,8682,0.468,0.1126,-0.4543,0.0,23.978,jog
25.255,8683,0.4668,0.1125,-0.4531,0.0,23.905,jog
25.2589,8684,0.4656,0.1124,-0.4519,0.0,23.753,jog
25.262,8685,0.4645,0.1123,-0.4507,0.0,23.638,jog
25.263,8686,0.4637,0.1123,-0.4499,0.0,23.56,jog
25.2662,8687,0.4629,0.1123,-0.4491,0.0,23.521,jog
25.2672,8688,0.4616,0.1122,-0.4478,0.0,23.366,jog
25.2709,8689,0.4608,0.1122,-0.4469,0.0,23.327,jog
25.2719,8690,0.4599,0.1122,-0.446,0.0,23.212,jog
25.2751,8691,0.4582,0.1122,-0.4442,0.0,23.097,jog
25.279,8692,0.4569,0.1122,-0.4429,0.0,22.982,jog
25.2819,8693,0.4556,0.1122,-0.4416,0.0,22.831,jog
25.2836,8694,0.4547,0.1122,-0.4407,0.0,22.756,jog
25.2867,8695,0.4534,0.1122,-0.4393,0.0,22.681,jog
25.2888,8696,0.4526,0.1122,-0.4384,0.0,22.57,jog
25.2937,8697,0.4513,0.1122,-0.4371,0.0,22.496,jog
25.2969,8698,0.45,0.1123,-0.4358,0.0,22.349,jog
25.3006,8699,0.4483,0.1123,-0.434,0.0,22.204,jog
25.3019,8700,0.447,0.1124,-0.4326,0.0,22.132,jog
25.3046,8701,0.4461,0.1124,-0.4317,0.0,22.024,jog
25.3088,8702,0.444,0.1125,-0.4295,0.0,21.846,jog
25.3118,8703,0.4431,0.1125,-0.4286,0.0,21.811,jog
25.3127,8704,0.4422,0.1125,-0.4277,0.0,21.741,jog
25.3165,8705,0.4409,0.1126,-0.4263,0.0,21.636,jog
25.3174,8706,0.4401,0.1126,-0.4254,0.0,21.567,jog
25.3209,8707,0.4396,0.1127,-0.4249,0.0,21.499,jog
25.3239,8708,0.4375,0.1127,-0.4227,0.0,21.329,jog
25.3259,8709,0.4362,0.1128,-0.4213,0.0,21.262,jog
25.3286,8710,0.4362,0.1128,-0.4213,0.0,21.262,jog
25.3314,8711,0.4344,0.1129,-0.4195,0.0,21.097,jog
25.3334,8712,0.4331,0.1129,-0.4181,0.0,21.031,jog
25.3369,8713,0.4327,0.1129,-0.4177,0.0,20.999,jog
25.3375,8714,0.4313,0.113,-0.4163,0.0,20.869,jog
25.3408,8715,0.4305,0.113,-0.4154,0.0,20.837,jog
25.3432,8716,0.4291,0.113,-0.414,0.0,20.709,jog
25.3457,8717,0.4283,0.1131,-0.4131,0.0,20.678,jog
25.348,8718,0.4269,0.1131,-0.4117,0.0,20.551,jog
25.3511,8719,0.4256,0.1131,-0.4103,0.0,20.489,jog
25.3546,8720,0.4238,0.1131,-0.4084,0.0,20.364,jog
25.3584,8721,0.4229,0.1131,-0.4075,0.0,20.302,jog
25.3592,8722,0.4216,0.1131,-0.4061,0.0,20.21,jog
25.3623,8723,0.4202,0.1131,-0.4047,0.0,20.087,jog
25.3661,8724,0.4193,0.1131,-0.4038,0.0,20.025,jog
25.3664,8725,0.4184,0.1131,-0.4028,0.0,19.995,jog
25.3704,8726,0.4166,0.113,-0.401,0.0,19.842,jog
25.3751,8727,0.4157,0.113,-0.4,0.0,19.812,jog
25.377,8728,0.4138,0.113,-0.3981,0.0,19.69,jog
25.3785,8729,0.4129,0.1129,-0.3972,0.0,19.599,jog
25.3825,8730,0.412,0.1129,-0.3962,0.0,19.539,jog
25.3868,8731,0.4101,0.1128,-0.3943,0.0,19.419,jog
25.3879,8732,0.4087,0.1127,-0.3929,0.0,19.359,jog
25.3909,8733,0.4078,0.1127,-0.3919,0.0,19.269,jog
25.3948,8734,0.4064,0.1126,-0.3904,0.0,19.21,jog
25.3979,8735,0.404,0.1125,-0.388,0.0,19.064,jog
25.4014,8736,0.4021,0.1124,-0.3861,0.0,18.919,jog
25.4065,8737,0.4012,0.1123,-0.3851,0.0,18.89,jog
25.4093,8738,0.3993,0.1122,-0.3832,0.0,18.748,jog
25.4109,8739,0.3978,0.1121,-0.3817,0.0,18.691,jog
25.4127,8740,0.3969,0.1121,-0.3807,0.0,18.607,jog
25.4157,8741,0.3955,0.112,-0.3793,0.0,18.552,jog
25.4177,8742,0.3945,0.112,-0.3783,0.0,18.469,jog
25.4215,8743,0.3926,0.1118,-0.3763,0.0,18.387,jog
25.4237,8744,0.3921,0.1118,-0.3758,0.0,18.333,jog
25.4259,8745,0.3907,0.1117,-0.3744,0.0,18.278,jog
25.4286,8746,0.3902,0.1117,-0.3739,0.0,18.251,jog
25.4318,8747,0.3883,0.1116,-0.3719,0.0,18.117,jog
25.4338,8748,0.3864,0.1115,-0.37,0.0,18.011,jog
25.4375,8749,0.385,0.1114,-0.3685,0.0,17.958,jog
25.4397,8750,0.384,0.1113,-0.3675,0.0,17.88,jog
25.4438,8751,0.3821,0.1112,-0.3656,0.0,17.775,jog
25.4462,8752,0.3816,0.1112,-0.3651,0.0,17.749,jog
25.4492,8753,0.3792,0.1111,-0.3626,0.0,17.62,jog
25.4521,8754,0.3783,0.111,-0.3616,0.0,17.594,jog
25.4566,8755,0.3764,0.1109,-0.3597,0.0,17.466,jog
25.4593,8756,0.3749,0.1108,-0.3582,0.0,17.39,jog
25.4623,8757,0.373,0.1107,-0.3562,0.0,17.315,jog
25.4664,8758,0.3711,0.1105,-0.3543,0.0,17.19,jog
25.4691,8759,0.3701,0.1105,-0.3533,0.0,17.165,jog
25.4709,8760,0.3692,0.1104,-0.3523,0.0,17.091,jog
25.4755,8761,0.3682,0.1103,-0.3513,0.0,17.067,jog
25.4775,8762,0.3663,0.1102,-0.3493,0.0,16.945,jog
25.4797,8763,0.3648,0.11,-0.3478,0.0,16.896,jog
25.4833,8764,0.3629,0.1099,-0.3459,0.0,16.8,jog
25.4859,8765,0.3619,0.1098,-0.3449,0.0,16.729,jog
25.4885,8766,0.3604,0.1096,-0.3434,0.0,16.683,jog
25.4936,8767,0.3594,0.1095,-0.3424,0.0,16.638,jog
25.4964,8768,0.3577,0.1094,-0.3405,0.0,16.552,jog
25.5001,8769,0.3556,0.1094,-0.3384,0.0,16.45,jog
25.505,8770,0.3543,0.1092,-0.3371,0.0,16.369,jog
25.5112,8771,0.3526,0.109,-0.3353,0.0,16.278,jog
25.513,8772,0.3497,0.1085,-0.3325,0.0,16.12,jog
25.5156,8773,0.3482,0.1082,-0.331,0.0,16.036,jog
25.5187,8774,0.3467,0.1078,-0.3295,0.0,15.98,jog
25.5214,8775,0.3451,0.1075,-0.3279,0.0,15.867,jog
25.5248,8776,0.3446,0.1074,-0.3274,0.0,15.839,jog
25.5277,8777,0.3424,0.1069,-0.3253,0.0,15.728,jog
25.5291,8778,0.3408,0.1065,-0.3237,0.0,15.647,jog
25.5321,8779,0.3391,0.1061,-0.3221,0.0,15.594,jog
25.5341,8780,0.338,0.1058,-0.321,0.0,15.516,jog
25.5375,8781,0.337,0.1056,-0.32,0.0,15.491,jog
25.5383,8782,0.3359,0.1053,-0.319,0.0,15.42,jog
25.5421,8783,0.3338,0.1048,-0.3169,0.0,15.356,jog
25.5454,8784,0.3333,0.1046,-0.3164,0.0,15.316,jog
25.5484,8785,0.3312,0.1041,-0.3144,0.0,15.243,jog
25.5505,8786,0.3297,0.1037,-0.313,0.0,15.209,jog
25.5533,8787,0.3287,0.1034,-0.312,0.0,15.161,jog
25.5584,8788,0.3268,0.1028,-0.3102,0.0,15.114,jog
25.5588,8789,0.3258,0.1025,-0.3092,0.0,15.069,jog
25.5619,8790,0.3248,0.1023,-0.3082,0.0,15.055,jog
25.5649,8791,0.3227,0.1017,-0.3063,0.0,14.978,jog
25.5668,8792,0.3217,0.1014,-0.3053,0.0,14.963,jog
25.5703,8793,0.3206,0.1011,-0.3043,0.0,14.915,jog
25.5709,8794,0.3196,0.1008,-0.3033,0.0,14.899,jog
25.575,8795,0.317,0.1,-0.3009,0.0,14.799,jog
25.5778,8796,0.316,0.0997,-0.2999,0.0,14.782,jog
25.5793,8797,0.3155,0.0996,-0.2994,0.0,14.748,jog
25.5823,8798,0.3134,0.099,-0.2974,0.0,14.696,jog
25.5842,8799,0.3124,0.0987,-0.2964,0.0,14.643,jog
25.5866,8800,0.3114,0.0984,-0.2954,0.0,14.607,jog
25.5896,8801,0.3104,0.0981,-0.2945,0.0,14.589,jog
25.592,8802,0.3083,0.0974,-0.2925,0.0,14.516,jog
25.5957,8803,0.3068,0.097,-0.291,0.0,14.443,jog
25.5982,8804,0.3052,0.0965,-0.2896,0.0,14.406,jog
25.6007,8805,0.3052,0.0965,-0.2896,0.0,14.406,jog
25.6042,8806,0.3022,0.0956,-0.2866,0.0,14.296,jog
25.607,8807,0.3017,0.0955,-0.2862,0.0,14.278,jog
25.6103,8808,0.3006,0.0951,-0.2852,0.0,14.223,jog
25.6127,8809,0.2986,0.0945,-0.2832,0.0,14.15,jog
25.6166,8810,0.297,0.094,-0.2818,0.0,14.095,jog
25.6169,8811,0.296,0.0937,-0.2808,0.0,14.077,jog
25.6208,8812,0.295,0.0934,-0.2798,0.0,14.022,jog
25.6237,8813,0.2929,0.0928,-0.2778,0.0,13.968,jog
25.6254,8814,0.2913,0.0923,-0.2763,0.0,13.896,jog
25.6285,8815,0.7887,0.6506,-0.4458,140.2394,69.03,jog
25.6298,8816,0.7879,0.6503,-0.4448,140.2394,69.083,jog
25.6332,8817,0.788,0.6535,-0.4403,1.4685,66.681,jog
25.6341,8818,0.7872,0.6532,-0.4393,1.4685,66.733,jog
25.6379,8819,0.7728,0.6401,-0.433,5.5516,72.892,jog
25.6384,8820,0.772,0.6398,-0.432,5.5516,72.91,jog
25.6413,8821,0.7599,0.6291,-0.4262,4.4414,84.473,jog
25.6462,8822,0.7586,0.6286,-0.4247,0.0,84.507,jog
25.6487,8823,0.7569,0.6279,-0.4226,0.0,84.573,jog
25.653,8824,0.8371,0.6788,-0.4899,31.0324,37.426,jog
25.6569,8825,0.8395,0.6818,-0.4899,1.9001,41.42,jog
25.663,8826,0.8373,0.681,-0.4872,0.0,41.344,jog
25.665,8827,0.8359,0.6805,-0.4855,0.0,41.284,jog
25.6667,8828,0.8345,0.6799,-0.4839,0.0,41.255,jog
25.6699,8829,0.8331,0.6794,-0.4822,0.0,41.197,jog
25.6718,8830,0.8322,0.6791,-0.4811,0.0,41.183,jog
25.6745,8831,0.8313,0.6787,-0.4799,0.0,41.14,jog
25.6788,8832,0.8298,0.6782,-0.4782,0.0,41.111,jog
25.6829,8833,0.8279,0.6775,-0.4759,0.0,41.037,jog
25.6832,8834,0.8264,0.6769,-0.4741,0.0,41.007,jog
25.6868,8835,0.8249,0.6763,-0.4723,0.0,40.945,jog
25.6885,8836,0.8239,0.676,-0.4711,0.0,40.93,jog
25.6921,8837,0.8229,0.6756,-0.4699,0.0,40.882,jog
25.6947,8838,0.8209,0.6748,-0.4674,0.0,40.833,jog
25.6973,8839,0.8204,0.6746,-0.4668,0.0,40.816,jog
25.7001,8840,0.8178,0.6736,-0.4637,0.0,40.731,jog
25.7032,8841,0.8162,0.673,-0.4618,0.0,40.659,jog
25.71,8842,0.8152,0.6726,-0.4605,0.0,40.641,jog
25.7128,8843,0.812,0.6714,-0.4566,0.0,40.527,jog
25.7141,8844,0.8109,0.6709,-0.4553,0.0,40.468,jog
25.7174,8845,0.8087,0.6701,-0.4527,0.0,40.386,jog
25.72,8846,0.807,0.6694,-0.4507,0.0,40.344,jog
25.7237,8847,0.8065,0.6692,-0.4501,0.0,40.323,jog
25.7256,8848,0.8042,0.6683,-0.4474,0.0,40.213,jog
25.7285,8849,0.8031,0.6678,-0.446,0.0,40.19,jog
25.7333,8850,0.8014,0.6671,-0.444,0.0,40.098,jog
25.734,8851,0.7991,0.6662,-0.4413,0.0,40.027,jog
25.7374,8852,0.7979,0.6657,-0.4399,0.0,39.954,jog
25.7406,8853,0.7962,0.665,-0.4378,0.0,39.905,jog
25.7423,8854,0.7944,0.6642,-0.4357,0.0,39.802,jog
25.7457,8855,0.7932,0.6637,-0.4343,0.0,39.776,jog
25.7465,8856,0.792,0.6632,-0.4329,0.0,39.723,jog
25.7495,8857,0.7902,0.6624,-0.4308,0.0,39.613,jog
25.755,8858,0.7877,0.6614,-0.4279,0.0,39.498,jog
25.7566,8859,0.7865,0.6608,-0.4265,0.0,39.438,jog
25.7597,8860,0.784,0.6597,-0.4235,0.0,39.316,jog
25.7624,8861,0.7821,0.6589,-0.4213,0.0,39.253,jog
25.7651,8862,0.7808,0.6583,-0.4199,0.0,39.155,jog
25.7667,8863,0.7795,0.6577,-0.4184,0.0,39.089,jog
25.7712,8864,0.7763,0.6563,-0.4146,0.0,38.917,jog
25.774,8865,0.775,0.6557,-0.4131,0.0,38.881,jog
25.7757,8866,0.7737,0.6551,-0.4116,0.0,38.809,jog
25.779,8867,0.7717,0.6542,-0.4093,0.0,38.662,jog
25.7828,8868,0.7696,0.6533,-0.4069,0.0,38.586,jog
25.7833,8869,0.7683,0.6526,-0.4054,0.0,38.47,jog
25.7875,8870,0.7669,0.652,-0.4038,0.0,38.431,jog
25.7883,8871,0.7649,0.6511,-0.4015,0.0,38.272,jog
25.7915,8872,0.7629,0.6501,-0.3992,0.0,38.191,jog
25.7944,8873,0.7616,0.6493,-0.3979,0.0,38.071,jog
25.7962,8874,0.7609,0.649,-0.3973,0.0,38.071,jog
25.7993,8875,0.7581,0.6472,-0.3948,0.0,37.884,jog
25.8022,8876,0.7571,0.6465,-0.394,0.0,37.78,jog
25.8066,8877,0.755,0.645,-0.3924,0.0,37.647,jog
25.81,8878,0.7529,0.6436,-0.3907,0.0,37.516,jog
25.8125,8879,0.7518,0.6429,-0.3898,0.0,37.449,jog
25.8164,8880,0.7496,0.6413,-0.388,0.0,37.311,jog
25.8171,8881,0.7484,0.6405,-0.3871,0.0,37.275,jog
25.8207,8882,0.7466,0.6393,-0.3857,0.0,37.127,jog
25.8233,8883,0.7454,0.6384,-0.3848,0.0,37.09,jog
25.825,8884,0.7436,0.6372,-0.3833,0.0,36.934,jog
25.8293,8885,0.7424,0.6363,-0.3824,0.0,36.894,jog
25.8298,8886,0.7411,0.6354,-0.3814,0.0,36.771,jog
25.8331,8887,0.7387,0.6336,-0.3798,0.0,36.598,jog
25.8359,8888,0.7375,0.6327,-0.379,0.0,36.554,jog
25.8377,8889,0.7363,0.6317,-0.3783,0.0,36.415,jog
25.8415,8890,0.7352,0.6309,-0.3775,0.0,36.366,jog
25.8424,8891,0.7335,0.6296,-0.3763,0.0,36.16,jog
25.8456,8892,0.7329,0.6292,-0.3759,0.0,36.107,jog
25.8499,8893,0.7307,0.6277,-0.3741,0.0,35.884,jog
25.8505,8894,0.7291,0.6265,-0.3729,0.0,35.768,jog
25.8548,8895,0.727,0.6251,-0.3712,0.0,35.527,jog
25.859,8896,0.725,0.6237,-0.3696,0.0,35.214,jog
25.8617,8897,0.7236,0.6227,-0.3685,0.0,35.021,jog
25.8661,8898,0.7226,0.6221,-0.3677,0.0,34.891,jog
25.8692,8899,0.7201,0.6203,-0.3658,0.0,34.561,jog
25.8709,8900,0.7191,0.6195,-0.3651,0.0,34.495,jog
25.8754,8901,0.7166,0.6176,-0.3633,0.0,34.163,jog
25.8776,8902,0.7161,0.6173,-0.363,0.0,34.096,jog
25.8796,8903,0.7146,0.6161,-0.362,0.0,33.897,jog
25.883,8904,0.7126,0.6146,-0.3607,0.0,33.566,jog
25.886,8905,0.7117,0.6139,-0.36,0.0,33.5,jog
25.8877,8906,0.7107,0.6131,-0.3594,0.0,33.302,jog
25.8915,8907,0.7088,0.6116,-0.3583,0.0,33.106,jog
25.8943,8908,0.7079,0.6108,-0.3577,0.0,32.912,jog
25.8964,8909,0.7065,0.6097,-0.3568,0.0,32.783,jog
25.9009,8910,0.7055,0.609,-0.3563,0.0,32.592,jog
25.9027,8911,0.7037,0.6075,-0.3552,0.0,32.341,jog
25.9048,8912,0.7028,0.6067,-0.3547,0.0,32.279,jog
25.9092,8913,0.7006,0.6048,-0.3535,0.0,31.914,jog
25.912,8914,0.6997,0.6041,-0.3531,0.0,31.855,jog
25.9152,8915,0.6979,0.6026,-0.3522,0.0,31.621,jog
25.9172,8916,0.697,0.6018,-0.3517,0.0,31.449,jog
25.9197,8917,0.6966,0.6014,-0.3515,0.0,31.393,jog
25.9225,8918,0.6953,0.6003,-0.3509,0.0,31.281,jog
25.9252,8919,0.6936,0.5987,-0.3501,0.0,31.008,jog
25.9301,8920,0.6927,0.598,-0.3497,0.0,30.954,jog
25.933,8921,0.691,0.5964,-0.349,0.0,30.691,jog
25.9334,8922,0.6902,0.5956,-0.3487,0.0,30.64,jog
25.9371,8923,0.6893,0.5949,-0.3484,0.0,30.488,jog
25.9381,8924,0.6881,0.5937,-0.3479,0.0,30.388,jog
25.9416,8925,0.6872,0.5929,-0.3476,0.0,30.24,jog
25.9435,8926,0.686,0.5916,-0.3471,0.0,30.143,jog
25.9457,8927,0.6851,0.5908,-0.3469,0.0,30.0,jog
25.9488,8928,0.6839,0.5896,-0.3465,0.0,29.859,jog
25.9507,8929,0.683,0.5888,-0.3462,0.0,29.813,jog
25.9539,8930,0.6818,0.5875,-0.3459,0.0,29.631,jog
25.9577,8931,0.6809,0.5867,-0.3456,0.0,29.586,jog
25.9619,8932,0.6784,0.5841,-0.345,0.0,29.322,jog
25.9656,8933,0.6775,0.5832,-0.3448,0.0,29.193,jog
25.9674,8934,0.6758,0.5814,-0.3445,0.0,29.025,jog
25.9705,8935,0.6754,0.581,-0.3444,0.0,28.983,jog
25.9716,8936,0.6741,0.5796,-0.3442,0.0,28.9,jog
25.9753,8937,0.6724,0.5778,-0.3439,0.0,28.696,jog
25.9783,8938,0.6711,0.5764,-0.3437,0.0,28.616,jog
25.981,8939,0.6702,0.5754,-0.3436,0.0,28.496,jog
25.9825,8940,0.6698,0.5749,-0.3435,0.0,28.456,jog
25.985,8941,0.6684,0.5735,-0.3434,0.0,28.378,jog
25.9874,8942,0.6671,0.5721,-0.3432,0.0,28.222,jog
25.9924,8943,0.6649,0.5696,-0.343,0.0,28.029,jog
25.9948,8944,0.6645,0.5692,-0.3429,0.0,27.991,jog
25.9965,8945,0.6632,0.5677,-0.3428,0.0,27.877,jog
25.9998,8946,0.6623,0.5667,-0.3427,0.0,27.839,jog
26.003,8947,0.6605,0.5647,-0.3426,0.0,27.651,jog
26.0056,8948,0.6592,0.5632,-0.3425,0.0,27.577,jog
26.0096,8949,0.6574,0.5613,-0.3423,0.0,27.43,jog
26.0123,8950,0.6565,0.5603,-0.3423,0.0,27.32,jog
26.0144,8951,0.6552,0.5588,-0.3422,0.0,27.248,jog
26.0166,8952,0.6543,0.5578,-0.3421,0.0,27.176,jog
26.0195,8953,0.6534,0.5568,-0.342,0.0,27.068,jog
26.0211,8954,0.6521,0.5553,-0.3419,0.0,26.961,jog
26.0254,8955,0.6513,0.5543,-0.3419,0.0,26.926,jog
26.0258,8956,0.6504,0.5533,-0.3418,0.0,26.856,jog
26.0287,8957,0.6491,0.5518,-0.3417,0.0,26.716,jog
26.0334,8958,0.6482,0.5509,-0.3416,0.0,26.681,jog
26.0337,8959,0.6469,0.5494,-0.3415,0.0,26.544,jog
26.0375,8960,0.646,0.5484,-0.3414,0.0,26.51,jog
26.038,8961,0.6447,0.5469,-0.3413,0.0,26.374,jog
26.0424,8962,0.6442,0.5464,-0.3413,0.0,26.374,jog
26.0459,8963,0.6425,0.5445,-0.3411,0.0,26.205,jog
26.048,8964,0.6403,0.542,-0.3409,0.0,26.038,jog
26.0501,8965,0.6394,0.541,-0.3408,0.0,26.005,jog
26.0527,8966,0.6385,0.5401,-0.3407,0.0,25.906,jog
26.0552,8967,0.6376,0.5391,-0.3406,0.0,25.873,jog
26.0576,8968,0.6372,0.5386,-0.3405,0.0,25.84,jog
26.0603,8969,0.6359,0.5371,-0.3403,0.0,25.709,jog
26.0626,8970,0.635,0.5361,-0.3402,0.0,25.677,jog
26.0666,8971,0.6332,0.5341,-0.34,0.0,25.514,jog
26.0669,8972,0.6323,0.5331,-0.3399,0.0,25.481,jog
26.0707,8973,0.6313,0.5321,-0.3398,0.0,25.384,jog
26.0733,8974,0.6295,0.5301,-0.3395,0.0,25.287,jog
26.0751,8975,0.6281,0.5286,-0.3393,0.0,25.157,jog
26.0792,8976,0.6272,0.5276,-0.3391,0.0,25.125,jog
26.0799,8977,0.6262,0.5266,-0.339,0.0,25.028,jog
26.0828,8978,0.6248,0.525,-0.3387,0.0,24.964,jog
26.0854,8979,0.6238,0.524,-0.3386,0.0,24.868,jog
26.0871,8980,0.6224,0.5224,-0.3383,0.0,24.805,jog
26.0913,8981,0.6209,0.5208,-0.338,0.0,24.682,jog
26.0941,8982,0.6193,0.5191,-0.3378,0.0,24.591,jog
26.0955,8983,0.6184,0.5181,-0.3375,0.0,24.532,jog
26.0983,8984,0.6174,0.5171,-0.3373,0.0,24.502,jog
26.1002,8985,0.616,0.5156,-0.3369,0.0,24.411,jog
26.1039,8986,0.6145,0.5141,-0.3365,0.0,24.317,jog
26.11,8987,0.6135,0.5131,-0.3362,0.0,24.216,jog
26.1123,8988,0.6105,0.5101,-0.3354,0.0,24.031,jog
26.1153,8989,0.6089,0.5084,-0.335,0.0,23.873,jog
26.1172,8990,0.6073,0.5068,-0.3346,0.0,23.791,jog
26.1201,8991,0.6056,0.505,-0.3342,0.0,23.627,jog
26.1226,8992,0.6045,0.5039,-0.3339,0.0,23.586,jog
26.1253,8993,0.6039,0.5033,-0.3338,0.0,23.504,jog
26.1286,8994,0.6022,0.5016,-0.3333,0.0,23.422,jog
26.1294,8995,0.6005,0.4999,-0.3328,0.0,23.262,jog
26.1334,8996,0.5988,0.4981,-0.3323,0.0,23.145,jog
26.1373,8997,0.5966,0.4959,-0.3317,0.0,23.0,jog
26.1381,8998,0.5961,0.4953,-0.3316,0.0,23.0,jog
26.141,8999,0.594,0.4932,-0.3311,0.0,22.873,jog
26.1435,9000,0.593,0.4922,-0.3308,0.0,22.817,jog
26.1459,9001,0.5926,0.4917,-0.3307,0.0,22.765,jog
26.1499,9002,0.5911,0.4901,-0.3303,0.0,22.715,jog
26.1529,9003,0.5889,0.4879,-0.3298,0.0,22.597,jog
26.1558,9004,0.5868,0.4858,-0.3292,0.0,22.505,jog
26.1606,9005,0.5852,0.4841,-0.3287,0.0,22.457,jog
26.161,9006,0.5835,0.4824,-0.3283,0.0,22.362,jog
26.1655,9007,0.5818,0.4806,-0.3278,0.0,22.314,jog
26.167,9008,0.58,0.4789,-0.3272,0.0,22.215,jog
26.1696,9009,0.5789,0.4777,-0.3269,0.0,22.165,jog
26.1717,9010,0.5777,0.4766,-0.3265,0.0,22.139,jog
26.1756,9011,0.5754,0.4742,-0.3258,0.0,22.036,jog
26.1784,9012,0.5748,0.4737,-0.3256,0.0,22.01,jog
26.1804,9013,0.5725,0.4714,-0.3249,0.0,21.877,jog
26.1828,9014,0.5719,0.4708,-0.3247,0.0,21.877,jog
26.1858,9015,0.5696,0.4685,-0.3239,0.0,21.74,jog
26.1878,9016,0.5684,0.4674,-0.3235,0.0,21.685,jog
26.1932,9017,0.5673,0.4663,-0.3231,0.0,21.657,jog
26.1938,9018,0.565,0.464,-0.3223,0.0,21.545,jog
26.1969,9019,0.5633,0.4624,-0.3217,0.0,21.431,jog
26.1995,9020,0.5615,0.4607,-0.3211,0.0,21.374,jog
26.2025,9021,0.5604,0.4596,-0.3207,0.0,21.288,jog
26.2046,9022,0.5592,0.4585,-0.3202,0.0,21.26,jog
26.2095,9023,0.5575,0.4568,-0.3196,0.0,21.146,jog
26.2131,9024,0.5535,0.453,-0.3181,0.0,20.975,jog
26.2164,9025,0.5518,0.4514,-0.3174,0.0,20.861,jog
26.2195,9026,0.5507,0.4503,-0.3169,0.0,20.833,jog
26.2254,9027,0.5473,0.4471,-0.3156,0.0,20.663,jog
26.2286,9028,0.545,0.445,-0.3146,0.0,20.524,jog
26.2326,9029,0.5438,0.4439,-0.3141,0.0,20.496,jog
26.233,9030,0.5421,0.4423,-0.3134,0.0,20.385,jog
26.2371,9031,0.5415,0.4418,-0.3131,0.0,20.357,jog
26.2375,9032,0.5398,0.4402,-0.3124,0.0,20.273,jog
26.2421,9033,0.5392,0.4397,-0.3121,0.0,20.246,jog
26.243,9034,0.5369,0.4376,-0.3111,0.0,20.135,jog
26.245,9035,0.5352,0.436,-0.3103,0.0,20.052,jog
26.2476,9036,0.534,0.435,-0.3097,0.0,20.024,jog
26.2504,9037,0.5328,0.434,-0.3092,0.0,19.941,jog
26.2537,9038,0.5305,0.4319,-0.308,0.0,19.859,jog
26.2565,9039,0.5293,0.4308,-0.3075,0.0,19.776,jog
26.2608,9040,0.5263,0.4282,-0.306,0.0,19.638,jog
26.2655,9041,0.5239,0.4262,-0.3048,0.0,19.526,jog
26.2687,9042,0.5215,0.4241,-0.3035,0.0,19.443,jog
26.2711,9043,0.5209,0.4235,-0.3032,0.0,19.387,jog
26.2755,9044,0.5209,0.4235,-0.3032,0.0,19.387,jog
26.279,9045,0.5153,0.4188,-0.3002,0.0,19.164,jog
26.2853,9046,0.5128,0.4167,-0.2989,0.0,19.052,jog
26.2863,9047,0.5103,0.4146,-0.2975,0.0,18.911,jog
26.2902,9048,0.5097,0.4141,-0.2971,0.0,18.911,jog
26.2925,9049,0.5064,0.4114,-0.2953,0.0,18.769,jog
26.2952,9050,0.5052,0.4104,-0.2946,0.0,18.685,jog
26.2975,9051,0.5032,0.4088,-0.2935,0.0,18.629,jog
26.2996,9052,0.5019,0.4077,-0.2927,0.0,18.544,jog
26.3019,9053,0.5006,0.4067,-0.292,0.0,18.488,jog
26.3048,9054,0.4987,0.4051,-0.2908,0.0,18.405,jog
26.3109,9055,0.4954,0.4024,-0.2889,0.0,18.267,jog
26.3147,9056,0.4934,0.4008,-0.2878,0.0,18.212,jog
26.317,9057,0.4914,0.3992,-0.2866,0.0,18.103,jog
26.3184,9058,0.4901,0.3982,-0.2858,0.0,18.076,jog
26.3204,9059,0.4881,0.3966,-0.2846,0.0,17.969,jog
26.3255,9060,0.4861,0.395,-0.2834,0.0,17.916,jog
26.3281,9061,0.4835,0.3928,-0.2818,0.0,17.785,jog
26.3299,9062,0.4821,0.3918,-0.281,0.0,17.759,jog
26.3332,9063,0.4795,0.3896,-0.2794,0.0,17.63,jog
26.3369,9064,0.4781,0.3886,-0.2786,0.0,17.605,jog
26.3373,9065,0.4768,0.3875,-0.2777,0.0,17.529,jog
26.3407,9066,0.4747,0.3859,-0.2765,0.0,17.478,jog
26.3421,9067,0.4734,0.3849,-0.2757,0.0,17.428,jog
26.3455,9068,0.4714,0.3833,-0.2744,0.0,17.327,jog
26.3484,9069,0.47,0.3822,-0.2735,0.0,17.302,jog
26.35,9070,0.4679,0.3806,-0.2723,0.0,17.201,jog
26.3542,9071,0.4666,0.3795,-0.2714,0.0,17.176,jog
26.3548,9072,0.4652,0.3785,-0.2705,0.0,17.101,jog
26.3602,9073,0.4638,0.3774,-0.2696,0.0,17.051,jog
26.3616,9074,0.461,0.3753,-0.2679,0.0,16.951,jog
26.3643,9075,0.4589,0.3737,-0.2665,0.0,16.876,jog
26.3669,9076,0.4575,0.3726,-0.2656,0.0,16.826,jog
26.3702,9077,0.4554,0.371,-0.2642,0.0,16.776,jog
26.3726,9078,0.4533,0.3694,-0.2628,0.0,16.676,jog
26.3755,9079,0.4504,0.3672,-0.2608,0.0,16.576,jog
26.3788,9080,0.449,0.3662,-0.2598,0.0,16.551,jog
26.3827,9081,0.4468,0.3646,-0.2584,0.0,16.452,jog
26.383,9082,0.4446,0.3629,-0.2568,0.0,16.402,jog
26.3867,9083,0.4432,0.3619,-0.2558,0.0,16.327,jog
26.3876,9084,0.4417,0.3608,-0.2548,0.0,16.302,jog
26.3919,9085,0.4403,0.3597,-0.2538,0.0,16.227,jog
26.3946,9086,0.4376,0.3577,-0.2521,0.0,16.156,jog
26.3964,9087,0.4358,0.3563,-0.2509,0.0,16.094,jog
26.3994,9088,0.434,0.3549,-0.2498,0.0,16.02,jog
26.4038,9089,0.4334,0.3544,-0.2495,0.0,16.003,jog
26.4046,9090,0.4314,0.3528,-0.2483,0.0,15.94,jog
26.4095,9091,0.4304,0.352,-0.2478,0.0,15.926,jog
26.4142,9092,0.4279,0.3499,-0.2464,0.0,15.845,jog
26.415,9093,0.4262,0.3485,-0.2454,0.0,15.819,jog
26.4172,9094,0.4251,0.3476,-0.2447,0.0,15.78,jog
26.42,9095,0.4239,0.3466,-0.244,0.0,15.767,jog
26.4248,9096,0.4221,0.3452,-0.2429,0.0,15.712,jog
26.4252,9097,0.4196,0.3433,-0.2414,0.0,15.654,jog
26.429,9098,0.4172,0.3413,-0.2399,0.0,15.608,jog
26.4317,9099,0.4159,0.3403,-0.2391,0.0,15.561,jog
26.4334,9100,0.4153,0.3398,-0.2388,0.0,15.544,jog
26.4372,9101,0.4129,0.3379,-0.2373,0.0,15.468,jog
26.4401,9102,0.4111,0.3365,-0.2362,0.0,15.423,jog
26.4431,9103,0.4093,0.3351,-0.2351,0.0,15.319,jog
26.4451,9104,0.4076,0.3338,-0.234,0.0,15.233,jog
26.4494,9105,0.4065,0.3329,-0.2333,0.0,15.173,jog
26.4499,9106,0.4049,0.3316,-0.2322,0.0,15.078,jog
26.4546,9107,0.4033,0.3304,-0.2312,0.0,15.013,jog
26.4559,9108,0.4023,0.3296,-0.2306,0.0,14.913,jog
26.4586,9109,0.4007,0.3284,-0.2296,0.0,14.845,jog
26.4621,9110,0.4002,0.328,-0.2292,0.0,14.81,jog
26.4658,9111,0.3975,0.326,-0.2274,0.0,14.641,jog
26.4683,9112,0.3953,0.3244,-0.226,0.0,14.475,jog
26.4704,9113,0.3943,0.3236,-0.2253,0.0,14.443,jog
26.4751,9114,0.3932,0.3228,-0.2246,0.0,14.346,jog
26.4755,9115,0.3917,0.3216,-0.2235,0.0,14.282,jog
26.4785,9116,0.3906,0.3208,-0.2228,0.0,14.187,jog
26.4797,9117,0.3896,0.3201,-0.2221,0.0,14.156,jog
26.4825,9118,0.388,0.3189,-0.221,0.0,14.033,jog
26.4856,9119,0.387,0.3182,-0.2203,0.0,14.003,jog
26.4875,9120,0.3855,0.3171,-0.2193,0.0,13.885,jog
26.492,9121,0.3845,0.3163,-0.2186,0.0,13.856,jog
26.4925,9122,0.383,0.3152,-0.2175,0.0,13.743,jog
26.4955,9123,0.3815,0.3142,-0.2165,0.0,13.687,jog
26.4982,9124,0.381,0.3138,-0.2161,0.0,13.66,jog
26.4996,9125,0.3801,0.3131,-0.2154,0.0,13.579,jog
26.5028,9126,0.3791,0.3124,-0.2147,0.0,13.553,jog
26.5048,9127,0.3771,0.311,-0.2134,0.0,13.449,jog
26.5088,9128,0.898,0.8846,-0.1546,249.308,130.16,jog
26.5093,9129,0.8972,0.8839,-0.1539,249.308,130.135,jog
26.5135,9130,0.8977,0.885,-0.1505,0.7921,129.504,jog
26.5157,9131,0.9005,0.888,-0.1497,0.7994,129.475,jog
26.5183,9132,0.9025,0.8902,-0.1483,0.7785,129.351,jog
26.521,9133,0.9013,0.8892,-0.1473,0.7785,129.305,jog
26.5245,9134,0.904,0.8921,-0.1466,0.778,129.224,jog
26.5253,9135,0.9025,0.8908,-0.1452,0.778,129.135,jog
26.5291,9136,0.9041,0.8927,-0.1435,0.7888,128.955,jog
26.5329,9137,0.9065,0.8952,-0.1424,0.778,128.855,jog
26.5336,9138,0.9057,0.8946,-0.1417,0.778,128.791,jog
26.5371,9139,0.9083,0.8973,-0.1406,0.8218,128.74,jog
26.538,9140,0.9071,0.8963,-0.1396,0.8218,128.655,jog
26.5401,9141,0.9101,0.8994,-0.1388,0.8357,128.586,jog
26.5423,9142,0.909,0.8985,-0.1379,0.8357,128.544,jog
26.5451,9143,0.9112,0.9009,-0.1364,0.8335,128.438,jog
26.548,9144,0.9142,0.9041,-0.1357,0.8458,128.438,jog
26.5502,9145,0.9127,0.9028,-0.1344,0.8458,128.329,jog
26.553,9146,0.9154,0.9057,-0.1332,0.8713,128.289,jog
26.5551,9147,0.9143,0.9047,-0.1323,0.8713,128.201,jog
26.5593,9148,0.9163,0.9069,-0.1305,0.8657,128.057,jog
26.5628,9149,0.9185,0.9094,-0.129,0.8375,127.951,jog
26.5674,9150,0.9214,0.9124,-0.128,0.9014,127.866,jog
26.5692,9151,0.9237,0.915,-0.1266,0.8733,127.804,jog
26.5712,9152,0.923,0.9144,-0.126,0.8733,127.732,jog
26.5745,9153,0.9253,0.9168,-0.1246,0.8517,127.637,jog
26.5785,9154,0.9274,0.9192,-0.1229,0.9039,127.505,jog
26.579,9155,0.9266,0.9185,-0.1223,0.9039,127.429,jog
26.5828,9156,0.9295,0.9216,-0.1212,0.9081,127.352,jog
26.5834,9157,0.9284,0.9206,-0.1204,0.9081,127.3,jog
26.5872,9158,0.9307,0.9231,-0.119,0.864,127.096,jog
26.5893,9159,0.9338,0.9263,-0.1179,0.9568,127.061,jog
26.5919,9160,0.9327,0.9253,-0.1171,0.9568,126.951,jog
26.5963,9161,0.9356,0.9284,-0.1159,0.9174,126.859,jog
26.5966,9162,0.9345,0.9274,-0.1152,0.9174,126.744,jog
26.5993,9163,0.9371,0.9302,-0.1138,0.9295,126.612,jog
26.6014,9164,0.9364,0.9295,-0.1133,0.9295,126.552,jog
26.6049,9165,0.9389,0.9322,-0.1118,0.917,126.357,jog
26.6088,9166,0.9418,0.9353,-0.1104,0.9974,126.258,jog
26.6122,9167,0.9444,0.9381,-0.109,0.9454,126.045,jog
26.6149,9168,0.9473,0.9412,-0.1076,0.9837,125.922,jog
26.6185,9169,0.9501,0.9441,-0.1061,0.97,125.684,jog
26.6206,9170,0.9487,0.9428,-0.1052,0.97,125.547,jog
26.6233,9171,0.9519,0.9462,-0.104,0.9974,125.42,jog
26.6252,9172,0.9509,0.9453,-0.1034,0.9974,125.314,jog
26.6289,9173,0.9542,0.9487,-0.1021,1.001,125.162,jog
26.6298,9174,0.9535,0.9481,-0.1017,1.001,125.125,jog
26.6327,9175,0.9572,0.9519,-0.1007,1.0005,125.034,jog
26.6371,9176,0.9598,0.9547,-0.099,1.0092,124.815,jog
26.6374,9177,0.9589,0.9538,-0.0985,1.0092,124.662,jog
26.6421,9178,0.962,0.9571,-0.0971,0.9636,124.508,jog
26.6426,9179,0.961,0.9562,-0.0966,0.9636,124.35,jog
26.6456,9180,0.9642,0.9595,-0.0951,1.0241,124.18,jog
26.6482,9181,0.9675,0.9629,-0.0938,0.9871,123.932,jog
26.65,9182,0.9669,0.9623,-0.0935,0.9871,123.891,jog
26.6527,9183,0.9701,0.9657,-0.0922,0.9741,123.699,jog
26.6547,9184,0.9692,0.9648,-0.0917,0.9741,123.53,jog
26.6586,9185,0.9726,0.9684,-0.0905,1.0102,123.399,jog
26.6593,9186,0.9717,0.9676,-0.09,1.0102,123.225,jog
26.6636,9187,0.9754,0.9713,-0.0888,1.0581,123.129,jog
26.6652,9188,0.9786,0.9747,-0.0875,1.0314,122.898,jog
26.667,9189,0.978,0.9742,-0.0872,1.0314,122.853,jog
26.6703,9190,0.9809,0.9772,-0.0856,1.0194,122.653,jog
26.6745,9191,0.9845,0.9809,-0.0843,1.0474,122.569,jog
26.6753,9192,0.9837,0.9801,-0.0839,1.0474,122.379,jog
26.6796,9193,0.9873,0.9838,-0.0828,1.0503,122.324,jog
26.6825,9194,0.9906,0.9872,-0.0815,1.0368,122.156,jog
26.683,9195,0.99,0.9867,-0.0812,1.0368,122.107,jog
26.687,9196,0.9934,0.9902,-0.0799,1.0082,122.031,jog
26.6878,9197,0.9926,0.9894,-0.0796,1.0082,121.933,jog
26.6918,9198,0.9955,0.9924,-0.0783,1.0486,121.727,jog
26.6946,9199,0.9987,0.9957,-0.0769,1.0319,121.663,jog
26.6962,9200,0.9973,0.9943,-0.077,1.0319,121.461,jog
26.6999,9201,0.9997,0.9968,-0.0761,0.9958,121.443,jog
26.7041,9202,1.002,0.9992,-0.0751,0.9868,121.33,jog
26.7081,9203,1.0043,1.0016,-0.0739,0.9522,121.288,jog
26.712,9204,1.006,1.0034,-0.073,1.1726,121.256,jog
26.7151,9205,1.009,1.0064,-0.0719,0.9865,121.228,jog
26.7188,9206,1.0103,1.0078,-0.0703,0.9762,121.005,jog
26.7216,9207,1.0088,1.0064,-0.0701,0.9762,120.879,jog
26.7246,9208,1.0115,1.0091,-0.0689,0.9585,120.825,jog
26.7279,9209,1.0136,1.0113,-0.0677,0.9461,120.842,jog
26.7299,9210,1.0126,1.0103,-0.0677,0.9461,120.652,jog
26.7325,9211,1.0145,1.0123,-0.0665,0.9246,120.614,jog
26.737,9212,1.0162,1.0141,-0.0657,0.9049,120.644,jog
26.7379,9213,1.0139,1.0118,-0.0661,0.9049,120.407,jog
26.7418,9214,1.0156,1.0135,-0.0653,0.8822,120.343,jog
26.7443,9215,1.0181,1.0161,-0.0643,0.9296,120.445,jog
26.7458,9216,1.0171,1.015,-0.0645,0.9296,120.282,jog
26.7487,9217,1.0195,1.0175,-0.0634,0.8881,120.381,jog
26.7506,9218,1.018,1.016,-0.0636,0.8881,120.162,jog
26.7543,9219,1.0202,1.0183,-0.0626,0.8638,120.248,jog
26.7582,9220,1.0213,1.0194,-0.0618,0.8767,120.1,jog
26.7589,9221,1.02,1.0182,-0.0619,0.8767,120.043,jog
26.763,9222,1.0221,1.0202,-0.061,0.8531,119.993,jog
26.7653,9223,1.0235,1.0217,-0.0601,0.8573,119.978,jog
26.7676,9224,1.0209,1.0191,-0.0605,0.8573,119.741,jog
26.7711,9225,1.0228,1.0211,-0.0596,0.841,119.682,jog
26.7729,9226,1.0239,1.0222,-0.0587,0.7916,119.671,stand
26.7758,9227,1.0219,1.0201,-0.059,0.7916,119.426,stand
26.7791,9228,1.0238,1.0221,-0.0582,0.8406,119.456,stand
26.7798,9229,1.0224,1.0207,-0.0585,0.8406,119.332,stand
26.7824,9230,1.0241,1.0225,-0.0577,0.8086,119.241,stand
26.7859,9231,1.0252,1.0236,-0.057,0.8147,119.177,stand
26.7875,9232,1.0231,1.0215,-0.0574,0.8147,118.927,stand
26.7918,9233,1.0248,1.0232,-0.0566,0.7996,118.936,stand
26.7925,9234,1.0227,1.0211,-0.057,0.7996,118.686,stand
26.7957,9235,1.0236,1.0221,-0.0564,0.7919,118.602,stand
26.7996,9236,1.0237,1.0221,-0.056,0.7515,118.402,stand
26.8024,9237,1.0255,1.024,-0.0553,0.827,118.253,stand
26.8043,9238,1.0233,1.0218,-0.0557,0.827,118.129,stand
26.8118,9239,1.0249,1.0235,-0.0548,0.7661,117.753,stand
26.8145,9240,1.0257,1.0243,-0.0543,0.761,117.647,stand
26.8174,9241,1.0243,1.0228,-0.0545,0.761,117.523,stand
26.8201,9242,1.0251,1.0237,-0.0541,0.7693,117.286,stand
26.8234,9243,1.0251,1.0236,-0.0537,0.7321,117.051,stand
26.8252,9244,1.0229,1.0214,-0.0541,0.7321,116.929,stand
26.8292,9245,1.0244,1.023,-0.0536,0.7529,116.738,stand
26.8299,9246,1.0222,1.0208,-0.054,0.7529,116.557,stand
26.8324,9247,1.0245,1.0231,-0.0533,0.7751,116.551,stand
26.836,9248,1.0238,1.0224,-0.0531,0.7506,116.21,stand
26.8381,9249,1.0223,1.0209,-0.0534,0.7506,116.15,stand
26.8418,9250,1.023,1.0217,-0.053,0.7391,115.919,stand
26.8435,9251,1.0245,1.0232,-0.0525,0.7507,115.872,stand
26.8457,9252,1.0231,1.0217,-0.0528,0.7507,115.693,stand
26.8487,9253,1.0246,1.0233,-0.0523,0.7545,115.615,stand
26.8501,9254,1.0224,1.021,-0.0526,0.7545,115.377,stand
26.8544,9255,1.0237,1.0224,-0.0521,0.7176,115.322,stand
26.8549,9256,1.0223,1.0209,-0.0523,0.7176,115.204,stand
26.8588,9257,1.0222,1.0209,-0.052,0.7299,114.982,stand
26.8646,9258,1.0238,1.0225,-0.0512,0.7599,114.673,stand
26.8671,9259,1.0215,1.0202,-0.0515,0.7599,114.438,stand
26.8702,9260,1.0222,1.021,-0.0511,0.7349,114.298,stand
26.8747,9261,1.0237,1.0224,-0.0506,0.7319,114.22,stand
26.8753,9262,1.0214,1.0202,-0.0509,0.7319,114.103,stand
26.8778,9263,1.0228,1.0216,-0.0504,0.7323,113.975,stand
26.8798,9264,1.0214,1.0201,-0.0505,0.7323,113.916,stand
26.8836,9265,1.0228,1.0216,-0.05,0.7369,113.782,stand
26.8879,9266,1.0228,1.0216,-0.0496,0.7383,113.668,stand
26.8883,9267,1.0205,1.0193,-0.0499,0.7383,113.436,stand
26.8913,9268,1.0212,1.02,-0.0494,0.7338,113.379,stand
26.8958,9269,1.0234,1.0222,-0.0488,0.7272,113.296,stand
26.8988,9270,1.0218,1.0207,-0.0485,0.7173,113.007,stand
26.9033,9271,1.0221,1.021,-0.0483,0.6163,113.151,stand
26.9061,9272,1.0221,1.021,-0.0479,0.7306,112.946,stand
26.911,9273,1.0226,1.0215,-0.0475,0.6849,112.857,stand
26.9171,9274,1.0218,1.0207,-0.0472,0.7056,112.732,stand
26.9179,9275,1.0189,1.0178,-0.0474,0.7056,112.503,stand
26.92,9276,1.0202,1.0192,-0.047,0.702,112.443,stand
26.9246,9277,1.0216,1.0205,-0.0464,0.6944,112.454,stand
26.9253,9278,1.0187,1.0176,-0.0467,0.6944,112.226,stand
26.9295,9279,1.0186,1.0175,-0.0463,0.7013,112.162,stand
26.9322,9280,1.02,1.019,-0.0457,0.7076,112.131,stand
26.9339,9281,1.0186,1.0176,-0.0458,0.7076,112.074,stand
26.9374,9282,1.0193,1.0183,-0.0452,0.7161,111.995,stand
26.9403,9283,1.0197,1.0187,-0.0449,0.6123,112.055,stand
26.9422,9284,1.0176,1.0166,-0.0451,0.6123,111.829,stand
26.946,9285,1.0182,1.0172,-0.0447,0.6778,111.832,stand
26.9495,9286,1.0187,1.0178,-0.0443,0.6614,111.887,stand
26.95,9287,1.018,1.0171,-0.0443,0.6614,111.831,stand
26.9525,9288,1.0193,1.0184,-0.0439,0.6747,111.834,stand
26.9546,9289,1.0172,1.0162,-0.044,0.6747,111.722,stand
26.9586,9290,1.0171,1.0161,-0.0436,0.6773,111.672,stand
26.9634,9291,1.0183,1.0174,-0.043,0.6541,111.737,stand
26.9673,9292,1.0174,1.0165,-0.0425,0.6605,111.579,stand
26.9695,9293,1.018,1.0171,-0.042,0.6553,111.483,stand
26.9715,9294,1.0159,1.015,-0.042,0.6553,111.314,stand
26.9754,9295,1.0156,1.0147,-0.0415,0.6191,111.256,stand
26.9783,9296,1.0167,1.0159,-0.041,0.6356,111.221,stand
26.9799,9297,1.0153,1.0145,-0.041,0.6356,111.166,stand
26.9827,9298,1.0158,1.015,-0.0404,0.6451,111.088,stand
26.9879,9299,1.0154,1.0146,-0.0402,0.641,110.962,stand
26.9922,9300,1.0164,1.0156,-0.04,0.6549,111.014,stand
26.9958,9301,1.0176,1.0168,-0.0399,0.6597,110.977,stand
26.9967,9302,1.0163,1.0155,-0.0405,0.6597,110.843,stand
27.0001,9303,1.0182,1.0174,-0.0403,0.66,110.95,stand
27.001,9304,1.0173,1.0165,-0.0406,0.66,110.826,stand
27.0044,9305,1.0191,1.0183,-0.0402,0.6631,110.896,stand
27.0081,9306,1.0192,1.0184,-0.0397,0.6698,110.863,stand
27.0102,9307,1.0181,1.0173,-0.0397,0.6698,110.827,stand
27.0137,9308,1.0189,1.0181,-0.0393,0.6781,110.812,stand
27.0167,9309,1.0203,1.0196,-0.0391,0.6767,110.87,stand
27.02,9310,1.0217,1.0209,-0.0388,0.6666,110.891,stand
27.023,9311,1.0239,1.0232,-0.0383,0.6868,111.003,stand
27.0262,9312,1.0212,1.0205,-0.0385,0.6868,110.839,stand
27.0295,9313,1.022,1.0213,-0.0382,0.6689,110.808,stand
27.0334,9314,1.0233,1.0226,-0.0379,0.6698,110.781,stand
27.036,9315,1.0246,1.024,-0.0375,0.6711,110.816,stand
27.0375,9316,1.0237,1.023,-0.0376,0.6711,110.738,stand
27.0426,9317,1.0255,1.0248,-0.0372,0.6797,110.729,stand
27.0437,9318,1.0261,1.0255,-0.0368,0.6721,110.623,stand
27.0462,9319,1.0245,1.0238,-0.0368,0.6721,110.424,stand
27.0501,9320,1.0262,1.0255,-0.0363,0.6735,110.443,stand
27.0509,9321,1.0251,1.0245,-0.0362,0.6735,110.28,stand
27.0547,9322,1.0269,1.0263,-0.0357,0.6815,110.284,stand
27.0586,9323,1.0268,1.0262,-0.035,0.6877,110.003,stand
27.0634,9324,1.0269,1.0263,-0.0343,0.6805,109.737,stand
27.0667,9325,1.0286,1.0281,-0.0338,0.6787,109.586,stand
27.0704,9326,1.0294,1.0289,-0.0331,0.7082,109.438,stand
27.0763,9327,1.0313,1.0308,-0.0326,0.7031,109.287,stand
27.0795,9328,1.0306,1.0301,-0.0317,0.6901,108.908,stand
27.0803,9329,1.0296,1.0291,-0.0316,0.6901,108.765,stand
27.083,9330,1.032,1.0316,-0.0311,0.7034,108.675,stand
27.0862,9331,1.0335,1.033,-0.0304,0.7082,108.571,stand
27.0882,9332,1.0316,1.0311,-0.0301,0.7082,108.212,stand
27.0911,9333,1.034,1.0336,-0.0296,0.7069,108.269,stand
27.0944,9334,1.0355,1.0351,-0.0289,0.7063,108.027,stand
27.0967,9335,1.0336,1.0333,-0.0286,0.7063,107.812,stand
27.0993,9336,1.0354,1.035,-0.0279,0.7553,107.589,stand
27.103,9337,1.0373,1.0369,-0.0272,0.6846,107.536,stand
27.1048,9338,1.0359,1.0356,-0.027,0.6846,107.251,stand
27.1087,9339,1.0371,1.0368,-0.0261,0.7272,107.018,stand
27.1114,9340,1.0391,1.0388,-0.0255,0.6857,107.029,stand
27.1141,9341,1.0406,1.0403,-0.0248,0.6914,106.846,stand
27.1167,9342,1.0393,1.039,-0.0245,0.6914,106.706,stand
27.1207,9343,1.0409,1.0406,-0.0237,0.7056,106.523,stand
27.1262,9344,1.041,1.0407,-0.0225,0.7381,106.148,stand
27.1294,9345,1.0428,1.0425,-0.0217,0.7469,105.899,stand
27.1328,9346,1.045,1.0448,-0.021,0.7509,105.884,stand
27.1337,9347,1.0442,1.0439,-0.0207,0.7509,105.75,stand
27.1374,9348,1.0466,1.0464,-0.0201,0.8089,105.641,stand
27.1417,9349,1.0478,1.0476,-0.0191,0.6958,105.478,stand
27.1422,9350,1.0466,1.0464,-0.0188,0.6958,105.217,stand
27.1448,9351,1.0488,1.0487,-0.0181,0.7585,105.217,stand
27.1476,9352,1.0511,1.0509,-0.0173,0.7644,105.095,stand
27.1499,9353,1.0498,1.0497,-0.017,0.7644,104.967,stand
27.1539,9354,1.0521,1.052,-0.0163,0.7681,104.895,stand
27.1545,9355,1.0509,1.0508,-0.016,0.7681,104.705,stand
27.157,9356,1.0533,1.0532,-0.0153,0.8053,104.682,stand
27.1596,9357,1.0521,1.052,-0.015,0.8053,104.494,stand
27.1637,9358,1.0534,1.0533,-0.0141,0.7308,104.235,stand
27.1685,9359,1.0597,1.0596,-0.013,0.782,104.358,stand
27.1713,9360,1.0563,1.0562,-0.0122,0.782,103.927,stand
27.1736,9361,1.059,1.059,-0.0116,0.7838,103.939,stand
27.1756,9362,1.0577,1.0577,-0.0113,0.7838,103.695,stand
27.1803,9363,1.0597,1.0596,-0.0105,0.7897,103.656,stand
27.1812,9364,1.0624,1.0623,-0.0099,0.7791,103.621,stand
27.1832,9365,1.0606,1.0606,-0.0095,0.7791,103.439,stand
27.1874,9366,1.0621,1.0621,-0.0087,0.797,103.303,stand
27.1917,9367,1.0645,1.0644,-0.008,0.79,103.266,stand
27.1922,9368,1.0632,1.0631,-0.0077,0.79,103.087,stand
27.1958,9369,1.0656,1.0656,-0.007,0.8101,103.061,stand
27.1965,9370,1.0647,1.0647,-0.0069,0.8101,102.882,stand
27.1998,9371,1.0673,1.0673,-0.0061,0.8467,102.932,stand
27.2041,9372,1.0691,1.0691,-0.0054,0.7698,102.79,stand
27.2046,9373,1.0678,1.0678,-0.0051,0.7698,102.671,stand
27.2085,9374,1.0695,1.0695,-0.0043,0.8519,102.548,stand
27.2108,9375,1.0722,1.0722,-0.0036,0.7804,102.612,stand
27.2152,9376,1.0729,1.0729,-0.0027,0.8094,102.301,stand
27.2183,9377,1.0725,1.0725,-0.0026,0.8094,102.242,stand
27.2211,9378,1.0739,1.0739,-0.0016,0.854,102.058,stand
27.2244,9379,1.076,1.076,-0.0009,0.8277,102.06,stand
27.2263,9380,1.0751,1.0751,-0.0007,0.8277,101.881,stand
27.2297,9381,1.0776,1.0776,-0.0,0.8244,101.872,stand
27.2328,9382,1.0801,1.0801,0.0007,0.8124,101.951,stand
27.2331,9383,1.0789,1.0789,0.0009,0.8124,101.772,stand
27.2371,9384,1.0814,1.0814,0.0016,0.8238,101.771,stand
27.2379,9385,1.0801,1.0801,0.002,0.8238,101.532,stand
27.2418,9386,1.083,1.083,0.0025,0.7975,101.674,stand
27.2423,9387,1.0817,1.0817,0.0028,0.7975,101.436,stand
27.2458,9388,1.0849,1.0849,0.0034,0.8645,101.493,stand
27.2482,9389,1.0867,1.0867,0.0043,0.8423,101.387,stand
27.2497,9390,1.0859,1.0859,0.0045,0.8423,101.269,stand
27.2539,9391,1.0876,1.0875,0.0055,0.8084,101.158,stand
27.2584,9392,1.0904,1.0904,0.0061,0.8773,101.232,stand
27.2605,9393,1.0888,1.0888,0.0066,0.8773,100.943,stand
27.2652,9394,1.0919,1.0918,0.0072,0.8483,101.032,stand
27.2696,9395,1.096,1.096,0.0094,1.0345,101.01,stand
27.2728,9396,1.0984,1.0983,0.0102,0.8595,101.053,stand
27.2758,9397,1.0976,1.0975,0.0105,0.8595,100.886,walk
27.2794,9398,1.0992,1.0991,0.0116,0.8702,100.823,walk
27.282,9399,1.102,1.1019,0.0123,0.8703,100.82,walk
27.2835,9400,1.1012,1.1012,0.0126,0.8703,100.765,walk
27.2865,9401,1.1041,1.1041,0.0134,0.9006,100.764,walk
27.2895,9402,1.1067,1.1066,0.0142,0.9037,100.827,walk
27.2913,9403,1.1059,1.1058,0.0145,0.9037,100.725,walk
27.2961,9404,1.107,1.1069,0.0155,0.8915,100.543,walk
27.2995,9405,1.1094,1.1093,0.016,0.8973,100.553,walk
27.3036,9406,1.1122,1.1121,0.0165,0.8962,100.617,walk
27.3042,9407,1.1108,1.1107,0.0167,0.8962,100.457,walk
27.3073,9408,1.1136,1.1135,0.0171,0.8976,100.577,walk
27.3102,9409,1.1122,1.1121,0.0173,0.8976,100.349,walk
27.3152,9410,1.1167,1.1165,0.0181,0.892,100.424,walk
27.3204,9411,1.119,1.1188,0.0185,0.9159,100.35,walk
27.3209,9412,1.118,1.1178,0.0187,0.9159,100.288,walk
27.3251,9413,1.1202,1.12,0.0191,0.8958,100.283,walk
27.328,9414,1.1219,1.1217,0.0197,0.8985,100.121,walk
27.3298,9415,1.1209,1.1207,0.0198,0.8985,100.059,walk
27.333,9416,1.1236,1.1235,0.0202,0.9119,100.021,walk
27.3361,9417,1.1259,1.1257,0.0207,0.9153,100.043,walk
27.3378,9418,1.1244,1.1242,0.0208,0.9153,99.813,walk
27.342,9419,1.1272,1.127,0.0212,0.8976,99.866,walk
27.3426,9420,1.1258,1.1256,0.0213,0.8976,99.655,walk
27.3464,9421,1.1278,1.1276,0.0217,0.9211,99.583,walk
27.3496,9422,1.1307,1.1305,0.0222,0.9175,99.626,walk
27.3545,9423,1.1332,1.133,0.0226,0.9101,99.529,walk
27.3579,9424,1.1344,1.1341,0.0231,0.9276,99.316,walk
27.36,9425,1.1334,1.1332,0.0232,0.9276,99.267,walk
27.3626,9426,1.1368,1.1365,0.0235,0.9226,99.233,walk
27.369,9427,1.1406,1.1403,0.0244,0.9124,98.968,walk
27.3729,9428,1.1435,1.1432,0.0247,0.9367,98.908,walk
27.3755,9429,1.1411,1.1408,0.0248,0.9367,98.643,walk
27.3797,9430,1.144,1.1437,0.0252,0.9228,98.508,walk
27.3807,9431,1.1463,1.146,0.0255,0.9259,98.432,walk
27.3829,9432,1.1449,1.1446,0.0256,0.9259,98.213,walk
27.386,9433,1.1477,1.1474,0.0259,0.9229,98.168,walk
27.3879,9434,1.1468,1.1465,0.0259,0.9229,98.057,walk
27.3917,9435,1.1491,1.1488,0.0263,0.9205,97.915,walk
27.3944,9436,1.1513,1.151,0.0266,0.8964,97.674,walk
27.3961,9437,1.1499,1.1496,0.0266,0.8964,97.562,walk
27.3998,9438,1.1528,1.1525,0.0269,0.9337,97.442,walk
27.4036,9439,1.1551,1.1548,0.0272,0.9219,97.271,walk
27.4041,9440,1.1537,1.1533,0.0273,0.9219,97.046,walk
27.4092,9441,1.1555,1.1551,0.0277,0.9138,96.874,walk
27.4118,9442,1.1581,1.1578,0.028,0.8923,96.718,walk
27.415,9443,1.1598,1.1595,0.0284,0.893,96.49,walk
27.4192,9444,1.1614,1.1611,0.0288,0.8761,96.338,walk
27.4225,9445,1.1628,1.1625,0.0291,0.8388,96.197,walk
27.425,9446,1.1624,1.162,0.0291,0.8388,96.14,walk
27.4296,9447,1.1644,1.164,0.0294,0.8592,95.921,walk
27.4308,9448,1.166,1.1656,0.0297,0.8777,95.769,walk
27.4329,9449,1.165,1.1647,0.0297,0.8777,95.6,walk
27.4361,9450,1.1671,1.1667,0.03,0.8635,95.508,walk
27.4377,9451,1.1661,1.1657,0.0301,0.8635,95.339,walk
27.4416,9452,1.1676,1.1672,0.0304,0.8586,95.199,walk
27.4459,9453,1.1696,1.1692,0.0307,0.8576,95.016,walk
27.4465,9454,1.1686,1.1682,0.0307,0.8576,94.96,walk
27.4493,9455,1.1704,1.17,0.0313,0.8077,94.757,walk
27.4536,9456,1.1717,1.1713,0.0315,0.8217,94.63,walk
27.4589,9457,1.1734,1.173,0.0319,0.8012,94.58,walk
27.463,9458,1.1755,1.1751,0.032,0.8866,94.399,walk
27.4655,9459,1.177,1.1765,0.0322,0.8475,94.263,walk
27.4676,9460,1.1749,1.1744,0.0324,0.8475,94.036,walk
27.4709,9461,1.1764,1.1759,0.0327,0.7678,93.94,walk
27.473,9462,1.1789,1.1784,0.033,0.7609,94.016,walk
27.4751,9463,1.1768,1.1763,0.0331,0.7609,93.787,walk
27.4792,9464,1.1796,1.1791,0.0332,0.8121,93.802,walk
27.4815,9465,1.1801,1.1796,0.0336,0.7901,93.597,walk
27.4833,9466,1.179,1.1785,0.0337,0.7901,93.54,walk
27.4874,9467,1.1805,1.18,0.0339,0.7562,93.41,walk
27.4919,9468,1.1808,1.1803,0.0342,0.7572,93.216,walk
27.4945,9469,1.1828,1.1823,0.0344,0.7446,93.235,walk
27.4961,9470,1.1811,1.1806,0.0346,0.7446,93.001,walk
27.4991,9471,1.1831,1.1826,0.0348,0.7424,92.985,walk
27.5026,9472,1.1839,1.1834,0.0352,0.7539,92.815,walk
27.5046,9473,1.1828,1.1823,0.0353,0.7539,92.697,walk
27.5086,9474,1.1847,1.1841,0.0355,0.7274,92.72,walk
27.5106,9475,1.1824,1.1818,0.0358,0.7274,92.482,walk
27.5159,9476,1.1872,1.1867,0.0362,0.729,92.455,walk
27.5185,9477,1.1843,1.1838,0.0366,0.729,92.154,walk
27.5214,9478,1.185,1.1844,0.037,0.7129,92.041,walk
27.5248,9479,1.186,1.1854,0.0375,0.6755,91.871,walk
27.5279,9480,1.1872,1.1866,0.0379,0.6963,91.816,walk
27.5295,9481,1.186,1.1854,0.0381,0.6963,91.633,walk
27.5325,9482,1.1877,1.1871,0.0385,0.6938,91.598,walk
27.5337,9483,1.1865,1.1859,0.0387,0.6938,91.476,walk
27.5364,9484,1.1882,1.1876,0.0391,0.6976,91.354,walk
27.5409,9485,1.1892,1.1885,0.0396,0.6516,91.274,walk
27.5416,9486,1.1874,1.1867,0.0399,0.6516,91.09,walk
27.5455,9487,1.1891,1.1884,0.0404,0.6968,91.006,walk
27.5497,9488,1.1888,1.1881,0.0413,0.663,90.681,walk
27.5533,9489,1.1897,1.1889,0.0419,0.6448,90.606,walk
27.554,9490,1.1884,1.1877,0.0422,0.6448,90.423,walk
27.5583,9491,1.1881,1.1874,0.0431,0.6741,90.148,walk
27.5632,9492,1.1896,1.1888,0.0437,0.6585,90.034,walk
27.5669,9493,1.1886,1.1877,0.0448,0.6582,89.725,walk
27.5709,9494,1.1898,1.189,0.0454,0.6162,89.685,walk
27.5712,9495,1.1879,1.187,0.0458,0.6162,89.444,walk
27.5743,9496,1.1893,1.1884,0.0465,0.6537,89.444,walk
27.5755,9497,1.188,1.1871,0.0468,0.6537,89.263,walk
27.5783,9498,1.1893,1.1884,0.0474,0.6378,89.212,walk
27.583,9499,1.1898,1.1888,0.0482,0.6068,89.025,walk
27.5859,9500,1.1897,1.1887,0.0492,0.6253,88.899,walk
27.5878,9501,1.1877,1.1866,0.0497,0.6253,88.659,walk
27.5912,9502,1.1889,1.1878,0.0504,0.6265,88.683,walk
27.594,9503,1.1888,1.1877,0.0514,0.6512,88.457,walk
27.5962,9504,1.1875,1.1864,0.0517,0.6512,88.278,walk
27.5995,9505,1.1888,1.1876,0.0525,0.6018,88.256,walk
27.6003,9506,1.187,1.1858,0.053,0.6018,88.026,walk
27.6036,9507,1.188,1.1868,0.0538,0.637,87.941,walk
27.6084,9508,1.1885,1.1873,0.0548,0.6259,87.749,walk
27.6112,9509,1.1893,1.188,0.0557,0.5981,87.663,walk
27.616,9510,1.189,1.1876,0.0568,0.5921,87.47,walk
27.6185,9511,1.1898,1.1884,0.0578,0.6231,87.328,walk
27.621,9512,1.1892,1.1877,0.058,0.6231,87.328,walk
27.6243,9513,1.1891,1.1876,0.0592,0.5882,87.136,walk
27.6263,9514,1.1871,1.1856,0.0601,0.5882,86.997,walk
27.6288,9515,1.1883,1.1867,0.0612,0.6152,86.958,walk
27.6312,9516,1.1887,1.187,0.0624,0.5866,86.799,walk
27.6332,9517,1.1873,1.1856,0.0629,0.5866,86.751,walk
27.6375,9518,1.1878,1.1861,0.064,0.6031,86.557,walk
27.6397,9519,1.1891,1.1874,0.0649,0.6249,86.501,walk
27.6416,9520,1.1872,1.1854,0.0654,0.6249,86.288,walk
27.645,9521,1.189,1.1872,0.066,0.5981,86.291,walk
27.6477,9522,1.188,1.1861,0.0673,0.5667,86.019,walk
27.6501,9523,1.1867,1.1847,0.0676,0.5667,85.843,walk
27.6527,9524,1.1871,1.1851,0.0687,0.6094,85.738,walk
27.6547,9525,1.1857,1.1837,0.069,0.6094,85.558,walk
27.6588,9526,1.186,1.1839,0.0701,0.5744,85.464,walk
27.661,9527,1.1862,1.1841,0.0711,0.5717,85.212,walk
27.6681,9528,1.1851,1.1829,0.0725,0.5992,84.904,walk
27.6693,9529,1.1847,1.1824,0.0738,0.5794,84.653,walk
27.6725,9530,1.1848,1.1824,0.0749,0.5361,84.518,walk
27.6752,9531,1.1826,1.1802,0.0754,0.5361,84.261,walk
27.6797,9532,1.183,1.1805,0.0767,0.6128,84.122,walk
27.683,9533,1.1831,1.1806,0.0777,0.542,83.858,walk
27.6838,9534,1.1817,1.1791,0.0781,0.542,83.793,walk
27.6872,9535,1.1825,1.1799,0.0791,0.55,83.588,walk
27.6898,9536,1.1822,1.1794,0.0805,0.6071,83.316,walk
27.6921,9537,1.18,1.1772,0.0811,0.6071,83.188,walk
27.6948,9538,1.1808,1.178,0.0821,0.5398,82.99,walk
27.6994,9539,1.1802,1.1772,0.0835,0.5512,82.796,walk
27.7004,9540,1.1788,1.1758,0.0839,0.5512,82.605,walk
27.7038,9541,1.179,1.176,0.0852,0.5961,82.445,walk
27.706,9542,1.1799,1.1767,0.0862,0.5553,82.234,walk
27.7094,9543,1.1777,1.1745,0.0868,0.5553,82.108,walk
27.7141,9544,1.1786,1.1753,0.088,0.5659,81.815,walk
27.7165,9545,1.1774,1.174,0.0897,0.6064,81.481,walk
27.7191,9546,1.1768,1.1732,0.0912,0.544,81.276,walk
27.7226,9547,1.1769,1.1733,0.0925,0.5702,81.006,walk
27.7249,9548,1.1755,1.1718,0.0929,0.5702,80.944,walk
27.7278,9549,1.1764,1.1727,0.094,0.5906,80.752,walk
27.7297,9550,1.1742,1.1704,0.0947,0.5906,80.63,walk
27.7335,9551,1.1735,1.1695,0.0961,0.522,80.311,walk
27.7364,9552,1.1744,1.1704,0.0972,0.5996,80.229,walk
27.7377,9553,1.173,1.1689,0.0977,0.5996,80.047,walk
27.7405,9554,1.173,1.1688,0.0989,0.5496,79.901,walk
27.7437,9555,1.1739,1.1696,0.1,0.5781,79.715,walk
27.7491,9556,1.1719,1.1674,0.1021,0.6008,79.354,walk
27.7523,9557,1.1719,1.1673,0.1033,0.5532,79.226,walk
27.7538,9558,1.1704,1.1658,0.1037,0.5532,79.044,walk
27.7567,9559,1.1713,1.1666,0.1049,0.5901,78.982,walk
27.7596,9560,1.1683,1.1635,0.1058,0.5901,78.681,walk
27.7621,9561,1.1684,1.1635,0.1072,0.6087,78.583,walk
27.7649,9562,1.17,1.165,0.108,0.5648,78.47,walk
27.768,9563,1.1685,1.1634,0.1084,0.5648,78.41,walk
27.7695,9564,1.168,1.1628,0.1101,0.6384,78.144,walk
27.7734,9565,1.1682,1.1628,0.1121,0.6631,78.112,walk
27.776,9566,1.1659,1.1604,0.1127,0.6631,77.933,walk
27.7796,9567,1.1666,1.1611,0.1131,0.5654,77.694,walk
27.7833,9568,1.1661,1.1605,0.1147,0.6437,77.512,walk
27.7852,9569,1.1664,1.1605,0.1167,0.6764,77.457,walk
27.7875,9570,1.1641,1.1581,0.1174,0.6764,77.34,walk
27.7921,9571,1.1633,1.1572,0.1183,0.5572,77.06,walk
27.7957,9572,1.1633,1.1571,0.1195,0.5679,76.888,walk
27.7984,9573,1.1636,1.1572,0.1211,0.6555,76.883,walk
27.8001,9574,1.1612,1.1548,0.1217,0.6555,76.651,walk
27.8046,9575,1.1621,1.1556,0.1229,0.5956,76.663,walk
27.8064,9576,1.1625,1.1557,0.1249,0.7014,76.613,walk
27.8083,9577,1.1602,1.1533,0.1256,0.7014,76.44,walk
27.8134,9578,1.1611,1.1542,0.1263,0.618,76.335,walk
27.8168,9579,1.1604,1.1533,0.1279,0.5817,76.172,walk
27.8174,9580,1.1581,1.1509,0.1285,0.5817,76.056,walk
27.8205,9581,1.1583,1.151,0.13,0.6248,75.904,walk
27.8232,9582,1.1596,1.1521,0.132,0.7525,76.038,walk
27.8282,9583,1.1593,1.1515,0.134,0.6981,75.947,walk
27.8312,9584,1.1591,1.1513,0.1347,0.5297,75.7,walk
27.8339,9585,1.156,1.148,0.1357,0.5297,75.463,walk
27.837,9586,1.157,1.1489,0.137,0.6281,75.467,walk
27.8395,9587,1.1572,1.1489,0.1386,0.6307,75.4,walk
27.8423,9588,1.1541,1.1457,0.1396,0.6307,75.221,walk
27.8458,9589,1.1567,1.1482,0.1405,0.644,75.344,walk
27.8485,9590,1.1558,1.1469,0.1436,0.7875,75.331,walk
27.8503,9591,1.1535,1.1444,0.1444,0.7875,75.091,walk
27.8537,9592,1.1545,1.1453,0.1458,0.6259,75.09,walk
27.8545,9593,1.153,1.1437,0.1464,0.6259,75.03,walk
27.8567,9594,1.1545,1.1451,0.1467,0.5727,74.869,walk
27.8589,9595,1.1522,1.1427,0.1476,0.5727,74.75,walk
27.8632,9596,1.1536,1.1439,0.1498,0.7874,74.936,walk
27.8652,9597,1.1538,1.1438,0.1511,0.6109,74.745,walk
27.8678,9598,1.1507,1.1406,0.1523,0.6109,74.449,walk
27.8711,9599,1.1507,1.1404,0.1538,0.5777,74.333,walk
27.8752,9600,1.1512,1.1406,0.1557,0.7094,74.356,walk
27.8788,9601,1.1499,1.139,0.1582,0.6256,74.111,walk
27.8831,9602,1.1511,1.1399,0.1598,0.6807,74.176,walk
27.8836,9603,1.1488,1.1375,0.1608,0.6807,73.947,walk
27.886,9604,1.15,1.1385,0.1627,0.7047,74.049,walk
27.888,9605,1.1478,1.136,0.1637,0.7047,73.827,walk
27.8917,9606,1.1496,1.1378,0.1647,0.651,73.841,walk
27.8925,9607,1.1474,1.1354,0.1656,0.651,73.68,walk
27.8958,9608,1.1486,1.1364,0.1669,0.6548,73.701,walk
27.8977,9609,1.1496,1.1371,0.169,0.758,73.702,walk
27.9,9610,1.1489,1.1364,0.1692,0.758,73.702,walk
27.9026,9611,1.1491,1.1364,0.1707,0.6889,73.597,walk
27.9043,9612,1.1478,1.135,0.1709,0.6889,73.419,walk
27.9068,9613,1.1491,1.1361,0.1722,0.6494,73.467,walk
27.9089,9614,1.1477,1.1347,0.1725,0.6494,73.279,walk
27.9114,9615,1.1482,1.135,0.1737,0.6752,73.198,walk
27.9134,9616,1.1467,1.1334,0.174,0.6752,73.005,walk
27.9166,9617,1.1473,1.1337,0.176,0.7373,72.971,walk
27.9189,9618,1.1484,1.1346,0.1774,0.6716,73.019,walk
27.9224,9619,1.1487,1.1346,0.179,0.7019,72.876,walk
27.9251,9620,1.1462,1.132,0.1796,0.7019,72.688,walk
27.9291,9621,1.1473,1.133,0.1807,0.692,72.618,walk
27.9297,9622,1.1448,1.1303,0.1812,0.692,72.434,walk
27.9333,9623,1.1442,1.1294,0.1832,0.6881,72.357,walk
27.936,9624,1.1454,1.1304,0.1848,0.717,72.268,walk
27.9378,9625,1.1438,1.1287,0.1851,0.717,72.208,walk
27.9422,9626,1.145,1.1297,0.1866,0.6637,72.102,walk
27.9433,9627,1.1457,1.1301,0.1883,0.783,72.109,walk
27.9458,9628,1.1435,1.1278,0.1888,0.783,71.89,walk
27.9487,9629,1.1448,1.1289,0.1906,0.7084,71.93,walk
27.9505,9630,1.1426,1.1265,0.1911,0.7084,71.714,walk
27.9526,9631,1.1437,1.1275,0.1922,0.6539,71.589,walk
27.9547,9632,1.1423,1.1259,0.1926,0.6539,71.427,walk
27.9571,9633,1.1429,1.1263,0.1942,0.7351,71.368,walk
27.9593,9634,1.1429,1.1263,0.1942,0.7351,71.368,walk
27.963,9635,1.142,1.125,0.1966,0.7334,71.226,walk
27.9665,9636,1.1427,1.1253,0.1986,0.774,71.182,walk
27.9672,9637,1.1412,1.1238,0.199,0.774,71.073,walk
27.9705,9638,1.1427,1.125,0.2004,0.7393,71.052,walk
27.9725,9639,1.144,1.126,0.2022,0.7134,70.946,walk
27.9745,9640,1.1419,1.1237,0.2027,0.7134,70.836,walk
27.9792,9641,1.142,1.1235,0.2048,0.7461,70.622,walk
27.9801,9642,1.1406,1.122,0.2051,0.7461,70.567,walk
27.9821,9643,1.1428,1.124,0.2067,0.7524,70.589,walk
27.9853,9644,1.1436,1.1244,0.2086,0.7413,70.407,walk
27.9873,9645,1.1415,1.1222,0.2091,0.7413,70.243,walk
27.9917,9646,1.1435,1.1238,0.2113,0.8679,70.041,walk
27.9923,9647,1.1414,1.1216,0.2117,0.8679,69.932,walk
27.9965,9648,1.1416,1.1214,0.2138,0.7472,69.745,walk
27.9998,9649,1.1425,1.122,0.2157,0.7522,69.552,walk
28.0038,9650,1.1442,1.1234,0.2173,0.7654,69.519,walk
28.0041,9651,1.1421,1.1212,0.2177,0.7654,69.305,walk
28.0081,9652,1.1437,1.1224,0.2197,0.7753,69.199,walk
28.0092,9653,1.1424,1.121,0.22,0.7753,69.146,walk
28.0117,9654,1.1441,1.1223,0.2219,0.7685,68.996,walk
28.0157,9655,1.1437,1.1216,0.2242,0.7695,68.738,walk
28.0212,9656,1.1441,1.1215,0.2263,0.7719,68.569,walk
28.0218,9657,1.1428,1.1201,0.2266,0.7719,68.413,walk
28.0256,9658,1.1445,1.1214,0.2285,0.786,68.358,walk
28.0262,9659,1.1432,1.12,0.2288,0.786,68.203,walk
28.0287,9660,1.1441,1.1206,0.2308,0.7645,68.079,walk
28.034,9661,1.1452,1.1213,0.233,0.7995,67.844,walk
28.036,9662,1.1464,1.122,0.2352,0.83,67.781,walk
28.038,9663,1.1451,1.1206,0.2355,0.83,67.629,walk
28.0412,9664,1.1455,1.1205,0.2377,0.7965,67.366,walk
28.0465,9665,1.1448,1.1193,0.2403,0.8637,67.079,walk
28.0497,9666,1.1466,1.1206,0.2425,0.8287,66.983,walk
28.0526,9667,1.1479,1.1215,0.2446,0.859,66.788,walk
28.0541,9668,1.1458,1.1193,0.2449,0.859,66.688,walk
28.0576,9669,1.1485,1.1215,0.2474,0.9048,66.657,walk
28.0638,9670,1.1491,1.1216,0.2497,0.8829,66.448,walk
28.0658,9671,1.149,1.1209,0.2525,0.9017,66.211,walk
28.0696,9672,1.1502,1.1217,0.2547,0.8676,65.977,walk
28.0719,9673,1.1474,1.1187,0.255,0.8676,65.826,walk
28.0752,9674,1.148,1.1187,0.2577,0.9216,65.649,walk
28.0779,9675,1.15,1.1202,0.2601,0.909,65.509,walk
28.08,9676,1.1485,1.1187,0.2603,0.909,65.407,walk
28.0829,9677,1.1491,1.1187,0.2626,0.8851,65.166,walk
28.086,9678,1.1511,1.1201,0.2652,0.9331,65.089,walk
28.0877,9679,1.1496,1.1186,0.2653,0.9331,65.037,walk
28.0907,9680,1.1515,1.12,0.2677,0.8897,64.86,walk
28.0929,9681,1.1493,1.1176,0.2679,0.8897,64.754,walk
28.0967,9682,1.1498,1.1175,0.2707,0.942,64.589,walk
28.0995,9683,1.151,1.1181,0.2732,0.9061,64.383,walk
28.104,9684,1.153,1.1196,0.2755,0.91,64.292,walk
28.107,9685,1.1527,1.1186,0.2783,0.9401,64.014,walk
28.1095,9686,1.1504,1.1162,0.2785,0.9401,63.901,walk
28.1123,9687,1.1522,1.1174,0.2811,0.9081,63.813,walk
28.1148,9688,1.1534,1.118,0.2836,0.9157,63.762,walk
28.1171,9689,1.1526,1.1171,0.2837,0.9157,63.647,walk
28.1201,9690,1.1544,1.1184,0.2861,0.9042,63.578,walk
28.1238,9691,1.1539,1.1171,0.2888,0.9039,63.424,walk
28.1261,9692,1.1515,1.1146,0.289,0.9039,63.305,walk
28.1285,9693,1.1528,1.1153,0.2913,0.9775,63.15,walk
28.1312,9694,1.1547,1.1166,0.2941,0.954,63.193,walk
28.1369,9695,1.1548,1.1161,0.2967,0.9091,63.039,walk
28.1374,9696,1.1524,1.1135,0.2968,0.9091,62.794,walk
28.1398,9697,1.154,1.1145,0.2993,0.8854,62.787,walk
28.1418,9698,1.1523,1.1127,0.2994,0.8854,62.725,walk
28.1461,9699,1.1531,1.1129,0.3019,0.9004,62.674,walk
28.1493,9700,1.1522,1.1112,0.3046,0.9034,62.445,walk
28.1534,9701,1.1528,1.1112,0.3071,0.8706,62.42,walk
28.1582,9702,1.1534,1.1111,0.3096,0.8933,62.402,walk
28.1641,9703,1.1537,1.11,0.3146,0.8794,62.294,walk
28.1668,9704,1.1501,1.1062,0.3146,0.8794,62.106,walk
28.1695,9705,1.1513,1.1068,0.317,0.8557,62.089,walk
28.1718,9706,1.1486,1.104,0.317,0.8557,61.964,walk
28.1754,9707,1.1508,1.1056,0.3194,0.8586,62.11,walk
28.176,9708,1.148,1.1027,0.3194,0.8586,61.922,walk
28.1797,9709,1.1492,1.1033,0.3217,0.8435,61.917,walk
28.1831,9710,1.1494,1.1028,0.3241,0.8401,61.959,walk
28.1858,9711,1.1476,1.1003,0.3263,0.8351,61.809,walk
28.1877,9712,1.1457,1.0983,0.3262,0.8351,61.623,walk
28.1916,9713,1.1467,1.0986,0.3285,0.8105,61.659,walk
28.1925,9714,1.1438,1.0957,0.3284,0.8105,61.471,walk
28.1968,9715,1.145,1.0962,0.3308,0.8189,61.533,walk
28.1977,9716,1.1454,1.0959,0.3331,0.7879,61.47,walk
28.2015,9717,1.1461,1.0959,0.3354,0.7884,61.432,walk
28.2034,9718,1.144,1.0937,0.3354,0.7884,61.331,walk
28.2077,9719,1.1455,1.0946,0.3377,0.7908,61.363,walk
28.2084,9720,1.1435,1.0925,0.3377,0.7908,61.275,walk
28.2122,9721,1.1457,1.094,0.3401,0.7769,61.322,walk
28.2143,9722,1.1449,1.0925,0.3423,0.7614,61.315,walk
28.2168,9723,1.1441,1.0917,0.3423,0.7614,61.241,walk
28.219,9724,1.1446,1.0915,0.3446,0.7542,61.299,walk
28.2238,9725,1.144,1.0902,0.3468,0.7376,61.285,walk
28.2269,9726,1.145,1.0906,0.349,0.7425,61.304,walk
28.2323,9727,1.1418,1.0866,0.3507,0.7126,61.203,walk
28.2351,9728,1.1421,1.0863,0.3527,0.7393,61.255,walk
28.2373,9729,1.1397,1.0838,0.3526,0.7393,61.113,walk
28.242,9730,1.1406,1.0841,0.3546,0.6921,61.177,walk
28.2462,9731,1.1408,1.0837,0.3566,0.7198,61.095,walk
28.2467,9732,1.1376,1.0803,0.3565,0.7198,60.905,walk
28.2499,9733,1.1383,1.0804,0.3584,0.696,60.88,walk
28.2529,9734,1.1389,1.0804,0.3603,0.6994,60.817,walk
28.2544,9735,1.1373,1.0788,0.3601,0.6994,60.713,walk
28.2575,9736,1.1381,1.0791,0.3619,0.6749,60.659,walk
28.2611,9737,1.1379,1.0782,0.3636,0.6613,60.685,walk
28.2632,9738,1.1342,1.0744,0.3633,0.6613,60.457,walk
28.2654,9739,1.1358,1.0755,0.3652,0.6776,60.499,walk
28.2675,9740,1.1329,1.0725,0.3649,0.6776,60.257,walk
28.2707,9741,1.1336,1.0726,0.3667,0.6708,60.28,walk
28.2738,9742,1.1343,1.0727,0.3685,0.6827,60.183,walk
28.2785,9743,1.1322,1.07,0.37,0.681,59.95,walk
28.2817,9744,1.1309,1.0682,0.3715,0.6523,59.775,walk
28.2859,9745,1.1297,1.0663,0.3732,0.6699,59.684,walk
28.2883,9746,1.126,1.0624,0.3729,0.6699,59.422,walk
28.2916,9747,1.1266,1.0625,0.3745,0.6508,59.326,walk
28.2948,9748,1.1263,1.0616,0.3761,0.648,59.295,walk
28.2979,9749,1.1251,1.0598,0.3777,0.6572,59.066,walk
28.3002,9750,1.1223,1.0569,0.3774,0.6572,58.933,walk
28.3041,9751,1.1219,1.056,0.379,0.6448,58.764,walk
28.3067,9752,1.1216,1.055,0.3806,0.6335,58.685,walk
28.3085,9753,1.1197,1.0531,0.3804,0.6335,58.552,walk
28.3135,9754,1.1203,1.0532,0.3821,0.6543,58.606,walk
28.3155,9755,1.1199,1.0522,0.3836,0.626,58.464,walk
28.3175,9756,1.1162,1.0483,0.3834,0.626,58.197,walk
28.3209,9757,1.1168,1.0483,0.3851,0.6626,58.259,walk
28.3252,9758,1.1155,1.0464,0.3866,0.6406,58.043,walk
28.3291,9759,1.1145,1.0448,0.388,0.6778,57.863,walk
28.3322,9760,1.1131,1.0428,0.3893,0.6181,57.778,walk
28.3378,9761,1.1118,1.0409,0.3908,0.6303,57.629,walk
28.3386,9762,1.109,1.0379,0.3905,0.6303,57.362,walk
28.3426,9763,1.1075,1.0359,0.3919,0.6075,57.238,walk
28.3453,9764,1.1079,1.0357,0.3934,0.5919,57.243,walk
28.3508,9765,1.1064,1.0336,0.3947,0.5852,57.14,walk
28.3521,9766,1.1057,1.0324,0.3961,0.5819,57.161,walk
28.3549,9767,1.1038,1.0304,0.3959,0.5819,56.96,walk
28.3585,9768,1.1033,1.0293,0.3973,0.5985,57.014,walk
28.3619,9769,1.1007,1.0261,0.3984,0.5602,56.861,walk
28.3649,9770,1.1001,1.0248,0.3998,0.5816,56.762,walk
28.3685,9771,1.0982,1.0229,0.3996,0.5816,56.696,walk
28.3706,9772,1.0965,1.0206,0.4009,0.5705,56.625,walk
28.3744,9773,1.0956,1.0192,0.4021,0.5158,56.575,walk
28.3803,9774,1.091,1.0139,0.4031,0.5592,56.386,walk
28.3838,9775,1.0912,1.0135,0.4044,0.5518,56.401,walk
28.3869,9776,1.0905,1.0122,0.4058,0.5726,56.49,walk
28.3911,9777,1.0898,1.0109,0.4072,0.5654,56.486,walk
28.3914,9778,1.0869,1.0078,0.407,0.5654,56.359,walk
28.3962,9779,1.088,1.0085,0.4085,0.5513,56.474,walk
28.3991,9780,1.0853,1.005,0.4096,0.5459,56.4,walk
28.404,9781,1.0826,1.0016,0.4109,0.5534,56.384,walk
28.4043,9782,1.0807,0.9995,0.4108,0.5534,56.199,walk
28.4072,9783,1.0807,0.999,0.4122,0.5328,56.373,walk
28.4093,9784,1.0778,0.9959,0.4121,0.5328,56.128,walk
28.4143,9785,1.0784,0.9955,0.4149,0.5153,56.463,walk
28.4165,9786,1.0755,0.9923,0.4148,0.5153,56.28,walk
28.4194,9787,1.0757,0.9919,0.4163,0.544,56.424,walk
28.4215,9788,1.0727,0.9887,0.4162,0.544,56.243,walk
28.4251,9789,1.0718,0.9871,0.4176,0.5225,56.241,walk
28.4281,9790,1.0719,0.9866,0.4191,0.5199,56.405,walk
28.4326,9791,1.0682,0.9819,0.4205,0.5466,56.292,walk
28.4354,9792,1.0673,0.9803,0.422,0.5363,56.31,walk
28.4375,9793,1.0654,0.9782,0.4221,0.5363,56.249,walk
28.4401,9794,1.0654,0.9776,0.4236,0.5234,56.308,walk
28.4421,9795,1.0625,0.9743,0.4237,0.5234,56.187,walk
28.4457,9796,1.0618,0.9728,0.4254,0.5725,56.27,walk
28.4497,9797,1.0619,0.9722,0.427,0.5333,56.398,walk
28.4505,9798,1.0589,0.9689,0.4272,0.5333,56.158,walk
28.4541,9799,1.0591,0.9684,0.4288,0.5447,56.293,walk
28.4577,9800,1.0583,0.9668,0.4305,0.5379,56.44,walk
28.4587,9801,1.0553,0.9635,0.4307,0.5379,56.203,walk
28.4611,9802,1.0555,0.9629,0.4324,0.5489,56.363,walk
28.4633,9803,1.0526,0.9596,0.4326,0.5489,56.13,walk
28.4667,9804,1.0537,0.9601,0.4342,0.5429,56.322,walk
28.4706,9805,1.0501,0.9552,0.4363,0.5536,56.262,walk
28.4738,9806,1.0504,0.9547,0.438,0.5543,56.359,walk
28.4761,9807,1.0475,0.9513,0.4383,0.5543,56.19,walk
28.4798,9808,1.0458,0.9486,0.4403,0.5592,56.171,walk
28.4834,9809,1.047,0.9491,0.4419,0.5354,56.329,walk
28.4867,9810,1.0444,0.9453,0.4441,0.5643,56.261,walk
28.4876,9811,1.0425,0.943,0.4443,0.5643,56.099,walk
28.4913,9812,1.0427,0.9424,0.4461,0.5512,56.234,walk
28.4921,9813,1.0408,0.9403,0.4462,0.5512,56.074,walk
28.4967,9814,1.039,0.9379,0.4472,0.551,56.092,walk
28.5,9815,1.0392,0.9376,0.4482,0.5779,56.172,walk
28.5035,9816,1.0402,0.9382,0.4492,0.5737,56.206,walk
28.5043,9817,1.0382,0.9365,0.4482,0.5737,56.01,walk
28.5075,9818,1.0392,0.9371,0.4491,0.5976,56.078,walk
28.5084,9819,1.0377,0.9358,0.4484,0.5976,56.012,walk
28.5126,9820,1.0367,0.9345,0.4488,0.5818,55.943,walk
28.5169,9821,1.0372,0.9346,0.4499,0.5709,55.918,walk
28.5173,9822,1.0345,0.9319,0.4491,0.5709,55.716,walk
28.5205,9823,1.0349,0.9318,0.4503,0.5809,55.844,walk
28.5232,9824,1.0342,0.9306,0.4512,0.5828,55.784,walk
28.5282,9825,1.0326,0.9284,0.452,0.5929,55.757,walk
28.5299,9826,1.0296,0.9254,0.4513,0.5929,55.566,walk
28.5322,9827,1.0309,0.9262,0.4528,0.591,55.777,walk
28.5355,9828,1.0293,0.924,0.4534,0.5731,55.73,walk
28.5375,9829,1.0264,0.9212,0.4528,0.5731,55.478,walk
28.5408,9830,1.0267,0.9209,0.4539,0.5285,55.587,walk
28.5417,9831,1.025,0.9192,0.4535,0.5285,55.526,walk
28.5468,9832,1.0253,0.9191,0.4545,0.5502,55.573,walk
28.5481,9833,1.023,0.9162,0.455,0.5798,55.523,walk
28.5501,9834,1.0211,0.9143,0.4546,0.5798,55.463,walk
28.5532,9835,1.0235,0.9161,0.4563,0.5916,55.682,walk
28.5575,9836,1.0203,0.9124,0.4566,0.5843,55.514,walk
28.5595,9837,1.0176,0.9097,0.456,0.5843,55.277,walk
28.5634,9838,1.0191,0.9106,0.4574,0.5873,55.422,walk
28.5667,9839,1.018,0.9089,0.4583,0.61,55.446,walk
28.5688,9840,1.017,0.9073,0.4593,0.6168,55.394,walk
28.5709,9841,1.0152,0.9056,0.4588,0.6168,55.278,walk
28.576,9842,1.0136,0.9032,0.4601,0.6971,55.408,walk
28.5792,9843,1.0144,0.9034,0.4613,0.6026,55.41,walk
28.582,9844,1.0136,0.902,0.4623,0.6456,55.408,walk
28.5851,9845,1.0135,0.9013,0.4633,0.5819,55.481,walk
28.5872,9846,1.011,0.899,0.4627,0.5819,55.259,walk
28.5917,9847,1.0103,0.8977,0.4635,0.61,55.284,walk
28.5946,9848,1.0112,0.898,0.4649,0.6487,55.342,walk
28.5962,9849,1.0089,0.8957,0.4642,0.6487,55.234,walk
28.5995,9850,1.009,0.8953,0.4654,0.6305,55.207,walk
28.6042,9851,1.01,0.8956,0.4668,0.6432,55.352,walk
28.6046,9852,1.0077,0.8934,0.4661,0.6432,55.14,walk
28.6078,9853,1.0094,0.8945,0.4677,0.6279,55.306,walk
28.609,9854,1.0071,0.8923,0.467,0.6279,55.201,walk
28.6137,9855,1.0066,0.8913,0.4679,0.6408,55.132,walk
28.6166,9856,1.0076,0.8916,0.4694,0.637,55.264,walk
28.617,9857,1.0054,0.8895,0.4686,0.637,55.058,walk
28.6212,9858,1.005,0.8885,0.4696,0.6559,55.077,walk
28.6248,9859,1.006,0.8889,0.4709,0.6191,55.207,walk
28.6253,9860,1.0045,0.8875,0.4704,0.6191,55.105,walk
28.629,9861,1.0048,0.8873,0.4716,0.6451,55.147,walk
28.6322,9862,1.0026,0.8852,0.4708,0.6451,54.947,walk
28.6343,9863,1.003,0.885,0.472,0.6759,55.055,walk
28.637,9864,1.0041,0.8855,0.4734,0.6396,55.102,walk
28.6405,9865,1.0038,0.8847,0.4742,0.6573,55.057,walk
28.6452,9866,1.0048,0.8852,0.4756,0.642,55.163,walk
28.6489,9867,1.003,0.8829,0.4759,0.6682,55.004,walk
28.6507,9868,1.0016,0.8816,0.4754,0.6682,54.955,walk
28.6535,9869,1.0019,0.8814,0.4764,0.639,54.932,walk
28.6575,9870,1.0029,0.8818,0.4776,0.6203,55.041,walk
28.6585,9871,1.0007,0.8798,0.4767,0.6203,54.843,walk
28.6648,9872,1.0023,0.8803,0.4793,0.7004,54.929,walk
28.6673,9873,0.9993,0.8776,0.478,0.7004,54.729,walk
28.6706,9874,1.0005,0.8782,0.4792,0.6568,54.788,walk
28.6749,9875,1.0001,0.8775,0.48,0.6811,54.738,walk
28.6774,9876,0.9979,0.8754,0.4789,0.6811,54.637,walk
28.6867,9877,1.0006,0.8767,0.4823,0.6246,54.807,walk
28.6898,9878,0.9984,0.8744,0.482,0.6017,54.627,walk
28.6927,9879,0.9969,0.873,0.4813,0.6017,54.47,walk
28.6963,9880,0.9976,0.8733,0.4824,0.5999,54.462,walk
28.6967,9881,0.9953,0.8712,0.4813,0.5999,54.302,walk
28.6989,9882,0.9965,0.8718,0.4827,0.6944,54.354,walk
28.7011,9883,0.9941,0.8697,0.4816,0.6944,54.193,walk
28.7037,9884,0.996,0.871,0.4832,0.684,54.293,walk
28.7079,9885,0.9964,0.8709,0.4841,0.6864,54.296,walk
28.7087,9886,0.994,0.8688,0.4829,0.6864,54.132,walk
28.7131,9887,0.9942,0.8686,0.4837,0.6614,54.137,walk
28.7165,9888,0.9945,0.8684,0.4846,0.6813,54.183,walk
28.7169,9889,0.9929,0.867,0.4838,0.6813,54.015,walk
28.7211,9890,0.994,0.8676,0.485,0.6865,54.112,walk
28.7215,9891,0.9931,0.8669,0.4846,0.6865,54.056,walk
28.7248,9892,0.9916,0.8652,0.4845,0.6495,53.89,walk
28.7316,9893,0.9927,0.8658,0.4858,0.7014,53.906,walk
28.7359,9894,0.9933,0.8655,0.4874,0.6928,53.904,walk
28.7384,9895,0.9882,0.8611,0.4848,0.6928,53.61,walk
28.7415,9896,0.99,0.8623,0.4863,0.6657,53.701,walk
28.7435,9897,0.9903,0.8622,0.4872,0.741,53.673,walk
28.7467,9898,0.9868,0.8592,0.4854,0.741,53.434,walk
28.7496,9899,0.9888,0.8605,0.4871,0.7321,53.559,walk
28.7522,9900,0.988,0.8595,0.4872,0.6867,53.466,walk
28.7537,9901,0.9862,0.8579,0.4863,0.6867,53.406,walk
28.757,9902,0.9871,0.8583,0.4874,0.6853,53.367,walk
28.7588,9903,0.9843,0.856,0.4859,0.6853,53.246,walk
28.7633,9904,0.9865,0.8575,0.4877,0.7732,53.425,walk
28.7666,9905,0.9837,0.8548,0.4868,0.7174,53.156,walk
28.771,9906,0.9838,0.8546,0.4874,0.7318,53.223,walk
28.7715,9907,0.9809,0.8522,0.4858,0.7318,52.98,walk
28.7746,9908,0.9815,0.8524,0.4866,0.8823,53.171,walk
28.7818,9909,0.9852,0.8549,0.4896,0.7168,53.243,walk
28.7852,9910,0.979,0.8495,0.4867,0.7133,52.938,walk
28.7877,9911,0.977,0.8478,0.4855,0.7133,52.818,walk
28.7912,9912,0.9757,0.8464,0.4855,0.7319,52.715,walk
28.7949,9913,0.9768,0.8469,0.4867,0.7608,52.775,walk
28.7968,9914,0.9742,0.8447,0.4853,0.7608,52.597,walk
28.7997,9915,0.9765,0.8463,0.4872,0.7847,52.723,walk
28.8042,9916,0.9774,0.8467,0.4883,0.9558,52.784,walk
28.8063,9917,0.977,0.8461,0.4885,0.7236,52.699,walk
28.8107,9918,0.9782,0.8467,0.4898,0.775,52.702,walk
28.8124,9919,0.9761,0.845,0.4887,0.775,52.575,walk
28.8153,9920,0.9769,0.8452,0.4897,0.7462,52.694,walk
28.8171,9921,0.9753,0.8439,0.4889,0.7462,52.574,walk
28.8212,9922,0.9774,0.8453,0.4908,0.7333,52.67,walk
28.8246,9923,0.978,0.8454,0.4918,0.7666,52.734,walk
28.8258,9924,0.9745,0.8425,0.4898,0.7666,52.621,walk
28.8297,9925,0.9759,0.8434,0.4911,0.7985,52.706,walk
28.8323,9926,0.9734,0.8413,0.4895,0.7985,52.6,walk
28.8369,9927,0.9758,0.8427,0.492,0.7964,52.768,walk
28.8401,9928,0.9753,0.8419,0.4923,0.7802,52.791,walk
28.8436,9929,0.9764,0.8425,0.4935,0.7938,52.807,walk
28.8463,9930,0.9742,0.8407,0.4923,0.7938,52.662,walk
28.85,9931,0.9757,0.8416,0.4937,0.7861,52.737,walk
28.8507,9932,0.9739,0.8401,0.4927,0.7861,52.687,walk
28.8537,9933,0.9742,0.8401,0.4932,0.7695,52.679,walk
28.8586,9934,0.9724,0.8385,0.4926,0.7855,52.573,walk
28.8635,9935,0.9746,0.8399,0.4943,0.7843,52.678,walk
28.8663,9936,0.9719,0.8376,0.493,0.8106,52.581,walk
28.8709,9937,0.9723,0.8377,0.4937,0.8326,52.484,walk
28.8735,9938,0.9718,0.837,0.4937,0.8484,52.296,walk
28.8761,9939,0.9688,0.8347,0.4919,0.8484,52.175,walk
28.8815,9940,0.9701,0.8354,0.493,0.8002,52.099,walk
28.8866,9941,0.9685,0.8336,0.493,0.796,51.886,walk
28.8896,9942,0.9688,0.8336,0.4937,0.8188,51.784,walk
28.8926,9943,0.9658,0.8312,0.4919,0.8188,51.532,walk
28.8962,9944,0.9666,0.8315,0.4928,0.9182,51.507,walk
28.8988,9945,0.9657,0.8306,0.4927,0.7758,51.277,walk
28.9007,9946,0.9638,0.829,0.4915,0.7758,51.213,walk
28.9035,9947,0.9657,0.8303,0.493,0.7359,51.242,walk
28.9079,9948,0.9631,0.8281,0.4918,0.8347,50.904,walk
28.9111,9949,0.9636,0.8282,0.4925,0.858,50.643,walk
28.9132,9950,0.9606,0.8258,0.4907,0.858,50.45,walk
28.9159,9951,0.9614,0.8262,0.4917,0.9443,50.374,walk
28.9198,9952,0.9624,0.8268,0.4926,0.7521,50.178,walk
28.9224,9953,0.9638,0.8277,0.4938,0.8487,50.07,walk
28.925,9954,0.9599,0.8246,0.4914,0.8487,49.811,walk
28.932,9955,0.9646,0.8278,0.495,0.8162,49.765,walk
28.9354,9956,0.9591,0.8233,0.4921,0.8702,49.107,walk
28.9375,9957,0.9571,0.8217,0.4908,0.8702,49.042,walk
28.9408,9958,0.9585,0.8226,0.492,0.8346,48.831,walk
28.9462,9959,0.959,0.8228,0.4927,0.8905,48.68,walk
28.947,9960,0.9551,0.8196,0.4903,0.8905,48.353,walk
28.9505,9961,0.9544,0.8189,0.4901,0.8268,48.059,walk
28.9537,9962,0.9565,0.8205,0.4918,0.8037,47.991,walk
28.9565,9963,0.9561,0.8198,0.492,0.8872,47.868,walk
28.9582,9964,0.9531,0.8174,0.4901,0.8872,47.607,walk
28.9633,9965,0.9551,0.8188,0.4916,0.7715,47.635,walk
28.9669,9966,0.9514,0.8157,0.4897,0.8523,47.115,walk
28.9703,9967,0.9503,0.8148,0.4891,0.708,46.745,walk
28.975,9968,0.9528,0.8167,0.4908,0.8669,46.657,walk
28.9758,9969,0.9488,0.8135,0.4883,0.8669,46.4,walk
28.9838,9970,0.9503,0.8144,0.4897,0.8206,46.187,walk
28.9846,9971,0.9462,0.8111,0.4873,0.8206,45.933,walk
28.9867,9972,0.9477,0.8121,0.4883,0.845,45.763,walk
28.9893,9973,0.9489,0.8131,0.4893,0.8096,45.728,walk
28.9919,9974,0.9459,0.8106,0.4874,0.8096,45.477,walk
28.9962,9975,0.9453,0.81,0.4874,0.864,45.235,walk
29.0002,9976,0.9455,0.8099,0.4877,0.7873,45.148,walk
29.0006,9977,0.9434,0.8083,0.4865,0.7873,44.963,walk
29.0042,9978,0.9445,0.8091,0.4873,0.8171,44.914,walk
29.0048,9979,0.9425,0.8074,0.4861,0.8171,44.853,walk
29.008,9980,0.9413,0.8062,0.4858,0.7518,44.583,walk
29.0106,9981,0.9423,0.8068,0.4867,0.7557,44.563,walk
29.0123,9982,0.9412,0.8059,0.4861,0.7557,44.441,walk
29.0155,9983,0.941,0.8055,0.4864,0.7205,44.366,walk
29.0186,9984,0.9418,0.8059,0.4873,0.7018,44.239,walk
29.0219,9985,0.9386,0.8033,0.4855,0.7018,43.997,walk
29.0249,9986,0.9378,0.8023,0.4855,0.5895,43.547,walk
29.0253,9987,0.9346,0.7996,0.4838,0.5895,43.426,walk
29.0285,9988,0.9352,0.7998,0.4846,0.6758,43.31,walk
29.0372,9989,0.9322,0.7966,0.4842,0.6995,42.921,walk
29.0379,9990,0.93,0.7947,0.4832,0.6995,42.799,walk
29.04,9991,0.9307,0.7949,0.484,0.6951,42.811,walk
29.0421,9992,0.9274,0.792,0.4824,0.6951,42.569,walk
29.0459,9993,0.928,0.7922,0.4833,0.6999,42.588,walk
29.0465,9994,0.9258,0.7903,0.4822,0.6999,42.407,walk
29.0501,9995,0.9264,0.7904,0.4832,0.6865,42.384,walk
29.0509,9996,0.9242,0.7884,0.4821,0.6865,42.204,walk
29.0543,9997,0.9236,0.7875,0.4825,0.6792,42.166,walk
29.0551,9998,0.9213,0.7855,0.4815,0.6792,41.988,walk
29.0582,9999,0.923,0.7866,0.4829,0.6951,42.02,walk
29.0593,10000,0.9197,0.7836,0.4814,0.6951,41.902,walk
29.063,10001,0.919,0.7825,0.4818,0.6647,41.806,walk
29.0665,10002,0.9206,0.7836,0.4833,0.6811,41.855,walk
29.0685,10003,0.9177,0.7805,0.4828,0.6871,41.586,walk
29.0711,10004,0.9144,0.7774,0.4813,0.6871,41.416,walk
29.0734,10005,0.9148,0.7773,0.4823,0.6643,41.396,walk
29.0755,10006,0.9125,0.7752,0.4814,0.6643,41.34,walk
29.0802,10007,0.9129,0.7751,0.4823,0.6563,41.297,walk
29.082,10008,0.9111,0.7729,0.4824,0.6635,41.175,walk
29.0841,10009,0.9088,0.7708,0.4815,0.6635,41.065,walk
29.0876,10010,0.9069,0.7685,0.4816,0.6582,40.966,walk
29.0896,10011,0.9073,0.7684,0.4826,0.6657,41.035,walk
29.0926,10012,0.9043,0.7657,0.4811,0.6657,40.833,walk
29.0962,10013,0.9053,0.7664,0.482,0.6428,40.829,walk
29.0972,10014,0.9066,0.7673,0.4829,0.6543,40.877,walk
29.0995,10015,0.9048,0.7662,0.4812,0.6543,40.643,walk
29.102,10016,0.9064,0.7675,0.4821,0.6585,40.682,walk
29.1042,10017,0.9051,0.7668,0.481,0.6585,40.493,walk
29.1076,10018,0.9057,0.7673,0.4811,0.648,40.388,walk
29.1085,10019,0.9042,0.7663,0.4799,0.648,40.323,walk
29.112,10020,0.9061,0.7677,0.4812,0.6519,40.373,walk
29.1126,10021,0.9035,0.7658,0.4794,0.6519,40.175,walk
29.1163,10022,0.9023,0.7648,0.4788,0.6418,39.997,walk
29.1187,10023,0.9029,0.7651,0.4794,0.6361,39.911,walk
29.1206,10024,0.9009,0.7636,0.4781,0.6361,39.782,walk
29.1251,10025,0.9014,0.7639,0.4786,0.6104,39.738,walk
29.1257,10026,0.8984,0.7616,0.4766,0.6104,39.612,walk
29.1295,10027,0.8969,0.7602,0.4758,0.6179,39.46,walk
29.1314,10028,0.8949,0.7587,0.4745,0.6179,39.278,walk
29.1361,10029,0.8961,0.7593,0.4759,0.6684,39.36,walk
29.1393,10030,0.8957,0.7588,0.4759,0.5782,39.258,walk
29.1415,10031,0.8931,0.7569,0.474,0.5782,39.037,walk
29.146,10032,0.8937,0.7573,0.4746,0.6056,39.057,walk
29.1466,10033,0.891,0.7553,0.4727,0.6056,38.839,walk
29.1496,10034,0.8908,0.755,0.4727,0.6249,38.799,walk
29.154,10035,0.8895,0.7539,0.4721,0.5853,38.579,walk
29.1582,10036,0.8901,0.7542,0.4728,0.5944,38.55,walk
29.1585,10037,0.8875,0.7522,0.471,0.5944,38.388,walk
29.1629,10038,0.8874,0.7518,0.4714,0.6369,38.276,walk
29.1646,10039,0.8881,0.7521,0.4722,0.6216,38.075,walk
29.1662,10040,0.8855,0.7501,0.4706,0.6216,37.969,walk
29.1703,10041,0.8871,0.7511,0.472,0.6242,37.865,walk
29.1713,10042,0.8838,0.7486,0.4698,0.6242,37.708,walk
29.1746,10043,0.8853,0.7495,0.4712,0.5945,37.6,walk
29.1754,10044,0.8829,0.7476,0.4696,0.5945,37.497,walk
29.1821,10045,0.8819,0.7466,0.4693,0.5675,37.243,walk
29.1839,10046,0.881,0.7457,0.4691,0.5758,37.05,walk
29.1864,10047,0.881,0.7455,0.4695,0.5982,36.872,walk
29.1898,10048,0.8817,0.7458,0.4702,0.5526,36.7,walk
29.1919,10049,0.8802,0.7447,0.4692,0.5526,36.651,walk
29.1941,10050,0.8808,0.7449,0.47,0.5468,36.443,walk
29.1962,10051,0.8778,0.7427,0.468,0.5468,36.301,walk
29.2011,10052,0.8786,0.743,0.4689,0.5694,36.143,walk
29.202,10053,0.8779,0.7423,0.4687,0.571,35.897,walk
29.204,10054,0.8765,0.7412,0.4678,0.571,35.806,walk
29.2077,10055,0.8772,0.7415,0.4687,0.5563,35.715,walk
29.2085,10056,0.8758,0.7404,0.4677,0.5563,35.58,walk
29.2131,10057,0.8766,0.7408,0.4686,0.5744,35.411,walk
29.2138,10058,0.8745,0.7393,0.4672,0.5744,35.279,walk
29.2165,10059,0.8746,0.739,0.4677,0.5661,35.087,walk
29.2203,10060,0.8753,0.7394,0.4684,0.5224,34.897,walk
29.2208,10061,0.8739,0.7383,0.4675,0.5224,34.853,walk
29.2248,10062,0.8748,0.7387,0.4686,0.5992,34.661,walk
29.2254,10063,0.8728,0.7372,0.4672,0.5992,34.575,walk
29.2283,10064,0.8743,0.7381,0.4687,0.5706,34.445,walk
29.2348,10065,0.8753,0.7384,0.4701,0.565,34.033,walk
29.2353,10066,0.8726,0.7364,0.4682,0.565,33.908,walk
29.2381,10067,0.8713,0.7354,0.4673,0.565,33.782,walk
29.2415,10068,0.8721,0.7357,0.4683,0.5535,33.634,walk
29.2422,10069,0.8701,0.7342,0.4669,0.5535,33.469,walk
29.2459,10070,0.8704,0.7343,0.4674,0.5752,33.336,walk
29.2493,10071,0.8706,0.7341,0.468,0.5728,33.174,walk
29.253,10072,0.8706,0.7338,0.4685,0.5319,33.017,walk
29.2546,10073,0.8686,0.7323,0.4671,0.5319,32.858,walk
29.2579,10074,0.8699,0.733,0.4685,0.5223,32.712,walk
29.2606,10075,0.8694,0.7323,0.4685,0.5389,32.502,walk
29.2631,10076,0.8674,0.7309,0.4671,0.5389,32.423,walk
29.2671,10077,0.8681,0.7312,0.468,0.5472,32.266,walk
29.2675,10078,0.8661,0.7297,0.4666,0.5472,32.188,walk
29.2705,10079,0.8676,0.7305,0.4681,0.5538,32.08,walk
29.2736,10080,0.867,0.7298,0.4681,0.5502,31.858,walk
29.2757,10081,0.865,0.7283,0.4667,0.5502,31.78,walk
29.2805,10082,0.8637,0.7271,0.4663,0.5578,31.566,walk
29.2826,10083,0.8652,0.7279,0.4677,0.5568,31.471,walk
29.2868,10084,0.864,0.7267,0.4672,0.5637,31.271,walk
29.2898,10085,0.8655,0.7276,0.4687,0.568,31.231,walk
29.2934,10086,0.8643,0.7265,0.4682,0.5834,30.996,walk
29.2968,10087,0.8615,0.7244,0.4663,0.5834,30.837,walk
29.3008,10088,0.861,0.7238,0.4663,0.5823,30.716,walk
29.3036,10089,0.8611,0.7236,0.4668,0.5798,30.589,walk
29.3071,10090,0.8606,0.7229,0.4669,0.5935,30.411,walk
29.309,10091,0.8592,0.7219,0.4659,0.5935,30.37,walk
29.312,10092,0.8593,0.7217,0.4665,0.6046,30.212,walk
29.3165,10093,0.8595,0.7215,0.4671,0.6086,30.143,walk
29.3193,10094,0.8597,0.7213,0.4677,0.6197,29.988,walk
29.3211,10095,0.8589,0.7208,0.4672,0.6197,29.988,walk
29.3239,10096,0.8585,0.7201,0.4673,0.6325,29.783,walk
29.3264,10097,0.8595,0.7205,0.4685,0.6464,29.758,walk
29.3298,10098,0.8565,0.7184,0.4664,0.6464,29.59,walk
29.3334,10099,0.8575,0.7188,0.4675,0.6309,29.587,walk
29.3372,10100,0.8569,0.718,0.4675,0.6231,29.487,walk
29.3396,10101,0.8561,0.7172,0.4675,0.6081,29.409,walk
29.3422,10102,0.8554,0.7167,0.467,0.6081,29.366,walk
29.3444,10103,0.8561,0.7169,0.468,0.6022,29.344,jog
29.3469,10104,0.853,0.7147,0.4657,0.6022,29.213,jog
29.3496,10105,0.8537,0.7149,0.4667,0.5978,29.203,jog
29.3518,10106,0.8537,0.7145,0.4672,0.6211,29.237,jog
29.3538,10107,0.8521,0.7134,0.466,0.6211,29.106,jog
29.3569,10108,0.852,0.713,0.4664,0.6084,29.133,jog
29.3586,10109,0.8512,0.7124,0.4658,0.6084,29.089,jog
29.3628,10110,0.8511,0.7121,0.4661,0.6055,29.024,jog
29.3674,10111,0.8494,0.7106,0.4653,0.6281,28.907,jog
29.3705,10112,0.8476,0.7091,0.4644,0.6254,28.807,jog
29.3748,10113,0.8482,0.7092,0.4654,0.6327,28.845,jog
29.3753,10114,0.8457,0.7075,0.4634,0.6327,28.671,jog
29.3777,10115,0.847,0.7081,0.4648,0.5669,28.592,jog
29.3809,10116,0.8436,0.7058,0.4621,0.5669,28.42,jog
29.3861,10117,0.844,0.7054,0.4634,0.6459,28.431,jog
29.3879,10118,0.8423,0.7042,0.4621,0.6459,28.388,jog
29.3915,10119,0.8429,0.7043,0.463,0.6295,28.402,jog
29.3922,10120,0.8403,0.7026,0.4609,0.6295,28.233,jog
29.3956,10121,0.841,0.7027,0.462,0.65,28.286,jog
29.4005,10122,0.841,0.7024,0.4625,0.6294,28.225,jog
29.4014,10123,0.8412,0.7022,0.4632,0.6374,28.187,jog
29.4034,10124,0.8393,0.7009,0.4617,0.6374,28.107,jog
29.4068,10125,0.8404,0.7012,0.4631,0.6414,28.107,jog
29.4085,10126,0.8385,0.6999,0.4617,0.6414,28.009,jog
29.4126,10127,0.8382,0.6993,0.4621,0.6506,28.007,jog
29.4166,10128,0.8392,0.6997,0.4634,0.6471,28.032,jog
29.417,10129,0.8372,0.6982,0.4619,0.6471,27.949,jog
29.4206,10130,0.8373,0.6979,0.4626,0.6572,27.984,jog
29.4247,10131,0.8381,0.6981,0.4638,0.6573,28.017,jog
29.4251,10132,0.8358,0.6965,0.462,0.6573,27.936,jog
29.43,10133,0.8374,0.6973,0.4638,0.6679,28.003,jog
29.4317,10134,0.8368,0.6965,0.4638,0.6874,27.962,jog
29.4353,10135,0.8377,0.6968,0.465,0.6797,27.974,jog
29.438,10136,0.8345,0.6945,0.4627,0.6797,27.854,jog
29.441,10137,0.8348,0.6943,0.4636,0.6871,27.797,jog
29.443,10138,0.8353,0.6941,0.4646,0.688,27.805,jog
29.4459,10139,0.8346,0.6936,0.4641,0.688,27.738,jog
29.4487,10140,0.8341,0.693,0.4643,0.6809,27.7,jog
29.4504,10141,0.8318,0.6914,0.4625,0.6809,27.559,jog
29.4537,10142,0.832,0.6912,0.4631,0.6861,27.504,jog
29.4584,10143,0.8321,0.6909,0.4636,0.6794,27.466,jog
29.4623,10144,0.8314,0.6901,0.4637,0.7049,27.333,jog
29.4627,10145,0.8299,0.6891,0.4624,0.7049,27.296,jog
29.4656,10146,0.8301,0.6889,0.463,0.692,27.212,jog
29.4674,10147,0.8285,0.6879,0.4618,0.692,27.174,jog
29.4705,10148,0.8294,0.6881,0.463,0.6748,27.082,jog
29.4717,10149,0.8279,0.6872,0.4617,0.6748,27.006,jog
29.4749,10150,0.8273,0.6864,0.4618,0.6918,26.9,jog
29.4779,10151,0.8282,0.6866,0.4631,0.679,26.897,jog
29.4808,10152,0.8259,0.6852,0.4612,0.679,26.743,jog
29.4833,10153,0.8276,0.6858,0.4632,0.6879,26.741,jog
29.4874,10154,0.8263,0.6846,0.4627,0.6936,26.634,jog
29.4899,10155,0.8265,0.6844,0.4635,0.6948,26.515,jog
29.4923,10156,0.825,0.6834,0.4622,0.6948,26.476,jog
29.4957,10157,0.8252,0.6831,0.463,0.6947,26.352,jog
29.4968,10158,0.8238,0.6821,0.4618,0.6947,26.273,jog
29.5004,10159,0.8233,0.6814,0.462,0.7045,26.154,jog
29.5043,10160,0.8244,0.6818,0.4636,0.7473,26.194,jog
29.5072,10161,0.8246,0.6815,0.4644,0.6931,26.088,jog
29.5091,10162,0.8217,0.6796,0.4619,0.6931,25.969,jog
29.5121,10163,0.8219,0.6793,0.4627,0.6927,25.814,jog
29.5157,10164,0.8229,0.6795,0.4642,0.7133,25.773,jog
29.5181,10165,0.8239,0.6796,0.4657,0.7048,25.708,jog
29.5204,10166,0.8224,0.6787,0.4645,0.7048,25.588,jog
29.5236,10167,0.8227,0.6784,0.4654,0.7195,25.456,jog
29.5256,10168,0.8197,0.6765,0.463,0.7195,25.335,jog
29.5289,10169,0.8208,0.6766,0.4646,0.7276,25.211,jog
29.531,10170,0.8186,0.6752,0.4627,0.7276,25.13,jog
29.5354,10171,0.8189,0.6749,0.4638,0.7328,25.0,jog
29.5393,10172,0.8216,0.6756,0.4677,0.7393,24.837,jog
29.5403,10173,0.8194,0.6741,0.4658,0.7393,24.757,jog
29.5421,10174,0.8172,0.6727,0.464,0.7393,24.595,jog
29.5458,10175,0.8183,0.6729,0.4657,0.753,24.554,jog
29.5467,10176,0.8168,0.6719,0.4645,0.753,24.433,jog
29.5503,10177,0.8172,0.6715,0.4656,0.7692,24.328,jog
29.5511,10178,0.8157,0.6706,0.4644,0.7692,24.208,jog
29.5544,10179,0.8175,0.6711,0.4668,0.7722,24.15,jog
29.5564,10180,0.8179,0.6708,0.468,0.7862,24.052,jog
29.5585,10181,0.8157,0.6693,0.4661,0.7862,23.892,jog
29.5622,10182,0.816,0.6689,0.4673,0.7805,23.797,jog
29.5649,10183,0.8164,0.6685,0.4686,0.7902,23.603,jog
29.5665,10184,0.8148,0.6675,0.4673,0.7902,23.564,jog
29.5705,10185,0.816,0.6676,0.4692,0.798,23.421,jog
29.5726,10186,0.8163,0.6671,0.4705,0.7992,23.308,jog
29.5743,10187,0.814,0.6656,0.4686,0.7992,23.154,jog
29.5775,10188,0.8151,0.6656,0.4706,0.808,23.079,jog
29.582,10189,0.8147,0.6646,0.4713,0.8197,22.858,jog
29.5852,10190,0.8124,0.6631,0.4694,0.8197,22.746,jog
29.5863,10191,0.8127,0.6625,0.4708,0.8175,22.641,jog
29.5895,10192,0.8139,0.6624,0.4728,0.8229,22.504,jog
29.5931,10193,0.814,0.6617,0.474,0.9704,22.239,jog
29.5955,10194,0.8124,0.6607,0.4728,0.9704,22.131,jog
29.5966,10195,0.8108,0.6596,0.4715,0.9704,22.096,jog
29.6003,10196,0.8127,0.66,0.4742,0.849,22.033,jog
29.6008,10197,0.8103,0.6584,0.4723,0.849,21.894,jog
29.6039,10198,0.8106,0.6578,0.4738,0.8515,21.802,jog
29.6059,10199,0.8118,0.6577,0.4759,0.8572,21.692,jog
29.6085,10200,0.8093,0.656,0.474,0.8572,21.625,jog
29.6127,10201,0.8096,0.6553,0.4754,0.8539,21.477,jog
29.6133,10202,0.8079,0.6542,0.4741,0.8539,21.445,jog
29.6165,10203,0.809,0.6539,0.4762,0.848,21.354,jog
29.6202,10204,0.8091,0.653,0.4777,0.8424,21.212,jog
29.6205,10205,0.8074,0.6519,0.4764,0.8424,21.18,jog
29.6251,10206,0.8083,0.6515,0.4785,0.8412,21.068,jog
29.6258,10207,0.8057,0.6498,0.4765,0.8412,21.006,jog
29.6293,10208,0.8067,0.6494,0.4786,0.8505,20.912,jog
29.6334,10209,0.8058,0.6477,0.4794,0.8473,20.823,jog
29.6359,10210,0.8022,0.6452,0.4767,0.8473,20.671,jog
29.6417,10211,0.8049,0.6448,0.4817,0.8777,20.655,jog
29.6421,10212,0.8012,0.6422,0.479,0.8777,20.566,jog
29.6458,10213,0.8011,0.641,0.4805,0.8656,20.505,jog
29.6504,10214,0.802,0.6404,0.4827,0.8813,20.544,jog
29.6509,10215,0.7991,0.6384,0.4806,0.8813,20.428,jog
29.654,10216,0.798,0.6364,0.4815,0.8941,20.396,jog
29.6577,10217,0.7988,0.6357,0.4837,0.8848,20.423,jog
29.6586,10218,0.7969,0.6343,0.4823,0.8848,20.395,jog
29.663,10219,0.7975,0.6335,0.4844,0.8563,20.367,jog
29.6667,10220,0.7943,0.6299,0.4838,0.8757,20.299,jog
29.6702,10221,0.7949,0.6291,0.486,0.884,20.372,jog
29.6707,10222,0.7929,0.6276,0.4846,0.884,20.29,jog
29.6753,10223,0.7936,0.6267,0.4868,0.884,20.379,jog
29.6757,10224,0.7905,0.6245,0.4848,0.884,20.269,jog
29.6789,10225,0.7901,0.6228,0.4862,0.8815,20.338,jog
29.6811,10226,0.788,0.6212,0.4849,0.8815,20.256,jog
29.6854,10227,0.7886,0.6202,0.487,0.8758,20.33,jog
29.6869,10228,0.7871,0.6177,0.4879,0.8893,20.359,jog
29.691,10229,0.7857,0.6152,0.4887,0.8868,20.4,jog
29.6956,10230,0.7852,0.6135,0.49,0.8813,20.428,jog
29.6999,10231,0.7853,0.6125,0.4914,0.8849,20.436,jog
29.7003,10232,0.784,0.6118,0.4903,0.8849,20.404,jog
29.7034,10233,0.7853,0.6115,0.4927,0.8677,20.439,jog
29.7045,10234,0.7839,0.6107,0.4916,0.8677,20.404,jog
29.7079,10235,0.7852,0.6104,0.494,0.8759,20.446,jog
29.709,10236,0.7832,0.6092,0.4922,0.8759,20.293,jog
29.7124,10237,0.785,0.6092,0.495,0.856,20.409,jog
29.7134,10238,0.7826,0.6078,0.4931,0.856,20.256,jog
29.7168,10239,0.7843,0.6077,0.4959,0.8628,20.368,jog
29.72,10240,0.7818,0.605,0.4951,0.8517,20.219,jog
29.725,10241,0.7826,0.6046,0.4969,0.8042,20.433,jog
29.7255,10242,0.78,0.603,0.4948,0.8042,20.329,jog
29.7289,10243,0.7807,0.6023,0.4968,0.8424,20.392,jog
29.7315,10244,0.7781,0.6007,0.4946,0.8424,20.26,jog
29.7358,10245,0.7788,0.6,0.4965,0.8029,20.261,jog
29.739,10246,0.7764,0.5973,0.4959,0.8368,20.173,jog
29.7409,10247,0.7772,0.5966,0.4981,0.8276,20.235,jog
29.7443,10248,0.7779,0.5959,0.5001,0.7883,20.248,jog
29.7461,10249,0.7747,0.5938,0.4975,0.7883,20.168,jog
29.7509,10250,0.7738,0.592,0.4983,0.8027,20.165,jog
29.7549,10251,0.7731,0.5903,0.4992,0.8042,20.125,jog
29.7583,10252,0.7728,0.5886,0.5008,0.8221,20.191,jog
29.7604,10253,0.7737,0.588,0.5028,0.8019,20.189,jog
29.762,10254,0.7714,0.5865,0.501,0.8019,20.137,jog
29.767,10255,0.7699,0.5844,0.5013,0.768,20.071,jog
29.77,10256,0.7705,0.5835,0.5031,0.727,20.022,jog
29.7713,10257,0.769,0.5826,0.5019,0.727,19.971,jog
29.7736,10258,0.7706,0.5824,0.5045,0.7663,20.003,jog
29.7756,10259,0.7684,0.581,0.5028,0.7663,19.902,jog
29.7793,10260,0.7686,0.58,0.5043,0.7612,19.902,jog
29.7812,10261,0.7671,0.5791,0.5031,0.7612,19.827,jog
29.7875,10262,0.7671,0.5768,0.5057,0.6902,19.758,jog
29.7902,10263,0.7666,0.5754,0.5066,0.7416,19.711,jog
29.793,10264,0.7676,0.575,0.5086,0.7515,19.69,jog
29.7957,10265,0.7663,0.5741,0.5075,0.7515,19.666,jog
29.7987,10266,0.7665,0.5732,0.5088,0.7105,19.567,jog
29.8006,10267,0.7644,0.5719,0.5072,0.7105,19.519,jog
29.8044,10268,0.7646,0.571,0.5085,0.6846,19.435,jog
29.8057,10269,0.7654,0.5706,0.5102,0.67,19.411,jog
29.8077,10270,0.764,0.5697,0.5091,0.67,19.388,jog
29.811,10271,0.7649,0.5693,0.5109,0.6699,19.339,jog
29.813,10272,0.7629,0.568,0.5093,0.6699,19.293,jog
29.8171,10273,0.7615,0.5661,0.5093,0.6188,19.142,jog
29.8199,10274,0.763,0.5661,0.5115,0.6612,19.167,jog
29.825,10275,0.7624,0.5648,0.5121,0.644,19.106,jog
29.8255,10276,0.7604,0.5635,0.5106,0.644,19.017,jog
29.8285,10277,0.7605,0.5625,0.5118,0.6459,18.995,jog
29.8308,10278,0.7592,0.5616,0.5108,0.6459,18.951,jog
29.8362,10279,0.7598,0.5611,0.5124,0.6292,18.935,jog
29.84,10280,0.7584,0.5581,0.5135,0.6336,18.734,jog
29.8425,10281,0.7577,0.5577,0.513,0.6336,18.712,jog
29.8461,10282,0.7564,0.5558,0.5131,0.6215,18.621,walk
29.8489,10283,0.757,0.5553,0.5146,0.5999,18.615,walk
29.8505,10284,0.7557,0.5544,0.5136,0.5999,18.55,walk
29.8534,10285,0.7557,0.5535,0.5146,0.6104,18.516,walk
29.8562,10286,0.7564,0.553,0.516,0.6032,18.481,walk
29.8581,10287,0.7544,0.5517,0.5145,0.6032,18.438,walk
29.8626,10288,0.7544,0.5508,0.5156,0.6207,18.378,walk
29.8664,10289,0.7544,0.5498,0.5166,0.6068,18.336,walk
29.8667,10290,0.7531,0.5489,0.5156,0.6068,18.273,walk
29.8696,10291,0.7537,0.5484,0.517,0.6013,18.286,walk
29.8728,10292,0.7537,0.5475,0.518,0.6078,18.274,walk
29.8745,10293,0.7517,0.5462,0.5164,0.6078,18.211,walk
29.8774,10294,0.7523,0.5458,0.5178,0.5826,18.235,walk
29.8856,10295,0.7523,0.544,0.5196,0.583,18.235,walk
29.8893,10296,0.7502,0.5418,0.5188,0.5821,18.207,walk
29.8919,10297,0.7495,0.5414,0.5183,0.5821,18.207,walk
29.8942,10298,0.748,0.5396,0.5181,0.593,18.188,walk
29.8962,10299,0.7466,0.5386,0.517,0.593,18.144,walk
29.8988,10300,0.7474,0.5384,0.5185,0.6274,18.131,walk
29.9006,10301,0.746,0.5375,0.5174,0.6274,18.108,walk
29.9043,10302,0.746,0.5366,0.5183,0.6066,18.1,walk
29.9072,10303,0.7453,0.5354,0.5184,0.586,18.189,walk
29.9092,10304,0.7439,0.5345,0.5173,0.586,18.117,walk
29.9122,10305,0.7438,0.5337,0.5181,0.5931,18.223,walk
29.9143,10306,0.7442,0.5333,0.5191,0.5343,18.363,walk
29.9167,10307,0.7442,0.5333,0.5191,0.5343,18.363,walk
29.9187,10308,0.7431,0.5318,0.519,0.5218,18.377,walk
29.9207,10309,0.7417,0.5309,0.5179,0.5218,18.3,walk
29.924,10310,0.742,0.5304,0.519,0.5365,18.372,walk
29.9268,10311,0.7412,0.5291,0.519,0.5837,18.407,walk
29.931,10312,0.7397,0.5281,0.5179,0.5837,18.38,walk
29.9359,10313,0.7414,0.5278,0.5207,0.531,18.594,walk
29.939,10314,0.7387,0.5253,0.5194,0.538,18.63,walk
29.9413,10315,0.7357,0.5234,0.517,0.538,18.483,walk
29.9439,10316,0.7361,0.523,0.5179,0.5319,18.632,walk
29.9457,10317,0.7345,0.522,0.5167,0.5319,18.541,walk
29.9496,10318,0.7348,0.5215,0.5176,0.5373,18.663,walk
29.9531,10319,0.7328,0.5197,0.5166,0.5274,18.713,walk
29.954,10320,0.7312,0.5187,0.5154,0.5274,18.682,walk
29.9571,10321,0.7306,0.5177,0.5155,0.5073,18.774,walk
29.959,10322,0.729,0.5167,0.5142,0.5073,18.712,walk
29.9626,10323,0.73,0.5167,0.5157,0.5222,18.936,walk
29.9633,10324,0.7276,0.5153,0.5137,0.5222,18.811,walk
29.9667,10325,0.727,0.5144,0.5138,0.5245,18.953,walk
29.9695,10326,0.7272,0.5139,0.5146,0.5301,19.072,walk
29.9715,10327,0.7248,0.5124,0.5126,0.5301,19.01,walk
29.9742,10328,0.725,0.512,0.5133,0.5328,19.129,walk
29.9772,10329,0.7245,0.5111,0.5134,0.5441,19.292,walk
29.9794,10330,0.7219,0.5096,0.5113,0.5441,19.169,walk
29.9828,10331,0.7231,0.5097,0.5128,0.5466,19.347,walk
29.9875,10332,0.7225,0.5088,0.5129,0.5512,19.513,walk
29.991,10333,0.7185,0.506,0.5101,0.5483,19.481,walk
29.9934,10334,0.718,0.5052,0.5102,0.5382,19.616,walk
29.9962,10335,0.7172,0.5047,0.5095,0.5382,19.584,walk
30.0022,10336,0.7184,0.5042,0.5117,0.5682,19.868,walk
30.0045,10337,0.7145,0.5018,0.5086,0.5682,19.669,walk
30.0081,10338,0.7146,0.5012,0.5093,0.5631,19.804,walk
30.0111,10339,0.7147,0.5007,0.51,0.5795,19.966,walk
30.0129,10340,0.7133,0.4998,0.5089,0.5795,19.907,walk
30.0157,10341,0.7138,0.4995,0.5099,0.5353,20.048,walk
30.02,10342,0.7136,0.4988,0.5104,0.5728,20.156,walk
30.0203,10343,0.7113,0.4974,0.5085,0.5728,20.1,walk
30.0243,10344,0.7118,0.497,0.5095,0.568,20.226,walk
30.0252,10345,0.7094,0.4956,0.5075,0.568,20.168,walk
30.0279,10346,0.7106,0.4957,0.5091,0.5571,20.297,walk
30.0311,10347,0.7074,0.4937,0.5066,0.5571,20.215,walk
30.0351,10348,0.7075,0.4924,0.508,0.5697,20.39,walk
30.0377,10349,0.7059,0.4914,0.5068,0.5697,20.367,walk
30.0406,10350,0.7065,0.4911,0.5079,0.5473,20.43,walk
30.0456,10351,0.7056,0.4899,0.5079,0.5644,20.434,walk
30.0462,10352,0.7035,0.4886,0.5062,0.5644,20.383,walk
30.0494,10353,0.7048,0.4887,0.5078,0.5586,20.489,walk
30.0522,10354,0.7039,0.4875,0.5077,0.5729,20.488,walk
30.0543,10355,0.7016,0.4862,0.5058,0.5729,20.377,walk
30.0577,10356,0.7022,0.4859,0.5069,0.5866,20.435,walk
30.0587,10357,0.7007,0.4851,0.5056,0.5866,20.35,walk
30.0616,10358,0.702,0.4853,0.5073,0.5802,20.413,walk
30.0635,10359,0.699,0.4836,0.5048,0.5802,20.297,walk
30.0672,10360,0.6989,0.4829,0.5053,0.5864,20.337,walk
30.0702,10361,0.6988,0.4822,0.5058,0.5894,20.285,walk
30.0726,10362,0.6987,0.4816,0.5062,0.5754,20.266,walk
30.0742,10363,0.6973,0.4808,0.505,0.5754,20.206,walk
30.0791,10364,0.698,0.4806,0.5062,0.6088,20.247,walk
30.0818,10365,0.6974,0.4797,0.5062,0.6037,20.194,walk
30.0833,10366,0.6952,0.4785,0.5043,0.6037,20.07,walk
30.0885,10367,0.6953,0.4779,0.505,0.6179,20.04,walk
30.0896,10368,0.6954,0.4774,0.5057,0.6212,20.06,walk
30.0921,10369,0.6933,0.4762,0.5038,0.6212,19.935,walk
30.0948,10370,0.6942,0.4761,0.5051,0.6265,19.931,walk
30.0998,10371,0.6944,0.4757,0.5058,0.631,19.911,walk
30.1004,10372,0.6923,0.4745,0.504,0.631,19.848,walk
30.1034,10373,0.6931,0.4745,0.5053,0.6235,19.829,walk
30.1049,10374,0.691,0.4733,0.5035,0.6235,19.765,walk
30.1075,10375,0.692,0.4733,0.5049,0.6364,19.785,walk
30.112,10376,0.6925,0.473,0.5058,0.6966,19.718,walk
30.1174,10377,0.6921,0.4723,0.5059,0.6322,19.657,walk
30.1182,10378,0.6923,0.4719,0.5066,0.6335,19.642,walk
30.1203,10379,0.6902,0.4707,0.5048,0.6335,19.51,walk
30.1223,10380,0.6913,0.4708,0.5062,0.6587,19.547,walk
30.1244,10381,0.6899,0.47,0.5051,0.6587,19.481,walk
30.1272,10382,0.6909,0.47,0.5064,0.6509,19.459,walk
30.1305,10383,0.6888,0.4689,0.5047,0.6509,19.392,walk
30.135,10384,0.6892,0.4685,0.5056,0.6737,19.337,walk
30.1361,10385,0.6889,0.4678,0.5058,0.6576,19.23,walk
30.1391,10386,0.6907,0.4682,0.5078,0.6663,19.299,walk
30.1417,10387,0.6893,0.4674,0.5066,0.6663,19.231,walk
30.1465,10388,0.689,0.4666,0.5069,0.6677,19.177,walk
30.1489,10389,0.6879,0.4654,0.5066,0.6616,19.076,walk
30.1522,10390,0.689,0.4654,0.5081,0.687,19.099,walk
30.1538,10391,0.6869,0.4641,0.5064,0.687,18.959,walk
30.1573,10392,0.688,0.4641,0.5079,0.6954,19.03,walk
30.1582,10393,0.6859,0.4629,0.5061,0.6954,18.89,walk
30.1615,10394,0.687,0.4629,0.5076,0.6827,18.954,walk
30.1635,10395,0.6848,0.4616,0.5059,0.6827,18.814,walk
30.1682,10396,0.6878,0.4624,0.5092,0.6447,18.879,walk
30.1704,10397,0.6856,0.4611,0.5074,0.6447,18.774,walk
30.1732,10398,0.686,0.4603,0.5087,0.756,18.948,walk
30.1757,10399,0.6838,0.459,0.5069,0.756,18.879,walk
30.1784,10400,0.6844,0.4586,0.5079,0.7327,18.949,walk
30.1807,10401,0.6829,0.4577,0.5067,0.7327,18.915,walk
30.1861,10402,0.6877,0.4593,0.5118,0.7051,19.189,walk
30.1879,10403,0.6839,0.457,0.5088,0.7051,19.02,walk
30.1908,10404,0.6843,0.4565,0.5098,0.7083,19.118,walk
30.1941,10405,0.6848,0.456,0.5109,0.737,19.191,walk
30.1966,10406,0.6824,0.4546,0.509,0.737,19.126,walk
30.199,10407,0.6827,0.454,0.5099,0.6957,19.102,walk
30.2012,10408,0.6804,0.4526,0.5081,0.6957,19.038,walk
30.2048,10409,0.6823,0.4529,0.5103,0.7178,19.129,walk
30.2068,10410,0.6826,0.4524,0.5112,0.712,19.255,walk
30.2084,10411,0.6802,0.4509,0.5093,0.712,19.128,walk
30.2112,10412,0.6813,0.4508,0.5109,0.7146,19.276,walk
30.2133,10413,0.6789,0.4492,0.509,0.7146,19.151,walk
30.2183,10414,0.681,0.4489,0.5121,0.7113,19.403,walk
30.2223,10415,0.6797,0.4473,0.5117,0.7388,19.443,walk
30.2243,10416,0.678,0.4462,0.5105,0.7388,19.382,walk
30.2268,10417,0.6791,0.4461,0.512,0.7256,19.53,walk
30.2301,10418,0.6765,0.4444,0.51,0.7256,19.41,walk
30.2332,10419,0.6776,0.4443,0.5116,0.7271,19.559,walk
30.2361,10420,0.6769,0.443,0.5118,0.7337,19.614,walk
30.2393,10421,0.678,0.4429,0.5134,0.7418,19.765,walk
30.242,10422,0.6754,0.4412,0.5114,0.7418,19.646,walk
30.2428,10423,0.6736,0.44,0.51,0.7418,19.616,walk
30.2471,10424,0.6747,0.4398,0.5116,0.7594,19.696,walk
30.2493,10425,0.673,0.4379,0.5111,0.7342,19.742,walk
30.2528,10426,0.6751,0.4384,0.5134,0.767,19.937,walk
30.2552,10427,0.6705,0.4352,0.51,0.767,19.756,walk
30.2577,10428,0.6715,0.4351,0.5115,0.7536,19.928,walk
30.2608,10429,0.6726,0.4349,0.5131,0.7486,20.012,walk
30.2627,10430,0.6698,0.433,0.511,0.7486,19.952,walk
30.2665,10431,0.6699,0.4322,0.5119,0.7696,20.042,walk
30.2676,10432,0.668,0.4308,0.5105,0.7696,20.012,walk
30.2708,10433,0.6692,0.4307,0.5121,0.7802,20.101,walk
30.2736,10434,0.6693,0.4299,0.513,0.7782,20.241,walk
30.2752,10435,0.6664,0.4278,0.5109,0.7782,20.118,walk
30.2785,10436,0.6675,0.4277,0.5125,0.779,20.303,walk
30.2806,10437,0.6645,0.4256,0.5104,0.779,20.18,walk
30.2885,10438,0.6658,0.4245,0.5129,0.7872,20.428,walk
30.2906,10439,0.6652,0.4232,0.5132,0.787,20.495,walk
30.2926,10440,0.663,0.4218,0.5115,0.787,20.431,walk
30.2956,10441,0.665,0.4222,0.5137,0.8408,20.543,walk
30.3,10442,0.6659,0.4223,0.5149,0.7319,20.609,walk
30.3006,10443,0.664,0.4211,0.5134,0.7319,20.499,walk
30.3046,10444,0.6657,0.4216,0.5152,0.7663,20.579,walk
30.3051,10445,0.6636,0.4203,0.5135,0.7663,20.463,walk
30.3083,10446,0.6661,0.4212,0.5159,0.7943,20.652,walk
30.3126,10447,0.6648,0.4198,0.5155,0.8168,20.557,walk
30.3157,10448,0.6664,0.4202,0.5173,0.8,20.734,walk
30.3187,10449,0.6671,0.42,0.5183,0.8007,20.767,walk
30.3211,10450,0.6636,0.4177,0.5157,0.8007,20.612,walk
30.3246,10451,0.667,0.4192,0.5189,0.8363,20.824,walk
30.3292,10452,0.6659,0.4177,0.5186,0.8044,20.85,walk
30.3299,10453,0.6633,0.416,0.5166,0.8044,20.777,walk
30.3351,10454,0.6672,0.417,0.5208,0.8103,21.011,walk
30.3364,10455,0.6638,0.4148,0.5182,0.8103,20.874,walk
30.3391,10456,0.6654,0.4151,0.5201,0.8164,20.961,walk
30.3416,10457,0.6637,0.4139,0.5188,0.8164,20.87,walk
30.3461,10458,0.6645,0.4137,0.52,0.8138,20.976,walk
30.347,10459,0.6645,0.4137,0.52,0.8138,20.976,walk
30.3505,10460,0.6629,0.4117,0.5195,0.8367,20.924,walk
30.3538,10461,0.6645,0.412,0.5214,0.8186,21.0,walk
30.3542,10462,0.6621,0.4103,0.5196,0.8186,20.943,walk
30.3582,10463,0.6637,0.4105,0.5215,0.8088,20.945,walk
30.3589,10464,0.6613,0.4088,0.5197,0.8088,20.889,walk
30.3625,10465,0.6637,0.4096,0.5222,0.8098,20.9,walk
30.3633,10466,0.6613,0.4079,0.5205,0.8098,20.845,walk
30.3669,10467,0.6637,0.4088,0.5229,0.7928,20.889,walk
30.3688,10468,0.6645,0.4084,0.5242,0.7998,20.852,walk
30.3704,10469,0.6622,0.4068,0.5225,0.7998,20.798,walk
30.3732,10470,0.6639,0.407,0.5245,0.8109,20.781,walk
30.3752,10471,0.6615,0.4053,0.5228,0.8109,20.727,walk
30.3776,10472,0.6633,0.4056,0.5248,0.8108,20.712,walk
30.3845,10473,0.6651,0.4052,0.5275,0.8102,20.612,walk
30.3869,10474,0.6636,0.404,0.5264,0.8102,20.585,walk
30.389,10475,0.6613,0.4024,0.5248,0.8102,20.48,walk
30.3942,10476,0.6641,0.4025,0.5282,0.814,20.327,walk
30.3976,10477,0.6654,0.4024,0.5299,0.8793,20.181,walk
30.4005,10478,0.6624,0.4002,0.5279,0.8793,20.051,walk
30.4042,10479,0.6642,0.4006,0.5298,0.8046,20.023,walk
30.4061,10480,0.6644,0.3998,0.5307,0.8006,19.889,walk
30.4083,10481,0.6629,0.3987,0.5297,0.8006,19.863,walk
30.4108,10482,0.6645,0.3989,0.5315,0.7803,19.783,walk
30.4127,10483,0.6631,0.3978,0.5305,0.7803,19.732,walk
30.4149,10484,0.6647,0.398,0.5324,0.7857,19.69,walk
30.4169,10485,0.6625,0.3963,0.531,0.7857,19.588,walk
30.4198,10486,0.6642,0.3966,0.5328,0.7722,19.565,walk
30.4218,10487,0.6627,0.3955,0.5318,0.7722,19.489,walk
30.4249,10488,0.6629,0.3946,0.5327,0.7788,19.406,walk
30.4271,10489,0.6652,0.3954,0.5349,0.7599,19.387,walk
30.4297,10490,0.6631,0.3938,0.5335,0.7599,19.285,walk
30.4338,10491,0.6646,0.394,0.5353,0.7515,19.265,walk
30.4371,10492,0.6633,0.392,0.5351,0.7553,19.145,walk
30.4407,10493,0.6656,0.3927,0.5374,0.7444,19.117,walk
30.4436,10494,0.6657,0.3917,0.5382,0.7501,19.129,walk
30.4462,10495,0.6628,0.3895,0.5363,0.7501,19.027,walk
30.4499,10496,0.6643,0.3899,0.5379,0.7239,18.966,walk
30.4505,10497,0.6629,0.3887,0.537,0.7239,18.916,walk
30.4543,10498,0.6644,0.3891,0.5386,0.7205,18.935,walk
30.4548,10499,0.663,0.3879,0.5377,0.7205,18.86,walk
30.4577,10500,0.6637,0.3877,0.5387,0.6985,18.917,walk
30.4608,10501,0.6652,0.3878,0.5405,0.7296,18.858,walk
30.4626,10502,0.6631,0.3861,0.5391,0.7296,18.785,walk
30.4666,10503,0.6644,0.3865,0.5404,0.6778,18.842,walk
30.4673,10504,0.6623,0.3848,0.539,0.6778,18.746,walk
30.4707,10505,0.6637,0.3849,0.5406,0.704,18.757,walk
30.4737,10506,0.6642,0.3845,0.5416,0.666,18.754,walk
30.4755,10507,0.6621,0.3828,0.5402,0.666,18.707,walk
30.4787,10508,0.6625,0.3824,0.541,0.6369,18.741,walk
30.4807,10509,0.6611,0.3813,0.54,0.6369,18.718,walk
30.4859,10510,0.6643,0.382,0.5435,0.6379,18.742,walk
30.4899,10511,0.6627,0.3799,0.543,0.6667,18.697,walk
30.494,10512,0.6624,0.3785,0.5436,0.6554,18.749,walk
30.4992,10513,0.6635,0.3787,0.5448,0.6259,18.817,walk
30.5022,10514,0.6617,0.3765,0.5442,0.6162,18.752,walk
30.5069,10515,0.6613,0.3754,0.5444,0.6039,18.77,walk
30.5084,10516,0.6591,0.3737,0.543,0.6039,18.67,walk
30.5118,10517,0.6608,0.3743,0.5446,0.5868,18.777,walk
30.5146,10518,0.6603,0.3732,0.5448,0.587,18.766,walk
30.5176,10519,0.6589,0.3721,0.5438,0.587,18.74,walk
30.5187,10520,0.6591,0.3715,0.5444,0.5734,18.742,walk
30.521,10521,0.6576,0.3704,0.5434,0.5734,18.715,walk
30.5234,10522,0.6585,0.3704,0.5444,0.5639,18.756,walk
30.5255,10523,0.6563,0.3687,0.5429,0.5639,18.644,walk
30.5276,10524,0.6572,0.3687,0.544,0.576,18.702,walk
30.5298,10525,0.6557,0.3675,0.543,0.576,18.616,walk
30.5356,10526,0.6564,0.3675,0.544,0.54,18.676,walk
30.5378,10527,0.6542,0.365,0.5428,0.5334,18.63,walk
30.5405,10528,0.6541,0.3643,0.5432,0.5308,18.608,walk
30.5437,10529,0.6555,0.3648,0.5447,0.5351,18.707,walk
30.5471,10530,0.6517,0.3619,0.542,0.5351,18.585,walk
30.5511,10531,0.6531,0.3623,0.5433,0.5072,18.669,walk
30.5544,10532,0.6505,0.3598,0.542,0.5152,18.613,walk
30.5583,10533,0.6495,0.3584,0.5416,0.498,18.624,walk
30.5591,10534,0.6479,0.3573,0.5405,0.498,18.534,walk
30.5629,10535,0.6476,0.3564,0.5407,0.4962,18.618,walk
30.5664,10536,0.6471,0.3556,0.5407,0.467,18.678,walk
30.5688,10537,0.6469,0.3551,0.5408,0.5212,18.691,walk
30.5704,10538,0.6453,0.354,0.5396,0.5212,18.662,walk
30.573,10539,0.6457,0.3538,0.5402,0.4669,18.691,walk
30.5746,10540,0.6441,0.3526,0.539,0.4669,18.634,walk
30.5781,10541,0.6445,0.3523,0.5397,0.4851,18.73,walk
30.5791,10542,0.6421,0.3507,0.5379,0.4851,18.616,walk
30.5841,10543,0.6424,0.3502,0.5385,0.466,18.748,walk
30.5859,10544,0.6411,0.3488,0.5379,0.4638,18.728,walk
30.5879,10545,0.6395,0.3477,0.5366,0.4638,18.701,walk
30.5916,10546,0.6396,0.3472,0.5372,0.4341,18.718,walk
30.5949,10547,0.6383,0.3458,0.5365,0.4708,18.804,walk
30.5977,10548,0.6371,0.3445,0.5359,0.4255,18.834,walk
30.6002,10549,0.6364,0.344,0.5354,0.4255,18.773,walk
30.6043,10550,0.6355,0.343,0.535,0.4445,18.846,walk
30.6048,10551,0.6341,0.3422,0.5338,0.4445,18.794,walk
30.6079,10552,0.6352,0.3423,0.5351,0.447,18.933,walk
30.6111,10553,0.6342,0.3413,0.5345,0.4423,19.006,walk
30.6169,10554,0.6322,0.3397,0.5332,0.4385,19.061,walk
30.618,10555,0.6315,0.3389,0.5329,0.4287,19.147,walk
30.6202,10556,0.6291,0.3374,0.5309,0.4287,19.11,walk
30.6248,10557,0.63,0.3375,0.532,0.4264,19.198,walk
30.6277,10558,0.6275,0.3356,0.5303,0.4124,19.259,walk
30.6291,10559,0.6259,0.3346,0.5289,0.4124,19.245,walk
30.634,10560,0.6251,0.3336,0.5286,0.4181,19.296,walk
30.636,10561,0.6242,0.3326,0.5283,0.405,19.356,walk
30.6373,10562,0.6219,0.3311,0.5264,0.405,19.287,walk
30.6417,10563,0.6213,0.3303,0.5262,0.3982,19.365,walk
30.6459,10564,0.6215,0.3299,0.5267,0.4138,19.446,walk
30.65,10565,0.6188,0.3278,0.5248,0.3799,19.434,walk
30.6505,10566,0.6173,0.3269,0.5236,0.3799,19.362,walk
30.6541,10567,0.6181,0.327,0.5245,0.3785,19.449,walk
30.6566,10568,0.6159,0.3253,0.523,0.3657,19.423,walk
30.6584,10569,0.6145,0.3244,0.5218,0.3657,19.371,walk
30.6623,10570,0.6144,0.324,0.522,0.3559,19.443,walk
30.664,10571,0.614,0.3231,0.5221,0.4708,19.274,walk
30.6669,10572,0.6119,0.3219,0.5204,0.4708,19.219,walk
30.67,10573,0.6104,0.3206,0.5194,0.3433,19.161,walk
30.6728,10574,0.611,0.3206,0.5202,0.3547,19.188,walk
30.6744,10575,0.6089,0.3194,0.5184,0.3547,19.074,walk
30.679,10576,0.6082,0.3186,0.518,0.362,19.099,walk
30.6813,10577,0.6068,0.3174,0.5171,0.3549,19.054,walk
30.6845,10578,0.6046,0.3163,0.5153,0.3549,18.938,walk
30.6875,10579,0.6047,0.3159,0.5156,0.3609,18.968,walk
30.6905,10580,0.6039,0.3151,0.5152,0.3469,18.903,walk
30.6926,10581,0.6018,0.3139,0.5135,0.3469,18.844,walk
30.6963,10582,0.6018,0.3136,0.5137,0.3558,18.826,walk
30.6969,10583,0.6005,0.3128,0.5125,0.3558,18.796,walk
30.7007,10584,0.599,0.3117,0.5116,0.3422,18.691,walk
30.7036,10585,0.5997,0.3117,0.5123,0.3413,18.724,walk
30.7048,10586,0.5976,0.3105,0.5106,0.3413,18.603,walk
30.7081,10587,0.5962,0.3094,0.5097,0.3481,18.568,walk
30.7107,10588,0.5961,0.3089,0.5098,0.3216,18.519,walk
30.7123,10589,0.5947,0.3081,0.5087,0.3216,18.488,walk
30.7149,10590,0.5946,0.3077,0.5089,0.3357,18.472,walk
30.7172,10591,0.5926,0.3066,0.5071,0.3357,18.409,walk
30.7207,10592,0.5932,0.3063,0.5079,0.3376,18.401,walk
30.7247,10593,0.5917,0.3051,0.5069,0.3265,18.324,walk
30.7251,10594,0.5896,0.304,0.5052,0.3265,18.193,walk
30.7289,10595,0.5895,0.3034,0.5054,0.3321,18.217,walk
30.7296,10596,0.5881,0.3027,0.5042,0.3321,18.118,walk
30.7339,10597,0.5867,0.3015,0.5032,0.3399,18.029,walk
30.7371,10598,0.5848,0.3002,0.5018,0.2347,17.812,walk
30.7399,10599,0.5853,0.3001,0.5026,0.3275,17.816,walk
30.7422,10600,0.5832,0.299,0.5008,0.3275,17.713,walk
30.7476,10601,0.5831,0.2985,0.5008,0.3059,17.672,walk
30.7535,10602,0.5798,0.296,0.4985,0.3195,17.397,walk
30.7564,10603,0.5789,0.295,0.4981,0.3264,17.31,walk
30.7588,10604,0.5775,0.2942,0.4969,0.3264,17.24,walk
30.761,10605,0.5758,0.2928,0.4958,0.3042,17.119,walk
30.7629,10606,0.5743,0.292,0.4946,0.3042,17.049,walk
30.7661,10607,0.5728,0.2907,0.4935,0.3367,16.905,walk
30.7691,10608,0.5736,0.2907,0.4945,0.3951,17.007,walk
30.7711,10609,0.5707,0.2891,0.4921,0.3951,16.868,walk
30.774,10610,0.5707,0.2883,0.4925,0.3955,16.967,walk
30.7771,10611,0.5698,0.2873,0.4921,0.3488,16.916,walk
30.78,10612,0.5676,0.286,0.4902,0.3488,16.848,walk
30.7839,10613,0.5657,0.2844,0.489,0.3202,16.768,walk
30.7875,10614,0.5662,0.2841,0.4898,0.3293,16.848,walk
30.7916,10615,0.5636,0.282,0.4879,0.3156,16.746,walk
30.7921,10616,0.5612,0.2807,0.486,0.3156,16.62,walk
30.7962,10617,0.5608,0.2798,0.4859,0.2992,16.649,walk
30.797,10618,0.5592,0.279,0.4846,0.2992,16.619,walk
30.799,10619,0.5588,0.2781,0.4847,0.3194,16.617,walk
30.8023,10620,0.5576,0.2767,0.484,0.3221,16.64,walk
30.8049,10621,0.5552,0.2754,0.482,0.3221,16.525,walk
30.8083,10622,0.5539,0.274,0.4814,0.3461,16.534,walk
30.8107,10623,0.5535,0.2731,0.4815,0.345,16.559,walk
30.8127,10624,0.5511,0.2717,0.4795,0.345,16.504,walk
30.8168,10625,0.5507,0.2708,0.4795,0.3398,16.535,walk
30.8174,10626,0.5482,0.2694,0.4774,0.3398,16.482,walk
30.8202,10627,0.5468,0.2681,0.4766,0.3113,16.506,walk
30.8248,10628,0.5447,0.2664,0.4751,0.3094,16.5,walk
30.8276,10629,0.5442,0.2656,0.475,0.3298,16.53,walk
30.8294,10630,0.5416,0.2641,0.4728,0.3298,16.455,walk
30.8321,10631,0.541,0.2632,0.4726,0.3013,16.503,walk
30.8341,10632,0.5383,0.2617,0.4704,0.3013,16.454,walk
30.8373,10633,0.5379,0.2608,0.4704,0.3562,16.469,walk
30.842,10634,0.5356,0.2588,0.4689,0.3429,16.473,walk
30.8441,10635,0.5332,0.2568,0.4673,0.3714,16.52,walk
30.8478,10636,0.5318,0.2552,0.4666,0.3627,16.588,walk
30.8499,10637,0.5309,0.2547,0.4658,0.3627,16.588,walk
30.8524,10638,0.5293,0.2531,0.4649,0.3344,16.592,walk
30.8539,10639,0.5265,0.2515,0.4625,0.3344,16.543,walk
30.8565,10640,0.5259,0.2505,0.4624,0.3394,16.591,walk
30.8585,10641,0.524,0.2494,0.4608,0.3394,16.567,walk
30.8622,10642,0.5214,0.2473,0.4591,0.3349,16.569,walk
30.8642,10643,0.5195,0.2462,0.4575,0.3349,16.544,walk
30.8682,10644,0.521,0.2458,0.4593,0.3111,16.703,walk
30.8693,10645,0.518,0.2441,0.4569,0.3111,16.654,walk
30.8707,10646,0.5171,0.2436,0.4561,0.3111,16.629,walk
30.8742,10647,0.5153,0.2418,0.455,0.321,16.644,walk
30.8788,10648,0.5136,0.2402,0.454,0.3343,16.694,walk
30.8791,10649,0.5096,0.2378,0.4507,0.3343,16.598,walk
30.8818,10650,0.5088,0.2366,0.4505,0.3522,16.687,walk
30.8839,10651,0.5068,0.2354,0.4488,0.3522,16.639,walk
30.8873,10652,0.5051,0.2337,0.4478,0.3426,16.676,walk
30.8908,10653,0.504,0.2323,0.4473,0.3849,16.809,walk
30.8931,10654,0.5019,0.2311,0.4455,0.3849,16.7,walk
30.8979,10655,0.503,0.2304,0.4472,0.3522,16.944,walk
30.9004,10656,0.4984,0.2279,0.4433,0.3522,16.732,walk
30.9057,10657,0.4979,0.2262,0.4435,0.3477,16.853,walk
30.9078,10658,0.4955,0.225,0.4415,0.3477,16.754,walk
30.9109,10659,0.4952,0.2241,0.4416,0.3662,16.863,walk
30.9128,10660,0.4927,0.2229,0.4394,0.3662,16.73,walk
30.9171,10661,0.4913,0.2216,0.4385,0.3253,16.685,walk
30.9205,10662,0.4883,0.2195,0.4362,0.3605,16.629,walk
30.9245,10663,0.4879,0.2186,0.4362,0.3728,16.699,walk
30.9254,10664,0.4852,0.2173,0.4339,0.3728,16.612,walk
30.9292,10665,0.4858,0.217,0.4347,0.3876,16.687,walk
30.9317,10666,0.4828,0.2147,0.4325,0.3984,16.711,walk
30.9335,10667,0.482,0.2142,0.4317,0.3984,16.711,walk
30.9356,10668,0.4809,0.2129,0.4312,0.42,16.748,walk
30.9376,10669,0.4793,0.2121,0.4298,0.42,16.725,walk
30.9405,10670,0.4795,0.2116,0.4303,0.4878,16.894,walk
30.9434,10671,0.4786,0.2104,0.4299,0.4024,16.989,walk
30.9461,10672,0.4753,0.2085,0.4271,0.4024,16.91,walk
30.9481,10673,0.4752,0.2077,0.4274,0.4196,16.998,walk
30.9503,10674,0.4744,0.2072,0.4267,0.4196,16.96,walk
30.9535,10675,0.4735,0.2058,0.4264,0.4422,17.083,walk
30.9545,10676,0.4718,0.2048,0.425,0.4422,17.027,walk
30.9579,10677,0.47,0.2031,0.4239,0.3786,17.073,walk
30.9612,10678,0.4708,0.2025,0.425,0.4543,17.221,walk
30.9631,10679,0.4676,0.2006,0.4223,0.4543,17.148,walk
30.9664,10680,0.4684,0.2,0.4236,0.4718,17.313,walk
30.9701,10681,0.4676,0.1984,0.4235,0.4612,17.397,walk
30.9706,10682,0.4653,0.1969,0.4215,0.4612,17.361,walk
30.9739,10683,0.4645,0.1954,0.4214,0.4515,17.415,walk
30.975,10684,0.4629,0.1944,0.4201,0.4515,17.397,walk
30.9791,10685,0.4632,0.1945,0.4204,0.3215,17.109,walk
30.9799,10686,0.4609,0.1931,0.4185,0.3215,17.055,walk
30.9821,10687,0.4609,0.1921,0.419,0.4385,17.091,walk
30.9842,10688,0.4586,0.1907,0.4171,0.4385,17.054,walk
30.9881,10689,0.4586,0.1898,0.4175,0.3987,17.101,walk
30.9916,10690,0.4579,0.1881,0.4174,0.4474,17.12,walk
30.9922,10691,0.4556,0.1867,0.4156,0.4474,17.045,walk
30.996,10692,0.4564,0.1862,0.4166,0.4119,17.071,walk
30.998,10693,0.4534,0.1843,0.4142,0.4119,16.996,walk
31.0019,10694,0.452,0.1822,0.4137,0.4629,17.053,walk
31.0066,10695,0.4537,0.1807,0.4162,0.4667,17.234,walk
31.0084,10696,0.4501,0.1784,0.4132,0.4667,17.137,walk
31.0124,10697,0.4487,0.1762,0.4127,0.4559,17.195,walk
31.0167,10698,0.4497,0.1755,0.414,0.4602,17.268,walk
31.0172,10699,0.4468,0.1736,0.4117,0.4602,17.186,walk
31.0198,10700,0.4476,0.173,0.4128,0.4279,17.211,walk
31.024,10701,0.4472,0.171,0.4131,0.5276,17.329,walk
31.0249,10702,0.445,0.1696,0.4114,0.5276,17.243,walk
31.0281,10703,0.4452,0.1683,0.4122,0.4729,17.333,walk
31.031,10704,0.4441,0.1661,0.4119,0.4869,17.359,walk
31.0333,10705,0.4434,0.1657,0.4113,0.4869,17.359,walk
31.0343,10706,0.4413,0.1643,0.4096,0.4869,17.267,walk
31.0376,10707,0.4411,0.1628,0.41,0.5446,17.496,walk
31.0417,10708,0.4413,0.1616,0.4107,0.4489,17.56,walk
31.0425,10709,0.4393,0.1602,0.409,0.4489,17.512,walk
31.0448,10710,0.4403,0.1592,0.4105,0.5135,17.595,walk
31.0489,10711,0.4392,0.1569,0.4102,0.498,17.638,walk
31.0515,10712,0.4396,0.1556,0.4112,0.502,17.694,walk
31.0537,10713,0.4369,0.1537,0.409,0.502,17.621,walk
31.0574,10714,0.4365,0.1519,0.4093,0.485,17.644,walk
31.0583,10715,0.4352,0.151,0.4082,0.485,17.619,walk
31.062,10716,0.4362,0.1501,0.4095,0.4805,17.711,walk
31.0663,10717,0.4346,0.1474,0.4089,0.5203,17.697,walk
31.0689,10718,0.4338,0.1449,0.4088,0.5555,17.784,walk
31.0705,10719,0.4324,0.144,0.4077,0.5555,17.711,walk
31.0743,10720,0.4329,0.1425,0.4087,0.5291,17.802,walk
31.0769,10721,0.432,0.1402,0.4087,0.5307,17.893,walk
31.0786,10722,0.4307,0.1393,0.4076,0.5307,17.844,walk
31.083,10723,0.4299,0.1369,0.4075,0.5383,17.857,walk
31.086,10724,0.4305,0.1357,0.4086,0.5247,17.963,walk
31.0882,10725,0.4292,0.1348,0.4075,0.5247,17.939,walk
31.0915,10726,0.4289,0.133,0.4078,0.4807,17.909,walk
31.095,10727,0.4283,0.1302,0.408,0.6381,18.098,walk
31.1018,10728,0.4291,0.1268,0.4099,0.6038,18.27,walk
31.1033,10729,0.4264,0.125,0.4077,0.6038,18.166,walk
31.1058,10730,0.4265,0.123,0.4084,0.6047,18.326,walk
31.1096,10731,0.4266,0.1211,0.409,0.5742,18.325,walk
31.1122,10732,0.4246,0.1198,0.4074,0.5742,18.271,walk
31.1155,10733,0.4243,0.1179,0.4076,0.4907,18.143,walk
31.1173,10734,0.4224,0.1166,0.406,0.4907,18.087,walk
31.1201,10735,0.4228,0.1151,0.4068,0.5156,17.984,walk
31.1248,10736,0.4214,0.1121,0.4062,0.5813,17.868,walk
31.1289,10737,0.4219,0.1104,0.4072,0.5636,17.854,walk
31.1293,10738,0.4199,0.1091,0.4055,0.5636,17.734,walk
31.1324,10739,0.4199,0.1069,0.406,0.5872,17.697,walk
31.1369,10740,0.4206,0.1048,0.4073,0.6561,17.72,walk
31.1375,10741,0.4186,0.1035,0.4056,0.6561,17.658,walk
31.1422,10742,0.4174,0.1001,0.4052,0.6799,17.609,walk
31.1451,10743,0.4186,0.0972,0.4071,0.8985,17.963,walk
31.1489,10744,0.4186,0.0946,0.4078,0.6838,18.086,walk
31.1507,10745,0.4166,0.0933,0.406,0.6838,17.961,walk
31.1532,10746,0.417,0.0905,0.4071,0.7934,18.15,walk
31.1553,10747,0.4156,0.0897,0.4059,0.7934,18.058,walk
31.1588,10748,0.4155,0.0878,0.4061,0.5332,17.891,walk
31.1623,10749,0.4164,0.0853,0.4076,0.756,18.051,walk
31.1645,10750,0.4165,0.0829,0.4082,0.6602,18.089,walk
31.1659,10751,0.4159,0.0825,0.4076,0.6602,18.029,walk
31.1695,10752,0.4159,0.0801,0.4081,0.6515,17.992,walk
31.1699,10753,0.4139,0.079,0.4063,0.6515,17.905,walk
31.1741,10754,0.4146,0.0771,0.4074,0.6395,17.949,walk
31.1747,10755,0.4133,0.0763,0.4062,0.6395,17.921,walk
31.1775,10756,0.4141,0.0743,0.4074,0.6584,17.953,walk
31.1804,10757,0.4114,0.0729,0.4049,0.6584,17.87,walk
31.1836,10758,0.4129,0.0711,0.4067,0.6831,17.967,walk
31.185,10759,0.413,0.0687,0.4073,0.663,18.041,walk
31.1878,10760,0.411,0.0677,0.4054,0.663,17.926,walk
31.1921,10761,0.4112,0.0656,0.4059,0.6441,17.989,walk
31.1949,10762,0.4104,0.0631,0.4055,0.6765,18.056,walk
31.2042,10763,0.4098,0.0593,0.4055,0.6627,18.16,walk
31.2066,10764,0.4083,0.0566,0.4043,0.7496,17.915,walk
31.2087,10765,0.4063,0.056,0.4024,0.7496,17.877,walk
31.2109,10766,0.407,0.054,0.4034,0.6379,17.877,walk
31.2129,10767,0.4058,0.0535,0.4023,0.6379,17.862,walk
31.2154,10768,0.4066,0.0512,0.4034,0.6776,17.906,walk
31.2174,10769,0.405,0.0503,0.4018,0.6776,17.897,walk
31.2203,10770,0.4058,0.048,0.403,0.6825,17.924,walk
31.2248,10771,0.4062,0.0453,0.4037,0.6971,17.95,walk
31.2254,10772,0.4046,0.0444,0.4022,0.6971,17.948,walk
31.2292,10773,0.4059,0.0424,0.4037,0.7016,18.158,walk
31.23,10774,0.4044,0.0414,0.4022,0.7016,18.156,walk
31.2333,10775,0.4059,0.0394,0.404,0.681,18.221,walk
31.2361,10776,0.4066,0.0368,0.4049,0.7044,18.328,walk
31.238,10777,0.4051,0.0358,0.4035,0.7044,18.325,walk
31.2411,10778,0.4052,0.0331,0.4039,0.6606,18.405,walk
31.2464,10779,0.4059,0.0306,0.4047,0.6653,18.518,walk
31.247,10780,0.4049,0.03,0.4038,0.6653,18.51,walk
31.2499,10781,0.4057,0.0275,0.4048,0.6905,18.666,walk
31.2543,10782,0.4071,0.0252,0.4063,0.7096,18.832,walk
31.2549,10783,0.4057,0.0244,0.4049,0.7096,18.82,walk
31.2579,10784,0.4065,0.0218,0.4059,0.6745,18.978,walk
31.2605,10785,0.4078,0.0199,0.4073,0.6577,19.114,walk
31.2624,10786,0.4065,0.019,0.406,0.6577,19.081,walk
31.2652,10787,0.4079,0.0168,0.4075,0.6935,19.245,walk
31.2673,10788,0.4065,0.0159,0.4062,0.6935,19.206,walk
31.27,10789,0.4075,0.0133,0.4073,0.7238,19.367,walk
31.2729,10790,0.409,0.011,0.4088,0.716,19.508,walk
31.2743,10791,0.4081,0.0104,0.408,0.716,19.483,walk
31.2787,10792,0.4094,0.0081,0.4093,0.6896,19.629,walk
31.2792,10793,0.4081,0.0072,0.408,0.6896,19.574,walk
31.2835,10794,0.409,0.0049,0.409,0.6587,19.65,walk
31.287,10795,0.4104,0.0026,0.4104,0.6998,19.756,walk
31.2876,10796,0.4091,0.0017,0.4091,0.6998,19.723,walk
31.2915,10797,0.4104,-0.0006,0.4104,0.6822,19.81,walk
31.292,10798,0.4095,-0.0011,0.4095,0.6822,19.774,walk
31.2948,10799,0.4104,-0.0037,0.4104,0.6775,19.878,walk
31.2972,10800,0.409,-0.0045,0.409,0.6775,19.839,walk
31.3005,10801,0.4108,-0.0067,0.4107,0.6869,19.967,walk
31.3018,10802,0.4116,-0.0095,0.4115,0.7141,20.039,walk
31.3043,10803,0.4111,-0.0098,0.411,0.7141,20.039,walk
31.3072,10804,0.411,-0.0132,0.4108,0.7054,20.11,walk
31.3093,10805,0.4101,-0.0137,0.4098,0.7054,20.04,walk
31.3125,10806,0.4115,-0.0162,0.4111,0.7324,20.241,walk
31.3163,10807,0.4122,-0.0189,0.4118,0.6879,20.328,walk
31.3171,10808,0.4108,-0.0197,0.4103,0.6879,20.226,walk
31.3202,10809,0.4116,-0.0224,0.411,0.6817,20.337,walk
31.3238,10810,0.4127,-0.0248,0.412,0.66,20.417,walk
31.3242,10811,0.4117,-0.0253,0.411,0.66,20.39,walk
31.3285,10812,0.4134,-0.0274,0.4125,0.6646,20.532,walk
31.3293,10813,0.4114,-0.0284,0.4104,0.6646,20.392,walk
31.3328,10814,0.4125,-0.0307,0.4114,0.6402,20.546,walk
31.3336,10815,0.4115,-0.0312,0.4103,0.6402,20.46,walk
31.3373,10816,0.4126,-0.0335,0.4113,0.6594,20.569,walk
31.3381,10817,0.4111,-0.0343,0.4096,0.6594,20.481,walk
31.3413,10818,0.4126,-0.0363,0.411,0.6169,20.63,walk
31.3471,10819,0.4127,-0.039,0.4108,0.6758,20.736,walk
31.3495,10820,0.4116,-0.0423,0.4094,0.6433,20.675,walk
31.3518,10821,0.4124,-0.0445,0.41,0.6051,20.811,walk
31.3548,10822,0.4113,-0.045,0.4089,0.6051,20.752,walk
31.3576,10823,0.4116,-0.0474,0.4089,0.6058,20.79,walk
31.3608,10824,0.4122,-0.05,0.4091,0.6695,20.947,walk
31.3624,10825,0.4104,-0.0507,0.4073,0.6695,20.887,walk
31.3665,10826,0.4112,-0.0529,0.4078,0.5966,21.005,walk
31.367,10827,0.4095,-0.0535,0.406,0.5966,20.885,walk
31.3704,10828,0.4102,-0.0557,0.4064,0.5871,21.037,walk
31.3743,10829,0.4104,-0.0581,0.4063,0.5945,21.099,walk
31.3746,10830,0.4092,-0.0585,0.405,0.5945,21.068,walk
31.3791,10831,0.4093,-0.0608,0.4048,0.5722,21.135,walk
31.3797,10832,0.4081,-0.0612,0.4035,0.5722,21.105,walk
31.3829,10833,0.4089,-0.0634,0.4039,0.5896,21.186,walk
31.3839,10834,0.4076,-0.0638,0.4026,0.5896,21.154,walk
31.3873,10835,0.4083,-0.0658,0.403,0.5556,21.294,walk
31.388,10836,0.4064,-0.0664,0.4009,0.5556,21.168,walk
31.3904,10837,0.407,-0.0684,0.4012,0.5563,21.326,walk
31.3926,10838,0.4057,-0.0688,0.3999,0.5563,21.23,walk
31.3949,10839,0.4063,-0.0714,0.4,0.6346,21.133,walk
31.3982,10840,0.4062,-0.0735,0.3995,0.5273,21.198,walk
31.4016,10841,0.4061,-0.0755,0.399,0.5289,21.344,walk
31.4037,10842,0.4041,-0.0761,0.3968,0.5289,21.214,walk
31.4064,10843,0.4045,-0.0778,0.3969,0.5009,21.355,walk
31.408,10844,0.4025,-0.0784,0.3948,0.5009,21.257,walk
31.4108,10845,0.403,-0.0802,0.3949,0.5192,21.398,walk
31.4128,10846,0.4016,-0.0805,0.3934,0.5192,21.366,walk
31.4153,10847,0.4019,-0.0822,0.3934,0.4836,21.477,walk
31.4174,10848,0.3998,-0.0827,0.3912,0.4836,21.412,walk
31.4199,10849,0.3995,-0.0846,0.3904,0.4924,21.471,walk
31.422,10850,0.3981,-0.085,0.3889,0.4924,21.439,walk
31.4249,10851,0.3991,-0.0865,0.3896,0.4776,21.571,walk
31.4281,10852,0.3987,-0.0883,0.3888,0.48,21.688,walk
31.4299,10853,0.3958,-0.089,0.3857,0.48,21.525,walk
31.4338,10854,0.3969,-0.0905,0.3864,0.4848,21.671,walk
31.437,10855,0.3963,-0.0922,0.3854,0.4334,21.831,walk
31.4379,10856,0.3941,-0.0927,0.3831,0.4334,21.773,walk
31.4414,10857,0.3947,-0.0942,0.3833,0.466,21.861,walk
31.442,10858,0.3937,-0.0943,0.3822,0.466,21.833,walk
31.4467,10859,0.3931,-0.0956,0.3813,0.4511,21.834,walk
31.4516,10860,0.3936,-0.0967,0.3816,0.4719,21.962,walk
31.4535,10861,0.3939,-0.0975,0.3816,0.4128,22.045,walk
31.4581,10862,0.3941,-0.0984,0.3817,0.4356,22.077,walk
31.4587,10863,0.3925,-0.0979,0.38,0.4356,22.003,walk
31.4609,10864,0.3928,-0.0987,0.3802,0.4281,22.069,walk
31.4629,10865,0.3916,-0.0984,0.379,0.4281,22.031,walk
31.4669,10866,0.3913,-0.0991,0.3785,0.4402,22.051,walk
31.4681,10867,0.3909,-0.0998,0.378,0.4297,22.128,walk
31.4703,10868,0.3896,-0.0995,0.3767,0.4297,22.055,walk
31.4731,10869,0.3899,-0.1002,0.3768,0.4129,22.221,walk
31.4747,10870,0.3886,-0.0999,0.3756,0.4129,22.114,walk
31.4776,10871,0.3889,-0.1006,0.3757,0.4168,22.236,walk
31.4794,10872,0.387,-0.1002,0.3738,0.4168,22.167,walk
31.4829,10873,0.3867,-0.1007,0.3734,0.4239,22.284,walk
31.4871,10874,0.3865,-0.1011,0.373,0.4,22.357,walk
31.4877,10875,0.3854,-0.1007,0.372,0.4,22.324,walk
31.4915,10876,0.3847,-0.1011,0.3712,0.4006,22.4,walk
31.496,10877,0.3852,-0.1019,0.3715,0.4028,22.543,walk
31.4967,10878,0.3836,-0.1016,0.3699,0.4028,22.477,walk
31.5032,10879,0.3855,-0.1035,0.3713,0.3919,22.853,walk
31.5064,10880,0.3832,-0.1039,0.3688,0.3792,22.904,walk
31.5091,10881,0.3816,-0.1037,0.3672,0.3792,22.77,walk
31.5127,10882,0.3824,-0.1046,0.3679,0.3744,22.982,walk
31.5133,10883,0.3803,-0.1044,0.3657,0.3744,22.848,walk
31.5157,10884,0.3807,-0.1052,0.3659,0.3716,23.078,walk
31.5186,10885,0.3805,-0.106,0.3655,0.3713,23.213,walk
31.5202,10886,0.3795,-0.1059,0.3645,0.3713,23.18,walk
31.5229,10887,0.3799,-0.1067,0.3646,0.3599,23.357,walk
31.5245,10888,0.3789,-0.1065,0.3636,0.3599,23.292,walk
31.5294,10889,0.3792,-0.1073,0.3637,0.3522,23.532,walk
31.5301,10890,0.3777,-0.1072,0.3622,0.3522,23.434,walk
31.5338,10891,0.3776,-0.1079,0.3618,0.3536,23.583,walk
31.5369,10892,0.3776,-0.1086,0.3616,0.363,23.819,walk
31.5396,10893,0.3772,-0.1093,0.361,0.3835,23.945,walk
31.5421,10894,0.3758,-0.1092,0.3596,0.3835,23.816,walk
31.5462,10895,0.3757,-0.11,0.3593,0.3608,23.992,walk
31.5519,10896,0.3758,-0.1107,0.3591,0.3669,24.126,walk
31.5535,10897,0.3749,-0.1114,0.3579,0.354,24.231,walk
31.5562,10898,0.3757,-0.1122,0.3586,0.3403,24.513,walk
31.5585,10899,0.374,-0.1119,0.3568,0.3403,24.382,walk
31.5628,10900,0.3744,-0.1126,0.357,0.322,24.677,walk
31.5633,10901,0.3731,-0.1124,0.3557,0.322,24.544,walk
31.5672,10902,0.3739,-0.1131,0.3564,0.3209,24.859,walk
31.5691,10903,0.3735,-0.1136,0.3558,0.3154,25.079,walk
31.5708,10904,0.3726,-0.1135,0.3549,0.3154,25.045,walk
31.5745,10905,0.3726,-0.114,0.3547,0.3156,25.277,walk
31.5771,10906,0.3726,-0.1146,0.3546,0.3168,25.576,walk
31.5804,10907,0.3709,-0.1143,0.3529,0.3168,25.405,walk
31.5842,10908,0.3704,-0.1148,0.3522,0.3018,25.613,walk
31.5871,10909,0.3717,-0.1155,0.3533,0.3248,25.959,walk
31.5908,10910,0.3709,-0.116,0.3523,0.3231,26.123,walk
31.5935,10911,0.3706,-0.1165,0.3518,0.3372,26.353,walk
31.5963,10912,0.3702,-0.1165,0.3514,0.3372,26.283,walk
31.5983,10913,0.3685,-0.1162,0.3497,0.3372,26.177,walk
31.603,10914,0.3694,-0.1176,0.3502,0.3289,26.678,walk
31.606,10915,0.37,-0.1183,0.3506,0.3429,26.901,walk
31.6088,10916,0.3683,-0.118,0.3489,0.3429,26.792,walk
31.6118,10917,0.3684,-0.1187,0.3488,0.3504,26.954,walk
31.6144,10918,0.369,-0.1194,0.3491,0.3484,27.237,walk
31.6171,10919,0.3673,-0.1191,0.3474,0.3484,27.089,walk
31.6209,10920,0.3686,-0.1199,0.3486,0.3398,27.412,walk
31.6214,10921,0.3669,-0.1196,0.3469,0.3398,27.225,walk
31.6238,10922,0.3679,-0.1204,0.3477,0.3672,27.555,walk
31.6258,10923,0.3667,-0.1202,0.3464,0.3672,27.403,walk
31.6296,10924,0.3672,-0.1209,0.3468,0.3499,27.662,walk
31.6316,10925,0.3677,-0.1215,0.3471,0.344,27.934,walk
31.6339,10926,0.366,-0.1212,0.3453,0.344,27.74,walk
31.6366,10927,0.3661,-0.1218,0.3452,0.3527,27.981,walk
31.6393,10928,0.3667,-0.1226,0.3456,0.3628,28.185,walk
31.643,10929,0.3658,-0.1224,0.3447,0.3628,28.145,walk
31.6465,10930,0.3655,-0.1229,0.3443,0.3698,28.261,walk
31.6472,10931,0.3647,-0.1228,0.3434,0.3698,28.22,walk
31.6519,10932,0.3663,-0.1243,0.3446,0.3771,28.682,walk
31.6548,10933,0.3646,-0.1239,0.3428,0.3771,28.516,walk
31.6568,10934,0.3647,-0.1245,0.3428,0.3675,28.746,walk
31.6589,10935,0.3638,-0.1243,0.3419,0.3675,28.618,walk
31.6612,10936,0.3645,-0.1251,0.3424,0.4119,28.815,walk
31.6632,10937,0.3632,-0.1248,0.3411,0.4119,28.686,walk
31.6661,10938,0.3638,-0.1256,0.3414,0.3815,28.914,walk
31.6691,10939,0.3635,-0.1262,0.3409,0.3957,28.987,walk
31.6714,10940,0.3626,-0.126,0.34,0.3957,28.942,walk
31.6748,10941,0.3634,-0.1268,0.3405,0.4285,29.12,walk
31.6771,10942,0.3637,-0.1274,0.3406,0.4149,29.36,walk
31.6792,10943,0.3622,-0.1271,0.3392,0.4149,29.175,walk
31.6843,10944,0.3634,-0.1281,0.3401,0.421,29.4,walk
31.6857,10945,0.3629,-0.1286,0.3393,0.4573,29.463,walk
31.6885,10946,0.3619,-0.1284,0.3383,0.4573,29.416,walk
31.6917,10947,0.362,-0.129,0.3383,0.4037,29.515,walk
31.6936,10948,0.3626,-0.1295,0.3387,0.3673,29.841,walk
31.7001,10949,0.363,-0.1302,0.3389,0.3693,30.073,walk
31.7012,10950,0.36,-0.1294,0.3359,0.3693,29.779,walk
31.7044,10951,0.3607,-0.1301,0.3364,0.4254,30.015,walk
31.7075,10952,0.3601,-0.1302,0.3357,0.3531,30.108,walk
31.7101,10953,0.3602,-0.1307,0.3357,0.412,30.204,walk
31.7122,10954,0.3586,-0.1302,0.3342,0.412,30.105,walk
31.7172,10955,0.3582,-0.1304,0.3336,0.4056,30.144,walk
31.7192,10956,0.3588,-0.131,0.334,0.4213,30.382,walk
31.7214,10957,0.3572,-0.1305,0.3325,0.4213,30.183,walk
31.7251,10958,0.3568,-0.1308,0.332,0.433,30.331,walk
31.7286,10959,0.3569,-0.1312,0.3319,0.4275,30.422,walk
31.7335,10960,0.3558,-0.1312,0.3307,0.4002,30.484,walk
31.7353,10961,0.3571,-0.1322,0.3317,0.4596,30.771,walk
31.7375,10962,0.3554,-0.1316,0.3301,0.4596,30.566,walk
31.74,10963,0.3566,-0.1325,0.3311,0.4524,30.817,walk
31.7421,10964,0.3542,-0.1315,0.3289,0.4524,30.605,walk
31.7459,10965,0.3547,-0.1321,0.3292,0.4553,30.843,walk
31.7492,10966,0.3544,-0.1323,0.3288,0.4612,30.971,walk
31.7521,10967,0.3528,-0.1319,0.3272,0.4825,31.07,walk
31.7544,10968,0.3514,-0.1313,0.3259,0.4825,31.034,walk
31.7584,10969,0.3519,-0.1319,0.3263,0.4743,31.238,walk
31.7603,10970,0.3519,-0.1322,0.3261,0.4859,31.477,walk
31.7617,10971,0.3506,-0.1317,0.325,0.4859,31.375,walk
31.7651,10972,0.3515,-0.1325,0.3255,0.4918,31.639,walk
31.7672,10973,0.3493,-0.1316,0.3235,0.4918,31.471,walk
31.771,10974,0.3502,-0.1325,0.3241,0.5016,31.757,walk
31.7716,10975,0.3491,-0.1321,0.3231,0.5016,31.656,walk
31.7745,10976,0.3494,-0.1327,0.3232,0.505,31.908,walk
31.7775,10977,0.3502,-0.1335,0.3238,0.5006,32.147,walk
31.7794,10978,0.3484,-0.1327,0.3222,0.5006,32.079,walk
31.7837,10979,0.348,-0.1329,0.3217,0.5187,32.259,walk
31.7871,10980,0.3482,-0.1333,0.3217,0.5172,32.447,walk
31.788,10981,0.347,-0.1327,0.3206,0.5172,32.411,walk
31.7902,10982,0.3477,-0.1335,0.3211,0.5071,32.626,walk
31.7923,10983,0.3465,-0.1328,0.32,0.5071,32.586,walk
31.7955,10984,0.3473,-0.1336,0.3206,0.5146,32.797,walk
31.7968,10985,0.3461,-0.1329,0.3195,0.5146,32.712,walk
31.8002,10986,0.347,-0.1337,0.3202,0.5434,32.974,walk
31.8033,10987,0.3445,-0.1323,0.3181,0.5434,32.838,walk
31.8069,10988,0.3473,-0.1344,0.3202,0.529,33.399,walk
31.809,10989,0.344,-0.1325,0.3175,0.529,33.159,walk
31.8127,10990,0.3448,-0.1332,0.318,0.5435,33.447,walk
31.8169,10991,0.3436,-0.1326,0.317,0.5585,33.545,walk
31.8199,10992,0.3443,-0.1332,0.3175,0.5404,33.752,walk
31.8209,10993,0.343,-0.1323,0.3164,0.5404,33.649,walk
31.8243,10994,0.3438,-0.1329,0.3171,0.5699,33.956,walk
31.8252,10995,0.3417,-0.1316,0.3154,0.5699,33.746,walk
31.8285,10996,0.3426,-0.1322,0.3161,0.5776,34.054,walk
31.8319,10997,0.3428,-0.1324,0.3162,0.5744,34.207,walk
31.8337,10998,0.3407,-0.131,0.3145,0.5744,34.046,walk
31.8368,10999,0.3416,-0.1316,0.3153,0.5911,34.293,walk
31.8394,11000,0.3419,-0.1319,0.3154,0.5983,34.474,walk
31.8419,11001,0.3398,-0.1304,0.3137,0.5983,34.365,walk
31.8457,11002,0.3406,-0.1309,0.3145,0.5621,34.601,walk
31.8464,11003,0.3385,-0.1294,0.3128,0.5621,34.492,walk
31.8511,11004,0.3394,-0.13,0.3135,0.575,34.698,walk
31.8538,11005,0.3389,-0.1295,0.3132,0.596,34.915,jog
31.8564,11006,0.3392,-0.1296,0.3135,0.6074,35.046,jog
31.8586,11007,0.3371,-0.1281,0.3118,0.6074,34.934,jog
31.8617,11008,0.3374,-0.1282,0.3121,0.5999,35.054,jog
31.8642,11009,0.3385,-0.1288,0.313,0.6208,35.343,jog
31.8668,11010,0.3364,-0.1272,0.3114,0.6208,35.117,jog
31.8701,11011,0.3361,-0.1268,0.3112,0.6207,35.304,jog
31.874,11012,0.3372,-0.1274,0.3122,0.6288,35.487,jog
31.8743,11013,0.3358,-0.1263,0.3111,0.6288,35.374,jog
31.8784,11014,0.3369,-0.1269,0.3121,0.622,35.657,jog
31.8789,11015,0.3355,-0.1258,0.311,0.622,35.485,jog
31.8818,11016,0.336,-0.1259,0.3115,0.641,35.704,jog
31.8835,11017,0.3346,-0.1248,0.3104,0.641,35.532,jog
31.8866,11018,0.3351,-0.1249,0.311,0.6499,35.763,jog
31.8888,11019,0.3337,-0.1238,0.3099,0.6499,35.59,jog
31.8922,11020,0.3349,-0.1243,0.311,0.6335,35.792,jog
31.894,11021,0.3354,-0.1243,0.3116,0.6511,36.026,jog
31.8959,11022,0.3354,-0.1243,0.3116,0.6511,36.026,jog
31.8988,11023,0.3327,-0.1221,0.3095,0.6511,35.795,jog
31.9035,11024,0.3353,-0.1231,0.3118,0.6498,36.229,jog
31.9076,11025,0.3339,-0.1215,0.311,0.6725,36.224,jog
31.9108,11026,0.3353,-0.122,0.3123,0.6663,36.402,jog
31.9133,11027,0.3339,-0.1208,0.3113,0.6663,36.287,jog
31.9165,11028,0.334,-0.1202,0.3116,0.6698,36.393,jog
31.9219,11029,0.3373,-0.1218,0.3146,0.6596,36.974,jog
31.9223,11030,0.3347,-0.1195,0.3127,0.6596,36.742,jog
31.9249,11031,0.3334,-0.1183,0.3117,0.6596,36.568,jog
31.9282,11032,0.3341,-0.1182,0.3124,0.65,36.773,jog
31.9297,11033,0.3328,-0.117,0.3115,0.65,36.599,jog
31.9335,11034,0.3328,-0.1163,0.3119,0.6622,36.769,jog
31.9375,11035,0.3341,-0.1168,0.313,0.6428,36.913,jog
31.9403,11036,0.3342,-0.1161,0.3134,0.6512,37.068,jog
31.9421,11037,0.3323,-0.1143,0.312,0.6512,36.893,jog
31.9452,11038,0.3329,-0.1142,0.3127,0.6384,36.964,jog
31.9522,11039,0.3342,-0.1146,0.3139,0.63,37.148,jog
31.9554,11040,0.3329,-0.1127,0.3133,0.642,37.167,jog
31.9564,11041,0.3336,-0.1125,0.3141,0.6452,37.212,jog
31.9587,11042,0.3324,-0.1113,0.3132,0.6452,37.152,jog
31.9608,11043,0.3343,-0.1124,0.3149,0.6517,37.372,jog
31.9632,11044,0.3318,-0.11,0.3131,0.6517,37.074,jog
31.9674,11045,0.333,-0.1104,0.3142,0.6192,37.274,jog
31.9701,11046,0.3321,-0.1089,0.3137,0.5496,37.126,jog
31.9726,11047,0.3332,-0.1092,0.3148,0.5987,37.303,jog
31.9741,11048,0.3319,-0.108,0.3139,0.5987,37.242,jog
31.9777,11049,0.3325,-0.1077,0.3145,0.6002,37.294,jog
31.9795,11050,0.3312,-0.1065,0.3136,0.6002,37.232,jog
31.9835,11051,0.331,-0.1056,0.3138,0.5856,37.192,jog
31.9876,11052,0.332,-0.1058,0.3147,0.5647,37.37,jog
31.9883,11053,0.3302,-0.1039,0.3134,0.5647,37.119,jog
31.9926,11054,0.3319,-0.1049,0.3149,0.5956,37.319,jog
31.9938,11055,0.3317,-0.1039,0.315,0.589,37.355,jog
31.9963,11056,0.3298,-0.1021,0.3137,0.589,37.228,jog
31.9995,11057,0.3309,-0.1024,0.3147,0.5956,37.306,jog
32.0042,11058,0.3295,-0.1001,0.3139,0.5836,37.289,jog
32.0085,11059,0.3311,-0.101,0.3153,0.5852,37.442,jog
32.012,11060,0.3302,-0.0993,0.3149,0.5784,37.417,jog
32.0129,11061,0.329,-0.0981,0.314,0.5784,37.289,jog
32.0159,11062,0.3295,-0.098,0.3146,0.6245,37.357,jog
32.0197,11063,0.3311,-0.0988,0.316,0.5768,37.517,jog
32.0218,11064,0.328,-0.0957,0.3138,0.5768,37.262,jog
32.0257,11065,0.329,-0.096,0.3147,0.5842,37.362,jog
32.029,11066,0.3281,-0.0945,0.3142,0.5815,37.14,jog
32.0316,11067,0.3284,-0.0942,0.3147,0.5998,37.29,jog
32.0334,11068,0.3272,-0.0929,0.3138,0.5998,37.101,jog
32.0371,11069,0.3281,-0.0931,0.3146,0.5549,37.222,jog
32.0412,11070,0.3284,-0.0928,0.315,0.5817,37.369,jog
32.0416,11071,0.3265,-0.0909,0.3136,0.5817,37.137,jog
32.0455,11072,0.326,-0.0899,0.3133,0.5758,37.184,jog
32.0496,11073,0.3267,-0.0902,0.314,0.5762,37.414,jog
32.0532,11074,0.3261,-0.0896,0.3136,0.5589,37.396,jog
32.0564,11075,0.3254,-0.089,0.313,0.5689,37.388,jog
32.0587,11076,0.3243,-0.0882,0.3121,0.5689,37.327,jog
32.062,11077,0.3258,-0.0891,0.3134,0.5527,37.566,jog
32.0665,11078,0.3257,-0.0888,0.3133,0.569,37.625,jog
32.067,11079,0.3229,-0.0869,0.311,0.569,37.389,jog
32.0709,11080,0.3226,-0.0865,0.3108,0.5432,37.462,jog
32.0735,11081,0.3231,-0.0867,0.3113,0.5602,37.709,jog
32.075,11082,0.3209,-0.0851,0.3095,0.5602,37.484,jog
32.0781,11083,0.3223,-0.0857,0.3107,0.5352,37.791,jog
32.0817,11084,0.3209,-0.0844,0.3096,0.5585,37.811,jog
32.0837,11085,0.3196,-0.0833,0.3085,0.5585,37.655,jog
32.0859,11086,0.3203,-0.0834,0.3092,0.5248,37.902,jog
32.088,11087,0.3183,-0.0819,0.3076,0.5248,37.711,jog
32.0915,11088,0.32,-0.083,0.309,0.6031,38.109,jog
32.0922,11089,0.3181,-0.0815,0.3074,0.6031,37.975,jog
32.0951,11090,0.3201,-0.0828,0.3092,0.5296,38.304,jog
32.0991,11091,0.319,-0.0816,0.3084,0.537,38.399,jog
32.1033,11092,0.318,-0.0806,0.3076,0.5098,38.469,jog
32.1061,11093,0.3181,-0.0805,0.3078,0.527,38.67,jog
32.1086,11094,0.3168,-0.0796,0.3067,0.527,38.533,jog
32.1117,11095,0.3169,-0.0795,0.3067,0.5179,38.724,jog
32.113,11096,0.3149,-0.0782,0.305,0.5179,38.538,jog
32.1163,11097,0.3149,-0.0781,0.3051,0.5254,38.667,jog
32.1188,11098,0.3163,-0.079,0.3063,0.5307,38.908,jog
32.1211,11099,0.3137,-0.0773,0.304,0.5307,38.766,jog
32.1236,11100,0.3143,-0.0776,0.3046,0.5109,38.869,jog
32.1256,11101,0.313,-0.0768,0.3034,0.5109,38.821,jog
32.1289,11102,0.3122,-0.0763,0.3028,0.5056,38.825,jog
32.1329,11103,0.3128,-0.0765,0.3033,0.4796,38.987,jog
32.1337,11104,0.3114,-0.0757,0.3021,0.4796,38.842,jog
32.1359,11105,0.312,-0.076,0.3026,0.4877,39.042,jog
32.1379,11106,0.3099,-0.0748,0.3008,0.4877,38.849,jog
32.1408,11107,0.3105,-0.075,0.3013,0.4742,39.013,jog
32.1435,11108,0.3109,-0.0753,0.3017,0.4687,39.138,jog
32.1467,11109,0.3082,-0.0737,0.2993,0.4687,38.993,jog
32.1512,11110,0.3086,-0.0738,0.2996,0.4313,39.064,jog
32.1545,11111,0.3076,-0.0732,0.2987,0.445,39.17,jog
32.1556,11112,0.308,-0.0734,0.2991,0.4517,39.24,jog
32.1578,11113,0.306,-0.0722,0.2973,0.4517,39.144,jog
32.162,11114,0.307,-0.0729,0.2983,0.6346,39.034,jog
32.1625,11115,0.305,-0.0717,0.2964,0.6346,38.938,jog
32.1667,11116,0.3055,-0.0719,0.2969,0.4666,39.004,jog
32.1674,11117,0.3034,-0.0707,0.295,0.4666,38.908,jog
32.1707,11118,0.3032,-0.0705,0.2949,0.4631,38.944,jog
32.1747,11119,0.3037,-0.0708,0.2953,0.4936,39.152,jog
32.1756,11120,0.3016,-0.0696,0.2935,0.4936,38.962,jog
32.178,11121,0.3014,-0.0694,0.2933,0.4607,39.094,jog
32.1832,11122,0.3018,-0.0696,0.2936,0.4549,39.186,jog
32.1838,11123,0.2997,-0.0684,0.2918,0.4549,39.092,jog
32.1867,11124,0.2993,-0.0681,0.2915,0.4379,39.093,jog
32.1893,11125,0.2997,-0.0683,0.2919,0.4643,39.23,jog
32.1917,11126,0.2977,-0.067,0.29,0.4643,39.089,jog
32.1961,11127,0.2973,-0.0667,0.2897,0.4455,39.224,jog
32.1968,11128,0.2959,-0.0659,0.2885,0.4455,39.084,jog
32.2009,11129,0.297,-0.0664,0.2895,0.456,39.249,jog
32.2045,11130,0.2952,-0.0653,0.2879,0.4434,39.241,jog
32.205,11131,0.2938,-0.0644,0.2867,0.4434,39.194,jog
32.2083,11132,0.2942,-0.0645,0.287,0.4428,39.316,jog
32.2094,11133,0.292,-0.0632,0.2851,0.4428,39.127,jog
32.2124,11134,0.2916,-0.0628,0.2847,0.4139,39.224,jog
32.2154,11135,0.2918,-0.0628,0.285,0.4249,39.305,jog
32.2187,11136,0.2914,-0.0623,0.2846,0.4208,39.418,jog
32.2207,11137,0.2892,-0.061,0.2827,0.4208,39.223,jog
32.2244,11138,0.288,-0.06,0.2817,0.416,39.269,jog
32.2269,11139,0.2882,-0.0599,0.2819,0.4071,39.39,jog
32.2295,11140,0.286,-0.0586,0.28,0.4071,39.237,jog
32.2328,11141,0.2862,-0.0585,0.2801,0.4072,39.392,jog
32.2347,11142,0.284,-0.0571,0.2782,0.4072,39.287,jog
32.238,11143,0.2827,-0.0561,0.277,0.4038,39.348,jog
32.2411,11144,0.2835,-0.0566,0.2778,0.4192,39.562,jog
32.2457,11145,0.2822,-0.0557,0.2767,0.4218,39.591,jog
32.2462,11146,0.28,-0.0543,0.2747,0.4218,39.421,jog
32.2486,11147,0.2801,-0.0543,0.2747,0.4064,39.618,jog
32.2537,11148,0.2786,-0.0535,0.2735,0.4261,39.731,jog
32.2583,11149,0.2771,-0.0525,0.2721,0.3807,39.753,jog
32.2589,11150,0.2756,-0.0515,0.2707,0.3807,39.629,jog
32.2612,11151,0.2747,-0.0509,0.2699,0.3668,39.723,jog
32.2632,11152,0.2732,-0.0499,0.2686,0.3668,39.596,jog
32.2669,11153,0.273,-0.0499,0.2684,0.3691,39.796,jog
32.271,11154,0.2705,-0.0483,0.2661,0.3479,39.74,jog
32.2746,11155,0.2703,-0.0481,0.266,0.3647,39.903,jog
32.2754,11156,0.268,-0.0465,0.2639,0.3647,39.634,jog
32.2778,11157,0.2678,-0.0467,0.2637,0.1968,39.815,jog
32.2797,11158,0.2655,-0.0451,0.2616,0.1968,39.541,jog
32.2842,11159,0.2643,-0.0444,0.2606,0.3235,39.654,jog
32.287,11160,0.2624,-0.0431,0.2588,0.3266,39.617,jog
32.29,11161,0.2621,-0.0431,0.2585,0.3562,39.718,jog
32.2921,11162,0.2597,-0.0414,0.2564,0.3562,39.501,jog
32.296,11163,0.2586,-0.0407,0.2553,0.3442,39.435,jog
32.2967,11164,0.257,-0.0396,0.2539,0.3442,39.361,jog
32.3003,11165,0.2573,-0.0399,0.2542,0.3264,39.501,jog
32.3048,11166,0.2536,-0.0374,0.2508,0.3065,39.25,jog
32.3088,11167,0.2508,-0.0354,0.2483,0.3298,39.062,jog
32.3128,11168,0.2503,-0.0351,0.2478,0.3306,39.014,jog
32.3132,11169,0.2479,-0.0333,0.2457,0.3306,38.866,jog
32.3161,11170,0.2481,-0.0336,0.2458,0.3099,38.858,jog
32.3211,11171,0.246,-0.0321,0.2439,0.3175,38.79,jog
32.3229,11172,0.2439,-0.0306,0.2419,0.3184,38.545,jog
32.3245,11173,0.2423,-0.0293,0.2405,0.3184,38.474,jog
32.328,11174,0.2417,-0.029,0.2399,0.3072,38.361,jog
32.3298,11175,0.2394,-0.0271,0.2378,0.3072,38.219,jog
32.333,11176,0.2395,-0.0273,0.2379,0.2876,38.235,jog
32.336,11177,0.2366,-0.0251,0.2353,0.3216,37.965,jog
32.3376,11178,0.2351,-0.0238,0.2339,0.3216,37.757,jog
32.3415,11179,0.2346,-0.0236,0.2334,0.299,37.758,jog
32.3443,11180,0.2335,-0.023,0.2323,0.2868,37.524,jog
32.3456,11181,0.2326,-0.0223,0.2315,0.2868,37.351,jog
32.3524,11182,0.2329,-0.0233,0.2317,0.3124,37.338,jog
32.3575,11183,0.2298,-0.0217,0.2287,0.2797,37.023,walk
32.3598,11184,0.2273,-0.0202,0.2264,0.2797,36.862,walk
32.3631,11185,0.2267,-0.0203,0.2258,0.2902,36.733,walk
32.3666,11186,0.2235,-0.0189,0.2227,0.31,36.537,walk
32.3687,11187,0.2226,-0.0189,0.2218,0.2771,36.483,walk
32.3724,11188,0.2218,-0.0189,0.221,0.3039,36.35,walk
32.3746,11189,0.2187,-0.0172,0.218,0.3039,36.218,walk
32.3786,11190,0.2179,-0.0174,0.2172,0.2971,36.06,walk
32.3791,11191,0.2158,-0.0162,0.2152,0.2971,35.972,walk
32.3816,11192,0.2158,-0.0169,0.2151,0.2961,35.864,walk
32.3836,11193,0.2137,-0.0157,0.2132,0.2961,35.782,walk
32.3874,11194,0.2138,-0.0162,0.2132,0.2886,35.67,walk
32.3908,11195,0.2114,-0.0153,0.2109,0.3209,35.507,walk
32.3916,11196,0.2102,-0.0145,0.2097,0.3209,35.434,walk
32.3952,11197,0.2084,-0.0138,0.2079,0.2909,35.296,walk
32.4012,11198,0.2059,-0.0128,0.2055,0.3169,35.147,walk
32.4063,11199,0.2035,-0.0122,0.2031,0.2932,34.987,walk
32.4094,11200,0.2016,-0.011,0.2013,0.2932,34.828,walk
32.4123,11201,0.2005,-0.0108,0.2002,0.3114,34.773,walk
32.4169,11202,0.2005,-0.0116,0.2002,0.3221,34.775,walk
32.4193,11203,0.1982,-0.0106,0.1979,0.302,34.595,walk
32.4212,11204,0.1964,-0.0094,0.1962,0.302,34.467,walk
32.4242,11205,0.1965,-0.0102,0.1962,0.3045,34.442,walk
32.4293,11206,0.1949,-0.0098,0.1946,0.3182,34.266,walk
32.4299,11207,0.1932,-0.0086,0.193,0.3182,34.133,walk
32.432,11208,0.1927,-0.009,0.1925,0.3103,34.09,walk
32.4343,11209,0.191,-0.0079,0.1909,0.3103,33.999,walk
32.4372,11210,0.1906,-0.0083,0.1904,0.3185,33.903,walk
32.4403,11211,0.1902,-0.0088,0.1899,0.3298,33.919,walk
32.4421,11212,0.188,-0.0074,0.1879,0.3298,33.684,walk
32.4454,11213,0.1876,-0.0078,0.1874,0.3179,33.693,walk
32.4464,11214,0.1865,-0.0071,0.1864,0.3179,33.598,walk
32.4491,11215,0.1861,-0.0076,0.1859,0.3181,33.499,walk
32.4545,11216,0.1847,-0.0074,0.1845,0.3338,33.383,walk
32.4575,11217,0.1833,-0.0073,0.1831,0.3317,33.248,walk
32.4609,11218,0.1819,-0.0072,0.1817,0.3312,33.162,walk
32.4631,11219,0.1804,-0.0062,0.1803,0.3312,32.966,walk
32.4665,11220,0.1795,-0.0065,0.1793,0.3301,32.929,walk
32.4708,11221,0.1791,-0.0071,0.179,0.3483,32.877,walk
32.4741,11222,0.1773,-0.0067,0.1771,0.3262,32.688,walk
32.4773,11223,0.1764,-0.0068,0.1762,0.2944,32.603,walk
32.4789,11224,0.1749,-0.0059,0.1748,0.2944,32.452,walk
32.4839,11225,0.1746,-0.0064,0.1745,0.3216,32.417,walk
32.4844,11226,0.1732,-0.0054,0.1731,0.3216,32.215,walk
32.488,11227,0.1724,-0.0058,0.1723,0.3474,32.158,walk
32.4922,11228,0.1715,-0.0063,0.1714,0.3592,32.137,walk
32.495,11229,0.1707,-0.0068,0.1706,0.3696,32.055,walk
32.4989,11230,0.1699,-0.0072,0.1697,0.3608,32.042,walk
32.5065,11231,0.1683,-0.0083,0.1681,0.385,31.948,walk
32.5095,11232,0.1659,-0.0067,0.1658,0.385,31.692,walk
32.5113,11233,0.1651,-0.0072,0.1649,0.3776,31.607,walk
32.5131,11234,0.1637,-0.0063,0.1635,0.3776,31.504,walk
32.5173,11235,0.1638,-0.0075,0.1636,0.3885,31.501,walk
32.5197,11236,0.162,-0.0075,0.1618,0.3996,31.347,walk
32.5212,11237,0.1615,-0.0072,0.1613,0.3996,31.295,walk
32.5245,11238,0.1602,-0.0074,0.16,0.3959,31.244,walk
32.5285,11239,0.1598,-0.0084,0.1596,0.4004,31.187,walk
32.5289,11240,0.1589,-0.0077,0.1587,0.4004,31.136,walk
32.5331,11241,0.1571,-0.0076,0.1569,0.4003,30.992,walk
32.5377,11242,0.1561,-0.0083,0.1559,0.5308,30.863,walk
32.5411,11243,0.1548,-0.0086,0.1545,0.4249,30.746,walk
32.545,11244,0.1543,-0.0096,0.154,0.4176,30.738,walk
32.5474,11245,0.1534,-0.0104,0.1531,0.4462,30.667,walk
32.5502,11246,0.1515,-0.009,0.1512,0.4462,30.517,walk
32.5551,11247,0.1516,-0.0106,0.1512,0.4888,30.524,walk
32.5588,11248,0.1496,-0.0104,0.1492,0.398,30.334,walk
32.5594,11249,0.1481,-0.0094,0.1478,0.398,30.137,walk
32.5631,11250,0.1471,-0.01,0.1468,0.428,30.05,walk
32.5676,11251,0.1461,-0.0107,0.1457,0.4461,30.054,walk
32.5712,11252,0.1452,-0.0114,0.1447,0.4479,29.95,walk
32.5716,11253,0.1436,-0.0104,0.1433,0.4479,29.852,walk
32.575,11254,0.1437,-0.0119,0.1432,0.4691,29.852,walk
32.5778,11255,0.1417,-0.0118,0.1412,0.4563,29.686,walk
32.5793,11256,0.1406,-0.0111,0.1402,0.4563,29.638,walk
32.5815,11257,0.1407,-0.0126,0.1401,0.474,29.651,walk
32.5836,11258,0.1391,-0.0115,0.1386,0.474,29.455,walk
32.5876,11259,0.1375,-0.0119,0.137,0.4817,29.318,walk
32.5905,11260,0.1371,-0.0129,0.1364,0.4641,29.276,walk
32.592,11261,0.1354,-0.0117,0.1349,0.4641,29.178,walk
32.5954,11262,0.1355,-0.0134,0.1349,0.5034,29.133,walk
32.5962,11263,0.1339,-0.0122,0.1333,0.5034,29.035,walk
32.6002,11264,0.1334,-0.0134,0.1327,0.5037,28.907,walk
32.607,11265,0.1329,-0.0164,0.1319,0.5312,28.82,walk
32.6098,11266,0.1289,-0.0135,0.1282,0.5312,28.438,walk
32.6108,11267,0.1285,-0.0149,0.1276,0.5427,28.35,walk
32.6135,11268,0.1279,-0.0145,0.1271,0.5427,28.35,walk
32.6174,11269,0.1252,-0.0141,0.1244,0.5423,28.081,walk
32.6193,11270,0.1258,-0.0163,0.1248,0.5437,28.095,walk
32.6215,11271,0.1235,-0.0145,0.1226,0.5437,27.871,walk
32.6248,11272,0.1224,-0.0154,0.1215,0.5522,27.787,walk
32.6284,11273,0.122,-0.0168,0.1208,0.5535,27.639,walk
32.6289,11274,0.1202,-0.0155,0.1192,0.5535,27.553,walk
32.6334,11275,0.1203,-0.0173,0.1191,0.5614,27.44,walk
32.636,11276,0.1186,-0.0178,0.1173,0.5772,27.308,walk
32.6376,11277,0.1168,-0.0164,0.1156,0.5772,27.145,walk
32.6403,11278,0.1163,-0.0177,0.115,0.5439,27.091,walk
32.6417,11279,0.1151,-0.0167,0.1139,0.5439,26.976,walk
32.6456,11280,0.1144,-0.0178,0.113,0.5696,26.886,walk
32.6464,11281,0.1135,-0.017,0.1122,0.5696,26.771,walk
32.6508,11282,0.1125,-0.018,0.1111,0.5878,26.56,walk
32.6541,11283,0.1124,-0.0198,0.1106,0.6191,26.487,walk
32.6571,11284,0.1113,-0.0206,0.1094,0.595,26.243,walk
32.6601,11285,0.1102,-0.0216,0.1081,0.626,26.086,walk
32.6626,11286,0.1092,-0.0207,0.1072,0.626,25.965,walk
32.6654,11287,0.1091,-0.0224,0.1067,0.6168,25.898,walk
32.6681,11288,0.1076,-0.0211,0.1055,0.6168,25.74,walk
32.6701,11289,0.1074,-0.0226,0.105,0.6045,25.66,walk
32.6731,11290,0.1067,-0.0238,0.104,0.6375,25.532,walk
32.6747,11291,0.1057,-0.0228,0.1032,0.6375,25.422,walk
32.6777,11292,0.1056,-0.0245,0.1027,0.6296,25.318,walk
32.6795,11293,0.104,-0.0231,0.1014,0.6296,25.214,walk
32.683,11294,0.1039,-0.0248,0.1009,0.6463,25.154,walk
32.6837,11295,0.1029,-0.0239,0.1,0.6463,25.054,walk
32.6878,11296,0.1033,-0.0261,0.0999,0.6519,25.008,walk
32.6901,11297,0.1023,-0.0269,0.0987,0.6294,24.914,walk
32.6916,11298,0.1009,-0.0257,0.0976,0.6294,24.864,walk
32.6939,11299,0.101,-0.0277,0.0971,0.6815,24.754,walk
32.6963,11300,0.0996,-0.0265,0.096,0.6815,24.707,walk
32.6995,11301,0.0992,-0.0282,0.0951,0.706,24.598,walk
32.7035,11302,0.0993,-0.0301,0.0946,0.6721,24.573,walk
32.7066,11303,0.0979,-0.0311,0.0928,0.7229,24.425,walk
32.7103,11304,0.0974,-0.0327,0.0918,0.6744,24.332,walk
32.7128,11305,0.0964,-0.0319,0.091,0.6744,24.307,walk
32.7162,11306,0.0956,-0.0332,0.0896,0.692,24.207,walk
32.717,11307,0.0946,-0.0324,0.0889,0.692,24.156,walk
32.721,11308,0.0953,-0.035,0.0886,0.7125,24.092,walk
32.7238,11309,0.094,-0.0358,0.0869,0.6727,24.027,walk
32.7256,11310,0.093,-0.035,0.0862,0.6727,23.948,walk
32.7286,11311,0.0933,-0.0373,0.0855,0.7225,23.9,walk
32.733,11312,0.0931,-0.0392,0.0845,0.7357,23.778,walk
32.7336,11313,0.0916,-0.038,0.0834,0.7357,23.696,walk
32.7368,11314,0.0919,-0.0404,0.0826,0.7506,23.653,walk
32.7392,11315,0.0924,-0.0428,0.0819,0.7697,23.556,walk
32.7415,11316,0.0909,-0.0417,0.0808,0.7697,23.5,walk
32.7443,11317,0.0914,-0.0441,0.08,0.7636,23.407,walk
32.7463,11318,0.0894,-0.0425,0.0786,0.7636,23.322,walk
32.7505,11319,0.0904,-0.0454,0.0782,0.7915,23.251,walk
32.7539,11320,0.0901,-0.0472,0.0767,0.7934,23.113,walk
32.7583,11321,0.0893,-0.0487,0.0749,0.8112,22.924,walk
32.7629,11322,0.0891,-0.0505,0.0733,0.8066,22.712,walk
32.7645,11323,0.0894,-0.0528,0.0722,0.8189,22.57,walk
32.7675,11324,0.0874,-0.0513,0.0708,0.8189,22.482,walk
32.77,11325,0.0883,-0.054,0.0699,0.8274,22.321,walk
32.7732,11326,0.0888,-0.0563,0.0686,0.8283,22.207,walk
32.7748,11327,0.0877,-0.0555,0.068,0.8283,22.12,walk
32.779,11328,0.0873,-0.0571,0.066,0.8372,21.897,walk
32.7823,11329,0.0889,-0.0602,0.0655,0.8434,21.771,walk
32.7844,11330,0.0869,-0.0586,0.0642,0.8434,21.686,walk
32.7873,11331,0.0876,-0.061,0.0629,0.8378,21.492,walk
32.7902,11332,0.089,-0.0638,0.062,0.8733,21.361,walk
32.7918,11333,0.088,-0.0631,0.0614,0.8733,21.277,walk
32.7959,11334,0.0894,-0.0658,0.0604,0.8586,21.134,walk
32.7965,11335,0.0879,-0.0647,0.0595,0.8586,21.052,walk
32.7998,11336,0.0893,-0.0675,0.0585,0.8653,20.906,walk
32.8029,11337,0.0903,-0.0699,0.0572,0.8646,20.742,walk
32.8048,11338,0.0888,-0.0687,0.0562,0.8646,20.661,walk
32.8086,11339,0.0899,-0.0711,0.055,0.8675,20.466,walk
32.8111,11340,0.091,-0.0735,0.0536,0.8728,20.314,walk
32.8138,11341,0.0922,-0.0759,0.0523,0.869,20.13,walk
32.8173,11342,0.0901,-0.0743,0.051,0.869,20.027,walk
32.8213,11343,0.0919,-0.0771,0.05,0.8686,19.905,walk
32.8233,11344,0.0932,-0.0795,0.0487,0.8801,19.788,walk
32.8253,11345,0.0917,-0.0783,0.0477,0.8801,19.688,walk
32.8293,11346,0.0926,-0.0803,0.0461,0.8871,19.554,walk
32.8338,11347,0.0934,-0.0822,0.0443,0.8701,19.499,walk
32.8379,11348,0.0953,-0.085,0.0433,0.8647,19.481,walk
32.8382,11349,0.0938,-0.0837,0.0423,0.8647,19.432,walk
32.8415,11350,0.0962,-0.0867,0.0416,0.8343,19.469,walk
32.8458,11351,0.0971,-0.0885,0.04,0.8539,19.45,walk
32.8463,11352,0.0956,-0.0872,0.039,0.8539,19.348,walk
32.8493,11353,0.097,-0.0894,0.0376,0.8529,19.393,walk
32.8517,11354,0.096,-0.0886,0.037,0.8529,19.315,walk
32.8567,11355,0.0994,-0.0932,0.0344,0.8423,19.377,walk
32.8599,11356,0.1009,-0.0954,0.0328,0.9035,19.222,walk
32.8623,11357,0.1004,-0.095,0.0325,0.9035,19.195,walk
32.865,11358,0.1014,-0.0966,0.0307,0.8579,19.193,walk
32.867,11359,0.1004,-0.0957,0.0302,0.8579,19.136,walk
32.871,11360,0.1019,-0.0978,0.0287,0.8515,19.163,walk
32.8718,11361,0.1008,-0.0968,0.0281,0.8515,19.106,walk
32.8747,11362,0.1023,-0.0987,0.0266,0.8245,19.186,walk
32.8777,11363,0.1043,-0.1012,0.0254,0.8435,19.21,walk
32.8791,11364,0.1027,-0.0997,0.0246,0.8435,19.151,walk
32.8833,11365,0.1046,-0.102,0.0234,0.8063,19.196,walk
32.884,11366,0.1036,-0.101,0.0228,0.8063,19.136,walk
32.8882,11367,0.105,-0.1028,0.0213,0.8171,19.182,walk
32.8912,11368,0.1058,-0.104,0.0196,0.7931,19.16,walk
32.8944,11369,0.1072,-0.1056,0.0182,0.7975,19.143,walk
32.896,11370,0.1055,-0.1041,0.0174,0.7975,19.081,walk
32.8989,11371,0.1074,-0.1061,0.0163,0.7852,19.124,walk
32.9017,11372,0.1057,-0.1046,0.0155,0.7852,19.062,walk
32.9057,11373,0.1095,-0.1087,0.0133,0.7862,19.114,walk
32.9087,11374,0.1083,-0.1076,0.0129,0.7862,19.021,walk
32.9127,11375,0.1096,-0.109,0.0116,0.7607,19.039,walk
32.9133,11376,0.1079,-0.1074,0.0109,0.7607,18.917,walk
32.9162,11377,0.1103,-0.1098,0.0101,0.7444,18.955,walk
32.9209,11378,0.1098,-0.1095,0.0082,0.7428,18.835,walk
32.9252,11379,0.111,-0.1107,0.0071,0.7213,18.779,walk
32.9256,11380,0.1098,-0.1096,0.0067,0.7213,18.719,walk
32.9288,11381,0.1116,-0.1115,0.0057,0.7368,18.731,walk
32.9316,11382,0.1127,-0.1126,0.0047,0.7047,18.655,walk
32.9334,11383,0.111,-0.1109,0.0041,0.7047,18.596,walk
32.9376,11384,0.1122,-0.1122,0.0031,0.729,18.544,walk
32.9412,11385,0.1127,-0.1127,0.0019,0.7048,18.388,walk
32.9455,11386,0.1143,-0.1143,0.0011,0.7165,18.378,walk
32.946,11387,0.1123,-0.1123,0.0007,0.7165,18.292,walk
32.9501,11388,0.1118,-0.1118,-0.0005,0.7106,18.204,walk
32.9535,11389,0.1134,-0.1134,-0.0012,0.7047,18.161,walk
32.959,11390,0.1137,-0.1137,-0.0022,0.6981,18.127,walk
32.9623,11391,0.1141,-0.114,-0.0031,0.7202,18.049,walk
32.9649,11392,0.115,-0.1149,-0.0043,0.7024,18.025,walk
32.9669,11393,0.1136,-0.1135,-0.0048,0.7024,18.005,walk
32.9709,11394,0.1153,-0.1151,-0.0056,0.5502,18.239,walk
32.9713,11395,0.1138,-0.1137,-0.0061,0.5502,18.202,walk
32.9747,11396,0.1153,-0.1151,-0.007,0.7026,18.172,walk
32.9772,11397,0.1172,-0.1169,-0.0077,0.7117,18.145,walk
32.9792,11398,0.1154,-0.1151,-0.008,0.7117,18.117,walk
32.9829,11399,0.1168,-0.1165,-0.0083,0.6948,18.09,walk
32.9862,11400,0.1171,-0.1168,-0.0087,0.6734,18.059,walk
32.9884,11401,0.114,-0.1136,-0.0086,0.6734,17.99,walk
32.9911,11402,0.1147,-0.1144,-0.009,0.6694,17.993,walk
32.995,11403,0.1162,-0.1159,-0.0093,0.6622,17.965,walk
32.9955,11404,0.115,-0.1146,-0.0093,0.6622,17.944,walk
32.9982,11405,0.116,-0.1156,-0.0097,0.6599,17.886,walk
33.0039,11406,0.1169,-0.1165,-0.0099,0.6618,17.88,walk
33.0045,11407,0.115,-0.1146,-0.01,0.6618,17.779,walk
33.0075,11408,0.117,-0.1166,-0.0103,0.6419,17.806,walk
33.0106,11409,0.1138,-0.1133,-0.0104,0.6419,17.673,walk
33.0156,11410,0.1186,-0.1181,-0.0106,0.6565,17.506,walk
33.0161,11411,0.1166,-0.1161,-0.0106,0.6565,17.45,walk
33.0197,11412,0.1181,-0.1176,-0.0108,0.6827,17.403,walk
33.0229,11413,0.1174,-0.1169,-0.011,0.6359,17.31,walk
33.0251,11414,0.1154,-0.1149,-0.011,0.6359,17.251,walk
33.0293,11415,0.1167,-0.1162,-0.0112,0.6461,17.236,walk
33.0318,11416,0.1167,-0.1161,-0.0114,0.6438,17.157,walk
33.0341,11417,0.1153,-0.1147,-0.0113,0.6438,17.068,walk
33.0375,11418,0.116,-0.1154,-0.0115,0.6553,17.074,walk
33.0411,11419,0.1152,-0.1146,-0.0116,0.6374,16.945,walk
33.0446,11420,0.1156,-0.1151,-0.0117,0.6174,16.898,walk
33.0466,11421,0.1143,-0.1137,-0.0116,0.6174,16.868,walk
33.0507,11422,0.1141,-0.1135,-0.0117,0.6278,16.758,walk
33.0536,11423,0.1153,-0.1147,-0.0118,0.618,16.794,walk
33.0643,11424,0.1153,-0.1146,-0.0119,0.6169,16.564,walk
33.0672,11425,0.1125,-0.1118,-0.0117,0.6169,16.474,walk
33.0709,11426,0.1143,-0.1137,-0.0118,0.6194,16.452,walk
33.0735,11427,0.1133,-0.1127,-0.0117,0.6001,16.377,walk
33.0757,11428,0.1119,-0.1113,-0.0116,0.6001,16.286,walk
33.0788,11429,0.1131,-0.1125,-0.0116,0.63,16.297,walk
33.0829,11430,0.1135,-0.1129,-0.0117,0.6092,16.205,walk
33.0833,11431,0.1114,-0.1108,-0.0115,0.6092,16.145,walk
33.0861,11432,0.1122,-0.1116,-0.0114,0.5188,16.195,walk
33.088,11433,0.11,-0.1095,-0.0113,0.5188,16.135,walk
33.0914,11434,0.1113,-0.1107,-0.0112,0.6377,16.12,walk
33.0944,11435,0.1124,-0.1118,-0.0112,0.5982,16.027,walk
33.0962,11436,0.1095,-0.109,-0.0109,0.5982,15.911,walk
33.0989,11437,0.1106,-0.1101,-0.0109,0.6046,15.871,walk
33.1011,11438,0.1092,-0.1087,-0.0107,0.6046,15.842,walk
33.1047,11439,0.1103,-0.1098,-0.0108,0.5966,15.768,walk
33.108,11440,0.1093,-0.1088,-0.0105,0.5998,15.637,walk
33.1105,11441,0.1103,-0.1098,-0.0104,0.5875,15.648,walk
33.1132,11442,0.1075,-0.107,-0.0101,0.5875,15.536,walk
33.116,11443,0.1094,-0.1089,-0.0101,0.6109,15.514,walk
33.118,11444,0.1065,-0.1061,-0.0099,0.6109,15.376,walk
33.1216,11445,0.1068,-0.1064,-0.0097,0.5741,15.345,walk
33.1245,11446,0.1079,-0.1075,-0.0096,0.5977,15.289,walk
33.1292,11447,0.1076,-0.1072,-0.0094,0.6007,15.194,walk
33.1299,11448,0.1062,-0.1058,-0.0093,0.6007,15.141,walk
33.1336,11449,0.1072,-0.1068,-0.0092,0.5686,15.126,walk
33.1383,11450,0.1073,-0.1069,-0.0084,0.7211,15.298,walk
33.14,11451,0.1069,-0.1065,-0.0082,0.578,15.233,walk
33.1415,11452,0.1055,-0.1052,-0.008,0.578,15.208,walk
33.1455,11453,0.1052,-0.1049,-0.0078,0.6039,15.076,walk
33.1478,11454,0.1061,-0.1058,-0.0076,0.559,15.097,walk
33.1505,11455,0.104,-0.1037,-0.0074,0.559,15.002,walk
33.1553,11456,0.1044,-0.1041,-0.0073,0.6044,14.945,walk
33.1582,11457,0.1031,-0.1029,-0.0069,0.545,14.875,walk
33.1625,11458,0.1042,-0.104,-0.0068,0.6053,14.831,walk
33.1645,11459,0.1039,-0.1037,-0.0065,0.5907,14.764,walk
33.1671,11460,0.1025,-0.1023,-0.0064,0.5907,14.72,walk
33.171,11461,0.1021,-0.1019,-0.0062,0.5912,14.636,walk
33.1734,11462,0.1025,-0.1023,-0.006,0.5991,14.61,walk
33.1752,11463,0.1011,-0.1009,-0.0059,0.5991,14.546,walk
33.1788,11464,0.1036,-0.1034,-0.0059,0.607,14.568,walk
33.1796,11465,0.1007,-0.1006,-0.0057,0.607,14.504,walk
33.1818,11466,0.1018,-0.1016,-0.0056,0.5886,14.455,walk
33.1839,11467,0.1003,-0.1002,-0.0055,0.5886,14.434,walk
33.1866,11468,0.1014,-0.1012,-0.0054,0.5932,14.386,walk
33.1904,11469,0.1017,-0.1015,-0.0053,0.5876,14.302,walk
33.1909,11470,0.0995,-0.0994,-0.0051,0.5876,14.241,walk
33.1941,11471,0.1006,-0.1005,-0.005,0.6147,14.201,walk
33.1958,11472,0.0992,-0.099,-0.005,0.6147,14.18,walk
33.1997,11473,0.1002,-0.1001,-0.0048,0.5956,14.15,walk
33.2022,11474,0.0998,-0.0996,-0.0047,0.602,14.079,walk
33.206,11475,0.0994,-0.0993,-0.0046,0.6254,13.962,walk
33.2082,11476,0.0972,-0.0971,-0.0045,0.6254,13.921,walk
33.213,11477,0.0982,-0.0981,-0.0044,0.5916,13.852,walk
33.2153,11478,0.0971,-0.097,-0.0044,0.6259,13.738,walk
33.2173,11479,0.0957,-0.0956,-0.0044,0.6259,13.717,walk
33.2211,11480,0.0952,-0.0951,-0.0044,0.5923,13.572,walk
33.2243,11481,0.0957,-0.0956,-0.0043,0.6572,13.524,walk
33.2269,11482,0.0968,-0.0967,-0.0043,0.6339,13.412,walk
33.2288,11483,0.0953,-0.0952,-0.0044,0.6339,13.391,walk
33.2329,11484,0.0956,-0.0955,-0.0044,0.6208,13.246,walk
33.2339,11485,0.0941,-0.094,-0.0044,0.6208,13.225,walk
33.2375,11486,0.0954,-0.0953,-0.0044,0.6665,13.132,walk
33.2381,11487,0.0932,-0.093,-0.0045,0.6665,13.094,walk
33.2418,11488,0.0938,-0.0937,-0.0045,0.6465,13.008,walk
33.2438,11489,0.0957,-0.0956,-0.0044,0.6224,12.986,walk
33.2458,11490,0.0938,-0.0937,-0.0045,0.6224,12.925,walk
33.2495,11491,0.0939,-0.0938,-0.0045,0.6371,12.868,walk
33.252,11492,0.0952,-0.0951,-0.0044,0.6247,12.813,walk
33.2552,11493,0.0945,-0.0944,-0.0044,0.6247,12.785,walk
33.2586,11494,0.0935,-0.0934,-0.0039,0.6283,12.708,walk
33.2628,11495,0.0949,-0.0949,-0.0037,0.6326,12.651,walk
33.2648,11496,0.0951,-0.095,-0.0034,0.6455,12.559,walk
33.2677,11497,0.0931,-0.0931,-0.0032,0.6455,12.518,walk
33.2711,11498,0.095,-0.095,-0.0029,0.613,12.542,walk
33.2751,11499,0.093,-0.093,-0.0026,0.6515,12.418,walk
33.2781,11500,0.0937,-0.0937,-0.0024,0.6785,12.356,walk
33.2802,11501,0.0924,-0.0923,-0.0023,0.6785,12.317,walk
33.2839,11502,0.0938,-0.0937,-0.0021,0.6658,12.243,walk
33.2877,11503,0.0932,-0.0932,-0.0019,0.6801,12.137,walk
33.2908,11504,0.094,-0.094,-0.0017,0.6875,12.078,walk
33.2939,11505,0.0956,-0.0956,-0.0015,0.6946,12.04,walk
33.2958,11506,0.0937,-0.0937,-0.0015,0.6946,11.995,walk
33.2993,11507,0.0953,-0.0953,-0.0013,0.6847,11.975,walk
33.3039,11508,0.0957,-0.0957,-0.0013,0.7072,11.834,walk
33.3074,11509,0.0949,-0.0949,-0.0012,0.711,11.733,walk
33.3093,11510,0.0936,-0.0936,-0.0012,0.711,11.691,walk
33.3118,11511,0.0952,-0.0952,-0.0011,0.6811,11.653,walk
33.3153,11512,0.0975,-0.0975,-0.0009,0.7202,11.643,walk
33.318,11513,0.0951,-0.095,-0.001,0.7202,11.574,walk
33.3196,11514,0.0962,-0.0962,-0.0009,0.7305,11.552,walk
33.3211,11515,0.095,-0.095,-0.0009,0.7305,11.525,walk
33.3247,11516,0.0966,-0.0966,-0.0008,0.6973,11.512,walk
33.3285,11517,0.0978,-0.0978,-0.0007,0.7249,11.457,walk
33.3288,11518,0.0966,-0.0966,-0.0007,0.7249,11.443,walk
33.3325,11519,0.0972,-0.0972,-0.0007,0.7291,11.381,walk
33.3373,11520,0.0984,-0.0984,-0.0006,0.7381,11.369,walk
33.3394,11521,0.0997,-0.0997,-0.0005,0.7382,11.32,walk
33.3415,11522,0.0985,-0.0985,-0.0006,0.7382,11.307,walk
33.3455,11523,0.0998,-0.0998,-0.0006,0.7515,11.286,walk
33.3459,11524,0.0986,-0.0986,-0.0007,0.7515,11.273,walk
33.3498,11525,0.1005,-0.1005,-0.0006,0.7589,11.255,walk
33.3535,11526,0.1,-0.1,-0.0007,0.7385,11.192,walk
33.3568,11527,0.1013,-0.1013,-0.0007,0.7455,11.194,walk
33.3601,11528,0.1037,-0.1037,-0.0005,0.7453,11.199,walk
33.3625,11529,0.1013,-0.1013,-0.0008,0.7453,11.165,walk
33.3645,11530,0.1026,-0.1026,-0.0008,0.7394,11.156,walk
33.3668,11531,0.1014,-0.1014,-0.0009,0.7394,11.146,walk
33.3714,11532,0.1033,-0.1033,-0.0008,0.7558,11.143,walk
33.3719,11533,0.1015,-0.1015,-0.001,0.7558,11.123,walk
33.3748,11534,0.1028,-0.1028,-0.001,0.758,11.127,walk
33.3788,11535,0.1047,-0.1047,-0.0009,0.7479,11.141,walk
33.3795,11536,0.1029,-0.1029,-0.0012,0.7479,11.105,walk
33.3839,11537,0.1055,-0.1055,-0.0009,0.7933,11.213,walk
33.3876,11538,0.1056,-0.1056,-0.0011,0.7593,11.202,walk
33.3913,11539,0.1063,-0.1063,-0.0011,0.7511,11.204,walk
33.3918,11540,0.105,-0.105,-0.0013,0.7511,11.196,walk
33.3959,11541,0.1065,-0.1065,-0.0013,0.7938,11.205,walk
33.3972,11542,0.1083,-0.1083,-0.0011,0.7603,11.236,walk
33.3992,11543,0.1065,-0.1065,-0.0014,0.7603,11.213,walk
33.4022,11544,0.1084,-0.1084,-0.0013,0.7655,11.225,walk
33.4063,11545,0.1059,-0.1059,-0.0016,0.7655,11.203,walk
33.4117,11546,0.1092,-0.1092,-0.0014,0.7833,11.242,walk
33.4138,11547,0.1105,-0.1104,-0.0014,0.7758,11.248,walk
33.4161,11548,0.1092,-0.1092,-0.0016,0.7758,11.24,walk
33.4213,11549,0.1085,-0.1085,-0.0017,0.7712,11.236,walk
33.4247,11550,0.1098,-0.1098,-0.0017,0.8007,11.244,walk
33.4276,11551,0.1118,-0.1118,-0.0015,0.8029,11.237,walk
33.4293,11552,0.1099,-0.1099,-0.0018,0.8029,11.219,walk
33.4325,11553,0.1118,-0.1118,-0.0016,0.7972,11.258,walk
33.4371,11554,0.1118,-0.1117,-0.0016,0.7936,11.267,walk
33.4401,11555,0.113,-0.113,-0.0015,0.8057,11.296,walk
33.4417,11556,0.1117,-0.1117,-0.0016,0.8057,11.263,walk
33.4457,11557,0.1123,-0.1123,-0.0016,0.7988,11.259,walk
33.4483,11558,0.1142,-0.1142,-0.0014,0.8103,11.299,walk
33.4503,11559,0.1129,-0.1129,-0.0016,0.8103,11.286,walk
33.4552,11560,0.1141,-0.1141,-0.0014,0.8143,11.319,walk
33.4562,11561,0.1146,-0.1146,-0.0013,0.799,11.32,walk
33.4586,11562,0.1132,-0.1132,-0.0014,0.799,11.291,walk
33.463,11563,0.1137,-0.1137,-0.0013,0.7929,11.292,walk
33.4663,11564,0.1156,-0.1156,-0.0014,0.6377,11.567,walk
33.4694,11565,0.1155,-0.1155,-0.0013,0.8328,11.583,walk
33.4716,11566,0.1133,-0.1133,-0.0015,0.8328,11.548,walk
33.4746,11567,0.1153,-0.1153,-0.0012,0.8325,11.572,walk
33.4757,11568,0.1138,-0.1138,-0.0014,0.8325,11.555,walk
33.4788,11569,0.1151,-0.1151,-0.0011,0.8569,11.592,walk
33.4815,11570,0.1172,-0.1172,-0.0007,0.8666,11.685,walk
33.4832,11571,0.1157,-0.1157,-0.0009,0.8666,11.627,walk
33.4874,11572,0.117,-0.117,-0.0006,0.8632,11.66,walk
33.4903,11573,0.1169,-0.1169,-0.0003,0.8925,11.661,walk
33.493,11574,0.1161,-0.1161,-0.0004,0.8925,11.641,walk
33.4958,11575,0.1174,-0.1174,0.0,0.8835,11.703,walk
33.498,11576,0.1188,-0.1188,0.0004,0.9047,11.718,walk
33.5005,11577,0.1173,-0.1173,0.0003,0.9047,11.697,walk
33.5046,11578,0.1193,-0.1193,0.0007,0.8821,11.734,walk
33.5073,11579,0.1191,-0.1191,0.001,0.9093,11.73,walk
33.5094,11580,0.1167,-0.1167,0.0009,0.9093,11.685,walk
33.5127,11581,0.1205,-0.1205,0.0015,0.9229,11.764,walk
33.5175,11582,0.1203,-0.1203,0.0018,0.9162,11.73,walk
33.5226,11583,0.1209,-0.1209,0.0023,0.9279,11.7,walk
33.5256,11584,0.1198,-0.1198,0.0027,0.9241,11.671,walk
33.5269,11585,0.122,-0.122,0.0033,0.9326,11.702,walk
33.5289,11586,0.1212,-0.1211,0.0033,0.9326,11.657,walk
33.5314,11587,0.1217,-0.1217,0.0038,0.9368,11.648,walk
33.533,11588,0.1201,-0.12,0.0037,0.9368,11.581,walk
33.5371,11589,0.1222,-0.1222,0.0043,0.9282,11.606,walk
33.5377,11590,0.1206,-0.1205,0.0042,0.9282,11.562,walk
33.5416,11591,0.1216,-0.1216,0.0048,0.9451,11.518,walk
33.5452,11592,0.123,-0.1229,0.0053,0.9351,11.504,walk
33.5497,11593,0.1255,-0.1254,0.006,0.9404,11.516,walk
33.5504,11594,0.1234,-0.1232,0.0059,0.9404,11.485,walk
33.5531,11595,0.1265,-0.1263,0.0066,0.9384,11.486,walk
33.556,11596,0.1273,-0.1271,0.0072,0.9243,11.464,walk
33.5585,11597,0.1251,-0.1249,0.0071,0.9243,11.447,walk
33.561,11598,0.1267,-0.1265,0.0076,0.9395,11.42,walk
33.5637,11599,0.1252,-0.125,0.0074,0.9395,11.396,walk
33.5675,11600,0.1259,-0.1257,0.0078,0.936,11.355,walk
33.5714,11601,0.1266,-0.1263,0.0083,0.9531,11.303,walk
33.5745,11602,0.1294,-0.129,0.0092,1.0698,11.076,walk
33.5758,11603,0.1278,-0.1274,0.0091,1.0698,11.066,walk
33.5796,11604,0.1291,-0.1287,0.0096,0.9165,10.975,walk
33.5809,11605,0.1312,-0.1308,0.0101,0.9277,10.897,walk
33.5829,11606,0.1288,-0.1284,0.01,0.9277,10.866,walk
33.5875,11607,0.131,-0.1306,0.0105,0.9275,10.756,walk
33.5879,11608,0.1294,-0.129,0.0104,0.9275,10.734,walk
33.5908,11609,0.1308,-0.1303,0.0109,0.9147,10.63,walk
33.5949,11610,0.1313,-0.1308,0.0114,0.9106,10.491,walk
33.5978,11611,0.1326,-0.1321,0.0118,0.8963,10.328,walk
33.5993,11612,0.1311,-0.1305,0.0117,0.8963,10.313,walk
33.6035,11613,0.1324,-0.1318,0.0123,0.9054,10.159,walk
33.6065,11614,0.133,-0.1324,0.0128,0.912,10.021,walk
33.6103,11615,0.1358,-0.1351,0.0134,0.8807,9.897,walk
33.6131,11616,0.1335,-0.1329,0.0133,0.8807,9.864,walk
33.6167,11617,0.1326,-0.1318,0.0138,0.891,9.69,walk
33.6195,11618,0.1345,-0.1338,0.0142,0.859,9.556,walk
33.6215,11619,0.1323,-0.1315,0.0141,0.859,9.504,walk
33.6244,11620,0.1344,-0.1336,0.0148,0.8981,9.403,walk
33.6265,11621,0.1356,-0.1347,0.0153,0.8395,9.276,walk
33.6289,11622,0.1334,-0.1325,0.0152,0.8395,9.242,walk
33.6331,11623,0.1353,-0.1344,0.0157,0.8455,9.127,walk
33.6334,11624,0.1338,-0.1329,0.0157,0.8455,9.093,walk
33.6373,11625,0.135,-0.134,0.0162,0.8334,9.009,walk
33.6407,11626,0.1369,-0.1358,0.0168,0.8162,8.918,walk
33.6436,11627,0.1372,-0.1361,0.0173,0.8099,8.827,walk
33.6458,11628,0.1351,-0.134,0.0172,0.8099,8.793,walk
33.6494,11629,0.137,-0.1358,0.0178,0.8178,8.717,walk
33.6502,11630,0.1348,-0.1336,0.0177,0.8178,8.683,walk
33.6535,11631,0.1359,-0.1347,0.0183,0.7959,8.59,walk
33.6567,11632,0.1371,-0.1357,0.019,0.8069,8.555,walk
33.6603,11633,0.1374,-0.136,0.0196,0.7832,8.478,walk
33.6631,11634,0.136,-0.1346,0.0195,0.7832,8.445,walk
33.667,11635,0.1371,-0.1356,0.0202,0.7859,8.376,walk
33.6704,11636,0.1389,-0.1373,0.0209,0.7772,8.376,walk
33.6709,11637,0.1368,-0.1352,0.0209,0.7772,8.312,walk
33.6748,11638,0.1372,-0.1355,0.0215,0.7583,8.241,walk
33.6778,11639,0.139,-0.1372,0.0222,0.7696,8.26,walk
33.6793,11640,0.1369,-0.1351,0.0221,0.7696,8.197,walk
33.6831,11641,0.1386,-0.1367,0.0228,0.7369,8.201,walk
33.6842,11642,0.1365,-0.1346,0.0227,0.7369,8.138,walk
33.6877,11643,0.1388,-0.1369,0.0234,0.731,8.123,walk
33.6917,11644,0.1391,-0.137,0.024,0.7224,8.1,walk
33.6922,11645,0.137,-0.1349,0.0239,0.7224,8.069,walk
33.6947,11646,0.1386,-0.1364,0.0244,0.709,8.032,walk
33.6966,11647,0.1373,-0.1351,0.0244,0.709,8.001,walk
33.6999,11648,0.1382,-0.1359,0.0249,0.7152,8.012,walk
33.7033,11649,0.1397,-0.1373,0.0255,0.6921,7.993,walk
33.7074,11650,0.1392,-0.1368,0.0259,0.7043,7.997,walk
33.7106,11651,0.1394,-0.1369,0.0264,0.6931,7.946,walk
33.7149,11652,0.1402,-0.1376,0.0269,0.6963,7.947,walk
33.717,11653,0.1382,-0.1356,0.0268,0.6963,7.885,walk
33.7195,11654,0.1397,-0.137,0.0272,0.6938,7.904,walk
33.7223,11655,0.1405,-0.1377,0.0277,0.6843,7.874,walk
33.7243,11656,0.1391,-0.1364,0.0276,0.6843,7.859,walk
33.7293,11657,0.1385,-0.1356,0.0279,0.6711,7.81,walk
33.73,11658,0.1371,-0.1342,0.0278,0.6711,7.765,walk
33.7326,11659,0.1386,-0.1357,0.0283,0.6938,7.803,walk
33.7369,11660,0.14,-0.137,0.0287,0.668,7.772,walk
33.7376,11661,0.1379,-0.1349,0.0285,0.668,7.743,walk
33.7413,11662,0.1394,-0.1363,0.0289,0.6846,7.756,walk
33.7454,11663,0.1393,-0.1363,0.0291,0.6677,7.743,walk
33.7459,11664,0.1379,-0.1348,0.029,0.6677,7.701,walk
33.7499,11665,0.1393,-0.1362,0.0294,0.6787,7.719,walk
33.7522,11666,0.1393,-0.1361,0.0295,0.6688,7.694,walk
33.7563,11667,0.1392,-0.136,0.0296,0.6656,7.685,walk
33.759,11668,0.1371,-0.1339,0.0294,0.6656,7.633,walk
33.7626,11669,0.137,-0.1338,0.0295,0.6776,7.614,walk
33.766,11670,0.1383,-0.1351,0.0297,0.6679,7.619,walk
33.7688,11671,0.1381,-0.1349,0.0298,0.6601,7.611,walk
33.7714,11672,0.1359,-0.1327,0.0295,0.6601,7.587,walk
33.7743,11673,0.1372,-0.1339,0.0297,0.6582,7.567,walk
33.7755,11674,0.1357,-0.1324,0.0295,0.6582,7.555,walk
33.7788,11675,0.1368,-0.1335,0.0297,0.6287,7.531,walk
33.7819,11676,0.1371,-0.1338,0.0297,0.6237,7.476,walk
33.7836,11677,0.1348,-0.1315,0.0293,0.6237,7.43,walk
33.7859,11678,0.136,-0.1327,0.0295,0.6598,7.482,walk
33.7879,11679,0.1336,-0.1304,0.0292,0.6598,7.46,walk
33.792,11680,0.1348,-0.1315,0.0294,0.6492,7.447,walk
33.7953,11681,0.1351,-0.1318,0.0294,0.6467,7.441,walk
33.7982,11682,0.1345,-0.1313,0.0293,0.6438,7.406,walk
33.8003,11683,0.1321,-0.1289,0.0288,0.6438,7.374,walk
33.8033,11684,0.1331,-0.1299,0.0289,0.6308,7.352,walk
33.8061,11685,0.1349,-0.1317,0.0291,0.6228,7.337,walk
33.8087,11686,0.1316,-0.1285,0.0285,0.6228,7.295,walk
33.8122,11687,0.1316,-0.1285,0.0284,0.613,7.227,walk
33.8128,11688,0.13,-0.1269,0.0281,0.613,7.216,walk
33.8174,11689,0.1309,-0.1278,0.028,0.6167,7.161,walk
33.823,11690,0.1307,-0.1278,0.0276,0.6078,7.027,walk
33.8239,11691,0.1282,-0.1253,0.027,0.6078,7.006,walk
33.8255,11692,0.1265,-0.1236,0.0266,0.6078,6.976,walk
33.8289,11693,0.1272,-0.1244,0.0266,0.6068,6.926,walk
33.832,11694,0.1271,-0.1244,0.0262,0.6011,6.82,walk
33.834,11695,0.1236,-0.121,0.0253,0.6011,6.791,walk
33.8378,11696,0.1242,-0.1216,0.0252,0.5754,6.714,walk
33.8403,11697,0.124,-0.1215,0.0248,0.5912,6.613,walk
33.8421,11698,0.1216,-0.1192,0.0242,0.5912,6.584,walk
33.8457,11699,0.124,-0.1216,0.0245,0.5792,6.511,walk
33.8495,11700,0.1227,-0.1203,0.0238,0.5773,6.39,walk
33.8501,11701,0.1207,-0.1184,0.0235,0.5773,6.364,walk
33.855,11702,0.1219,-0.1196,0.0236,0.5806,6.28,walk
33.858,11703,0.1217,-0.1194,0.0234,0.5789,6.135,walk
33.8603,11704,0.1213,-0.119,0.0233,0.5726,5.993,walk
33.8637,11705,0.1191,-0.1169,0.0229,0.5726,5.948,walk
33.8659,11706,0.1199,-0.1177,0.0229,0.5616,5.817,walk
33.8691,11707,0.1199,-0.1177,0.0228,0.5794,5.68,walk
33.8714,11708,0.1176,-0.1154,0.0225,0.5794,5.638,walk
33.8745,11709,0.1183,-0.1162,0.0224,0.563,5.533,walk
33.8758,11710,0.1168,-0.1146,0.0222,0.563,5.495,walk
33.8793,11711,0.1168,-0.1147,0.0221,0.5666,5.352,walk
33.8801,11712,0.1152,-0.1131,0.0218,0.5666,5.319,walk
33.884,11713,0.1152,-0.1132,0.0217,0.5547,5.212,walk
33.8865,11714,0.116,-0.114,0.0217,0.5671,5.085,walk
33.8892,11715,0.1162,-0.1142,0.0216,0.5694,4.996,walk
33.8923,11716,0.1134,-0.1115,0.0211,0.5694,4.961,walk
33.8962,11717,0.1144,-0.1124,0.021,0.562,4.853,walk
33.8979,11718,0.1146,-0.1126,0.0209,0.5646,4.762,walk
33.8995,11719,0.1131,-0.1112,0.0206,0.5646,4.756,walk
33.9041,11720,0.1141,-0.1122,0.0205,0.5676,4.647,walk
33.9048,11721,0.1119,-0.1101,0.0201,0.5676,4.637,walk
33.9072,11722,0.1136,-0.1118,0.0201,0.5706,4.555,walk
33.9092,11723,0.1108,-0.1091,0.0196,0.5706,4.531,walk
33.9123,11724,0.1112,-0.1095,0.0193,0.5957,4.373,walk
33.9168,11725,0.1109,-0.1093,0.0187,0.588,4.207,walk
33.9215,11726,0.1111,-0.1095,0.0186,0.5467,4.044,walk
33.9253,11727,0.1095,-0.108,0.0179,0.5763,3.978,walk
33.9282,11728,0.1099,-0.1085,0.0176,0.574,3.936,walk
33.9313,11729,0.1109,-0.1095,0.0176,0.5651,3.892,walk
33.9328,11730,0.1096,-0.1082,0.0173,0.5651,3.89,walk
33.9372,11731,0.1107,-0.1093,0.0172,0.5695,3.842,walk
33.9377,11732,0.1087,-0.1074,0.0168,0.5695,3.84,walk
33.9413,11733,0.1098,-0.1085,0.0168,0.5626,3.833,walk
33.9441,11734,0.1097,-0.1085,0.0163,0.5894,3.78,walk
33.9459,11735,0.1091,-0.1078,0.0162,0.5894,3.78,walk
33.9493,11736,0.1083,-0.1072,0.0157,0.5779,3.747,walk
33.9554,11737,0.1095,-0.1084,0.0156,0.5921,3.722,walk
33.9565,11738,0.1087,-0.1077,0.0151,0.5648,3.713,walk
33.9592,11739,0.1075,-0.1065,0.0148,0.5648,3.715,walk
33.9623,11740,0.1075,-0.1065,0.0144,0.598,3.717,walk
33.968,11741,0.1086,-0.1077,0.0143,0.5768,3.726,walk
33.973,11742,0.1086,-0.1078,0.0136,0.598,3.801,walk
33.9754,11743,0.1074,-0.1066,0.0133,0.598,3.805,walk
33.9794,11744,0.1068,-0.1061,0.0128,0.5988,3.862,walk
33.982,11745,0.1081,-0.1074,0.0127,0.6065,3.898,walk
33.984,11746,0.1069,-0.1062,0.0124,0.6065,3.907,walk
33.9885,11747,0.1063,-0.1056,0.0119,0.5919,3.984,walk
33.9915,11748,0.1076,-0.107,0.0118,0.6161,4.047,walk
33.9943,11749,0.1083,-0.1077,0.0116,0.6053,4.118,walk
33.9962,11750,0.1065,-0.1059,0.0112,0.6053,4.13,walk
33.9995,11751,0.1078,-0.1072,0.011,0.6211,4.203,walk
34.0024,11752,0.1084,-0.1079,0.0108,0.594,4.27,walk
34.0065,11753,0.1098,-0.1093,0.0107,0.6245,4.357,walk
34.0094,11754,0.1061,-0.1056,0.01,0.6245,4.395,walk
34.0143,11755,0.1088,-0.1084,0.0097,0.6309,4.589,walk
34.0174,11756,0.1076,-0.1072,0.0095,0.6309,4.596,walk
34.0215,11757,0.1065,-0.1061,0.009,0.6279,4.696,walk
34.0253,11758,0.1078,-0.1074,0.0089,0.6295,4.804,walk
34.0271,11759,0.1086,-0.1082,0.0087,0.6303,4.885,walk
34.0287,11760,0.1073,-0.107,0.0085,0.6303,4.904,walk
34.033,11761,0.1081,-0.1077,0.0083,0.6383,5.006,walk
34.0369,11762,0.1082,-0.1079,0.008,0.6413,5.104,walk
34.0376,11763,0.1069,-0.1066,0.0078,0.6413,5.109,walk
34.0416,11764,0.107,-0.1068,0.0076,0.6404,5.22,walk
34.046,11765,0.1084,-0.1082,0.0075,0.6531,5.312,walk
34.0465,11766,0.1065,-0.1063,0.0072,0.6531,5.331,walk
34.0495,11767,0.1086,-0.1083,0.0073,0.6578,5.427,walk
34.0543,11768,0.1086,-0.1084,0.007,0.647,5.513,walk
34.0551,11769,0.106,-0.1058,0.0066,0.647,5.524,walk
34.0583,11770,0.1079,-0.1077,0.0067,0.6262,5.592,walk
34.0605,11771,0.108,-0.1078,0.0064,0.6642,5.698,walk
34.0643,11772,0.1088,-0.1086,0.0063,0.6697,5.797,walk
34.0668,11773,0.1068,-0.1066,0.0061,0.6697,5.796,walk
34.0692,11774,0.108,-0.1079,0.006,0.6447,5.881,walk
34.0717,11775,0.106,-0.1059,0.0058,0.6447,5.876,walk
34.0748,11776,0.1074,-0.1072,0.0058,0.6714,5.957,walk
34.0759,11777,0.106,-0.1059,0.0056,0.6714,5.954,walk
34.0793,11778,0.1059,-0.1058,0.0055,0.6537,6.045,walk
34.0817,11779,0.1073,-0.1072,0.0055,0.674,6.132,walk
34.0833,11780,0.1059,-0.1058,0.0054,0.674,6.116,walk
34.0876,11781,0.1065,-0.1063,0.0054,0.6496,6.193,walk
34.0903,11782,0.107,-0.1069,0.0053,0.6637,6.25,walk
34.092,11783,0.1049,-0.1047,0.0051,0.6637,6.228,walk
34.0956,11784,0.1054,-0.1053,0.0051,0.6691,6.308,walk
34.0986,11785,0.1068,-0.1066,0.0051,0.6888,6.381,walk
34.1003,11786,0.1046,-0.1044,0.005,0.6888,6.364,walk
34.104,11787,0.1058,-0.1057,0.0051,0.6683,6.424,walk
34.1072,11788,0.1063,-0.1062,0.0051,0.6647,6.483,walk
34.1091,11789,0.1033,-0.1032,0.005,0.6647,6.445,walk
34.1124,11790,0.1054,-0.1053,0.005,0.6887,6.524,walk
34.1176,11791,0.1037,-0.1035,0.0051,0.6704,6.537,walk
34.1214,11792,0.105,-0.1049,0.0051,0.7129,6.6,walk
34.122,11793,0.1028,-0.1026,0.0051,0.7129,6.579,walk
34.1254,11794,0.1032,-0.1031,0.0052,0.6732,6.6,walk
34.1288,11795,0.1038,-0.1036,0.0053,0.6865,6.668,walk
34.1297,11796,0.1022,-0.1021,0.0053,0.6865,6.634,walk
34.1332,11797,0.1036,-0.1034,0.0054,0.705,6.674,walk
34.1341,11798,0.1012,-0.1011,0.0054,0.705,6.638,walk
34.1377,11799,0.1018,-0.1016,0.0055,0.6957,6.685,walk
34.1415,11800,0.1032,-0.103,0.0055,0.7271,6.739,walk
34.1418,11801,0.1018,-0.1016,0.0056,0.7271,6.704,walk
34.1461,11802,0.1017,-0.1015,0.0055,0.7064,6.728,walk
34.1499,11803,0.104,-0.1039,0.0054,0.7148,6.8,walk
34.1527,11804,0.1045,-0.1044,0.0052,0.7167,6.832,walk
34.1567,11805,0.1043,-0.1042,0.005,0.7135,6.877,walk
34.16,11806,0.1066,-0.1065,0.0049,0.7215,6.929,walk
34.1625,11807,0.1032,-0.1031,0.0048,0.7215,6.923,walk
34.1653,11808,0.1048,-0.1047,0.0047,0.7238,6.947,walk
34.1676,11809,0.1041,-0.104,0.0047,0.7238,6.945,walk
34.1713,11810,0.1034,-0.1033,0.0045,0.7166,6.972,walk
34.1729,11811,0.1057,-0.1056,0.0044,0.7235,6.987,walk
34.1749,11812,0.1035,-0.1034,0.0044,0.7235,6.974,walk
34.1781,11813,0.1035,-0.1034,0.0043,0.7117,6.978,walk
34.1813,11814,0.1051,-0.105,0.0041,0.732,6.992,walk
34.1833,11815,0.1029,-0.1028,0.0042,0.732,6.968,walk
34.1859,11816,0.1052,-0.1051,0.004,0.7359,6.983,walk
34.1879,11817,0.1031,-0.103,0.0041,0.7359,6.955,walk
34.1917,11818,0.104,-0.1039,0.0039,0.7215,6.945,walk
34.1925,11819,0.1026,-0.1025,0.004,0.7215,6.916,walk
34.1953,11820,0.1036,-0.1035,0.0039,0.7564,6.889,walk
34.1985,11821,0.1053,-0.1052,0.0037,0.7527,6.876,walk
34.2001,11822,0.1031,-0.1031,0.0038,0.7527,6.853,walk
34.2035,11823,0.1041,-0.104,0.0036,0.7492,6.818,walk
34.2067,11824,0.1058,-0.1058,0.0035,0.7736,6.789,walk
34.2098,11825,0.1062,-0.1062,0.0033,0.791,6.699,walk
34.2125,11826,0.1041,-0.1041,0.0034,0.791,6.674,walk
34.2155,11827,0.1058,-0.1058,0.0033,0.7607,6.629,walk
34.2184,11828,0.1073,-0.1073,0.0026,0.9267,6.401,walk
34.2215,11829,0.1045,-0.1045,0.0028,0.9267,6.347,walk
34.2235,11830,0.1063,-0.1063,0.0025,0.7923,6.275,walk
34.2256,11831,0.1049,-0.1049,0.0027,0.7923,6.261,walk
34.2289,11832,0.1067,-0.1067,0.0024,0.7808,6.198,walk
34.2298,11833,0.1053,-0.1053,0.0025,0.7808,6.171,walk
34.2329,11834,0.1058,-0.1058,0.0023,0.8059,6.09,walk
34.2357,11835,0.1078,-0.1077,0.0021,0.8096,6.042,walk
34.2374,11836,0.1071,-0.107,0.0021,0.8096,6.042,walk
34.2405,11837,0.1083,-0.1083,0.0018,0.825,5.966,walk
34.2422,11838,0.1062,-0.1062,0.002,0.825,5.939,walk
34.2459,11839,0.1089,-0.1089,0.0015,0.8215,5.899,walk
34.2463,11840,0.1068,-0.1068,0.0017,0.8215,5.845,walk
34.2499,11841,0.1089,-0.1089,0.0013,0.8469,5.796,walk
34.2507,11842,0.1075,-0.1075,0.0015,0.8469,5.756,walk
34.255,11843,0.1095,-0.1095,0.001,0.8307,5.682,walk
34.2581,11844,0.1101,-0.1101,0.0008,0.8237,5.592,walk
34.2603,11845,0.111,-0.111,0.0004,0.8982,5.441,walk
34.2637,11846,0.1089,-0.1089,0.0007,0.8982,5.415,walk
34.2672,11847,0.1125,-0.1125,0.0,0.8778,5.354,walk
34.2712,11848,0.1104,-0.1104,0.0,0.8638,5.185,walk
34.2731,11849,0.1132,-0.1132,-0.0007,0.8729,5.11,walk
34.276,11850,0.1118,-0.1118,-0.0005,0.8729,5.097,walk
34.2788,11851,0.1127,-0.1127,-0.0009,0.8992,4.993,walk
34.2828,11852,0.1149,-0.1149,-0.0016,0.8997,4.892,walk
34.2831,11853,0.1128,-0.1128,-0.0013,0.8997,4.867,walk
34.287,11854,0.1135,-0.1135,-0.0017,0.8766,4.769,walk
34.2917,11855,0.1157,-0.1157,-0.0023,0.8989,4.721,walk
34.2951,11856,0.1151,-0.115,-0.0025,0.9035,4.605,walk
34.2992,11857,0.1173,-0.1173,-0.0032,0.9084,4.533,walk
34.3,11858,0.1151,-0.1151,-0.0029,0.9084,4.497,walk
34.3051,11859,0.1159,-0.1159,-0.0034,0.9168,4.443,walk
34.3096,11860,0.1213,-0.1212,-0.005,0.9556,4.347,walk
34.3108,11861,0.1191,-0.119,-0.0047,0.9556,4.325,walk
34.3127,11862,0.1176,-0.1176,-0.0044,0.9556,4.293,walk
34.315,11863,0.1198,-0.1197,-0.0052,0.9028,4.286,walk
34.3171,11864,0.1183,-0.1182,-0.005,0.9028,4.276,walk
34.3221,11865,0.1206,-0.1205,-0.0058,0.9293,4.245,walk
34.3253,11866,0.1207,-0.1205,-0.0063,0.9446,4.203,walk
34.3258,11867,0.1192,-0.119,-0.0061,0.9446,4.186,walk
34.3287,11868,0.1208,-0.1206,-0.0069,0.9546,4.19,walk
34.3315,11869,0.123,-0.1228,-0.0077,0.9318,4.21,walk
34.3333,11870,0.1207,-0.1205,-0.0074,0.9318,4.195,walk
34.3367,11871,0.1229,-0.1226,-0.0083,0.9305,4.21,walk
34.3378,11872,0.1214,-0.1211,-0.0081,0.9305,4.203,walk
34.3398,11873,0.1234,-0.1231,-0.0088,0.8791,4.26,walk
34.342,11874,0.121,-0.1207,-0.0084,0.8791,4.248,walk
34.3452,11875,0.1248,-0.1244,-0.0096,0.9221,4.353,walk
34.3482,11876,0.1252,-0.1247,-0.0101,0.8826,4.445,walk
34.3497,11877,0.1228,-0.1224,-0.0097,0.8826,4.437,walk
34.3528,11878,0.124,-0.1235,-0.0105,0.8948,4.552,walk
34.3561,11879,0.1216,-0.1211,-0.0101,0.8948,4.546,walk
34.3599,11880,0.1254,-0.1249,-0.0117,0.9127,4.841,walk
34.3625,11881,0.123,-0.1225,-0.0114,0.9127,4.834,walk
34.3697,11882,0.1262,-0.1255,-0.0131,0.8822,5.099,walk
34.3772,11883,0.1245,-0.1237,-0.0138,1.0798,5.066,walk
34.3805,11884,0.1265,-0.1257,-0.0148,0.9247,5.184,walk
34.3832,11885,0.1241,-0.1231,-0.0153,0.8748,5.293,walk
34.3864,11886,0.1259,-0.1248,-0.0162,0.8633,5.421,walk
34.3899,11887,0.126,-0.1248,-0.017,0.8874,5.538,walk
34.392,11888,0.1242,-0.1231,-0.0169,0.8874,5.543,walk
34.3979,11889,0.1258,-0.1244,-0.0186,0.8619,5.773,walk
34.4,11890,0.1232,-0.1218,-0.0185,0.8619,5.776,walk
34.4028,11891,0.1249,-0.1234,-0.0195,0.8724,5.867,walk
34.4049,11892,0.1231,-0.1216,-0.0194,0.8724,5.868,walk
34.4091,11893,0.1218,-0.1201,-0.0202,0.7923,5.999,walk
34.4125,11894,0.1225,-0.1207,-0.0212,0.8404,6.084,walk
34.4174,11895,0.124,-0.122,-0.0222,0.8161,6.174,walk
34.4195,11896,0.1237,-0.1215,-0.0232,0.837,6.242,walk
34.4218,11897,0.1209,-0.1187,-0.0231,0.837,6.237,walk
34.4253,11898,0.1234,-0.121,-0.0241,0.8161,6.314,walk
34.4281,11899,0.121,-0.1184,-0.0252,0.7931,6.379,walk
34.4329,11900,0.1225,-0.1197,-0.0262,0.8223,6.428,walk
34.4359,11901,0.1218,-0.1188,-0.0272,0.7466,6.503,walk
34.4385,11902,0.1199,-0.1168,-0.0272,0.7466,6.494,walk
34.4415,11903,0.1196,-0.1162,-0.0283,0.7952,6.539,walk
34.4435,11904,0.1204,-0.1168,-0.0292,0.7631,6.603,walk
34.4456,11905,0.1189,-0.1153,-0.0291,0.7631,6.592,walk
34.4494,11906,0.1205,-0.1167,-0.03,0.7406,6.669,walk
34.4503,11907,0.1181,-0.1143,-0.0297,0.7406,6.651,walk
34.4534,11908,0.1196,-0.1157,-0.0306,0.7476,6.722,walk
34.4552,11909,0.1176,-0.1136,-0.0303,0.7476,6.697,walk
34.4582,11910,0.1189,-0.1148,-0.0309,0.758,6.711,walk
34.4613,11911,0.1214,-0.1172,-0.0317,0.7454,6.746,walk
34.4639,11912,0.1215,-0.1171,-0.0325,0.693,6.829,walk
34.4664,11913,0.1208,-0.1164,-0.0323,0.693,6.813,walk
34.4715,11914,0.1215,-0.117,-0.0328,0.7181,6.812,walk
34.4731,11915,0.1203,-0.1157,-0.0328,0.7152,6.815,walk
34.4757,11916,0.1177,-0.1132,-0.0323,0.7152,6.745,walk
34.479,11917,0.1185,-0.114,-0.0325,0.8169,6.657,walk
34.4812,11918,0.1198,-0.1151,-0.0331,0.7107,6.684,walk
34.4829,11919,0.1181,-0.1134,-0.0328,0.7107,6.668,walk
34.488,11920,0.1193,-0.1145,-0.0333,0.6921,6.685,walk
34.4888,11921,0.116,-0.1113,-0.0327,0.6921,6.624,walk
34.4918,11922,0.1166,-0.1118,-0.0331,0.6986,6.64,walk
34.4943,11923,0.1178,-0.1129,-0.0336,0.6743,6.707,walk
34.496,11924,0.1163,-0.1114,-0.0333,0.6743,6.682,walk
34.4997,11925,0.116,-0.111,-0.0336,0.684,6.678,walk
34.5047,11926,0.1173,-0.1122,-0.0341,0.6741,6.728,walk
34.507,11927,0.117,-0.1119,-0.0343,0.665,6.74,walk
34.5088,11928,0.1156,-0.1105,-0.034,0.665,6.705,walk
34.5126,11929,0.1162,-0.111,-0.0343,0.6799,6.771,walk
34.5133,11930,0.1147,-0.1096,-0.034,0.6799,6.737,walk
34.5166,11931,0.1146,-0.1094,-0.0342,0.6779,6.762,walk
34.5222,11932,0.1151,-0.1098,-0.0345,0.6395,6.815,walk
34.5238,11933,0.115,-0.1097,-0.0346,0.6702,6.851,walk
34.5305,11934,0.1177,-0.1123,-0.0354,0.6725,6.979,walk
34.531,11935,0.1156,-0.1102,-0.035,0.6725,6.957,walk
34.5336,11936,0.1142,-0.1088,-0.0347,0.6725,6.924,walk
34.5366,11937,0.1141,-0.1087,-0.0348,0.6361,6.976,walk
34.5385,11938,0.1127,-0.1073,-0.0345,0.6361,6.943,walk
34.5421,11939,0.1147,-0.1092,-0.0351,0.6429,7.049,walk
34.5431,11940,0.1146,-0.109,-0.0352,0.6211,7.091,walk
34.5452,11941,0.1132,-0.1077,-0.0349,0.6211,7.069,walk
34.5495,11942,0.1145,-0.1089,-0.0352,0.6242,7.175,walk
34.55,11943,0.1125,-0.1069,-0.0348,0.6242,7.133,walk
34.5528,11944,0.1145,-0.1089,-0.0353,0.6404,7.24,walk
34.5551,11945,0.1125,-0.1069,-0.0349,0.6404,7.199,walk
34.5578,11946,0.113,-0.1074,-0.0351,0.6117,7.302,walk
34.5625,11947,0.1122,-0.1066,-0.035,0.5908,7.388,walk
34.5662,11948,0.1127,-0.1071,-0.0352,0.5985,7.487,walk
34.5718,11949,0.1121,-0.1064,-0.0351,0.6244,7.581,walk
34.5749,11950,0.1119,-0.1062,-0.0351,0.5856,7.681,walk
34.5778,11951,0.1132,-0.1075,-0.0354,0.6146,7.82,walk
34.5798,11952,0.1112,-0.1056,-0.035,0.6146,7.802,walk
34.5833,11953,0.1117,-0.106,-0.0351,0.5775,7.922,walk
34.5859,11954,0.1122,-0.1065,-0.0352,0.5947,8.082,walk
34.5877,11955,0.1109,-0.1053,-0.0349,0.5947,8.057,walk
34.5902,11956,0.112,-0.1064,-0.0352,0.5821,8.23,walk
34.5921,11957,0.1101,-0.1045,-0.0347,0.5821,8.198,walk
34.5949,11958,0.1111,-0.1054,-0.035,0.5498,8.353,walk
34.5995,11959,0.1122,-0.1066,-0.0352,0.59,8.548,walk
34.6003,11960,0.1096,-0.1041,-0.0345,0.59,8.516,walk
34.604,11961,0.1106,-0.105,-0.0347,0.5404,8.685,walk
34.6069,11962,0.111,-0.1054,-0.0348,0.5668,8.881,walk
34.6087,11963,0.109,-0.1035,-0.0342,0.5668,8.851,walk
34.6118,11964,0.1094,-0.1038,-0.0343,0.5647,9.057,walk
34.614,11965,0.108,-0.1026,-0.0339,0.5647,9.034,walk
34.6161,11966,0.1088,-0.1034,-0.034,0.5182,9.261,walk
34.6187,11967,0.109,-0.1036,-0.034,0.5213,9.452,walk
34.6216,11968,0.1077,-0.1023,-0.0336,0.5213,9.444,walk
34.6248,11969,0.1079,-0.1025,-0.0335,0.5382,9.632,walk
34.6287,11970,0.1082,-0.1029,-0.0335,0.5613,9.853,walk
34.6295,11971,0.1061,-0.1009,-0.0329,0.5613,9.82,walk
34.632,11972,0.107,-0.1018,-0.0329,0.5299,10.028,walk
34.6341,11973,0.1049,-0.0998,-0.0323,0.5299,9.993,walk
34.6376,11974,0.1056,-0.1005,-0.0324,0.5069,10.189,walk
34.6396,11975,0.1058,-0.1007,-0.0323,0.5407,10.379,walk
34.6422,11976,0.1037,-0.0987,-0.0316,0.5407,10.359,walk
34.6453,11977,0.1044,-0.0995,-0.0316,0.518,10.545,walk
34.6498,11978,0.103,-0.0982,-0.031,0.5241,10.7,walk
34.6519,11979,0.1037,-0.0989,-0.031,0.5059,10.873,walk
34.6544,11980,0.1015,-0.0969,-0.0303,0.5059,10.849,walk
34.6584,11981,0.1022,-0.0976,-0.0303,0.5275,11.03,walk
34.6589,11982,0.1008,-0.0963,-0.0298,0.5275,11.017,walk
34.6628,11983,0.1006,-0.0962,-0.0296,0.494,11.174,walk
34.6663,11984,0.1013,-0.0969,-0.0296,0.5236,11.351,walk
34.667,11985,0.0991,-0.0948,-0.0288,0.5236,11.294,walk
34.6715,11986,0.1004,-0.0961,-0.029,0.4854,11.461,walk
34.6751,11987,0.0981,-0.094,-0.028,0.5394,11.559,walk
34.6756,11988,0.0965,-0.0926,-0.0274,0.5394,11.543,walk
34.6785,11989,0.0971,-0.0931,-0.0274,0.4927,11.655,walk
34.6798,11990,0.0955,-0.0917,-0.0268,0.4927,11.638,walk
34.6831,11991,0.0961,-0.0923,-0.0267,0.5084,11.782,walk
34.6874,11992,0.0959,-0.0922,-0.0264,0.5167,11.928,walk
34.688,11993,0.0935,-0.09,-0.0255,0.5167,11.856,walk
34.6919,11994,0.0917,-0.0884,-0.0246,0.5251,11.935,walk
34.6955,11995,0.0922,-0.0889,-0.0244,0.5147,12.059,walk
34.6964,11996,0.0906,-0.0874,-0.0238,0.5147,12.02,walk
34.7002,11997,0.0896,-0.0866,-0.0231,0.5393,12.135,walk
34.7024,11998,0.0901,-0.0871,-0.0229,0.5198,12.222,walk
34.7049,11999,0.0884,-0.0856,-0.0223,0.5198,12.181,walk
34.7088,12000,0.0881,-0.0853,-0.0218,0.5095,12.305,walk
34.7107,12001,0.0886,-0.0859,-0.0216,0.5339,12.378,walk
34.7124,12002,0.0861,-0.0836,-0.0207,0.5339,12.336,walk
34.715,12003,0.0865,-0.0841,-0.0204,0.5052,12.403,walk
34.7171,12004,0.084,-0.0817,-0.0194,0.5052,12.36,walk
34.7206,12005,0.0837,-0.0815,-0.0188,0.5337,12.44,walk
34.7226,12006,0.082,-0.0799,-0.0182,0.5337,12.418,walk
34.7268,12007,0.0833,-0.0813,-0.0183,0.5309,12.517,walk
34.7288,12008,0.0821,-0.0803,-0.0173,0.5282,12.589,walk
34.731,12009,0.0818,-0.08,-0.0167,0.5385,12.623,walk
34.7337,12010,0.0809,-0.0792,-0.0164,0.5385,12.623,walk
34.7377,12011,0.0785,-0.0771,-0.0149,0.527,12.607,walk
34.7406,12012,0.0795,-0.0782,-0.0147,0.537,12.673,walk
34.7424,12013,0.0784,-0.0771,-0.0142,0.537,12.656,walk
34.7458,12014,0.0793,-0.078,-0.0141,0.5069,12.741,walk
34.7483,12015,0.0791,-0.0779,-0.0135,0.5545,12.796,walk
34.75,12016,0.0777,-0.0766,-0.013,0.5545,12.783,walk
34.7541,12017,0.0779,-0.0768,-0.0129,0.5256,12.864,walk
34.756,12018,0.0781,-0.0771,-0.0128,0.5585,12.957,walk
34.7586,12019,0.0761,-0.0751,-0.0122,0.5585,12.938,walk
34.7635,12020,0.0763,-0.0753,-0.0122,0.5081,12.985,walk
34.7654,12021,0.0766,-0.0756,-0.0121,0.5449,13.104,walk
34.7675,12022,0.0746,-0.0737,-0.0116,0.5449,13.084,walk
34.7698,12023,0.0756,-0.0747,-0.0117,0.5465,13.184,walk
34.7716,12024,0.0743,-0.0734,-0.0113,0.5465,13.177,walk
34.7754,12025,0.0753,-0.0744,-0.0115,0.5412,13.256,walk
34.7797,12026,0.0739,-0.073,-0.0109,0.5485,13.306,walk
34.7838,12027,0.0741,-0.0733,-0.0109,0.5293,13.381,walk
34.7871,12028,0.0745,-0.0737,-0.0109,0.5613,13.457,walk
34.788,12029,0.0727,-0.0719,-0.0103,0.5613,13.399,walk
34.792,12030,0.0743,-0.0736,-0.0106,0.5452,13.518,walk
34.794,12031,0.0742,-0.0735,-0.0104,0.5602,13.556,walk
34.7961,12032,0.0724,-0.0718,-0.0099,0.5602,13.519,walk
34.7993,12033,0.0734,-0.0728,-0.01,0.5374,13.577,walk
34.8006,12034,0.0722,-0.0715,-0.0096,0.5374,13.536,walk
34.8041,12035,0.0739,-0.0733,-0.01,0.5742,13.666,walk
34.8048,12036,0.072,-0.0714,-0.0095,0.5742,13.582,walk
34.8085,12037,0.0731,-0.0724,-0.0097,0.5617,13.686,walk
34.8093,12038,0.0712,-0.0706,-0.0092,0.5617,13.599,walk
34.8126,12039,0.0715,-0.0709,-0.0093,0.5328,13.686,walk
34.816,12040,0.0732,-0.0726,-0.0096,0.556,13.774,walk
34.8167,12041,0.0714,-0.0708,-0.0092,0.556,13.682,walk
34.8216,12042,0.0725,-0.0719,-0.0094,0.5703,13.775,walk
34.8251,12043,0.0723,-0.0717,-0.0094,0.5538,13.809,walk
34.8255,12044,0.0705,-0.0699,-0.0091,0.5538,13.71,walk
34.8291,12045,0.0716,-0.0709,-0.0094,0.5396,13.779,walk
34.8316,12046,0.0715,-0.0709,-0.0094,0.5635,13.762,walk
34.8332,12047,0.0703,-0.0697,-0.0092,0.5635,13.737,walk
34.8374,12048,0.0717,-0.071,-0.0095,0.6139,13.78,walk
34.838,12049,0.0699,-0.0693,-0.0092,0.6139,13.728,walk
34.8413,12050,0.0704,-0.0698,-0.0095,0.5467,13.823,walk
34.8455,12051,0.0716,-0.0709,-0.0098,0.5521,13.907,walk
34.8479,12052,0.0716,-0.0709,-0.01,0.572,13.905,walk
34.8494,12053,0.0705,-0.0698,-0.0098,0.572,13.878,walk
34.8533,12054,0.0716,-0.0709,-0.0101,0.5666,13.933,walk
34.8542,12055,0.0699,-0.0692,-0.0099,0.5666,13.879,walk
34.8577,12056,0.0712,-0.0705,-0.0102,0.5849,13.961,walk
34.8607,12057,0.0712,-0.0705,-0.0105,0.564,13.993,walk
34.863,12058,0.0695,-0.0688,-0.0102,0.564,13.886,walk
34.8665,12059,0.0707,-0.0699,-0.0106,0.5475,13.944,walk
34.8684,12060,0.0716,-0.0707,-0.011,0.6375,13.961,walk
34.8717,12061,0.0699,-0.069,-0.0107,0.6375,13.907,walk
34.8741,12062,0.0687,-0.0679,-0.0106,0.6375,13.854,walk
34.8782,12063,0.0702,-0.0693,-0.011,0.6313,13.9,walk
34.88,12064,0.0704,-0.0695,-0.0112,0.6027,13.929,walk
34.8823,12065,0.071,-0.0701,-0.0116,0.574,13.994,walk
34.8855,12066,0.0728,-0.0718,-0.012,0.5676,14.058,walk
34.8877,12067,0.0711,-0.0701,-0.0118,0.5676,13.953,walk
34.8924,12068,0.0716,-0.0706,-0.0121,0.5364,13.998,walk
34.8956,12069,0.0705,-0.0694,-0.0122,0.559,13.972,walk
34.8987,12070,0.0717,-0.0706,-0.0126,0.5784,14.108,walk
34.9001,12071,0.07,-0.0689,-0.0124,0.5784,14.029,walk
34.9023,12072,0.0713,-0.0701,-0.0128,0.5991,14.102,walk
34.9043,12073,0.0701,-0.069,-0.0127,0.5991,14.076,walk
34.9086,12074,0.0702,-0.069,-0.0129,0.593,14.049,walk
34.9114,12075,0.0722,-0.0709,-0.0133,0.6138,14.183,walk
34.9134,12076,0.0698,-0.0686,-0.013,0.6138,14.051,walk
34.9171,12077,0.0712,-0.0699,-0.0134,0.6083,14.141,walk
34.9197,12078,0.0718,-0.0705,-0.0137,0.5849,14.125,walk
34.9236,12079,0.0724,-0.0711,-0.014,0.5903,14.184,walk
34.9254,12080,0.07,-0.0687,-0.0137,0.5903,14.081,walk
34.9287,12081,0.0713,-0.0699,-0.014,0.5975,14.089,walk
34.9331,12082,0.072,-0.0706,-0.0143,0.6145,14.154,walk
34.9339,12083,0.0696,-0.0682,-0.014,0.6145,14.028,walk
34.9372,12084,0.0716,-0.0701,-0.0145,0.6253,14.11,walk
34.9402,12085,0.0716,-0.0701,-0.0147,0.6108,14.141,walk
34.9419,12086,0.0698,-0.0683,-0.0145,0.6108,14.091,walk
34.9441,12087,0.0717,-0.0701,-0.0149,0.6212,14.176,walk
34.9461,12088,0.0699,-0.0683,-0.0148,0.6212,14.078,walk
34.9498,12089,0.0712,-0.0695,-0.0151,0.6172,14.166,walk
34.9526,12090,0.0718,-0.0701,-0.0154,0.612,14.185,walk
34.9545,12091,0.0699,-0.0682,-0.0152,0.612,14.137,walk
34.9582,12092,0.0712,-0.0695,-0.0156,0.6158,14.162,walk
34.9603,12093,0.0719,-0.0701,-0.016,0.6286,14.236,walk
34.9619,12094,0.0706,-0.0688,-0.0159,0.6286,14.165,walk
34.9641,12095,0.0693,-0.0675,-0.0158,0.6286,14.141,walk
34.9681,12096,0.0719,-0.07,-0.0166,0.6441,14.258,walk
34.9713,12097,0.0712,-0.0693,-0.0166,0.6441,14.258,walk
34.9737,12098,0.0705,-0.0685,-0.0168,0.6084,14.267,walk
34.9796,12099,0.0704,-0.0682,-0.0172,0.6102,14.273,walk
34.9835,12100,0.0689,-0.0667,-0.0175,0.6205,14.284,stand
34.9861,12101,0.0702,-0.0679,-0.0179,0.635,14.379,stand
34.9894,12102,0.0707,-0.0683,-0.0183,0.6347,14.412,stand
34.9921,12103,0.068,-0.0655,-0.0183,0.6347,14.324,stand
34.9957,12104,0.0692,-0.0666,-0.0188,0.6291,14.417,stand
34.9965,12105,0.0678,-0.0652,-0.0188,0.6291,14.373,stand
35.0001,12106,0.0677,-0.0649,-0.0193,0.6406,14.42,stand
35.0035,12107,0.0689,-0.066,-0.0198,0.645,14.486,stand
35.0082,12108,0.0694,-0.0664,-0.0203,0.6366,14.57,stand
35.0085,12109,0.0673,-0.0641,-0.0204,0.6366,14.48,stand
35.0127,12110,0.0678,-0.0644,-0.021,0.6526,14.55,stand
35.0137,12111,0.0663,-0.0629,-0.0211,0.6526,14.528,stand
35.0171,12112,0.0682,-0.0647,-0.0216,0.6448,14.611,stand
35.0203,12113,0.0673,-0.0635,-0.0222,0.654,14.634,stand
35.0236,12114,0.0677,-0.0637,-0.0228,0.643,14.714,stand
35.0289,12115,0.066,-0.0616,-0.0237,0.6784,14.719,stand
35.0311,12116,0.068,-0.0635,-0.0243,0.6731,14.822,stand
35.0336,12117,0.065,-0.0602,-0.0246,0.6731,14.751,stand
35.0375,12118,0.0648,-0.0596,-0.0254,0.6769,14.782,stand
35.0402,12119,0.0663,-0.061,-0.0259,0.6624,14.896,stand
35.042,12120,0.0648,-0.0594,-0.0259,0.6624,14.832,stand
35.0453,12121,0.0671,-0.0617,-0.0263,0.6916,14.957,stand
35.0494,12122,0.0679,-0.0624,-0.0266,0.6805,15.004,stand
35.0497,12123,0.0668,-0.0613,-0.0265,0.6805,14.934,stand
35.0543,12124,0.0681,-0.0626,-0.0267,0.6914,15.007,stand
35.055,12125,0.0671,-0.0616,-0.0264,0.6914,14.952,stand
35.0583,12126,0.069,-0.0636,-0.0267,0.7174,15.067,stand
35.0591,12127,0.0673,-0.0619,-0.0264,0.7174,14.979,stand
35.0624,12128,0.069,-0.0636,-0.0267,0.7161,15.037,stand
35.0649,12129,0.0706,-0.0653,-0.0269,0.6966,15.169,stand
35.0668,12130,0.0687,-0.0633,-0.0267,0.6966,15.049,stand
35.0694,12131,0.0701,-0.0647,-0.0269,0.6806,15.173,stand
35.0721,12132,0.0681,-0.0627,-0.0266,0.6806,15.055,stand
35.0777,12133,0.0699,-0.0644,-0.0271,0.7181,15.23,stand
35.08,12134,0.0679,-0.0624,-0.0268,0.7181,15.174,stand
35.0822,12135,0.0709,-0.0654,-0.0273,0.729,15.322,stand
35.0842,12136,0.0683,-0.0627,-0.027,0.729,15.212,stand
35.0868,12137,0.0699,-0.0644,-0.0273,0.7252,15.323,stand
35.0901,12138,0.0716,-0.0661,-0.0276,0.719,15.452,stand
35.0918,12139,0.0698,-0.0642,-0.0273,0.719,15.359,stand
35.0958,12140,0.0703,-0.0647,-0.0275,0.7213,15.46,stand
35.0987,12141,0.0721,-0.0665,-0.0278,0.741,15.552,stand
35.1001,12142,0.0703,-0.0646,-0.0276,0.741,15.507,stand
35.1042,12143,0.071,-0.0653,-0.0278,0.7328,15.559,stand
35.1097,12144,0.0731,-0.0675,-0.028,0.8166,15.791,stand
35.1133,12145,0.0728,-0.067,-0.0285,0.7617,15.643,stand
35.1159,12146,0.0746,-0.0689,-0.0285,0.7434,15.931,stand
35.1188,12147,0.076,-0.0702,-0.0291,0.7485,15.815,stand
35.122,12148,0.0749,-0.069,-0.029,0.7485,15.792,stand
35.1246,12149,0.075,-0.0693,-0.0289,0.7553,15.991,stand
35.128,12150,0.0766,-0.0706,-0.0296,0.7669,15.861,stand
35.1312,12151,0.0784,-0.0724,-0.03,0.7235,15.948,stand
35.1336,12152,0.0773,-0.0713,-0.0299,0.7235,15.881,stand
35.1372,12153,0.0782,-0.0721,-0.0301,0.7515,15.947,stand
35.1415,12154,0.0791,-0.073,-0.0304,0.7594,15.979,stand
35.142,12155,0.078,-0.0719,-0.0303,0.7594,15.912,stand
35.145,12156,0.0789,-0.0727,-0.0305,0.7362,15.977,stand
35.1478,12157,0.081,-0.0748,-0.0309,0.7757,16.021,stand
35.1499,12158,0.0799,-0.0738,-0.0308,0.7757,15.977,stand
35.1532,12159,0.0815,-0.0753,-0.0311,0.7756,16.027,stand
35.1549,12160,0.0805,-0.0742,-0.031,0.7756,15.961,stand
35.1589,12161,0.0821,-0.0758,-0.0314,0.7834,15.998,stand
35.1604,12162,0.0842,-0.0779,-0.0318,0.7788,16.007,stand
35.1619,12163,0.0826,-0.0764,-0.0316,0.7788,15.963,stand
35.1667,12164,0.0848,-0.0785,-0.032,0.7849,15.983,stand
35.1673,12165,0.0832,-0.0769,-0.0319,0.7849,15.917,stand
35.1702,12166,0.0849,-0.0785,-0.0322,0.7872,15.873,stand
35.1734,12167,0.087,-0.0807,-0.0327,0.7846,15.895,stand
35.1778,12168,0.0877,-0.0813,-0.0329,0.8058,15.82,stand
35.1814,12169,0.0894,-0.083,-0.0333,0.8006,15.774,stand
35.184,12170,0.0874,-0.0809,-0.0331,0.8006,15.71,stand
35.1868,12171,0.0895,-0.083,-0.0335,0.7948,15.669,stand
35.1919,12172,0.0918,-0.0853,-0.034,0.8177,15.642,stand
35.193,12173,0.0929,-0.0863,-0.0343,0.7904,15.568,stand
35.1952,12174,0.0913,-0.0847,-0.0341,0.7904,15.507,stand
35.1984,12175,0.0936,-0.0869,-0.0346,0.8215,15.475,stand
35.2003,12176,0.092,-0.0853,-0.0344,0.8215,15.436,stand
35.203,12177,0.0937,-0.087,-0.0349,0.8242,15.344,stand
35.2052,12178,0.0927,-0.0859,-0.0348,0.8242,15.325,stand
35.2087,12179,0.0943,-0.0875,-0.0351,0.8006,15.24,stand
35.2124,12180,0.0965,-0.0897,-0.0356,0.8175,15.183,stand
35.213,12181,0.0948,-0.088,-0.0354,0.8175,15.128,stand
35.2171,12182,0.0971,-0.0902,-0.0358,0.8322,15.091,stand
35.2189,12183,0.0991,-0.0923,-0.0362,0.7907,15.033,stand
35.2206,12184,0.0975,-0.0906,-0.0361,0.7907,14.96,stand
35.226,12185,0.0996,-0.0927,-0.0365,0.8048,14.906,stand
35.2308,12186,0.1028,-0.0958,-0.0373,0.8091,14.769,stand
35.2335,12187,0.1,-0.0928,-0.037,0.8091,14.681,stand
35.2358,12188,0.1021,-0.0949,-0.0375,0.8078,14.621,stand
35.2379,12189,0.1003,-0.0931,-0.0373,0.8078,14.586,stand
35.2417,12190,0.1036,-0.0964,-0.0379,0.8093,14.598,stand
35.2447,12191,0.1033,-0.0961,-0.0381,0.8107,14.504,stand
35.2467,12192,0.1022,-0.0948,-0.038,0.8107,14.467,stand
35.2492,12193,0.1037,-0.0964,-0.0384,0.8312,14.405,stand
35.2539,12194,0.1055,-0.098,-0.0391,0.7167,14.19,stand
35.2543,12195,0.1037,-0.0961,-0.0389,0.7167,14.153,stand
35.2584,12196,0.1053,-0.0977,-0.0392,0.7257,14.136,stand
35.259,12197,0.1035,-0.0958,-0.039,0.7257,14.097,stand
35.2611,12198,0.1064,-0.0988,-0.0395,0.7255,14.178,stand
35.2631,12199,0.1039,-0.0962,-0.0393,0.7255,14.098,stand
35.2672,12200,0.1065,-0.0988,-0.0396,0.8054,14.12,stand
35.271,12201,0.1058,-0.0981,-0.0396,0.7668,14.027,stand
35.2733,12202,0.1045,-0.0968,-0.0395,0.7668,13.985,stand
35.2789,12203,0.1094,-0.1017,-0.0403,0.7963,14.134,stand
35.2821,12204,0.107,-0.0993,-0.04,0.7184,14.003,stand
35.2874,12205,0.1067,-0.099,-0.0398,0.7473,13.971,stand
35.2903,12206,0.1083,-0.1007,-0.04,0.7422,14.038,stand
35.2944,12207,0.1086,-0.1009,-0.0399,0.7331,14.008,stand
35.296,12208,0.1065,-0.0989,-0.0396,0.7331,13.941,stand
35.3002,12209,0.108,-0.1004,-0.0397,0.7129,13.978,stand
35.3007,12210,0.1066,-0.099,-0.0395,0.7129,13.956,stand
35.3033,12211,0.1087,-0.1012,-0.0397,0.7009,13.998,stand
35.3053,12212,0.1059,-0.0983,-0.0392,0.7009,13.931,stand
35.3091,12213,0.108,-0.1006,-0.0394,0.717,13.98,stand
35.3117,12214,0.1079,-0.1005,-0.0392,0.6755,14.012,stand
35.3144,12215,0.1086,-0.1013,-0.0391,0.7088,14.019,stand
35.317,12216,0.1064,-0.0991,-0.0386,0.7088,13.975,stand
35.3195,12217,0.1069,-0.0997,-0.0385,0.6669,13.997,stand
35.3216,12218,0.1054,-0.0982,-0.0382,0.6669,13.975,stand
35.3244,12219,0.1067,-0.0996,-0.0383,0.6761,14.0,stand
35.3282,12220,0.1064,-0.0993,-0.0381,0.6573,14.03,stand
35.3332,12221,0.1061,-0.0992,-0.0377,0.6758,14.051,stand
35.3337,12222,0.1046,-0.0977,-0.0374,0.6758,14.03,stand
35.3371,12223,0.1058,-0.0989,-0.0374,0.6618,14.131,stand
35.3379,12224,0.1042,-0.0975,-0.037,0.6618,14.065,stand
35.3417,12225,0.1039,-0.0973,-0.0366,0.6625,14.11,stand
35.3458,12226,0.1053,-0.0987,-0.0367,0.6474,14.199,stand
35.3462,12227,0.1035,-0.0969,-0.0363,0.6474,14.147,stand
35.3485,12228,0.1049,-0.0984,-0.0364,0.6345,14.255,stand
35.3506,12229,0.1037,-0.0972,-0.0361,0.6345,14.241,stand
35.3537,12230,0.1047,-0.0981,-0.0366,0.705,14.533,stand
35.3557,12231,0.1062,-0.0996,-0.0368,0.6481,14.651,stand
35.3583,12232,0.1043,-0.0977,-0.0363,0.6481,14.617,stand
35.3619,12233,0.1049,-0.0984,-0.0363,0.6171,14.758,stand
35.3639,12234,0.1061,-0.0996,-0.0365,0.6308,14.89,stand
35.3665,12235,0.1055,-0.099,-0.0364,0.6308,14.88,stand
35.3693,12236,0.106,-0.0995,-0.0365,0.6224,15.048,stand
35.3712,12237,0.1031,-0.0967,-0.0358,0.6224,15.002,stand
35.3771,12238,0.1034,-0.097,-0.0359,0.6199,15.149,stand
35.3791,12239,0.103,-0.0966,-0.0357,0.6143,15.275,stand
35.3816,12240,0.1034,-0.097,-0.0358,0.6294,15.435,stand
35.3841,12241,0.1012,-0.0949,-0.0352,0.6294,15.372,stand
35.3871,12242,0.1016,-0.0953,-0.0353,0.6062,15.529,stand
35.3921,12243,0.1007,-0.0944,-0.035,0.5982,15.63,stand
35.3955,12244,0.1026,-0.0962,-0.0355,0.6146,15.807,stand
35.3963,12245,0.1005,-0.0942,-0.0349,0.6146,15.768,stand
35.3992,12246,0.1015,-0.0952,-0.0351,0.593,15.891,stand
35.4024,12247,0.1025,-0.0962,-0.0354,0.5883,16.009,stand
35.404,12248,0.1004,-0.0942,-0.0348,0.5883,15.965,stand
35.4069,12249,0.1008,-0.0946,-0.035,0.6132,16.086,stand
35.409,12250,0.1001,-0.0939,-0.0348,0.6132,16.04,stand
35.4119,12251,0.1004,-0.0942,-0.0349,0.581,16.133,stand
35.4159,12252,0.1008,-0.0945,-0.0351,0.5849,16.249,stand
35.4164,12253,0.0987,-0.0925,-0.0345,0.5849,16.15,stand
35.4207,12254,0.0997,-0.0934,-0.0348,0.5789,16.291,stand
35.4212,12255,0.0976,-0.0914,-0.0342,0.5789,16.189,stand
35.4272,12256,0.1009,-0.0946,-0.0352,0.556,16.418,stand
35.43,12257,0.0968,-0.0906,-0.0341,0.556,16.234,stand
35.4331,12258,0.0978,-0.0915,-0.0345,0.5887,16.318,stand
35.4356,12259,0.0974,-0.091,-0.0345,0.549,16.314,stand
35.4372,12260,0.096,-0.0897,-0.0341,0.549,16.259,stand
35.4404,12261,0.0976,-0.0912,-0.0346,0.5496,16.3,stand
35.4424,12262,0.0949,-0.0886,-0.0338,0.5496,16.16,stand
35.4457,12263,0.0957,-0.0894,-0.0342,0.5342,16.232,stand
35.4488,12264,0.096,-0.0896,-0.0344,0.5566,16.202,stand
35.4501,12265,0.0939,-0.0876,-0.0338,0.5566,16.145,stand
35.4531,12266,0.0941,-0.0877,-0.034,0.5267,16.092,stand
35.4585,12267,0.0944,-0.0879,-0.0342,0.5576,16.059,stand
35.4596,12268,0.0945,-0.088,-0.0344,0.5274,16.013,stand
35.4616,12269,0.0932,-0.0868,-0.034,0.5274,15.984,stand
35.4651,12270,0.094,-0.0875,-0.0344,0.5309,15.929,stand
35.4669,12271,0.0921,-0.0856,-0.0338,0.5309,15.871,stand
35.4689,12272,0.0936,-0.087,-0.0344,0.5308,15.824,stand
35.471,12273,0.0916,-0.0851,-0.0339,0.5308,15.767,stand
35.477,12274,0.0933,-0.0866,-0.0348,0.5262,15.624,stand
35.4795,12275,0.09,-0.0835,-0.0338,0.5262,15.482,stand
35.4823,12276,0.0909,-0.0842,-0.0343,0.5289,15.483,stand
35.4875,12277,0.0911,-0.0843,-0.0345,0.5166,15.337,walk
35.4881,12278,0.0885,-0.0818,-0.0337,0.5166,15.224,walk
35.4906,12279,0.0893,-0.0825,-0.0341,0.5129,15.204,walk
35.4948,12280,0.0888,-0.0819,-0.0343,0.5292,15.136,walk
35.4964,12281,0.0875,-0.0807,-0.0339,0.5292,15.08,walk
35.4992,12282,0.0877,-0.0808,-0.0342,0.5243,14.981,walk
35.5028,12283,0.0885,-0.0814,-0.0347,0.5099,14.901,walk
35.5046,12284,0.0865,-0.0795,-0.0341,0.5099,14.818,walk
35.5077,12285,0.0868,-0.0797,-0.0346,0.5486,14.604,walk
35.5097,12286,0.0855,-0.0784,-0.0342,0.5486,14.549,walk
35.5128,12287,0.0856,-0.0784,-0.0345,0.5056,14.469,walk
35.5158,12288,0.0858,-0.0784,-0.0349,0.5222,14.339,walk
35.518,12289,0.0845,-0.0771,-0.0345,0.5222,14.312,walk
35.5216,12290,0.0853,-0.0778,-0.035,0.5165,14.231,walk
35.5258,12291,0.0834,-0.0758,-0.0348,0.4965,14.029,walk
35.5296,12292,0.083,-0.0752,-0.0351,0.5444,13.947,walk
35.5336,12293,0.0831,-0.0751,-0.0354,0.498,13.849,walk
35.5369,12294,0.0832,-0.0751,-0.0358,0.5062,13.745,walk
35.5379,12295,0.0818,-0.0737,-0.0355,0.5062,13.72,walk
35.5405,12296,0.0827,-0.0744,-0.0361,0.5352,13.694,walk
35.5425,12297,0.0807,-0.0724,-0.0356,0.5352,13.597,walk
35.5457,12298,0.082,-0.0736,-0.0363,0.4895,13.58,walk
35.5499,12299,0.0815,-0.0728,-0.0366,0.5198,13.46,walk
35.5502,12300,0.0794,-0.0708,-0.0361,0.5198,13.414,walk
35.5523,12301,0.0809,-0.072,-0.0369,0.5222,13.396,walk
35.5543,12302,0.0789,-0.07,-0.0363,0.5222,13.351,walk
35.5589,12303,0.0803,-0.0711,-0.0372,0.5021,13.306,walk
35.5611,12304,0.079,-0.0697,-0.0373,0.5289,13.219,walk
35.5629,12305,0.0776,-0.0683,-0.0369,0.5289,13.198,walk
35.5657,12306,0.0776,-0.068,-0.0374,0.5155,13.154,walk
35.5678,12307,0.0762,-0.0666,-0.0371,0.5155,13.134,walk
35.5709,12308,0.0763,-0.0664,-0.0376,0.5232,13.076,walk
35.5756,12309,0.0749,-0.0647,-0.0378,0.5163,13.035,walk
35.581,12310,0.0756,-0.0651,-0.0384,0.5276,13.058,walk
35.5827,12311,0.0742,-0.0634,-0.0386,0.5206,13.035,walk
35.5872,12312,0.0742,-0.0631,-0.0392,0.5318,12.999,walk
35.5879,12313,0.0728,-0.0616,-0.0389,0.5318,12.981,walk
35.5914,12314,0.0735,-0.0619,-0.0396,0.5233,13.011,walk
35.5935,12315,0.0736,-0.0616,-0.0402,0.5398,13.049,walk
35.5962,12316,0.0707,-0.0585,-0.0396,0.5398,12.995,walk
35.5987,12317,0.0713,-0.0589,-0.0403,0.523,13.018,walk
35.6005,12318,0.0699,-0.0573,-0.04,0.523,13.0,walk
35.6029,12319,0.0706,-0.0576,-0.0409,0.5304,13.051,walk
35.6082,12320,0.0684,-0.0547,-0.041,0.5284,13.053,walk
35.6101,12321,0.0691,-0.0549,-0.0418,0.5269,13.093,walk
35.6127,12322,0.0676,-0.0533,-0.0416,0.5269,13.075,walk
35.616,12323,0.0683,-0.0535,-0.0424,0.5282,13.139,walk
35.6208,12324,0.0668,-0.0513,-0.0429,0.5383,13.187,walk
35.6216,12325,0.0654,-0.0496,-0.0426,0.5383,13.133,walk
35.6275,12326,0.0662,-0.0492,-0.0443,0.5425,13.334,walk
35.6305,12327,0.0647,-0.0475,-0.044,0.5425,13.279,walk
35.6336,12328,0.0648,-0.0468,-0.0448,0.5457,13.402,walk
35.6343,12329,0.0634,-0.045,-0.0446,0.5457,13.347,walk
35.6375,12330,0.0635,-0.0443,-0.0455,0.5513,13.455,walk
35.6381,12331,0.0621,-0.0426,-0.0453,0.5513,13.403,walk
35.6411,12332,0.0643,-0.0444,-0.0464,0.5388,13.572,walk
35.6461,12333,0.0637,-0.043,-0.0471,0.552,13.632,walk
35.6464,12334,0.0623,-0.0413,-0.0467,0.552,13.579,walk
35.6493,12335,0.064,-0.0426,-0.0478,0.5457,13.755,walk
35.6522,12336,0.0643,-0.0424,-0.0484,0.5466,13.828,walk
35.6539,12337,0.0635,-0.0415,-0.048,0.5466,13.763,walk
35.6588,12338,0.0648,-0.0424,-0.049,0.5522,13.911,walk
35.6604,12339,0.0653,-0.0425,-0.0495,0.5604,13.973,walk
35.6618,12340,0.0643,-0.0415,-0.0491,0.5604,13.895,walk
35.6657,12341,0.0645,-0.0413,-0.0496,0.555,13.965,walk
35.6686,12342,0.0656,-0.042,-0.0504,0.5617,14.106,walk
35.6705,12343,0.0639,-0.0403,-0.0496,0.5617,14.001,walk
35.6762,12344,0.0638,-0.0398,-0.0498,0.5816,14.097,walk
35.6806,12345,0.0647,-0.0405,-0.0505,0.5558,14.18,walk
35.6841,12346,0.0628,-0.0382,-0.0498,0.5829,14.183,walk
35.6874,12347,0.0638,-0.0388,-0.0506,0.5656,14.333,walk
35.6919,12348,0.0632,-0.0378,-0.0506,0.5769,14.408,walk
35.6951,12349,0.0643,-0.0387,-0.0514,0.5772,14.528,walk
35.6956,12350,0.0627,-0.0371,-0.0505,0.5772,14.487,walk
35.6993,12351,0.064,-0.038,-0.0514,0.5974,14.567,walk
35.7027,12352,0.0641,-0.0377,-0.0518,0.5986,14.661,walk
35.7043,12353,0.0625,-0.0361,-0.051,0.5986,14.575,walk
35.7085,12354,0.0628,-0.0359,-0.0515,0.5981,14.674,walk
35.7121,12355,0.0641,-0.0368,-0.0525,0.6111,14.764,walk
35.7125,12356,0.0631,-0.0358,-0.052,0.6111,14.742,walk
35.7157,12357,0.0644,-0.0367,-0.053,0.6044,14.838,walk
35.7202,12358,0.0653,-0.0371,-0.0538,0.6173,14.943,walk
35.7207,12359,0.0639,-0.0356,-0.053,0.6173,14.853,walk
35.7253,12360,0.0653,-0.0366,-0.0541,0.6171,14.986,walk
35.7308,12361,0.0648,-0.0356,-0.0542,0.6239,14.997,walk
35.7318,12362,0.0659,-0.0361,-0.0551,0.6304,15.067,walk
35.7347,12363,0.0672,-0.0368,-0.0562,0.6918,15.185,walk
35.7371,12364,0.0658,-0.0354,-0.0555,0.6918,15.094,walk
35.7399,12365,0.0672,-0.0364,-0.0565,0.5969,15.219,walk
35.7425,12366,0.0659,-0.0351,-0.0557,0.5969,15.129,walk
35.7451,12367,0.0677,-0.0363,-0.0571,0.6888,15.253,walk
35.7477,12368,0.0688,-0.037,-0.0581,0.6478,15.309,walk
35.7502,12369,0.0675,-0.0357,-0.0573,0.6478,15.264,walk
35.7536,12370,0.0696,-0.0373,-0.0587,0.6421,15.342,walk
35.7557,12371,0.0678,-0.0356,-0.0577,0.6421,15.275,walk
35.7599,12372,0.0712,-0.0381,-0.0602,0.6628,15.432,walk
35.762,12373,0.0699,-0.0369,-0.0594,0.6628,15.344,walk
35.7653,12374,0.0721,-0.0385,-0.0609,0.6527,15.435,walk
35.7669,12375,0.0708,-0.0373,-0.0602,0.6527,15.391,walk
35.7708,12376,0.0718,-0.0378,-0.0611,0.6935,15.419,walk
35.7738,12377,0.0737,-0.0391,-0.0624,0.6854,15.499,walk
35.7809,12378,0.0746,-0.0397,-0.0632,0.6792,15.505,walk
35.7842,12379,0.0748,-0.0394,-0.0636,0.6822,15.441,walk
35.7872,12380,0.0755,-0.0397,-0.0642,0.7121,15.425,walk
35.7894,12381,0.0747,-0.039,-0.0637,0.7121,15.404,walk
35.7929,12382,0.0763,-0.04,-0.065,0.7269,15.409,walk
35.7959,12383,0.0783,-0.0414,-0.0665,0.7174,15.438,walk
35.7982,12384,0.0799,-0.0424,-0.0677,0.7211,15.463,walk
35.8003,12385,0.0787,-0.0413,-0.0669,0.7211,15.4,walk
35.8037,12386,0.0803,-0.0425,-0.0682,0.7399,15.394,walk
35.8063,12387,0.0825,-0.0439,-0.0699,0.7615,15.435,walk
35.8093,12388,0.0808,-0.0425,-0.0688,0.7615,15.333,walk
35.8128,12389,0.0829,-0.0439,-0.0703,0.744,15.336,walk
35.8151,12390,0.0851,-0.0454,-0.072,0.7604,15.339,walk
35.8171,12391,0.0834,-0.0439,-0.0709,0.7604,15.259,walk
35.8194,12392,0.0861,-0.0458,-0.0728,0.7766,15.268,walk
35.8213,12393,0.0848,-0.0447,-0.072,0.7766,15.189,walk
35.8264,12394,0.0874,-0.0466,-0.0739,0.7624,15.199,walk
35.8303,12395,0.0879,-0.0465,-0.0746,0.7865,15.14,walk
35.8338,12396,0.0888,-0.0468,-0.0754,0.7736,15.053,walk
35.8369,12397,0.091,-0.0483,-0.0771,0.774,14.969,walk
35.8396,12398,0.0929,-0.0494,-0.0786,0.795,14.943,walk
35.8422,12399,0.091,-0.048,-0.0774,0.795,14.842,walk
35.8464,12400,0.0924,-0.0486,-0.0785,0.786,14.769,walk
35.8497,12401,0.0947,-0.05,-0.0804,0.7961,14.731,walk
35.853,12402,0.0962,-0.0507,-0.0817,0.8166,14.653,walk
35.8545,12403,0.0952,-0.0499,-0.081,0.8166,14.632,walk
35.8589,12404,0.0976,-0.0514,-0.0829,0.8067,14.564,walk
35.8595,12405,0.0961,-0.0502,-0.0819,0.8067,14.523,walk
35.863,12406,0.0989,-0.052,-0.0841,0.7992,14.492,walk
35.8661,12407,0.1003,-0.0526,-0.0854,0.8064,14.394,walk
35.8691,12408,0.1015,-0.053,-0.0866,0.7851,14.32,walk
35.8708,12409,0.1005,-0.0522,-0.0859,0.7851,14.278,walk
35.876,12410,0.1028,-0.0535,-0.0877,0.7841,14.279,walk
35.8796,12411,0.1034,-0.0535,-0.0885,0.7766,14.205,walk
35.8824,12412,0.1045,-0.0539,-0.0896,0.7737,14.177,walk
35.885,12413,0.1056,-0.0542,-0.0906,0.7656,14.162,walk
35.8877,12414,0.1045,-0.0534,-0.0898,0.7656,14.141,walk
35.8908,12415,0.1058,-0.0536,-0.0913,0.7141,14.229,walk
35.8928,12416,0.1048,-0.0528,-0.0905,0.7141,14.208,walk
35.8963,12417,0.1055,-0.0527,-0.0914,0.7102,14.251,walk
35.8992,12418,0.1083,-0.0549,-0.0933,1.0405,14.161,walk
35.9024,12419,0.1102,-0.056,-0.095,0.752,14.198,walk
35.904,12420,0.108,-0.0543,-0.0933,0.752,14.134,walk
35.908,12421,0.11,-0.0554,-0.095,0.7854,14.16,walk
35.9102,12422,0.1114,-0.056,-0.0963,0.7601,14.208,walk
35.9126,12423,0.1096,-0.0548,-0.095,0.7601,14.122,walk
35.9152,12424,0.1116,-0.0558,-0.0966,0.7755,14.189,walk
35.9173,12425,0.1098,-0.0546,-0.0953,0.7755,14.104,walk
35.9205,12426,0.1111,-0.0551,-0.0965,0.7557,14.188,walk
35.9257,12427,0.1124,-0.0556,-0.0976,0.7601,14.219,walk
35.9267,12428,0.1105,-0.0544,-0.0962,0.7601,14.176,walk
35.9309,12429,0.1112,-0.0546,-0.0969,0.7564,14.215,walk
35.934,12430,0.1135,-0.0558,-0.0989,0.7369,14.335,walk
35.937,12431,0.1147,-0.0562,-0.0999,0.7363,14.4,walk
35.9414,12432,0.1133,-0.055,-0.0991,0.7393,14.416,walk
35.9456,12433,0.1151,-0.0558,-0.1007,0.7199,14.485,walk
35.9464,12434,0.1133,-0.0545,-0.0993,0.7199,14.444,walk
35.949,12435,0.1144,-0.0548,-0.1004,0.7311,14.541,walk
35.951,12436,0.1131,-0.054,-0.0994,0.7311,14.523,walk
35.954,12437,0.1141,-0.0543,-0.1003,0.7049,14.614,walk
35.957,12438,0.1157,-0.055,-0.1018,0.6987,14.738,walk
35.959,12439,0.1144,-0.0542,-0.1007,0.6987,14.692,walk
35.963,12440,0.1152,-0.0544,-0.1015,0.672,14.802,walk
35.964,12441,0.1166,-0.055,-0.1028,0.658,14.869,walk
35.966,12442,0.1148,-0.0539,-0.1013,0.658,14.843,walk
35.97,12443,0.1163,-0.0546,-0.1027,0.647,14.903,walk
35.971,12444,0.1151,-0.0539,-0.1017,0.647,14.879,walk
35.9733,12445,0.1166,-0.0546,-0.1031,0.6696,14.997,walk
35.9766,12446,0.1139,-0.0532,-0.1007,0.6696,14.939,walk
35.9815,12447,0.1158,-0.0541,-0.1024,0.6243,15.126,walk
35.9834,12448,0.1157,-0.054,-0.1023,0.6584,15.241,walk
35.9873,12449,0.1162,-0.0542,-0.1028,0.632,15.336,walk
35.9947,12450,0.1168,-0.0543,-0.1033,0.6154,15.503,walk
35.9979,12451,0.1152,-0.0533,-0.1021,0.5959,15.525,walk
36.0,12452,0.1131,-0.0521,-0.1004,0.5959,15.466,walk
36.0039,12453,0.1136,-0.0522,-0.1008,0.6286,15.539,walk
36.008,12454,0.1146,-0.0527,-0.1017,0.5875,15.627,walk
36.0086,12455,0.1124,-0.0515,-0.0999,0.5875,15.567,walk
36.0112,12456,0.1134,-0.0519,-0.1008,0.5894,15.673,walk
36.0143,12457,0.1143,-0.0524,-0.1016,0.5799,15.816,walk
36.0154,12458,0.1128,-0.0515,-0.1004,0.5799,15.786,walk
36.017,12459,0.1106,-0.0503,-0.0986,0.5799,15.666,walk
36.0204,12460,0.1109,-0.0503,-0.0988,0.5901,15.81,walk
36.0234,12461,0.1125,-0.0512,-0.1002,0.5807,15.955,walk
36.0259,12462,0.1111,-0.0503,-0.099,0.5807,15.925,walk
36.0304,12463,0.1104,-0.0499,-0.0985,0.5539,16.012,walk
36.0342,12464,0.1084,-0.0486,-0.0968,0.5702,16.106,walk
36.0375,12465,0.1077,-0.0481,-0.0963,0.5471,16.203,walk
36.0411,12466,0.1085,-0.0485,-0.0971,0.5645,16.427,walk
36.0462,12467,0.1056,-0.0468,-0.0946,0.5219,16.461,walk
36.049,12468,0.1064,-0.0472,-0.0954,0.5601,16.692,walk
36.0509,12469,0.1042,-0.0459,-0.0936,0.5601,16.633,walk
36.0537,12470,0.1049,-0.0462,-0.0942,0.512,16.834,walk
36.0568,12471,0.1056,-0.0465,-0.0948,0.5193,17.106,walk
36.059,12472,0.1034,-0.0453,-0.093,0.5193,16.986,walk
36.0627,12473,0.1034,-0.0452,-0.0931,0.5361,17.247,walk
36.066,12474,0.1026,-0.0446,-0.0924,0.4908,17.44,walk
36.0692,12475,0.1032,-0.0449,-0.093,0.5114,17.695,walk
36.0708,12476,0.1011,-0.0436,-0.0912,0.5114,17.635,walk
36.074,12477,0.101,-0.0434,-0.0911,0.4929,17.862,walk
36.0774,12478,0.1008,-0.0433,-0.091,0.4859,18.067,walk
36.0797,12479,0.0986,-0.042,-0.0892,0.4859,18.006,walk
36.0829,12480,0.1001,-0.0428,-0.0905,0.5341,18.283,walk
36.0881,12481,0.0977,-0.0414,-0.0885,0.4682,18.421,walk
36.0907,12482,0.0968,-0.0408,-0.0878,0.476,18.625,walk
36.0928,12483,0.0954,-0.0399,-0.0866,0.476,18.561,walk
36.0958,12484,0.0959,-0.0402,-0.0871,0.47,18.848,walk
36.0983,12485,0.0951,-0.0397,-0.0864,0.501,18.983,walk
36.1003,12486,0.0936,-0.0388,-0.0852,0.501,18.95,walk
36.1034,12487,0.0928,-0.0383,-0.0845,0.3236,19.285,walk
36.1077,12488,0.093,-0.038,-0.0849,0.4123,19.707,walk
36.1084,12489,0.0909,-0.0367,-0.0831,0.4123,19.577,walk
36.1128,12490,0.0905,-0.0365,-0.0828,0.4315,19.79,walk
36.1163,12491,0.0895,-0.036,-0.082,0.4664,19.92,walk
36.1172,12492,0.0881,-0.0352,-0.0808,0.4664,19.822,walk
36.1203,12493,0.0894,-0.0361,-0.0818,0.4833,20.074,walk
36.1216,12494,0.0873,-0.0347,-0.0801,0.4833,19.943,walk
36.1245,12495,0.0877,-0.0351,-0.0804,0.4527,20.168,walk
36.1275,12496,0.0867,-0.0345,-0.0795,0.4391,20.286,walk
36.1308,12497,0.0863,-0.0344,-0.0792,0.4361,20.477,walk
36.134,12498,0.0843,-0.0331,-0.0775,0.4361,20.379,walk
36.136,12499,0.0852,-0.0338,-0.0782,0.4044,20.614,walk
36.1382,12500,0.0831,-0.0324,-0.0766,0.4044,20.483,walk
36.1414,12501,0.082,-0.0317,-0.0756,0.3934,20.631,walk
36.145,12502,0.0823,-0.0319,-0.0759,0.427,20.846,walk
36.1476,12503,0.0813,-0.0312,-0.0751,0.4287,20.963,walk
36.1496,12504,0.08,-0.0303,-0.074,0.4287,20.899,walk
36.1537,12505,0.0802,-0.0305,-0.0742,0.3943,21.152,walk
36.1544,12506,0.0782,-0.0291,-0.0726,0.3943,21.022,walk
36.1578,12507,0.0778,-0.0288,-0.0722,0.3944,21.222,walk
36.1598,12508,0.0765,-0.0278,-0.0712,0.3944,21.123,walk
36.1633,12509,0.0766,-0.028,-0.0713,0.383,21.345,walk
36.1668,12510,0.0755,-0.0271,-0.0704,0.3805,21.496,walk
36.1708,12511,0.0749,-0.0267,-0.07,0.3645,21.728,walk
36.1713,12512,0.073,-0.0253,-0.0685,0.3645,21.596,walk
36.1761,12513,0.0731,-0.0253,-0.0686,0.3692,21.852,walk
36.1767,12514,0.0712,-0.0238,-0.0671,0.3692,21.719,walk
36.1799,12515,0.0708,-0.0234,-0.0668,0.3933,21.937,walk
36.1835,12516,0.0697,-0.0224,-0.066,0.3632,22.103,walk
36.1875,12517,0.0698,-0.0225,-0.0661,0.3598,22.315,walk
36.1879,12518,0.0686,-0.0214,-0.0651,0.3598,22.247,walk
36.1909,12519,0.068,-0.0209,-0.0647,0.3513,22.443,walk
36.1952,12520,0.0676,-0.0204,-0.0644,0.3684,22.683,walk
36.1977,12521,0.0671,-0.0198,-0.0642,0.375,22.87,walk
36.1998,12522,0.0654,-0.0182,-0.0628,0.375,22.8,walk
36.2035,12523,0.0643,-0.017,-0.062,0.3478,22.961,walk
36.208,12524,0.0644,-0.0169,-0.0621,0.3407,23.259,walk
36.2087,12525,0.0627,-0.0151,-0.0608,0.3407,23.118,walk
36.2119,12526,0.0627,-0.015,-0.0609,0.3357,23.416,walk
36.2128,12527,0.0616,-0.0139,-0.0601,0.3357,23.311,walk
36.2159,12528,0.0612,-0.0132,-0.0598,0.3549,23.581,walk
36.2194,12529,0.0613,-0.013,-0.0598,0.3292,23.811,walk
36.2212,12530,0.0592,-0.0106,-0.0583,0.3292,23.671,walk
36.2262,12531,0.0594,-0.0105,-0.0585,0.3524,23.953,walk
36.2295,12532,0.0591,-0.0097,-0.0583,0.3455,24.2,walk
36.2334,12533,0.0583,-0.0082,-0.0577,0.3339,24.458,walk
36.2341,12534,0.057,-0.0063,-0.0566,0.3339,24.316,walk
36.2377,12535,0.0567,-0.0055,-0.0564,0.3355,24.609,walk
36.2409,12536,0.0569,-0.0054,-0.0566,0.342,24.861,walk
36.2413,12537,0.0558,-0.0039,-0.0556,0.342,24.76,walk
36.2444,12538,0.0563,-0.0043,-0.0561,0.3782,25.085,walk
36.2462,12539,0.0552,-0.0032,-0.0551,0.3782,24.945,walk
36.2492,12540,0.0556,-0.0036,-0.0555,0.3628,25.226,walk
36.2519,12541,0.0551,-0.0036,-0.055,0.2715,25.49,walk
36.2541,12542,0.054,-0.0028,-0.0539,0.2715,25.374,walk
36.2581,12543,0.0536,-0.003,-0.0535,0.1984,25.764,walk
36.2587,12544,0.0528,-0.0024,-0.0527,0.1984,25.645,walk
36.2623,12545,0.0522,-0.0024,-0.0521,0.2549,25.984,walk
36.2635,12546,0.0514,-0.0017,-0.0513,0.2549,25.864,walk
36.2667,12547,0.0516,-0.0022,-0.0516,0.2674,26.271,walk
36.2708,12548,0.0509,-0.0019,-0.0509,0.3359,26.55,walk
36.2712,12549,0.0497,-0.0007,-0.0497,0.3359,26.392,walk
36.2734,12550,0.0499,-0.0011,-0.0499,0.3431,26.761,walk
36.276,12551,0.0491,-0.0004,-0.0491,0.3431,26.645,walk
36.2786,12552,0.0493,-0.0008,-0.0493,0.3531,26.979,walk
36.2815,12553,0.0493,-0.001,-0.0493,0.4144,27.168,walk
36.2842,12554,0.0478,0.0004,-0.0478,0.4144,27.02,walk
36.2875,12555,0.0486,-0.0006,-0.0486,0.4314,27.398,walk
36.2903,12556,0.0483,-0.0006,-0.0483,0.4024,27.587,walk
36.2938,12557,0.0487,-0.0012,-0.0486,0.3892,27.932,jog
36.2963,12558,0.0473,0.0,-0.0473,0.3892,27.796,jog
36.2998,12559,0.0481,-0.0009,-0.048,0.3801,28.187,jog
36.3031,12560,0.0474,-0.0006,-0.0474,0.3641,28.462,jog
36.3049,12561,0.0464,0.0003,-0.0464,0.3641,28.323,jog
36.3082,12562,0.0467,-0.0003,-0.0467,0.3519,28.757,jog
36.3123,12563,0.0464,-0.0004,-0.0464,0.3612,29.048,jog
36.3127,12564,0.0457,0.0002,-0.0457,0.3612,29.012,jog
36.3154,12565,0.046,-0.0004,-0.046,0.3326,29.343,jog
36.3171,12566,0.0451,0.0004,-0.0451,0.3326,29.27,jog
36.3193,12567,0.0457,-0.0005,-0.0457,0.3503,29.693,jog
36.3215,12568,0.0447,0.0002,-0.0447,0.3503,29.546,jog
36.3238,12569,0.045,-0.0005,-0.045,0.3488,29.996,jog
36.3268,12570,0.0454,-0.0012,-0.0453,0.3474,30.357,jog
36.3294,12571,0.0442,-0.0003,-0.0442,0.3474,30.245,jog
36.3336,12572,0.0442,-0.0008,-0.0442,0.357,30.567,jog
36.3379,12573,0.0444,-0.0014,-0.0444,0.3943,30.994,jog
36.3391,12574,0.0446,-0.002,-0.0445,0.3667,31.338,jog
36.3417,12575,0.0437,-0.0014,-0.0437,0.3667,31.223,jog
36.3445,12576,0.0442,-0.0021,-0.0441,0.3705,31.622,jog
36.3464,12577,0.0433,-0.0016,-0.0433,0.3705,31.545,jog
36.3492,12578,0.0435,-0.0023,-0.0435,0.3904,31.938,jog
36.3522,12579,0.0442,-0.0032,-0.0441,0.3479,32.398,jog
36.3537,12580,0.0437,-0.0029,-0.0436,0.3479,32.282,jog
36.358,12581,0.0439,-0.0036,-0.0438,0.391,32.737,jog
36.3586,12582,0.0431,-0.0031,-0.043,0.391,32.581,jog
36.3621,12583,0.0437,-0.0039,-0.0435,0.3803,33.049,jog
36.3629,12584,0.0431,-0.0036,-0.043,0.3803,32.932,jog
36.366,12585,0.0431,-0.0042,-0.0429,0.3801,33.345,jog
36.3686,12586,0.0436,-0.005,-0.0433,0.3602,33.79,jog
36.3701,12587,0.0431,-0.0047,-0.0428,0.3602,33.672,jog
36.3758,12588,0.0429,-0.0051,-0.0426,0.3706,34.02,jog
36.3786,12589,0.0436,-0.0061,-0.0431,0.3992,34.529,jog
36.3811,12590,0.0436,-0.0067,-0.0431,0.375,34.901,jog
36.3837,12591,0.0431,-0.0065,-0.0426,0.375,34.862,jog
36.3883,12592,0.0437,-0.0073,-0.0431,0.3519,35.292,jog
36.3898,12593,0.0439,-0.008,-0.0432,0.3955,35.767,jog
36.3946,12594,0.0437,-0.0085,-0.0429,0.3009,36.128,jog
36.3996,12595,0.0436,-0.0092,-0.0426,0.3788,36.493,jog
36.4052,12596,0.0437,-0.0099,-0.0426,0.3834,36.858,jog
36.4095,12597,0.0431,-0.0105,-0.0418,0.3956,37.207,jog
36.413,12598,0.0436,-0.0115,-0.0421,0.3997,37.628,jog
36.4159,12599,0.044,-0.0124,-0.0422,0.377,38.143,jog
36.4202,12600,0.0447,-0.0136,-0.0426,0.3808,38.606,jog
36.4209,12601,0.0436,-0.0132,-0.0415,0.3808,38.475,jog
36.4232,12602,0.0446,-0.0145,-0.0422,0.3954,38.984,jog
36.4254,12603,0.0443,-0.0144,-0.0419,0.3954,38.94,jog
36.4302,12604,0.0445,-0.0154,-0.0418,0.3992,39.371,jog
36.4312,12605,0.0459,-0.0168,-0.0427,0.3967,39.982,jog
36.4338,12606,0.0442,-0.0164,-0.041,0.3967,39.703,jog
36.4359,12607,0.0449,-0.0176,-0.0413,0.3893,40.259,jog
36.4383,12608,0.0441,-0.0174,-0.0405,0.3893,40.067,jog
36.442,12609,0.0446,-0.0186,-0.0406,0.3967,40.581,jog
36.446,12610,0.0457,-0.0199,-0.0411,0.3807,41.113,jog
36.4466,12611,0.0445,-0.0197,-0.04,0.3807,40.962,jog
36.4495,12612,0.0451,-0.0209,-0.04,0.396,41.355,jog
36.4538,12613,0.0453,-0.022,-0.0396,0.3801,41.747,jog
36.4584,12614,0.0462,-0.0232,-0.0399,0.3725,42.269,jog
36.4592,12615,0.0451,-0.023,-0.0387,0.3725,41.999,jog
36.4623,12616,0.0455,-0.0242,-0.0386,0.362,42.441,jog
36.4649,12617,0.0462,-0.0252,-0.0387,0.3125,42.837,jog
36.4664,12618,0.0456,-0.0251,-0.0381,0.3125,42.78,jog
36.4702,12619,0.0459,-0.0261,-0.0378,0.2678,43.084,jog
36.471,12620,0.0451,-0.0259,-0.0369,0.2678,42.968,jog
36.4759,12621,0.0454,-0.0269,-0.0366,0.2624,43.273,jog
36.4794,12622,0.0454,-0.0278,-0.0359,0.2847,43.586,jog
36.4816,12623,0.0459,-0.0289,-0.0357,0.3364,43.923,jog
36.484,12624,0.045,-0.0287,-0.0347,0.3364,43.74,jog
36.4896,12625,0.0459,-0.0307,-0.0341,0.3203,44.574,jog
36.4918,12626,0.0454,-0.0307,-0.0334,0.3203,44.511,jog
36.4959,12627,0.0461,-0.0317,-0.0335,0.3262,45.029,jog
36.4963,12628,0.0453,-0.0316,-0.0325,0.3262,44.776,jog
36.4992,12629,0.0461,-0.0326,-0.0326,0.3255,45.361,jog
36.5023,12630,0.0468,-0.0337,-0.0324,0.3592,45.811,jog
36.5038,12631,0.0462,-0.0336,-0.0317,0.3592,45.748,jog
36.5073,12632,0.0469,-0.0347,-0.0315,0.3655,46.174,jog
36.5087,12633,0.0464,-0.0347,-0.0308,0.3655,46.11,jog
36.5115,12634,0.0473,-0.0358,-0.0309,0.3462,46.6,jog
36.514,12635,0.048,-0.0369,-0.0306,0.3612,47.129,jog
36.516,12636,0.0472,-0.0369,-0.0295,0.3612,46.876,jog
36.5197,12637,0.0478,-0.0379,-0.0291,0.3131,47.402,jog
36.5215,12638,0.0473,-0.0378,-0.0284,0.3131,47.212,jog
36.5241,12639,0.0481,-0.039,-0.0282,0.3112,47.789,jog
36.5274,12640,0.0486,-0.04,-0.0276,0.2893,48.194,jog
36.5308,12641,0.0488,-0.0409,-0.0266,0.2738,48.567,jog
36.5331,12642,0.0481,-0.0409,-0.0255,0.2738,48.441,jog
36.5379,12643,0.0485,-0.0419,-0.0245,0.2869,48.759,jog
36.5408,12644,0.0493,-0.0429,-0.0242,0.3216,49.187,jog
36.5449,12645,0.0497,-0.0439,-0.0234,0.2684,49.515,jog
36.5489,12646,0.0511,-0.0453,-0.0237,0.3242,49.924,jog
36.5505,12647,0.0514,-0.0456,-0.0236,0.3242,49.694,jog
36.5539,12648,0.0527,-0.047,-0.024,0.2806,50.181,jog
36.5575,12649,0.0539,-0.0482,-0.0242,0.2805,50.563,jog
36.5603,12650,0.055,-0.0493,-0.0244,0.2755,51.0,jog
36.5625,12651,0.055,-0.0493,-0.0243,0.2755,50.95,jog
36.5645,12652,0.0559,-0.0504,-0.0242,0.2747,51.422,jog
36.5662,12653,0.0556,-0.0503,-0.0238,0.2747,51.276,jog
36.5694,12654,0.0567,-0.0514,-0.0241,0.2877,51.782,jog
36.5714,12655,0.0563,-0.0512,-0.0235,0.2877,51.589,jog
36.5745,12656,0.0572,-0.0522,-0.0234,0.2926,51.938,jog
36.5796,12657,0.0582,-0.0533,-0.0235,0.2884,52.422,jog
36.5801,12658,0.0579,-0.0531,-0.023,0.2884,52.227,jog
36.5834,12659,0.0587,-0.0541,-0.0229,0.2945,52.557,jog
36.5863,12660,0.0597,-0.0551,-0.0229,0.2837,53.023,jog
36.5884,12661,0.0594,-0.0549,-0.0226,0.2837,52.876,jog
36.5917,12662,0.0604,-0.056,-0.0226,0.296,53.214,jog
36.596,12663,0.0614,-0.057,-0.0226,0.2787,53.676,jog
36.5967,12664,0.0611,-0.0569,-0.0223,0.2787,53.481,jog
36.5997,12665,0.0621,-0.0579,-0.0225,0.2771,53.931,jog
36.6045,12666,0.0629,-0.0587,-0.0225,0.2632,54.206,jog
36.6049,12667,0.0626,-0.0585,-0.0222,0.2632,54.106,jog
36.6082,12668,0.0635,-0.0594,-0.0223,0.2642,54.474,jog
36.6102,12669,0.0641,-0.0601,-0.0222,0.2729,54.631,jog
36.6128,12670,0.064,-0.06,-0.0221,0.2729,54.579,jog
36.6157,12671,0.0647,-0.061,-0.0218,0.3117,54.895,jog
36.6191,12672,0.0652,-0.0616,-0.0215,0.241,55.232,jog
36.6212,12673,0.065,-0.0614,-0.0213,0.241,55.07,jog
36.6243,12674,0.0658,-0.0622,-0.0213,0.2382,55.477,jog
36.6263,12675,0.0655,-0.062,-0.0212,0.2382,55.423,jog
36.6309,12676,0.0672,-0.0637,-0.0214,0.2618,56.198,jog
36.6331,12677,0.0668,-0.0633,-0.0211,0.2618,55.976,jog
36.6379,12678,0.0676,-0.0642,-0.0213,0.2636,56.396,jog
36.6391,12679,0.0682,-0.0648,-0.0212,0.2581,56.679,jog
36.6417,12680,0.0682,-0.0648,-0.0212,0.2581,56.679,jog
36.6447,12681,0.0687,-0.0653,-0.0211,0.2513,56.947,jog
36.6465,12682,0.0683,-0.065,-0.021,0.2513,56.719,jog
36.6491,12683,0.069,-0.0657,-0.021,0.2596,57.173,jog
36.6521,12684,0.0699,-0.0667,-0.0212,0.2569,57.689,jog
36.6536,12685,0.0696,-0.0663,-0.021,0.2569,57.459,jog
36.6573,12686,0.0703,-0.0671,-0.0211,0.2684,57.854,jog
36.6594,12687,0.0699,-0.0667,-0.0209,0.2684,57.739,jog
36.6632,12688,0.0707,-0.0675,-0.0209,0.2714,58.097,jog
36.6662,12689,0.0714,-0.0683,-0.021,0.2794,58.57,jog
36.6688,12690,0.0721,-0.069,-0.0211,0.2561,58.927,jog
36.6705,12691,0.0719,-0.0687,-0.021,0.2561,58.869,jog
36.675,12692,0.0725,-0.0694,-0.021,0.2537,59.237,jog
36.6781,12693,0.0734,-0.0702,-0.0214,0.3125,59.655,jog
36.6815,12694,0.074,-0.0708,-0.0215,0.2823,60.036,jog
36.6834,12695,0.0736,-0.0705,-0.0213,0.2823,59.802,jog
36.6866,12696,0.0742,-0.0711,-0.0213,0.2424,60.242,jog
36.6903,12697,0.0747,-0.0716,-0.0213,0.2212,60.564,jog
36.6925,12698,0.0743,-0.0713,-0.0211,0.2212,60.389,jog
36.6966,12699,0.0747,-0.0717,-0.021,0.2252,60.758,jog
36.7001,12700,0.075,-0.072,-0.0208,0.21,61.001,jog
36.7043,12701,0.0755,-0.0726,-0.0208,0.2069,61.496,jog
36.7079,12702,0.0759,-0.073,-0.0208,0.2034,61.78,jog
36.7123,12703,0.0762,-0.0734,-0.0206,0.2105,62.066,jog
36.7159,12704,0.0763,-0.0735,-0.0205,0.2107,62.302,jog
36.7162,12705,0.076,-0.0733,-0.0203,0.2107,62.242,jog
36.7203,12706,0.0766,-0.0739,-0.0203,0.2109,62.587,jog
36.7231,12707,0.0768,-0.0741,-0.0202,0.1905,62.891,jog
36.7252,12708,0.0763,-0.0736,-0.02,0.1905,62.651,jog
36.7295,12709,0.0769,-0.0742,-0.0201,0.2173,63.089,jog
36.73,12710,0.0764,-0.0738,-0.0199,0.2173,62.848,jog
36.7328,12711,0.0771,-0.0745,-0.0201,0.2142,63.324,jog
36.7356,12712,0.0775,-0.0749,-0.0201,0.2156,63.559,jog
36.7391,12713,0.0777,-0.0751,-0.0201,0.2084,63.837,jog
36.742,12714,0.0774,-0.0747,-0.02,0.2084,63.655,jog
36.7458,12715,0.0774,-0.0748,-0.0199,0.2273,63.81,jog
36.7478,12716,0.078,-0.0753,-0.02,0.1738,64.179,jog
36.7502,12717,0.0774,-0.0748,-0.0198,0.1738,64.057,jog
36.7536,12718,0.0778,-0.0752,-0.0199,0.1811,64.309,jog
36.7544,12719,0.0772,-0.0747,-0.0196,0.1811,64.187,jog
36.7578,12720,0.0776,-0.075,-0.0197,0.1737,64.445,jog
36.7609,12721,0.0777,-0.0752,-0.0197,0.1835,64.769,jog
36.7628,12722,0.0771,-0.0746,-0.0195,0.1835,64.523,jog
36.7658,12723,0.0773,-0.0748,-0.0195,0.2029,64.821,jog
36.7706,12724,0.0777,-0.0752,-0.0196,0.2035,65.063,jog
36.7711,12725,0.0769,-0.0744,-0.0193,0.2035,64.878,jog
36.774,12726,0.077,-0.0745,-0.0193,0.1831,65.039,jog
36.7762,12727,0.0765,-0.0741,-0.0191,0.1831,64.977,jog
36.7796,12728,0.0769,-0.0744,-0.0193,0.1522,65.25,jog
36.782,12729,0.0768,-0.0743,-0.0195,0.2177,65.419,jog
36.786,12730,0.0768,-0.0742,-0.0196,0.175,65.548,jog
36.7879,12731,0.076,-0.0735,-0.0193,0.175,65.424,jog
36.7916,12732,0.0764,-0.0739,-0.0193,0.2528,65.648,jog
36.7957,12733,0.0761,-0.0736,-0.0193,0.1714,65.756,jog
36.7988,12734,0.0756,-0.0731,-0.019,0.1714,65.694,jog
36.8026,12735,0.075,-0.0725,-0.0192,0.1682,65.909,jog
36.806,12736,0.0747,-0.0722,-0.0194,0.1682,66.112,jog
36.8081,12737,0.0742,-0.0717,-0.0191,0.1682,65.929,jog
36.8112,12738,0.0739,-0.0713,-0.0193,0.1571,66.125,jog
36.8128,12739,0.0733,-0.0708,-0.019,0.1571,65.942,jog
36.8159,12740,0.0727,-0.0701,-0.0191,0.1588,66.084,jog
36.8195,12741,0.0726,-0.07,-0.0193,0.1504,66.208,jog
36.8214,12742,0.0717,-0.0691,-0.019,0.1504,66.088,jog
36.8241,12743,0.0713,-0.0686,-0.0192,0.1734,66.154,jog
36.8294,12744,0.0701,-0.0675,-0.0191,0.1469,66.146,jog
36.8327,12745,0.0696,-0.0669,-0.0192,0.1339,66.25,jog
36.8355,12746,0.0692,-0.0664,-0.0195,0.1424,66.407,jog
36.8384,12747,0.0679,-0.0652,-0.019,0.1424,66.172,jog
36.8417,12748,0.0676,-0.0649,-0.0191,0.1147,66.4,jog
36.8458,12749,0.0675,-0.0647,-0.0194,0.2741,66.415,jog
36.8461,12750,0.0666,-0.0638,-0.019,0.2741,66.3,jog
36.8495,12751,0.0664,-0.0635,-0.0194,0.1575,66.364,jog
36.8503,12752,0.0659,-0.063,-0.0192,0.1575,66.306,jog
36.8539,12753,0.0656,-0.0627,-0.0194,0.1541,66.344,jog
36.8582,12754,0.0653,-0.0623,-0.0197,0.14,66.379,jog
36.8587,12755,0.0647,-0.0617,-0.0193,0.14,66.26,jog
36.8623,12756,0.0644,-0.0613,-0.0195,0.1252,66.344,jog
36.8631,12757,0.0637,-0.0607,-0.0192,0.1252,66.224,jog
36.8658,12758,0.0637,-0.0606,-0.0196,0.1913,66.262,jog
36.8698,12759,0.0635,-0.0602,-0.02,0.1597,66.376,jog
36.8702,12760,0.0627,-0.0595,-0.0196,0.1597,66.196,jog
36.874,12761,0.0625,-0.0591,-0.0201,0.1617,66.378,jog
36.877,12762,0.0617,-0.0582,-0.0204,0.1904,66.403,jog
36.8789,12763,0.0611,-0.0577,-0.0202,0.1904,66.226,jog
36.8823,12764,0.0608,-0.0572,-0.0206,0.1735,66.389,jog
36.8847,12765,0.0599,-0.0562,-0.0208,0.1462,66.371,jog
36.8872,12766,0.0596,-0.0559,-0.0207,0.1462,66.317,jog
36.8923,12767,0.0588,-0.0549,-0.0209,0.1536,66.33,jog
36.8942,12768,0.0582,-0.0541,-0.0212,0.1676,66.401,jog
36.8979,12769,0.0571,-0.0529,-0.0214,0.1764,66.401,jog
36.9003,12770,0.0564,-0.0523,-0.0211,0.1764,66.276,jog
36.904,12771,0.056,-0.0517,-0.0216,0.1747,66.373,jog
36.9065,12772,0.0551,-0.0506,-0.0218,0.1664,66.437,jog
36.9081,12773,0.0549,-0.0505,-0.0217,0.1664,66.394,jog
36.9101,12774,0.0542,-0.0496,-0.022,0.164,66.458,jog
36.9125,12775,0.0538,-0.0492,-0.0218,0.164,66.368,jog
36.9151,12776,0.0534,-0.0485,-0.0223,0.1783,66.553,jog
36.9165,12777,0.053,-0.0482,-0.0221,0.1783,66.414,jog
36.9199,12778,0.0526,-0.0475,-0.0225,0.175,66.551,jog
36.9238,12779,0.0521,-0.0467,-0.023,0.1919,66.755,jog
36.9247,12780,0.0515,-0.0462,-0.0228,0.1919,66.56,jog
36.9293,12781,0.0511,-0.0455,-0.0233,0.1928,66.754,jog
36.9298,12782,0.0505,-0.045,-0.0231,0.1928,66.553,jog
36.9328,12783,0.05,-0.0441,-0.0236,0.205,66.738,jog
36.9379,12784,0.0492,-0.0429,-0.024,0.242,66.72,jog
36.942,12785,0.0478,-0.0411,-0.0244,0.3041,66.608,jog
36.9446,12786,0.0466,-0.0395,-0.0247,0.2772,66.62,jog
36.9464,12787,0.0461,-0.0391,-0.0245,0.2772,66.404,jog
36.9496,12788,0.0459,-0.0389,-0.0243,0.1875,66.232,jog
36.9508,12789,0.0455,-0.0386,-0.0241,0.1875,66.068,jog
36.9538,12790,0.045,-0.0377,-0.0246,0.2299,66.336,jog
36.9571,12791,0.0442,-0.0366,-0.0247,0.219,66.236,jog
36.9592,12792,0.0439,-0.0363,-0.0246,0.219,66.18,jog
36.9632,12793,0.0429,-0.035,-0.0248,0.254,66.216,jog
36.965,12794,0.0422,-0.034,-0.0249,0.1985,66.086,jog
36.9665,12795,0.0419,-0.0338,-0.0248,0.1985,65.973,jog
36.9707,12796,0.0414,-0.0326,-0.0255,0.2939,66.22,jog
36.9714,12797,0.041,-0.0323,-0.0253,0.2939,65.993,jog
36.9747,12798,0.0405,-0.0313,-0.0257,0.2229,66.125,jog
36.9772,12799,0.0399,-0.0302,-0.0261,0.2634,66.101,jog
36.9813,12800,0.0391,-0.0288,-0.0264,0.2708,66.071,jog
36.9839,12801,0.0388,-0.0286,-0.0263,0.2708,66.014,jog
36.9876,12802,0.0382,-0.0275,-0.0266,0.2596,65.985,jog
36.993,12803,0.0375,-0.0261,-0.0268,0.2518,65.91,jog
36.9966,12804,0.037,-0.025,-0.0273,0.2505,65.915,jog
36.998,12805,0.0365,-0.0238,-0.0277,0.2806,66.02,jog
37.0003,12806,0.0363,-0.0236,-0.0275,0.2806,65.789,jog
37.0036,12807,0.0358,-0.0225,-0.0279,0.2679,65.89,jog
37.007,12808,0.0356,-0.0213,-0.0285,0.2886,65.946,jog
37.0096,12809,0.0353,-0.0211,-0.0283,0.2886,65.714,jog
37.0141,12810,0.035,-0.0189,-0.0294,0.276,66.145,jog
37.0145,12811,0.0349,-0.0188,-0.0293,0.276,66.028,jog
37.0166,12812,0.0348,-0.0188,-0.0293,0.276,65.912,jog
37.0205,12813,0.0346,-0.0176,-0.0298,0.2884,66.03,jog
37.0209,12814,0.0345,-0.0175,-0.0298,0.2884,65.854,jog
37.0245,12815,0.0343,-0.0162,-0.0302,0.3257,65.964,jog
37.0255,12816,0.0342,-0.0161,-0.0302,0.3257,65.847,jog
37.0299,12817,0.0341,-0.0148,-0.0307,0.3278,65.927,jog
37.0332,12818,0.0339,-0.0134,-0.0312,0.3349,65.814,jog
37.0372,12819,0.0338,-0.012,-0.0316,0.3278,65.799,jog
37.0401,12820,0.034,-0.0104,-0.0324,0.4315,66.034,walk
37.0446,12821,0.0337,-0.0093,-0.0324,0.2794,65.801,walk
37.0463,12822,0.0337,-0.0093,-0.0324,0.2794,65.621,walk
37.0499,12823,0.034,-0.008,-0.033,0.3272,65.64,walk
37.0538,12824,0.034,-0.0065,-0.0334,0.3845,65.668,walk
37.0544,12825,0.034,-0.0064,-0.0333,0.3845,65.607,walk
37.057,12826,0.0343,-0.0051,-0.0339,0.3489,65.647,walk
37.0592,12827,0.0342,-0.005,-0.0339,0.3489,65.524,walk
37.0626,12828,0.0349,-0.0035,-0.0347,0.3962,65.542,walk
37.0664,12829,0.0353,-0.002,-0.0352,0.3933,65.687,walk
37.0669,12830,0.0352,-0.0019,-0.0352,0.3933,65.563,walk
37.0694,12831,0.0358,-0.0,-0.0358,0.4714,65.595,walk
37.0715,12832,0.0357,0.0,-0.0357,0.4714,65.47,walk
37.0747,12833,0.0363,0.0017,-0.0363,0.416,65.489,walk
37.0777,12834,0.0367,0.0031,-0.0365,0.344,65.502,walk
37.0797,12835,0.0366,0.0031,-0.0365,0.344,65.312,walk
37.083,12836,0.0373,0.0048,-0.037,0.4209,65.412,walk
37.0852,12837,0.038,0.0066,-0.0374,0.4335,65.278,walk
37.0882,12838,0.0379,0.0067,-0.0373,0.4335,65.15,walk
37.0929,12839,0.0389,0.0087,-0.0379,0.5172,65.08,walk
37.0961,12840,0.0395,0.0103,-0.0381,0.3801,64.949,walk
37.0965,12841,0.0395,0.0103,-0.0381,0.3801,64.885,walk
37.0994,12842,0.0403,0.0122,-0.0384,0.4457,64.775,walk
37.1024,12843,0.0413,0.014,-0.0388,0.4529,64.854,walk
37.1042,12844,0.0412,0.0141,-0.0388,0.4529,64.601,walk
37.108,12845,0.0422,0.0159,-0.0391,0.4637,64.587,walk
37.1111,12846,0.0436,0.0183,-0.0396,0.5809,64.587,walk
37.1134,12847,0.0436,0.0183,-0.0395,0.5809,64.525,walk
37.1163,12848,0.0444,0.02,-0.0397,0.4162,64.219,walk
37.1207,12849,0.0456,0.0221,-0.0399,0.4932,64.128,walk
37.1247,12850,0.0468,0.0241,-0.0401,0.4854,63.974,walk
37.1273,12851,0.0484,0.0266,-0.0404,0.6029,64.012,walk
37.1307,12852,0.0495,0.0284,-0.0405,0.4591,63.847,walk
37.1333,12853,0.0495,0.0284,-0.0405,0.4591,63.549,walk
37.1375,12854,0.0509,0.0307,-0.0406,0.5359,63.521,walk
37.1383,12855,0.0508,0.0306,-0.0406,0.5359,63.343,walk
37.1429,12856,0.0524,0.0329,-0.0408,0.5431,63.327,walk
37.1466,12857,0.054,0.0352,-0.0409,0.5672,63.044,walk
37.1475,12858,0.0557,0.0377,-0.0411,0.6019,62.974,walk
37.1496,12859,0.0557,0.0377,-0.041,0.6019,62.859,walk
37.1524,12860,0.0574,0.0401,-0.041,0.5883,62.805,walk
37.154,12861,0.0572,0.0401,-0.0408,0.5883,62.594,walk
37.1577,12862,0.0589,0.0424,-0.0408,0.5657,62.576,walk
37.1607,12863,0.0608,0.0449,-0.0409,0.6187,62.403,walk
37.1625,12864,0.0607,0.0449,-0.0408,0.6187,62.256,walk
37.1661,12865,0.0627,0.0476,-0.0409,0.6513,62.223,walk
37.1667,12866,0.0627,0.0476,-0.0408,0.6513,62.079,walk
37.17,12867,0.0647,0.0501,-0.0409,0.613,61.881,walk
37.1741,12868,0.0668,0.0527,-0.041,0.6382,61.713,walk
37.1788,12869,0.069,0.0555,-0.041,0.686,61.582,walk
37.1795,12870,0.069,0.0555,-0.0409,0.686,61.437,walk
37.1831,12871,0.0711,0.0581,-0.0409,0.6451,61.364,walk
37.1852,12872,0.0733,0.0609,-0.0409,0.6827,61.178,walk
37.1882,12873,0.0733,0.0608,-0.0409,0.6827,61.035,walk
37.1925,12874,0.0756,0.0637,-0.0408,0.6994,60.937,walk
37.1959,12875,0.0778,0.0663,-0.0407,0.6654,60.737,walk
37.1965,12876,0.0777,0.0663,-0.0406,0.6654,60.595,walk
37.1991,12877,0.0801,0.0691,-0.0405,0.6978,60.55,walk
37.2011,12878,0.0801,0.0691,-0.0405,0.6978,60.36,walk
37.2043,12879,0.0828,0.0722,-0.0405,0.7543,60.232,walk
37.2066,12880,0.0853,0.0751,-0.0405,0.6993,60.173,walk
37.2083,12881,0.0853,0.0751,-0.0404,0.6993,59.977,walk
37.2105,12882,0.0879,0.0781,-0.0404,0.7256,59.913,walk
37.2133,12883,0.0878,0.078,-0.0403,0.7256,59.812,walk
37.2162,12884,0.0903,0.081,-0.04,0.7503,59.519,walk
37.2204,12885,0.0929,0.084,-0.0399,0.722,59.378,walk
37.2207,12886,0.0928,0.0839,-0.0397,0.722,59.325,walk
37.2257,12887,0.0953,0.0868,-0.0393,0.7416,59.096,walk
37.2293,12888,0.0979,0.0897,-0.0392,0.7153,58.998,walk
37.2334,12889,0.1005,0.0927,-0.0386,0.7638,58.801,walk
37.234,12890,0.1002,0.0926,-0.0384,0.7638,58.689,walk
37.2369,12891,0.1028,0.0955,-0.0381,0.7157,58.598,walk
37.2391,12892,0.1027,0.0954,-0.0378,0.7157,58.428,walk
37.2419,12893,0.1053,0.0984,-0.0375,0.7268,58.441,walk
37.2485,12894,0.1104,0.1042,-0.0367,0.7106,58.272,walk
37.2505,12895,0.1101,0.104,-0.0362,0.7106,58.04,walk
37.2536,12896,0.1128,0.107,-0.0358,0.736,57.903,walk
37.258,12897,0.1154,0.1098,-0.0355,0.7045,57.989,walk
37.2586,12898,0.1151,0.1097,-0.0351,0.7045,57.754,walk
37.263,12899,0.1178,0.1126,-0.0346,0.7183,57.75,walk
37.2635,12900,0.1175,0.1124,-0.0342,0.7183,57.572,walk
37.2663,12901,0.1205,0.1156,-0.0339,0.785,57.668,walk
37.2695,12902,0.123,0.1184,-0.0332,0.7254,57.575,walk
37.2713,12903,0.1228,0.1183,-0.0329,0.7254,57.455,walk
37.2741,12904,0.1254,0.1211,-0.0324,0.7083,57.548,walk
37.2773,12905,0.128,0.1239,-0.0319,0.7112,57.514,walk
37.2836,12906,0.1304,0.1266,-0.0311,0.7019,57.443,walk
37.2841,12907,0.1301,0.1264,-0.0305,0.7019,57.262,walk
37.2875,12908,0.1326,0.1291,-0.03,0.6745,57.243,walk
37.2922,12909,0.1351,0.1319,-0.0293,0.7146,57.338,walk
37.2942,12910,0.1376,0.1346,-0.0287,0.6854,57.246,walk
37.2982,12911,0.1375,0.1345,-0.0283,0.6854,57.124,walk
37.3019,12912,0.1423,0.1397,-0.0266,0.6593,57.157,walk
37.3046,12913,0.142,0.1396,-0.0261,0.6593,56.912,walk
37.3081,12914,0.1444,0.1422,-0.025,0.6905,56.914,walk
37.3109,12915,0.1469,0.1449,-0.0244,0.6703,56.92,walk
37.3134,12916,0.1467,0.1447,-0.0238,0.6703,56.797,walk
37.3162,12917,0.1492,0.1474,-0.023,0.691,56.758,walk
37.3205,12918,0.1516,0.15,-0.0224,0.6384,56.923,walk
37.3215,12919,0.1514,0.1498,-0.0217,0.6384,56.736,walk
37.3248,12920,0.1539,0.1524,-0.0211,0.6629,56.787,walk
37.327,12921,0.1563,0.155,-0.0201,0.6632,56.889,walk
37.3301,12922,0.1562,0.1549,-0.0197,0.6632,56.702,walk
37.3332,12923,0.1586,0.1575,-0.019,0.6402,56.833,walk
37.3374,12924,0.1611,0.1601,-0.0178,0.6661,56.755,walk
37.338,12925,0.1609,0.16,-0.0172,0.6661,56.566,walk
37.3414,12926,0.1634,0.1626,-0.0165,0.6385,56.673,walk
37.345,12927,0.1658,0.1651,-0.0157,0.6358,56.832,walk
37.3511,12928,0.1681,0.1675,-0.0138,0.6305,56.618,walk
37.3521,12929,0.1706,0.1701,-0.0129,0.6428,56.622,walk
37.3542,12930,0.1705,0.1701,-0.0125,0.6428,56.558,walk
37.3567,12931,0.1729,0.1725,-0.0117,0.6031,56.613,walk
37.3588,12932,0.1728,0.1725,-0.0112,0.6031,56.549,walk
37.3609,12933,0.1753,0.175,-0.0106,0.6205,56.634,walk
37.3629,12934,0.1752,0.175,-0.0099,0.6205,56.506,walk
37.366,12935,0.1777,0.1774,-0.0089,0.61,56.491,walk
37.3704,12936,0.1801,0.1799,-0.0084,0.6039,56.684,walk
37.3706,12937,0.1801,0.1799,-0.0077,0.6039,56.49,walk
37.3737,12938,0.1825,0.1824,-0.0071,0.5992,56.646,walk
37.3757,12939,0.1825,0.1824,-0.0063,0.5992,56.516,walk
37.378,12940,0.1848,0.1847,-0.0058,0.5721,56.643,walk
37.3801,12941,0.1848,0.1847,-0.0048,0.5721,56.384,walk
37.3833,12942,0.1872,0.1872,-0.0037,0.5888,56.527,walk
37.3862,12943,0.1896,0.1895,-0.003,0.5727,56.594,walk
37.3883,12944,0.1896,0.1895,-0.0027,0.5727,56.529,walk
37.392,12945,0.1918,0.1918,-0.0018,0.5506,56.672,walk
37.3925,12946,0.1918,0.1918,-0.0009,0.5506,56.415,walk
37.3959,12947,0.1941,0.1941,-0.0,0.5423,56.513,walk
37.4003,12948,0.1965,0.1965,0.0007,0.5627,56.645,walk
37.4007,12949,0.1965,0.1965,0.0016,0.5627,56.455,walk
37.4034,12950,0.1988,0.1988,0.0023,0.5525,56.655,walk
37.4068,12951,0.2011,0.2011,0.0034,0.5375,56.627,walk
37.4088,12952,0.2012,0.2011,0.0044,0.5375,56.503,walk
37.4132,12953,0.2035,0.2034,0.0049,0.5467,56.58,walk
37.4141,12954,0.2058,0.2057,0.006,0.5425,56.684,walk
37.4166,12955,0.2059,0.2058,0.007,0.5425,56.44,walk
37.4196,12956,0.2083,0.2082,0.0079,0.5624,56.579,walk
37.4216,12957,0.2084,0.2082,0.0087,0.5624,56.398,walk
37.4247,12958,0.2107,0.2105,0.0095,0.5425,56.569,walk
37.4292,12959,0.2131,0.2128,0.0104,0.5373,56.561,walk
37.4296,12960,0.2132,0.2129,0.0115,0.5373,56.442,walk
37.4329,12961,0.2155,0.2152,0.0122,0.544,56.459,walk
37.4338,12962,0.2156,0.2153,0.013,0.544,56.4,walk
37.436,12963,0.218,0.2175,0.0136,0.5411,56.444,walk
37.438,12964,0.2181,0.2176,0.0144,0.5411,56.388,walk
37.4415,12965,0.2204,0.2199,0.0146,0.5469,56.539,walk
37.4475,12966,0.2225,0.222,0.0159,0.5329,56.373,walk
37.4487,12967,0.2245,0.2239,0.016,0.5292,56.31,walk
37.4525,12968,0.2263,0.2257,0.0161,0.5317,56.238,walk
37.4549,12969,0.226,0.2254,0.0163,0.5317,56.117,walk
37.4581,12970,0.228,0.2274,0.0164,0.5284,56.234,walk
37.46,12971,0.2298,0.2292,0.0166,0.5258,56.215,walk
37.4636,12972,0.2294,0.2288,0.0171,0.5258,55.904,walk
37.4669,12973,0.2312,0.2306,0.0174,0.5304,55.863,walk
37.4706,12974,0.2332,0.2325,0.0174,0.5259,55.958,walk
37.4709,12975,0.2328,0.2321,0.0179,0.5259,55.711,walk
37.476,12976,0.2347,0.2341,0.018,0.5328,55.748,walk
37.478,12977,0.2364,0.2357,0.0183,0.5296,55.649,walk
37.481,12978,0.2381,0.2374,0.0185,0.5344,55.533,walk
37.4836,12979,0.2378,0.2371,0.0187,0.5344,55.474,walk
37.4866,12980,0.2395,0.2388,0.0189,0.5377,55.413,walk
37.4898,12981,0.2412,0.2404,0.0189,0.5267,55.332,walk
37.4926,12982,0.2404,0.2396,0.0192,0.5267,55.115,walk
37.4961,12983,0.2423,0.2416,0.0191,0.5092,55.193,walk
37.4997,12984,0.2434,0.2426,0.0191,0.4883,55.152,walk
37.5025,12985,0.2449,0.2442,0.0189,0.5393,55.058,walk
37.5057,12986,0.2467,0.246,0.0187,0.5474,54.974,walk
37.5082,12987,0.2461,0.2454,0.0187,0.5474,54.868,walk
37.5127,12988,0.2475,0.2468,0.0184,0.5257,54.806,walk
37.5169,12989,0.2493,0.2487,0.0181,0.5361,54.785,walk
37.5172,12990,0.2488,0.2481,0.018,0.5361,54.677,walk
37.52,12991,0.2506,0.2499,0.0177,0.5279,54.655,walk
37.5246,12992,0.2518,0.2512,0.0171,0.526,54.537,walk
37.5293,12993,0.2536,0.253,0.0167,0.5434,54.619,walk
37.53,12994,0.253,0.2525,0.0165,0.5434,54.397,walk
37.534,12995,0.2548,0.2543,0.0162,0.5309,54.436,walk
37.5349,12996,0.2564,0.2559,0.0157,0.5372,54.403,walk
37.5374,12997,0.2558,0.2554,0.0155,0.5372,54.291,walk
37.5416,12998,0.2576,0.2572,0.0151,0.5332,54.289,jog
37.5423,12999,0.257,0.2566,0.0148,0.5332,54.176,jog
37.5494,13000,0.2607,0.2603,0.0133,0.6528,54.194,jog
37.5521,13001,0.2627,0.2624,0.013,0.5382,54.316,jog
37.555,13002,0.2615,0.2612,0.0123,0.5382,53.973,jog
37.5581,13003,0.2634,0.2631,0.0117,0.5471,53.998,jog
37.5629,13004,0.2652,0.265,0.0113,0.536,54.141,jog
37.5658,13005,0.2666,0.2664,0.0105,0.5392,54.066,jog
37.5663,13006,0.2661,0.2659,0.0101,0.5392,53.894,jog
37.5707,13007,0.2676,0.2675,0.0092,0.5637,53.944,jog
37.5735,13008,0.2693,0.2692,0.0087,0.5073,54.012,jog
37.5754,13009,0.2688,0.2686,0.0082,0.5073,53.897,jog
37.5785,13010,0.2704,0.2703,0.0075,0.5499,53.975,jog
37.5809,13011,0.2722,0.2722,0.007,0.5243,54.041,jog
37.5833,13012,0.2719,0.2718,0.0067,0.5243,53.984,jog
37.5861,13013,0.2735,0.2735,0.0057,0.5832,53.907,jog
37.5882,13014,0.2732,0.2731,0.0053,0.5832,53.85,jog
37.5923,13015,0.2753,0.2753,0.0048,0.5672,54.012,jog
37.5954,13016,0.2765,0.2765,0.0036,0.5492,53.837,jog
37.5983,13017,0.2786,0.2785,0.003,0.5792,53.933,jog
37.6024,13018,0.2804,0.2804,0.0021,0.5756,54.073,jog
37.6041,13019,0.2797,0.2797,0.0014,0.5756,53.845,jog
37.6084,13020,0.2815,0.2815,0.0007,0.5638,53.814,jog
37.6092,13021,0.2812,0.2812,0.0004,0.5638,53.7,jog
37.6131,13022,0.2832,0.2832,-0.0003,0.5748,53.841,jog
37.6167,13023,0.285,0.285,-0.0014,0.6024,53.841,jog
37.6205,13024,0.2869,0.2869,-0.0021,0.5676,53.792,jog
37.6208,13025,0.2866,0.2866,-0.0024,0.5676,53.679,jog
37.6239,13026,0.2887,0.2887,-0.0031,0.5847,53.808,jog
37.6259,13027,0.2882,0.2882,-0.0037,0.5847,53.583,jog
37.6295,13028,0.2903,0.2903,-0.0043,0.587,53.721,jog
37.6316,13029,0.2921,0.2921,-0.0053,0.5731,53.614,jog
37.6337,13030,0.2918,0.2918,-0.0057,0.5731,53.558,jog
37.6379,13031,0.2943,0.2942,-0.0072,0.7518,53.717,jog
37.6408,13032,0.2966,0.2965,-0.008,0.6183,53.875,jog
37.643,13033,0.2962,0.296,-0.0085,0.6183,53.651,jog
37.6492,13034,0.3005,0.3004,-0.0105,0.6372,53.795,jog
37.6536,13035,0.3026,0.3024,-0.0115,0.627,53.674,jog
37.656,13036,0.3047,0.3045,-0.0126,0.6163,53.614,jog
37.658,13037,0.3045,0.3042,-0.0129,0.6163,53.558,jog
37.6609,13038,0.3069,0.3066,-0.0137,0.6405,53.618,jog
37.6629,13039,0.3067,0.3064,-0.0141,0.6405,53.448,jog
37.6664,13040,0.3092,0.3088,-0.0148,0.654,53.556,jog
37.6679,13041,0.3115,0.3111,-0.0158,0.6446,53.508,jog
37.6702,13042,0.3113,0.3108,-0.0163,0.6446,53.393,jog
37.6744,13043,0.3138,0.3133,-0.0172,0.6657,53.395,jog
37.6768,13044,0.3161,0.3156,-0.0182,0.6394,53.382,jog
37.6797,13045,0.3158,0.3153,-0.0188,0.6394,53.151,jog
37.6825,13046,0.3183,0.3177,-0.0197,0.6546,53.184,jog
37.685,13047,0.3209,0.3202,-0.0205,0.6646,53.171,jog
37.6875,13048,0.3207,0.32,-0.021,0.6646,53.055,jog
37.6915,13049,0.3232,0.3225,-0.022,0.6786,52.959,jog
37.6954,13050,0.3256,0.3248,-0.0228,0.6474,52.827,jog
37.6985,13051,0.3283,0.3275,-0.0234,0.6743,52.92,jog
37.7007,13052,0.3281,0.3272,-0.0243,0.6743,52.63,jog
37.7038,13053,0.3309,0.3299,-0.0249,0.7021,52.795,jog
37.7077,13054,0.3334,0.3324,-0.026,0.6625,52.623,jog
37.7084,13055,0.3333,0.3322,-0.0265,0.6625,52.45,jog
37.7125,13056,0.3359,0.3348,-0.0277,0.6931,52.437,jog
37.7153,13057,0.3386,0.3374,-0.0285,0.6889,52.436,jog
37.7173,13058,0.3386,0.3374,-0.0287,0.6889,52.436,jog
37.7198,13059,0.3414,0.3401,-0.0298,0.7082,52.258,jog
37.7223,13060,0.3442,0.3428,-0.0308,0.713,52.305,jog
37.725,13061,0.3441,0.3426,-0.0313,0.713,52.078,jog
37.7296,13062,0.3469,0.3454,-0.0321,0.7103,52.177,jog
37.7302,13063,0.3469,0.3453,-0.0325,0.7103,52.007,jog
37.7329,13064,0.3497,0.3481,-0.0335,0.7236,52.032,jog
37.7354,13065,0.3526,0.3509,-0.0343,0.7014,52.018,jog
37.7381,13066,0.3524,0.3507,-0.0349,0.7014,51.837,jog
37.7413,13067,0.3553,0.3536,-0.0353,0.7132,51.93,jog
37.744,13068,0.3575,0.3557,-0.0362,0.7733,51.748,jog
37.7487,13069,0.359,0.3572,-0.0368,0.7146,51.619,jog
37.751,13070,0.3582,0.3563,-0.0367,0.7146,51.462,jog
37.7545,13071,0.3602,0.3583,-0.0371,0.7124,51.457,jog
37.7565,13072,0.3634,0.3615,-0.0376,0.7751,51.63,jog
37.7586,13073,0.3624,0.3604,-0.0376,0.7751,51.437,jog
37.7622,13074,0.3649,0.3629,-0.0382,0.7279,51.455,jog
37.763,13075,0.3644,0.3624,-0.0383,0.7279,51.409,jog
37.7672,13076,0.367,0.3649,-0.0389,0.7526,51.414,jog
37.7699,13077,0.3692,0.3671,-0.0397,0.7589,51.42,jog
37.7748,13078,0.3706,0.3684,-0.0402,0.7465,51.331,jog
37.7752,13079,0.3697,0.3676,-0.04,0.7465,51.238,jog
37.7776,13080,0.3725,0.3703,-0.0404,0.784,51.387,jog
37.7817,13081,0.3743,0.3721,-0.0405,0.7886,51.35,jog
37.7835,13082,0.3723,0.3702,-0.0402,0.7886,51.145,jog
37.7875,13083,0.3737,0.3715,-0.0407,0.7789,51.123,jog
37.7921,13084,0.3761,0.3738,-0.0412,0.7825,51.202,jog
37.7944,13085,0.3782,0.3759,-0.0419,0.7829,51.169,jog
37.797,13086,0.3768,0.3744,-0.0422,0.7829,50.961,jog
37.8004,13087,0.3799,0.3775,-0.0429,0.8363,51.154,jog
37.8033,13088,0.3813,0.3787,-0.0438,0.7647,51.029,jog
37.8042,13089,0.3805,0.378,-0.044,0.7647,50.922,jog
37.8075,13090,0.3826,0.38,-0.0446,0.7987,50.931,jog
37.8124,13091,0.3851,0.3825,-0.0452,0.7959,50.93,jog
37.813,13092,0.3839,0.3812,-0.0453,0.7959,50.762,jog
37.8162,13093,0.3861,0.3834,-0.0458,0.7615,50.938,jog
37.8192,13094,0.388,0.3852,-0.0465,0.7924,50.894,jog
37.8213,13095,0.3859,0.3831,-0.0468,0.7924,50.661,jog
37.8238,13096,0.388,0.3851,-0.0474,0.7712,50.739,jog
37.8259,13097,0.387,0.3841,-0.0475,0.7712,50.56,jog
37.83,13098,0.3888,0.3858,-0.0483,0.8332,50.666,jog
37.831,13099,0.3912,0.3881,-0.049,0.8201,50.646,jog
37.8332,13100,0.3896,0.3865,-0.0492,0.8201,50.461,jog
37.8359,13101,0.3919,0.3887,-0.0498,0.8145,50.583,jog
37.8378,13102,0.3908,0.3876,-0.0499,0.8145,50.397,jog
37.8414,13103,0.393,0.3897,-0.0505,0.812,50.539,jog
37.8421,13104,0.3912,0.3879,-0.0507,0.812,50.288,jog
37.8466,13105,0.3929,0.3895,-0.0514,0.8432,50.343,jog
37.8495,13106,0.3945,0.391,-0.0521,0.8309,50.282,jog
37.8534,13107,0.3964,0.3928,-0.0531,0.9191,50.444,jog
37.8538,13108,0.3951,0.3915,-0.0531,0.9191,50.252,jog
37.8569,13109,0.3966,0.393,-0.0537,0.8426,50.291,jog
37.8584,13110,0.3953,0.3917,-0.0538,0.8426,50.098,jog
37.8622,13111,0.3976,0.3939,-0.0544,0.8632,50.225,jog
37.8629,13112,0.3963,0.3926,-0.0544,0.8632,50.096,jog
37.8666,13113,0.3979,0.394,-0.0551,0.8613,50.1,jog
37.8699,13114,0.3992,0.3953,-0.0556,0.8321,49.971,jog
37.8708,13115,0.3978,0.3939,-0.0556,0.8321,49.907,jog
37.8744,13116,0.4002,0.3962,-0.0563,0.9181,50.023,jog
37.8789,13117,0.3996,0.3955,-0.057,0.8865,49.793,jog
37.8831,13118,0.4019,0.3978,-0.0577,0.9109,49.839,jog
37.8837,13119,0.3997,0.3955,-0.0577,0.9109,49.646,jog
37.886,13120,0.4011,0.3968,-0.0584,0.8912,49.735,jog
37.888,13121,0.3995,0.3952,-0.0584,0.8912,49.541,jog
37.8914,13122,0.4011,0.3967,-0.0591,0.9327,49.598,jog
37.8983,13123,0.4058,0.4013,-0.0606,0.952,49.703,jog
37.901,13124,0.402,0.3974,-0.0606,0.952,49.379,jog
37.9038,13125,0.4036,0.3989,-0.0614,0.9502,49.325,jog
37.9075,13126,0.4059,0.4011,-0.0621,0.9411,49.421,jog
37.9078,13127,0.4042,0.3994,-0.0622,0.9411,49.227,jog
37.913,13128,0.4056,0.4007,-0.063,0.9316,49.302,jog
37.9148,13129,0.4073,0.4023,-0.0637,0.9956,49.168,jog
37.9164,13130,0.4048,0.3998,-0.0638,0.9956,49.04,jog
37.9207,13131,0.4062,0.401,-0.0647,0.9195,48.98,jog
37.9237,13132,0.4078,0.4025,-0.0655,0.9751,48.958,jog
37.9253,13133,0.4053,0.4,-0.0655,0.9751,48.703,jog
37.9297,13134,0.4077,0.4022,-0.0665,0.965,48.815,jog
37.9335,13135,0.4075,0.4019,-0.0673,0.9686,48.545,jog
37.9377,13136,0.4097,0.4041,-0.0675,0.9685,48.318,jog
37.9383,13137,0.4062,0.4005,-0.0676,0.9685,48.065,jog
37.9418,13138,0.4085,0.4027,-0.069,1.0024,48.226,jog
37.9455,13139,0.4101,0.4042,-0.0692,1.0288,47.885,jog
37.9487,13140,0.4098,0.4038,-0.0701,0.9729,47.67,jog
37.9523,13141,0.4113,0.4051,-0.071,0.9734,47.515,jog
37.9541,13142,0.4087,0.4025,-0.071,0.9734,47.389,jog
37.9571,13143,0.4102,0.4039,-0.0719,0.9934,47.19,jog
37.9609,13144,0.4128,0.4064,-0.0728,1.0574,47.1,jog
37.967,13145,0.4109,0.4043,-0.0736,1.0171,46.729,jog
37.9696,13146,0.4134,0.4066,-0.0744,1.0194,46.554,jog
37.9743,13147,0.4139,0.407,-0.0751,0.9892,46.379,jog
37.9752,13148,0.4112,0.4043,-0.0751,0.9892,46.185,jog
37.9797,13149,0.4118,0.4047,-0.0759,1.005,45.98,jog
37.9815,13150,0.4141,0.407,-0.0766,1.0085,45.773,jog
37.9838,13151,0.4123,0.4052,-0.0766,1.0085,45.708,jog
37.9873,13152,0.4129,0.4056,-0.0773,1.0155,45.351,jog
37.9917,13153,0.4151,0.4077,-0.0781,1.0119,45.312,jog
37.9922,13154,0.4124,0.405,-0.078,1.0119,45.049,jog
37.9962,13155,0.4155,0.4079,-0.0789,0.9863,45.012,jog
37.9976,13156,0.4127,0.4051,-0.0787,0.9863,44.751,jog
38.002,13157,0.415,0.4073,-0.0795,1.0169,44.681,jog
38.0031,13158,0.4153,0.4075,-0.0803,0.9893,44.315,jog
38.0059,13159,0.4175,0.4095,-0.0811,0.9892,44.205,jog
38.0085,13160,0.4137,0.4058,-0.0809,0.9892,43.951,jog
38.0125,13161,0.4159,0.4078,-0.0817,0.9889,43.783,jog
38.0131,13162,0.414,0.4059,-0.0816,0.9889,43.596,jog
38.0161,13163,0.4151,0.4069,-0.0823,0.9727,43.417,jog
38.0186,13164,0.4172,0.4088,-0.0832,0.9724,43.192,jog
38.0208,13165,0.4144,0.406,-0.083,0.9724,43.071,jog
38.0247,13166,0.4164,0.4079,-0.0838,0.9594,42.907,jog
38.0256,13167,0.4135,0.405,-0.0836,0.9594,42.729,jog
38.0297,13168,0.4146,0.4059,-0.0843,0.9608,42.43,jog
38.0302,13169,0.4127,0.404,-0.0842,0.9608,42.313,jog
38.0334,13170,0.4137,0.4049,-0.085,0.957,42.194,jog
38.0377,13171,0.4157,0.4068,-0.0858,0.9553,41.968,jog
38.0389,13172,0.4167,0.4077,-0.0865,0.949,41.765,jog
38.0414,13173,0.4158,0.4067,-0.0864,0.949,41.709,walk
38.0455,13174,0.4154,0.4062,-0.0868,0.8488,41.418,walk
38.0493,13175,0.4181,0.4088,-0.0877,0.8894,41.361,walk
38.0526,13176,0.4151,0.4057,-0.088,0.879,40.874,walk
38.0555,13177,0.4185,0.409,-0.0889,0.8371,40.85,walk
38.058,13178,0.4153,0.4058,-0.0885,0.8371,40.584,walk
38.062,13179,0.4176,0.4079,-0.0892,0.8834,40.408,walk
38.0627,13180,0.4153,0.4057,-0.0889,0.8834,40.273,walk
38.0654,13181,0.4172,0.4074,-0.0897,0.8512,40.101,walk
38.0669,13182,0.4154,0.4057,-0.0894,0.8512,40.035,walk
38.0699,13183,0.4171,0.4073,-0.0901,0.8363,39.857,walk
38.0742,13184,0.4178,0.4078,-0.0908,0.8324,39.777,walk
38.0776,13185,0.4172,0.4071,-0.0911,0.7904,39.549,walk
38.0797,13186,0.4133,0.4032,-0.0908,0.7904,39.305,walk
38.0832,13187,0.4147,0.4045,-0.0915,0.8103,39.188,walk
38.0839,13188,0.4127,0.4025,-0.0913,0.8103,39.129,walk
38.0868,13189,0.4132,0.4028,-0.092,0.7935,38.943,walk
38.0897,13190,0.4148,0.4043,-0.0927,0.8253,38.938,walk
38.0915,13191,0.4121,0.4016,-0.0924,0.8253,38.832,walk
38.0944,13192,0.4135,0.4029,-0.0931,0.7777,38.774,walk
38.0996,13193,0.4135,0.4028,-0.0936,0.7735,38.655,walk
38.1023,13194,0.4141,0.4032,-0.094,0.7282,38.475,walk
38.1048,13195,0.4106,0.3998,-0.0936,0.7282,38.229,walk
38.1079,13196,0.4112,0.4003,-0.0941,0.7669,38.212,walk
38.11,13197,0.4086,0.3977,-0.0938,0.7669,38.066,walk
38.1135,13198,0.4092,0.3982,-0.0943,0.7592,37.931,walk
38.1169,13199,0.4114,0.4003,-0.095,0.7342,37.939,walk
38.12,13200,0.4111,0.3999,-0.0953,0.7401,37.789,walk
38.1209,13201,0.4085,0.3973,-0.095,0.7401,37.693,walk
38.125,13202,0.4106,0.3993,-0.0958,0.7,37.613,walk
38.1259,13203,0.4081,0.3968,-0.0955,0.7,37.518,walk
38.1285,13204,0.4095,0.3981,-0.096,0.7365,37.481,walk
38.1312,13205,0.4092,0.3977,-0.0963,0.7252,37.332,walk
38.1336,13206,0.4076,0.3961,-0.0961,0.7252,37.192,walk
38.1376,13207,0.4081,0.3965,-0.0966,0.6999,37.132,walk
38.1411,13208,0.4094,0.3978,-0.097,0.7123,37.019,walk
38.142,13209,0.4063,0.3946,-0.0966,0.7123,36.882,walk
38.1461,13210,0.4084,0.3966,-0.0972,0.6958,36.806,walk
38.1493,13211,0.4066,0.3948,-0.0973,0.7031,36.585,walk
38.152,13212,0.4087,0.3968,-0.0978,0.6951,36.569,walk
38.1551,13213,0.4064,0.3945,-0.0975,0.6951,36.481,walk
38.158,13214,0.4055,0.3935,-0.0977,0.683,36.282,walk
38.1601,13215,0.4047,0.3928,-0.0976,0.683,36.24,walk
38.1642,13216,0.4082,0.3961,-0.0987,0.6811,36.127,walk
38.1646,13217,0.4067,0.3946,-0.0985,0.6811,36.085,walk
38.1668,13218,0.4052,0.3931,-0.0983,0.6811,35.958,walk
38.1709,13219,0.4066,0.3945,-0.0987,0.6877,35.933,walk
38.1715,13220,0.4044,0.3923,-0.0984,0.6877,35.766,walk
38.1738,13221,0.4058,0.3935,-0.0989,0.6761,35.744,walk
38.1758,13222,0.4043,0.3921,-0.0987,0.6761,35.661,walk
38.1785,13223,0.405,0.3927,-0.099,0.6786,35.505,walk
38.1805,13224,0.4035,0.3913,-0.0988,0.6786,35.464,walk
38.1842,13225,0.4057,0.3933,-0.0994,0.6836,35.389,walk
38.1852,13226,0.4056,0.3932,-0.0996,0.6807,35.264,walk
38.1873,13227,0.4042,0.3918,-0.0994,0.6807,35.182,walk
38.1914,13228,0.4042,0.3917,-0.0997,0.67,34.997,walk
38.1952,13229,0.4056,0.393,-0.1001,0.6794,34.913,walk
38.2013,13230,0.4042,0.3915,-0.1002,0.6773,34.636,walk
38.2024,13231,0.4048,0.3921,-0.1006,0.6554,34.543,walk
38.2049,13232,0.4048,0.3921,-0.1006,0.6554,34.543,walk
38.2081,13233,0.4033,0.3905,-0.1007,0.6514,34.239,walk
38.2118,13234,0.4053,0.3925,-0.1012,0.6607,34.165,walk
38.215,13235,0.406,0.3931,-0.1015,0.6572,34.066,walk
38.2176,13236,0.4025,0.3896,-0.1011,0.6572,33.866,walk
38.2206,13237,0.4036,0.3907,-0.1015,0.6102,33.655,walk
38.2243,13238,0.4042,0.3911,-0.1018,0.6308,33.494,walk
38.2246,13239,0.4028,0.3897,-0.1016,0.6308,33.372,walk
38.2291,13240,0.4034,0.3903,-0.1019,0.6645,33.267,walk
38.2321,13241,0.4034,0.3902,-0.1022,0.6634,33.028,walk
38.2338,13242,0.402,0.3889,-0.1021,0.6634,32.987,walk
38.237,13243,0.402,0.3888,-0.1023,0.6683,32.727,walk
38.2417,13244,0.4041,0.3908,-0.1028,0.6739,32.681,walk
38.2467,13245,0.4013,0.388,-0.1027,0.6639,32.238,walk
38.2493,13246,0.4027,0.3893,-0.1031,0.6575,32.124,walk
38.2521,13247,0.3999,0.3865,-0.1028,0.6575,31.91,walk
38.256,13248,0.4032,0.3897,-0.1037,0.6657,31.596,walk
38.2583,13249,0.4012,0.3876,-0.1034,0.6657,31.465,walk
38.2628,13250,0.4025,0.3889,-0.1038,0.6483,31.315,walk
38.2662,13251,0.4031,0.3895,-0.104,0.6644,31.068,walk
38.2669,13252,0.4011,0.3874,-0.1038,0.6644,30.936,walk
38.2711,13253,0.4017,0.388,-0.1041,0.6516,30.739,walk
38.2715,13254,0.4003,0.3866,-0.1039,0.6516,30.651,walk
38.2742,13255,0.4016,0.3879,-0.1042,0.6576,30.424,walk
38.279,13256,0.4002,0.3864,-0.1043,0.6545,30.067,walk
38.2816,13257,0.4022,0.3883,-0.1047,0.6497,29.984,walk
38.2845,13258,0.3994,0.3855,-0.1043,0.6497,29.764,walk
38.2872,13259,0.4,0.3861,-0.1046,0.6586,29.592,walk
38.2897,13260,0.4013,0.3873,-0.1049,0.6442,29.341,walk
38.2922,13261,0.3992,0.3852,-0.1047,0.6442,29.253,walk
38.2956,13262,0.3997,0.3857,-0.1049,0.6475,28.987,walk
38.3025,13263,0.4003,0.3863,-0.1052,0.6609,28.817,walk
38.3044,13264,0.3988,0.3846,-0.1052,0.6553,28.44,walk
38.3074,13265,0.3993,0.3851,-0.1054,0.6495,28.284,walk
38.3109,13266,0.3998,0.3856,-0.1057,0.6457,28.054,walk
38.3176,13267,0.4003,0.3861,-0.1059,0.6517,27.898,walk
38.3185,13268,0.3994,0.385,-0.1061,0.6475,27.632,walk
38.3205,13269,0.3979,0.3835,-0.1059,0.6475,27.508,walk
38.3237,13270,0.3992,0.3847,-0.1064,0.6537,27.409,walk
38.3252,13271,0.3969,0.3825,-0.1062,0.6537,27.287,walk
38.3283,13272,0.3981,0.3836,-0.1066,0.6418,27.176,walk
38.33,13273,0.3959,0.3813,-0.1064,0.6418,27.096,walk
38.3336,13274,0.3978,0.3832,-0.1068,0.6422,26.99,walk
38.3368,13275,0.3982,0.3835,-0.1071,0.6387,26.852,walk
38.3379,13276,0.3959,0.3812,-0.107,0.6387,26.688,walk
38.3413,13277,0.3971,0.3824,-0.107,0.6724,26.471,walk
38.3446,13278,0.3975,0.3827,-0.1073,0.6557,26.245,walk
38.3477,13279,0.3936,0.3788,-0.1071,0.6557,26.086,walk
38.3518,13280,0.3961,0.3811,-0.1078,0.6334,25.916,walk
38.3541,13281,0.3947,0.3797,-0.1078,0.6334,25.822,walk
38.3567,13282,0.3955,0.3804,-0.108,0.6674,25.751,walk
38.3587,13283,0.3942,0.3791,-0.1079,0.6674,25.668,walk
38.3621,13284,0.3964,0.3813,-0.1082,0.6982,25.646,walk
38.3663,13285,0.3954,0.3803,-0.1082,0.7207,25.617,walk
38.3689,13286,0.3962,0.3811,-0.1084,0.6872,25.522,walk
38.3704,13287,0.3948,0.3797,-0.1083,0.6872,25.499,walk
38.3741,13288,0.3963,0.3811,-0.1085,0.689,25.432,walk
38.3769,13289,0.3967,0.3816,-0.1086,0.6758,25.388,walk
38.3787,13290,0.3943,0.3791,-0.1085,0.6758,25.296,walk
38.3816,13291,0.3955,0.3803,-0.1087,0.6863,25.292,walk
38.3837,13292,0.393,0.3777,-0.1086,0.6863,25.217,walk
38.3866,13293,0.3941,0.3788,-0.1088,0.6894,25.158,walk
38.3898,13294,0.3946,0.3793,-0.1089,0.6849,25.075,walk
38.3917,13295,0.3925,0.3772,-0.1087,0.6849,25.012,walk
38.3939,13296,0.3948,0.3793,-0.1092,0.8962,25.001,walk
38.4,13297,0.3938,0.3784,-0.1093,0.6608,24.789,walk
38.4025,13298,0.3934,0.3778,-0.1096,0.6598,24.677,walk
38.4049,13299,0.3934,0.3778,-0.1096,0.6598,24.677,walk
38.4081,13300,0.3929,0.3772,-0.11,0.6592,24.5,walk
38.4112,13301,0.3926,0.3767,-0.1104,0.7071,24.357,walk
38.4136,13302,0.3902,0.3742,-0.1105,0.7071,24.207,walk
38.4175,13303,0.3906,0.3745,-0.1109,0.6901,24.122,walk
38.4188,13304,0.3918,0.3757,-0.1113,0.6998,24.026,walk
38.4212,13305,0.3894,0.3731,-0.1114,0.6998,23.95,walk
38.4245,13306,0.3907,0.3744,-0.1119,0.7118,23.837,walk
38.4259,13307,0.3891,0.3727,-0.1119,0.7118,23.799,walk
38.4301,13308,0.3888,0.3722,-0.1124,0.7122,23.602,walk
38.4342,13309,0.391,0.3743,-0.1129,0.7165,23.638,walk
38.4353,13310,0.3899,0.3731,-0.1134,0.7161,23.443,walk
38.4374,13311,0.3884,0.3714,-0.1135,0.7161,23.367,walk
38.4403,13312,0.3889,0.3718,-0.114,0.7079,23.216,walk
38.4423,13313,0.3873,0.3701,-0.114,0.7079,23.178,walk
38.4456,13314,0.3887,0.3714,-0.1145,0.728,23.083,walk
38.4479,13315,0.3863,0.3689,-0.1146,0.728,23.008,walk
38.4528,13316,0.3888,0.3713,-0.1155,0.704,22.813,walk
38.4555,13317,0.3901,0.3725,-0.1159,0.7049,22.71,walk
38.4579,13318,0.3878,0.37,-0.116,0.7049,22.636,walk
38.4606,13319,0.3875,0.3696,-0.1164,0.7273,22.438,walk
38.4629,13320,0.386,0.368,-0.1165,0.7273,22.401,walk
38.467,13321,0.3866,0.3685,-0.117,0.7296,22.29,walk
38.4675,13322,0.385,0.3668,-0.117,0.7296,22.254,walk
38.4705,13323,0.3856,0.3673,-0.1174,0.7285,22.122,walk
38.4748,13324,0.387,0.3686,-0.1179,0.7307,22.148,walk
38.4755,13325,0.3847,0.3662,-0.118,0.7307,22.004,walk
38.4795,13326,0.3845,0.3658,-0.1184,0.725,21.861,walk
38.4828,13327,0.3859,0.3671,-0.1188,0.7307,21.835,walk
38.4838,13328,0.3843,0.3655,-0.1188,0.7307,21.763,walk
38.4865,13329,0.385,0.3661,-0.1192,0.7481,21.633,walk
38.4881,13330,0.3834,0.3644,-0.1192,0.7481,21.597,walk
38.4919,13331,0.384,0.3648,-0.1197,0.7094,21.502,walk
38.494,13332,0.3854,0.3662,-0.12,0.7523,21.486,walk
38.4965,13333,0.3831,0.3638,-0.1201,0.7523,21.344,walk
38.5023,13334,0.3844,0.3651,-0.1204,0.728,21.304,walk
38.5042,13335,0.3836,0.3641,-0.1208,0.7609,21.161,walk
38.5092,13336,0.3849,0.3654,-0.1211,0.7284,21.06,walk
38.5102,13337,0.384,0.3643,-0.1214,0.7579,20.898,walk
38.5137,13338,0.3817,0.3619,-0.1215,0.7579,20.828,walk
38.5176,13339,0.3831,0.3632,-0.1217,0.7404,20.709,walk
38.5204,13340,0.3823,0.3623,-0.122,0.7875,20.602,walk
38.5224,13341,0.3837,0.3637,-0.1223,0.7418,20.525,walk
38.5245,13342,0.3822,0.3621,-0.1223,0.7418,20.491,walk
38.5282,13343,0.3821,0.3619,-0.1225,0.7648,20.356,walk
38.5301,13344,0.3805,0.3603,-0.1225,0.7648,20.256,walk
38.5324,13345,0.3828,0.3625,-0.1228,0.7622,20.221,walk
38.5352,13346,0.3827,0.3625,-0.1229,0.7899,20.142,walk
38.5377,13347,0.3812,0.3608,-0.1229,0.7899,20.045,walk
38.5416,13348,0.3819,0.3615,-0.1231,0.7767,19.978,walk
38.5449,13349,0.3826,0.3623,-0.1232,0.7926,19.847,walk
38.5499,13350,0.3842,0.3639,-0.1234,0.792,19.831,walk
38.5525,13351,0.3825,0.3621,-0.1234,0.7858,19.625,walk
38.5557,13352,0.3825,0.3621,-0.1234,0.8039,19.512,walk
38.5583,13353,0.3817,0.3612,-0.1234,0.8039,19.482,walk
38.5621,13354,0.3815,0.361,-0.1234,0.776,19.308,walk
38.5625,13355,0.3799,0.3594,-0.1233,0.776,19.28,walk
38.567,13356,0.3816,0.361,-0.1234,0.8221,19.214,walk
38.5674,13357,0.3791,0.3585,-0.1233,0.8221,19.158,walk
38.5704,13358,0.3798,0.3592,-0.1232,0.7866,19.028,walk
38.5745,13359,0.3813,0.3609,-0.1232,0.8152,18.954,walk
38.575,13360,0.3797,0.3591,-0.1231,0.8152,18.927,walk
38.5798,13361,0.3796,0.3591,-0.123,0.8263,18.81,walk
38.584,13362,0.3801,0.3598,-0.1228,0.7953,18.656,walk
38.5858,13363,0.3809,0.3606,-0.1227,0.8337,18.574,walk
38.5875,13364,0.3783,0.358,-0.1224,0.8337,18.471,walk
38.5916,13365,0.38,0.3597,-0.1223,0.8398,18.423,walk
38.5925,13366,0.3774,0.3571,-0.1221,0.8398,18.321,walk
38.5971,13367,0.3771,0.3569,-0.1217,0.8153,18.181,walk
38.6015,13368,0.3813,0.3614,-0.1216,0.8498,18.086,walk
38.604,13369,0.3786,0.3587,-0.1212,0.8498,17.986,walk
38.6065,13370,0.3785,0.3587,-0.1208,0.8682,17.839,walk
38.6098,13371,0.3792,0.3596,-0.1205,0.859,17.741,walk
38.6122,13372,0.3765,0.3569,-0.1201,0.859,17.645,walk
38.6182,13373,0.3816,0.3625,-0.1194,0.8884,17.39,walk
38.6204,13374,0.3762,0.357,-0.1184,0.8884,17.251,walk
38.6247,13375,0.3777,0.3588,-0.118,0.8668,17.083,walk
38.6251,13376,0.375,0.3561,-0.1175,0.8668,16.993,walk
38.6279,13377,0.3769,0.3582,-0.1171,0.9509,16.91,walk
38.63,13378,0.3741,0.3555,-0.1166,0.9509,16.822,walk
38.6331,13379,0.3759,0.3575,-0.116,0.9241,16.695,walk
38.6358,13380,0.3767,0.3586,-0.1154,0.9179,16.509,walk
38.6376,13381,0.3749,0.3568,-0.1151,0.9179,16.489,walk
38.6418,13382,0.3767,0.3588,-0.1147,0.9327,16.35,walk
38.6424,13383,0.3743,0.3564,-0.1144,0.9327,16.288,walk
38.6461,13384,0.3759,0.3582,-0.1142,0.9328,16.123,walk
38.6481,13385,0.3746,0.3568,-0.1142,0.9328,16.043,walk
38.6517,13386,0.3799,0.3625,-0.1137,0.9512,15.795,walk
38.6538,13387,0.3779,0.3604,-0.1136,0.9512,15.705,walk
38.6576,13388,0.3802,0.3629,-0.1134,0.944,15.533,walk
38.6582,13389,0.378,0.3606,-0.1132,0.944,15.468,walk
38.6612,13390,0.3809,0.3638,-0.113,0.9533,15.366,walk
38.665,13391,0.3777,0.3605,-0.1126,0.9533,15.241,walk
38.668,13392,0.3789,0.3619,-0.1122,0.9533,15.056,walk
38.6708,13393,0.3801,0.3633,-0.1117,0.9643,14.918,walk
38.6711,13394,0.3784,0.3616,-0.1116,0.9643,14.837,walk
38.675,13395,0.3805,0.3638,-0.1113,0.9634,14.739,walk
38.6757,13396,0.3788,0.3621,-0.1112,0.9634,14.663,walk
38.6778,13397,0.3808,0.3644,-0.1108,0.971,14.58,walk
38.6798,13398,0.3792,0.3627,-0.1106,0.971,14.509,walk
38.682,13399,0.3813,0.365,-0.1102,0.9754,14.439,walk
38.6851,13400,0.3826,0.3666,-0.1097,0.9826,14.294,walk
38.6866,13401,0.381,0.365,-0.1095,0.9826,14.273,walk
38.6898,13402,0.3833,0.3674,-0.109,0.978,14.178,walk
38.6919,13403,0.381,0.3652,-0.1087,0.978,14.125,walk
38.6962,13404,0.3832,0.3676,-0.1081,0.9459,14.031,walk
38.698,13405,0.3803,0.3647,-0.1077,0.9459,13.966,walk
38.7006,13406,0.3819,0.3665,-0.107,0.9821,13.924,walk
38.7028,13407,0.3819,0.3665,-0.107,0.9821,13.924,walk
38.7066,13408,0.3868,0.3719,-0.1064,1.1609,13.935,walk
38.7092,13409,0.3831,0.3682,-0.1059,1.1609,13.861,walk
38.7127,13410,0.3844,0.3698,-0.1052,0.9333,13.808,walk
38.7169,13411,0.3854,0.3709,-0.1045,0.9907,13.779,walk
38.7195,13412,0.3867,0.3725,-0.1038,0.9344,13.723,walk
38.7216,13413,0.3853,0.3711,-0.1036,0.9344,13.695,walk
38.7253,13414,0.3875,0.3735,-0.1031,0.94,13.713,walk
38.7293,13415,0.3869,0.3732,-0.102,0.9514,13.657,walk
38.7334,13416,0.3891,0.3756,-0.1013,0.9452,13.688,walk
38.7337,13417,0.3877,0.3743,-0.1011,0.9452,13.674,walk
38.7367,13418,0.3899,0.3767,-0.1005,0.9329,13.683,walk
38.7387,13419,0.3878,0.3747,-0.1001,0.9329,13.655,walk
38.7423,13420,0.39,0.3771,-0.0995,0.945,13.713,walk
38.7459,13421,0.3916,0.3789,-0.0987,0.9391,13.758,walk
38.7466,13422,0.3896,0.377,-0.0983,0.9391,13.702,walk
38.7523,13423,0.3953,0.3832,-0.0971,0.9204,13.851,walk
38.7529,13424,0.3927,0.3806,-0.0967,0.9204,13.795,walk
38.7563,13425,0.3948,0.383,-0.0959,0.9116,13.875,walk
38.7589,13426,0.3929,0.3811,-0.0956,0.9116,13.817,walk
38.7621,13427,0.3938,0.3823,-0.0946,0.9084,13.858,walk
38.7653,13428,0.3959,0.3847,-0.0939,0.8961,13.897,walk
38.7676,13429,0.3934,0.3822,-0.0934,0.8961,13.839,walk
38.7709,13430,0.3949,0.3839,-0.0926,0.8807,13.889,walk
38.775,13431,0.397,0.3862,-0.0919,0.8773,13.922,walk
38.7757,13432,0.3952,0.3844,-0.0916,0.8773,13.893,walk
38.7789,13433,0.3961,0.3856,-0.0906,0.8743,13.898,walk
38.782,13434,0.3982,0.3879,-0.0898,0.8665,13.961,walk
38.7841,13435,0.3964,0.3861,-0.0895,0.8665,13.902,walk
38.7869,13436,0.3984,0.3883,-0.0888,0.8369,13.956,walk
38.7882,13437,0.3972,0.3872,-0.0886,0.8369,13.926,walk
38.792,13438,0.3992,0.3894,-0.0879,0.833,13.943,walk
38.7947,13439,0.4006,0.391,-0.0871,0.8193,13.968,walk
38.7982,13440,0.402,0.3926,-0.0863,0.8197,13.956,walk
38.8014,13441,0.4002,0.3908,-0.086,0.8197,13.911,walk
38.8044,13442,0.4021,0.393,-0.0853,0.8014,13.909,walk
38.8081,13443,0.4023,0.3934,-0.0844,0.7973,13.878,walk
38.8087,13444,0.4012,0.3922,-0.0842,0.7973,13.863,walk
38.8116,13445,0.4037,0.3949,-0.0837,0.7901,13.877,walk
38.8143,13446,0.4044,0.3958,-0.0829,0.7722,13.838,walk
38.817,13447,0.4032,0.3946,-0.0827,0.7722,13.793,walk
38.8192,13448,0.4051,0.3967,-0.0821,0.7809,13.763,walk
38.8207,13449,0.4034,0.395,-0.0819,0.7809,13.718,walk
38.8245,13450,0.4053,0.397,-0.0813,0.7664,13.698,walk
38.8295,13451,0.4048,0.3967,-0.0804,0.7512,13.61,walk
38.8343,13452,0.4066,0.3987,-0.0799,0.7664,13.569,walk
38.8352,13453,0.4073,0.3996,-0.0792,0.7565,13.519,walk
38.8372,13454,0.4062,0.3984,-0.0791,0.7565,13.474,walk
38.84,13455,0.4074,0.3998,-0.0785,0.7396,13.416,walk
38.842,13456,0.4062,0.3986,-0.0783,0.7396,13.369,walk
38.844,13457,0.4087,0.4012,-0.0779,0.7579,13.342,walk
38.8495,13458,0.4093,0.4019,-0.0773,0.7274,13.255,walk
38.854,13459,0.4093,0.4021,-0.0766,0.7402,13.163,walk
38.8577,13460,0.4088,0.4017,-0.0759,0.7404,13.052,walk
38.8606,13461,0.4105,0.4035,-0.0755,0.7301,13.006,walk
38.8655,13462,0.4123,0.4054,-0.0751,0.7356,12.928,walk
38.8675,13463,0.4087,0.4018,-0.0746,0.7356,12.825,walk
38.8703,13464,0.4105,0.4037,-0.0743,0.7339,12.777,walk
38.875,13465,0.411,0.4043,-0.0738,0.7287,12.683,walk
38.8754,13466,0.4098,0.4031,-0.0736,0.7287,12.665,walk
38.878,13467,0.4122,0.4056,-0.0734,0.7447,12.636,walk
38.8801,13468,0.4104,0.4038,-0.0731,0.7447,12.565,walk
38.8838,13469,0.412,0.4056,-0.0728,0.7202,12.522,walk
38.8857,13470,0.4125,0.4061,-0.0724,0.7167,12.44,walk
38.8873,13471,0.4112,0.4048,-0.0722,0.7167,12.386,walk
38.8917,13472,0.4122,0.4059,-0.0718,0.7191,12.341,walk
38.8962,13473,0.4138,0.4075,-0.0715,0.6941,12.293,walk
38.8968,13474,0.4112,0.405,-0.0711,0.6941,12.218,walk
38.9009,13475,0.4116,0.4055,-0.0707,0.7162,12.126,walk
38.9043,13476,0.4125,0.4064,-0.0704,0.6944,12.065,walk
38.9089,13477,0.4133,0.4074,-0.07,0.6996,12.037,walk
38.9101,13478,0.4142,0.4083,-0.0697,0.6904,11.974,walk
38.9129,13479,0.4129,0.407,-0.0695,0.6904,11.956,walk
38.9168,13480,0.4137,0.4078,-0.0692,0.6862,11.885,walk
38.9202,13481,0.4138,0.4081,-0.0689,0.6898,11.819,walk
38.921,13482,0.4118,0.4061,-0.0686,0.6898,11.783,walk
38.9238,13483,0.414,0.4083,-0.0685,0.7036,11.769,walk
38.9254,13484,0.412,0.4063,-0.0683,0.7036,11.696,walk
38.9297,13485,0.4127,0.4071,-0.068,0.6726,11.662,walk
38.9336,13486,0.4135,0.4079,-0.0677,0.6841,11.601,walk
38.934,13487,0.4114,0.4058,-0.0675,0.6841,11.565,walk
38.9369,13488,0.4128,0.4073,-0.0673,0.6857,11.513,walk
38.9391,13489,0.414,0.4085,-0.0671,0.6419,11.505,walk
38.9413,13490,0.4119,0.4064,-0.067,0.6419,11.426,walk
38.9456,13491,0.413,0.4076,-0.0668,0.6239,11.422,walk
38.9481,13492,0.4102,0.4047,-0.0667,0.6239,11.352,walk
38.9549,13493,0.4116,0.4061,-0.0667,0.6343,11.387,walk
38.9571,13494,0.4119,0.4065,-0.0669,0.5716,11.664,walk
38.9608,13495,0.4118,0.4063,-0.0669,0.6096,11.693,walk
38.9629,13496,0.4104,0.405,-0.0668,0.6096,11.682,walk
38.9661,13497,0.4102,0.4048,-0.0667,0.6269,11.684,walk
38.9694,13498,0.4115,0.406,-0.0667,0.6557,11.742,walk
38.9708,13499,0.4099,0.4045,-0.0666,0.6557,11.725,walk
38.9736,13500,0.411,0.4056,-0.0665,0.6413,11.763,walk
38.9755,13501,0.4087,0.4033,-0.0663,0.6413,11.735,walk
38.9793,13502,0.4096,0.4042,-0.0662,0.6233,11.809,walk
38.984,13503,0.409,0.4037,-0.0661,0.6449,11.873,walk
38.985,13504,0.4092,0.4039,-0.066,0.6138,11.925,walk
38.9876,13505,0.407,0.4017,-0.0658,0.6138,11.897,walk
38.9913,13506,0.4076,0.4023,-0.0658,0.6274,11.953,walk
38.9941,13507,0.4082,0.4028,-0.0657,0.6179,11.991,walk
38.9983,13508,0.4087,0.4034,-0.0657,0.5992,12.053,walk
39.0025,13509,0.408,0.4027,-0.0659,0.6354,12.073,walk
39.0043,13510,0.4059,0.4005,-0.066,0.6354,11.999,walk
39.0088,13511,0.4056,0.4001,-0.0663,0.6082,12.031,walk
39.0112,13512,0.4067,0.4012,-0.0665,0.6141,12.104,walk
39.0151,13513,0.4063,0.4008,-0.0668,0.606,12.131,walk
39.0177,13514,0.4042,0.3986,-0.0669,0.606,12.092,walk
39.0205,13515,0.4053,0.3997,-0.0671,0.611,12.139,walk
39.0236,13516,0.4057,0.4001,-0.0673,0.5892,12.174,walk
39.0255,13517,0.4036,0.3979,-0.0675,0.5892,12.092,walk
39.0282,13518,0.4046,0.3989,-0.0677,0.5722,12.145,walk
39.0301,13519,0.4025,0.3967,-0.0678,0.5722,12.104,walk
39.0336,13520,0.403,0.3972,-0.0681,0.6113,12.101,walk
39.0378,13521,0.4039,0.3981,-0.0683,0.5735,12.15,walk
39.0384,13522,0.4019,0.396,-0.0685,0.5735,12.067,walk
39.0412,13523,0.4023,0.3964,-0.0688,0.6085,12.111,walk
39.0466,13524,0.4014,0.3954,-0.0691,0.6021,12.063,walk
39.0505,13525,0.4032,0.3972,-0.0693,0.6065,12.101,walk
39.0541,13526,0.4023,0.3962,-0.0697,0.6057,12.04,walk
39.0586,13527,0.4021,0.396,-0.07,0.6159,11.967,walk
39.0591,13528,0.4001,0.3939,-0.0702,0.6159,11.903,walk
39.0624,13529,0.4006,0.3944,-0.0705,0.6237,11.9,walk
39.0668,13530,0.4012,0.3948,-0.0708,0.6201,11.834,walk
39.0674,13531,0.3998,0.3934,-0.071,0.6201,11.79,walk
39.071,13532,0.3996,0.3932,-0.0713,0.6222,11.727,walk
39.0749,13533,0.4009,0.3944,-0.0715,0.6254,11.718,walk
39.0775,13534,0.4008,0.3943,-0.0719,0.6425,11.613,walk
39.0789,13535,0.3995,0.3929,-0.072,0.6425,11.591,walk
39.0833,13536,0.4007,0.3942,-0.0722,0.6317,11.561,walk
39.0839,13537,0.3987,0.3921,-0.0724,0.6317,11.473,walk
39.0866,13538,0.4,0.3934,-0.0727,0.6555,11.454,walk
39.0909,13539,0.3999,0.3932,-0.073,0.6249,11.33,walk
39.0931,13540,0.4013,0.3946,-0.0733,0.6713,11.304,walk
39.0953,13541,0.3993,0.3925,-0.0734,0.6713,11.215,walk
39.1015,13542,0.3979,0.391,-0.0738,0.6377,11.061,walk
39.1063,13543,0.4006,0.3937,-0.0743,0.6546,10.944,walk
39.1089,13544,0.3986,0.3916,-0.0744,0.6546,10.9,walk
39.1132,13545,0.3979,0.3908,-0.0748,0.6719,10.79,walk
39.1157,13546,0.4006,0.3936,-0.075,0.6558,10.768,walk
39.1202,13547,0.4,0.3929,-0.0753,0.6818,10.665,walk
39.1205,13548,0.3986,0.3914,-0.0754,0.6818,10.6,walk
39.1242,13549,0.3999,0.3927,-0.0756,0.6469,10.551,walk
39.1251,13550,0.3978,0.3906,-0.0757,0.6469,10.467,walk
39.1286,13551,0.3993,0.392,-0.0759,0.6825,10.425,walk
39.1294,13552,0.3979,0.3906,-0.076,0.6825,10.404,walk
39.1334,13553,0.3999,0.3926,-0.0762,0.6636,10.375,walk
39.1358,13554,0.3992,0.3918,-0.0765,0.672,10.295,walk
39.1374,13555,0.3978,0.3904,-0.0765,0.672,10.237,walk
39.1412,13556,0.3992,0.3917,-0.0768,0.6783,10.22,walk
39.1418,13557,0.3978,0.3903,-0.0768,0.6783,10.163,walk
39.146,13558,0.3985,0.391,-0.077,0.6908,10.145,walk
39.1466,13559,0.3971,0.3895,-0.0771,0.6908,10.091,walk
39.1506,13560,0.3991,0.3916,-0.0773,0.6756,10.08,walk
39.1524,13561,0.3999,0.3923,-0.0774,0.6959,10.047,walk
39.1544,13562,0.3984,0.3908,-0.0775,0.6959,9.995,walk
39.1591,13563,0.3984,0.3908,-0.0777,0.7045,9.958,walk
39.1596,13564,0.3963,0.3886,-0.0777,0.7045,9.925,walk
39.1625,13565,0.3984,0.3907,-0.0779,0.7004,9.942,walk
39.1675,13566,0.3983,0.3906,-0.078,0.6946,9.913,walk
39.1692,13567,0.3983,0.3905,-0.0782,0.6936,9.862,walk
39.1707,13568,0.3968,0.389,-0.0781,0.6936,9.847,walk
39.1746,13569,0.3982,0.3905,-0.0783,0.7214,9.839,walk
39.1755,13570,0.396,0.3882,-0.0782,0.7214,9.794,walk
39.1785,13571,0.3974,0.3896,-0.0784,0.7053,9.813,walk
39.1798,13572,0.3959,0.388,-0.0783,0.7053,9.77,walk
39.1834,13573,0.3959,0.388,-0.0784,0.7433,9.761,walk
39.1874,13574,0.3981,0.3902,-0.0786,0.7248,9.776,walk
39.1904,13575,0.3979,0.3901,-0.0786,0.7209,9.776,walk
39.1924,13576,0.3948,0.3869,-0.0784,0.7209,9.708,walk
39.1955,13577,0.3962,0.3884,-0.0785,0.7288,9.733,walk
39.2021,13578,0.3969,0.3891,-0.0785,0.7498,9.74,walk
39.2046,13579,0.3944,0.3866,-0.0782,0.7525,9.68,walk
39.207,13580,0.3975,0.3897,-0.0785,0.7532,9.733,walk
39.2104,13581,0.3974,0.3896,-0.0783,0.7607,9.717,walk
39.2129,13582,0.3942,0.3864,-0.078,0.7607,9.665,walk
39.2167,13583,0.3941,0.3863,-0.0779,0.7805,9.642,walk
39.2194,13584,0.3957,0.3879,-0.0779,0.7817,9.671,walk
39.2212,13585,0.3932,0.3855,-0.0775,0.7817,9.645,walk
39.2239,13586,0.3946,0.3869,-0.0775,0.752,9.659,walk
39.2259,13587,0.393,0.3853,-0.0773,0.752,9.634,walk
39.2291,13588,0.3945,0.3868,-0.0774,0.7708,9.677,walk
39.2326,13589,0.3944,0.3868,-0.0771,0.8073,9.682,walk
39.2344,13590,0.3919,0.3844,-0.0767,0.8073,9.632,walk
39.2371,13591,0.3944,0.3868,-0.0768,0.7976,9.705,walk
39.24,13592,0.3942,0.3867,-0.0766,0.787,9.741,walk
39.2419,13593,0.3934,0.3859,-0.0765,0.787,9.73,walk
39.2444,13594,0.3947,0.3872,-0.0765,0.8102,9.763,walk
39.2464,13595,0.3928,0.3853,-0.0763,0.8102,9.731,walk
39.2505,13596,0.3955,0.388,-0.0766,0.8138,9.806,walk
39.2511,13597,0.3936,0.3861,-0.0764,0.8138,9.75,walk
39.2544,13598,0.3955,0.3881,-0.0765,0.7726,9.749,walk
39.2567,13599,0.3963,0.3888,-0.0766,0.813,9.744,walk
39.259,13600,0.3949,0.3874,-0.0765,0.813,9.723,walk
39.263,13601,0.3961,0.3887,-0.0766,0.823,9.704,walk
39.2639,13602,0.398,0.3905,-0.0768,0.8041,9.753,walk
39.2669,13603,0.3957,0.3882,-0.0765,0.8041,9.69,walk
39.2712,13604,0.3966,0.3892,-0.0765,0.8023,9.702,walk
39.2716,13605,0.395,0.3875,-0.0763,0.8023,9.682,walk
39.2744,13606,0.396,0.3886,-0.0764,0.8502,9.66,walk
39.2786,13607,0.3977,0.3903,-0.0765,0.8129,9.711,walk
39.279,13608,0.3961,0.3887,-0.0763,0.8129,9.657,walk
39.283,13609,0.397,0.3896,-0.0763,0.8059,9.702,walk
39.2837,13610,0.3953,0.3879,-0.0761,0.8059,9.652,walk
39.2867,13611,0.3965,0.3892,-0.0761,0.8611,9.664,walk
39.2895,13612,0.3976,0.3902,-0.0761,0.8022,9.72,walk
39.2917,13613,0.396,0.3887,-0.0759,0.8022,9.68,walk
39.2958,13614,0.3979,0.3906,-0.076,0.8218,9.738,walk
39.2966,13615,0.3963,0.389,-0.0758,0.8218,9.726,walk
39.3003,13616,0.3958,0.3885,-0.0755,0.8233,9.778,walk
39.3029,13617,0.3976,0.3903,-0.0757,0.8108,9.86,walk
39.3052,13618,0.3953,0.388,-0.0753,0.8108,9.838,walk
39.3087,13619,0.3971,0.3899,-0.0754,0.8254,9.924,walk
39.3122,13620,0.3983,0.3911,-0.0755,0.8545,9.991,walk
39.3129,13621,0.3967,0.3896,-0.0752,0.8545,9.97,walk
39.3157,13622,0.3979,0.3908,-0.0752,0.8433,10.016,walk
39.3172,13623,0.3964,0.3893,-0.0749,0.8433,10.006,walk
39.3205,13624,0.3992,0.3921,-0.0753,0.8652,10.057,walk
39.3228,13625,0.3996,0.3925,-0.0752,0.8285,10.121,walk
39.3259,13626,0.3973,0.3903,-0.0747,0.8285,10.081,walk
39.3284,13627,0.3987,0.3916,-0.0747,0.8662,10.148,walk
39.3315,13628,0.4007,0.3936,-0.075,0.8433,10.231,walk
39.3342,13629,0.3977,0.3907,-0.0743,0.8433,10.192,walk
39.3368,13630,0.3997,0.3926,-0.0746,0.837,10.278,walk
39.3398,13631,0.4018,0.3947,-0.0751,1.0556,10.51,walk
39.3414,13632,0.4003,0.3933,-0.0748,1.0556,10.49,walk
39.3444,13633,0.4033,0.3962,-0.0751,0.8822,10.616,walk
39.3464,13634,0.401,0.394,-0.0746,0.8822,10.576,walk
39.3485,13635,0.4026,0.3956,-0.0747,0.8975,10.7,walk
39.3505,13636,0.4011,0.3942,-0.0744,0.8975,10.67,walk
39.3539,13637,0.4026,0.3957,-0.0744,0.8936,10.756,walk
39.3588,13638,0.4042,0.3973,-0.0746,0.911,10.833,walk
39.3626,13639,0.4051,0.3982,-0.0745,0.9121,10.95,walk
39.365,13640,0.4061,0.3992,-0.0745,0.9316,11.039,walk
39.367,13641,0.4039,0.3971,-0.0739,0.9316,10.996,walk
39.3709,13642,0.4062,0.3994,-0.0743,0.8997,11.09,walk
39.3717,13643,0.4048,0.398,-0.0739,0.8997,11.057,walk
39.3743,13644,0.4066,0.3998,-0.0741,0.938,11.159,walk
39.3787,13645,0.409,0.4022,-0.0745,0.9292,11.247,walk
39.3791,13646,0.4069,0.4001,-0.0739,0.9292,11.224,walk
39.3821,13647,0.4094,0.4026,-0.0743,0.9415,11.307,walk
39.3841,13648,0.4072,0.4005,-0.0737,0.9415,11.283,walk
39.3867,13649,0.4111,0.4043,-0.0745,0.9193,11.375,walk
39.3908,13650,0.4115,0.4047,-0.0744,0.9577,11.4,walk
39.3913,13651,0.4101,0.4034,-0.074,0.9577,11.388,walk
39.3947,13652,0.4127,0.406,-0.0743,0.9745,11.442,walk
39.3966,13653,0.4106,0.404,-0.0737,0.9745,11.417,walk
39.4002,13654,0.413,0.4063,-0.0742,0.9146,11.448,walk
39.4036,13655,0.4141,0.4074,-0.0742,0.9369,11.473,walk
39.4065,13656,0.4153,0.4086,-0.0742,0.9758,11.5,walk
39.4089,13657,0.4139,0.4073,-0.0738,0.9758,11.462,walk
39.4111,13658,0.4158,0.4091,-0.0741,0.952,11.518,walk
39.4131,13659,0.4143,0.4077,-0.0736,0.952,11.492,walk
39.4165,13660,0.4169,0.4102,-0.074,0.9529,11.327,walk
39.4171,13661,0.4155,0.4089,-0.0736,0.9529,11.314,walk
39.4206,13662,0.4174,0.4108,-0.0739,0.9752,11.253,walk
39.4234,13663,0.4198,0.4132,-0.0743,0.9297,11.258,walk
39.4252,13664,0.4177,0.4111,-0.0737,0.9297,11.206,walk
39.4285,13665,0.4197,0.4132,-0.074,1.0121,11.202,walk
39.4334,13666,0.4222,0.4156,-0.0744,0.9474,11.138,walk
39.4368,13667,0.4226,0.416,-0.0743,0.9519,11.083,walk
39.4401,13668,0.4244,0.4178,-0.0746,0.9562,11.047,walk
39.4421,13669,0.4215,0.415,-0.0737,0.9562,10.977,walk
39.445,13670,0.4233,0.4167,-0.0741,0.9549,10.909,walk
39.4472,13671,0.4218,0.4153,-0.0737,0.9549,10.865,walk
39.4497,13672,0.4243,0.4178,-0.0743,0.9712,10.832,walk
39.455,13673,0.4253,0.4187,-0.0745,0.9379,10.685,walk
39.4578,13674,0.4262,0.4196,-0.0747,0.9376,10.538,walk
39.4612,13675,0.4273,0.4206,-0.0749,0.9951,10.412,walk
39.4643,13676,0.4296,0.4229,-0.0756,0.9346,10.265,walk
39.4672,13677,0.4273,0.4207,-0.0749,0.9346,10.232,walk
39.4694,13678,0.4299,0.4232,-0.0756,0.9926,10.115,walk
39.4713,13679,0.4276,0.421,-0.0749,0.9926,10.082,walk
39.4748,13680,0.429,0.4224,-0.0754,0.9127,9.87,walk
39.4783,13681,0.4299,0.4232,-0.0756,0.9564,9.688,walk
39.483,13682,0.4298,0.4231,-0.0756,0.9322,9.461,walk
39.4851,13683,0.4321,0.4253,-0.0763,0.9435,9.288,walk
39.4883,13684,0.4297,0.423,-0.0757,0.9435,9.253,walk
39.491,13685,0.431,0.4243,-0.0762,0.9103,9.046,walk
39.4939,13686,0.4333,0.4264,-0.0769,0.9392,8.898,walk
39.4953,13687,0.4317,0.4248,-0.0765,0.9392,8.846,walk
39.5009,13688,0.4329,0.426,-0.077,0.8907,8.671,walk
39.5042,13689,0.4317,0.4248,-0.0769,0.9032,8.441,walk
39.5071,13690,0.4334,0.4264,-0.0778,0.8296,8.211,walk
39.5093,13691,0.4309,0.424,-0.0772,0.8296,8.181,walk
39.5124,13692,0.4323,0.4253,-0.0778,0.9538,8.043,walk
39.5154,13693,0.4339,0.4267,-0.0786,0.801,7.864,walk
39.5193,13694,0.4353,0.428,-0.0792,0.9555,7.779,walk
39.521,13695,0.4319,0.4247,-0.0785,0.9555,7.725,walk
39.5247,13696,0.434,0.4267,-0.0793,0.9213,7.64,walk
39.5272,13697,0.4349,0.4274,-0.08,0.8362,7.568,walk
39.5288,13698,0.4331,0.4258,-0.0796,0.8362,7.532,walk
39.5336,13699,0.4341,0.4266,-0.0803,0.8644,7.426,walk
39.5368,13700,0.4329,0.4253,-0.0807,0.7711,7.238,walk
39.5393,13701,0.4346,0.4269,-0.0816,0.8543,7.165,walk
39.5409,13702,0.433,0.4253,-0.0813,0.8543,7.152,walk
39.5438,13703,0.4342,0.4264,-0.0821,0.8479,7.068,walk
39.5469,13704,0.432,0.4242,-0.0817,0.8479,7.043,walk
39.5507,13705,0.432,0.4241,-0.0822,0.7446,6.903,walk
39.5542,13706,0.4328,0.4248,-0.0827,0.8581,6.858,walk
39.5585,13707,0.4345,0.4264,-0.0835,0.7432,6.831,walk
39.5667,13708,0.4354,0.4272,-0.0843,0.777,6.807,walk
39.5673,13709,0.4331,0.425,-0.0837,0.777,6.808,walk
39.571,13710,0.4355,0.4272,-0.0846,0.7713,6.824,walk
39.5751,13711,0.4344,0.4261,-0.0845,0.7442,6.802,walk
39.5757,13712,0.4327,0.4245,-0.084,0.7442,6.801,walk
39.5782,13713,0.4332,0.4249,-0.0844,0.7466,6.805,walk
39.581,13714,0.4346,0.4262,-0.085,0.7342,6.799,walk
39.5835,13715,0.4321,0.4238,-0.0843,0.7342,6.794,walk
39.5874,13716,0.432,0.4236,-0.0845,0.7562,6.795,walk
39.59,13717,0.4332,0.4248,-0.0848,0.6591,6.784,walk
39.5918,13718,0.4316,0.4233,-0.0844,0.6591,6.773,walk
39.5961,13719,0.4323,0.4238,-0.0853,0.7476,6.754,walk
39.597,13720,0.4308,0.4224,-0.0849,0.7476,6.741,walk
39.6014,13721,0.4341,0.4256,-0.0858,0.716,6.736,walk
39.604,13722,0.4309,0.4224,-0.0849,0.716,6.7,walk
39.6061,13723,0.4329,0.4244,-0.0857,0.6649,6.694,walk
39.6087,13724,0.4315,0.423,-0.0853,0.6649,6.687,walk
39.611,13725,0.4323,0.4238,-0.0856,0.7099,6.674,walk
39.6131,13726,0.4301,0.4216,-0.0851,0.7099,6.659,walk
39.6172,13727,0.4299,0.4213,-0.0854,0.658,6.643,walk
39.6201,13728,0.4307,0.4221,-0.0857,0.7181,6.625,walk
39.6249,13729,0.4313,0.4227,-0.086,0.6747,6.628,walk
39.6278,13730,0.4313,0.4226,-0.0862,0.6834,6.593,walk
39.6295,13731,0.4299,0.4212,-0.0859,0.6834,6.584,walk
39.633,13732,0.4313,0.4225,-0.0864,0.6813,6.574,walk
39.6362,13733,0.4312,0.4224,-0.0866,0.6601,6.492,walk
39.6376,13734,0.4298,0.421,-0.0863,0.6601,6.466,walk
39.6415,13735,0.4296,0.4208,-0.0864,0.6357,6.424,walk
39.6445,13736,0.4307,0.4219,-0.087,0.6096,6.362,walk
39.6463,13737,0.4287,0.4198,-0.0865,0.6096,6.325,walk
39.6521,13738,0.4309,0.4219,-0.0873,0.6613,6.239,walk
39.6544,13739,0.4288,0.4199,-0.0869,0.6613,6.219,walk
39.6582,13740,0.4308,0.4218,-0.0875,0.6348,6.177,walk
39.6633,13741,0.43,0.421,-0.0875,0.628,6.074,walk
39.6657,13742,0.43,0.421,-0.0877,0.6556,5.993,walk
39.6673,13743,0.428,0.419,-0.0872,0.6556,5.949,walk
39.671,13744,0.4299,0.4208,-0.0879,0.6323,5.878,walk
39.6716,13745,0.4279,0.4189,-0.0874,0.6323,5.833,walk
39.6743,13746,0.429,0.4198,-0.0881,0.5891,5.7,walk
39.6774,13747,0.4297,0.4205,-0.0883,0.652,5.596,walk
39.6789,13748,0.4283,0.4192,-0.088,0.652,5.584,walk
39.6855,13749,0.4308,0.4216,-0.0887,0.6165,5.384,walk
39.6875,13750,0.4274,0.4183,-0.0879,0.6165,5.322,walk
39.6916,13751,0.428,0.4188,-0.0881,0.6079,5.178,walk
39.6924,13752,0.4266,0.4175,-0.0878,0.6079,5.153,walk
39.6969,13753,0.4284,0.4192,-0.0883,0.591,5.038,walk
39.7003,13754,0.4275,0.4183,-0.0882,0.6029,4.865,walk
39.703,13755,0.4272,0.418,-0.0881,0.57,4.705,walk
39.7077,13756,0.4275,0.4183,-0.0882,0.5702,4.53,walk
39.708,13757,0.4255,0.4164,-0.0877,0.5702,4.502,walk
39.7108,13758,0.4265,0.4174,-0.088,0.5799,4.324,walk
39.716,13759,0.4262,0.417,-0.0878,0.5728,4.151,walk
39.7188,13760,0.4263,0.4172,-0.0878,0.5353,3.952,walk
39.7205,13761,0.4249,0.4159,-0.0874,0.5353,3.939,walk
39.7243,13762,0.4253,0.4162,-0.0874,0.5789,3.751,walk
39.7248,13763,0.4239,0.4148,-0.087,0.5789,3.738,walk
39.7289,13764,0.424,0.415,-0.087,0.5424,3.545,walk
39.7298,13765,0.4226,0.4136,-0.0866,0.5424,3.521,walk
39.7337,13766,0.4234,0.4145,-0.0867,0.5387,3.343,walk
39.7361,13767,0.4228,0.4138,-0.0864,0.5298,3.131,walk
39.7381,13768,0.4206,0.4118,-0.0858,0.5298,3.101,walk
39.7409,13769,0.4207,0.4119,-0.0856,0.5543,2.918,walk
39.7436,13770,0.4222,0.4133,-0.0858,0.5206,2.735,walk
39.7451,13771,0.42,0.4112,-0.0852,0.5206,2.701,walk
39.75,13772,0.4214,0.4126,-0.0854,0.5164,2.516,walk
39.751,13773,0.4184,0.4098,-0.0846,0.5164,2.487,walk
39.755,13774,0.4191,0.4105,-0.0845,0.533,2.311,walk
39.7567,13775,0.4181,0.4096,-0.0841,0.4869,2.085,walk
39.7588,13776,0.4166,0.4081,-0.0836,0.4869,2.074,walk
39.7625,13777,0.418,0.4095,-0.0837,0.5167,1.889,walk
39.7686,13778,0.4161,0.4078,-0.0829,0.4819,1.701,walk
39.7728,13779,0.4147,0.4065,-0.082,0.4959,1.269,walk
39.7737,13780,0.4131,0.405,-0.0815,0.4959,1.265,walk
39.7776,13781,0.4128,0.4048,-0.0811,0.5124,1.068,walk
39.7792,13782,0.4104,0.4024,-0.0804,0.5124,1.066,walk
39.7851,13783,0.4128,0.4049,-0.0805,0.4904,0.661,walk
39.7879,13784,0.4078,0.4001,-0.0789,0.4904,0.657,walk
39.791,13785,0.4081,0.4005,-0.0786,0.4785,0.441,walk
39.7958,13786,0.4076,0.4,-0.0781,0.4814,0.248,walk
39.7962,13787,0.4041,0.3967,-0.077,0.4814,0.249,walk
39.7996,13788,0.4036,0.3962,-0.0765,0.4873,0.035,walk
39.8023,13789,0.4028,0.3956,-0.0759,0.4398,0.205,walk
39.8049,13790,0.4028,0.3956,-0.0759,0.4398,0.205,walk
39.8078,13791,0.4021,0.395,-0.0752,0.4759,0.411,walk
39.8109,13792,0.4004,0.3935,-0.0742,0.4525,0.647,walk
39.8155,13793,0.397,0.3902,-0.0727,0.4566,0.84,walk
39.8196,13794,0.3971,0.3905,-0.0722,0.48,1.044,walk
39.8225,13795,0.3944,0.388,-0.0709,0.4377,1.257,walk
39.825,13796,0.3935,0.3871,-0.0706,0.4377,1.254,walk
39.8277,13797,0.3917,0.3855,-0.0695,0.4584,1.45,walk
39.8295,13798,0.3899,0.3837,-0.0688,0.4584,1.441,walk
39.8334,13799,0.3898,0.3838,-0.0683,0.4439,1.679,walk
39.8363,13800,0.389,0.3831,-0.0675,0.4662,1.884,walk
39.839,13801,0.3873,0.3815,-0.0664,0.4365,2.087,walk
39.841,13802,0.3858,0.3801,-0.066,0.4365,2.083,walk
39.8442,13803,0.3864,0.3807,-0.0657,0.4644,2.303,walk
39.8462,13804,0.3843,0.3788,-0.065,0.4644,2.314,walk
39.85,13805,0.3848,0.3793,-0.0647,0.4633,2.505,walk
39.8528,13806,0.3839,0.3785,-0.0641,0.47,2.755,walk
39.8547,13807,0.3816,0.3763,-0.0636,0.47,2.778,walk
39.8579,13808,0.382,0.3767,-0.0633,0.4568,2.998,walk
39.8613,13809,0.3808,0.3756,-0.0627,0.4512,3.261,walk
39.8633,13810,0.3783,0.3732,-0.0621,0.4512,3.28,walk
39.8665,13811,0.3786,0.3735,-0.0619,0.4636,3.515,walk
39.8694,13812,0.378,0.373,-0.0614,0.4497,3.78,walk
39.871,13813,0.3754,0.3705,-0.0608,0.4497,3.796,walk
39.874,13814,0.3757,0.3708,-0.0605,0.4853,4.002,walk
39.8775,13815,0.3751,0.3703,-0.0599,0.4698,4.203,walk
39.8787,13816,0.3735,0.3687,-0.0595,0.4698,4.218,walk
39.8834,13817,0.3736,0.3689,-0.0592,0.4517,4.463,walk
39.8838,13818,0.3711,0.3665,-0.0586,0.4517,4.476,walk
39.887,13819,0.3714,0.3668,-0.0583,0.4627,4.732,walk
39.8893,13820,0.3709,0.3664,-0.0578,0.444,5.013,walk
39.8919,13821,0.3678,0.3633,-0.057,0.444,5.013,walk
39.8952,13822,0.3672,0.3628,-0.0564,0.4415,5.259,walk
39.8982,13823,0.3683,0.364,-0.0564,0.4615,5.531,walk
39.9004,13824,0.3655,0.3613,-0.0555,0.4615,5.526,walk
39.903,13825,0.3662,0.362,-0.0552,0.4785,5.775,walk
39.9051,13826,0.3639,0.3598,-0.0546,0.4785,5.769,walk
39.9082,13827,0.3658,0.3617,-0.0548,0.443,6.055,walk
39.9113,13828,0.3638,0.3598,-0.0538,0.4606,6.339,walk
39.9142,13829,0.3633,0.3594,-0.0532,0.4418,6.631,walk
39.9184,13830,0.3629,0.3591,-0.0527,0.4555,6.912,walk
39.9209,13831,0.3598,0.3561,-0.0519,0.4555,6.893,walk
39.9239,13832,0.3602,0.3565,-0.0516,0.453,7.207,walk
39.9266,13833,0.3591,0.3555,-0.0509,0.4687,7.497,walk
39.9287,13834,0.3576,0.354,-0.0505,0.4687,7.481,walk
39.9335,13835,0.358,0.3545,-0.0503,0.4623,7.822,walk
39.9341,13836,0.355,0.3516,-0.0495,0.4623,7.776,walk
39.9362,13837,0.3561,0.3527,-0.0494,0.4434,8.144,walk
39.9382,13838,0.3539,0.3505,-0.0488,0.4434,8.103,walk
39.941,13839,0.3544,0.351,-0.0486,0.4615,8.48,walk
39.9434,13840,0.354,0.3507,-0.0482,0.45,8.842,walk
39.9451,13841,0.3526,0.3493,-0.0478,0.45,8.819,walk
39.9491,13842,0.3523,0.3491,-0.0474,0.4624,9.196,walk
39.951,13843,0.3502,0.347,-0.0468,0.4624,9.172,walk
39.9541,13844,0.35,0.3469,-0.0464,0.4658,9.561,walk
39.957,13845,0.3511,0.3481,-0.0463,0.4554,9.972,walk
39.959,13846,0.349,0.346,-0.0457,0.4554,9.945,walk
39.9621,13847,0.3481,0.3452,-0.0451,0.4758,10.349,walk
39.9682,13848,0.3486,0.3457,-0.0449,0.4669,10.786,walk
39.9697,13849,0.3472,0.3443,-0.0442,0.4929,11.203,walk
39.9723,13850,0.3465,0.3436,-0.044,0.4929,11.188,walk
39.9757,13851,0.3449,0.3422,-0.0433,0.4781,11.63,walk
39.9787,13852,0.3455,0.3428,-0.0431,0.4726,12.099,walk
39.98,13853,0.3441,0.3415,-0.0427,0.4726,12.082,walk
39.9841,13854,0.344,0.3414,-0.0424,0.4796,12.565,walk
39.9853,13855,0.3446,0.342,-0.0423,0.4757,13.121,walk
39.9878,13856,0.3425,0.34,-0.0417,0.4757,13.048,walk
39.991,13857,0.3425,0.34,-0.0414,0.496,13.602,walk
39.9937,13858,0.3432,0.3407,-0.0413,0.4931,14.131,walk
39.9958,13859,0.3411,0.3387,-0.0407,0.4931,14.092,walk
40.0003,13860,0.3416,0.3392,-0.0406,0.4573,14.615,walk
40.0046,13861,0.3409,0.3386,-0.0401,0.4945,15.136,walk
40.0058,13862,0.3401,0.3378,-0.0395,0.4667,15.694,walk
40.0082,13863,0.3394,0.3371,-0.0394,0.4667,15.651,walk
40.012,13864,0.3387,0.3365,-0.0388,0.4814,16.217,walk
40.0146,13865,0.3386,0.3364,-0.0384,0.483,16.768,walk
40.0187,13866,0.3399,0.3377,-0.0384,0.4754,17.419,walk
40.0201,13867,0.3365,0.3344,-0.0375,0.4754,17.303,walk
40.0226,13868,0.3377,0.3357,-0.0374,0.475,17.928,walk
40.0253,13869,0.335,0.333,-0.0367,0.475,17.832,walk
40.0284,13870,0.3356,0.3336,-0.0366,0.4875,18.409,walk
40.031,13871,0.3347,0.3328,-0.0359,0.4594,18.992,walk
40.034,13872,0.3334,0.3315,-0.0355,0.4594,18.916,walk
40.0345,13873,0.332,0.3301,-0.0352,0.4594,18.89,walk
40.0378,13874,0.3327,0.3308,-0.035,0.5016,19.436,walk
40.0409,13875,0.3326,0.3308,-0.0346,0.4932,20.062,walk
40.0442,13876,0.3325,0.3307,-0.0341,0.4719,20.63,walk
40.0462,13877,0.3297,0.328,-0.0335,0.4719,20.55,walk
40.0497,13878,0.3303,0.3286,-0.0332,0.4847,21.152,walk
40.0547,13879,0.3295,0.3279,-0.0327,0.5018,21.721,walk
40.0579,13880,0.3279,0.3264,-0.032,0.4729,22.275,walk
40.0623,13881,0.3272,0.3257,-0.0315,0.507,22.849,walk
40.0632,13882,0.3265,0.3249,-0.0313,0.507,22.792,walk
40.0679,13883,0.3249,0.3234,-0.0305,0.4886,23.344,walk
40.0727,13884,0.3247,0.3233,-0.0301,0.496,23.893,walk
40.0743,13885,0.3247,0.3233,-0.0297,0.5108,24.48,walk
40.0771,13886,0.3252,0.3239,-0.0293,0.4941,25.063,walk
40.0794,13887,0.323,0.3217,-0.0288,0.4941,25.002,walk
40.0839,13888,0.3229,0.3217,-0.0285,0.53,25.528,walk
40.0857,13889,0.3229,0.3217,-0.028,0.5432,26.042,walk
40.0872,13890,0.3207,0.3195,-0.0276,0.5432,25.978,walk
40.0903,13891,0.3213,0.3202,-0.0272,0.5332,26.487,walk
40.0921,13892,0.319,0.3179,-0.0269,0.5332,26.421,walk
40.0962,13893,0.3198,0.3187,-0.0265,0.5485,26.973,walk
40.0998,13894,0.3189,0.3178,-0.0259,0.5411,27.451,walk
40.1021,13895,0.318,0.317,-0.0254,0.5521,27.876,walk
40.1043,13896,0.3165,0.3155,-0.0252,0.5521,27.841,walk
40.1092,13897,0.3179,0.3169,-0.0249,0.5408,28.383,walk
40.1109,13898,0.3162,0.3152,-0.0242,0.5472,28.775,walk
40.1131,13899,0.3146,0.3136,-0.0241,0.5472,28.665,walk
40.1175,13900,0.3153,0.3144,-0.0237,0.5636,29.167,walk
40.1203,13901,0.3143,0.3134,-0.0232,0.5435,29.568,walk
40.1241,13902,0.3132,0.3124,-0.0226,0.538,29.915,walk
40.1276,13903,0.313,0.3122,-0.0222,0.5537,30.312,walk
40.1305,13904,0.3111,0.3104,-0.0217,0.5485,30.678,walk
40.1334,13905,0.3086,0.3079,-0.0216,0.5485,30.517,walk
40.1358,13906,0.3101,0.3093,-0.0213,0.5541,30.984,walk
40.1384,13907,0.3075,0.3068,-0.0211,0.5541,30.822,walk
40.1413,13908,0.3076,0.3069,-0.0209,0.5532,31.208,walk
40.1452,13909,0.3078,0.3071,-0.0207,0.5251,31.532,walk
40.1457,13910,0.3065,0.3058,-0.0207,0.5251,31.492,walk
40.1501,13911,0.3074,0.3067,-0.0205,0.5393,31.835,walk
40.1507,13912,0.3054,0.3048,-0.0202,0.5393,31.751,walk
40.1546,13913,0.3055,0.3049,-0.0197,0.5222,32.097,walk
40.1577,13914,0.3056,0.305,-0.0191,0.5324,32.377,walk
40.1586,13915,0.3041,0.3036,-0.0188,0.5324,32.33,walk
40.1628,13916,0.3048,0.3043,-0.0185,0.5198,32.694,walk
40.1637,13917,0.3026,0.3021,-0.0182,0.5198,32.553,walk
40.1698,13918,0.3054,0.3048,-0.0177,0.5205,33.313,walk
40.1748,13919,0.3009,0.3004,-0.0172,0.4999,33.382,walk
40.1752,13920,0.2993,0.2988,-0.0172,0.4999,33.333,walk
40.1775,13921,0.3005,0.3001,-0.0168,0.5088,33.736,walk
40.1797,13922,0.2981,0.2976,-0.0167,0.5088,33.539,walk
40.1835,13923,0.2971,0.2966,-0.0165,0.5231,33.811,walk
40.1863,13924,0.2975,0.2971,-0.0161,0.4964,34.233,walk
40.1883,13925,0.2953,0.2949,-0.016,0.4964,34.057,walk
40.1916,13926,0.2974,0.297,-0.0159,0.5131,34.512,walk
40.194,13927,0.2956,0.2952,-0.0156,0.4913,34.749,walk
40.196,13928,0.2933,0.2929,-0.0156,0.4913,34.663,walk
40.2001,13929,0.2941,0.2937,-0.0156,0.5668,35.193,walk
40.2041,13930,0.2935,0.2931,-0.0153,0.5067,35.466,walk
40.2046,13931,0.2921,0.2917,-0.0152,0.5067,35.375,walk
40.2077,13932,0.2928,0.2925,-0.0151,0.521,35.783,walk
40.2126,13933,0.2918,0.2914,-0.0148,0.48,36.052,walk
40.2158,13934,0.2908,0.2904,-0.0147,0.5203,36.282,walk
40.2201,13935,0.2883,0.288,-0.0149,0.5228,36.358,walk
40.2227,13936,0.2891,0.2888,-0.015,0.5631,36.627,walk
40.2249,13937,0.2876,0.2872,-0.0151,0.5631,36.578,walk
40.2274,13938,0.2883,0.2879,-0.0152,0.5422,36.786,walk
40.2289,13939,0.286,0.2856,-0.0153,0.5422,36.687,walk
40.2326,13940,0.2868,0.2864,-0.0153,0.5436,36.982,walk
40.2356,13941,0.2859,0.2855,-0.0153,0.5345,37.142,walk
40.2379,13942,0.2844,0.284,-0.0154,0.5345,37.042,walk
40.24,13943,0.2842,0.2838,-0.0152,0.5064,37.311,walk
40.2419,13944,0.2827,0.2823,-0.0152,0.5064,37.159,walk
40.2459,13945,0.2825,0.2821,-0.015,0.5052,37.455,walk
40.248,13946,0.283,0.2826,-0.0147,0.5011,37.709,walk
40.2522,13947,0.2812,0.2809,-0.0146,0.4867,37.826,walk
40.2549,13948,0.2805,0.2801,-0.0147,0.4867,37.776,walk
40.257,13949,0.2802,0.2798,-0.0144,0.4854,38.07,walk
40.259,13950,0.2779,0.2776,-0.0146,0.4854,37.866,walk
40.2619,13951,0.279,0.2787,-0.0141,0.4693,38.264,walk
40.2662,13952,0.2788,0.2784,-0.0139,0.4836,38.453,walk
40.2711,13953,0.2755,0.2751,-0.0139,0.4826,38.466,walk
40.2745,13954,0.2744,0.274,-0.0138,0.4798,38.674,walk
40.278,13955,0.2749,0.2745,-0.0136,0.4835,38.875,walk
40.2819,13956,0.2746,0.2742,-0.0134,0.4861,39.128,walk
40.2844,13957,0.2708,0.2705,-0.0136,0.4861,38.872,walk
40.2882,13958,0.2713,0.271,-0.0134,0.4933,39.122,walk
40.2911,13959,0.2696,0.2692,-0.0134,0.4989,39.185,walk
40.2944,13960,0.271,0.2706,-0.0135,0.518,39.435,walk
40.2962,13961,0.2679,0.2676,-0.0137,0.518,39.23,walk
40.3011,13962,0.2685,0.2681,-0.0136,0.5047,39.435,walk
40.3023,13963,0.2682,0.2679,-0.0134,0.4854,39.69,walk
40.3042,13964,0.2659,0.2656,-0.0135,0.4854,39.484,walk
40.3069,13965,0.2664,0.2661,-0.0133,0.4932,39.763,walk
40.3087,13966,0.2649,0.2645,-0.0134,0.4932,39.711,walk
40.3121,13967,0.2654,0.265,-0.0132,0.4937,39.944,walk
40.3165,13968,0.2643,0.264,-0.013,0.4799,40.213,walk
40.3227,13969,0.2641,0.2638,-0.0123,0.4435,40.704,walk
40.3243,13970,0.261,0.2607,-0.0124,0.4435,40.547,walk
40.3275,13971,0.2597,0.2594,-0.0121,0.4506,40.768,walk
40.3296,13972,0.2589,0.2586,-0.0121,0.4506,40.715,walk
40.3318,13973,0.2591,0.2588,-0.0116,0.4365,40.978,walk
40.3338,13974,0.2567,0.2565,-0.0116,0.4365,40.869,walk
40.337,13975,0.2568,0.2566,-0.0112,0.4224,41.151,walk
40.3409,13976,0.2554,0.2552,-0.0107,0.435,41.44,walk
40.3414,13977,0.2538,0.2536,-0.0107,0.435,41.272,walk
40.3457,13978,0.2539,0.2537,-0.0102,0.426,41.603,walk
40.3462,13979,0.2516,0.2514,-0.0101,0.426,41.432,walk
40.3509,13980,0.2516,0.2514,-0.0094,0.4191,41.816,walk
40.3529,13981,0.25,0.2498,-0.0088,0.4093,42.061,walk
40.3544,13982,0.2484,0.2482,-0.0087,0.4093,41.943,walk
40.3571,13983,0.2483,0.2482,-0.0081,0.4112,42.346,walk
40.3591,13984,0.2459,0.2458,-0.008,0.4112,42.104,walk
40.3622,13985,0.2451,0.245,-0.0074,0.41,42.422,walk
40.368,13986,0.245,0.2449,-0.0068,0.3941,42.684,walk
40.3732,13987,0.2424,0.2423,-0.0056,0.3943,43.156,walk
40.3751,13988,0.2391,0.239,-0.0054,0.3943,42.832,walk
40.3788,13989,0.2389,0.2389,-0.0049,0.3765,43.183,walk
40.3797,13990,0.2372,0.2372,-0.0047,0.3765,42.985,walk
40.3819,13991,0.2371,0.237,-0.0042,0.3853,43.311,walk
40.384,13992,0.2354,0.2353,-0.004,0.3853,43.109,walk
40.388,13993,0.2343,0.2343,-0.0034,0.3669,43.367,walk
40.39,13994,0.2332,0.2332,-0.0027,0.3726,43.489,walk
40.3921,13995,0.2306,0.2306,-0.0024,0.3726,43.282,walk
40.3962,13996,0.2303,0.2303,-0.0017,0.3575,43.503,walk
40.3985,13997,0.229,0.229,-0.0009,0.3565,43.699,walk
40.4021,13998,0.226,0.226,0.0002,0.3454,43.719,walk
40.4043,13999,0.226,0.226,0.0002,0.3454,43.719,walk
40.4074,14000,0.2238,0.2238,0.0012,0.3505,43.814,walk
40.4084,14001,0.222,0.222,0.0015,0.3505,43.745,walk
40.4112,14002,0.2207,0.2207,0.0026,0.3441,43.83,walk
40.4151,14003,0.2203,0.2202,0.0034,0.342,44.133,walk
40.4193,14004,0.2162,0.2161,0.005,0.3236,44.063,walk
40.4219,14005,0.2144,0.2143,0.0054,0.3236,43.861,walk
40.4247,14006,0.214,0.2139,0.0063,0.3567,44.141,walk
40.4292,14007,0.2117,0.2116,0.0077,0.3366,44.133,walk
40.4298,14008,0.2099,0.2098,0.0081,0.3366,44.066,walk
40.4332,14009,0.2095,0.2093,0.0091,0.3365,44.219,walk
40.4375,14010,0.2072,0.2069,0.0105,0.3297,44.34,walk
40.4381,14011,0.205,0.2047,0.0109,0.3297,44.144,walk
40.441,14012,0.2063,0.206,0.0114,0.3275,44.456,walk
40.443,14013,0.2036,0.2032,0.0117,0.3275,44.164,walk
40.4465,14014,0.2044,0.204,0.0123,0.3307,44.431,walk
40.4507,14015,0.2039,0.2035,0.0129,0.3223,44.592,walk
40.4545,14016,0.2018,0.2013,0.0136,0.3237,44.661,walk
40.4566,14017,0.201,0.2005,0.0141,0.3346,44.823,walk
40.4593,14018,0.1988,0.1983,0.0144,0.3346,44.66,walk
40.4612,14019,0.1978,0.1973,0.0149,0.3181,44.847,walk
40.4649,14020,0.1976,0.1971,0.0152,0.331,44.984,walk
40.4677,14021,0.1944,0.1937,0.0154,0.331,44.822,walk
40.4709,14022,0.1932,0.1926,0.0157,0.3262,44.997,walk
40.4752,14023,0.1929,0.1922,0.0161,0.3229,45.101,walk
40.4758,14024,0.1904,0.1897,0.0162,0.3229,45.014,walk
40.4784,14025,0.19,0.1893,0.0165,0.3003,45.079,walk
40.4811,14026,0.1893,0.1885,0.0172,0.2552,45.34,walk
40.4836,14027,0.1861,0.1852,0.0174,0.2552,45.158,walk
40.4865,14028,0.1858,0.1849,0.0177,0.3204,45.261,walk
40.4893,14029,0.1848,0.1839,0.0181,0.3052,45.396,walk
40.4915,14030,0.1824,0.1815,0.0183,0.3052,45.219,walk
40.4959,14031,0.1821,0.1811,0.0189,0.3104,45.4,walk
40.4966,14032,0.1797,0.1787,0.0191,0.3104,45.212,walk
40.5005,14033,0.1793,0.1782,0.0195,0.2962,45.408,walk
40.501,14034,0.1769,0.1758,0.0197,0.2962,45.212,walk
40.5037,14035,0.1767,0.1756,0.02,0.2923,45.313,walk
40.5082,14036,0.1765,0.1753,0.0203,0.3031,45.391,walk
40.5109,14037,0.174,0.1728,0.0206,0.3146,45.31,walk
40.5127,14038,0.1725,0.1712,0.0207,0.3146,45.257,walk
40.5173,14039,0.1699,0.1686,0.0208,0.3154,45.154,walk
40.5208,14040,0.1689,0.1676,0.0209,0.3014,45.071,walk
40.5243,14041,0.1677,0.1665,0.0208,0.2919,45.107,walk
40.527,14042,0.1667,0.1654,0.0208,0.2931,45.154,walk
40.5292,14043,0.1644,0.1631,0.0209,0.2931,44.927,walk
40.5314,14044,0.1648,0.1635,0.0208,0.2865,45.012,walk
40.5334,14045,0.1626,0.1613,0.021,0.2865,44.898,walk
40.5365,14046,0.1632,0.162,0.0203,0.3879,44.749,walk
40.5381,14047,0.1603,0.159,0.0205,0.3879,44.576,walk
40.5412,14048,0.1592,0.1579,0.0203,0.2945,44.447,walk
40.5436,14049,0.1594,0.1581,0.0201,0.216,44.622,walk
40.546,14050,0.1572,0.1559,0.0203,0.216,44.386,walk
40.5486,14051,0.156,0.1547,0.0203,0.2529,44.406,walk
40.5506,14052,0.1546,0.1532,0.0204,0.2529,44.227,walk
40.5528,14053,0.1549,0.1536,0.0204,0.2535,44.289,walk
40.5564,14054,0.1538,0.1525,0.0203,0.2655,44.271,walk
40.558,14055,0.1517,0.1503,0.0204,0.2655,44.029,walk
40.5625,14056,0.1507,0.1492,0.0206,0.2696,44.0,walk
40.5631,14057,0.1492,0.1478,0.0207,0.2696,43.818,walk
40.5688,14058,0.1468,0.1453,0.0208,0.2276,43.771,walk
40.5757,14059,0.1445,0.143,0.0208,0.3101,43.523,walk
40.5776,14060,0.1436,0.1421,0.0207,0.3,43.257,walk
40.5793,14061,0.1415,0.14,0.0208,0.3,43.133,walk
40.5827,14062,0.1404,0.1389,0.0207,0.2695,42.91,walk
40.5848,14063,0.139,0.1375,0.0208,0.2695,42.847,walk
40.588,14064,0.1384,0.137,0.0201,0.3075,42.734,walk
40.5912,14065,0.1358,0.1343,0.02,0.2396,42.47,walk
40.5936,14066,0.1354,0.1339,0.0196,0.2661,42.389,walk
40.5952,14067,0.134,0.1325,0.0197,0.2661,42.325,walk
40.6007,14068,0.1321,0.1306,0.0195,0.2626,42.036,walk
40.6017,14069,0.1315,0.1301,0.0193,0.237,42.039,walk
40.6038,14070,0.1301,0.1287,0.0194,0.237,41.844,walk
40.608,14071,0.1296,0.1282,0.0192,0.2529,41.821,walk
40.6085,14072,0.1275,0.126,0.0193,0.2529,41.559,walk
40.6125,14073,0.127,0.1255,0.019,0.2677,41.451,walk
40.6186,14074,0.1243,0.1229,0.0188,0.2801,41.112,walk
40.6228,14075,0.1218,0.1204,0.0178,0.3052,40.743,walk
40.6255,14076,0.1203,0.1189,0.0179,0.3052,40.545,walk
40.6293,14077,0.1182,0.1169,0.0174,0.2945,40.329,walk
40.6333,14078,0.1168,0.1155,0.017,0.2827,40.042,walk
40.6341,14079,0.1145,0.1132,0.0171,0.2827,39.911,walk
40.6379,14080,0.1131,0.1119,0.0168,0.2806,39.643,walk
40.6413,14081,0.1116,0.1104,0.0165,0.2653,39.442,walk
40.6456,14082,0.1094,0.1082,0.0162,0.2672,39.247,walk
40.6462,14083,0.1069,0.1057,0.0164,0.2672,38.991,walk
40.6526,14084,0.1066,0.1054,0.0162,0.1277,39.059,walk
40.6551,14085,0.1024,0.101,0.0165,0.1277,38.742,walk
40.6586,14086,0.1005,0.0992,0.0162,0.218,38.587,walk
40.6593,14087,0.0979,0.0965,0.0164,0.218,38.462,walk
40.6613,14088,0.0971,0.0957,0.0163,0.2255,38.356,walk
40.6633,14089,0.0954,0.0939,0.0164,0.2255,38.295,walk
40.6653,14090,0.0947,0.0934,0.0157,0.3544,37.918,walk
40.6677,14091,0.093,0.0917,0.0158,0.3544,37.795,walk
40.6697,14092,0.0923,0.091,0.0153,0.3099,37.661,walk
40.6718,14093,0.0906,0.0892,0.0154,0.3099,37.478,walk
40.676,14094,0.088,0.0866,0.0152,0.2732,37.152,walk
40.6796,14095,0.0854,0.0841,0.0148,0.3386,36.916,walk
40.6842,14096,0.0843,0.083,0.0145,0.2059,36.74,walk
40.6862,14097,0.0824,0.0812,0.0141,0.271,36.605,walk
40.6879,14098,0.0796,0.0784,0.0143,0.271,36.364,walk
40.6902,14099,0.0788,0.0776,0.0138,0.2913,36.248,walk
40.6922,14100,0.0761,0.0747,0.014,0.2913,36.011,walk
40.6959,14101,0.076,0.0748,0.0135,0.2789,35.982,walk
40.6966,14102,0.0733,0.072,0.0137,0.2789,35.748,walk
40.701,14103,0.0706,0.0692,0.0135,0.2811,35.454,walk
40.7037,14104,0.0688,0.0675,0.0129,0.3436,35.293,walk
40.7078,14105,0.0679,0.0668,0.0122,0.3591,35.149,walk
40.7082,14106,0.065,0.0638,0.0123,0.3591,34.982,walk
40.7125,14107,0.062,0.0609,0.0116,0.369,34.741,walk
40.7163,14108,0.0609,0.06,0.0109,0.351,34.499,walk
40.7227,14109,0.0591,0.0583,0.0096,0.306,34.269,walk
40.7247,14110,0.0531,0.0521,0.01,0.306,33.961,walk
40.727,14111,0.0508,0.0499,0.0094,0.2878,33.766,walk
40.7292,14112,0.0487,0.0478,0.0095,0.2878,33.667,walk
40.7335,14113,0.0483,0.0475,0.0088,0.2986,33.545,walk
40.7341,14114,0.0441,0.0431,0.0091,0.2986,33.303,walk
40.7377,14115,0.0417,0.0408,0.0086,0.2897,33.04,walk
40.7416,14116,0.0397,0.0388,0.0083,0.2555,32.811,walk
40.7423,14117,0.0384,0.0375,0.0082,0.2555,32.667,walk
40.7457,14118,0.0388,0.0379,0.008,0.2777,32.711,walk
40.749,14119,0.0374,0.0366,0.0075,0.1793,32.487,walk
40.7497,14120,0.0364,0.0356,0.0075,0.1793,32.437,walk
40.7518,14121,0.0359,0.0352,0.0072,0.1963,32.263,walk
40.7546,14122,0.0354,0.0347,0.0072,0.1963,32.263,walk
40.7579,14123,0.0338,0.0331,0.0065,0.3305,31.921,walk
40.7611,14124,0.0321,0.0315,0.0064,0.2358,31.66,walk
40.7629,14125,0.0308,0.0301,0.0065,0.2358,31.614,walk
40.7665,14126,0.0288,0.0281,0.0063,0.2533,31.31,walk
40.7692,14127,0.0282,0.0275,0.0061,0.244,31.175,walk
40.7742,14128,0.0272,0.0265,0.0061,0.2607,31.131,walk
40.7764,14129,0.0242,0.0233,0.0067,0.2607,30.88,walk
40.7796,14130,0.0233,0.0224,0.0063,0.3065,30.762,walk
40.7835,14131,0.0229,0.0222,0.0056,0.3155,30.599,walk
40.7863,14132,0.0218,0.0212,0.0051,0.3636,30.393,walk
40.7879,14133,0.0209,0.0202,0.0054,0.3636,30.329,walk
40.7911,14134,0.0201,0.0195,0.0049,0.3619,30.194,walk
40.7955,14135,0.0206,0.0202,0.0041,0.3893,30.088,walk
40.7959,14136,0.0204,0.0199,0.0045,0.3893,29.994,walk
40.7991,14137,0.0208,0.0205,0.0038,0.3495,29.909,walk
40.8041,14138,0.0209,0.0207,0.0032,0.4198,29.682,walk
40.8044,14139,0.02,0.0196,0.0036,0.4198,29.558,walk
40.8071,14140,0.02,0.0199,0.0027,0.3681,29.451,walk
40.8092,14141,0.0188,0.0186,0.003,0.3681,29.388,walk
40.8117,14142,0.0188,0.0187,0.002,0.3701,29.228,walk
40.8143,14143,0.0184,0.0184,0.001,0.3851,29.041,walk
40.8175,14144,0.0171,0.0171,0.0012,0.3851,28.977,walk
40.8214,14145,0.0171,0.0171,0.0002,0.3488,28.818,walk
40.8238,14146,0.0173,0.0172,-0.0009,0.3657,28.739,walk
40.8259,14147,0.0156,0.0156,-0.0008,0.3657,28.579,walk
40.8293,14148,0.0167,0.0166,-0.0022,0.4184,28.442,walk
40.8332,14149,0.0149,0.0145,-0.0031,0.3562,28.155,walk
40.8376,14150,0.0154,0.0148,-0.0044,0.3989,27.978,walk
40.838,14151,0.0144,0.0137,-0.0043,0.3989,27.881,walk
40.8414,14152,0.015,0.014,-0.0054,0.3479,27.79,walk
40.8423,14153,0.0144,0.0133,-0.0054,0.3479,27.758,walk
40.8456,14154,0.0155,0.014,-0.0068,0.4197,27.576,walk
40.8465,14155,0.0147,0.013,-0.0068,0.4197,27.511,walk
40.8489,14156,0.0157,0.0135,-0.008,0.3576,27.485,walk
40.8508,14157,0.0149,0.0126,-0.008,0.3576,27.354,walk
40.854,14158,0.0164,0.0134,-0.0094,0.4541,27.195,walk
40.8568,14159,0.0169,0.0131,-0.0107,0.3554,27.058,walk
40.8583,14160,0.0163,0.0123,-0.0107,0.3554,26.959,walk
40.8622,14161,0.0177,0.0129,-0.0122,0.4582,26.771,walk
40.8654,14162,0.0189,0.0129,-0.0137,0.4573,26.515,walk
40.8685,14163,0.0182,0.012,-0.0137,0.4573,26.35,walk
40.873,14164,0.0212,0.0129,-0.0168,0.4885,26.088,walk
40.8764,14165,0.0208,0.0123,-0.0168,0.4885,26.022,walk
40.8777,14166,0.0223,0.0127,-0.0183,0.4215,25.899,walk
40.8797,14167,0.0221,0.0123,-0.0184,0.4215,25.866,walk
40.8829,14168,0.0241,0.0133,-0.0201,0.5071,25.685,walk
40.8867,14169,0.0255,0.0133,-0.0218,0.4451,25.492,walk
40.889,14170,0.0272,0.0137,-0.0235,0.4757,25.358,walk
40.8912,14171,0.0269,0.0131,-0.0235,0.4757,25.229,walk
40.894,14172,0.0291,0.014,-0.0255,0.5491,24.946,walk
40.8956,14173,0.0289,0.0137,-0.0255,0.5491,24.914,walk
40.9,14174,0.0307,0.0141,-0.0272,0.4459,24.863,walk
40.9006,14175,0.0305,0.0137,-0.0273,0.4459,24.768,walk
40.9043,14176,0.0326,0.0146,-0.0292,0.534,24.499,walk
40.9048,14177,0.0325,0.0143,-0.0292,0.534,24.436,walk
40.908,14178,0.0346,0.0151,-0.0312,0.5239,24.333,walk
40.9112,14179,0.0364,0.0154,-0.033,0.4633,24.215,walk
40.913,14180,0.0363,0.015,-0.0331,0.4633,24.092,walk
40.9171,14181,0.0386,0.016,-0.0351,0.5547,23.889,walk
40.9189,14182,0.0385,0.0156,-0.0352,0.5547,23.767,walk
40.9242,14183,0.0426,0.017,-0.039,0.4601,23.607,walk
40.9259,14184,0.0425,0.0168,-0.0391,0.4601,23.548,walk
40.9286,14185,0.0446,0.0174,-0.0411,0.518,23.347,walk
40.9329,14186,0.0466,0.018,-0.0429,0.4881,23.408,walk
40.9334,14187,0.0465,0.0177,-0.0431,0.4881,23.265,walk
40.9366,14188,0.0488,0.0184,-0.0452,0.5559,23.133,walk
40.9392,14189,0.0488,0.0183,-0.0452,0.5559,23.077,walk
40.9419,14190,0.051,0.019,-0.0473,0.5348,22.93,walk
40.9459,14191,0.0535,0.0197,-0.0497,0.6018,22.743,walk
40.9488,14192,0.0558,0.0202,-0.052,0.5612,22.54,walk
40.9508,14193,0.0558,0.0201,-0.0521,0.5612,22.513,walk
40.9534,14194,0.0581,0.021,-0.0542,0.5641,22.429,walk
40.956,14195,0.0605,0.0216,-0.0565,0.5671,22.204,walk
40.9586,14196,0.0605,0.0214,-0.0565,0.5671,22.121,walk
40.9624,14197,0.0629,0.0221,-0.0588,0.5789,21.977,walk
40.9653,14198,0.0653,0.023,-0.0611,0.5928,21.82,walk
40.9686,14199,0.0653,0.0228,-0.0612,0.5928,21.709,walk
40.9729,14200,0.0675,0.0234,-0.0633,0.5453,21.574,walk
40.9769,14201,0.0723,0.0248,-0.0679,0.6053,21.247,walk
40.9795,14202,0.0723,0.0247,-0.068,0.6053,21.134,walk
40.9826,14203,0.0746,0.0254,-0.0702,0.5664,21.014,jog
40.9846,14204,0.0746,0.0253,-0.0702,0.5664,20.9,jog
40.9884,14205,0.0768,0.0259,-0.0724,0.5528,20.769,jog
40.9914,14206,0.0794,0.0266,-0.0748,0.6291,20.546,jog
40.9926,14207,0.0793,0.0265,-0.0748,0.6291,20.518,jog
40.9958,14208,0.082,0.0273,-0.0773,0.6559,20.367,jog
41.0001,14209,0.0848,0.028,-0.08,0.6999,20.255,jog
41.0006,14210,0.0847,0.0279,-0.08,0.6999,20.174,jog
41.0045,14211,0.0875,0.0288,-0.0826,0.6982,20.095,jog
41.0062,14212,0.0902,0.0296,-0.0852,0.6703,19.925,jog
41.0083,14213,0.0901,0.0295,-0.0851,0.6703,19.873,jog
41.0112,14214,0.0929,0.0302,-0.0878,0.6877,19.769,jog
41.0131,14215,0.0927,0.0301,-0.0877,0.6877,19.667,jog
41.0169,14216,0.0954,0.0309,-0.0903,0.7091,19.542,jog
41.0238,14217,0.101,0.0326,-0.0955,0.6851,19.249,jog
41.0269,14218,0.1036,0.0333,-0.0981,0.6945,18.946,jog
41.0298,14219,0.1035,0.0332,-0.098,0.6945,18.899,jog
41.0332,14220,0.1061,0.0338,-0.1006,0.6985,18.623,jog
41.0374,14221,0.1089,0.0346,-0.1033,0.7027,18.41,jog
41.0398,14222,0.1118,0.0354,-0.106,0.7164,18.274,jog
41.0416,14223,0.1116,0.0352,-0.1059,0.7164,18.175,jog
41.0458,14224,0.1141,0.0356,-0.1084,0.7187,17.976,jog
41.0509,14225,0.1168,0.0363,-0.111,0.7265,17.873,jog
41.0528,14226,0.1191,0.0366,-0.1134,0.7175,17.728,jog
41.0545,14227,0.1187,0.0363,-0.113,0.7175,17.661,jog
41.0579,14228,0.1215,0.037,-0.1157,0.7074,17.627,jog
41.0588,14229,0.1211,0.0369,-0.1153,0.7074,17.568,jog
41.0623,14230,0.1236,0.0375,-0.1178,0.71,17.493,jog
41.0631,14231,0.1234,0.0374,-0.1176,0.71,17.481,jog
41.0684,14232,0.1258,0.0379,-0.12,0.6902,17.419,jog
41.0723,14233,0.1279,0.0383,-0.122,0.6789,17.354,jog
41.0757,14234,0.13,0.0388,-0.1241,0.6952,17.283,jog
41.0788,14235,0.1326,0.0393,-0.1266,0.7028,17.242,jog
41.0808,14236,0.135,0.0398,-0.129,0.7119,17.211,jog
41.0836,14237,0.1344,0.0397,-0.1284,0.7119,17.181,jog
41.0866,14238,0.1371,0.0403,-0.131,0.721,17.129,jog
41.091,14239,0.1392,0.0408,-0.1331,0.7299,17.065,jog
41.0941,14240,0.1417,0.0414,-0.1355,0.7338,16.988,jog
41.0956,14241,0.1414,0.0413,-0.1352,0.7338,16.969,jog
41.1005,14242,0.144,0.0419,-0.1378,0.7313,16.919,jog
41.1011,14243,0.1433,0.0417,-0.1371,0.7313,16.837,jog
41.104,14244,0.146,0.0423,-0.1397,0.7303,16.822,jog
41.1081,14245,0.1485,0.0428,-0.1422,0.7413,16.792,jog
41.1085,14246,0.1481,0.0427,-0.1418,0.7413,16.749,jog
41.1124,14247,0.1507,0.0433,-0.1444,0.7378,16.787,jog
41.113,14248,0.15,0.0431,-0.1437,0.7378,16.719,jog
41.1162,14249,0.1529,0.0437,-0.1465,0.7467,16.735,jog
41.1184,14250,0.1518,0.0435,-0.1454,0.7467,16.64,jog
41.1228,14251,0.1543,0.0441,-0.1479,0.7424,16.625,jog
41.1243,14252,0.1562,0.0445,-0.1497,0.7443,16.603,jog
41.128,14253,0.1583,0.045,-0.1518,0.7527,16.623,jog
41.1313,14254,0.1601,0.0454,-0.1536,0.7425,16.587,jog
41.1339,14255,0.1601,0.0454,-0.1536,0.7425,16.587,jog
41.1365,14256,0.1619,0.0458,-0.1553,0.7542,16.566,jog
41.138,14257,0.1609,0.0456,-0.1543,0.7542,16.513,jog
41.1408,14258,0.1636,0.0462,-0.1569,0.7505,16.578,jog
41.1421,14259,0.1625,0.046,-0.1559,0.7505,16.469,jog
41.1456,14260,0.1656,0.0466,-0.1589,0.7526,16.559,jog
41.1502,14261,0.1668,0.0468,-0.1601,0.7367,16.556,jog
41.1508,14262,0.1657,0.0466,-0.159,0.7367,16.5,jog
41.1541,14263,0.1676,0.0474,-0.1608,0.7552,16.535,jog
41.1566,14264,0.1695,0.0478,-0.1626,0.7375,16.543,jog
41.1582,14265,0.1687,0.0477,-0.1618,0.7375,16.458,jog
41.1625,14266,0.1709,0.0482,-0.1639,0.7428,16.494,jog
41.1629,14267,0.1701,0.048,-0.1631,0.7428,16.437,jog
41.165,14268,0.1719,0.0485,-0.1649,0.755,16.372,jog
41.1672,14269,0.171,0.0483,-0.1641,0.755,16.343,jog
41.1711,14270,0.1731,0.0488,-0.1661,0.729,16.323,jog
41.1749,14271,0.1752,0.0493,-0.1681,0.7185,16.36,jog
41.1755,14272,0.1735,0.049,-0.1664,0.7185,16.215,jog
41.1782,14273,0.1751,0.0494,-0.168,0.7228,16.204,jog
41.1808,14274,0.1771,0.0498,-0.17,0.7101,16.173,jog
41.1831,14275,0.1762,0.0497,-0.1691,0.7101,16.144,jog
41.188,14276,0.1779,0.0499,-0.1708,0.7485,16.107,jog
41.1885,14277,0.1765,0.0497,-0.1694,0.7485,16.05,jog
41.1919,14278,0.1785,0.0501,-0.1713,0.7108,16.057,jog
41.195,14279,0.1799,0.0502,-0.1728,0.6912,16.116,jog
41.1981,14280,0.1812,0.0503,-0.1741,0.6724,16.156,jog
41.2001,14281,0.1798,0.0501,-0.1726,0.6724,16.099,jog
41.2044,14282,0.1814,0.0506,-0.1742,0.7588,15.936,jog
41.2047,14283,0.1804,0.0504,-0.1732,0.7588,15.908,jog
41.2074,14284,0.1817,0.0507,-0.1745,0.7031,15.848,jog
41.2108,14285,0.1836,0.0511,-0.1764,0.7026,15.867,jog
41.2128,14286,0.1821,0.0508,-0.1748,0.7026,15.753,jog
41.2168,14287,0.1839,0.0512,-0.1766,0.7,15.753,jog
41.2177,14288,0.1823,0.051,-0.1751,0.7,15.639,jog
41.2223,14289,0.1865,0.0517,-0.1792,0.7013,15.664,jog
41.2235,14290,0.1849,0.0514,-0.1776,0.7013,15.552,jog
41.2275,14291,0.1872,0.0518,-0.1799,0.6953,15.6,jog
41.2328,14292,0.1868,0.0518,-0.1795,0.6997,15.46,jog
41.2333,14293,0.1851,0.0515,-0.1778,0.6997,15.348,jog
41.238,14294,0.1869,0.0518,-0.1796,0.6952,15.353,jog
41.2417,14295,0.1882,0.052,-0.1809,0.7294,15.314,jog
41.242,14296,0.1858,0.0515,-0.1786,0.7294,15.203,jog
41.2455,14297,0.1876,0.0517,-0.1803,0.7029,15.19,jog
41.2483,14298,0.188,0.0518,-0.1807,0.6869,15.111,jog
41.2501,14299,0.1868,0.0516,-0.1795,0.6869,15.083,jog
41.2532,14300,0.1884,0.0518,-0.1812,0.6937,15.059,jog
41.2548,14301,0.1872,0.0516,-0.18,0.6937,15.031,jog
41.2574,14302,0.1888,0.0518,-0.1815,0.6859,15.036,jog
41.2612,14303,0.1885,0.0517,-0.1812,0.6839,14.989,jog
41.2632,14304,0.1872,0.0514,-0.18,0.6839,14.909,jog
41.2668,14305,0.1888,0.0517,-0.1815,0.6903,14.932,jog
41.2705,14306,0.1897,0.0518,-0.1825,0.6964,14.933,jog
41.2736,14307,0.19,0.0518,-0.1828,0.7037,14.932,jog
41.2768,14308,0.1901,0.0517,-0.1829,0.681,14.924,jog
41.2799,14309,0.1887,0.0514,-0.1816,0.681,14.844,jog
41.2834,14310,0.188,0.051,-0.181,0.667,14.864,jog
41.2861,14311,0.1897,0.0514,-0.1826,0.729,14.86,jog
41.2883,14312,0.1875,0.0509,-0.1805,0.729,14.781,jog
41.2912,14313,0.1891,0.0512,-0.182,0.7173,14.822,jog
41.2938,14314,0.1899,0.0513,-0.1829,0.7222,14.795,jog
41.2964,14315,0.1885,0.0509,-0.1815,0.7222,14.769,jog
41.3001,14316,0.1895,0.0512,-0.1824,0.774,14.76,jog
41.3009,14317,0.188,0.0508,-0.181,0.774,14.734,jog
41.3045,14318,0.1895,0.0511,-0.1825,0.7249,14.748,jog
41.3051,14319,0.1872,0.0504,-0.1803,0.7249,14.697,jog
41.308,14320,0.188,0.0505,-0.181,0.7255,14.699,jog
41.3106,14321,0.1895,0.0508,-0.1825,0.7302,14.749,jog
41.3122,14322,0.1879,0.0503,-0.181,0.7302,14.674,jog
41.3165,14323,0.1893,0.0506,-0.1825,0.7216,14.701,jog
41.3174,14324,0.187,0.0498,-0.1802,0.7216,14.652,jog
41.322,14325,0.1876,0.0498,-0.1809,0.7242,14.623,jog
41.3229,14326,0.189,0.05,-0.1822,0.7093,14.673,jog
41.3257,14327,0.1881,0.0498,-0.1814,0.7093,14.625,jog
41.3294,14328,0.1862,0.0489,-0.1797,0.7068,14.575,jog
41.3321,14329,0.1874,0.049,-0.1809,0.6982,14.673,jog
41.3342,14330,0.185,0.0482,-0.1786,0.6982,14.579,jog
41.3379,14331,0.1868,0.0483,-0.1804,0.6441,14.747,jog
41.3408,14332,0.1868,0.0478,-0.1806,0.6093,14.93,jog
41.3413,14333,0.1844,0.047,-0.1783,0.6093,14.889,jog
41.3448,14334,0.1864,0.0476,-0.1802,0.8034,14.798,jog
41.3499,14335,0.1874,0.0478,-0.1812,0.7075,14.791,jog
41.3505,14336,0.1848,0.0472,-0.1787,0.7075,14.719,jog
41.3543,14337,0.1853,0.0475,-0.1791,0.6981,14.685,jog
41.3573,14338,0.1863,0.0478,-0.1801,0.6905,14.651,jog
41.3592,14339,0.185,0.0475,-0.1788,0.6905,14.625,jog
41.3625,14340,0.1858,0.0478,-0.1795,0.7249,14.656,jog
41.3666,14341,0.1871,0.0481,-0.1808,0.6846,14.748,jog
41.3672,14342,0.1846,0.0475,-0.1784,0.6846,14.637,jog
41.3716,14343,0.1875,0.0482,-0.1812,0.6912,14.749,jog
41.3743,14344,0.1845,0.0476,-0.1782,0.7046,14.638,jog
41.3778,14345,0.1856,0.0481,-0.1793,0.6934,14.696,jog
41.3798,14346,0.1831,0.0475,-0.1768,0.6934,14.595,jog
41.383,14347,0.1842,0.0479,-0.1779,0.6871,14.701,jog
41.386,14348,0.1845,0.048,-0.1782,0.6842,14.715,jog
41.3878,14349,0.1821,0.0475,-0.1758,0.6842,14.646,jog
41.3911,14350,0.1834,0.0479,-0.177,0.6771,14.765,jog
41.3946,14351,0.184,0.048,-0.1776,0.6914,14.818,jog
41.3966,14352,0.1809,0.0472,-0.1746,0.6914,14.738,jog
41.4001,14353,0.1822,0.0476,-0.1759,0.6823,14.85,jog
41.4031,14354,0.1828,0.0478,-0.1764,0.6805,14.946,jog
41.405,14355,0.1797,0.047,-0.1735,0.6805,14.89,jog
41.4086,14356,0.1804,0.0472,-0.1741,0.6709,14.971,jog
41.4114,14357,0.1818,0.0475,-0.1754,0.6771,15.122,jog
41.4132,14358,0.1796,0.0469,-0.1733,0.6771,15.047,jog
41.4172,14359,0.181,0.0474,-0.1747,0.706,15.211,jog
41.4199,14360,0.1817,0.0476,-0.1754,0.6958,15.304,jog
41.4229,14361,0.1824,0.0478,-0.176,0.6826,15.448,jog
41.4273,14362,0.1823,0.0478,-0.1759,0.6815,15.591,jog
41.4291,14363,0.1794,0.0469,-0.1732,0.6815,15.516,jog
41.4317,14364,0.1808,0.0473,-0.1745,0.6872,15.656,jog
41.4337,14365,0.1794,0.0469,-0.1732,0.6872,15.618,jog
41.4365,14366,0.1801,0.047,-0.1739,0.6738,15.773,jog
41.4384,14367,0.1787,0.0466,-0.1725,0.6738,15.716,jog
41.4422,14368,0.1794,0.0467,-0.1732,0.6803,15.894,jog
41.4456,14369,0.1815,0.0471,-0.1752,0.6617,16.046,jog
41.4464,14370,0.1787,0.0463,-0.1726,0.6617,15.989,jog
41.4505,14371,0.18,0.0466,-0.1738,0.6447,16.129,jog
41.451,14372,0.1779,0.0459,-0.1719,0.6447,16.072,jog
41.4539,14373,0.1786,0.046,-0.1726,0.6562,16.202,jog
41.4583,14374,0.18,0.0462,-0.1739,0.6577,16.345,jog
41.4586,14375,0.1786,0.0458,-0.1726,0.6577,16.326,jog
41.4619,14376,0.1793,0.0459,-0.1733,0.6604,16.445,jog
41.4669,14377,0.1793,0.0458,-0.1734,0.6568,16.559,jog
41.4698,14378,0.1801,0.0458,-0.1742,0.6654,16.646,jog
41.4738,14379,0.1802,0.0457,-0.1743,0.6586,16.752,jog
41.4759,14380,0.1782,0.0451,-0.1724,0.6586,16.715,jog
41.4797,14381,0.179,0.0452,-0.1732,0.6776,16.789,jog
41.4828,14382,0.1804,0.0455,-0.1746,0.6664,16.932,jog
41.4837,14383,0.1785,0.0449,-0.1727,0.6664,16.858,walk
41.4882,14384,0.1786,0.0448,-0.1729,0.6672,16.925,walk
41.492,14385,0.1799,0.0451,-0.1742,0.6395,17.024,walk
41.4949,14386,0.1794,0.0447,-0.1737,0.6528,17.012,walk
41.4997,14387,0.1795,0.0445,-0.1739,0.6593,17.019,walk
41.5005,14388,0.1782,0.0441,-0.1726,0.6593,17.0,walk
41.5034,14389,0.1796,0.0443,-0.1741,0.6728,17.029,walk
41.5059,14390,0.1805,0.0444,-0.1749,0.6721,17.084,walk
41.5082,14391,0.1785,0.0438,-0.173,0.6721,17.011,walk
41.5113,14392,0.1806,0.0443,-0.1751,0.6743,17.087,walk
41.5133,14393,0.178,0.0435,-0.1726,0.6743,17.013,walk
41.5165,14394,0.1795,0.0438,-0.1741,0.684,17.082,walk
41.5219,14395,0.181,0.0441,-0.1755,0.6834,17.175,walk
41.5237,14396,0.1806,0.0439,-0.1752,0.7044,17.168,walk
41.5262,14397,0.1786,0.0433,-0.1733,0.7044,17.093,walk
41.5301,14398,0.1788,0.0432,-0.1735,0.6941,17.119,walk
41.5334,14399,0.1803,0.0435,-0.175,0.6983,17.204,walk
41.5376,14400,0.1805,0.0435,-0.1752,0.7058,17.182,walk
41.5383,14401,0.1785,0.0429,-0.1733,0.7058,17.142,walk
41.5414,14402,0.1793,0.0431,-0.1741,0.7008,17.168,walk
41.5445,14403,0.1809,0.0434,-0.1756,0.7145,17.14,walk
41.5465,14404,0.1789,0.0428,-0.1737,0.7145,17.097,walk
41.5503,14405,0.181,0.0433,-0.1758,0.6979,17.125,walk
41.5528,14406,0.1811,0.0432,-0.1759,0.6989,17.062,walk
41.555,14407,0.1791,0.0426,-0.1739,0.6989,16.971,walk
41.5579,14408,0.1798,0.0427,-0.1747,0.6933,16.984,walk
41.561,14409,0.1812,0.043,-0.176,0.6944,17.002,walk
41.5626,14410,0.1791,0.0424,-0.174,0.6944,16.907,walk
41.5647,14411,0.1806,0.0428,-0.1754,0.6959,16.961,walk
41.5673,14412,0.1798,0.0426,-0.1747,0.6959,16.912,walk
41.5708,14413,0.1806,0.0427,-0.1755,0.7082,16.949,walk
41.5771,14414,0.1837,0.0436,-0.1785,0.7359,16.99,walk
41.5799,14415,0.1801,0.0426,-0.175,0.7359,16.886,walk
41.5832,14416,0.1796,0.0425,-0.1745,0.7597,16.848,walk
41.5852,14417,0.1811,0.0429,-0.176,0.7478,16.897,walk
41.5882,14418,0.1797,0.0425,-0.1746,0.7478,16.816,walk
41.5908,14419,0.1797,0.0426,-0.1746,0.7456,16.827,walk
41.5932,14420,0.1812,0.043,-0.1761,0.7463,16.89,walk
41.5953,14421,0.179,0.0425,-0.1739,0.7463,16.835,walk
41.5986,14422,0.1805,0.0429,-0.1754,0.7534,16.872,walk
41.6002,14423,0.1783,0.0423,-0.1732,0.7534,16.817,walk
41.6036,14424,0.179,0.0426,-0.1739,0.7514,16.82,walk
41.6064,14425,0.1807,0.0431,-0.1754,0.7763,16.846,walk
41.6085,14426,0.1784,0.0426,-0.1732,0.7763,16.764,walk
41.6123,14427,0.1807,0.0433,-0.1755,0.941,16.867,walk
41.6128,14428,0.1792,0.0429,-0.1739,0.941,16.839,walk
41.6154,14429,0.181,0.0435,-0.1757,0.8127,16.863,walk
41.6174,14430,0.1786,0.043,-0.1734,0.8127,16.808,walk
41.6205,14431,0.181,0.0438,-0.1756,0.759,16.918,walk
41.6233,14432,0.1811,0.044,-0.1756,0.7884,16.93,walk
41.6254,14433,0.1787,0.0435,-0.1733,0.7884,16.819,walk
41.6283,14434,0.1804,0.0441,-0.1749,0.7972,16.951,walk
41.6309,14435,0.1812,0.0446,-0.1757,0.8001,17.016,walk
41.6338,14436,0.1804,0.0444,-0.1749,0.8001,16.989,walk
41.6381,14437,0.1785,0.0442,-0.1729,0.7332,17.004,walk
41.6412,14438,0.1804,0.0447,-0.1748,0.681,17.16,walk
41.6445,14439,0.1801,0.0449,-0.1744,0.7261,17.186,walk
41.6463,14440,0.1769,0.0443,-0.1713,0.7261,17.074,walk
41.6496,14441,0.1785,0.0448,-0.1728,0.7232,17.193,walk
41.6522,14442,0.1797,0.0449,-0.174,0.7486,17.24,walk
41.654,14443,0.1779,0.0445,-0.1722,0.7486,17.156,walk
41.658,14444,0.1802,0.0451,-0.1744,0.7342,17.288,walk
41.6586,14445,0.1781,0.0446,-0.1725,0.7342,17.214,walk
41.6623,14446,0.1781,0.0447,-0.1724,0.6976,17.348,walk
41.6651,14447,0.1798,0.0453,-0.174,0.7494,17.472,walk
41.6669,14448,0.1783,0.0449,-0.1725,0.7494,17.456,walk
41.6714,14449,0.1791,0.0453,-0.1732,0.7542,17.539,walk
41.6751,14450,0.1789,0.0455,-0.1731,0.7651,17.587,walk
41.6796,14451,0.1788,0.0457,-0.1729,0.7755,17.621,walk
41.6802,14452,0.1764,0.0452,-0.1705,0.7755,17.544,walk
41.6835,14453,0.178,0.0458,-0.172,0.7848,17.629,walk
41.6878,14454,0.1789,0.0464,-0.1728,0.7951,17.642,walk
41.6882,14455,0.1767,0.0459,-0.1706,0.7951,17.576,walk
41.6912,14456,0.1784,0.0467,-0.1722,0.788,17.646,walk
41.6939,14457,0.1795,0.0472,-0.1732,0.8058,17.678,walk
41.6954,14458,0.178,0.0469,-0.1717,0.8058,17.627,walk
41.6992,14459,0.1798,0.0476,-0.1734,0.8047,17.736,walk
41.6995,14460,0.1782,0.0473,-0.1719,0.8047,17.657,walk
41.7024,14461,0.1801,0.0481,-0.1736,0.7937,17.773,walk
41.7044,14462,0.1782,0.0479,-0.1716,0.7937,17.663,walk
41.7079,14463,0.1801,0.0488,-0.1734,0.807,17.76,walk
41.7115,14464,0.1805,0.0494,-0.1736,0.8071,17.728,walk
41.712,14465,0.1789,0.0492,-0.1721,0.8071,17.699,walk
41.7167,14466,0.1807,0.0501,-0.1737,0.8117,17.711,walk
41.7173,14467,0.1784,0.0497,-0.1713,0.8117,17.652,walk
41.7218,14468,0.1811,0.0508,-0.1738,0.839,17.675,walk
41.7237,14469,0.1809,0.0515,-0.1734,0.8797,17.599,walk
41.7258,14470,0.1793,0.0513,-0.1718,0.8797,17.54,walk
41.7297,14471,0.1804,0.0527,-0.1725,1.0378,17.247,walk
41.7337,14472,0.1814,0.0536,-0.1733,0.8198,17.425,walk
41.7343,14473,0.1799,0.0533,-0.1718,0.8198,17.335,walk
41.7376,14474,0.1817,0.0544,-0.1734,0.8089,17.388,walk
41.7402,14475,0.1829,0.0549,-0.1745,0.8437,17.383,walk
41.742,14476,0.1814,0.0546,-0.173,0.8437,17.354,walk
41.7456,14477,0.1819,0.0556,-0.1732,0.8548,17.33,walk
41.7482,14478,0.1841,0.0565,-0.1752,0.8774,17.382,walk
41.75,14479,0.1826,0.0563,-0.1737,0.8774,17.293,walk
41.7545,14480,0.1847,0.0567,-0.1757,0.8834,17.342,walk
41.757,14481,0.1845,0.0573,-0.1754,0.8643,17.289,walk
41.759,14482,0.183,0.057,-0.1739,0.8643,17.259,walk
41.7615,14483,0.1843,0.0577,-0.175,0.8557,17.232,walk
41.7641,14484,0.1864,0.0586,-0.1769,0.86,17.256,walk
41.7672,14485,0.1834,0.0581,-0.174,0.86,17.137,walk
41.7698,14486,0.1869,0.0593,-0.1773,0.852,17.208,walk
41.7729,14487,0.1868,0.0599,-0.177,0.8728,17.114,walk
41.7754,14488,0.1861,0.0597,-0.1763,0.8728,17.084,walk
41.7788,14489,0.1871,0.0608,-0.1769,1.1677,16.799,walk
41.7814,14490,0.1887,0.0611,-0.1785,0.7496,16.91,walk
41.7842,14491,0.1857,0.0606,-0.1756,0.7496,16.76,walk
41.7876,14492,0.1878,0.0616,-0.1775,0.8722,16.748,walk
41.7901,14493,0.1891,0.0625,-0.1785,0.843,16.675,walk
41.7918,14494,0.1876,0.0622,-0.177,0.843,16.644,walk
41.7955,14495,0.1898,0.0632,-0.1789,0.871,16.545,walk
41.796,14496,0.1876,0.0628,-0.1767,0.871,16.485,walk
41.7997,14497,0.1888,0.0637,-0.1777,0.8224,16.386,walk
41.8017,14498,0.1908,0.0651,-0.1794,0.8562,16.371,walk
41.8046,14499,0.1886,0.0647,-0.1772,0.8562,16.251,walk
41.8076,14500,0.1906,0.0658,-0.1789,0.8438,16.2,walk
41.8088,14501,0.1892,0.0655,-0.1775,0.8438,16.111,walk
41.812,14502,0.1919,0.0667,-0.18,0.8421,16.067,walk
41.8148,14503,0.1926,0.0673,-0.1804,0.866,15.933,walk
41.8171,14504,0.1896,0.0667,-0.1775,0.866,15.816,walk
41.8208,14505,0.1915,0.0676,-0.1792,0.7973,15.786,walk
41.8214,14506,0.19,0.0673,-0.1777,0.7973,15.729,walk
41.8254,14507,0.1919,0.0683,-0.1793,0.8129,15.713,walk
41.8265,14508,0.194,0.0694,-0.1812,0.8635,15.591,walk
41.8294,14509,0.191,0.0688,-0.1782,0.8635,15.507,walk
41.8339,14510,0.1933,0.0702,-0.1801,1.1056,15.0,walk
41.8357,14511,0.1951,0.0711,-0.1817,0.8139,15.021,walk
41.8384,14512,0.1922,0.0704,-0.1788,0.8139,14.913,walk
41.8414,14513,0.1933,0.0712,-0.1797,0.8127,14.87,walk
41.8453,14514,0.1951,0.0721,-0.1813,0.8026,14.914,walk
41.8461,14515,0.1928,0.0716,-0.179,0.8026,14.812,walk
41.8495,14516,0.1954,0.0727,-0.1814,0.8093,14.861,walk
41.8504,14517,0.1931,0.0721,-0.1792,0.8093,14.787,walk
41.854,14518,0.1957,0.0735,-0.1814,0.8078,14.741,walk
41.8582,14519,0.1951,0.0739,-0.1806,0.7891,14.673,walk
41.8585,14520,0.1936,0.0735,-0.1791,0.7891,14.65,walk
41.8628,14521,0.1938,0.074,-0.1791,0.7938,14.594,walk
41.8649,14522,0.1954,0.0748,-0.1806,0.7664,14.671,walk
41.8671,14523,0.1939,0.0743,-0.1791,0.7664,14.604,walk
41.873,14524,0.1955,0.0753,-0.1804,0.7606,14.678,walk
41.8777,14525,0.1939,0.0748,-0.1788,0.7606,14.657,walk
41.8798,14526,0.1938,0.075,-0.1787,0.7516,14.672,walk
41.8825,14527,0.1945,0.0754,-0.1793,0.7591,14.736,walk
41.8852,14528,0.1937,0.0752,-0.1785,0.7591,14.695,walk
41.8892,14529,0.1942,0.0753,-0.179,0.7321,14.863,walk
41.8915,14530,0.1925,0.0748,-0.1774,0.7321,14.843,walk
41.8956,14531,0.1939,0.0754,-0.1786,0.7313,14.882,walk
41.8962,14532,0.1913,0.0745,-0.1762,0.7313,14.841,walk
41.8985,14533,0.1935,0.0754,-0.1782,0.7297,14.905,walk
41.9005,14534,0.191,0.0745,-0.1758,0.7297,14.824,walk
41.9037,14535,0.1923,0.0751,-0.1771,0.7425,14.861,walk
41.907,14536,0.1926,0.0753,-0.1773,0.6968,14.804,walk
41.9087,14537,0.19,0.0744,-0.1749,0.6968,14.743,walk
41.9111,14538,0.1913,0.0749,-0.1761,0.7345,14.732,walk
41.9131,14539,0.1887,0.0739,-0.1736,0.7345,14.692,walk
41.916,14540,0.1889,0.074,-0.1738,0.6964,14.681,walk
41.9193,14541,0.1908,0.0746,-0.1756,0.6619,14.741,walk
41.924,14542,0.1899,0.074,-0.1749,0.656,14.779,walk
41.9279,14543,0.1889,0.0734,-0.1741,0.6277,14.831,walk
41.9342,14544,0.1862,0.0719,-0.1717,0.6397,14.843,walk
41.9356,14545,0.1861,0.0715,-0.1718,0.6566,14.904,walk
41.9392,14546,0.1842,0.0702,-0.1703,0.6554,14.911,walk
41.9414,14547,0.1825,0.0695,-0.1688,0.6554,14.877,walk
41.9452,14548,0.1845,0.07,-0.1707,0.6816,14.943,walk
41.946,14549,0.1815,0.0689,-0.1679,0.6816,14.873,walk
41.9495,14550,0.1823,0.0691,-0.1687,0.6858,14.873,walk
41.9521,14551,0.1839,0.0696,-0.1702,0.6729,14.839,walk
41.9551,14552,0.1833,0.0694,-0.1696,0.6729,14.816,walk
41.9581,14553,0.1822,0.0693,-0.1685,0.6718,14.705,walk
41.9602,14554,0.1844,0.0699,-0.1706,0.6741,14.655,walk
41.9627,14555,0.1821,0.0692,-0.1685,0.6741,14.603,walk
41.9658,14556,0.1825,0.0691,-0.1689,0.6659,14.491,walk
41.9717,14557,0.1835,0.0693,-0.1699,0.6585,14.46,walk
41.9751,14558,0.1796,0.0678,-0.1663,0.6552,14.27,walk
41.9801,14559,0.1798,0.0677,-0.1665,0.6378,14.227,walk
41.9837,14560,0.1807,0.0679,-0.1675,0.6371,14.202,walk
41.9842,14561,0.1774,0.0667,-0.1644,0.6371,14.133,walk
41.99,14562,0.1786,0.0669,-0.1656,0.6091,14.124,walk
41.9956,14563,0.1767,0.0659,-0.1639,0.6136,14.087,walk
41.9985,14564,0.1776,0.066,-0.1649,0.608,14.084,walk
42.0005,14565,0.1753,0.065,-0.1628,0.608,14.014,walk
42.0044,14566,0.1754,0.0647,-0.163,0.6003,14.022,walk
42.0052,14567,0.1739,0.0641,-0.1616,0.6003,13.97,walk
42.0088,14568,0.174,0.0637,-0.1619,0.6001,13.97,walk
42.0126,14569,0.1742,0.0634,-0.1623,0.6075,13.927,walk
42.0159,14570,0.1751,0.0633,-0.1633,0.5901,13.933,walk
42.0164,14571,0.1728,0.0623,-0.1612,0.5901,13.864,walk
42.0215,14572,0.1738,0.0622,-0.1622,0.5996,13.868,walk
42.0229,14573,0.1739,0.0618,-0.1626,0.5797,13.797,walk
42.0256,14574,0.1709,0.0605,-0.1599,0.5797,13.729,walk
42.0295,14575,0.1718,0.0604,-0.1609,0.576,13.727,walk
42.0332,14576,0.172,0.0599,-0.1613,0.5842,13.667,walk
42.0374,14577,0.1708,0.0587,-0.1604,0.5821,13.576,walk
42.0379,14578,0.1694,0.0581,-0.1591,0.5821,13.559,walk
42.0424,14579,0.1703,0.0579,-0.1602,0.5718,13.517,walk
42.0436,14580,0.1705,0.0574,-0.1606,0.5702,13.491,walk
42.0457,14581,0.1684,0.0564,-0.1587,0.5702,13.424,walk
42.0477,14582,0.1693,0.0563,-0.1597,0.5542,13.409,walk
42.05,14583,0.1672,0.0553,-0.1578,0.5542,13.342,walk
42.0526,14584,0.1682,0.0551,-0.1589,0.5642,13.316,walk
42.055,14585,0.1661,0.0542,-0.1571,0.5642,13.267,walk
42.0576,14586,0.1684,0.0546,-0.1593,0.5506,13.265,walk
42.0617,14587,0.168,0.0538,-0.1591,0.5465,13.217,walk
42.0621,14588,0.1659,0.0529,-0.1573,0.5465,13.153,walk
42.0645,14589,0.1669,0.0528,-0.1583,0.5447,13.12,walk
42.0665,14590,0.1655,0.0522,-0.1571,0.5447,13.072,walk
42.072,14591,0.1665,0.052,-0.1582,0.5528,13.048,walk
42.0734,14592,0.1655,0.0506,-0.1576,0.5707,12.973,walk
42.0768,14593,0.1642,0.05,-0.1564,0.5707,12.942,walk
42.0783,14594,0.1646,0.0494,-0.157,0.5537,12.896,walk
42.0821,14595,0.1649,0.0488,-0.1575,0.5519,12.835,walk
42.0862,14596,0.164,0.0476,-0.1569,0.541,12.778,walk
42.0916,14597,0.1649,0.0473,-0.158,0.535,12.76,walk
42.0921,14598,0.1624,0.0461,-0.1557,0.535,12.704,walk
42.0955,14599,0.1646,0.0464,-0.1579,0.5375,12.72,walk
42.0993,14600,0.1625,0.0446,-0.1562,0.5431,12.66,walk
42.1022,14601,0.164,0.0447,-0.1578,0.5263,12.665,walk
42.1043,14602,0.1615,0.0435,-0.1556,0.5263,12.612,walk
42.1084,14603,0.1625,0.0431,-0.1567,0.5319,12.603,walk
42.1089,14604,0.1613,0.0425,-0.1555,0.5319,12.577,walk
42.1118,14605,0.1623,0.0422,-0.1567,0.5388,12.575,walk
42.1148,14606,0.162,0.0413,-0.1567,0.5376,12.558,walk
42.1171,14607,0.1602,0.0404,-0.155,0.5376,12.506,walk
42.121,14608,0.1606,0.0398,-0.1556,0.5376,12.506,walk
42.1251,14609,0.16,0.039,-0.1552,0.5932,12.323,walk
42.1281,14610,0.161,0.0388,-0.1563,0.5343,12.311,walk
42.1309,14611,0.1615,0.0383,-0.1569,0.5541,12.297,walk
42.1336,14612,0.1597,0.0374,-0.1552,0.5541,12.245,walk
42.1377,14613,0.1595,0.0366,-0.1552,0.527,12.2,walk
42.1409,14614,0.1599,0.0361,-0.1558,0.5392,12.192,walk
42.1454,14615,0.1609,0.0357,-0.1569,0.5424,12.208,walk
42.1458,14616,0.1591,0.0349,-0.1553,0.5424,12.167,walk
42.1485,14617,0.1602,0.0346,-0.1564,0.5498,12.193,walk
42.1506,14618,0.1584,0.0337,-0.1548,0.5498,12.136,walk
42.1538,14619,0.1594,0.0333,-0.1559,0.5412,12.173,walk
42.1557,14620,0.1576,0.0325,-0.1543,0.5412,12.113,walk
42.1588,14621,0.1587,0.0321,-0.1554,0.5453,12.162,walk
42.1619,14622,0.1591,0.0315,-0.1559,0.5331,12.19,walk
42.1662,14623,0.159,0.0305,-0.156,0.5571,12.173,walk
42.1665,14624,0.1578,0.03,-0.1549,0.5571,12.139,walk
42.1732,14625,0.1587,0.0286,-0.1561,0.5653,12.227,walk
42.176,14626,0.1575,0.028,-0.155,0.5653,12.174,walk
42.1779,14627,0.158,0.0274,-0.1556,0.5561,12.235,walk
42.1813,14628,0.1584,0.0265,-0.1561,0.546,12.294,walk
42.1834,14629,0.1578,0.0263,-0.1556,0.546,12.275,walk
42.1885,14630,0.1579,0.0253,-0.1559,0.6315,12.264,walk
42.1903,14631,0.158,0.0243,-0.1561,0.6012,12.32,walk
42.1921,14632,0.1567,0.0238,-0.1549,0.6012,12.262,walk
42.1951,14633,0.1563,0.0231,-0.1546,0.5005,12.305,walk
42.1996,14634,0.158,0.023,-0.1564,0.5753,12.372,walk
42.1999,14635,0.1562,0.0223,-0.1546,0.5753,12.334,walk
42.2039,14636,0.1573,0.022,-0.1557,0.5622,12.381,walk
42.2067,14637,0.1571,0.0211,-0.1557,0.5701,12.434,walk
42.2079,14638,0.1553,0.0205,-0.1539,0.5701,12.36,walk
42.2118,14639,0.1564,0.0202,-0.1551,0.5801,12.422,walk
42.2125,14640,0.1552,0.0198,-0.1539,0.5801,12.367,walk
42.2147,14641,0.1563,0.0195,-0.1551,0.5726,12.422,walk
42.2169,14642,0.1551,0.0191,-0.1539,0.5726,12.403,walk
42.2197,14643,0.1562,0.0188,-0.1551,0.5789,12.436,walk
42.2228,14644,0.1574,0.0184,-0.1563,0.5781,12.498,walk
42.2254,14645,0.1543,0.0175,-0.1533,0.5781,12.39,walk
42.2275,14646,0.156,0.0174,-0.1551,0.5743,12.437,walk
42.2343,14647,0.1552,0.0166,-0.1543,0.5571,12.414,walk
42.2355,14648,0.1557,0.0163,-0.1549,0.5844,12.323,walk
42.2386,14649,0.1532,0.0156,-0.1524,0.5844,12.245,walk
42.2411,14650,0.1544,0.0156,-0.1536,0.6061,12.219,walk
42.2433,14651,0.1553,0.0157,-0.1545,0.5564,12.162,walk
42.2459,14652,0.1531,0.0152,-0.1523,0.5564,12.088,walk
42.2497,14653,0.1539,0.0153,-0.1532,0.5619,12.043,walk
42.2505,14654,0.1517,0.0149,-0.151,0.5619,12.003,walk
42.2535,14655,0.1533,0.0151,-0.1526,0.56,11.978,walk
42.2582,14656,0.1514,0.0146,-0.1507,0.5776,11.919,walk
42.261,14657,0.152,0.0143,-0.1513,0.5795,11.967,walk
42.2625,14658,0.1508,0.0141,-0.1501,0.5795,11.945,walk
42.2666,14659,0.152,0.0138,-0.1514,0.5811,12.0,walk
42.2673,14660,0.1502,0.0134,-0.1496,0.5811,11.978,walk
42.2707,14661,0.1515,0.013,-0.1509,0.6076,12.062,walk
42.2712,14662,0.1502,0.0127,-0.1497,0.6076,12.039,walk
42.2754,14663,0.1514,0.0123,-0.1509,0.6103,12.118,walk
42.2789,14664,0.1512,0.0116,-0.1508,0.6164,12.184,walk
42.2795,14665,0.1498,0.0114,-0.1494,0.6164,12.175,walk
42.2822,14666,0.1508,0.011,-0.1504,0.6172,12.262,walk
42.2907,14667,0.1518,0.009,-0.1515,0.6414,12.713,walk
42.2939,14668,0.1517,0.0083,-0.1515,0.6399,12.856,walk
42.2947,14669,0.1498,0.0081,-0.1495,0.6399,12.793,walk
42.2973,14670,0.1521,0.0074,-0.152,0.7529,13.051,walk
42.2998,14671,0.1497,0.0073,-0.1495,0.7529,12.968,walk
42.3049,14672,0.1496,0.0069,-0.1494,0.6487,13.012,walk
42.3088,14673,0.1508,0.0066,-0.1506,0.6447,13.081,walk
42.3098,14674,0.1505,0.0061,-0.1503,0.657,13.094,walk
42.3118,14675,0.149,0.0061,-0.1488,0.657,13.073,walk
42.315,14676,0.1502,0.0058,-0.1501,0.659,13.077,walk
42.3165,14677,0.1479,0.0057,-0.1478,0.659,13.034,walk
42.3218,14678,0.1483,0.0054,-0.1482,0.6483,13.011,walk
42.3236,14679,0.1489,0.0052,-0.1488,0.6732,12.962,walk
42.3256,14680,0.1474,0.0052,-0.1473,0.6732,12.917,walk
42.3287,14681,0.147,0.0051,-0.1469,0.6467,12.846,walk
42.3313,14682,0.1455,0.0051,-0.1454,0.6467,12.823,walk
42.3357,14683,0.1472,0.0051,-0.1471,0.6538,12.667,walk
42.3388,14684,0.1464,0.0051,-0.1463,0.6538,12.644,walk
42.3416,14685,0.1461,0.005,-0.146,0.6548,12.543,walk
42.3441,14686,0.1458,0.0049,-0.1457,0.6652,12.438,walk
42.346,14687,0.1443,0.0049,-0.1442,0.6652,12.415,walk
42.3486,14688,0.1464,0.0047,-0.1463,0.6793,12.413,walk
42.3506,14689,0.1441,0.0047,-0.144,0.6793,12.32,walk
42.3545,14690,0.1454,0.0045,-0.1453,0.6851,12.332,walk
42.3551,14691,0.1431,0.0045,-0.143,0.6851,12.238,walk
42.358,14692,0.1452,0.0043,-0.1451,0.6855,12.311,walk
42.3607,14693,0.1448,0.0039,-0.1448,0.6697,12.208,walk
42.3622,14694,0.1433,0.0039,-0.1433,0.6697,12.185,walk
42.365,14695,0.1446,0.0036,-0.1446,0.6889,12.213,walk
42.367,14696,0.1423,0.0035,-0.1423,0.6889,12.142,walk
42.3697,14697,0.1443,0.0031,-0.1443,0.6714,12.183,walk
42.3725,14698,0.1448,0.0027,-0.1447,0.6735,12.157,walk
42.3751,14699,0.1432,0.0027,-0.1432,0.6735,12.133,walk
42.379,14700,0.1429,0.0022,-0.1428,0.6653,12.08,walk
42.3793,14701,0.1413,0.0022,-0.1413,0.6653,12.056,walk
42.3835,14702,0.1424,0.0017,-0.1424,0.6432,12.035,walk
42.3844,14703,0.1401,0.0017,-0.1401,0.6432,11.987,walk
42.3881,14704,0.1412,0.0013,-0.1412,0.6498,11.971,walk
42.3921,14705,0.1415,0.0008,-0.1415,0.6333,11.97,walk
42.3925,14706,0.1391,0.0009,-0.1391,0.6333,11.873,walk
42.3951,14707,0.1395,0.0004,-0.1395,0.6477,11.891,walk
42.3996,14708,0.1405,-0.0,-0.1405,0.6397,11.873,walk
42.3999,14709,0.1382,-0.0,-0.1382,0.6397,11.824,walk
42.4047,14710,0.1376,-0.0005,-0.1376,0.627,11.78,walk
42.4083,14711,0.1386,-0.001,-0.1386,0.6364,11.781,walk
42.4121,14712,0.138,-0.0015,-0.138,0.6272,11.766,walk
42.4126,14713,0.1364,-0.0015,-0.1364,0.6272,11.693,walk
42.415,14714,0.1374,-0.0021,-0.1374,0.6387,11.758,walk
42.417,14715,0.135,-0.0021,-0.135,0.6387,11.661,walk
42.4214,14716,0.1367,-0.0028,-0.1367,0.6109,11.7,walk
42.4225,14717,0.1369,-0.0033,-0.1368,0.6341,11.738,walk
42.4251,14718,0.1353,-0.0034,-0.1353,0.6341,11.667,walk
42.4297,14719,0.1354,-0.004,-0.1353,0.6242,11.697,walk
42.4302,14720,0.1322,-0.0041,-0.1321,0.6242,11.603,walk
42.4334,14721,0.1323,-0.0048,-0.1322,0.6219,11.567,walk
42.4355,14722,0.1332,-0.0055,-0.1331,0.6249,11.634,walk
42.4382,14723,0.1316,-0.0055,-0.1315,0.6249,11.589,walk
42.4414,14724,0.1308,-0.0062,-0.1307,0.6129,11.568,walk
42.4445,14725,0.1316,-0.007,-0.1314,0.6026,11.581,walk
42.446,14726,0.1308,-0.007,-0.1306,0.6026,11.537,walk
42.4491,14727,0.1291,-0.0079,-0.1289,0.6122,11.498,walk
42.4519,14728,0.13,-0.0088,-0.1297,0.6129,11.546,walk
42.4545,14729,0.1275,-0.0089,-0.1272,0.6129,11.483,walk
42.4583,14730,0.1262,-0.0094,-0.1258,0.499,11.313,walk
42.4603,14731,0.1268,-0.0102,-0.1264,0.579,11.274,walk
42.4627,14732,0.1252,-0.0103,-0.1247,0.579,11.233,walk
42.465,14733,0.1258,-0.0111,-0.1253,0.5711,11.225,walk
42.4678,14734,0.1233,-0.0113,-0.1228,0.5711,11.147,walk
42.4713,14735,0.1239,-0.0122,-0.1233,0.5781,11.116,walk
42.4744,14736,0.1227,-0.0131,-0.122,0.5459,11.013,walk
42.4784,14737,0.1233,-0.014,-0.1225,0.5577,10.966,walk
42.4796,14738,0.1207,-0.0143,-0.1199,0.5577,10.894,walk
42.4821,14739,0.1204,-0.0152,-0.1194,0.568,10.851,walk
42.4866,14740,0.1187,-0.0154,-0.1177,0.568,10.799,walk
42.4921,14741,0.1162,-0.0177,-0.1148,0.5571,10.625,walk
42.4957,14742,0.1166,-0.0186,-0.1151,0.5366,10.547,walk
42.4993,14743,0.1157,-0.02,-0.114,0.679,10.584,walk
42.5025,14744,0.1133,-0.0217,-0.1112,0.5224,10.525,walk
42.5056,14745,0.1133,-0.0217,-0.1112,0.5224,10.525,walk
42.5085,14746,0.1103,-0.0233,-0.1078,0.5546,10.423,walk
42.5113,14747,0.1107,-0.0243,-0.108,0.5335,10.393,walk
42.5133,14748,0.1081,-0.0248,-0.1052,0.5335,10.335,walk
42.516,14749,0.1076,-0.026,-0.1044,0.5182,10.303,walk
42.5189,14750,0.108,-0.0271,-0.1045,0.5191,10.227,walk
42.5211,14751,0.1062,-0.0274,-0.1026,0.5191,10.199,walk
42.5249,14752,0.1056,-0.0286,-0.1017,0.4921,10.123,walk
42.5295,14753,0.1043,-0.03,-0.0998,0.5088,10.035,walk
42.5334,14754,0.1037,-0.0312,-0.0989,0.4876,9.965,walk
42.5349,14755,0.1024,-0.0327,-0.097,0.5034,9.923,walk
42.5375,14756,0.0998,-0.0334,-0.0941,0.5034,9.902,walk
42.5421,14757,0.1002,-0.0343,-0.0941,0.4774,9.894,walk
42.5424,14758,0.0981,-0.0345,-0.0919,0.4774,9.878,walk
42.5455,14759,0.099,-0.0352,-0.0926,0.5026,9.902,walk
42.5499,14760,0.0984,-0.0354,-0.0919,0.4823,9.938,walk
42.5527,14761,0.0996,-0.0359,-0.0929,0.5224,10.049,walk
42.5548,14762,0.0979,-0.0355,-0.0913,0.5224,9.971,walk
42.5582,14763,0.0987,-0.036,-0.092,0.4808,10.09,walk
42.559,14764,0.0975,-0.0357,-0.0907,0.4808,10.025,walk
42.5623,14765,0.0975,-0.0364,-0.0905,0.5143,10.147,walk
42.5659,14766,0.0974,-0.037,-0.0901,0.499,10.289,walk
42.5663,14767,0.0958,-0.0369,-0.0884,0.499,10.223,walk
42.571,14768,0.0964,-0.0378,-0.0887,0.5108,10.451,walk
42.5716,14769,0.0941,-0.0377,-0.0862,0.5108,10.387,walk
42.5758,14770,0.0946,-0.0386,-0.0864,0.5028,10.547,walk
42.5776,14771,0.0944,-0.0394,-0.0858,0.4972,10.747,walk
42.5793,14772,0.0921,-0.0393,-0.0834,0.4972,10.708,walk
42.5839,14773,0.0928,-0.0401,-0.0836,0.5016,10.923,walk
42.59,14774,0.092,-0.0418,-0.0819,0.5015,11.553,walk
42.5927,14775,0.09,-0.0416,-0.0798,0.5015,11.518,walk
42.5958,14776,0.0901,-0.0424,-0.0795,0.4983,11.794,walk
42.5996,14777,0.091,-0.0433,-0.08,0.5261,12.148,walk
42.5999,14778,0.0897,-0.0432,-0.0786,0.5261,12.131,walk
42.6047,14779,0.0897,-0.0436,-0.0784,0.4847,12.443,walk
42.6066,14780,0.0898,-0.0443,-0.0781,0.4837,12.737,walk
42.6082,14781,0.0879,-0.044,-0.0761,0.4837,12.705,walk
42.6117,14782,0.0882,-0.0449,-0.0759,0.5144,13.083,walk
42.6145,14783,0.0889,-0.0456,-0.0763,0.4737,13.431,walk
42.616,14784,0.0877,-0.0454,-0.075,0.4737,13.381,walk
42.6189,14785,0.0878,-0.046,-0.0748,0.4697,13.71,walk
42.6211,14786,0.0861,-0.0457,-0.0729,0.4697,13.642,walk
42.6252,14787,0.0868,-0.0464,-0.0734,0.4616,13.975,walk
42.6294,14788,0.0858,-0.0467,-0.0719,0.4457,14.221,walk
42.6339,14789,0.086,-0.0473,-0.0718,0.4668,14.475,walk
42.6348,14790,0.0862,-0.0478,-0.0717,0.4495,14.755,walk
42.6373,14791,0.0845,-0.0474,-0.07,0.4495,14.684,walk
42.6412,14792,0.0858,-0.0482,-0.071,0.4497,14.992,walk
42.6452,14793,0.085,-0.0484,-0.0699,0.4492,15.193,walk
42.6456,14794,0.0839,-0.0482,-0.0687,0.4492,15.175,walk
42.6484,14795,0.0847,-0.0487,-0.0693,0.4587,15.416,walk
42.6504,14796,0.0832,-0.0484,-0.0677,0.4587,15.38,walk
42.6533,14797,0.0845,-0.049,-0.0688,0.4434,15.635,walk
42.6561,14798,0.0843,-0.0493,-0.0683,0.4571,15.866,walk
42.6583,14799,0.0828,-0.0489,-0.0667,0.4571,15.793,walk
42.6609,14800,0.0836,-0.0494,-0.0674,0.4522,16.036,walk
42.6626,14801,0.0826,-0.0492,-0.0664,0.4522,16.0,walk
42.6659,14802,0.0834,-0.0497,-0.0669,0.4342,16.241,walk
42.6675,14803,0.0819,-0.0493,-0.0654,0.4342,16.205,walk
42.6705,14804,0.0828,-0.0498,-0.0661,0.4505,16.429,walk
42.6722,14805,0.0813,-0.0494,-0.0646,0.4505,16.393,walk
42.6768,14806,0.0829,-0.0503,-0.0659,0.4083,16.965,walk
42.6802,14807,0.0819,-0.05,-0.0649,0.4083,16.946,walk
42.6831,14808,0.0823,-0.0503,-0.0651,0.4359,17.155,walk
42.6836,14809,0.0814,-0.05,-0.0642,0.4359,17.137,walk
42.6868,14810,0.0821,-0.0505,-0.0647,0.4057,17.344,walk
42.6906,14811,0.0815,-0.0505,-0.0639,0.4258,17.54,walk
42.6941,14812,0.0817,-0.0508,-0.064,0.3933,17.781,walk
42.6975,14813,0.082,-0.0512,-0.0641,0.4046,17.975,walk
42.7,14814,0.0802,-0.0505,-0.0622,0.4046,17.919,walk
42.7025,14815,0.0809,-0.051,-0.0628,0.4053,18.143,walk
42.7043,14816,0.08,-0.0507,-0.0619,0.4053,18.124,walk
42.7087,14817,0.0802,-0.0509,-0.062,0.3906,18.318,walk
42.7123,14818,0.0801,-0.051,-0.0617,0.4017,18.521,walk
42.7133,14819,0.0792,-0.0507,-0.0608,0.4017,18.482,walk
42.7166,14820,0.0798,-0.0511,-0.0614,0.3818,18.777,walk
42.7186,14821,0.08,-0.0513,-0.0614,0.3733,19.009,walk
42.7211,14822,0.0786,-0.0508,-0.0601,0.3733,18.97,walk
42.724,14823,0.0793,-0.0512,-0.0606,0.3873,19.231,walk
42.7258,14824,0.0789,-0.051,-0.0601,0.3873,19.211,walk
42.729,14825,0.0781,-0.0509,-0.0593,0.3738,19.467,walk
42.7321,14826,0.0788,-0.0513,-0.0598,0.3798,19.811,walk
42.7342,14827,0.0774,-0.0507,-0.0584,0.3798,19.725,walk
42.7379,14828,0.0781,-0.0512,-0.059,0.401,20.155,walk
42.7384,14829,0.0771,-0.0508,-0.0581,0.401,20.089,walk
42.7416,14830,0.0782,-0.0514,-0.059,0.3756,20.484,walk
42.7446,14831,0.078,-0.0515,-0.0585,0.3833,20.806,walk
42.7463,14832,0.0766,-0.0509,-0.0572,0.3833,20.713,walk
42.7499,14833,0.0772,-0.0514,-0.0575,0.3696,21.131,walk
42.7524,14834,0.0768,-0.0514,-0.057,0.3561,21.445,walk
42.7543,14835,0.0758,-0.051,-0.0561,0.3561,21.42,walk
42.759,14836,0.076,-0.0514,-0.0561,0.3976,21.791,walk
42.7621,14837,0.0752,-0.0512,-0.055,0.3704,22.133,walk
42.7672,14838,0.0753,-0.0513,-0.0551,0.3876,22.545,walk
42.7706,14839,0.0747,-0.0512,-0.0545,0.3303,22.88,walk
42.7742,14840,0.0747,-0.0513,-0.0543,0.347,23.351,walk
42.7788,14841,0.0743,-0.0513,-0.0537,0.3782,23.737,walk
42.7793,14842,0.0728,-0.0506,-0.0524,0.3782,23.618,walk
42.7833,14843,0.0733,-0.0509,-0.0528,0.3627,24.081,walk
42.7845,14844,0.0718,-0.0501,-0.0514,0.3627,23.955,walk
42.7895,14845,0.0742,-0.0514,-0.0536,0.3772,25.032,walk
42.7922,14846,0.0717,-0.0501,-0.0512,0.3772,24.868,walk
42.7957,14847,0.0712,-0.0499,-0.0507,0.3775,25.22,walk
42.7988,14848,0.0711,-0.05,-0.0506,0.3726,25.67,walk
42.8003,14849,0.0696,-0.0492,-0.0492,0.3726,25.532,walk
42.8043,14850,0.0699,-0.0494,-0.0495,0.356,25.973,walk
42.8049,14851,0.0689,-0.0489,-0.0485,0.356,25.937,walk
42.8076,14852,0.0694,-0.0493,-0.0488,0.3806,26.412,walk
42.8091,14853,0.0678,-0.0485,-0.0474,0.3806,26.339,walk
42.8117,14854,0.0683,-0.0489,-0.0478,0.3888,26.773,walk
42.8163,14855,0.0677,-0.0486,-0.0471,0.3648,27.231,walk
42.8172,14856,0.0666,-0.048,-0.0461,0.3648,27.118,walk
42.8206,14857,0.0669,-0.0482,-0.0464,0.3542,27.541,walk
42.8214,14858,0.0658,-0.0476,-0.0454,0.3542,27.503,walk
42.8241,14859,0.0664,-0.0478,-0.0461,0.4503,27.858,walk
42.8273,14860,0.066,-0.048,-0.0453,0.2947,28.57,walk
42.829,14861,0.0643,-0.047,-0.0438,0.2947,28.414,walk
42.8334,14862,0.0647,-0.0473,-0.0442,0.3867,28.892,walk
42.8368,14863,0.0641,-0.047,-0.0436,0.4044,29.287,walk
42.8396,14864,0.0634,-0.0466,-0.0429,0.3795,29.728,walk
42.8416,14865,0.0634,-0.0466,-0.0429,0.3795,29.728,walk
42.8454,14866,0.0626,-0.0461,-0.0423,0.3701,30.124,walk
42.846,14867,0.0615,-0.0455,-0.0414,0.3701,29.997,walk
42.8494,14868,0.0619,-0.0458,-0.0417,0.3573,30.553,walk
42.8503,14869,0.0606,-0.0451,-0.0404,0.3573,30.392,walk
42.8542,14870,0.0613,-0.0455,-0.0411,0.3781,30.903,walk
42.8549,14871,0.0605,-0.0451,-0.0404,0.3781,30.867,walk
42.8588,14872,0.0612,-0.0455,-0.0409,0.3729,31.351,walk
42.8595,14873,0.06,-0.0448,-0.0398,0.3729,31.285,walk
42.862,14874,0.0601,-0.045,-0.0399,0.3642,31.766,walk
42.8663,14875,0.0607,-0.0454,-0.0404,0.3735,32.317,walk
42.8666,14876,0.0598,-0.0449,-0.0396,0.3735,32.22,walk
42.8703,14877,0.0604,-0.0452,-0.04,0.3733,32.778,walk
42.8712,14878,0.059,-0.0445,-0.0388,0.3733,32.681,walk
42.875,14879,0.0591,-0.0446,-0.0388,0.3765,33.163,walk
42.8791,14880,0.0597,-0.045,-0.0392,0.376,33.732,walk
42.8796,14881,0.0583,-0.0442,-0.038,0.376,33.592,walk
42.8824,14882,0.0584,-0.0443,-0.0381,0.3765,34.126,walk
42.8852,14883,0.0591,-0.0447,-0.0387,0.4055,34.644,walk
42.8881,14884,0.0582,-0.0442,-0.0379,0.4055,34.531,walk
42.8887,14885,0.0573,-0.0437,-0.0372,0.4055,34.452,walk
42.8917,14886,0.0581,-0.0441,-0.0378,0.3779,35.027,walk
42.8952,14887,0.0584,-0.0443,-0.038,0.3823,35.49,walk
42.896,14888,0.0571,-0.0436,-0.0369,0.3823,35.358,walk
42.8996,14889,0.0573,-0.0438,-0.037,0.3586,35.883,walk
42.9041,14890,0.058,-0.0442,-0.0375,0.379,36.371,walk
42.9045,14891,0.0567,-0.0435,-0.0363,0.379,36.277,walk
42.9085,14892,0.0564,-0.0434,-0.036,0.369,36.699,walk
42.9129,14893,0.0558,-0.0431,-0.0354,0.3794,37.087,walk
42.9166,14894,0.0564,-0.0436,-0.0359,0.3782,37.617,walk
42.9172,14895,0.0556,-0.0431,-0.0351,0.3782,37.468,walk
42.9202,14896,0.0559,-0.0434,-0.0352,0.4022,38.012,walk
42.9231,14897,0.0567,-0.044,-0.0358,0.3969,38.518,walk
42.9258,14898,0.0563,-0.0438,-0.0354,0.3969,38.467,walk
42.9287,14899,0.0557,-0.0437,-0.0345,0.3712,38.839,walk
42.931,14900,0.0549,-0.0433,-0.0337,0.3712,38.788,walk
42.9387,14901,0.0549,-0.0438,-0.0331,0.341,39.777,walk
42.9419,14902,0.0541,-0.0436,-0.0321,0.3116,40.087,walk
42.9454,14903,0.0542,-0.0438,-0.032,0.315,40.418,walk
42.9462,14904,0.0534,-0.0434,-0.0312,0.315,40.365,walk
42.9497,14905,0.0539,-0.0437,-0.0315,0.3329,40.845,walk
42.9505,14906,0.0531,-0.0433,-0.0307,0.3329,40.684,walk
42.9542,14907,0.0529,-0.0434,-0.0302,0.3304,41.026,walk
42.9574,14908,0.0539,-0.044,-0.0312,0.3731,41.604,walk
42.9599,14909,0.0537,-0.044,-0.0308,0.337,42.012,walk
42.962,14910,0.0526,-0.0435,-0.0296,0.337,41.901,walk
42.9658,14911,0.0531,-0.044,-0.0299,0.3341,42.352,walk
42.9662,14912,0.0524,-0.0436,-0.0291,0.3341,42.241,walk
42.9695,14913,0.0534,-0.0443,-0.0298,0.3422,42.889,walk
42.9713,14914,0.0519,-0.0436,-0.0282,0.3422,42.608,walk
42.975,14915,0.0522,-0.044,-0.0281,0.3392,43.069,walk
42.9773,14916,0.0532,-0.0445,-0.029,0.3691,43.63,walk
42.9801,14917,0.0521,-0.044,-0.0279,0.3691,43.516,walk
42.9835,14918,0.052,-0.0442,-0.0274,0.3346,43.851,walk
42.9859,14919,0.0523,-0.0446,-0.0272,0.3267,44.323,walk
42.9899,14920,0.0525,-0.045,-0.0271,0.3234,44.814,walk
42.9916,14921,0.0515,-0.0445,-0.0259,0.3234,44.58,walk
42.9939,14922,0.0522,-0.0451,-0.0262,0.3278,45.126,walk
42.9966,14923,0.0512,-0.0446,-0.025,0.3278,44.89,walk
42.9995,14924,0.0516,-0.0451,-0.025,0.3534,45.391,walk
43.004,14925,0.0527,-0.0463,-0.0252,0.5184,45.828,walk
43.005,14926,0.0518,-0.0459,-0.024,0.5184,45.708,walk
43.0083,14927,0.0526,-0.0466,-0.0244,0.3824,46.239,walk
43.0091,14928,0.052,-0.0463,-0.0237,0.3824,46.178,walk
43.0124,14929,0.0525,-0.047,-0.0233,0.3391,46.471,walk
43.015,14930,0.0528,-0.0474,-0.0234,0.2784,47.074,walk
43.0171,14931,0.0522,-0.0471,-0.0227,0.2784,46.952,walk
43.0208,14932,0.053,-0.048,-0.0226,0.5074,47.458,walk
43.0229,14933,0.0535,-0.0484,-0.0227,0.2879,48.008,walk
43.0253,14934,0.0526,-0.048,-0.0215,0.2879,47.885,walk
43.0288,14935,0.054,-0.049,-0.0227,0.3689,48.522,walk
43.0318,14936,0.0538,-0.0492,-0.0218,0.3293,48.844,walk
43.0341,14937,0.053,-0.0488,-0.0206,0.3293,48.598,walk
43.0383,14938,0.0541,-0.0497,-0.0213,0.3846,49.139,walk
43.0409,14939,0.0544,-0.0507,-0.0198,0.4723,49.262,walk
43.0435,14940,0.0558,-0.052,-0.0203,0.4796,49.702,walk
43.0456,14941,0.0555,-0.0519,-0.0199,0.4796,49.641,walk
43.0496,14942,0.0555,-0.0521,-0.0191,0.2821,49.835,walk
43.0504,14943,0.0548,-0.0518,-0.0179,0.2821,49.712,walk
43.0542,14944,0.0555,-0.0527,-0.0172,0.4013,50.008,walk
43.0582,14945,0.0567,-0.0539,-0.0176,0.4423,50.632,walk
43.0586,14946,0.0562,-0.0537,-0.0167,0.4423,50.447,walk
43.0624,14947,0.0563,-0.0538,-0.0166,0.3098,50.772,walk
43.0643,14948,0.0572,-0.0548,-0.0165,0.411,51.197,walk
43.0667,14949,0.0568,-0.0546,-0.0156,0.411,51.073,walk
43.0695,14950,0.0579,-0.0557,-0.0159,0.4235,51.64,walk
43.0714,14951,0.0573,-0.0555,-0.0146,0.4235,51.393,walk
43.0755,14952,0.0584,-0.0564,-0.0152,0.4552,52.1,walk
43.0765,14953,0.0592,-0.0572,-0.0153,0.4271,52.566,walk
43.0788,14954,0.0588,-0.057,-0.0144,0.4271,52.504,walk
43.0821,14955,0.0593,-0.0577,-0.0136,0.3522,52.745,walk
43.0845,14956,0.0589,-0.0576,-0.0127,0.3522,52.683,walk
43.0884,14957,0.0597,-0.0584,-0.0128,0.3545,53.147,walk
43.0923,14958,0.0605,-0.059,-0.0133,0.4086,53.893,walk
43.0959,14959,0.0607,-0.0596,-0.0116,0.3725,54.067,walk
43.0965,14960,0.0604,-0.0594,-0.0106,0.3725,53.882,walk
43.1001,14961,0.0612,-0.0603,-0.0108,0.3654,54.362,walk
43.1021,14962,0.0618,-0.061,-0.0105,0.3496,54.773,walk
43.1042,14963,0.0615,-0.0608,-0.009,0.3496,54.651,walk
43.1065,14964,0.0626,-0.0618,-0.0097,0.3983,55.132,walk
43.1089,14965,0.0624,-0.0617,-0.0087,0.3983,54.949,walk
43.112,14966,0.063,-0.0624,-0.0083,0.3477,55.361,walk
43.1163,14967,0.0635,-0.063,-0.0074,0.3379,55.732,walk
43.1166,14968,0.0633,-0.063,-0.0064,0.3379,55.551,walk
43.1202,14969,0.064,-0.0637,-0.0054,0.3503,55.883,walk
43.1232,14970,0.0648,-0.0646,-0.0055,0.3593,56.365,walk
43.1266,14971,0.0647,-0.0646,-0.0039,0.3593,56.126,walk
43.1276,14972,0.0655,-0.0654,-0.004,0.3424,56.575,walk
43.1299,14973,0.0654,-0.0654,-0.0034,0.3424,56.516,walk
43.1331,14974,0.0664,-0.0664,-0.0018,0.3817,56.732,walk
43.1364,14975,0.0673,-0.0673,-0.0017,0.3234,57.061,walk
43.1409,14976,0.0682,-0.0682,-0.0007,0.3602,57.369,walk
43.1436,14977,0.0692,-0.0692,-0.0013,0.3821,57.722,walk
43.1463,14978,0.0687,-0.0687,0.0008,0.3821,57.391,walk
43.1494,14979,0.0694,-0.0694,0.0002,0.3398,57.792,walk
43.1527,14980,0.0699,-0.0699,-0.0003,0.3635,58.087,walk
43.1547,14981,0.0694,-0.0694,0.0005,0.3635,57.846,walk
43.1579,14982,0.0699,-0.0699,0.0002,0.3628,58.203,walk
43.1605,14983,0.0704,-0.0704,-0.0001,0.3568,58.397,walk
43.1631,14984,0.07,-0.07,0.0008,0.3568,58.211,walk
43.1655,14985,0.0708,-0.0708,0.0003,0.3629,58.576,walk
43.1689,14986,0.0715,-0.0715,-0.0002,0.3727,58.998,walk
43.1706,14987,0.071,-0.071,0.0007,0.3727,58.814,walk
43.175,14988,0.0713,-0.0713,0.0008,0.3401,58.96,walk
43.179,14989,0.0718,-0.0718,0.0006,0.3676,59.294,walk
43.1794,14990,0.0714,-0.0714,0.0012,0.3676,59.117,walk
43.1828,14991,0.072,-0.072,0.0006,0.3587,59.529,walk
43.1866,14992,0.0724,-0.0724,0.0004,0.3417,59.798,walk
43.1915,14993,0.0721,-0.072,0.0007,0.3756,59.978,walk
43.1934,14994,0.0716,-0.0716,0.0011,0.3756,59.836,walk
43.1964,14995,0.0721,-0.0721,0.0006,0.3631,60.165,walk
43.198,14996,0.074,-0.074,-0.0005,0.6612,60.959,walk
43.1995,14997,0.0737,-0.0737,-0.0001,0.6612,60.913,walk
43.2021,14998,0.0742,-0.0742,-0.0004,0.3351,61.175,walk
43.2042,14999,0.074,-0.074,0.0001,0.3351,61.129,walk
43.2088,15000,0.0746,-0.0746,-0.0004,0.3685,61.412,walk
43.212,15001,0.075,-0.075,-0.0007,0.3534,61.652,walk
43.2154,15002,0.0758,-0.0758,-0.0014,0.3751,62.054,walk
43.2172,15003,0.0751,-0.0751,-0.0007,0.3751,61.802,walk
43.2201,15004,0.0759,-0.0759,-0.0014,0.372,62.266,walk
43.223,15005,0.0765,-0.0765,-0.002,0.3642,62.492,walk
43.2265,15006,0.0771,-0.0771,-0.0026,0.3771,62.794,walk
43.2288,15007,0.0768,-0.0768,-0.0023,0.3771,62.689,walk
43.233,15008,0.0775,-0.0774,-0.0029,0.3732,63.036,walk
43.2336,15009,0.077,-0.0769,-0.0024,0.3732,62.824,walk
43.2385,15010,0.0773,-0.0772,-0.0028,0.3814,63.024,walk
43.2442,15011,0.0797,-0.0796,-0.0046,0.3663,63.909,walk
43.2447,15012,0.0788,-0.0787,-0.0039,0.3663,63.583,walk
43.2476,15013,0.0798,-0.0797,-0.0043,0.3651,63.766,walk
43.2501,15014,0.0795,-0.0794,-0.0041,0.3651,63.711,walk
43.253,15015,0.0799,-0.0798,-0.0046,0.3543,63.87,walk
43.2551,15016,0.0794,-0.0793,-0.0043,0.3543,63.704,walk
43.2583,15017,0.0804,-0.0802,-0.0051,0.3936,64.067,walk
43.2591,15018,0.08,-0.0799,-0.0049,0.3936,64.012,walk
43.2626,15019,0.0807,-0.0805,-0.0055,0.3642,64.221,walk
43.2664,15020,0.0816,-0.0814,-0.0063,0.3719,64.599,walk
43.2671,15021,0.0811,-0.0809,-0.006,0.3719,64.377,walk
43.271,15022,0.0822,-0.0819,-0.0068,0.3725,64.798,walk
43.2739,15023,0.0829,-0.0825,-0.0074,0.3782,64.944,walk
43.2774,15024,0.0836,-0.0832,-0.0081,0.3637,65.275,walk
43.2793,15025,0.0829,-0.0825,-0.0077,0.3637,65.052,walk
43.2834,15026,0.0839,-0.0835,-0.0085,0.3774,65.334,walk
43.2843,15027,0.0835,-0.0831,-0.0083,0.3774,65.278,walk
43.288,15028,0.085,-0.0845,-0.0095,0.4828,65.693,walk
43.2886,15029,0.0843,-0.0838,-0.0092,0.4828,65.414,walk
43.2922,15030,0.085,-0.0844,-0.0098,0.3785,65.624,walk
43.2954,15031,0.0854,-0.0847,-0.0108,0.407,65.915,walk
43.2982,15032,0.0867,-0.0859,-0.0116,0.4248,66.205,walk
43.3001,15033,0.0862,-0.0854,-0.0114,0.4248,66.093,walk
43.3026,15034,0.0873,-0.0864,-0.0122,0.3845,66.374,walk
43.3048,15035,0.0869,-0.0861,-0.012,0.3845,66.262,walk
43.3086,15036,0.088,-0.087,-0.0127,0.3984,66.555,walk
43.3092,15037,0.0876,-0.0867,-0.0125,0.3984,66.443,walk
43.3119,15038,0.0888,-0.0878,-0.0134,0.3824,66.884,walk
43.3161,15039,0.0896,-0.0885,-0.0138,0.3944,66.986,walk
43.3171,15040,0.0892,-0.0882,-0.0137,0.3944,66.93,walk
43.3204,15041,0.0903,-0.0892,-0.0144,0.3818,67.193,walk
43.3218,15042,0.09,-0.0889,-0.0142,0.3818,67.081,walk
43.325,15043,0.0912,-0.0899,-0.0149,0.3798,67.435,walk
43.329,15044,0.0921,-0.0908,-0.0157,0.3888,67.628,walk
43.3295,15045,0.0916,-0.0903,-0.0154,0.3888,67.516,walk
43.333,15046,0.0925,-0.0911,-0.0159,0.3854,67.704,walk
43.3371,15047,0.0936,-0.0921,-0.0167,0.3739,67.995,walk
43.3429,15048,0.0949,-0.0932,-0.0174,0.3723,68.298,walk
43.344,15049,0.0957,-0.094,-0.018,0.3957,68.568,walk
43.3465,15050,0.0948,-0.0931,-0.0175,0.3957,68.169,walk
43.3494,15051,0.0956,-0.0939,-0.0181,0.3547,68.429,walk
43.352,15052,0.0969,-0.095,-0.0188,0.3953,68.72,walk
43.3542,15053,0.0964,-0.0946,-0.0186,0.3953,68.489,walk
43.358,15054,0.0975,-0.0956,-0.0193,0.373,68.806,walk
43.3588,15055,0.0972,-0.0953,-0.0191,0.373,68.632,walk
43.3623,15056,0.0984,-0.0964,-0.0197,0.3919,68.915,walk
43.3632,15057,0.0979,-0.096,-0.0195,0.3919,68.738,walk
43.3651,15058,0.0991,-0.097,-0.0202,0.3467,69.055,walk
43.3672,15059,0.0986,-0.0965,-0.0199,0.3467,68.936,walk
43.3703,15060,0.0998,-0.0976,-0.0207,0.3522,69.216,walk
43.3732,15061,0.1009,-0.0989,-0.0204,0.5774,69.194,walk
43.3748,15062,0.1006,-0.0986,-0.0202,0.5774,69.015,walk
43.3787,15063,0.1019,-0.0997,-0.021,0.3835,69.306,walk
43.3794,15064,0.1013,-0.0991,-0.0206,0.3835,69.064,walk
43.3816,15065,0.1026,-0.1004,-0.0214,0.3965,69.374,walk
43.3837,15066,0.1021,-0.0999,-0.0212,0.3965,69.252,walk
43.388,15067,0.1028,-0.1005,-0.0217,0.3671,69.368,walk
43.394,15068,0.1054,-0.1028,-0.0233,0.4117,69.908,walk
43.3965,15069,0.1044,-0.1019,-0.0227,0.4117,69.481,walk
43.3975,15070,0.1056,-0.1029,-0.0235,0.4022,69.787,walk
43.4001,15071,0.1054,-0.1028,-0.0234,0.4022,69.726,walk
43.4025,15072,0.1064,-0.1036,-0.0241,0.3868,69.835,walk
43.4044,15073,0.1058,-0.1031,-0.0239,0.3868,69.653,walk
43.4081,15074,0.1065,-0.1037,-0.0244,0.3783,69.792,walk
43.4125,15075,0.1077,-0.1047,-0.0253,0.4047,69.963,walk
43.4128,15076,0.1074,-0.1044,-0.0251,0.4047,69.843,walk
43.4158,15077,0.1083,-0.105,-0.0263,0.463,70.122,walk
43.4178,15078,0.1079,-0.1047,-0.0261,0.463,70.003,walk
43.4211,15079,0.109,-0.1056,-0.0269,0.3887,70.197,walk
43.4249,15080,0.1099,-0.1063,-0.0276,0.4167,70.347,walk
43.4283,15081,0.1109,-0.1072,-0.0283,0.3682,70.46,walk
43.4294,15082,0.1101,-0.1065,-0.028,0.3682,70.225,walk
43.433,15083,0.1113,-0.1075,-0.0289,0.4205,70.449,walk
43.4363,15084,0.1121,-0.1081,-0.0296,0.4045,70.511,walk
43.4407,15085,0.1135,-0.1093,-0.0305,0.4227,70.766,walk
43.4432,15086,0.1141,-0.1098,-0.0311,0.3948,70.795,walk
43.4458,15087,0.112,-0.108,-0.0299,0.3948,70.49,walk
43.4497,15088,0.1128,-0.1086,-0.0304,0.416,70.736,walk
43.4502,15089,0.1114,-0.1074,-0.0298,0.416,70.516,walk
43.4542,15090,0.1122,-0.108,-0.0303,0.4012,70.694,walk
43.455,15091,0.1114,-0.1073,-0.0299,0.4012,70.593,walk
43.4582,15092,0.1123,-0.1081,-0.0305,0.4117,70.867,walk
43.4591,15093,0.1113,-0.1072,-0.0299,0.4117,70.722,walk
43.4624,15094,0.1126,-0.1083,-0.0307,0.4125,70.954,walk
43.4666,15095,0.1129,-0.1086,-0.0311,0.4255,71.062,walk
43.4669,15096,0.1123,-0.108,-0.0308,0.4255,70.925,walk
43.4711,15097,0.1128,-0.1084,-0.0313,0.4035,71.098,walk
43.4718,15098,0.1122,-0.1078,-0.031,0.4035,70.962,walk
43.4751,15099,0.1124,-0.1079,-0.0315,0.418,71.059,walk
43.4791,15100,0.1131,-0.1084,-0.0322,0.4234,71.29,walk
43.4795,15101,0.1122,-0.1076,-0.0319,0.4234,71.143,walk
43.483,15102,0.113,-0.1081,-0.0327,0.4267,71.368,walk
43.4878,15103,0.112,-0.107,-0.0328,0.4262,71.238,walk
43.4959,15104,0.1129,-0.1077,-0.0342,0.4049,71.461,walk
43.4964,15105,0.1119,-0.1067,-0.0338,0.4049,71.24,walk
43.4996,15106,0.1129,-0.1075,-0.0346,0.4261,71.437,walk
43.5015,15107,0.1133,-0.1077,-0.0353,0.4162,71.46,walk
43.5044,15108,0.1121,-0.1065,-0.0349,0.4162,71.288,walk
43.5072,15109,0.1129,-0.1071,-0.0357,0.4202,71.397,walk
43.51,15110,0.1141,-0.108,-0.0367,0.4196,71.63,walk
43.5121,15111,0.1119,-0.106,-0.036,0.4196,71.338,walk
43.5164,15112,0.1131,-0.1069,-0.0369,0.4139,71.495,walk
43.5193,15113,0.1123,-0.106,-0.0371,0.4004,71.397,walk
43.5213,15114,0.1108,-0.1046,-0.0366,0.4004,71.154,walk
43.5247,15115,0.1118,-0.1054,-0.0375,0.3898,71.362,walk
43.5253,15116,0.1103,-0.104,-0.037,0.3898,71.117,walk
43.529,15117,0.1109,-0.1043,-0.0377,0.4084,71.256,walk
43.5311,15118,0.1109,-0.1041,-0.0383,0.3893,71.208,walk
43.5337,15119,0.1099,-0.1031,-0.0379,0.3893,71.146,walk
43.537,15120,0.1099,-0.1029,-0.0385,0.3843,71.099,walk
43.5395,15121,0.1083,-0.1015,-0.0379,0.3843,70.975,walk
43.5426,15122,0.1089,-0.1018,-0.0387,0.4117,70.973,walk
43.5454,15123,0.1078,-0.1005,-0.0388,0.3804,70.832,walk
43.5498,15124,0.1077,-0.1002,-0.0393,0.3815,70.896,walk
43.5509,15125,0.1066,-0.0992,-0.0389,0.3815,70.711,walk
43.5542,15126,0.1075,-0.0998,-0.0398,0.3659,70.837,walk
43.5577,15127,0.1067,-0.0989,-0.0401,0.358,70.8,walk
43.5601,15128,0.106,-0.098,-0.0404,0.3706,70.844,walk
43.5623,15129,0.1044,-0.0965,-0.0398,0.3706,70.599,walk
43.5652,15130,0.1048,-0.0966,-0.0405,0.3661,70.776,walk
43.5667,15131,0.1037,-0.0956,-0.0401,0.3661,70.593,walk
43.571,15132,0.1039,-0.0956,-0.0407,0.3348,70.685,walk
43.5732,15133,0.103,-0.0945,-0.0409,0.3116,70.674,walk
43.5757,15134,0.1014,-0.0931,-0.0403,0.3116,70.552,walk
43.5785,15135,0.1016,-0.093,-0.0408,0.3263,70.595,walk
43.5834,15136,0.0996,-0.091,-0.0405,0.3107,70.45,walk
43.5866,15137,0.0998,-0.091,-0.041,0.3209,70.551,walk
43.5912,15138,0.0994,-0.0904,-0.0413,0.3078,70.608,walk
43.5943,15139,0.0975,-0.0885,-0.0409,0.3098,70.475,walk
43.5977,15140,0.0972,-0.0881,-0.0411,0.3234,70.6,walk
43.5998,15141,0.0962,-0.0871,-0.0407,0.3234,70.42,walk
43.6034,15142,0.0964,-0.0872,-0.0411,0.3167,70.606,walk
43.6044,15143,0.0948,-0.0857,-0.0405,0.3167,70.365,walk
43.6087,15144,0.095,-0.0858,-0.0408,0.319,70.556,walk
43.6118,15145,0.0947,-0.0854,-0.0409,0.3105,70.552,walk
43.6122,15146,0.0931,-0.084,-0.0402,0.3105,70.433,walk
43.6162,15147,0.094,-0.0847,-0.0408,0.3585,70.54,walk
43.6183,15148,0.0933,-0.084,-0.0406,0.334,70.528,walk
43.6205,15149,0.0917,-0.0826,-0.04,0.334,70.289,walk
43.6258,15150,0.092,-0.0828,-0.0401,0.3333,70.406,walk
43.6275,15151,0.0915,-0.0824,-0.0398,0.3677,70.34,walk
43.629,15152,0.0899,-0.081,-0.0391,0.3677,70.22,walk
43.6317,15153,0.0903,-0.0814,-0.0392,0.3455,70.231,walk
43.6338,15154,0.0893,-0.0805,-0.0387,0.3455,70.171,walk
43.6369,15155,0.089,-0.0804,-0.0382,0.3211,70.075,walk
43.6446,15156,0.0914,-0.0829,-0.0384,0.3457,70.22,walk
43.6471,15157,0.0878,-0.0798,-0.0367,0.3457,69.801,walk
43.6502,15158,0.0872,-0.0793,-0.0362,0.3331,69.711,walk
43.6535,15159,0.0865,-0.0789,-0.0356,0.3405,69.643,walk
43.6555,15160,0.0855,-0.078,-0.035,0.3405,69.523,walk
43.6591,15161,0.0849,-0.0776,-0.0344,0.3275,69.454,walk
43.6622,15162,0.0852,-0.0781,-0.0342,0.339,69.486,walk
43.6666,15163,0.0839,-0.0771,-0.0333,0.2882,69.356,walk
43.6696,15164,0.0839,-0.0772,-0.0327,0.3523,69.341,walk
43.6725,15165,0.0844,-0.078,-0.0323,0.3782,69.236,walk
43.6748,15166,0.0839,-0.0776,-0.032,0.3782,69.175,walk
43.6789,15167,0.0831,-0.0771,-0.031,0.3044,69.038,walk
43.6792,15168,0.0816,-0.0759,-0.03,0.3044,68.916,walk
43.6826,15169,0.0818,-0.0762,-0.0297,0.2901,68.866,walk
43.6859,15170,0.0814,-0.0761,-0.029,0.2776,68.843,walk
43.6884,15171,0.0794,-0.0744,-0.0277,0.2776,68.597,walk
43.6913,15172,0.0797,-0.075,-0.0271,0.3275,68.48,walk
43.6943,15173,0.0794,-0.0749,-0.0262,0.2897,68.417,walk
43.6981,15174,0.0786,-0.0746,-0.0248,0.3191,68.143,walk
43.7007,15175,0.0781,-0.0742,-0.0245,0.3191,68.143,walk
43.7035,15176,0.0772,-0.0739,-0.0223,0.4509,67.602,walk
43.7079,15177,0.077,-0.074,-0.0213,0.3074,67.481,walk
43.7086,15178,0.076,-0.0732,-0.0205,0.3074,67.361,walk
43.7106,15179,0.0765,-0.0739,-0.0197,0.371,67.302,walk
43.7127,15180,0.0755,-0.0731,-0.0189,0.371,67.121,walk
43.7162,15181,0.0755,-0.0735,-0.0175,0.3702,66.965,walk
43.7171,15182,0.0746,-0.0727,-0.0167,0.3702,66.786,walk
43.7196,15183,0.0751,-0.0734,-0.0158,0.3693,66.663,walk
43.7216,15184,0.0741,-0.0726,-0.0149,0.3693,66.603,walk
43.7252,15185,0.0736,-0.0725,-0.0131,0.3404,66.282,walk
43.7281,15186,0.0745,-0.0734,-0.0125,0.3319,66.239,walk
43.7301,15187,0.0727,-0.0719,-0.0107,0.3319,65.946,walk
43.7332,15188,0.0726,-0.072,-0.0092,0.3279,65.712,walk
43.7382,15189,0.0729,-0.0724,-0.0082,0.2935,65.561,walk
43.7434,15190,0.073,-0.0727,-0.0066,0.3768,65.485,walk
43.7477,15191,0.0727,-0.0726,-0.0038,0.3128,65.166,walk
43.7504,15192,0.0713,-0.0712,-0.0031,0.3128,64.947,walk
43.7535,15193,0.0711,-0.0711,-0.0025,0.2991,64.741,walk
43.7579,15194,0.0717,-0.0716,-0.0021,0.3144,64.588,walk
43.7585,15195,0.0706,-0.0706,-0.0017,0.3144,64.467,walk
43.763,15196,0.0709,-0.0709,-0.0011,0.3208,64.236,walk
43.7651,15197,0.0708,-0.0708,-0.0003,0.3174,63.989,walk
43.7673,15198,0.0701,-0.0701,0.0001,0.3174,63.929,walk
43.7701,15199,0.0711,-0.0711,0.0005,0.3334,63.833,walk
43.7736,15200,0.0711,-0.071,0.0013,0.3456,63.67,walk
43.7757,15201,0.07,-0.0699,0.0018,0.3456,63.553,walk
43.7784,15202,0.0707,-0.0707,0.0022,0.3533,63.445,walk
43.781,15203,0.071,-0.071,0.0028,0.3455,63.34,walk
43.7831,15204,0.0707,-0.0706,0.0029,0.3455,63.225,walk
43.786,15205,0.0707,-0.0706,0.0038,0.3595,62.984,walk
43.7881,15206,0.07,-0.0698,0.004,0.3595,62.878,walk
43.7932,15207,0.0695,-0.0693,0.005,0.3602,62.633,walk
43.7968,15208,0.07,-0.0697,0.0057,0.3375,62.47,walk
43.8004,15209,0.07,-0.0697,0.0065,0.2988,62.141,walk
43.8034,15210,0.0702,-0.0698,0.0071,0.2985,61.964,walk
43.8091,15211,0.0698,-0.0693,0.008,0.3358,61.473,walk
43.8122,15212,0.0705,-0.07,0.0085,0.3579,61.441,walk
43.8135,15213,0.07,-0.0695,0.0086,0.3579,61.286,walk
43.8171,15214,0.0707,-0.0701,0.0091,0.2303,61.108,walk
43.8209,15215,0.0706,-0.0699,0.0098,0.3153,60.806,walk
43.825,15216,0.0711,-0.0704,0.0105,0.3865,60.614,walk
43.8254,15217,0.0706,-0.0698,0.0106,0.3865,60.455,walk
43.8283,15218,0.0713,-0.0704,0.011,0.3427,60.415,walk
43.833,15219,0.0728,-0.0719,0.0113,0.3676,60.543,walk
43.8338,15220,0.0716,-0.0706,0.0116,0.3676,60.276,walk
43.8372,15221,0.0723,-0.0713,0.0122,0.4236,60.09,walk
43.8408,15222,0.0737,-0.0725,0.0128,0.4323,60.12,walk
43.8455,15223,0.0745,-0.0733,0.0134,0.4426,60.0,walk
43.8478,15224,0.0755,-0.0743,0.0133,0.4912,60.166,walk
43.8504,15225,0.0748,-0.0736,0.0134,0.4912,59.95,walk
43.8536,15226,0.0757,-0.0745,0.0139,0.3967,59.94,walk
43.8582,15227,0.077,-0.0757,0.0145,0.4356,59.846,walk
43.8586,15228,0.0764,-0.075,0.0145,0.4356,59.738,walk
43.8623,15229,0.0779,-0.0764,0.0152,0.4987,59.631,walk
43.8631,15230,0.0773,-0.0758,0.0152,0.4987,59.414,walk
43.8658,15231,0.079,-0.0774,0.0159,0.4721,59.427,walk
43.8702,15232,0.0802,-0.0784,0.0165,0.4583,59.236,walk
43.8716,15233,0.0793,-0.0776,0.0165,0.4583,59.019,walk
43.8755,15234,0.0808,-0.0789,0.0172,0.4674,58.912,walk
43.8772,15235,0.082,-0.0801,0.0178,0.4669,58.77,walk
43.8787,15236,0.0816,-0.0797,0.0178,0.4669,58.661,walk
43.8817,15237,0.083,-0.0809,0.0185,0.4399,58.618,walk
43.8836,15238,0.0824,-0.0803,0.0184,0.4399,58.399,walk
43.8862,15239,0.0839,-0.0818,0.019,0.493,58.423,walk
43.8885,15240,0.0835,-0.0814,0.019,0.493,58.314,walk
43.8923,15241,0.0849,-0.0825,0.0197,0.4743,58.087,walk
43.8953,15242,0.0858,-0.0834,0.0203,0.4306,57.919,walk
43.898,15243,0.0872,-0.0846,0.021,0.4932,57.815,walk
43.9007,15244,0.0866,-0.0841,0.0209,0.4932,57.594,walk
43.904,15245,0.0879,-0.0853,0.0215,0.4674,57.482,walk
43.9068,15246,0.0893,-0.0865,0.0222,0.4844,57.39,walk
43.9091,15247,0.089,-0.0862,0.0222,0.4844,57.224,walk
43.9128,15248,0.0903,-0.0874,0.0228,0.431,57.169,walk
43.9159,15249,0.0917,-0.0887,0.0235,0.5308,56.959,walk
43.9179,15250,0.091,-0.0879,0.0234,0.5308,56.792,walk
43.9217,15251,0.0923,-0.0891,0.024,0.4585,56.616,walk
43.9253,15252,0.0936,-0.0903,0.0247,0.5007,56.42,walk
43.9282,15253,0.0953,-0.0919,0.0255,0.4833,56.377,walk
43.9302,15254,0.0946,-0.0911,0.0253,0.4833,56.154,walk
43.9326,15255,0.0964,-0.0928,0.0261,0.5034,56.132,walk
43.9353,15256,0.098,-0.0943,0.0269,0.5271,56.035,walk
43.9384,15257,0.0977,-0.0939,0.0268,0.5271,55.867,walk
43.9459,15258,0.1013,-0.0972,0.0285,0.5587,55.649,walk
43.9492,15259,0.1019,-0.0976,0.0291,0.5508,55.16,walk
43.9528,15260,0.1035,-0.0991,0.0299,0.5345,55.078,walk
43.9551,15261,0.103,-0.0986,0.0297,0.5345,54.848,walk
43.958,15262,0.1051,-0.1005,0.0307,0.5813,54.831,walk
43.96,15263,0.1068,-0.102,0.0316,0.5902,54.556,walk
43.9624,15264,0.1064,-0.1017,0.0315,0.5902,54.498,walk
43.9652,15265,0.1085,-0.1035,0.0324,0.5908,54.341,walk
43.9673,15266,0.1079,-0.103,0.0322,0.5908,54.224,walk
43.9709,15267,0.11,-0.1049,0.0331,0.5899,54.117,walk
43.9742,15268,0.1118,-0.1065,0.034,0.5988,53.886,walk
43.9767,15269,0.1135,-0.1081,0.0348,0.5952,53.681,walk
43.9792,15270,0.113,-0.1075,0.0346,0.5952,53.561,walk
43.9833,15271,0.1151,-0.1095,0.0357,0.6644,53.306,walk
43.9855,15272,0.1174,-0.1115,0.0368,0.6494,53.27,walk
43.9876,15273,0.1168,-0.1109,0.0366,0.6494,53.027,walk
43.9926,15274,0.1193,-0.1132,0.0377,0.6554,53.033,walk
43.9959,15275,0.1206,-0.1143,0.0383,0.5865,52.556,walk
43.9967,15276,0.1202,-0.114,0.0381,0.5865,52.372,walk
43.9999,15277,0.1222,-0.1157,0.0391,0.6267,52.222,walk
44.0021,15278,0.1244,-0.1177,0.0401,0.646,51.975,walk
44.005,15279,0.1238,-0.1172,0.0399,0.646,51.852,walk
44.0083,15280,0.1257,-0.1188,0.0409,0.6558,51.501,walk
44.0125,15281,0.1278,-0.1207,0.0419,0.6132,51.386,walk
44.0132,15282,0.1272,-0.1201,0.0417,0.6132,51.141,walk
44.016,15283,0.1295,-0.1222,0.0429,0.5897,51.037,walk
44.0191,15284,0.1312,-0.1237,0.0438,0.6039,50.731,walk
44.0207,15285,0.1306,-0.1231,0.0435,0.6039,50.609,walk
44.025,15286,0.1333,-0.1256,0.0445,0.7609,50.549,walk
44.0255,15287,0.1327,-0.1251,0.0443,0.7609,50.367,walk
44.0298,15288,0.1347,-0.1269,0.0454,0.6039,50.243,walk
44.0308,15289,0.1365,-0.1284,0.0463,0.6028,49.93,walk
44.0327,15290,0.1361,-0.128,0.0461,0.6028,49.869,walk
44.036,15291,0.1383,-0.1301,0.0472,0.652,49.72,walk
44.0406,15292,0.1399,-0.1314,0.0481,0.6607,49.381,walk
44.0427,15293,0.1396,-0.1311,0.048,0.6607,49.25,walk
44.0461,15294,0.1397,-0.131,0.0485,0.6529,48.924,walk
44.049,15295,0.1413,-0.1324,0.0495,0.6596,48.687,walk
44.0516,15296,0.1427,-0.1334,0.0505,0.6738,48.51,walk
44.0541,15297,0.1414,-0.1322,0.0502,0.6738,48.407,walk
44.057,15298,0.1431,-0.1337,0.0508,0.5916,48.491,walk
44.0606,15299,0.145,-0.1353,0.052,0.6467,48.383,walk
44.0635,15300,0.1432,-0.1336,0.0516,0.6467,48.155,walk
44.0663,15301,0.1456,-0.1356,0.053,0.6789,48.01,walk
44.0688,15302,0.147,-0.1367,0.0542,0.7006,47.717,walk
44.0712,15303,0.146,-0.1357,0.0539,0.7006,47.551,walk
44.0748,15304,0.1481,-0.1374,0.0552,0.7233,47.382,walk
44.079,15305,0.1498,-0.1388,0.0565,0.7435,47.075,walk
44.0796,15306,0.1479,-0.1369,0.0558,0.7435,46.946,walk
44.0823,15307,0.1488,-0.1375,0.0568,0.7626,46.815,walk
44.0871,15308,0.1505,-0.1388,0.0581,0.7841,46.586,walk
44.0877,15309,0.1485,-0.137,0.0574,0.7841,46.433,walk
44.0913,15310,0.1504,-0.1385,0.0587,0.7424,46.242,walk
44.099,15311,0.1529,-0.1404,0.0606,0.7609,45.616,walk
44.0994,15312,0.1515,-0.1391,0.06,0.7609,45.5,walk
44.1024,15313,0.1542,-0.1413,0.0618,0.8002,45.253,walk
44.1046,15314,0.1528,-0.14,0.0612,0.8002,45.135,walk
44.1065,15315,0.1545,-0.1412,0.0626,0.7824,44.75,walk
44.1098,15316,0.1535,-0.1403,0.0623,0.7824,44.69,walk
44.1127,15317,0.1552,-0.1415,0.0636,0.8132,44.353,walk
44.116,15318,0.1566,-0.1426,0.0648,0.8168,44.173,walk
44.1168,15319,0.1553,-0.1414,0.0643,0.8168,43.988,walk
44.1205,15320,0.1559,-0.1416,0.0653,0.8147,43.691,walk
44.1236,15321,0.1579,-0.1431,0.0667,0.8155,43.415,walk
44.1256,15322,0.1559,-0.1412,0.0659,0.8155,43.29,walk
44.1297,15323,0.158,-0.1429,0.0675,0.8619,42.982,walk
44.1306,15324,0.1594,-0.1438,0.0687,0.8249,42.739,walk
44.1325,15325,0.158,-0.1426,0.0682,0.8249,42.676,walk
44.1358,15326,0.1596,-0.1436,0.0696,0.8754,42.343,walk
44.1381,15327,0.1574,-0.1416,0.0687,0.8754,42.216,walk
44.1416,15328,0.1594,-0.1431,0.0702,0.8477,42.0,walk
44.1422,15329,0.158,-0.1418,0.0697,0.8477,41.937,walk
44.1455,15330,0.1617,-0.1448,0.072,0.8979,41.886,walk
44.1489,15331,0.1617,-0.1444,0.0727,0.8729,41.607,walk
44.154,15332,0.1625,-0.1448,0.0738,0.901,41.271,walk
44.1545,15333,0.1604,-0.1429,0.073,0.901,41.08,walk
44.1582,15334,0.1613,-0.1433,0.0741,0.9063,40.924,walk
44.1604,15335,0.1644,-0.1456,0.0762,0.9221,40.896,walk
44.1627,15336,0.1622,-0.1437,0.0753,0.9221,40.641,walk
44.1659,15337,0.1645,-0.1453,0.077,0.9122,40.642,walk
44.1668,15338,0.163,-0.1439,0.0765,0.9122,40.45,walk
44.1705,15339,0.1653,-0.1456,0.0783,0.9441,40.418,walk
44.1759,15340,0.1659,-0.1457,0.0794,0.9121,40.169,walk
44.1794,15341,0.1652,-0.1445,0.08,0.9393,39.868,walk
44.1832,15342,0.1668,-0.1455,0.0815,0.9492,39.751,walk
44.1862,15343,0.1682,-0.1463,0.083,0.9277,39.735,walk
44.1882,15344,0.1652,-0.1435,0.0818,0.9277,39.483,walk
44.1917,15345,0.1667,-0.1443,0.0833,0.9304,39.355,walk
44.195,15346,0.1682,-0.1452,0.0849,0.9541,39.294,walk
44.2,15347,0.1697,-0.146,0.0865,0.9318,39.287,walk
44.2006,15348,0.1673,-0.1438,0.0855,0.9318,39.037,walk
44.2047,15349,0.1712,-0.1468,0.0881,0.959,39.222,walk
44.2068,15350,0.1703,-0.1454,0.0887,0.9571,39.065,walk
44.2087,15351,0.1687,-0.1439,0.088,0.9571,38.941,walk
44.212,15352,0.1709,-0.1454,0.0899,0.9521,38.965,walk
44.2128,15353,0.1694,-0.1439,0.0893,0.9521,38.904,walk
44.2163,15354,0.1699,-0.1439,0.0904,0.9432,38.726,walk
44.2194,15355,0.172,-0.1452,0.0922,0.9133,38.832,walk
44.2211,15356,0.1696,-0.143,0.0912,0.9133,38.586,walk
44.2245,15357,0.1723,-0.1449,0.0932,0.8771,38.775,walk
44.2269,15358,0.1735,-0.1455,0.0946,0.9119,38.703,walk
44.2293,15359,0.1703,-0.1425,0.0933,0.9119,38.46,walk
44.232,15360,0.1722,-0.1436,0.0949,0.8804,38.491,walk
44.2341,15361,0.1697,-0.1413,0.0939,0.8804,38.371,walk
44.2378,15362,0.1724,-0.1432,0.0959,0.8739,38.418,walk
44.2407,15363,0.1727,-0.1429,0.097,0.8942,38.365,walk
44.2433,15364,0.1746,-0.144,0.0986,0.8887,38.313,walk
44.246,15365,0.1721,-0.1417,0.0976,0.8887,38.194,walk
44.2489,15366,0.1731,-0.142,0.099,0.8713,38.156,walk
44.2509,15367,0.1706,-0.1397,0.098,0.8713,37.919,walk
44.254,15368,0.1717,-0.14,0.0994,0.8731,37.884,walk
44.2562,15369,0.1732,-0.1411,0.1005,0.7797,37.847,walk
44.26,15370,0.1758,-0.1429,0.1024,0.843,37.824,walk
44.2622,15371,0.1709,-0.1382,0.1006,0.843,37.468,walk
44.2666,15372,0.1735,-0.1399,0.1027,0.8635,37.521,walk
44.2703,15373,0.1728,-0.1384,0.1035,0.8497,37.236,walk
44.2706,15374,0.1712,-0.1368,0.1029,0.8497,37.176,walk
44.2746,15375,0.173,-0.1377,0.1046,0.8541,36.995,walk
44.279,15376,0.1732,-0.1371,0.1058,0.8574,36.789,walk
44.2794,15377,0.1707,-0.1346,0.1049,0.8574,36.609,walk
44.2831,15378,0.1708,-0.1339,0.1061,0.8409,36.401,walk
44.2875,15379,0.1726,-0.1348,0.1077,0.8321,36.413,walk
44.288,15380,0.1709,-0.1331,0.1072,0.8321,36.293,walk
44.2914,15381,0.1711,-0.1324,0.1083,0.8422,36.083,walk
44.2983,15382,0.1747,-0.1343,0.1116,0.8389,35.885,walk
44.3011,15383,0.1714,-0.1309,0.1106,0.8389,35.654,walk
44.3022,15384,0.1732,-0.1319,0.1123,0.8423,35.602,walk
44.3046,15385,0.1716,-0.1301,0.1118,0.8423,35.545,walk
44.3088,15386,0.1725,-0.1302,0.1132,0.8259,35.358,walk
44.3113,15387,0.1727,-0.1293,0.1144,0.8279,35.19,walk
44.3132,15388,0.1702,-0.1267,0.1137,0.8279,35.082,walk
44.3166,15389,0.1715,-0.127,0.1153,0.9213,35.027,walk
44.3205,15390,0.1733,-0.1281,0.1168,0.8308,35.114,walk
44.3212,15391,0.1709,-0.1254,0.1161,0.8308,34.96,walk
44.3253,15392,0.1727,-0.1262,0.1178,0.8193,34.942,walk
44.3286,15393,0.1728,-0.1252,0.1191,0.809,34.819,walk
44.3321,15394,0.1739,-0.1252,0.1207,0.8205,34.756,walk
44.3341,15395,0.1707,-0.1215,0.1199,0.8205,34.563,walk
44.3373,15396,0.1716,-0.1213,0.1214,0.7957,34.422,walk
44.3412,15397,0.1741,-0.1228,0.1234,0.7777,34.409,walk
44.3435,15398,0.1718,-0.1203,0.1227,0.7777,34.242,walk
44.3445,15399,0.173,-0.1207,0.1238,0.7758,34.191,walk
44.3476,15400,0.1755,-0.1226,0.1256,0.7883,34.203,walk
44.3503,15401,0.1723,-0.1198,0.1239,0.7883,33.974,walk
44.3546,15402,0.1742,-0.1212,0.1252,0.7803,34.011,walk
44.3557,15403,0.1755,-0.122,0.1261,0.7772,33.958,walk
44.3587,15404,0.1736,-0.1204,0.1251,0.7772,33.735,walk
44.3625,15405,0.1739,-0.1204,0.1255,0.7644,33.638,walk
44.3667,15406,0.1748,-0.1208,0.1264,0.7822,33.678,walk
44.3674,15407,0.1733,-0.1194,0.1256,0.7822,33.512,walk
44.3706,15408,0.175,-0.1205,0.1269,0.7942,33.629,walk
44.3717,15409,0.1734,-0.119,0.1262,0.7942,33.521,walk
44.3752,15410,0.1751,-0.1201,0.1274,0.7975,33.609,walk
44.3758,15411,0.1735,-0.1186,0.1266,0.7975,33.505,walk
44.3782,15412,0.1747,-0.1195,0.1274,0.8875,33.772,walk
44.3802,15413,0.1731,-0.1181,0.1266,0.8875,33.62,walk
44.3833,15414,0.1738,-0.1186,0.1271,0.7802,33.766,walk
44.3861,15415,0.1754,-0.1197,0.1282,0.7767,33.861,walk
44.388,15416,0.1732,-0.1177,0.127,0.7767,33.715,walk
44.392,15417,0.1749,-0.119,0.1282,0.7815,33.897,walk
44.3956,15418,0.1759,-0.1195,0.1291,0.7608,33.963,walk
44.3963,15419,0.1739,-0.1175,0.1281,0.7608,33.873,walk
44.3991,15420,0.1749,-0.118,0.129,0.7506,33.929,walk
44.403,15421,0.1758,-0.1185,0.1299,0.7496,34.021,walk
44.4045,15422,0.1744,-0.1171,0.1292,0.7496,33.932,walk
44.4085,15423,0.176,-0.1182,0.1303,0.7374,34.099,walk
44.409,15424,0.1738,-0.1162,0.1292,0.7374,33.921,walk
44.4123,15425,0.176,-0.118,0.1307,0.7229,34.093,walk
44.4152,15426,0.1768,-0.1184,0.1313,0.7119,34.146,walk
44.4165,15427,0.1747,-0.1164,0.1302,0.7119,34.056,walk
44.4207,15428,0.1762,-0.1175,0.1313,0.7066,34.135,walk
44.4213,15429,0.1741,-0.1156,0.1302,0.7066,34.046,walk
44.4248,15430,0.1771,-0.118,0.132,0.7206,34.244,walk
44.4254,15431,0.1743,-0.1155,0.1306,0.7206,34.02,walk
44.4285,15432,0.176,-0.1167,0.1317,0.7328,34.176,walk
44.4312,15433,0.1769,-0.1173,0.1325,0.7307,34.152,walk
44.4335,15434,0.1749,-0.1155,0.1314,0.7307,34.063,walk
44.4374,15435,0.1758,-0.1158,0.1322,0.8558,34.163,walk
44.4426,15436,0.1774,-0.117,0.1334,0.7225,34.249,walk
44.4441,15437,0.1779,-0.1172,0.1338,0.7461,34.257,walk
44.4487,15438,0.1785,-0.1175,0.1343,0.7616,34.243,walk
44.4506,15439,0.1766,-0.1158,0.1333,0.7616,34.066,walk
44.4539,15440,0.1777,-0.1166,0.1341,0.7358,34.177,walk
44.4585,15441,0.1788,-0.1174,0.1348,0.7241,34.16,walk
44.4589,15442,0.1776,-0.1164,0.1341,0.7241,34.116,walk
44.4627,15443,0.1787,-0.1172,0.1349,0.7233,34.138,walk
44.4661,15444,0.1798,-0.1181,0.1356,0.7236,34.224,walk
44.4669,15445,0.1786,-0.1171,0.1349,0.7236,34.094,walk
44.4707,15446,0.1793,-0.1175,0.1354,0.7379,34.115,walk
44.4759,15447,0.1811,-0.119,0.1365,0.7393,34.18,walk
44.4791,15448,0.1818,-0.1195,0.137,0.758,34.152,walk
44.4798,15449,0.1801,-0.1181,0.136,0.758,33.98,walk
44.4841,15450,0.1813,-0.119,0.1368,0.7374,34.02,walk
44.4854,15451,0.1832,-0.1205,0.138,0.7408,34.037,walk
44.4872,15452,0.1814,-0.119,0.1369,0.7408,33.95,walk
44.4938,15453,0.1828,-0.1201,0.1378,0.7489,33.911,walk
44.4977,15454,0.1818,-0.1191,0.1373,0.7548,33.743,walk
44.503,15455,0.1859,-0.1225,0.1398,0.7596,33.709,walk
44.5072,15456,0.1866,-0.123,0.1403,0.7458,33.588,walk
44.5101,15457,0.1849,-0.1216,0.1392,0.7458,33.458,walk
44.5147,15458,0.1874,-0.1236,0.1408,0.7571,33.549,walk
44.5169,15459,0.187,-0.1233,0.1407,0.7697,33.347,walk
44.5206,15460,0.1883,-0.1243,0.1415,0.738,33.298,walk
44.5236,15461,0.189,-0.1249,0.1419,0.748,33.35,walk
44.5265,15462,0.1878,-0.1239,0.1412,0.748,33.219,walk
44.53,15463,0.1879,-0.1239,0.1413,0.7291,33.109,walk
44.5328,15464,0.1898,-0.1254,0.1424,0.7457,33.133,walk
44.5383,15465,0.1917,-0.1269,0.1436,0.7512,33.031,walk
44.542,15466,0.1919,-0.1269,0.1439,0.7677,32.801,walk
44.5444,15467,0.1925,-0.1274,0.1443,0.7208,32.701,walk
44.5464,15468,0.1907,-0.1259,0.1433,0.7208,32.522,walk
44.5498,15469,0.192,-0.1269,0.1442,0.7608,32.412,walk
44.5557,15470,0.1939,-0.1284,0.1454,0.7489,32.351,walk
44.5603,15471,0.1951,-0.1293,0.1461,0.7255,32.053,walk
44.5628,15472,0.1933,-0.1278,0.145,0.7255,31.962,walk
44.5663,15473,0.1957,-0.1297,0.1465,0.7395,31.93,walk
44.567,15474,0.1933,-0.1277,0.1451,0.7395,31.704,walk
44.5706,15475,0.1951,-0.1292,0.1462,0.7426,31.678,walk
44.5713,15476,0.1939,-0.1282,0.1455,0.7426,31.542,walk
44.5734,15477,0.1962,-0.1301,0.1469,0.7231,31.543,walk
44.5755,15478,0.1944,-0.1286,0.1458,0.7231,31.407,walk
44.5777,15479,0.1962,-0.1301,0.1469,0.7479,31.307,walk
44.5798,15480,0.195,-0.1291,0.1462,0.7479,31.261,walk
44.5829,15481,0.1961,-0.13,0.1469,0.7383,31.096,walk
44.5853,15482,0.1973,-0.131,0.1475,0.7312,31.023,walk
44.5878,15483,0.196,-0.1299,0.1468,0.7312,30.885,walk
44.5927,15484,0.1984,-0.1319,0.1482,0.732,30.849,walk
44.5961,15485,0.1982,-0.1318,0.1481,0.739,30.613,walk
44.5965,15486,0.1963,-0.1302,0.1469,0.739,30.521,walk
44.5999,15487,0.1986,-0.1322,0.1483,0.734,30.435,walk
44.6051,15488,0.1977,-0.1314,0.1478,0.73,30.157,walk
44.6085,15489,0.1975,-0.1312,0.1476,0.7405,29.925,walk
44.6131,15490,0.1991,-0.1326,0.1486,0.7292,29.867,walk
44.6143,15491,0.2001,-0.1334,0.1491,0.7286,29.737,walk
44.6163,15492,0.1988,-0.1323,0.1483,0.7286,29.645,walk
44.6207,15493,0.1984,-0.1321,0.148,0.7415,29.418,walk
44.6236,15494,0.2001,-0.1336,0.149,0.7567,29.395,walk
44.6252,15495,0.1981,-0.1319,0.1477,0.7567,29.215,walk
44.6279,15496,0.1997,-0.1334,0.1486,0.7475,29.189,walk
44.6298,15497,0.1983,-0.1323,0.1477,0.7475,29.055,walk
44.6329,15498,0.1999,-0.1337,0.1486,0.7407,29.02,walk
44.636,15499,0.2009,-0.1346,0.1491,0.7539,28.868,walk
44.6381,15500,0.198,-0.1323,0.1473,0.7539,28.687,walk
44.6415,15501,0.1996,-0.1338,0.1482,0.7556,28.608,walk
44.646,15502,0.2004,-0.1345,0.1486,0.7497,28.496,walk
44.6464,15503,0.1979,-0.1326,0.1469,0.7497,28.402,walk
44.6502,15504,0.1999,-0.1345,0.1479,0.9491,28.354,walk
44.6535,15505,0.2001,-0.135,0.1478,0.7479,28.248,walk
44.6567,15506,0.2015,-0.1363,0.1484,0.7442,28.215,walk
44.6604,15507,0.1998,-0.1352,0.1471,0.7654,28.033,walk
44.6625,15508,0.1992,-0.1347,0.1468,0.7654,27.971,walk
44.6664,15509,0.2005,-0.1358,0.1475,0.7663,27.933,walk
44.6671,15510,0.1987,-0.1343,0.1465,0.7663,27.817,walk
44.6707,15511,0.2,-0.1354,0.1472,0.7512,27.781,walk
44.6727,15512,0.2018,-0.1369,0.1483,0.7546,27.796,walk
44.675,15513,0.1999,-0.1353,0.1471,0.7546,27.703,walk
44.6792,15514,0.2,-0.1355,0.1471,0.7714,27.66,walk
44.6831,15515,0.1997,-0.1355,0.1468,0.7884,27.639,walk
44.6858,15516,0.2009,-0.1365,0.1474,0.7672,27.652,walk
44.6876,15517,0.1989,-0.1347,0.1463,0.7672,27.629,walk
44.6905,15518,0.2002,-0.1357,0.1472,0.8003,27.618,walk
44.6931,15519,0.2009,-0.1364,0.1476,0.8066,27.571,walk
44.6955,15520,0.2001,-0.1357,0.1471,0.8066,27.543,walk
44.6983,15521,0.2004,-0.1361,0.147,0.8149,27.478,walk
44.7022,15522,0.1997,-0.136,0.1463,0.8261,27.359,walk
44.7051,15523,0.1981,-0.1348,0.1452,0.8261,27.325,walk
44.709,15524,0.1981,-0.1352,0.1448,0.8152,27.203,walk
44.7117,15525,0.1998,-0.1368,0.1456,0.8273,27.214,walk
44.716,15526,0.1997,-0.1371,0.1451,0.8161,27.08,walk
44.7167,15527,0.198,-0.1359,0.144,0.8161,27.041,walk
44.7206,15528,0.1996,-0.1375,0.1447,0.8299,26.968,walk
44.7233,15529,0.1994,-0.1378,0.1441,0.8192,26.845,walk
44.7256,15530,0.1968,-0.1359,0.1423,0.8192,26.762,walk
44.7292,15531,0.1966,-0.1363,0.1418,0.8404,26.601,walk
44.7331,15532,0.1984,-0.138,0.1426,0.8895,26.581,walk
44.7336,15533,0.1967,-0.1367,0.1414,0.8895,26.452,walk
44.7375,15534,0.1992,-0.139,0.1426,0.8568,26.433,walk
44.7424,15535,0.1981,-0.1387,0.1414,0.8309,26.232,walk
44.7442,15536,0.1979,-0.139,0.1409,0.8543,26.084,walk
44.746,15537,0.197,-0.1384,0.1403,0.8543,26.04,walk
44.7498,15538,0.1968,-0.1387,0.1396,0.8351,25.945,walk
44.7517,15539,0.1973,-0.1395,0.1395,0.7869,25.846,walk
44.7567,15540,0.1972,-0.1399,0.1389,0.8643,25.698,walk
44.7611,15541,0.1961,-0.1396,0.1377,0.8512,25.529,walk
44.7631,15542,0.1934,-0.1377,0.1358,0.8512,25.439,walk
44.767,15543,0.1941,-0.1387,0.1358,0.8507,25.354,walk
44.7708,15544,0.1957,-0.1404,0.1364,0.8661,25.305,walk
44.774,15545,0.1956,-0.1408,0.1357,0.854,25.18,walk
44.7756,15546,0.1929,-0.1388,0.1339,0.854,25.004,walk
44.7793,15547,0.1957,-0.1414,0.1353,0.9252,24.968,walk
44.7827,15548,0.1956,-0.1419,0.1346,0.8758,24.861,walk
44.7836,15549,0.1929,-0.1399,0.1328,0.8758,24.773,walk
44.7873,15550,0.1928,-0.1404,0.1321,0.8678,24.613,walk
44.7933,15551,0.1938,-0.1417,0.1322,0.9219,24.538,walk
44.797,15552,0.1929,-0.1416,0.131,0.9056,24.417,walk
44.7988,15553,0.1938,-0.1428,0.131,0.8932,24.414,walk
44.801,15554,0.192,-0.1415,0.1297,0.8932,24.284,walk
44.8053,15555,0.1957,-0.1448,0.1317,0.9202,24.4,walk
44.8107,15556,0.1987,-0.1481,0.1324,0.9403,24.453,walk
44.8131,15557,0.1932,-0.1441,0.1287,0.9403,24.198,walk
44.8151,15558,0.1934,-0.1449,0.1282,0.9421,24.173,walk
44.817,15559,0.1916,-0.1435,0.1269,0.9421,24.047,walk
44.8204,15560,0.1938,-0.1457,0.1277,0.9762,24.082,walk
44.8236,15561,0.195,-0.1472,0.1279,0.9798,24.155,walk
44.8255,15562,0.1923,-0.1452,0.126,0.9798,23.99,walk
44.8286,15563,0.1935,-0.1467,0.1262,0.972,24.039,walk
44.833,15564,0.1957,-0.149,0.127,1.0005,24.125,walk
44.836,15565,0.1953,-0.1493,0.1259,1.0052,24.1,walk
44.8385,15566,0.1925,-0.1472,0.124,1.0052,24.022,walk
44.8422,15567,0.1939,-0.1488,0.1243,1.012,24.046,walk
44.8439,15568,0.1963,-0.1512,0.1251,1.0295,24.179,walk
44.8459,15569,0.1944,-0.1499,0.1238,1.0295,24.102,walk
44.8505,15570,0.194,-0.1502,0.1228,1.0174,24.086,walk
44.8549,15571,0.1945,-0.1512,0.1224,1.0331,24.105,walk
44.8602,15572,0.196,-0.1529,0.1226,1.0357,24.12,walk
44.8637,15573,0.1947,-0.1525,0.121,1.0362,24.089,walk
44.8659,15574,0.1972,-0.1549,0.122,1.0569,24.119,walk
44.8682,15575,0.1986,-0.1566,0.1222,1.0318,24.194,walk
44.8705,15576,0.1977,-0.1558,0.1216,1.0318,24.157,walk
44.8754,15577,0.1983,-0.1568,0.1213,1.056,24.13,walk
44.8787,15578,0.1987,-0.1577,0.1209,1.0361,24.063,walk
44.8822,15579,0.1993,-0.1586,0.1206,1.0486,24.004,walk
44.8838,15580,0.1974,-0.1571,0.1195,1.0486,23.967,walk
44.8862,15581,0.1997,-0.1594,0.1204,1.039,23.979,walk
44.8884,15582,0.1969,-0.1571,0.1186,1.039,23.867,walk
44.8924,15583,0.2001,-0.1601,0.12,1.0295,23.857,walk
44.8942,15584,0.2006,-0.1607,0.1199,1.0396,23.671,walk
44.896,15585,0.1986,-0.1592,0.1188,1.0396,23.56,walk
44.899,15586,0.2009,-0.1614,0.1197,1.04,23.495,walk
44.9021,15587,0.2012,-0.1619,0.1195,1.0248,23.348,walk
44.9064,15588,0.2016,-0.1626,0.1192,1.0889,23.374,walk
44.9092,15589,0.1987,-0.1602,0.1176,1.0889,23.231,walk
44.9123,15590,0.1989,-0.1606,0.1173,1.0141,23.047,walk
44.9148,15591,0.2012,-0.1628,0.1181,1.0424,22.923,walk
44.917,15592,0.1992,-0.1612,0.1171,1.0424,22.854,walk
44.9207,15593,0.2014,-0.1633,0.1179,1.0335,22.665,walk
44.9238,15594,0.2016,-0.1638,0.1176,1.0255,22.426,walk
44.9255,15595,0.1987,-0.1612,0.1161,1.0255,22.36,walk
44.9287,15596,0.1998,-0.1624,0.1163,1.0193,22.099,walk
44.9331,15597,0.2018,-0.1645,0.117,1.0023,21.931,walk
44.9336,15598,0.1989,-0.1619,0.1155,1.0023,21.806,walk
44.936,15599,0.2009,-0.1639,0.1161,1.0069,21.59,walk
44.9382,15600,0.1979,-0.1614,0.1146,1.0069,21.53,walk
44.9411,15601,0.2009,-0.1643,0.1157,0.9907,21.317,walk
44.9442,15602,0.2011,-0.1647,0.1153,0.9929,21.069,walk
44.946,15603,0.1995,-0.1635,0.1143,0.9929,20.98,walk
44.9487,15604,0.2012,-0.1656,0.1144,0.966,20.708,walk
44.9509,15605,0.1999,-0.1645,0.1134,0.966,20.674,walk
44.9553,15606,0.2009,-0.1661,0.113,0.9786,20.307,walk
44.957,15607,0.1995,-0.165,0.112,0.9786,20.229,walk
44.9592,15608,0.2026,-0.1681,0.1131,0.9635,20.009,walk
44.9619,15609,0.2042,-0.1701,0.113,0.9555,19.711,walk
44.9655,15610,0.2055,-0.1717,0.1129,0.93,19.459,walk
44.9683,15611,0.2057,-0.1724,0.1122,0.9344,19.151,walk
44.9709,15612,0.203,-0.1702,0.1106,0.9344,19.007,walk
44.9737,15613,0.2049,-0.1723,0.111,0.9288,18.829,walk
44.9754,15614,0.2023,-0.1702,0.1094,0.9288,18.695,walk
44.979,15615,0.2051,-0.173,0.1103,0.9262,18.575,walk
44.9797,15616,0.2025,-0.1709,0.1087,0.9262,18.448,walk
44.9819,15617,0.2045,-0.173,0.1091,0.9288,18.306,walk
44.9839,15618,0.2028,-0.1716,0.108,0.9288,18.218,walk
44.9879,15619,0.2039,-0.173,0.1079,0.9103,18.049,walk
44.9916,15620,0.2051,-0.1745,0.1079,0.9053,17.863,walk
44.9951,15621,0.2056,-0.1753,0.1075,0.8978,17.62,walk
44.9968,15622,0.2041,-0.174,0.1067,0.8978,17.597,walk
45.0,15623,0.2055,-0.1755,0.1069,0.9031,17.391,walk
45.0049,15624,0.2067,-0.1768,0.107,0.8842,17.282,walk
45.0062,15625,0.2071,-0.1775,0.1066,0.8845,17.165,walk
45.0104,15626,0.2031,-0.1742,0.1044,0.8845,17.069,walk
45.0129,15627,0.2051,-0.1761,0.105,0.8669,16.986,walk
45.0161,15628,0.2078,-0.1788,0.106,0.8564,16.959,walk
45.0167,15629,0.2055,-0.1768,0.1047,0.8564,16.904,walk
45.0198,15630,0.2075,-0.1788,0.1053,0.8579,16.869,walk
45.0233,15631,0.208,-0.1795,0.1051,0.8647,16.821,walk
45.0258,15632,0.2057,-0.1775,0.1039,0.8647,16.787,walk
45.0278,15633,0.2085,-0.1801,0.1049,0.8516,16.804,walk
45.03,15634,0.2062,-0.1782,0.1037,0.8516,16.753,walk
45.033,15635,0.209,-0.1808,0.1048,0.8475,16.77,walk
45.0362,15636,0.2096,-0.1816,0.1048,0.8608,16.759,walk
45.0382,15637,0.2067,-0.1791,0.1033,0.8608,16.677,walk
45.0413,15638,0.2081,-0.1804,0.1036,0.8543,16.684,walk
45.0446,15639,0.2102,-0.1824,0.1045,0.8628,16.715,walk
45.0466,15640,0.2081,-0.1806,0.1034,0.8628,16.684,walk
45.0497,15641,0.2102,-0.1825,0.1042,0.8416,16.712,walk
45.0528,15642,0.2115,-0.1839,0.1046,0.834,16.752,walk
45.0555,15643,0.2087,-0.1814,0.1032,0.834,16.689,walk
45.06,15644,0.2128,-0.1851,0.1048,0.8251,16.762,walk
45.0627,15645,0.2107,-0.1833,0.1038,0.8251,16.7,walk
45.0669,15646,0.212,-0.1846,0.1044,0.8191,16.748,walk
45.0709,15647,0.2128,-0.1853,0.1046,0.832,16.743,walk
45.0713,15648,0.2114,-0.1841,0.104,0.832,16.727,walk
45.0748,15649,0.2128,-0.1853,0.1046,0.8268,16.712,walk
45.0789,15650,0.2148,-0.1871,0.1056,0.8077,16.746,walk
45.0796,15651,0.2128,-0.1853,0.1046,0.8077,16.684,walk
45.0835,15652,0.2143,-0.1866,0.1053,0.8265,16.689,walk
45.0867,15653,0.2156,-0.1878,0.1059,0.8067,16.672,walk
45.0886,15654,0.2136,-0.186,0.105,0.8067,16.625,walk
45.0909,15655,0.2164,-0.1885,0.1064,0.8389,16.666,walk
45.0935,15656,0.2172,-0.1891,0.1068,0.8251,16.651,walk
45.0963,15657,0.2152,-0.1874,0.1058,0.8251,16.62,walk
45.0989,15658,0.2172,-0.1892,0.1068,0.8068,16.602,walk
45.1009,15659,0.2159,-0.188,0.1062,0.8068,16.586,walk
45.104,15660,0.2173,-0.1892,0.1069,0.8055,16.551,walk
45.1062,15661,0.2159,-0.188,0.1063,0.8055,16.536,walk
45.112,15662,0.2185,-0.1902,0.1076,0.7702,16.419,walk
45.1146,15663,0.2202,-0.1916,0.1085,0.7289,16.341,walk
45.1171,15664,0.2182,-0.1898,0.1075,0.7289,16.31,walk
45.1202,15665,0.2201,-0.1914,0.1086,0.7757,16.16,walk
45.1253,15666,0.2211,-0.1922,0.1093,0.7281,16.017,walk
45.1289,15667,0.2215,-0.1925,0.1096,0.7334,15.814,walk
45.1292,15668,0.2189,-0.1902,0.1084,0.7334,15.733,walk
45.1324,15669,0.2199,-0.191,0.109,0.7358,15.588,walk
45.1343,15670,0.2186,-0.1899,0.1084,0.7358,15.554,walk
45.1373,15671,0.2209,-0.1919,0.1096,0.726,15.473,walk
45.1392,15672,0.2183,-0.1895,0.1083,0.726,15.405,walk
45.1427,15673,0.22,-0.191,0.1093,0.7467,15.266,walk
45.1444,15674,0.2217,-0.1924,0.1103,0.7308,15.161,walk
45.1462,15675,0.2211,-0.1918,0.1099,0.7308,15.161,walk
45.1485,15676,0.2222,-0.1927,0.1106,0.7586,15.007,walk
45.1506,15677,0.2202,-0.1909,0.1097,0.7586,14.971,walk
45.1538,15678,0.2219,-0.1923,0.1107,0.7488,14.857,walk
45.1562,15679,0.2199,-0.1905,0.1097,0.7488,14.82,walk
45.1598,15680,0.2217,-0.192,0.1108,0.7676,14.689,walk
45.1629,15681,0.2214,-0.1917,0.1109,0.7622,14.49,walk
45.1667,15682,0.2218,-0.1919,0.1113,0.7591,14.329,walk
45.1701,15683,0.2235,-0.1933,0.1123,0.7393,14.187,walk
45.1709,15684,0.2215,-0.1914,0.1113,0.7393,14.126,walk
45.175,15685,0.223,-0.1927,0.1122,0.7173,14.013,walk
45.1757,15686,0.2216,-0.1915,0.1116,0.7173,13.971,walk
45.1785,15687,0.2227,-0.1923,0.1123,0.7502,13.783,walk
45.1811,15688,0.2242,-0.1935,0.1132,0.7191,13.65,walk
45.1826,15689,0.2228,-0.1923,0.1126,0.7191,13.587,walk
45.1855,15690,0.2244,-0.1936,0.1136,0.7353,13.428,walk
45.1872,15691,0.2223,-0.1917,0.1126,0.7353,13.363,walk
45.1916,15692,0.2239,-0.193,0.1135,0.7242,13.223,walk
45.1959,15693,0.2226,-0.1917,0.1131,0.7368,12.981,walk
45.1995,15694,0.2249,-0.1936,0.1144,0.7359,12.846,walk
45.2007,15695,0.222,-0.191,0.113,0.7359,12.738,walk
45.205,15696,0.2242,-0.1929,0.1143,0.7132,12.626,walk
45.209,15697,0.2234,-0.1921,0.1141,0.7183,12.409,walk
45.21,15698,0.2242,-0.1926,0.1146,0.7176,12.218,walk
45.2127,15699,0.2234,-0.192,0.1143,0.7176,12.197,walk
45.2153,15700,0.2226,-0.1912,0.1141,0.7292,11.989,walk
45.2173,15701,0.2211,-0.1899,0.1133,0.7292,11.969,walk
45.2213,15702,0.2225,-0.191,0.1142,0.711,11.763,walk
45.2244,15703,0.2233,-0.1916,0.1148,0.7393,11.606,walk
45.2267,15704,0.2232,-0.1914,0.1148,0.7176,11.41,walk
45.2295,15705,0.2224,-0.1907,0.1144,0.7176,11.41,walk
45.233,15706,0.2231,-0.1912,0.1149,0.7152,11.235,walk
45.2335,15707,0.2207,-0.1892,0.1136,0.7152,11.2,walk
45.2373,15708,0.2206,-0.189,0.1136,0.7183,11.02,walk
45.2408,15709,0.222,-0.1902,0.1145,0.7327,10.911,walk
45.2425,15710,0.2197,-0.1882,0.1132,0.7327,10.846,walk
45.2446,15711,0.221,-0.1893,0.114,0.7049,10.729,walk
45.2467,15712,0.2194,-0.188,0.1132,0.7049,10.698,walk
45.2498,15713,0.2204,-0.1887,0.1138,0.7514,10.572,walk
45.2541,15714,0.2228,-0.1907,0.1151,0.7427,10.479,walk
45.2609,15715,0.2247,-0.1922,0.1163,0.7493,10.231,walk
45.2637,15716,0.2237,-0.1914,0.1159,0.7346,10.118,walk
45.2661,15717,0.2216,-0.1896,0.1148,0.7346,10.1,walk
45.2711,15718,0.221,-0.189,0.1146,0.7513,10.027,walk
45.2756,15719,0.2227,-0.1903,0.1156,0.7788,9.994,walk
45.2783,15720,0.2227,-0.1903,0.1158,0.7632,9.951,walk
45.2796,15721,0.2212,-0.1889,0.1149,0.7632,9.94,walk
45.2831,15722,0.2228,-0.1902,0.1159,0.7709,9.909,walk
45.284,15723,0.2204,-0.1882,0.1147,0.7709,9.896,walk
45.2871,15724,0.2229,-0.1902,0.1161,0.7835,9.875,walk
45.2905,15725,0.2232,-0.1904,0.1165,0.7845,9.85,walk
45.2921,15726,0.221,-0.1885,0.1153,0.7845,9.829,walk
45.2958,15727,0.222,-0.1893,0.1159,0.7802,9.744,walk
45.3002,15728,0.2237,-0.1907,0.1169,0.7683,9.727,walk
45.301,15729,0.2214,-0.1888,0.1156,0.7683,9.678,walk
45.3029,15730,0.2231,-0.1902,0.1166,0.7781,9.685,walk
45.3059,15731,0.2241,-0.191,0.1172,0.7766,9.675,walk
45.3127,15732,0.2236,-0.1907,0.1169,0.7893,9.639,walk
45.3132,15733,0.2214,-0.1889,0.1155,0.7893,9.599,walk
45.3171,15734,0.2232,-0.1904,0.1165,0.7955,9.605,walk
45.3175,15735,0.2217,-0.1892,0.1156,0.7955,9.592,walk
45.3203,15736,0.2243,-0.1913,0.1171,0.7976,9.6,walk
45.3235,15737,0.2246,-0.1916,0.1172,0.807,9.61,walk
45.3252,15738,0.2224,-0.1899,0.1158,0.807,9.555,walk
45.3283,15739,0.2259,-0.1927,0.118,0.8459,9.534,walk
45.3307,15740,0.2262,-0.193,0.1181,0.7891,9.507,walk
45.3331,15741,0.2233,-0.1907,0.1162,0.7891,9.464,walk
45.336,15742,0.2251,-0.1922,0.1172,0.7962,9.45,walk
45.3378,15743,0.2237,-0.1911,0.1163,0.7962,9.436,walk
45.3406,15744,0.2256,-0.1927,0.1174,0.8218,9.413,walk
45.3426,15745,0.2235,-0.191,0.116,0.8218,9.383,walk
45.3456,15746,0.2247,-0.192,0.1166,0.8147,9.342,walk
45.3484,15747,0.2265,-0.1936,0.1177,0.805,9.347,walk
45.3501,15748,0.2251,-0.1925,0.1167,0.805,9.301,walk
45.354,15749,0.2274,-0.1943,0.118,0.8971,9.265,walk
45.3598,15750,0.2271,-0.1943,0.1177,0.8123,9.203,walk
45.3607,15751,0.2277,-0.1948,0.1179,0.8155,9.145,walk
45.363,15752,0.2262,-0.1937,0.1169,0.8155,9.129,walk
45.3659,15753,0.2289,-0.1959,0.1185,0.8286,9.089,walk
45.3703,15754,0.2295,-0.1964,0.1187,0.831,9.055,walk
45.371,15755,0.2267,-0.1943,0.1168,0.831,8.988,walk
45.3742,15756,0.2289,-0.1961,0.118,0.8812,8.931,walk
45.377,15757,0.2302,-0.1972,0.1187,0.8489,8.87,walk
45.3793,15758,0.2281,-0.1956,0.1173,0.8489,8.801,walk
45.3824,15759,0.2301,-0.1972,0.1185,0.8266,8.766,walk
45.3862,15760,0.2316,-0.1985,0.1192,0.877,8.689,walk
45.3871,15761,0.2294,-0.1969,0.1178,0.877,8.653,walk
45.3918,15762,0.2317,-0.1987,0.1191,0.8917,8.583,walk
45.394,15763,0.2316,-0.1988,0.1189,0.848,8.467,walk
45.3965,15764,0.2302,-0.1977,0.1179,0.848,8.449,walk
45.3995,15765,0.2316,-0.1989,0.1186,0.8516,8.365,walk
45.4039,15766,0.233,-0.2001,0.1194,0.8682,8.282,walk
45.407,15767,0.2345,-0.2013,0.1202,0.8845,8.182,walk
45.4121,15768,0.2339,-0.201,0.1196,0.9023,8.051,walk
45.4144,15769,0.2354,-0.2023,0.1204,0.8911,7.936,walk
45.4166,15770,0.234,-0.2012,0.1195,0.8911,7.9,walk
45.4209,15771,0.236,-0.2028,0.1207,0.8554,7.82,walk
45.4214,15772,0.2339,-0.2012,0.1193,0.8554,7.749,walk
45.4251,15773,0.2377,-0.2043,0.1215,0.939,7.653,walk
45.4269,15774,0.2369,-0.2038,0.1209,0.8735,7.532,walk
45.4294,15775,0.2362,-0.2032,0.1204,0.8735,7.515,walk
45.4326,15776,0.2378,-0.2045,0.1213,0.9157,7.365,walk
45.4346,15777,0.2356,-0.2028,0.1199,0.9157,7.334,walk
45.4386,15778,0.2378,-0.2046,0.1212,0.8892,7.213,walk
45.442,15779,0.2385,-0.2052,0.1216,0.8936,7.08,walk
45.4443,15780,0.2392,-0.2058,0.122,0.8903,6.969,walk
45.4465,15781,0.2385,-0.2052,0.1215,0.8903,6.955,walk
45.4506,15782,0.24,-0.2064,0.1225,0.9293,6.816,walk
45.4531,15783,0.2399,-0.2064,0.1224,0.8872,6.665,walk
45.457,15784,0.2392,-0.2058,0.122,0.8872,6.665,walk
45.4604,15785,0.2392,-0.2058,0.122,0.9328,6.522,walk
45.4635,15786,0.2407,-0.207,0.1229,0.9217,6.372,walk
45.4669,15787,0.2413,-0.2073,0.1234,0.8862,6.273,walk
45.4714,15788,0.2436,-0.2092,0.1249,0.9497,6.147,walk
45.4719,15789,0.2413,-0.2073,0.1235,0.9497,6.129,walk
45.4762,15790,0.2419,-0.2077,0.124,0.9093,5.974,walk
45.4796,15791,0.2441,-0.2094,0.1255,0.9377,5.853,walk
45.4815,15792,0.2456,-0.2104,0.1266,0.9446,5.733,walk
45.4833,15793,0.2432,-0.2085,0.1252,0.9446,5.707,walk
45.488,15794,0.2446,-0.2095,0.1263,0.9505,5.578,walk
45.4887,15795,0.243,-0.2082,0.1253,0.9505,5.56,walk
45.4919,15796,0.2452,-0.2099,0.1269,0.9422,5.466,walk
45.4958,15797,0.2458,-0.2101,0.1275,0.946,5.347,walk
45.4963,15798,0.2441,-0.2088,0.1265,0.946,5.341,walk
45.5002,15799,0.2463,-0.2104,0.1281,0.9434,5.223,walk
45.5008,15800,0.2446,-0.209,0.1271,0.9434,5.218,walk
45.5046,15801,0.2461,-0.21,0.1284,0.9927,5.086,walk
45.5095,15802,0.2484,-0.2116,0.13,0.9663,4.977,walk
45.5112,15803,0.2472,-0.2104,0.1298,0.9839,4.855,walk
45.5143,15804,0.2463,-0.2097,0.1293,0.9839,4.852,walk
45.517,15805,0.246,-0.2092,0.1295,0.9877,4.761,walk
45.5202,15806,0.2475,-0.2102,0.1308,1.0043,4.691,walk
45.5228,15807,0.2499,-0.2119,0.1325,1.0067,4.628,walk
45.5253,15808,0.2472,-0.2096,0.1311,1.0067,4.618,walk
45.5285,15809,0.2507,-0.2122,0.1334,1.0594,4.58,walk
45.5295,15810,0.248,-0.21,0.132,1.0594,4.57,walk
45.533,15811,0.2495,-0.2109,0.1333,1.0197,4.503,walk
45.5375,15812,0.252,-0.2127,0.1352,1.0483,4.431,walk
45.5394,15813,0.2518,-0.2121,0.1357,1.0549,4.343,walk
45.5421,15814,0.2495,-0.2102,0.1344,1.0549,4.338,walk
45.5462,15815,0.2525,-0.2123,0.1366,1.0605,4.246,walk
45.5498,15816,0.255,-0.214,0.1386,1.0866,4.116,walk
45.5524,15817,0.2561,-0.2147,0.1397,1.0731,3.969,walk
45.5546,15818,0.2547,-0.2136,0.1388,1.0731,3.959,walk
45.5619,15819,0.2614,-0.2185,0.1436,1.0741,3.705,walk
45.5654,15820,0.2597,-0.217,0.1427,1.0937,3.525,walk
45.5686,15821,0.2616,-0.2183,0.1442,1.0685,3.42,walk
45.5708,15822,0.2599,-0.217,0.143,1.0685,3.41,walk
45.5739,15823,0.2627,-0.219,0.1451,1.1023,3.335,walk
45.5763,15824,0.2646,-0.2203,0.1466,1.0781,3.279,walk
45.5784,15825,0.2629,-0.219,0.1455,1.0781,3.258,walk
45.5819,15826,0.264,-0.2198,0.1464,1.095,3.198,walk
45.5838,15827,0.2624,-0.2185,0.1453,1.095,3.188,walk
45.5871,15828,0.2635,-0.2191,0.1463,1.0681,3.158,walk
45.5903,15829,0.2664,-0.2212,0.1485,1.0992,3.116,walk
45.5926,15830,0.2641,-0.2194,0.1471,1.0992,3.109,walk
45.5956,15831,0.2662,-0.2208,0.1487,1.0711,3.109,walk
45.5986,15832,0.2693,-0.223,0.151,1.1462,3.09,walk
45.6006,15833,0.267,-0.2211,0.1496,1.1462,3.091,walk
45.6037,15834,0.27,-0.2232,0.1519,1.1163,3.121,walk
45.6113,15835,0.272,-0.2242,0.154,1.0642,3.171,walk
45.6147,15836,0.274,-0.2256,0.1556,1.053,3.169,walk
45.6171,15837,0.2718,-0.2238,0.1542,1.053,3.181,walk
45.62,15838,0.2737,-0.225,0.1559,1.0193,3.208,walk
45.6228,15839,0.2762,-0.2266,0.158,0.9893,3.199,walk
45.626,15840,0.2748,-0.2254,0.1571,0.9893,3.206,walk
45.6278,15841,0.2768,-0.2267,0.1588,1.032,3.262,walk
45.6292,15842,0.2753,-0.2256,0.1579,1.032,3.27,walk
45.6314,15843,0.2786,-0.2276,0.1607,0.9932,3.182,walk
45.6334,15844,0.2765,-0.2259,0.1593,0.9932,3.199,walk
45.6368,15845,0.2792,-0.2277,0.1615,1.017,3.246,walk
45.6379,15846,0.2778,-0.2266,0.1606,1.017,3.255,walk
45.6417,15847,0.279,-0.2272,0.162,1.0034,3.284,walk
45.6442,15848,0.2817,-0.229,0.1641,1.0122,3.364,walk
45.6463,15849,0.2797,-0.2274,0.1628,1.0122,3.383,walk
45.6484,15850,0.2824,-0.2292,0.165,1.0163,3.477,walk
45.6505,15851,0.2811,-0.2282,0.1641,1.0163,3.492,walk
45.6537,15852,0.2838,-0.2299,0.1663,1.0032,3.553,walk
45.6583,15853,0.2857,-0.231,0.168,0.9721,3.639,walk
45.6613,15854,0.2864,-0.2313,0.169,1.0008,3.704,walk
45.6646,15855,0.2876,-0.2318,0.1702,0.9469,3.786,walk
45.6669,15856,0.2863,-0.2308,0.1693,0.9469,3.797,walk
45.6699,15857,0.2887,-0.2324,0.1714,0.9407,3.828,walk
45.675,15858,0.2905,-0.2334,0.173,0.9364,3.854,walk
45.6755,15859,0.2879,-0.2314,0.1714,0.9364,3.878,walk
45.678,15860,0.2903,-0.2329,0.1733,0.8971,3.923,walk
45.6798,15861,0.289,-0.2319,0.1725,0.8971,3.929,walk
45.6828,15862,0.2906,-0.2328,0.174,0.8925,3.964,walk
45.6851,15863,0.2929,-0.2342,0.1759,0.8826,3.966,walk
45.6872,15864,0.2922,-0.2337,0.1755,0.8826,3.972,walk
45.6901,15865,0.2932,-0.2342,0.1765,0.8809,3.979,walk
45.6918,15866,0.292,-0.2332,0.1757,0.8809,3.992,walk
45.6959,15867,0.2936,-0.2341,0.1772,0.8731,4.002,walk
45.6997,15868,0.2945,-0.2345,0.1782,0.872,4.008,walk
45.7039,15869,0.2948,-0.2344,0.1787,0.8563,4.008,walk
45.7077,15870,0.2966,-0.2357,0.18,0.7368,3.926,walk
45.712,15871,0.2962,-0.2351,0.1801,0.8514,3.87,walk
45.7146,15872,0.2976,-0.2359,0.1814,0.8173,3.822,walk
45.7183,15873,0.299,-0.2367,0.1826,0.813,3.745,walk
45.7206,15874,0.2971,-0.2353,0.1813,0.813,3.77,walk
45.7246,15875,0.2985,-0.2361,0.1826,0.8214,3.692,walk
45.7253,15876,0.2972,-0.2351,0.1817,0.8214,3.71,walk
45.7291,15877,0.2979,-0.2354,0.1825,0.8151,3.653,walk
45.7317,15878,0.2998,-0.2367,0.1841,0.8021,3.583,walk
45.7332,15879,0.2985,-0.2357,0.1832,0.8021,3.589,walk
45.7366,15880,0.2999,-0.2365,0.1844,0.816,3.551,walk
45.7415,15881,0.3018,-0.2378,0.1858,0.7846,3.548,walk
45.7453,15882,0.3017,-0.2376,0.186,0.7912,3.565,walk
45.7462,15883,0.2997,-0.2361,0.1846,0.7912,3.582,walk
45.75,15884,0.3017,-0.2374,0.1861,0.8054,3.57,walk
45.7505,15885,0.3003,-0.2364,0.1852,0.8054,3.582,walk
45.7537,15886,0.3014,-0.2371,0.1862,0.7676,3.602,walk
45.759,15887,0.3033,-0.2383,0.1876,0.7869,3.635,walk
45.7601,15888,0.3005,-0.2363,0.1857,0.7869,3.645,walk
45.765,15889,0.3055,-0.2396,0.1894,0.7718,3.665,walk
45.7686,15890,0.3037,-0.2383,0.1884,0.7755,3.72,walk
45.7717,15891,0.3016,-0.2367,0.1869,0.7755,3.729,walk
45.7746,15892,0.3033,-0.2378,0.1883,0.7667,3.741,walk
45.7753,15893,0.3019,-0.2368,0.1873,0.7667,3.745,walk
45.7784,15894,0.3037,-0.2379,0.1887,0.7787,3.788,walk
45.7816,15895,0.3046,-0.2385,0.1895,0.7609,3.828,walk
45.7832,15896,0.3024,-0.2369,0.188,0.7609,3.833,walk
45.7857,15897,0.304,-0.2379,0.1893,0.7575,3.871,walk
45.7876,15898,0.3025,-0.2369,0.1882,0.7575,3.874,walk
45.7915,15899,0.3041,-0.2379,0.1895,0.7567,3.926,walk
45.7922,15900,0.3019,-0.2363,0.1879,0.7567,3.927,walk
45.7958,15901,0.3035,-0.2373,0.1891,0.7562,3.976,walk
45.7965,15902,0.302,-0.2362,0.1881,0.7562,3.977,walk
45.7989,15903,0.3035,-0.2373,0.1893,0.7585,4.034,walk
45.8009,15904,0.302,-0.2362,0.1882,0.7585,4.034,walk
45.8047,15905,0.3035,-0.2372,0.1893,0.7432,4.085,walk
45.8085,15906,0.3035,-0.2371,0.1893,0.7561,4.154,walk
45.8115,15907,0.3033,-0.237,0.1893,0.7298,4.225,walk
45.8152,15908,0.303,-0.2368,0.1891,0.7185,4.305,walk
45.8175,15909,0.3014,-0.2357,0.1879,0.7185,4.305,walk
45.8201,15910,0.302,-0.2361,0.1883,0.7303,4.363,walk
45.8234,15911,0.3025,-0.2365,0.1887,0.7278,4.464,walk
45.8254,15912,0.3001,-0.2348,0.1868,0.7278,4.462,walk
45.8296,15913,0.3004,-0.2351,0.1871,0.6958,4.547,walk
45.8301,15914,0.2988,-0.2339,0.1858,0.6958,4.545,walk
45.833,15915,0.2991,-0.2343,0.1859,0.692,4.642,walk
45.8367,15916,0.3003,-0.2352,0.1867,0.7014,4.728,walk
45.8377,15917,0.2986,-0.234,0.1854,0.7014,4.727,walk
45.8414,15918,0.2993,-0.2346,0.1859,0.8078,4.894,walk
45.842,15919,0.2976,-0.2334,0.1846,0.8078,4.89,walk
45.8454,15920,0.298,-0.2338,0.1848,0.7122,4.993,walk
45.8489,15921,0.2995,-0.235,0.1857,0.732,5.114,walk
45.8514,15922,0.3004,-0.2357,0.1863,0.7064,5.26,walk
45.8538,15923,0.2985,-0.2344,0.1849,0.7064,5.265,walk
45.8592,15924,0.3001,-0.2355,0.186,0.7013,5.399,walk
45.8608,15925,0.3003,-0.2357,0.1861,0.6814,5.54,walk
45.8622,15926,0.2989,-0.2347,0.1851,0.6814,5.546,walk
45.8653,15927,0.3004,-0.2358,0.1861,0.7029,5.691,walk
45.8673,15928,0.2983,-0.2342,0.1846,0.7029,5.712,walk
45.8701,15929,0.2988,-0.2346,0.185,0.677,5.857,walk
45.8726,15930,0.2993,-0.2351,0.1853,0.6964,6.03,walk
45.8757,15931,0.2969,-0.2333,0.1836,0.6964,6.046,walk
45.8798,15932,0.2964,-0.2329,0.1832,0.6744,6.158,walk
45.8818,15933,0.2975,-0.2337,0.184,0.6767,6.288,walk
45.8838,15934,0.2958,-0.2326,0.1828,0.6767,6.29,walk
45.8863,15935,0.2963,-0.2329,0.1831,0.6955,6.43,walk
45.8912,15936,0.2968,-0.2332,0.1835,0.6644,6.555,walk
45.8919,15937,0.2945,-0.2317,0.1819,0.6644,6.548,walk
45.8958,15938,0.2966,-0.2332,0.1833,0.6767,6.668,walk
45.8966,15939,0.2942,-0.2315,0.1815,0.6767,6.657,walk
45.9,15940,0.2947,-0.232,0.1817,0.6824,6.772,walk
45.9029,15941,0.2951,-0.2324,0.1818,0.6755,6.886,walk
45.9051,15942,0.2935,-0.2313,0.1806,0.6755,6.864,walk
45.9075,15943,0.2947,-0.2323,0.1814,0.6774,6.98,walk
45.9115,15944,0.2943,-0.2322,0.1808,0.6649,7.083,walk
45.9133,15945,0.292,-0.2307,0.179,0.6649,7.064,walk
45.9163,15946,0.2933,-0.2317,0.1798,0.68,7.162,walk
45.9189,15947,0.2937,-0.2322,0.1799,0.6667,7.259,walk
45.921,15948,0.2914,-0.2307,0.1781,0.6667,7.216,walk
45.9244,15949,0.2938,-0.2328,0.1792,0.748,7.71,walk
45.9288,15950,0.2926,-0.2321,0.1781,0.6366,7.804,walk
45.9317,15951,0.293,-0.2325,0.1782,0.6458,7.829,walk
45.9337,15952,0.2922,-0.232,0.1776,0.6458,7.829,walk
45.9362,15953,0.2913,-0.2316,0.1767,0.692,7.79,walk
45.9395,15954,0.2926,-0.2326,0.1776,0.6773,7.787,walk
45.9412,15955,0.2904,-0.2311,0.1758,0.6773,7.76,walk
45.9447,15956,0.2917,-0.2322,0.1766,0.6838,7.845,walk
45.9463,15957,0.2895,-0.2308,0.1748,0.6838,7.817,walk
45.9496,15958,0.29,-0.2313,0.175,0.652,7.845,walk
45.954,15959,0.2913,-0.2323,0.1757,0.6732,7.916,walk
45.9548,15960,0.2891,-0.2309,0.174,0.6732,7.857,walk
45.9603,15961,0.2911,-0.2327,0.1749,0.682,7.957,walk
45.9628,15962,0.2896,-0.2317,0.1737,0.682,7.942,walk
45.9661,15963,0.2901,-0.2323,0.1738,0.6585,7.943,walk
45.9693,15964,0.2906,-0.2328,0.1739,0.6402,8.012,walk
45.9709,15965,0.2877,-0.2309,0.1716,0.6402,7.949,walk
45.9756,15966,0.2876,-0.2311,0.1712,0.6742,7.919,walk
45.9789,15967,0.2882,-0.2317,0.1714,0.6703,7.95,walk
45.9832,15968,0.2895,-0.2328,0.1721,0.6662,7.97,walk
45.9837,15969,0.2874,-0.2314,0.1704,0.6662,7.937,walk
45.987,15970,0.2894,-0.2329,0.1717,0.6561,7.936,walk
45.9905,15971,0.2893,-0.2331,0.1713,0.6699,7.947,walk
45.9935,15972,0.2891,-0.2332,0.1709,0.6674,7.924,walk
45.9959,15973,0.2877,-0.2323,0.1698,0.6674,7.872,walk
45.998,15974,0.2883,-0.2328,0.1699,0.6643,7.894,walk
46.0008,15975,0.2861,-0.2314,0.1682,0.6643,7.824,walk
46.004,15976,0.2866,-0.232,0.1684,0.659,7.816,walk
46.0074,15977,0.2873,-0.2327,0.1685,0.6798,7.804,walk
46.0106,15978,0.2844,-0.2307,0.1662,0.6798,7.732,walk
46.0152,15979,0.2858,-0.2319,0.167,0.6884,7.727,walk
46.019,15980,0.2878,-0.2336,0.1681,0.6887,7.679,walk
46.0194,15981,0.2863,-0.2326,0.1669,0.6887,7.626,walk
46.0218,15982,0.2863,-0.2326,0.1669,0.6887,7.626,walk
46.0246,15983,0.2854,-0.2322,0.166,0.6803,7.584,walk
46.0289,15984,0.2868,-0.2333,0.1668,0.6876,7.611,walk
46.0293,15985,0.2846,-0.2318,0.1651,0.6876,7.576,walk
46.0325,15986,0.286,-0.2329,0.1659,0.6917,7.546,walk
46.0337,15987,0.2845,-0.2319,0.1648,0.6917,7.529,walk
46.0375,15988,0.2859,-0.233,0.1656,0.6973,7.516,walk
46.0401,15989,0.2857,-0.2331,0.1652,0.6799,7.542,walk
46.0421,15990,0.2842,-0.2321,0.1641,0.6799,7.494,walk
46.0452,15991,0.2848,-0.2326,0.1643,0.6875,7.489,walk
46.048,15992,0.2854,-0.2331,0.1646,0.6883,7.464,walk
46.0505,15993,0.2831,-0.2316,0.1629,0.6883,7.435,walk
46.0538,15994,0.2844,-0.2326,0.1637,0.6883,7.433,walk
46.0591,15995,0.2849,-0.233,0.1639,0.6734,7.504,walk
46.061,15996,0.2847,-0.2329,0.1637,0.7007,7.478,walk
46.0656,15997,0.2837,-0.2323,0.1628,0.7026,7.437,walk
46.0701,15998,0.2836,-0.2323,0.1626,0.7304,7.433,walk
46.0706,15999,0.282,-0.2312,0.1615,0.7304,7.421,walk
46.0733,16000,0.2838,-0.2325,0.1628,0.6366,7.459,walk
46.0754,16001,0.2807,-0.2302,0.1605,0.6366,7.414,walk
46.0794,16002,0.2803,-0.23,0.1603,0.7,7.416,walk
46.0828,16003,0.2815,-0.2309,0.1611,0.6888,7.44,walk
46.0871,16004,0.2804,-0.23,0.1603,0.7037,7.455,walk
46.088,16005,0.2787,-0.2288,0.1592,0.7037,7.425,walk
46.0903,16006,0.2807,-0.2303,0.1606,0.6967,7.465,walk
46.0923,16007,0.2783,-0.2284,0.1589,0.6967,7.445,walk
46.0956,16008,0.2796,-0.2293,0.1599,0.725,7.446,walk
46.0971,16009,0.2807,-0.2302,0.1606,0.6801,7.518,walk
46.0993,16010,0.2781,-0.2282,0.159,0.6801,7.479,walk
46.1043,16011,0.2792,-0.229,0.1597,0.673,7.519,walk
46.105,16012,0.2766,-0.227,0.1581,0.673,7.489,walk
46.1099,16013,0.2762,-0.2265,0.158,0.7247,7.472,walk
46.1115,16014,0.2774,-0.2274,0.1589,0.7305,7.465,walk
46.1131,16015,0.2748,-0.2254,0.1573,0.7305,7.445,walk
46.1157,16016,0.276,-0.2262,0.1581,0.6981,7.487,walk
46.1177,16017,0.2742,-0.2248,0.1571,0.6981,7.477,walk
46.1212,16018,0.2735,-0.2241,0.1568,0.6848,7.469,walk
46.1246,16019,0.2748,-0.225,0.1578,0.7462,7.475,walk
46.129,16020,0.2742,-0.2244,0.1576,0.6997,7.49,walk
46.1299,16021,0.2724,-0.223,0.1565,0.6997,7.48,walk
46.1319,16022,0.2727,-0.223,0.157,0.7181,7.432,walk
46.134,16023,0.2709,-0.2215,0.1559,0.7181,7.422,walk
46.1369,16024,0.272,-0.2223,0.1568,0.6978,7.425,walk
46.1394,16025,0.2732,-0.2231,0.1576,0.7105,7.493,walk
46.1413,16026,0.2705,-0.221,0.1561,0.7105,7.475,walk
46.1442,16027,0.2719,-0.2219,0.1571,0.7227,7.443,walk
46.1462,16028,0.2698,-0.2204,0.1557,0.7227,7.419,walk
46.1493,16029,0.2709,-0.2212,0.1563,0.7141,7.408,walk
46.1528,16030,0.2719,-0.222,0.1569,0.6927,7.385,walk
46.1562,16031,0.273,-0.223,0.1575,0.7431,7.389,walk
46.1577,16032,0.2723,-0.2225,0.157,0.7431,7.351,walk
46.161,16033,0.2723,-0.2226,0.1569,0.6883,7.315,walk
46.1639,16034,0.273,-0.2231,0.1573,0.7154,7.286,walk
46.167,16035,0.2715,-0.2219,0.1563,0.7154,7.228,walk
46.1703,16036,0.2703,-0.2211,0.1556,0.7101,7.19,walk
46.173,16037,0.2717,-0.2221,0.1565,0.7238,7.221,walk
46.1747,16038,0.2701,-0.2208,0.1554,0.7238,7.17,walk
46.1788,16039,0.2713,-0.2218,0.1563,0.7081,7.198,walk
46.1791,16040,0.2689,-0.2199,0.1547,0.7081,7.135,walk
46.1827,16041,0.2701,-0.2209,0.1555,0.7126,7.17,walk
46.1836,16042,0.2685,-0.2196,0.1545,0.7126,7.126,walk
46.1868,16043,0.2691,-0.2201,0.1549,0.7421,7.117,walk
46.1916,16044,0.2698,-0.2206,0.1553,0.7128,7.12,walk
46.1921,16045,0.2674,-0.2187,0.1539,0.7128,7.074,walk
46.1958,16046,0.269,-0.2199,0.1549,0.7512,7.096,walk
46.1965,16047,0.2674,-0.2186,0.1539,0.7512,7.085,walk
46.2,16048,0.2688,-0.2197,0.1548,0.7164,7.092,walk
46.2007,16049,0.2672,-0.2185,0.1539,0.7164,7.082,walk
46.2035,16050,0.2686,-0.2196,0.1548,0.7223,7.1,walk
46.2092,16051,0.2694,-0.2202,0.1553,0.761,7.095,walk
46.2109,16052,0.2656,-0.217,0.153,0.761,7.051,walk
46.2151,16053,0.2672,-0.2182,0.1541,0.754,7.041,walk
46.2188,16054,0.2704,-0.2208,0.1561,0.7563,7.121,walk
46.2211,16055,0.2681,-0.2189,0.1548,0.7563,7.089,walk
46.222,16056,0.2666,-0.2176,0.1539,0.7563,7.081,walk
46.2264,16057,0.2658,-0.217,0.1536,0.727,7.093,walk
46.2299,16058,0.2683,-0.219,0.1551,0.7819,7.124,walk
46.231,16059,0.2693,-0.2197,0.1558,0.7683,7.12,walk
46.2339,16060,0.2671,-0.2178,0.1545,0.7683,7.099,walk
46.2368,16061,0.269,-0.2193,0.1557,0.8075,7.158,walk
46.2416,16062,0.2693,-0.2195,0.156,0.79,7.174,walk
46.2442,16063,0.2696,-0.2197,0.1563,0.7717,7.218,walk
46.2458,16064,0.2682,-0.2185,0.1555,0.7717,7.199,walk
46.2494,16065,0.2687,-0.2188,0.1559,0.82,7.186,walk
46.2527,16066,0.2699,-0.2197,0.1567,0.7986,7.211,walk
46.2547,16067,0.2684,-0.2185,0.156,0.7986,7.206,walk
46.2583,16068,0.2712,-0.2207,0.1575,0.8309,7.25,walk
46.2602,16069,0.2683,-0.2183,0.156,0.8309,7.227,walk
46.2649,16070,0.2732,-0.2222,0.1589,0.8308,7.337,walk
46.269,16071,0.2732,-0.2221,0.159,0.8574,7.361,walk
46.2707,16072,0.2711,-0.2203,0.1579,0.8574,7.351,walk
46.2737,16073,0.2731,-0.222,0.1591,0.8275,7.397,walk
46.2759,16074,0.271,-0.2202,0.158,0.8275,7.387,walk
46.2779,16075,0.2731,-0.2219,0.1592,0.8353,7.44,walk
46.2809,16076,0.2746,-0.2231,0.16,0.8578,7.48,walk
46.2833,16077,0.2725,-0.2214,0.1589,0.8578,7.458,walk
46.2875,16078,0.2747,-0.2232,0.1601,0.8496,7.543,walk
46.2884,16079,0.2726,-0.2214,0.159,0.8496,7.521,walk
46.2914,16080,0.2756,-0.2239,0.1607,0.8855,7.53,walk
46.2944,16081,0.2765,-0.2246,0.1613,0.8868,7.547,walk
46.296,16082,0.2744,-0.2228,0.1602,0.8868,7.526,walk
46.2992,16083,0.2765,-0.2245,0.1614,0.841,7.609,walk
46.3019,16084,0.2781,-0.2258,0.1622,0.872,7.689,walk
46.3047,16085,0.2774,-0.2252,0.1619,0.872,7.683,walk
46.3087,16086,0.2781,-0.2259,0.1623,0.8611,7.727,walk
46.311,16087,0.2797,-0.2272,0.1632,0.8799,7.767,walk
46.3124,16088,0.2776,-0.2254,0.1621,0.8799,7.745,walk
46.3154,16089,0.2797,-0.2271,0.1633,0.8524,7.78,walk
46.3177,16090,0.2783,-0.2259,0.1626,0.8524,7.762,walk
46.321,16091,0.2791,-0.2265,0.1629,0.8541,7.859,walk
46.3237,16092,0.2813,-0.2284,0.1641,0.8771,7.911,walk
46.3259,16093,0.2792,-0.2266,0.163,0.8771,7.898,walk
46.3289,16094,0.2813,-0.2285,0.1641,0.8718,7.919,walk
46.3314,16095,0.282,-0.2291,0.1646,0.8586,7.978,walk
46.333,16096,0.2813,-0.2284,0.1642,0.8586,7.971,walk
46.3366,16097,0.2827,-0.2296,0.1649,0.8611,8.003,walk
46.3375,16098,0.2813,-0.2284,0.1642,0.8611,7.979,walk
46.3414,16099,0.2819,-0.229,0.1645,0.8522,7.971,walk
46.3457,16100,0.2841,-0.2308,0.1656,0.8699,7.982,walk
46.346,16101,0.2833,-0.2302,0.1652,0.8699,7.973,walk
46.3497,16102,0.2839,-0.2307,0.1655,0.8417,7.959,walk
46.3505,16103,0.2824,-0.2294,0.1647,0.8417,7.939,walk
46.3545,16104,0.2851,-0.2318,0.166,0.8367,7.958,walk
46.3585,16105,0.2848,-0.2316,0.1658,0.8298,7.902,walk
46.3596,16106,0.2833,-0.2303,0.165,0.8298,7.891,walk
46.3669,16107,0.2871,-0.2336,0.1669,0.8163,7.827,walk
46.3674,16108,0.2833,-0.2304,0.1649,0.8163,7.767,walk
46.3714,16109,0.2835,-0.2306,0.1649,0.806,7.708,walk
46.3747,16110,0.2845,-0.2316,0.1652,0.7987,7.629,walk
46.379,16111,0.2862,-0.2332,0.1661,0.8131,7.583,walk
46.3797,16112,0.2839,-0.2312,0.1648,0.8131,7.542,walk
46.383,16113,0.2846,-0.2319,0.165,0.7548,7.481,walk
46.3857,16114,0.2853,-0.2327,0.1652,0.7714,7.395,walk
46.3872,16115,0.2837,-0.2313,0.1643,0.7714,7.38,walk
46.392,16116,0.2845,-0.2321,0.1646,0.7843,7.297,walk
46.3955,16117,0.2852,-0.2328,0.1647,0.7659,7.214,walk
46.3964,16118,0.2827,-0.2307,0.1634,0.7659,7.156,walk
46.3995,16119,0.2838,-0.2318,0.1637,0.677,7.143,walk
46.4027,16120,0.2844,-0.2325,0.1639,0.758,7.02,walk
46.4047,16121,0.2819,-0.2304,0.1624,0.758,6.992,walk
46.4081,16122,0.2841,-0.2325,0.1634,0.7563,6.905,walk
46.4103,16123,0.2807,-0.2297,0.1614,0.7563,6.849,walk
46.4137,16124,0.2809,-0.2301,0.1612,0.69,6.804,walk
46.4163,16125,0.2804,-0.2299,0.1605,0.7144,6.696,walk
46.419,16126,0.2816,-0.2311,0.1609,0.7258,6.634,walk
46.4223,16127,0.2799,-0.2297,0.1599,0.7258,6.597,walk
46.4257,16128,0.2784,-0.2288,0.1585,0.719,6.507,walk
46.4293,16129,0.2777,-0.2286,0.1577,0.7201,6.439,walk
46.4324,16130,0.2787,-0.2296,0.158,0.6778,6.442,walk
46.4354,16131,0.2789,-0.2301,0.1576,0.6972,6.397,walk
46.4374,16132,0.2761,-0.2279,0.1559,0.6972,6.375,walk
46.4416,16133,0.2755,-0.2277,0.155,0.7029,6.353,walk
46.4445,16134,0.2775,-0.2296,0.1559,0.6926,6.361,walk
46.446,16135,0.2745,-0.2271,0.1541,0.6926,6.3,walk
46.4491,16136,0.2766,-0.229,0.1551,0.685,6.32,walk
46.4511,16137,0.2737,-0.2266,0.1535,0.685,6.273,walk
46.4548,16138,0.2757,-0.2285,0.1544,0.6455,6.236,walk
46.4566,16139,0.2766,-0.2293,0.1548,0.6678,6.199,walk
46.4597,16140,0.2741,-0.2271,0.1535,0.6678,6.184,walk
46.4625,16141,0.2759,-0.2287,0.1543,0.6092,6.146,walk
46.4655,16142,0.2747,-0.2278,0.1535,0.6246,6.126,walk
46.4686,16143,0.2766,-0.2294,0.1544,0.6455,6.116,walk
46.4715,16144,0.2741,-0.2274,0.1531,0.6455,6.118,walk
46.4749,16145,0.2733,-0.2268,0.1525,0.6197,6.086,walk
46.4778,16146,0.2726,-0.2262,0.1521,0.6402,6.095,walk
46.4795,16147,0.2709,-0.2248,0.1512,0.6402,6.092,walk
46.4834,16148,0.2718,-0.2256,0.1516,0.6171,6.089,walk
46.4839,16149,0.2701,-0.2241,0.1507,0.6171,6.083,walk
46.4871,16150,0.2695,-0.2236,0.1504,0.6375,6.11,walk
46.4903,16151,0.2706,-0.2246,0.151,0.6475,6.129,walk
46.4923,16152,0.2684,-0.2227,0.1498,0.6475,6.114,walk
46.4961,16153,0.268,-0.2224,0.1495,0.6213,6.111,walk
46.4994,16154,0.2692,-0.2234,0.1501,0.6482,6.133,walk
46.5006,16155,0.2676,-0.2221,0.1493,0.6482,6.126,walk
46.5026,16156,0.2687,-0.2231,0.1498,0.6185,6.141,walk
46.5047,16157,0.2671,-0.2218,0.1489,0.6185,6.118,walk
46.5081,16158,0.2674,-0.2221,0.149,0.6264,6.121,walk
46.5116,16159,0.2677,-0.2224,0.1491,0.6244,6.113,walk
46.5192,16160,0.2658,-0.2209,0.1478,0.6137,6.077,walk
46.5203,16161,0.2653,-0.2206,0.1475,0.6054,6.066,walk
46.5244,16162,0.2664,-0.2215,0.148,0.6216,6.059,walk
46.5283,16163,0.2628,-0.2186,0.1458,0.6216,6.015,walk
46.5306,16164,0.263,-0.2188,0.1459,0.5838,5.991,walk
46.5329,16165,0.2648,-0.2203,0.1469,0.6201,5.992,walk
46.5369,16166,0.2651,-0.2207,0.147,0.5962,5.975,walk
46.5396,16167,0.2646,-0.2203,0.1466,0.5666,5.959,walk
46.5425,16168,0.2617,-0.218,0.1449,0.5666,5.91,walk
46.546,16169,0.2628,-0.2189,0.1454,0.6033,5.883,walk
46.5485,16170,0.2638,-0.2197,0.146,0.5888,5.885,walk
46.5507,16171,0.261,-0.2175,0.1443,0.5888,5.854,walk
46.5539,16172,0.2619,-0.2183,0.1448,0.5733,5.824,walk
46.5581,16173,0.2622,-0.2186,0.1448,0.5831,5.785,walk
46.5592,16174,0.2601,-0.217,0.1435,0.5831,5.741,walk
46.562,16175,0.2604,-0.2172,0.1437,0.5692,5.737,walk
46.5662,16176,0.2598,-0.2168,0.1432,0.5423,5.682,walk
46.5689,16177,0.2601,-0.217,0.1433,0.5626,5.633,walk
46.5725,16178,0.2596,-0.2167,0.143,0.5601,5.58,walk
46.5751,16179,0.2589,-0.2161,0.1425,0.5601,5.568,walk
46.5791,16180,0.2577,-0.2152,0.1418,0.5601,5.47,walk
46.5822,16181,0.2572,-0.2148,0.1415,0.5544,5.413,walk
46.5842,16182,0.2559,-0.2137,0.1406,0.5544,5.373,walk
46.5871,16183,0.256,-0.2139,0.1407,0.5535,5.311,walk
46.5891,16184,0.2567,-0.2144,0.1411,0.503,5.251,walk
46.592,16185,0.2553,-0.2133,0.1403,0.503,5.21,walk
46.5944,16186,0.2561,-0.214,0.1407,0.5362,5.165,walk
46.5963,16187,0.254,-0.2123,0.1395,0.5362,5.109,walk
46.5993,16188,0.2541,-0.2123,0.1396,0.532,5.028,walk
46.6018,16189,0.2549,-0.213,0.1401,0.5275,4.932,walk
46.6046,16190,0.2528,-0.2113,0.1388,0.5275,4.89,walk
46.6083,16191,0.2528,-0.2113,0.1389,0.5355,4.78,walk
46.61,16192,0.2514,-0.2101,0.1381,0.5355,4.752,walk
46.6153,16193,0.2499,-0.2089,0.1372,0.5026,4.623,walk
46.6172,16194,0.2499,-0.2088,0.1373,0.519,4.532,walk
46.6197,16195,0.2514,-0.21,0.1383,0.5451,4.419,walk
46.6231,16196,0.252,-0.2104,0.1387,0.4872,4.326,walk
46.6273,16197,0.2512,-0.2097,0.1383,0.5142,4.223,walk
46.6307,16198,0.2488,-0.2076,0.137,0.4749,4.079,walk
46.6327,16199,0.248,-0.207,0.1366,0.4749,4.068,walk
46.6347,16200,0.2479,-0.2068,0.1366,0.507,3.968,walk
46.6367,16201,0.2464,-0.2056,0.1358,0.507,3.939,walk
46.6406,16202,0.2454,-0.2047,0.1353,0.4807,3.831,walk
46.6427,16203,0.2439,-0.2034,0.1345,0.4807,3.815,walk
46.6462,16204,0.2444,-0.2038,0.1349,0.5006,3.713,walk
46.6494,16205,0.2426,-0.2022,0.1341,0.4977,3.597,walk
46.6516,16206,0.2429,-0.2024,0.1344,0.4541,3.494,walk
46.6541,16207,0.2406,-0.2004,0.1331,0.4541,3.474,walk
46.6583,16208,0.2411,-0.2007,0.1336,0.5005,3.377,walk
46.6617,16209,0.2398,-0.1995,0.133,0.44,3.274,walk
46.6669,16210,0.2378,-0.1977,0.1321,0.4969,3.182,walk
46.6696,16211,0.2366,-0.1965,0.1317,0.4824,3.083,walk
46.6739,16212,0.2376,-0.1972,0.1324,0.441,2.894,walk
46.6777,16213,0.2355,-0.1954,0.1316,0.5116,2.829,walk
46.6796,16214,0.233,-0.1933,0.1302,0.5116,2.83,walk
46.6817,16215,0.2324,-0.1926,0.1301,0.4562,2.804,walk
46.6837,16216,0.2307,-0.1911,0.1292,0.4562,2.808,walk
46.6872,16217,0.2311,-0.1913,0.1297,0.5222,2.768,walk
46.6896,16218,0.2298,-0.19,0.1293,0.5118,2.761,walk
46.6913,16219,0.2281,-0.1885,0.1284,0.5118,2.766,walk
46.6955,16220,0.2283,-0.1885,0.1287,0.4685,2.749,walk
46.6962,16221,0.2256,-0.1862,0.1273,0.4685,2.759,walk
46.7,16222,0.224,-0.1847,0.1268,0.4805,2.7,walk
46.704,16223,0.2244,-0.1847,0.1273,0.5141,2.661,walk
46.7044,16224,0.2226,-0.1832,0.1264,0.5141,2.67,walk
46.7078,16225,0.2228,-0.1832,0.1267,0.4875,2.598,walk
46.7103,16226,0.22,-0.1809,0.1253,0.4875,2.61,walk
46.7154,16227,0.2196,-0.1799,0.126,0.5181,2.462,walk
46.719,16228,0.217,-0.1773,0.1251,0.4908,2.381,walk
46.7229,16229,0.2161,-0.1763,0.125,0.4815,2.332,walk
46.7258,16230,0.2133,-0.1738,0.1236,0.4815,2.346,walk
46.7287,16231,0.2136,-0.1737,0.1243,0.5299,2.329,walk
46.7325,16232,0.213,-0.1729,0.1243,0.5434,2.29,walk
46.7328,16233,0.2111,-0.1712,0.1234,0.5434,2.294,walk
46.7359,16234,0.2111,-0.1709,0.1239,0.4767,2.244,walk
46.7373,16235,0.2082,-0.1684,0.1225,0.4767,2.256,walk
46.7416,16236,0.2072,-0.1672,0.1224,0.521,2.223,walk
46.7455,16237,0.2079,-0.1676,0.1231,0.496,2.158,walk
46.7462,16238,0.2059,-0.1659,0.122,0.496,2.151,walk
46.7495,16239,0.2067,-0.1664,0.1227,0.5272,2.104,walk
46.7504,16240,0.2053,-0.1652,0.1219,0.5272,2.097,walk
46.7528,16241,0.2061,-0.1657,0.1226,0.5383,2.015,walk
46.7547,16242,0.2046,-0.1644,0.1217,0.5383,1.997,walk
46.7587,16243,0.2038,-0.1636,0.1214,0.5354,1.935,walk
46.7624,16244,0.2044,-0.164,0.122,0.5273,1.823,walk
46.7686,16245,0.2047,-0.1638,0.1228,0.5495,1.668,walk
46.7692,16246,0.2014,-0.1612,0.1208,0.5495,1.632,walk
46.7717,16247,0.1997,-0.1598,0.1198,0.5495,1.607,walk
46.7757,16248,0.2003,-0.1601,0.1204,0.5624,1.504,walk
46.7776,16249,0.2001,-0.1598,0.1204,0.554,1.408,walk
46.7793,16250,0.1976,-0.1578,0.1189,0.554,1.396,walk
46.7819,16251,0.1982,-0.1581,0.1196,0.5622,1.302,walk
46.7839,16252,0.1957,-0.156,0.1181,0.5622,1.294,walk
46.7869,16253,0.1971,-0.1569,0.1193,0.5566,1.218,walk
46.7902,16254,0.1972,-0.1568,0.1196,0.5832,1.115,walk
46.7918,16255,0.1949,-0.1549,0.1183,0.5832,1.11,walk
46.7958,16256,0.1948,-0.1547,0.1185,0.5366,1.006,walk
46.7983,16257,0.1948,-0.1543,0.1189,0.5603,0.925,walk
46.8001,16258,0.1924,-0.1524,0.1175,0.5603,0.929,walk
46.8041,16259,0.1932,-0.1528,0.1183,0.5798,0.836,walk
46.808,16260,0.1924,-0.1518,0.1183,0.5604,0.762,walk
46.815,16261,0.191,-0.1503,0.1178,0.5828,0.527,walk
46.8182,16262,0.1895,-0.1491,0.117,0.5828,0.537,walk
46.8191,16263,0.1895,-0.1487,0.1175,0.5613,0.498,walk
46.8212,16264,0.188,-0.1475,0.1166,0.5613,0.509,walk
46.8251,16265,0.1875,-0.1468,0.1167,0.5936,0.432,walk
46.8282,16266,0.1885,-0.1473,0.1176,0.5894,0.341,walk
46.8299,16267,0.187,-0.1461,0.1168,0.5894,0.345,walk
46.8325,16268,0.188,-0.1466,0.1177,0.5965,0.273,walk
46.8374,16269,0.1882,-0.1466,0.1181,0.573,0.146,walk
46.838,16270,0.1854,-0.1442,0.1165,0.573,0.169,walk
46.8419,16271,0.1857,-0.1442,0.1171,0.5962,0.055,walk
46.8448,16272,0.1868,-0.1448,0.1181,0.602,0.022,walk
46.8465,16273,0.1847,-0.143,0.1169,0.602,0.012,walk
46.8492,16274,0.1858,-0.1436,0.1179,0.6214,0.102,walk
46.8513,16275,0.1838,-0.1419,0.1167,0.6214,0.088,walk
46.8545,16276,0.1857,-0.1432,0.1182,0.6288,0.197,walk
46.8578,16277,0.1854,-0.1426,0.1184,0.5982,0.328,walk
46.8601,16278,0.1833,-0.1409,0.1172,0.5982,0.319,walk
46.8627,16279,0.1844,-0.1415,0.1182,0.5975,0.428,walk
46.8659,16280,0.1842,-0.141,0.1185,0.6195,0.519,walk
46.8694,16281,0.1842,-0.1407,0.1189,0.638,0.619,walk
46.8727,16282,0.1855,-0.1414,0.1201,0.657,0.717,walk
46.8749,16283,0.1835,-0.1397,0.1189,0.657,0.708,walk
46.8793,16284,0.184,-0.1398,0.1196,0.6036,0.835,walk
46.8796,16285,0.1826,-0.1387,0.1188,0.6036,0.831,walk
46.8825,16286,0.1846,-0.14,0.1203,0.6452,0.965,walk
46.8851,16287,0.1846,-0.1397,0.1208,0.6497,1.05,walk
46.8876,16288,0.1826,-0.138,0.1196,0.6497,1.033,walk
46.8911,16289,0.184,-0.1388,0.1208,0.6612,1.141,walk
46.8932,16290,0.1813,-0.1366,0.1192,0.6612,1.119,walk
46.8952,16291,0.18,-0.1355,0.1185,0.6612,1.114,walk
46.8973,16292,0.1787,-0.1344,0.1177,0.6612,1.101,walk
46.8993,16293,0.1773,-0.1333,0.1169,0.6612,1.096,walk
46.9014,16294,0.176,-0.1323,0.1161,0.6612,1.083,walk
46.9035,16295,0.1747,-0.1312,0.1153,0.6612,1.078,walk
46.9056,16296,0.1733,-0.1301,0.1145,0.6612,1.07,walk
46.9076,16297,0.172,-0.129,0.1137,0.6612,1.056,walk
46.9096,16298,0.1706,-0.1279,0.1129,0.6612,1.052,walk
46.9117,16299,0.1693,-0.1268,0.1122,0.6612,1.039,walk
46.9138,16300,0.168,-0.1257,0.1114,0.6612,1.03,walk
46.9158,16301,0.1666,-0.1246,0.1105,0.6612,1.026,walk
46.9178,16302,0.1653,-0.1236,0.1097,0.6612,1.013,walk
46.9199,16303,0.1632,-0.1219,0.1085,0.6612,1.004,walk
46.9219,16304,0.1619,-0.1209,0.1077,0.6612,0.996,walk
46.924,16305,0.1605,-0.1198,0.1069,0.6612,0.983,walk
46.9262,16306,0.1592,-0.1187,0.1061,0.6612,0.979,walk
46.9282,16307,0.1578,-0.1176,0.1052,0.6612,0.967,walk
46.9302,16308,0.1565,-0.1165,0.1044,0.6612,0.959,walk
46.9322,16309,0.1551,-0.1155,0.1036,0.6612,0.955,walk
46.9344,16310,0.1537,-0.1144,0.1027,0.6612,0.944,walk
46.9364,16311,0.1524,-0.1133,0.1019,0.6612,0.937,walk
46.9384,16312,0.151,-0.1122,0.101,0.6612,0.934,walk
46.9404,16313,0.1496,-0.1111,0.1002,0.6612,0.924,walk
46.9426,16314,0.1482,-0.11,0.0993,0.6612,0.918,walk
46.9447,16315,0.1468,-0.1089,0.0984,0.6612,0.915,walk
46.9466,16316,0.1454,-0.1078,0.0976,0.6612,0.906,walk
46.9488,16317,0.144,-0.1067,0.0967,0.6612,0.904,walk
46.9507,16318,0.1426,-0.1057,0.0958,0.6612,0.899,walk
46.9529,16319,0.1412,-0.1046,0.0949,0.6612,0.892,walk
46.955,16320,0.1398,-0.1035,0.094,0.6612,0.89,walk
46.957,16321,0.1384,-0.1024,0.0932,0.6612,0.885,walk
46.959,16322,0.137,-0.1012,0.0922,0.6612,0.883,walk
46.961,16323,0.1348,-0.0996,0.0909,0.6612,0.877,walk
46.9631,16324,0.1334,-0.0985,0.09,0.6612,0.876,walk
46.9651,16325,0.1319,-0.0974,0.089,0.6612,0.874,walk
46.9672,16326,0.1305,-0.0963,0.0881,0.6612,0.871,walk
46.9692,16327,0.129,-0.0951,0.0872,0.6612,0.87,walk
46.9712,16328,0.1276,-0.094,0.0862,0.6612,0.868,walk
46.9733,16329,0.1261,-0.0929,0.0853,0.6612,0.867,walk
46.9754,16330,0.1246,-0.0918,0.0843,0.6612,0.867,walk
46.9776,16331,0.1231,-0.0906,0.0833,0.6612,0.866,walk
46.9795,16332,0.1216,-0.0895,0.0823,0.6612,0.865,walk
46.9815,16333,0.1201,-0.0884,0.0813,0.6612,0.865,walk
46.9836,16334,0.1186,-0.0873,0.0803,0.6612,0.865,walk
46.9857,16335,0.1171,-0.0861,0.0793,0.6612,0.865,walk
46.9877,16336,0.1156,-0.085,0.0783,0.6612,0.865,walk
46.9897,16337,0.114,-0.0839,0.0772,0.6612,0.866,walk
46.9919,16338,0.1125,-0.0828,0.0762,0.6612,0.866,walk
46.9939,16339,0.1109,-0.0816,0.0751,0.6612,0.867,walk
46.9961,16340,0.1094,-0.0805,0.0741,0.6612,0.868,walk
46.998,16341,0.107,-0.0788,0.0724,0.6612,0.868,walk
47.0001,16342,0.1055,-0.0777,0.0713,0.6612,0.869,walk
47.0022,16343,0.1039,-0.0765,0.0702,0.6612,0.87,walk
47.0045,16344,0.1023,-0.0754,0.0691,0.6612,0.871,walk
47.0063,16345,0.1007,-0.0743,0.068,0.6612,0.871,walk
47.0084,16346,0.0991,-0.0732,0.0668,0.6612,0.872,walk
47.0105,16347,0.0975,-0.072,0.0656,0.6612,0.873,walk
47.0124,16348,0.0958,-0.0709,0.0645,0.6612,0.873,walk
47.0146,16349,0.0942,-0.0698,0.0633,0.6612,0.873,walk
47.0165,16350,0.0926,-0.0687,0.0621,0.6612,0.874,walk
47.0186,16351,0.0909,-0.0676,0.0609,0.6612,0.874,walk
47.0207,16352,0.0893,-0.0664,0.0597,0.6612,0.874,walk
47.0227,16353,0.0876,-0.0653,0.0584,0.6612,0.875,walk
47.0248,16354,0.086,-0.0642,0.0572,0.6612,0.875,walk
47.027,16355,0.0843,-0.0631,0.0559,0.6612,0.875,walk
47.0289,16356,0.0827,-0.062,0.0546,0.6612,0.876,walk
47.031,16357,0.0801,-0.0604,0.0527,0.6612,0.877,walk
47.033,16358,0.0785,-0.0593,0.0514,0.6612,0.877,walk
47.0351,16359,0.0768,-0.0582,0.0501,0.6612,0.878,walk
47.0371,16360,0.0751,-0.0571,0.0488,0.6612,0.88,walk
47.0391,16361,0.0735,-0.056,0.0475,0.6612,0.883,walk
47.0413,16362,0.072,-0.055,0.0463,0.6612,0.885,walk
47.0433,16363,0.0705,-0.0541,0.0452,0.6612,0.891,walk
47.0453,16364,0.0691,-0.0532,0.0442,0.6612,0.894,walk
47.0474,16365,0.0677,-0.0522,0.0431,0.6612,0.9,walk
47.0495,16366,0.0665,-0.0514,0.0422,0.6612,0.901,walk
47.0515,16367,0.0655,-0.0507,0.0415,0.6612,0.9,walk
47.0536,16368,0.0645,-0.0499,0.0408,0.6612,0.894,walk
47.0557,16369,0.0635,-0.0492,0.0401,0.6612,0.885,walk
47.0577,16370,0.0624,-0.0485,0.0394,0.6612,0.879,walk
47.0597,16371,0.0613,-0.0477,0.0386,0.6612,0.859,walk
47.0618,16372,0.0602,-0.0468,0.0377,0.6612,0.852,walk
47.064,16373,0.0583,-0.0455,0.0364,0.6612,0.822,walk
47.0659,16374,0.057,-0.0446,0.0355,0.6612,0.815,walk
47.068,16375,0.0556,-0.0436,0.0345,0.6612,0.793,walk
47.07,16376,0.0542,-0.0426,0.0336,0.6612,0.785,walk
47.0722,16377,0.0528,-0.0416,0.0326,0.6612,0.765,walk
47.0742,16378,0.0514,-0.0406,0.0316,0.6612,0.759,walk
47.0762,16379,0.05,-0.0396,0.0306,0.6612,0.741,walk
47.0783,16380,0.0486,-0.0386,0.0296,0.6612,0.731,walk
47.0803,16381,0.0473,-0.0376,0.0286,0.6612,0.726,walk
47.0824,16382,0.0459,-0.0366,0.0276,0.6612,0.712,walk
47.0844,16383,0.0445,-0.0357,0.0267,0.6612,0.708,walk
47.0866,16384,0.0432,-0.0347,0.0257,0.6612,0.699,walk
47.0885,16385,0.042,-0.0338,0.0249,0.6612,0.697,walk
47.0906,16386,0.0408,-0.033,0.024,0.6612,0.694,walk
47.0928,16387,0.0395,-0.0321,0.0231,0.6612,0.693,walk
47.0947,16388,0.0383,-0.0312,0.0222,0.6612,0.692,walk
47.0969,16389,0.0371,-0.0303,0.0213,0.6612,0.693,walk
47.0988,16390,0.0352,-0.029,0.02,0.6612,0.694,walk
47.101,16391,0.034,-0.0281,0.0191,0.6612,0.695,walk
47.1031,16392,0.0334,-0.0277,0.0186,0.6612,0.695,walk
47.1055,16393,0.0315,-0.0264,0.0173,0.6612,0.697,walk
47.1073,16394,0.0304,-0.0255,0.0164,0.6612,0.699,walk
47.1093,16395,0.0292,-0.0247,0.0156,0.6612,0.701,walk
47.1114,16396,0.028,-0.0238,0.0147,0.6612,0.702,walk
47.1134,16397,0.0269,-0.023,0.0139,0.6612,0.704,walk
47.1156,16398,0.0257,-0.0222,0.0131,0.6612,0.705,walk
47.1176,16399,0.0246,-0.0214,0.0123,0.6612,0.706,walk
47.1196,16400,0.0235,-0.0205,0.0114,0.6612,0.708,walk
47.1217,16401,0.0224,-0.0197,0.0107,0.6612,0.709,walk
47.1238,16402,0.0214,-0.0189,0.0099,0.6612,0.712,walk
47.1258,16403,0.0203,-0.0181,0.0091,0.6612,0.713,walk
47.1279,16404,0.0187,-0.0169,0.008,0.6612,0.716,walk
47.13,16405,0.0182,-0.0166,0.0076,0.6612,0.717,walk
47.132,16406,0.0167,-0.0154,0.0065,0.6612,0.719,walk
47.1341,16407,0.0157,-0.0146,0.0058,0.6612,0.721,walk
47.1361,16408,0.0147,-0.0138,0.0051,0.6612,0.722,walk
47.1382,16409,0.0138,-0.0131,0.0044,0.6612,0.725,walk
47.1402,16410,0.0128,-0.0123,0.0037,0.6612,0.727,walk
47.1424,16411,0.0119,-0.0115,0.003,0.6612,0.729,walk
47.1444,16412,0.011,-0.0108,0.0024,0.6612,0.732,walk
47.1465,16413,0.0102,-0.01,0.0017,0.6612,0.734,walk
47.1485,16414,0.0093,-0.0093,0.0011,0.6612,0.738,walk
47.1505,16415,0.0085,-0.0085,0.0004,0.6612,0.741,walk
47.1526,16416,0.0078,-0.0078,-0.0002,0.6612,0.742,walk
47.1547,16417,0.0071,-0.0071,-0.0008,0.6612,0.747,walk
47.1567,16418,0.0065,-0.0063,-0.0014,0.6612,0.749,walk
47.1587,16419,0.0059,-0.0056,-0.002,0.6612,0.752,walk
47.1609,16420,0.0055,-0.0049,-0.0026,0.6612,0.758,walk
47.1629,16421,0.0052,-0.0041,-0.0032,0.6612,0.76,walk
47.1649,16422,0.0051,-0.003,-0.0041,0.6612,0.768,walk
47.167,16423,0.0052,-0.0023,-0.0046,0.6612,0.773,walk
47.169,16424,0.0054,-0.0016,-0.0052,0.6612,0.775,walk
47.171,16425,0.0058,-0.0009,-0.0058,0.6612,0.782,walk
47.1732,16426,0.0063,-0.0002,-0.0063,0.6612,0.784,walk
47.1752,16427,0.0068,0.0006,-0.0068,0.6612,0.792,walk
47.1772,16428,0.0075,0.0013,-0.0074,0.6612,0.797,walk
47.1794,16429,0.0081,0.002,-0.0079,0.6612,0.799,walk
47.1813,16430,0.0088,0.0027,-0.0084,0.6612,0.807,walk
47.1834,16431,0.0095,0.0034,-0.0089,0.6612,0.809,walk
47.1855,16432,0.0102,0.0041,-0.0094,0.6612,0.815,walk
47.1876,16433,0.011,0.0048,-0.0099,0.6612,0.823,walk
47.1896,16434,0.0117,0.0056,-0.0103,0.6612,0.826,walk
47.1916,16435,0.0125,0.0063,-0.0108,0.6612,0.835,walk
47.1937,16436,0.0133,0.007,-0.0113,0.6612,0.841,walk
47.1959,16437,0.014,0.0077,-0.0117,0.6612,0.845,walk
47.1978,16438,0.0148,0.0084,-0.0122,0.6612,0.855,walk
47.1998,16439,0.016,0.0095,-0.0129,0.6612,0.862,walk
47.2021,16440,0.0164,0.0098,-0.0131,0.6612,0.865,walk
47.2041,16441,0.0175,0.0109,-0.0137,0.6612,0.876,walk
47.2061,16442,0.0183,0.0116,-0.0141,0.6612,0.883,walk
47.2081,16443,0.0191,0.0123,-0.0146,0.6612,0.895,walk
47.2102,16444,0.0198,0.013,-0.015,0.6612,0.898,walk
47.2122,16445,0.0206,0.0138,-0.0154,0.6612,0.906,walk
47.2144,16446,0.0214,0.0145,-0.0158,0.6612,0.918,walk
47.2164,16447,0.0222,0.0152,-0.0161,0.6612,0.922,walk
47.2184,16448,0.0229,0.0159,-0.0165,0.6612,0.934,walk
47.2205,16449,0.0237,0.0167,-0.0169,0.6612,0.942,walk
47.2225,16450,0.0245,0.0174,-0.0173,0.6612,0.946,walk
47.2246,16451,0.0253,0.0181,-0.0176,0.6612,0.958,walk
47.2267,16452,0.0261,0.0189,-0.018,0.6612,0.962,walk
47.2287,16453,0.0268,0.0196,-0.0183,0.6612,0.973,walk
47.2308,16454,0.0276,0.0204,-0.0187,0.6612,0.981,walk
47.2328,16455,0.0284,0.0211,-0.019,0.6612,0.985,walk
47.2348,16456,0.0296,0.0222,-0.0195,0.6612,0.999,walk
47.2369,16457,0.0303,0.023,-0.0198,0.6612,1.003,walk
47.239,16458,0.0311,0.0237,-0.0201,0.6612,1.013,walk
47.241,16459,0.0319,0.0245,-0.0204,0.6612,1.017,walk
47.2431,16460,0.0327,0.0253,-0.0207,0.6612,1.026,walk
47.2451,16461,0.0335,0.0261,-0.021,0.6612,1.032,walk
47.2472,16462,0.0342,0.0268,-0.0213,0.6612,1.034,walk
47.2492,16463,0.035,0.0276,-0.0216,0.6612,1.042,walk
47.2513,16464,0.0358,0.0284,-0.0218,0.6612,1.044,walk
47.2537,16465,0.0366,0.0292,-0.0221,0.6612,1.049,walk
47.2557,16466,0.0374,0.03,-0.0224,0.6612,1.053,walk
47.2576,16467,0.0382,0.0308,-0.0226,0.6612,1.058,walk
47.2596,16468,0.039,0.0316,-0.0229,0.6612,1.059,walk
47.2618,16469,0.0398,0.0324,-0.0231,0.6612,1.063,walk
47.2637,16470,0.0406,0.0332,-0.0233,0.6612,1.065,walk
47.2658,16471,0.0414,0.034,-0.0236,0.6612,1.066,walk
47.2679,16472,0.0426,0.0353,-0.0239,0.6612,1.068,walk
47.2699,16473,0.0434,0.0361,-0.0241,0.6612,1.068,walk
47.2719,16474,0.0442,0.037,-0.0243,0.6612,1.068,walk
47.274,16475,0.0451,0.0378,-0.0245,0.6612,1.068,walk
47.2762,16476,0.0459,0.0387,-0.0247,0.6612,1.067,walk
47.2782,16477,0.0467,0.0395,-0.0249,0.6612,1.066,walk
47.2802,16478,0.0475,0.0404,-0.0251,0.6612,1.065,walk
47.2822,16479,0.0484,0.0412,-0.0253,0.6612,1.063,walk
47.2843,16480,0.0492,0.0421,-0.0255,0.6612,1.062,walk
47.2864,16481,0.0501,0.043,-0.0256,0.6612,1.058,walk
47.2884,16482,0.0509,0.0439,-0.0258,0.6612,1.056,walk
47.2906,16483,0.0518,0.0448,-0.0259,0.6612,1.054,walk
47.2925,16484,0.0526,0.0457,-0.0261,0.6612,1.05,walk
47.2946,16485,0.0535,0.0466,-0.0262,0.6612,1.049,walk
47.2968,16486,0.0544,0.0475,-0.0264,0.6612,1.045,walk
47.2987,16487,0.0552,0.0485,-0.0265,0.6612,1.042,walk
47.3008,16488,0.0561,0.0494,-0.0266,0.6612,1.041,walk
47.3029,16489,0.057,0.0503,-0.0267,0.6612,1.037,walk
47.305,16490,0.0579,0.0513,-0.0269,0.6612,1.036,walk
47.307,16491,0.0592,0.0527,-0.027,0.6612,1.031,walk
47.3091,16492,0.0601,0.0537,-0.0272,0.6612,1.03,walk
47.3111,16493,0.061,0.0546,-0.0273,0.6612,1.028,walk
47.3131,16494,0.062,0.0556,-0.0274,0.6612,1.024,walk
47.3152,16495,0.0629,0.0566,-0.0275,0.6612,1.023,walk
47.3173,16496,0.0638,0.0575,-0.0276,0.6612,1.021,walk
47.3194,16497,0.0648,0.0585,-0.0277,0.6612,1.018,walk
47.3213,16498,0.0657,0.0595,-0.0278,0.6612,1.017,walk
47.3234,16499,0.0667,0.0605,-0.028,0.6612,1.013,walk
47.3256,16500,0.0676,0.0615,-0.0281,0.6612,1.011,walk
47.3275,16501,0.0686,0.0625,-0.0282,0.6612,1.01,walk
47.3295,16502,0.0696,0.0635,-0.0283,0.6612,1.007,walk
47.3317,16503,0.0706,0.0646,-0.0284,0.6612,1.006,walk
47.3337,16504,0.0716,0.0656,-0.0286,0.6612,1.003,walk
47.3357,16505,0.0726,0.0666,-0.0287,0.6612,0.998,walk
47.3378,16506,0.0736,0.0677,-0.0288,0.6612,0.995,walk
47.3399,16507,0.0748,0.0689,-0.029,0.6612,0.982,walk
47.3419,16508,0.0755,0.0697,-0.0291,0.6612,0.967,walk
47.344,16509,0.0761,0.0702,-0.0293,0.6612,0.962,walk
47.346,16510,0.0766,0.0707,-0.0294,0.6612,0.955,walk
47.3481,16511,0.077,0.0711,-0.0297,0.6612,0.955,walk
47.3501,16512,0.0774,0.0714,-0.0299,0.6612,0.963,walk
47.3522,16513,0.0779,0.0718,-0.0302,0.6612,0.967,walk
47.3545,16514,0.0784,0.0722,-0.0305,0.6612,0.985,walk
47.3564,16515,0.0789,0.0727,-0.0308,0.6612,0.992,walk
47.3584,16516,0.0795,0.0731,-0.031,0.6612,1.015,walk
47.3606,16517,0.08,0.0737,-0.0313,0.6612,1.023,walk
47.3626,16518,0.0806,0.0742,-0.0316,0.6612,1.047,walk
47.3645,16519,0.0813,0.0747,-0.0319,0.6612,1.056,walk
47.3666,16520,0.0819,0.0753,-0.0322,0.6612,1.079,walk
47.3688,16521,0.0825,0.0758,-0.0325,0.6612,1.095,walk
47.3707,16522,0.0832,0.0764,-0.0328,0.6612,1.102,walk
47.3728,16523,0.0838,0.0769,-0.0332,0.6612,1.115,walk
47.3749,16524,0.0844,0.0775,-0.0335,0.6612,1.128,walk
47.377,16525,0.0853,0.0782,-0.0341,0.6612,1.153,walk
47.379,16526,0.0859,0.0787,-0.0344,0.6612,1.159,walk
47.381,16527,0.0865,0.0792,-0.0348,0.6612,1.175,walk
47.3832,16528,0.0871,0.0797,-0.0351,0.6612,1.181,walk
47.3851,16529,0.0877,0.0802,-0.0355,0.6612,1.194,walk
47.3872,16530,0.0883,0.0807,-0.0359,0.6612,1.199,walk
